type,name
image,#hash_1b1a530a66113
image,#hash_9c5333d12ff47
image,#hash_9fe3918d24562
image,d#loot03_ui_icon_outfit_global_warpaint_hearts_scarlett
image,d#hash_e67db93d6c8d8
image,d#loot03_ui_icon_outfit_benjamins_legendary1_torque_outfit_bundle
image,d#loot02_ui_icon_outfit_global_warpaint_bleeding_recon
image,d#hash_1d6d0329abc40e
image,#loot_ui_icon_jumppacks_wingsuit_heist_large
image,d#uie_ui_menu_cac_text_bg01
image,d#hash_3d652e005c2eb9
image,d#ui_icon_gamemode_hardpoint_large
image,d#hash_414d1d479d679b
image,d#ui_icon_2xp_warzone
image,d#loot04_ui_icon_outfit_water_legendary1_recon
image,d#loot02_ui_icon_outfit_holidays_extra_warpaint_dragon_dempsey
image,d#loot04_ui_icon_outfit_global_warpaint_s4_creature_zero
image,#uie_ui_menu_aar_common_numbers_text
image,d#hash_75fd49fb7e5240
image,d#hash_769180e69351ee
image,#hash_7bb7d00a5ae8fb
image,d#hash_7d0b48cbd2440e
image,d#loot04_ui_icon_outfit_summer_legendary1_torque
image,#loot_ui_icon_jumppacks_wingsuit_twitch_2_large
image,#loot_ui_icon_jumppacks_wingsuit_ghost_in_machine_large
image,d#hash_aa60297921ab36
image,d#hash_aaae992bacc48c
image,#loot_ui_icon_jumppacks_wingsuit_valentine
image,d#loot03_ui_icon_outfit_global_warpaint_sunglasses_scarlett
image,#loot_ui_icon_jumppacks_parachute_heist_large
image,d#hash_c827ad209c194f
image,d#loot_ui_icon_outfit_halloween_extra_warpaint_punkinhead_takeo
image,d#loot02_ui_icon_outfit_holidays_extra_warpaint_krampus_bruno_ix
image,#ui_icon_crm_featured_heist_v2
image,d#hash_ec71e5deb18e80
image,d#ui_menu_store_product_b04_absolute_zero_large
image,#loot_ui_icon_jumppacks_trail_celestial
image,#hash_f06f797f30e48b
image,#hash_f4846012c38865
image,d#loot_ui_icon_outfit_halloween_extra_warpaint_punkinhead_stanton
image,#hash_108273ff089838d
image,#loot04_ui_icon_blackmarket_reserves_death_fx_black_hole
image,d#hash_10f3e4751cb592b
image,d#loot02_ui_icon_outfit_global_warpaint_bleeding_bruno_ix
image,d#hash_1168adb3ec2c2c4
image,d#loot_ui_icon_outfit_halloween_extra_warpaint_alien_ruin
image,#uie_ui_menu_common_diamond
image,#loot_ui_icon_jumppacks_parachute_chinese
image,d#loot_04_ui_icon_blackmarket_stream_spectre
image,d#hash_14811ec6b90a0e1
image,d#hash_165a8658892f077
image,d#hash_1706367d04ea49f
image,#ui_icon_equipment_zm_minigun_lvl3
image,#ui_icon_equipment_zm_minigun_lvl2
image,#ui_icon_equipment_zm_minigun_lvl1
image,#loot_ui_icon_jumppacks_trail_kraken_large
image,d#loot03_ui_icon_blackmarket_item_shop_wingsuit_benjamins
image,d#loot04_ui_icon_outfit_topography_rare1_ruin_outfit_bundle
image,d#hash_18e554a37a5f5fa
image,d#loot05_ui_icon_outfit_spectrum_rare1_crash_outfit_bundle
image,d#loot_ui_icon_outfit_halloween_extra_warpaint_demon_crash
image,d#hash_19c38b22450f0b9
image,d#hash_19ed0bc985d3326
image,d#loot03_ui_icon_outfit_global_warpaint_sunglasses_ruin
image,#uie_ui_menu_aar_common_thin_cross
image,d#loot_04_ui_icon_blackmarket_reserves_david_mason
image,d#loot02_ui_icon_outfit_global_warpaint_rorschach_richtofen
image,d#hash_1b4cf787de2a597
image,#img_t8_menu_mp_preview_offshore
image,d#hash_1e0b070fe4ce399
image,d#hash_1e8d672486e400d
image,d#loot04_ui_icon_outfit_global_warpaint_s4_creature_recon
image,d#loot04_ui_icon_outfit_topography_rare2_prophet
image,d#hash_1f3c226631fccf9
image,#ui_icon_equpiment_zm_chakram_lv1
image,#ui_icon_equpiment_zm_chakram_lv3
image,#ui_icon_equpiment_zm_chakram_lv2
image,#loot_ui_icon_jumppacks_trail_wraith
image,#hash_200dfb498dd9b4e
image,#hash_2025c5532e63122
image,d#hash_20554d9231640d9
image,d#uie_ui_menu_contracts_ring_glow
image,#hash_20d56efc6a3230e
image,d#loot02_ui_icon_outfit_global_warpaint_maori_stanton_ix
image,d#hash_21631a211aa8b66
image,d#ui_icon_rank_mp_level01_large
image,d#loot02_ui_icon_outfit_global_warpaint_bleeding_battery
image,#uie_ui_zm_laboratory_promo_nebulium_50_percent
image,#hash_230b5a2c43542c2
image,#hash_23255bd54ecfbbc
image,d#loot02_ui_icon_outfit_global_warpaint_boogie_man_battery
image,d#ui_icon_blackmarket_reserves_crate_large
image,d#loot03_ui_icon_outfit_global_warpaint_robber_prophet
image,d#hash_262236169d4f81b
image,d#loot04_ui_icon_outfit_global_warpaint_s4_sun_crash
image,#loot_06_ui_icon_blackmarket_reserves_jumppack_fire
image,d#hash_274faed5c277ed3
image,d#loot_ui_icon_outfit_dotd_base_pal_exo2_crash
image,#uie_ui_menu_social_emblem_corner
image,d#hash_278cc90633b5c3a
image,d#hash_28174f326220a36
image,d#hash_28acb35af753260
image,d#hash_29caf6b8468f026
image,d#hash_2a99b25b1d03159
image,d#loot04_ui_icon_outfit_global_warpaint_s4_crackedmask_scarlett_ix
image,d#hash_2bec51d410bd0e3
image,d#loot05_ui_icon_outfit_spectrum_rare1_torque
image,d#loot03_ui_icon_outfit_global_warpaint_hearts_prophet
image,d#loot02_ui_icon_outfit_holidays_extra_warpaint_snowman_nikolai
image,#loot_ui_icon_jumppacks_parachute_twitch_1
image,#loot_ui_icon_jumppacks_parachute_twitch_2
image,#loot_ui_icon_jumppacks_parachute_twitch_4
image,d#loot02_ui_icon_outfit_global_warpaint_flaming_skull_stanton_ix
image,d#ui_icon_weapon_hud_hero_annihilator
image,#img_t8_menu_mp_preview_zombie_museum
image,d#hash_2dc7ba8368a2e69
image,#hash_2e506214b4fdf3c
image,#hash_2fbda94183eb612
image,d#hash_3058bdf58657813
image,#uie_ui_menu_overlays_anim_fui
image,#hash_32f868891484b77
image,d#loot05_ui_icon_outfit_global_warpaint_s5_hazard_torque
image,#loot_ui_icon_jumppacks_trail_neon_kitty
image,d#loot03_ui_icon_outfit_panther_rare2_recon_outfit_bundle
image,d#hash_36aff2d0357f665
image,d#hash_36df1475f14ed6c
image,#loot_ui_icon_jumppacks_wingsuit_diner_large
image,d#loot03_ui_icon_outfit_benjamins_legendary1_ruin
image,d#hash_38a60d1efaf8563
image,d#loot02_ui_icon_outfit_numbers_firebreak
image,d#hash_38e201c0767be89
image,#hash_3965e33060d4686
image,#loot04_ui_icon_blackmarket_reserves_death_fx_confetti
image,d#loot03_ui_icon_outfit_panther_rare1_firebreak
image,d#ui_menu_store_product_b04_kronos_preorder_oe_large
image,d#ui_icon_specialist_portrait_draft_firebreak
image,d#hash_3a4b265e8a839eb
image,d#hash_3b1eee43ccc95fb
image,d#hash_3b69895797e72d1
image,#hash_3bcbbc8226622a5
image,d#loot04_ui_icon_outfit_warrior_epic1_wetworks_spectre_warpaint
image,d#hash_3c4aa543680c9f1
image,d#hash_3c5119aca82db4c
image,d#hash_3c7cc441ab300d1
image,#hash_3c8d2dbd72ebf38
image,#hash_3d566faa6434dc5
image,d#hash_3d719092fb405ab
image,#hash_3e7760566946173
image,#loot_ui_icon_jumppacks_parachute_fire_and_fury_large
image,d#hash_3f4df3b13c00585
image,d#hash_3fe8cccddbdff67
image,#hash_40a8c5e638f359a
image,#loot_ui_icon_jumppacks_wingsuit_twitch_4
image,#loot_ui_icon_jumppacks_wingsuit_twitch_1
image,#loot_ui_icon_jumppacks_wingsuit_twitch_2
image,d#loot04_ui_icon_outfit_global_warpaint_s4_crackedmask_crash
image,d#hash_41ea81a3d87d3bd
image,#uie_ui_icon_mp_league_07_04_large
image,#hash_42c6a5d3e653e02
image,d#hash_42eba27f72d9a39
image,d#hash_430ee9b744ebb12
image,#ui_icon_equipment_semtex
image,d#loot03_ui_icon_outfit_global_warpaint_tattoo_diego_ix
image,d#loot04_ui_icon_outfit_global_warpaint_s4_sun_zero
image,d#loot02_ui_icon_outfit_global_warpaint_facepalm_bruno_ix
image,#loot03_ui_icon_blackmarket_item_shop_wingsuit_preview_merica
image,d#hash_44b9bd56d62dfb4
image,d#loot_ui_icon_outfit_halloween_extra_warpaint_scarecrow_prophet
image,d#loot02_ui_icon_outfit_holidays_extra_warpaint_nutcracker_stanton_ix
image,d#loot02_ui_icon_outfit_global_warpaint_flaming_skull_takeo
image,d#hash_4680e056091539a
image,d#uie_ui_menu_common_button_bracket
image,d#hash_4756b8d37b852b9
image,#loot_ui_icon_jumppacks_wingsuit_sparrow
image,#hash_483fed180b02c19
image,d#loot_ui_icon_outfit_halloween_extra_warpaint_alien_bruno_ix
image,d#hash_48ca0e82761ec74
image,#ui_icon_equipment_zm_gravityspikes_lv3
image,d#hash_4a419ab8005ef53
image,#uie_ui_menu_aar_common_open_frame
image,d#hash_4b2513c5dd21200
image,d#uie_ui_menu_store_repeat_dot_pattern
image,d#hash_4b81b13abaaadf1
image,d#uie_ui_menu_cac_allocation_pip_empty
image,d#hash_4c15b96458cb101
image,#ui_icon_weapon_charms_goldentoilet
image,d#hash_4ca64aaca50e3e7
image,#hash_4cbf809785677fe
image,#hash_4d375378b954b47
image,#loot_ui_icon_jumppacks_parachute_valentine_large
image,d#loot04_ui_icon_outfit_topography_rare2_seraph_outfit_bundle
image,#uie_ui_menu_inspection_level_meter_bar
image,d#loot05_ui_icon_outfit_global_warpaint_s5_hazard_stanton_ix
image,d#loot02_ui_icon_outfit_global_warpaint_bleeding_takeo
image,d#hash_504fc0f087663b5
image,d#hash_508e5123ea99e41
image,d#hash_50ff371c7255c40
image,#hash_529ba544c4e19db
image,d#hash_52bbad25265b799
image,d#hash_535e58a88e50583
image,d#hash_54443166c5980d8
image,d#loot02_ui_icon_outfit_global_warpaint_flaming_skull_scarlett
image,#hash_551be356a5786c1
image,d#hash_55a33b63143c809
image,d#hash_55c62bb56a87210
image,d#hash_55e5d1af9b331ff
image,#ui_icon_weapon_charms_cartoon_bomb
image,#ui_icon_gamemode_capturetheflag
image,#hash_57bd9dcf7812ec3
image,d#hash_57be83f9a06ed7a
image,#ui_icon_weapon_charms_basketballhoop
image,d#hash_58ae4f6b930760f
image,#ui_icon_weapon_charms_duck_seraph
image,#hash_5a79132ad1befd0
image,#ui_icon_blackmarket_lockskull_128
image,d#hash_5bdbf571a12bac3
image,d#hash_5ce6b539a32f714
image,#loot_ui_icon_jumppacks_parachute_sparrow
image,d#hash_5e19b1081ff72e1
image,d#hash_5e745925ef46fe8
image,d#hash_5eb303b1bbc2e3d
image,d#hash_5eb418802223e87
image,d#hash_5ef25a600c24abc
image,#uie_ui_hud_wz_endgame_frame_short
image,#hash_60864d03ee636de
image,#ui_icon_gamemode_hardpoint
image,#uie_ui_hud_tak5_player_layout_bracket
image,d#loot02_ui_icon_outfit_holidays_extra_warpaint_candy_cane_firebreak
image,d#hash_61f4a521d2954b6
image,d#hash_62194873ff79dd4
image,d#loot02_ui_icon_outfit_holidays_extra_warpaint_snowman_nomad
image,d#hash_622c55a74288b20
image,#hash_630489d9cba3fa2
image,#ui_icon_blackmarket_promos_ar_accurate_active_stream
image,#ui_menu_ftue_zm_public
image,d#loot03_ui_icon_outfit_warrior_epic2_cop_crash
image,#hash_651814bdafaa7c3
image,d#loot02_ui_icon_outfit_holidays_extra_warpaint_reindeer_bruno_ix
image,#ui_icon_blackmarket_promos_shamrock_and_awe
image,#hash_65fb66fe8d39135
image,d#loot_ui_icon_outfit_halloween_extra_warpaint_cthulhu_recon
image,#hash_669f92c48467b1e
image,#uie_ui_menu_inspection_connected_text
image,#hash_68318160ffe76e6
image,d#loot_ui_icon_outfit_halloween_extra_warpaint_grimreaper_bruno
image,d#hash_68826c657b9a4f1
image,#uie_ui_menu_aar_common_vline
image,#img_t8_menu_mp_preview_offshore_alt
image,d#loot03_ui_icon_outfit_panther_rare2_zero
image,d#loot02_ui_icon_outfit_global_warpaint_bleeding_zero
image,d#loot02_ui_icon_outfit_global_warpaint_fern_ajax
image,#hash_6aa0a70f33d3978
image,d#loot02_ui_icon_outfit_holidays_extra_warpaint_reindeer_takeo
image,#uie_ui_menu_store_bg_plus
image,d#loot03_ui_icon_outfit_global_warpaint_robber_seraph
image,d#hash_6cd8283c8ccb421
image,d#loot02_ui_icon_outfit_global_warpaint_boogie_man_ruin
image,d#loot_ui_icon_outfit_halloween_extra_warpaint_grim_seraph
image,d#loot04_ui_icon_outfit_warrior_epic1_wetworks_battery_outfit_bundle
image,#hash_6e37cfd8dd654af
image,#ui_icon_weapon_hud_sig_buckler
image,d#loot02_ui_icon_outfit_global_warpaint_rorschach_diego_ix
image,d#hash_71569fda1e2d079
image,#hash_71d51eb505e5ea2
image,#hash_721683a97cb0de4
image,d#hash_7303b3e7f30c1b7
image,#hash_735c3c75193cb64
image,d#loot02_ui_icon_outfit_global_warpaint_hypnotic_bruno_ix
image,d#hash_737d9ed83f91486
image,d#hash_73b3ad1629ac5cf
image,d#loot02_ui_icon_outfit_holidays_extra_warpaint_snowman_stanton_ix
image,#hash_75cde8bccbd6f24
image,d#loot03_ui_icon_outfit_global_warpaint_diamonds_nikolai_pri
image,d#ui_icon_specialist_portrait_hud_tedd
image,d#loot03_ui_icon_outfit_global_warpaint_robber_diego_ix
image,#ui_icon_weapon_charms_dice_20
image,#ui_icon_obit_warmachine
image,d#hash_789f7a303240de2
image,d#loot_ui_icon_outfit_halloween_extra_warpaint_punkinhead_scarlett_ix
image,d#uie_ui_menu_store_focus_pips
image,#ui_icon_laboratory_nebulium_offer_large
image,#uie_ui_menu_cac_attachment_button_bg_mirror
image,d#hash_7a6ffda26e5a588
image,d#loot02_ui_icon_outfit_holidays_extra_warpaint_naughtyornice_scarlett
image,d#loot05_ui_icon_outfit_spectrum_rare1_spectre
image,#uie_ui_menu_cac_equipped_marker_bg
image,d#hash_7b4b475457d146e
image,d#hash_7b9d5102bddc9ba
image,d#loot_ui_icon_outfit_halloween_extra_warpaint_demon_scarlett_ix
image,#ui_icon_gamemode_oneinthechamber
image,#uie_ui_menu_common_empty_corner_pips
image,d#uie_ui_menu_cac_primary_button_top_bar_focused
image,d#hash_7e95f7b6ac57f51
image,d#loot02_ui_icon_outfit_numbers_battery
image,#hash_8043a73c4677d23
image,#ui_icon_director_quickplay_large
image,#hash_8101ed77b2b62f3
image,#hash_8101fd77b2b64a6
image,#hash_81020d77b2b6659
image,#hash_81021d77b2b680c
image,#hash_81022d77b2b69bf
image,#img_t8_menu_zm_preview_escape_rush
image,d#hash_8124ff857a6eefb
image,#uie_ui_menu_common_mtx_button_bg_rare_thin
image,d#hash_817796fc59b36b5
image,d#loot_ui_icon_outfit_halloween_extra_warpaint_ghoul_crash
image,#ui_icon_weapon_charms_saltshaker
image,d#hash_85fe9915a6c22cd
image,d#loot02_ui_icon_outfit_global_warpaint_rorschach_zero
image,#ui_icon_crm_motd_hd_plasma50off_01
image,d#loot04_ui_icon_outfit_global_warpaint_s4_sun_stanton
image,d#hash_87267060c124076
image,#hash_87926eb80cd64ff
image,d#uie_ui_menu_social_popup_menu_bar
image,#hash_8813afa41490306
image,d#loot03_ui_icon_outfit_global_warpaint_sunglasses_diego
image,d#hash_88710e39bc7eca2
image,#ui_icon_weapon_hud_sparrow
image,d#loot05_ui_icon_outfit_global_warpaint_s5_hazard_richtofen_pri
image,d#hash_8a7196ff2f30356
image,d#hash_8c223fd5d2ffcd8
image,d#ui_icon_specialist_portrait_richtofen_ultimus
image,#ui_icon_weapon_charms_shark
image,d#loot04_ui_icon_outfit_global_warpaint_s4_sun_takeo_pri
image,d#hash_8d67677ce7f06de
image,d#loot02_ui_icon_outfit_global_warpaint_flaming_skull_scarlett_ix
image,d#loot02_ui_icon_outfit_global_warpaint_fern_scarlett
image,d#uie_ui_menu_common_focus_glow_large
image,d#loot02_ui_icon_outfit_global_warpaint_bleeding_bruno
image,d#hash_8ed1d8c3c791ab2
image,d#hash_8f99035974a279e
image,#ui_icon_crm_featured_triple_play_demo_hammer
image,#uie_ui_menu_aar_common_corner_blur
image,#ui_icon_challenges_zmtoolkit_large
image,#hash_90ccd9595476b10
image,d#hash_914b1889794c84c
image,d#loot03_ui_icon_outfit_global_warpaint_spades_crash
image,d#loot05_ui_icon_outfit_zombie_epic1_ruin_outfit_bundle
image,d#loot02_ui_icon_outfit_global_warpaint_flaming_skull_bruno_ix
image,d#hash_92fd26aeb864313
image,d#hash_93654dc8034e64c
image,#uie_ui_menu_aar_stat_bar_stripe
image,d#loot04_ui_icon_outfit_global_warpaint_s4_sun_recon
image,#uie_ui_menu_cac_preview_class_bg_main
image,d#loot02_ui_icon_outfit_holidays_extra_warpaint_reindeer_ajax
image,d#uie_ui_menu_aar_common_progress_boxes
image,#hash_99f860d38501ee7
image,#loot_ui_icon_jumppacks_trail_chinese
image,d#hash_9a6de8a6fc4c555
image,#hash_9b5ab12d437292d
image,d#loot04_ui_icon_outfit_global_warpaint_s4_creature_ajax
image,d#loot05_ui_icon_outfit_zombie_epic1_firebreak
image,#uie_ui_menu_zombies_cac_special_weapon_inspect_off
image,d#hash_9c64aed04a002fd
image,d#loot04_ui_icon_outfit_water_legendary1_zero
image,d#hash_9cdd17f11730d53
image,#img_t8_menu_zm_preview_towers_rush_large
image,#loot_ui_icon_jumppacks_wingsuit_heist
image,#hash_9eef42d81ba7d52
image,#hash_9fc0f1ea00ab6e6
image,d#loot04_ui_icon_outfit_warrior_epic1_wetworks_prophet
image,d#hash_a0c7c3e902eb169
image,#uie_ui_menu_common_dot_pattern
image,d#hash_a10c1d8611f27ad
image,#hash_a177479f1e2bac0
image,#uie_ui_menu_aar_common_vdotline
image,d#loot02_ui_icon_outfit_holidays_extra_warpaint_dragon_richtofen
image,d#hash_a540905b2fe9400
image,d#loot02_ui_icon_outfit_holidays_extra_warpaint_snowman_crash
image,d#hash_a5924530714b3aa
image,d#hash_a594a0ce9fedb7d
image,#img_t8_menu_mp_preview_urban
image,#ui_icon_trainingstars_progression
image,d#loot03_ui_icon_outfit_global_warpaint_hearts_ruin
image,d#ui_menu_store_product_b04_kronos_preorder_oee_large
image,d#loot04_ui_icon_blackmarket_itemdetail_bundle_deep_voyage
image,d#ui_icon_obit_frag
image,#uie_ui_menu_zombies_cac_perk_glow
image,d#hash_aa1bb0db5738b76
image,#hash_aa3a9dddf714e94
image,#img_t8_menu_zm_preview_escape_playlist
image,d#hash_aaad21971b62173
image,d#loot04_ui_icon_outfit_global_warpaint_s4_sun_seraph
image,d#loot03_ui_icon_outfit_global_warpaint_clover_recon
image,#uie_hud_common_corner_pip
image,d#hash_ad51e2079fec850
image,d#hash_ad6a33ab83ba786
image,#loot_ui_icon_jumppacks_trail_vampire_large
image,#loot_ui_icon_jumppacks_trail_default_large
image,d#hash_aebd3f11eee6622
image,d#hash_af34426de73eda6
image,d#loot04_ui_icon_outfit_global_warpaint_s4_sun_battery
image,d#loot05_ui_icon_outfit_global_warpaint_s5_zombie_prophet
image,#ui_menu_ftue_how_to_wz_02
image,#ui_menu_ftue_how_to_wz_03
image,#ui_menu_ftue_how_to_wz_01
image,d#hash_b0b4c4bf8d7a4ea
image,#uie_ui_menu_social_emblem_dotline_tiled
image,d#hash_b2d66d151ef084d
image,d#hash_b31ff9ba925eabd
image,d#hash_b3516587db7aa59
image,d#loot04_ui_icon_outfit_topography_rare1_nomad
image,#hash_b524a74b4e4f5c3
image,d#loot_ui_icon_outfit_halloween_extra_warpaint_demon_dempsey
image,d#hash_b59143b33ebe206
image,#hash_b5c4d54204e0dc4
image,d#ui_icon_equipment_gadget_frag
image,d#hash_b5ee22fe7cfe7f2
image,#ui_icon_weapon_charms_pocket_watch
image,d#loot04_ui_icon_outfit_topography_rare2_zero
image,#loot_ui_icon_jumppacks_trail_savage
image,d#hash_b8525b5b6c3278c
image,d#loot03_ui_icon_outfit_global_warpaint_clubs_diego_ix
image,d#loot05_ui_icon_outfit_spectrum_rare1_seraph_outfit_bundle
image,d#loot04_ui_icon_outfit_topography_rare2_zero_outfit_bundle
image,#uie_ui_menu_zombies_cac_grunge_pattern
image,#uie_ui_menu_aar_merit_side_half_bg
image,#uie_ui_menu_item_shop_tier_pointer_large
image,d#loot04_ui_icon_outfit_global_warpaint_s4_crackedmask_ajax
image,#img_t8_menu_zm_preview_mansion_rush_large
image,d#loot04_ui_icon_outfit_topography_rare1_prophet
image,d#loot02_ui_icon_outfit_global_warpaint_facepalm_takeo
image,#hash_ba8f100c1c88ab0
image,#ui_icon_obit_tripwire
image,d#hash_bae349e96f0b026
image,#ui_icon_ct_preview_ct_skirmishoutro_ruin
image,d#loot03_ui_icon_outfit_benjamins_legendary1_recon
image,d#loot04_ui_icon_outfit_topography_rare3_torque
image,d#loot03_ui_icon_outfit_panther_rare1_crash
image,d#ui_icon_gamemode_wz_duo_large
image,#hash_be2c44a1cf38c0a
image,d#ui_icon_hero_portrait_draft_richtofen
image,d#hash_bf4b2577156d907
image,d#loot04_ui_icon_outfit_topography_rare3_crash
image,d#loot02_ui_icon_outfit_holidays_extra_warpaint_naughtyornice_battery
image,#uie_ui_icon_mp_league_07_02_large
image,#ui_menu_ftue_zm_newtons_cookbook
image,d#loot02_ui_icon_outfit_global_warpaint_pixel_perfect_ruin
image,#hash_c005acbc777835c
image,d#hash_c050957758cb320
image,d#ui_icon_specialist_portrait_hud_brigadier
image,d#hash_c1b0c30904e4185
image,d#loot04_ui_icon_outfit_topography_rare3_spectre
image,d#loot03_ui_icon_outfit_global_warpaint_jester_bruno
image,d#loot04_ui_icon_outfit_global_warpaint_s4_fish_spectre
image,d#loot03_ui_icon_outfit_benjamins_legendary1_zero_outfit_bundle
image,d#loot_ui_icon_outfit_halloween_extra_warpaint_ghoul_nikolai
image,d#hash_c49b0c8991a541f
image,d#loot03_ui_icon_outfit_benjamins_legendary1_ajax
image,d#hash_c606846912ab420
image,d#hash_c6226082a4dbf03
image,d#loot03_ui_icon_outfit_global_warpaint_clubs_torque
image,#loot_ui_icon_jumppacks_parachute_default
image,d#loot03_ui_icon_outfit_panther_rare1_ruin_outfit_bundle
image,d#hash_c6dceb347eb3089
image,d#hash_c73eb8516ca63bd
image,#hash_c8936c72f111306
image,d#hash_c998f32d708b03b
image,d#loot02_ui_icon_outfit_holidays_extra_warpaint_reindeer_ruin
image,d#loot_ui_icon_outfit_halloween_extra_warpaint_ghoul_torque
image,d#uie_ui_menu_store_focus_frame
image,#loot_ui_icon_jumppacks_parachute_valentine
image,d#uie_ui_menu_start_menu_grid
image,d#loot_05_ui_icon_blackmarket_stream_reaper
image,d#loot05_ui_icon_outfit_spectrum_rare1_battery_outfit_bundle
image,d#hash_ccfc7a982a016e8
image,d#hash_cd729c76166a04a
image,d#hash_cd79d32f439bdf9
image,#loot03_ui_icon_blackmarket_item_shop_wingsuit_preview_china_wind
image,d#uie_ui_menu_blackmarket_popup_image
image,d#hash_cdded2d89955506
image,d#hash_cf2b6f904b77593
image,#hash_cf616eb2e2b68ee
image,#uie_ui_menu_store_element_frame_gray
image,#loot_ui_icon_jumppacks_trail_union_jack
image,d#hash_d1b65dee429321a
image,d#loot02_ui_icon_outfit_holidays_extra_warpaint_candy_cane_bruno
image,d#hash_d1d30b99ac06fd2
image,d#hash_d1ef7f894ab36c0
image,d#loot_ui_icon_outfit_halloween_extra_warpaint_demon_richtofen
image,d#hash_d2f1a9b00187b8f
image,d#loot04_ui_icon_outfit_warrior_epic1_wetworks_nomad_warpaint
image,d#loot_ui_icon_outfit_halloween_extra_warpaint_ghoul_richtofen
image,d#ui_icon_rank_wz_level80_large
image,#hash_d6ecff7d02f1d29
image,#hash_d70cad0e674af1f
image,d#hash_d74a4366b4b9113
image,#hash_d8f8fcb06c30d6f
image,d#loot03_ui_icon_outfit_global_warpaint_clubs_takeo_pri
image,d#loot04_ui_icon_outfit_topography_rare1_spectre_outfit_bundle
image,#uie_ui_menu_common_mtx_button_bg_epic_thin
image,d#loot02_ui_icon_outfit_holidays_extra_warpaint_dragon_diego
image,#img_t8_menu_mp_preview_frenetic
image,#loot_05_ui_icon_blackmarket_reserves_jumppack_vampire
image,d#hash_db73210daae0dcc
image,#hash_dc361b9f4099990
image,d#loot_ui_icon_outfit_halloween_extra_warpaint_cthulhu_battery
image,d#hash_dc94875f57ad936
image,d#hash_dce964cb6b640a2
image,#hash_dcf1a3dd3bfce88
image,d#loot05_ui_icon_outfit_global_warpaint_s5_hazard_firebreak
image,d#ui_menu_store_product_b04_classified_large
image,d#hash_e0d5d9d56011fa7
image,#hash_e151dcb6de47324
image,#ui_icon_weapon_charms_specialist_ruin
image,#hash_e16d29a28e33d3e
image,d#hash_e20b037e04853d3
image,d#loot04_ui_icon_outfit_warrior_epic1_wetworks_ajax_outfit_bundle
image,d#loot_ui_icon_outfit_halloween_extra_warpaint_grimreaper_diego_ix
image,d#loot04_ui_icon_outfit_global_warpaint_s4_crackedmask_recon
image,#ui_icon_weapon_charms_steel_balls
image,d#loot02_ui_icon_outfit_global_warpaint_flaming_skull_recon
image,d#hash_e6f8260fb52b5a4
image,#hash_e7aaf97707e52ec
image,d#hash_e849df5cec32b1c
image,#ui_icon_director_tile_mp_control_focus
image,d#ui_icon_specialist_portrait_hud_blackjack
image,#img_t8_menu_mp_preview_militia
image,#hash_ec38c5180782dff
image,#loot_ui_icon_jumppacks_parachute_union_jack_large
image,d#hash_ece003eca505ff4
image,#ui_icon_challenges_zmexpert_large
image,d#hash_ed96eae435a7cad
image,#uie_ui_menu_zombies_cac_special_weapon_bar
image,d#hash_ee6df55a893b13c
image,d#loot03_ui_icon_outfit_panther_rare1_outrider_outfit_bundle
image,#hash_eedcd428dd3a757
image,#uie_ui_icon_frontend_helptag2
image,d#hash_efd1269a434d70d
image,d#loot02_ui_icon_outfit_holidays_extra_warpaint_naughtyornice_ajax
image,#uie_ui_menu_zombies_cac_special_weapon_inspect_on
image,d#hash_f15a9a6e561bf71
image,d#loot03_ui_icon_outfit_global_warpaint_spades_richtofen_pri
image,d#ui_icon_specialist_portrait_draft_prophet
image,#hash_f38c17d2d63ea3c
image,#hash_f395928c19e9b99
image,d#loot02_ui_icon_outfit_global_warpaint_boogie_man_zero
image,d#hash_f3bb04c133c38ed
image,#ui_icon_challenges_mpoperations_large
image,d#hash_f405390f29785e1
image,d#loot04_ui_icon_outfit_assassin_legendary1_prophet_outfit_bundle
image,d#hash_f57142fdf1170b7
image,d#loot05_ui_icon_outfit_spectrum_rare1_ajax
image,d#loot02_ui_icon_outfit_holidays_extra_warpaint_dragon_prophet
image,d#hash_f856299e2bd4194
image,#ui_icon_blackmarket_stream_crate_x20_preview
image,d#uie_dropshadow_9s
image,#uie_ui_menu_aar_perform_repeat_bg
image,d#loot_ui_icon_outfit_halloween_extra_warpaint_alien_dempsey
image,#uie_ui_menu_zombies_cac_elixir_loadout_empty_highlight
image,d#loot03_ui_icon_outfit_global_warpaint_clover_bruno
image,#ui_menu_store_product_b04_ancient_evil_small
image,#hash_fafb2215a9dd6fa
image,d#hash_fb82696f8866705
image,#hash_fbdedcc8f2df6eb
image,d#loot02_ui_icon_outfit_holidays_extra_warpaint_nutcracker_bruno
image,d#hash_fd0d2b6ceef8d81
image,d#hash_fdeb09803c50afb
image,#ui_icon_weapon_hud_sig_blade
image,d#loot05_ui_icon_outfit_global_warpaint_s5_hazard_recon
image,d#loot04_ui_icon_outfit_global_warpaint_s4_sun_ruin
image,#hash_100264675be4b96b
image,#loot_ui_icon_jumppacks_wingsuit_sparrow_large
image,#hash_101150ecc7979d1c
image,d#hash_1021a9223804419d
image,d#loot04_ui_icon_outfit_global_warpaint_s4_creature_stanton
image,#hash_10257ae6b8e12c9f
image,d#loot03_ui_icon_outfit_global_warpaint_clover_battery
image,d#hash_1038c9f20c8c5c1e
image,d#loot04_ui_icon_outfit_global_warpaint_s4_fish_takeo_pri
image,#hash_103c2b38be2a46a8
image,d#hash_103caac27f8a5403
image,d#loot04_ui_icon_outfit_topography_rare3_firebreak
image,d#ui_icon_equpiment_zm_chakram_lv3_dark
image,d#hash_105551de8fb24d27
image,d#loot02_ui_icon_outfit_holidays_extra_warpaint_nutcracker_bruno_ix
image,#hash_1060f0b82782daae
image,d#hash_10635158845e8ec9
image,#loot06_ui_icon_blackmarket_reserves_death_fx_pow
image,d#loot03_ui_icon_outfit_panther_rare2_nomad_outfit_bundle
image,#hash_10807c7f4e4623a9
image,d#loot03_ui_icon_outfit_global_warpaint_diamonds_ruin
image,#uie_ui_menu_director_stage_bar_fill
image,d#hash_108c0b8c4025ead8
image,#hash_108d2c085ce84dfc
image,d#ui_icon_gamemode_domination_large
image,d#loot03_ui_icon_outfit_global_warpaint_hearts_diego_ix
image,d#hash_1093d0625aae4a67
image,d#loot_ui_icon_outfit_halloween_extra_warpaint_gargoyle_seraph
image,#hash_10a2ce59e7b7605f
image,d#loot05_ui_icon_outfit_global_warpaint_s5_zombie_scarlett
image,d#loot05_ui_icon_outfit_spectrum_rare1_crash
image,d#loot02_ui_icon_outfit_holidays_extra_warpaint_reindeer_diego_ix
image,d#hash_10b5271ab179e2c5
image,d#hash_10b5853689836876
image,#ui_icon_blackmarket_promos_20x_tiers_button_small
image,#hash_10b8a6e9d12cae19
image,d#hash_10bc604af834ff6e
image,d#loot05_ui_icon_outfit_vampire_legendary1_nomad
image,d#hash_10c0e5cc2ba1b82b
image,d#loot_ui_icon_outfit_halloween_extra_warpaint_cthulhu_dempsey
image,d#uie_ui_menu_store_bg_grid
image,d#hash_10cedd0b95c1369a
image,d#ui_icon_gamemode_wz_solo_large
image,#img_t8_menu_mp_preview_cairo
image,d#hash_10edfadf177bae3a
image,#uie_ui_menu_popups_matchstart_ring
image,d#loot03_ui_icon_outfit_global_warpaint_sunglasses_takeo_pri
image,#uie_ui_menu_aar_common_hdotline
image,d#hash_110d32a7a52348a0
image,#hash_111109a79aad3403
image,#hash_11110aa79aad35b6
image,#hash_11110ba79aad3769
image,d#loot03_ui_icon_outfit_panther_rare1_nomad_outfit_bundle
image,#hash_111adaf6fd1b370f
image,d#hash_112585d69cdcda95
image,#loot_ui_icon_jumppacks_parachute_twitch_4_large
image,#loot_ui_icon_jumppacks_parachute_crashing_wave
image,d#ui_icon_specialist_portrait_hud_brutus
image,d#loot05_ui_icon_outfit_demonology_legendary1_seraph_outfit_bundle
image,d#hash_1151f5aa76ee4c3f
image,d#hash_116d629e53e79498
image,#uie_ui_menu_cac_wildcard_selected_glow_edges
image,d#ui_icon_gamemode_infiltration_large
image,#hash_119aaa8fdddc2c20
image,#hash_11aea8301d2466f7
image,d#loot04_ui_icon_outfit_topography_rare1_recon_outfit_bundle
image,d#loot05_ui_icon_outfit_global_warpaint_s5_hazard_takeo_pri
image,#ui_icon_weapon_charms_pineapple
image,d#hash_11e4076b8a744511
image,d#ui_icon_specialist_portrait_draft_yuri
image,d#hash_11fbf0752134c5fc
image,d#hash_1201ab210df237c7
image,d#hash_12073e44e578de7e
image,d#loot03_ui_icon_outfit_global_warpaint_clover_firebreak
image,d#uie_ui_menu_common_tab_glow
image,d#loot_ui_icon_outfit_halloween_extra_warpaint_alien_diego_ix
image,d#hash_12344254166fa0cb
image,d#loot05_ui_icon_outfit_zombie_epic1_ruin
image,d#loot02_ui_icon_outfit_holidays_extra_warpaint_dragon_zero
image,#ui_icon_crm_motd_hd_vampire_v2
image,d#loot03_ui_icon_outfit_global_warpaint_hearts_zero
image,d#hash_124d2b79424c5ece
image,#uie_ui_hud_zm_aar_bot_bar
image,d#uie_ui_menu_item_shop_glow_border
image,#ui_menu_ftue_zm_armory
image,#hash_1257dba7154c2f46
image,d#hash_125ab781a347fa53
image,#uie_ui_menu_zombies_cac_special_weapon_light_focus
image,d#loot04_ui_icon_outfit_global_warpaint_s4_creature_takeo_pri
image,#ui_icon_equipment_emp_dark
image,d#loot04_ui_icon_outfit_global_warpaint_s4_crackedmask_bruno_ix
image,d#hash_12695354f68542a2
image,d#loot02_ui_icon_outfit_holidays_extra_warpaint_krampus_torque
image,d#uie_strippedback
image,d#hash_12777b68e738e562
image,d#hash_12861f44bfd1c03e
image,d#hash_128732afc87cb8ae
image,#hash_12a8bcc76d46ea6d
image,#ui_icon_equpiment_zm_meleehammer_lv1
image,#ui_icon_equpiment_zm_meleehammer_lv2
image,#ui_icon_equpiment_zm_meleehammer_lv3
image,d#hash_12ce14d9dc577891
image,d#hash_12cfb590ee3839fd
image,d#loot04_ui_icon_outfit_topography_rare2_crash_outfit_bundle
image,d#hash_12d44c3549d56217
image,d#loot04_ui_icon_outfit_assassin_legendary1_seraph_outfit_bundle
image,#hash_12d5b78570553793
image,d#hash_12d6cd34b85581f6
image,d#hash_12d70cd0594bb5aa
image,d#loot03_ui_icon_outfit_global_warpaint_sunglasses_recon
image,d#loot03_ui_icon_outfit_global_warpaint_diamonds_nomad
image,d#loot02_ui_icon_outfit_global_warpaint_facepalm_recon
image,d#loot03_ui_icon_outfit_warrior_epic1_robber_nomad_outfit_bundle
image,d#loot_ui_icon_outfit_halloween_extra_warpaint_ghoul_seraph
image,d#loot04_ui_icon_outfit_topography_rare1_torque_outfit_bundle
image,d#uie_ui_hud_notifications_pixelpattern
image,d#loot_ui_icon_outfit_halloween_extra_warpaint_demon_bruno
image,d#loot03_ui_icon_outfit_global_warpaint_diamonds_prophet
image,#ui_icon_equipment_zm_gravityspikes_lvl1
image,#ui_icon_equipment_zm_gravityspikes_lvl2
image,d#loot03_ui_icon_outfit_global_warpaint_tattoo_recon
image,d#hash_13350c88bb81abc4
image,d#hash_1338d0e780eabd09
image,d#loot_ui_icon_outfit_halloween_extra_warpaint_gargoyle_bruno
image,d#loot03_ui_icon_outfit_global_warpaint_robber_firebreak
image,d#hash_13501304eb9b5204
image,d#hash_1351569fb86c58d4
image,#ui_icon_challenges_mpprestige_large
image,d#loot03_ui_icon_blackmarket_item_shop_wingsuit_elvis
image,#hash_13597b8a8c3107fb
image,#uie_ui_menu_common_tab_backing_white
image,#hash_136df8a1b610b7c9
image,#uie_ui_menu_inspection_grid_dot_pattern01
image,#uie_ui_menu_inspection_grid_dot_pattern02
image,#uie_ui_menu_inspection_grid_dot_pattern03
image,d#hash_138647f9d6a7658d
image,#uie_ui_menu_cac_attachment_button_bg_glow_selected
image,d#loot_ui_icon_outfit_dotd_base_pal_exo2_torque
image,d#hash_13bb89b1751202ce
image,#hash_13c8510fddec2938
image,d#loot_ui_icon_outfit_halloween_extra_warpaint_demon_takeo
image,d#ui_icon_gamemode_quickplay_mp_large
image,d#hash_13e81211c041d074
image,#hash_13f9e00d9473234c
image,d#hash_13fd4765202a2328
image,d#loot03_ui_icon_outfit_global_warpaint_clubs_firebreak
image,d#hash_1410b73abc1e5d1a
image,d#hash_142173ba100bf149
image,d#loot02_ui_icon_outfit_global_warpaint_pixel_perfect_battery
image,#hash_143bc3077382d9ae
image,d#loot02_ui_icon_outfit_global_warpaint_facepalm_diego_ix
image,d#loot04_ui_icon_outfit_global_warpaint_s4_sun_richtofen_pri
image,#hash_1445ae3c0bed7031
image,d#loot04_ui_icon_outfit_topography_rare1_crash
image,d#loot04_ui_icon_outfit_warrior_epic1_wetworks_seraph_outfit_bundle
image,#uie_ui_hud_zm_aar_top_bar
image,#uie_ui_menu_cac_secondary_button_top_bar_focused
image,d#hash_146cad1173e34962
image,d#ui_icon_specialist_portrait_hud_outrider
image,d#loot04_ui_icon_outfit_topography_rare2_seraph
image,d#loot_ui_icon_outfit_halloween_extra_warpaint_ghoul_stanton
image,#hash_1488233ead062891
image,#hash_1498f0c9c6258148
image,d#loot02_ui_icon_outfit_global_warpaint_rorschach_torque
image,#hash_14aa061dbee2d655
image,#loot_05_ui_icon_blackmarket_stream_wraith
image,d#hash_14aaf33e78d3a705
image,d#loot04_ui_icon_outfit_warrior_epic1_wetworks_ajax
image,d#loot02_ui_icon_outfit_global_warpaint_bleeding_ruin
image,d#loot02_ui_icon_outfit_numbers_prophet
image,d#hash_14b8007f307e94a1
image,d#hash_14ba620c16e74294
image,d#hash_14bfc2a2c6294675
image,d#loot02_ui_icon_outfit_global_warpaint_pixel_perfect_ajax
image,#ui_icon_blackmarket_reserves_tier_x5_large_square
image,d#hash_14e3de24474f047e
image,d#loot03_ui_icon_outfit_panther_rare3_firebreak_outfit_bundle
image,d#loot05_ui_icon_outfit_global_warpaint_s5_hazard_bruno
image,d#loot05_ui_icon_outfit_global_warpaint_s5_hazard_ajax
image,d#loot02_ui_icon_outfit_global_warpaint_flaming_skull_diego_ix
image,#loot04_ui_icon_blackmarket_reserves_death_fx_water
image,#hash_151a4c2f87dd0d6c
image,d#ui_icon_gamemode_prophunt_large
image,#hash_152009380e7cf786
image,d#hash_15249c552e2d6bd9
image,d#loot02_ui_icon_outfit_holidays_extra_warpaint_reindeer_battery
image,#hash_1528e1773f2922d1
image,d#loot03_ui_icon_outfit_benjamins_legendary1_ajax_outfit_bundle
image,d#loot03_ui_icon_outfit_global_warpaint_sunglasses_scarlett_ix
image,d#loot03_ui_icon_outfit_panther_rare2_zero_outfit_bundle
image,d#loot03_ui_icon_outfit_global_warpaint_tattoo_scarlett_ix
image,#loot02_ui_icon_blackmarket_stream_camo_active_dlc1_vice_wrapper
image,d#loot03_ui_icon_outfit_global_warpaint_robber_ajax
image,#ui_icon_gamemode_zm_gauntlet
image,d#hash_155568bdf590898e
image,d#ui_icon_specialist_portrait_hud_gunslinger
image,d#hash_1561fc275dc7dc56
image,#loot_ui_icon_jumppacks_trail_twitch_4
image,#loot_ui_icon_jumppacks_trail_twitch_2
image,#loot_ui_icon_jumppacks_trail_twitch_1
image,d#loot05_ui_icon_outfit_spectrum_rare1_prophet
image,d#hash_1568d28be69b5895
image,d#loot02_ui_icon_outfit_numbers_nomad
image,d#hash_1576ef1c4486625c
image,#img_t8_menu_mp_preview_jungle2
image,d#loot_ui_icon_outfit_halloween_extra_warpaint_alien_battery
image,#uie_ui_menu_playerlevel_token_container
image,#ui_icon_crm_motd_hd_3x_trip_weapon_xp_zomb_mp_01
image,d#hash_15ac08257eb139d1
image,#uie_ui_menu_blackmarket_epic_flare
image,#hash_15b157393103a411
image,d#hash_15b2912eb2e4bc42
image,d#hash_15b33387f41d5eeb
image,#hash_15d1e2cd4302b931
image,d#loot03_ui_icon_outfit_global_warpaint_spades_recon
image,d#loot02_ui_icon_outfit_global_warpaint_rorschach_nomad
image,d#loot_ui_icon_outfit_halloween_extra_warpaint_pumpkin_recon
image,#ui_icon_crm_featured_vampire_v2
image,d#loot02_ui_icon_outfit_global_warpaint_flaming_skull_crash
image,d#hash_15ee14ee2ed1545d
image,d#hash_15f00e95dc830687
image,d#loot02_ui_icon_outfit_holidays_extra_warpaint_naughtyornice_recon
image,d#loot03_ui_icon_outfit_global_warpaint_clover_takeo_pri
image,d#loot05_ui_icon_outfit_demonology_legendary1_prophet
image,#hash_160600021c879a30
image,#hash_162649b4325cc5f9
image,d#loot04_ui_icon_outfit_global_warpaint_s4_fish_stanton_ix
image,d#loot_ui_icon_outfit_halloween_extra_warpaint_scarecrow_diego
image,d#uie_ui_menu_common_stripes01
image,d#ui_icon_gamemode_wz_quad_large
image,d#loot_ui_icon_outfit_halloween_extra_warpaint_scarecrow_seraph
image,d#hash_16731abd45725a10
image,d#hash_16777ee585ce7a25
image,d#hash_1682227ed5576d86
image,#ui_icon_gamemode_freeforall
image,d#loot_ui_icon_outfit_halloween_extra_warpaint_ghoul_nomad
image,d#hash_169346e3f1ed570d
image,#uie_ui_menu_aar_info_grid_sub
image,#loot04_ui_icon_blackmarket_reserves_death_fx_teddy_bear
image,d#loot03_ui_icon_outfit_global_warpaint_tattoo_crash
image,#hash_16b8ce73bac29f28
image,d#loot05_ui_icon_outfit_demonology_legendary1_seraph
image,#loot_ui_icon_jumppacks_wingsuit_neon_kitty_large
image,d#ui_icon_specialist_portrait_draft_gypsy
image,#ui_icon_2xp_blackmarket
image,d#loot04_ui_icon_outfit_topography_rare2_ruin
image,d#hash_16f42b771e1cd46d
image,d#loot04_ui_icon_outfit_topography_rare3_outrider_outfit_bundle
image,d#loot02_ui_icon_outfit_global_warpaint_rorschach_battery
image,d#loot_ui_icon_outfit_halloween_extra_warpaint_alien_stanton_ix
image,d#loot03_ui_icon_outfit_global_warpaint_spades_prophet
image,d#loot04_ui_icon_outfit_global_warpaint_s4_sun_bruno
image,#hash_1714f15af25a104f
image,d#loot02_ui_icon_outfit_global_warpaint_bleeding_stanton
image,d#hash_17292aa1ab058da4
image,d#loot02_ui_icon_outfit_global_warpaint_fern_prophet
image,d#loot_ui_icon_outfit_halloween_extra_warpaint_punkinhead_scarlett
image,#uie_ui_zm_laboratory_special_offer_metal
image,#ui_icon_blackmarket_reserves_crate_x8_preview
image,d#hash_176f7559adbe163a
image,d#loot03_ui_icon_outfit_benjamins_legendary1_torque
image,d#hash_1779f6a7264481b1
image,d#hash_177b99df01aeee05
image,#hash_1785018a3dd922d8
image,d#hash_179128a2f31b1f81
image,d#loot05_ui_icon_outfit_vampire_legendary1_ruin
image,d#loot_03_ui_icon_blackmarket_stream_outrider
image,d#loot02_ui_icon_outfit_global_warpaint_facepalm_scarlett
image,d#loot03_ui_icon_outfit_warrior_epic2_cop_nomad
image,#ui_icon_prestige_permanenttoken_small
image,d#ui_icon_equpiment_zm_swordcannon_lv1_dark
image,d#hash_17c3946dfcb3186b
image,#img_t8_menu_mp_preview_austria
image,d#hash_17c6fe61de84bb10
image,d#loot02_ui_icon_outfit_global_warpaint_maori_crash
image,d#hash_17cc914942ba7c63
image,d#hash_17d0136eefb2f64e
image,d#loot_ui_icon_outfit_halloween_extra_warpaint_demon_stanton_ix
image,#hash_17ee1ce698a77065
image,#uie_ui_zm_laboratory_promo_banner_wrap
image,d#loot04_ui_icon_outfit_global_warpaint_s4_crackedmask_torque
image,d#hash_17fbdcad427f9aee
image,d#loot04_ui_icon_outfit_global_warpaint_s4_creature_nomad
image,d#hash_181fe17b744bda2a
image,d#ui_icon_gamemode_zm_tutorial_large
image,d#hash_18224b94fce931cc
image,d#loot04_ui_icon_outfit_global_warpaint_s4_sun_dempsey_pri
image,d#loot_ui_icon_outfit_halloween_extra_warpaint_pumpkin_firebreak
image,d#ui_icon_equipment_shroud_dark
image,d#hash_1836c8159c860e25
image,d#hash_183ab5d982529a66
image,#ui_menu_ftue_store_blackopspass
image,#hash_185418baedf9014d
image,d#loot_ui_icon_outfit_halloween_extra_warpaint_cthulhu_firebreak
image,d#hash_185a06214d287f36
image,d#hash_185e26008acb5bf2
image,d#hash_1860f5df93be698c
image,d#hash_18663651b04852c2
image,d#hash_1868863367088c15
image,#loot_ui_icon_jumppacks_trail_tropbird
image,d#hash_186c4595eacfa689
image,d#loot03_ui_icon_outfit_global_warpaint_tattoo_dempsey_pri
image,d#hash_1881e07bd541d753
image,d#loot03_ui_icon_outfit_panther_rare1_seraph
image,#ui_icon_equipment_zm_katana_lvl3_dark
image,d#hash_188e6de4b4d410d5
image,d#loot02_ui_icon_outfit_numbers_zero
image,d#loot04_ui_icon_outfit_global_warpaint_s4_sun_scarlett
image,d#hash_18a073dc5d61dea7
image,d#hash_18a43697ba665443
image,d#hash_18accd869f15ab30
image,d#loot_ui_icon_outfit_halloween_extra_warpaint_alien_richtofen
image,d#hash_18afd82201b6c314
image,d#hash_18bdef53131d0a66
image,d#loot02_ui_icon_outfit_global_warpaint_pixel_perfect_scarlett
image,#uie_ui_menu_blackmarket_triple_play_frame_highlight
image,d#loot02_ui_icon_outfit_holidays_extra_warpaint_krampus_crash
image,#loot_ui_icon_jumppacks_wingsuit_raven
image,d#hash_18d7861b8862a72a
image,d#loot02_ui_icon_outfit_holidays_extra_warpaint_reindeer_torque
image,#hash_18ec15815e795a0a
image,d#hash_18efaf6fa84c12e1
image,d#hash_18f14609d5578644
image,#ui_icon_director_quickplay
image,d#hash_19032d509c4619f9
image,d#hash_1904aa4927fb850d
image,d#hash_190839c8aacc2a90
image,d#hash_190df740833007c7
image,d#loot02_ui_icon_outfit_global_warpaint_rorschach_diego
image,d#uie_ui_menu_social_common_arrow
image,d#loot02_ui_icon_outfit_holidays_extra_warpaint_candy_cane_stanton_ix
image,d#hash_192da945e208e011
image,d#hash_1930d0ca29ddf69e
image,#ui_menu_ftue_wz_headquarters
image,d#hash_1935a409175c68cc
image,d#hash_193a7773dfd82d02
image,d#loot04_ui_icon_outfit_global_warpaint_s4_pharaoh_battery
image,#icons_hud_ultimates_blade_dark
image,d#loot02_ui_icon_outfit_global_warpaint_boogie_man_scarlett
image,#uie_ui_menu_mp_scoreboard_list_name_bg
image,#ui_icon_weapon_charms_shotgunshell
image,d#hash_19a7aab2f980d522
image,d#loot02_ui_icon_outfit_global_warpaint_facepalm_nomad
image,d#hash_19ae603f2f2b2633
image,d#loot03_ui_icon_outfit_panther_rare3_ajax
image,d#hash_19b3d11306d00838
image,#hash_19c3670e6b936e74
image,#uie_ui_menu_inspection_analysing_text
image,#ui_icon_equpiment_zm_swordcannon_lv2
image,#ui_icon_equpiment_zm_swordcannon_lv3
image,#ui_icon_equpiment_zm_swordcannon_lv1
image,d#loot05_ui_icon_outfit_zombie_epic1_outrider_warpaint
image,d#ui_icon_gamemode_searchanddestroy_proseries_large
image,d#loot07_ui_icon_blackmarket_reserves_yuri
image,d#hash_19fab9ac475f0a5b
image,d#uie_ui_menu_contracts_ring_complete
image,d#hash_1a14431ac2fbdd5b
image,#hash_1a19fc0cbc4697dd
image,#loot06_ui_icon_cac_death_fx_pow
image,d#loot_ui_icon_outfit_halloween_extra_warpaint_grim_firebreak
image,d#loot04_ui_icon_outfit_topography_rare2_crash
image,d#hash_1a3d560bf9821081
image,d#hash_1a3e03463e6320b2
image,d#hash_1a42d289b245f673
image,d#loot02_ui_icon_outfit_holidays_extra_warpaint_naughtyornice_torque
image,d#hash_1a5913b43640b32e
image,d#loot04_ui_icon_outfit_warrior_epic1_wetworks_battery
image,d#loot04_ui_icon_outfit_global_warpaint_s4_crackedmask_diego
image,#uie_ui_menu_zombies_cac_special_weapon_slot_light_focus
image,d#hash_1a994c621186678c
image,d#hash_1aac684369c6d620
image,d#hash_1ac3aeae6debe3c3
image,d#hash_1ac4197569b3ad61
image,#uie_ui_menu_mtx_card_legendary_main
image,d#hash_1ad398fa78d9eefc
image,d#hash_1ad4991a19120e35
image,d#hash_1adb80e3ea9e7678
image,#loot_ui_icon_jumppacks_wingsuit_ghost_in_machine
image,d#ui_icon_mp_league_gem_expert
image,d#hash_1aec0c1f2373c239
image,d#loot03_ui_icon_outfit_global_warpaint_clover_zero
image,d#loot_ui_icon_outfit_halloween_extra_warpaint_ghoul_scarlett
image,#uie_ui_menu_aar_stat_rt_navbar
image,d#hash_1b18d34f43190e24
image,d#loot04_ui_icon_outfit_topography_rare3_crash_outfit_bundle
image,d#hash_1b1bac7f038d83d8
image,#uie_ui_menu_zombies_cac_special_weapon_slot_brackets
image,#uie_ui_menu_mp_scoreboard_list_indicator_glow
image,#hash_1b3dd6a07bf2bf1e
image,d#uie_ui_menu_common_tab_end_right
image,#hash_1b52f80a9b03d861
image,d#loot04_ui_icon_outfit_warrior_epic1_wetworks_recon_outfit_bundle
image,#hash_1b5f4ce08c5b0187
image,#hash_1b6251c60c5f864f
image,d#hash_1b64fb850924899f
image,d#ui_icon_gamemode_zm_treyarchmutations_large
image,d#hash_1b7cbafaf4248076
image,d#loot02_ui_icon_outfit_global_warpaint_fern_diego
image,d#hash_1b97f6f767c0c186
image,#loot04_ui_icon_blackmarket_reserves_death_fx_lava
image,d#hash_1ba11dde3bafccd0
image,#hash_1bad1467c2b4564c
image,d#loot02_ui_icon_outfit_global_warpaint_hypnotic_nomad
image,d#loot03_ui_icon_outfit_warrior_epic1_robber_crash
image,d#loot_ui_icon_outfit_halloween_extra_warpaint_ghoul_battery
image,d#loot02_ui_icon_outfit_holidays_extra_warpaint_snowman_bruno_ix
image,#hash_1bd2d1a12ff085bd
image,#loot_ui_icon_jumppacks_wingsuit_twitch_4_large
image,#ui_icon_weapon_hud_hero_warmachine
image,d#hash_1bfca05f5df3e46b
image,d#ui_icon_specialist_portrait_dempsey_ultimus
image,d#hash_1c059a97db905cc3
image,d#hash_1c0c44befa50a8f1
image,d#hash_1c102260490b82fb
image,d#hash_1c117a5c5de8b6f7
image,d#loot03_ui_icon_outfit_global_warpaint_sunglasses_ajax
image,d#loot04_ui_icon_outfit_warrior_epic1_wetworks_spectre
image,#ui_menu_store_product_b04_alpha_omega_small
image,#loot_ui_icon_jumppacks_parachute_neon_kitty_large
image,#loot_ui_icon_outfit_dotd_base_pal_exo2_battery
image,d#loot03_ui_icon_outfit_panther_rare1_prophet_outfit_bundle
image,d#ui_icon_blackmarket_store_tile_focus_01
image,d#hash_1c4e09c28cbf5e71
image,d#hash_1c5b85baaddaf320
image,d#hash_1c5bc4ee7c1a99ae
image,d#hash_1c63b74e8a9a2886
image,d#hash_1c69d36f956cdcd4
image,#ui_icon_director_tile_zm_focus
image,d#hash_1c6fafed7e50975e
image,d#loot_ui_icon_outfit_halloween_extra_warpaint_ghoul_firebreak
image,d#ui_icon_equpiment_zm_chakram_lv2_dark
image,#img_t8_menu_mp_preview_maldives
image,d#loot02_ui_icon_outfit_global_warpaint_rorschach_seraph
image,d#loot_ui_icon_outfit_halloween_extra_warpaint_gargoyle_stanton_ix
image,#hash_1cceef95e84a7253
image,d#loot05_ui_icon_outfit_spectrum_rare1_recon
image,#hash_1ce66051ae2b8dc3
image,d#loot03_ui_icon_outfit_global_warpaint_sunglasses_torque
image,#loot_ui_icon_jumppacks_trail_sparrow
image,#hash_1cfd4511b6e289d1
image,#ui_icon_equpiment_zm_rastaff_lv1
image,#ui_icon_equpiment_zm_rastaff_lv3
image,#ui_icon_equpiment_zm_rastaff_lv2
image,d#hash_1d074c67bb18921d
image,#hash_1d0978b27cf85f52
image,d#hash_1d0af0619ec3f072
image,#ui_icon_challenges_mpdarkops
image,#ui_menu_ftue_wz_mp
image,d#hash_1d2a49c2cf35c455
image,d#loot02_ui_icon_outfit_holidays_extra_warpaint_snowman_takeo
image,#uie_ui_menu_zombies_cac_altar_dots
image,d#hash_1d3f3b6a6005b4f8
image,#loot_ui_icon_jumppacks_trail_game_cartridge_large
image,d#loot02_ui_icon_outfit_global_warpaint_facepalm_diego
image,d#loot03_ui_icon_outfit_panther_rare2_crash
image,d#loot04_ui_icon_outfit_topography_rare2_firebreak_outfit_bundle
image,#uie_ui_menu_cac_primary_button_top_line
image,#uie_ui_menu_inspection_reticle_center
image,#ui_menu_ftue_wz_headquarters_interior
image,d#loot04_ui_icon_outfit_water_legendary1_nomad
image,#ui_menu_store_product_b04_digital_refresh_spectre_rising_small
image,d#loot_05_ui_icon_blackmarket_stream_russman
image,d#loot02_ui_icon_outfit_holidays_extra_warpaint_candy_cane_recon
image,#uie_ui_menu_aar_levelup_ambientcorner
image,#loot_ui_icon_jumppacks_parachute_wraith_large
image,d#hash_1da80f75f8333af1
image,d#loot02_ui_icon_outfit_global_warpaint_rorschach_bruno
image,d#hash_1db616b33400a09a
image,d#loot05_ui_icon_outfit_zombie_epic1_battery_outfit_bundle
image,d#loot03_ui_icon_outfit_panther_rare2_battery_outfit_bundle
image,#ui_icon_challenges_complete_large
image,#ui_icon_weapon_charms_dog
image,d#hash_1e06aeda6e377b5c
image,d#loot03_ui_icon_outfit_global_warpaint_sunglasses_richtofen_pri
image,d#hash_1e19fda4b11588dc
image,d#uie_ui_icon_global_lock
image,d#loot03_ui_icon_outfit_panther_rare1_zero
image,d#hash_1e2b537ca16e1a78
image,d#loot_ui_icon_outfit_halloween_extra_warpaint_grim_battery
image,#uie_ui_menu_cac_button_bg_generic01
image,#hash_1e360a5e88c430af
image,d#hash_1e3a2462d6ed23fa
image,#ui_icon_weapon_charms_surfboard
image,d#loot04_ui_icon_outfit_topography_rare1_seraph
image,#uie_ui_menu_zombies_cac_equipment_slot_box
image,d#loot04_ui_icon_outfit_global_warpaint_s4_fish_recon
image,d#hash_1e5ba786f58d8a47
image,d#loot03_ui_icon_outfit_global_warpaint_jester_nomad
image,#img_t8_menu_mp_preview_mountain2
image,#uie_ui_menu_arena_league_hub_triangle
image,d#loot03_ui_icon_outfit_global_warpaint_robber_scarlett
image,d#hash_1e93b702efe36136
image,#hash_1ea39342f60ed2c9
image,d#hash_1ea48da163aebba0
image,#loot_ui_icon_jumppacks_wingsuit_savage
image,d#loot03_ui_icon_outfit_global_warpaint_clover_stanton_ix
image,d#hash_1ebe01c2e0fa57d7
image,d#loot07_ui_icon_blackmarket_itemshop_trejo
image,d#loot03_ui_icon_outfit_global_warpaint_sunglasses_battery
image,d#loot02_ui_icon_outfit_holidays_extra_warpaint_krampus_diego_ix
image,d#hash_1ecce0b05cc51431
image,#uie_ui_menu_inspection_level_meter_tick
image,d#hash_1eebf893259cbda3
image,d#ui_icon_obit_ar_galil
image,d#loot02_ui_icon_outfit_global_warpaint_hypnotic_richtofen
image,d#hash_1f0e8bf2df00768e
image,d#hash_1f14bc6663598ac8
image,d#ui_icon_specialist_portrait_draft_hudson
image,d#hash_1f271e39076e48d0
image,d#loot04_ui_icon_outfit_topography_rare1_battery
image,d#hash_1f3a6b48a26081a1
image,d#loot02_ui_icon_outfit_global_warpaint_flaming_skull_dempsey
image,#ui_icon_crm_featured_machinepistol
image,d#hash_1f498dfc66f2d332
image,#hash_1f4bad30e1eccbb5
image,#ui_icon_weapon_charms_pink_dice
image,#img_t8_menu_mp_preview_seaside
image,#loot_ui_icon_jumppacks_trail_sparrow_large
image,#loot_ui_icon_jumppacks_wingsuit_chinese
image,d#loot_ui_icon_outfit_halloween_extra_warpaint_gargoyle_nikolai
image,#uie_ui_icon_mp_league_07_01_large
image,#uie_ui_menu_common_focus_glow_smaller_filled
image,d#hash_1f7cbf814ee076af
image,d#loot03_ui_icon_outfit_global_warpaint_clubs_battery
image,d#hash_1fa0c5caa2ff4374
image,d#hash_1fb4b78121d176e1
image,d#loot02_ui_icon_outfit_global_warpaint_maori_richtofen
image,d#loot02_ui_icon_outfit_holidays_extra_warpaint_krampus_recon
image,#ui_icon_crm_motd_blackout
image,#uie_ui_menu_zombies_cac_altar_brew_active
image,d#hash_1ff27e76ae7a11c0
image,d#hash_1ff35e5f3948f398
image,d#loot02_ui_icon_outfit_global_warpaint_flaming_skull_bruno
image,d#loot04_ui_icon_outfit_topography_rare3_ruin
image,#uie_ui_menu_window_loading_bar
image,d#loot03_ui_icon_outfit_global_warpaint_clover_prophet
image,#hash_200dff147f3d9484
image,d#loot02_ui_icon_outfit_global_warpaint_maori_nikolai
image,#hash_201a2221611030e6
image,d#uie_ui_menu_customgame_indicator_focused
image,d#ui_icon_gamemode_safeguard_large
image,#hash_2025f0a217f31101
image,d#loot04_ui_icon_outfit_global_warpaint_s4_sun_scarlett_ix
image,d#loot03_ui_icon_outfit_warrior_epic1_robber_crash_outfit_bundle
image,d#loot05_ui_icon_outfit_demonology_legendary1_outrider
image,d#uie_ui_menu_aar_common_square
image,d#loot02_ui_icon_outfit_holidays_extra_warpaint_dragon_ruin
image,d#hash_2057b2ffd58957fc
image,d#hash_205bdc1e2640bf6a
image,d#loot04_ui_icon_outfit_global_warpaint_s4_pharaoh_recon
image,d#loot_ui_icon_outfit_halloween_extra_warpaint_punkinhead_dempsey
image,#ui_icon_director_tile_mp_dom_focus
image,d#loot_ui_icon_outfit_halloween_extra_warpaint_pumpkin_battery
image,d#hash_206e8eaa915a8bc5
image,d#ui_icon_specialist_portrait_hud_yuri
image,#hash_20805634a66b11e1
image,d#ui_icon_specialist_portrait_draft_recon
image,#hash_2085f83dc37f0c55
image,#hash_208cca2c769c2e30
image,d#loot05_ui_icon_outfit_global_warpaint_s5_zombie_outrider
image,d#loot02_ui_icon_outfit_holidays_extra_warpaint_nutcracker_ajax
image,#ui_icon_weapon_charms_skeleton_key
image,d#hash_20b126e208a57a8c
image,d#hash_20b688ceccc62232
image,#hash_20b933dac2b7b2e9
image,d#loot05_ui_icon_outfit_mean_legendary1_recon_outfit_bundle
image,d#loot_ui_icon_outfit_halloween_extra_warpaint_alien_takeo
image,#ui_icon_gamemode_sticksandstones
image,d#hash_20c78d1b36e74c3d
image,#uie_ui_menu_aar_stat_avg_right
image,d#ui_icon_specialist_portrait_hud_stuhlinger
image,d#uie_ui_menu_cac_allocation_pip_full
image,d#loot04_ui_icon_outfit_global_warpaint_s4_pharaoh_nomad
image,d#hash_20f2a5d1aa820bf9
image,d#hash_20f334fd622d29fe
image,d#hash_20f5c3afe39321d2
image,d#hash_210a71b5ab7b7acd
image,#ui_icon_weapon_charms_avocado_toast
image,#uie_ui_menu_common_line_square
image,d#loot03_ui_icon_outfit_global_warpaint_sunglasses_bruno
image,d#hash_212a690f8b74c1b5
image,#hash_213fa817ecda23a5
image,#uie_ui_hud_wz_endgame_common_triangle
image,d#loot02_ui_icon_outfit_holidays_extra_warpaint_dragon_nomad
image,d#uie_ui_icon_blackmarket_tier_token
image,#loot_ui_icon_jumppacks_trail_twitch_2_large
image,#loot07_ui_icon_cac_death_fx_nature
image,#ui_icon_weapon_hud_smg_mp40
image,d#loot04_ui_icon_outfit_global_warpaint_s4_creature_ruin
image,d#loot03_ui_icon_outfit_panther_rare1_prophet
image,#uie_ui_menu_aar_merit_sidebar
image,d#hash_218e7c87ee482240
image,d#hash_218ead3834548134
image,d#loot03_ui_icon_outfit_global_warpaint_robber_bruno
image,#ui_icon_equipment_hatchet_hud
image,#uie_ui_menu_popups_matchstart_circularframe
image,#uie_ui_hud_selectspawn_layout_boxside
image,d#ui_icon_gamemode_quickplay_wz_large
image,#ui_icon_weapon_charms_pine_tree
image,d#loot05_ui_icon_outfit_spectrum_rare1_nomad
image,#ui_icon_crm_motd_tactical_unicorn
image,#hash_21b9fa81fae6dbc7
image,d#hash_21bd160a8a40b2f5
image,d#loot03_ui_icon_outfit_global_warpaint_tattoo_diego
image,d#hash_21cac6a0b80ab091
image,d#hash_21d2ff84d81b506b
image,#uie_ui_menu_aar_levelup_fractalgrid
image,#hash_21fa6c147b5ef3cf
image,d#hash_21fce1413e4b0cfe
image,d#loot02_ui_icon_outfit_holidays_extra_warpaint_naughtyornice_crash
image,d#loot03_ui_icon_outfit_panther_rare3_torque
image,#uie_zm_hud_inventory_backing_tip
image,d#loot03_ui_icon_outfit_global_warpaint_hearts_bruno_ix
image,#ui_menu_start_menu_leaderboards
image,d#hash_2229ace67290bf56
image,d#loot02_ui_icon_outfit_holidays_extra_warpaint_dragon_crash
image,#uie_ui_menu_zombies_cac_elixir_loadout_box_dots
image,#uie_ui_menu_aar_stat_avg_line
image,d#hash_224b54a074f6a489
image,#uie_ui_icon_frontend_exclamation
image,#hash_225744800491f963
image,d#hash_2258033d925337b2
image,#uie_ui_hud_wz_endgame_merits_total_box
image,#uie_ui_menu_cac_attachment_upgrade_path_arrow
image,d#hash_229482563ce17fa5
image,#loot_ui_icon_jumppacks_parachute_diner
image,d#hash_229537a347ec639d
image,d#loot03_ui_icon_outfit_warrior_epic2_cop_seraph_warpaint
image,d#hash_22a7354d11908eed
image,d#loot05_ui_icon_outfit_global_warpaint_s5_hazard_outrider
image,#ui_icon_weapon_charms_snowman
image,d#ui_icon_gamemode_hardpoint_proseries_large
image,d#loot02_ui_icon_outfit_global_warpaint_boogie_man_stanton_ix
image,d#hash_22be77e6190a2302
image,d#hash_22d02f618a2c208c
image,d#loot05_ui_icon_outfit_mean_legendary1_ajax
image,d#loot02_ui_icon_outfit_global_warpaint_flaming_skull_richtofen
image,d#hash_22db7f2f4dd34a3b
image,d#loot_02_ui_icon_blackmarket_stream_dempsey_01
image,#hash_22e127e06b87d255
image,d#hash_22ec938ed4ad3499
image,d#loot03_ui_icon_outfit_panther_rare1_seraph_outfit_bundle
image,d#hash_22f46427c40e0782
image,d#loot_ui_icon_outfit_halloween_extra_warpaint_demon_scarlett
image,d#loot05_ui_icon_outfit_zombie_epic1_nomad
image,d#loot04_ui_icon_outfit_global_warpaint_s4_fish_scarlett_ix
image,#uie_ui_menu_inspection_identity_header
image,#loot_05_ui_icon_blackmarket_stream_spinal_tap
image,#ui_icon_weapon_charms_tanuki
image,#hash_2334750df4c718f4
image,d#loot02_ui_icon_outfit_holidays_extra_warpaint_candy_cane_ruin
image,d#hash_2339db6f0ed2d82e
image,d#loot03_ui_icon_outfit_global_warpaint_tattoo_torque
image,#uie_ui_menu_blackmarket_epic_fx
image,d#loot_ui_icon_outfit_halloween_extra_warpaint_gargoyle_prophet
image,d#hash_236ff32184f9f13e
image,d#hash_2371cae0b85bcb58
image,d#loot02_ui_icon_outfit_global_warpaint_flaming_skull_torque
image,d#hash_23862124f7eb0b40
image,d#hash_238b1103a71b2b19
image,d#loot03_ui_icon_outfit_warrior_epic1_robber_ruin_warpaint
image,#hash_23a09c1c0b8dff4d
image,#hash_23a68a01bc05576e
image,d#loot05_ui_icon_outfit_global_warpaint_s5_zombie_battery
image,#loot_ui_icon_jumppacks_wingsuit_raven_large
image,d#loot03_ui_icon_outfit_global_warpaint_tattoo_battery
image,d#loot02_ui_icon_outfit_holidays_extra_warpaint_candy_cane_diego_ix
image,d#hash_23bde2e49e831941
image,d#hash_23bff571b1e757e5
image,d#hash_23c173bd978371ca
image,d#hash_23d32f86800c6491
image,d#hash_23dc6565e1ff0015
image,#hash_23dcd6b96c1f06a4
image,d#hash_23e54668547dd1ab
image,d#loot_ui_icon_outfit_halloween_extra_warpaint_gargoyle_ruin
image,d#hash_23e997c2422e7ac6
image,d#ui_icon_rank_wz_level20_large
image,d#loot03_ui_icon_outfit_global_warpaint_clover_stanton
image,d#hash_23fc046adddae8b4
image,d#loot03_ui_icon_outfit_panther_rare1_ajax_outfit_bundle
image,#hash_240ab4934b0452d1
image,d#loot02_ui_icon_outfit_global_warpaint_facepalm_nikolai
image,#img_t8_menu_mp_preview_mp_gridlock
image,d#loot02_ui_icon_outfit_holidays_extra_warpaint_nutcracker_diego_ix
image,#ui_icon_equipment_smokecharge
image,#uie_ui_menu_cac_glow_half
image,d#loot_ui_icon_outfit_halloween_extra_warpaint_cthulhu_bruno_ix
image,d#loot04_ui_icon_outfit_global_warpaint_s4_creature_dempsey_pri
image,d#hash_242a0f13111f59f1
image,d#uie_ui_menu_cac_primary_button_top_bar
image,#uie_ui_menu_mtx_card_epic_main
image,#hash_243bb7a030dd12e9
image,d#hash_243dccd4569f903f
image,d#ui_menu_arena_firestreakflipbook_purple
image,d#loot03_ui_icon_outfit_global_warpaint_clover_crash
image,d#loot02_ui_icon_outfit_global_warpaint_flaming_skull_battery
image,#hash_244fdbb2b4029b78
image,d#hash_2451733becae0fcd
image,#hash_245dc48b34764c82
image,#loot_ui_icon_jumppacks_parachute_raven
image,#ui_icon_laboratory_aboffer3
image,#ui_icon_laboratory_aboffer2
image,#ui_icon_laboratory_aboffer1
image,d#loot02_ui_icon_outfit_global_warpaint_flaming_skull_firebreak
image,d#hash_246b529852adc8d6
image,#loot_ui_icon_jumppacks_parachute_raven_large
image,#img_t8_menu_zm_preview_red_playlist
image,#ui_icon_weapon_charms_flat_earth
image,#ui_menu_store_product_b04_kronos_preorder_base_small
image,#hash_2497bb9d74f40922
image,d#hash_24a8ada5e8633f3c
image,#uie_ui_menu_zombies_cac_elixir_slot_light_focus
image,d#loot03_ui_icon_outfit_global_warpaint_tattoo_nomad
image,d#loot02_ui_icon_outfit_global_warpaint_flaming_skull_nikolai
image,#hash_24bc7af3edb9ef01
image,d#loot02_ui_icon_outfit_holidays_extra_warpaint_dragon_stanton_ix
image,d#loot03_ui_icon_outfit_global_warpaint_tattoo_bruno
image,d#hash_24c367ee7933cf55
image,d#loot04_ui_icon_outfit_global_warpaint_s4_creature_seraph
image,d#loot02_ui_icon_outfit_global_warpaint_hypnotic_nikolai
image,#ui_icon_laboratory_treble
image,#ui_icon_director_tile_wz_focus
image,#hash_24e7c93078cfd970
image,d#ui_icon_specialist_portrait_draft_blackjack
image,d#hash_250b4d5723d7e36d
image,d#hash_251140cacf86dd17
image,#ui_icon_blackmarket_reserves_crate_x15_preview
image,#hash_25268e01fd0b4eb0
image,d#ui_icon_hero_portrait_draft_diego
image,d#loot02_ui_icon_outfit_holidays_extra_warpaint_candy_cane_ajax
image,#hash_2534ec32d0d93d9e
image,#hash_2534ee32d0d94104
image,#hash_2534ef32d0d942b7
image,#hash_2534f132d0d9461d
image,d#hash_253aa8f0e668f1ed
image,#uie_ui_menu_mp_scoreboard_list_score_bg
image,#hash_25536c0a833499b8
image,d#hash_2556471550165d14
image,d#loot04_ui_icon_outfit_global_warpaint_s4_creature_richtofen_pri
image,#ui_icon_gamemode_domination
image,d#loot03_ui_icon_outfit_global_warpaint_hearts_firebreak
image,d#loot02_ui_icon_outfit_global_warpaint_maori_bruno_ix
image,d#hash_256f732fa98c6598
image,d#loot04_ui_icon_outfit_topography_rare2_outrider
image,d#hash_259618570cdc56b4
image,#hash_259d632ac9663362
image,#uie_ui_menu_specialist_hub_frame
image,#hash_25ae38de912d2efa
image,d#loot04_ui_icon_outfit_global_warpaint_s4_pharaoh_richtofen_pri
image,d#hash_25b24a0bec8cae09
image,d#hash_25b9130e79177085
image,d#ui_menu_store_product_b04_spectre_rising_large
image,d#hash_25bf92c5062c86b5
image,d#loot02_ui_icon_outfit_global_warpaint_pixel_perfect_firebreak
image,#ui_icon_weapon_charms_crystal
image,#hash_25cbb8132f9331c1
image,d#loot04_ui_icon_outfit_topography_rare1_firebreak
image,d#uie_ui_menu_cac_vertical_pattern_bg
image,d#loot04_ui_icon_outfit_topography_rare3_battery_outfit_bundle
image,d#ui_icon_specialist_portrait_draft_brigadier
image,d#loot04_ui_icon_outfit_topography_rare3_seraph_outfit_bundle
image,#ui_icon_blackmarket_reserves_case_x10_preview
image,d#loot02_ui_icon_outfit_global_warpaint_fern_recon
image,#hash_25ee487f3cc2f5ee
image,d#hash_25ef74ffe2841911
image,d#hash_25f2472cf3773e15
image,d#loot02_ui_icon_outfit_global_warpaint_maori_nomad
image,#ui_icon_weapon_charms_crab
image,d#loot03_ui_icon_outfit_global_warpaint_clover_ruin
image,d#ui_menu_store_product_b04_digital_refresh_spectre_rising_large
image,#loot04_ui_icon_blackmarket_item_shop_wingsuit_game_cartridge
image,#hash_262843b22fdd53ab
image,#img_t8_menu_mp_preview_casino
image,d#loot03_ui_icon_outfit_global_warpaint_clover_torque
image,d#hash_263edaae6fcc2ed3
image,d#loot05_ui_icon_outfit_mean_legendary1_spectre
image,d#loot02_ui_icon_outfit_global_warpaint_maori_diego_ix
image,#uie_ui_menu_blackmarket_blackjack_single_crate
image,d#hash_26585c3e61286f13
image,d#hash_265a204a1892947f
image,#hash_2661a673636fb8c3
image,d#loot02_ui_icon_outfit_global_warpaint_fern_stanton_ix
image,d#loot02_ui_icon_outfit_holidays_extra_warpaint_dragon_scarlett
image,#uie_ui_menu_inspection_bg_linkline_solid
image,#loot04_ui_icon_blackmarket_item_shop_wingsuit_preview_kraken
image,d#loot05_ui_icon_outfit_mean_legendary1_spectre_outfit_bundle
image,d#loot_ui_icon_outfit_halloween_extra_warpaint_cthulhu_nomad
image,d#loot05_ui_icon_outfit_vampire_legendary1_torque
image,d#hash_2695115f50d42217
image,d#ui_icon_hero_portrait_draft_stanton_gladiator
image,d#loot03_ui_icon_outfit_global_warpaint_diamonds_seraph
image,d#loot03_ui_icon_outfit_global_warpaint_sunglasses_stanton
image,#ui_menu_ftue_welcome_hq_sm
image,d#loot04_ui_icon_outfit_global_warpaint_s4_fish_bruno
image,d#hash_26c1931901027662
image,d#hash_26d53a6e119b29b7
image,d#loot_ui_icon_outfit_halloween_extra_warpaint_cthulhu_diego
image,#hash_26e786b2595dd6ff
image,d#loot02_ui_icon_outfit_holidays_extra_warpaint_nutcracker_stanton
image,d#loot04_ui_icon_outfit_global_warpaint_s4_crackedmask_outrider
image,d#loot04_ui_icon_outfit_topography_rare1_outrider
image,d#loot03_ui_icon_outfit_global_warpaint_hearts_bruno
image,d#hash_26f7658c034b6d2d
image,#loot07_ui_icon_blackmarket_reserves_death_fx_ice
image,#hash_2703ee51feca8823
image,d#loot03_ui_icon_outfit_global_warpaint_clubs_bruno
image,d#loot02_ui_icon_outfit_global_warpaint_bleeding_nikolai
image,d#loot_ui_icon_outfit_halloween_extra_warpaint_alien_nikolai
image,d#loot04_ui_icon_outfit_warrior_epic1_wetworks_prophet_warpaint
image,d#hash_27234ce259fe0374
image,#hash_2729ff672b4a4de3
image,d#loot03_ui_icon_outfit_global_warpaint_diamonds_firebreak
image,d#ui_icon_equipment_frag_hud_dark
image,d#ui_menu_store_product_b04_kronos_preorder_cases_large
image,d#loot03_ui_icon_outfit_warrior_epic2_cop_seraph
image,d#loot02_ui_icon_outfit_global_warpaint_facepalm_torque
image,d#uie_ui_icon_startmenu_option_graphics
image,d#loot04_ui_icon_outfit_global_warpaint_s4_pharaoh_diego
image,#hash_27603f98c178300d
image,d#hash_277e0633826f4558
image,#hash_277fcdb93d69bef6
image,d#ui_icon_gamemode_killconfirmed_large
image,d#loot_ui_icon_outfit_halloween_extra_warpaint_ghoul_bruno_ix
image,d#hash_278c84dfdab4cd8b
image,#hash_2793bc2d15b17c17
image,d#hash_27961e0c1fc5f1b8
image,d#loot03_ui_icon_outfit_global_warpaint_diamonds_stanton_ix
image,d#hash_279c0c3386370d7f
image,d#hash_27a98f758e27a25c
image,d#hash_27ad3e26b9f30283
image,d#hash_27ad3f26b9f30436
image,d#hash_27ad4026b9f305e9
image,d#hash_27ad4126b9f3079c
image,d#hash_27ad4226b9f3094f
image,d#hash_27ad4326b9f30b02
image,d#hash_27ad4426b9f30cb5
image,d#hash_27ad4526b9f30e68
image,d#loot03_ui_icon_outfit_global_warpaint_robber_richtofen_pri
image,d#loot04_ui_icon_outfit_global_warpaint_s4_fish_richtofen_pri
image,#hash_27ccc4712f559c0b
image,#img_t8_menu_zm_preview_zodt8_rush_large
image,d#loot04_ui_icon_outfit_global_warpaint_s4_sun_prophet
image,d#hash_27e38886e74546f9
image,d#hash_27e8a4f95d762a5b
image,d#loot02_ui_icon_outfit_global_warpaint_flaming_skull_prophet
image,#hash_27fe61fd57091480
image,d#hash_2802c9aba4d7729a
image,d#hash_28031bd368dd0884
image,d#hash_28095806b81ceb01
image,d#loot03_ui_icon_outfit_panther_rare2_prophet
image,d#hash_2818e4c0efd758a6
image,d#uie_ui_menu_specialist_hub_info_bracket
image,d#loot03_ui_icon_outfit_global_warpaint_jester_diego
image,d#loot_ui_icon_outfit_halloween_extra_warpaint_grimreaper_scarlett_ix
image,d#loot02_ui_icon_outfit_holidays_extra_warpaint_reindeer_scarlett_ix
image,d#ui_icon_specialist_portrait_draft_sergei
image,d#hash_2835ff1db9e421b1
image,d#hash_28386ea414e503fd
image,d#hash_283a39e4c1e8ff52
image,d#hash_283e381356397f89
image,d#loot02_ui_icon_outfit_global_warpaint_bleeding_scarlett
image,#hash_284cf831d4add5c3
image,d#ui_icon_nebulium_2x
image,d#hash_2851d0cd0e363813
image,d#hash_285c5d809157d62a
image,d#loot_ui_icon_outfit_halloween_extra_warpaint_cthulhu_scarlett
image,d#loot02_ui_icon_outfit_global_warpaint_bleeding_dempsey
image,d#hash_28743b68e0bf0e3b
image,d#loot04_ui_icon_outfit_topography_rare3_seraph
image,#hash_287fba6ed8287e8b
image,d#hash_2880e53f57d29450
image,d#loot02_ui_icon_outfit_global_warpaint_pixel_perfect_dempsey
image,d#hash_28ac70ddb20c3edc
image,d#hash_28ad6e9cb1041800
image,#loot_ui_icon_jumppacks_parachute_diner_large
image,d#hash_28c10a2140f03802
image,d#loot03_ui_icon_outfit_global_warpaint_tattoo_outrider
image,d#hash_28c6d654f1828f9b
image,d#hash_28ce7867be3f24a4
image,#ui_menu_ftue_blackjackreserves
image,d#hash_28d549b1e7b9c8de
image,d#ui_icon_specialist_portrait_hud_misty
image,d#uie_ui_menu_specialist_hub_window_corner
image,d#loot03_ui_icon_outfit_panther_rare2_recon
image,#hash_28e8508a8b137347
image,#loot_ui_icon_jumppacks_trail_fire_and_fury
image,#loot_ui_icon_jumppacks_trail_kraken
image,d#hash_291064653428e8f0
image,d#hash_29112988d94288ab
image,d#loot05_ui_icon_outfit_mean_legendary1_firebreak
image,#loot_ui_icon_jumppacks_wingsuit_st_patty_large
image,d#hash_291ff5111daaf7f4
image,#hash_2921aff0d06b9f40
image,#hash_2925616915967b7a
image,#ui_icon_weapon_charms_banana_funtime
image,#ui_icon_difficulty_zm_normal_large
image,d#hash_2930d23cbf95ce59
image,d#hash_293a0a9dca827d72
image,d#hash_29508c0fcc375d31
image,d#hash_295676927d513cb5
image,#hash_296460aaa869f14a
image,d#loot02_ui_icon_outfit_holidays_extra_warpaint_nutcracker_zero
image,d#hash_296d173c5a892db5
image,#hash_296f76cb730c2346
image,d#loot03_ui_icon_outfit_benjamins_legendary1_battery_outfit_bundle
image,d#loot05_ui_icon_outfit_global_warpaint_s5_hazard_crash
image,d#loot03_ui_icon_outfit_panther_rare3_crash_outfit_bundle
image,d#loot04_ui_icon_outfit_global_warpaint_s4_pharaoh_dempsey_pri
image,d#loot02_ui_icon_outfit_global_warpaint_flaming_skull_seraph
image,d#hash_29a0f093631bc71b
image,d#ui_icon_specialist_portrait_draft_weaver
image,#ui_menu_ftue_zm_custom
image,d#loot03_ui_icon_outfit_warrior_epic1_robber_nomad
image,d#hash_29b101066b25e503
image,#hash_29bc693c9cee78ad
image,d#uie_ui_menu_mp_scoreboard_map_topbox2
image,d#hash_29c932da3bc1a9da
image,d#hash_29ce1be52022269b
image,d#loot04_ui_icon_outfit_topography_rare2_spectre_outfit_bundle
image,d#loot_ui_icon_outfit_halloween_extra_warpaint_scarecrow_nomad
image,d#loot02_ui_icon_outfit_global_warpaint_boogie_man_torque
image,d#ui_icon_equipment_zm_flamethrower_lvl1_dark
image,#ui_icon_difficulty_zm_realistic_large
image,d#hash_29f394038b227047
image,#uie_ui_menu_mtx_button_glow_rim_thin01
image,d#hash_2a1eaf87870d9d1e
image,d#loot03_ui_icon_outfit_global_warpaint_jester_crash
image,#hash_2a270193c87fa3b3
image,#loot_ui_icon_jumppacks_wingsuit_game_cartridge
image,d#hash_2a3c35b35d3a1f58
image,d#loot02_ui_icon_outfit_global_warpaint_maori_battery
image,#hash_2a4f022e73a1cac4
image,#uie_ui_menu_zombies_cac_elixir_slot_corners
image,d#ui_icon_equipment_frag_hud
image,#hash_2a690f290b9efd24
image,d#hash_2a6c85571e7dad5a
image,d#hash_2a708b8f089c7bc4
image,d#loot05_ui_icon_outfit_spectrum_rare1_torque_outfit_bundle
image,#ui_icon_obit_gravslam
image,d#hash_2a8538929a91d9ef
image,d#loot05_ui_icon_outfit_global_warpaint_s5_zombie_takeo_pri
image,d#hash_2a8aaf2bff524d85
image,#hash_2a8ab86381ba9f07
image,#uie_ui_hud_zm_aar_reward_bg
image,d#hash_2a8ff35a2f3538b5
image,#hash_2a938c74c48ddb56
image,d#loot_ui_icon_outfit_halloween_extra_warpaint_scarecrow_crash
image,#loot_03_ui_icon_blackmarket_stream_saug_partyrock
image,d#loot04_ui_icon_outfit_warrior_epic1_wetworks_nomad
image,d#hash_2add835e021d64f3
image,d#hash_2ae56aff1e448601
image,d#hash_2aeb834d1a73ff56
image,#loot02_ui_icon_blackmarket_stream_camo_dlc1_killabyte
image,d#loot02_ui_icon_outfit_global_warpaint_rorschach_scarlett_ix
image,d#loot02_ui_icon_outfit_holidays_extra_warpaint_reindeer_richtofen
image,d#loot04_ui_icon_outfit_global_warpaint_s4_pharaoh_nikolai_pri
image,#hash_2b2d673208ad3dfc
image,d#loot02_ui_icon_outfit_global_warpaint_pixel_perfect_bruno_ix
image,d#loot03_ui_icon_outfit_global_warpaint_hearts_crash
image,#ui_icon_weapon_charms_steak
image,#ui_menu_store_product_b04_kronos_preorder_cases_small
image,#hash_2b50c7f947d5ad5d
image,#img_t8_menu_zm_preview_white_rush_large
image,#hash_2b57f7c24aebaec5
image,#hash_2b598236a924c47d
image,d#loot03_ui_icon_outfit_panther_rare3_crash
image,#uie_ui_menu_cac_grain_pattern_bg
image,#uie_ui_menu_item_shop_lock_backer
image,d#hash_2b6d0275ee9e9644
image,d#hash_2b6f788c1626c08f
image,#hash_2b73fd6b1d4a1baf
image,d#loot03_ui_icon_outfit_global_warpaint_diamonds_battery
image,#hash_2b7bdd54efbd8b27
image,d#loot04_ui_icon_outfit_topography_rare1_zero_outfit_bundle
image,d#hash_2b92640e171c063d
image,#img_t8_menu_zm_preview_red_large
image,d#loot02_ui_icon_outfit_holidays_extra_warpaint_nutcracker_seraph
image,d#loot04_ui_icon_outfit_water_legendary1_recon_outfit_bundle
image,d#hash_2b9d809a362c080a
image,d#hash_2ba86b7b5e0c5d06
image,#hash_2bae34fcd1debfbe
image,d#loot03_ui_icon_outfit_global_warpaint_spades_firebreak
image,d#loot_ui_icon_outfit_halloween_extra_warpaint_alien_torque
image,#hash_2bbb8aa8d956b8b7
image,d#hash_2bc7480aaede0f0b
image,#ui_icon_blackmarket_stream_weapon_bribe_crate
image,d#loot04_ui_icon_outfit_global_warpaint_s4_sun_ajax
image,#ui_menu_ftue_zm_tutorial_01
image,#loot03_ui_icon_blackmarket_item_shop_wingsuit_st_patty
image,#hash_2bf90f4b4ec33404
image,d#hash_2bfb16546954a050
image,d#uie_ui_menu_store_price_bg
image,d#hash_2c0c4283827e24ee
image,#hash_2c147861c238ddcb
image,d#loot03_ui_icon_outfit_warrior_epic2_cop_firebreak
image,#ui_menu_ftue_welcome_mp_sm
image,d#loot02_ui_icon_outfit_numbers_recon
image,#loot_ui_icon_jumppacks_trail_tropbird_large
image,d#hash_2c21d7637e88f0a2
image,#uie_ui_menu_common_button_bg_glow_large
image,d#uie_ui_menu_store_element_frame
image,d#hash_2c2de6f6a91c9bc0
image,d#loot04_ui_icon_outfit_topography_rare3_zero_outfit_bundle
image,d#loot03_ui_icon_outfit_panther_rare3_ajax_outfit_bundle
image,d#loot03_ui_icon_outfit_global_warpaint_jester_firebreak
image,d#ui_icon_equipment_thermite
image,d#loot05_ui_icon_outfit_global_warpaint_s5_hazard_scarlett
image,#uie_ui_menu_inspection_grid_dot_bg
image,#uie_ui_menu_mp_scoreboard_list_score_bot
image,d#hash_2c6c8ba3001b6c04
image,d#hash_2c70f6ead94db569
image,d#loot03_ui_icon_outfit_global_warpaint_jester_ruin
image,d#hash_2c7a051f5efc70e5
image,d#hash_2c84da72dbea96f9
image,d#loot05_ui_icon_outfit_global_warpaint_s5_zombie_recon
image,#hash_2c9248138678c017
image,d#loot04_ui_icon_outfit_topography_rare2_nomad_outfit_bundle
image,d#loot04_ui_icon_outfit_global_warpaint_s4_crackedmask_bruno
image,#loot_ui_icon_jumppacks_parachute_heist
image,d#loot_ui_icon_outfit_halloween_extra_warpaint_grimreaper_diego
image,d#hash_2cb4a32659d7cc8b
image,d#loot04_ui_icon_outfit_warrior_epic1_wetworks_outrider
image,d#loot05_ui_icon_outfit_global_warpaint_s5_hazard_spectre
image,#ui_icon_weapon_charms_peach
image,d#ui_icon_equpiment_zm_meleehammer_lv2_dark
image,#img_t8_menu_zm_preview_orange_rush
image,d#loot02_ui_icon_outfit_holidays_extra_warpaint_naughtyornice_prophet
image,d#loot03_ui_icon_outfit_global_warpaint_diamonds_recon
image,#hash_2cec97734bcb70c8
image,d#loot04_ui_icon_outfit_global_warpaint_s4_creature_bruno
image,#uie_ui_menu_zombies_cac_altar_cola_active
image,d#hash_2d1625fd1abbd582
image,#ui_icon_blackmarket_item_shop_reserve_crate_x2_preview
image,d#loot03_ui_icon_outfit_global_warpaint_robber_battery
image,#hash_2d206daeeb9b4c08
image,d#loot03_ui_icon_outfit_global_warpaint_jester_richtofen_pri
image,d#loot02_ui_icon_outfit_global_warpaint_bleeding_torque
image,d#loot03_ui_icon_outfit_global_warpaint_hearts_takeo_pri
image,d#loot04_ui_icon_outfit_summer_legendary1_nomad
image,d#loot02_ui_icon_outfit_holidays_extra_warpaint_reindeer_dempsey
image,d#hash_2d4a8f88b89a418e
image,d#hash_2d4d2068202e61d5
image,#loot04_ui_icon_blackmarket_reserves_death_fx_anime
image,#ui_icon_obit_emp
image,#ui_icon_challenges_mpcareer
image,d#loot04_ui_icon_outfit_topography_rare1_ruin
image,d#uie_pc_bnetstore_footerbtnbg
image,d#loot03_ui_icon_outfit_global_warpaint_diamonds_richtofen_pri
image,#ui_icon_blackmarket_x10tiers
image,d#hash_2d69ea349b2e0b4f
image,d#loot_ui_icon_outfit_halloween_extra_warpaint_grimreaper_richtofen
image,d#loot02_ui_icon_outfit_holidays_extra_warpaint_krampus_bruno
image,d#hash_2d95f641295b927a
image,#ui_menu_specialist_hud_poster_frame_locked
image,#loot_ui_icon_jumppacks_parachute_twitch_2_large
image,d#hash_2dcbdb9960cc2a46
image,#ui_icon_equipment_zm_katana_lvl1
image,#ui_icon_equipment_zm_katana_lvl2
image,#ui_icon_equipment_zm_katana_lvl3
image,d#loot03_ui_icon_outfit_global_warpaint_sunglasses_nikolai_pri
image,d#hash_2ddc95cece6523b6
image,d#hash_2de1706860ba000c
image,#hash_2de5a76edf945072
image,#uie_ui_hud_zm_aar_obj_bg
image,#ui_icon_weapon_charms_ice_cream
image,d#hash_2df42bedd2cd4ad2
image,d#loot04_ui_icon_outfit_global_warpaint_s4_crackedmask_richtofen_pri
image,d#loot_ui_icon_outfit_halloween_extra_warpaint_grim_prophet
image,d#loot04_ui_icon_outfit_global_warpaint_s4_pharaoh_seraph
image,d#hash_2e231db7d4e742ee
image,d#uie_ui_menu_inspection_bg_element_box_selected
image,d#loot04_ui_icon_outfit_global_warpaint_s4_crackedmask_seraph
image,d#loot04_ui_icon_outfit_global_warpaint_s4_fish_battery
image,d#uie_ui_menu_contracts_ring_empty
image,d#loot_ui_icon_outfit_halloween_extra_warpaint_punkinhead_bruno
image,d#loot02_ui_icon_outfit_holidays_extra_warpaint_candy_cane_zero
image,#loot_03_ui_icon_blackmarket_stream_camo_retro_vegas
image,#ui_icon_challenges_wzdarkops_large
image,d#hash_2e60e3be700b3d95
image,d#hash_2e66c9f2b95c5999
image,d#ui_menu_store_product_b04_dead_of_nights_large
image,d#loot04_ui_icon_outfit_assassin_legendary1_crash_outfit_bundle
image,d#loot02_ui_icon_outfit_holidays_extra_warpaint_snowman_zero
image,d#ui_icon_hero_portrait_draft_menendez
image,#hash_2e836f9a25d56dd4
image,d#hash_2e8992c6623f760e
image,d#hash_2e8c750891030fdd
image,d#loot04_ui_icon_outfit_global_warpaint_s4_creature_scarlett
image,d#hash_2eaef3909e2ceeb3
image,d#hash_2eb206dbf2fa9be4
image,d#loot02_ui_icon_outfit_holidays_extra_warpaint_dragon_scarlett_ix
image,#ui_icon_weapon_charms_ufo
image,#uie_zm_hud_cornerdecoration_half
image,d#hash_2ec881b2e8fc9a27
image,#hash_2ed0aeb8d8f30c1d
image,#ui_icon_obit_claymore
image,#hash_2ee6fabb2e9fceae
image,d#hash_2eef89b5de4d3bc4
image,#ui_icon_challenges_mpscorestreaks_large
image,d#hash_2f0ff9d24563d880
image,d#hash_2f34f39655c6e3ce
image,d#loot03_ui_icon_outfit_global_warpaint_robber_torque
image,d#loot03_ui_icon_outfit_warrior_epic2_cop_nomad_outfit_bundle
image,#hash_2f46cd598b4e32b2
image,d#hash_2f4956dd941f7edc
image,#loot_ui_icon_jumppacks_wingsuit_elvis
image,#uie_ui_icon_wz_prestigemain_master_large
image,d#uie_ui_menu_specialist_hub_selectbox_empty
image,d#hash_2f543f0a5dfcb140
image,d#hash_2f54ead93c512865
image,d#hash_2f58756a91a5bb75
image,d#loot02_ui_icon_outfit_global_warpaint_hypnotic_takeo
image,d#loot03_ui_icon_outfit_global_warpaint_diamonds_diego
image,d#loot03_ui_icon_outfit_panther_rare3_ruin
image,#uie_ui_menu_zm_metal_bar
image,#ui_menu_ftue_itemshop
image,d#hash_2f6c4845bf86401a
image,#ui_menu_ftue_zm_featured_playlist
image,#ui_icon_blackmarket_reserves_bundle_crates_10
image,#uie_ui_menu_common_focus_glow_smaller
image,d#hash_2f7a37b9ec87bc67
image,#img_t8_menu_mp_preview_russianbase
image,#ui_icon_crm_motd_hd_3x_trip_tier_zomb_mp_01
image,d#loot05_ui_icon_outfit_spectrum_rare1_firebreak_outfit_bundle
image,#img_t8_menu_mp_preview_hacienda_alt
image,d#hash_2f9acae6f2ad1a8d
image,d#hash_2fa22aad79fb099f
image,d#uie_ui_icon_frontend_helptag_glow
image,d#loot04_ui_icon_outfit_global_warpaint_s4_pharaoh_crash
image,d#hash_2fbd8ec4d9a20b9c
image,d#hash_2fc8c583e310c266
image,d#loot04_ui_icon_outfit_global_warpaint_s4_fish_ruin
image,#img_t8_menu_zm_preview_office_rush_large
image,#img_t8_menu_mp_preview_firingrange2_alt
image,d#hash_30001d8d8e4b3ef8
image,#ui_icon_weapon_charms_pixel_alien
image,d#hash_30089666d30f95cd
image,d#hash_300bd1e5df7484aa
image,d#loot02_ui_icon_outfit_holidays_extra_warpaint_dragon_recon
image,d#hash_301fea84d25aa491
image,d#loot04_ui_icon_outfit_assassin_legendary1_ruin
image,#loot07_ui_icon_cac_death_fx_ice
image,#hash_302a44e4da38f4b4
image,d#hash_302ee9ec7dc29acf
image,d#hash_303858ad188b00d9
image,d#loot04_ui_icon_outfit_global_warpaint_s4_pharaoh_zero
image,d#hash_303aecadc998d974
image,d#loot02_ui_icon_outfit_holidays_extra_warpaint_snowman_firebreak
image,d#hash_30449467bdaa3956
image,d#hash_304ace445e7716f5
image,d#uie_ui_menu_start_menu_emblem
image,d#loot_ui_icon_outfit_halloween_extra_warpaint_pumpkin_ruin
image,#ui_icon_difficulty_zm_hardcore_large
image,d#hash_3059462c7c678ad1
image,#loot_ui_icon_jumppacks_parachute_fire_and_fury
image,d#ui_icon_specialist_portrait_draft_crash
image,#ui_icon_gamemode_moshpit
image,d#loot05_ui_icon_outfit_zombie_epic1_zero
image,d#loot04_ui_icon_outfit_global_warpaint_s4_crackedmask_prophet
image,#hash_30758ea17a473405
image,d#loot03_ui_icon_outfit_global_warpaint_clubs_nomad
image,d#hash_308bbbf05abb3c5d
image,d#loot03_ui_icon_outfit_global_warpaint_robber_bruno_ix
image,#hash_309789792c2b80ff
image,#hash_30995b8eb64b3092
image,d#loot03_ui_icon_outfit_global_warpaint_tattoo_takeo_pri
image,d#hash_309f14af302339fc
image,#loot_03_ui_icon_blackmarket_stream_roadhouse
image,#hash_30c1e2676de70b14
image,d#uie_ui_menu_social_popup_list_frame_box
image,d#hash_30c4e7d935401a07
image,d#hash_30d30548141ae035
image,d#loot02_ui_icon_outfit_global_warpaint_hypnotic_scarlett_ix
image,#ui_icon_crm_featured_dragon_slayer
image,#loot_ui_icon_jumppacks_parachute_wraith
image,d#loot05_ui_icon_outfit_global_warpaint_s5_zombie_torque
image,d#loot04_ui_icon_outfit_water_legendary1_spectre_warpaint
image,#ui_icon_obit_acid_bomb
image,d#hash_30eb189ed519a9b9
image,d#loot03_ui_icon_outfit_global_warpaint_clubs_nikolai_pri
image,d#hash_30fa1068ee106998
image,d#loot04_ui_icon_outfit_global_warpaint_s4_fish_stanton
image,#hash_30ff1f4f6ebbe150
image,d#loot02_ui_icon_outfit_holidays_extra_warpaint_nutcracker_takeo
image,d#loot02_ui_icon_outfit_holidays_extra_warpaint_snowman_battery
image,d#loot04_ui_icon_outfit_global_warpaint_s4_fish_scarlett
image,#ui_menu_ftue_welcome_wz_sm
image,d#ui_icon_equpiment_zm_rastaff_lv2_dark
image,d#loot03_ui_icon_outfit_global_warpaint_jester_takeo_pri
image,d#ui_icon_weapon_hud_fists
image,#uie_ui_menu_specialist_hub_frame_top
image,d#hash_31302f560e00592d
image,d#hash_3130ab3f2f974104
image,#ui_icon_blackmarket_reserves_crate_x15_large_square
image,#uie_ui_menu_specialist_hub_layout_topbar
image,d#loot04_ui_icon_outfit_water_legendary1_spectre_outfit_bundle
image,d#hash_316383e28b2fa44f
image,d#hash_3169e83add3006f5
image,d#loot03_ui_icon_outfit_global_warpaint_spades_bruno
image,#ui_icon_director_tile_mp_tdm
image,d#loot03_ui_icon_outfit_global_warpaint_clubs_crash
image,d#uie_ui_menu_store_common_frame
image,d#hash_318a4c10d8a33082
image,d#loot03_ui_icon_outfit_global_warpaint_clover_outrider
image,d#hash_31a4957f55c03e62
image,#hash_31abe89cc585f845
image,#hash_31b35139af5fc958
image,d#loot_ui_icon_outfit_dotd_base_pal_exo2_recon
image,d#loot_ui_icon_outfit_halloween_extra_warpaint_demon_battery
image,#hash_31d3f93b1dd00aa9
image,#hash_31d8d2157164fc6b
image,d#hash_31e05ae040c25302
image,#hash_31e0d93e7cea5b0b
image,d#hash_31e81eb72116fdd2
image,d#hash_31e8c13b8ac59c74
image,#ui_icon_ct_preview_ct_tutofirebreak_loadingmovie
image,#hash_31f4d130aeac000e
image,d#hash_3201e27c1fff7602
image,d#hash_3205aece33d6c1a6
image,#ui_icon_prestige_permanenttoken_large
image,d#hash_320e33503c5116bb
image,#loot_ui_icon_jumppacks_wingsuit_default_large
image,#uie_ui_menu_aar_info_grid_bg
image,d#hash_32483dfa3acfef29
image,#hash_324fed310e967746
image,#hash_325eb139bfd0468d
image,d#hash_3269fb2a2cfe9e11
image,d#loot04_ui_icon_outfit_warrior_epic1_wetworks_recon_warpaint
image,d#loot02_ui_icon_outfit_holidays_extra_warpaint_nutcracker_scarlett
image,d#loot04_ui_icon_outfit_water_legendary1_recon_warpaint
image,d#hash_3294e2a15d9610f5
image,d#hash_329e26d8aff33295
image,#hash_32a1cdb257428b9c
image,d#loot05_ui_icon_outfit_zombie_epic1_torque
image,d#loot03_ui_icon_outfit_global_warpaint_hearts_seraph
image,d#ui_icon_specialist_portrait_draft_butler
image,d#hash_32b0bc39a47b5ac9
image,#ui_icon_blackmarket_reserves_tier_x5_preview
image,d#loot04_ui_icon_outfit_warrior_epic1_wetworks_torque_outfit_bundle
image,d#hash_32df4e9ecce650a5
image,d#hash_32dfeafb05f0b4c6
image,d#ui_menu_store_product_b04_alpha_omega_large
image,d#hash_32e8d05abb9584f0
image,d#hash_32eeb4e67455725e
image,d#hash_32efad78dd3d13ce
image,d#hash_32f80af66c054f97
image,d#hash_32fd1a0bcfa7616b
image,d#ui_icon_specialist_portrait_draft_reaper
image,#uie_ui_icon_loadouts_breadcrumb
image,d#loot02_ui_icon_outfit_holidays_extra_warpaint_naughtyornice_nomad
image,d#hash_331489a544dabef6
image,d#loot03_ui_icon_outfit_global_warpaint_diamonds_scarlett
image,d#loot03_ui_icon_outfit_global_warpaint_robber_dempsey_pri
image,d#hash_332ca4b76d8a7684
image,#ui_icon_challenges_mpdarkops_large
image,#hash_334cef76f390affd
image,d#loot03_ui_icon_outfit_global_warpaint_spades_stanton
image,d#uie_ui_menu_contracts_ring_glow_complete
image,#hash_3357069940064f75
image,#loot_ui_icon_jumppacks_trail_vampire
image,#uie_ui_menu_emblem_grid
image,#uie_ui_hud_zm_arr_reward_star
image,d#loot02_ui_icon_outfit_global_warpaint_rorschach_firebreak
image,d#hash_3391b2e89be88e2a
image,d#hash_33922b84a64ea138
image,d#loot_ui_icon_outfit_halloween_extra_warpaint_scarecrow_firebreak
image,d#hash_339d49fd966f7f57
image,d#loot03_ui_icon_outfit_panther_rare2_outrider
image,#ui_icon_obit_lmg_double
image,#loot_ui_icon_jumppacks_wingsuit_vampire_large
image,#ui_icon_weapon_charms_lil_ray
image,#ui_menu_ftue_wl_welcome
image,d#hash_33d73a15c742c379
image,d#hash_33e6242cc955a010
image,#hash_33f29ff813507d9b
image,#hash_33f8e0237f44b0e2
image,d#hash_3400d95b47c0f32c
image,#uie_ui_hud_wz_endgame_end_arrow
image,#hash_342b6a8a46af63dc
image,d#loot02_ui_icon_outfit_global_warpaint_fern_bruno
image,d#hash_34319e6999b37917
image,d#hash_34347dca95b2b458
image,#loot_ui_icon_jumppacks_trail_valentine
image,#hash_344867611837bcf4
image,#hash_344accbafd5c3348
image,d#hash_345ac56415bc7041
image,#ui_icon_ability_spawnbeacon
image,#loot04_ui_icon_blackmarket_itemdetail_bundle_plasmadrive
image,#hash_3474d3592502d2fa
image,d#hash_34773ed14ac64191
image,d#loot02_ui_icon_outfit_holidays_extra_warpaint_nutcracker_ruin
image,d#loot05_ui_icon_outfit_global_warpaint_s5_zombie_bruno
image,d#hash_3488abe5cae80883
image,d#loot03_ui_icon_outfit_panther_rare1_nomad
image,d#loot03_ui_icon_outfit_global_warpaint_jester_zero
image,#ui_menu_ftue_wz_how_to
image,d#loot02_ui_icon_outfit_global_warpaint_pixel_perfect_takeo
image,d#hash_3498f026935dc99f
image,d#hash_34bd98bf7a07c89c
image,#hash_34c042bc6c9d43a9
image,d#loot04_ui_icon_outfit_global_warpaint_s4_sun_spectre
image,d#loot03_ui_icon_outfit_global_warpaint_robber_nikolai_pri
image,#icons_hud_ultimates_sparrow_dark
image,d#hash_34e219e3efdb8ec6
image,d#hash_34ea1d5de810cca8
image,#uie_ui_menu_mtx_card_rare_main
image,#loot_04_ui_icon_blackmarket_stream_bacon
image,d#loot02_ui_icon_outfit_holidays_extra_warpaint_dragon_takeo
image,d#hash_35087aaf5947e7f3
image,#ui_icon_obit_dog
image,d#hash_350ace1fe40acb4e
image,d#loot05_ui_icon_outfit_global_warpaint_s5_zombie_diego_ix
image,d#hash_3529110b9bfee162
image,#ui_icon_challenges_zmdarkops
image,d#hash_353e6b3be3f6e0c4
image,d#loot03_ui_icon_outfit_panther_rare2_firebreak_outfit_bundle
image,d#loot04_ui_icon_outfit_water_legendary1_ajax
image,d#hash_355fd861de56ef64
image,#ui_menu_store_product_b04_kronos_preorder_token_small
image,d#loot03_ui_icon_outfit_global_warpaint_robber_outrider
image,#loot02_ui_icon_blackmarket_stream_camo_dlc1_shimmer
image,#ui_icon_blackmarket_stream_crate_bundle
image,d#loot03_ui_icon_outfit_warrior_epic1_robber_ruin
image,#ui_icon_obit_annihilator
image,d#loot03_ui_icon_outfit_warrior_epic1_robber_seraph_outfit_bundle
image,d#loot04_ui_icon_outfit_global_warpaint_s4_crackedmask_zero
image,d#loot04_ui_icon_outfit_global_warpaint_s4_fish_bruno_ix
image,d#ui_icon_specialist_portrait_hud_reaper_t7
image,#icons_hud_ultimates_blade
image,d#loot02_ui_icon_outfit_global_warpaint_hypnotic_recon
image,d#uie_ui_menu_inspection_bg_element_boxes01
image,#uie_ui_menu_inspection_bg_element_boxes02
image,d#hash_359a01d4b16a72ca
image,d#loot02_ui_icon_outfit_global_warpaint_flaming_skull_ruin
image,d#ui_icon_specialist_portrait_hud_johnson
image,d#loot_03_ui_icon_blackmarket_stream_replacer
image,#hash_35a6309c5777e49b
image,#loot_ui_icon_jumppacks_trail_heist_large
image,d#loot04_ui_icon_outfit_summer_legendary1_torque_warpaint
image,d#hash_35bbc22694aa1002
image,d#loot05_ui_icon_outfit_global_warpaint_s5_hazard_bruno_ix
image,#hash_35deb4d24b9ce230
image,d#hash_35e594e3edcc7ef7
image,d#hash_35e69992772ccbdc
image,d#hash_35e6c02d75f9d3be
image,d#hash_36000e4d443110f2
image,#uie_ui_menu_specialist_hub_frame_bot
image,#ui_icon_crm_motd_hd_machinepistol
image,d#hash_3615f06a47a953d2
image,d#hash_3619aeddf5da74a8
image,d#ui_icon_specialist_portrait_draft_torque
image,#ui_icon_weapon_charms_bullet
image,d#hash_3634b7958539ceb7
image,#hash_363a7faaee6dec3a
image,#ui_icon_weapon_charms_9mmbullet
image,d#hash_3640d0f365597b30
image,d#hash_36422dc1a844dcc4
image,#loot_03_ui_icon_blackmarket_stream_cherryblossom
image,#loot_ui_icon_jumppacks_parachute_savage_large
image,d#loot04_ui_icon_outfit_summer_legendary1_battery_outfit_bundle
image,d#loot05_ui_icon_outfit_zombie_epic1_ajax_warpaint
image,d#hash_365fe630f2c9cb02
image,#uie_zm_hud_elixirdpadbacking
image,d#loot02_ui_icon_outfit_holidays_extra_warpaint_krampus_takeo
image,d#ui_menu_store_product_b04_grand_heist_large
image,#ui_icon_crm_motd_triple_play_demo_hammer
image,d#hash_3685c95d2fde6cbc
image,d#hash_36887a63dcb057c3
image,d#hash_368fb6ab92e4d2a4
image,d#hash_369b7cdd1b5544fc
image,d#hash_36ac4e269f43b4d2
image,#ui_icon_gamemode_teamdeathmatch
image,d#loot04_ui_icon_outfit_warrior_epic1_wetworks_nomad_outfit_bundle
image,d#ui_icon_equipment_zm_gravityspikes_lvl1_dark
image,d#ui_icon_specialist_portrait_draft_spectre
image,d#hash_36ca76feb3f18f10
image,d#hash_36cb77492f7cf709
image,d#hash_36e94af17483ecdc
image,d#hash_36eb094b81f64343
image,d#loot02_ui_icon_outfit_holidays_extra_warpaint_dragon_diego_ix
image,#ui_icon_equipment_trophysystem_dark
image,#hash_36faa5c7eb141973
image,d#loot05_ui_icon_outfit_global_warpaint_s5_zombie_nikolai_pri
image,#uie_ui_hud_zm_aar_common_bar
image,d#loot_ui_icon_outfit_halloween_extra_warpaint_scarecrow_bruno_ix
image,d#hash_3726f030ae26e6c5
image,d#loot03_ui_icon_outfit_global_warpaint_spades_ruin
image,d#hash_37337326390d5292
image,#img_t8_menu_mp_preview_madagascar
image,d#loot02_ui_icon_outfit_holidays_extra_warpaint_candy_cane_torque
image,d#hash_376c2afcd043c7bc
image,#ui_icon_obit_barricade
image,d#hash_377d201e2c4fb6f9
image,d#loot02_ui_icon_outfit_global_warpaint_bleeding_prophet
image,d#loot02_ui_icon_outfit_holidays_extra_warpaint_nutcracker_prophet
image,d#loot_ui_icon_outfit_halloween_extra_warpaint_punkinhead_stanton_ix
image,#uie_ui_menu_window_loading_text
image,d#hash_37905893d2bbaf66
image,#ui_icon_gamemode_moshpit_large
image,#loot_ui_icon_jumppacks_wingsuit_celestial_large
image,#ui_icon_equipment_semtex_dark
image,#loot_ui_icon_jumppacks_trail_crashing_wave_large
image,d#hash_37acb7b881e59d6f
image,d#hash_37bf5fe72a24c09b
image,#uie_ui_menu_start_menu_small_grid
image,d#ui_icon_specialist_portrait_hud_replacer
image,d#hash_37ce1e08d431654c
image,d#hash_37d8792461da17f0
image,d#loot_ui_icon_outfit_halloween_extra_warpaint_punkinhead_nikolai
image,d#loot04_ui_icon_outfit_global_warpaint_s4_crackedmask_diego_ix
image,d#hash_37ec32618675dedd
image,d#loot03_ui_icon_outfit_global_warpaint_jester_recon
image,d#hash_37ef2b52c93ab56f
image,d#hash_37f2cf43a2eb8fb9
image,#loot_ui_icon_jumppacks_trail_elvis_large
image,d#hash_37fa95e120d5b1ef
image,d#hash_3801bf592fa13b21
image,#uie_ui_menu_specialist_hub_info_dotline
image,d#loot02_ui_icon_outfit_holidays_extra_warpaint_reindeer_scarlett
image,d#loot02_ui_icon_outfit_global_warpaint_bleeding_firebreak
image,d#loot02_ui_icon_outfit_global_warpaint_hypnotic_diego
image,d#hash_381a29f1f5550063
image,d#hash_382482ea042f1c10
image,d#hash_3832c1386ce0d9d2
image,d#loot_ui_icon_outfit_halloween_extra_warpaint_cthulhu_torque
image,d#loot03_ui_icon_outfit_global_warpaint_clubs_recon
image,d#hash_3850331c06ff1b0c
image,d#hash_3861ff0dbeb88cf1
image,d#loot03_ui_icon_outfit_global_warpaint_clover_richtofen_pri
image,d#loot02_ui_icon_outfit_holidays_extra_warpaint_nutcracker_nikolai
image,#img_t8_menu_mp_preview_morocco
image,d#loot02_ui_icon_outfit_holidays_extra_warpaint_candy_cane_richtofen
image,d#hash_387b74f8f36820ca
image,d#hash_388b34668c37f3f9
image,d#loot_ui_icon_outfit_halloween_extra_warpaint_scarecrow_recon
image,#hash_38a3c5fff5d98d4b
image,d#loot03_ui_icon_outfit_benjamins_legendary1_crash
image,d#loot02_ui_icon_outfit_global_warpaint_bleeding_diego_ix
image,d#hash_38c5c7c6c15cb514
image,d#hash_38c723f94c63da2d
image,d#hash_38cd3ddc0f51f612
image,d#loot04_ui_icon_outfit_global_warpaint_s4_pharaoh_spectre
image,d#hash_38e8260a927e76d2
image,#hash_38ea32a456c33d15
image,d#loot02_ui_icon_outfit_holidays_extra_warpaint_dragon_bruno
image,d#loot_ui_icon_outfit_halloween_extra_warpaint_gargoyle_diego_ix
image,d#hash_3908d20d7b360718
image,d#uie_ui_menu_social_popup_list_frame_top
image,#hash_390ec6c7bd44ad34
image,d#loot02_ui_icon_outfit_holidays_extra_warpaint_krampus_nikolai
image,#loot_04_ui_icon_blackmarket_reserves_jumppack_tropical_bird
image,d#loot03_ui_icon_outfit_global_warpaint_jester_scarlett_ix
image,#img_t8_menu_zm_preview_towers_rush
image,#hash_3928323c5d2cb644
image,d#loot_ui_icon_outfit_halloween_extra_warpaint_ghoul_ajax
image,d#loot05_ui_icon_outfit_spectrum_rare1_zero_outfit_bundle
image,#ui_menu_ftue_zm_treyarch_custom
image,#ui_icon_obit_semtex
image,d#hash_394f810f766a6fe4
image,#ui_icon_equipment_zm_gravityspikes_lvl2_dark
image,d#hash_39560c8093786eee
image,d#loot04_ui_icon_outfit_global_warpaint_s4_creature_diego_ix
image,d#ui_icon_gamemode_quickplay_zm_large
image,d#loot04_ui_icon_outfit_global_warpaint_s4_pharaoh_takeo_pri
image,d#hash_396319dc5f4777d3
image,d#hash_39639fc13e7f2d00
image,#hash_396672094bfb90cc
image,#hash_397ac44a115b27cc
image,d#hash_3983f1737b0da082
image,d#hash_398aa666d23cdf5a
image,d#hash_398c9164d972a4f7
image,d#loot02_ui_icon_outfit_holidays_extra_warpaint_candy_cane_nikolai
image,#ui_icon_blackmarket_reserves_crate_x20_preview
image,d#loot02_ui_icon_outfit_numbers_ruin
image,d#loot05_ui_icon_outfit_zombie_epic1_outrider
image,#ui_menu_arena_rubyframe
image,#hash_39c69d1ac94e69f1
image,d#hash_39ca63f6566eb646
image,#hash_39ca99a5b206b2a9
image,d#loot02_ui_icon_outfit_holidays_extra_warpaint_krampus_stanton
image,#hash_39cafe8d4bc39c9c
image,d#hash_39cb47a4ff976c1c
image,#ui_icon_weapon_charms_cod_fish
image,#loot_ui_icon_jumppacks_wingsuit_valentine_large
image,d#hash_39e4f8bb6e5f09eb
image,#ui_icon_crm_featured_bundle_blackknight
image,#ui_icon_blackmarket_promos_smg_accurate_camo_active_stream
image,d#loot05_ui_icon_outfit_spectrum_rare1_battery
image,d#hash_39f7b8508673397e
image,d#loot02_ui_icon_outfit_global_warpaint_fern_dempsey
image,d#loot05_ui_icon_outfit_zombie_epic1_battery_warpaint
image,d#hash_3a1e95e68880a80b
image,d#hash_3a1f86fb30e1e235
image,#uie_ui_icon_frontend_helptag_glow02
image,#uie_ui_icon_ranks_wz_paragon_star_container
image,d#loot04_ui_icon_outfit_warrior_epic1_wetworks_prophet_outfit_bundle
image,#ui_icon_director_tile_mp_dom
image,d#hash_3a3ba80dc45cdf86
image,d#loot03_ui_icon_outfit_global_warpaint_sunglasses_firebreak
image,d#loot02_ui_icon_outfit_holidays_extra_warpaint_reindeer_bruno
image,#ui_menu_ftue_zm_welcome
image,d#loot02_ui_icon_outfit_holidays_extra_warpaint_snowman_scarlett_ix
image,#hash_3a61551d838b90ea
image,d#loot02_ui_icon_outfit_holidays_extra_warpaint_naughtyornice_diego
image,d#loot_ui_icon_outfit_halloween_extra_warpaint_scarecrow_stanton_ix
image,d#loot05_ui_icon_outfit_global_warpaint_s5_zombie_richtofen_pri
image,d#uie_ui_menu_contracts_bg_art
image,d#hash_3a82e1625237cba9
image,d#loot05_ui_icon_outfit_spectrum_rare1_ruin_outfit_bundle
image,#hash_3a8cd237fe76ef03
image,d#hash_3aa0d8572763304e
image,d#hash_3aa493fa2eac2309
image,d#loot02_ui_icon_outfit_holidays_extra_warpaint_snowman_richtofen
image,d#loot05_ui_icon_outfit_demonology_legendary1_outrider_outfit_bundle
image,d#loot03_ui_icon_outfit_panther_rare3_zero_outfit_bundle
image,d#hash_3ad3c22cd1399275
image,d#hash_3ad877cbd52418be
image,#uie_ui_menu_common_outer_glow01
image,#uie_ui_menu_zombies_cac_altar_bar
image,#img_t8_menu_zm_preview_office_playlist
image,d#loot03_ui_icon_outfit_global_warpaint_jester_stanton_ix
image,d#hash_3aeaea4abb46e098
image,d#loot02_ui_icon_outfit_global_warpaint_bleeding_ajax
image,d#hash_3aeb8ddc2e6f464d
image,d#loot_ui_icon_outfit_halloween_extra_warpaint_gargoyle_torque
image,d#hash_3aef76321b28e37a
image,d#hash_3af564eeaca76e41
image,d#loot05_ui_icon_outfit_spectrum_rare1_reaper_outfit_bundle
image,#hash_3b06825978313082
image,d#loot_ui_icon_outfit_halloween_extra_warpaint_alien_ajax
image,d#hash_3b0cb1643baa5f0c
image,#uie_ui_menu_zombies_cac_altar_box
image,#hash_3b16e27e1fd716bc
image,d#loot04_ui_icon_outfit_topography_rare3_nomad_outfit_bundle
image,#ui_icon_director_tile_wz
image,#hash_3b381275c3ccad6f
image,d#loot03_ui_icon_outfit_global_warpaint_sunglasses_dempsey_pri
image,#ui_icon_director_tile_zm
image,d#loot03_ui_icon_outfit_global_warpaint_clover_scarlett
image,d#hash_3b4d59b3344f41be
image,#ui_icon_director_tile_ar
image,d#loot02_ui_icon_outfit_global_warpaint_boogie_man_bruno
image,d#loot03_ui_icon_outfit_warrior_epic1_robber_seraph
image,d#loot05_ui_icon_outfit_zombie_epic1_reaper
image,d#loot04_ui_icon_outfit_global_warpaint_s4_pharaoh_ruin
image,#ui_icon_director_tile_mp
image,d#hash_3b87e624ea13fdb2
image,#uie_ui_menu_cac_attachment_button_plus
image,#loot_ui_icon_jumppacks_trail_pirate_large
image,#hash_3bb497f7936f10e4
image,d#loot03_ui_icon_outfit_global_warpaint_diamonds_diego_ix
image,d#hash_3bc482b0894eee95
image,#uie_ui_hud_notifications_bracket_topright
image,d#hash_3bcd4a82cbd368d5
image,d#hash_3bd9708c5678e7d1
image,d#hash_3bdd75271fca8208
image,d#hash_3be48fbf9230cbe3
image,d#hash_3bfa4f1e319f4ed0
image,#img_t8_menu_zm_preview_white_rush
image,#ui_icon_director_mp_playlist_barebones_preview
image,d#loot02_ui_icon_outfit_global_warpaint_maori_zero
image,#loot_ui_icon_jumppacks_trail_pirate
image,d#loot05_ui_icon_outfit_spectrum_rare1_ruin
image,#uie_ui_menu_window_loading_finished
image,d#loot02_ui_icon_outfit_holidays_extra_warpaint_naughtyornice_scarlett_ix
image,#ui_icon_ability_shield
image,d#hash_3c218e56402048c7
image,d#hash_3c245267d1988c29
image,d#hash_3c2c5bbbafc26006
image,d#loot_ui_icon_outfit_halloween_extra_warpaint_scarecrow_ruin
image,#hash_3c3649e7e8ffcf08
image,d#hash_3c45d6a743d6c2f9
image,d#loot02_ui_icon_outfit_holidays_extra_warpaint_krampus_battery
image,d#loot03_ui_icon_outfit_global_warpaint_clubs_stanton
image,#hash_3c5f0ba2499718f6
image,d#loot02_ui_icon_outfit_holidays_extra_warpaint_snowman_torque
image,d#hash_3c61893bb07167ca
image,d#hash_3c6707ae71995d52
image,d#ui_icon_weapons_zm_thompson
image,d#loot02_ui_icon_outfit_holidays_extra_warpaint_snowman_recon
image,d#hash_3c776303339ed820
image,d#hash_3c7f8db6d5679936
image,d#hash_3c80f662be7c2c52
image,#loot_ui_icon_jumppacks_wingsuit_kraken_large
image,d#hash_3c971a68103249a6
image,#uie_ui_menu_aar_levelup_gradientglow
image,d#hash_3ca7475bc4d2aaee
image,#ui_icon_equipment_zm_katana_lvl2_dark
image,d#hash_3caa53f33bbb33dc
image,#ui_icon_crm_motd_hd_3x_trip_weapon_xp_multi_wz
image,d#loot_04_ui_icon_blackmarket_stream_hudson
image,#img_t8_menu_mp_preview_elevation
image,d#ui_icon_mp_masterprestige_large
image,d#loot07_ui_icon_blackmarket_itemshop_menendez
image,d#hash_3cd4b5d66dbedfe1
image,#uie_ui_menu_zombies_cac_special_weapon_slot_corners
image,d#hash_3cdb5ded2cbdace4
image,#ui_icon_obit_flamethrower
image,d#loot02_ui_icon_outfit_global_warpaint_rorschach_ajax
image,d#loot03_ui_icon_outfit_panther_rare3_recon
image,#uie_ui_menu_cac_secondary_button_top_bar
image,d#loot02_ui_icon_outfit_holidays_extra_warpaint_nutcracker_firebreak
image,#ui_icon_blackmarket_x20tiers_large
image,d#hash_3cf4c8ac43a625e6
image,d#loot02_ui_icon_outfit_holidays_extra_warpaint_reindeer_firebreak
image,d#hash_3cf529a79f4eb9ad
image,#ui_icon_crm_motd_hd_3x_trip_weapon_xp_multi_np
image,d#loot_ui_icon_outfit_halloween_extra_warpaint_grimreaper_stanton_ix
image,d#loot02_ui_icon_outfit_global_warpaint_boogie_man_crash
image,d#hash_3d180021c770f410
image,d#loot04_ui_icon_outfit_global_warpaint_s4_creature_diego
image,d#loot02_ui_icon_outfit_holidays_extra_warpaint_krampus_zero
image,d#loot04_ui_icon_outfit_global_warpaint_s4_fish_nomad
image,d#hash_3d2c69bdfb9ad8d7
image,d#hash_3d3ac360b57e6019
image,d#loot_ui_icon_outfit_halloween_extra_warpaint_gargoyle_battery
image,#img_t8_menu_zm_preview_mansion_large
image,#loot_ui_icon_jumppacks_trail_diner_large
image,#ui_icon_director_bm_tile_01_focus
image,d#hash_3d60fec67a59ef4b
image,#hash_3d648b3ac4a5c75c
image,#uie_ui_menu_aar_info_grid_hline
image,d#loot04_ui_icon_outfit_topography_rare3_firebreak_outfit_bundle
image,#ui_icon_weapon_charms_duck_ruin
image,#ui_icon_obit_hatchet
image,d#loot_ui_icon_outfit_halloween_extra_warpaint_scarecrow_takeo
image,d#hash_3d7f2b8c6bbd39ff
image,d#hash_3d9466eaec53c4d3
image,d#loot04_ui_icon_outfit_topography_rare2_recon_outfit_bundle
image,d#hash_3da551575d6ba987
image,d#loot02_ui_icon_outfit_holidays_extra_warpaint_candy_cane_nomad
image,d#hash_3db1b7d171a7c319
image,d#uie_ui_zm_laboratory_promo_banner
image,d#loot_ui_icon_outfit_halloween_extra_warpaint_alien_scarlett
image,d#hash_3db6422a02375ba6
image,#hash_3dbba6a783d11031
image,d#hash_3dc94fb2b88ef965
image,d#loot05_ui_icon_outfit_global_warpaint_s5_hazard_battery
image,d#loot03_ui_icon_outfit_global_warpaint_tattoo_scarlett
image,#uie_ui_menu_mp_scoreboard_list_indicator_bg
image,d#loot02_ui_icon_outfit_holidays_extra_warpaint_candy_cane_diego
image,d#hash_3de97d7ecdb33103
image,d#loot03_ui_icon_outfit_panther_rare1_recon
image,#uie_ui_hud_radial_menu_pointer
image,d#hash_3e0d97a8ba0ff1bf
image,d#hash_3e1290de86221af6
image,d#hash_3e19ed552eda0ea4
image,d#loot04_ui_icon_outfit_topography_rare3_zero
image,#ui_menu_ftue_inventory
image,d#hash_3e41819b543643ca
image,d#loot04_ui_icon_outfit_summer_legendary1_torque_outfit_bundle
image,d#hash_3e4729c488d0310c
image,#ui_icon_ct_preview_ct_tutoruin_loadingmovie
image,d#hash_3e51fdfb95e8f82b
image,d#loot_ui_icon_outfit_halloween_extra_warpaint_demon_nomad
image,d#loot04_ui_icon_outfit_assassin_legendary1_crash
image,d#loot02_ui_icon_outfit_holidays_extra_warpaint_reindeer_prophet
image,#ui_icon_blackmarket_reserves_crate_x20_large_square
image,d#ui_icon_hero_portrait_draft_nikolai
image,d#loot04_ui_icon_outfit_water_legendary1_zero_warpaint
image,d#hash_3e78869bb75c08fe
image,d#hash_3e8ca17d7f394170
image,d#loot04_ui_icon_outfit_warrior_epic1_wetworks_zero
image,#uie_ui_menu_blackmarket_epic_fx2
image,d#hash_3e9b6073349ca3e2
image,d#loot04_ui_icon_outfit_global_warpaint_s4_creature_crash
image,d#loot03_ui_icon_outfit_panther_rare2_outrider_outfit_bundle
image,d#hash_3eafc228871df074
image,#hash_3eb0f197ed85c0ae
image,d#hash_3eb3d8ed0ac17bad
image,d#hash_3eb8af4113ceae6e
image,#loot_04_ui_icon_blackmarket_reserves_jumppack_crashing_waves
image,#ui_icon_equipment_tripwire
image,d#hash_3ee52044f2a9d848
image,#ui_icon_equipment_zm_flamethrower_lvl2_dark
image,d#hash_3ef305d67771650e
image,d#loot04_ui_icon_outfit_warrior_epic1_wetworks_seraph_warpaint
image,d#hash_3f02e58d407c6399
image,d#uie_ui_icon_nebulium_medium_empty
image,#uie_ui_hud_vehicle_hellstorm_ring
image,d#loot03_ui_icon_outfit_panther_rare2_prophet_outfit_bundle
image,d#loot03_ui_icon_outfit_global_warpaint_clover_scarlett_ix
image,d#hash_3f298929ba84c93b
image,d#loot04_ui_icon_outfit_global_warpaint_s4_sun_diego
image,d#hash_3f2fc1abaa82dcf4
image,d#loot02_ui_icon_outfit_global_warpaint_facepalm_prophet
image,d#loot_ui_icon_outfit_halloween_extra_warpaint_grimreaper_dempsey
image,d#hash_3f3dfad8eac4f636
image,#hash_3f500bfe39d26869
image,d#hash_3f52f9345deef5b5
image,d#hash_3f5392e7cf812dcb
image,#hash_3f54001f2a6ca7ab
image,#img_t8_menu_zm_preview_mansion_playlist
image,#hash_3f683e907686134c
image,#loot_ui_icon_jumppacks_wingsuit_merica_large
image,d#hash_3f7651bdb3d78793
image,d#hash_3f7c426021c984dc
image,d#hash_3f84453c6d847245
image,d#hash_3f847c10495f3ef6
image,d#ui_icon_equpiment_zm_meleehammer_lv3_dark
image,d#loot02_ui_icon_outfit_global_warpaint_rorschach_prophet
image,d#loot02_ui_icon_outfit_holidays_extra_warpaint_reindeer_stanton
image,d#hash_3f9ae7c1dc1a9d26
image,d#loot04_ui_icon_outfit_warrior_epic1_wetworks_torque
image,#uie_ui_menu_common_box_glow
image,d#loot_03_ui_icon_blackmarket_stream_misty
image,d#hash_3fc2b450802a1d3e
image,d#ui_icon_specialist_portrait_hud_weaver
image,d#hash_3fe379bbf2cef348
image,#hash_3ffb71b69157c139
image,d#loot03_ui_icon_outfit_benjamins_legendary1_firebreak
image,d#loot02_ui_icon_outfit_holidays_extra_warpaint_dragon_torque
image,d#hash_4014ef0923e60129
image,d#hash_4018999923735a9a
image,d#loot04_ui_icon_outfit_topography_rare1_seraph_outfit_bundle
image,d#loot05_ui_icon_outfit_vampire_legendary1_battery
image,d#hash_40206e711998befb
image,#ui_icon_difficulty_zm_casual_large
image,d#loot04_ui_icon_outfit_topography_rare1_prophet_outfit_bundle
image,d#hash_403689ccfdde880f
image,#loot06_ui_icon_blackmarket_reserves_death_fx_eletric
image,#hash_403be08bfc64e52e
image,d#hash_4043f1204ea10be8
image,d#hash_4044919837bae41d
image,#hash_404da6ec9761015e
image,d#hash_4063e434065115ce
image,d#hash_406acdbf8b831e54
image,#ui_icon_blackmarket_item_shop_reserve_crate_x4_preview
image,#hash_40775f7aa5ce2e21
image,#img_t8_menu_mp_preview_jungle2_alt
image,d#loot_ui_icon_outfit_halloween_extra_warpaint_demon_diego
image,#loot_ui_icon_jumppacks_parachute_elvis
image,#hash_4092e78c87dba044
image,d#hash_4093ce86d671db03
image,d#loot03_ui_icon_outfit_global_warpaint_spades_nikolai_pri
image,d#hash_40982515dca1f9af
image,d#hash_409d34cf5c65197e
image,#ui_icon_blackmarket_reserves_case_x10_large_preview
image,d#loot03_ui_icon_outfit_global_warpaint_hearts_stanton
image,d#loot03_ui_icon_outfit_global_warpaint_hearts_outrider
image,#uie_ui_menu_mtx_button_glow_rim_thick01
image,d#hash_40c91ddb6a2dfde0
image,d#uie_ui_menu_director_icon_star
image,d#loot03_ui_icon_outfit_global_warpaint_hearts_nikolai_pri
image,d#loot_ui_icon_outfit_halloween_extra_warpaint_alien_recon
image,#uie_ui_icon_blackmarket_reserve_count_neutral
image,d#loot04_ui_icon_outfit_global_warpaint_s4_crackedmask_battery
image,#hash_40f648294d099fd3
image,#hash_40fb71537b267bfd
image,d#loot02_ui_icon_outfit_global_warpaint_fern_seraph
image,d#hash_4118e369f2229a32
image,d#hash_411a344821fbf49d
image,d#loot02_ui_icon_outfit_holidays_extra_warpaint_krampus_dempsey
image,d#loot04_ui_icon_outfit_global_warpaint_s4_creature_outrider
image,#hash_412af61aaa3eda3a
image,d#ui_icon_gamemode_searchanddestroy_large
image,d#ui_icon_equpiment_zm_chakram_lv1_dark
image,d#loot03_ui_icon_outfit_benjamins_legendary1_prophet
image,#uie_ui_menu_cac_weapon_select_button_bar
image,#hash_413f68dd4b4937c3
image,d#ui_icon_gamemode_zm_gauntlet_large
image,d#loot05_ui_icon_outfit_zombie_epic1_nomad_outfit_bundle
image,d#loot04_ui_icon_outfit_topography_rare2_spectre
image,d#hash_415727505854b10a
image,d#ui_icon_gamemode_zm_rush_large
image,d#loot_ui_icon_outfit_halloween_extra_warpaint_scarecrow_bruno
image,d#hash_416ba2fab0e83e6e
image,d#hash_4179487c3cbbe629
image,d#hash_417efb773b13c850
image,d#loot02_ui_icon_outfit_holidays_extra_warpaint_naughtyornice_takeo
image,d#ui_menu_blackmarket_starterpack_large_01
image,#ui_icon_weapon_charms_grenade
image,d#hash_41a18ec957795f5c
image,d#ui_icon_weapons_zm_bowie
image,#hash_41a4837b919a0460
image,d#ui_icon_gamemode_zm_classic_large
image,#loot_ui_icon_jumppacks_parachute_ghost_in_machine
image,d#loot05_ui_icon_outfit_global_warpaint_s5_hazard_scarlett_ix
image,d#hash_41ccaa1acd211a08
image,d#hash_41d39ce79fccc7b4
image,d#loot05_ui_icon_outfit_spectrum_rare1_seraph
image,d#loot_ui_icon_outfit_halloween_extra_warpaint_ghoul_dempsey
image,d#hash_41eefb87e385bc4a
image,#ui_menu_ftue_outfitupdates_zm
image,d#hash_41fba241e2f59872
image,#ui_icon_weapon_charms_skateboard
image,d#hash_4221c9eb11e3ae08
image,d#hash_4222c7dc1ed5ae27
image,d#hash_42368627b234b375
image,d#hash_424314e3a4a0bf88
image,d#loot_ui_icon_outfit_halloween_extra_warpaint_ghoul_stanton_ix
image,#hash_4253959bde2f749c
image,#uie_ui_menu_mp_scoreboard_list_name_stripe
image,d#loot03_ui_icon_outfit_warrior_epic2_cop_ruin
image,#hash_425ee16a8a5b0fe1
image,d#loot04_ui_icon_outfit_topography_rare2_battery_outfit_bundle
image,#uie_ui_menu_ftue_zm_loadouts_elixirs_talismans_pc
image,d#hash_427351e3d649ddca
image,#ui_icon_ability_recharge_dark
image,#hash_42832f91d8117054
image,d#loot04_ui_icon_outfit_global_warpaint_s4_crackedmask_spectre
image,d#hash_4290a81fab151384
image,#hash_429b69305a070ef5
image,d#hash_42a51cdc2e843e96
image,#ui_icon_director_tile_zm_zod
image,d#hash_42ac2afb746d575d
image,#ui_icon_weapon_charms_bo4_emblem
image,d#loot_ui_icon_outfit_halloween_extra_warpaint_demon_stanton
image,d#loot02_ui_icon_outfit_global_warpaint_bleeding_scarlett_ix
image,d#hash_42c808ac7dee1e83
image,d#hash_42d16e648244d8aa
image,#ui_icon_gamemode_zm_classic
image,d#hash_42e931705341fa63
image,d#hash_42f57d9be7262e94
image,d#loot03_ui_icon_outfit_panther_rare2_ruin_outfit_bundle
image,d#hash_43046dbc0842413a
image,d#loot03_ui_icon_outfit_global_warpaint_tattoo_zero
image,d#hash_431d95221667c497
image,d#loot02_ui_icon_outfit_holidays_extra_warpaint_naughtyornice_seraph
image,d#loot04_ui_icon_outfit_global_warpaint_s4_pharaoh_diego_ix
image,d#hash_432a5887d88ce8c1
image,#ui_icon_challenges_wzoperations
image,#ui_icon_weapon_hud_tr_leveraction
image,d#ui_icon_equipment_shroud
image,#hash_433394350e965ad8
image,#ui_icon_equipment_claymore
image,d#uie_ui_zm_laboratory_buttonbgtile
image,#ui_icon_weapon_charms_seraph_doll
image,d#ui_menu_store_product_b04_dde_large
image,d#loot02_ui_icon_outfit_global_warpaint_pixel_perfect_richtofen
image,d#hash_436ea595a5e2bd73
image,d#hash_4371fbacb635eb88
image,d#uie_ui_menu_social_bar_stripe
image,d#ui_icon_specialist_portrait_draft_sarah_hall
image,d#loot02_ui_icon_outfit_global_warpaint_pixel_perfect_scarlett_ix
image,d#loot04_ui_icon_outfit_warrior_epic1_wetworks_torque_warpaint
image,#ui_icon_crm_featured_hd_weapons_ar_01
image,#loot_ui_icon_jumppacks_trail_chinese_large
image,d#loot04_ui_icon_outfit_topography_rare3_battery
image,#hash_43ab4eae2af975e8
image,d#hash_43ace62df9d5a173
image,#ui_icon_obit_smg_mp40
image,d#hash_43b9e282fa967c9d
image,d#hash_43bb7956aa31e8f7
image,#loot_03_ui_icon_blackmarket_stream_camo_full_suite
image,#img_t8_menu_mp_preview_silo
image,#ui_icon_blackmarket_stream_crate_x15_preview
image,d#loot02_ui_icon_outfit_holidays_extra_warpaint_nutcracker_diego
image,d#hash_43d36db7279f3e06
image,#loot_ui_icon_jumppacks_trail_crashing_wave
image,d#hash_43e287ff19faaabb
image,d#loot02_ui_icon_outfit_holidays_extra_warpaint_reindeer_zero
image,d#hash_43ff2618a0b6cb15
image,d#hash_4407e4c908f8303d
image,d#hash_4407f668ebba56be
image,d#loot03_ui_icon_outfit_global_warpaint_clubs_diego
image,d#uie_ui_menu_customgame_indicator
image,d#loot02_ui_icon_outfit_holidays_extra_warpaint_naughtyornice_richtofen
image,#hash_4414b157493c31e2
image,d#hash_441cf03f6baade8a
image,#hash_441d3306b197c42f
image,d#hash_4421fb3dfd8b98a9
image,d#hash_4431a7421ecf7170
image,#ui_icon_crm_featured_free_weapon_crate
image,#hash_443f5e353a5f7071
image,#loot_ui_icon_jumppacks_trail_neon_kitty_large
image,#hash_44420de9d387e30e
image,#ui_icon_crm_motd_hd_treat_yourself
image,d#loot03_ui_icon_outfit_global_warpaint_sunglasses_crash
image,#uie_ui_menu_aar_common_reward_fui
image,d#ui_icon_weapon_hud_combat_knife
image,d#hash_447575790e72d6a9
image,#ui_icon_laboratory_nebulium_offer_medium
image,d#loot02_ui_icon_outfit_holidays_extra_warpaint_naughtyornice_nikolai
image,#hash_449cdf16ea73b957
image,d#loot03_ui_icon_outfit_global_warpaint_hearts_battery
image,d#loot03_ui_icon_outfit_global_warpaint_clover_bruno_ix
image,d#hash_44b6a945e1baeffe
image,d#ui_icon_equpiment_zm_meleehammer_lv1_dark
image,d#hash_44bf26c0eee8e644
image,d#hash_44c21b99c08da980
image,d#hash_44c677169d8c5223
image,d#loot03_ui_icon_outfit_panther_rare3_seraph_outfit_bundle
image,d#loot05_ui_icon_outfit_global_warpaint_s5_hazard_seraph
image,d#loot03_ui_icon_outfit_benjamins_legendary1_firebreak_outfit_bundle
image,d#loot04_ui_icon_outfit_global_warpaint_s4_fish_seraph
image,#ui_icon_laboratory_tripler
image,d#hash_44ed958a2072c0cd
image,#ui_icon_ability_disruptor
image,d#loot_ui_icon_outfit_halloween_extra_warpaint_punkinhead_diego
image,d#ui_icon_specialist_portrait_draft_russman
image,d#hash_450adff2c96d842d
image,d#loot02_ui_icon_outfit_holidays_extra_warpaint_krampus_seraph
image,d#loot02_ui_icon_outfit_global_warpaint_rorschach_dempsey
image,#ui_icon_blackmarket_reserves_weapon_bribe_crate_large_preview
image,d#hash_451a9561faeafed2
image,#ui_icon_challenges_mpoperations
image,#ui_icon_challenges_zmdarkops_large
image,d#loot03_ui_icon_outfit_panther_rare2_ajax_outfit_bundle
image,d#hash_452c5d73792a323b
image,d#ui_icon_specialist_portrait_hud_spectre
image,d#loot02_ui_icon_outfit_global_warpaint_fern_takeo
image,d#loot03_ui_icon_outfit_global_warpaint_spades_outrider
image,d#loot02_ui_icon_outfit_global_warpaint_facepalm_scarlett_ix
image,d#hash_455c40a02e321975
image,d#loot05_ui_icon_outfit_zombie_epic1_zero_outfit_bundle
image,#hash_4566d51261573f6c
image,#img_t8_menu_mp_preview_hacienda
image,#hash_457d379c2ecf61b5
image,d#hash_457f1867875f80aa
image,#hash_45959a283d69e103
image,d#ui_icon_specialist_portrait_draft_ajax
image,d#loot_ui_icon_outfit_halloween_extra_warpaint_gargoyle_recon
image,#hash_45b1335aa89afc17
image,#loot_ui_icon_jumppacks_wingsuit_tropbird
image,d#loot04_ui_icon_outfit_global_warpaint_s4_sun_bruno_ix
image,d#loot02_ui_icon_outfit_global_warpaint_pixel_perfect_recon
image,d#loot05_ui_icon_outfit_zombie_epic1_torque_outfit_bundle
image,d#hash_45d9798768963ad3
image,#ui_icon_weapon_charms_demon_clown
image,d#hash_45f28d0d2b7b7ab1
image,d#loot03_ui_icon_outfit_panther_rare1_recon_outfit_bundle
image,#uie_ui_hud_wz_endgame_merits_box
image,d#hash_460b51d321c11610
image,d#hash_460b9fa9f0ac9139
image,d#uie_ui_menu_start_menu_paintshop
image,d#loot02_ui_icon_outfit_global_warpaint_maori_dempsey
image,d#hash_461594c376290c5a
image,d#hash_46184fe8736a7c60
image,d#loot04_ui_icon_outfit_topography_rare3_spectre_outfit_bundle
image,d#loot_ui_icon_outfit_halloween_extra_warpaint_grim_recon
image,#hash_462b10c791e45f5c
image,#ui_menu_zombies_cac_altar_danu_active
image,d#uie_ui_menu_cac_button_add_plus_highlighted
image,#hash_4640700399977bef
image,#ui_menu_store_product_b04_kronos_preorder_oe_small
image,d#loot02_ui_icon_outfit_holidays_extra_warpaint_candy_cane_stanton
image,#loot04_ui_icon_blackmarket_reserves_death_fx_numbers
image,#ui_icon_blackmarket_x10tiers_large
image,d#hash_46582fa714589219
image,#ui_icon_crm_motd_hd_3x_trip_merrit_zomb_mp_01
image,d#hash_465ccb7849312e42
image,#ui_icon_obit_tr_leveraction
image,#uie_ui_menu_contracts_bg_art_daily
image,d#ui_menu_arena_firestreakflipbook_blue
image,d#loot05_ui_icon_outfit_spectrum_rare1_zero
image,d#loot02_ui_icon_outfit_holidays_extra_warpaint_dragon_ajax
image,d#hash_469b017b5e8fe94a
image,d#loot03_ui_icon_outfit_global_warpaint_clubs_scarlett
image,#hash_46a5b4f2dd473905
image,d#loot03_ui_icon_outfit_benjamins_legendary1_nomad
image,d#loot_ui_icon_outfit_halloween_extra_warpaint_scarecrow_richtofen
image,d#hash_46bd81ba0c86d613
image,#uie_t7_hud_zm_vial_256
image,#uie_ui_menu_specialist_hub_info_divider
image,d#hash_46df84e203ed86b0
image,d#hash_46df86e203ed8a16
image,d#hash_46df87e203ed8bc9
image,d#hash_46df88e203ed8d7c
image,d#hash_46df89e203ed8f2f
image,d#hash_46df8ae203ed90e2
image,d#hash_46df8be203ed9295
image,d#hash_46df8de203ed95fb
image,d#loot04_ui_icon_outfit_topography_rare2_battery
image,d#loot03_ui_icon_outfit_global_warpaint_sunglasses_stanton_ix
image,d#hash_46eecfe673338616
image,#ui_menu_ftue_zm_custom_mutations
image,d#hash_46fbe133475d0064
image,#hash_470b857a3185ed7c
image,d#loot_ui_icon_outfit_dotd_base_pal_exo2_firebreak
image,d#hash_4710e853f17ac758
image,d#loot02_ui_icon_outfit_holidays_extra_warpaint_snowman_bruno
image,d#loot05_ui_icon_outfit_mean_legendary1_zero_outfit_bundle
image,d#hash_473ca56e3712f80d
image,d#uie_ui_menu_common_quit_glow
image,d#loot03_ui_icon_outfit_global_warpaint_spades_nomad
image,d#hash_475831be84f9a29c
image,#hash_475c7d4d54d3aa9e
image,d#hash_475e9dd0a972cb56
image,#loot_ui_icon_jumppacks_wingsuit_neon_kitty
image,d#ui_icon_nebulium_medium
image,d#hash_476cc2636443a9da
image,d#hash_47740d8de5bf9444
image,d#hash_4774d30d91e6b303
image,#hash_4778a8b413a76f89
image,d#hash_4778c23f8f24271d
image,d#hash_477d8fba3dd79e40
image,d#loot02_ui_icon_outfit_global_warpaint_maori_stanton
image,d#hash_47853277a79d36d8
image,d#loot_ui_icon_outfit_halloween_extra_warpaint_gargoyle_ajax
image,d#hash_478f53b953afcbc1
image,d#hash_479a4aa878255f0e
image,d#hash_479cdf7bea2bb0aa
image,d#hash_47aeb0174ced8aec
image,d#hash_47b332bb6387780a
image,d#ui_icon_gamemode_sticksandstones_large
image,#hash_47bd176556069348
image,d#loot05_ui_icon_outfit_global_warpaint_s5_zombie_diego
image,d#hash_47e71ab1240b3aba
image,#img_t8_menu_mp_preview_station
image,#hash_47f2ed83f97016c3
image,#ui_icon_weapon_charms_lavalamp
image,d#hash_4817f638f669ae60
image,d#loot04_ui_icon_outfit_warrior_epic1_wetworks_outrider_outfit_bundle
image,d#loot03_ui_icon_outfit_benjamins_legendary1_seraph
image,#hash_48339678818b0876
image,d#loot02_ui_icon_outfit_holidays_extra_warpaint_naughtyornice_stanton
image,d#hash_484b43d5b04d263a
image,d#loot04_ui_icon_outfit_assassin_legendary1_firebreak
image,d#uie_ui_director_tab_bar
image,#ui_icon_blackmarket_reserves_crate_x5_large_square
image,#loot_ui_icon_jumppacks_trail_heist
image,d#hash_487ef177e6a56172
image,#hash_48858670a83752e8
image,#loot_ui_icon_jumppacks_trail_diner
image,d#loot05_ui_icon_outfit_zombie_epic1_ajax_outfit_bundle
image,#uie_ui_menu_mp_scoreboard_list_indicator
image,d#loot03_ui_icon_outfit_global_warpaint_spades_stanton_ix
image,#uie_ui_menu_zombies_cac_altar_bar_focus
image,#loot_ui_icon_jumppacks_parachute_vampire_large
image,d#hash_48b3b41efae43832
image,d#loot03_ui_icon_outfit_global_warpaint_jester_diego_ix
image,d#hash_48b709adef3ff31b
image,d#loot03_ui_icon_outfit_global_warpaint_clubs_outrider
image,d#hash_48bb3a3835847a04
image,#hash_48c511b26dceee3e
image,d#loot04_ui_icon_outfit_global_warpaint_s4_crackedmask_dempsey_pri
image,d#loot02_ui_icon_outfit_global_warpaint_hypnotic_stanton
image,d#loot04_ui_icon_outfit_topography_rare1_outrider_outfit_bundle
image,d#loot02_ui_icon_outfit_holidays_extra_warpaint_krampus_ruin
image,#loot_ui_icon_jumppacks_trail_wraith_large
image,d#ui_icon_hero_portrait_draft_bruno
image,d#hash_48f6cf8fa2996d6c
image,d#hash_48f9272e26b1b9e5
image,#hash_491c73044887736f
image,#loot04_ui_icon_blackmarket_item_shop_wingsuit_preview_game_cartridge
image,d#hash_492674daf1bdba0f
image,d#hash_492c6f372c10b996
image,d#loot05_ui_icon_outfit_spectrum_rare1_ajax_outfit_bundle
image,d#loot02_ui_icon_outfit_global_warpaint_pixel_perfect_crash
image,#uie_ui_menu_mtx_card_offer
image,d#loot02_ui_icon_outfit_global_warpaint_maori_torque
image,#ui_icon_weapon_charms_teabag
image,#ui_icon_equipment_zm_minigun_lvl3_dark
image,#hash_496691a214f3b5e4
image,d#hash_496c0e40b4e81b12
image,#loot04_ui_icon_blackmarket_item_shop_wingsuit_preview_pirate
image,#loot03_ui_icon_blackmarket_item_shop_wingsuit_valentine
image,d#loot_ui_icon_outfit_dotd_base_pal_exo2_nomad
image,d#hash_498bb3df643f454d
image,d#hash_49908ab2ab606e89
image,d#loot_ui_icon_outfit_halloween_extra_warpaint_demon_recon
image,d#hash_499376a3a256a0e2
image,d#ui_icon_blackmarket_reserves_case_large
image,#loot04_ui_icon_blackmarket_reserves_death_fx_fireworks
image,#uie_ui_menu_aar_common_box
image,#ui_icon_crm_featured_plasma50off_01
image,d#hash_49b9d1ed1f2c912a
image,d#hash_49c3b729ca534493
image,d#loot03_ui_icon_outfit_global_warpaint_diamonds_torque
image,#hash_49dc093a5bbd15b1
image,d#ui_icon_weapon_hud_hero_purifier
image,d#loot02_ui_icon_outfit_global_warpaint_facepalm_richtofen
image,d#loot02_ui_icon_outfit_global_warpaint_fern_battery
image,d#hash_4a12b42d53df5164
image,d#hash_4a26e0be2169efc1
image,#uie_ui_menu_common_mtx_button_side_glow_common
image,d#hash_4a3dc740ce0dab2b
image,#ui_icon_crm_motd_hd_blackmarket_sale
image,#loot_ui_icon_jumppacks_parachute_merica_large
image,d#hash_4a5e52605e1f7523
image,d#hash_4a5f71490a7897c6
image,d#loot02_ui_icon_outfit_global_warpaint_maori_ajax
image,d#hash_4a743352599e6c01
image,d#loot03_ui_icon_outfit_global_warpaint_spades_diego
image,#loot_03_ui_icon_blackmarket_stream_camo_apb
image,d#hash_4a7f5c7398f7d729
image,#ui_icon_challenges_wzcareer_large
image,#uie_ui_hud_wz_endgame_frame
image,d#hash_4a9708b82fe1cb1d
image,d#hash_4a997c2ffa65090c
image,d#hash_4a9f7b1c88091387
image,d#loot02_ui_icon_outfit_global_warpaint_pixel_perfect_seraph
image,#hash_4aa980299aaead68
image,d#hash_4ab3abbd48dc1a8f
image,d#hash_4ab66dde357a39e9
image,d#loot_ui_icon_outfit_halloween_extra_warpaint_cthulhu_richtofen
image,#loot_ui_icon_jumppacks_parachute_crashing_wave_large
image,d#loot04_ui_icon_outfit_topography_rare1_ajax_outfit_bundle
image,d#hash_4ac912a0bc1f40e4
image,#hash_4ace7c642002f1cb
image,#hash_4ad5b9d46c446ed8
image,d#hash_4ad817ba69e39273
image,d#hash_4add4941826957b2
image,d#hash_4add92f7dd13326d
image,#hash_4adf225ed950339e
image,#hash_4ae8ac7d0ad31c83
image,#ui_icon_blackmarket_promos_twitch_redemption_banner_4
image,#ui_icon_blackmarket_promos_twitch_redemption_banner_5
image,#ui_icon_blackmarket_promos_twitch_redemption_banner_6
image,#ui_icon_blackmarket_promos_twitch_redemption_banner_2
image,#ui_icon_blackmarket_promos_twitch_redemption_banner_3
image,d#uie_ui_zm_laboratory_buttonframe
image,#img_t8_menu_mp_preview_nuketown_4
image,d#hash_4b067cd599d91cee
image,d#hash_4b129259d1925173
image,d#loot05_ui_icon_outfit_spectrum_rare1_reaper
image,d#hash_4b27320b50769cb5
image,#uie_ui_menu_zm_common_featured_bannerbg_sm
image,d#loot02_ui_icon_outfit_global_warpaint_bleeding_richtofen
image,d#hash_4b33c10753807f77
image,d#loot02_ui_icon_outfit_global_warpaint_facepalm_bruno
image,#uie_ui_menu_inspection_reticle
image,#hash_4b7b8f85e5375505
image,#img_t8_menu_zm_preview_red_rush
image,d#loot04_ui_icon_outfit_warrior_epic1_wetworks_outrider_warpaint
image,#hash_4b8ba3f3b8ea7bae
image,#ui_icon_crm_motd_hd_weapons_flyboy_01
image,d#uie_ui_menu_common_focus_glow_small
image,d#loot04_ui_icon_outfit_topography_rare3_outrider
image,#ui_icon_gamemode_base
image,#hash_4ba945140d74f223
image,#hash_4bb0cba21240bbf8
image,d#hash_4bc54ee3d6be2b6d
image,d#hash_4bc911e1c4e0f2ae
image,d#hash_4bcdd7db99125961
image,d#hash_4beccb3131545e51
image,d#hash_4bef6f9e638a7af2
image,#img_t8_menu_zm_preview_zodt8_rush
image,d#hash_4bf1e6e0bca7f951
image,d#loot05_ui_icon_outfit_global_warpaint_s5_zombie_ajax
image,#uie_ui_menu_popups_blackopspass_cpcoins
image,d#loot04_ui_icon_outfit_warrior_epic1_wetworks_recon
image,#ui_icon_crm_featured_blackout
image,#hash_4c22fe8380f43c1f
image,d#hash_4c26ba193232ab99
image,d#hash_4c2de0bec997105d
image,d#hash_4c325bed3f226657
image,#hash_4c32db2b650b9fb5
image,d#ui_icon_gamemode_teamdeathmatch_large
image,d#hash_4c3ef1326ce6222a
image,d#uie_ui_menu_contracts_ring_delta
image,d#hash_4c463a8e8f09c164
image,d#loot03_ui_icon_outfit_panther_rare3_nomad
image,d#hash_4c4afd9753dcb356
image,#ui_icon_equipment_zm_flamethrower_lvl3_dark
image,#img_t8_menu_zm_preview_red_rush_large
image,#uie_ui_hud_core_no_ammo_glow
image,d#hash_4c658eca9aafe17e
image,#ui_icon_crm_featured_3x_trip_tier_zomb_mp_01
image,d#hash_4c6b7b5235b77d4b
image,d#hash_4c6e5d4bd093521a
image,#ui_icon_obit_trophy_system
image,d#loot04_ui_icon_outfit_global_warpaint_s4_crackedmask_firebreak
image,d#loot02_ui_icon_outfit_global_warpaint_boogie_man_recon
image,d#hash_4c82f8f7b7c72d96
image,d#loot03_ui_icon_outfit_global_warpaint_diamonds_dempsey_pri
image,d#hash_4c8952f720b5c411
image,d#hash_4c8d4bcf6cfcd823
image,#uie_ui_menu_common_focus_fill_small
image,#hash_4c9c1c7f5e9d2ac8
image,d#loot02_ui_icon_outfit_holidays_extra_warpaint_nutcracker_crash
image,d#ui_icon_blackmarket_store_tile_focus
image,#uie_ui_menu_zombies_cac_special_weapon_slot_outline
image,#hash_4ca64cdf3cd0b93c
image,d#hash_4caeeb24a1aefa53
image,#hash_4caf5aa97da790b0
image,d#hash_4cafe6fc3b5f5010
image,d#loot02_ui_icon_outfit_global_warpaint_hypnotic_dempsey
image,d#loot02_ui_icon_outfit_global_warpaint_fern_scarlett_ix
image,d#loot04_ui_icon_outfit_water_legendary1_zero_outfit_bundle
image,d#hash_4cc2895596301211
image,d#hash_4ccfb2f84ecc5918
image,#hash_4cd5da78f5efe87f
image,d#uie_light_burst
image,d#loot04_ui_icon_outfit_water_legendary1_nomad_warpaint
image,#hash_4ce30ec2995b2373
image,#hash_4ce3d70092472412
image,d#hash_4cea1f53970a1eb5
image,d#ui_icon_specialist_portrait_hud_russman
image,#loot_ui_icon_jumppacks_trail_raven
image,d#loot04_ui_icon_outfit_global_warpaint_s4_crackedmask_stanton
image,#ui_icon_blackmarket_reserves_crate_x5_preview
image,#uie_ui_menu_contracts_check
image,d#hash_4d3cf866d49d3a48
image,#uie_ui_menu_aar_levelup_bar_wz_aar
image,d#hash_4d3de84fe4889956
image,d#loot04_ui_icon_outfit_global_warpaint_s4_pharaoh_scarlett_ix
image,d#hash_4d48c33f3bf0aaf8
image,d#loot03_ui_icon_outfit_global_warpaint_diamonds_bruno_ix
image,d#hash_4d5050d16607a4ab
image,d#hash_4d56a9eca7f9d53e
image,d#hash_4d6356e2858b457e
image,d#hash_4d6adb9eb4d13d69
image,d#hash_4d73a140af531475
image,#ui_icon_obit_blade
image,#uie_ui_menu_zombies_cac_special_weapon_bar_focus
image,d#loot02_ui_icon_outfit_holidays_extra_warpaint_candy_cane_prophet
image,d#hash_4dafff24c5fe2aa9
image,d#hash_4db61497ef31b418
image,d#loot05_ui_icon_outfit_global_warpaint_s5_hazard_prophet
image,d#ui_icon_blackmarket_store_tile_default
image,#loot_06_ui_icon_blackmarket_reserves_jumppack_celestial
image,d#hash_4dcbebc4f89a1e2b
image,d#loot02_ui_icon_outfit_global_warpaint_boogie_man_stanton
image,#hash_4ddcc687468dab70
image,#uie_ui_menu_survey_arena
image,#ui_icon_weapon_charms_animepillow
image,d#hash_4def49f3096a533c
image,d#loot03_ui_icon_outfit_global_warpaint_jester_stanton
image,d#hash_4df8d15591aa19c6
image,#ui_icon_director_mp_playlist_killconfirmed_focus
image,d#hash_4e0624f9642ed922
image,d#ui_icon_blackmarket_stream_weapon_ultra
image,d#hash_4e1bba61d2b88b16
image,d#hash_4e1e64ac7ff21792
image,d#hash_4e21a9e447ec6a51
image,d#loot02_ui_icon_outfit_global_warpaint_rorschach_recon
image,#hash_4e2f10529d30058e
image,#ui_icon_gamemode_searchanddestroy
image,d#loot_ui_icon_outfit_halloween_extra_warpaint_alien_bruno
image,d#loot03_ui_icon_outfit_global_warpaint_spades_scarlett_ix
image,d#hash_4e481d407eded9f7
image,#hash_4e49ae562588ad30
image,#hash_4e4cfdbd2928751c
image,d#loot02_ui_icon_outfit_holidays_extra_warpaint_nutcracker_battery
image,d#loot02_ui_icon_outfit_holidays_extra_warpaint_naughtyornice_stanton_ix
image,d#loot02_ui_icon_outfit_global_warpaint_hypnotic_zero
image,d#loot04_ui_icon_outfit_topography_rare1_zero
image,#ui_menu_ftue_blackmarket
image,d#hash_4e929f88eccac014
image,#hash_4e95c5f8f87c1cce
image,#loot_ui_icon_jumppacks_wingsuit_vampire
image,d#ui_icon_2xp_weapon
image,d#loot03_ui_icon_blackmarket_item_shop_wingsuit_merica
image,d#hash_4eb67a7f570674ea
image,#ui_icon_director_bm_tile_01
image,#hash_4ebb92789038acbd
image,d#hash_4ebf4ea5afb62bd7
image,#hash_4ec502de0eaf1860
image,#hash_4ecd9269aa90c57e
image,d#loot02_ui_icon_outfit_holidays_extra_warpaint_nutcracker_recon
image,#uie_ui_menu_pip01_bg
image,d#loot04_ui_icon_outfit_global_warpaint_s4_fish_diego
image,#uie_ui_menu_pip01_fg
image,d#hash_4ef1581f793464f6
image,#loot_ui_icon_jumppacks_wingsuit_savage_large
image,d#hash_4ef372f0a04df783
image,d#loot_ui_icon_outfit_halloween_extra_warpaint_scarecrow_battery
image,d#hash_4ef947a746986717
image,#uie_zm_hud_inventory_objectivesmoke
image,#uie_ui_menu_cac_button_bottom_line_lvl
image,d#loot02_ui_icon_outfit_global_warpaint_boogie_man_dempsey
image,d#loot03_ui_icon_outfit_global_warpaint_clover_diego
image,#hash_4f15f03862b81bbb
image,#uie_ui_menu_cac_attachment_lvl_bg_01
image,d#ui_icon_specialist_portrait_draft_trejo
image,#hash_4f21e335e7f9332f
image,#ui_icon_blackmarket_tier_triple_play
image,#ui_icon_ct_preview_ct_skirmishoutro_firebreak
image,#hash_4f3d9b497f174729
image,d#hash_4f425aa07d5d2fc1
image,#hash_4f47f2a53fd6cd6e
image,d#hash_4f4854618f1834d2
image,d#hash_4f496c74c5098f0e
image,d#loot04_ui_icon_outfit_global_warpaint_s4_creature_firebreak
image,d#loot03_ui_icon_outfit_global_warpaint_diamonds_outrider
image,d#hash_4f51560f9f2fc005
image,#hash_4f52811a5826066c
image,d#loot05_ui_icon_outfit_global_warpaint_s5_zombie_stanton
image,d#hash_4f6dfbeb9575e896
image,d#ui_icon_specialist_portrait_draft_shadowman
image,d#loot02_ui_icon_outfit_numbers_seraph
image,#hash_4f792c929755c5ca
image,d#hash_4f85710b55dc7589
image,#ui_icon_blackmarket_item_shop_reserve_crate_x3_preview
image,d#hash_4f893d9d8469483a
image,d#loot02_ui_icon_outfit_global_warpaint_facepalm_stanton
image,#uie_ui_menu_zombies_cac_equipment_slot_corners
image,d#loot03_ui_icon_outfit_global_warpaint_hearts_stanton_ix
image,d#ui_icon_hero_portrait_draft_woods
image,d#hash_4fbfa0235095e700
image,#uie_ui_menu_common_mtx_button_bg_legendary_thin
image,d#hash_4fc44cc788c9abd6
image,#ui_icon_blackmarket_stream_demo_hammer
image,#hash_4fd3ede5dcc78c34
image,d#loot04_ui_icon_outfit_global_warpaint_s4_sun_firebreak
image,d#loot02_ui_icon_outfit_global_warpaint_bleeding_seraph
image,d#loot_ui_icon_outfit_halloween_extra_warpaint_grim_ruin
image,#uie_ui_menu_cac_button_bottom_line_lvl_colorless
image,#ui_icon_weapon_charms_zombie_snowglobe
image,d#loot03_ui_icon_outfit_panther_rare2_seraph
image,d#hash_4ffecf245ff64e92
image,d#loot02_ui_icon_outfit_global_warpaint_pixel_perfect_stanton_ix
image,d#loot04_ui_icon_outfit_topography_rare3_ruin_outfit_bundle
image,d#hash_5002215f861a6899
image,d#hash_50089d918a806870
image,d#loot03_ui_icon_outfit_global_warpaint_clubs_zero
image,d#hash_501c1cd31f560a69
image,d#loot_ui_icon_outfit_halloween_extra_warpaint_grimreaper_takeo
image,d#loot_ui_icon_outfit_halloween_extra_warpaint_scarecrow_scarlett_ix
image,#ui_icon_director_mp_playlist_killconfirmed
image,d#uie_ui_menu_arena_firestreakflipbook
image,d#hash_503cfc45274aadd0
image,#hash_5044099b1402362e
image,#hash_5050bb253353d779
image,d#hash_5051dbc58c5b3b71
image,d#loot03_ui_icon_outfit_global_warpaint_tattoo_bruno_ix
image,#ui_menu_store_product_b04_kronos_preorder_token_large
image,d#hash_506ae1feb51b4bce
image,d#loot03_ui_icon_outfit_global_warpaint_diamonds_scarlett_ix
image,#loot03_ui_icon_blackmarket_item_shop_wingsuit_preview_benjamins
image,d#ui_icon_hero_portrait_draft_mason
image,d#hash_508bdc79c34e4349
image,#hash_508d7d55c5793d94
image,d#hash_508f2da023bbf545
image,#ui_icon_crm_motd_heist_v2
image,d#hash_50a0382190aa6040
image,d#loot_05_ui_icon_blackmarket_reserves_matt_shadows
image,d#loot03_ui_icon_outfit_panther_rare3_zero
image,d#hash_50ae5d5d5883bc51
image,#loot_ui_icon_jumppacks_parachute_default_large
image,#hash_50b63ae65d2a7d5b
image,#hash_50b63de65d2a8274
image,#hash_50b63fe65d2a85da
image,#hash_50b640e65d2a878d
image,d#hash_50ce75d178ec4671
image,#uie_ui_icon_blackmarket_promos_blackopspass_reward
image,d#ui_icon_gamemode_oneinthechamber_large
image,d#loot04_ui_icon_outfit_global_warpaint_s4_fish_zero
image,d#hash_50f0cdad07dde0d9
image,#ui_icon_equipment_emp
image,#ui_icon_weapon_charms_zombie_firesale
image,d#hash_5111c1c6e1930377
image,d#hash_51387a014442304b
image,d#hash_5142ebdea2c1ca0c
image,#uie_ui_hud_wz_hud_aar_panel
image,#loot_ui_icon_jumppacks_wingsuit_tropbird_large
image,d#loot02_ui_icon_outfit_holidays_extra_warpaint_reindeer_nikolai
image,d#loot_03_ui_icon_blackmarket_reserves_hudson_hawaiian
image,d#loot02_ui_icon_outfit_holidays_extra_warpaint_nutcracker_richtofen
image,d#hash_51860b2845fe85da
image,d#hash_518a6193abd5b954
image,d#hash_518b1226a526988e
image,d#hash_518c22794477f75e
image,d#loot04_ui_icon_outfit_global_warpaint_s4_sun_nomad
image,d#loot04_ui_icon_outfit_topography_rare3_prophet_outfit_bundle
image,#img_t8_menu_zm_preview_mansion_rush
image,#ui_icon_gamemode_barebones
image,d#hash_51a5f97b3002726f
image,d#ui_icon_equipment_zm_katana_lvl1_dark
image,d#loot05_ui_icon_outfit_global_warpaint_s5_hazard_stanton
image,#loot_ui_icon_jumppacks_wingsuit_kraken
image,d#hash_51b59e78fff6187b
image,d#hash_51b7e266653d7e91
image,#uie_ui_menu_common_add_plus
image,d#hash_51bcfd9e95febb4b
image,d#loot03_ui_icon_outfit_panther_rare1_zero_outfit_bundle
image,d#loot02_ui_icon_outfit_holidays_extra_warpaint_candy_cane_bruno_ix
image,d#hash_51d4658015c4c6c7
image,#ui_icon_crm_featured_3x_trip_weapon_xp_zomb_mp_01
image,d#hash_51e99277ed0aefa8
image,d#ui_icon_specialist_portrait_hud_trejo
image,d#loot02_ui_icon_outfit_global_warpaint_fern_stanton
image,d#hash_51f3606c124312a2
image,d#loot02_ui_icon_outfit_holidays_extra_warpaint_snowman_dempsey
image,d#hash_52079c64321786b1
image,d#loot04_ui_icon_outfit_topography_rare1_torque
image,d#loot_ui_icon_outfit_halloween_extra_warpaint_cthulhu_nikolai
image,d#hash_520f5c459d93b4e4
image,d#loot04_ui_icon_outfit_global_warpaint_s4_creature_prophet
image,d#hash_5219e312a9adab86
image,d#loot_ui_icon_outfit_halloween_extra_warpaint_pumpkin_nomad
image,d#loot03_ui_icon_outfit_global_warpaint_clubs_scarlett_ix
image,d#hash_52371e444f4e5803
image,d#loot03_ui_icon_outfit_benjamins_legendary1_seraph_outfit_bundle
image,d#loot03_ui_icon_outfit_global_warpaint_robber_recon
image,d#ui_icon_blackmarket_reserves_case_icon
image,d#loot03_ui_icon_outfit_panther_rare1_ruin
image,#ui_icon_director_ct_tile_focus
image,d#hash_524e35f640a6c2ea
image,d#hash_5250ce29230c1ee2
image,d#hash_525fb11ea19c0f6a
image,#ui_icon_equipment_hatchet_hud_dark
image,d#hash_526c63a0b58a583e
image,d#ui_icon_hero_portrait_draft_takeo
image,d#hash_5273d8e386b91ba5
image,d#hash_5288e1a50eae969d
image,#hash_528c77caf49cb973
image,d#ui_icon_equpiment_zm_rastaff_lv3_dark
image,d#hash_5299065f37899d66
image,#ui_icon_blackmarket_promos_lmg_standard_camo_active_stream
image,d#hash_52b95b718b8f8cb1
image,d#hash_52b984878a0b8d55
image,d#loot03_ui_icon_outfit_panther_rare1_torque_outfit_bundle
image,d#loot03_ui_icon_outfit_global_warpaint_robber_nomad
image,d#hash_52dc25f04099cd0f
image,d#hash_52e050dd3507d5a2
image,d#hash_52e6d79d0195c203
image,#uie_ui_menu_inspection_reticle_detail
image,d#hash_52e97f5f57fd2d7b
image,d#ui_icon_specialist_portrait_draft_johnson
image,d#loot05_ui_icon_outfit_global_warpaint_s5_zombie_bruno_ix
image,d#loot02_ui_icon_outfit_global_warpaint_boogie_man_diego
image,#hash_52ff839c8dbe8233
image,d#hash_530640141f8ee96f
image,d#hash_5306ff3789dbc479
image,d#ui_icon_specialist_portrait_draft_tedd
image,d#hash_53289681bba60e76
image,d#loot03_ui_icon_outfit_global_warpaint_spades_torque
image,#hash_53335d002a10cbf6
image,d#hash_5333c8e36e45b362
image,#loot_ui_icon_jumppacks_trail_st_patty
image,d#loot04_ui_icon_outfit_global_warpaint_s4_pharaoh_stanton_ix
image,d#hash_5357958881641d05
image,d#hash_535ec656e88a5142
image,d#ui_icon_obit_scythe
image,d#loot04_ui_icon_outfit_global_warpaint_s4_fish_diego_ix
image,d#hash_5374b6cdc4e8ed66
image,d#hash_5377a4922b57ed47
image,d#ui_icon_specialist_portrait_draft_battery
image,d#hash_538359f61fb2d685
image,d#hash_5384334758640b4a
image,d#ui_icon_specialist_portrait_takeo_ultimus
image,d#loot05_ui_icon_outfit_demonology_legendary1_crash
image,#loot_ui_icon_jumppacks_wingsuit_merica
image,d#hash_53aca4d5972e918c
image,d#loot_ui_icon_outfit_dotd_base_pal_exo2_seraph
image,d#loot02_ui_icon_outfit_holidays_extra_warpaint_krampus_scarlett
image,d#hash_53b43a1b4bb540f4
image,d#hash_53d2348697df2d7a
image,d#hash_53d648ac588dc150
image,d#loot03_ui_icon_outfit_panther_rare3_recon_outfit_bundle
image,d#hash_53e82571ccf64715
image,d#uie_ui_menu_common_tab_backing
image,d#hash_53f5b22dd1403804
image,d#loot02_ui_icon_outfit_holidays_extra_warpaint_reindeer_stanton_ix
image,d#loot05_ui_icon_outfit_spectrum_rare1_recon_outfit_bundle
image,#uie_ui_menu_item_shop_lock
image,d#hash_5413a65607fef773
image,d#hash_5438fbfc18ded606
image,#ui_icon_gamemode_zm_tutorial
image,d#loot05_ui_icon_outfit_global_warpaint_s5_hazard_diego
image,d#loot02_ui_icon_outfit_global_warpaint_pixel_perfect_diego
image,d#hash_5469adbd902f980e
image,#hash_546b94d4d1545c2f
image,d#hash_546d6b642dcb9d4f
image,d#loot02_ui_icon_outfit_global_warpaint_hypnotic_firebreak
image,d#loot_ui_icon_outfit_halloween_extra_warpaint_gargoyle_scarlett
image,#hash_547bf413316930d0
image,d#hash_5489ccf0aa805f92
image,d#hash_54945002aaa1ae28
image,#uie_ui_menu_blackmarket_ultra_fx3
image,#uie_ui_menu_blackmarket_ultra_fx2
image,d#hash_549c9fcecf71dcc2
image,d#loot04_ui_icon_outfit_global_warpaint_s4_creature_stanton_ix
image,d#loot02_ui_icon_outfit_holidays_extra_warpaint_nutcracker_scarlett_ix
image,d#loot05_ui_icon_outfit_global_warpaint_s5_hazard_diego_ix
image,#uie_ui_menu_zombies_cac_altar_light_focus
image,d#loot03_ui_icon_outfit_global_warpaint_clubs_bruno_ix
image,#ui_icon_laboratory_nebulium_offer_small
image,d#hash_54cd40da8e29707f
image,d#loot03_ui_icon_outfit_global_warpaint_spades_takeo_pri
image,d#hash_54da9330f7a55b6f
image,#hash_54dc5f27ed47c724
image,d#uie_ui_icon_blackmarket_tier_empty
image,d#loot02_ui_icon_outfit_global_warpaint_facepalm_ajax
image,d#hash_54e7bb3f69eccfce
image,d#hash_5510264d5e4a4529
image,d#hash_55191080c61ac3b4
image,d#ui_icon_hero_portrait_draft_scarlett
image,#loot_ui_icon_jumppacks_trail_merica
image,d#hash_552ed8a9a6bcbb7e
image,#img_t8_menu_mp_preview_icebreaker
image,#ui_icon_weapon_charms_duck_base
image,#hash_5537f9bfa32252a3
image,d#loot_ui_icon_outfit_dotd_base_pal_exo2_ruin
image,d#loot02_ui_icon_outfit_global_warpaint_rorschach_nikolai
image,#hash_554b125faaeff7fe
image,d#loot04_ui_icon_outfit_warrior_epic1_wetworks_zero_warpaint
image,d#hash_554eb9ce0ce494c4
image,#loot_ui_icon_jumppacks_parachute_neon_kitty
image,d#hash_556a25ac2c5228bf
image,d#hash_557800acf0409cbe
image,d#hash_5580164ab82050db
image,d#hash_55867ff8597e8577
image,d#loot02_ui_icon_outfit_numbers_swat
image,d#hash_5590c78b8d131c0d
image,d#loot02_ui_icon_outfit_holidays_extra_warpaint_krampus_diego
image,#hash_55a8fecf61ab2490
image,#ui_icon_gamemode_wz_duo
image,d#hash_55b5fc5ec535a522
image,d#loot03_ui_icon_outfit_global_warpaint_clover_ajax
image,d#loot03_ui_icon_outfit_global_warpaint_hearts_torque
image,d#loot03_ui_icon_outfit_panther_rare2_ajax
image,#hash_55ce0150279655ab
image,d#loot04_ui_icon_outfit_warrior_epic1_wetworks_seraph
image,#ui_icon_weapon_charms_beer
image,d#loot04_ui_icon_outfit_summer_legendary1_battery
image,d#hash_55f8d4e8683ae411
image,d#loot04_ui_icon_outfit_summer_legendary1_nomad_outfit_bundle
image,d#hash_55fa661b4799b9ef
image,#hash_55feb09f8e44a435
image,#loot_ui_icon_jumppacks_parachute_twitch_1_large
image,d#loot_ui_icon_outfit_halloween_extra_warpaint_cthulhu_takeo
image,d#loot02_ui_icon_outfit_global_warpaint_pixel_perfect_prophet
image,d#loot02_ui_icon_outfit_holidays_extra_warpaint_candy_cane_scarlett
image,#hash_56194d5eb10a0bd9
image,d#hash_561b8e68b49804c8
image,d#hash_562187a9a107f957
image,d#hash_562aaf2bad9b0235
image,#ui_menu_store_product_b04_spectre_rising_small
image,d#hash_56359ab962c8fd1a
image,d#hash_563ab3c5d095120c
image,d#loot03_ui_icon_outfit_benjamins_legendary1_ruin_outfit_bundle
image,d#loot03_ui_icon_outfit_panther_rare3_battery
image,d#loot02_ui_icon_outfit_global_warpaint_hypnotic_stanton_ix
image,d#loot04_ui_icon_outfit_topography_rare1_nomad_outfit_bundle
image,#ui_icon_crm_motd_free_weapon_crate
image,d#hash_565a520ead34f728
image,d#hash_5663c8e5b52afc64
image,#img_t8_menu_zm_preview_orange_rush_large
image,d#hash_566d3738053c58f2
image,#loot_ui_icon_jumppacks_wingsuit_union_jack_large
image,#uie_ui_menu_zombies_cac_altar_zeus_active
image,d#hash_567c85b2e590cd53
image,d#hash_5680c51da6214a56
image,d#loot_ui_icon_outfit_halloween_extra_warpaint_ghoul_prophet
image,#ui_icon_equipment_zm_gravityspikes_lv3_dark
image,d#loot_ui_icon_outfit_halloween_extra_warpaint_ghoul_recon
image,#uie_ui_menu_cac_attachment_button_bg_mirror_selected
image,d#hash_56982ff6e29478bb
image,d#loot04_ui_icon_outfit_global_warpaint_s4_pharaoh_torque
image,#hash_569cf640f22433ba
image,#hash_56a2a1d731b7a9b5
image,d#hash_56ab743e8d2cc7e5
image,d#hash_56ae442654d9c10c
image,d#hash_56c469684ccdcb83
image,#ui_menu_ftue_outfitupdates
image,d#loot02_ui_icon_outfit_global_warpaint_rorschach_stanton
image,d#loot03_ui_icon_outfit_global_warpaint_robber_scarlett_ix
image,d#hash_56e2cf4e6f391e63
image,d#loot03_ui_icon_outfit_global_warpaint_diamonds_bruno
image,d#loot04_ui_icon_outfit_global_warpaint_s4_sun_outrider
image,d#ui_icon_specialist_portrait_draft_zombie_male
image,#hash_56ee9d102bdf58e4
image,d#hash_56f7c4bbf1ce7b84
image,#ui_icon_challenges_wzcareer
image,d#loot02_ui_icon_outfit_global_warpaint_rorschach_crash
image,#ui_icon_weapon_charms_drmontybar
image,d#loot02_ui_icon_outfit_holidays_extra_warpaint_naughtyornice_diego_ix
image,d#loot04_ui_icon_outfit_topography_rare2_firebreak
image,d#loot03_ui_icon_outfit_panther_rare2_nomad
image,d#uie_ui_menu_aar_repeat_white_bg
image,d#hash_571ff172a98804bb
image,d#hash_572c43db147d2a15
image,d#loot05_ui_icon_outfit_zombie_epic1_spectre
image,d#loot05_ui_icon_outfit_global_warpaint_s5_zombie_stanton_ix
image,d#loot02_ui_icon_outfit_global_warpaint_pixel_perfect_nomad
image,#hash_573d1f46655c8689
image,d#loot04_ui_icon_outfit_global_warpaint_s4_crackedmask_ruin
image,d#loot02_ui_icon_outfit_global_warpaint_maori_prophet
image,#ui_icon_weapon_hud_sig_grapple_gun
image,d#loot02_ui_icon_outfit_global_warpaint_fern_crash
image,d#loot02_ui_icon_outfit_global_warpaint_pixel_perfect_bruno
image,#loot_07_ui_icon_blackmarket_reserves_jumppack_sparrow
image,d#uie_reset_icon
image,d#hash_5775dec86df09361
image,#ui_icon_crm_featured_hd_blackmarket_sale
image,#ui_icon_weapon_charms_toilet
image,d#hash_5789a11fbf82c2f7
image,#uie_ui_icon_prestige_freshstart
image,d#hash_57aa2da002a66edf
image,d#loot04_ui_icon_outfit_global_warpaint_s4_crackedmask_stanton_ix
image,d#hash_57ce21bcba617996
image,d#loot_ui_icon_outfit_halloween_extra_warpaint_ghoul_diego_ix
image,d#hash_57db3abfaa9f3309
image,#loot_ui_icon_jumppacks_wingsuit_crashing_wave_large
image,d#hash_57e9a550bb06563c
image,d#hash_57eeda828c22e778
image,#uie_ui_menu_overlays_anim_map
image,d#hash_5804afb1a0b7eba4
image,#hash_580a45ffb70ff694
image,d#loot04_ui_icon_outfit_global_warpaint_s4_sun_torque
image,#ui_icon_weapon_charms_cat
image,d#loot02_ui_icon_outfit_global_warpaint_pixel_perfect_stanton
image,#ui_icon_gamemode_heist
image,d#hash_581ea7155ff1e9bb
image,d#uie_ui_menu_arena_rubyframe
image,d#hash_5823cc5d3e9043b6
image,d#ui_icon_blackmarket_tier_medium
image,#ui_icon_prestige_permanenttoken
image,#uie_zm_hud_scoreboard_frame_end
image,d#hash_586a8a3eee67b142
image,d#hash_5873f3f6c3d16ab5
image,d#loot03_ui_icon_outfit_panther_rare1_outrider
image,#hash_587cd3242fc42929
image,d#hash_587dd0922ab2fb5c
image,#hash_589412deadb3b05d
image,#ui_icon_equipment_tripwire_dark
image,#loot_ui_icon_jumppacks_parachute_merica
image,d#hash_58ab3923986c59ef
image,d#loot03_ui_icon_outfit_global_warpaint_jester_bruno_ix
image,#hash_58b2071cc070b986
image,#ui_menu_ftue_zm_loadouts_wpn_eq
image,d#hash_58bc3664c5b47bce
image,#uie_ui_menu_cac_secondary_button_top_line_secondary
image,d#loot02_ui_icon_outfit_global_warpaint_facepalm_zero
image,d#loot03_ui_icon_outfit_global_warpaint_jester_torque
image,d#hash_58dc61c660317b56
image,d#loot03_ui_icon_outfit_global_warpaint_spades_zero
image,d#loot03_ui_icon_outfit_panther_rare1_crash_outfit_bundle
image,#hash_58f71b593239cee7
image,d#loot_ui_icon_outfit_halloween_extra_warpaint_ghoul_takeo
image,d#hash_590ff2edd65dfb22
image,#ui_icon_director_quickplay_preview
image,d#hash_592198fd03ef6648
image,#uie_ui_menu_common_outer_glow_thin_vert01
image,#hash_593cb53013d5d464
image,d#loot02_ui_icon_outfit_holidays_extra_warpaint_krampus_prophet
image,d#hash_5940a9b59af7c203
image,d#loot03_ui_icon_outfit_global_warpaint_robber_diego
image,d#loot03_ui_icon_blackmarket_item_shop_wingsuit_china_wind
image,#hash_594c56b4bdddca57
image,#ui_icon_challenges_mpscorestreaks
image,d#loot03_ui_icon_outfit_global_warpaint_jester_outrider
image,#ui_icon_challenges_mpprestige
image,d#loot02_ui_icon_outfit_numbers_torque
image,d#hash_597e9aaa36676064
image,d#hash_5986c08b7e6cb35b
image,d#uie_ui_icon_challenges_complete_small
image,d#hash_59b7e3356a48490e
image,#ui_icon_weapon_charms_ak_unicorn
image,#hash_59bbd6bf89fffb45
image,d#hash_59c0c09141651726
image,d#hash_59cabd6b0a91837a
image,#uie_ui_menu_aar_common_online_text
image,d#ui_icon_gamemode_infiltration_proseries_large
image,#hash_59d6f1f2500105f7
image,d#loot_ui_icon_outfit_dotd_base_pal_exo2_prophet
image,#hash_59fe9e4753f052c6
image,d#loot02_ui_icon_outfit_holidays_extra_warpaint_dragon_battery
image,d#loot03_ui_icon_outfit_global_warpaint_hearts_richtofen_pri
image,d#hash_5a2abfe0b05353e6
image,d#loot02_ui_icon_outfit_global_warpaint_maori_ruin
image,#uie_ui_menu_mtx_button_glow_corner
image,d#loot04_ui_icon_outfit_global_warpaint_s4_pharaoh_scarlett
image,d#hash_5a3a9de5c258c359
image,d#hash_5a3cd93fc6ed5226
image,#hash_5a3f86ca31d495e1
image,d#ui_icon_specialist_portrait_draft_david_mason
image,d#loot05_ui_icon_outfit_global_warpaint_s5_hazard_zero
image,#uie_zm_hud_scoreboard_frame_tip
image,d#hash_5a560195207c11df
image,d#loot03_ui_icon_outfit_benjamins_legendary1_outrider_outfit_bundle
image,#hash_5a63a1e82aa367d2
image,#uie_ui_menu_inspection_joint_circle01
image,#loot_ui_icon_jumppacks_parachute_tropbird
image,d#loot02_ui_icon_outfit_global_warpaint_maori_firebreak
image,d#hash_5a7f1bcbe7408cfc
image,d#hash_5a80bb9cf4c7bf47
image,d#loot03_ui_icon_outfit_global_warpaint_spades_bruno_ix
image,d#loot02_ui_icon_outfit_global_warpaint_facepalm_crash
image,d#hash_5a95c2003e31f7a7
image,d#hash_5a98a3a7dc0b2655
image,d#loot02_ui_icon_outfit_global_warpaint_rorschach_takeo
image,d#hash_5aa67fcdb16c44d8
image,d#loot05_ui_icon_outfit_mean_legendary1_recon
image,d#hash_5ace123c6ad3f119
image,d#loot_ui_icon_outfit_halloween_extra_warpaint_demon_firebreak
image,d#hash_5ad0fa2c2a79e4ea
image,d#loot04_ui_icon_outfit_global_warpaint_s4_pharaoh_firebreak
image,d#hash_5ad7d12ea56e04e1
image,#loot_ui_icon_jumppacks_wingsuit_fire_and_fury_large
image,#hash_5ae0f3ca0f6b574b
image,d#ui_icon_specialist_portrait_draft_price
image,d#hash_5ae92e670d0951fb
image,#ui_menu_ftue_zm_loadouts_perks
image,#ui_icon_ability_disruptor_dark
image,d#hash_5b0ba2c25c74a557
image,d#hash_5b160b28cd432ac0
image,d#loot02_ui_icon_outfit_holidays_extra_warpaint_krampus_richtofen
image,d#hash_5b2abe54164ac553
image,#loot_ui_icon_jumppacks_wingsuit_wraith_large
image,d#loot03_ui_icon_outfit_global_warpaint_diamonds_crash
image,#loot_ui_icon_jumppacks_parachute_pirate_large
image,d#hash_5b3a854c2dc4e922
image,#ui_icon_gamemode_wz_solo
image,#ui_icon_crm_featured_3x_trip_merrit_zomb_mp_01
image,d#loot_ui_icon_outfit_halloween_extra_warpaint_demon_prophet
image,#loot_ui_icon_jumppacks_trail_elvis
image,#ui_icon_meansofdeath_sig_bow
image,#ui_menu_ftue_wz_welcome
image,d#loot05_ui_icon_outfit_vampire_legendary1_torque_outfit_bundle
image,d#loot04_ui_icon_outfit_water_legendary1_ajax_warpaint
image,d#hash_5b7c3d1b626c6041
image,d#hash_5b88d52d7b5a3238
image,d#hash_5b8dbcae95323998
image,d#hash_5b941eb338a1ac9c
image,#hash_5b998225bd626f68
image,d#hash_5ba212cfe54212bf
image,d#hash_5ba25bede46f1e5a
image,d#loot03_ui_icon_outfit_global_warpaint_sunglasses_outrider
image,d#hash_5bab8fee8060df93
image,#uie_ui_menu_common_mtx_button_bg_ultra_thick
image,#uie_zm_hud_inventory_backing_mid
image,d#loot04_ui_icon_outfit_global_warpaint_s4_fish_firebreak
image,#hash_5bbcc9716511b01f
image,d#hash_5bbee7f18c9e8c56
image,d#loot_ui_icon_outfit_halloween_extra_warpaint_demon_seraph
image,#loot_04_ui_icon_blackmarket_stream_zero_triple_play
image,#ui_menu_ftue_wz_mp_korea
image,d#hash_5bd7c69153e80539
image,#hash_5bdb6f36d334e636
image,d#loot04_ui_icon_outfit_topography_rare1_firebreak_outfit_bundle
image,#hash_5c1151517416d65c
image,d#loot02_ui_icon_outfit_global_warpaint_rorschach_scarlett
image,d#hash_5c21f49af67050b1
image,d#hash_5c2f7da61844311e
image,d#hash_5c33b6749a2e4ee9
image,d#hash_5c36230b5185381b
image,d#loot04_ui_icon_outfit_global_warpaint_s4_fish_dempsey_pri
image,#hash_5c43b0f1483f42f2
image,#loot_ui_icon_jumppacks_parachute_st_patty
image,#hash_5c480e11c561ec99
image,d#ui_icon_specialist_portrait_draft_misty
image,#loot_ui_icon_jumppacks_trail_twitch_4_large
image,d#loot05_ui_icon_outfit_global_warpaint_s5_zombie_nomad
image,#uie_ui_menu_mp_scoreboard_list_indicator_gray
image,#loot_ui_icon_jumppacks_trail_raven_large
image,d#loot_ui_icon_outfit_halloween_extra_warpaint_ghoul_bruno
image,d#uie_ui_menu_cac_secondary_button_top_line
image,#ui_icon_specialist_story
image,d#loot04_ui_icon_outfit_warrior_epic1_wetworks_zero_outfit_bundle
image,#hash_5c89d41424a4175d
image,d#hash_5c94f82559d3827f
image,d#uie_ui_icon_frontend_helptag
image,#uie_ui_menu_survey_zm
image,#img_t8_menu_mp_preview_seaside_alt
image,#ui_menu_ftue_wz_scorestreak
image,#hash_5ca5bb2e64d4ab97
image,#ui_menu_ftue_zm_alchemical_lab
image,d#hash_5ca6e5c175806396
image,d#hash_5caa971a9b2d87e9
image,#ui_icon_weapon_charms_keytar
image,#uie_ui_menu_aar_common_bracket
image,d#loot02_ui_icon_outfit_global_warpaint_fern_nikolai
image,d#loot02_ui_icon_outfit_global_warpaint_hypnotic_seraph
image,d#hash_5cb17a12b4b08024
image,d#loot03_ui_icon_outfit_global_warpaint_sunglasses_nomad
image,d#hash_5cb5cb264bb98957
image,d#loot02_ui_icon_outfit_global_warpaint_hypnotic_ajax
image,#uie_ui_menu_survey_wz
image,d#ui_icon_equipment_emp_grenade
image,#hash_5cc1d5a3ecc915b6
image,d#hash_5cc1ef642b0a1c13
image,d#hash_5cc3ba200e60815d
image,d#hash_5cc6f76c75bc251d
image,#uie_ui_menu_survey_mp
image,d#hash_5cd55ed4f0752af9
image,d#hash_5cd6407600e29733
image,#hash_5cda0e476b2e6824
image,d#hash_5ce5479da99f750f
image,d#hash_5cead33356e0920a
image,d#hash_5cf59bd8bcc5e796
image,d#hash_5cf7fc72322fe3c3
image,#loot02_ui_icon_blackmarket_stream_camo_active_dlc1_dogfight_wrapper
image,d#loot03_ui_icon_outfit_panther_rare2_battery
image,#uie_ui_menu_window_loading_bg
image,#hash_5d16b33e79a589c5
image,#uie_ui_menu_zombies_cac_elixir_slot_box
image,d#hash_5d26c52dc43c91f0
image,d#hash_5d2ac5a2c60eb79d
image,#loot_ui_icon_jumppacks_trail_ghost_in_machine
image,#ui_icon_crm_featured_hd_weapons_flyboy_01
image,d#loot02_ui_icon_outfit_holidays_extra_warpaint_reindeer_seraph
image,#loot_ui_icon_jumppacks_parachute_kraken
image,d#ui_icon_specialist_portrait_draft_ruin
image,d#hash_5d5fdec432d7e771
image,#ui_icon_crm_featured_hd_treat_yourself
image,d#hash_5d615ca96acdf325
image,d#hash_5d66e31ed325a02e
image,d#ui_icon_gamemode_heist_large
image,d#hash_5d6b41aa1ba42345
image,#uie_ui_menu_inspection_bg_linkline
image,#ui_icon_gamemode_zm_rush
image,d#hash_5d78cc31f45be476
image,#hash_5d872e3a3d920fbe
image,#hash_5d89b11ec41d18df
image,d#loot02_ui_icon_outfit_global_warpaint_boogie_man_scarlett_ix
image,#uie_ui_menu_inspection_window_corner
image,#ui_icon_obit_shield
image,d#loot02_ui_icon_outfit_global_warpaint_facepalm_firebreak
image,#ui_icon_director_tile_ar_focus
image,d#loot03_ui_icon_outfit_global_warpaint_hearts_nomad
image,d#loot02_ui_icon_outfit_global_warpaint_bleeding_diego
image,#ui_icon_weapon_charms_melon
image,#hash_5db4b48f1ed3e283
image,d#hash_5dddb0f28c85f15a
image,#hash_5de31cb9ad0e29a4
image,d#loot02_ui_icon_outfit_global_warpaint_hypnotic_prophet
image,#uie_ui_menu_mp_scoreboard_list_bg
image,d#hash_5df6383256a27bc3
image,d#hash_5e00cf3e619bafb6
image,#loot_ui_icon_jumppacks_parachute_tropbird_large
image,d#loot04_ui_icon_outfit_global_warpaint_s4_crackedmask_scarlett
image,d#hash_5e0a6c0b27bc8092
image,d#hash_5e103c1970ef615b
image,d#loot03_ui_icon_outfit_global_warpaint_clover_nikolai_pri
image,#img_t8_menu_zm_preview_towers_playlist
image,d#loot_ui_icon_outfit_halloween_extra_warpaint_punkinhead_bruno_ix
image,d#hash_5e1dcf928f470f2d
image,d#loot03_ui_icon_outfit_panther_rare3_ruin_outfit_bundle
image,d#hash_5e3113c17c394fe1
image,d#hash_5e313f745075a478
image,d#loot03_ui_icon_outfit_global_warpaint_spades_diego_ix
image,d#loot03_ui_icon_outfit_global_warpaint_clover_nomad
image,d#loot_ui_icon_outfit_halloween_extra_warpaint_scarecrow_scarlett
image,#hash_5e5631774ae12114
image,d#hash_5e664365ddcbfca5
image,d#hash_5e6f63c8d0194201
image,d#ui_icon_specialist_portrait_draft_seraph
image,d#hash_5e7a0ffb575f4c1d
image,#hash_5e954a520bb47233
image,#loot_05_ui_icon_blackmarket_stream_jumppack_diner
image,#ui_icon_weapon_charms_outhouse
image,d#loot04_ui_icon_outfit_global_warpaint_s4_pharaoh_ajax
image,d#loot04_ui_icon_outfit_summer_legendary1_battery_warpaint
image,d#loot_ui_icon_outfit_halloween_extra_warpaint_cthulhu_stanton
image,d#loot02_ui_icon_outfit_global_warpaint_facepalm_seraph
image,#loot04_ui_icon_blackmarket_reserves_death_fx_money
image,#uie_ui_menu_aar_stat_bar_grad
image,d#loot02_ui_icon_outfit_global_warpaint_bleeding_stanton_ix
image,#loot03_ui_icon_blackmarket_item_shop_wingsuit_union_jack
image,d#hash_5efa19bef57b1480
image,d#loot02_ui_icon_outfit_global_warpaint_pixel_perfect_diego_ix
image,d#loot_ui_icon_outfit_halloween_extra_warpaint_alien_firebreak
image,d#loot05_ui_icon_outfit_spectrum_rare1_prophet_outfit_bundle
image,d#loot04_ui_icon_outfit_global_warpaint_s4_creature_battery
image,d#ui_icon_equpiment_zm_rastaff_lv1_dark
image,#hash_5f50e28eefd20bd2
image,#ui_icon_weapon_charms_basketball_william
image,d#hash_5f5f77ea45be9d8d
image,d#loot02_ui_icon_outfit_holidays_extra_warpaint_snowman_ajax
image,#uie_ui_hud_wz_endgame_barcode_blur
image,#ui_icon_blackmarket_reserves_bundle_crates_5_confirm
image,d#hash_5f7a8d107ba3a389
image,#hash_5f7ff423cbabd1b4
image,d#hash_5f884debd6ae490f
image,d#hash_5f8e255b505870f8
image,d#loot03_ui_icon_outfit_panther_rare3_battery_outfit_bundle
image,#ui_icon_weapon_charms_paintshop
image,d#loot_ui_icon_outfit_halloween_extra_warpaint_pumpkin_ajax
image,d#ui_icon_equipment_menu_frag_grenade
image,#hash_5f9b3dec216fa2d6
image,d#loot02_ui_icon_outfit_global_warpaint_hypnotic_bruno
image,#hash_5fa4296630868e75
image,d#hash_5fa8d98327e3c450
image,d#hash_5fab73e279507ca7
image,d#loot_ui_icon_outfit_halloween_extra_warpaint_grim_crash
image,#uie_ui_menu_item_ultra_backer
image,d#hash_5fb58eb6f5542534
image,d#loot02_ui_icon_outfit_holidays_extra_warpaint_reindeer_crash
image,d#loot02_ui_icon_outfit_global_warpaint_flaming_skull_nomad
image,d#hash_5fc9959c42562bec
image,d#hash_5fc99dfd1dada9c0
image,#uie_ui_menu_zombies_cac_special_weapon_arrow
image,d#hash_5fdaf7c1334e6dab
image,#loot_ui_icon_jumppacks_parachute_elvis_large
image,d#hash_5fe62fb6e8539fcf
image,d#loot03_ui_icon_outfit_global_warpaint_spades_dempsey_pri
image,#hash_5ff5780f83e5c4e6
image,d#loot03_ui_icon_outfit_global_warpaint_spades_battery
image,d#hash_6001a5a261a2e667
image,d#hash_600d5ab8b5baaa5d
image,d#uie_ui_menu_cac_allocation_pip_dots
image,#hash_6017ea5b1f564a62
image,d#hash_60189d1451bb7b50
image,d#hash_602470b9c0f67bcb
image,d#loot03_ui_icon_outfit_global_warpaint_clubs_seraph
image,d#loot04_ui_icon_outfit_global_warpaint_s4_fish_prophet
image,#loot_07_ui_icon_blackmarket_reserves_jumppack_neon_kitty
image,#uie_ui_menu_zombies_cac_special_weapon_slot_dots
image,d#hash_6051bc869ac89aa0
image,d#hash_605e39b47e32c028
image,#ui_icon_challenges_mpcareer_large
image,#ui_menu_zombies_cac_altar_ra_active
image,d#hash_606d0d5163a5d8bd
image,d#hash_607032d44e37c4ef
image,d#ui_menu_store_product_b04_tag_der_toten_large
image,d#uie_ui_icon_wz_frontend_gameicon_trial
image,d#hash_607910682fe61c29
image,#loot_ui_icon_jumppacks_wingsuit_elvis_large
image,#uie_ui_menu_common_mtx_button_bg_legendary_thick
image,#uie_ui_icon_mp_league_07_03_large
image,#hash_60832a542979692a
image,#hash_608ba3f3b135cb71
image,d#hash_608e07f7c87860a8
image,d#hash_608f712f5a5533fa
image,d#hash_60927235ec1829f3
image,d#hash_60986baba78895bd
image,d#hash_60aaa4f14d83499f
image,#hash_60ad13d6d89059ae
image,d#loot05_ui_icon_outfit_global_warpaint_s5_hazard_nikolai_pri
image,d#hash_60c0431c0723c1f9
image,d#loot04_ui_icon_outfit_topography_rare2_ajax_outfit_bundle
image,d#hash_60c4c712b1796799
image,d#loot03_ui_icon_outfit_panther_rare3_outrider_outfit_bundle
image,d#hash_60cf596b0de32654
image,d#loot02_ui_icon_outfit_holidays_extra_warpaint_nutcracker_torque
image,d#hash_60d557facac39554
image,#ui_icon_prestige_freshstart
image,#hash_60f295a4d0299f84
image,#hash_60f79590dabf7634
image,#loot_ui_icon_jumppacks_trail_default
image,d#hash_610d31a1084533d4
image,#hash_6118d83bf14aa4df
image,d#hash_612018b830bdac97
image,d#hash_6120832ad900008a
image,d#uie_ui_hud_common_triangle
image,d#loot02_ui_icon_outfit_global_warpaint_fern_zero
image,d#hash_613fb68e899dcea6
image,#ui_icon_blackmarket_reserves_crate_x10_large_square
image,d#loot03_ui_icon_outfit_global_warpaint_robber_stanton_ix
image,d#hash_615cf5f31a988210
image,d#hash_615dbb2f3077336a
image,d#loot04_ui_icon_outfit_topography_rare3_ajax
image,d#loot02_ui_icon_outfit_global_warpaint_flaming_skull_ajax
image,d#loot03_ui_icon_outfit_global_warpaint_tattoo_ruin
image,d#loot04_ui_icon_outfit_global_warpaint_s4_crackedmask_nikolai_pri
image,d#loot03_ui_icon_outfit_panther_rare2_crash_outfit_bundle
image,d#uie_ui_menu_arena_ruby
image,#hash_61801ac09948ca50
image,#hash_61857b71aa7fe089
image,d#hash_6191342b542571bc
image,#uie_ui_menu_zombies_cac_special_weapon_slot_box
image,d#hash_619fd9707559c6e8
image,d#hash_61a0b3f77c84371a
image,d#loot03_ui_icon_outfit_global_warpaint_robber_crash
image,d#hash_61a3176bcf315cf4
image,d#loot_ui_icon_outfit_halloween_extra_warpaint_pumpkin_prophet
image,d#loot03_ui_icon_outfit_benjamins_legendary1_zero
image,d#loot04_ui_icon_outfit_water_legendary1_spectre
image,d#loot_ui_icon_outfit_halloween_extra_warpaint_ghoul_diego
image,d#hash_61e83350aaee1242
image,d#ui_icon_blackmarket_reserves_crate_small
image,#hash_61ec82771a88a0e6
image,#uie_ui_menu_blackmarket_ultra_fx
image,#hash_620d05b34d3128f9
image,#hash_620f12dad4b05c97
image,d#hash_620f952e814d4b07
image,d#hash_620fee8d9db0b7be
image,#loot02_ui_icon_blackmarket_stream_camo_active_dlc1_plasma_drive_wrapper
image,d#hash_6218f065dfa2c6c7
image,#uie_ui_icon_ranks_wz_paragon_star_small
image,d#hash_6221c02e1e2ebc72
image,d#hash_62220558ffd30258
image,d#hash_6222df2a91e65f63
image,d#hash_62286d526f68f98f
image,#hash_6232b65e3fb51732
image,#uie_ui_menu_zombies_cac_elixir_slot_brackets
image,#hash_623442604a67a1d9
image,#uie_ui_menu_inspection_reticle_dots
image,#hash_62563c2b0ae61c5e
image,d#hash_62570a177f06a35e
image,d#loot_ui_icon_outfit_halloween_extra_warpaint_scarecrow_ajax
image,d#loot03_ui_icon_outfit_global_warpaint_spades_ajax
image,#hash_627e9075c1e1cccf
image,d#hash_62863016234c5703
image,#uie_ui_menu_zombies_cac_altar_soda_active
image,#hash_6288a55f8443a313
image,d#hash_629905c00470d5c2
image,d#hash_629d2b31e760a969
image,d#loot02_ui_icon_outfit_holidays_extra_warpaint_snowman_ruin
image,d#loot04_ui_icon_outfit_topography_rare1_crash_outfit_bundle
image,d#loot02_ui_icon_outfit_holidays_extra_warpaint_dragon_seraph
image,d#loot_ui_icon_outfit_halloween_extra_warpaint_gargoyle_nomad
image,d#loot_03_ui_icon_blackmarket_reserves_zombie_female
image,#hash_62e8f9666cc1589a
image,#uie_ui_menu_inspection_joint_box01
image,d#loot_ui_icon_outfit_halloween_extra_warpaint_demon_nikolai
image,d#ui_icon_blackmarket_tier_token
image,d#hash_6316dbab249bc213
image,#ui_icon_challenges_wzdarkops
image,d#loot03_ui_icon_outfit_panther_rare3_nomad_outfit_bundle
image,d#loot05_ui_icon_outfit_global_warpaint_s5_zombie_crash
image,d#hash_63420de462143ebf
image,d#loot02_ui_icon_outfit_global_warpaint_boogie_man_nikolai
image,d#uie_ui_menu_specialist_hub_repeat_bg
image,d#hash_634b555f15cdd010
image,d#hash_634b575f15cdd376
image,#uie_ui_menu_aar_stat_latest_indicator
image,d#hash_63572983e1a2d3a9
image,d#hash_6364778639313ce9
image,d#loot02_ui_icon_outfit_global_warpaint_rorschach_bruno_ix
image,#hash_6370e18fd695fa15
image,d#loot04_ui_icon_outfit_summer_legendary1_nomad_warpaint
image,d#loot02_ui_icon_outfit_holidays_extra_warpaint_naughtyornice_zero
image,#loot_ui_icon_jumppacks_wingsuit_fire_and_fury
image,d#hash_638507e991e6226c
image,d#hash_6387e7e41e7174f9
image,d#loot_ui_icon_outfit_halloween_extra_warpaint_gargoyle_dempsey
image,#hash_638da8ef7e70cb06
image,d#loot02_ui_icon_outfit_holidays_extra_warpaint_naughtyornice_bruno
image,d#loot05_ui_icon_outfit_global_warpaint_s5_hazard_nomad
image,d#hash_6393f8c3640f7b31
image,d#loot03_ui_icon_outfit_global_warpaint_clover_diego_ix
image,#loot_ui_icon_jumppacks_wingsuit_celestial
image,d#hash_63b880c3cd586a76
image,d#loot04_ui_icon_outfit_global_warpaint_s4_sun_diego_ix
image,#hash_63bb767e46cfbcf7
image,d#uie_ui_menu_common_repeat_dot_pattern
image,d#loot_ui_icon_outfit_dotd_base_pal_exo2_ajax
image,d#loot02_ui_icon_outfit_global_warpaint_hypnotic_crash
image,d#loot_ui_icon_outfit_halloween_extra_warpaint_scarecrow_stanton
image,d#hash_63fd65da785bf0c0
image,d#hash_641117c07c204d61
image,#uie_ui_menu_zm_common_featured_bannerbg_sm_gray
image,d#hash_6421b0d43450d8cd
image,d#hash_64260262a1753e28
image,d#loot04_ui_icon_outfit_topography_rare1_recon
image,d#loot05_ui_icon_outfit_global_warpaint_s5_zombie_firebreak
image,d#loot02_ui_icon_outfit_holidays_extra_warpaint_snowman_seraph
image,d#hash_645c8f3660c18206
image,#loot_ui_icon_jumppacks_parachute_chinese_large
image,d#hash_647bf9f6fa519761
image,#img_t8_menu_mp_preview_geothermal
image,#ui_menu_ftue_how_to_wz_02_korea_pc
image,d#hash_648936bfc101eabc
image,d#hash_64961470615c6202
image,d#hash_64973521db93f921
image,d#ui_icon_specialist_portrait_hud_price
image,d#uie_ui_hud_notifications_glow
image,#ui_menu_ftue_zm_public_02
image,d#loot_04_ui_icon_blackmarket_stream_camo_active_treasure
image,d#hash_64acca3681a06eba
image,#uie_ui_menu_aar_stat_latest_topbar
image,d#loot_ui_icon_outfit_halloween_extra_warpaint_gargoyle_diego
image,d#loot02_ui_icon_outfit_holidays_extra_warpaint_krampus_ajax
image,#uie_ui_menu_popups_blackopspass_nebulium
image,d#hash_64d574c879976c50
image,d#hash_64e049803b0cfc5a
image,d#uie_ui_menu_common_tab_glowred
image,d#hash_64eacf3c48944d8a
image,d#loot_ui_icon_outfit_halloween_extra_warpaint_alien_diego
image,d#hash_64f2168584102ccf
image,d#hash_64f262554d3dc76c
image,#ui_icon_blackmarket_reserves_bundle_crates_5
image,#hash_651a0c08929c60d8
image,d#loot05_ui_icon_outfit_global_warpaint_s5_zombie_ruin
image,d#hash_65338081b70e8bf4
image,d#ui_icon_2xp_blackmarket_small
image,#hash_6546c1f2ea167c57
image,d#ui_icon_specialist_portrait_draft_matt_shadows
image,#uie_ui_menu_cac_secondary_button_bottom_line
image,#hash_655b0db66fab52e1
image,d#loot03_ui_icon_outfit_panther_rare2_firebreak
image,#uie_ui_menu_cac_attachment_upgrade_path_bg
image,d#hash_656781cb7fb19618
image,d#loot05_ui_icon_outfit_global_warpaint_s5_hazard_ruin
image,d#loot02_ui_icon_outfit_numbers_crash
image,#hash_6578fc9a6f1d78b1
image,d#hash_657b5cbef1fe91c0
image,d#loot02_ui_icon_outfit_global_warpaint_boogie_man_nomad
image,#loot05_ui_icon_blackmarket_item_shop_wingsuit_preview_savage
image,d#hash_658254fe44441e27
image,d#loot03_ui_icon_outfit_global_warpaint_tattoo_prophet
image,#loot_ui_icon_jumppacks_trail_fire_and_fury_large
image,d#loot03_ui_icon_outfit_global_warpaint_clubs_ajax
image,d#hash_659c5360c12f3912
image,#uie_ui_menu_cac_grid_pattern_bg01
image,#img_t8_menu_mp_preview_slums2
image,#ui_icon_blackmarket_lockbar_large
image,#ui_menu_ftue_zm_quickplay
image,#uie_ui_menu_aar_reward_botbar
image,d#hash_65ad85fb39806aa0
image,#ui_menu_ftue_weaponupdates
image,d#hash_65c09f26918379db
image,d#uie_ui_menu_cac_button_add_plus
image,#hash_65d6bc90d2477559
image,d#hash_65ededd467066677
image,#hash_65f08f6f9bf5ca78
image,#ui_icon_ability_recharge
image,d#ui_icon_rank_wz_level60_large
image,d#loot03_ui_icon_outfit_global_warpaint_jester_ajax
image,d#loot02_ui_icon_outfit_global_warpaint_maori_recon
image,d#loot_ui_icon_outfit_halloween_extra_warpaint_cthulhu_prophet
image,d#hash_661643622af7834c
image,#hash_661e31a40bb33dd9
image,#uie_ui_menu_inspection_level_meter_bg
image,d#hash_66202fb3ce1953ec
image,d#loot04_ui_icon_outfit_warrior_epic1_wetworks_ajax_warpaint
image,#hash_662ace8b324bcb50
image,d#ui_icon_mp_league_07_02b_large
image,d#loot04_ui_icon_outfit_global_warpaint_s4_sun_stanton_ix
image,d#hash_6650319519538684
image,d#loot02_ui_icon_outfit_holidays_extra_warpaint_snowman_prophet
image,d#loot03_ui_icon_outfit_global_warpaint_tattoo_stanton_ix
image,#ui_icon_equipment_claymore_dark
image,#uie_ui_menu_zombies_cac_elixir_slot_check
image,#hash_6667e18c0f4e65df
image,#uie_ui_menu_cac_attachment_button_disabled
image,#hash_666dd2233a6aa4de
image,#hash_666f45853c6d1ea0
image,#ui_icon_obit_wraith_fire
image,d#loot04_ui_icon_outfit_global_warpaint_s4_creature_scarlett_ix
image,d#uie_ui_menu_blackmarket_triple_play_frame
image,#hash_668d795994207a5d
image,#img_t8_menu_zm_preview_escape_rush_large
image,#uie_ui_menu_overlays_anim_maphighlight
image,d#hash_6692d85b5bc71982
image,d#hash_66ab771fc361a175
image,d#hash_66b72100f95d438f
image,d#ui_icon_hero_portrait_draft_dempsey
image,d#loot02_ui_icon_outfit_global_warpaint_facepalm_dempsey
image,d#hash_66d3c8344b5b5d12
image,d#hash_66de727261cab88f
image,d#loot03_ui_icon_outfit_global_warpaint_robber_zero
image,d#hash_66eb2ab212691eee
image,d#hash_66f312020fa24003
image,d#loot_ui_icon_outfit_halloween_extra_warpaint_punkinhead_richtofen
image,d#hash_66ffab7c81c1263c
image,d#loot04_ui_icon_outfit_global_warpaint_s4_creature_nikolai_pri
image,d#ui_icon_weapon_hud_scythe
image,d#ui_icon_weapon_pistol_standard
image,#ui_icon_director_mp_playlist_tdm
image,d#hash_6725e131f21ed9cb
image,d#hash_6728ad8b82a1083a
image,#hash_672b1ae8296482be
image,d#ui_icon_specialist_portrait_hud_gypsy
image,d#hash_674ccad31fa3e445
image,#uie_ui_menu_common_radial_glow01
image,#img_t8_menu_zm_preview_towers
image,d#hash_67549e682ba228d1
image,d#hash_676ca8eb6a220650
image,d#hash_677457221086caa5
image,d#hash_677c0b32aa8aa355
image,d#ui_icon_specialist_portrait_draft_brutus
image,d#loot_ui_icon_outfit_halloween_extra_warpaint_pumpkin_torque
image,d#hash_67924af6686e71ed
image,d#loot03_ui_icon_outfit_global_warpaint_tattoo_stanton
image,d#loot_ui_icon_outfit_halloween_extra_warpaint_grim_torque
image,#uie_ui_icon_gamemode_wl_league
image,d#loot03_ui_icon_outfit_global_warpaint_tattoo_firebreak
image,d#hash_67b9f5e1a65c8d19
image,d#loot03_ui_icon_outfit_global_warpaint_clover_seraph
image,d#ui_icon_blackmarket_contracts_preview_triple_play
image,#uie_ui_menu_cac_attachment_lvl_bg_colorless01
image,d#hash_67d7a5eb3b9e3da5
image,#hash_67e528228e95d568
image,d#loot04_ui_icon_outfit_topography_rare3_recon
image,d#loot_ui_icon_outfit_halloween_extra_warpaint_cthulhu_crash
image,#hash_67f02a7ed7773304
image,d#loot02_ui_icon_outfit_holidays_extra_warpaint_krampus_nomad
image,d#hash_680acf5949fb0aba
image,d#uie_ui_hud_vehicle_ac130_fui_box01
image,#hash_68166d774826e4bf
image,d#ui_icon_specialist_portrait_hud_butler
image,d#hash_681d3e4719b34fba
image,#uie_ui_menu_director_stage_bar_bg
image,#hash_683d348bd2013ae2
image,d#hash_684330c212a2c4e5
image,d#loot_ui_icon_outfit_halloween_extra_warpaint_alien_seraph
image,d#hash_685103f8e66877a9
image,d#hash_6851ff3513be0208
image,d#hash_6859a4cf01f290e0
image,#uie_ui_menu_common_line_accent01
image,d#hash_686bdbaea56c0d17
image,d#loot04_ui_icon_outfit_topography_rare3_recon_outfit_bundle
image,d#hash_6873b8a85ad66e96
image,d#loot02_ui_icon_outfit_global_warpaint_maori_takeo
image,d#uie_ui_menu_arena_ruby_flipbook
image,d#ui_icon_blackmarket_weapon_bundle
image,d#loot_04_ui_icon_blackmarket_stream_mastercraft_swordfish
image,d#hash_689dddd7bd44b44a
image,d#hash_68b41e13de055640
image,#hash_68c1d72262441967
image,#uie_ui_menu_blackmarket_legendary_fx2
image,#uie_ui_menu_zombies_cac_altar_brackets
image,#hash_68ce2c8563e7bcd1
image,d#loot04_ui_icon_outfit_global_warpaint_s4_fish_torque
image,#hash_68d1d9ad88639307
image,#ui_icon_weapon_charms_hula_girl
image,d#loot_ui_icon_outfit_halloween_extra_warpaint_cthulhu_scarlett_ix
image,d#loot03_ui_icon_outfit_benjamins_legendary1_battery
image,d#hash_68f909091c2e6a62
image,d#loot04_ui_icon_outfit_global_warpaint_s4_pharaoh_stanton
image,d#hash_6913b50a68f49cd6
image,d#hash_6918ceca109fb775
image,d#ui_icon_specialist_portrait_draft_zero
image,d#hash_6934478599500bc1
image,d#loot04_ui_icon_outfit_topography_rare1_battery_outfit_bundle
image,#hash_695e240d18d8d396
image,d#hash_69748057762d85d0
image,#ui_menu_ftue_zm_faction_calling
image,#uie_ui_hud_zm_aar_reward_bar
image,#loot_ui_icon_jumppacks_parachute_ghost_in_machine_large
image,d#hash_699107f9d70ac746
image,d#loot02_ui_icon_outfit_holidays_extra_warpaint_naughtyornice_dempsey
image,d#loot04_ui_icon_outfit_topography_rare1_spectre
image,#loot_ui_icon_jumppacks_parachute_game_cartridge_large
image,#ui_menu_ftue_zm_classic_mode
image,#hash_69a7834da6c08b1a
image,d#hash_69b79a47b4afbd61
image,d#loot_ui_icon_outfit_halloween_extra_warpaint_cthulhu_ruin
image,d#hash_69ce3009aab5fef8
image,d#loot04_ui_icon_outfit_topography_rare2_ajax
image,#uie_ui_hud_wz_hud_core_qe_pointer
image,#ui_icon_gamemode_quickplay_mp
image,d#ui_icon_specialist_portrait_draft_cosmic_silverback
image,d#hash_69f545c602a97572
image,d#loot02_ui_icon_outfit_holidays_extra_warpaint_snowman_diego_ix
image,d#hash_69fd5583d5882004
image,d#hash_69fd95956173d3df
image,d#loot03_ui_icon_outfit_global_warpaint_sunglasses_seraph
image,d#loot04_ui_icon_outfit_topography_rare3_prophet
image,d#hash_6a0ab34c6da53526
image,d#loot03_ui_icon_outfit_global_warpaint_jester_seraph
image,d#hash_6a0d7c55f20816dd
image,d#ui_icon_specialist_portrait_draft_outrider
image,d#uie_ui_menu_inspection_window_loading_stripe
image,d#loot03_ui_icon_outfit_global_warpaint_jester_scarlett
image,d#loot04_ui_icon_outfit_topography_rare3_torque_outfit_bundle
image,d#hash_6a1e7c05a156766b
image,#hash_6a2435d4ca7897c6
image,d#ui_icon_equpiment_zm_swordcannon_lv2_dark
image,d#loot02_ui_icon_outfit_global_warpaint_rorschach_stanton_ix
image,#hash_6a299c03e7f6c932
image,#ui_icon_gamemode_quickplay_zm
image,#loot_ui_icon_jumppacks_parachute_savage
image,d#loot03_ui_icon_outfit_global_warpaint_tattoo_ajax
image,#ui_icon_gamemode_quickplay_wz
image,#hash_6a507b20c6d296b6
image,#ui_icon_blackmarket_stream_case_x8
image,#ui_icon_blackmarket_stream_case_x2
image,#ui_icon_blackmarket_stream_case_x3
image,#ui_icon_blackmarket_stream_case_x4
image,d#ui_icon_specialist_portrait_hud_sergei
image,#loot_ui_icon_jumppacks_wingsuit_chinese_large
image,d#uie_ui_menu_item_shop_tier_pointer
image,#hash_6a7ef4e239a68ece
image,d#loot04_ui_icon_outfit_global_warpaint_s4_fish_crash
image,d#hash_6a91d4c162ef1f3f
image,d#loot03_ui_icon_outfit_warrior_epic1_robber_crash_warpaint
image,d#loot03_ui_icon_outfit_global_warpaint_clubs_richtofen_pri
image,d#hash_6acaee366e9d71e9
image,#hash_6ad154111486c9e9
image,d#hash_6ad254864e396a8b
image,#hash_6ad6fe9ef84c5b60
image,#hash_6ad7009ef84c5ec6
image,#hash_6ad7019ef84c6079
image,#hash_6ad7029ef84c622c
image,#hash_6ad7039ef84c63df
image,#hash_6ad7059ef84c6745
image,#hash_6ada8a9ef84f7f1b
image,d#hash_6adc34384e6cd352
image,d#hash_6ae11379c191a61b
image,#hash_6ae286c70dae3abc
image,d#loot04_ui_icon_outfit_global_warpaint_s4_creature_bruno_ix
image,#uie_ui_menu_zombies_cac_altar_dots_focus
image,#hash_6af48238953f750e
image,d#ui_menu_store_product_b04_kronos_preorder_base_large
image,d#hash_6b079427b08c3b6f
image,d#ui_icon_equipment_zm_minigun_lvl1_dark
image,#loot_ui_icon_jumppacks_wingsuit_crashing_wave
image,d#hash_6b268aea0be71670
image,d#loot04_ui_icon_outfit_warrior_epic1_wetworks_spectre_outfit_bundle
image,d#hash_6b2ec2eae53d7564
image,d#loot_02_ui_icon_blackmarket_stream_nikolai_01
image,d#loot_03_ui_icon_blackmarket_reserves_zombie_male
image,#hash_6b5137e8b1fab7ef
image,#hash_6b551941fb81823b
image,d#hash_6b59bfbf0d55c3f8
image,d#hash_6b5a740ce60e8943
image,d#hash_6b62c53dd6730703
image,d#hash_6b6608bf7256e465
image,#ui_icon_crm_featured_tactical_unicorn
image,d#uie_ui_hud_tak5_data_arrow02
image,d#uie_ui_hud_tak5_data_arrow01
image,d#hash_6b844ce88cce248f
image,#img_t8_menu_mp_preview_embassy
image,d#hash_6b93911653fa04bb
image,d#hash_6b949eaa4df392ce
image,d#hash_6b9e569c10515556
image,#ui_icon_gamemode_career_zm
image,d#loot04_ui_icon_outfit_assassin_legendary1_seraph
image,d#ui_icon_blackmarket_store_tile_default_01
image,#loot_ui_icon_jumppacks_trail_twitch_1_large
image,d#loot_ui_icon_outfit_halloween_extra_warpaint_punkinhead_diego_ix
image,d#loot04_ui_icon_outfit_warrior_epic1_wetworks_battery_warpaint
image,d#loot_ui_icon_outfit_halloween_extra_warpaint_cthulhu_ajax
image,d#hash_6bc69da134ef7376
image,#ui_icon_gamemode_career_mp
image,#hash_6bd5362ae05b310b
image,d#loot03_ui_icon_outfit_benjamins_legendary1_nomad_outfit_bundle
image,d#hash_6be9df34b00bea51
image,d#loot04_ui_icon_outfit_global_warpaint_s4_fish_outrider
image,d#loot04_ui_icon_outfit_global_warpaint_s4_creature_spectre
image,d#loot03_ui_icon_outfit_global_warpaint_sunglasses_prophet
image,d#loot02_ui_icon_outfit_global_warpaint_maori_bruno
image,d#loot02_ui_icon_outfit_global_warpaint_maori_diego
image,d#loot02_ui_icon_outfit_holidays_extra_warpaint_reindeer_recon
image,d#hash_6bfe428ab63b489a
image,d#hash_6c0d869c5eca64f8
image,#hash_6c0dd8adbf85934a
image,d#loot03_ui_icon_outfit_global_warpaint_jester_nikolai_pri
image,d#loot02_ui_icon_outfit_global_warpaint_fern_ruin
image,d#hash_6c2c494eb1ae3105
image,#hash_6c33c8fb9ccfaf31
image,d#loot03_ui_icon_outfit_panther_rare3_prophet
image,d#loot04_ui_icon_outfit_global_warpaint_s4_pharaoh_bruno_ix
image,d#loot_ui_icon_outfit_halloween_extra_warpaint_ghoul_scarlett_ix
image,d#hash_6c5ba346d0d1283e
image,#hash_6c60609d4f4c1b4e
image,d#loot03_ui_icon_outfit_panther_rare3_outrider
image,#uie_ui_menu_common_mtx_button_bg_ultra_thin
image,d#loot02_ui_icon_outfit_global_warpaint_boogie_man_firebreak
image,#ui_icon_crm_motd_bundle_blackknight
image,d#hash_6cb0da7a73a4c3dc
image,d#hash_6cd17d3742b32f11
image,d#hash_6cd2d51c614bcb51
image,d#loot_ui_icon_outfit_halloween_extra_warpaint_grim_nomad
image,d#hash_6ce126bb105ab32c
image,#uie_ui_menu_emblem_empty_bg
image,d#hash_6cef8acce1076f51
image,d#loot04_ui_icon_outfit_global_warpaint_s4_crackedmask_nomad
image,d#loot02_ui_icon_outfit_global_warpaint_hypnotic_scarlett
image,d#ui_icon_blackmarket_reserves_case_small
image,d#hash_6d0f20dfac08289c
image,d#ui_icon_specialist_portrait_draft_zombie_female
image,d#loot02_ui_icon_outfit_holidays_extra_warpaint_candy_cane_takeo
image,#uie_ui_menu_director_stage_bar_dots
image,d#loot03_ui_icon_outfit_panther_rare1_torque
image,d#ui_icon_specialist_portrait_hud_reaper
image,d#ui_icon_hero_portrait_draft_diego_gladiator
image,d#hash_6d572674ad345e53
image,d#loot_03_ui_icon_blackmarket_stream_brutus
image,#loot_ui_icon_jumppacks_parachute_union_jack
image,d#hash_6d5e2cb018fb76d9
image,d#loot02_ui_icon_outfit_global_warpaint_flaming_skull_zero
image,d#hash_6d620237b04a19e5
image,d#loot03_ui_icon_outfit_global_warpaint_clubs_dempsey_pri
image,d#loot02_ui_icon_outfit_holidays_extra_warpaint_naughtyornice_bruno_ix
image,d#loot03_ui_icon_outfit_panther_rare3_seraph
image,d#hash_6d81b19607ccbc85
image,#img_t8_menu_zm_preview_zodt8_large
image,#hash_6d8e206a00473587
image,d#hash_6d92f4c1aa035ef7
image,d#hash_6d938fde4c25a3d8
image,d#loot02_ui_icon_outfit_global_warpaint_pixel_perfect_zero
image,d#hash_6db3c481cbd5784d
image,d#loot04_ui_icon_outfit_global_warpaint_s4_crackedmask_takeo_pri
image,d#loot05_ui_icon_outfit_global_warpaint_s5_zombie_spectre
image,d#loot02_ui_icon_outfit_holidays_extra_warpaint_krampus_stanton_ix
image,#uie_ui_menu_zombies_cac_elixir_slot_dots
image,d#hash_6dc4e66a41d47f23
image,d#loot03_ui_icon_outfit_global_warpaint_clover_dempsey_pri
image,d#loot03_ui_icon_outfit_global_warpaint_clubs_ruin
image,#ui_menu_ftue_welcome_zm_sm
image,d#hash_6de6fb8a68e2c851
image,d#loot02_ui_icon_outfit_global_warpaint_boogie_man_bruno_ix
image,d#hash_6dee333401cb0c2c
image,d#loot03_ui_icon_outfit_global_warpaint_spades_seraph
image,#uie_ui_menu_specialist_hub_item_indicator_glow
image,d#loot04_ui_icon_outfit_global_warpaint_s4_fish_nikolai_pri
image,d#hash_6e12ae4f4418f2cf
image,d#hash_6e1dff840cf67a94
image,d#hash_6e20904af38982c7
image,#uie_ui_menu_inspection_level_meter_tick_glow
image,#img_t8_menu_mp_preview_cosmodrome
image,d#hash_6e338eebd9f44298
image,d#loot04_ui_icon_outfit_water_legendary1_ajax_outfit_bundle
image,d#hash_6e4daf6fbdbd0025
image,d#loot03_ui_icon_outfit_benjamins_legendary1_prophet_outfit_bundle
image,d#hash_6e621bbb82f0c558
image,d#loot04_ui_icon_outfit_global_warpaint_s4_pharaoh_prophet
image,d#hash_6e78fea2269d7b36
image,d#hash_6e7b8981d6cb31d3
image,#uie_ui_zm_laboratory_button_banner_empty
image,d#loot03_ui_icon_outfit_benjamins_legendary1_outrider
image,#img_t8_menu_mp_preview_firingrange2
image,#uie_hud_common_corner_bracket01
image,d#loot03_ui_icon_outfit_global_warpaint_tattoo_nikolai_pri
image,d#hash_6e986e4c844a1d01
image,d#ui_menu_blackmarket_starterpack_preview_01
image,#hash_6eb782b876504398
image,#hash_6eb783b87650454b
image,#hash_6eb784b8765046fe
image,#uie_ui_menu_aar_common_hline
image,d#loot02_ui_icon_outfit_holidays_extra_warpaint_naughtyornice_ruin
image,#hash_6ecba8214fd2ce2e
image,d#loot_ui_icon_outfit_halloween_extra_warpaint_scarecrow_diego_ix
image,d#loot03_ui_icon_outfit_benjamins_legendary1_recon_outfit_bundle
image,#hash_6ee1b759400fbcc6
image,d#loot03_ui_icon_outfit_global_warpaint_diamonds_zero
image,d#loot03_ui_icon_outfit_panther_rare2_torque
image,#loot_ui_icon_jumppacks_parachute_sparrow_large
image,d#loot02_ui_icon_outfit_holidays_extra_warpaint_dragon_stanton
image,d#hash_6f1a5875daf59a3d
image,#hash_6f1dff8758feb5c4
image,d#hash_6f2edcd9c7323594
image,d#hash_6f3a905236e1adab
image,d#hash_6f4fe7bc0d3b95bc
image,d#ui_icon_specialist_portrait_draft_reaper_t7
image,d#ui_icon_blackmarket_stream_bribe_crate
image,#ui_icon_crm_featured_3x_trip_weapon_xp_multi_np
image,d#hash_6f5c1236d593e313
image,d#loot02_ui_icon_outfit_holidays_extra_warpaint_candy_cane_seraph
image,#hash_6f5e8f1b8586d9c5
image,#ui_icon_laboratory_offer2
image,#ui_icon_laboratory_offer3
image,#ui_icon_laboratory_offer1
image,d#ui_icon_hero_portrait_draft_reznov
image,d#loot05_ui_icon_outfit_global_warpaint_s5_zombie_seraph
image,d#loot05_ui_icon_outfit_zombie_epic1_reaper_outfit_bundle
image,#ui_icon_director_tile_mp_focus
image,#ui_icon_crm_featured_3x_trip_weapon_xp_multi_wz
image,d#hash_6f85fb7c67a2b0d8
image,d#hash_6f92bb02cf26ee24
image,#hash_6f98ff610ab331da
image,#loot04_ui_icon_blackmarket_reserves_death_fx_soul_thief
image,#uie_ui_menu_social_emblem_dotline
image,#ui_icon_weapon_charms_eggplant
image,#hash_6fab50704f3c62fb
image,#ui_menu_ftue_mp
image,d#loot04_ui_icon_outfit_global_warpaint_s4_pharaoh_bruno
image,d#uie_circularglow
image,d#loot02_ui_icon_outfit_global_warpaint_fern_nomad
image,d#loot05_ui_icon_outfit_spectrum_rare1_firebreak
image,#ui_menu_zombies_cac_altar_odin_active
image,d#ui_icon_specialist_portrait_draft_stuhlinger
image,#hash_6fd050433c607ac1
image,#hash_6fd1dff8e8d0c827
image,d#hash_6fdb2ba85b70559f
image,#uie_ui_menu_aar_perform_nodata
image,#hash_6fec25bb68aa1b6d
image,d#hash_6fecd5b2fa479836
image,d#loot02_ui_icon_outfit_global_warpaint_hypnotic_ruin
image,d#loot_ui_icon_outfit_halloween_extra_warpaint_demon_ruin
image,#uie_ui_menu_cac_attachment_meter_glow
image,#uie_zm_hud_inventory_backing_tip_solid
image,#ui_menu_store_product_b04_kronos_preorder_oee_small
image,d#loot03_ui_icon_outfit_panther_rare3_torque_outfit_bundle
image,d#loot_ui_icon_outfit_halloween_extra_warpaint_demon_diego_ix
image,#uie_ui_icon_gear_specialist_eq_wire
image,#ui_menu_ftue_zm_loadouts_elixirs_talismans
image,d#hash_702d8d494c63b7d4
image,d#loot_ui_icon_outfit_halloween_extra_warpaint_cthulhu_seraph
image,d#loot_ui_icon_outfit_halloween_extra_warpaint_alien_stanton
image,d#hash_7039fcbe7e166cf3
image,d#hash_703b33ed875ea79c
image,#loot_ui_icon_jumppacks_wingsuit_twitch_1_large
image,d#loot04_ui_icon_outfit_topography_rare3_nomad
image,d#loot02_ui_icon_outfit_global_warpaint_fern_firebreak
image,d#hash_706875be3b13a33f
image,d#hash_7068fa690952dc90
image,d#loot05_ui_icon_outfit_global_warpaint_s5_hazard_dempsey_pri
image,d#hash_7071f52c663ac690
image,d#uie_ui_menu_common_tab_end_left
image,d#uie_ui_menu_contracts_gold_bar
image,d#hash_70a9433b4db36ed6
image,d#loot02_ui_icon_outfit_holidays_extra_warpaint_reindeer_nomad
image,d#loot04_ui_icon_outfit_topography_rare2_prophet_outfit_bundle
image,d#loot03_ui_icon_outfit_panther_rare3_firebreak
image,d#loot05_ui_icon_outfit_global_warpaint_s5_zombie_zero
image,#uie_ui_menu_zombies_cac_equipment_slot_light_focus
image,#ui_menu_ftue_zm_gauntlet_mode
image,d#loot05_ui_icon_outfit_zombie_epic1_ajax
image,d#loot03_ui_icon_outfit_global_warpaint_sunglasses_diego_ix
image,d#hash_71049d270eb08c18
image,d#loot03_ui_icon_outfit_global_warpaint_diamonds_takeo_pri
image,d#loot04_ui_icon_outfit_global_warpaint_s4_pharaoh_outrider
image,d#loot_ui_icon_outfit_halloween_extra_warpaint_grimreaper_nikolai
image,#hash_71144dedf2d9352a
image,d#hash_711d8e5d3e9998a4
image,d#hash_7121e3f78e392761
image,d#hash_71263903c5937be7
image,d#hash_712d869fa5e034f8
image,d#loot02_ui_icon_outfit_global_warpaint_maori_scarlett_ix
image,d#loot_ui_icon_outfit_halloween_extra_warpaint_grimreaper_scarlett
image,d#loot_ui_icon_outfit_halloween_extra_warpaint_gargoyle_takeo
image,#hash_713dc8162adafe2b
image,d#ui_icon_equipment_thermite_dark
image,#loot_ui_icon_jumppacks_parachute_celestial_large
image,d#loot04_ui_icon_outfit_topography_rare3_ajax_outfit_bundle
image,d#hash_714c787c5ac54c96
image,d#loot02_ui_icon_outfit_global_warpaint_bleeding_nomad
image,d#hash_71630d6af1bcf64e
image,#uie_ui_menu_specialist_hub_item_indicator
image,#hash_71693feee3f77cfc
image,#ui_menu_ftue_gesture
image,d#hash_71774fde5d92cd62
image,d#ui_icon_specialist_portrait_hud_zero
image,d#loot02_ui_icon_outfit_global_warpaint_maori_scarlett
image,#img_t8_menu_mp_preview_gridlock
image,#hash_71ac151a09d526dc
image,d#loot04_ui_icon_outfit_topography_rare2_nomad
image,d#uie_ui_menu_contracts_ring_fill
image,#uie_ui_menu_zombies_cac_equipment_slot_outline
image,d#loot03_ui_icon_outfit_global_warpaint_robber_takeo_pri
image,d#hash_71d79e5ea66bcc73
image,d#hash_71def3aa5fb73646
image,d#loot_ui_icon_outfit_halloween_extra_warpaint_demon_ajax
image,#ui_icon_weapon_charms_donut_horn
image,d#loot05_ui_icon_outfit_zombie_epic1_battery
image,d#hash_720b6bdf34573632
image,#hash_721fcbbd4924caa1
image,d#loot03_ui_icon_outfit_global_warpaint_robber_ruin
image,d#loot02_ui_icon_outfit_global_warpaint_bleeding_crash
image,#hash_7229fd98c99805ca
image,d#hash_722a27d920587cf3
image,d#loot04_ui_icon_outfit_assassin_legendary1_prophet
image,d#hash_724d6b41e1c5e15b
image,#ui_icon_blackmarket_stream_crate_x5_preview
image,d#hash_725abf8f722ced08
image,d#hash_725f38ded524703f
image,d#hash_726392e59f28eb52
image,#img_t8_menu_zm_preview_office_rush
image,#ui_icon_weapon_charms_computer_teeth
image,d#loot02_ui_icon_outfit_holidays_extra_warpaint_snowman_scarlett
image,d#loot02_ui_icon_outfit_holidays_extra_warpaint_snowman_diego
image,d#ui_icon_hero_portrait_draft_bruno_gladiator
image,d#loot_ui_icon_outfit_halloween_extra_warpaint_ghoul_ruin
image,#uie_ui_menu_zombies_cac_equipment_slot_dots
image,d#hash_7296e45a0c80c7d0
image,#hash_729be1de77ee233c
image,d#hash_729beda795bd7284
image,#hash_72a1df093c9bf22d
image,d#hash_72b09e00287cbebd
image,d#hash_72b547ca6afc8d55
image,d#hash_72cf077148dd9e47
image,#uie_ui_icon_wz_prestige_empty
image,d#loot02_ui_icon_outfit_holidays_extra_warpaint_snowman_stanton
image,#uie_ui_hud_vehicle_lightstrike_grid
image,d#hash_72ff2fa5efed06e1
image,d#loot04_ui_icon_outfit_assassin_legendary1_outrider_outfit_bundle
image,#uie_ui_menu_cac_dot_pattern_bg01
image,d#loot_ui_icon_outfit_halloween_extra_warpaint_alien_scarlett_ix
image,d#loot02_ui_icon_outfit_holidays_extra_warpaint_krampus_firebreak
image,d#hash_7319d2d4bfb6c234
image,#hash_7321c5220753931c
image,d#hash_732e3817c5a5e9a7
image,#ui_icon_weapon_charms_pizza
image,d#hash_73398ac7eb317169
image,d#loot03_ui_icon_outfit_global_warpaint_sunglasses_bruno_ix
image,d#ui_icon_gamemode_freeforall_large
image,#uie_ui_menu_aar_common_halfbox_blur
image,#hash_734ad345d6c0a041
image,#hash_734f9626d905bc69
image,d#hash_7350caa808ce2c22
image,d#loot02_ui_icon_outfit_global_warpaint_flaming_skull_diego
image,d#hash_7371ad83b82c412d
image,#uie_ui_menu_aar_info_grid_bracket
image,d#hash_7374a5cffb0f23b3
image,d#loot02_ui_icon_outfit_holidays_extra_warpaint_nutcracker_dempsey
image,d#hash_73854665c02218ef
image,d#loot03_ui_icon_outfit_panther_rare1_firebreak_outfit_bundle
image,#hash_7390bb1623221ea0
image,#loot_ui_icon_jumppacks_wingsuit_st_patty
image,d#hash_739626c7c84f2bbd
image,d#loot_ui_icon_outfit_halloween_extra_warpaint_gargoyle_scarlett_ix
image,#hash_739a27a92843b783
image,#ui_icon_blackmarket_stream_case_x10
image,d#ui_icon_obit_combat_knife
image,#hash_73afa9e5ce99fedf
image,d#loot_ui_icon_outfit_halloween_extra_warpaint_scarecrow_torque
image,d#hash_73bd524e3a961ca4
image,d#hash_73dff6449b4fbba3
image,d#loot03_ui_icon_outfit_panther_rare2_seraph_outfit_bundle
image,d#loot_ui_icon_outfit_halloween_extra_warpaint_scarecrow_nikolai
image,d#loot04_ui_icon_outfit_topography_rare2_recon
image,#ui_icon_blackmarket_reserves_bundle_crates_10_confirm
image,#loot_ui_icon_jumppacks_parachute_kraken_large
image,#hash_73f0ceb10ffe3970
image,d#hash_73f2fb45f0926cfc
image,d#loot02_ui_icon_outfit_global_warpaint_fern_torque
image,d#hash_73fa651647844262
image,d#ui_icon_specialist_portrait_draft_replacer
image,d#hash_740053b0caffae53
image,#loot04_ui_icon_blackmarket_reserves_death_fx_rainbow
image,#ui_icon_blackmarket_reserves_crate_x10_preview
image,d#loot04_ui_icon_outfit_assassin_legendary1_outrider
image,d#ui_icon_wz_merrit_small
image,#uie_ui_icon_callingcards_wz_insigniaechelons_master
image,d#ui_icon_blackmarket_tier_token_small
image,#loot_ui_icon_jumppacks_wingsuit_pirate
image,d#uie_ui_menu_common_tab_backing_red
image,d#hash_741a88e956f380da
image,#uie_ui_menu_zombies_cac_elixir_slot_outline
image,d#loot02_ui_icon_outfit_holidays_extra_warpaint_reindeer_diego
image,d#hash_7439b024648aa678
image,#hash_744b96d9d4a7fe10
image,#img_t8_menu_mp_preview_grind
image,#hash_7456c06054e82282
image,#uie_ui_menu_cac_attachment_meter_backing_01
image,#uie_ui_zm_laboratory_ornamentbar
image,#uie_ui_menu_aar_info_grid_vline
image,#uie_ui_menu_blackmarket_legendary_fx
image,d#loot05_ui_icon_outfit_zombie_epic1_spectre_outfit_bundle
image,d#loot02_ui_icon_outfit_global_warpaint_boogie_man_takeo
image,d#hash_74b25c5736b6a997
image,d#loot_ui_icon_outfit_halloween_extra_warpaint_grimreaper_bruno_ix
image,d#hash_74cf656fd56943b2
image,d#hash_74d3f05b286e38be
image,d#ui_icon_rank_wz_master_large
image,d#loot03_ui_icon_outfit_global_warpaint_hearts_dempsey_pri
image,#ui_icon_challenges_zmtoolkit
image,d#hash_7502e47fe3e32609
image,#ui_icon_weapon_charms_pufferfish
image,#ui_icon_gamemode_prophunt
image,d#loot04_ui_icon_outfit_global_warpaint_s4_sun_nikolai_pri
image,d#hash_75191ea067e7468d
image,d#hash_751e4d835d1b5b18
image,d#hash_7520d62a576f0cd6
image,d#hash_753524839fe600aa
image,d#hash_7535662f512d5f90
image,#loot_ui_icon_jumppacks_wingsuit_default
image,d#loot02_ui_icon_outfit_global_warpaint_boogie_man_diego_ix
image,d#loot_ui_icon_outfit_halloween_extra_warpaint_scarecrow_dempsey
image,#uie_zm_hud_gameover_smokebackground
image,d#hash_75495372927cd9f1
image,d#uie_ui_menu_common_tab_line_bottom
image,d#loot02_ui_icon_outfit_holidays_extra_warpaint_candy_cane_battery
image,d#hash_7556488e03700cd0
image,d#loot04_ui_icon_outfit_assassin_legendary1_ruin_outfit_bundle
image,d#loot04_ui_icon_outfit_numbers_spectre
image,#hash_756125a1b7275007
image,#loot_ui_icon_jumppacks_wingsuit_diner
image,d#loot_04_ui_icon_blackmarket_stream_vendetta
image,d#hash_75689f496a7807e3
image,#hash_756b7b1406f4a73e
image,d#loot02_ui_icon_outfit_global_warpaint_boogie_man_prophet
image,d#ui_icon_equipment_trophy_system
image,d#hash_757831a720f2dfed
image,d#hash_75871eda4f09931d
image,#ui_icon_blackmarket_reserves_crate_large_square
image,d#hash_7593d07f4414967f
image,d#hash_759d06737ab7a93a
image,d#loot02_ui_icon_outfit_global_warpaint_hypnotic_diego_ix
image,d#hash_75b46c33dbeb4e4b
image,#loot02_ui_icon_blackmarket_stream_ar_damage_cyberpunk
image,d#loot02_ui_icon_outfit_global_warpaint_pixel_perfect_torque
image,d#hash_75d7c3e5f25c83e3
image,#uie_ui_icon_specialist_portrait_draft_hardened_male
image,#uie_ui_hud_nemesis_skull
image,d#ui_icon_specialist_portrait_draft_gunslinger
image,d#hash_75ef15981eb02dfe
image,#hash_75f36f45613f891a
image,d#uie_t7_hud_zm_vial_aar_256
image,d#loot_ui_icon_outfit_halloween_extra_warpaint_alien_nomad
image,d#loot_ui_icon_outfit_halloween_extra_warpaint_cthulhu_bruno
image,d#loot_ui_icon_outfit_halloween_extra_warpaint_cthulhu_diego_ix
image,#hash_7614cf96f6d4583e
image,#uie_hud_common_stripe_pattern01
image,d#hash_7634a121d88f1ab4
image,d#loot02_ui_icon_outfit_global_warpaint_hypnotic_battery
image,d#hash_763a81476e6948ec
image,#loot_ui_icon_jumppacks_parachute_pirate
image,#ui_menu_store_product_b04_tag_der_toten_small
image,d#loot04_ui_icon_outfit_topography_rare2_ruin_outfit_bundle
image,d#ui_icon_2xp
image,d#loot02_ui_icon_outfit_holidays_extra_warpaint_krampus_scarlett_ix
image,d#loot05_ui_icon_outfit_vampire_legendary1_ruin_outfit_bundle
image,d#hash_765f2a18baf215b1
image,#hash_765f59b19e1ce1c7
image,d#hash_76637e1d12c7a468
image,#loot_ui_icon_jumppacks_trail_celestial_large
image,d#ui_icon_equpiment_zm_swordcannon_lv3_dark
image,#hash_767babdf2e16cced
image,#uie_ui_menu_zombies_cac_equipment_slot_brackets
image,#ui_icon_crm_motd_hd_holiday_last_chance
image,#loot_06_ui_icon_blackmarket_stream_jumppack_ghost_in_machine
image,d#hash_76870735a30692fb
image,d#hash_76940d9de315f555
image,#hash_76979e5d5d6ae0e5
image,d#hash_769c1e75b1748d43
image,d#ui_icon_rank_wz_level40_large
image,d#hash_769ef6761e7ed0d4
image,d#hash_76a262bc23a07c07
image,d#hash_76a299697ee05d48
image,d#ui_icon_specialist_portrait_draft_hudson_hawaiian
image,d#loot03_ui_icon_outfit_global_warpaint_sunglasses_zero
image,#uie_ui_menu_aar_levelup_bar
image,d#loot03_ui_icon_outfit_warrior_epic1_robber_ruin_outfit_bundle
image,#ui_icon_hud_zb_power_up_double_points
image,#uie_ui_menu_zm_common_featured_bannerbg
image,#loot_ui_icon_jumppacks_parachute_game_cartridge
image,#hash_76ea29fb8cacc5ec
image,d#loot02_ui_icon_outfit_global_warpaint_fern_richtofen
image,d#hash_76f7276b53f1b347
image,d#loot02_ui_icon_outfit_holidays_extra_warpaint_dragon_firebreak
image,d#hash_7712ed7e34b42fad
image,#ui_icon_gamemode_gungame
image,d#hash_7726fee2129e9eeb
image,d#hash_7727bb6be3eb6f2a
image,d#loot03_ui_icon_outfit_global_warpaint_hearts_ajax
image,d#loot03_ui_icon_outfit_global_warpaint_clubs_stanton_ix
image,d#hash_7732f6f9b7d302c0
image,d#hash_77333c0317d65449
image,#hash_773562cfcef8ad77
image,#hash_7737b79c6b489f18
image,d#hash_773b4ac19a990e15
image,d#loot03_ui_icon_outfit_global_warpaint_tattoo_richtofen_pri
image,#ui_icon_crm_motd_hd_weapons_ar_01
image,d#hash_7747c7e97e9be535
image,d#hash_774fb9cacd6b45a9
image,#loot_ui_icon_jumppacks_wingsuit_wraith
image,#ui_icon_director_tile_mp_control
image,d#ui_icon_mp_league_gem_elite
image,#loot07_ui_icon_blackmarket_reserves_death_fx_nature
image,d#loot_ui_icon_outfit_halloween_extra_warpaint_gargoyle_richtofen
image,d#hash_779dcaff5fa8ee15
image,d#loot_ui_icon_outfit_halloween_extra_warpaint_alien_prophet
image,d#hash_779fff1d5e9dca30
image,#ui_menu_ftue_contraband
image,#ui_icon_gamemode_killconfirmed
image,d#hash_77b5fb3fa2e800a4
image,#ui_menu_ftue_zm_tutorial_mode
image,#ui_icon_gamemode_infiltration
image,#loot_ui_icon_jumppacks_wingsuit_pirate_large
image,d#hash_77c5cddb38256fb8
image,d#loot02_ui_icon_outfit_holidays_extra_warpaint_nutcracker_nomad
image,d#hash_77db0278d99e7e27
image,d#loot05_ui_icon_outfit_spectrum_rare1_spectre_outfit_bundle
image,#img_t8_menu_zm_preview_towers_large
image,d#hash_77f067fe56c3640c
image,#loot06_ui_icon_cac_death_fx_electric
image,#uie_ui_menu_mtx_card_ultra_main
image,d#hash_77fc172af86649d5
image,d#hash_78106575c2f81a1f
image,#hash_781a28f3b90e03ed
image,#hash_781d0e9fe511363a
image,#hash_7821f71dd7a88ac1
image,d#loot03_ui_icon_outfit_global_warpaint_tattoo_seraph
image,#ui_icon_equipment_smokecharge_dark
image,d#hash_784739bdd63d59e4
image,d#loot02_ui_icon_outfit_holidays_extra_warpaint_candy_cane_dempsey
image,d#hash_787113478b29b5d3
image,d#hash_7874eb8819998c4a
image,#hash_787b1119aefe190e
image,d#loot03_ui_icon_outfit_benjamins_legendary1_crash_outfit_bundle
image,d#hash_78829f9213389de3
image,d#hash_7882fc5d291bc442
image,d#hash_78855f3b72b51bc3
image,#hash_788709102b8ce8d1
image,#hash_788c0ce731eca734
image,d#loot04_ui_icon_outfit_global_warpaint_s4_fish_ajax
image,d#hash_78911d2849dcf1bd
image,d#hash_7895206757b68c87
image,d#hash_78afcf6f23e0abde
image,d#loot02_ui_icon_outfit_global_warpaint_flaming_skull_stanton
image,#ui_icon_equipment_zm_flamethrower_lvl1
image,#ui_icon_equipment_zm_flamethrower_lvl2
image,#ui_icon_equipment_zm_flamethrower_lvl3
image,#uie_ui_menu_zm_allocation_pip_empty
image,#ui_icon_weapon_charms_oni_mask
image,#loot_ui_icon_jumppacks_parachute_st_patty_large
image,#loot_ui_icon_jumppacks_wingsuit_union_jack
image,d#hash_78f3e60509523f1c
image,d#loot05_ui_icon_outfit_zombie_epic1_firebreak_outfit_bundle
image,d#loot04_ui_icon_outfit_assassin_legendary1_firebreak_outfit_bundle
image,d#hash_79001be3b502414f
image,d#hash_790c8e8745ffd4c1
image,d#loot02_ui_icon_outfit_global_warpaint_fern_diego_ix
image,d#hash_792cf4f125df9d6b
image,d#loot02_ui_icon_outfit_global_warpaint_maori_seraph
image,d#hash_7935b93cc3a2749b
image,d#hash_7936a2a65d98e79a
image,d#loot_ui_icon_outfit_halloween_extra_warpaint_gargoyle_crash
image,d#hash_7939722ebf44dd80
image,#loot04_ui_icon_blackmarket_itemdetail_bundle_dogfight
image,#hash_793d1d7ea7b44f24
image,d#hash_793e0314660ac2d5
image,d#hash_794e1b893f9e377d
image,d#loot02_ui_icon_outfit_global_warpaint_boogie_man_richtofen
image,d#ui_icon_weapon_hud_ar_galil
image,d#hash_795850e79935c030
image,d#loot_04_ui_icon_blackmarket_reserves_blackjack
image,d#hash_795e378187b2c0eb
image,#ui_icon_challenges_zmexpert
image,d#hash_79804eecea07ceef
image,#uie_ui_menu_cac_preview_class_text_bg
image,d#loot_ui_icon_outfit_halloween_extra_warpaint_gargoyle_stanton
image,d#ui_icon_mp_league_gem_master
image,d#hash_798e80255429a868
image,d#loot02_ui_icon_outfit_global_warpaint_facepalm_stanton_ix
image,d#hash_799c370eb298825e
image,d#ui_icon_gamemode_gungame_large
image,#uie_ui_menu_cac_equipped_marker_tick
image,d#loot03_ui_icon_outfit_global_warpaint_jester_prophet
image,d#loot05_ui_icon_outfit_global_warpaint_s5_zombie_dempsey_pri
image,d#hash_79ba770db7619177
image,#uie_ui_menu_common_mtx_button_bg_epic_thick
image,#hash_79d0184504fdf2cd
image,#hash_79d954cfdd90c913
image,#hash_79daaa61ce3aad68
image,d#loot04_ui_icon_outfit_topography_rare2_outrider_outfit_bundle
image,d#hash_79e1eee4b3de952a
image,d#loot04_ui_icon_outfit_topography_rare2_torque_outfit_bundle
image,#loot_ui_icon_jumppacks_trail_st_patty_large
image,d#hash_79f88a3f743ba4ef
image,d#loot05_ui_icon_outfit_mean_legendary1_ajax_outfit_bundle
image,d#ui_icon_hero_portrait_draft_stanton
image,d#loot02_ui_icon_outfit_global_warpaint_pixel_perfect_nikolai
image,#icons_hud_ultimates_sparrow
image,d#loot02_ui_icon_outfit_global_warpaint_facepalm_ruin
image,#hash_7a39ace8f6ebb2d1
image,d#loot_ui_icon_outfit_halloween_extra_warpaint_demon_bruno_ix
image,d#hash_7a41c8294502812c
image,d#hash_7a61602b9a53ff0a
image,#hash_7a66fb3f58b8df10
image,d#hash_7a69dbc8091cee7d
image,#loot_ui_icon_jumppacks_trail_ghost_in_machine_large
image,d#hash_7a722cb3fd2e8857
image,d#hash_7a79b99ae07e8531
image,d#loot03_ui_icon_loot_character_outrider
image,d#hash_7a82480d43f051e9
image,d#hash_7a89619c3c226395
image,d#hash_7a8f787263dcddd1
image,d#loot04_ui_icon_outfit_topography_rare1_ajax
image,d#loot_ui_icon_outfit_halloween_extra_warpaint_gargoyle_firebreak
image,d#hash_7aa18eac481a5024
image,d#hash_7aa1e2d425bd946a
image,d#loot02_ui_icon_outfit_holidays_extra_warpaint_naughtyornice_firebreak
image,#ui_icon_director_tile_mp_hardpoint
image,#loot_ui_icon_jumppacks_parachute_celestial
image,d#hash_7aca5d493169f189
image,#uie_ui_menu_inspection_identity_dotline
image,d#loot_ui_icon_outfit_halloween_extra_warpaint_alien_crash
image,d#hash_7ae6e11f8522fd8a
image,d#hash_7b0131b8a5ea0b46
image,#uie_ui_menu_inspection_analysing_stripe
image,d#hash_7b08b670bd671266
image,d#loot03_ui_icon_outfit_panther_rare2_ruin
image,d#loot03_ui_icon_outfit_global_warpaint_spades_scarlett
image,#hash_7b259d817a83efdb
image,#uie_ui_menu_inspection_analysing_frame
image,#hash_7b2a16cd194d02a2
image,d#loot05_ui_icon_outfit_mean_legendary1_zero
image,#hash_7b310673a8798ee0
image,#loot_ui_icon_jumppacks_trail_savage_large
image,d#loot02_ui_icon_outfit_global_warpaint_boogie_man_ajax
image,#uie_ui_menu_zombies_cac_elixir_loadout_box
image,d#loot02_ui_icon_outfit_global_warpaint_fern_bruno_ix
image,#hash_7b6282f6d5ac2104
image,d#hash_7b63504c21933710
image,d#hash_7b644df3f3c0a095
image,d#uie_ui_menu_common_gradient
image,d#hash_7b6550d69a3eaff3
image,#ui_icon_equipment_trophysystem
image,d#loot03_ui_icon_outfit_global_warpaint_jester_dempsey_pri
image,d#hash_7b9dc593434bea18
image,d#menu_camo_active_bubble_wrap_pattern
image,d#hash_7bac50ebcf941dad
image,#uie_ui_menu_aar_levelup_arrow
image,#ui_icon_equipment_menu_concussion_grenade
image,d#hash_7bbea8e879c76d6f
image,d#hash_7bc973bf3514e3e4
image,d#ui_icon_gamemode_capturetheflag_large
image,#img_t8_menu_zm_preview_escape_large
image,d#loot03_ui_icon_outfit_global_warpaint_hearts_scarlett_ix
image,d#hash_7be13218883a6853
image,d#loot03_ui_icon_outfit_panther_rare1_ajax
image,d#hash_7bee628617bdf6cf
image,d#ui_icon_specialist_portrait_nikolai_ultimus
image,d#hash_7c03260c69dc5ee9
image,d#hash_7c07dc4b358c40a7
image,d#loot05_ui_icon_outfit_global_warpaint_s5_zombie_scarlett_ix
image,d#hash_7c18c8b4947bcf57
image,#hash_7c229cebabeeab0e
image,d#hash_7c2722d1969444c6
image,d#hash_7c2b415d985d675a
image,d#hash_7c2b95fe4475cbe9
image,d#hash_7c320e15fd568d47
image,#hash_7c32c3fc09a201d0
image,#hash_7c3ca170a1b7156d
image,#ui_icon_director_ct_tile
image,#loot_ui_icon_jumppacks_trail_game_cartridge
image,#ui_icon_gamemode_wz_quad
image,d#hash_7c4abd12511d57d7
image,#uie_ui_menu_aar_levelup_flare
image,d#loot03_ui_icon_outfit_global_warpaint_clubs_prophet
image,d#loot_ui_icon_outfit_halloween_extra_warpaint_pumpkin_crash
image,#ui_menu_ftue_wz_welcome_blackout
image,d#hash_7c658e435fd499a9
image,d#hash_7c75f0a8843d3f96
image,d#hash_7c79d35985733412
image,d#hash_7c828e9612449936
image,d#hash_7c96a4b04258285f
image,#hash_7c9793c8f59b834e
image,d#hash_7c995977ee51c6e2
image,#hash_7c99e9fdb4713caa
image,d#loot03_ui_icon_outfit_global_warpaint_jester_battery
image,d#hash_7ca237b3288dd21a
image,d#hash_7ca7bc571855302d
image,d#ui_icon_blackmarket_lockskull_256
image,d#hash_7cadb7f371243e32
image,#loot_ui_icon_jumppacks_wingsuit_game_cartridge_large
image,d#hash_7cb3c4519485b423
image,d#hash_7cc2b83e7216d44d
image,#ui_icon_blackmarket_promos_twitch_redemption
image,d#loot04_ui_icon_outfit_topography_rare2_torque
image,d#hash_7cdc39a95b84a287
image,d#loot03_ui_icon_outfit_global_warpaint_hearts_recon
image,d#loot_ui_icon_outfit_halloween_extra_warpaint_gargoyle_bruno_ix
image,#hash_7cea468d8e39b8f0
image,d#loot03_ui_icon_outfit_global_warpaint_robber_stanton
image,#hash_7cf33a4d59f1823d
image,#uie_ui_menu_zombies_cac_altar_brackets_focus
image,#uie_ui_zm_laboratory_special_offer_smoke
image,d#hash_7d145431372289ac
image,d#loot03_ui_icon_outfit_panther_rare2_torque_outfit_bundle
image,d#loot02_ui_icon_outfit_global_warpaint_rorschach_ruin
image,#ui_icon_challenges_wzoperations_large
image,#ui_icon_ability_sparrow
image,#hash_7d3c394e11a43825
image,d#hash_7d49a281b1511ec3
image,d#hash_7d4a68434a3983c2
image,d#hash_7d4d05df15e5c28c
image,#uie_ui_menu_aar_perform_botline_blur
image,d#loot03_ui_icon_outfit_global_warpaint_diamonds_ajax
image,d#loot04_ui_icon_outfit_water_legendary1_nomad_outfit_bundle
image,d#hash_7d5a77363684515b
image,d#hash_7d6ed1243b770197
image,d#hash_7d6fc5e3121db61d
image,#hash_7d77feba1b6df8ba
image,d#loot03_ui_icon_outfit_panther_rare3_prophet_outfit_bundle
image,d#hash_7d9064e5e5925bca
image,#hash_7d9bd40b4a7e54dc
image,d#loot02_ui_icon_outfit_global_warpaint_boogie_man_seraph
image,#ui_icon_gamemode_safeguard
image,d#hash_7db793a33c76595a
image,#uie_ui_icon_mp_league_gem_advanced
image,d#hash_7dd1549aa5c08f48
image,#hash_7dd767631b13332c
image,#hash_7ddebcd44c3ec42d
image,d#hash_7de4d0fb418f955a
image,d#hash_7de9fadf2da011f8
image,d#hash_7df374ff980735f5
image,d#hash_7df957ec0af4c8f2
image,d#loot03_ui_icon_outfit_global_warpaint_diamonds_stanton
image,d#hash_7e1b41b8ce330d8d
image,#uie_ui_menu_common_bracket01
image,d#hash_7e3926b57ccbc7f9
image,#hash_7e3985f7c78a6ff3
image,#hash_7e3bd14d27561ad2
image,d#hash_7e57d9f913023842
image,d#hash_7e6ad908c1bca871
image,#uie_ui_menu_mtx_card_common_main
image,d#loot_02_ui_icon_blackmarket_stream_zero
image,d#hash_7eb17ee203a8ffc3
image,d#hash_7eb920ff05814f97
image,d#hash_7ebb89d934cf6025
image,#ui_icon_weapon_charms_animalgame
image,#hash_7ec6856325c48c69
image,d#hash_7eced08067db60a2
image,#ui_icon_equipment_zm_minigun_lvl2_dark
image,#loot_ui_icon_jumppacks_trail_union_jack_large
image,d#hash_7ee3d2a3302d7fac
image,#loot_ui_icon_jumppacks_parachute_vampire
image,d#loot02_ui_icon_outfit_global_warpaint_facepalm_battery
image,d#uie_ui_menu_cac_plus
image,d#ui_menu_store_product_b04_ancient_evil_large
image,#hash_7ef1a2f829426dee
image,d#hash_7ef7610a7cc3310d
image,d#loot02_ui_icon_outfit_holidays_extra_warpaint_candy_cane_crash
image,#ui_icon_crm_motd_dragon_slayer
image,d#loot02_ui_icon_outfit_holidays_extra_warpaint_dragon_nikolai
image,d#loot_ui_icon_outfit_halloween_extra_warpaint_cthulhu_stanton_ix
image,d#loot_ui_icon_outfit_halloween_extra_warpaint_grimreaper_stanton
image,d#loot05_ui_icon_outfit_zombie_epic1_outrider_outfit_bundle
image,d#loot02_ui_icon_outfit_holidays_extra_warpaint_dragon_bruno_ix
image,#uie_zm_hud_elixirdpadtop
image,d#hash_7f56e2d33e4c00cd
image,d#loot03_ui_icon_outfit_global_warpaint_hearts_diego
image,#uie_ui_menu_zombies_cac_altar_tonic_active
image,d#loot_ui_icon_outfit_halloween_extra_warpaint_grim_ajax
image,d#ui_icon_hero_portrait_draft_scarlett_gladiator
image,d#hash_7f88fc7a5535ed27
image,d#hash_7f8d42178267dd3c
image,#hash_7fa3ed5d52905f65
image,d#loot_ui_icon_outfit_halloween_extra_warpaint_demon_torque
image,#hash_7fa7eb583a3e72c3
image,d#hash_7fa9e4c818deb3e3
image,d#hash_7fabeade362aa24c
image,#hash_7fc21a8215ea012b
image,d#hash_7fc8374f8342ebe1
image,d#loot02_ui_icon_outfit_global_warpaint_hypnotic_torque
image,d#hash_7fca5b14d3d2191b
image,#loot_ui_icon_jumppacks_trail_valentine_large
image,d#hash_7fd09ecaf832edaa
image,d#loot04_ui_icon_outfit_global_warpaint_s4_creature_torque
image,#ui_icon_crm_featured_hd_holiday_last_chance
image,#ui_icon_blackmarket_reserves_crate_x8_large_square
image,#ui_icon_blackmarket_promos_20x_tiers_button_large
scriptparsetreeforced,#4k_core_frontend
keyvaluepairs,#4k_core_frontend
