type,name
streamerworld,#hash_5f93d2fe3c9c97eb
physpreset,#p7_debris_trash_drink_carrier_01
physpreset,#can_small
physpreset,d#metal_tray
physpreset,#paper_cup
physpreset,d#hash_2dde11734bce6259
physpreset,#treasure_coin
physpreset,#p7_debris_trash_snack_bag_07
physpreset,#p7_debris_trash_snack_bag_02
physpreset,#p7_debris_trash_cup_coffee_02
physpreset,#p7_cup_coffee_mug
physpreset,#p7_debris_trash_paper_plate_01
physpreset,d#weapon_bullet
physpreset,#p7_farm_tools_hammer
physpreset,#hash_68431dd5d374e4dd
physpreset,d#default
physpreset,#empty_trashcan
physconstraints,#hash_759ef6130baaa6f
physconstraints,#hash_cc17bb22de03b7a
physconstraints,#hash_fea7abfcc239bca
physconstraints,#veh_t7_door_r_rear_hinge_pc
physconstraints,#hash_1899275a54d23a47
physconstraints,#veh_t7_door_l_rear_hinge_pc
physconstraints,#veh_t7_door_l_front_hinge_pc
physconstraints,#hash_34b55dc6a81ea8a1
physconstraints,d#hash_3dc6174bbfc0ab3b
physconstraints,d#hash_402ab258a825d477
physconstraints,#hash_4946810e3935b4d5
physconstraints,#hash_545f974ab282c717
physconstraints,#veh_t7_door_r_front_hinge_pc
physconstraints,#hash_5dbf3624dba6d10c
physconstraints,d#hash_7a720825351a5a98
physconstraints,#veh_t7_trunk_hinge_pc
xanim,#hash_e74eda068c9b5
xanim,#hash_80f2468e0d9461b
xanim,#pb_rifle_endgame_2ndplace_idle
xanim,#pb_rifle_endgame_3rdplace_idle
xanim,#hash_17dd3bf518e65877
xanim,#hash_17dd41f518e662a9
xanim,#hash_17eb3bf518f295d3
xanim,#hash_17eb59f518f2c8cd
xanim,#hash_1a6ed0cc71e354f9
xanim,#hash_232d66b21a45a4d3
xanim,#hash_24a308abcc12b6bc
xanim,#hash_31f624aa77a6c57a
xanim,#hash_39b0ad08235116df
xanim,#hash_3c05ad34bcf64962
xanim,#hash_3cbcd0518e0392f5
xanim,#hash_4719de1749a555d8
xanim,#pb_rifle_endgame_1stplace_idle
xanim,#hash_57de945ca85e1148
xanim,#o_veh_t7_civ_sedan_midsize_police_explode
xanim,#hash_66453c801e970702
xanim,#hash_6c07469be5c7066e
xanim,#hash_6edf442eaaa6e73f
xanim,#hash_76ac632010bbb459
xanim,#hash_77e611c614602e8e
xanim,#hash_7b00f8f866daeaf4
xmodelmesh,#hash_8a11ee02f62b5
xmodelmesh,#hash_d1358d818deb5
xmodelmesh,#hash_14b5433837faff
xmodelmesh,#hash_16da182dc66948
xmodelmesh,#hash_200ab7269a8fdb
xmodelmesh,#hash_34e2eb7a9697c6
xmodelmesh,#hash_36dad8cb6f5ec5
xmodelmesh,#hash_38c1cb66eeb038
xmodelmesh,#hash_49d5cfc488b5ce
xmodelmesh,#hash_4f5ede0e98a71d
xmodelmesh,#hash_5d845be1a54e41
xmodelmesh,#hash_641e5f58a2f261
xmodelmesh,#hash_6e87dcb7dc03a5
xmodelmesh,#hash_7ef432b5953602
xmodelmesh,#hash_836670fb14d81c
xmodelmesh,#hash_85924968f31492
xmodelmesh,#hash_9c3f0a5c860542
xmodelmesh,#hash_a2076194d7bf84
xmodelmesh,#hash_a46f2ed366eee5
xmodelmesh,#hash_ac8a2ea8f9147e
xmodelmesh,#hash_b54a4c79469c83
xmodelmesh,#hash_b9d307aa0b87a1
xmodelmesh,#hash_d6f52d4cf5eff8
xmodelmesh,#hash_d7d863881f5afa
xmodelmesh,#hash_dc07c7e1d4be5a
xmodelmesh,d#hash_df43015da40b1c
xmodelmesh,#hash_df9dc03c9efcb0
xmodelmesh,d#hash_e34cbfc639b5d4
xmodelmesh,#hash_eae950704c8790
xmodelmesh,#hash_ee07ea628a6d46
xmodelmesh,#hash_f5ed9625c40369
xmodelmesh,#hash_f83ffbf574a4ab
xmodelmesh,#hash_fc73c0a2735a34
xmodelmesh,#hash_fe01f3ff8473ee
xmodelmesh,d#hash_1036aedeb08e6c2
xmodelmesh,#hash_104e8fa03f8501a
xmodelmesh,#hash_105ba82f76aa505
xmodelmesh,#hash_10f71a9e480dc13
xmodelmesh,#hash_10febb6408ff93a
xmodelmesh,#hash_1141785ccc959e8
xmodelmesh,#hash_115523a874243b6
xmodelmesh,#hash_1205b3bc0d737d3
xmodelmesh,#hash_12d7ff9f893bf79
xmodelmesh,#hash_13281737a449f2a
xmodelmesh,#hash_138d7d0b7060311
xmodelmesh,#hash_138fc68a31316fa
xmodelmesh,#hash_13955e6ab54fe93
xmodelmesh,#hash_13c2b265e71d3a1
xmodelmesh,#hash_145f029c067d51b
xmodelmesh,#hash_14aa2f149183dd6
xmodelmesh,#hash_14d7f92c2c3073c
xmodelmesh,#hash_1513eb3e734b3a4
xmodelmesh,#hash_15aed2a5e811cd4
xmodelmesh,#hash_15c27bc8f973b19
xmodelmesh,d#hash_15c930aea6b4db7
xmodelmesh,#hash_15d1d072ad6cd22
xmodelmesh,#hash_16315516e94e317
xmodelmesh,#hash_169b399d9efff2f
xmodelmesh,#hash_16e4a363f85ec86
xmodelmesh,#hash_17d146ec0a85cf9
xmodelmesh,#hash_1868e76b9dca300
xmodelmesh,#hash_18c33f21c8ded26
xmodelmesh,#hash_19192f536f40821
xmodelmesh,#hash_19890c0f28e3fd9
xmodelmesh,#hash_1b1a60aab539bef
xmodelmesh,#hash_1b3c6160988363f
xmodelmesh,#hash_1b85be468f813f7
xmodelmesh,#hash_1bdb17889efa358
xmodelmesh,#hash_1c0834105d735c0
xmodelmesh,#hash_1c3809207676b2a
xmodelmesh,#hash_1c4a095a24c9a22
xmodelmesh,d#hash_1c6da0bddf0a5e2
xmodelmesh,#hash_1cc02d605f4581b
xmodelmesh,#hash_1ce1e0079558c7b
xmodelmesh,#hash_1d07072ca0c6ddc
xmodelmesh,d#hash_1d9a6a29236f9d1
xmodelmesh,#hash_1dc0e7ab546b89a
xmodelmesh,#hash_1dcd253cc755698
xmodelmesh,#hash_1e1ed1dd9780706
xmodelmesh,#hash_1e795108a848598
xmodelmesh,#hash_1f2281151482331
xmodelmesh,#hash_1f953d617f787ec
xmodelmesh,#hash_1fb7674a58cdeb5
xmodelmesh,#hash_20b57abfc33a902
xmodelmesh,#hash_217dc958b93d2e7
xmodelmesh,#hash_21cd5439ff5e216
xmodelmesh,d#hash_224ba81d75dab9e
xmodelmesh,#hash_23161da7722aaba
xmodelmesh,#hash_233dd910478853e
xmodelmesh,#hash_23b4e4c9461b246
xmodelmesh,#hash_24484da951dd57b
xmodelmesh,#hash_24ac825a7479a26
xmodelmesh,#hash_24bef0069a7092f
xmodelmesh,#hash_24f467ea50a345f
xmodelmesh,#hash_253e153f5f3eb5c
xmodelmesh,#hash_25849a8034ade37
xmodelmesh,d#hash_25ff87e410874bb
xmodelmesh,#hash_2638225e25c4abd
xmodelmesh,#hash_2679605a5628b0d
xmodelmesh,#hash_2696f6f36ed13f7
xmodelmesh,#hash_27c88198d36bf69
xmodelmesh,#hash_27e347fe500e515
xmodelmesh,#hash_27f5c1ae9bd1f1c
xmodelmesh,#hash_283560393e6ba7a
xmodelmesh,#hash_28c4d3df57371b1
xmodelmesh,#hash_2916f50371aad92
xmodelmesh,#hash_2917f21540dc677
xmodelmesh,#hash_295809dff551b2b
xmodelmesh,#hash_29b9716ad3ed4b7
xmodelmesh,#hash_2b0eeb5b5a8d316
xmodelmesh,#hash_2b4c3ef4a7e3ced
xmodelmesh,#hash_2c51f97bd7bbe73
xmodelmesh,#hash_2c83c39c4b0cf89
xmodelmesh,#hash_2cb41aa6d5a68b4
xmodelmesh,#hash_2cd82a9f3f8bbc7
xmodelmesh,#hash_2e52f6ea0a51247
xmodelmesh,#hash_2eb5a33205b91c0
xmodelmesh,#hash_2ee25d5cfb9c4c6
xmodelmesh,#hash_2eff54681456e5a
xmodelmesh,#hash_2fa0218dbb5e7f3
xmodelmesh,#hash_3086517eeea4897
xmodelmesh,d#hash_30ef18ff8c82600
xmodelmesh,#hash_3150e14ce206221
xmodelmesh,#hash_31fb70e2dde092d
xmodelmesh,#hash_3207ab2c49a2998
xmodelmesh,#hash_329f330ae5410a8
xmodelmesh,#hash_32e14f3835925ea
xmodelmesh,d#hash_33f837c12dcf613
xmodelmesh,#hash_34143afe99d7280
xmodelmesh,#hash_343ca000544e7f8
xmodelmesh,#hash_34401d60f5f440d
xmodelmesh,#hash_344211a96746411
xmodelmesh,#hash_34667ac559d80bf
xmodelmesh,#hash_347c9652256b37b
xmodelmesh,#hash_34a33fd5996cb88
xmodelmesh,#hash_34efca53080de51
xmodelmesh,#hash_34fd119693a99fb
xmodelmesh,#hash_351d0cafd800500
xmodelmesh,#hash_35872b00cdaa656
xmodelmesh,#hash_35abffe2161fefa
xmodelmesh,#hash_36b302125b7f935
xmodelmesh,#hash_378999122754588
xmodelmesh,#hash_37e43c4d6d42227
xmodelmesh,#hash_3827ea60fb5ca74
xmodelmesh,d#hash_38a23808cd62fce
xmodelmesh,#hash_39264f67cdd83fa
xmodelmesh,#hash_392ac7397fcd495
xmodelmesh,#hash_3977f4038db928c
xmodelmesh,d#hash_3a2280bd9c90f57
xmodelmesh,#hash_3a3d2b4e2aa4f96
xmodelmesh,#hash_3b01b38a1f6fc51
xmodelmesh,#hash_3ca4e115ee9422b
xmodelmesh,#hash_3d55733012a2ff2
xmodelmesh,#hash_3dec1821ab25a7f
xmodelmesh,#hash_3ecf2f0041c8119
xmodelmesh,d#hash_3fa6fe9cf1209b7
xmodelmesh,d#hash_3fb70db56e92c1d
xmodelmesh,d#hash_3fdf580c60b7f12
xmodelmesh,#hash_404e7d21251adb0
xmodelmesh,#hash_40518b70bec0c70
xmodelmesh,#hash_407ea6745b6b1f1
xmodelmesh,#hash_414b02810305d1c
xmodelmesh,d#hash_4179c84bdba869a
xmodelmesh,#hash_417e2a782c4b037
xmodelmesh,#hash_41b304ed44613f9
xmodelmesh,d#hash_42af2c8830e8ce3
xmodelmesh,#hash_42e6a518e3b253a
xmodelmesh,#hash_4323f5b3941701d
xmodelmesh,d#hash_43cd8d7d5a54c9a
xmodelmesh,#hash_444bbbc82caa440
xmodelmesh,#hash_445f6c8416fa54b
xmodelmesh,#hash_446743951bb337d
xmodelmesh,#hash_44b234337c822e1
xmodelmesh,#hash_4529fc754cf818e
xmodelmesh,#hash_45c869962f1e628
xmodelmesh,#hash_468b615cce0fe05
xmodelmesh,#hash_46990179692ab8b
xmodelmesh,#hash_46fd668a334ad4b
xmodelmesh,d#hash_471668cb444910b
xmodelmesh,#hash_473648ccda771d6
xmodelmesh,#hash_47a05be2eb737de
xmodelmesh,#hash_47b9476b55dd631
xmodelmesh,#hash_481131afac4ddd0
xmodelmesh,#hash_481fba1b3f5979a
xmodelmesh,d#hash_4865f6f38256238
xmodelmesh,#hash_489ce668e06b657
xmodelmesh,#hash_48ae3ccdacd7a65
xmodelmesh,#hash_49051a9c4c202bd
xmodelmesh,#hash_492884dfad7e462
xmodelmesh,#hash_492f3d489b51366
xmodelmesh,#hash_4979b95144d2536
xmodelmesh,#hash_49a0fa6e7073142
xmodelmesh,#hash_49d31ba0f8ce5fc
xmodelmesh,#hash_49f0a6be7886d98
xmodelmesh,#hash_49f7e72d1dc01b4
xmodelmesh,d#hash_4a4dedf25d5df9d
xmodelmesh,#hash_4abc9a609d13a88
xmodelmesh,#hash_4b557b98bd84d60
xmodelmesh,d#hash_4b6f72f1cd952c5
xmodelmesh,d#hash_4bcd53353a7ad72
xmodelmesh,#hash_4c4caa33c826c71
xmodelmesh,#hash_4c82b180f940666
xmodelmesh,#hash_4ca43f49badb1ec
xmodelmesh,#hash_4cb3ad4aac1ec24
xmodelmesh,#hash_4d82af90d00064e
xmodelmesh,#hash_4f13b8972ca4260
xmodelmesh,#hash_4f63fd8cb06e6be
xmodelmesh,#hash_4fa6aedb8c1117d
xmodelmesh,#hash_4feaf8db2ee0b65
xmodelmesh,#hash_50c5045130c0eaf
xmodelmesh,#hash_5158aa6597962c4
xmodelmesh,#hash_51d2942e1508bc0
xmodelmesh,#hash_52c364ea296fd4a
xmodelmesh,#hash_52dec8911886b11
xmodelmesh,#hash_53507016dda244d
xmodelmesh,#hash_539a7c6f3b9879e
xmodelmesh,#hash_53e48775385941e
xmodelmesh,#hash_54963cf78918ca4
xmodelmesh,#hash_555bae57d9c7067
xmodelmesh,#hash_56774b08dcc3ed3
xmodelmesh,#hash_56b234ed1c4bd3c
xmodelmesh,#hash_56d18ac4854e4e3
xmodelmesh,d#hash_578df65f2ed0b46
xmodelmesh,#hash_581e9d285cf41f1
xmodelmesh,#hash_5828ff98be91784
xmodelmesh,#hash_58c43a7680ab5c0
xmodelmesh,#hash_58e9d84d3423acd
xmodelmesh,#hash_59a6d99d9cbf5da
xmodelmesh,#hash_5af8051b7bcb681
xmodelmesh,#hash_5b226dd48311c7b
xmodelmesh,#hash_5bb80cef2fe1928
xmodelmesh,#hash_5cc14044f59f9d2
xmodelmesh,#hash_5d19222cce291a0
xmodelmesh,#hash_5e006c71d17d3a8
xmodelmesh,#hash_5e5c7f3df08ac78
xmodelmesh,#hash_5f0aec171d98c3e
xmodelmesh,#hash_5f6bf65348f5d1e
xmodelmesh,#hash_5f8f3fa6605a9c7
xmodelmesh,#hash_602a5282a059302
xmodelmesh,#hash_611bc820e479c23
xmodelmesh,#hash_6178b3bfc7587d8
xmodelmesh,#hash_632dd94742d203c
xmodelmesh,#hash_6404e83ec4186e3
xmodelmesh,#hash_6419c3c596632f0
xmodelmesh,#hash_641ee548970a8a3
xmodelmesh,#hash_64f7df96135dcde
xmodelmesh,#hash_6547b7ae9756b0c
xmodelmesh,#hash_6613e53a1b8c367
xmodelmesh,#hash_66694968930a982
xmodelmesh,#hash_666ef2a20f09409
xmodelmesh,#hash_66f8c4c799b1d09
xmodelmesh,#hash_6724068c226cab7
xmodelmesh,d#hash_673a48c9640ca77
xmodelmesh,#hash_67734694e75c4c5
xmodelmesh,#hash_67bdd4d98e0783d
xmodelmesh,#hash_68560fd25c9e860
xmodelmesh,#hash_689203333a98641
xmodelmesh,#hash_68d3d70b774a539
xmodelmesh,#hash_68deebd491630dc
xmodelmesh,#hash_693e03c00b08de8
xmodelmesh,#hash_69cafac47ffecad
xmodelmesh,#hash_69d77c7c71c99a8
xmodelmesh,#hash_69e42979264c99f
xmodelmesh,d#hash_6a3f7bbd346ac41
xmodelmesh,#hash_6a9c29e3d1fb7c8
xmodelmesh,#hash_6ac040194b4e094
xmodelmesh,#hash_6ae939388037cb3
xmodelmesh,#hash_6b3304b59f1271f
xmodelmesh,#hash_6b511c7109e503c
xmodelmesh,#hash_6be7676a68cf791
xmodelmesh,#hash_6bf915f64791e50
xmodelmesh,#hash_6c8f0eb856c9672
xmodelmesh,#hash_6c97c0755e7d5bf
xmodelmesh,#hash_6c9d0ce72916f2d
xmodelmesh,#hash_6d4a39ce59344e5
xmodelmesh,#hash_6d4a87ec4a924b7
xmodelmesh,#hash_6dbeca65be35ecf
xmodelmesh,#hash_6e737e145c5f224
xmodelmesh,#hash_6eafe8e73cb1df0
xmodelmesh,#hash_6f390006d2b745a
xmodelmesh,#hash_6f3d53a54b7a382
xmodelmesh,#hash_6f4f3b22fe41cb0
xmodelmesh,#hash_6f525c12d1761eb
xmodelmesh,#hash_70a8845400449f2
xmodelmesh,#hash_712f552d44302d3
xmodelmesh,#hash_713a24209675df6
xmodelmesh,#hash_718eaddf7ded608
xmodelmesh,#hash_7252c25c1dd0888
xmodelmesh,#hash_72d7d77f31b2148
xmodelmesh,#hash_74457746cdbe3c8
xmodelmesh,#hash_744a07adfb5e3f2
xmodelmesh,#hash_7535fd6de1d1dea
xmodelmesh,#hash_758fe50850a07e5
xmodelmesh,#hash_76d216401343573
xmodelmesh,#hash_772a5ba54837bbf
xmodelmesh,#hash_77d60f7e80539c5
xmodelmesh,#hash_78117beeaf732ec
xmodelmesh,#hash_78fba5549899ebf
xmodelmesh,d#hash_79e4331396c482b
xmodelmesh,#hash_79e8be61ea06d9b
xmodelmesh,#hash_7a7b17d7e23b2ce
xmodelmesh,#hash_7b3f889b2564ad2
xmodelmesh,d#hash_7be862a652be5b0
xmodelmesh,d#hash_7c332946bd9481d
xmodelmesh,#hash_7c4659d31cd2a4a
xmodelmesh,#hash_7c87e92e401a088
xmodelmesh,#hash_7d369baeac4b748
xmodelmesh,#hash_7e07e33d675cfa0
xmodelmesh,d#hash_7e68bcffdd14dac
xmodelmesh,#hash_7e7139941926e55
xmodelmesh,#hash_7e92bfe7df2b06e
xmodelmesh,#hash_7f77e122531f504
xmodelmesh,#hash_7f959c0f6fe4a2d
xmodelmesh,#hash_7fb21bea3f0a6f9
xmodelmesh,d#hash_7fbf0566fc46b76
xmodelmesh,d#hash_80af2496605bd39
xmodelmesh,#hash_80dcd589f756682
xmodelmesh,#hash_80def082f665896
xmodelmesh,#hash_81007e020148008
xmodelmesh,d#hash_82428337d03f62c
xmodelmesh,#hash_849703d2b16dbe3
xmodelmesh,#hash_84e8180f32e75b2
xmodelmesh,#hash_85d5b3689d16628
xmodelmesh,#hash_86121ec955b102e
xmodelmesh,#hash_873cb4c3af35b15
xmodelmesh,#hash_8749cd59a1f667d
xmodelmesh,#hash_875e2d1ac88630c
xmodelmesh,#hash_876139bcdef7cf5
xmodelmesh,#hash_87c414c9fcc49e7
xmodelmesh,#hash_87d87b01d37e5f4
xmodelmesh,#hash_8825772e5ba5b52
xmodelmesh,#hash_88544e7fab5572a
xmodelmesh,#hash_890fc57a711660a
xmodelmesh,#hash_892f71e9486fb48
xmodelmesh,#hash_8b37d9f9e7005d8
xmodelmesh,#hash_8b640361d771f35
xmodelmesh,#hash_8bdf7ae97259059
xmodelmesh,#hash_8bf34750e9200d3
xmodelmesh,#hash_8c4ba6dd5e69903
xmodelmesh,#hash_8c6a9abbd6a1c77
xmodelmesh,#hash_8c80d9bcd4c09c8
xmodelmesh,#hash_8cd2ec6f8e59088
xmodelmesh,#hash_8d2d59ebed4fb53
xmodelmesh,#hash_8d6ac6c886e8f83
xmodelmesh,#hash_8dc06e399c8f9c1
xmodelmesh,#hash_8ddec4fcdae7bdf
xmodelmesh,d#hash_8e31353c9c9771b
xmodelmesh,#hash_8e3b20cb58e908c
xmodelmesh,#hash_8e5993cf877416c
xmodelmesh,#hash_8e8f109080b77f6
xmodelmesh,#hash_8f00eb3f280cec9
xmodelmesh,#hash_8f46601fb82cf33
xmodelmesh,d#hash_8f59edb781e5514
xmodelmesh,#hash_8f799cbc8505477
xmodelmesh,#hash_8fae8b2de4e933a
xmodelmesh,#hash_8fb186b994cdd02
xmodelmesh,#hash_8ff7901ff7857c3
xmodelmesh,#hash_904246c1718c87c
xmodelmesh,#hash_904266e2f1998a5
xmodelmesh,#hash_904b3bb41d5d581
xmodelmesh,#hash_90b5d1d7915e2d7
xmodelmesh,#hash_90ee2dff0dac6a9
xmodelmesh,#hash_9170af1aa460806
xmodelmesh,#hash_91ac5c81334c444
xmodelmesh,#hash_92c46e1ebe397fd
xmodelmesh,#hash_92d7854e095b935
xmodelmesh,d#hash_93291d327bc8d57
xmodelmesh,#hash_93a9c27eedfa898
xmodelmesh,#hash_93c627076888eb1
xmodelmesh,#hash_9470b08b925304e
xmodelmesh,#hash_947713e3f52f72a
xmodelmesh,d#hash_94d5cbd778b4f8a
xmodelmesh,#hash_965692b3ea35598
xmodelmesh,#hash_9698032db6c032a
xmodelmesh,#hash_96ef0a58aea7bfa
xmodelmesh,#hash_975f6d78f1202be
xmodelmesh,#hash_980b3d9702304a2
xmodelmesh,#hash_983642d5a180efa
xmodelmesh,#hash_9850d1db8cd4e79
xmodelmesh,#hash_99424c36b9a2a50
xmodelmesh,#hash_994ce24b56c8aee
xmodelmesh,#hash_998690a90ed7701
xmodelmesh,d#hash_99a0422cf6d2a99
xmodelmesh,d#hash_99dff1c21974233
xmodelmesh,#hash_9a32796ad481525
xmodelmesh,#hash_9a42c4488238cd4
xmodelmesh,#hash_9a949eb8c6ba517
xmodelmesh,#hash_9abf2bb1afc0585
xmodelmesh,#hash_9c4655e9d6a3af6
xmodelmesh,d#hash_9c66a7f9c31aebc
xmodelmesh,#hash_9c86e8b0551acee
xmodelmesh,#hash_9c8732428362ca2
xmodelmesh,#hash_9cad8454d0382d1
xmodelmesh,d#hash_9d6b7b84c1fec33
xmodelmesh,#hash_9e723b7c728aa9b
xmodelmesh,#hash_9ec8cdacd7fcd14
xmodelmesh,#hash_9ece582e5b03356
xmodelmesh,#hash_9ef57d0fef6d602
xmodelmesh,#hash_9f37d8e346549de
xmodelmesh,#hash_9f5d8ce03c1d03b
xmodelmesh,d#hash_9fd3cd237bfe0a6
xmodelmesh,#hash_a00881e901efd69
xmodelmesh,#hash_a0805dd933a9eef
xmodelmesh,#hash_a0958f2924df763
xmodelmesh,#hash_a0ac894db335a16
xmodelmesh,#hash_a0d4efd77534399
xmodelmesh,#hash_a0e31aafcb69ebb
xmodelmesh,#hash_a0f7daf13ad3cc5
xmodelmesh,#hash_a106026e0919022
xmodelmesh,d#hash_a187f80a866ad63
xmodelmesh,#hash_a2eaaddab8301ba
xmodelmesh,#hash_a41cc3558abf2be
xmodelmesh,#hash_a509e61f2a45636
xmodelmesh,#hash_a54e59e5d9952e9
xmodelmesh,#hash_a618971fb22b0a2
xmodelmesh,#hash_a66a9370a966958
xmodelmesh,#hash_a6b8ed2513632e9
xmodelmesh,#hash_a6c31244cfe2d44
xmodelmesh,#hash_a6fd28adb045a7d
xmodelmesh,#hash_a827c9cf15a82b6
xmodelmesh,#hash_a83fe80432c99ff
xmodelmesh,#hash_a8648dbcb0e26ad
xmodelmesh,#hash_a9626591c1419cf
xmodelmesh,#hash_aa4fa8a7ca1cc62
xmodelmesh,#hash_aa5b88facbf8661
xmodelmesh,#hash_aa6b44cd8efb021
xmodelmesh,#hash_aae353b215e2d8b
xmodelmesh,#hash_abcf1561ffd6616
xmodelmesh,#hash_abd4b473fdb05b8
xmodelmesh,#hash_ac0e6ff45bf4878
xmodelmesh,#hash_ac6ea8d2e035402
xmodelmesh,#hash_ad45c1d178fe713
xmodelmesh,#hash_ad72faa97045e30
xmodelmesh,#hash_ae00abc5db99a7a
xmodelmesh,#hash_aec6b49189437e8
xmodelmesh,#hash_af71f38c34e8f35
xmodelmesh,#hash_b0a941a081c2cca
xmodelmesh,d#hash_b1343ce0e4c2de6
xmodelmesh,#hash_b1ee285386099c2
xmodelmesh,d#hash_b2d2498029cdf4c
xmodelmesh,#hash_b39a41dc9789c63
xmodelmesh,#hash_b47c8d9cfff1c59
xmodelmesh,#hash_b4c6a390a163a10
xmodelmesh,#hash_b5cc3557186ec72
xmodelmesh,#hash_b5d212a27b70b73
xmodelmesh,#hash_b66953056b4a77d
xmodelmesh,#hash_b67abcd694deaa5
xmodelmesh,#hash_b69b4066cbbbd92
xmodelmesh,#hash_b6a16cc8ee124cb
xmodelmesh,d#hash_b864140fef4e8a3
xmodelmesh,#hash_b879a0282aeb3e7
xmodelmesh,#hash_b8fe31b478c288a
xmodelmesh,#hash_b94d87058f23ba5
xmodelmesh,d#hash_b957c38f5a0fedd
xmodelmesh,#hash_b9714abfa48a2f9
xmodelmesh,#hash_b9e865734ff198a
xmodelmesh,#hash_ba4cec9ec22f60c
xmodelmesh,#hash_ba68916ec0b1417
xmodelmesh,#hash_ba81a6c009cb0ed
xmodelmesh,#hash_ba8d04650b01042
xmodelmesh,#hash_bb157c512a2202b
xmodelmesh,#hash_bb3e8a58045135f
xmodelmesh,#hash_bb41a0c2708693f
xmodelmesh,#hash_bb9d42e0d2f0769
xmodelmesh,d#hash_bc31ca30e895a8d
xmodelmesh,#hash_bc4438532b90c9d
xmodelmesh,#hash_bd2b67c3c84d26d
xmodelmesh,#hash_bd76b1b3a54f837
xmodelmesh,#hash_bda9c8f1afba108
xmodelmesh,#hash_be0fbadab2a0c61
xmodelmesh,#hash_be39af0b618c71a
xmodelmesh,#hash_be96045615f8269
xmodelmesh,#hash_be97d0551526a6f
xmodelmesh,#hash_bea2272959b6d12
xmodelmesh,#hash_bebf6b6eb0364ad
xmodelmesh,#hash_bece4f8255ff6a4
xmodelmesh,#hash_bed96b4ea3c2313
xmodelmesh,#hash_bf2fdb5ec5e4c7f
xmodelmesh,#hash_bf786551f341f72
xmodelmesh,#hash_bf8c05a130a66e9
xmodelmesh,#hash_bfbc66ee7fdddcd
xmodelmesh,#hash_bfdc212ef0ba271
xmodelmesh,#hash_c012a4d4a84b5f7
xmodelmesh,#hash_c0aac8c7d9dcdd3
xmodelmesh,#hash_c0d3a302a975b30
xmodelmesh,#hash_c0f937c841d6bdf
xmodelmesh,#hash_c198c3cd87ac3a6
xmodelmesh,#hash_c1a780cd1a11e19
xmodelmesh,#hash_c1e54f9dec6d69c
xmodelmesh,#hash_c209a959a11655c
xmodelmesh,#hash_c27e3e927e58662
xmodelmesh,#hash_c2bf0b18203f4e3
xmodelmesh,#hash_c3c7691bd39d785
xmodelmesh,#hash_c3ee2f80a66b053
xmodelmesh,#hash_c40e10603ad0838
xmodelmesh,#hash_c472f1af89ac51a
xmodelmesh,#hash_c50ced09ce67ca3
xmodelmesh,d#hash_c51908c6055708c
xmodelmesh,#hash_c57a92e5e062cbd
xmodelmesh,#hash_c593cd72c47e6bd
xmodelmesh,#hash_c5b708f67e7463c
xmodelmesh,#hash_c661ff3981fbd14
xmodelmesh,#hash_c663dbf5493ed25
xmodelmesh,#hash_c8054c3a2d26810
xmodelmesh,#hash_c87206969739e34
xmodelmesh,#hash_c88c699b8336ce6
xmodelmesh,#hash_c8d8276d25faf2e
xmodelmesh,d#hash_c8e6c318690aa3a
xmodelmesh,#hash_c972fc6f0de71d5
xmodelmesh,#hash_c990984dacbd176
xmodelmesh,#hash_c992fbb20e4d8a3
xmodelmesh,#hash_c9e73311658b6cf
xmodelmesh,#hash_c9f59d4a86d090d
xmodelmesh,#hash_ca2852f81aea845
xmodelmesh,d#hash_cab57da6706fc66
xmodelmesh,#hash_caee3482fd50cff
xmodelmesh,#hash_caf776a9875fcc2
xmodelmesh,#hash_cb29fd8338f832a
xmodelmesh,#hash_cbf015710d8b3bb
xmodelmesh,#hash_cbf6a3445d3f70e
xmodelmesh,#hash_cbfac79f8619dc4
xmodelmesh,d#hash_cca1361972c4f47
xmodelmesh,#hash_cd248f560a40ca3
xmodelmesh,#hash_cde5a92b2aeb888
xmodelmesh,#hash_ce7e0927eb864b2
xmodelmesh,#hash_cee107b895abae0
xmodelmesh,d#hash_cf37f8f26bb08a0
xmodelmesh,#hash_cf45eec0c9532af
xmodelmesh,#hash_cfeb319b70df53a
xmodelmesh,#hash_cff0c62e6ef4ec9
xmodelmesh,#hash_d023e1ab2d54402
xmodelmesh,#hash_d0bba1ff3b46767
xmodelmesh,#hash_d1680621cc1dc11
xmodelmesh,#hash_d1dae77ca48f792
xmodelmesh,#hash_d225af54194ea91
xmodelmesh,#hash_d26a22e4fc4e772
xmodelmesh,#hash_d324b3acbbda685
xmodelmesh,#hash_d33c058313a07dc
xmodelmesh,#hash_d3e9b05f54fd788
xmodelmesh,#hash_d40d0e2cba4bb95
xmodelmesh,#hash_d4599d26fb50ef7
xmodelmesh,#hash_d4b17d1558bab9d
xmodelmesh,#hash_d4db467de348a9e
xmodelmesh,#hash_d4e8ebe27385119
xmodelmesh,#hash_d5217efcbfb63bd
xmodelmesh,#hash_d58009a3ac16e4e
xmodelmesh,d#hash_d682c1061a3a356
xmodelmesh,#hash_d6917d1bfb40030
xmodelmesh,#hash_d77ea82f039484b
xmodelmesh,#hash_d8ed0f2f5f5c123
xmodelmesh,#hash_d90bbc2145a1e9e
xmodelmesh,#hash_d91958f9b6d7d4d
xmodelmesh,#hash_d925dfcba25b3f0
xmodelmesh,#hash_d9618c88ca2c9fa
xmodelmesh,#hash_d96a3e6265279ad
xmodelmesh,#hash_d98e05fd90db2ef
xmodelmesh,#hash_d995ff3dacc6f5f
xmodelmesh,#hash_d9bdc7969819b91
xmodelmesh,d#hash_da0474e9d632cee
xmodelmesh,#hash_da8a1b47b4248cd
xmodelmesh,#hash_da8df4855208c7a
xmodelmesh,#hash_db4d57c0abee082
xmodelmesh,d#hash_db9665e0d056e66
xmodelmesh,#hash_dbca2ea67c4979c
xmodelmesh,#hash_dbe78801779012a
xmodelmesh,#hash_dc70e41492789d5
xmodelmesh,#hash_dcb9829302aa555
xmodelmesh,#hash_dd483ee99dd4643
xmodelmesh,#hash_ddb06bee5f996a0
xmodelmesh,#hash_dde783bde83732f
xmodelmesh,#hash_de1327b1bae5860
xmodelmesh,#hash_dec128bb0d1a7a3
xmodelmesh,#hash_e04bc6b8be19527
xmodelmesh,#hash_e075c920705ba44
xmodelmesh,#hash_e09bd242e0dc57c
xmodelmesh,#hash_e0c432bc6e11dcf
xmodelmesh,#hash_e0e0a5cff264153
xmodelmesh,#hash_e0f5e86169c126a
xmodelmesh,#hash_e1a1fab0a0cbb28
xmodelmesh,d#hash_e1d9621213fcecc
xmodelmesh,#hash_e30e69d5880d690
xmodelmesh,#hash_e3d76ca2eca079d
xmodelmesh,#hash_e42038407864900
xmodelmesh,#hash_e548f63b65c9628
xmodelmesh,#hash_e6365bb0adb4275
xmodelmesh,d#hash_e676c3a98f2128d
xmodelmesh,#hash_e806b179d0d2963
xmodelmesh,#hash_e8edcbbe23ca6fc
xmodelmesh,#hash_e949beeaedecc37
xmodelmesh,d#hash_e96a1d994295329
xmodelmesh,#hash_e979e1fcdcb44e5
xmodelmesh,#hash_ea6ab99cdfc562d
xmodelmesh,#hash_ea703802b402b66
xmodelmesh,#hash_eaa3496b951a30a
xmodelmesh,#hash_eaf639769d234fb
xmodelmesh,#hash_eaf8cbaba545fc3
xmodelmesh,#hash_eb35b540f192490
xmodelmesh,#hash_eb3ecc618b75c71
xmodelmesh,#hash_eb5e8c25a366cf8
xmodelmesh,#hash_ebc3f66eb30fe32
xmodelmesh,#hash_ebcb91cfe53c7d8
xmodelmesh,#hash_ec0aeeed2725564
xmodelmesh,#hash_ec180c5cdd4bc73
xmodelmesh,#hash_ec4548c90197eca
xmodelmesh,#hash_ecb5bd69a238941
xmodelmesh,#hash_ed89e27559cbb47
xmodelmesh,#hash_ed99b765577c348
xmodelmesh,#hash_edaeca3ad5b2531
xmodelmesh,#hash_ede5e1377aae353
xmodelmesh,#hash_ef2053f0083d7a9
xmodelmesh,#hash_efc5a30d69557f5
xmodelmesh,#hash_f04689e0c64e389
xmodelmesh,#hash_f064f6018155b07
xmodelmesh,#hash_f0981b4fc3e241a
xmodelmesh,#hash_f0b24ce709f693c
xmodelmesh,d#hash_f1b1fba4cc90a0e
xmodelmesh,#hash_f1bad509957eff3
xmodelmesh,#hash_f1bff91c0249766
xmodelmesh,#hash_f2a096e1f78604c
xmodelmesh,#hash_f2a89e0d25189d1
xmodelmesh,#hash_f2f1c65027632b7
xmodelmesh,#hash_f30f6db635d9093
xmodelmesh,#hash_f394532e7aabefe
xmodelmesh,#hash_f3b7992c022294e
xmodelmesh,d#hash_f3eee9bca7c82d5
xmodelmesh,#hash_f46aa37094a6c2d
xmodelmesh,#hash_f4b133190913404
xmodelmesh,#hash_f5126b3c2938d7d
xmodelmesh,#hash_f53b2dc89ed145f
xmodelmesh,#hash_f5989a40f1c8162
xmodelmesh,#hash_f5f67551869bb3b
xmodelmesh,#hash_f6183339ca01b58
xmodelmesh,#hash_f66df39bc1c42e9
xmodelmesh,#hash_f68807e8afd901b
xmodelmesh,#hash_f7373c09023b6bd
xmodelmesh,d#hash_f7d33359b9cbb2a
xmodelmesh,#hash_f83cd532879e83d
xmodelmesh,#hash_f859a976b51ba31
xmodelmesh,#hash_f89c9e7ab69ab14
xmodelmesh,d#hash_f8bebe546a3a364
xmodelmesh,#hash_f9163cc4c6e7862
xmodelmesh,d#hash_f9ef2faeeb18edf
xmodelmesh,#hash_fa8dc3eb37a19c3
xmodelmesh,d#hash_fad16e772313b62
xmodelmesh,#hash_fb44e62cba491aa
xmodelmesh,#hash_fbd847893a34cc5
xmodelmesh,#hash_fc538959c2bf6d1
xmodelmesh,#hash_fc8d9a4b5b87f50
xmodelmesh,d#hash_fce5e9cdc5feecd
xmodelmesh,d#hash_fd0d6b6d5f73b0f
xmodelmesh,#hash_fd27ddba544902e
xmodelmesh,#hash_fd65dca22b303bf
xmodelmesh,#hash_fd6fe3c5485dd59
xmodelmesh,#hash_fdd6a759d83ac4f
xmodelmesh,#hash_fdfcba5870eee38
xmodelmesh,#hash_fe4303781e5dc33
xmodelmesh,#hash_feccb877cad989a
xmodelmesh,#hash_feedcd0afdda6b3
xmodelmesh,#hash_ffa2af75bbb2335
xmodelmesh,#hash_1002d097174f3099
xmodelmesh,#hash_100425b2d12d9595
xmodelmesh,#hash_100aae2a99b46e2c
xmodelmesh,#hash_100bb66be390f2dc
xmodelmesh,#hash_100bc11370e7bf63
xmodelmesh,#hash_1012b38657960bdd
xmodelmesh,#hash_10153a840fb6f229
xmodelmesh,#hash_101dfd14ddc31869
xmodelmesh,#hash_1024f5cc1e03290e
xmodelmesh,#hash_102a3720cc9af26c
xmodelmesh,#hash_102a75d9c9a2b612
xmodelmesh,#hash_103511082702814f
xmodelmesh,#hash_1036d790d8d6d4f6
xmodelmesh,#hash_103800f4f191dc25
xmodelmesh,#hash_10399e44d159a965
xmodelmesh,#hash_1040d1ed48d14642
xmodelmesh,d#hash_104734548f48f8eb
xmodelmesh,#hash_105257983c7943ea
xmodelmesh,#hash_105eb3b74da7a729
xmodelmesh,#hash_106c067271ed396f
xmodelmesh,#hash_1073ac190571c33a
xmodelmesh,#hash_107592e1b4f173b7
xmodelmesh,#hash_107a1c15ea63bad3
xmodelmesh,d#hash_107b7711568fb150
xmodelmesh,#hash_1088431540a2158b
xmodelmesh,d#hash_1089a50620209b5b
xmodelmesh,#hash_108a14196125189b
xmodelmesh,#hash_1090ae89d75444cf
xmodelmesh,#hash_1092e290a4d2c0ad
xmodelmesh,#hash_109526e093b2a2a8
xmodelmesh,#hash_109895438964ea4b
xmodelmesh,d#hash_109fd5e5886b2695
xmodelmesh,#hash_10a2a69f4d0506f9
xmodelmesh,#hash_10ac045a4d776d63
xmodelmesh,#hash_10ac986f544923cd
xmodelmesh,#hash_10b18948c22783c7
xmodelmesh,#hash_10b56c3e987683f9
xmodelmesh,#hash_10b6360819b17321
xmodelmesh,#hash_10b80e4e2476484d
xmodelmesh,#hash_10c7863870022111
xmodelmesh,#hash_10c874bae33f6ef1
xmodelmesh,d#hash_10d0d5c27193f7b3
xmodelmesh,#hash_10d7fa61cebafe03
xmodelmesh,#hash_10e486b2d1fd07cf
xmodelmesh,#hash_10eb9e05af6b83bf
xmodelmesh,d#hash_10eecde7bc0b5d29
xmodelmesh,#hash_1102410cfb69a841
xmodelmesh,#hash_1102836e1d5dcd07
xmodelmesh,#hash_1105b5ca86414c3b
xmodelmesh,#hash_110b2fc4aa67546b
xmodelmesh,#hash_1126fdd9c8e94106
xmodelmesh,#hash_1127c7e8c928138c
xmodelmesh,#hash_112f13694284d940
xmodelmesh,#hash_1132e116570048d7
xmodelmesh,#hash_1137dd5c57859086
xmodelmesh,#hash_1145ee0dc7f093f0
xmodelmesh,#hash_115f2604d5567605
xmodelmesh,#hash_11697465934fbab8
xmodelmesh,#hash_116cbeaf6cde37a3
xmodelmesh,#hash_1173e9c639489a8b
xmodelmesh,#hash_1179c28f36d8abd3
xmodelmesh,#hash_117c38acac269f2f
xmodelmesh,d#hash_118594630e3653a3
xmodelmesh,#hash_11865a941379fdbc
xmodelmesh,#hash_11878857a0c63fbb
xmodelmesh,#hash_118c415ba9495c21
xmodelmesh,#hash_1190ffab6cbd7d39
xmodelmesh,#hash_1191f913f20e7475
xmodelmesh,#hash_119c4be3cf29d3e5
xmodelmesh,#hash_119f96934e155fe8
xmodelmesh,#hash_11a2da0147b47690
xmodelmesh,#hash_11a88073de0b34f6
xmodelmesh,#hash_11aa363927bc96bd
xmodelmesh,d#hash_11b1335435a95684
xmodelmesh,d#hash_11b1d9980b60c833
xmodelmesh,#hash_11c0f2870d6ea436
xmodelmesh,#hash_11c6bbdbd618399f
xmodelmesh,#hash_11cc9dd5249743b0
xmodelmesh,#hash_11d3406513c7c321
xmodelmesh,#hash_11d65268096bdede
xmodelmesh,#hash_11e20a5876a49aa9
xmodelmesh,#hash_11e4587bc5e154b2
xmodelmesh,#hash_11e4f16cf3c2ee0f
xmodelmesh,#hash_11e8e6c3816479f4
xmodelmesh,#hash_11e9da2bd88e8421
xmodelmesh,#hash_11fcc281e878fe20
xmodelmesh,#hash_11ffdc26b2edb289
xmodelmesh,#hash_1205280341f0c919
xmodelmesh,#hash_1206504ce6cb5ad8
xmodelmesh,#hash_1206a79e2aecea65
xmodelmesh,#hash_120d25fe0fdbce72
xmodelmesh,#hash_120da811d833449b
xmodelmesh,#hash_120de8a868070824
xmodelmesh,#hash_120e50fd9b3168f9
xmodelmesh,#hash_1212db305d535eb1
xmodelmesh,#hash_121405745838ff3d
xmodelmesh,#hash_121816d725efb274
xmodelmesh,#hash_1219a1efbde4cbcd
xmodelmesh,#hash_121c5306050c9cd1
xmodelmesh,#hash_121cfd2b5ab89025
xmodelmesh,#hash_122729df207e7a68
xmodelmesh,#hash_122b85fdf6c40835
xmodelmesh,#hash_122c2cd6bc342155
xmodelmesh,#hash_1232bf12ece70acc
xmodelmesh,#hash_1233fc8f7cdf30c8
xmodelmesh,#hash_12369f2a1193b91e
xmodelmesh,#hash_123af5b7149b25f5
xmodelmesh,#hash_123d745ee5c437a4
xmodelmesh,d#hash_123fa5f27ffb318c
xmodelmesh,#hash_124e1ce8f62373aa
xmodelmesh,#hash_125104f5bbd1f4f2
xmodelmesh,#hash_12554afcebb6de04
xmodelmesh,#hash_12599e75347f34bc
xmodelmesh,#hash_125a2e3d423d2d83
xmodelmesh,#hash_126527776d07c124
xmodelmesh,#hash_126f7fe1a28603e3
xmodelmesh,#hash_127a4cb836b5cb97
xmodelmesh,d#hash_1286db7096f11d0a
xmodelmesh,#hash_12896bdf8d79bba6
xmodelmesh,#hash_128c41da9a400fe6
xmodelmesh,#hash_128dabfbe63d936a
xmodelmesh,#hash_129bad5844d3ba9d
xmodelmesh,#hash_129deff7a9b180ec
xmodelmesh,#hash_12ac46346f108b6b
xmodelmesh,d#hash_12b9eed8ba4a5005
xmodelmesh,#hash_12bc1f089dbd6fde
xmodelmesh,#hash_12c3d43c904bd255
xmodelmesh,#hash_12c3ef3a9e1132aa
xmodelmesh,#hash_12c5c16439667399
xmodelmesh,#hash_12cc4566bd32edc3
xmodelmesh,#hash_12d0861959cb0343
xmodelmesh,#hash_12d0e889f08e7717
xmodelmesh,#hash_12d64c31bf825d8b
xmodelmesh,#hash_12db03505084736f
xmodelmesh,#hash_12eadf34b318f34c
xmodelmesh,#hash_12f2a67e74150cb6
xmodelmesh,#hash_12f3b36f19b38e3d
xmodelmesh,#hash_12f6cee24ed40509
xmodelmesh,#hash_12f888ca9ebfb385
xmodelmesh,d#hash_12fa60d4b02280f6
xmodelmesh,#hash_12fb846304a964d2
xmodelmesh,#hash_13061a6bec42e392
xmodelmesh,#hash_13069315d30f23f7
xmodelmesh,#hash_1309eb5a331f03f5
xmodelmesh,#hash_130f0708123866bb
xmodelmesh,#hash_13146927ba9a9409
xmodelmesh,d#hash_131487d03fb32db4
xmodelmesh,#hash_1319552376575761
xmodelmesh,#hash_131a9ff178629b96
xmodelmesh,d#hash_131ade58bfdf1431
xmodelmesh,#hash_13262e7e81c4648d
xmodelmesh,#hash_13340f7684e5dc35
xmodelmesh,#hash_1337696e4bd2bc75
xmodelmesh,#hash_133b86b7ebbbd37c
xmodelmesh,#hash_133eb43389dd063f
xmodelmesh,#hash_134216112c0667b8
xmodelmesh,#hash_13463b368745be23
xmodelmesh,#hash_1347f35451bd4c41
xmodelmesh,#hash_1349820677f19a50
xmodelmesh,d#hash_13574a80628f8e41
xmodelmesh,#hash_135b8cedd828f0e9
xmodelmesh,#hash_1362411ba7c2bba4
xmodelmesh,#hash_13676e63cbb4244a
xmodelmesh,#hash_136ea98bb8351be4
xmodelmesh,#hash_13756ed8ff36ac62
xmodelmesh,d#hash_1375b9377f597511
xmodelmesh,#hash_1375c94f75479d16
xmodelmesh,#hash_13785c020036cf54
xmodelmesh,d#hash_13787552f9e5d742
xmodelmesh,d#hash_137ad15d7f378929
xmodelmesh,#hash_138031354d46666a
xmodelmesh,#hash_13805ca403de23b8
xmodelmesh,#hash_13952409680ef55b
xmodelmesh,#hash_1396377d4a5513e4
xmodelmesh,#hash_139ac3e5d0237c28
xmodelmesh,#hash_139c40ca2dc25e48
xmodelmesh,#hash_139e5191eceeb05e
xmodelmesh,#hash_13ae83258e93e60f
xmodelmesh,#hash_13b71508ff90f041
xmodelmesh,#hash_13c44a06ea9b4dfd
xmodelmesh,#hash_13c6a90af259ca25
xmodelmesh,#hash_13cb610e38dbca5a
xmodelmesh,#hash_13cd668b0011a9df
xmodelmesh,#hash_13d20ede5d080c53
xmodelmesh,#hash_13d5e9a32e32e1f0
xmodelmesh,#hash_13daacd73d105217
xmodelmesh,d#hash_13dd03b9ed30977d
xmodelmesh,#hash_13e5e3f2faeecee0
xmodelmesh,#hash_1403cfdbf8a17332
xmodelmesh,d#hash_1407e67f36c628ff
xmodelmesh,#hash_1416e22abb68fe03
xmodelmesh,#hash_141b34705dc55c92
xmodelmesh,#hash_14308aea3942f658
xmodelmesh,#hash_14323ab14c116b75
xmodelmesh,#hash_1454633e3de0550f
xmodelmesh,d#hash_14547f2bb56b6fa9
xmodelmesh,#hash_1455f9be28b05cad
xmodelmesh,#hash_1456d0a537dcef47
xmodelmesh,#hash_1461e190b99c937a
xmodelmesh,#hash_146775fa3106742a
xmodelmesh,#hash_1478ef0204e93e7a
xmodelmesh,#hash_147e1dec6353d2aa
xmodelmesh,#hash_1487de58be0f3570
xmodelmesh,#hash_1489e89de10094ef
xmodelmesh,#hash_1489ee9bac0df05e
xmodelmesh,#hash_1490c606951aeddd
xmodelmesh,#hash_1496d3a42a5fe482
xmodelmesh,#hash_14991d2f7064b2d0
xmodelmesh,#hash_149ce48770fdc97e
xmodelmesh,#hash_14a6be46e7756fea
xmodelmesh,#hash_14b8772f261745d4
xmodelmesh,#hash_14bd21a511620add
xmodelmesh,#hash_14d21ceef9fe2df9
xmodelmesh,#hash_14dcce25702af520
xmodelmesh,#hash_14e29a7e9f5d3f77
xmodelmesh,#hash_14e38eff4b76c379
xmodelmesh,#hash_14f166f5f51f69c3
xmodelmesh,#hash_14f3978b4c3a76b4
xmodelmesh,#hash_1501c4b8e91c9144
xmodelmesh,#hash_1502a2229c38a90c
xmodelmesh,#hash_1504580f77950aba
xmodelmesh,#hash_150696ce86fb1905
xmodelmesh,#hash_15106ffc4095e8ce
xmodelmesh,#hash_1510d02498a9a784
xmodelmesh,d#hash_151797531ecb05d9
xmodelmesh,#hash_151d964bdd912edc
xmodelmesh,#hash_1522e33011206059
xmodelmesh,#hash_1528ebe58cba7013
xmodelmesh,#hash_152b16bcd1af2777
xmodelmesh,#hash_152b3b35c4fd1b2a
xmodelmesh,#hash_152b4f0da74a5d11
xmodelmesh,#hash_153935dc99bdd5d1
xmodelmesh,#hash_153a43307265855d
xmodelmesh,#hash_153fcff0f8bcd535
xmodelmesh,#hash_15455d8a859c07e3
xmodelmesh,#hash_154634ad329e1ee2
xmodelmesh,#hash_154898de86e677ce
xmodelmesh,#hash_154abd5fdbea22b9
xmodelmesh,#hash_1550bdbf6e4bde61
xmodelmesh,#hash_15536e0e914188cd
xmodelmesh,#hash_1553d100242af06c
xmodelmesh,#hash_15611bfae7c186ae
xmodelmesh,#hash_15613358071b747f
xmodelmesh,#hash_15629d5fcfe051f7
xmodelmesh,#hash_157d5748f0fa8bbe
xmodelmesh,#hash_1587663bcabffc34
xmodelmesh,#hash_158efa6d5f4edaa0
xmodelmesh,#hash_15a1a7c667c43d62
xmodelmesh,#hash_15a5b3a3f997bf61
xmodelmesh,#hash_15a664ff0aee7d17
xmodelmesh,#hash_15a704d87085a344
xmodelmesh,#hash_15b60e26865248e6
xmodelmesh,#hash_15bb3906a2f3b7a2
xmodelmesh,d#hash_15bc3b7133f886a2
xmodelmesh,#hash_15c0a59c22bb44d9
xmodelmesh,#hash_15c8c292e29865c0
xmodelmesh,#hash_15ccd58e2fca2e1e
xmodelmesh,#hash_15cdd17ba8688329
xmodelmesh,#hash_15d825bf208e98a8
xmodelmesh,#hash_15e70c2ccbf95d33
xmodelmesh,#hash_15e7ec1ef009950d
xmodelmesh,#hash_15ea531073622f41
xmodelmesh,#hash_15ef2616651caa59
xmodelmesh,#hash_15f2bd3fe6df888c
xmodelmesh,#hash_15ff3b57cae0793f
xmodelmesh,#hash_1600d36762363ecd
xmodelmesh,#hash_160761ddb0ec1528
xmodelmesh,#hash_160e1248118365c8
xmodelmesh,#hash_1610ff5a845b6278
xmodelmesh,#hash_1614f53e68bacc5e
xmodelmesh,#hash_1619839393dd7e7c
xmodelmesh,#hash_16234c28e0acb1cf
xmodelmesh,d#hash_1623f89a3b3c7f3a
xmodelmesh,#hash_1629c864a7f9f813
xmodelmesh,#hash_163f2554cacc1bd1
xmodelmesh,#hash_164445a7aeaa1423
xmodelmesh,#hash_164dc396581e9503
xmodelmesh,#hash_16572af0d9f4c4ee
xmodelmesh,#hash_165c1949f9df141e
xmodelmesh,#hash_1661f2c438f9e0d6
xmodelmesh,#hash_1665e4d8052b636a
xmodelmesh,#hash_166f4ba3c5bb1bc9
xmodelmesh,#hash_16702a76269c7139
xmodelmesh,#hash_1673b14b9b435d95
xmodelmesh,#hash_1677db9593e7c386
xmodelmesh,#hash_167b4b5b6003f5f1
xmodelmesh,#hash_167c23ede216859c
xmodelmesh,#hash_168484d0a2d51612
xmodelmesh,#hash_1685696c56c6ea63
xmodelmesh,#hash_168f62a0be5a320a
xmodelmesh,#hash_169127a7ff8970d2
xmodelmesh,#hash_16926a839d34cc8c
xmodelmesh,#hash_1697e5de64acc7e9
xmodelmesh,#hash_169a63835f7ecc45
xmodelmesh,#hash_169d1e4a5a928603
xmodelmesh,#hash_169ef22183f9caa5
xmodelmesh,#hash_16a17b0b3b71f76d
xmodelmesh,#hash_16b166d205a6e65e
xmodelmesh,#hash_16c396dda811ab18
xmodelmesh,#hash_16d1bab29e2d7348
xmodelmesh,d#hash_16d4cc4fb7e35cf6
xmodelmesh,#hash_16e356d52597989f
xmodelmesh,#hash_16ec0add74b43472
xmodelmesh,#hash_16f32dbae8d25237
xmodelmesh,#hash_16fbf470a8b26975
xmodelmesh,#hash_16ff08eab9bbca22
xmodelmesh,#hash_170baab06f0ad8bc
xmodelmesh,#hash_1717e25feb17ff96
xmodelmesh,#hash_171b574719a5f24f
xmodelmesh,#hash_172cdfd6091dd24b
xmodelmesh,#hash_1730f69810b53012
xmodelmesh,#hash_1732daeba0e212fd
xmodelmesh,#hash_174927b9af2d074b
xmodelmesh,#hash_174e1b7536335104
xmodelmesh,#hash_174e7b3004c8d0b9
xmodelmesh,#hash_1753b156b8c3c130
xmodelmesh,#hash_1754119405f02d00
xmodelmesh,#hash_176193ed2ecd0029
xmodelmesh,#hash_17690e8ab74edc4a
xmodelmesh,#hash_177489c47c3a9711
xmodelmesh,d#hash_177518803e15668d
xmodelmesh,#hash_177729417f39cb63
xmodelmesh,#hash_1779639e07226cc2
xmodelmesh,#hash_177bab2296cb6d76
xmodelmesh,#hash_177bbb13ef619a15
xmodelmesh,#hash_1784d268c4be8765
xmodelmesh,#hash_17a368981b05b6c2
xmodelmesh,#hash_17a92623933fbd7d
xmodelmesh,#hash_17b4de80eff6f8fc
xmodelmesh,#hash_17b5d2318dd0eacc
xmodelmesh,#hash_17bffc6572d9458f
xmodelmesh,#hash_17c43fdd607793e1
xmodelmesh,#hash_17c487482a6c75d0
xmodelmesh,#hash_17ce49405c7abbdb
xmodelmesh,#hash_17cf9d9948f7caaf
xmodelmesh,#hash_17daec5cdbfbe778
xmodelmesh,#hash_17dc3822e41bdddd
xmodelmesh,#hash_17e73bae01761cc0
xmodelmesh,d#hash_17f3edf8669f8e73
xmodelmesh,#hash_17f4a33ea1f59ff5
xmodelmesh,#hash_180f2728bc067efc
xmodelmesh,#hash_181ea41fff92d660
xmodelmesh,#hash_182496a86677d1ad
xmodelmesh,#hash_182606a0166697a2
xmodelmesh,#hash_183477dc91b371b7
xmodelmesh,#hash_1843760dcfe8aae8
xmodelmesh,#hash_184d43d880b1562d
xmodelmesh,#hash_1855813cffd1a6a4
xmodelmesh,d#hash_185bd034f5f155cd
xmodelmesh,#hash_18614a7284ada2fa
xmodelmesh,#hash_1868358602f7c888
xmodelmesh,#hash_186c6dd52cff458b
xmodelmesh,#hash_186c8db4584b609e
xmodelmesh,#hash_186fc257dd049e12
xmodelmesh,#hash_187b90bf0fb019c2
xmodelmesh,#hash_18896319fdf73105
xmodelmesh,#hash_188fa29714f03a5f
xmodelmesh,#hash_189967df5a5f0b84
xmodelmesh,#hash_189abbcdc9cc9a52
xmodelmesh,#hash_189b401a89331862
xmodelmesh,#hash_18a431ffab9fd2f5
xmodelmesh,#hash_18a52301518fc570
xmodelmesh,#hash_18a795a6e64de328
xmodelmesh,#hash_18a877eeb12015f2
xmodelmesh,#hash_18ab137a80f5ea98
xmodelmesh,#hash_18b6b472310f2388
xmodelmesh,#hash_18b86c0394dbe567
xmodelmesh,#hash_18ba58efc6c0d9b8
xmodelmesh,#hash_18be21efcbaebd26
xmodelmesh,#hash_18c348c26b03778f
xmodelmesh,#hash_18ccc518d688aa3b
xmodelmesh,#hash_18ce1e52588691b7
xmodelmesh,#hash_18d1639de09489d5
xmodelmesh,#hash_18e170b0f788c5a5
xmodelmesh,#hash_18e596f5e8174a61
xmodelmesh,#hash_18f117e9c6a234ef
xmodelmesh,d#hash_18f37638751ef8c8
xmodelmesh,#hash_18f8c2793206ae9d
xmodelmesh,#hash_18f912c5df5035a3
xmodelmesh,d#hash_18fa36847cb2a2bf
xmodelmesh,#hash_19001806452a531c
xmodelmesh,#hash_19022d50501ad198
xmodelmesh,#hash_1902f10bcd93605e
xmodelmesh,#hash_19103fb075537a03
xmodelmesh,#hash_1912798ac5599187
xmodelmesh,#hash_191b3689188c91df
xmodelmesh,d#hash_1920add175fe1d7a
xmodelmesh,#hash_19213f4d7c09a2d8
xmodelmesh,#hash_1924d3abeed47f10
xmodelmesh,#hash_192d8b8f6130649f
xmodelmesh,d#hash_193dcb061e8bd834
xmodelmesh,#hash_1953cb85e7533971
xmodelmesh,#hash_195be8f43dd538f6
xmodelmesh,#hash_195dbee2e6d41d64
xmodelmesh,#hash_195eaabe4260769b
xmodelmesh,#hash_1965a2e6f0a9122c
xmodelmesh,#hash_196e64f3ab70f947
xmodelmesh,#hash_1973dbb50a551d40
xmodelmesh,#hash_19760352d6bb902a
xmodelmesh,#hash_198113b5405def85
xmodelmesh,#hash_19818f4e721819ea
xmodelmesh,#hash_1983ad61c3f4884f
xmodelmesh,#hash_1983f73623588fcb
xmodelmesh,#hash_1984d6c463d1f890
xmodelmesh,#hash_198c5eeb2532f45e
xmodelmesh,#hash_198d61218846b168
xmodelmesh,#hash_1999f00d42e41b93
xmodelmesh,#hash_199a89fe98095e57
xmodelmesh,#hash_19ae9f26ffff0c28
xmodelmesh,d#hash_19afeb02bb07be58
xmodelmesh,#hash_19b0b1d1c346cd4b
xmodelmesh,#hash_19b37013e90e6717
xmodelmesh,#hash_19b6dcd32d13c441
xmodelmesh,#hash_19ba34367f073e9a
xmodelmesh,#hash_19bbe4cb578e0471
xmodelmesh,#hash_19c679ca2bd8d03e
xmodelmesh,#hash_19d1a2c0b5ceff82
xmodelmesh,#hash_19d665a2139005f5
xmodelmesh,#hash_19d8f4ea5981ba7d
xmodelmesh,#hash_19dd8d8bf45746b6
xmodelmesh,#hash_19e068f0890e075c
xmodelmesh,#hash_19e29749fd5b5ba4
xmodelmesh,#hash_19eb5f973ebf6ba8
xmodelmesh,#hash_19ebf82126081cac
xmodelmesh,#hash_19ee392ff5c12474
xmodelmesh,#hash_19f306c7d3cfe924
xmodelmesh,#hash_19f40d56c381b5ca
xmodelmesh,#hash_19f7c9f194395446
xmodelmesh,#hash_19f8742fe0f21dec
xmodelmesh,#hash_19fefd917d3b9d56
xmodelmesh,#hash_1a0000b5738158c8
xmodelmesh,#hash_1a019d023d4379b2
xmodelmesh,#hash_1a03493b8cc4b5f7
xmodelmesh,#hash_1a06ac08f765b3b4
xmodelmesh,#hash_1a0ce35d71267c7e
xmodelmesh,#hash_1a140984446d3561
xmodelmesh,#hash_1a1cc6438b232e32
xmodelmesh,#hash_1a1e2134ede2883d
xmodelmesh,#hash_1a27b905eb03b624
xmodelmesh,#hash_1a2bd4bee3b11343
xmodelmesh,#hash_1a2d9bc2fd4349ea
xmodelmesh,#hash_1a2e80e5cf241ef8
xmodelmesh,#hash_1a49139b28969760
xmodelmesh,#hash_1a4925e90cc3a887
xmodelmesh,#hash_1a59ab8899df9a53
xmodelmesh,#hash_1a63f2f60909e97a
xmodelmesh,#hash_1a692485b258e6aa
xmodelmesh,#hash_1a69f81065a58afd
xmodelmesh,#hash_1a6f4bf6bdaf0095
xmodelmesh,#hash_1a75f42177a2d537
xmodelmesh,#hash_1a79fc8ed679660c
xmodelmesh,#hash_1a7e33372cf474fe
xmodelmesh,#hash_1a84ae196e0df39f
xmodelmesh,#hash_1a909b007110c515
xmodelmesh,#hash_1aac298c6c942bd1
xmodelmesh,#hash_1aafae54e9815fc0
xmodelmesh,d#hash_1ab08210f18fed8b
xmodelmesh,#hash_1ab3d895db7983fd
xmodelmesh,#hash_1ab8682331fa59be
xmodelmesh,#hash_1abe142f753d635f
xmodelmesh,#hash_1abe2a1731187bac
xmodelmesh,#hash_1ac33df4713c1194
xmodelmesh,#hash_1ad11f58d46246c6
xmodelmesh,#hash_1ad9b29a1013d45f
xmodelmesh,#hash_1ae05daf53dd66c8
xmodelmesh,#hash_1aea61304eeb061f
xmodelmesh,#hash_1aec6956d7b52ad0
xmodelmesh,#hash_1af09deaa3764e50
xmodelmesh,#hash_1af5fa5921e5ee24
xmodelmesh,#hash_1af6aa95ee947129
xmodelmesh,#hash_1afed7a9da3bec71
xmodelmesh,#hash_1b04b998dac898b6
xmodelmesh,d#hash_1b06d13a89821128
xmodelmesh,#hash_1b1c4392667963c2
xmodelmesh,#hash_1b209d09457b4bf6
xmodelmesh,d#hash_1b26873553912956
xmodelmesh,#hash_1b28bfb82578380c
xmodelmesh,#hash_1b31dca277a56fc8
xmodelmesh,#hash_1b334a73aa23fa9b
xmodelmesh,d#hash_1b35c11ceed2291f
xmodelmesh,#hash_1b37dcc88ba6c2f6
xmodelmesh,#hash_1b39da7b7d5dd02c
xmodelmesh,#hash_1b3dedc78156ab30
xmodelmesh,#hash_1b491114ff8d9047
xmodelmesh,#hash_1b4d3affbe9411a3
xmodelmesh,#hash_1b54c5b109c0945f
xmodelmesh,#hash_1b5df1476503e4bb
xmodelmesh,d#hash_1b5ebcdc6fbbf812
xmodelmesh,#hash_1b781cf6b8b2edb7
xmodelmesh,#hash_1b9172ac41da582b
xmodelmesh,#hash_1b92c81c2ba4035c
xmodelmesh,#hash_1b9b000c759899a0
xmodelmesh,#hash_1ba4a64a05495364
xmodelmesh,#hash_1ba73f2b4fe95adc
xmodelmesh,d#hash_1bb42012216e002b
xmodelmesh,#hash_1bb650f40e221b76
xmodelmesh,#hash_1bbaf524550fcc0f
xmodelmesh,#hash_1bbd291b6e8b2e7c
xmodelmesh,d#hash_1bc088040ad717da
xmodelmesh,#hash_1bc1ef178fb58f06
xmodelmesh,#hash_1bc34ac82313b454
xmodelmesh,#hash_1bcbd6ab6853287c
xmodelmesh,#hash_1bd54f6f3f296a29
xmodelmesh,#hash_1bd783b28b17f100
xmodelmesh,#hash_1bdc5f6cfd8bbb9d
xmodelmesh,#hash_1bdf7dc973cd8cac
xmodelmesh,#hash_1be3e1c0a6491409
xmodelmesh,#hash_1bf418ff42c607c8
xmodelmesh,#hash_1c0045e0eef50c2b
xmodelmesh,#hash_1c1f8c8b1e861707
xmodelmesh,#hash_1c3aaa3f5de6a538
xmodelmesh,#hash_1c427d9f4cd1b22c
xmodelmesh,#hash_1c4606c4ea4d6bef
xmodelmesh,#hash_1c4b10fbf2b25d0b
xmodelmesh,#hash_1c4f79f6fc1ec8bd
xmodelmesh,#hash_1c5530528bb33316
xmodelmesh,#hash_1c570126a2747e5e
xmodelmesh,#hash_1c5a96bdc96a01b8
xmodelmesh,#hash_1c6a510d3a585633
xmodelmesh,#hash_1c6b98b9fe149b31
xmodelmesh,#hash_1c6e59636791e8d2
xmodelmesh,#hash_1c758173f38d3488
xmodelmesh,#hash_1c75c28af8bf8bce
xmodelmesh,#hash_1c7a45de413d526f
xmodelmesh,#hash_1c7bead8f360924c
xmodelmesh,#hash_1c7cf3d20547b450
xmodelmesh,#hash_1c7d9404c39f341f
xmodelmesh,#hash_1c84fe20c5852e8a
xmodelmesh,#hash_1c8a35c441416bc5
xmodelmesh,#hash_1c989d59fc6879b3
xmodelmesh,#hash_1c9b09a5822b0e7d
xmodelmesh,d#hash_1c9f1bca3be1dd18
xmodelmesh,#hash_1ca66da8635414f3
xmodelmesh,d#hash_1ca9a791507fccbe
xmodelmesh,#hash_1cadb2c83f7564b0
xmodelmesh,#hash_1cb4c44ff1c9ef3c
xmodelmesh,#hash_1cb8e9cab21bee85
xmodelmesh,#hash_1cc14d222b96d40c
xmodelmesh,#hash_1cc6a8ac07e928e9
xmodelmesh,#hash_1cccefcf47dfbf87
xmodelmesh,#hash_1cd0c9b96fea7949
xmodelmesh,#hash_1ce08467e56d8302
xmodelmesh,#hash_1ce676970c441b7f
xmodelmesh,#hash_1ceb213ab60f2b08
xmodelmesh,#hash_1cebb27edb6530a9
xmodelmesh,#hash_1cf676d0db41703f
xmodelmesh,#hash_1cfd7ab0096376af
xmodelmesh,d#hash_1d060e7e32251f2b
xmodelmesh,#hash_1d09170a1c57b705
xmodelmesh,#hash_1d1103385030b29d
xmodelmesh,#hash_1d16697346808636
xmodelmesh,#hash_1d1bc8174d706fc4
xmodelmesh,#hash_1d240f5800be42e1
xmodelmesh,#hash_1d2cb1a0dda4ad16
xmodelmesh,#hash_1d37bb6bba3f2581
xmodelmesh,#hash_1d40573fb68a8050
xmodelmesh,#hash_1d4832140fcb0e5a
xmodelmesh,#hash_1d4fdd69f2a4ce86
xmodelmesh,#hash_1d51637538d68086
xmodelmesh,#hash_1d559b89537c218d
xmodelmesh,#hash_1d55ba01d164a30f
xmodelmesh,#hash_1d579594d1228c00
xmodelmesh,#hash_1d615d1d11b3584b
xmodelmesh,#hash_1d6db3d6859e3d63
xmodelmesh,#hash_1d7502b4b6cacd61
xmodelmesh,#hash_1d75cddda70f1133
xmodelmesh,#hash_1d79f59e51d450c5
xmodelmesh,#hash_1d7afb91eb51279b
xmodelmesh,#hash_1d842d4c015b1569
xmodelmesh,#hash_1d9ca289c91a5fa7
xmodelmesh,#hash_1da797e0ddfa8cc2
xmodelmesh,#hash_1da9449fdcd9f186
xmodelmesh,#hash_1db19c789cd7a67c
xmodelmesh,#hash_1db9fea2134c2ce0
xmodelmesh,#hash_1dbfc9cde0a47a1a
xmodelmesh,#hash_1dc51240ec85aea2
xmodelmesh,#hash_1dc79e3c10022215
xmodelmesh,#hash_1dd0cc7ed63616f9
xmodelmesh,#hash_1dd65b0edff12012
xmodelmesh,#hash_1dde4ec123ae6012
xmodelmesh,#hash_1de4638e5a0dcc68
xmodelmesh,#hash_1de783526ea6c87e
xmodelmesh,#hash_1de9becaa935a5f1
xmodelmesh,#hash_1df0b264e2fda3e0
xmodelmesh,#hash_1df55dcdb11d6d5d
xmodelmesh,#hash_1e026280a8879c3a
xmodelmesh,#hash_1e042cd0e3ba4e1f
xmodelmesh,#hash_1e04e5f399048342
xmodelmesh,#hash_1e052d6e54e0b69c
xmodelmesh,#hash_1e152b255414dfbc
xmodelmesh,#hash_1e21dd4564e6fe3a
xmodelmesh,#hash_1e26ef10f066d49e
xmodelmesh,#hash_1e2a9d41331eb205
xmodelmesh,#hash_1e2eb8d7aab63188
xmodelmesh,#hash_1e33a5156826ae6e
xmodelmesh,d#hash_1e3e8c98d3caac46
xmodelmesh,#hash_1e40b5fd88e511c1
xmodelmesh,#hash_1e49a955be1267b4
xmodelmesh,d#hash_1e4bd992c5c259d8
xmodelmesh,#hash_1e4c218dfe90b274
xmodelmesh,#hash_1e54f46e1994d1d1
xmodelmesh,#hash_1e5e40f4238098cd
xmodelmesh,d#hash_1e603c07adcde94b
xmodelmesh,#hash_1e61e4fb4869686a
xmodelmesh,#hash_1e676162f76f13cd
xmodelmesh,#hash_1e6e1d44a7d77697
xmodelmesh,#hash_1e745b724526e9d0
xmodelmesh,#hash_1e7930e39279d3d8
xmodelmesh,#hash_1e7ae5a7e738ee01
xmodelmesh,#hash_1e7bb64ab009c7c9
xmodelmesh,#hash_1e7dd73ea05e2d6c
xmodelmesh,#hash_1e82096362b629bc
xmodelmesh,#hash_1e852642025539fc
xmodelmesh,#hash_1e8881634bacd35c
xmodelmesh,#hash_1e8c7caa0f113484
xmodelmesh,#hash_1e93a45cd486eeb8
xmodelmesh,#hash_1e967d6038b3faff
xmodelmesh,#hash_1e977c061ff79437
xmodelmesh,#hash_1ea0028b7f580c79
xmodelmesh,d#hash_1ea1ee3401e21037
xmodelmesh,#hash_1ea8c6b6e08822bf
xmodelmesh,d#hash_1eb49f1aab69e766
xmodelmesh,d#hash_1ec0cd444c41f003
xmodelmesh,#hash_1ec7c799c4f21cbc
xmodelmesh,#hash_1eca2834b14e17a6
xmodelmesh,d#hash_1ed18e2c0848fe44
xmodelmesh,#hash_1edcff5ef7f58fe8
xmodelmesh,#hash_1ee477f2ca01b763
xmodelmesh,#hash_1eea4265497b0891
xmodelmesh,#hash_1eed43f45addcfdc
xmodelmesh,#hash_1eedfb7547e75ae3
xmodelmesh,#hash_1f061b8751c75a5c
xmodelmesh,#hash_1f1b73be22ecdb95
xmodelmesh,#hash_1f1c4435482816bf
xmodelmesh,#hash_1f28f5def35287d4
xmodelmesh,#hash_1f2c198032ef9b84
xmodelmesh,#hash_1f2e2050220aac8c
xmodelmesh,#hash_1f32f5bbd2ebb91f
xmodelmesh,#hash_1f3d280aeba284a6
xmodelmesh,#hash_1f3d470d410b60d0
xmodelmesh,#hash_1f4371d6d3ee3244
xmodelmesh,#hash_1f5461713e960700
xmodelmesh,#hash_1f57f07de2f7d5dc
xmodelmesh,#hash_1f58e04705297600
xmodelmesh,d#hash_1f5cf43233fbc271
xmodelmesh,#hash_1f5d3953acb62bf3
xmodelmesh,#hash_1f5ebd0df1ae0850
xmodelmesh,#hash_1f60a2772d48f8f6
xmodelmesh,#hash_1f6219126a3062e5
xmodelmesh,#hash_1f639f02148f7401
xmodelmesh,#hash_1f648cb0d048d564
xmodelmesh,#hash_1f6f1d5dfbe98258
xmodelmesh,#hash_1f723c8c60e3741a
xmodelmesh,#hash_1f7a523bdc9464f6
xmodelmesh,#hash_1f8148661e9eb4b0
xmodelmesh,#hash_1f81efd6ce798ab2
xmodelmesh,#hash_1f87a324c2866945
xmodelmesh,#hash_1f8898dc0406e38a
xmodelmesh,#hash_1f8fa435538600fd
xmodelmesh,#hash_1f9beba2fd6c6732
xmodelmesh,#hash_1fa4c103bb373501
xmodelmesh,#hash_1fa52f44de7a0beb
xmodelmesh,#hash_1fa6337d218ef360
xmodelmesh,#hash_1fa9b824cf75a504
xmodelmesh,#hash_1fb3d2572a212ecb
xmodelmesh,#hash_1fbf071e213c8687
xmodelmesh,d#hash_1fc3438413953969
xmodelmesh,#hash_1fc3ef1cf6c9a747
xmodelmesh,#hash_1fd15e986e7900ba
xmodelmesh,#hash_1fd7d75c2dedeaf3
xmodelmesh,#hash_1fe1cdc372d51d37
xmodelmesh,#hash_1feed94b5a143eb0
xmodelmesh,#hash_1ff04057c51645a9
xmodelmesh,#hash_1ff1b5839dc9f78a
xmodelmesh,d#hash_200046f0b285c0a8
xmodelmesh,#hash_200157ed90249764
xmodelmesh,#hash_200396d861816c4e
xmodelmesh,#hash_2006f3e323259b32
xmodelmesh,#hash_20098ef3ea4d52da
xmodelmesh,#hash_200c88a146a94f6e
xmodelmesh,#hash_200ee81cfbbbf427
xmodelmesh,d#hash_2010fc83829e45aa
xmodelmesh,#hash_2015b7a5aed53b43
xmodelmesh,#hash_2016195435680d4d
xmodelmesh,#hash_201a373140a823df
xmodelmesh,#hash_2020903ab2c7ff44
xmodelmesh,#hash_20225ed271b414fe
xmodelmesh,#hash_2032335ccb35ec42
xmodelmesh,#hash_2037e973cea3a6c6
xmodelmesh,d#hash_203f99e3b6f29b08
xmodelmesh,#hash_20404463cc577c6b
xmodelmesh,#hash_2045664916840748
xmodelmesh,#hash_2048dbbb394c018a
xmodelmesh,#hash_204bdca99fdc38d3
xmodelmesh,#hash_2059a24977258939
xmodelmesh,#hash_2059daed6493f6bc
xmodelmesh,#hash_205e27199c0b247c
xmodelmesh,#hash_206399151f08bcbb
xmodelmesh,#hash_2064472787c3c85a
xmodelmesh,#hash_206a3e58e4597fba
xmodelmesh,#hash_20707dd8a38c4466
xmodelmesh,#hash_20708a39d37af973
xmodelmesh,#hash_2070dfb5d9fc79a7
xmodelmesh,#hash_20718a05263ecc01
xmodelmesh,#hash_2074908d44b2d051
xmodelmesh,#hash_2075a86cc126e18c
xmodelmesh,#hash_2086070020221edd
xmodelmesh,#hash_2086e385b1bdb1e8
xmodelmesh,#hash_2095e16fc7602c86
xmodelmesh,#hash_20985b51faee10a0
xmodelmesh,#hash_20a0c55e4e274c19
xmodelmesh,#hash_20a3e6042cc6d74e
xmodelmesh,#hash_20b29e4081fb586d
xmodelmesh,#hash_20b37d36fa79dcb2
xmodelmesh,#hash_20b4cddf5aebacc2
xmodelmesh,#hash_20b6c871dd0f978c
xmodelmesh,#hash_20bad5146e2e17b0
xmodelmesh,#hash_20bbb4288d42b0fe
xmodelmesh,#hash_20c334a9ec8dfe04
xmodelmesh,#hash_20c347ecc7bc218c
xmodelmesh,#hash_20c83f6a1034253f
xmodelmesh,#hash_20d8dc1703524e62
xmodelmesh,#hash_20e3d94a36503342
xmodelmesh,#hash_20e400869a64427e
xmodelmesh,#hash_20ebb97f56e44456
xmodelmesh,#hash_2104b2d221d72f75
xmodelmesh,#hash_2108e4f212d135f0
xmodelmesh,#hash_2109254bb3446c8f
xmodelmesh,#hash_210c587694a3b044
xmodelmesh,#hash_21101d7903ff6896
xmodelmesh,#hash_21180a9781757f8e
xmodelmesh,#hash_2118a17d463ff0e9
xmodelmesh,#hash_211a8206f3611c3d
xmodelmesh,d#hash_21203d2cf8c66f16
xmodelmesh,#hash_212a58404c978dc5
xmodelmesh,#hash_212bd8b4f2430265
xmodelmesh,#hash_212e32b1aa609a18
xmodelmesh,#hash_2138e35608c76828
xmodelmesh,#hash_213c79f2aebae3bb
xmodelmesh,#hash_21419d69d67c5662
xmodelmesh,#hash_21436573989ad6ae
xmodelmesh,d#hash_214bd880a678ffa4
xmodelmesh,#hash_214e497c18f9c745
xmodelmesh,#hash_215684ad8b2575eb
xmodelmesh,#hash_216288e6f8ff9866
xmodelmesh,d#hash_2176070817bbf384
xmodelmesh,#hash_218158c8c77f67be
xmodelmesh,d#hash_21822e0290d40028
xmodelmesh,#hash_218b3ad63d18efd3
xmodelmesh,#hash_218cbdb24765b997
xmodelmesh,#hash_2194c2a74ae254a6
xmodelmesh,#hash_21a4009b06ac47ae
xmodelmesh,#hash_21b33a9bfacc2cf7
xmodelmesh,#hash_21b3ed8857186eaf
xmodelmesh,#hash_21ce455548f4acde
xmodelmesh,#hash_21d19640d53c5579
xmodelmesh,#hash_21d62858213b8f5d
xmodelmesh,#hash_21db312fb2a109d2
xmodelmesh,#hash_21e536370120d66b
xmodelmesh,d#hash_21e6525ac560c69c
xmodelmesh,#hash_21eac482d8516de2
xmodelmesh,#hash_21ec9441d2aafea1
xmodelmesh,#hash_21f8d7ba7230c148
xmodelmesh,#hash_21fa821a4a6f63e6
xmodelmesh,#hash_21fd1f732ad39b52
xmodelmesh,#hash_2202e0535967b1dd
xmodelmesh,#hash_22072adbcf351608
xmodelmesh,#hash_22076a7a2de8270f
xmodelmesh,#hash_22178015284bb5cf
xmodelmesh,#hash_22179923eb8ee9d1
xmodelmesh,d#hash_22193c4033ec29ac
xmodelmesh,#hash_2219c5447ee43a73
xmodelmesh,#hash_222b4f16a1a6db81
xmodelmesh,#hash_22363e6c58fa045e
xmodelmesh,#hash_223c0b52edc16520
xmodelmesh,#hash_224217203bdb1875
xmodelmesh,d#hash_2242bfa250b9dd3d
xmodelmesh,d#hash_224f8215b7fc494c
xmodelmesh,#hash_224fdaabfd48ef35
xmodelmesh,#hash_225541f1347480dc
xmodelmesh,#hash_22583ad41b1d382c
xmodelmesh,#hash_225a3e4652e9d570
xmodelmesh,#hash_2263fc3b3f9e1198
xmodelmesh,#hash_2264112c82b2a7a7
xmodelmesh,#hash_2268616767baa2ef
xmodelmesh,#hash_22738233b1757023
xmodelmesh,d#hash_227f8dcc13f3820e
xmodelmesh,#hash_22883a683b68a8bd
xmodelmesh,#hash_22904af0386134fb
xmodelmesh,#hash_22973d82948cb7f1
xmodelmesh,#hash_22986f329349d5a9
xmodelmesh,#hash_229b0d5e17ad835a
xmodelmesh,#hash_229f3947bc350f65
xmodelmesh,#hash_22a55f47c3bcf52f
xmodelmesh,#hash_22aeb6d5bcc4539d
xmodelmesh,d#hash_22b34c13225b2f10
xmodelmesh,#hash_22b75377cc4b0d0f
xmodelmesh,#hash_22c72728301f8eb2
xmodelmesh,#hash_22c93b9e17b59d55
xmodelmesh,#hash_22cb572ceff6d612
xmodelmesh,#hash_22cfb17741e54d6a
xmodelmesh,#hash_22d48048b0ccb627
xmodelmesh,#hash_22f722d35497f79c
xmodelmesh,#hash_22f8c64bc3a29832
xmodelmesh,#hash_22fac898715742e1
xmodelmesh,#hash_22fd05236e8bd0a7
xmodelmesh,#hash_23089c0ee99b999d
xmodelmesh,#hash_230a36675b9b2265
xmodelmesh,#hash_230b3cfce897b4ec
xmodelmesh,#hash_23228862ed7622be
xmodelmesh,#hash_232d5643d6b53adc
xmodelmesh,#hash_2336c2bf401dd8cc
xmodelmesh,#hash_2339fde40fe27de4
xmodelmesh,#hash_233bdda7b6ba610a
xmodelmesh,d#hash_233c22256c0a7a1b
xmodelmesh,#hash_23448c5d1843f2c8
xmodelmesh,#hash_2348407eb65e5cf6
xmodelmesh,#hash_234d4f66cc3d0e0e
xmodelmesh,d#hash_235f954002459f84
xmodelmesh,#hash_236676365df9f05d
xmodelmesh,#hash_2366acdcc7b75589
xmodelmesh,d#hash_23796e85d6422739
xmodelmesh,#hash_237ae89cbd6e8434
xmodelmesh,#hash_2388e98a20726463
xmodelmesh,#hash_238ad00f1f501be1
xmodelmesh,#hash_2390ef53e3646b1e
xmodelmesh,#hash_239787287914a45d
xmodelmesh,d#hash_2397e0305af785d3
xmodelmesh,#hash_239a3c1e8718e1e4
xmodelmesh,#hash_23ab6c7d0b7d4895
xmodelmesh,#hash_23ac660c8f7d4181
xmodelmesh,#hash_23b036c3bb677a43
xmodelmesh,#hash_23b99801f43488ea
xmodelmesh,#hash_23bb707d978be6ae
xmodelmesh,#hash_23be6b3a9d744648
xmodelmesh,#hash_23c2255fbb20dabe
xmodelmesh,#hash_23c7232083fad0b3
xmodelmesh,#hash_23ccc5b930835a49
xmodelmesh,#hash_23d24278add5780a
xmodelmesh,#hash_23d7b159bac0af50
xmodelmesh,#hash_23db0123f399f7cb
xmodelmesh,#hash_23db685ce3af6811
xmodelmesh,#hash_23df31e87ca96d08
xmodelmesh,#hash_23e04ede085c5d35
xmodelmesh,#hash_23e0f58ee51151d2
xmodelmesh,#hash_23ea9d2d6a37b7ad
xmodelmesh,#hash_23fa04fd0c817117
xmodelmesh,d#hash_240c80cb6bdd65c6
xmodelmesh,#hash_240f713606dea997
xmodelmesh,#hash_241761de48ab524a
xmodelmesh,#hash_2419e051522810c8
xmodelmesh,#hash_242062b7df76f886
xmodelmesh,#hash_2421ea05f2d9477d
xmodelmesh,#hash_242251ad9f703224
xmodelmesh,#hash_2434f1c6fcc51fb0
xmodelmesh,#hash_2441f71f5813aac4
xmodelmesh,#hash_24423a7fe9ee79d8
xmodelmesh,#hash_244a8db06bc1382c
xmodelmesh,#hash_244d5db34a3abfff
xmodelmesh,#hash_2450dca00fa4e6f1
xmodelmesh,#hash_24574c4fd1158516
xmodelmesh,#hash_245ba9d0bbc312b1
xmodelmesh,#hash_2462b531e3b824d3
xmodelmesh,#hash_24636070512cb686
xmodelmesh,d#hash_246cd1cee549f92c
xmodelmesh,#hash_2473f0f6d54587df
xmodelmesh,#hash_247d190a3cfc81cf
xmodelmesh,#hash_248725fc4f195f1d
xmodelmesh,#hash_248e23bee9841ad2
xmodelmesh,#hash_24934c71c737ad28
xmodelmesh,d#hash_2494eec3209b72d8
xmodelmesh,#hash_249fd75806e73d2d
xmodelmesh,#hash_24aebffac408f031
xmodelmesh,#hash_24b0a1481779abbd
xmodelmesh,#hash_24bf9a6a3e39e493
xmodelmesh,d#hash_24c7df15cc67eade
xmodelmesh,#hash_24ccca9b20e0d333
xmodelmesh,#hash_24d317c304c98045
xmodelmesh,d#hash_24d5eac206eb6b81
xmodelmesh,#hash_24d7719907b3ff78
xmodelmesh,#hash_24ea0bfb6e420bb8
xmodelmesh,#hash_24ee67790ee0ffeb
xmodelmesh,#hash_24efdb960731a49f
xmodelmesh,#hash_24fe082753f1e457
xmodelmesh,#hash_25011b55072b3f77
xmodelmesh,#hash_2518591306f6df20
xmodelmesh,#hash_251b15db9f6e25e7
xmodelmesh,#hash_251d17f8ee8050c4
xmodelmesh,#hash_252b6b583283d3b4
xmodelmesh,#hash_2534581a68c09e1e
xmodelmesh,#hash_2537bdd90ce3223b
xmodelmesh,#hash_253cb00696b3f44b
xmodelmesh,d#hash_25403d2ac14900b6
xmodelmesh,#hash_2544969d1cfb4029
xmodelmesh,#hash_254693d9ba8c3116
xmodelmesh,#hash_254742b78afc84a9
xmodelmesh,#hash_2552201acefa9aae
xmodelmesh,#hash_2562d59a07931501
xmodelmesh,#hash_2563b095de26a97a
xmodelmesh,#hash_25649b195843666d
xmodelmesh,#hash_2566a2d2d6ce0b3e
xmodelmesh,d#hash_256f13d841920a79
xmodelmesh,d#hash_25731d15cdda14f7
xmodelmesh,d#hash_25735eb6dfb66d61
xmodelmesh,#hash_25759d1414f33433
xmodelmesh,#hash_257628af69276485
xmodelmesh,#hash_2576c7fd2d316ce7
xmodelmesh,#hash_257ddbf9ec2ebcdb
xmodelmesh,#hash_257e3e8e9468ea17
xmodelmesh,#hash_257fcb8b5c4f582c
xmodelmesh,d#hash_25862f9be24aa6e1
xmodelmesh,#hash_25893984b172af8f
xmodelmesh,#hash_258d2d025b520394
xmodelmesh,#hash_258ec01c6fa8315d
xmodelmesh,#hash_258f9ed7b534fe4f
xmodelmesh,#hash_2590497b46c9ab66
xmodelmesh,#hash_2594a0b17d19961e
xmodelmesh,#hash_2599156689857cdb
xmodelmesh,#hash_25a3ee96cbcc0c3d
xmodelmesh,#hash_25a56f5f11974ccd
xmodelmesh,#hash_25ab8075d96911b7
xmodelmesh,#hash_25ae4d8bdc38f324
xmodelmesh,#hash_25ae94c503ddf0e3
xmodelmesh,#hash_25b548cfff203173
xmodelmesh,#hash_25bbfe2616285008
xmodelmesh,#hash_25bcfa51af12b390
xmodelmesh,#hash_25c526362e0290ec
xmodelmesh,#hash_25c77ab43573e838
xmodelmesh,#hash_25cb97c695bcb9ba
xmodelmesh,#hash_25d02356a61344cf
xmodelmesh,#hash_25d0e27ce758f954
xmodelmesh,#hash_25d6a76863858674
xmodelmesh,#hash_25d9fd65fce24010
xmodelmesh,#hash_25da5cfdadb7fef0
xmodelmesh,#hash_25ddb6eac2af3a5c
xmodelmesh,#hash_25dfc618f1a17c97
xmodelmesh,#hash_25e09bdbcbf9ffce
xmodelmesh,#hash_25e8efc2fcc05cda
xmodelmesh,#hash_25e9a6842d53bdf2
xmodelmesh,#hash_25f38042774e73c1
xmodelmesh,#hash_25f514163de9f473
xmodelmesh,#hash_25f8ad2d7baa978c
xmodelmesh,#hash_25f9ef513ec395fe
xmodelmesh,#hash_25fe560ba988a064
xmodelmesh,#hash_25fe7db5e2d4459c
xmodelmesh,#hash_2604d68fd3095dca
xmodelmesh,#hash_260a8550a85551d8
xmodelmesh,#hash_260e3a4002a950b8
xmodelmesh,#hash_2615d200f400c2b6
xmodelmesh,#hash_261bb4bc032c00b2
xmodelmesh,#hash_262623a68b8c64d5
xmodelmesh,#hash_26297b403bcd56ba
xmodelmesh,#hash_2630f15fa9086c4c
xmodelmesh,#hash_26311b28e8285508
xmodelmesh,#hash_2637cdadd2fe4c72
xmodelmesh,d#hash_264215b4ed4cc44e
xmodelmesh,#hash_2642303f67cbb0d9
xmodelmesh,#hash_264247c88fa62e4b
xmodelmesh,#hash_2642a7449bf9a91d
xmodelmesh,#hash_265091058e27a469
xmodelmesh,#hash_2655132c2af2e02b
xmodelmesh,#hash_2657bcd42c09e7f5
xmodelmesh,#hash_2662b1cea19e9ab3
xmodelmesh,#hash_266c348d07f1d6e2
xmodelmesh,#hash_267668279117606a
xmodelmesh,#hash_26777c1600b48763
xmodelmesh,#hash_2685870548ce0d04
xmodelmesh,#hash_2686290c451f113a
xmodelmesh,#hash_268cdcf4e60cbe3b
xmodelmesh,#hash_268d89ce1af2d845
xmodelmesh,#hash_268e73e1be3fbc84
xmodelmesh,#hash_268fdd4787dfad92
xmodelmesh,#hash_2691983deced2653
xmodelmesh,#hash_26a33092667dc35d
xmodelmesh,#hash_26b805ab2c55b519
xmodelmesh,d#hash_26bcf3bc11a71058
xmodelmesh,#hash_26c3efc200c7bdfe
xmodelmesh,#hash_26db1025aa192579
xmodelmesh,#hash_26dc45e5e4970031
xmodelmesh,d#hash_26dc9aa9982b5eb0
xmodelmesh,#hash_26de34d5588f9225
xmodelmesh,#hash_26e1bcead92cfbfb
xmodelmesh,#hash_26f17e552e4a7aa5
xmodelmesh,#hash_26f62522d79ff83f
xmodelmesh,#hash_26fe2c07013b5d96
xmodelmesh,#hash_26fedd02789dae68
xmodelmesh,#hash_26ff65027008b8d9
xmodelmesh,d#hash_2700143c6279fedd
xmodelmesh,#hash_27019f8778598cb4
xmodelmesh,#hash_2705b0ff7f091812
xmodelmesh,#hash_270643d903b8a991
xmodelmesh,#hash_2707e0f2762b53f7
xmodelmesh,#hash_270a546295994d46
xmodelmesh,#hash_270f2877c72fa824
xmodelmesh,#hash_270fdab340cfbaeb
xmodelmesh,#hash_27257b2edfe018db
xmodelmesh,#hash_273da6457f1394be
xmodelmesh,#hash_2741f7be94515dda
xmodelmesh,#hash_2758310ebf9e7797
xmodelmesh,#hash_2760bfb5682b2b2c
xmodelmesh,#hash_2764e064f5416078
xmodelmesh,#hash_2785c90c58b891dd
xmodelmesh,#hash_278fc53d416eed1c
xmodelmesh,#hash_2792648e75b5c18b
xmodelmesh,#hash_27928deaa59ea44a
xmodelmesh,#hash_27aa5eb48f732b54
xmodelmesh,#hash_27b04fa58c6364da
xmodelmesh,#hash_27b14c93e512bca0
xmodelmesh,#hash_27c185abe9c6f05b
xmodelmesh,d#hash_27c4b79b9139b5ae
xmodelmesh,#hash_27d302c13311fa42
xmodelmesh,#hash_27d696ff9b40a172
xmodelmesh,d#hash_27dba240bc09868f
xmodelmesh,#hash_27dba8913c8ae0f9
xmodelmesh,#hash_27ec5c367989cb1f
xmodelmesh,#hash_2805829b8695093a
xmodelmesh,#hash_2809c19e93dee2f9
xmodelmesh,#hash_280aef590b237e89
xmodelmesh,#hash_281c3e886f7b78ac
xmodelmesh,#hash_281f5f6851fe9881
xmodelmesh,#hash_2822befd23ac652c
xmodelmesh,d#hash_282e6abb388dbc61
xmodelmesh,#hash_2833641b2d48fd03
xmodelmesh,d#hash_2838f489d2123665
xmodelmesh,#hash_2839fcae8aada5ab
xmodelmesh,d#hash_2843b20115e75981
xmodelmesh,#hash_284634891189ab8b
xmodelmesh,#hash_284bfd3c66689e6b
xmodelmesh,#hash_28506e0620c07862
xmodelmesh,#hash_2850975822a8ebd0
xmodelmesh,#hash_2857ceeb163849a5
xmodelmesh,#hash_286dbc44e35e9ffc
xmodelmesh,#hash_2871b5b8a0c3d792
xmodelmesh,#hash_2872c9806eee8995
xmodelmesh,d#hash_2872edb6eb39ce4d
xmodelmesh,#hash_287c1c5c596be5d8
xmodelmesh,#hash_287d1cee989a0710
xmodelmesh,#hash_28951570840d20d9
xmodelmesh,d#hash_2895615e10901720
xmodelmesh,#hash_28970af55433edf5
xmodelmesh,#hash_289c17cba7a1c6bb
xmodelmesh,#hash_289f5133ce4a4cf2
xmodelmesh,#hash_289f701bb3750443
xmodelmesh,#hash_28a74d63e230be2b
xmodelmesh,d#hash_28a9b18cca86ce85
xmodelmesh,#hash_28aad5b9c59e802c
xmodelmesh,#hash_28b644e3820b3bd0
xmodelmesh,#hash_28b7f155f274af1c
xmodelmesh,#hash_28c8094c05c6a773
xmodelmesh,#hash_28d7164014bb3eda
xmodelmesh,#hash_28da32cda6597d50
xmodelmesh,#hash_29136b96f62031bf
xmodelmesh,#hash_2914cb8042c1b38e
xmodelmesh,#hash_291665418f794212
xmodelmesh,#hash_291b8559574d9feb
xmodelmesh,d#hash_292335727afd43c4
xmodelmesh,#hash_292743edab7ab420
xmodelmesh,#hash_2929bf27b4972015
xmodelmesh,#hash_2935018bda0cde84
xmodelmesh,#hash_2945587367404dde
xmodelmesh,#hash_294b27e3b625aa22
xmodelmesh,#hash_294c30e747b3b7e5
xmodelmesh,#hash_294c762f9f2a94d6
xmodelmesh,#hash_294f563b3f635a3f
xmodelmesh,#hash_295734f71b750d57
xmodelmesh,#hash_29596ae191fd6a00
xmodelmesh,#hash_295dae03886253e0
xmodelmesh,#hash_296158045fe456a6
xmodelmesh,#hash_29707b06a69cb118
xmodelmesh,#hash_2971b4cb62347cc3
xmodelmesh,#hash_297ba2834f1bf401
xmodelmesh,#hash_297cba0b14a3738f
xmodelmesh,#hash_297f7c872aff521a
xmodelmesh,#hash_2980c51d412d6d50
xmodelmesh,#hash_298c724091e3cadc
xmodelmesh,d#hash_299c19382a62c0a4
xmodelmesh,#hash_299ed560bf254568
xmodelmesh,#hash_29a1718af1c4bac3
xmodelmesh,d#hash_29a577cdac824400
xmodelmesh,#hash_29a91c5bada1b8c8
xmodelmesh,#hash_29aa7d62e9e16872
xmodelmesh,#hash_29b7076e0252a077
xmodelmesh,d#hash_29bd821f87ea2f93
xmodelmesh,#hash_29ca14011fd0b2a7
xmodelmesh,#hash_29cf858547a99514
xmodelmesh,#hash_29d72b31cf268860
xmodelmesh,#hash_29e1384c4f2167ae
xmodelmesh,#hash_29ea54f29fbc91ed
xmodelmesh,#hash_29efa99e5b89bcb2
xmodelmesh,#hash_2a01a62bfd6f6140
xmodelmesh,#hash_2a04701fe8ba7b5f
xmodelmesh,#hash_2a0ced048f09741e
xmodelmesh,#hash_2a0d89a0f6585946
xmodelmesh,#hash_2a0da0c8ae1fdb67
xmodelmesh,#hash_2a14347183fcc246
xmodelmesh,#hash_2a1815ee0b7512b7
xmodelmesh,d#hash_2a1aa10b65a4b8f2
xmodelmesh,#hash_2a1b262cff813e32
xmodelmesh,#hash_2a22e52d65516f48
xmodelmesh,d#hash_2a2a5ddc223d985b
xmodelmesh,#hash_2a2d2406fa4b6444
xmodelmesh,#hash_2a38d11e4177111f
xmodelmesh,#hash_2a3f3245b2bf6cd7
xmodelmesh,#hash_2a4d7d146ced2fd6
xmodelmesh,#hash_2a517a5102b3bc13
xmodelmesh,#hash_2a5f9db8b2276db0
xmodelmesh,d#hash_2a604d2028f17d86
xmodelmesh,#hash_2a60b662c54d9ece
xmodelmesh,#hash_2a6510f5af8482fb
xmodelmesh,#hash_2a67e2dd70de3401
xmodelmesh,#hash_2a6801253378970e
xmodelmesh,#hash_2a680258d267b60f
xmodelmesh,#hash_2a74e27db844f7d3
xmodelmesh,#hash_2a7832c022158ecf
xmodelmesh,#hash_2a797ef23ced2aa8
xmodelmesh,#hash_2a7ac7531f17d17f
xmodelmesh,#hash_2a8153629bbb76c8
xmodelmesh,#hash_2a86851c42b96ed8
xmodelmesh,#hash_2a87b23d070f3fd3
xmodelmesh,#hash_2a8b72345b6bd403
xmodelmesh,#hash_2a8fff290f674c2e
xmodelmesh,#hash_2a988844b9f5cd35
xmodelmesh,#hash_2a99e954089f6a4e
xmodelmesh,#hash_2aa57e5d4f70a249
xmodelmesh,#hash_2aad5b3c43879cf1
xmodelmesh,#hash_2abef23c544dbe7f
xmodelmesh,#hash_2ac0f8f9feb277ed
xmodelmesh,#hash_2acc22af3254e6cf
xmodelmesh,#hash_2ad0081e309bec84
xmodelmesh,#hash_2adefcb590a1d39e
xmodelmesh,#hash_2ae92715e9ca0368
xmodelmesh,#hash_2af3eb79bbdfe717
xmodelmesh,#hash_2b16853ff8cdedf1
xmodelmesh,#hash_2b263b0ff9fb8fca
xmodelmesh,#hash_2b29afb4ec8837ec
xmodelmesh,#hash_2b2e6da89345ad4a
xmodelmesh,#hash_2b33f336965c15b0
xmodelmesh,#hash_2b48d926466d644e
xmodelmesh,#hash_2b55941561876810
xmodelmesh,#hash_2b6af6d4d21f9c74
xmodelmesh,#hash_2b6fa71930fcdfd4
xmodelmesh,d#hash_2b7857192f27f137
xmodelmesh,#hash_2b84c80d9142bf48
xmodelmesh,#hash_2b8c1fbde4676b78
xmodelmesh,#hash_2b8ddf5b09c280c5
xmodelmesh,#hash_2b900c3f08b5abde
xmodelmesh,#hash_2b91f5edf136070b
xmodelmesh,#hash_2b9271e35fd75482
xmodelmesh,#hash_2b9b289962ba4222
xmodelmesh,#hash_2ba1f5fda4b5a55d
xmodelmesh,#hash_2ba2698cce4c4ac0
xmodelmesh,#hash_2ba71f52db02aa60
xmodelmesh,#hash_2ba90b4850a3203d
xmodelmesh,#hash_2ba9773b2b8c2a6c
xmodelmesh,#hash_2bb6810aced618fe
xmodelmesh,#hash_2bb7a94b600ee131
xmodelmesh,#hash_2bbd468bfd33beb3
xmodelmesh,#hash_2bc07782afa3d0c9
xmodelmesh,#hash_2bc6913c0d30b898
xmodelmesh,#hash_2bcc58d552e8fac6
xmodelmesh,#hash_2bcfb90e21621e69
xmodelmesh,#hash_2bd5d83e8cc0ff66
xmodelmesh,#hash_2bd654634305df82
xmodelmesh,#hash_2be959d86c097b3d
xmodelmesh,#hash_2be95e0dc9ae06bb
xmodelmesh,#hash_2bead9a109c3f927
xmodelmesh,#hash_2bf1cdd680d00900
xmodelmesh,#hash_2bf4bd4e53b8b231
xmodelmesh,#hash_2bf596a85b26c13f
xmodelmesh,#hash_2c01b6e699f383ed
xmodelmesh,#hash_2c020a0b2fa5556e
xmodelmesh,#hash_2c05ab3811d24243
xmodelmesh,#hash_2c072196266e03e9
xmodelmesh,d#hash_2c0e1b6b4cf6fa76
xmodelmesh,#hash_2c102391bca748fe
xmodelmesh,d#hash_2c165c9cd844c453
xmodelmesh,#hash_2c1c01dfab357804
xmodelmesh,#hash_2c1c60ba4afb446a
xmodelmesh,#hash_2c1dceb8098acb77
xmodelmesh,#hash_2c1eab5386ca8efa
xmodelmesh,#hash_2c2249d7fd69ed22
xmodelmesh,#hash_2c26eea4223694ff
xmodelmesh,#hash_2c3acef58d24e9d8
xmodelmesh,#hash_2c4053ebc69e994e
xmodelmesh,#hash_2c4545774ec7fda9
xmodelmesh,#hash_2c549824e7d2ea47
xmodelmesh,#hash_2c56e6f3226afb25
xmodelmesh,#hash_2c5b384a52a6cf45
xmodelmesh,#hash_2c5c210657732420
xmodelmesh,#hash_2c5ff203e8ae8dc3
xmodelmesh,#hash_2c6b6d25a2fbe3e6
xmodelmesh,#hash_2c6e8bc1d2c09ae2
xmodelmesh,d#hash_2c75858eac4f6a7d
xmodelmesh,d#hash_2c773e090cee2c9e
xmodelmesh,#hash_2c7cdb0ac8c4cab2
xmodelmesh,d#hash_2c827388f32f4a2c
xmodelmesh,#hash_2c9a1117be1cc377
xmodelmesh,#hash_2c9c584f6cd82f53
xmodelmesh,#hash_2ca37285e1c41499
xmodelmesh,#hash_2ca6c7d4ebf6d17e
xmodelmesh,#hash_2ca8cae68d960cd3
xmodelmesh,#hash_2cafb922e7b8a628
xmodelmesh,#hash_2cb1ebce75446649
xmodelmesh,#hash_2cb72de065690cd0
xmodelmesh,#hash_2cb9e88a38fd9a90
xmodelmesh,#hash_2cbdc6acd179ef1e
xmodelmesh,#hash_2cbe45bd270ec6fa
xmodelmesh,#hash_2cbf20bd7fa2ad9b
xmodelmesh,#hash_2cc110c52fc06e10
xmodelmesh,#hash_2ccc1a307e3165fb
xmodelmesh,#hash_2ccfef26fdc4e69c
xmodelmesh,#hash_2cdb2809c3b72c80
xmodelmesh,#hash_2ce83fac6b6f6bcc
xmodelmesh,#hash_2cefc844f81c0581
xmodelmesh,#hash_2cf3b0112a1addce
xmodelmesh,#hash_2cfd8ab8b3f3875e
xmodelmesh,#hash_2d027f6acb8d15cd
xmodelmesh,#hash_2d07ed4d762d5cea
xmodelmesh,#hash_2d0c811c973d11c1
xmodelmesh,#hash_2d1445abfd8cec07
xmodelmesh,#hash_2d238726b69e3601
xmodelmesh,#hash_2d2c09098fbf25a9
xmodelmesh,#hash_2d2c745d09de11da
xmodelmesh,#hash_2d2e3dc0ed1a4ea8
xmodelmesh,#hash_2d311bee4b636004
xmodelmesh,d#hash_2d32bd566c11df07
xmodelmesh,#hash_2d3996617f6e6092
xmodelmesh,#hash_2d4240e104f0bc42
xmodelmesh,#hash_2d56a417091ec3c0
xmodelmesh,#hash_2d5be5dbb45e98ff
xmodelmesh,#hash_2d610ee4c58bee56
xmodelmesh,#hash_2d621b7c5c608ed2
xmodelmesh,d#hash_2d6239767e2eceef
xmodelmesh,#hash_2d648e6ccc2d431d
xmodelmesh,#hash_2d6860f5ca4b02ad
xmodelmesh,#hash_2d6c426cb3699236
xmodelmesh,d#hash_2d6eda51db7feffe
xmodelmesh,#hash_2d76ed652a224970
xmodelmesh,#hash_2d7bfa81dba7af3b
xmodelmesh,#hash_2d8f8bce0987dccb
xmodelmesh,#hash_2d911345e3624a2c
xmodelmesh,#hash_2d97d2da2244c945
xmodelmesh,#hash_2da159a06e3eaf0d
xmodelmesh,#hash_2dabf2aeeed55812
xmodelmesh,#hash_2dadb7681b385cb3
xmodelmesh,#hash_2db096fa82921235
xmodelmesh,#hash_2db3c80645c76816
xmodelmesh,#hash_2dc0b593a6d10a0d
xmodelmesh,#hash_2dc5143fe2753d52
xmodelmesh,#hash_2dc718efeb75c9cc
xmodelmesh,#hash_2dcbedbfecfc5fbe
xmodelmesh,#hash_2dcce41b53ad6688
xmodelmesh,#hash_2dce7fc1b9be5c0a
xmodelmesh,#hash_2dcefe69b3f9e349
xmodelmesh,#hash_2dd8b5b127a22a31
xmodelmesh,#hash_2dddb86b8d272006
xmodelmesh,#hash_2df3e4411c0138c7
xmodelmesh,#hash_2dffe89b424c4693
xmodelmesh,#hash_2e087fa141cd6424
xmodelmesh,#hash_2e1165878a25abb7
xmodelmesh,#hash_2e11a58320798725
xmodelmesh,#hash_2e14e5919093fe62
xmodelmesh,d#hash_2e17d96fd12dc508
xmodelmesh,#hash_2e1ea3b23dd5d11c
xmodelmesh,#hash_2e28e94c3d68b604
xmodelmesh,#hash_2e2977c1b90af6e2
xmodelmesh,#hash_2e2b23f57cfd1ecd
xmodelmesh,#hash_2e30425121919b74
xmodelmesh,#hash_2e364a57b1ae03d1
xmodelmesh,d#hash_2e43b9582cd7411a
xmodelmesh,#hash_2e49dc196ba6b02f
xmodelmesh,#hash_2e4bc16bc476fc95
xmodelmesh,#hash_2e521de277fc7179
xmodelmesh,#hash_2e53daee92e96dcf
xmodelmesh,#hash_2e594688c60ea2c5
xmodelmesh,#hash_2e645bf73869022d
xmodelmesh,#hash_2e74044f664801d5
xmodelmesh,#hash_2e7d72b6b79b9e70
xmodelmesh,d#hash_2e8a2bec7252abae
xmodelmesh,#hash_2e8cb5a02ae47ff9
xmodelmesh,#hash_2ea158b7c0620007
xmodelmesh,#hash_2ea44aef0e398966
xmodelmesh,#hash_2eb959d4f4917c26
xmodelmesh,#hash_2ec31a9a9c0f6bb7
xmodelmesh,#hash_2ed58cc4c9e9db93
xmodelmesh,#hash_2edd811b715b3a11
xmodelmesh,#hash_2ee519639dc4c73d
xmodelmesh,#hash_2ee7eb9b1d3edde2
xmodelmesh,#hash_2eec4241ab38263e
xmodelmesh,#hash_2ef4b63d028cef3c
xmodelmesh,#hash_2ef58f5a49cb8cfa
xmodelmesh,#hash_2efb163e6d368c63
xmodelmesh,#hash_2f07ef9eeb52fb44
xmodelmesh,#hash_2f0924936c953301
xmodelmesh,#hash_2f0bafadbd6e799c
xmodelmesh,#hash_2f0bd6e158f255cd
xmodelmesh,#hash_2f130c2968eaf50c
xmodelmesh,#hash_2f13697779c07461
xmodelmesh,#hash_2f14260cd9e9f551
xmodelmesh,#hash_2f150578f7f5a6af
xmodelmesh,#hash_2f16fe203f4f28c4
xmodelmesh,#hash_2f1deb0e0e7477a5
xmodelmesh,#hash_2f23e47f0e547812
xmodelmesh,#hash_2f2e8ae2952abe9d
xmodelmesh,#hash_2f381254881f52c3
xmodelmesh,#hash_2f4f3df0868f5943
xmodelmesh,#hash_2f50a9e4af3622e2
xmodelmesh,#hash_2f53252935b8e749
xmodelmesh,#hash_2f5761dbd8f2582e
xmodelmesh,#hash_2f60ee201bc8c2a6
xmodelmesh,#hash_2f6e47c304711022
xmodelmesh,#hash_2f6f624713e5e1ac
xmodelmesh,#hash_2f740d9ba344d1b0
xmodelmesh,#hash_2f742cd6d110b2ed
xmodelmesh,#hash_2f7a528ae3560058
xmodelmesh,#hash_2f8260a53be88c1f
xmodelmesh,#hash_2f8260dd3bfd279f
xmodelmesh,#hash_2f84fd749e5fbb69
xmodelmesh,#hash_2f88757df6f46ce5
xmodelmesh,#hash_2f8aab6e59e4a9f3
xmodelmesh,#hash_2f8e24b220c3cf47
xmodelmesh,#hash_2f95a7d69f08c415
xmodelmesh,#hash_2f9ae263b4673834
xmodelmesh,#hash_2f9feca93f394238
xmodelmesh,#hash_2fa62b75193b32ea
xmodelmesh,#hash_2fa99ede24277f4a
xmodelmesh,#hash_2faa095838768efe
xmodelmesh,#hash_2fb04832126c90d2
xmodelmesh,#hash_2fb0f92c8d6dcc61
xmodelmesh,#hash_2fb5bb8b590e5324
xmodelmesh,#hash_2fc2f4078407774c
xmodelmesh,#hash_2fe04a061494c2a8
xmodelmesh,#hash_2fe5f45b910f4f44
xmodelmesh,#hash_2fe77abf90e12add
xmodelmesh,#hash_2fef92141f463e44
xmodelmesh,#hash_2ff2d0229a3fa658
xmodelmesh,#hash_2ffd8539f2d0a99f
xmodelmesh,#hash_2ffffd43ff151320
xmodelmesh,#hash_30099086285eac1d
xmodelmesh,#hash_301028a222377df4
xmodelmesh,#hash_301772358f49a1e1
xmodelmesh,#hash_3018b4e37a0b58ac
xmodelmesh,#hash_301c461ca80475fe
xmodelmesh,#hash_302754f0541297c8
xmodelmesh,d#hash_302c0739c01413fe
xmodelmesh,d#hash_302c679a5fbda044
xmodelmesh,#hash_30456309220ed1df
xmodelmesh,#hash_3047676e7ba28936
xmodelmesh,#hash_30479b44f6eea648
xmodelmesh,d#hash_304c4b1adb93df92
xmodelmesh,#hash_304c57d29f8e3353
xmodelmesh,d#hash_305ed8a40cdab2c2
xmodelmesh,#hash_3061012d9ab072fe
xmodelmesh,#hash_3067f4a7f47dd982
xmodelmesh,#hash_306af51fd3f64cf1
xmodelmesh,#hash_307bb735e59146f4
xmodelmesh,#hash_308e69b5053e9dee
xmodelmesh,#hash_30a0b81fce769b56
xmodelmesh,#hash_30a1a617b314b521
xmodelmesh,#hash_30a366271270dd06
xmodelmesh,#hash_30af799b49159db2
xmodelmesh,#hash_30b2f0ce342ce666
xmodelmesh,#hash_30bc18ce98ca71dd
xmodelmesh,#hash_30bd334fc96e5a80
xmodelmesh,#hash_30c9125682d12055
xmodelmesh,#hash_30c976166ee46e96
xmodelmesh,d#hash_30cd6a78af533a30
xmodelmesh,#hash_30d0505788bcda05
xmodelmesh,#hash_30da486b3afb80a3
xmodelmesh,#hash_30dbdd35b5348e2d
xmodelmesh,d#hash_30f305968179ca77
xmodelmesh,#hash_30f6676d2a6f9511
xmodelmesh,#hash_30f7f38b5f06fc30
xmodelmesh,#hash_30f85f45675f583a
xmodelmesh,#hash_30fcf9abbfacc285
xmodelmesh,#hash_3105ae4491189df9
xmodelmesh,#hash_310880c8ff088af7
xmodelmesh,#hash_310d60393b5d0dae
xmodelmesh,#hash_3110a485a482aac8
xmodelmesh,#hash_3123a73cce169b5d
xmodelmesh,#hash_312f8b18be690598
xmodelmesh,#hash_3141cbf7864d5e2f
xmodelmesh,#hash_31489804abe25d47
xmodelmesh,#hash_31576636057e6380
xmodelmesh,#hash_31619e49782308f4
xmodelmesh,#hash_3161db0297d36b94
xmodelmesh,d#hash_31686379bc913c32
xmodelmesh,#hash_3168bf80d20f36b8
xmodelmesh,#hash_31691dc7e60763ca
xmodelmesh,#hash_316c707ed0bf70e7
xmodelmesh,#hash_316e36d205075f35
xmodelmesh,#hash_31789a1e5c7a4054
xmodelmesh,#hash_31838893e8207a03
xmodelmesh,#hash_3183a3a705c8cba2
xmodelmesh,#hash_31870e61c31a01b3
xmodelmesh,#hash_3188e56e6c487548
xmodelmesh,#hash_318f2bc3bf7a23a0
xmodelmesh,#hash_319dccd4c605b04d
xmodelmesh,#hash_31a5fe6f9942fb36
xmodelmesh,#hash_31a846163cadb0f0
xmodelmesh,#hash_31adffaa836e5d86
xmodelmesh,d#hash_31afee866c9fdebe
xmodelmesh,#hash_31b508f2a245fa91
xmodelmesh,#hash_31b83487ac453386
xmodelmesh,d#hash_31b9df54265f7bdc
xmodelmesh,#hash_31badca02fbdd60a
xmodelmesh,#hash_31befd4f6c7bb35c
xmodelmesh,#hash_31d46428adc726af
xmodelmesh,#hash_31d8a303a7b7cf7a
xmodelmesh,#hash_31e0cdf42500d1d0
xmodelmesh,#hash_31e821e424c28674
xmodelmesh,#hash_31f256e77d1084c8
xmodelmesh,#hash_31f4f1dafe74af87
xmodelmesh,#hash_31fbfdf9a5f76cee
xmodelmesh,#hash_31fe956477ef40c8
xmodelmesh,#hash_32087ca01024dd14
xmodelmesh,d#hash_322440ede7da89dc
xmodelmesh,#hash_32267356d10b6862
xmodelmesh,#hash_322fc1489d950363
xmodelmesh,#hash_32372b5d3a4c5e09
xmodelmesh,#hash_324578f033436a6b
xmodelmesh,#hash_3247d945d07858f2
xmodelmesh,#hash_324883d991200dd5
xmodelmesh,#hash_3249f5a0113fd71e
xmodelmesh,#hash_324a98985c462ab8
xmodelmesh,d#hash_324bfb737eb8d604
xmodelmesh,#hash_32511b5e5cdbe5a9
xmodelmesh,d#hash_3276958bf3ad1dbb
xmodelmesh,#hash_327b2ac1ad76aa58
xmodelmesh,#hash_328b85fdc99cac98
xmodelmesh,d#hash_328c017f4f2d8e29
xmodelmesh,#hash_3296faad6d32fbcd
xmodelmesh,#hash_3297159f7b1e60dc
xmodelmesh,#hash_329c493a55488876
xmodelmesh,d#hash_32a3bfc6d446049d
xmodelmesh,d#hash_32bacf954168283b
xmodelmesh,#hash_32c15c398008b5e3
xmodelmesh,#hash_32c48cca6449a53f
xmodelmesh,#hash_32c902d092d4368e
xmodelmesh,#hash_32d1c2104f29908f
xmodelmesh,#hash_32dbc2d66e0847c2
xmodelmesh,#hash_32e174cb43a6bd3f
xmodelmesh,#hash_32e1b264b2980f0a
xmodelmesh,#hash_32fc0aed637fadec
xmodelmesh,#hash_3305f7bd939d98c7
xmodelmesh,#hash_33097025eb494a20
xmodelmesh,#hash_330a5cfd980b0359
xmodelmesh,#hash_330ac026fe2564b5
xmodelmesh,#hash_330ef57ff5cb2d67
xmodelmesh,#hash_3311c078fe7bffd6
xmodelmesh,#hash_3312a3d813d737f6
xmodelmesh,#hash_3317abd65f9ff58c
xmodelmesh,#hash_3319467506bbfef0
xmodelmesh,#hash_331b84e8bc8d04b1
xmodelmesh,#hash_33221d2f916daa4c
xmodelmesh,#hash_332f3b88c3436077
xmodelmesh,#hash_33306566ae1e20ed
xmodelmesh,#hash_3336a6a346bb98cf
xmodelmesh,#hash_33378bf0db3aec59
xmodelmesh,#hash_3337d32feffefaee
xmodelmesh,#hash_333a66b0175cfaae
xmodelmesh,#hash_3340e31917e03a51
xmodelmesh,#hash_3345ce36413dc5b7
xmodelmesh,#hash_3348a8217b96c00d
xmodelmesh,#hash_334c3b03bc2cc523
xmodelmesh,#hash_3354e0c23ad69547
xmodelmesh,#hash_3359722e145b3c85
xmodelmesh,#hash_335a362a03ae9b95
xmodelmesh,#hash_3366eca7b060edd4
xmodelmesh,#hash_336733b6cdd2ed5f
xmodelmesh,#hash_336bb7364658228b
xmodelmesh,#hash_336f4732f2088ee4
xmodelmesh,#hash_33746d7fe82e888b
xmodelmesh,#hash_337ecd3ec99626af
xmodelmesh,#hash_3384ab8072657d68
xmodelmesh,#hash_338579536942661b
xmodelmesh,#hash_3387d273d78be65b
xmodelmesh,#hash_338a9ba76fc29479
xmodelmesh,#hash_3397bc9cfe411094
xmodelmesh,#hash_339bc8235a4f9056
xmodelmesh,d#hash_339fd6305e59b05f
xmodelmesh,#hash_33a4d95b05c5fc5d
xmodelmesh,#hash_33aadb99f9badc8c
xmodelmesh,#hash_33ae100960ad2441
xmodelmesh,#hash_33ae285c8cc0d6cd
xmodelmesh,#hash_33bb3ce1e9967aff
xmodelmesh,#hash_33c5d56a3cce0ed3
xmodelmesh,#hash_33cb0431ad8ae508
xmodelmesh,#hash_33cc9c3d505f8bb2
xmodelmesh,#hash_33d170cc1e50f248
xmodelmesh,#hash_33d92e4971738525
xmodelmesh,#hash_33db743ae444355b
xmodelmesh,#hash_33e70ddf2357b891
xmodelmesh,#hash_33f4ab616b84c877
xmodelmesh,#hash_33fd3bf84cacb423
xmodelmesh,#hash_340222185f0f6979
xmodelmesh,#hash_3402ee98ca35d84f
xmodelmesh,#hash_34034648b110fbf8
xmodelmesh,d#hash_340ab207b3205bc7
xmodelmesh,#hash_3410d8edd85eded9
xmodelmesh,#hash_3411cba8089bdcbd
xmodelmesh,#hash_34137b6ee422a90d
xmodelmesh,#hash_341c791cdfbe6e11
xmodelmesh,#hash_3420e9b55ba426e7
xmodelmesh,d#hash_34239145e9f4d974
xmodelmesh,#hash_3426615c9b6faddc
xmodelmesh,#hash_3426e00f4bd7f1e3
xmodelmesh,#hash_342f08badfdd4603
xmodelmesh,#hash_342fc4bbd32a241c
xmodelmesh,#hash_34335e3688248ec6
xmodelmesh,#hash_3437175bfbf3d603
xmodelmesh,#hash_343c61eca29212e3
xmodelmesh,#hash_343e3428ee262c1f
xmodelmesh,#hash_344038b0baf73d20
xmodelmesh,#hash_3441fed851ca585a
xmodelmesh,#hash_34547b5dadbf892f
xmodelmesh,#hash_34554c68eab76576
xmodelmesh,#hash_34568fe4eec38368
xmodelmesh,#hash_3457aebb8f116bef
xmodelmesh,#hash_3461252f60cbe9d6
xmodelmesh,d#hash_346667a20c702dd3
xmodelmesh,#hash_34671e6f8c29b9e8
xmodelmesh,#hash_34726545f0747ae9
xmodelmesh,#hash_347265959d6a22ff
xmodelmesh,#hash_3487d2401ab14311
xmodelmesh,d#hash_34960ce983f5cc0f
xmodelmesh,#hash_34a418684b58b053
xmodelmesh,#hash_34ae403fa55da823
xmodelmesh,#hash_34b2b36a0ab68910
xmodelmesh,#hash_34b2fbeddeca8884
xmodelmesh,#hash_34b5a9ae5dd89d8d
xmodelmesh,#hash_34b8a42de35356e2
xmodelmesh,#hash_34c818670e1cfd09
xmodelmesh,#hash_34d7478f39a9b17b
xmodelmesh,#hash_34eec41d21e6a5b5
xmodelmesh,#hash_34f9317542a5bd54
xmodelmesh,#hash_34fc3d3e06db5a58
xmodelmesh,#hash_34fcd17378509ee6
xmodelmesh,#hash_34fd0726140dd257
xmodelmesh,#hash_34fd35dbb57614f9
xmodelmesh,#hash_350cd3e41f0da0d1
xmodelmesh,#hash_350d70009732949a
xmodelmesh,#hash_3519053026708b24
xmodelmesh,#hash_3519b47955e369c3
xmodelmesh,#hash_35257b5faf0be7f8
xmodelmesh,d#hash_35287d02a31ce872
xmodelmesh,#hash_3533e5cec517c171
xmodelmesh,#hash_3538ca76e98597ff
xmodelmesh,#hash_35397562c5308f8b
xmodelmesh,#hash_353ca48a9b94b8fe
xmodelmesh,#hash_354ab8248bc5c0d2
xmodelmesh,#hash_354ac2254f0f350a
xmodelmesh,#hash_354cb17d46ea7bf9
xmodelmesh,#hash_3556f962914c2fe9
xmodelmesh,#hash_355f9d851446ca14
xmodelmesh,#hash_356357281428577f
xmodelmesh,#hash_356d0e2ad169d132
xmodelmesh,#hash_356ef2d79523ede5
xmodelmesh,#hash_35753f716b8d7ecb
xmodelmesh,#hash_357ec8410b3ee654
xmodelmesh,#hash_358705bfbc0b74ff
xmodelmesh,#hash_35881bcf4568c4fa
xmodelmesh,#hash_358a52c2893519d4
xmodelmesh,#hash_3591166ddb73075c
xmodelmesh,#hash_359635bb8c87d3c4
xmodelmesh,#hash_359a93477a51d4d5
xmodelmesh,#hash_359ef8a992420a15
xmodelmesh,#hash_35a25f80220cc9c9
xmodelmesh,#hash_35a6077ca17bb236
xmodelmesh,#hash_35a72b161561daeb
xmodelmesh,#hash_35a88837c8b8159f
xmodelmesh,#hash_35acdadb135d5c5d
xmodelmesh,d#hash_35b4446071160090
xmodelmesh,#hash_35b95c31b65ac60c
xmodelmesh,#hash_35c10c8b940517a9
xmodelmesh,#hash_35cfb642275930b0
xmodelmesh,#hash_35d85fd39d339284
xmodelmesh,#hash_35db35a521aea9f8
xmodelmesh,#hash_35dccf2d33a7854d
xmodelmesh,#hash_35e9931dab6f955d
xmodelmesh,#hash_35eadcf269c0d716
xmodelmesh,#hash_35ee051a7ed5ca80
xmodelmesh,#hash_35ef52409e77d918
xmodelmesh,#hash_35f338ccbe8261d7
xmodelmesh,#hash_35fbada12a709f24
xmodelmesh,#hash_3600382b7b5a3c78
xmodelmesh,#hash_3600db9760089907
xmodelmesh,#hash_3607dc54ba63e848
xmodelmesh,#hash_3618679a06d65e32
xmodelmesh,#hash_3621b12171cf535d
xmodelmesh,#hash_363a762e3948cf7e
xmodelmesh,d#hash_3643201262fda3a6
xmodelmesh,#hash_364c6f114fb0039e
xmodelmesh,#hash_365863d688924a8f
xmodelmesh,#hash_36596c751c3b6109
xmodelmesh,#hash_365aa4c18db3c543
xmodelmesh,#hash_365beeb4bd5695c3
xmodelmesh,#hash_36619bff578eada0
xmodelmesh,#hash_366cd46104c80723
xmodelmesh,#hash_366ef24fdd4ccb18
xmodelmesh,#hash_3670ba408ff92ba4
xmodelmesh,#hash_3672e79069637b0b
xmodelmesh,d#hash_3677f08a66ccf04d
xmodelmesh,#hash_36781c1302b50063
xmodelmesh,#hash_367873671fb31cd7
xmodelmesh,#hash_3679e5766ccc8be1
xmodelmesh,#hash_3688ef9f1ec50bb8
xmodelmesh,#hash_3689f000574089ea
xmodelmesh,#hash_368b621b0e29ead8
xmodelmesh,#hash_3690293d1b2ba35b
xmodelmesh,#hash_369b56c7b07f70b8
xmodelmesh,#hash_36ac59f7436ce4f5
xmodelmesh,#hash_36ad4e83d8a20f7a
xmodelmesh,#hash_36b814accee35877
xmodelmesh,#hash_36c39b5c4032052e
xmodelmesh,#hash_36c6f91b46611436
xmodelmesh,#hash_36c7028dcaf152d2
xmodelmesh,#hash_36cc476b71968b40
xmodelmesh,#hash_36d8eca96cc95ce5
xmodelmesh,#hash_36db400d79ac6ba2
xmodelmesh,#hash_36e02ded714b0ce4
xmodelmesh,#hash_36e055bfaaa53012
xmodelmesh,#hash_36e0d97830360ca0
xmodelmesh,#hash_36eaaf3e5a29443f
xmodelmesh,#hash_36eda56af9aa9d66
xmodelmesh,#hash_36eec64eae42839c
xmodelmesh,#hash_36f1aa63788154c1
xmodelmesh,#hash_36fba0cde3d9f843
xmodelmesh,#hash_36fd3f17ab1be607
xmodelmesh,#hash_36ff32468eb1400a
xmodelmesh,#hash_371b2c1fc8b75bdf
xmodelmesh,#hash_3728e86173b47e0e
xmodelmesh,#hash_372adf9196055583
xmodelmesh,#hash_372dc86fb211d4a2
xmodelmesh,#hash_37436cc351ece245
xmodelmesh,#hash_3743cd3478421704
xmodelmesh,#hash_374999201de760ea
xmodelmesh,#hash_3757bc161c5bb4be
xmodelmesh,#hash_37584c128fc9ef08
xmodelmesh,#hash_375e1d5a5f088eb0
xmodelmesh,#hash_375e6b36d7609dcc
xmodelmesh,#hash_375f1cb9bafeaf29
xmodelmesh,#hash_3768a11263b1765e
xmodelmesh,#hash_376b36dc0aab640c
xmodelmesh,#hash_377522742e0c82f1
xmodelmesh,#hash_37770cfcd8142106
xmodelmesh,#hash_377879686e3740d9
xmodelmesh,#hash_378225a2c9c1695d
xmodelmesh,#hash_379302648ba26f82
xmodelmesh,#hash_379648aefeb174ba
xmodelmesh,#hash_3796652eba10a947
xmodelmesh,#hash_379d0f0b0e0b217b
xmodelmesh,#hash_379e40d410c4bfe4
xmodelmesh,#hash_37aa100c85411dc9
xmodelmesh,#hash_37ac95bef55d809d
xmodelmesh,#hash_37ae7d599b06d5ce
xmodelmesh,#hash_37b22e3c2cd5c019
xmodelmesh,#hash_37b369a8a9b86869
xmodelmesh,#hash_37b3817accf174e9
xmodelmesh,#hash_37ba4a3071ff968c
xmodelmesh,d#hash_37babe5aa9aa8d51
xmodelmesh,#hash_37c47293d9b71673
xmodelmesh,d#hash_37ce78e4a7839658
xmodelmesh,#hash_37dc6274e41ad896
xmodelmesh,#hash_37dfefcbc38212bb
xmodelmesh,#hash_37ee6b71b40fc015
xmodelmesh,#hash_37eedd0c1bf27539
xmodelmesh,#hash_37f727348e66af98
xmodelmesh,#hash_3808c2bf6e90f7a8
xmodelmesh,#hash_380c282f5ad1c3c7
xmodelmesh,#hash_38163981394516fc
xmodelmesh,#hash_381bddfe9d43b205
xmodelmesh,#hash_3821c69a79a62c4f
xmodelmesh,#hash_3822928464f6c25d
xmodelmesh,d#hash_38241805480082fc
xmodelmesh,#hash_382ece9281fcb030
xmodelmesh,#hash_38353a0edc02438e
xmodelmesh,#hash_3835dc314d741958
xmodelmesh,#hash_3839367ddbf83f16
xmodelmesh,#hash_383a04a6e2d848ff
xmodelmesh,#hash_383c6773d263bcc6
xmodelmesh,#hash_3841472f258435b9
xmodelmesh,d#hash_384718c8536604b4
xmodelmesh,#hash_384e325a625d6f4f
xmodelmesh,#hash_3853bafcbfe89c69
xmodelmesh,#hash_38541a58a60c0f1d
xmodelmesh,#hash_386fb4f1c18bc9c1
xmodelmesh,#hash_387952743e8eeb3b
xmodelmesh,#hash_3879ff4f770b848c
xmodelmesh,#hash_387ea221cf43216d
xmodelmesh,#hash_38828236c1ae8a49
xmodelmesh,#hash_38874c6aa379a6e6
xmodelmesh,#hash_38a14aef07194610
xmodelmesh,#hash_38a5c6e05d629f4f
xmodelmesh,#hash_38a61cc53fc0301c
xmodelmesh,d#hash_38a76b045aba515f
xmodelmesh,#hash_38aa73f71daf15da
xmodelmesh,#hash_38b0c82c5a42419b
xmodelmesh,#hash_38bdbd236ccd5665
xmodelmesh,#hash_38c3369ab1db4579
xmodelmesh,#hash_38c91332af068d02
xmodelmesh,#hash_38ca027b14e16160
xmodelmesh,#hash_38dd25f3e7309968
xmodelmesh,#hash_38e20ff2d30da8a1
xmodelmesh,d#hash_38e4e7d2a8f668d7
xmodelmesh,#hash_38f294836685b816
xmodelmesh,#hash_38f297bc7f3a6193
xmodelmesh,#hash_38fc10b2b04b81f3
xmodelmesh,#hash_3910fb066c2fe237
xmodelmesh,#hash_39187e8cfcdb03ba
xmodelmesh,#hash_3921069d9e45fa44
xmodelmesh,#hash_3925acf8f9c2949a
xmodelmesh,#hash_3929a059e011b7e9
xmodelmesh,#hash_392b070110edcfac
xmodelmesh,#hash_3934341a7bae4729
xmodelmesh,#hash_39502e44d5c15585
xmodelmesh,#hash_395a98947a1207c7
xmodelmesh,#hash_395f364d8c5179ef
xmodelmesh,#hash_3966646d4b7c027a
xmodelmesh,d#hash_396b4b2cf83f183e
xmodelmesh,#hash_396cd9df40307bd2
xmodelmesh,#hash_396e643d84a9df6d
xmodelmesh,d#hash_396ea265f25dc5ea
xmodelmesh,#hash_39738f35be46ff1a
xmodelmesh,#hash_39740f5e1ab39993
xmodelmesh,#hash_397473e809c65c97
xmodelmesh,d#hash_397603c7ab9b63bc
xmodelmesh,#hash_39844d20eff694d8
xmodelmesh,#hash_398fd65a09288ad2
xmodelmesh,#hash_3995c59b5e9435bc
xmodelmesh,#hash_3999e39547bfe3c7
xmodelmesh,#hash_399f6d0f677ad153
xmodelmesh,#hash_39a488c0ed999646
xmodelmesh,#hash_39ac723ae5629daa
xmodelmesh,#hash_39aef6bf763ddb6a
xmodelmesh,#hash_39b0c8ef8924c4b2
xmodelmesh,#hash_39b6caf902ef94db
xmodelmesh,#hash_39bccde17e5d53c0
xmodelmesh,#hash_39c5ea2c83aeb771
xmodelmesh,#hash_39c68847914ee903
xmodelmesh,#hash_39c86bf3778d3060
xmodelmesh,#hash_39d0ae83c1c9854f
xmodelmesh,#hash_39daa028ff05a6d3
xmodelmesh,#hash_39df1fb5895a95c9
xmodelmesh,#hash_39dffb10264f2a52
xmodelmesh,#hash_39e46136bcd67418
xmodelmesh,#hash_39e5ee86f5a9dd4d
xmodelmesh,#hash_39e6169d3f73cc79
xmodelmesh,#hash_39e8f3f098ca8c39
xmodelmesh,#hash_39f73739b243dec8
xmodelmesh,#hash_39f7e8d76b393e1e
xmodelmesh,#hash_3a0844e39e7268f1
xmodelmesh,#hash_3a090063287853ba
xmodelmesh,#hash_3a1ae614ce7a9c4c
xmodelmesh,#hash_3a1ddeeeb7d956a1
xmodelmesh,#hash_3a2f6312d5942cce
xmodelmesh,#hash_3a2f9be8aa5b974a
xmodelmesh,#hash_3a3811a659a3d1db
xmodelmesh,#hash_3a43a125bbeb6b5a
xmodelmesh,#hash_3a54ff6a2de55fa0
xmodelmesh,#hash_3a5de92249c6e79a
xmodelmesh,#hash_3a5e2dfd43c474ab
xmodelmesh,d#hash_3a690c53327534f4
xmodelmesh,#hash_3a6ac83dc9255693
xmodelmesh,#hash_3a6db206d74873df
xmodelmesh,#hash_3a76c3325705d87d
xmodelmesh,#hash_3a796663975de71e
xmodelmesh,#hash_3a8a88932480d5f2
xmodelmesh,#hash_3a8acb88db02fc38
xmodelmesh,#hash_3a909a2fb13a332d
xmodelmesh,#hash_3a99da89242c72c8
xmodelmesh,#hash_3aa75ddbcacf07dc
xmodelmesh,d#hash_3ab314c0addc51a0
xmodelmesh,#hash_3aba28c66d13d388
xmodelmesh,#hash_3ac0fe96a2e31909
xmodelmesh,#hash_3ac389aa5aa4ccdc
xmodelmesh,#hash_3ac68d3fc8aacba9
xmodelmesh,#hash_3ac8035e5c65bfdb
xmodelmesh,#hash_3ad0b9256b4719b7
xmodelmesh,#hash_3adf52f5ad7eb8c1
xmodelmesh,#hash_3ae2d047fbc8e8fa
xmodelmesh,#hash_3ae676a3cff4772f
xmodelmesh,#hash_3aec68130ce5fb21
xmodelmesh,#hash_3aeebd3149d0ddde
xmodelmesh,#hash_3af6010332523f81
xmodelmesh,#hash_3af7b5c92ae3e9a5
xmodelmesh,d#hash_3b00e894748ec058
xmodelmesh,#hash_3b01cee79d6a20a9
xmodelmesh,#hash_3b1a76a92b664d6d
xmodelmesh,#hash_3b1c044587473422
xmodelmesh,#hash_3b1ef4406ac15383
xmodelmesh,#hash_3b32ffc325a3bfba
xmodelmesh,#hash_3b3c3144e3dddef4
xmodelmesh,#hash_3b3d0bb10dbb02d4
xmodelmesh,#hash_3b3e769badcd3c3d
xmodelmesh,#hash_3b5bf11411b9a92d
xmodelmesh,#hash_3b5f5ae975bb7f2c
xmodelmesh,#hash_3b659b6c2b6bb7e3
xmodelmesh,#hash_3b660d307a21fdca
xmodelmesh,#hash_3b6b0b0b9700b6c0
xmodelmesh,#hash_3b6e1cf1e221b29d
xmodelmesh,#hash_3b76ef902758a68e
xmodelmesh,#hash_3b7d983dbd6375ed
xmodelmesh,#hash_3b844afe5d3f7f29
xmodelmesh,#hash_3b8840fc36671f2d
xmodelmesh,#hash_3b946d07905ca494
xmodelmesh,d#hash_3b9616a4a4414d0d
xmodelmesh,#hash_3b9d35ef4b9f29cc
xmodelmesh,#hash_3b9f8a7eadf4ce03
xmodelmesh,#hash_3badcda4f5171a72
xmodelmesh,#hash_3baea2cd06be615e
xmodelmesh,#hash_3bb0d304a6755ad8
xmodelmesh,#hash_3bb7214d6d7eee8b
xmodelmesh,#hash_3bb9eb980917b515
xmodelmesh,#hash_3bbd290b104a75e3
xmodelmesh,#hash_3bccc1e0cd05193e
xmodelmesh,#hash_3bd75df3f7943608
xmodelmesh,#hash_3be0c60a0b25e66d
xmodelmesh,d#hash_3beb9080a20c16d8
xmodelmesh,#hash_3bedfb64d65bd8b4
xmodelmesh,#hash_3bfdc82bb8a090dc
xmodelmesh,#hash_3c0a41510c4c175f
xmodelmesh,#hash_3c0b17ce7d760493
xmodelmesh,#hash_3c0f88f795656841
xmodelmesh,#hash_3c1b00d1ff95504d
xmodelmesh,d#hash_3c2ada5d79f21fd0
xmodelmesh,#hash_3c3080b96aaa4df1
xmodelmesh,d#hash_3c33cedef4086a91
xmodelmesh,#hash_3c3e8ff71782048a
xmodelmesh,d#hash_3c51e47fe7eff6e5
xmodelmesh,#hash_3c56a82bfba5549a
xmodelmesh,#hash_3c5c3d738c052f30
xmodelmesh,#hash_3c662663e2eaed69
xmodelmesh,#hash_3c70f760df6f9093
xmodelmesh,#hash_3c78d577d8c270b9
xmodelmesh,#hash_3c85f12baeb812e4
xmodelmesh,d#hash_3c8e069c82e30cb5
xmodelmesh,#hash_3c9f37fbd480a6ff
xmodelmesh,#hash_3ca1a6298b253128
xmodelmesh,d#hash_3cad0b03efd7b181
xmodelmesh,d#hash_3cb4b83bddf0b451
xmodelmesh,#hash_3cb61d8d1dbd5da4
xmodelmesh,d#hash_3cbefac2eaeeeb58
xmodelmesh,#hash_3cc70b4d605a9a2c
xmodelmesh,#hash_3cd89fce7bb9ce9e
xmodelmesh,#hash_3ce5055760f23b12
xmodelmesh,d#hash_3ceb13ca9f5f624b
xmodelmesh,#hash_3cf14ca7a448bb41
xmodelmesh,#hash_3cf7b3f699b59a0c
xmodelmesh,#hash_3cfa0d5fe74cfaf2
xmodelmesh,#hash_3d093f86f21b8658
xmodelmesh,#hash_3d177f4e928a828d
xmodelmesh,#hash_3d1b75451563ca65
xmodelmesh,#hash_3d214ebb9e248010
xmodelmesh,#hash_3d265cb2298675a1
xmodelmesh,d#hash_3d26f680cb725382
xmodelmesh,#hash_3d2bd3602002362f
xmodelmesh,#hash_3d332881d8d4a204
xmodelmesh,#hash_3d376f9954609c31
xmodelmesh,#hash_3d38555fdcc8bebc
xmodelmesh,d#hash_3d39d6a11662a8fb
xmodelmesh,#hash_3d667a3e43ad36f2
xmodelmesh,#hash_3d66aaeaa745c047
xmodelmesh,#hash_3d66dce2bb41023c
xmodelmesh,#hash_3d6a2dd607fc7efd
xmodelmesh,#hash_3d6ce16e9feec215
xmodelmesh,#hash_3d745473b85a26df
xmodelmesh,#hash_3d83cc3ea3cfaabc
xmodelmesh,#hash_3d84b2c9535bb2be
xmodelmesh,#hash_3d861861bbd42781
xmodelmesh,#hash_3d868881481b41ef
xmodelmesh,#hash_3d9a9fd6f7fffb05
xmodelmesh,#hash_3da01e86f3747ed5
xmodelmesh,d#hash_3da2a9e4e812e04b
xmodelmesh,#hash_3db056f74fb6f89c
xmodelmesh,#hash_3db08d662517f7a8
xmodelmesh,#hash_3db1d1413a5e5354
xmodelmesh,#hash_3db29ed6cd917bfa
xmodelmesh,#hash_3db3a476e02177d0
xmodelmesh,#hash_3db755960178bca2
xmodelmesh,#hash_3dbc84e351c3bcbe
xmodelmesh,#hash_3dbc899e090ec52b
xmodelmesh,#hash_3dc150b96c7434c5
xmodelmesh,#hash_3dc85f497b85f2f9
xmodelmesh,d#hash_3dd1bcc0c4b95086
xmodelmesh,d#hash_3de56d67efcdcc81
xmodelmesh,#hash_3de741326465b225
xmodelmesh,#hash_3de886cca35f69ab
xmodelmesh,#hash_3dee2835aee2d47b
xmodelmesh,#hash_3df6f8dc9bb2ce33
xmodelmesh,d#hash_3df863c83a4f6cba
xmodelmesh,#hash_3df9a2fed8a3b4b0
xmodelmesh,#hash_3dfa1f9eeaf07509
xmodelmesh,#hash_3e02641b50df4a9d
xmodelmesh,#hash_3e09890480bb152f
xmodelmesh,d#hash_3e0a68b15add0afe
xmodelmesh,#hash_3e20661bcb9a2720
xmodelmesh,#hash_3e214a7e4d16b2bf
xmodelmesh,#hash_3e2388503cf78192
xmodelmesh,#hash_3e2b99798491dbfe
xmodelmesh,#hash_3e36d01ff5682393
xmodelmesh,#hash_3e39120b95b96869
xmodelmesh,#hash_3e47c95f5e91bafa
xmodelmesh,#hash_3e4866dcfbcebc04
xmodelmesh,#hash_3e524cd9298935a5
xmodelmesh,d#hash_3e524d4a4e7dd5f0
xmodelmesh,#hash_3e5760dd172c85af
xmodelmesh,#hash_3e5f78711b6a898c
xmodelmesh,#hash_3e7bcdd08c8529bb
xmodelmesh,#hash_3e9766ae1474d9e9
xmodelmesh,#hash_3e9fb9111e2f4c08
xmodelmesh,#hash_3ea0908418849e3a
xmodelmesh,#hash_3ea853a7464c4a71
xmodelmesh,#hash_3ea95fb8b9fe69e9
xmodelmesh,d#hash_3ebb7d05f7004c3b
xmodelmesh,#hash_3ebf51c62a7ed1b4
xmodelmesh,#hash_3eca409d2e53035b
xmodelmesh,#hash_3ed41c0df5e4eefe
xmodelmesh,#hash_3edae97f265a7ea2
xmodelmesh,#hash_3ee1d3e6aa6bb49e
xmodelmesh,#hash_3ee9b1dd5c121476
xmodelmesh,#hash_3effeb345b204b86
xmodelmesh,#hash_3f04139f47e3c0b1
xmodelmesh,#hash_3f0ea48b1587b28c
xmodelmesh,#hash_3f1c3e27728315da
xmodelmesh,#hash_3f1fc3335c99d886
xmodelmesh,#hash_3f224a61a1809ce3
xmodelmesh,#hash_3f28e26a47e06e66
xmodelmesh,#hash_3f32a812917d39df
xmodelmesh,#hash_3f3a2a8fd0ba8984
xmodelmesh,#hash_3f457bc9b19dd319
xmodelmesh,#hash_3f5ca2b831c4662b
xmodelmesh,#hash_3f6242d62e8f820e
xmodelmesh,#hash_3f6fba17e3420d17
xmodelmesh,#hash_3f74f61915cbc08f
xmodelmesh,d#hash_3f7aaa78be64ae8d
xmodelmesh,d#hash_3f7bad1fc23bd862
xmodelmesh,d#hash_3f84841adebe1d8e
xmodelmesh,#hash_3f86d3232e2eabf6
xmodelmesh,#hash_3f8b7934714e2a8d
xmodelmesh,#hash_3f8f1bdb5f30e56e
xmodelmesh,#hash_3f90fb27cfc642f3
xmodelmesh,#hash_3fab622fbb073913
xmodelmesh,#hash_3fb1876573d0da76
xmodelmesh,#hash_3fbadd5623c597ec
xmodelmesh,#hash_3fbd97b3ef7f93e7
xmodelmesh,#hash_3fc85dd3839a2202
xmodelmesh,#hash_3fced1e8e0fb2186
xmodelmesh,#hash_3fd3fcdb31f1fbd6
xmodelmesh,#hash_3fd810c37a8367de
xmodelmesh,#hash_3fd82086d7a24c3f
xmodelmesh,#hash_3fdad9eb1ff174ac
xmodelmesh,#hash_3fdded4714539c63
xmodelmesh,#hash_3fe1c4adee2881d9
xmodelmesh,#hash_3fec169eb95a94e6
xmodelmesh,#hash_4000a09e0b7e8681
xmodelmesh,#hash_400702e8259adceb
xmodelmesh,#hash_400961764130ad7a
xmodelmesh,#hash_400edbd73f1c4fe3
xmodelmesh,#hash_4017ab35ad01f539
xmodelmesh,#hash_40230f9e8b0886ac
xmodelmesh,#hash_402bbc8aa5c874a1
xmodelmesh,d#hash_403726cd7a8a6102
xmodelmesh,#hash_4039671d9abbf226
xmodelmesh,#hash_403e85813ce8bb40
xmodelmesh,d#hash_404010a3bb7eacd8
xmodelmesh,#hash_4044ca865a956bbc
xmodelmesh,#hash_4053068e27bbea45
xmodelmesh,#hash_4055fd69746ddad0
xmodelmesh,#hash_405aa170f7ea0703
xmodelmesh,#hash_4063627157df3257
xmodelmesh,#hash_40649db3130bd304
xmodelmesh,#hash_4066178761c43395
xmodelmesh,#hash_40663d2925dd5b69
xmodelmesh,#hash_40670c7aa458a5a0
xmodelmesh,#hash_4074cc1ab6c6f320
xmodelmesh,#hash_407b6a559d3f0417
xmodelmesh,#hash_4080b04c8cd94828
xmodelmesh,#hash_40821e926dea803b
xmodelmesh,#hash_4082708e9e5690b5
xmodelmesh,#hash_4082ec9a908c83ce
xmodelmesh,#hash_408656f247a0c22d
xmodelmesh,#hash_408c2b3a86880fc5
xmodelmesh,#hash_4097b1d9a50940cb
xmodelmesh,#hash_409cc71d7780efc4
xmodelmesh,#hash_40a73d5f892c3241
xmodelmesh,#hash_40a9184ed9b31d18
xmodelmesh,d#hash_40afa5d9fe6b8685
xmodelmesh,#hash_40b18a46a497876e
xmodelmesh,#hash_40df85a82a0a68ee
xmodelmesh,#hash_40dfeeba6c079b4b
xmodelmesh,d#hash_40f69aae49c7e1dd
xmodelmesh,#hash_410ca0c25c370a67
xmodelmesh,#hash_4115628edc60a11d
xmodelmesh,#hash_4121327106beeca4
xmodelmesh,#hash_41216852d4b6a47f
xmodelmesh,#hash_41272ad861714809
xmodelmesh,#hash_4131ee232470fc81
xmodelmesh,#hash_4132e78ffb62e427
xmodelmesh,#hash_413be1beb6045813
xmodelmesh,#hash_4140a522df40818c
xmodelmesh,#hash_414d947d2715f9c6
xmodelmesh,#hash_4167e355bc2a1f1c
xmodelmesh,#hash_416a7fa37116e65a
xmodelmesh,#hash_416abe38a8d4e886
xmodelmesh,#hash_41701dc9da915d90
xmodelmesh,#hash_417a5e1bf0760b21
xmodelmesh,#hash_417bd067921368a5
xmodelmesh,#hash_417ef71a642a43b1
xmodelmesh,#hash_417fac0a3d4149ea
xmodelmesh,#hash_418042fd22c30e64
xmodelmesh,#hash_41852bcd5352f0b7
xmodelmesh,#hash_41879581ac596596
xmodelmesh,#hash_4187e75e5559cb73
xmodelmesh,#hash_418cfefd18bfde1f
xmodelmesh,#hash_418f14a12c41e89a
xmodelmesh,#hash_419a4ece0872f3b9
xmodelmesh,#hash_41a9fd8e938a0520
xmodelmesh,#hash_41ac82a349ff59ab
xmodelmesh,#hash_41af622153109212
xmodelmesh,#hash_41b1b51a2b685a30
xmodelmesh,#hash_41b516fda1af896c
xmodelmesh,#hash_41ba2cc5ef089c94
xmodelmesh,d#hash_41c117765f3f3bab
xmodelmesh,#hash_41db2e3119e64420
xmodelmesh,#hash_41df68410071979b
xmodelmesh,#hash_41f5cc5843a9c147
xmodelmesh,#hash_41f929200778f65c
xmodelmesh,#hash_4203ae84bb67c9f5
xmodelmesh,#hash_420acd80caae6a62
xmodelmesh,#hash_4211205cc5a7c46b
xmodelmesh,#hash_42148a954bfe5a11
xmodelmesh,#hash_4214b322eca259f9
xmodelmesh,#hash_421da161286bf268
xmodelmesh,#hash_421f28a4878263d7
xmodelmesh,#hash_42217d90e48eaebd
xmodelmesh,#hash_4225984faad0c99e
xmodelmesh,#hash_4225b3424d668b50
xmodelmesh,#hash_4241323ff93302ef
xmodelmesh,#hash_4241cfe106e8d9be
xmodelmesh,#hash_4248f91dfbe4a2ca
xmodelmesh,#hash_424a304be01c3016
xmodelmesh,#hash_425ad63c42425282
xmodelmesh,d#hash_42636fb0ddc28b5f
xmodelmesh,#hash_426ef05c9de7b9b5
xmodelmesh,d#hash_4282a1a68290e732
xmodelmesh,#hash_4291dfb247b7c1e7
xmodelmesh,#hash_4296537a89acb53d
xmodelmesh,#hash_42a4e61b23c14fe2
xmodelmesh,#hash_42aeb138420567aa
xmodelmesh,#hash_42b1605fee286006
xmodelmesh,#hash_42b695c2bbc7e74c
xmodelmesh,#hash_42b896e22d4bd3cc
xmodelmesh,#hash_42bb65cf0b6d960a
xmodelmesh,#hash_42bdd869e8107ddf
xmodelmesh,#hash_42be3a7414a3f505
xmodelmesh,#hash_42c0a8f03b9bf3bd
xmodelmesh,#hash_42c59740a51ea4db
xmodelmesh,#hash_42cc5b199fcb129c
xmodelmesh,#hash_42d751e7b175229f
xmodelmesh,#hash_42d7dbf11e287805
xmodelmesh,#hash_42dd6e9574a24259
xmodelmesh,#hash_42dd8dbbd5a1a22f
xmodelmesh,#hash_42ddcab59db4bfc8
xmodelmesh,#hash_42dfa7ad38bad247
xmodelmesh,#hash_42e907248bb05811
xmodelmesh,#hash_42f0db83a26848a7
xmodelmesh,#hash_42f0f0109f144835
xmodelmesh,#hash_42f92736b3f75463
xmodelmesh,#hash_42fb60ef0c90910d
xmodelmesh,#hash_42fb7c8d9f25b4ce
xmodelmesh,d#hash_4304041674ff698b
xmodelmesh,#hash_4309fbba698cb15b
xmodelmesh,#hash_430f36c8d8d97708
xmodelmesh,d#hash_4319db6a0a886ed6
xmodelmesh,#hash_431b398145acfdfa
xmodelmesh,#hash_43266ce030097e2e
xmodelmesh,#hash_432a1b29dc7ef3f4
xmodelmesh,#hash_432f28e7da648a71
xmodelmesh,#hash_43314d35b2a17186
xmodelmesh,d#hash_4333fab48ac41bc6
xmodelmesh,#hash_43390985cf46384e
xmodelmesh,#hash_4341792e53ccf1f7
xmodelmesh,#hash_434ee46309f52dc6
xmodelmesh,d#hash_43576b9b1f35495c
xmodelmesh,#hash_435b92e59f93f14c
xmodelmesh,#hash_4376c1caa79c1907
xmodelmesh,#hash_437d9009f86b06be
xmodelmesh,#hash_4381630a1a3285c4
xmodelmesh,#hash_4381feef0957aac5
xmodelmesh,#hash_438bf34eb6532485
xmodelmesh,#hash_438ff918131c52b5
xmodelmesh,d#hash_439a33384e2a0890
xmodelmesh,#hash_43af5e6111214c63
xmodelmesh,#hash_43b8d18a016ad4de
xmodelmesh,#hash_43d807459fbc93a1
xmodelmesh,#hash_43d96bdef4a91c25
xmodelmesh,#hash_43ddcc92b804ed17
xmodelmesh,#hash_43e41e47f1a514e0
xmodelmesh,#hash_43e6093b7f6a3d22
xmodelmesh,#hash_43ebd8178aca9af3
xmodelmesh,#hash_43f3e78f4180fdcc
xmodelmesh,#hash_44049bef46bb9ba9
xmodelmesh,#hash_4404de059b66a5bf
xmodelmesh,#hash_440609b9dcd57bf6
xmodelmesh,#hash_440c4a09442187df
xmodelmesh,#hash_44177bd5df996a13
xmodelmesh,#hash_441e8db75d95d1aa
xmodelmesh,#hash_443681bae4569dc0
xmodelmesh,#hash_443b6854e27f507c
xmodelmesh,#hash_443b77d49325f9d8
xmodelmesh,#hash_443d5b988cf067c9
xmodelmesh,#hash_4442c8181f007f05
xmodelmesh,#hash_4442cd2b76cce54c
xmodelmesh,#hash_4445cc522ebde3c4
xmodelmesh,#hash_444b7563ac7b40d0
xmodelmesh,#hash_4456555e177da806
xmodelmesh,#hash_445c617bef79662e
xmodelmesh,#hash_4466f4c85ceccdba
xmodelmesh,#hash_4469fc32a8a68435
xmodelmesh,#hash_446b65131f1a8aba
xmodelmesh,#hash_44719f52e7a75dde
xmodelmesh,#hash_4474340c8bf6c484
xmodelmesh,d#hash_447b9f8d945674c3
xmodelmesh,#hash_448c685c9c473495
xmodelmesh,#hash_448eaeb44decf47d
xmodelmesh,#hash_4495d161ea13d745
xmodelmesh,#hash_449fb19d702068aa
xmodelmesh,#hash_44b2e262aed749af
xmodelmesh,#hash_44b6be6da244dea0
xmodelmesh,#hash_44cc4b13ddc3ac86
xmodelmesh,#hash_44db56bb40faee3e
xmodelmesh,#hash_44dcfd6942766551
xmodelmesh,#hash_44ddbc4893813613
xmodelmesh,#hash_44e475d1f660c1b9
xmodelmesh,#hash_44fcaea0d7cb7189
xmodelmesh,#hash_450297e4f16fd70d
xmodelmesh,#hash_4503336f4a3ba1c9
xmodelmesh,#hash_4504e2afae966baa
xmodelmesh,#hash_450e35380a062591
xmodelmesh,#hash_45191289437e428c
xmodelmesh,#hash_452cfc74a4d5fb21
xmodelmesh,#hash_453f9da8fcf23d73
xmodelmesh,#hash_4558648aa30d9d55
xmodelmesh,#hash_455acd96fc9451cc
xmodelmesh,#hash_455d9a8e7dcac610
xmodelmesh,#hash_455e6e78698161ec
xmodelmesh,#hash_456e5a99c2400d11
xmodelmesh,#hash_45744d4b3c7dc34f
xmodelmesh,#hash_4578198d4d267425
xmodelmesh,#hash_457adad7c82705c4
xmodelmesh,#hash_457e9c307e5cc89b
xmodelmesh,#hash_458f294916be077c
xmodelmesh,#hash_458f64447a929b93
xmodelmesh,d#hash_459181edf9846894
xmodelmesh,#hash_459241c476c50589
xmodelmesh,#hash_4593b084fcf08b10
xmodelmesh,#hash_45943931a0922a5c
xmodelmesh,#hash_45970873c2fa2d04
xmodelmesh,#hash_4599221063171d88
xmodelmesh,#hash_45b4d0727097766c
xmodelmesh,#hash_45b9b1059991ad3c
xmodelmesh,#hash_45bab16c7f3891a9
xmodelmesh,#hash_45bb7d0659b65b62
xmodelmesh,#hash_45cae45a2a31f844
xmodelmesh,#hash_45d66c7bfebf0fc2
xmodelmesh,#hash_45d8c24e22fef1fc
xmodelmesh,#hash_45da770d5942d4a9
xmodelmesh,#hash_45dd298324a792dc
xmodelmesh,d#hash_45e639cfd3647833
xmodelmesh,#hash_45e75c617e689709
xmodelmesh,#hash_45f6e556b5e6fdb7
xmodelmesh,#hash_45ff0cf62b3080dd
xmodelmesh,#hash_460bcc176f54e8b5
xmodelmesh,#hash_4610fcebba82f422
xmodelmesh,#hash_46171b7ed1563b54
xmodelmesh,#hash_461c26b7ddb10b02
xmodelmesh,#hash_462b633acbef3217
xmodelmesh,#hash_462fd6b61bd7e552
xmodelmesh,#hash_46337691a79cf6d7
xmodelmesh,#hash_4635b35d0288f911
xmodelmesh,#hash_464bb67331b5afe0
xmodelmesh,#hash_464be36e97c53446
xmodelmesh,#hash_4656e081d254be69
xmodelmesh,#hash_46580ea98af1abca
xmodelmesh,#hash_465a68f48ca8ed77
xmodelmesh,d#hash_4666d05fb56e6b59
xmodelmesh,#hash_466bfb1226d95eb3
xmodelmesh,#hash_4671f535f28d1249
xmodelmesh,#hash_468613286f781a14
xmodelmesh,#hash_4686fd3b7b3bfb93
xmodelmesh,#hash_4687edbb6ecac372
xmodelmesh,#hash_468d6aabaf24b2d7
xmodelmesh,#hash_46920015f247ca55
xmodelmesh,#hash_46949b9baace07ef
xmodelmesh,#hash_46a14a5481ea5af8
xmodelmesh,#hash_46a2704ea4cf3368
xmodelmesh,#hash_46b1bfd04ab166cd
xmodelmesh,#hash_46b200a42fe074fa
xmodelmesh,#hash_46b2303428062051
xmodelmesh,#hash_46b52789d8d46d7e
xmodelmesh,#hash_46c9b85c6956cba1
xmodelmesh,#hash_46ca4c466099b94a
xmodelmesh,#hash_46d0f22c2904be5a
xmodelmesh,#hash_46dedfc2b6d5f1fb
xmodelmesh,#hash_46dfa917bb0dff97
xmodelmesh,#hash_46e391291aa8ca39
xmodelmesh,#hash_46e79f40a4cfebad
xmodelmesh,#hash_46ebfc02b01ffce0
xmodelmesh,#hash_46ed3fb83cd95fa0
xmodelmesh,#hash_46edcd39b2ae83db
xmodelmesh,#hash_46efcf5155a391f8
xmodelmesh,#hash_46f150a371c59723
xmodelmesh,#hash_46f299b872319d72
xmodelmesh,#hash_46f4b51c64d15416
xmodelmesh,#hash_46fb6929c960dbf9
xmodelmesh,#hash_47073b59c0eb9c0c
xmodelmesh,d#hash_4707870a9e2c3d18
xmodelmesh,#hash_470ac116666f952e
xmodelmesh,d#hash_4716720b2c4716fb
xmodelmesh,#hash_4717b451c02b4e73
xmodelmesh,#hash_4718a8f735ec6115
xmodelmesh,#hash_471a8a1e7422dd0a
xmodelmesh,d#hash_472884cb51449201
xmodelmesh,#hash_472baf1e53325003
xmodelmesh,#hash_47308e3308f22de7
xmodelmesh,#hash_4735bb50e1deb004
xmodelmesh,#hash_4735fdd3c8189af4
xmodelmesh,#hash_473a90d06e5da267
xmodelmesh,#hash_474695a2b8f26ae9
xmodelmesh,#hash_4747419986400ee4
xmodelmesh,#hash_475042a0163f8de6
xmodelmesh,#hash_475530463980a30a
xmodelmesh,#hash_475676537edd566d
xmodelmesh,#hash_47596e1ca8e03b87
xmodelmesh,#hash_476925af0267fbcc
xmodelmesh,#hash_476bb08f9748d54f
xmodelmesh,#hash_476de0171f199020
xmodelmesh,#hash_47806c10ffd6040f
xmodelmesh,#hash_47829f2584581ba1
xmodelmesh,#hash_4791ee7992503e55
xmodelmesh,#hash_47a18cc5748072a7
xmodelmesh,#hash_47a2fc4919f4c763
xmodelmesh,d#hash_47b0bb88e867d0b2
xmodelmesh,#hash_47b7099ff8753124
xmodelmesh,#hash_47b7aa093c098f30
xmodelmesh,#hash_47c05db6bccd4dae
xmodelmesh,#hash_47c1c97e9537327e
xmodelmesh,#hash_47c440b5dbe9cd4d
xmodelmesh,#hash_47c50f83a81a360c
xmodelmesh,#hash_47ca13f1cd9296c9
xmodelmesh,#hash_47cbf7f16d60218e
xmodelmesh,#hash_47cd5ff625714114
xmodelmesh,#hash_47cf5b6008c5ecf3
xmodelmesh,#hash_47d2650db7f128d5
xmodelmesh,#hash_47d836a3aa079f83
xmodelmesh,#hash_47db7885752e5d5d
xmodelmesh,#hash_47e56e9436825db0
xmodelmesh,#hash_47e5b863dddb9a27
xmodelmesh,#hash_47eae9b011ff7a1d
xmodelmesh,d#hash_47edc8ba550395d9
xmodelmesh,#hash_47f08d4a2e90d5a2
xmodelmesh,#hash_47f49f1457c3e4d5
xmodelmesh,#hash_480c8f3368edb974
xmodelmesh,#hash_4815b77d190a85c1
xmodelmesh,#hash_4815bce740e59934
xmodelmesh,#hash_48228c7213b24e9b
xmodelmesh,#hash_4826cfaef02ac056
xmodelmesh,#hash_4828fcd9dcf999c7
xmodelmesh,#hash_48398473777fd201
xmodelmesh,#hash_483ba3c506ca5901
xmodelmesh,#hash_484003c32b52001f
xmodelmesh,#hash_48401c68570171ae
xmodelmesh,#hash_484542a1fe3b404b
xmodelmesh,#hash_4847ad0a259f8a82
xmodelmesh,#hash_484b702ba2cf8701
xmodelmesh,#hash_4855910f9a8365ce
xmodelmesh,#hash_48581d30260a3102
xmodelmesh,#hash_4860cde7a003fb1b
xmodelmesh,#hash_48613d533de06831
xmodelmesh,#hash_486e647a5ea2df50
xmodelmesh,#hash_4877504db258fbdf
xmodelmesh,#hash_487aca7bbda86a6a
xmodelmesh,#hash_487c5d30ef1e1aaa
xmodelmesh,#hash_488bdd6631589deb
xmodelmesh,#hash_488d314755ad95ea
xmodelmesh,#hash_488e68f104c4ed3d
xmodelmesh,#hash_48908e5dc8099580
xmodelmesh,#hash_4895f22e0f9de9fa
xmodelmesh,#hash_489dadfa89e1ebfe
xmodelmesh,#hash_489fb6d2d478df31
xmodelmesh,#hash_48a4b6344ef4d859
xmodelmesh,#hash_48a7a0ac3754b5bf
xmodelmesh,#hash_48b3490f1f481a1c
xmodelmesh,d#hash_48ca09a9561c22d4
xmodelmesh,#hash_48d011ffb5a83c65
xmodelmesh,#hash_48d23f9c64da126c
xmodelmesh,#hash_48d49a2122c8b027
xmodelmesh,#hash_48d7ea054f782b2f
xmodelmesh,#hash_48d836c8eb4f7ad8
xmodelmesh,#hash_48d95dbdef17f9ba
xmodelmesh,d#hash_48db51f6f0873d95
xmodelmesh,#hash_48dbb6dc7ae686d2
xmodelmesh,#hash_48dc816924c1b150
xmodelmesh,#hash_48e6a3f792ca3550
xmodelmesh,#hash_48e811df6bd7733d
xmodelmesh,#hash_48f1958e1d477fca
xmodelmesh,#hash_48f6bb08fb61404a
xmodelmesh,d#hash_48f8520cd267432a
xmodelmesh,#hash_48fb82bf2e9056fb
xmodelmesh,#hash_4902c8fb3156781a
xmodelmesh,#hash_4902e7d6e47d0d2b
xmodelmesh,#hash_490c5ef872c43514
xmodelmesh,d#hash_490f30acac197df7
xmodelmesh,#hash_49102f2076a28454
xmodelmesh,#hash_491a076faea22fad
xmodelmesh,#hash_491a8439f5a0bab7
xmodelmesh,#hash_491b94cd35ddeb14
xmodelmesh,#hash_4927e1db066ec029
xmodelmesh,#hash_49286e581d5be01d
xmodelmesh,#hash_492b226943641f34
xmodelmesh,#hash_492f6096f67f420c
xmodelmesh,#hash_4930158c5c98d65d
xmodelmesh,#hash_4936ef0db8c2368a
xmodelmesh,#hash_493a037f69d0de0f
xmodelmesh,#hash_4941376628ad15c0
xmodelmesh,#hash_4946a745fee94543
xmodelmesh,#hash_494a2a7a17a22622
xmodelmesh,#hash_494b63f7f4624bbb
xmodelmesh,#hash_494bbe17bc773665
xmodelmesh,#hash_494ecc7e4b44dc11
xmodelmesh,#hash_4950ef3e6b9360a2
xmodelmesh,#hash_495567373dc6caaa
xmodelmesh,#hash_4957d1c9afd47c56
xmodelmesh,#hash_49596b6bab5ef0f2
xmodelmesh,#hash_497b49e5f3e4b41a
xmodelmesh,#hash_497d35baa7043c44
xmodelmesh,d#hash_4989c263039edc6d
xmodelmesh,#hash_498c7548a0c87161
xmodelmesh,#hash_499b660989a1c814
xmodelmesh,#hash_499eed5bdc74e498
xmodelmesh,#hash_49aee77758df0af8
xmodelmesh,d#hash_49b35223a542fba7
xmodelmesh,#hash_49c2bcfc8fe1d601
xmodelmesh,#hash_49c5347e8335883c
xmodelmesh,#hash_49cefdbf414cb2bc
xmodelmesh,#hash_49d283fbc4ec45ea
xmodelmesh,#hash_49dc17a406a30fa6
xmodelmesh,#hash_49e265660e034c5f
xmodelmesh,d#hash_49e2f93a1883f046
xmodelmesh,d#hash_49e6c575d6a33d82
xmodelmesh,#hash_49ed05c0f4419e5c
xmodelmesh,#hash_49f1b038cdbc1642
xmodelmesh,#hash_49f34740cef7cc02
xmodelmesh,#hash_49f6e21c61ef2864
xmodelmesh,#hash_49fb481cadb8044d
xmodelmesh,#hash_4a0c385d6f3cc194
xmodelmesh,#hash_4a0d774755b8ab3b
xmodelmesh,#hash_4a12d642f6232d65
xmodelmesh,#hash_4a209584a259ff37
xmodelmesh,#hash_4a31b1cc99989da8
xmodelmesh,#hash_4a3b5eb79b18f42a
xmodelmesh,#hash_4a47635e98f5ed00
xmodelmesh,#hash_4a4f0078dd2b4c2a
xmodelmesh,#hash_4a4fef69f1d09cf4
xmodelmesh,#hash_4a589d77805ac41f
xmodelmesh,#hash_4a5d206f8883d258
xmodelmesh,#hash_4a5dc5edcd5607c8
xmodelmesh,#hash_4a5fd51edfce3d19
xmodelmesh,#hash_4a64e57ebf2b997f
xmodelmesh,#hash_4a67bd73fae08391
xmodelmesh,#hash_4a6e872dfd78efe1
xmodelmesh,#hash_4a730954f2ef2414
xmodelmesh,#hash_4a76e72fc77c7d27
xmodelmesh,#hash_4a8064340010cdde
xmodelmesh,#hash_4a96490f1fbc2391
xmodelmesh,#hash_4a965a78776b7ca6
xmodelmesh,#hash_4aae8335cb5d9adf
xmodelmesh,#hash_4ab5171c1148e515
xmodelmesh,#hash_4abddd1e7ab768b6
xmodelmesh,#hash_4abf2ef60353a017
xmodelmesh,#hash_4ac2c2107f2b9208
xmodelmesh,#hash_4acfff4b22ce3339
xmodelmesh,#hash_4ad3f412548b2597
xmodelmesh,#hash_4ad8b94bec749e47
xmodelmesh,#hash_4ae500a08758867e
xmodelmesh,d#hash_4aeafd3496f1eeec
xmodelmesh,#hash_4aebcb26a4fbf8e1
xmodelmesh,#hash_4aed7ca6316ce9e3
xmodelmesh,#hash_4af07646c93b454f
xmodelmesh,#hash_4af3e4845f0f17fd
xmodelmesh,#hash_4af49fe8e1d014d9
xmodelmesh,#hash_4afd1451e3f436be
xmodelmesh,#hash_4b0703d9d65e6ffd
xmodelmesh,#hash_4b109e0dc23ecd1e
xmodelmesh,#hash_4b17a4b46bb80a26
xmodelmesh,#hash_4b1fbcba21fec257
xmodelmesh,d#hash_4b2ecb60b2c72c6c
xmodelmesh,#hash_4b4b1fda07b97f6b
xmodelmesh,#hash_4b4de59e32fb53f4
xmodelmesh,#hash_4b5c5b18ae20fbbb
xmodelmesh,#hash_4b6607dbab909fc4
xmodelmesh,#hash_4b68f8357541c217
xmodelmesh,#hash_4b6a77e70aaad6c0
xmodelmesh,d#hash_4b795d8c83dc85d2
xmodelmesh,#hash_4b7a919898e2e299
xmodelmesh,#hash_4b7d4eedf2672b52
xmodelmesh,#hash_4b7e1ce7f4924307
xmodelmesh,d#hash_4b858d0a9f5e30c7
xmodelmesh,#hash_4b8a13201d863a3b
xmodelmesh,#hash_4b8c8547032a08d9
xmodelmesh,d#hash_4b91fa06ab7d1ca8
xmodelmesh,#hash_4b93fa25d9b9e4e9
xmodelmesh,#hash_4ba168fd9fae3d72
xmodelmesh,d#hash_4ba9b5cd466cb756
xmodelmesh,#hash_4bb88dbfe74fa61f
xmodelmesh,#hash_4bb8a7560a7b8035
xmodelmesh,#hash_4bc3c14bf9ae4797
xmodelmesh,d#hash_4bcda78ea2a078c3
xmodelmesh,#hash_4bce451ec7fc4fc7
xmodelmesh,#hash_4be641a3a7d849a5
xmodelmesh,#hash_4be73277133b5acb
xmodelmesh,#hash_4beb6c2221d5c802
xmodelmesh,#hash_4bfefb8f353b90a9
xmodelmesh,#hash_4c0a580f37193b70
xmodelmesh,#hash_4c0a588a40fca3ed
xmodelmesh,d#hash_4c0e1d5e286032a2
xmodelmesh,#hash_4c10982b4c26f613
xmodelmesh,#hash_4c1c9efc5d7b03a9
xmodelmesh,#hash_4c229b101fc2b7a2
xmodelmesh,#hash_4c4dc3e8fbc50731
xmodelmesh,#hash_4c4f69ee8cebfbfc
xmodelmesh,#hash_4c502f4ae4c42227
xmodelmesh,#hash_4c522c729a884799
xmodelmesh,#hash_4c61cf686016b562
xmodelmesh,#hash_4c64d58bfd837bd1
xmodelmesh,#hash_4c675994482125c4
xmodelmesh,d#hash_4c6a8182ad42eba6
xmodelmesh,#hash_4c6abad5fd332470
xmodelmesh,#hash_4c6d8be7a4dabb66
xmodelmesh,#hash_4c8c8a506b658149
xmodelmesh,#hash_4c9327e211604584
xmodelmesh,#hash_4c99ecc8c37f617b
xmodelmesh,#hash_4c9c12aacce05829
xmodelmesh,#hash_4c9f00af4d7be5a6
xmodelmesh,#hash_4cc3b24771e119db
xmodelmesh,#hash_4ccb3c43f5d35d9a
xmodelmesh,#hash_4cd0e6de96cda9d0
xmodelmesh,#hash_4cd4f733bc95bdc1
xmodelmesh,#hash_4cd8f52234667bf1
xmodelmesh,#hash_4ce3c6d693652b31
xmodelmesh,#hash_4cea192c720ce031
xmodelmesh,#hash_4cf496653ede0cf2
xmodelmesh,#hash_4cf6c5a46d5f1a07
xmodelmesh,#hash_4cfc069068684661
xmodelmesh,#hash_4d0213598e7802d9
xmodelmesh,#hash_4d050fbe56673591
xmodelmesh,#hash_4d0afd1ce0ecd3e1
xmodelmesh,#hash_4d149673a9f35321
xmodelmesh,#hash_4d19c6e83c2332ca
xmodelmesh,#hash_4d2b4e4dc5243434
xmodelmesh,#hash_4d2cfd34f87777fb
xmodelmesh,#hash_4d2eb7d105bb4449
xmodelmesh,#hash_4d3b90db0c5bb9f1
xmodelmesh,#hash_4d3d16981f1756a9
xmodelmesh,#hash_4d47e5c854eb6d60
xmodelmesh,#hash_4d57d266da158999
xmodelmesh,#hash_4d5f83aa305e2b89
xmodelmesh,#hash_4d6328fd0269a044
xmodelmesh,#hash_4d6f2e2eee753cb7
xmodelmesh,#hash_4d73912efca9b1ac
xmodelmesh,#hash_4d75190e6a06fec2
xmodelmesh,#hash_4d7b7f14e38bd9dc
xmodelmesh,#hash_4d7bfb4d033d1642
xmodelmesh,#hash_4d82b76688394f33
xmodelmesh,#hash_4da090ddcb03c4d7
xmodelmesh,#hash_4da0ba9a775cc14f
xmodelmesh,#hash_4da95743f9c65ef1
xmodelmesh,#hash_4dae40e4e530fe3b
xmodelmesh,#hash_4db3ef32455e934d
xmodelmesh,d#hash_4db4cb7c00d414f6
xmodelmesh,#hash_4db65b4d9d7866c3
xmodelmesh,#hash_4dc2996050ef9c5b
xmodelmesh,#hash_4dc3154c64357633
xmodelmesh,#hash_4dc335405927b041
xmodelmesh,#hash_4dcc09d1b50df217
xmodelmesh,#hash_4dce4d423a7eee75
xmodelmesh,#hash_4dd23de5d2617c0b
xmodelmesh,#hash_4dd678e3f3dd6087
xmodelmesh,#hash_4ddf7d0b7121cadb
xmodelmesh,#hash_4de97fcf27416f6e
xmodelmesh,#hash_4deb1e810c9dc786
xmodelmesh,#hash_4dfaa39aaf5898c1
xmodelmesh,#hash_4dfe872b7c2f952b
xmodelmesh,#hash_4e013bd03b11be6a
xmodelmesh,#hash_4e0c037a90c05d97
xmodelmesh,d#hash_4e0f2829d9ae13ee
xmodelmesh,#hash_4e16d1e32735acc4
xmodelmesh,#hash_4e17fa40947f27b3
xmodelmesh,#hash_4e1f4f790424c201
xmodelmesh,#hash_4e3520411e4fd66b
xmodelmesh,#hash_4e375fb9150bed4b
xmodelmesh,#hash_4e393d2ec5c26797
xmodelmesh,#hash_4e39a3d9fb40ca68
xmodelmesh,#hash_4e3f69106617bf8f
xmodelmesh,#hash_4e41e8c6f6cd09bd
xmodelmesh,#hash_4e43afede84b4753
xmodelmesh,#hash_4e47525cb9f42b48
xmodelmesh,#hash_4e51781aa08ce7f9
xmodelmesh,#hash_4e5585a492b92d08
xmodelmesh,#hash_4e567e755b55e093
xmodelmesh,#hash_4e5f96341096864a
xmodelmesh,#hash_4e61e912dbd5bfb6
xmodelmesh,#hash_4e6d07a3c2390be0
xmodelmesh,#hash_4e6f60315e28d231
xmodelmesh,#hash_4e70f98aad20da13
xmodelmesh,#hash_4e80f3ac83662a8e
xmodelmesh,d#hash_4e9489fba0ca4075
xmodelmesh,d#hash_4e95e8a565fa5a55
xmodelmesh,#hash_4e97be584d31010e
xmodelmesh,#hash_4e98dc78ae99552d
xmodelmesh,d#hash_4e98fc5283d760f7
xmodelmesh,#hash_4e99c0cf3bafe2ca
xmodelmesh,#hash_4ea12eef75cdef4e
xmodelmesh,#hash_4ea4da038715d9f0
xmodelmesh,#hash_4ea7ad1955b23e53
xmodelmesh,#hash_4ea7fd832c06909a
xmodelmesh,#hash_4eac33bdf2c57bf8
xmodelmesh,#hash_4ead05cb3dd58dfe
xmodelmesh,#hash_4eb128e7cce54841
xmodelmesh,#hash_4eb3652f23c1b29e
xmodelmesh,#hash_4eb4fe5c6421973b
xmodelmesh,#hash_4eb6cfed8240ec36
xmodelmesh,d#hash_4ec1c910d2e98a55
xmodelmesh,#hash_4ec4ec9702c74085
xmodelmesh,d#hash_4ed39316be902f1b
xmodelmesh,#hash_4ed81d416aa50ef1
xmodelmesh,#hash_4eddf430f5541cca
xmodelmesh,#hash_4ee66e436b1c484d
xmodelmesh,d#hash_4eecddb494230da4
xmodelmesh,#hash_4ef24aaed6abff34
xmodelmesh,#hash_4ef8166af6b3c8f2
xmodelmesh,#hash_4ef96f364c8f9ce7
xmodelmesh,#hash_4f04373babb0604f
xmodelmesh,#hash_4f097b927fc96f8c
xmodelmesh,#hash_4f0c7daa31500f1b
xmodelmesh,#hash_4f0fc9b6bd2a0400
xmodelmesh,#hash_4f106502620954f4
xmodelmesh,#hash_4f12b91498edc7d8
xmodelmesh,d#hash_4f158714ead0057e
xmodelmesh,#hash_4f193960071ee580
xmodelmesh,d#hash_4f1b470cd69c1545
xmodelmesh,#hash_4f2059d6fb668b4b
xmodelmesh,#hash_4f24d6b96323d9bf
xmodelmesh,#hash_4f25000d66fee44c
xmodelmesh,#hash_4f2852050975f68f
xmodelmesh,#hash_4f32ede089023a93
xmodelmesh,#hash_4f3787ce80db9e0e
xmodelmesh,#hash_4f3d5ec50d004e5c
xmodelmesh,#hash_4f45744609322a11
xmodelmesh,d#hash_4f477bb5b7da1e97
xmodelmesh,#hash_4f47a66cc925de07
xmodelmesh,#hash_4f4a5ae515dd1f9e
xmodelmesh,d#hash_4f4cc6ad453bdbf8
xmodelmesh,#hash_4f5f52f423994564
xmodelmesh,#hash_4f73c3e11becfdb8
xmodelmesh,#hash_4f78536ca0ef875a
xmodelmesh,d#hash_4f85c9cbf172bc69
xmodelmesh,#hash_4f864fc75fc18a5c
xmodelmesh,#hash_4f8b6abf9e7a9306
xmodelmesh,#hash_4f8dd117f17bbe6d
xmodelmesh,#hash_4f90d686269345a4
xmodelmesh,#hash_4f9be9daa9acbb00
xmodelmesh,#hash_4fa84d027f863261
xmodelmesh,#hash_4fab082ee1dbe172
xmodelmesh,#hash_4fadd2f6ecb03cf8
xmodelmesh,#hash_4fb324b2baed6320
xmodelmesh,#hash_4fb3cf5ea4ba96a3
xmodelmesh,#hash_4fc1b84d1cf8a99a
xmodelmesh,#hash_4fc91cf30a64a74a
xmodelmesh,#hash_4fcd48ea24047774
xmodelmesh,#hash_4fd4bba67aa03df1
xmodelmesh,#hash_4fe492a65f0945d1
xmodelmesh,#hash_4fef963254cc9414
xmodelmesh,#hash_4ff02387a23b3f19
xmodelmesh,#hash_4ff465d8860dab20
xmodelmesh,#hash_4ff754cf6b360eb6
xmodelmesh,#hash_4ffa9566785866c2
xmodelmesh,#hash_50081a308094f365
xmodelmesh,#hash_5008df6a53de5ffc
xmodelmesh,#hash_5009378f54d5a08f
xmodelmesh,#hash_5014a7a0ce9b127f
xmodelmesh,#hash_501a8909f26676e7
xmodelmesh,#hash_50214c1f506f09f2
xmodelmesh,#hash_502a0e705a43b7b8
xmodelmesh,#hash_502e15187a69df95
xmodelmesh,#hash_502f867c2d8de11f
xmodelmesh,#hash_5033d670fddf4ec0
xmodelmesh,#hash_503709aa90b256d1
xmodelmesh,#hash_503c4239c771f21a
xmodelmesh,#hash_5040e78720987a26
xmodelmesh,#hash_50413023f619550f
xmodelmesh,#hash_5050e72d04d18087
xmodelmesh,#hash_5051ef31bc7bda36
xmodelmesh,d#hash_506533554ee088fd
xmodelmesh,#hash_5067f59a93e5d9e0
xmodelmesh,#hash_5070b5f1cc27185d
xmodelmesh,#hash_5078516d2233dd18
xmodelmesh,#hash_5078999429160861
xmodelmesh,#hash_508b8201d01a36e6
xmodelmesh,#hash_508d8b1a5927ee34
xmodelmesh,#hash_508e0925bbac8ec6
xmodelmesh,#hash_5093b9d3434f59c9
xmodelmesh,#hash_509a06d528fe17c2
xmodelmesh,#hash_50a057889ea92b03
xmodelmesh,#hash_50a41611fe0220a0
xmodelmesh,#hash_50a7e37089d81519
xmodelmesh,#hash_50a801e044989e85
xmodelmesh,#hash_50abefcc4076d9d7
xmodelmesh,#hash_50afd23c704dc047
xmodelmesh,#hash_50b0a0e7e7a0542f
xmodelmesh,#hash_50b4038098172d46
xmodelmesh,d#hash_50b6c7a9f8af6007
xmodelmesh,#hash_50bef958d2cd84cd
xmodelmesh,#hash_50c24159aca2a839
xmodelmesh,#hash_50c505c92d3d0496
xmodelmesh,#hash_50c57c55fb57d522
xmodelmesh,#hash_50c7188e31bb58fe
xmodelmesh,#hash_50d56f1f17826215
xmodelmesh,#hash_50d5873b031f6034
xmodelmesh,#hash_50e54ebdf22c5e8b
xmodelmesh,#hash_50e749f7c3374e59
xmodelmesh,#hash_50ec843a6c705891
xmodelmesh,#hash_50efed4171a50864
xmodelmesh,#hash_50f0664f36082028
xmodelmesh,d#hash_50f8ae9d52f95667
xmodelmesh,#hash_50ffe7edfaf1240c
xmodelmesh,#hash_51021715733d01e1
xmodelmesh,#hash_5104ece11b1461d7
xmodelmesh,#hash_5106563be0d982d0
xmodelmesh,#hash_5107f047ed94d44a
xmodelmesh,#hash_510dd404389acf32
xmodelmesh,#hash_511667556a99e349
xmodelmesh,#hash_5117303618d9d169
xmodelmesh,#hash_5118b89bb7beb37d
xmodelmesh,#hash_511a78065e1cc4da
xmodelmesh,d#hash_511f9dbea597a02e
xmodelmesh,d#hash_512a11f96668d725
xmodelmesh,#hash_513f592f394f9213
xmodelmesh,d#hash_51401e654b1d446a
xmodelmesh,#hash_5141640be28fecfd
xmodelmesh,#hash_514b266c407174fe
xmodelmesh,d#hash_51693ac6364e448b
xmodelmesh,d#hash_516ae06d277485f4
xmodelmesh,#hash_517430e9601a95fc
xmodelmesh,#hash_51776aae48abd57f
xmodelmesh,#hash_517ecae47bac3fc0
xmodelmesh,#hash_518365b792a65110
xmodelmesh,d#hash_519c651e5ee3167f
xmodelmesh,#hash_51a069106e8bcc97
xmodelmesh,#hash_51a70d9310e4178a
xmodelmesh,#hash_51aa44c90dcf0838
xmodelmesh,#hash_51c04db554605a98
xmodelmesh,#hash_51c77733dd4b4f3f
xmodelmesh,#hash_51c94c9d36a2f1fe
xmodelmesh,#hash_51d2c13c16bee126
xmodelmesh,#hash_51de9e96e09bd0cd
xmodelmesh,#hash_51dee0c435188641
xmodelmesh,#hash_51e5ae477f442dcb
xmodelmesh,#hash_51f02cdac63f9655
xmodelmesh,#hash_51f6b415c55f05bd
xmodelmesh,#hash_51f6df51d358f639
xmodelmesh,#hash_52009525f5529d84
xmodelmesh,#hash_5203f86486f844f1
xmodelmesh,#hash_52044f7b3127a28b
xmodelmesh,#hash_520e96a79dc00e09
xmodelmesh,#hash_5214294bbe5e3e69
xmodelmesh,#hash_5214ef43d30306ff
xmodelmesh,#hash_5224348e7ef40a95
xmodelmesh,#hash_5225a5ad884e95f6
xmodelmesh,#hash_522d730bf7e35fc3
xmodelmesh,#hash_52434d59cf16e681
xmodelmesh,#hash_5244dfa6580d5751
xmodelmesh,#hash_524536a8b4314cc4
xmodelmesh,#hash_52453b1834a095f7
xmodelmesh,#hash_525498feb55009ae
xmodelmesh,#hash_5255e97f21a3cbba
xmodelmesh,#hash_52564041afc9efc6
xmodelmesh,#hash_525932b500e63512
xmodelmesh,#hash_525967e8d7b1e4d6
xmodelmesh,#hash_5262118b1e70a22c
xmodelmesh,#hash_526c2341673867cb
xmodelmesh,#hash_526e403cf14ade24
xmodelmesh,#hash_527145a63fa92f4d
xmodelmesh,#hash_52795a79d65d6635
xmodelmesh,#hash_5279a66d951c490d
xmodelmesh,#hash_527a5bb018fab378
xmodelmesh,#hash_527ae6e4c1b74ea8
xmodelmesh,#hash_527f5d1e71d51cf8
xmodelmesh,#hash_528c770ccc8048f5
xmodelmesh,#hash_5295b717719dbd1d
xmodelmesh,#hash_52977343254e534b
xmodelmesh,#hash_529787310101ae59
xmodelmesh,#hash_52a056f556a3e029
xmodelmesh,#hash_52a4248781d09c1b
xmodelmesh,#hash_52ab171e8fd1bf6e
xmodelmesh,#hash_52b3bf535d4382d3
xmodelmesh,#hash_52b6810b201cbbd6
xmodelmesh,#hash_52bc631357635f77
xmodelmesh,#hash_52c104d065d66380
xmodelmesh,#hash_52c2755c99245a9e
xmodelmesh,#hash_52cccd78e69af2dd
xmodelmesh,#hash_52cd5aa2c4f30e04
xmodelmesh,#hash_52d00d612a5b1768
xmodelmesh,#hash_52d8cff073958ff6
xmodelmesh,#hash_52da2383b911ab12
xmodelmesh,#hash_52db5cf024bc07a9
xmodelmesh,#hash_52e24728c96795bf
xmodelmesh,#hash_52e41d300784572c
xmodelmesh,#hash_52f1c347a9a888fd
xmodelmesh,#hash_5300774e9ed6d665
xmodelmesh,#hash_5302ad816db2a359
xmodelmesh,#hash_5304dde5e2b3e049
xmodelmesh,#hash_530934764dc273c5
xmodelmesh,#hash_530b3cb6bfac4c4b
xmodelmesh,#hash_530e8ab304f4cae2
xmodelmesh,#hash_53143c3a080b1b27
xmodelmesh,#hash_5315cca6de916407
xmodelmesh,#hash_5316ec0e7e258eb2
xmodelmesh,#hash_53236f41deceea90
xmodelmesh,d#hash_5328532bddc5b9c2
xmodelmesh,#hash_532ed0aa4708e37a
xmodelmesh,#hash_5331555c4b1eb3d4
xmodelmesh,#hash_53426e07b27732cd
xmodelmesh,d#hash_534955fee62782f3
xmodelmesh,#hash_534f53f1d1edcd23
xmodelmesh,#hash_5354edd17d504af2
xmodelmesh,#hash_53772ac8a9f9553a
xmodelmesh,#hash_537ae0fd04bd7add
xmodelmesh,#hash_53801d057c42678b
xmodelmesh,#hash_5380354d84fa7f2e
xmodelmesh,#hash_539685f01ac13743
xmodelmesh,#hash_539709d3d5ab74cc
xmodelmesh,#hash_5398dcb0702532ae
xmodelmesh,#hash_539e14ed4ee0d94e
xmodelmesh,#hash_53a28320254b7214
xmodelmesh,#hash_53a3f455d55e90dd
xmodelmesh,#hash_53a6b8970edd8949
xmodelmesh,#hash_53ac2e90cd7cd44e
xmodelmesh,#hash_53b35bdc5ec1f2fe
xmodelmesh,#hash_53b9e15358afaacb
xmodelmesh,#hash_53bbafafb0ff0701
xmodelmesh,#hash_53c6b58e7ca6b8b7
xmodelmesh,d#hash_53c80942346afe25
xmodelmesh,#hash_53d3c03521708041
xmodelmesh,#hash_53d8fed4dd1ae113
xmodelmesh,#hash_53db32df545ec118
xmodelmesh,#hash_53dd22152ef538e0
xmodelmesh,#hash_53e17299906c0619
xmodelmesh,#hash_53e475dad88a8ceb
xmodelmesh,#hash_53edf5f2ad5a5614
xmodelmesh,#hash_5408894e8ce805b9
xmodelmesh,#hash_54098424e724a0d9
xmodelmesh,d#hash_540e2276a73a94f1
xmodelmesh,#hash_540f1cf4d70118c8
xmodelmesh,#hash_5410d1abd88f9381
xmodelmesh,#hash_541198b43b268088
xmodelmesh,#hash_5414db89367500c9
xmodelmesh,#hash_5418111247449b04
xmodelmesh,#hash_541f6c32214b77a6
xmodelmesh,#hash_541fddb638df9c98
xmodelmesh,#hash_543268b11370d2b5
xmodelmesh,#hash_54622d1f6ea43e9f
xmodelmesh,#hash_546a0a372c730104
xmodelmesh,#hash_5474490d3201b70d
xmodelmesh,#hash_54774500a33e3d65
xmodelmesh,#hash_54868176505d530b
xmodelmesh,#hash_548ab89540f91b5e
xmodelmesh,#hash_548bbb1a707324fb
xmodelmesh,#hash_54935b3bf2e3f5fb
xmodelmesh,#hash_5499102dc739ff3a
xmodelmesh,#hash_54a1234ce6d2580f
xmodelmesh,#hash_54a20fe19042e6e6
xmodelmesh,#hash_54a2d68481ec87b3
xmodelmesh,#hash_54a9e031e0962915
xmodelmesh,#hash_54ae19eeba64343d
xmodelmesh,#hash_54bd598d49059ddc
xmodelmesh,#hash_54bf42167069f5cd
xmodelmesh,#hash_54c19b4ea155fb19
xmodelmesh,#hash_54c553bf61ecffc0
xmodelmesh,#hash_54ca7469b06a7c62
xmodelmesh,d#hash_54cb486bd3b9c5d3
xmodelmesh,#hash_54cb6571458bbd75
xmodelmesh,#hash_54cc0da678576d71
xmodelmesh,#hash_54d7934abfca6950
xmodelmesh,#hash_54d7df953968bb47
xmodelmesh,#hash_54de9ac5731d2d82
xmodelmesh,#hash_54eee259c809ea27
xmodelmesh,#hash_54f0ddc84b1062f2
xmodelmesh,#hash_5502f34eeff0c8c5
xmodelmesh,#hash_550bf70a26a1c34e
xmodelmesh,#hash_551afdfd26d52d3d
xmodelmesh,#hash_55224e72b83d5a4a
xmodelmesh,#hash_55249d9ffa8d94d2
xmodelmesh,#hash_5528e906c064ff67
xmodelmesh,#hash_552e5efad34e4a8a
xmodelmesh,#hash_552edd13991ece3e
xmodelmesh,#hash_552f9e8d1629ce15
xmodelmesh,#hash_553162387160020a
xmodelmesh,#hash_5540439d73474894
xmodelmesh,#hash_5541a808c6a84615
xmodelmesh,#hash_5543289c27af455a
xmodelmesh,#hash_554cc923a7874e65
xmodelmesh,#hash_554fae48c203963f
xmodelmesh,#hash_5550031d8b0c5f87
xmodelmesh,#hash_5552b97530951cdb
xmodelmesh,#hash_55574c02904c5ec3
xmodelmesh,#hash_555b3bb588043a11
xmodelmesh,#hash_5569b835b2a3a08a
xmodelmesh,#hash_556a7edb50020882
xmodelmesh,#hash_557f462c55b5405e
xmodelmesh,d#hash_5582088c5ead9ff4
xmodelmesh,#hash_5587a8906e45d226
xmodelmesh,#hash_5588ec41e69fa791
xmodelmesh,#hash_5598e209dfc546fc
xmodelmesh,#hash_559b2d65ecc5029a
xmodelmesh,#hash_559d569505148566
xmodelmesh,#hash_559e23fc09f0c2b5
xmodelmesh,#hash_55a2383d1d46d7f4
xmodelmesh,#hash_55a56797f59dc170
xmodelmesh,#hash_55a5c3949c53fe0b
xmodelmesh,#hash_55ae32fee1434b00
xmodelmesh,#hash_55b7c4814193abf3
xmodelmesh,#hash_55ba6d6d3f2e3ba6
xmodelmesh,#hash_55c3c9931f545aa4
xmodelmesh,#hash_55c560f6bcd5894b
xmodelmesh,#hash_55cb0e6fa180d6d1
xmodelmesh,#hash_55cdb16e0a54dadc
xmodelmesh,#hash_55cf69c3b738d2f4
xmodelmesh,#hash_55db75e0820fb340
xmodelmesh,#hash_55e19f9d5f36cebf
xmodelmesh,#hash_561053d33e6147d4
xmodelmesh,#hash_56179520a6cb4e1b
xmodelmesh,#hash_561a829de00f6aa2
xmodelmesh,d#hash_562139ad0fa82f93
xmodelmesh,#hash_56245b5c8e504f9c
xmodelmesh,#hash_56310b0d44e3d8fc
xmodelmesh,#hash_5633c23c27d7e5ff
xmodelmesh,#hash_56390fe13f6a5cb7
xmodelmesh,#hash_563af2fe3f5d2b6d
xmodelmesh,#hash_5645c743e0a7fb73
xmodelmesh,#hash_564823d9c4afd3ae
xmodelmesh,#hash_5649773be26e336e
xmodelmesh,#hash_564ea6bf5b7af75d
xmodelmesh,#hash_564f59e72d9c1933
xmodelmesh,d#hash_566317b703a8ba71
xmodelmesh,#hash_5663a8fc5b049746
xmodelmesh,#hash_5674b28aabee1412
xmodelmesh,#hash_56792ad852dc6fdc
xmodelmesh,#hash_5693fef35525ea32
xmodelmesh,#hash_56947e84ab87a056
xmodelmesh,#hash_569bd21173eb34fe
xmodelmesh,#hash_56aaaabe1c04628a
xmodelmesh,#hash_56ad71ac25d8574a
xmodelmesh,#hash_56ae20e4f912a5e6
xmodelmesh,#hash_56b1577bab1e3d8c
xmodelmesh,d#hash_56b87785d96e2ebe
xmodelmesh,d#hash_56ce1bb573e9c18b
xmodelmesh,d#hash_56de339db1903dcd
xmodelmesh,#hash_56ecf9e3a9098416
xmodelmesh,#hash_56eed3e01d03f52b
xmodelmesh,#hash_56f58bda449dc4f6
xmodelmesh,#hash_56f5b0ea4540f8cf
xmodelmesh,#hash_56fc2da5466ee024
xmodelmesh,#hash_57093173a387c934
xmodelmesh,#hash_57141a5a61a9e3a2
xmodelmesh,#hash_571456eadd2158c7
xmodelmesh,#hash_57197ef337cd2352
xmodelmesh,#hash_5729b4c640de2c3e
xmodelmesh,#hash_572be9e082fca4ab
xmodelmesh,d#hash_573547dc01ad6ea1
xmodelmesh,#hash_573c75d52db70d79
xmodelmesh,#hash_574e43d1fff8617b
xmodelmesh,#hash_5759767adc20c6b5
xmodelmesh,#hash_575ec43b2463c666
xmodelmesh,#hash_5761d603c4caaca3
xmodelmesh,#hash_5762355e7fffebcb
xmodelmesh,#hash_57669af27f91d017
xmodelmesh,#hash_576856fe8545ee3c
xmodelmesh,#hash_5769d5ea261c6f46
xmodelmesh,#hash_577492bf1d80a802
xmodelmesh,#hash_5778fe379f954f69
xmodelmesh,#hash_577a218a35b291f2
xmodelmesh,d#hash_577add70a2413d65
xmodelmesh,#hash_577cc96f312bd582
xmodelmesh,#hash_5786ce14148cff22
xmodelmesh,#hash_5795925e049ed229
xmodelmesh,#hash_5795a6110d7f3b11
xmodelmesh,#hash_579611d59e283121
xmodelmesh,#hash_57a8d337f95622e6
xmodelmesh,#hash_57af8cfd23ad5d3a
xmodelmesh,#hash_57bbe1b50a375b75
xmodelmesh,#hash_57d0fa951ce65979
xmodelmesh,#hash_57d64dc664e904ee
xmodelmesh,#hash_57db7caee3ad1712
xmodelmesh,#hash_57dd2d42a4c2d343
xmodelmesh,#hash_57df6d7a1c7ebdeb
xmodelmesh,#hash_57e7191833c1fb97
xmodelmesh,#hash_57e9933b500f92b8
xmodelmesh,#hash_57ea5edfc26ba8d5
xmodelmesh,#hash_57eb98d19f57f134
xmodelmesh,#hash_57f33976861fa835
xmodelmesh,#hash_57f87309ef9424de
xmodelmesh,#hash_5803edc541ec29d9
xmodelmesh,#hash_5805f51b42ddbc7c
xmodelmesh,#hash_581d52dda8283508
xmodelmesh,#hash_5831360a2670b6bc
xmodelmesh,#hash_58356db8aab4ef7b
xmodelmesh,#hash_5837d3b168a41538
xmodelmesh,#hash_5839a5291660783d
xmodelmesh,#hash_583f88044853fbce
xmodelmesh,#hash_584fad36a1c03895
xmodelmesh,#hash_585b24fa046ad228
xmodelmesh,#hash_585d26dd2d298e46
xmodelmesh,#hash_5865a6598f6f580c
xmodelmesh,#hash_586b09246963f197
xmodelmesh,#hash_58746427c611a29b
xmodelmesh,#hash_58759a9207d1aa73
xmodelmesh,#hash_5875de386134960c
xmodelmesh,#hash_58784e87c90228f3
xmodelmesh,d#hash_587d11e617d452a0
xmodelmesh,#hash_587d38101c455a82
xmodelmesh,#hash_587f9ce41204f362
xmodelmesh,#hash_588b2a4455e9b33f
xmodelmesh,#hash_5891a1f28e278481
xmodelmesh,#hash_5891f1e3b7c09034
xmodelmesh,#hash_589d9f112bf3d61a
xmodelmesh,#hash_589ed02fa4bb7a64
xmodelmesh,#hash_58b2a25e28a6a97e
xmodelmesh,#hash_58b3f19b49cd3e63
xmodelmesh,#hash_58b6a2a87e80a087
xmodelmesh,d#hash_58b80b18fe86f3bb
xmodelmesh,#hash_58b9e97e43e9bff5
xmodelmesh,d#hash_58c3c85cbef755ff
xmodelmesh,#hash_58cfca562adf4954
xmodelmesh,#hash_58d0662ceacbb7bf
xmodelmesh,#hash_58d60cfe3d7c099e
xmodelmesh,#hash_58f264bb5bfda703
xmodelmesh,#hash_58f31c06233f7f95
xmodelmesh,#hash_58fe7156d9a692a1
xmodelmesh,#hash_59040cfe349a8506
xmodelmesh,#hash_59061780c49e50e2
xmodelmesh,#hash_5906cabd637d7381
xmodelmesh,#hash_5915fa71f0197441
xmodelmesh,#hash_59170ea457b359ff
xmodelmesh,#hash_5919eef3e9393cd5
xmodelmesh,#hash_591a642d61c2a7a8
xmodelmesh,d#hash_591bb180fa504933
xmodelmesh,#hash_591f9e714c1bd03f
xmodelmesh,#hash_592054a9d6d9d26e
xmodelmesh,#hash_5932cdf35c9af79f
xmodelmesh,#hash_5933fd39b3d4c38c
xmodelmesh,#hash_5936f3fe74560191
xmodelmesh,#hash_59390f3bf31e078d
xmodelmesh,#hash_593bce148affb338
xmodelmesh,#hash_593ddc03733d397b
xmodelmesh,#hash_5941e60d6d36e3d7
xmodelmesh,#hash_59420c431fe24c2b
xmodelmesh,#hash_59449e190cadc506
xmodelmesh,#hash_59450e720bc5d3e9
xmodelmesh,d#hash_594738da08591a8d
xmodelmesh,#hash_5947b5292723fb35
xmodelmesh,#hash_59535fd013eda933
xmodelmesh,#hash_59631433018e78e6
xmodelmesh,#hash_596418dbeea9ace9
xmodelmesh,#hash_5969281a17de3917
xmodelmesh,#hash_596c8a44be07d30d
xmodelmesh,#hash_5970170992c03a5a
xmodelmesh,#hash_597927d2c6196e72
xmodelmesh,#hash_597ac9cd38a3e179
xmodelmesh,#hash_597c955b8c77cfd6
xmodelmesh,#hash_597e40631034c8ff
xmodelmesh,#hash_597e90d862799fce
xmodelmesh,#hash_5980fdd15a27f4bf
xmodelmesh,#hash_598e43aebdcfc4dd
xmodelmesh,#hash_598f9d93fcb02b1a
xmodelmesh,#hash_599fec991bc19017
xmodelmesh,#hash_59a35b0f9564e658
xmodelmesh,d#hash_59a681d2ab070b15
xmodelmesh,#hash_59a799d951d00873
xmodelmesh,#hash_59b3e4846c88eee6
xmodelmesh,#hash_59b614175ac27efa
xmodelmesh,#hash_59b898c111fbec4b
xmodelmesh,#hash_59ba437077736b1b
xmodelmesh,#hash_59bea78d630c1f17
xmodelmesh,#hash_59cda9ccd8a68803
xmodelmesh,#hash_59d00f288fe874bc
xmodelmesh,#hash_59d2b8a1e238f59c
xmodelmesh,#hash_59da16a2ff5d690e
xmodelmesh,#hash_59dba821108155ed
xmodelmesh,#hash_59e7a6ed233225a8
xmodelmesh,#hash_59ecaba8378ffb08
xmodelmesh,#hash_59f1a82c31cf252f
xmodelmesh,#hash_59f80614458b0aa7
xmodelmesh,#hash_5a021bc198026aba
xmodelmesh,#hash_5a028250c1f6847d
xmodelmesh,#hash_5a0e80730c3081a7
xmodelmesh,#hash_5a1b3c98948e876a
xmodelmesh,#hash_5a2bc5c099ab61e7
xmodelmesh,d#hash_5a36082519d24182
xmodelmesh,#hash_5a3d5a525bdeac27
xmodelmesh,#hash_5a3dd549c09a2a1c
xmodelmesh,#hash_5a46cc477fd69714
xmodelmesh,#hash_5a4ac995cc6fc0c1
xmodelmesh,#hash_5a4b0e27eb009c86
xmodelmesh,#hash_5a4dae127e782b83
xmodelmesh,#hash_5a4f2a008b445986
xmodelmesh,d#hash_5a5776e1a3bf11ad
xmodelmesh,#hash_5a5ae25b1ca925c6
xmodelmesh,#hash_5a5b612f13690f57
xmodelmesh,#hash_5a5db09921e82dff
xmodelmesh,#hash_5a5f597f8353f8dc
xmodelmesh,#hash_5a659d484349b793
xmodelmesh,#hash_5a68fa9005e477e6
xmodelmesh,#hash_5a6e5e9070896c60
xmodelmesh,#hash_5a6fa5e84b1aa808
xmodelmesh,#hash_5a71c3308b02bca6
xmodelmesh,#hash_5a7224ad8b25d965
xmodelmesh,d#hash_5a77f25b4c60c6b0
xmodelmesh,#hash_5a7ae375ed3bb424
xmodelmesh,#hash_5a7f9eb0c5b07b8e
xmodelmesh,#hash_5a8327b241cc65e5
xmodelmesh,#hash_5a86ef6853b013d4
xmodelmesh,#hash_5a8b62a289c28192
xmodelmesh,#hash_5a91868acd230e1c
xmodelmesh,#hash_5a9481957644e6cc
xmodelmesh,#hash_5a94c66e901c2b58
xmodelmesh,#hash_5a94d43367351bd6
xmodelmesh,#hash_5a9c4c8fecf3ace8
xmodelmesh,#hash_5aa706e139655ab8
xmodelmesh,#hash_5ab2198b98a323aa
xmodelmesh,#hash_5abcbd4cb9a69227
xmodelmesh,#hash_5abf9b99dec0369b
xmodelmesh,#hash_5ac0d65c5bd1a4ed
xmodelmesh,#hash_5ac5c04c22ce1243
xmodelmesh,#hash_5ad33d75866c0c26
xmodelmesh,#hash_5ae18621388e3242
xmodelmesh,#hash_5ae2a7548b0961aa
xmodelmesh,#hash_5ae8162cf56f45d2
xmodelmesh,#hash_5ae912ee89b176e7
xmodelmesh,#hash_5ae9b73e3fd4f94d
xmodelmesh,#hash_5affb448c0e7388e
xmodelmesh,#hash_5b023cfc7eb11604
xmodelmesh,#hash_5b04a8bb4ab96a36
xmodelmesh,#hash_5b100bed083ce74c
xmodelmesh,#hash_5b1d59047613fb2a
xmodelmesh,#hash_5b1f6730c86d3c68
xmodelmesh,#hash_5b21599ba0db52c4
xmodelmesh,#hash_5b2566923f56aa96
xmodelmesh,#hash_5b2587ba1435dc91
xmodelmesh,#hash_5b29dc42265e61c3
xmodelmesh,d#hash_5b2c4d9e9ca96339
xmodelmesh,#hash_5b2d391ed9cc3503
xmodelmesh,#hash_5b2ed36754e08674
xmodelmesh,d#hash_5b39fd818359d474
xmodelmesh,#hash_5b4f1bdfe416eab3
xmodelmesh,#hash_5b50fb0d58fb7791
xmodelmesh,#hash_5b5771bf7b2e03cf
xmodelmesh,#hash_5b57e4be1101bf54
xmodelmesh,#hash_5b59d13581691e14
xmodelmesh,#hash_5b5b6b4dad900cc7
xmodelmesh,#hash_5b5f98ed107d9398
xmodelmesh,#hash_5b6116ce0169047e
xmodelmesh,d#hash_5b6b1fca468d924b
xmodelmesh,#hash_5b6f80d2bba13c3b
xmodelmesh,#hash_5b72715fa3b666e0
xmodelmesh,#hash_5b73bf5b4de4e06e
xmodelmesh,#hash_5b774dee84fab4ee
xmodelmesh,#hash_5b7f14eb01079b4d
xmodelmesh,#hash_5b808429576ec223
xmodelmesh,#hash_5b85a16194320e46
xmodelmesh,d#hash_5b88192766cf8745
xmodelmesh,#hash_5b99f87ea9fc3f18
xmodelmesh,#hash_5b9e83350aff38df
xmodelmesh,#hash_5ba1026e88c4aa72
xmodelmesh,#hash_5ba2bdb0491024b9
xmodelmesh,#hash_5ba5c7698a619d6e
xmodelmesh,#hash_5bac254a852d9d48
xmodelmesh,#hash_5bbac87f334c46fd
xmodelmesh,d#hash_5bbad9ca0bdcb97e
xmodelmesh,#hash_5bbb070ebe353a4e
xmodelmesh,#hash_5bbca21e11d1a8f2
xmodelmesh,#hash_5bc43f5529c2d779
xmodelmesh,#hash_5bcbd3b93c746ab0
xmodelmesh,#hash_5bccc012f655e02e
xmodelmesh,#hash_5be048e58c41d3c8
xmodelmesh,#hash_5be9469711a6e838
xmodelmesh,#hash_5beb7c6897438d25
xmodelmesh,#hash_5bef255b6762816d
xmodelmesh,#hash_5bf72ce97dbf61cc
xmodelmesh,d#hash_5bf9c5f41dadc219
xmodelmesh,#hash_5bfc4fd212d37e17
xmodelmesh,#hash_5bfee6995968e29e
xmodelmesh,#hash_5bff37dd9085216a
xmodelmesh,#hash_5bffe6a426f70b73
xmodelmesh,#hash_5c063bcd9fd260dd
xmodelmesh,#hash_5c09e3dde47fe0b7
xmodelmesh,#hash_5c1b10e762297a21
xmodelmesh,#hash_5c1d0cf5953abacf
xmodelmesh,#hash_5c1e378d824c42dd
xmodelmesh,#hash_5c3c314ef0f28dcb
xmodelmesh,#hash_5c3e55012ddef7ee
xmodelmesh,#hash_5c40ae7de4548d3c
xmodelmesh,#hash_5c4c22e6058ee25a
xmodelmesh,#hash_5c4d961cce777cb2
xmodelmesh,#hash_5c5335df2bc4f159
xmodelmesh,#hash_5c6638a5b6ccce94
xmodelmesh,#hash_5c68e2dc0a139692
xmodelmesh,#hash_5c6ae95233c85fbb
xmodelmesh,#hash_5c6df98fd54e678c
xmodelmesh,#hash_5c86ced3d0fc8647
xmodelmesh,#hash_5cac6ccd312f0ce8
xmodelmesh,#hash_5cb2876368bd6a6d
xmodelmesh,#hash_5cb431c56fb7eea7
xmodelmesh,#hash_5ccabd178991bc07
xmodelmesh,d#hash_5cd1418bb2635f37
xmodelmesh,#hash_5cdc809370cd5758
xmodelmesh,#hash_5ce33f167f174682
xmodelmesh,#hash_5ce71ff7b7fd9908
xmodelmesh,#hash_5cf4656d7b8b3be2
xmodelmesh,#hash_5cf991afdd5a166b
xmodelmesh,#hash_5cfe9c5a3ef78108
xmodelmesh,#hash_5d01e82a2e08753c
xmodelmesh,#hash_5d0f75da86524ef7
xmodelmesh,#hash_5d14c9cb18f4f88a
xmodelmesh,#hash_5d1b8dfdcfc0179f
xmodelmesh,#hash_5d1bfbb8bdba7aa6
xmodelmesh,#hash_5d1e863115f4e2b9
xmodelmesh,#hash_5d24ed96548cbca1
xmodelmesh,#hash_5d26f37128b48562
xmodelmesh,#hash_5d2a52377c57e65b
xmodelmesh,#hash_5d33565555d5e73d
xmodelmesh,#hash_5d3dfd12291fa3ff
xmodelmesh,#hash_5d3e1bcd5609d4cd
xmodelmesh,#hash_5d50645fd15ed1ac
xmodelmesh,#hash_5d5884aa2cbcdb99
xmodelmesh,#hash_5d5d8e99608828bc
xmodelmesh,d#hash_5d65d5829be2938a
xmodelmesh,#hash_5d6fa1d5ed32087a
xmodelmesh,#hash_5d74f0c7deb65688
xmodelmesh,#hash_5d7f2baff65fbae5
xmodelmesh,#hash_5d82e7c6be2436a1
xmodelmesh,d#hash_5d8835eb81948f11
xmodelmesh,#hash_5d8b4e1211ce6074
xmodelmesh,#hash_5d9f8a32b4261d47
xmodelmesh,#hash_5da5d1fd4e2782c8
xmodelmesh,#hash_5da708ec6f708c7e
xmodelmesh,#hash_5db3a14721bd82af
xmodelmesh,#hash_5dc10cb0bc06d344
xmodelmesh,#hash_5dc5bb0b05c9c2cf
xmodelmesh,#hash_5dd1dd137f896afe
xmodelmesh,#hash_5ddb16d06ac90aad
xmodelmesh,#hash_5ddd28d052cb3fc3
xmodelmesh,d#hash_5dde27b85be5866c
xmodelmesh,#hash_5de25c8c0f7b35af
xmodelmesh,#hash_5de44b44e36ec987
xmodelmesh,#hash_5de62f3d78a40116
xmodelmesh,d#hash_5de6f04a06a4a5b8
xmodelmesh,#hash_5de6fbb40acffaf3
xmodelmesh,#hash_5de7b1cea101f8d6
xmodelmesh,#hash_5deaf32704e6c6f1
xmodelmesh,#hash_5df6057966d6d2d5
xmodelmesh,#hash_5df90b0f985045a3
xmodelmesh,#hash_5dfabe9d0d086849
xmodelmesh,#hash_5dfbcdadf796a65d
xmodelmesh,d#hash_5dfdae2d349cbf59
xmodelmesh,#hash_5e04ef2a3917bc24
xmodelmesh,#hash_5e089763bf15b9b3
xmodelmesh,#hash_5e0c1bf0ddcbd1b9
xmodelmesh,#hash_5e0f6089e39c758e
xmodelmesh,#hash_5e0f7e35b03a2ca8
xmodelmesh,#hash_5e21f82454285f67
xmodelmesh,#hash_5e2207402dbff37b
xmodelmesh,d#hash_5e239cc46e91b9ca
xmodelmesh,#hash_5e24ca1394c9ae23
xmodelmesh,#hash_5e2d70c466bf33dd
xmodelmesh,d#hash_5e2f70597dce0c48
xmodelmesh,d#hash_5e34375559b48446
xmodelmesh,#hash_5e3d4dce6c6af120
xmodelmesh,#hash_5e4a1a45f2bdf788
xmodelmesh,#hash_5e5d4df940ad20bd
xmodelmesh,d#hash_5e5e278540ca1720
xmodelmesh,#hash_5e5f0c7b423e43d4
xmodelmesh,#hash_5e655c3cab5edf43
xmodelmesh,d#hash_5e66c3b29e9c6e69
xmodelmesh,d#hash_5e7860aa7d450742
xmodelmesh,#hash_5e82f5052a8288e1
xmodelmesh,#hash_5e92323f24d26089
xmodelmesh,#hash_5e9c8d6d1c78f9ec
xmodelmesh,#hash_5ea3a9e00a408289
xmodelmesh,#hash_5eafb5b4e979e12d
xmodelmesh,#hash_5eb68a52be8da79d
xmodelmesh,#hash_5ec4a070869c1f8f
xmodelmesh,#hash_5ecac1e0fcba44b7
xmodelmesh,#hash_5ecf81eb0340709c
xmodelmesh,#hash_5ee39c7dd41b0dd2
xmodelmesh,#hash_5ee56f6ae49bc7b4
xmodelmesh,#hash_5ee6bded815e813c
xmodelmesh,#hash_5eebda1fddfc9797
xmodelmesh,#hash_5f073be4461bda66
xmodelmesh,#hash_5f13cc2dbc24bb7e
xmodelmesh,#hash_5f1480e786e0581b
xmodelmesh,#hash_5f1ec8b8181a7372
xmodelmesh,#hash_5f2def256d9c9a16
xmodelmesh,#hash_5f35f2ef4c0cc6fd
xmodelmesh,#hash_5f3d1c85e376515f
xmodelmesh,#hash_5f3e2c38341355cb
xmodelmesh,#hash_5f41aee048f939f4
xmodelmesh,#hash_5f450ee9d3655d61
xmodelmesh,#hash_5f45e5ab82d7f980
xmodelmesh,#hash_5f491ae4f90f9c89
xmodelmesh,#hash_5f512e4cde3aa2ed
xmodelmesh,#hash_5f51f4b8b461d1b5
xmodelmesh,d#hash_5f5e87b6c73426e1
xmodelmesh,#hash_5f6a9ca6992797cd
xmodelmesh,#hash_5f6d08e403b4d3d0
xmodelmesh,#hash_5f6d51d7428ab23c
xmodelmesh,#hash_5f72b679499dd116
xmodelmesh,#hash_5f8663be3614a3a8
xmodelmesh,#hash_5f881c39f918ef9f
xmodelmesh,#hash_5f8c4a08c0beb7e0
xmodelmesh,#hash_5f91ad097e831cb1
xmodelmesh,#hash_5f9371b12acc7920
xmodelmesh,d#hash_5f9c1cd3bcc07a9f
xmodelmesh,#hash_5fa5785ba40d74f6
xmodelmesh,#hash_5fb46e0b8c563011
xmodelmesh,#hash_5fc4abc85db27620
xmodelmesh,d#hash_5fcbcab9202567ca
xmodelmesh,d#hash_5fd7930e8f60f280
xmodelmesh,#hash_5fdc91c072c463ce
xmodelmesh,#hash_5fe4e5388afd3a84
xmodelmesh,#hash_5fe5003e485fa370
xmodelmesh,#hash_5fe77b7dd7327ee8
xmodelmesh,#hash_5fee07309fc8e812
xmodelmesh,#hash_6003e3bd9bd7104f
xmodelmesh,#hash_6008e0cf86561a9b
xmodelmesh,#hash_600a58e065a012ac
xmodelmesh,#hash_600c68df770d5844
xmodelmesh,d#hash_600dc7777ed7010e
xmodelmesh,#hash_600fcce11ab126b2
xmodelmesh,#hash_60188616c5c0c41e
xmodelmesh,#hash_6026fd25c3cf555f
xmodelmesh,#hash_6029b908db6fdcd4
xmodelmesh,#hash_602e6a3f6d1a6544
xmodelmesh,#hash_6031f2614bbf303e
xmodelmesh,#hash_6034bf790a27e4a2
xmodelmesh,#hash_6035c78e8fb7b452
xmodelmesh,#hash_6035e68865172a37
xmodelmesh,d#hash_603dda3add4d4a59
xmodelmesh,#hash_605570c4f0ebba68
xmodelmesh,#hash_6058c2e768a3e3fe
xmodelmesh,#hash_605a63f60474526b
xmodelmesh,#hash_605c10d003e4057a
xmodelmesh,#hash_6069fed38e9df07e
xmodelmesh,#hash_606d049e77249f6b
xmodelmesh,#hash_607234fbd1d0569f
xmodelmesh,#hash_6073ae61bbc3e951
xmodelmesh,#hash_6074689c240f5095
xmodelmesh,#hash_60799f3ed4096f77
xmodelmesh,d#hash_607c773825d5f958
xmodelmesh,d#hash_607fb8b97f558d65
xmodelmesh,d#hash_608029b4c83eedfe
xmodelmesh,#hash_608f4b6a2fd28c43
xmodelmesh,#hash_6091d4c456dc221a
xmodelmesh,#hash_609d9ad543745868
xmodelmesh,#hash_609ef07b5a1f2a13
xmodelmesh,#hash_609f1ab6a1d44e45
xmodelmesh,#hash_60a278c2043dfce2
xmodelmesh,#hash_60b07545ee6ba6c2
xmodelmesh,#hash_60b14bc35561ef89
xmodelmesh,d#hash_60b5a340cff57581
xmodelmesh,#hash_60b75d10ff3fc34d
xmodelmesh,#hash_60b94397f79276eb
xmodelmesh,#hash_60bab9af8f0bd987
xmodelmesh,#hash_60bb0012d389f520
xmodelmesh,#hash_60bcead3f28cc5a7
xmodelmesh,#hash_60c1053d8894db3f
xmodelmesh,#hash_60d0236643fd1074
xmodelmesh,#hash_60d05f8fc33ebbd3
xmodelmesh,#hash_60d5e99e1750b701
xmodelmesh,#hash_60d5fbcc87895b8b
xmodelmesh,#hash_60eea7bc7d3b6c85
xmodelmesh,#hash_60efb0e1e11dec85
xmodelmesh,d#hash_60f2dae00e50f77c
xmodelmesh,#hash_60f7a007d12651e2
xmodelmesh,#hash_60f8405b7d963c1e
xmodelmesh,#hash_61005a4b3a5692f0
xmodelmesh,#hash_6100621eee80f52d
xmodelmesh,#hash_61026f76b0d50a23
xmodelmesh,#hash_61195d82a1efb48a
xmodelmesh,#hash_6119e2e8f4fe6cf5
xmodelmesh,#hash_611b49d1e0bc7587
xmodelmesh,#hash_611e33bcec0b6d91
xmodelmesh,#hash_6126c007a37b717c
xmodelmesh,#hash_6126de23462258a5
xmodelmesh,#hash_612998fe5fb2154c
xmodelmesh,#hash_61335fae6b909818
xmodelmesh,#hash_6136f6704d6f951c
xmodelmesh,#hash_613b72e33848e01c
xmodelmesh,#hash_6142f5bbd1a139d1
xmodelmesh,#hash_614ab08212203bd6
xmodelmesh,#hash_614b9f2883811dda
xmodelmesh,#hash_614dc378b22663cf
xmodelmesh,#hash_61509f70dcd1a79a
xmodelmesh,#hash_6152fab0f3eea4a6
xmodelmesh,#hash_61542262df1d495d
xmodelmesh,#hash_615dcb84f9c3b803
xmodelmesh,#hash_61649755fc1dea3a
xmodelmesh,#hash_6168a9055e41d099
xmodelmesh,d#hash_616d8dea7a535221
xmodelmesh,#hash_617551b885467435
xmodelmesh,#hash_6177446a4609fe2d
xmodelmesh,#hash_61784ec17b49ebc3
xmodelmesh,d#hash_617aa917830c58cd
xmodelmesh,#hash_617f4a4acff7b977
xmodelmesh,#hash_618e0b9deecdd39c
xmodelmesh,#hash_6192d0754e165a85
xmodelmesh,#hash_61931ee243844c08
xmodelmesh,#hash_61961c9435ad8d2f
xmodelmesh,#hash_619c12656c5eccd9
xmodelmesh,#hash_619e53a53483954c
xmodelmesh,#hash_61a53614c0340464
xmodelmesh,#hash_61ab57cad4aeb76f
xmodelmesh,#hash_61ac49b805a6c7e3
xmodelmesh,d#hash_61aff3f2b5f1ec88
xmodelmesh,#hash_61b2ca03b8540c91
xmodelmesh,#hash_61b9cbca3938743c
xmodelmesh,#hash_61ba92f4d6e23a46
xmodelmesh,#hash_61bc3fd675f37180
xmodelmesh,#hash_61c07201d7d8d56d
xmodelmesh,#hash_61c1c1c60e2db569
xmodelmesh,#hash_61d1228e2037f9ef
xmodelmesh,#hash_61d8233381ab952f
xmodelmesh,#hash_61dc279d1365978c
xmodelmesh,#hash_61de721e1c3451a8
xmodelmesh,#hash_61e136e2264c2162
xmodelmesh,#hash_61e5d03d56e00fa6
xmodelmesh,#hash_61e6e83ba436bbd4
xmodelmesh,#hash_61ecde29301024a0
xmodelmesh,#hash_6207a6f9890a0925
xmodelmesh,#hash_620fabb7d68bf30b
xmodelmesh,#hash_6220a88efa9eae4d
xmodelmesh,#hash_622111cd7202fe68
xmodelmesh,d#hash_62251299ff192b77
xmodelmesh,#hash_622c9721b82cb09b
xmodelmesh,#hash_622ca6d1b44d2177
xmodelmesh,#hash_6230b146e5411fd4
xmodelmesh,#hash_6232f17d3d4ab9a4
xmodelmesh,#hash_62410ebaaeca654a
xmodelmesh,#hash_6246ee501bd6ec98
xmodelmesh,#hash_6247c58bcf650e85
xmodelmesh,#hash_62521e6c66e5c716
xmodelmesh,#hash_625c78266f709377
xmodelmesh,#hash_62606ed7126209bf
xmodelmesh,#hash_626c8bc1f6c21b48
xmodelmesh,#hash_6280973aabb7d80f
xmodelmesh,#hash_6281a870e79516b5
xmodelmesh,#hash_628a6ac4707d7f53
xmodelmesh,#hash_628da86be616b247
xmodelmesh,d#hash_6295449bde57839b
xmodelmesh,#hash_6296123377db346b
xmodelmesh,#hash_62985e84a353d506
xmodelmesh,#hash_629de0899ed75fcf
xmodelmesh,#hash_62aeaf19665d4fa4
xmodelmesh,#hash_62c049139777705e
xmodelmesh,#hash_62c25390b32d2df4
xmodelmesh,#hash_62d926c62d77c171
xmodelmesh,#hash_62da1000e8f37978
xmodelmesh,#hash_62dc6e92adedb8ff
xmodelmesh,#hash_62e25925f7a85a90
xmodelmesh,#hash_62e478f7fce92861
xmodelmesh,#hash_62e8b56db7ac5d6f
xmodelmesh,#hash_62e9def24ad630ca
xmodelmesh,d#hash_62fda7e4a1b26e95
xmodelmesh,#hash_6307bc1b6e902214
xmodelmesh,#hash_63093bb53ac7fe6f
xmodelmesh,#hash_6313ee2599adbdb3
xmodelmesh,#hash_631b401f82377ea5
xmodelmesh,#hash_631bb819c4216f87
xmodelmesh,#hash_63318045d43ebfcc
xmodelmesh,#hash_6332a40078e22ec9
xmodelmesh,d#hash_6338bb82b9ae9591
xmodelmesh,#hash_6339ae805847effc
xmodelmesh,#hash_6341daa664780d03
xmodelmesh,#hash_636501f21eb50623
xmodelmesh,#hash_63684dd5fd0d710d
xmodelmesh,#hash_636a80ff6a49932c
xmodelmesh,#hash_636c69dea0d1daa6
xmodelmesh,#hash_6377525f465b5cf3
xmodelmesh,#hash_637fe005937c99c6
xmodelmesh,#hash_638115d85152dcb3
xmodelmesh,#hash_63895ac205aceea6
xmodelmesh,#hash_6392654ad77102e6
xmodelmesh,#hash_63972a5038f6a302
xmodelmesh,#hash_639a0bd16b5e11c8
xmodelmesh,#hash_639f655aeb23ddbe
xmodelmesh,#hash_63a2a312b26775a7
xmodelmesh,#hash_63a2d96c68733cbd
xmodelmesh,#hash_63ad70f3318058eb
xmodelmesh,#hash_63af269c55e581f5
xmodelmesh,#hash_63afeb19f11a1603
xmodelmesh,d#hash_63b056d1642bde48
xmodelmesh,#hash_63b5e085498098a7
xmodelmesh,#hash_63baad2007f224b9
xmodelmesh,#hash_63baf730c10467b5
xmodelmesh,#hash_63bc7bc5270ea558
xmodelmesh,#hash_63bee43379e99114
xmodelmesh,#hash_63c43f9ca6060552
xmodelmesh,#hash_63c6d168dd8438ca
xmodelmesh,#hash_63d47de357db681f
xmodelmesh,#hash_63dcb1e3c71ed076
xmodelmesh,#hash_63dd86a6968bbe22
xmodelmesh,#hash_63e962ebf18d925c
xmodelmesh,#hash_63eb5038c5fa5400
xmodelmesh,#hash_63f4a7ac4c0b0df1
xmodelmesh,#hash_63f7640c01bfe7ab
xmodelmesh,#hash_63fafb9064cfdb82
xmodelmesh,#hash_63fbf988820f8712
xmodelmesh,#hash_63fcc69f849c54f6
xmodelmesh,#hash_6401a3787b34c7e2
xmodelmesh,#hash_6405325de595eab7
xmodelmesh,#hash_64064fbfbbd84890
xmodelmesh,#hash_640ed19b07697089
xmodelmesh,#hash_642749b5be2b65a1
xmodelmesh,#hash_642aab0c22bc1743
xmodelmesh,#hash_642b8fc31fce8015
xmodelmesh,#hash_642c208e67a4a0a9
xmodelmesh,#hash_642cdbb770d04032
xmodelmesh,#hash_642efc17e647323e
xmodelmesh,#hash_6435891e60c78cbb
xmodelmesh,#hash_643d3de4a105c389
xmodelmesh,#hash_643d585ab20f479a
xmodelmesh,#hash_6443755da96bc436
xmodelmesh,d#hash_6449f238d3b52957
xmodelmesh,#hash_645fd4e5dd11d3c3
xmodelmesh,#hash_6466d6ffc4d01350
xmodelmesh,#hash_646ef73b0d3c468f
xmodelmesh,#hash_64842b7206d45d6a
xmodelmesh,#hash_6485ef0bcd95b21a
xmodelmesh,#hash_64878b3d309e99b9
xmodelmesh,#hash_64897cc3911b20cc
xmodelmesh,#hash_648f885cffbdaf64
xmodelmesh,#hash_6497a174720d8388
xmodelmesh,#hash_649ae563f0ac642a
xmodelmesh,#hash_649e136f2a6ac7bf
xmodelmesh,#hash_649fcbbf62c31eaa
xmodelmesh,#hash_64a52c74da8bc392
xmodelmesh,#hash_64a534fbf839ab39
xmodelmesh,#hash_64a7edbee9a0748f
xmodelmesh,#hash_64b4a67a8070fccf
xmodelmesh,#hash_64ca3fac8455aa8a
xmodelmesh,d#hash_64ccbda9c552ef3e
xmodelmesh,#hash_64d0f7500442c905
xmodelmesh,#hash_64d162da55bfe44d
xmodelmesh,#hash_64d4fa3978c26157
xmodelmesh,d#hash_64d5d1fe76dc894d
xmodelmesh,#hash_64d834fcab9492c5
xmodelmesh,#hash_64e146b778cbe46e
xmodelmesh,d#hash_64e2651e67d9781a
xmodelmesh,#hash_64e337da9dcf2add
xmodelmesh,#hash_64ee9ed4fe21fe35
xmodelmesh,#hash_64f26482c565323d
xmodelmesh,d#hash_64f55c7d610655e9
xmodelmesh,d#hash_64fd17ab520df303
xmodelmesh,#hash_64fdaa5758e5a662
xmodelmesh,#hash_6502668b6009d070
xmodelmesh,#hash_650aeab0b014d4be
xmodelmesh,#hash_651343910845d7be
xmodelmesh,d#hash_651edf0677ef7342
xmodelmesh,#hash_651f3fbd6737d165
xmodelmesh,#hash_65208f380a93bce0
xmodelmesh,#hash_6523bb6c1c8390a9
xmodelmesh,#hash_652acf7d79d7dd6f
xmodelmesh,#hash_652c94b0c36c5964
xmodelmesh,#hash_652d0bf58f3a960d
xmodelmesh,#hash_654a4b2be803e533
xmodelmesh,#hash_654b0ba41f153e8c
xmodelmesh,#hash_655ea3f4ca0b74cc
xmodelmesh,#hash_6560577859670477
xmodelmesh,#hash_6560bd9f2ff1705c
xmodelmesh,#hash_6561519f93523acf
xmodelmesh,d#hash_656763f1fe987789
xmodelmesh,#hash_657388c33075fc8f
xmodelmesh,#hash_6582420b75a60aa6
xmodelmesh,d#hash_65843f6fb9952a28
xmodelmesh,#hash_658681beff08b9e6
xmodelmesh,#hash_6598a8c6dbfc2759
xmodelmesh,#hash_659aebeec0082e6c
xmodelmesh,#hash_65a012c55b0fec52
xmodelmesh,#hash_65a48af4ccc1f8c1
xmodelmesh,#hash_65b0eeca0b2ea6ac
xmodelmesh,d#hash_65bc03f95a5ff14a
xmodelmesh,#hash_65ccb0f16a84e451
xmodelmesh,#hash_65ce88b0f3c4935d
xmodelmesh,#hash_65e422de90e0496f
xmodelmesh,#hash_65e97c7074dfe0ab
xmodelmesh,#hash_65ee6449e64e6f99
xmodelmesh,#hash_65f744ae28fcf56d
xmodelmesh,#hash_6601e08b7aa544d9
xmodelmesh,#hash_66031ff3873795c8
xmodelmesh,#hash_6603efab6c3ce8fd
xmodelmesh,d#hash_660bf5abd7c53a2c
xmodelmesh,#hash_660f77441da82962
xmodelmesh,#hash_6610a78f72ae8495
xmodelmesh,#hash_6610da0fd63b6517
xmodelmesh,#hash_66149441c038ad9e
xmodelmesh,#hash_66158b85f8f114c4
xmodelmesh,d#hash_66190dd17a8112b6
xmodelmesh,#hash_661bf000f8d616aa
xmodelmesh,#hash_661e94b160be8d0f
xmodelmesh,d#hash_662265114ef5cf16
xmodelmesh,#hash_662b807a26d2f93d
xmodelmesh,#hash_662e584b4d39ddc4
xmodelmesh,#hash_662edbe47f9938c2
xmodelmesh,#hash_663d49550bae23a2
xmodelmesh,#hash_66449e74e7b39173
xmodelmesh,#hash_66466cb9b3d6c355
xmodelmesh,#hash_664ef290a21329b0
xmodelmesh,#hash_665bcc139af36fc5
xmodelmesh,#hash_665fedbe9b3b533a
xmodelmesh,#hash_6663b5214a516b16
xmodelmesh,#hash_666609572a20f1cd
xmodelmesh,#hash_666b0d50b0b311f3
xmodelmesh,#hash_666f8bce997e4038
xmodelmesh,d#hash_667a6250d9ec4a97
xmodelmesh,#hash_668125aec462b6b4
xmodelmesh,#hash_6683cef8cebc76de
xmodelmesh,#hash_66868cf071aa63a8
xmodelmesh,#hash_668f3d1b2559b6d9
xmodelmesh,#hash_6694fc0186551f06
xmodelmesh,#hash_66ab8aa2a187fb74
xmodelmesh,#hash_66b120848a77df18
xmodelmesh,#hash_66c2db85b57225ea
xmodelmesh,#hash_66c4abcdf4262955
xmodelmesh,#hash_66d930289f77c3ba
xmodelmesh,#hash_66da9268dd54e735
xmodelmesh,#hash_66e60daf0d1e7fd2
xmodelmesh,#hash_66ec5d454b3db5ba
xmodelmesh,#hash_66eeb95039f0eb5c
xmodelmesh,#hash_66ef6510ee07fd71
xmodelmesh,#hash_66f5c8512380d73f
xmodelmesh,#hash_66f5f2cb0b40acc4
xmodelmesh,#hash_670308965ac42ab3
xmodelmesh,#hash_6712cd8c542b18ed
xmodelmesh,#hash_67133500c5814ae1
xmodelmesh,#hash_671a7d31a6108997
xmodelmesh,#hash_672267fbbe1d74ed
xmodelmesh,#hash_672569770a5f6b93
xmodelmesh,#hash_67267da191632144
xmodelmesh,#hash_672b52c2bff6fa71
xmodelmesh,#hash_67312b5717125d3e
xmodelmesh,#hash_6735bc286976f31d
xmodelmesh,#hash_673910f45aed0221
xmodelmesh,d#hash_673e40bf65870cda
xmodelmesh,#hash_6743d3af5b4970d9
xmodelmesh,#hash_674e37f9c9271eeb
xmodelmesh,#hash_674ed1efae444ac2
xmodelmesh,#hash_6757a9d1990e4ca3
xmodelmesh,#hash_675a53945d731978
xmodelmesh,#hash_675b1be9ca92ae14
xmodelmesh,#hash_6765e0a4904bd958
xmodelmesh,#hash_676de3490d94c645
xmodelmesh,#hash_676ebc0bfeb03527
xmodelmesh,#hash_676ef798d6cc6b30
xmodelmesh,#hash_67701d9b85f9157b
xmodelmesh,#hash_6770ff6fa51a42d7
xmodelmesh,d#hash_6771c11931cb5e20
xmodelmesh,#hash_6774229bfbc38532
xmodelmesh,d#hash_6785575090fd2828
xmodelmesh,#hash_6789065a35e69b78
xmodelmesh,#hash_678b0682da09f662
xmodelmesh,#hash_6791eea9b1d99c7d
xmodelmesh,#hash_679a1e6b48b66675
xmodelmesh,#hash_679d43e8a46666ee
xmodelmesh,#hash_67ac2e586b82367b
xmodelmesh,#hash_67ac43c1ae1e969a
xmodelmesh,#hash_67afa75823852756
xmodelmesh,#hash_67b9dcc949002461
xmodelmesh,d#hash_67bedadcc5ecb2ae
xmodelmesh,#hash_67d0b4e94d6bfd5c
xmodelmesh,#hash_67d2a72a9b275a5d
xmodelmesh,#hash_67de892b7b54e897
xmodelmesh,#hash_67e011d5315755d5
xmodelmesh,#hash_67e171481b4fe0a4
xmodelmesh,#hash_67e46ca752282869
xmodelmesh,#hash_67f06a0b102bc804
xmodelmesh,#hash_67f3f1508a795459
xmodelmesh,d#hash_67fa9c5da3c01b5e
xmodelmesh,#hash_67fc1a26c7898415
xmodelmesh,d#hash_6806ec27453afb09
xmodelmesh,#hash_680884e2e53bd981
xmodelmesh,d#hash_6815f30efb8c5b9b
xmodelmesh,#hash_68170daa936bfdce
xmodelmesh,#hash_6817c235c599515d
xmodelmesh,d#hash_681ef24d3d43e887
xmodelmesh,#hash_682180e36865945d
xmodelmesh,#hash_683009c01931e0d1
xmodelmesh,#hash_683308b23dbddf7e
xmodelmesh,#hash_6836bfbb9fd51caa
xmodelmesh,#hash_6838aef0c744d776
xmodelmesh,#hash_68392333ad4892a9
xmodelmesh,#hash_684938a057663490
xmodelmesh,#hash_6849ae0acd7a5ce8
xmodelmesh,#hash_684b11214307ff9a
xmodelmesh,#hash_684bc27f940f44c3
xmodelmesh,#hash_684c73baa3e3003e
xmodelmesh,#hash_68512d1809632b40
xmodelmesh,#hash_6855cc37fcfb9e87
xmodelmesh,#hash_68586b25201f762e
xmodelmesh,#hash_6862de3a256cbdaf
xmodelmesh,#hash_6863902145110ab1
xmodelmesh,#hash_68747f440a32994a
xmodelmesh,#hash_687d41385fdcee43
xmodelmesh,d#hash_688677726211cb4f
xmodelmesh,#hash_68870fd36c61bfb2
xmodelmesh,#hash_68890c943f5a048b
xmodelmesh,d#hash_688a23c39db4fe3a
xmodelmesh,#hash_688c4a66a7a94811
xmodelmesh,#hash_688fee09b11449fd
xmodelmesh,#hash_68932ed2921ca467
xmodelmesh,#hash_6894060a3efc9b5a
xmodelmesh,#hash_68951d753c2a4bdd
xmodelmesh,#hash_689bcbc562b5522c
xmodelmesh,#hash_689cb447c8449c79
xmodelmesh,#hash_689dc4b637cc851b
xmodelmesh,#hash_68a2bde7ec2e78d5
xmodelmesh,#hash_68a56b60088d54e3
xmodelmesh,#hash_68a794c117d46994
xmodelmesh,d#hash_68bf03591f1bd7be
xmodelmesh,#hash_68c5bd997862ae0b
xmodelmesh,#hash_68cb0f7ce223f560
xmodelmesh,#hash_68ce9396ea422503
xmodelmesh,#hash_68d22a5ca2ee8b8c
xmodelmesh,#hash_68d87aa0a2f768d9
xmodelmesh,#hash_68dad088d5c2c0c0
xmodelmesh,#hash_68f37c6fac250f49
xmodelmesh,#hash_68f7b897683cbe99
xmodelmesh,#hash_68f7cf29f80c6db7
xmodelmesh,#hash_68fe5971fdbb64ac
xmodelmesh,d#hash_69012a2f81a56f1c
xmodelmesh,#hash_6903d7b0369f9c43
xmodelmesh,#hash_6906cc6e9831bcd1
xmodelmesh,#hash_6909332da202611e
xmodelmesh,#hash_69198c9d957d7920
xmodelmesh,#hash_691b5de5b184beb3
xmodelmesh,d#hash_691c8a9e4c039b9d
xmodelmesh,#hash_6933c39b99aa3373
xmodelmesh,#hash_693412bbeeb8a84a
xmodelmesh,#hash_6934349d1fdaedf2
xmodelmesh,#hash_6938ac4df8ff29aa
xmodelmesh,#hash_6938e13f8a87adc7
xmodelmesh,#hash_6939e38fa0582c31
xmodelmesh,#hash_693ca39f924a77d5
xmodelmesh,#hash_6940e0fbeca62332
xmodelmesh,#hash_69452eadcfb9871a
xmodelmesh,#hash_6946ff9c2fcf7b07
xmodelmesh,#hash_695898c4f261fa9a
xmodelmesh,#hash_695f5691feb615fd
xmodelmesh,#hash_696080c9c6e849e6
xmodelmesh,d#hash_69683ff9ce4c06da
xmodelmesh,#hash_6969f6cd38df323f
xmodelmesh,#hash_696e29a0727a5e24
xmodelmesh,#hash_697632f7f6905da0
xmodelmesh,#hash_6977042070167f05
xmodelmesh,#hash_69865d055dbb5f89
xmodelmesh,#hash_698dcd97717d58c4
xmodelmesh,#hash_698dee595dca2b0a
xmodelmesh,#hash_699149c521e1b4be
xmodelmesh,d#hash_699de03fc7fb8c47
xmodelmesh,#hash_69a1bde4b7a40524
xmodelmesh,#hash_69a208ad4c31e0cb
xmodelmesh,#hash_69a52ad79817d706
xmodelmesh,#hash_69b061fe436620de
xmodelmesh,d#hash_69be78b39174b014
xmodelmesh,#hash_69bf035d0415e284
xmodelmesh,#hash_69c37bec87a1a4c4
xmodelmesh,#hash_69c3d0526d4efb1a
xmodelmesh,#hash_69ccb19a3edb1c30
xmodelmesh,#hash_69d22261761c1dac
xmodelmesh,#hash_69d41d7641bb0b56
xmodelmesh,#hash_69da9e232f32e637
xmodelmesh,#hash_69de4042a0131769
xmodelmesh,#hash_69e340295e330257
xmodelmesh,#hash_6a0527e49f5d1510
xmodelmesh,#hash_6a0f2e46def79a8e
xmodelmesh,#hash_6a11c9c5f7146665
xmodelmesh,#hash_6a145acff0b9efec
xmodelmesh,#hash_6a16ad141cbcc8fa
xmodelmesh,d#hash_6a1d18020803c32b
xmodelmesh,#hash_6a263ddacbdf8e1a
xmodelmesh,#hash_6a50fca2f939c521
xmodelmesh,#hash_6a55b3bd0e6c417e
xmodelmesh,#hash_6a58cf63b5ec6ea1
xmodelmesh,#hash_6a5ce3bb6f8a7a57
xmodelmesh,#hash_6a5d97f570e6fc24
xmodelmesh,#hash_6a658c3c7be7cde9
xmodelmesh,#hash_6a6da24dd2f3ea4c
xmodelmesh,#hash_6a73caf40ef5a68c
xmodelmesh,#hash_6a7d673925b1861f
xmodelmesh,#hash_6a7d6d4b1d132eb5
xmodelmesh,d#hash_6a7e30d6e5ed6768
xmodelmesh,#hash_6a81bbc4630436e6
xmodelmesh,#hash_6a890e190c602511
xmodelmesh,#hash_6a8d102da9a90c44
xmodelmesh,#hash_6aa0533c79e35f56
xmodelmesh,#hash_6aa324fdac032243
xmodelmesh,#hash_6aa9611beb96943a
xmodelmesh,d#hash_6aaa604c63355fc0
xmodelmesh,#hash_6ab04915b83e2fa8
xmodelmesh,#hash_6ab7f3a8d7c68960
xmodelmesh,#hash_6abb0c17de6a91f6
xmodelmesh,#hash_6abe74c27a18a76c
xmodelmesh,#hash_6ac18df6182ee522
xmodelmesh,#hash_6ac62e42ab473e39
xmodelmesh,#hash_6adda38df49bf3b6
xmodelmesh,d#hash_6adf6151e0cf0440
xmodelmesh,#hash_6ae0454f29a33f03
xmodelmesh,#hash_6ae1b9f63da4077a
xmodelmesh,#hash_6ae2123c7bd78f40
xmodelmesh,d#hash_6ae2e1f69a3e6ce8
xmodelmesh,#hash_6ae8021bbb126fdd
xmodelmesh,#hash_6aeb93049f2ce792
xmodelmesh,#hash_6aeee5c22ac71605
xmodelmesh,#hash_6aeeff16ea5fe637
xmodelmesh,#hash_6aef8f8a2cd04e91
xmodelmesh,#hash_6b01a27e25e56ff3
xmodelmesh,#hash_6b056c4c45c6c885
xmodelmesh,#hash_6b064b5137a06ecc
xmodelmesh,#hash_6b0e557ca7fa0208
xmodelmesh,#hash_6b0e7d35126b1efe
xmodelmesh,#hash_6b17321d34510615
xmodelmesh,#hash_6b1863f6df31b96a
xmodelmesh,#hash_6b1a0aa4f9e027d2
xmodelmesh,#hash_6b28ddba61871012
xmodelmesh,#hash_6b2c4888dd658ebf
xmodelmesh,#hash_6b313e7e594f7832
xmodelmesh,#hash_6b3250f914367e10
xmodelmesh,#hash_6b342b28680536a2
xmodelmesh,#hash_6b355b328297721e
xmodelmesh,#hash_6b3a94551ab1b559
xmodelmesh,#hash_6b3c3ff4fd94c0c0
xmodelmesh,#hash_6b4065d909ba9f0a
xmodelmesh,#hash_6b41d2c14acf18cb
xmodelmesh,#hash_6b46af915fcffd78
xmodelmesh,#hash_6b4a170125616354
xmodelmesh,#hash_6b50d48eb980ed7c
xmodelmesh,#hash_6b5a9872353acf64
xmodelmesh,#hash_6b6127638feecd29
xmodelmesh,#hash_6b6d97a027ed8acc
xmodelmesh,#hash_6b6ff7940a40ca24
xmodelmesh,#hash_6b719168391c217e
xmodelmesh,#hash_6b807abfae52ea9e
xmodelmesh,#hash_6b811c1fa16b0326
xmodelmesh,#hash_6b847231dd24c1ee
xmodelmesh,#hash_6b878c9e0e6628d0
xmodelmesh,#hash_6b8cd0db28c78c00
xmodelmesh,#hash_6b8e2a0b5e8207d9
xmodelmesh,#hash_6b912b633ccbefef
xmodelmesh,#hash_6b930c81d4bdc82a
xmodelmesh,#hash_6b9d92cab9037d8d
xmodelmesh,#hash_6ba223c261adaad7
xmodelmesh,#hash_6babd3b8d6f8df18
xmodelmesh,#hash_6bb96eb76f241b5f
xmodelmesh,#hash_6bc13c8298de43a7
xmodelmesh,#hash_6bc829268c23e8d6
xmodelmesh,#hash_6bcd10c8bf9be6b3
xmodelmesh,#hash_6bd453ae50e3bb3e
xmodelmesh,#hash_6bd494a33948c9f5
xmodelmesh,#hash_6bd9c52360832587
xmodelmesh,#hash_6bda19e7b3eb9208
xmodelmesh,#hash_6bdc0d5ee00cebcc
xmodelmesh,#hash_6be73516bb7335d4
xmodelmesh,#hash_6beaa9ebeefc9186
xmodelmesh,#hash_6beac5b95f54be16
xmodelmesh,#hash_6beea78c173a52e6
xmodelmesh,#hash_6bf182030b15f9b0
xmodelmesh,d#hash_6bf59f12701fa33f
xmodelmesh,d#hash_6bf7a6dda37995fc
xmodelmesh,#hash_6bfecc66fe436772
xmodelmesh,#hash_6c0b705bc6dbb9af
xmodelmesh,#hash_6c0e60dfb64b62d6
xmodelmesh,#hash_6c11fc4be587f8c8
xmodelmesh,#hash_6c1463d6f6660e4a
xmodelmesh,d#hash_6c15506f8f2a618a
xmodelmesh,#hash_6c1572017d480d43
xmodelmesh,#hash_6c1b37e2ad60cce6
xmodelmesh,#hash_6c217a95abbaf305
xmodelmesh,#hash_6c22c3489c8e2624
xmodelmesh,#hash_6c25a966d431d5d3
xmodelmesh,#hash_6c2cb81a7331afc4
xmodelmesh,#hash_6c2fb0f586280864
xmodelmesh,#hash_6c30670b913eed0d
xmodelmesh,#hash_6c3417280d779928
xmodelmesh,#hash_6c351812c78b48ed
xmodelmesh,#hash_6c374c26ffa83905
xmodelmesh,#hash_6c4a2eb573acefe5
xmodelmesh,#hash_6c50d6071608ce6a
xmodelmesh,#hash_6c610159745e3ec2
xmodelmesh,#hash_6c61b48411e59561
xmodelmesh,d#hash_6c6e1afe12aee846
xmodelmesh,d#hash_6c8122137053884c
xmodelmesh,#hash_6c885c3e7b7df582
xmodelmesh,#hash_6c8bbd6df259650d
xmodelmesh,#hash_6c8de668d36775d9
xmodelmesh,#hash_6c94b7e66ba310c6
xmodelmesh,#hash_6c954b41e63d61c8
xmodelmesh,#hash_6ca7bc9a84569eb0
xmodelmesh,#hash_6cab1787de8733e8
xmodelmesh,#hash_6cad046ab4587d8c
xmodelmesh,#hash_6cad11d27f0b6950
xmodelmesh,#hash_6cb6b495fb87d30c
xmodelmesh,#hash_6cbcdc67edfbf36e
xmodelmesh,#hash_6cbd3e0f5fb8d8a1
xmodelmesh,#hash_6cc35d0edc9e1ed2
xmodelmesh,#hash_6cc90138fee20604
xmodelmesh,#hash_6cca52417d4c6206
xmodelmesh,#hash_6ccf9df91c4d5e2c
xmodelmesh,#hash_6cd678f0a4881b28
xmodelmesh,#hash_6cd8f3bd08329f37
xmodelmesh,#hash_6ce78ce1e30f1e8a
xmodelmesh,#hash_6ce7d939f39d4701
xmodelmesh,#hash_6ce7e75c93c804df
xmodelmesh,#hash_6cf5205774f116d2
xmodelmesh,d#hash_6d01774d610acfae
xmodelmesh,#hash_6d0c2e419ad3a092
xmodelmesh,#hash_6d0e78a76795d5f2
xmodelmesh,#hash_6d38ce4c6da53114
xmodelmesh,#hash_6d3bf1f6df2419f4
xmodelmesh,#hash_6d3d67bb4cacd132
xmodelmesh,#hash_6d57360081bd21af
xmodelmesh,#hash_6d5b561dae9098a2
xmodelmesh,#hash_6d5e723b4cadf647
xmodelmesh,#hash_6d5eaae91af971d6
xmodelmesh,#hash_6d61cd503a8fc2ce
xmodelmesh,#hash_6d6540174869ebaa
xmodelmesh,#hash_6d6f78cfc92cb779
xmodelmesh,#hash_6d735868f5d1b336
xmodelmesh,#hash_6d75ece91a8dde44
xmodelmesh,#hash_6d81c9f9717a7aa0
xmodelmesh,#hash_6d9146677bb97f54
xmodelmesh,#hash_6d95a68a152a8b72
xmodelmesh,#hash_6dae1c497efdb5fe
xmodelmesh,#hash_6db13be247851238
xmodelmesh,#hash_6db67f10170f806e
xmodelmesh,#hash_6dbb0b04a6a2acb0
xmodelmesh,#hash_6dbd887b8d3fed46
xmodelmesh,#hash_6dc11b15a55c6521
xmodelmesh,#hash_6dcc750b0af3ef55
xmodelmesh,#hash_6dd5c3e23b1c46d1
xmodelmesh,#hash_6de367ed7424cfa7
xmodelmesh,#hash_6de49f01ff1b8731
xmodelmesh,#hash_6de66ccf7d4f8f65
xmodelmesh,#hash_6debbcb6f190efb4
xmodelmesh,#hash_6def43957acf6190
xmodelmesh,#hash_6df82859dc22a2b9
xmodelmesh,#hash_6df8560951c17be4
xmodelmesh,#hash_6dfa1a82dde6d6e7
xmodelmesh,#hash_6dfdca678cb27418
xmodelmesh,#hash_6e00fbb22a36c690
xmodelmesh,#hash_6e08a3bdc17cdef1
xmodelmesh,#hash_6e1d050b8e9c1271
xmodelmesh,#hash_6e1d0d518846cba0
xmodelmesh,d#hash_6e2d4e05420f936d
xmodelmesh,#hash_6e2e3db468330df9
xmodelmesh,#hash_6e2fea09f5ba048d
xmodelmesh,#hash_6e36b4c28f26e051
xmodelmesh,d#hash_6e3fa7c25ed3c5e0
xmodelmesh,#hash_6e43f09015906525
xmodelmesh,#hash_6e4819595827330c
xmodelmesh,#hash_6e481f259946bd3b
xmodelmesh,#hash_6e489d6b4aa7bf3d
xmodelmesh,#hash_6e48aa709d8ae625
xmodelmesh,#hash_6e54cc83db73e2cd
xmodelmesh,#hash_6e5b20431a30c8ab
xmodelmesh,#hash_6e63e5d98e8e2443
xmodelmesh,#hash_6e66c12520531642
xmodelmesh,#hash_6e692ab3782d0790
xmodelmesh,#hash_6e7399d5c41e0b59
xmodelmesh,#hash_6e8174d90528eabb
xmodelmesh,#hash_6e8a0634a1b792c7
xmodelmesh,#hash_6e93fa62bff4d966
xmodelmesh,#hash_6e998f4a2f3f59f2
xmodelmesh,#hash_6e9bf982a72fe0a2
xmodelmesh,#hash_6ea41540bbcff051
xmodelmesh,#hash_6eae5fb90382499c
xmodelmesh,#hash_6eb1237517e1dbe0
xmodelmesh,#hash_6ebe84a6ac48c883
xmodelmesh,#hash_6ebf8bb94b101c01
xmodelmesh,#hash_6ec0b86889454da7
xmodelmesh,#hash_6ec4451da21d01ff
xmodelmesh,d#hash_6ec85ff5d3962eda
xmodelmesh,#hash_6ece4250ee4f0f50
xmodelmesh,#hash_6ecff175e823630c
xmodelmesh,#hash_6ed30e8243afcb28
xmodelmesh,#hash_6ed7b668af8e3e77
xmodelmesh,#hash_6eda51a57942a5c2
xmodelmesh,d#hash_6edc06ff701ef0d8
xmodelmesh,#hash_6ee41fc0bc9968b2
xmodelmesh,#hash_6ee978a68e51760b
xmodelmesh,#hash_6eea01aed7c62c5c
xmodelmesh,#hash_6ef1c5f18dceb7b4
xmodelmesh,#hash_6f08ae4823dd6059
xmodelmesh,#hash_6f105f4cfe9619fd
xmodelmesh,#hash_6f1a8873cf946aec
xmodelmesh,#hash_6f1e642fdefcfb86
xmodelmesh,#hash_6f20aeabd7ef56d9
xmodelmesh,#hash_6f2265db126bfc55
xmodelmesh,#hash_6f2dc249ef0f42d6
xmodelmesh,#hash_6f2dea417438b43b
xmodelmesh,#hash_6f3095b86dc16616
xmodelmesh,#hash_6f32343ed32ce769
xmodelmesh,#hash_6f33d2c9388f1555
xmodelmesh,#hash_6f33eb763cfbfcc2
xmodelmesh,#hash_6f3bf3b23bfa8d6c
xmodelmesh,#hash_6f4196a56ad62db3
xmodelmesh,#hash_6f4709259f339905
xmodelmesh,#hash_6f4ef1c3899a73bb
xmodelmesh,#hash_6f50f6f4ea64216b
xmodelmesh,d#hash_6f51897b29a9173a
xmodelmesh,#hash_6f5c094e9dcc1f39
xmodelmesh,#hash_6f5cbde16cdd6a87
xmodelmesh,#hash_6f5cd5019739a69c
xmodelmesh,#hash_6f6689bc33d392af
xmodelmesh,#hash_6f67f895b626b03e
xmodelmesh,#hash_6f6cc3d72974e92f
xmodelmesh,#hash_6f83337dd528550f
xmodelmesh,#hash_6f848f3b9df838ff
xmodelmesh,#hash_6f8c10594e45f113
xmodelmesh,#hash_6f93da90e634119d
xmodelmesh,d#hash_6f96f8148f302c91
xmodelmesh,#hash_6f9a5601f8981af2
xmodelmesh,d#hash_6faa157a8ada96c4
xmodelmesh,#hash_6fac91ff28c17072
xmodelmesh,d#hash_6fb148097d8c5782
xmodelmesh,#hash_6fb6bde467acfa74
xmodelmesh,#hash_6fc3d92a92b8e8d1
xmodelmesh,#hash_6fc836ed54aa9ce5
xmodelmesh,#hash_6fc88d9298744abb
xmodelmesh,#hash_6fd3ba937ff247d5
xmodelmesh,#hash_6fd6e0d68904be39
xmodelmesh,#hash_6fe263565ac09325
xmodelmesh,#hash_6fe50735e3958c20
xmodelmesh,#hash_6fec07f9ca51082d
xmodelmesh,#hash_6fec52100a530bec
xmodelmesh,#hash_6fef608f7ca2f2f7
xmodelmesh,#hash_6ff901bdd1a8c58e
xmodelmesh,#hash_6fff6a33845288db
xmodelmesh,#hash_7002b521a23e65e9
xmodelmesh,#hash_70098c516c66b482
xmodelmesh,#hash_700be788f1f86b96
xmodelmesh,#hash_700c845840c7539d
xmodelmesh,d#hash_70272917610aaec3
xmodelmesh,#hash_7031d58559d8a776
xmodelmesh,#hash_703db25402824d7a
xmodelmesh,#hash_7046ac6a43144820
xmodelmesh,#hash_704ed96b0fab7548
xmodelmesh,#hash_705a3ec647bd8f2f
xmodelmesh,#hash_705c5616f4ea0f20
xmodelmesh,#hash_705cf3acc30f105f
xmodelmesh,#hash_70614404060feb3c
xmodelmesh,#hash_70641f2c85ed07b1
xmodelmesh,#hash_70647fad9475e947
xmodelmesh,#hash_7067110ae7684da6
xmodelmesh,#hash_70676a3465499338
xmodelmesh,#hash_706b91c7c756b72b
xmodelmesh,#hash_706ff20c65bd0b28
xmodelmesh,#hash_7070998297cdbe6a
xmodelmesh,#hash_707193a72b5dcd68
xmodelmesh,#hash_70768e490321ede8
xmodelmesh,#hash_70835652236dc44f
xmodelmesh,#hash_7090af837bbe52b6
xmodelmesh,#hash_709479da194dd521
xmodelmesh,#hash_709c1daa406c5f59
xmodelmesh,#hash_709ebc558b631fb0
xmodelmesh,#hash_70a7f55c6bc675df
xmodelmesh,#hash_70a9dfb2a7c42bf7
xmodelmesh,#hash_70ac4216357f42ab
xmodelmesh,#hash_70ace0180051dc30
xmodelmesh,#hash_70ad67dd4ab5f439
xmodelmesh,#hash_70b0805366827d2e
xmodelmesh,#hash_70b179bc5d4b8692
xmodelmesh,#hash_70b97b119cda2554
xmodelmesh,#hash_70baf71f1509f0f8
xmodelmesh,#hash_70ce10441f1bed81
xmodelmesh,#hash_70cf0258af9d0ad9
xmodelmesh,#hash_70dbe69f8638d6c0
xmodelmesh,d#hash_70dd0f6785257483
xmodelmesh,#hash_70dd754e44fc898a
xmodelmesh,#hash_70e85458484309eb
xmodelmesh,#hash_70f2a2e19a0e6627
xmodelmesh,#hash_70f585b298a682de
xmodelmesh,#hash_71041c514ac2a9af
xmodelmesh,d#hash_710b6b5c865d4cc4
xmodelmesh,#hash_710cf95c1e9d4c02
xmodelmesh,d#hash_710f9b6762ea947d
xmodelmesh,#hash_710fb4f463522805
xmodelmesh,#hash_71178d716de2a68f
xmodelmesh,#hash_7117ef6754933736
xmodelmesh,#hash_71219445724e68cf
xmodelmesh,#hash_71247204ec35ae69
xmodelmesh,#hash_712812368e883dc6
xmodelmesh,d#hash_712abf21129a4afc
xmodelmesh,#hash_712d4f00b2d60c3c
xmodelmesh,#hash_7144fcd426a96e01
xmodelmesh,#hash_714a7cb850e72065
xmodelmesh,#hash_714fb6373f23ea03
xmodelmesh,#hash_7165bd143d08262c
xmodelmesh,#hash_7169daf037957edc
xmodelmesh,#hash_716f3180e7fd8ae9
xmodelmesh,#hash_7170257f2044d6d4
xmodelmesh,#hash_7170e9e879b56b08
xmodelmesh,#hash_718804da7494331c
xmodelmesh,#hash_718e8b00f340a5da
xmodelmesh,#hash_718f05ddd59d1f7f
xmodelmesh,#hash_7191be15fb510b29
xmodelmesh,#hash_719e49d7233db78d
xmodelmesh,#hash_71ab6b22c2a11a7d
xmodelmesh,#hash_71b0978476b9ae7f
xmodelmesh,#hash_71b35904c8a8708a
xmodelmesh,#hash_71b7e7c0c447a4be
xmodelmesh,#hash_71be2b22d003e3fd
xmodelmesh,#hash_71c2187941275a15
xmodelmesh,#hash_71c659bf0ba66dd5
xmodelmesh,#hash_71c82fd83993da67
xmodelmesh,d#hash_71c94e8991d59480
xmodelmesh,#hash_71d146d8744bd0c5
xmodelmesh,#hash_71de3a70fd59bc87
xmodelmesh,#hash_71de6d20f61f9d86
xmodelmesh,#hash_71e2ade10c0d9f77
xmodelmesh,#hash_71ed9eb17bca1f12
xmodelmesh,#hash_71fa69f7c8d33fe8
xmodelmesh,#hash_71fbfad7b1b466d8
xmodelmesh,#hash_71fe813d7b7a113a
xmodelmesh,#hash_72046352e0ee91d7
xmodelmesh,#hash_7209582a7129cd9f
xmodelmesh,d#hash_720af33693db16b1
xmodelmesh,#hash_72117beb8caf005e
xmodelmesh,#hash_721208101f335d22
xmodelmesh,#hash_721c704e5fa92dab
xmodelmesh,#hash_7226af97d5443de4
xmodelmesh,#hash_7234013209229c3a
xmodelmesh,#hash_723bf5b88a96a514
xmodelmesh,#hash_72431b08a08c314d
xmodelmesh,#hash_724512b5ccfba16e
xmodelmesh,#hash_72511c44880fb5b2
xmodelmesh,#hash_7254629a7153da38
xmodelmesh,#hash_725cb87341946b4c
xmodelmesh,#hash_726eb2fe4b25c3f3
xmodelmesh,#hash_7275f49bae2c6288
xmodelmesh,#hash_727749774a3a41c5
xmodelmesh,#hash_7278bde70b3e4af3
xmodelmesh,#hash_727e39d9087bd205
xmodelmesh,#hash_728dd01c84d74f84
xmodelmesh,d#hash_728e29f7b1ded17c
xmodelmesh,#hash_72933834faad8d14
xmodelmesh,#hash_7293d2617f1889c0
xmodelmesh,#hash_729c1bdf2b54cbba
xmodelmesh,#hash_72a472e06be2776c
xmodelmesh,d#hash_72b85e1742da1e66
xmodelmesh,d#hash_72b9c2ab3dfbca70
xmodelmesh,#hash_72b9f1c624f1be3b
xmodelmesh,d#hash_72c212cf660f7054
xmodelmesh,#hash_72c91d6157b60f85
xmodelmesh,d#hash_72dfed416da0d93e
xmodelmesh,#hash_72e7916e99bf3d6a
xmodelmesh,#hash_72ec4dca64e9482c
xmodelmesh,#hash_72ed8a5faa26d965
xmodelmesh,#hash_72ee9543c2ec8888
xmodelmesh,#hash_72f08c31ce3ab1eb
xmodelmesh,d#hash_72f2397f1ea0eb19
xmodelmesh,#hash_72f2c14402705c91
xmodelmesh,#hash_72f2c18e0669fee6
xmodelmesh,#hash_72f6d00526285a0b
xmodelmesh,#hash_72f8a18ce080c22d
xmodelmesh,#hash_72fdff24526ad5eb
xmodelmesh,#hash_730ad79d9c1f5f48
xmodelmesh,#hash_730f0e27af8c6e86
xmodelmesh,#hash_7311a50430f707f2
xmodelmesh,#hash_731585a9938f4fa8
xmodelmesh,#hash_7318097d0eb8930e
xmodelmesh,#hash_732a1deda58c8370
xmodelmesh,#hash_73440889c4976b39
xmodelmesh,#hash_735b3dfeb4ff693d
xmodelmesh,#hash_735b839b33cead9d
xmodelmesh,d#hash_735fb996ccd5c08b
xmodelmesh,#hash_736178605a83bc64
xmodelmesh,#hash_736b7c9cbbf3bb3a
xmodelmesh,#hash_736c279d40367665
xmodelmesh,#hash_7375f54b0d926481
xmodelmesh,#hash_738592923eb9fb8d
xmodelmesh,#hash_73999e154039713e
xmodelmesh,#hash_73a554761f91fe37
xmodelmesh,#hash_73a565955df83d61
xmodelmesh,d#hash_73a5f99595b42383
xmodelmesh,#hash_73a751884b3bd2ed
xmodelmesh,#hash_73a81b574920c2d1
xmodelmesh,d#hash_73af197ffff20d35
xmodelmesh,#hash_73b42dff1516d654
xmodelmesh,#hash_73b789f824a036af
xmodelmesh,#hash_73b8cb64705078d3
xmodelmesh,d#hash_73be1861135baa8f
xmodelmesh,#hash_73c74036a22b7284
xmodelmesh,#hash_73c76d3c0e046970
xmodelmesh,#hash_73e194b10e8fae55
xmodelmesh,#hash_73e3b574189371be
xmodelmesh,#hash_73e7bf825726e960
xmodelmesh,#hash_73ed6eb907e864d3
xmodelmesh,#hash_73fdb5dd5b3e15c5
xmodelmesh,#hash_74046c27ab7d58cc
xmodelmesh,#hash_740ae09f2741d8bb
xmodelmesh,#hash_740d9094caa4a323
xmodelmesh,d#hash_74127b5993c53429
xmodelmesh,#hash_742cd4985fe36d67
xmodelmesh,#hash_742fab3cb93f235f
xmodelmesh,d#hash_743333cfd690e1b0
xmodelmesh,#hash_74341f801d7af854
xmodelmesh,#hash_7436eeef5914225c
xmodelmesh,#hash_743ec16a85928690
xmodelmesh,#hash_744ba36598722a0d
xmodelmesh,#hash_744c3c54ccbe55d9
xmodelmesh,#hash_7450c9dba7cdfa79
xmodelmesh,#hash_74528227f6b804b1
xmodelmesh,#hash_745591d7671d5ab2
xmodelmesh,#hash_745e81d913d6951a
xmodelmesh,#hash_745ece8b83f175b7
xmodelmesh,d#hash_7466bf313ff833c4
xmodelmesh,d#hash_7475985480b9f740
xmodelmesh,#hash_747b7f2973f88458
xmodelmesh,#hash_74863ff3f811b3f1
xmodelmesh,d#hash_748af3082afb1159
xmodelmesh,#hash_7494bbd957da5d2f
xmodelmesh,#hash_74a185e9423e25b9
xmodelmesh,#hash_74a412b14040a0aa
xmodelmesh,#hash_74a78567e1c99661
xmodelmesh,#hash_74a8e9883acefc18
xmodelmesh,#hash_74aae62f9f1dc0ea
xmodelmesh,#hash_74b24fb7979fb81a
xmodelmesh,#hash_74c3bc2da65a5d80
xmodelmesh,#hash_74c6635f8909653f
xmodelmesh,#hash_74d0f244ca23c5ad
xmodelmesh,d#hash_74d1202a5d99d73e
xmodelmesh,#hash_74e6894367f44e5a
xmodelmesh,d#hash_74e8c7e1086be356
xmodelmesh,#hash_74f25f18629fe525
xmodelmesh,#hash_74f9493eb7a87102
xmodelmesh,d#hash_74fcfe3da052e7c6
xmodelmesh,#hash_75016118c8252bb0
xmodelmesh,#hash_750e2e9073edd757
xmodelmesh,#hash_7510953ac420cfaf
xmodelmesh,#hash_75145a1f3064c145
xmodelmesh,#hash_7516002adaed0d4d
xmodelmesh,#hash_7516887239f56ad3
xmodelmesh,d#hash_7523f5470a577ff2
xmodelmesh,#hash_7525bddf2dade97e
xmodelmesh,#hash_7534c5ac541061de
xmodelmesh,#hash_7537533fe3509230
xmodelmesh,#hash_754643cf90765719
xmodelmesh,#hash_754d61caf6665fc7
xmodelmesh,#hash_75607f5cf9590346
xmodelmesh,#hash_75698f77cea2b3ad
xmodelmesh,#hash_756f1d89f7ebca3a
xmodelmesh,#hash_7572c4c1f7e798ea
xmodelmesh,#hash_757ad0da523aecf4
xmodelmesh,#hash_758a705f4edcfefa
xmodelmesh,#hash_758fed9f47922367
xmodelmesh,#hash_75a19cc8b4b0e1da
xmodelmesh,#hash_75afc9881593d241
xmodelmesh,#hash_75b213480a47ef1e
xmodelmesh,#hash_75b5dad42f75090c
xmodelmesh,#hash_75b60df034fc3d9a
xmodelmesh,#hash_75d782fabbf59477
xmodelmesh,#hash_75f43d32f1bc4571
xmodelmesh,#hash_7600d98c44d38af3
xmodelmesh,#hash_76010a2de72ea6c3
xmodelmesh,#hash_7609c6fc19f34890
xmodelmesh,#hash_760ca89b5f7c2b6f
xmodelmesh,#hash_7610863b36881019
xmodelmesh,#hash_76134dadd2645734
xmodelmesh,#hash_7614a22af86ea34d
xmodelmesh,d#hash_76193896d2e36db0
xmodelmesh,d#hash_761a4b5d4132acc4
xmodelmesh,#hash_761e9868e6892087
xmodelmesh,#hash_762125f6df1855a1
xmodelmesh,#hash_762a236c3d138689
xmodelmesh,#hash_762eed92f7eecf09
xmodelmesh,#hash_7633d9cae6df6ffb
xmodelmesh,#hash_7634321b69ae0457
xmodelmesh,#hash_76364fe9235802a7
xmodelmesh,#hash_76471828e1332eab
xmodelmesh,#hash_7656db9330116b77
xmodelmesh,#hash_7657eeae3fca47cc
xmodelmesh,#hash_765b6053e13bddca
xmodelmesh,#hash_7660e48720410347
xmodelmesh,#hash_76680731efcd25d6
xmodelmesh,#hash_767847f4da253892
xmodelmesh,#hash_767fbd449bf79c01
xmodelmesh,#hash_76817b4666855c15
xmodelmesh,d#hash_768b980dab9e9d3d
xmodelmesh,#hash_768fac7cce9b1232
xmodelmesh,#hash_76ac08216ec2720e
xmodelmesh,#hash_76b9af4dbbe76874
xmodelmesh,d#hash_76bd397d28d21697
xmodelmesh,#hash_76bf2f6a13085cce
xmodelmesh,#hash_76c050c5dd53da22
xmodelmesh,#hash_76c74ab5f6468f41
xmodelmesh,#hash_76d0b6756be37a01
xmodelmesh,#hash_76d319da9eaef21d
xmodelmesh,#hash_76d45da7dd9d6022
xmodelmesh,#hash_76d806679ec75319
xmodelmesh,#hash_76d993fa0edd96b4
xmodelmesh,#hash_76dabfb3648ceffc
xmodelmesh,#hash_76dc7e2fcc203e70
xmodelmesh,#hash_76ecf2fc858e9148
xmodelmesh,#hash_76fcbedabc33afb9
xmodelmesh,#hash_76fe9650a71ba3b0
xmodelmesh,#hash_7703afa060afd88d
xmodelmesh,#hash_77097fcd86dc5509
xmodelmesh,#hash_770fb9f83aa15109
xmodelmesh,#hash_7710600fcabc6023
xmodelmesh,#hash_7710f1272405c144
xmodelmesh,#hash_7717b9654b0f6f97
xmodelmesh,#hash_7717dfcd004961fc
xmodelmesh,#hash_7718d74421507c88
xmodelmesh,d#hash_77213dec05bb7e96
xmodelmesh,#hash_77250c89dbf3bbcb
xmodelmesh,#hash_77306d1cbf0ca6d9
xmodelmesh,#hash_7735db3745941780
xmodelmesh,#hash_77402597fb97a040
xmodelmesh,#hash_7742f88e780b4455
xmodelmesh,#hash_774f28adc20b94f7
xmodelmesh,#hash_775101a8edd429dd
xmodelmesh,#hash_7757221c962e1c52
xmodelmesh,#hash_77588e64d73d359c
xmodelmesh,#hash_775eb0688b25846d
xmodelmesh,#hash_775f352e3c3a8895
xmodelmesh,d#hash_77606f1bc46f8a3f
xmodelmesh,#hash_77618a23215cc342
xmodelmesh,#hash_777059a0f2dc6ae9
xmodelmesh,#hash_7779e5725a195cbf
xmodelmesh,#hash_777ca55651a7c062
xmodelmesh,#hash_7785d4cb18b4317a
xmodelmesh,#hash_7788e33685c17665
xmodelmesh,d#hash_778cb58af77d8d84
xmodelmesh,#hash_77971ee043137c06
xmodelmesh,d#hash_779d88e4ff535341
xmodelmesh,#hash_77a0b4f31b2fdba5
xmodelmesh,#hash_77a11ed6faeee2c4
xmodelmesh,#hash_77a17c4c38d3d152
xmodelmesh,#hash_77adae068e0c778f
xmodelmesh,#hash_77afba357010bf5d
xmodelmesh,#hash_77c1a9617bc3898e
xmodelmesh,#hash_77d21d0e3ca4fd34
xmodelmesh,#hash_77d260b5576809a8
xmodelmesh,#hash_77dda8c33aaaf2be
xmodelmesh,#hash_77eabb35f4336f97
xmodelmesh,#hash_77f8ace08e7d172c
xmodelmesh,#hash_7800cab0ccdb62f2
xmodelmesh,d#hash_780bb5d7ba7295d3
xmodelmesh,#hash_780ebcd72a10c893
xmodelmesh,#hash_781ae9d73107eaaa
xmodelmesh,#hash_781e45ea7765889f
xmodelmesh,#hash_78279133b95990a5
xmodelmesh,#hash_782b33d72ff5d757
xmodelmesh,#hash_782bee4e06313d83
xmodelmesh,d#hash_783868af6533685e
xmodelmesh,#hash_783ed96b66458305
xmodelmesh,#hash_7845b1257a24fd2f
xmodelmesh,#hash_7866dd4e792b9b06
xmodelmesh,d#hash_786e634c06e4d02b
xmodelmesh,#hash_787113d1cf774a97
xmodelmesh,#hash_7878d27a680f01f3
xmodelmesh,#hash_787bf545572c207d
xmodelmesh,#hash_78808e5902c2d8fd
xmodelmesh,d#hash_78908dc6b9666e78
xmodelmesh,#hash_78933f6d055599b6
xmodelmesh,#hash_78a72fee6fbde358
xmodelmesh,#hash_78b0952abe7aaad2
xmodelmesh,#hash_78b1fa036fc1a778
xmodelmesh,#hash_78bf4a8168e5f3fa
xmodelmesh,#hash_78c26c15e8988f25
xmodelmesh,#hash_78c5d58b259c9356
xmodelmesh,#hash_78d1b47842733b8f
xmodelmesh,#hash_78d597c6552cce74
xmodelmesh,#hash_78dc04283b4a7030
xmodelmesh,#hash_78e0546ef76f10d4
xmodelmesh,#hash_78f100e1aac6de37
xmodelmesh,#hash_78fcd374057636d9
xmodelmesh,#hash_791793617a40a3a7
xmodelmesh,#hash_7917a1116b56a7e0
xmodelmesh,#hash_792126331ab788e5
xmodelmesh,#hash_7924a355b7c53bcd
xmodelmesh,#hash_79283866780a15e0
xmodelmesh,#hash_7928fdee46f2c987
xmodelmesh,#hash_792d5b7812a5baaf
xmodelmesh,#hash_792fe5af015d579f
xmodelmesh,#hash_793378f20ab826b6
xmodelmesh,#hash_7937bed7546bf17a
xmodelmesh,#hash_793c6a261ef4d854
xmodelmesh,#hash_7942898c80c21887
xmodelmesh,#hash_794562ca7bf4147e
xmodelmesh,d#hash_794a0deadaf700d5
xmodelmesh,#hash_7951211f7fa5792b
xmodelmesh,#hash_795a68213144bf13
xmodelmesh,#hash_7961c53261b85479
xmodelmesh,#hash_7977141f951302c5
xmodelmesh,#hash_797aa03a2420ce5d
xmodelmesh,#hash_7980ca3cceb64664
xmodelmesh,#hash_798133b52ae0201f
xmodelmesh,#hash_798a5fcf87e49575
xmodelmesh,#hash_7992b37d78af51a7
xmodelmesh,#hash_79a4b363b58ebc6e
xmodelmesh,#hash_79aee528e8cdf89f
xmodelmesh,#hash_79b0baaab521a140
xmodelmesh,d#hash_79b2cd90284f3688
xmodelmesh,#hash_79b3d44b30ef40d7
xmodelmesh,d#hash_79bd571f8221495a
xmodelmesh,#hash_79c08f70f5e56dbb
xmodelmesh,#hash_79c2608fb30bfc55
xmodelmesh,#hash_79c76620d2f6a25c
xmodelmesh,#hash_79e2b6e914233446
xmodelmesh,#hash_79e3eea19704e9f1
xmodelmesh,#hash_79eae614e06dd5e0
xmodelmesh,#hash_79f335c66e84b6dd
xmodelmesh,#hash_79f5da8dc6b1fb54
xmodelmesh,#hash_79fb51c56179a01a
xmodelmesh,#hash_7a04490d589e893a
xmodelmesh,#hash_7a05a15d6a65caeb
xmodelmesh,#hash_7a06d78180750291
xmodelmesh,#hash_7a079496e576cf6d
xmodelmesh,#hash_7a0e99863f86fe74
xmodelmesh,#hash_7a1012345c5d679a
xmodelmesh,#hash_7a161b6992dfcb38
xmodelmesh,#hash_7a1ad81687d5b353
xmodelmesh,#hash_7a239ba6830b2a5d
xmodelmesh,#hash_7a284cf75bf3f97e
xmodelmesh,#hash_7a2c61e331a86f1a
xmodelmesh,#hash_7a361579d06d3f5d
xmodelmesh,#hash_7a38119fc51ed296
xmodelmesh,#hash_7a39d3b9a8f3f8ad
xmodelmesh,#hash_7a3e49b3075e6a81
xmodelmesh,#hash_7a3f604129c1f633
xmodelmesh,#hash_7a413d228169c945
xmodelmesh,#hash_7a590d3b6d771c16
xmodelmesh,#hash_7a5c55ceefbbf2e9
xmodelmesh,#hash_7a60116397f37081
xmodelmesh,#hash_7a64f5667ab1b095
xmodelmesh,#hash_7a6f1a145ed0ea03
xmodelmesh,#hash_7a759807ee264813
xmodelmesh,#hash_7a817fc990cbf1df
xmodelmesh,#hash_7a822814f3dc14bf
xmodelmesh,#hash_7a898e049a0284bd
xmodelmesh,d#hash_7a949d8e1592cea4
xmodelmesh,#hash_7a9c0d48297f7534
xmodelmesh,#hash_7a9fdd1d5e1c1e62
xmodelmesh,#hash_7aa1b7052c20f868
xmodelmesh,#hash_7aa22ccb6feec5a0
xmodelmesh,#hash_7aa4e9dc1983d6fd
xmodelmesh,#hash_7aa5e2593ca2efec
xmodelmesh,#hash_7ab1fb062bd427bb
xmodelmesh,d#hash_7ab329e7d4c50cc2
xmodelmesh,#hash_7ab5ea8d2fd0f53e
xmodelmesh,#hash_7abfee2f8d5379be
xmodelmesh,#hash_7ac02b0bb6cf2ca0
xmodelmesh,#hash_7ac5a7d161d8b8e4
xmodelmesh,#hash_7ac6fb19eed88089
xmodelmesh,#hash_7ac9584b53f181e7
xmodelmesh,#hash_7acb683c3ffcd6ad
xmodelmesh,#hash_7acb8141735dff39
xmodelmesh,#hash_7ad7f38cd8c921f3
xmodelmesh,#hash_7ae5c35935d25022
xmodelmesh,#hash_7ae94424c378c814
xmodelmesh,#hash_7aea0690f31532b3
xmodelmesh,#hash_7aea587a54cfe75c
xmodelmesh,#hash_7af0af990c1016fd
xmodelmesh,d#hash_7af5ab671d6b3e85
xmodelmesh,#hash_7b028f1136b34ed8
xmodelmesh,#hash_7b0708e39f4efff3
xmodelmesh,#hash_7b0be644d364fd14
xmodelmesh,#hash_7b1041ffc9e3fdaf
xmodelmesh,#hash_7b1c1fad0cb5f204
xmodelmesh,#hash_7b1ce37ffc5f8958
xmodelmesh,#hash_7b1fd3745acc8fb5
xmodelmesh,#hash_7b23e17cc846e074
xmodelmesh,#hash_7b2e96f060c668fe
xmodelmesh,#hash_7b322c50addbe6ea
xmodelmesh,#hash_7b33193b0952d430
xmodelmesh,#hash_7b56bcd09592fed1
xmodelmesh,#hash_7b5bd9f0990a8744
xmodelmesh,#hash_7b5df16007fd244b
xmodelmesh,#hash_7b604db00fac8415
xmodelmesh,#hash_7b62ea7ffe2b13c1
xmodelmesh,#hash_7b68b99cc24df9f1
xmodelmesh,#hash_7b6ad7bafc106d30
xmodelmesh,#hash_7b71770f86042849
xmodelmesh,#hash_7b74587525d9b2e0
xmodelmesh,#hash_7b83af4ab616fc6b
xmodelmesh,#hash_7b83b19dc87c2b3a
xmodelmesh,#hash_7b8984796634e1d8
xmodelmesh,#hash_7b8f75e5ef6b41aa
xmodelmesh,#hash_7b9a604339fd3c20
xmodelmesh,#hash_7ba17a6e16ba3ac3
xmodelmesh,#hash_7ba4646381581da2
xmodelmesh,#hash_7bb40f3fd0ae598e
xmodelmesh,#hash_7bb48d8967b621ae
xmodelmesh,#hash_7bc0a3f248f7560b
xmodelmesh,#hash_7bc11246fffff2ad
xmodelmesh,#hash_7bc8c3f6aa6a4be2
xmodelmesh,#hash_7bc9cc0c71e918c3
xmodelmesh,#hash_7bddc42f728712f8
xmodelmesh,#hash_7be35e06e8646c46
xmodelmesh,#hash_7bf26c7a3dafc9aa
xmodelmesh,#hash_7bfa27f60386ad26
xmodelmesh,#hash_7bfaf4e5e28e5db4
xmodelmesh,#hash_7bfb81e4c513108b
xmodelmesh,#hash_7c04a8aae668969b
xmodelmesh,#hash_7c0597461f7ab7c1
xmodelmesh,#hash_7c097085a4609447
xmodelmesh,#hash_7c0c435d08b1841f
xmodelmesh,#hash_7c1588529ce47661
xmodelmesh,#hash_7c176a0536a30331
xmodelmesh,d#hash_7c18bff233145e56
xmodelmesh,#hash_7c284665f95446e6
xmodelmesh,#hash_7c2c4768eed3f5fb
xmodelmesh,#hash_7c3ab13f989f9df7
xmodelmesh,#hash_7c40847936f41c05
xmodelmesh,d#hash_7c410007299e41cc
xmodelmesh,d#hash_7c45f2c422ec9704
xmodelmesh,#hash_7c4796a976bdcb4a
xmodelmesh,#hash_7c499374cf9021c0
xmodelmesh,#hash_7c51c4288cb32f3e
xmodelmesh,#hash_7c60affa0874a2d3
xmodelmesh,#hash_7c628aec43e0fe74
xmodelmesh,#hash_7c64be7bcf371bcd
xmodelmesh,#hash_7c69fb1d2ea72370
xmodelmesh,#hash_7c6cfe6bef6be23a
xmodelmesh,d#hash_7c6d7c7677db41cb
xmodelmesh,#hash_7c7d9f6d143b9830
xmodelmesh,#hash_7c7f4ba34a96a67a
xmodelmesh,#hash_7c888e8d631d148f
xmodelmesh,#hash_7c8f5ff0825d3af4
xmodelmesh,d#hash_7c8fd95b9c6b3a27
xmodelmesh,#hash_7c91acd4a5771ee1
xmodelmesh,d#hash_7c9a35e50aaf1082
xmodelmesh,#hash_7c9aadfafc9e5c57
xmodelmesh,#hash_7c9daab137edc05e
xmodelmesh,#hash_7ca9080cc34fcd10
xmodelmesh,#hash_7cb5351821944d81
xmodelmesh,#hash_7cb541a41fc10a71
xmodelmesh,#hash_7cbc288c45edfc6a
xmodelmesh,#hash_7cc0ee0e175679c4
xmodelmesh,#hash_7cc4974030befdba
xmodelmesh,#hash_7cd0762b309f959e
xmodelmesh,#hash_7cd4bf4c98a0d255
xmodelmesh,d#hash_7ce315830aaf5637
xmodelmesh,#hash_7ce75a7aedaf936d
xmodelmesh,#hash_7ce82c75a8e608a5
xmodelmesh,d#hash_7cea5dad258eed08
xmodelmesh,#hash_7cf286daa69ffd5b
xmodelmesh,#hash_7cfd0d9b17d33e7a
xmodelmesh,#hash_7d0061b58a32c745
xmodelmesh,#hash_7d036f4a10f2c9a8
xmodelmesh,#hash_7d184528461dcc75
xmodelmesh,#hash_7d1e98c88bcd9394
xmodelmesh,#hash_7d2cafee77d51719
xmodelmesh,#hash_7d2f2d1a1865cf05
xmodelmesh,#hash_7d46ed9ef7f16fec
xmodelmesh,#hash_7d492134d672f6b7
xmodelmesh,#hash_7d4eb1789fa60e94
xmodelmesh,#hash_7d518f5b810c12b3
xmodelmesh,#hash_7d56f70913892649
xmodelmesh,d#hash_7d579c7d207c51b1
xmodelmesh,#hash_7d57c08ce62a08a9
xmodelmesh,#hash_7d684bb43769f59e
xmodelmesh,#hash_7d68c806e9b0690a
xmodelmesh,#hash_7d74a241a3a68023
xmodelmesh,#hash_7d7806974ec536a6
xmodelmesh,#hash_7d8abffb51ad4b8a
xmodelmesh,#hash_7d8e07c473ce5d6b
xmodelmesh,#hash_7d94eeeb0584972e
xmodelmesh,#hash_7d9c14c01406e0b8
xmodelmesh,#hash_7d9fd32973f6c2fb
xmodelmesh,#hash_7dac7bc1f04c7afa
xmodelmesh,#hash_7dac9c210fd005b4
xmodelmesh,#hash_7db868a70672a46a
xmodelmesh,#hash_7dbd9b50ae0de6e3
xmodelmesh,d#hash_7dc637a0abb72c2b
xmodelmesh,#hash_7dcd9f86d85f7e0a
xmodelmesh,#hash_7dd0f0cddd454591
xmodelmesh,d#hash_7dd36559d54e55ed
xmodelmesh,#hash_7dd69ae95d429f23
xmodelmesh,#hash_7dd7f170718deea1
xmodelmesh,#hash_7dd9e74988fcf412
xmodelmesh,#hash_7ddd22749dffa59b
xmodelmesh,d#hash_7de0d95e7413c7ec
xmodelmesh,#hash_7de94b47c1368829
xmodelmesh,#hash_7de9959a5854293d
xmodelmesh,#hash_7de9eefb2baff8f4
xmodelmesh,#hash_7debb3661fc1e8ae
xmodelmesh,#hash_7df17862e4fd6abb
xmodelmesh,#hash_7e01d002ea2ca1a3
xmodelmesh,#hash_7e0b95d0991fa013
xmodelmesh,#hash_7e114876a022a2ac
xmodelmesh,#hash_7e127e28e449324d
xmodelmesh,#hash_7e14613f80c5c670
xmodelmesh,#hash_7e14c99704b48640
xmodelmesh,#hash_7e17894e59ca4cdf
xmodelmesh,#hash_7e1de486641dec02
xmodelmesh,#hash_7e2965564e4feb64
xmodelmesh,#hash_7e32a088bb12d46d
xmodelmesh,#hash_7e38f4f55f1aa293
xmodelmesh,#hash_7e3d7378c3ae7abf
xmodelmesh,#hash_7e4662b321daa20b
xmodelmesh,#hash_7e5b491db049986d
xmodelmesh,#hash_7e63843b8e5ac549
xmodelmesh,#hash_7e67cb858ba1d1d5
xmodelmesh,d#hash_7e6be9c91207095a
xmodelmesh,#hash_7e70c1cbd879dfac
xmodelmesh,#hash_7e733b2802c9c03b
xmodelmesh,#hash_7e74d649ee8f8096
xmodelmesh,#hash_7e7a0032cf49f059
xmodelmesh,d#hash_7e806978b24a61a6
xmodelmesh,d#hash_7e826368cd093163
xmodelmesh,#hash_7e871fe7f2c3d584
xmodelmesh,#hash_7e8bc02f0cc0ba66
xmodelmesh,#hash_7e8e57a8d146c05b
xmodelmesh,#hash_7e95b83b6b0a96db
xmodelmesh,d#hash_7e9c311d946c2b26
xmodelmesh,#hash_7eaaa42282843cc9
xmodelmesh,d#hash_7eb5fb2fbec90eb4
xmodelmesh,#hash_7eb6b23c0209ad82
xmodelmesh,#hash_7ebe14342394e1a8
xmodelmesh,#hash_7ebe8b2f8c23d661
xmodelmesh,#hash_7ebf72754ca1f572
xmodelmesh,#hash_7ec0f08944ff5a5a
xmodelmesh,#hash_7ec5a1754c64f8f0
xmodelmesh,#hash_7ecc52ec3ab06751
xmodelmesh,#hash_7ecc55545527bfd4
xmodelmesh,#hash_7ecd9872ac14bb67
xmodelmesh,#hash_7ece5c0ce2d644b5
xmodelmesh,#hash_7ee0d92c02aaf810
xmodelmesh,#hash_7ee82e81f863cbb0
xmodelmesh,#hash_7eea062bbc18a758
xmodelmesh,#hash_7eeb9c037a049a78
xmodelmesh,#hash_7ef1e3d3dc616aca
xmodelmesh,#hash_7eff83b997ef9c91
xmodelmesh,#hash_7f014709335b63b6
xmodelmesh,#hash_7f05c17a8453b146
xmodelmesh,#hash_7f0941ec8529fe62
xmodelmesh,#hash_7f09af0d00cc35d8
xmodelmesh,#hash_7f0a51e3411150c7
xmodelmesh,#hash_7f1c025bc4421291
xmodelmesh,#hash_7f1d3910a2802297
xmodelmesh,#hash_7f2f778008a3d8f0
xmodelmesh,#hash_7f32985b3041e9e5
xmodelmesh,d#hash_7f33f3e2eaa433c8
xmodelmesh,d#hash_7f401ebec33d145f
xmodelmesh,#hash_7f524cb1fdbe811a
xmodelmesh,#hash_7f55383795f4a92d
xmodelmesh,#hash_7f55f0d7d247d874
xmodelmesh,#hash_7f5700ae463b6f4d
xmodelmesh,#hash_7f59b45fe7046081
xmodelmesh,#hash_7f5a6570baa79df0
xmodelmesh,#hash_7f5fd66839c76650
xmodelmesh,#hash_7f6cbba3c9ae07f3
xmodelmesh,#hash_7f792bb6a5c8b829
xmodelmesh,#hash_7f7a5c0c8546c1c1
xmodelmesh,d#hash_7f845e825a19a761
xmodelmesh,#hash_7f8fd36a992de114
xmodelmesh,d#hash_7f97d88384210a3b
xmodelmesh,#hash_7f9c8b83570c2c88
xmodelmesh,#hash_7f9ebbeac8c340d1
xmodelmesh,#hash_7fb08c4053f1043d
xmodelmesh,#hash_7fb2184ef4e1d027
xmodelmesh,#hash_7fbc74bbcf6c0967
xmodelmesh,#hash_7fc2d375726bbda1
xmodelmesh,d#hash_7fc646be660f81b2
xmodelmesh,#hash_7fc7c3b07ed4c182
xmodelmesh,#hash_7fcf9a2b0e422dcb
xmodelmesh,#hash_7fd9c260e3c5b039
xmodelmesh,#hash_7fe0e8687ae12fc4
xmodelmesh,#hash_7fe1d45dac0b6912
xmodelmesh,#hash_7fe2798a308831ee
xmodelmesh,d#hash_7fe376c87031dd68
material,d#vd/gfx_decal_bullet_glass_03|dup
techset,d#hash_4b771c6dfc88e293
image,d#$white_reveal
material,#hash_1f4c81c50899f2
material,d#hash_1c5ab24924b87dc
material,#ei/gfx_gib_glass_01_lit_em_i1024|dup
material,d#ei/gfx_water_splash_swirl_anim_lit|dup
material,d#hash_3c43d6526300a0d
material,d#vd/gfx_decal_exp_blast_02|dup
material,d#hash_4805039198de144
material,d#hash_6be71ce5c519986
material,d#hash_75933e65830ad88
techset,d#hash_37b9a0783ad98393
material,#hash_9937e2288c2acdb
material,d#hash_acd99a724915105
material,d#ei/gfx_fog_slow_sm_anim_em|dup
material,d#hash_cafe7dd79cee015
material,d#vdd/gfx_decal_exp_blast_01|dup
material,d#ei/gfx_exp_billow_md_anim_em|dup
material,d#vd/gfx_decal_exp_blast_01|dup
material,d#hash_107470d0ef8bada6
material,d#ei/gfx_spark_rndhit_em|dup
material,d#hash_122203c18cf266a5
material,d#hash_13be75a80876ec07
material,d#hash_13c1fdf82d72fdf5
material,d#ei/gfx_gib_glass_02_em|dup
material,d#hash_1419dcb3e2454297
material,d#ei/gfx_smk_whisp_anim_02_high_dark_lit|dup
material,d#hash_17096ce82588028f
material,d#hash_17a189d29d15e5e8
material,d#ei/gfx_fog_slow_md_anim_em|dup
material,d#hash_196c6f5ce9aeb7a6
material,#hash_19c7a0305443344f
material,d#ei/gfx_smk_tendril_2_lit|dup
material,d#ei/gfx_water_droplet_lit|dup
material,d#vd/gfx_decal_bullet_glass_01|dup
material,d#vdd/gfx_decal_bullet_glass_01|dup
material,d#hash_1ed0a0d2c0c05c82
material,d#hash_1effbe283f08115d
material,d#ei/gfx_smk_puff_thin_varied_high_dark_lit|dup
material,d#ei/gfx_gib_glass_01_lit|dup
material,d#hash_20000f8de269a721
material,d#hash_2065516a5da9c455
material,#ei/gfx_smk_tendril_1_em_i8|dup
material,d#ei/gfx_fog_slow_lg_anim_em|dup
material,d#hash_234a85d3b9ad4d74
material,d#vdd/gfx_decal_exp_blast_03|dup
material,#hash_24a053d3880fce59
material,d#hash_24eaa61062d15295
material,d#ei/gfx_dust_fall_lg_anim_lit|dup
material,d#hash_26c764a6dfebf735
material,d#hash_270d461aaa719f4e
techset,d#hash_13de8ce77bdc818f
material,#hash_2755b07bb59027fa
material,d#hash_2933233c1734a2ca
material,d#hash_2a459c2fd77f2513
material,#hash_2a62a136aa3412bb
material,d#ei/gfx_gib_metal_02_lit|dup
material,d#hash_2b093a22fc432cd5
material,d#vdd/gfx_decal_bullet_glass_02|dup
material,d#ei/gfx_debris_trash_multiple_lit|dup
material,d#hash_2d70c5665a6f1951
material,d#hash_2ddc7931cab5163b
material,d#ei/gfx_smk_tendril_1_lit|dup
material,d#vdd/gfx_decal_exp_blast_02|dup
material,#hash_33d15f78759e10bf
material,#hash_33eacf5e7d96d31b
material,d#ei/gfx_dust_heli_swirl_anim_em|dup
material,d#hash_349eaef34975e5f1
material,d#ei/gfx_water_splash_cone_anim_lit|dup
material,d#ei/gfx_smk_whisp_anim_02_lit|dup
material,d#hash_3933c9c14cfea0ed
material,d#ei/gfx_gib_glass_02_lit|dup
material,d#hash_3a4f475d201a2738
material,d#ei/gfx_debris_clumps_lit|dup
material,#hash_3d974bec8a722fec
material,d#hash_3df68db9a5c4a9ee
material,d#hash_3f0f0b67f6a4044c
material,#ei/gfx_water_drip_em|dup
material,d#ei/gfx_light_glow_square|dup
material,d#hash_424ff81c84a0f4ec
material,d#hash_43dbc442c66f561c
material,#hash_459e18d622303766
material,d#hash_47adeaa4f608c4d8
material,d#hash_48f6f10fac9ac24c
material,d#ei/gfx_gib_concrete_01_lit|dup
material,d#ei/gfx_gib_concrete_02_lit|dup
material,d#ei/gfx_light_phosphorous_em|dup
material,#hash_4dabfc636afac6d9
material,#hash_4df7c6dc43cb2d5a
material,#ei/gfx_gib_glass_02_em_i1024|dup
material,#hash_4e64a552e28576d8
material,d#ei/gfx_dust_swirl_md_anim_em|dup
material,d#hash_505f8c0746b1e6a7
material,d#hash_51d2b20175a6b4a6
material,d#vdd/gfx_decal_foam|dup
material,d#ei/gfx_dust_clump_lit|dup
material,d#hash_532be226fc941712
material,d#hash_57676a39571ce670
material,d#ei/gfx_fog_slow_lg_anim_lit|dup
material,d#hash_58ae30b36257e10d
material,d#hash_5a6a7dde410e8adc
material,d#ei/gfx_dust_swirl_md_anim_lit|dup
material,#hash_5e25606c2f132497
material,d#hash_5e5c11436811509f
material,d#hash_5e6d68a6b93d8fea
material,d#vd/gfx_decal_foam|dup
material,d#vdd/gfx_decal_bullet_glass_03|dup
material,#hash_6601b90effc7b592
material,d#hash_677d8abc8203fb13
material,d#hash_67d816bc7a76ddad
material,#hash_68b08b1e3abe13bc
material,d#hash_68cd12a84004546d
material,#hash_69392ed145d6e443
material,d#hash_6abefb629b32c9af
material,d#hash_6c5ef4f94c086429
material,d#hash_6d3713dbbdd90aaa
material,#hash_6e134936dc458f94
material,d#ei/gfx_debris_clump_lit|dup
material,d#ei/gfx_debris_grass_lit|dup
material,d#ei/gfx_debris_clumps_max_lite_lit|dup
material,d#vd/gfx_decal_exp_blast_03|dup
material,d#ei/gfx_gib_metal_01_lit|dup
material,d#hash_76f7a484a02a3cdb
material,d#vd/gfx_decal_bullet_glass_02|dup
material,d#hash_779f1467ea8314e1
material,#hash_7898cf20bafaa515
material,d#hash_78e03deb2245f76e
material,#ei/gfx_water_splash_radial_anim|dup
material,d#hash_7d144ba78eac0b5b
material,d#hash_7e08dd8b1e8d6985
material,d#hash_7f01811998209733
techset,d#hash_37a4428701c770
techset,d#hash_40be4d80b92bc0
techset,d#hash_881a6d87d39a4d
techset,d#hash_ca8d4c13b3954c
techset,d#hash_147cc13cacb7c57
techset,#hash_18ce1a3264b9ce3
techset,#hash_1aa7931fde99a59
techset,#hash_2587b26d1792de9
techset,#hash_2a79489f0777435
techset,d#hash_2d99603e522a61f
techset,d#hash_33832cd9511a3ad
techset,#hash_3802df4c7f1448c
techset,#hash_3db2d03efd75487
techset,d#hash_499618b0e9e37ac
techset,#hash_5052ea61b360391
techset,#hash_56ad8624086bdbe
techset,#hash_63c919e62d9fa26
techset,#hash_66679e6b7d1be32
techset,#hash_690e77ad0434d19
techset,#hash_7b370c1d914ebf2
techset,d#hash_7e6f442645c6710
techset,d#hash_7f52a25fafe3bac
techset,d#hash_7f52c25fafe3f12
techset,d#hash_962df23e07a3cc5
techset,d#hash_a1dd9c28ed116f5
techset,#hash_b14dae4db216b3a
techset,#hash_bd09b42fe41b630
techset,d#hash_c3eae6c7c289a8b
techset,#hash_cb166fc55a261fa
techset,#hash_d178b7f7fdd7012
techset,#hash_ef71ee3a92cf496
techset,#hash_f3855d646244c6b
techset,#hash_f7c3e2472eb3a6b
techset,#hash_f83d979e823cd45
techset,#hash_fbac28a6db22cd5
techset,d#hash_10788c92d689b408
techset,d#hash_10788d92d689b5bb
techset,d#hash_1079ef964e628dd2
techset,d#hash_11980812a6cd117f
techset,d#hash_119a0e9ee9aa5dc1
techset,#hash_122b4c8302543b7b
techset,#hash_13075c8dca23915c
techset,#hash_130c839c38ef4522
techset,d#hash_13a905d0ad27a69a
techset,d#hash_13bdda73afc6fd84
techset,d#hash_13e465e8fcde18c8
techset,d#hash_147479a9e87658d6
techset,d#hash_148cc7966c9e7f16
techset,d#hash_148cc8966c9e80c9
techset,d#hash_15916b6543dc3378
techset,d#hash_16ca435bfef970ac
techset,#hash_18be14814fb9dac0
techset,#hash_1a0d367d59ee885f
techset,#hash_1a13ef915d9547e0
techset,d#hash_1a263d167273ca7b
techset,#hash_1a6864e4358471e4
techset,d#hash_1ae76e082fd0929f
techset,d#hash_1b34ee7bcbe108d2
techset,#hash_1be6840e0de09483
techset,d#hash_1d03479f6e191d78
techset,d#hash_1d07f4f5d5a58ec5
techset,d#hash_1d4a395a42d5e9ba
techset,d#hash_1d5292a4f12d02f2
techset,#hash_1d57192f311aee73
techset,d#hash_1d8638ac7f8fac48
techset,d#hash_1dc668e6ea90e9f3
techset,#hash_1e5554f60af48c93
techset,d#hash_1e57b7a230dfb01f
techset,#hash_1e6ce86e1f7b80be
techset,d#hash_1eda40632dbcc792
techset,#hash_2023d0a245fdcc47
techset,#hash_213bcfa776d2fc59
techset,d#hash_214a98da4078dd3c
techset,#hash_216b2ba488d92b48
techset,d#hash_216bd2eb7ba0de5c
techset,#hash_228925a33ab9375d
techset,d#hash_22d8e64dd095ca9b
techset,#hash_23e831c6ed5b295e
techset,d#hash_243c8fe23fecaad5
techset,d#hash_24b22043d0613c84
techset,#hash_25f3b8b9d514a43d
techset,d#hash_2656ab69d7e5b667
techset,d#hash_26e394f6ac10475f
techset,#hash_26f73809dabe1b10
techset,#hash_26f829823b64a3ce
techset,d#hash_27bb29365d467c05
techset,d#hash_27dd2878d2144440
techset,#hash_27ee03c5f2615915
techset,#hash_280fff466fda31c3
techset,d#hash_2877f5efc22c3951
techset,d#hash_28e3488ea8338a1f
techset,#hash_291520b8d0ccde52
techset,#hash_2946d999cf257f07
techset,#hash_299a75e4b7c46f62
techset,#hash_29b519b78a70a25c
techset,d#hash_2af2089b8af087ea
techset,d#hash_2b811638c8fa5b7d
techset,d#hash_2c899207fb7f3a35
techset,d#hash_2d2acca65a886243
techset,d#hash_2d3558eb56eec5a3
techset,d#hash_2d9b573d2e884b1b
techset,#hash_2da43eeafb7e888e
techset,d#hash_2db29aa67250f568
techset,d#hash_2dba6ca0636b9975
techset,d#hash_2ddc83626b74c144
techset,d#hash_2e9ab9270a9a0033
techset,d#hash_2e9abe270a9a08b2
techset,#hash_2ed240d2a032711f
techset,#hash_2ffc6195fc71a60c
techset,d#hash_302856f53c7c9949
techset,d#hash_3111ba9190084897
techset,#hash_314f1acfdeddf1d6
techset,d#hash_321b7c3cf742feb8
techset,d#hash_321b7d3cf743006b
techset,d#hash_32d27045539c6d91
techset,d#hash_34897e6aaec0dbd2
techset,d#hash_35fb1328ef1687cd
techset,d#hash_3666e7e31c75d3de
techset,#hash_37fcec551462d3d8
techset,#hash_380f8b16bccfc90c
techset,#hash_387dc7ba75a67c7c
techset,#hash_387dc8ba75a67e2f
techset,#hash_38cedba129638f27
techset,d#hash_38f0f4cf847f4e8b
techset,d#hash_38f4984ba9cbb86b
techset,#hash_3971730cf4c75243
techset,#hash_397d3e676eaa147f
techset,#hash_39d68fd298d63d03
techset,d#hash_39dc24f77bc40c28
techset,d#hash_39dfc0f77bc74b13
techset,d#hash_3a9540cfdb6968ec
techset,d#hash_3aacb1ebcb18212d
techset,d#hash_3bcf8e8b3be92d64
techset,d#hash_3c1ee8038c65bce4
techset,#hash_3cb8951ccd978c31
techset,#hash_3cbd2c1db8e29d7c
techset,#hash_3d6ce55a7100f3ab
techset,#hash_3dc38f6cc71bd6bd
techset,#hash_3e204390114efa94
techset,d#hash_3e9a99dd42e5eb48
techset,#hash_3f426a1d196664e7
techset,d#hash_3f55005a678c6cd1
techset,d#hash_3f856734b871672a
techset,d#hash_4052954b3daa2e0f
techset,#hash_40dc522ddff77a30
techset,d#hash_41d06081f3f338a2
techset,#hash_421e2d81076ad7c2
techset,#hash_428eefb3036f599e
techset,d#hash_43a26ea259d01f8f
techset,#hash_4408da97b045e2d5
techset,d#hash_444e2dc1d87ca7df
techset,d#hash_44cc6406e10a18e0
techset,d#hash_44ec54fcc7765d3d
techset,#hash_452bf1580d20dfde
techset,d#hash_453844711c593781
techset,#hash_45ac9cc3bc358aa8
techset,#hash_466ca50e0447022e
techset,d#hash_46eccadeffbaa104
techset,d#hash_46eccbdeffbaa2b7
techset,#hash_4749a0216f557f21
techset,d#hash_4874d3e7994a47b7
techset,#hash_493f47cc8185d2c0
techset,d#hash_498693326dd6f655
techset,d#hash_49befee9cf876a30
techset,d#hash_49bf01e9cf876f49
techset,d#hash_49f3564f29c66eb6
techset,d#hash_4aeed79bc1f720e7
techset,#hash_4b852224bbad0212
techset,#hash_4b8bbff5af379f13
techset,d#hash_4bb39362a2eb8e32
techset,d#hash_4bf833200f48307a
techset,d#hash_4e9e9247c52ea875
techset,d#hash_4ed4c869fc4804c0
techset,#hash_4f5683826fba680c
techset,#hash_4f789ad4ff05988c
techset,d#hash_4fa8dae10beb80d0
techset,d#hash_4fbf980ff563ec01
techset,d#hash_4fd38f4742791831
techset,d#hash_4fd96e88feb7e426
techset,#hash_50007843c2ba76ca
techset,#hash_501d9cec1620e870
techset,d#hash_515709195077069b
techset,d#hash_521355b1672edf34
techset,#hash_52391377bc2aba11
techset,d#hash_52983af3c4b8e8a7
techset,d#hash_52983bf3c4b8ea5a
techset,d#hash_52f00d2006710ede
techset,#hash_5307b6f5d79c1c05
techset,d#hash_5377dc84c175a201
techset,d#hash_537f7652a72f872c
techset,#hash_53b90ca71461541d
techset,d#hash_54d90f769f1135cc
techset,d#hash_56738842b62b2a47
techset,#hash_567f5b8c6cf0182c
techset,d#hash_568cf0ea4eb52659
techset,#hash_56cc503cbc800789
techset,#hash_575917c536b044ca
techset,d#hash_5798ed7f7d9954d0
techset,d#hash_583d6dd96bfd449c
techset,d#hash_583d6ed96bfd464f
techset,d#hash_58d697d8fbe7b4a6
techset,#hash_58f9b4a26a9f2373
techset,d#hash_59ce91fc9291a81d
techset,d#hash_59f9982a2047607c
techset,#hash_5a8eff08a52a21d5
techset,d#hash_5b01ec0e588d26c5
techset,d#hash_5c620bec3ab6c90d
techset,#hash_5c77e8a6db373af8
techset,#hash_5d216ec157b2f11b
techset,d#hash_5d9cbd5b0bfc8566
techset,#hash_5de039b1a6eeb56c
techset,d#hash_5e1e9536071bfa7a
techset,d#hash_5e8276eca49cc041
techset,d#hash_5ea2fd76e6b90c1b
techset,#hash_5ea44ddd14f03357
techset,#hash_5fb5164809efa52b
techset,d#hash_600124f3d78a9d7a
techset,#hash_62a41e3596354caa
techset,d#hash_633a632cd909917e
techset,d#hash_63d0f11c837c2188
techset,#hash_63fb47bb90c61d64
techset,d#hash_649e9ad2d474c8a6
techset,#hash_64a4abd084a337f4
techset,#hash_6555b73a8c8acec5
techset,#hash_658a3596483dec62
techset,#hash_671e5d77b1298232
techset,#hash_676f4ac5135149ae
techset,d#hash_67dea9eb9512a137
techset,#hash_67f5199cb755616d
techset,d#hash_68ccfe5c19d28bf1
techset,#hash_69720820b116a924
techset,#hash_69a72bcac6cd3eb0
techset,d#hash_6aae01c8ade153ce
techset,d#hash_6ab422a02f320d69
techset,#hash_6ae50e2f06b5620f
techset,d#hash_6b3aedab99db192e
techset,#hash_6b6ac7e812ad541c
techset,d#hash_6c00645df5d075f3
techset,#hash_6c1f29bce6d9f68c
techset,#hash_6c732c5760411197
techset,d#hash_6cec77a1ffd337ae
techset,d#hash_6cf0acc527939843
techset,d#hash_6d031e31fe36c97a
techset,d#hash_6de2da87e17a029f
techset,d#hash_6e2b4ae7ccc56328
techset,#hash_6eacaf66472c2e15
techset,#hash_6efc1fd4f39ce388
techset,#hash_6fe71f861f2767c4
techset,d#hash_709398899ae9aad2
techset,d#hash_70a8aa20ff1b48f3
techset,d#hash_7133d83a162b5eac
techset,d#hash_7133d93a162b605f
techset,d#hash_714914ff6459caef
techset,d#hash_728852db3dffd88b
techset,#hash_7298827d08808e1d
techset,d#hash_733e4cbcb0d698c0
techset,d#hash_737c0eb68bc5aebf
techset,d#hash_7385809db4ff41f1
techset,#hash_7453003b98090c4a
techset,d#hash_74fc9d31b8143c5c
techset,d#hash_7573e4242525afde
techset,#hash_759061051a62ba80
techset,#hash_75b7a255436c8840
techset,d#hash_7615346333341f5d
techset,d#hash_76184d265d619e7e
techset,d#hash_767b5023728d510f
techset,d#hash_76a7ed741fbb523d
techset,#hash_76ea4f2b17d54e0b
techset,#hash_77d7c5037bf2508b
techset,#hash_78a5eeaad02ee002
techset,#hash_79199caa32edf278
techset,#hash_79b6a1c15b30f3bc
techset,d#hash_79e2ca8a1f720a77
techset,d#hash_7a5629edc4596fbb
techset,#hash_7a7fc3ff3971a7c1
techset,#hash_7b16ef0f615e4e78
techset,d#hash_7c74ccec2904cee4
techset,#hash_7caf3053d575c20b
techset,d#hash_7cdf8869adc7f316
techset,d#hash_7dc19c329af8ecde
techset,d#hash_7dc19f329af8f1f7
techset,d#hash_7e5fba807526ecdf
techset,d#hash_7e67b7e4d082e54a
techset,#hash_7e7cb9168c0e388b
techset,#hash_7eb72299f83bcce2
techset,d#hash_7f1752c98e2de9e8
techset,d#hash_7f1753c98e2deb9b
techset,d#hash_7f1813031a257c82
techset,d#hash_7f1814031a257e35
techset,d#hash_7f1b8adbf5509fe8
techset,#hash_7f641acc3456fafc
techset,d#hash_7f6fc242a0bffbab
techset,#hash_7f9ac13cb85bf5fc
image,d#i_c_t7_reaper_body1_lights_ir
image,#i_mtl_p7_fir_outpost_lookout_wood_01_m
image,#hash_28da69a4270f10
image,#i_mtl_p7_fir_flag_us_peace_n
image,#i_mtl_p7_fir_flag_us_peace_c
image,d#i_mtl_p7_wall_mobile_dep_decal_details_01_normal_m
image,d#hash_954a7e11f8031d
image,#i_t7_concrete_wall_painted_peel_01_r
image,#hash_a6dc0916ee3653
image,#i_mtl_p7_foliage_weeds_n
image,d#hash_cafe9dd3c55483
image,#i_mtl_p7_wes_washstand_vintage_towel_c
image,#i_mtl_p7_wes_washstand_vintage_towel_n
image,#hash_d90f316d83c167
image,#hash_d910316d83c31a
image,#i_p8_mp_bomb_crate_whole_destroyed_trim02_n
image,#i_mtl_p7_fir_training_course_bolt_m
image,#i_mtl_p7_fir_training_course_bolt_n
image,#i_mtl_p7_wall_wood_rustic_01_post_sml_m
image,#i_mtl_p7_wall_wood_rustic_01_post_sml_n
image,d#i_mtl_p7_debris_metal_scrap_01_s
image,d#i_mtl_p7_debris_metal_scrap_01_o
image,d#i_mtl_p7_debris_metal_scrap_01_n
image,d#i_mtl_p7_debris_metal_scrap_01_g
image,#i_t7_decal_grunge_rust_blend_r
image,#i_t7_decal_grunge_rust_blend_c
image,#i_t7_decal_grunge_rust_blend_g
image,#hash_10f799cdd4296dc
image,#i_veh_mphd_chinook_under_02_multi_m
image,d#i_mtl_p7_barrel_metal_55gal_lid_ao
image,d#fxt8_fog_slow_md_anim
image,#i_t7_zm_ctl_grass_crab_sparse_dry_n
image,#i_t7_zm_ctl_grass_crab_sparse_dry_o
image,#i_t7_zm_ctl_grass_crab_sparse_dry_r
image,#i_mtl_p7_fir_rock_boulder_lrg_02_i_m
image,#i_mtl_p7_fir_rock_boulder_lrg_02_i_n
image,#i_veh_mphd_chinook_backdoor_02_multi_m
image,#i_mtl_p7_barricade_metal_gate_02_post_n
image,#i_mtl_p7_barricade_metal_gate_02_post_c
image,#i_t7_glass_water_stained_g
image,#i_t7_glass_water_stained_c
image,d#i_veh_t8_decal_text_sensory_unit_c
image,#i_mtl_p7_cai_door_wood_rustic_01_bare_m
image,#i_veh_mphd_chinook_frame_04_multi_m
image,d#i_mtl_p7_bucket_plastic_5_gal_m
image,d#i_mtl_p7_bucket_plastic_5_gal_n
image,d#fxt8_decal_blood_fatal_01_s
image,d#fxt8_decal_blood_fatal_01_n
image,#i_mtl_p7_fir_foliage_tree_vista_set_foliage_n
image,#i_mtl_p7_fir_foliage_tree_vista_set_foliage_c
image,#i_mtl_p7_fir_foliage_tree_vista_set_foliage_t
image,#hash_1c377c5f026ab85
image,d#i_t7_metal_bare_matte_g
image,#hash_1ca698547732190
image,#i_mtl_veh_mphd_m35_base_glass_special_n
image,#hash_1d6c0a5c3f7bb35
image,#i_c_t7_assassin_body1_knife_s
image,#i_c_t7_assassin_body1_knife_o
image,#i_c_t7_assassin_body1_knife_n
image,#i_c_t7_assassin_body1_knife_g
image,#i_c_t7_assassin_body1_knife_c
image,#i_mtl_p7_bullet_piles_shell_shotgun_n
image,#i_mtl_p7_bullet_piles_shell_shotgun_c
image,#i_mtl_p7_fir_floodlight_speaker_tall_bolt_r
image,#i_mtl_p7_fir_floodlight_speaker_tall_bolt_n
image,#i_mtl_p7_fir_barricade_barbed_wire_set_wood01_n
image,#i_mtl_p7_fir_barricade_barbed_wire_set_wood01_m
image,#i_mtl_p7_mou_ladder_metal_decal_e_r
image,#i_mtl_p7_fir_foliage_tree_vista_03_proxy_normal
image,#hash_205ad679dea6733
image,#hash_205ae679dea68e6
image,#hash_2078791551f4e72
image,#hash_2078c91551f56f1
image,#hash_20a95d2134da2fd
image,#hash_20aa0d2134db5ae
image,d#i_t7_micro_grunge_rust_02_c
image,d#i_t7_micro_grunge_rust_02_g
image,d#i_t7_micro_grunge_rust_02_n
image,d#i_t7_detail_metal_brushed_01
image,#i_t7_decal_damage_concrete_dust_r
image,#i_t7_decal_damage_concrete_dust_c
image,#i_mtl_p7_slu_fuse_box_electric_set_n
image,#i_mtl_p7_slu_fuse_box_electric_set_m
image,#i_mtl_t8_dirt_rocky_01_r
image,d#i_mtl_p7_fir_foliage_tree_palm_leaves_01_n
image,#i_t7_glass_reinforced_opaque_c
image,#i_mtl_p7_zm_moo_ship_container_panel_10_n
image,d#i_wpn_t8_eqp_briefcase_bomb_bottom_s
image,d#i_wpn_t8_eqp_briefcase_bomb_bottom_o
image,d#i_wpn_t8_eqp_briefcase_bomb_bottom_n
image,d#i_wpn_t8_eqp_briefcase_bomb_bottom_g
image,d#i_wpn_t8_eqp_briefcase_bomb_bottom_c
image,#i_t7_grass_scrub_n
image,#i_t7_grass_scrub_r
image,#hash_26d876c3c25684e
image,#i_t7_ban_decal_signage_warning_c
image,#i_p8_nt4_old_wall_caged_light_glass_n
image,#i_mtl_p7_fir_targetdummy_rail_color_01_c
image,#i_mtl_p7_debris_trash_food_box_02_n
image,#i_mtl_p7_debris_trash_food_box_02_c
image,#hash_2b19cc6e3f86fb1
image,#hash_2b56229e61d0870
image,#hash_2b56329e61d0a23
image,#hash_2b56b29e61d17bb
image,#hash_2b56f29e61d1e87
image,d#$black_reveal
image,d#i_veh_t8_decal_edge_wear_04_g
image,#i_t7_metal_trim_safehouse_mobile_07_g
image,#i_t7_metal_trim_safehouse_mobile_07_c
image,#i_t7_metal_trim_safehouse_mobile_07_o
image,#i_t7_metal_trim_safehouse_mobile_07_n
image,#i_mtl_p7_fir_wire_spool_wood_nail_c
image,#i_mtl_p7_fir_wire_spool_wood_nail_g
image,#hash_3297feccd9d8c70
image,#i_t7_fir_plywood_natural_1_c
image,#i_t7_fir_plywood_natural_1_n
image,#i_mtl_p7_fir_training_course_rope_01_n
image,#i_mtl_p7_fir_training_course_rope_01_c
image,#i_t7_mou_metal_panels_r
image,#i_t7_mou_metal_panels_o
image,#i_t7_mou_metal_panels_n
image,#i_t7_mou_metal_panels_c
image,#i_t7_mou_metal_panels_g
image,d#i_t7_ban_decal_grunge_rust_drips_c
image,d#i_veh_t8_metal_bare_worn_01_n
image,#i_t7_zm_sta_dirt_01_mustard_g
image,#i_t7_zm_sta_dirt_01_mustard_c
image,#hash_34287fa74269032
image,#i_t7_concrete_wall_damaged_01_bare_c
image,#i_mtl_veh_mphd_m35_base_body01_o
image,#i_mtl_veh_mphd_m35_base_body01_n
image,d#$half_reveal
image,d#i_t7_micro_metal_rough_01_g
image,d#i_t7_micro_metal_rough_01_n
image,#hash_3584caf88347cd5
image,#white_light
image,d#i_veh_t8_mil_heli_light_skids_n
image,d#i_veh_t8_mil_heli_light_skids_o
image,d#i_veh_t8_mil_heli_light_skids_m
image,#i_mtl_p7_fir_pallete_ammo_wood_set_wood_01_m
image,#i_mtl_p7_fir_pallete_ammo_wood_set_wood_01_n
image,d#i_veh_t8_metal_heavy_painted_01_512_n
image,#i_mtl_p7_slu_tool_chest_sml_set_n
image,#i_mtl_p7_slu_tool_chest_sml_set_m
image,#hash_3a66f7369bb7e8b
image,#hash_3a6707369bb803e
image,#i_veh_mphd_chinook_motor_back_01_multi_m
image,#hash_3b4cb307e893b41
image,#i_t7_fir_bullet_impact_metal_o
image,#i_t7_fir_bullet_impact_metal_n
image,#i_t7_fir_bullet_impact_metal_c
image,#i_t7_fir_bullet_impact_metal_g
image,#i_t7_fir_bullet_impact_metal_r
image,#i_mtl_veh_mphd_m35_base_wheel01_n
image,#i_mtl_veh_mphd_m35_base_wheel01_o
image,#i_mtl_p7_zm_debris_newspaper_german_n
image,#i_t7_metal_panels_painted_2x1_n
image,#i_t7_metal_panels_painted_2x1_g
image,#i_t7_metal_panels_painted_2x1_c
image,#i_mtl_p7_debris_concrete_rubble_sm_c
image,#i_mtl_p7_debris_concrete_rubble_sm_n
image,d#i_t7_micro_wood_rough_01_n
image,#i_t7_micro_wood_rough_01_g
image,d#i_t7_micro_wood_rough_01_c
image,#i_mtl_p7_crate_wood_01_c
image,#i_mtl_p7_crate_wood_01_n
image,#i_mtl_p7_crate_wood_01_m
image,#hash_3ec0a7dcf925c84
image,#hash_3edd9bae12989ff
image,#hash_3ededbae129abfb
image,d#i_veh_t8_mil_heli_attack_tailfin_o
image,d#i_veh_t8_mil_heli_attack_tailfin_n
image,#i_mtl_p7_zur_nw_wall_set_02_n
image,#i_mtl_p7_zur_nw_wall_set_02_m
image,#i_t7_fir_cliff_scratch_d
image,#i_t7_fir_cliff_scratch_n
image,#i_mtl_p7_fir_floodlight_speaker_tall_decal_04_n
image,#i_mtl_p7_fir_training_course_decal_02_n
image,#i_mtl_p7_fir_training_course_decal_02_c
image,#i_mtl_p7_roof_vent_turbine_metal_s
image,#i_mtl_p7_roof_vent_turbine_metal_c
image,#i_mtl_p7_roof_vent_turbine_metal_g
image,#i_mtl_p7_roof_vent_turbine_metal_n
image,#hash_41a0543319d4220
image,#hash_41a1243319d5837
image,#i_mtl_p7_fir_net_volleyball_cloth_c
image,#i_mtl_p7_fir_net_volleyball_cloth_n
image,d#i_t7_decal_labels_electrical_hazard_c
image,d#i_t7_snow_powder_01_n
image,#i_t7_snow_powder_01_r
image,#i_t7_water_base_c
image,#hash_44a30efb17418ef
image,#hash_44c43be6fb28233
image,#hash_44c4ebe6fb294e4
image,#i_mtl_p8_col_vista_foliage_jungle_young_palm_proxy_albedo
image,d#i_t7_decal_grunge_dirty_sml_c
image,#i_mtl_p8_wz_supply_stash_health_extras_o
image,#i_mtl_p8_wz_supply_stash_health_extras_n
image,#i_mtl_p8_wz_supply_stash_health_extras_g
image,#i_mtl_p8_wz_supply_stash_health_extras_c
image,#i_c_t7_techno_body1_arm_left_c
image,#i_c_t7_techno_body1_arm_left_g
image,#i_c_t7_techno_body1_arm_left_n
image,#hash_47d6e63d0880ead
image,#i_veh_mphd_chinook_under_03_multi_m
image,#i_t7_mud_sludge_wet_01_r
image,#i_t7_mud_sludge_wet_01_c
image,#i_c_t7_warrior_body1_arm_b1_ir
image,#i_mtl_p7_wood_plank_rustic_2x8x108_c
image,#i_mtl_p7_wood_plank_rustic_2x8x108_n
image,d#i_veh_t8_decal_panel_08_n
image,d#i_veh_t8_decal_panel_08_o
image,d#i_veh_t8_decal_panel_08_g
image,d#i_veh_t8_decal_panel_08_c
image,d#i_veh_t8_decal_panel_08_r
image,#hash_4bb4ca8584679f9
image,#i_mtl_p7_debris_trash_cup_coffee_02_n
image,#i_mtl_p7_debris_trash_cup_coffee_02_c
image,#i_mtl_veh_mphd_tiara_int_engine_dead_m
image,d#i_veh_t8_glass_pattern_03_n
image,#cookie_flicker
image,#i_mtl_p7_mou_ladder_metal_screw_o
image,#i_mtl_p7_mou_ladder_metal_screw_n
image,#i_mtl_p7_mou_ladder_metal_screw_r
image,#i_t7_decal_damage_plaster_tile_01_n
image,d#i_t7_decal_damage_plaster_tile_01_c
image,#i_veh_t7_dlc_letter_e_st2_c
image,#i_veh_mphd_chinook_reactor_01_multi_m
image,#hash_4ff4f9849790bf3
image,d#$occlusion
image,#i_t7_wood_beam_worn_oak_bleached_c
image,d#i_veh_t8_decal_text_do_not_stow_c
image,#i_mtl_veh_mphd_tiara_but_01_c
image,#i_t7_decal_signage_zur_magrev_connection_c
image,#i_mtl_p7_jun_sheet_metal_4x4_n
image,#i_mtl_p7_jun_sheet_metal_4x4_o
image,#i_mtl_p7_jun_sheet_metal_4x4_m
image,d#i_veh_t8_plaster_smooth_dirty_01_512_c
image,#hash_55ad373d5cd92ff
image,#hash_55ad473d5cd94b2
image,#i_skybox_mp_firingrange2_nightfall
image,d#fxt_smk_whisp_anim
image,#hash_58c8a2651dad564
image,#hash_58c8b2651dad717
image,#hash_58c972651daeb7b
image,#hash_59af11bbcf45a90
image,d#i_t7_micro_wood_fine_01_c
image,#i_t7_micro_wood_fine_01_n
image,d#i_t7_decal_bullet_dirt_o
image,#hash_5cbd55faa91471f
image,#hash_5cbd65faa9148d2
image,#hash_5cbd75faa914a85
image,d#i_mtl_p7_fir_foliage_tree_palm_decal_04_n
image,d#i_mtl_p7_fir_foliage_tree_palm_decal_04_c
image,#i_mtl_p7_fir_targetdummy_rail_metal_n
image,d#fxt8_liquid_drop
image,#hash_5f119f74b772a43
image,d#i_veh_t8_decal_round_slit_n
image,d#i_veh_t8_decal_round_slit_r
image,#i_mtl_p7_fir_air_conditioner_metal_01_n
image,#i_mtl_p7_fir_air_conditioner_metal_01_m
image,#i_mtl_p7_zm_ctl_crate_ammo_vintage_rope_g
image,d#i_mtl_p7_zm_ctl_crate_ammo_vintage_rope_n
image,#i_t7_decal_grunge_concrete_stain_01_c
image,#i_t7_concrete_bare_wet_warm_n
image,#i_veh_t8_civ_pickup_badge_4x4_n
image,#i_veh_t8_civ_pickup_badge_4x4_c
image,#i_mtl_veh_mphd_tiara_und_chassis_01_n
image,#i_mtl_veh_mphd_tiara_und_chassis_01_o
image,#i_mtl_veh_mphd_tiara_und_chassis_01_m
image,#i_veh_mphd_chinook_frame_01_o
image,#i_veh_mphd_chinook_frame_01_n
image,#i_t7_decal_signage_letters_upper_c
image,#i_mtl_p7_soc_fireplace_concrete_burnt_c
image,#i_mtl_p7_soc_fireplace_concrete_burnt_n
image,#i_p8_nt4_old_wall_caged_light_n
image,#i_mtl_p7_fir_fence_wood_wood01_m
image,#i_mtl_p7_fir_fence_wood_wood01_n
image,d#i_veh_t8_decal_text_hydraulic_refill_c
image,#i_t7_metal_aged_ceiling_01_c
image,#i_t7_metal_aged_ceiling_01_g
image,d#i_t8_micro_metal_grunge_galvanized_01_g
image,#jun_art_metal_brushed_c
image,#jun_art_metal_brushed_n
image,d#i_mtl_p7_zm_asc_pipe_modular_set_bolt_n
image,d#i_mtl_p7_zm_asc_pipe_modular_set_bolt_m
image,#i_c_t7_warrior_body1_pants_ir
image,#i_mtl_p7_zm_tra_fence_quarantine_cloth_02_n
image,#i_mtl_p7_zm_tra_fence_quarantine_cloth_02_g
image,#i_mtl_p7_zm_tra_fence_quarantine_cloth_02_c
image,d#i_mtl_veh_t8_decal_text_4_c
image,d#i_mtl_mtl_veh_t8_mil_heli_attack_wing_ir
image,#i_t7_micro_concrete_pebbles_01_c
image,#i_mtl_p7_zm_ctl_crate_ammo_vintage_metal_01_n
image,#i_mtl_p7_zm_ctl_crate_ammo_vintage_metal_01_m
image,d#i_t7_micro_metal_grunge_scratch_03_n
image,d#i_c_ega_soldier_3_knife_s
image,d#i_c_ega_soldier_3_knife_c
image,#i_mtl_p7_slu_panel_electrical_metal_03_n
image,#i_mtl_p7_slu_panel_electrical_metal_03_m
image,#i_p8_usa_oc_wood_planks_03_r
image,#i_mtl_p7_sin_aquarium_fake_rock_slab_n
image,d#i_veh_t8_mil_heli_light_cockpit_ir
image,#i_t7_decal_street_signage_speed_45_c
image,#i_mtl_p7_jun_foliage_bush_01_proxy_depth
image,#hash_77ca258c04d03d0
image,#hash_77ca358c04d0583
image,#hash_77ca558c04d08e9
image,#i_mtl_p7_mou_barrel_metal_02_damg_wet_decal_01_c
image,d#i_p7_fxp_debris_dirt_rocky_01_n
image,d#i_p7_fxp_debris_dirt_rocky_01_c
image,#hash_7920f3257c0d14b
image,d#i_t8_micro_cloth_linen_01_n
image,#i_mtl_p7_fir_tower_radio_vista_metal_02_m
image,d#i_veh_t8_decal_hole_01_o
image,d#i_veh_t8_decal_hole_01_n
image,d#i_veh_t8_decal_hole_01_r
image,d#i_mtl_veh_t7_decal_danger_c
image,#i_veh_t7_dmg_dents_001_n
image,d#i_t7_ban_metal_painted_scraped_n
image,#i_t7_ban_metal_painted_scraped_g
image,d#i_t7_ban_metal_painted_scraped_c
image,#i_mtl_p7_fir_foliage_tree_vista_05_proxy_depth
image,#i_t7_fir_bullet_impact_wood_c
image,#i_t7_fir_bullet_impact_wood_n
image,#i_t7_fir_bullet_impact_wood_r
image,#i_mtl_p7_eth_vista_water_n
image,d#i_t7_zm_sta_decal_metal_low_tech_bolt_06_o
image,d#i_t7_zm_sta_decal_metal_low_tech_bolt_06_n
image,d#i_t7_zm_sta_decal_metal_low_tech_bolt_06_g
image,d#i_t7_zm_sta_decal_metal_low_tech_bolt_06_c
image,d#i_veh_t8_mil_heli_light_bench_m
image,d#i_veh_t8_mil_heli_light_bench_n
image,d#i_veh_t8_mil_heli_light_bench_o
image,d#i_veh_t8_decal_logo_02_c
image,#i_t7_out_metal_base_r
image,#i_t7_out_metal_base_c
image,#i_t7_out_metal_base_g
image,d#i_t7_metal_chainlink_s
image,#i_t7_metal_chainlink_c
image,#i_t7_metal_chainlink_o
image,#i_t7_metal_chainlink_n
image,#i_mtl_p7_light_metal_hanging_mechanic_s
image,#i_mtl_p7_light_metal_hanging_mechanic_c
image,#i_mtl_p7_light_metal_hanging_mechanic_g
image,#i_mtl_p7_light_metal_hanging_mechanic_n
image,#i_mtl_p7_light_metal_hanging_mechanic_o
image,#i_mtl_p7_slu_cinder_block_n
image,#i_mtl_p7_slu_cinder_block_m
image,#i_mtl_p7_fir_floodlight_speaker_tall_light_glass_c
image,#i_mtl_p7_fir_floodlight_speaker_tall_light_glass_g
image,d#i_c_gen_reveal_256_sq_r
image,#i_mtl_t8_license_sing_zurich_decal_digits_2_c
image,#i_mtl_p7_bottle_milk_broken_top_n
image,#i_mtl_p7_bottle_milk_broken_top_g
image,#i_mtl_p7_bottle_milk_broken_top_c
image,#i_mtl_p8_col_vista_foliage_jungle_leaf_06_n
image,#i_mtl_p8_col_vista_foliage_jungle_leaf_06_c
image,#i_mtl_p7_zm_moo_signage_biohazard_c
image,#i_mtl_p7_zm_moo_signage_biohazard_n
image,#i_mtl_p7_slu_wire_m
image,#i_mtl_p7_slu_wire_n
image,d#i_mtl_veh_t8_decal_panel_55_r
image,d#i_mtl_veh_t8_decal_panel_55_n
image,d#i_mtl_veh_t8_decal_panel_55_o
image,#hash_8743060d5440f9f
image,d#i_mtl_p7_fir_foliage_tree_palm_01_proxy_normal
image,#i_mtl_p7_fir_foliage_grass_tall_proxy_distance
image,#hash_88800b944705ea2
image,#i_veh_mphd_chinook_motor_back_02_multi_m
image,d#fxt8_fire_md_lick_deplete_anim_hdr
image,d#i_mtl_p7_debris_glass_shattered_sm_n
image,d#i_mtl_p7_debris_glass_shattered_sm_g
image,d#$gray_color
image,#i_mtl_p7_zm_asc_pipe_modular_set_metal_n
image,#hash_8f10309d08e5d82
image,#i_mtl_p7_zm_tra_table_wood_lrg_01_m
image,#i_caulk
image,d#hash_9191ff350de8376
image,d#hash_91920f350de8529
image,#hash_91bc676ab20ee73
image,#hash_91bd576ab2107f0
image,d#i_t8_decal_grunge_rust_02_blend_n
image,d#i_t8_decal_grunge_rust_02_blend_c
image,#i_mtl_p8_col_vista_foliage_jungle_stem_01_n
image,#i_mtl_p8_col_vista_foliage_jungle_stem_01_c
image,#i_mtl_p7_slu_corkboard_set02_c
image,#i_mtl_p7_slu_corkboard_set02_n
image,#i_t7_wes_wood_paint_thick_blend_r
image,#i_mt_c_t7_battery_head1_headset_n
image,#i_mt_c_t7_battery_head1_headset_o
image,#i_mt_c_t7_battery_head1_headset_g
image,#i_mt_c_t7_battery_head1_headset_c
image,#hash_938ec64d1aeed5a
image,#i_t7_decal_grunge_water_stain_04_g
image,#i_mtl_p7_cai_train_subway_painted_metal_n
image,#i_t7_asphalt_damaged_dark_desert_c
image,#i_t7_asphalt_damaged_dark_desert_n
image,#hash_958c111759b4de0
image,#i_mtl_veh_mphd_m35_base_decal06_c
image,#i_t7_fir_metal_wall_corrugated_2_more_rust_rvl_c
image,#hash_9651c765b64a20a
image,d#i_t8_micro_noise_01_t
image,#i_mtl_veh_mphd_m35_base_body03_multi_m
image,#hash_995aa9f9ccd7a5e
image,#i_t7_glass_dirty_streaks_512_g
image,#i_t7_zm_sta_metal_robot_panel_trim_01_n
image,#i_t7_zm_sta_metal_robot_panel_trim_01_g
image,#i_t7_zm_sta_metal_robot_panel_trim_01_c
image,d#i_t7_decal_damage_concrete_tile_01a_r
image,#i_mtl_p7_mou_ladder_metal_cap_n
image,d#i_mtl_p7_gib_chunk_set_n
image,d#i_mtl_p7_gib_chunk_set_c
image,d#fxt8_decal_blood_fatal_02_n
image,#i_mtl_p7_curtain_hanging_36x122_worn_m
image,d#fxt8_decal_blood_fatal_02_s
image,#i_mtl_p7_curtain_hanging_36x122_worn_n
image,#i_mtl_p8_slu_crate_wood_metal_c
image,d#i_mtl_p8_slu_crate_wood_metal_g
image,#i_mtl_p8_slu_crate_wood_metal_r
image,#hash_a08c3dcff3acdb7
image,d#i_t7_micro_metal_rust_heavy_02_c
image,#hash_a1ced0ea129400f
image,d#i_t8_decal_tech_detail_high_tech_65_g
image,d#i_t8_decal_tech_detail_high_tech_65_c
image,d#i_t8_decal_tech_detail_high_tech_65_o
image,d#i_t8_decal_tech_detail_high_tech_65_n
image,#i_mtl_t7_plastic_tarp_reinforced_clear_n
image,#i_mtl_t7_plastic_tarp_reinforced_clear_a
image,#i_c_t7_techno_body1_shoulderguard_left_ir
image,#i_mtl_p7_fir_barrier_concrete_01_g
image,#i_mtl_p7_fir_barrier_concrete_01_c
image,#i_mtl_p7_fir_barrier_concrete_01_o
image,#i_mtl_p7_fir_barrier_concrete_01_n
image,#i_mtl_p7_fir_barrier_concrete_01_s
image,#i_mtl_p7_fir_post_wood_metal_m
image,#i_mtl_p7_fir_post_wood_metal_c
image,#i_mtl_p7_fir_post_wood_metal_g
image,d#i_attach_t7_ar_arak_bolt_01_d1_n
image,#i_c_t7_warrior_body1_emissive_e
image,#i_t7_zm_bgb_copper_tarnished_01_g
image,#i_t7_zm_bgb_copper_tarnished_01_c
image,#i_t7_zm_bgb_copper_tarnished_01_n
image,#i_mtl_p7_curtain_hanging_36x72_break_n
image,#i_mtl_p7_zm_moo_ship_container_panel_09_rust_m
image,#i_mtl_veh_mphd_tiara_und_chassis_02_dead_m
image,#i_t7_decal_damage_wood_splinter_01_n
image,#i_t7_decal_damage_wood_splinter_01_c
image,d#i_t7_glass_debris_plain_translucent_c
image,#i_mtl_p7_cai_door_wood_rustic_01_n
image,d#i_wpn_t8_eqp_briefcase_bomb_computer_decals_2_c
image,d#i_veh_t7_decal_bolt_03_tint_dark_r
image,#hash_af4bb736d7c0eaf
image,#hash_af4bc736d7c1062
image,#i_p7_debris_trash_cup_coffee_02_g
image,d#i_t7_micro_concrete_grooves_n
image,d#i_c_gen_detail_thick_synthetic_n
image,d#$height
image,#i_mtl_veh_mphd_m35_base_wheel02_o
image,#i_mtl_veh_mphd_m35_base_wheel02_n
image,#i_mtl_p7_zm_moo_ship_container_panel_05_rust_m
image,#i_c_t7_warrior_body1_chrome_o
image,#i_c_t7_warrior_body1_chrome_n
image,#i_c_t7_warrior_body1_chrome_g
image,#i_mtl_p7_fir_foliage_tree_palm_fan03_proxy_albedo
image,#i_t7_micro_wood_rough_02_c
image,d#i_t7_micro_wood_rough_02_g
image,d#i_t7_micro_wood_rough_02_n
image,d#hash_b2f76911d648d22
image,d#hash_b2f77911d648ed5
image,d#hash_b303cd913989b4b
image,d#fxt8_spark_shower_core_hdr
image,#i_t7_camo_plain_rubber_c
image,#i_mtl_p7_fir_floodlight_speaker_tall_decal_05_m
image,#i_mtl_p7_fir_floodlight_speaker_tall_decal_05_n
image,#i_mtl_p7_hydraulic_pump_motor_n
image,#i_mtl_p7_hydraulic_pump_motor_o
image,#i_mtl_p7_hydraulic_pump_motor_c
image,#i_mtl_p7_hydraulic_pump_motor_g
image,#i_mtl_p7_hydraulic_pump_motor_s
image,#i_t8_concrete_spackle_01_n
image,d#hash_b8d1b3174270dcb
image,#hash_b8d1c3174270f7e
image,#i_mtl_p7_suspension_bridge_bolt_01_m
image,#i_mtl_p7_suspension_bridge_bolt_01_o
image,#i_mtl_p7_suspension_bridge_bolt_01_n
image,#i_t7_zm_isl_decal_signage_stripe_caution_r
image,#i_t7_zm_isl_decal_signage_stripe_caution_c
image,d#i_t7_micro_metal_bare_brush_01_g
image,#hash_ba67a586bd4cb78
image,#i_p7_fir_bathroom_sink_tap_n
image,#i_t8_decal_tech_detail_high_tech_55_c
image,#i_t8_decal_tech_detail_high_tech_55_n
image,d#i_wpn_t8_eqp_briefcase_bomb_foam_o
image,d#i_wpn_t8_eqp_briefcase_bomb_foam_n
image,#hash_bc6ac7e996fe840
image,#hash_bdccf1df5bb8d74
image,#hash_be7cf835a3252d3
image,#hash_be7d0835a325486
image,d#i_t7_decal_grunge_stain_02_c
image,d#i_mtl_p7_jars_glass_c
image,#i_mtl_p7_jars_glass_g
image,d#i_mtl_p7_jars_glass_n
image,#i_t7_mud_sludge_wet_02_n
image,#i_t7_mud_sludge_wet_02_r
image,#hash_bf213f2fabe34e0
image,#hash_bf216f2fabe39f9
image,#hash_bf2d1bfd6037a57
image,#hash_bf2d2bfd6037c0a
image,d#i_t7_decal_blood_splatter_02_c
image,d#i_t7_decal_blood_splatter_02_n
image,d#fxt_dust_clump
image,#i_mtl_p7_fir_rock_boulder_lrg_02_j_n
image,#i_mtl_p7_fir_rock_boulder_lrg_02_j_m
image,#i_c_t7_techno_body1_worldhand_m
image,#i_veh_t8_mixmap_03_grey_r
image,d#hash_c14a810c1c99d58
image,d#i_veh_t8_decal_caution_triangle_c
image,#i_t7_wood_planks_rustic_n
image,#i_t7_wood_planks_rustic_c
image,d#i_mtl_p7_fire_extinguisher_s
image,d#i_mtl_p7_fire_extinguisher_n
image,d#i_mtl_p7_fire_extinguisher_o
image,d#i_mtl_p7_fire_extinguisher_g
image,d#i_mtl_p7_fire_extinguisher_e
image,d#i_mtl_p7_fire_extinguisher_c
image,d#$identitynormalmap
image,d#i_wpn_t8_eqp_briefcase_bomb_c4_g
image,d#i_wpn_t8_eqp_briefcase_bomb_c4_c
image,d#i_wpn_t8_eqp_briefcase_bomb_c4_o
image,d#i_wpn_t8_eqp_briefcase_bomb_c4_n
image,d#i_wpn_t8_eqp_briefcase_bomb_c4_m
image,d#i_wpn_t8_eqp_briefcase_bomb_c4_s
image,d#fxt8_spark_shower_core_sparse_alpha
image,#i_mtl_p7_bottle_milk_broken_btm_n
image,#i_mtl_p7_bottle_milk_broken_btm_c
image,#i_mtl_p7_bottle_milk_broken_btm_g
image,#i_mtl_p7_zm_ori_duckboard_set_02_m
image,#i_mtl_p7_zm_ori_duckboard_set_02_n
image,#i_mtl_p7_eth_rock_boulder_detail_02_n
image,#i_mtl_p7_eth_rock_boulder_detail_02_c
image,#i_mtl_p7_mou_locker_metal_set_decal_n
image,#i_mtl_p7_mou_locker_metal_set_decal_c
image,d#i_veh_t7_misc_decal_noise_01
image,#i_mtl_p7_foliage_plant_aloe_bark_dry_c
image,d#i_veh_t8_decal_panel_12_r
image,d#i_veh_t8_decal_panel_12_o
image,d#i_veh_t8_decal_panel_12_n
image,d#i_t8_micro_metal_rust_01_c
image,d#i_t8_micro_metal_rust_01_n
image,#hash_ca9fa73d98f9744
image,#hash_ca9fd73d98f9c5d
image,#i_t7_ban_metal_painted_rusty_g
image,#i_mtl_p7_medical_dispenser_soap_n
image,#i_mtl_p7_medical_dispenser_soap_c
image,#i_veh_t8_hexo_pattern_rubber_c
image,#i_veh_t8_hexo_pattern_rubber_o
image,#i_veh_t8_hexo_pattern_rubber_n
image,d#i_t7_decal_metal_fasteners_o
image,d#i_t7_decal_metal_fasteners_n
image,d#i_t7_decal_metal_fasteners_g
image,d#i_t7_decal_metal_fasteners_c
image,d#i_t7_decal_grunge_scratch_pockmark_r
image,#i_mtl_p7_mou_cover_corrugated_metal_m
image,#i_mtl_p7_mou_cover_corrugated_metal_n
image,#i_mtl_p7_mou_cover_corrugated_metal_o
image,#i_t7_decal_tech_details_03_c
image,#i_t7_decal_tech_details_03_n
image,d#i_mtl_p7_barge_crane_deck_decal_welding_trace_c
image,#i_t7_zm_sta_wood_oak_varnished_drk_dirty_r
image,#hash_ce63d7dedde8916
image,#i_mtl_p7_zm_moo_airlock_set_metal_13_m
image,#i_veh_mphd_chinook_reactor_02_o
image,#i_veh_mphd_chinook_reactor_02_n
image,#hash_d04ba149a2a0032
image,#i_mtl_p7_fir_floodlight_speaker_tall_light_m
image,d#i_veh_t8_weathered_paint_n
image,d#i_veh_t8_weathered_paint_g
image,#i_t7_water_foam_r
image,#hash_d4d10d60a997c18
image,#hash_d4d13d60a998131
image,d#i_mtl_veh_t8_metal_heavy_painted_01_512_n
image,#i_mtl_p7_corrugated_sheet_metal_rust_03_proxy_normal
image,d#i_mtl_p8_mp_flag_cloth_n
image,d#i_mtl_p8_mp_flag_cloth_o
image,d#fxt_gas_blur_core_thick_mask
image,#i_mtl_p8_col_vista_foliage_jungle_young_palm_proxy_normal
image,#i_mtl_p7_debris_trash_paperbag_02_n
image,#i_mtl_p7_debris_trash_paperbag_02_c
image,d#i_veh_t8_decal_edge_wear_05_n
image,d#i_veh_t8_decal_edge_wear_05_c
image,#i_mtl_p7_debris_trash_paper_plate_01_c
image,#i_mtl_p7_debris_trash_paper_plate_01_n
image,#i_t7_wood_plywood_01_n
image,#i_t7_wood_plywood_01_c
image,#i_c_t7_warrior_body1_cloth_mid_n
image,#i_c_t7_warrior_body1_cloth_mid_o
image,#i_c_t7_warrior_body1_cloth_mid_c
image,#i_veh_t8_metal_rust_01_g
image,d#i_veh_t8_metal_rust_01_c
image,#hash_dab6fd796dad52b
image,#i_t7_decal_foliage_moss_small_c
image,#i_t7_decal_foliage_moss_small_n
image,#i_t7_decal_foliage_moss_small_m
image,#i_t7_shr_snow_lumpy_n
image,#hash_dcb33c9ff99d239
image,#fxt8_water_fall_crumble_anim_mask
image,#i_t7_wood_planks_weathered_teak_g
image,d#i_caution_access_panel_c
image,d#i_c_t7_outrider_body3_knife_n
image,d#i_c_t7_outrider_body3_knife_o
image,#i_c_t7_outrider_body3_knife_g
image,#i_t7_decal_damage_crater_01_n
image,#i_t7_decal_damage_crater_01_c
image,#i_mtl_p7_zm_shi_zipline_cage_power_box_g
image,#i_mtl_p7_zm_shi_zipline_cage_power_box_c
image,#i_mtl_p7_zm_shi_zipline_cage_power_box_o
image,#i_mtl_p7_zm_shi_zipline_cage_power_box_n
image,#i_mtl_p7_zm_shi_zipline_cage_power_box_s
image,#i_t7_concrete_edge_crease_seam_light_01_c
image,#hash_e0e257987aba2c7
image,d#fxt_water_droplet
image,#i_t7_fir_truck_track_n
image,#i_mtl_p7_hedgehog_metal_tile02_c
image,#i_mtl_p7_hedgehog_metal_tile02_n
image,#i_mtl_p8_sewer_entrance_concrete_02_m
image,#hash_e2a6dbc7c5eaef3
image,#hash_e2a6ebc7c5eb0a6
image,#hash_e2b298c0d3979b0
image,#i_t7_concrete_wall_grunge_01_c
image,d#i_veh_t8_mil_heli_light_optic_m
image,d#i_veh_t8_mil_heli_light_optic_o
image,d#i_veh_t8_mil_heli_light_optic_n
image,#i_mtl_p7_trashcan_street_metal_open_trash_brown_c
image,#fxt8_noise_spectre_tile_mask
image,#i_t7_cru_metal_railing_trim_black_03_n
image,#i_t7_metal_planter_top_trim_white_painted_worn_c
image,#hash_e7e970877026d91
image,#i_t7_decal_signage_caution_stripes_r
image,#i_t7_decal_signage_caution_stripes_c
image,d#i_c_hro_soldier_cyberhand_world_ir
image,#i_mtl_p7_fir_foliage_tree_vista_02_proxy_depth
image,#i_c_t7_warrior_body1_cloth_mid_ir
image,#i_mtl_p7_fir_foliage_tree_vista_01_group_proxy_depth
image,#hash_ea96da0962a06c2
image,#decal_wood_splinter_end01_n
image,#decal_wood_splinter_end01_c
image,#i_c_t7_mp_common_pouch5_g
image,#i_c_t7_mp_common_pouch5_c
image,#i_c_t7_mp_common_pouch5_n
image,#i_c_t7_mp_common_pouch5_o
image,#i_mtl_p7_fir_training_course_decal_03_c
image,#i_mtl_p7_fir_training_course_decal_03_n
image,#i_mtl_p8_col_vista_foliage_jungle_leaf_07_c
image,#i_mtl_p8_col_vista_foliage_jungle_leaf_07_n
image,#i_c_t7_hunter_lowerbody_armor_n
image,#i_c_t7_hunter_lowerbody_armor_o
image,#i_c_t7_hunter_lowerbody_armor_c
image,#i_c_t7_hunter_lowerbody_armor_g
image,#i_mtl_p7_foliage_grass_02_light_n
image,#i_mtl_p7_fir_foliage_tree_vista_05_proxy_distance
image,#i_mtl_p7_box_cardboard_open01_c
image,d#fxt8_smk_tendrils_varied
image,#i_mtl_veh_mphd_uaz_back_light_glass_c
image,#i_mtl_veh_mphd_uaz_back_light_glass_n
image,#i_mtl_p7_crate_plastic_tech_01_g
image,#i_mtl_p7_crate_plastic_tech_01_c
image,#i_mtl_p7_crate_plastic_tech_01_o
image,#i_mtl_p7_crate_plastic_tech_01_n
image,d#i_t8_decal_tech_detail_indent_03_normal_m
image,#i_mtl_p7_debris_asphalt_chunks_md_04_n
image,#i_mtl_p7_debris_asphalt_chunks_md_04_c
image,d#fxt_decal_blood_nonfatal_01_n
image,#i_mtl_p7_bottle_plastic_soap_green_dmg_c
image,#i_mtl_p7_light_fluorescent_subway_c
image,#i_mtl_p7_light_fluorescent_subway_n
image,d#fxt8_water_bubble_md
image,#i_mtl_p7_fire_sprinkler_interior_n
image,#i_mtl_p7_fire_sprinkler_interior_o
image,#i_mtl_p7_fire_sprinkler_interior_c
image,#i_mtl_p7_fire_sprinkler_interior_g
image,#i_t7_fir_camo_pattern_r
image,d#i_t7_fir_camo_pattern_c
image,#hash_f5878816780c1f0
image,#hash_f5879816780c3a3
image,#hash_f587b816780c709
image,#i_mtl_p7_ra2_anvil_m
image,#i_mtl_p7_ra2_anvil_n
image,d#i_t8_decal_tech_detail_indent_01_normal_m
image,d#i_t8_decal_tech_detail_indent_01_normal_n
image,d#i_t8_decal_tech_detail_indent_01_normal_o
image,#i_t7_metal_diamond_plate_worn_s
image,#i_t7_metal_diamond_plate_worn_c
image,#i_t7_metal_diamond_plate_worn_g
image,#i_t7_metal_diamond_plate_worn_n
image,#i_t7_metal_diamond_plate_worn_o
image,#hash_f9ee47521637ca5
image,d#i_t7_micro_stain_01_c
image,#i_mtl_p7_fir_foliage_tree_vista_08_proxy_depth
image,#i_mtl_veh_mphd_tiara_glass_c
image,#hash_fcddda98e0d15ae
image,d#fxt_lf_streak_02
image,d#fxt_lf_streak_03
image,#i_mtl_p8_zm_esc_warden_chair_wood_dirt_r
image,#hash_1015c113c245756f
image,d#core_concrete_dark_c
image,d#$white_gloss
image,#i_mtl_veh_mphd_forklift_wheel_m
image,d#i_mtl_veh_mphd_forklift_wheel_o
image,d#i_mtl_veh_mphd_forklift_wheel_n
image,d#i_mtl_t8_license_sing_zurich_decal_digits_1_n
image,d#i_mtl_t8_license_sing_zurich_decal_digits_1_c
image,#i_mtl_p7_mou_locker_metal_set_door_m
image,#i_mtl_p7_mou_locker_metal_set_door_n
image,#hash_10608fc03c94c43a
image,#i_c_t7_battery_body1_pants_g
image,#i_c_t7_battery_body1_pants_c
image,#i_c_t7_battery_body1_pants_n
image,#i_c_t7_battery_body1_pants_o
image,#i_c_t7_warrior_head1_beardcards_c
image,d#i_t7_micro_metal_painted_01_c
image,d#i_t7_micro_metal_painted_01_g
image,d#i_t7_micro_metal_painted_01_n
image,#hash_10c5829e9a1eb43b
image,d#i_mtl_veh_t8_zur_nw_foundry_set_metal_01_m
image,#i_mtl_p7_foliage_grass_tussock_dry_c
image,d#i_t8_micro_cloth_canvas_01_n
image,d#i_t8_micro_wood_rough_01_c
image,d#i_t8_micro_wood_rough_01_n
image,#i_mtl_p7_soc_food_soda_can_01_g
image,#i_mtl_p7_soc_food_soda_can_01_n
image,#i_t7_wes_wood_cedar_worn_c
image,#i_mtl_mtl_veh_mphd_m35_base_body03_grill_a
image,#i_mtl_p7_fir_fence_wood_wood02_n
image,#i_mtl_p7_fir_fence_wood_wood02_m
image,#hash_11146019cfbef6e8
image,#hash_11146319cfbefc01
image,#i_c_t7_battery_body1_ammo_belt_o
image,#i_c_t7_battery_body1_ammo_belt_g
image,#i_t7_metal_aged_trim_beam_01_n
image,#i_t7_metal_aged_trim_beam_01_o
image,#i_t7_metal_aged_trim_beam_01_m
image,d#fxt8_decal_blood_fatal_03_n
image,d#fxt8_decal_blood_fatal_03_s
image,#hash_114454485d85d2a9
image,d#fxt_light_ray_thruster_mask
image,#i_mtl_p7_fir_rock_boulder_lrg_02_d_m
image,#i_mtl_p7_fir_rock_boulder_lrg_02_d_n
image,#i_t7_decal_signage_no_admittance_c
image,#i_c_t7_techno_body1_arm_rt_a_s
image,#i_c_t7_techno_body1_arm_rt_a_g
image,#i_c_t7_techno_body1_arm_rt_a_c
image,#i_c_t7_techno_body1_arm_rt_a_o
image,#i_c_t7_techno_body1_arm_rt_a_n
image,#i_t7_dlc1_sand_smooth_01_n
image,#i_t7_dlc1_sand_smooth_01_c
image,#i_p7_zm_nac_barrel_explosive_red_dmg_02_m
image,#i_p7_zm_nac_barrel_explosive_red_dmg_02_n
image,#hash_11764fe8cae5147c
image,#hash_117654e8cae51cfb
image,d#i_mtl_veh_t7_dlc_weathered_paint_02_c
image,#hash_11945f72dc363dfb
image,d#i_t8_decal_grunge_concrete_sidewalk_01_r
image,#hash_119f718c8c4bf6a9
image,#hash_11b3fa0c86dbc30f
image,d#i_t7_glass_dirty_grimes_01_cracked_n
image,d#hash_11d2daaebd9386f9
image,#i_mtl_p7_zm_tra_fence_quarantine_metal_01_m
image,#i_mtl_p7_jun_sheet_metal_2x4_m
image,#i_mtl_p7_jun_sheet_metal_2x4_n
image,#i_mtl_p7_jun_sheet_metal_2x4_o
image,#fxt_model_newspaper_c
image,#i_c_t7_warrior_body1_armor_dark_c
image,#i_c_t7_warrior_body1_armor_dark_g
image,#i_c_t7_warrior_body1_armor_dark_o
image,#i_c_t7_warrior_body1_armor_dark_n
image,d#fxt_smk_tendril_1
image,d#fxt_smk_tendril_2
image,#i_mtl_p7_jun_foliage_bush_branches_01_n
image,#i_mtl_p7_jun_foliage_bush_branches_01_c
image,#i_mtl_p7_jun_foliage_bush_branches_01_t
image,#i_fir_bathroom_sink_tap_m
image,#i_t7_ral_concrete_floor_worn_n
image,#i_t7_ral_concrete_floor_worn_c
image,d#i_mtl_veh_t8_decal_greeble_22_lens_r
image,d#i_t7_micro_wood_varied_teak_n
image,d#i_t7_micro_wood_varied_teak_g
image,d#i_t7_micro_wood_varied_teak_c
image,#i_mtl_p7_drain_metal_shower_g
image,#i_mtl_p7_drain_metal_shower_c
image,#i_mtl_p7_drain_metal_shower_o
image,#i_mtl_p7_drain_metal_shower_n
image,#i_mtl_p7_drain_metal_shower_s
image,#i_c_t7_techno_head1_glass_n
image,#i_c_t7_techno_head1_glass_c
image,#i_c_t7_techno_head1_glass_g
image,d#i_mtl_veh_t8_decal_grunge_scorch_02_ir
image,#i_mtl_veh_mphd_uaz_body_03_m
image,#i_mtl_veh_mphd_uaz_body_03_o
image,#i_mtl_veh_mphd_uaz_body_03_n
image,#i_mtl_p7_fir_rock_boulder_lrg_02_k_n
image,#i_mtl_p7_fir_rock_boulder_lrg_02_k_m
image,d#i_veh_t8_sand_pebbles_fine_c
image,#i_mtl_veh_mphd_forklift_decal08_c
image,#i_mtl_p7_sandbag_01_n
image,#i_mtl_p7_sandbag_01_c
image,d#i_wpn_t8_eqp_briefcase_bomb_decals_metal_g
image,d#i_wpn_t8_eqp_briefcase_bomb_decals_metal_c
image,d#i_wpn_t8_eqp_briefcase_bomb_decals_metal_n
image,d#i_wpn_t8_eqp_briefcase_bomb_decals_metal_s
image,#hash_12b97b021dcc649f
image,#i_mtl_p7_soc_fan_ceiling_dmg_metal_01_n
image,#i_mtl_p7_soc_fan_ceiling_dmg_metal_01_m
image,#i_mtl_p7_fir_ladder_hanging_decal04_c
image,d#i_t7_plaster_rough_light_01_micro_n
image,d#i_t7_plaster_rough_light_01_micro_c
image,d#i_veh_t8_mil_heli_light_rotor_blade_m
image,d#i_veh_t8_mil_heli_light_rotor_blade_n
image,#hash_12d0685b6079896b
image,#hash_12d6e88d4b3fceb3
image,#i_mtl_p7_cai_igc_coffee_mug_01_c
image,#i_mtl_p7_cai_igc_coffee_mug_01_n
image,#i_mtl_p7_cai_igc_coffee_mug_01_o
image,#i_p7_foliage_plant_aloe_leaves_dry_g
image,#i_mtl_veh_mphd_tiara_int_01_m
image,#i_mtl_veh_mphd_tiara_int_01_o
image,#i_mtl_veh_mphd_tiara_int_01_n
image,#i_p7_foliage_grass_tussock_r
image,#i_c_t7_warrior_body1_arm_rt_a1_c
image,#i_c_t7_warrior_body1_arm_rt_a1_n
image,#i_mtl_p7_zm_asc_lightbox_lamp_n
image,#i_mtl_p7_zm_asc_lightbox_lamp_g
image,#i_mtl_p7_zm_asc_lightbox_lamp_c
image,#i_veh_mphd_chinook_motor_back_02_n
image,#i_veh_mphd_chinook_motor_back_02_o
image,#i_t7_veh_dlc_decal_grunge_rust_09_c
image,d#i_t8_decal_tech_detail_line_trim_14_r
image,d#i_t8_decal_tech_detail_line_trim_14_o
image,d#i_t8_decal_tech_detail_line_trim_14_n
image,d#i_t8_decal_tech_detail_line_trim_14_c
image,#img_trim_lut_mp_firingrange2_alt
image,#i_mtl_p7_cai_hallway_blocker_dirty_c
image,#i_t7_decal_line_horizontal_black_clear_m
image,d#$thickness_base
image,#i_c_t7_battery_hairshell2_n
image,#i_c_t7_battery_hairshell2_c
image,d#$reveal
image,#i_mtl_p7_jun_net_camo_n
image,#i_mtl_p7_jun_net_camo_c
image,#i_mtl_p7_zm_moo_ship_container_panel_02_rust_m
image,d#fxt_fog_slow_lg_anim
image,d#$camo_base_detail
image,#i_mtl_p7_slu_rollup_door_02_m
image,#i_mtl_p7_foliage_grass_tall_n
image,#i_mtl_p7_foliage_grass_tall_c
image,#hash_139998148bf9075b
image,#i_mtl_p7_fir_foliage_tree_vista_06_proxy_depth
image,#hash_13cc0bddee124633
image,#hash_13cc0fddee124cff
image,#hash_13cc12ddee125218
image,#hash_13cc1eddee12667c
image,#i_t7_decal_painted_camo_digital_r
image,#hash_13d0ee76b1c61d6b
image,#hash_13d0fd76b1c636e8
image,#i_t7_wes_wood_paint_thick_n
image,#i_t7_wes_wood_paint_thick_c
image,#i_t7_wes_wood_paint_thick_g
image,d#i_ct7_blockout_battery_body1_pistol_mr6_plastic_n
image,#i_ct7_blockout_battery_body1_pistol_mr6_plastic_c
image,#i_ct7_blockout_battery_body1_pistol_mr6_plastic_g
image,#i_mtl_p7_fir_hose_rolled_pipe_n
image,#i_mtl_p7_fir_hose_rolled_pipe_m
image,d#i_veh_t8_decal_hole02_c
image,#i_c_t7_battery_body1_armor_ir
image,d#i_c_gen_char_c
image,d#i_c_gen_char_g
image,d#i_c_gen_char_n
image,#i_t7_mud_sludge_wet_03_c
image,d#i_t7_mud_sludge_wet_03_n
image,#i_veh_mphd_chinook_backdoor_01_multi_m
image,d#fxt_spark_grind_anim
image,#i_t7_plastic_building_wrap_n
image,d#i_t7_decal_grunge_charred_stain_01_c
image,#i_t7_decal_grunge_charred_stain_01_g
image,#i_t7_metal_worn_chrome_base_g
image,d#i_veh_t8_mil_heli_light_body_rear_o
image,d#i_veh_t8_mil_heli_light_body_rear_n
image,d#i_veh_t8_mil_heli_light_body_rear_m
image,#i_mtl_veh_mphd_uaz_und_chassis_02_dead_m
image,#i_mtl_p7_signage_caution_explosive_01_c
image,d#i_veh_t8_lumpy01_n
image,#i_mtl_p7_zm_moo_ship_container_panel_06_rust_m
image,#i_t7_decal_damage_crack_line_c
image,#i_t7_decal_damage_crack_line_n
image,#i_t7_decal_damage_crack_line_r
image,#i_mtl_p7_wood_plank_rustic_2x16x48_n
image,#i_mtl_p7_wood_plank_rustic_2x16x48_c
image,#i_t7_ban_dirt_tire_tracks_01_c
image,d#i_t7_micro_metal_dent_01_n
image,#hash_14911fd233b38bb4
image,#i_mtl_p7_debris_trash_snack_bag_07_c
image,#i_mtl_p7_debris_trash_snack_bag_07_n
image,#i_p7_debris_trash_cup_red_02_g
image,#i_c_t7_warrior_body1_straps_ir
image,#hash_14a959f5ab13ee5c
image,d#i_mtl_mtl_veh_t8_decal_screw_hex_inset_a
image,d#fxt_decal_blood_fatal_01_n
image,#i_p7_bucket_janitor_plastic_rolling_s
image,#hash_14e2b0654db4c166
image,#hash_14f56aa20b7e3fe6
image,#i_mtl_p7_sgen_big_bld_ext_wall_dirty02_c
image,#i_mtl_veh_mphd_uaz_wheel_rubber_n
image,#i_mtl_veh_mphd_uaz_wheel_rubber_m
image,#i_mtl_p7_rus_tank_pressure_set_logo_n
image,#i_mtl_p7_rus_tank_pressure_set_logo_c
image,#i_t7_shr_wood_wall_weathered_v2_blend_r
image,d#i_t8_mud_sludge_wet_02_sml_c
image,#i_mtl_veh_mphd_m35_base_wheel01_multi_m
image,#i_t7_zm_gen_painted_concrete_layered_01_c
image,#i_t7_zm_gen_painted_concrete_layered_01_n
image,d#fxt_gib_metal_02
image,d#fxt_gib_metal_01
image,#i_mtl_p7_fir_crate_wood_lrg_weld_c
image,#i_c_t7_techno_body1_forearm_n
image,#i_c_t7_techno_body1_forearm_g
image,#i_c_t7_techno_body1_forearm_c
image,#i_c_t7_techno_body1_forearm_s
image,#i_mtl_veh_mphd_uaz_bumper_02_dead_m
image,d#i_veh_t8_decal_danger_03_c
image,#i_t7_metal_corrugated_rust_s
image,#i_t7_metal_corrugated_rust_n
image,#i_t7_metal_corrugated_rust_g
image,#i_t7_metal_corrugated_rust_c
image,d#i_t7_glass_dirty_streaks_02_sml_g
image,#i_mtl_p7_hedgehog_metal_tile01_c
image,#i_mtl_p7_hedgehog_metal_tile01_n
image,d#i_t7_snow_powder_03_r
image,d#i_veh_t8_decal_greeble_16_t
image,d#i_veh_t8_decal_greeble_16_c
image,d#i_veh_t8_decal_greeble_16_o
image,d#i_veh_t8_decal_greeble_16_n
image,#i_mtl_p7_debris_trash_wrapper_01_c
image,#i_mtl_p7_debris_trash_wrapper_01_n
image,#i_t7_zm_ctl_decal_damage_bullet_plaster_01_c
image,#i_t7_zm_ctl_decal_damage_bullet_plaster_01_n
image,#i_t7_zm_ctl_decal_damage_bullet_plaster_01_o
image,#i_t7_zm_ctl_decal_damage_bullet_plaster_01_r
image,#i_mtl_p7_zm_nac_barrel_explosive_red_lid_n
image,#i_mtl_p7_zm_nac_barrel_explosive_red_lid_g
image,#i_mtl_p7_zm_nac_barrel_explosive_red_lid_c
image,#i_mtl_p7_zm_nac_barrel_explosive_red_lid_s
image,#i_mtl_p7_tape_masking_black_s
image,#i_mtl_p7_tape_masking_black_g
image,#i_mtl_p7_tape_masking_black_c
image,#i_mtl_p7_tape_masking_black_n
image,#i_c_t7_warrior_body1_armor_2_ir
image,d#i_veh_t8_glass_pattern_11_n
image,d#i_veh_t7_dlc_grunge_rust_01_512_r
image,#i_veh_t8_sand_smooth_flat_sml_g
image,#hash_15e06cbd80f1cf93
image,d#i_t7_micro_wood_rough_03_n
image,d#i_t7_micro_wood_rough_03_c
image,d#i_t7_micro_wood_rough_03_g
image,d#hash_15e35aaf7499f28c
image,d#hash_15e35baf7499f43f
image,d#hash_15e35eaf7499f958
image,d#hash_15e36faf749a163b
image,d#i_t7_decal_signage_cai_military_gloss_g
image,d#hash_1607d87fb09b9d11
image,#i_c_t7_battery_black_ir
image,#i_mtl_p7_fir_floodlight_speaker_tall_decal_06_n
image,#i_mtl_p7_fir_floodlight_speaker_tall_decal_06_m
image,d#fxt_spark_single_mask
image,#hash_164ef5b25ea9246e
image,#i_c_t7_warrior_body1_hand_a1_o
image,#i_c_t7_warrior_body1_hand_a1_n
image,#i_c_t7_warrior_body1_hand_a1_g
image,#i_c_t7_warrior_body1_hand_a1_c
image,#i_c_bc_femalesoldier_straps2_g
image,#i_c_bc_femalesoldier_straps2_n
image,#i_t7_fir_wood_planks_r
image,#i_t7_fir_wood_planks_c
image,#i_t7_fir_wood_planks_g
image,#i_t7_fir_wood_planks_o
image,#i_t7_fir_wood_planks_n
image,#i_mtl_p7_cai_door_wood_rustic_01_stains_c
image,d#i_t7_micro_concrete_bare_weathered_02_g
image,d#i_t7_micro_concrete_bare_weathered_02_c
image,d#i_t7_micro_concrete_bare_weathered_02_n
image,d#hash_1690f60a52c6bd69
image,#i_t7_plaster_paint_peel_c
image,d#i_t7_decal_blood_splatter_03_n
image,d#i_t7_decal_blood_splatter_03_c
image,#hash_16b00c2d40e1e4bc
image,#hash_16b00d2d40e1e66f
image,#hash_16b0152d40e1f407
image,d#hash_16b3893e3b9da468
image,#i_t7_asphalt_dirty_dark_desert_c
image,#hash_16c5fd9302b37372
image,#hash_16d218ad36c402d3
image,d#hash_1706580c7a791d33
image,#hash_17123eb06e0406c2
image,#i_t7_micro_concrete_formed_32x32_01_c
image,#hash_171dbd0777059ef3
image,#hash_171dc1077705a5bf
image,#hash_171dc8077705b1a4
image,#hash_171dcd077705ba23
image,#i_veh_mphd_chinook_under_04_multi_m
image,d#i_veh_t8_decal_panel_13_n
image,d#i_veh_t8_decal_panel_13_o
image,d#i_veh_t8_decal_panel_13_c
image,d#i_veh_t8_decal_panel_13_g
image,d#i_veh_t8_decal_panel_13_r
image,#i_mtl_p7_zm_der_light_set_m
image,#i_mtl_p7_zm_der_light_set_n
image,#hash_1752d641c281ab28
image,#hash_176c0d0c651c605f
image,d#i_t8_micro_sand_01_n
image,#i_mtl_p7_global_chainlink_fence_kit_01_n
image,#i_mtl_p7_global_chainlink_fence_kit_01_o
image,d#limbs_c
image,d#limbs_n
image,d#fxt_sparks_rndhit
image,#hash_178c51f21f01ffd0
image,#i_veh_t8_decal_gauge_28_n
image,#i_mtl_t8_license_sing_zurich_decal_digits_0_c
image,d#i_veh_t7_detail_char05_c
image,d#i_veh_t7_detail_char05_g
image,#i_c_t7_techno_head1_hood_c
image,#i_c_t7_techno_head1_hood_g
image,#i_c_t7_techno_head1_hood_n
image,#i_c_t7_techno_head1_hood_m
image,d#core_dirt_dark_n
image,#i_mtl_p7_zm_ori_concrete_wall_damaged_01_bare_n
image,#i_p8_mphd_cardboard_bundle_set02_decal_d_n
image,#i_c_t7_warrior_body1_thighpad_ir
image,d#i_mtl_p7_fir_tank_propane_decal_c
image,d#fxt8_spark_rndhit_core_hdr
image,#i_t7_vista_decal_grunge_burnt_stain_03_r
image,d#i_veh_t8_mil_heli_light_navi_light_m
image,d#i_veh_t8_mil_heli_light_navi_light_o
image,d#i_veh_t8_mil_heli_light_navi_light_n
image,#i_mtl_veh_mphd_forklift_decal06_c
image,d#i_ct7_blockout_battery_body1_shoes_o
image,d#i_ct7_blockout_battery_body1_shoes_n
image,d#i_ct7_blockout_battery_body1_shoes_g
image,d#i_ct7_blockout_battery_body1_shoes_c
image,d#i_t7_plastic_fiberglass_bench_g
image,d#i_veh_t8_detail_stucco_01
image,#hash_17f408decf0b3da8
image,d#i_t7_concrete_painted_wet_white_c
image,#hash_17fb98968f46a4c6
image,d#i_mtl_p7_fir_generator_diesel_01_m
image,d#i_mtl_p7_fir_generator_diesel_01_n
image,d#i_mtl_p7_fir_generator_diesel_01_o
image,#i_veh_t7_dlc_letter_a_st2_c
image,#hash_180a4c463f1b6154
image,#hash_182c76ec347592f0
image,d#i_t8_zm_gla_nor_stone_marble_floor_01_g
image,d#i_veh_t8_mil_heli_light_body_front_ir
image,#hash_1847399234427036
image,#hash_185d0b2f5b293c88
image,d#i_t8_decal_tech_detail_high_tech_05_o
image,d#i_t8_decal_tech_detail_high_tech_05_n
image,d#i_t8_decal_tech_detail_high_tech_05_g
image,d#i_t8_decal_tech_detail_high_tech_05_c
image,#i_c_t7_techno_body1_forearm_ir
image,#i_mtl_veh_mphd_uaz_door_01_dead_m
image,d#i_t7_micro_cloth_tarp_n
image,#i_mtl_p7_mou_keybox_case_set_01_n
image,#i_mtl_p7_mou_keybox_case_set_01_c
image,d#i_t8_decal_grunge_rust_04_sml_c
image,#i_c_t7_battery_body1_webgear_ir
image,#hash_18b247575dc7ac2f
image,d#i_veh_t8_wallpaintchipped_3_c
image,d#i_t8_damage_decal_scratches_scrapes_01_sml_r
image,#i_veh_mphd_chinook_frame_03_o
image,#i_veh_mphd_chinook_frame_03_n
image,#i_mtl_p7_sandbag_02_c
image,#i_t7_decal_signage_restroom_men_c
image,#i_t7_metal_worn_iron_dark_c
image,#i_t7_metal_worn_iron_dark_g
image,#i_t7_metal_worn_iron_dark_m
image,#i_t7_metal_worn_iron_dark_s
image,d#i_t7_micro_wood_oak_32x32_unfinished_c
image,d#i_t7_micro_wood_oak_32x32_unfinished_g
image,d#i_t7_micro_wood_oak_32x32_unfinished_n
image,#i_mtl_p8_fir_ammo_crate_rope_n
image,#i_mtl_p8_fir_ammo_crate_rope_o
image,d#fxt8_debris_ember_mask
image,#hash_1925c18faf3b3940
image,#i_t7_zm_ctl_wood_rough_01_n
image,#i_t7_zm_ctl_wood_rough_01_c
image,#hash_193a00e62e9c4f97
image,#i_mtl_p7_foliage_palm_cluster_leaf_dead_c
image,#hash_194c76da7bb56659
image,#cookie_flicker03
image,#i_t7_out_decal_grunge_dirt_r
image,d#i_t7_decal_grunge_wet_wall_stain_c
image,#i_veh_mphd_chinook_frame_06_multi_m
image,#i_mtl_p7_corrugated_sheet_metal_rust_03_proxy_specular
image,d#i_mtl_p7_blast_wall_concrete_decal_c
image,#i_mtl_p7_zm_moo_ship_container_frame_04_rust_m
image,#i_mtl_veh_mphd_uaz_body_02_m
image,#i_mtl_veh_mphd_uaz_body_02_n
image,#i_mtl_veh_mphd_uaz_body_02_o
image,#i_mtl_p7_debris_asphalt_chunks_md_05_c
image,#i_mtl_p7_debris_asphalt_chunks_md_05_n
image,#i_mtl_p7_fir_foliage_grass_tall_proxy_normal
image,#i_t7_sand_eroded_n
image,#i_t7_sand_eroded_r
image,d#i_mtl_veh_mphd_forklift_decal09_c
image,#i_c_t7_battery_body1_thrusters_ao
image,#i_t7_decal_damage_concrete_cracks_04_r
image,#i_t7_decal_damage_concrete_cracks_04_n
image,#i_t7_decal_damage_concrete_cracks_04_c
image,#hash_19f928875bf218b0
image,#i_p8_mphd_towel_a_n_3
image,#i_p8_mphd_towel_a_n_4
image,#hash_1a243c998defa220
image,d#i_t7_detail_hexagon_01
image,d#i_t8_decal_nail_01_g
image,d#i_t8_decal_nail_01_c
image,#hash_1a428368d6b5f86f
image,#i_mtl_p8_col_vista_foliage_jungle_stem_03_n
image,#i_mtl_p8_col_vista_foliage_jungle_stem_03_c
image,#i_mtl_p7_mou_coiled_wire_cut_n
image,#i_mtl_p7_mou_coiled_wire_cut_c
image,#i_p7_hose_01_rubber_g
image,#i_c_t7_warrior_body1_thighpad_n
image,#i_c_t7_warrior_body1_thighpad_o
image,#i_c_t7_warrior_body1_thighpad_c
image,d#i_t7_decal_grunge_concrete_drip_01_blend_r
image,d#i_mtl_veh_mphd_forklift_bottom_o
image,d#i_mtl_veh_mphd_forklift_bottom_n
image,d#fxt8_light_ray_wide_soft_mask
image,#hash_1a6720e6dd918219
image,d#i_t7_decal_grunge_bottom_02_c
image,d#i_t8_micro_stone_slate_01_c
image,#i_t8_decal_signage_caution_pressure_r
image,d#i_t7_veh_decal_panel_01_n
image,d#i_t7_veh_decal_panel_01_o
image,#hash_1a84e173a570947c
image,#hash_1a84e473a5709995
image,#i_mtl_p7_fir_air_conditioner_decal_dirt_01_c
image,#i_mtl_veh_mphd_m35_base_decal04_c
image,#hash_1a8b63d5a4db2049
image,#i_mtl_p7_rus_pipe_vent_n
image,#i_mtl_p7_rus_pipe_vent_c
image,#i_t7_ban_decal_grunge_rust_corrosion_c
image,#i_t7_ban_decal_grunge_rust_corrosion_n
image,#i_t7_ban_decal_grunge_rust_corrosion_r
image,#i_mtl_p7_cai_butcher_meat_hooks_g
image,#i_mtl_p7_cai_butcher_meat_hooks_n
image,#i_mtl_p7_cai_butcher_meat_hooks_s
image,#hash_1a9da401d48d04a0
image,#hash_1a9da501d48d0653
image,#i_mtl_veh_mphd_uaz_body_02_dead_m
image,#core_dirt_med_c
image,#core_dirt_med_n
image,#mtl_i_p7_mou_cable_protector_main_r
image,#mtl_i_p7_mou_cable_protector_main_n
image,#i_mtl_veh_mphd_m35_base_wheel02_multi_m
image,#i_veh_t7_dlc_number_3_st2_c
image,#i_t7_rock_gravel_varied_r
image,#i_t7_rock_gravel_varied_n
image,#i_t7_rock_gravel_varied_c
image,#hash_1b1f0776b58656e6
image,#hash_1b1f1876b58673c9
image,#i_mtl_p7_fir_rock_boulder_lrg_02_e_m
image,#i_mtl_p7_fir_rock_boulder_lrg_02_e_n
image,#i_t7_decal_grunge_wall_stain_01_n
image,d#i_t7_decal_grunge_wall_stain_01_c
image,d#i_t7_decal_grunge_wall_stain_01_r
image,#i_veh_t7_dlc_number_6_st2_c
image,d#fxt8_liquid_string
image,#i_mtl_veh_mphd_m35_base_chassis02_multi_m
image,d#i_t7_micro_wood_worn_brown_n
image,d#i_t7_micro_wood_worn_brown_c
image,#i_t7_micro_wood_worn_brown_g
image,#i_mtl_p7_box_cardboard_tape_c
image,#i_mtl_p7_box_cardboard_tape_n
image,d#i_t8_micro_cloth_carpet_backing_01_n
image,d#i_veh_t8_mil_heli_light_body_front_m
image,d#i_veh_t8_mil_heli_light_body_front_n
image,d#i_veh_t8_mil_heli_light_body_front_o
image,#i_mtl_p7_fir_targetdummy_rail_n
image,#i_mtl_p7_fir_targetdummy_rail_r
image,#i_mtl_p8_mphd_ammo_box_wood_set_metal_m
image,#i_mtl_p8_mphd_ammo_box_wood_set_metal_n
image,#hash_1b8fff1ad52822db
image,#hash_1b90001ad528248e
image,#hash_1b94ef302f8b1ebd
image,#i_mtl_veh_mphd_m35_base_chassis01_o
image,#i_mtl_veh_mphd_m35_base_chassis01_n
image,#hash_1bc2e51a7500a649
image,d#i_t8_micro_sand_rocky_01_g
image,d#i_t8_micro_sand_flat_01_n
image,#i_t7_metal_copper_oxidized_02_g
image,#i_mtl_p7_fir_bullet_pile_metal_01_m
image,d#i_t8_decal_tech_detail_bolt_05_c
image,d#fxt8_spark_round_hdr
image,#hash_1c1a7502eeed39ab
image,#hash_1c1a7602eeed3b5e
image,d#i_t7_veh_decal_bolt_06_o
image,#hash_1c3fa115898c7418
image,#hash_1c3fad15898c887c
image,#hash_1c4d37ad6df0aef3
image,#i_c_t7_warrior_head1_skin1_c
image,#hash_1c68d59402bfd397
image,d#i_t7_decal_grunge_charred_stain_02_c
image,#i_mtl_p7_zm_ctl_light_cage_set_01_n
image,#i_mtl_p7_zm_ctl_light_cage_set_01_m
image,d#i_t7_metal_grating_expanded_01_n
image,#i_t7_metal_grating_expanded_01_o
image,#i_t7_metal_grating_expanded_01_c
image,d#i_mtl_veh_t7_decal_voltage_c
image,d#i_gph_t7_metal_painted_blk02_n
image,#i_t7_wood_planks_splintered_rvl_r
image,d#i_veh_t8_weathered_paint_02b_c
image,d#i_t7_snow_powder_02_c
image,#i_mtl_p7_fir_pallete_ammo_wood_set_wood_02_m
image,d#i_veh_t8_metal_painted_01_c
image,#i_veh_mphd_chinook_motor_back_01_o
image,#i_veh_mphd_chinook_motor_back_01_n
image,#hash_1ce1b229f4fdf020
image,#hash_1cee5029e008e1c5
image,#i_t7_ban_decal_grunge_rust_stain_01_c
image,d#i_t8_decal_tech_detail_high_tech_86_c
image,#i_mtl_p7_barbed_wire_01_n
image,#i_mtl_p7_barbed_wire_01_c
image,d#i_mtl_p8_news_age_decal_grunge_fingerprint_t
image,#i_mtl_p8_mphd_ammo_box_wood_set_buckle_n
image,#i_mtl_p7_fir_foliage_tree_vista_06_proxy_specular
image,#hash_1d3941b69d44f358
image,#i_p7_vent_wall_metal_01_s
image,#i_p7_vent_wall_metal_01_n
image,#i_p7_vent_wall_metal_01_o
image,#i_p7_vent_wall_metal_01_g
image,#i_p7_vent_wall_metal_01_c
image,#i_mtl_p7_fir_rock_med_01_m
image,#i_mtl_p7_fir_rock_med_01_n
image,d#$white_diffuse
image,#i_mtl_p7_zm_moo_ship_container_frame_02_rust_m
image,d#i_veh_t8_decal_bolt_05_c
image,d#i_veh_t8_decal_bolt_05_n
image,d#i_veh_t8_decal_bolt_05_o
image,#i_c_t7_techno_head1_skin_o
image,#i_mtl_p7_slu_pole_chainlink_fence_metal_m
image,#i_mtl_p7_slu_pole_chainlink_fence_metal_n
image,d#i_mtl_veh_t8_decal_panel_61_r
image,d#i_mtl_veh_t8_decal_panel_61_o
image,d#i_mtl_veh_t8_decal_panel_61_n
image,d#i_c_54i_assault_pouch_n
image,#i_c_54i_assault_pouch_g
image,d#fxt_shockwave_elec_anim
image,#i_t7_decal_grunge_brick_color_faded_c
image,#hash_1dca9540c2ec5575
image,#i_t7_dirt_rocky_01_c
image,#i_t7_dirt_rocky_01_n
image,d#i_t7_detail_styrofoam_01
image,#i_t7_shr_wood_wall_weathered_c
image,#i_t7_shr_wood_wall_weathered_n
image,#i_t7_shr_wood_wall_weathered_o
image,#i_mtl_p7_dock_wood_rustic_set_decal_05_n
image,d#i_mtl_p7_dock_wood_rustic_set_decal_05_c
image,#i_veh_t7_dlc_number_1_st2_c
image,#i_mtl_p7_zm_moo_ship_container_panel_03_n
image,#i_t7_zm_asc_corrugated_metal_painted_m
image,#i_mtl_p7_electrical_box_set2_boxes_n
image,#i_mtl_p7_electrical_box_set2_boxes_c
image,#i_mtl_p7_mou_tank_propane_bottle_long_dirt_c
image,#i_mtl_p7_debris_trash_cup_coffee_01_c
image,#i_mtl_p7_debris_trash_cup_coffee_01_n
image,#i_mtl_p7_rus_debris_paper_set_paper_n
image,#i_mtl_p7_rus_debris_paper_set_paper_c
image,#i_mtl_p7_fir_foliage_tree_palm_fan03_proxy_normal
image,#i_c_t7_warrior_body1_arm_lt_a1_ir
image,d#i_mtl_p8_mp_flag_pole_01_n
image,d#i_mtl_p8_mp_flag_pole_01_o
image,d#i_mtl_p8_mp_flag_pole_01_m
image,#i_t7_water_muddy_flow_c
image,d#i_mtl_p8_mp_flag_pole_01_c
image,#i_mtl_p7_signage_caution_back_02_g
image,#i_mtl_p7_signage_caution_back_02_c
image,#i_mtl_p7_zm_moo_ship_container_panel_10_rust_m
image,d#i_veh_t8_mil_heli_light_int_ir
image,#i_mtl_p7_foliage_palm_cluster_leaf_n
image,#i_c_t7_battery_ammo_belt_n
image,#i_c_t7_battery_ammo_belt_c
image,#i_c_t7_techno_body1_arm_left_ir
image,d#i_t7_micro_metal_handrail_01_s
image,d#i_t7_micro_metal_handrail_01_c
image,d#i_t7_micro_metal_handrail_01_g
image,d#i_t7_micro_metal_handrail_01_n
image,#i_c_t7_warrior_body1_hand_b1_n
image,#i_c_t7_warrior_body1_hand_b1_g
image,#i_mtl_p7_zm_ctl_suit_armor_decal_01_n
image,#i_mtl_p7_zm_ctl_suit_armor_decal_01_c
image,#i_veh_mphd_chinook_jungle_glass_c
image,#i_veh_mphd_chinook_jungle_glass_g
image,#hash_1ed47b4734072967
image,d#i_veh_t8_mil_heli_attack_rotor_n
image,d#i_veh_t8_mil_heli_attack_rotor_o
image,#i_t7_zm_ctl_wood_plank_wide_01_worn_c
image,#i_t7_zm_ctl_wood_plank_wide_01_worn_n
image,#i_t7_rock_sand_crumbled_large_r
image,#i_t7_rock_sand_crumbled_large_o
image,#i_t7_rock_sand_crumbled_large_n
image,#i_t7_rock_sand_crumbled_large_c
image,#i_mtl_p7_fir_floodlight_speaker_tall_weld_c
image,#hash_1ef0850a860b59b0
image,d#i_veh_t7_drone_attack_rocketpods_highres_paintedmetal_g
image,d#i_veh_t7_drone_attack_rocketpods_highres_paintedmetal_n
image,d#i_veh_t8_decal_greeble_07_r
image,d#i_veh_t8_decal_greeble_07_n
image,d#i_veh_t8_decal_greeble_07_c
image,#i_veh_mphd_chinook_under_05_multi_m
image,d#i_veh_t8_decal_gauge_11_c
image,d#$white_diffuse_hdr
image,#i_mtl_p7_fir_rock_boulder_med_01_n
image,#i_mtl_p7_fir_rock_boulder_med_01_m
image,d#i_t8_decal_graphics_caution_stripe_01_m
image,d#i_t8_decal_graphics_caution_stripe_01_c
image,d#i_t8_decal_graphics_caution_stripe_01_r
image,#i_c_t7_warrior_body1_egypt_gear_6_c
image,d#i_t8_decal_tech_detail_low_tech_01_o
image,d#i_t8_decal_tech_detail_low_tech_01_n
image,d#i_t8_decal_tech_detail_low_tech_01_c
image,d#i_t8_decal_tech_detail_low_tech_01_r
image,#i_mtl_veh_mphd_m35_base_chassis01_multi_m
image,#hash_1f8aadc39e72718d
image,d#i_veh_t8_decal_text_no_handle_c
image,#hash_1f9dde7702bf7f80
image,#hash_1f9dfa7702bfaf14
image,#i_mtl_p7_fir_crate_wood_lrg_decal_03_n
image,#i_mtl_p7_fir_crate_wood_lrg_decal_03_c
image,#i_c_t7_techno_body1_boot_ir
image,#i_p7_light_work_utility_hanging_small_c
image,#i_p7_light_work_utility_hanging_small_g
image,#i_p7_light_work_utility_hanging_small_s
image,#i_p7_light_work_utility_hanging_small_t
image,d#hash_1fabe612f6baa94e
image,#hash_1fb6f82ae7a3e068
image,d#i_t8_micro_metal_wall_rough_g
image,d#i_t8_micro_metal_wall_rough_n
image,#i_t7_decal_plastic_mylar_crinkle_n
image,d#i_mtl_p7_fir_foliage_tree_palm_decal_01_c
image,d#i_mtl_p7_fir_foliage_tree_palm_decal_01_n
image,d#i_wz_t8_mp_spe_buffer_body1_syringe_pouch_n
image,d#i_wz_t8_mp_spe_buffer_body1_syringe_pouch_c
image,#i_mtl_veh_mphd_tiara_wheel_dead_m
image,#i_mtl_p7_debris_trash_wrapper_02_c
image,#i_mtl_p7_debris_trash_wrapper_02_n
image,d#i_mtl_p7_fir_generator_diesel_02_o
image,d#i_mtl_p7_fir_generator_diesel_02_n
image,d#i_mtl_p7_fir_generator_diesel_02_m
image,d#i_t8_decal_signage_caution_stripes_slanted_sml_c
image,#i_c_gen_head_thickness_1_t
image,#i_veh_mphd_chinook_frame_02_n
image,#i_veh_mphd_chinook_frame_02_o
image,d#$snow
image,d#i_t8_micro_metal_galvanized_01_n
image,d#i_t8_micro_metal_galvanized_01_g
image,#i_t7_micro_wood_plank_01_g
image,#i_t7_micro_wood_plank_01_c
image,#i_t7_micro_wood_plank_01_n
image,d#i_veh_t8_glass_pattern_10_n
image,#i_mtl_p7_rus_pipe_vent_metal_decal_rust_c
image,d#fxt_water_splash_spread_anim
image,#i_fir_bathroom_sink_tubing_rust_decal_r
image,d#hash_209882af7b3f2184
image,d#hash_209883af7b3f2337
image,d#hash_209886af7b3f2850
image,d#$thickness
image,#hash_20aa0955622874cf
image,#hash_20ae9f3b1860a4fd
image,#i_p8_mp_bomb_crate_whole_destroyed_burned_n
image,#i_p8_mp_bomb_crate_whole_destroyed_burned_c
image,d#i_mtl_p_dest_water_fountain01_decal_06_n
image,d#i_mtl_p_dest_water_fountain01_decal_06_c
image,#i_c_t7_outrider_body3_gear1_g
image,#i_c_t7_outrider_body3_gear1_c
image,#i_c_t7_outrider_body3_gear1_o
image,#i_c_t7_outrider_body3_gear1_n
image,#hash_20cf00a8760f72b3
image,#hash_20cf04a8760f797f
image,#hash_20cf07a8760f7e98
image,#hash_20cf08a8760f804b
image,#i_c_t7_techno_body1_arm_rt_c_c
image,#i_c_t7_techno_body1_arm_rt_c_g
image,#i_c_t7_techno_body1_arm_rt_c_o
image,#i_c_t7_techno_body1_arm_rt_c_n
image,#i_c_t7_techno_body1_arm_rt_c_s
image,#i_t7_rock_granite_bukit_rough_n
image,d#i_c_t7_gunslinger_fabric_n
image,#hash_20f1198918d1b78c
image,#hash_20f11b8918d1baf2
image,#hash_20f11c8918d1bca5
image,#i_mtl_p8_zm_esc_cell_bed_decal_04_c
image,#i_mtl_p8_zm_esc_cell_bed_decal_04_n
image,#i_t7_rubble_concrete_sm_blend_r
image,#i_t7_rubble_concrete_sm_blend_n
image,#i_t7_rubble_concrete_sm_blend_c
image,#i_veh_mphd_m35_bed_n
image,#i_veh_mphd_m35_bed_c
image,#hash_2107dd169e04c80a
image,#i_mtl_p7_debris_asphalt_chunks_md_06_c
image,#i_mtl_p7_debris_asphalt_chunks_md_06_n
image,#i_mtl_p7_foliage_grass_large_t
image,#i_mtl_p7_foliage_grass_large_n
image,d#i_p8_mp_bomb_crate_palette_no_step_caution_c
image,#hash_211ac87caa912c7a
image,#i_t7_decal_grunge_leakage_01_c
image,d#i_t7_micro_stone_jagged_n
image,#hash_21344a7899f82d19
image,#hash_2134557899f83fca
image,#i_rubble_concrete_dust01_c
image,#i_rubble_concrete_dust01_n
image,#i_t7_sand_smooth_01_g
image,d#hash_214aa78a3ee9df1d
image,#hash_2150a97f4e3ed673
image,#i_mtl_p7_fir_foliage_tree_vista_01_group_proxy_distance
image,#hash_21651aaac9620a9b
image,d#i_t8_decal_tech_detail_panel_06_sml_n
image,d#i_t8_decal_tech_detail_panel_06_sml_g
image,d#i_t8_decal_tech_detail_panel_06_sml_r
image,#i_mtl_t8_license_sing_zurich_decal_digits_7_n
image,#i_mtl_t8_license_sing_zurich_decal_digits_7_c
image,#i_mtl_p7_mou_folder_manila_set_n
image,#i_mtl_p7_mou_folder_manila_set_m
image,d#i_t7_wes_wood_micro_01_c
image,d#i_t7_wes_wood_micro_01_n
image,d#hash_21c994e4ffbdd39f
image,d#fxt8_dust_mote_bokeh
image,#i_mtl_veh_mphd_uaz_body_01_o
image,#i_mtl_veh_mphd_uaz_body_01_n
image,#i_mtl_veh_mphd_uaz_body_01_m
image,#i_mtl_p7_fir_foliage_grass_01_c
image,#i_mtl_p7_fir_foliage_grass_01_t
image,#i_mtl_p7_zm_asc_light_emergency_m
image,#i_mtl_p7_zm_asc_light_emergency_n
image,#i_t7_glass_dirty_streaks_n
image,#i_mtl_p7_zm_moo_ship_container_frame_05_rust_m
image,#i_c_t7_techno_body1_gear_g
image,#i_c_t7_techno_body1_gear_c
image,#i_c_t7_techno_body1_gear_n
image,#i_c_t7_techno_body1_gear_s
image,#i_mtl_p7_debris_glass_shards_n
image,d#fxt_exp_billow_md_anim_mask
image,#i_t8_snow_ice_slushed_r
image,d#i_mtl_veh_t8_industrial_scissor_lift_metal_512_r
image,#i_t7_decal_target_male_01_c
image,#i_t7_decal_target_male_01_n
image,#i_mtl_p7_shr_rock_set_01_c
image,#i_mtl_p7_shr_rock_set_01_n
image,#i_mtl_p7_zm_moo_ship_container_panel_04_rust_m
image,#hash_2271b679f1bc024f
image,d#i_t7_graphic_display_keypad_03_generic_c
image,#i_mtl_p8_col_vista_foliage_jungle_stem_02_c
image,#i_mtl_p8_col_vista_foliage_jungle_stem_02_n
image,#i_mtl_p7_fir_rock_boulder_lrg_02_f_n
image,#i_mtl_p7_fir_rock_boulder_lrg_02_f_m
image,#hash_227fc7e518db6756
image,#hash_228f1e492fc2a2fa
image,#i_t7_decal_signage_street_lines_white_c
image,#i_t7_wes_dirt_chunky_01_c
image,#i_t7_wes_dirt_chunky_01_n
image,#i_t7_wes_dirt_chunky_01_r
image,#i_mtl_veh_mphd_forklift_decal07_c
image,#i_t7_wood_burned_r
image,#i_t7_wood_burned_c
image,#i_t7_wood_burned_n
image,#i_mtl_p8_zm_esc_crate_wood_sml_nail_n
image,#i_t7_cobweb_tangled_01_n
image,#i_t7_cobweb_tangled_01_c
image,#i_mtl_p8_zm_esc_crate_wood_sml_nail_s
image,#i_p8_mp_bomb_crate_whole_destroyed_green_c
image,#i_p8_mp_bomb_crate_whole_destroyed_green_n
image,d#i_t7_detail_drywall_01
image,d#i_t7_decal_grunge_wall_scratch_marks_s
image,d#i_t7_decal_grunge_wall_scratch_marks_c
image,d#i_t7_decal_grunge_wall_scratch_marks_g
image,d#i_t7_decal_grunge_wall_scratch_marks_n
image,#hash_22b9111f637b6e9c
image,#hash_22b9161f637b771b
image,#i_t7_asphalt_plain_01_light_c
image,d#i_t7_decal_line_horizontal_chipped_edges_n
image,d#i_t7_decal_line_horizontal_chipped_edges_c
image,d#$black_color
image,d#i_mtl_veh_mphd_forklift_cockpit_o
image,d#i_mtl_veh_mphd_forklift_cockpit_n
image,#i_t7_concrete_edge_crease_seam_01_n
image,#i_mtl_p7_fir_sign_matcu_airfield_wood_r
image,#i_c_t7_techno_body1_boot_n
image,#i_c_t7_techno_body1_boot_o
image,#i_c_t7_techno_body1_boot_c
image,#i_c_t7_techno_body1_boot_g
image,#i_c_t7_techno_body1_boot_s
image,#i_mtl_p7_fir_floodlight_speaker_tall_concrete_n
image,#i_mtl_p7_fir_floodlight_speaker_tall_concrete_m
image,#i_mtl_p7_fir_floodlight_speaker_tall_concrete_c
image,d#i_generic_filter_bubble_wash2
image,#i_mtl_p7_jun_foliage_bush_01_proxy_specular
image,d#i_veh_t8_mil_heli_light_body_mid_ir
image,#i_p8_mp_bomb_crate_whole_destroyed_burned02_c
image,#hash_238c524b7f366684
image,#hash_238c554b7f366b9d
image,#i_mtl_p7_bullet_piles_n
image,#i_mtl_p7_bullet_piles_g
image,#hash_23a358895dd728ec
image,#i_mtl_p7_fir_wheel_gate_dirt_c
image,#hash_23c12d6cc4d014a0
image,#hash_23c12f6cc4d01806
image,#hash_23c1306cc4d019b9
image,d#i_veh_t8_decal_text_2424_c
image,d#i_t7_micro_carbon_fiber_01_g
image,d#i_mtl_p7_3arc_park_plaster_popcorn_n
image,#i_t7_fir_metal_corrugated_rust_bend_o
image,#i_t7_fir_metal_corrugated_rust_bend_n
image,#i_t7_fir_metal_corrugated_rust_bend_c
image,#i_t7_fir_metal_corrugated_rust_bend_s
image,#i_t7_ram_water_moat_n
image,#i_c_t7_battery_20_ir
image,d#i_veh_t8_decal_latch_14_c
image,d#i_veh_t8_decal_latch_14_o
image,d#i_veh_t8_decal_latch_14_n
image,d#i_veh_t8_decal_latch_14_r
image,d#i_c_hro_player_cyberarm_viewarm_g
image,d#i_c_hro_player_cyberarm_viewarm_o
image,d#i_c_hro_player_cyberarm_viewarm_n
image,d#i_c_hro_player_cyberarm_viewarm_s
image,#i_mtl_p7_wall_wood_rustic_paintwood_c
image,#i_mtl_p7_wall_wood_rustic_paintwood_n
image,#i_mtl_veh_mphd_uaz_decal_s
image,#i_mtl_veh_mphd_uaz_decal_n
image,#i_mtl_veh_mphd_uaz_decal_c
image,#hash_24300629f8be8ddc
image,#hash_24300729f8be8f8f
image,#hash_24300b29f8be965b
image,#hash_24300f29f8be9d27
image,#i_t7_zm_shi_wood_planks_worn_wide_01_n
image,#i_t7_zm_shi_wood_planks_worn_wide_01_c
image,#i_t7_zm_shi_wood_planks_worn_wide_01_g
image,d#fxt8_fire_md_lick_dissipate_anim_alpha
image,#i_mtl_p7_mou_foliage_brush_snow_grass_leaves_n
image,#i_mtl_p7_mou_foliage_brush_snow_grass_leaves_c
image,#i_mtl_p7_mou_foliage_brush_snow_grass_leaves_t
image,d#fxt8_liquid_radial
image,d#i_t8_decal_damage_scratch_marks_01_c
image,d#i_t8_decal_damage_scratch_marks_01_g
image,d#i_t8_decal_damage_scratch_marks_01_n
image,d#i_t8_decal_damage_scratch_marks_01_s
image,d#fxt_decal_blood_nonfatal_01
image,d#fxt_decal_blood_nonfatal_02
image,#i_t7_decal_grunge_wood_scratches_c
image,#i_t7_zm_isl_metal_bare_01_rust_r
image,d#i_t7_zm_isl_metal_bare_01_rust_n
image,#hash_2481e118eba596f1
image,#hash_2481ed18eba5ab55
image,#i_mtl_veh_mphd_uaz_dials_c
image,#i_veh_mphd_chinook_motor_front_o
image,#i_veh_mphd_chinook_motor_front_n
image,#i_veh_mphd_chinook_motor_front_r
image,#i_mtl_p7_fir_cabinet_wood_set_wood_03_m
image,d#i_t7_cloth_leather_white_c
image,d#fxt8_light_ray_wide_soft
image,#i_veh_t8_decal_bolt_06_r
image,#i_veh_t8_decal_bolt_06_n
image,#i_veh_t8_decal_bolt_06_c
image,#i_mtl_p7_jun_corrugated_metal_base_01_m
image,#i_mtl_p7_jun_corrugated_metal_base_01_n
image,#hash_24c23a17b3ccdc9c
image,#hash_24c23f17b3cce51b
image,#hash_24d10cd076bb6282
image,#i_p7_fir_bathroom_mop_wood_decal_r
image,d#fxt_debri_trash_multiple
image,#hash_25070f62a411a420
image,#hash_25071062a411a5d3
image,#hash_25071c62a411ba37
image,#i_mtl_p7_ban_cave_beams_n
image,#i_mtl_p7_ban_cave_beams_o
image,#i_mtl_p7_ban_cave_beams_c
image,#i_c_t7_warrior_body1_pants_mask
image,d#i_veh_t8_metal_bare_scuffed_02_g
image,#i_mtl_p7_fir_sign_matcu_airfield_number_r
image,d#fxt_water_ripple_anim
image,d#fxt8_light_ray_solid_wide_mask
image,#i_t7_glass_dirty_gold_opaque_g
image,#i_t7_glass_dirty_gold_opaque_s
image,#hash_254a3d961ed88aa8
image,#hash_254a3e961ed88c5b
image,#hash_254a3f961ed88e0e
image,d#fxt8_spark_rndhit_hdr
image,#i_mtl_p7_rus_lamp_tinhat_bulb_small_t
image,#i_mtl_p7_jun_corrugated_metal_4x8_proxy_normal
image,#i_mtl_p7_fir_signage_metal_exit_light_e
image,#i_mtl_p7_fir_gate_rolling_set_painted_01_m
image,d#i_veh_t8_decal_greeble_21_r
image,d#i_veh_t8_decal_greeble_21_o
image,d#i_veh_t8_decal_greeble_21_n
image,#i_t7_metal_painted_wall_dirty_grey_n
image,d#core_rock_dark_g
image,d#i_mtl_p7_fir_foliage_tree_palm_trunk_06_m
image,d#i_mtl_p7_fir_foliage_tree_palm_trunk_06_n
image,#i_t7_zm_sta_wood_oak_varnished_int_worn_r
image,#i_mtl_p7_zm_ver_shower_metal_n
image,#i_mtl_p7_zm_ver_shower_metal_m
image,#hash_25ac8b17174526c8
image,#hash_25ac8d1717452a2e
image,#hash_25db9c17b1eea500
image,#hash_25dba017b1eeabcc
image,#hash_25dba417b1eeb298
image,#hash_25dba517b1eeb44b
image,d#i_wpn_t8_eqp_briefcase_bomb_decals_c
image,#i_mtl_p7_fir_sign_matcu_airfield_wood_frame_r
image,#i_mtl_p7_zm_moo_ship_container_panel_02_n
image,d#i_t7_detail_cotton_01
image,#i_mtl_p7_zm_nac_bucket_decal_r
image,d#fxt8_spark_streak_abnorm_alpha
image,#i_mtl_p7_zm_nac_barrel_explosive_signage_fire_c
image,#hash_2649f036925fa1d8
image,#hash_2649f336925fa6f1
image,#hash_264a0dc7ac333271
image,#i_mtl_p8_mphd_ammo_box_wood_04_bullets_01_m
image,#i_mtl_p8_mphd_ammo_box_wood_04_bullets_01_n
image,#i_mtl_p8_mphd_ammo_box_wood_04_bullets_01_o
image,d#i_t8_micro_cloth_burlap_01_n
image,d#i_t8_micro_cloth_burlap_01_c
image,#i_c_hro_rachel_egypt_pouch_3_g
image,d#i_veh_t8_decal_gauge_10_n
image,#i_c_hro_rachel_egypt_pouch_3_n
image,d#i_veh_t8_decal_gauge_10_g
image,d#i_veh_t8_decal_gauge_10_c
image,#i_t7_rubble_concrete_md_blend_r
image,#i_t7_rubble_concrete_md_blend_c
image,#i_t7_rubble_concrete_md_blend_n
image,#i_t7_dlc1_wood_pine_smooth_n
image,#i_t7_dlc1_wood_pine_smooth_c
image,d#fxt_fog_slow_md_anim
image,#hash_26a3b1b197bdddec
image,#hash_26a3b6b197bde66b
image,d#i_nodraw_decal
image,d#i_t7_decal_bullet_wood_02_n
image,d#i_t7_decal_bullet_wood_02_c
image,d#i_veh_t8_decal_grunge_rust_09_c
image,d#$specular
image,#i_mtl_p7_foliage_grass_tussock_n
image,#i_t7_fir_metal_wall_corrugated_n
image,#i_t7_fir_metal_wall_corrugated_c
image,#i_t7_fir_metal_wall_corrugated_g
image,#i_t7_fir_metal_wall_corrugated_s
image,#i_t7_fir_metal_wall_corrugated_r
image,#i_c_t7_warrior_body1_view_arm_b_c
image,#i_t7_fir_plywood_recycled_c
image,#i_t7_fir_plywood_recycled_n
image,d#i_wz_t8_mp_spe_buffer_body1_scisors_s
image,d#i_wz_t8_mp_spe_buffer_body1_scisors_g
image,d#i_wz_t8_mp_spe_buffer_body1_scisors_c
image,d#i_wz_t8_mp_spe_buffer_body1_scisors_n
image,#hash_2700c8209d95b91e
image,d#i_veh_t8_plastic_base_clean_g
image,d#afr_dirt_clay_01_nml
image,d#fxt8_spark_rndhit_core_alpha
image,#i_veh_mphd_chinook_reactor_01_n
image,#i_veh_mphd_chinook_reactor_01_o
image,#i_t7_wood_beam_worn_oak_c
image,#i_t7_wood_beam_worn_oak_n
image,#hash_273575846749d06b
image,#hash_273579846749d737
image,#i_t7_linoleum_floor_tile_grout_c
image,#i_t7_linoleum_floor_tile_grout_n
image,#i_t7_dlc1_glass_window_warehouse_c
image,#i_t7_dlc1_glass_window_warehouse_g
image,#i_t7_dlc1_glass_window_warehouse_n
image,#i_t7_dlc1_glass_window_warehouse_t
image,#hash_275326af09797bac
image,d#i_t8_decal_grunge_burn_01_c
image,#i_t7_metal_trim_plasma_cut_melted_01_c
image,#i_t7_metal_trim_plasma_cut_melted_01_g
image,#i_t7_metal_trim_plasma_cut_melted_01_n
image,#i_t7_metal_trim_plasma_cut_melted_01_o
image,d#i_mtl_p8_mp_flag_base_01_c
image,d#i_mtl_p8_mp_flag_base_01_m
image,d#i_mtl_p8_mp_flag_base_01_o
image,d#i_mtl_p8_mp_flag_base_01_n
image,d#hash_278384102a656dc6
image,d#fxt_decal_blood_nonfatal_02_n
image,d#i_t7_metal_worn_painted_graphite_n
image,#i_p7_zm_teddybear_n
image,#i_p7_zm_teddybear_c
image,#hash_278dd368824b7549
image,#i_mtl_p7_corrugated_sheet_metal_rust_03_proxy_depth
image,d#i_c_gen_head_thickness_2_t
image,#i_mtl_t8_metal_deck_painted_01_g
image,#i_c_t7_warrior_body1_hand_a1_ir
image,#hash_279eada6b8318ef8
image,#i_mtl_p7_mou_trash_can_set_m
image,#i_mtl_p7_mou_trash_can_set_n
image,#i_mtl_p7_dock_wood_rustic_set_decal_04_c
image,#i_mtl_p8_wz_supply_stash_decal_medical_c
image,d#i_wpn_t8_eqp_briefcase_bomb_computer_s
image,d#i_wpn_t8_eqp_briefcase_bomb_computer_g
image,d#i_wpn_t8_eqp_briefcase_bomb_computer_c
image,d#i_wpn_t8_eqp_briefcase_bomb_computer_o
image,d#i_wpn_t8_eqp_briefcase_bomb_computer_n
image,d#i_veh_t8_decal_moulding_c
image,d#$alpha
image,#i_mtl_p7_slu_meter_electric_01_base_burnt_n
image,#i_mtl_p7_slu_meter_electric_01_base_burnt_m
image,#i_mtl_p8_col_vista_foliage_jungle_tree_palm_lrg_proxy_normal
image,#i_mtl_p7_fir_rock_med_02_n
image,#i_mtl_p7_fir_rock_med_02_m
image,#i_mtl_veh_t8_vintage_glass_dirty_streaks_stain_half_opaque_c
image,#i_t7_decal_grunge_dirt_wall_01_r
image,#i_t7_decal_grunge_dirt_wall_01_n
image,#i_t7_decal_grunge_dirt_wall_01_c
image,#i_t7_zm_sha_rock_cliff_01_stain_r
image,d#i_mtl_p7_mou_snow_chunk_snow_n
image,d#i_t8_decal_tech_detail_panel_02_s
image,d#i_t8_decal_tech_detail_panel_02_c
image,d#i_t8_decal_tech_detail_panel_02_o
image,d#i_t8_decal_tech_detail_panel_02_n
image,#i_veh_mphd_m35_canvas_n
image,#i_veh_mphd_m35_canvas_c
image,#i_t7_decal_line_horizontal_black_pinch_clear_m
image,#i_mtl_p7_curtain_hanging_72x72_worn_n
image,#i_mtl_p7_curtain_hanging_72x72_worn_m
image,d#i_veh_t8_decal_greeble_18_c
image,d#i_veh_t8_decal_greeble_18_o
image,d#i_veh_t8_decal_greeble_18_n
image,d#i_veh_t8_decal_greeble_18_t
image,#i_mtl_veh_mphd_tiara_body_02_m
image,#i_mtl_veh_mphd_tiara_body_02_o
image,#i_mtl_veh_mphd_tiara_body_02_n
image,d#i_t7_micro_metal_rust_01_g
image,d#i_t7_micro_metal_rust_01_c
image,d#i_t7_micro_metal_rust_01_n
image,d#i_t7_micro_metal_rust_01_s
image,#i_mtl_p8_wz_supply_stash_health_canvas_r
image,#i_mtl_p8_wz_supply_stash_health_canvas_g
image,#i_mtl_p8_wz_supply_stash_health_canvas_c
image,#i_mtl_p8_wz_supply_stash_health_canvas_n
image,#i_mtl_p8_wz_supply_stash_health_canvas_o
image,#i_mtl_p7_light_glass_bulb_dirty_on_e
image,#i_c_t7_techno_body1_bootsole_n
image,#i_c_t7_techno_body1_bootsole_g
image,#i_c_t7_techno_body1_bootsole_c
image,#hash_2879a6da98a2d5ab
image,#hash_2879a7da98a2d75e
image,#i_mtl_veh_mphd_m35_bed_multi_m
image,#hash_28b3ddf3936e49af
image,d#i_mtl_t8_license_sing_zurich_decal_digits_6_c
image,d#i_mtl_t8_license_sing_zurich_decal_digits_6_n
image,d#i_veh_t8_mil_heli_attack_rotor_multi_m
image,#i_c_t7_battery_head1_head
image,#i_t8_rubber_coated_wire_c
image,d#i_t7_metal_paint_rust_brown_n
image,#i_t7_metal_paint_rust_brown_g
image,#i_t7_metal_paint_rust_brown_c
image,#i_mtl_p8_fir_ammo_crate_metal_n
image,#i_mtl_p8_col_vista_foliage_jungle_leaf_02_c
image,#i_mtl_p8_col_vista_foliage_jungle_leaf_02_n
image,d#i_veh_t8_decal_bolt_19_c
image,#i_mtl_veh_mphd_forklift_decal04_c
image,#i_mtl_p7_fir_foliage_tree_vista_01_group_proxy_normal
image,#i_mtl_p7_fir_wire_spool_roll_n
image,#i_mtl_p7_fir_air_conditioner_decal_net_01_n
image,#i_mtl_p7_fir_air_conditioner_decal_net_01_c
image,#i_mtl_p7_fir_wire_spool_wood__n
image,#hash_292e9243aed4397a
image,#i_mtl_p7_debris_asphalt_chunks_md_07_n
image,#i_mtl_p7_debris_asphalt_chunks_md_07_c
image,#i_t7_sand_footprints_01_blend_r
image,#i_mtl_p7_rus_vent_roof_metal_decal_n
image,#i_mtl_p7_rus_vent_roof_metal_decal_m
image,d#i_t7_micro_paint_01_g
image,d#i_t7_micro_paint_01_c
image,d#i_t7_micro_paint_01_n
image,#i_mtl_p7_foliage_plant_aloe_leaves_n
image,d#i_veh_t8_metal_heavy_painted_01_g
image,#hash_29770d29cf24a094
image,#hash_29770e29cf24a247
image,#i_mtl_p7_fir_steps_wood_set_wood_01_m
image,#i_mtl_p7_fir_steps_wood_set_wood_01_n
image,d#i_mtl_veh_t8_decal_grunge_scorch_01_c
image,#i_mtl_p7_zm_moo_crate_metal_02_wood_m
image,d#i_p8_mp_bomb_crate_harness_m
image,d#i_p8_mp_bomb_crate_harness_n
image,#i_c_t7_techno_body1_torso_armor_s
image,#i_c_t7_techno_body1_torso_armor_c
image,#i_c_t7_techno_body1_torso_armor_g
image,#i_c_t7_techno_body1_torso_armor_n
image,d#i_veh_t8_decal_greeble_06_r
image,d#i_veh_t8_decal_greeble_06_n
image,d#i_veh_t8_decal_greeble_06_o
image,d#i_t7_damage_decal_plaster_damage_02_c
image,d#i_t7_damage_decal_plaster_damage_02_n
image,#i_mtl_p7_rus_gate_chainlink_set_lock_n
image,#i_mtl_p7_rus_gate_chainlink_set_lock_m
image,#i_t7_snow_powder_01_breakup_r
image,#i_p7_zm_nac_barrel_explosive_red_dmg_01_n
image,#i_p7_zm_nac_barrel_explosive_red_dmg_01_m
image,#hash_29eff24534236640
image,#hash_29eff54534236b59
image,#i_t7_decal_damage_plywood_edge_dirty_c
image,#i_c_t7_warrior_body1_plastic_ir
image,#i_mtl_p7_ntx_tool_wrench_adjustable_r
image,#i_mtl_p7_ntx_tool_wrench_adjustable_n
image,#i_mtl_p7_rus_pipe_vent_metal_m
image,#i_veh_mphd_chinook_frame_05_o
image,#i_veh_mphd_chinook_frame_05_n
image,#i_mtl_veh_mphd_tiara_front_light_glass_n
image,#i_mtl_veh_mphd_tiara_front_light_glass_c
image,#i_mtl_p7_fir_plywood_wall_wood_board_m
image,#i_mtl_p7_rus_barbed_wire_snow_wire_n
image,#i_mtl_p7_window_glass_shard_n
image,#i_mtl_p7_window_glass_shard_g
image,#i_mtl_p7_window_glass_shard_c
image,d#i_veh_t8_mil_heli_attack_rockets_multi_m
image,#i_c_bc_femalesoldier_grenade_ao
image,d#fxt8_spark_streak_wiggle_alpha
image,#i_mtl_p7_fir_ammo_crate_lid_side_c
image,#i_mtl_p7_fir_ammo_crate_lid_side_n
image,#hash_2a9dcd649c550e29
image,#i_mtl_p7_jun_sheet_metal_2x8_2_m
image,#i_mtl_p7_fir_rock_boulder_lrg_02_g_n
image,#i_mtl_p7_fir_rock_boulder_lrg_02_g_m
image,d#i_veh_t8_decal_caution_08_c
image,#hash_2ab32ebbe1e72fc2
image,d#i_t8_micro_cardboard_01_n
image,#i_t8_micro_cardboard_01_c
image,#i_mtl_p7_debris_trash_paper_09_c
image,#i_mtl_p7_debris_trash_paper_09_n
image,#i_c_gen_eye_battery_c
image,d#i_mtl_p7_fir_generator_diesel_03_n
image,d#i_mtl_p7_fir_generator_diesel_03_o
image,d#i_mtl_p7_fir_generator_diesel_03_m
image,#i_t7_metal_corrugated_rust_bend_n
image,d#fxt_spark_single
image,#i_mtl_p7_debris_concrete_rubble_bolt_n
image,#i_mtl_p7_debris_concrete_rubble_bolt_g
image,#i_mtl_p7_debris_concrete_rubble_bolt_c
image,#i_mtl_p7_bottle_plastic_16oz_water_c
image,#i_t7_decal_signage_street_lines_yellow_n
image,#i_t7_decal_signage_street_lines_yellow_r
image,#i_mtl_p7_foliage_tree_ohia_set_bark_c
image,#i_mtl_p7_jun_corrugated_metal_base_02_n
image,#i_mtl_p7_jun_corrugated_metal_base_02_m
image,#i_mtl_p7_water_filtration_system_mount_hook_n
image,#i_mtl_p7_water_filtration_system_mount_hook_o
image,#i_p7_fir_bathroom_mop_wood_o
image,#i_p7_fir_bathroom_mop_wood_n
image,#i_p7_fir_bathroom_mop_wood_m
image,d#i_mtl_veh_t8_decal_screw_hex_inset_o
image,d#i_mtl_veh_t8_decal_screw_hex_inset_n
image,#i_t7_zm_kin_door_industrial_metal_n
image,#i_t7_zm_kin_door_industrial_metal_c
image,#i_mtl_p7_zm_asc_pipe_modular_01_m
image,#i_c_t7_techno_body1_arm_rt_b_s
image,#i_c_t7_techno_body1_arm_rt_b_n
image,#i_c_t7_techno_body1_arm_rt_b_c
image,#i_c_t7_techno_body1_arm_rt_b_g
image,#i_compass_map_mp_firingrange2
image,#i_mtl_p7_zm_gen_rubble_scattered_01_n
image,#i_mtl_p7_zm_gen_rubble_scattered_01_r
image,d#i_t7_micro_dusty_01_n
image,d#i_t7_micro_dusty_01_c
image,d#fxt8_bio_bat_anim
image,#i_mtl_p7_rus_pipe_vent_metal_decal_nail_c
image,#i_mtl_p7_rus_pipe_vent_metal_decal_nail_n
image,#i_mtl_p7_jun_foliage_bush_01_proxy_normal
image,#i_mtl_p7_barbed_wire_g
image,#i_mtl_p7_barbed_wire_c
image,#i_mtl_p7_barbed_wire_n
image,#i_mtl_p7_barbed_wire_o
image,d#i_veh_t8_decal_grunge_leaking_03_c
image,#hash_2c03338fba5a98b6
image,#hash_2c06c66f821a4665
image,#i_mtl_p7_debris_glass_shards_edge_n
image,#i_mtl_p7_debris_glass_shards_edge_c
image,d#fxt8_smk_sm_thick_bulb_anim
image,d#i_t7_wood_plywood_bare_n
image,d#i_t7_wood_plywood_bare_c
image,#i_t7_metal_garage_door_rollup_01_bare_m
image,#i_t7_metal_garage_door_rollup_01_bare_n
image,#i_t7_metal_garage_door_rollup_01_bare_o
image,#hash_2c2ebf318610a277
image,#hash_2c2ec0318610a42a
image,#hash_2c306bc132b8d493
image,#hash_2c306fc132b8db5f
image,#hash_2c3076c132b8e744
image,#hash_2c3077c132b8e8f7
image,#hash_2c307ac132b8ee10
image,d#i_wpn_t8_eqp_briefcase_bomb_computer_decal_a_e
image,#i_veh_t7_dlc_number_5_st2_c
image,#i_mtl_p7_zm_nac_bucket_metal_m
image,#i_mtl_p7_zm_nac_bucket_metal_n
image,#hash_2c4c47d19039b339
image,#i_mtl_veh_mphd_forklift_main_body_multi_m
image,d#i_t7_micro_plaster_smooth_dirty_01_c
image,d#i_t7_micro_plaster_smooth_dirty_01_g
image,#i_mtl_p7_fir_ammo_crate_wood_01_01_m
image,#i_mtl_p7_fir_foliage_tree_palm_fan03_t
image,#i_mtl_p7_fir_foliage_tree_palm_fan03_g
image,#i_mtl_p7_fir_foliage_tree_palm_fan03_c
image,#i_mtl_p7_fir_foliage_tree_palm_fan03_n
image,#i_t7_con_cloth_carpet_wild_c
image,#i_t7_con_cloth_carpet_wild_n
image,#i_veh_mphd_chinook_frame_03_multi_m
image,#i_mtl_p7_soc_food_soda_can_02_s
image,#hash_2cd50c8f15ee216c
image,#hash_2cd50f8f15ee2685
image,#hash_2cd5128f15ee2b9e
image,#i_mtl_p7_fir_foliage_tree_vista_04_proxy_depth
image,#i_mtl_veh_t8_civ_truck_pickup_light_o
image,#i_mtl_veh_t8_civ_truck_pickup_light_n
image,#i_mtl_p7_fir_net_volleyball_net_c
image,#i_mtl_p7_fir_net_volleyball_net_n
image,#i_fir_bathroom_sink_locknut_m
image,d#i_veh_t8_decal_sign_warning_01_c
image,d#i_mtl_p7_barrel_metal_55gal_blue_c
image,d#i_mtl_p7_barrel_metal_55gal_blue_n
image,#i_mtl_veh_mphd_tiara_int_02_n
image,#i_mtl_veh_mphd_tiara_int_02_o
image,#i_mtl_veh_mphd_tiara_int_02_m
image,#hash_2d31b762323f8110
image,#hash_2d553eb79b02c81f
image,#i_mtl_p7_fir_wire_spool_wood_n
image,#i_mtl_p7_fir_wire_spool_wood_m
image,#i_mtl_veh_mphd_m35_base_interior_n
image,#i_mtl_veh_mphd_m35_base_interior_o
image,#i_t7_metal_trim_aluminum_s
image,#i_t7_metal_trim_aluminum_g
image,#i_t7_metal_trim_aluminum_n
image,d#i_veh_t8_mil_heli_light_body_rear_ir
image,d#i_veh_t8_greeble_01_g
image,d#i_veh_t8_greeble_01_o
image,d#i_veh_t8_greeble_01_n
image,d#i_veh_t8_decal_button_rect_01_s
image,d#i_veh_t8_decal_button_rect_01_c
image,d#i_veh_t8_decal_button_rect_01_g
image,d#i_veh_t8_decal_button_rect_01_n
image,d#core_glass_plain_c
image,d#i_veh_t8_decal_greeble_20_n
image,d#i_veh_t8_decal_greeble_20_o
image,d#i_veh_t8_decal_greeble_20_c
image,d#i_veh_t8_decal_greeble_20_t
image,d#$normal
image,d#fxt_gib_concrete_01
image,d#fxt_gib_concrete_02
image,d#i_mtl_p7_zur_train_wreckage_set_dmg_n
image,d#fxt_gel_splat_string_n
image,#hash_2ddaf49eff280752
image,#i_t7_zm_ctl_stone_wall_block_grout_r
image,#i_c_t7_techno_body1_shoulderguard_left_c
image,#i_c_t7_techno_body1_shoulderguard_left_g
image,#i_c_t7_techno_body1_shoulderguard_left_n
image,#i_c_t7_techno_body1_shoulderguard_left_s
image,d#i_veh_t8_ntx_decal_circle_sml_n
image,d#i_veh_t8_ntx_decal_circle_sml_c
image,#hash_2df0f4fe58f517fc
image,#hash_2df0f5fe58f519af
image,d#i_t8_decal_tech_detail_bolt_07_c
image,d#i_t8_decal_tech_detail_bolt_07_n
image,d#i_veh_t8_cloth_canvas_dirty_01_c
image,#i_mtl_p7_jun_foliage_bush_branches_02_n
image,#i_mtl_p7_jun_foliage_bush_branches_02_c
image,#i_mtl_p7_jun_foliage_bush_branches_02_t
image,#hash_2e0e4ab33d066ea4
image,d#$specular_mask
image,d#i_t7_detail_acrylic_01_n
image,#i_veh_mphd_chinook_frame_07_multi_m
image,#i_c_t7_techno_body1_arm_rt_b_ir
image,#i_t7_damage_decal_concrete_blast_c
image,#i_t7_damage_decal_concrete_blast_n
image,d#i_veh_t8_decal_mk4_xd_c
image,#i_mtl_p7_fir_pallete_ammo_wood_set_wood_nail_c
image,d#i_t7_veh_decal_bolt_04_c
image,#i_mtl_t7_damage_decal_charred_stain_02_c
image,#i_mtl_p7_sgen_big_bld_ext_wall_dirty01_c
image,d#i_veh_t8_decal_arrow_03_c
image,d#global_window_glass_g
image,d#global_window_glass_c
image,d#i_mtl_t8_decal_low_tech_18_r
image,d#fxt_fluid_mesh_n
image,#i_mtl_veh_mphd_m35_base_chassis03_o
image,#i_mtl_veh_mphd_m35_base_chassis03_n
image,d#i_t8_decal_tech_detail_panel_03_n
image,d#i_t8_decal_tech_detail_panel_03_o
image,d#i_t8_decal_tech_detail_panel_03_c
image,d#i_t8_decal_tech_detail_panel_03_s
image,#i_mtl_p7_fir_floodlight_speaker_tall_concrete_decal_01_n
image,#i_mtl_p7_fir_floodlight_speaker_tall_concrete_decal_01_c
image,d#i_mtl_veh_t8_metal_rust_03_512_r
image,#i_compass_map_mp_firingrange2_full
image,#hash_2ec4c43ca0834428
image,#hash_2ed47e84ac185b37
image,d#hash_2ede54ba20e815da
image,d#hash_2ede55ba20e8178d
image,#i_t7_decal_grunge_calcium_drip_02_blend_r
image,#i_t7_decal_grunge_calcium_drip_02_blend_n
image,d#i_t7_decal_grunge_calcium_drip_02_blend_c
image,d#i_p7_fir_tire_stack_single_rubber_n
image,d#i_p7_fir_tire_stack_single_rubber_r
image,#i_mtl_p7_zm_ori_ladder_wood_dmg_wood_n
image,#i_mtl_p7_zm_ori_ladder_wood_dmg_wood_m
image,#i_mtl_p7_slu_box_electric_set_metal_01_n
image,#i_mtl_p7_slu_box_electric_set_metal_01_m
image,#i_mtl_p7_fir_foliage_grass_tall_proxy_albedo
image,#i_mtl_p7_dock_wood_rustic_set_decal_03_c
image,#i_veh_mphd_chinook_front_nose_multi_m
image,d#fxt8_light_incandescent_hot
image,d#i_mtl_p7_cai_train_subway_metal_grid_g
image,#i_mtl_p7_trashcan_street_metal_n
image,#i_mtl_p7_trashcan_street_metal_m
image,d#i_wpn_t8_micro_metal_base_01_g
image,d#i_wpn_t8_micro_metal_base_01_c
image,#i_mtl_p7_fir_cabinet_wood_set_wood_02_m
image,#i_mtl_p7_fir_cabinet_wood_set_wood_02_n
image,#i_mtl_p7_soc_food_soda_set_logo_03_c
image,#i_mtl_p7_soc_food_soda_set_logo_03_g
image,#i_t7_zm_isl_concrete_wall_weathered_01_c
image,#i_t7_zm_isl_concrete_wall_weathered_01_n
image,#i_c_t7_emissive_a_e
image,#i_mtl_p7_slu_rollup_door_01_m
image,d#fxt_spark_blink_anim_mask
image,#i_mtl_veh_mphd_uaz_int_02_m
image,#i_mtl_veh_mphd_uaz_int_02_o
image,#i_mtl_veh_mphd_uaz_int_02_n
image,#i_mtl_p7_jun_sheet_metal_4x4_2_m
image,#i_mtl_p7_barricade_gate_metal_hinge_a_metal_n
image,#i_mtl_p8_col_vista_foliage_jungle_young_palm_proxy_depth
image,d#hash_2fb2b61fec4d0aa4
image,#i_t7_stone_slate_roof_tile_01_n
image,#i_t7_stone_slate_roof_tile_01_c
image,#i_mtl_p7_zm_kin_can_garbage_metal_base_g
image,#i_t7_wood_plywood_trim_c
image,#i_t7_wood_plywood_trim_n
image,d#i_t7_micro_metal_bare_01_s
image,d#i_t7_micro_metal_bare_01_g
image,#i_t7_decal_grunge_dust_wall_01_c
image,#hash_3001adf8088b0df9
image,#hash_30095cfaa6a170e0
image,#i_mtl_p7_light_bulb_cfl_c
image,d#i_t8_micro_cloth_leather_01_n
image,d#i_t8_micro_cloth_leather_01_c
image,#i_mtl_t8_concrete_damaged_norebar_02_r
image,#hash_30255039cf0e8401
image,#hash_30258575b647c08f
image,#i_mtl_p7_fir_rock_med_03_n
image,#i_mtl_p7_fir_rock_med_03_m
image,#i_veh_t8_glass_pattern_08_n
image,#i_c_t7_battery_body1_cyberarm_viewarm_c
image,#i_t7_micro_snow_sand_n
image,#i_c_t7_warrior_head1_emissive_e
image,#hash_30317d75a6491eea
image,#hash_30318175a64925b6
image,#i_mtl_p8_mphd_ammo_box_wood_04_bullets_02_n
image,#i_mtl_p7_lab_spotlight_generator_wheels_n
image,#i_mtl_p7_lab_spotlight_generator_wheels_c
image,d#i_veh_t8_decal_bolt_18_r
image,d#i_veh_t8_decal_bolt_18_n
image,d#i_veh_t8_decal_bolt_18_o
image,#i_veh_mphd_chinook_landing_gear_s
image,#i_veh_mphd_chinook_landing_gear_n
image,#i_veh_mphd_chinook_landing_gear_g
image,#i_veh_mphd_chinook_landing_gear_c
image,#hash_30590c975a8500da
image,d#hash_307115346ede73e9
image,#i_mtl_veh_t8_civ_truck_pickup_vista_c
image,#i_mtl_veh_t8_civ_truck_pickup_vista_g
image,#i_mtl_veh_t8_civ_truck_pickup_vista_n
image,#i_mtl_veh_t8_civ_truck_pickup_vista_o
image,d#i_mtl_p7_fir_tank_propane_02_m
image,d#i_mtl_p7_fir_tank_propane_02_n
image,#i_mtl_veh_mphd_tiara_but_04_c
image,#hash_3086b204906dcba9
image,#hash_3086bd04906dde5a
image,#i_veh_t7_dlc_decal_rust_14c_n
image,#i_veh_t7_dlc_decal_rust_14c_c
image,#i_mtl_veh_mphd_uaz_body_01_dead_m
image,d#i_veh_t8_metal_worn_painted_graphite_g
image,d#i_t7_micro_metal_01_g
image,#i_mtl_p7_jun_corrugated_metal_4x8_proxy_specular
image,#i_mtl_p7_zm_ori_barbedwire_set_01_g
image,#i_mtl_p7_zm_ori_barbedwire_set_01_c
image,#i_mtl_p7_zm_ori_barbedwire_set_01_n
image,#i_mtl_p7_zm_moo_ship_container_panel_01_n
image,d#i_c_t7_blockout_battery_body1_armor_o
image,d#i_c_t7_blockout_battery_body1_armor_n
image,#i_c_t7_blockout_battery_body1_armor_g
image,#i_c_t7_blockout_battery_body1_armor_c
image,#i_t7_zm_ctl_plaster_int_01_n
image,#i_t7_zm_ctl_plaster_int_01_c
image,#i_mtl_p7_fir_steps_wood_set_wood_02_n
image,#i_mtl_p7_fir_steps_wood_set_wood_02_m
image,#i_mtl_p7_mp_flag_pole_o
image,#i_mtl_p7_mp_flag_pole_c
image,#i_mtl_p7_mp_flag_pole_g
image,d#i_t7_decal_grunge_dirty_tile_01_g
image,#i_mtl_p7_fir_foliage_tree_palm_decal_03_n
image,#i_mtl_p7_fir_foliage_tree_palm_decal_03_c
image,#i_c_t7_techno_body1_pants_ir
image,#i_mtl_p7_door_metal_industrial_signage_c
image,#fxt_bio_butterfly_top
image,#i_mtl_p7_cleaning_paper_dirty_n
image,#i_mtl_p7_cleaning_paper_dirty_c
image,#i_t7_zm_asc_corrugated_metal_n
image,#i_t7_zm_asc_corrugated_metal_o
image,d#i_t8_metal_deck_painted_01_g
image,#i_veh_mphd_chinook_frame_04_n
image,#i_veh_mphd_chinook_frame_04_o
image,d#i_t7_decal_bullet_wood_03_c
image,d#i_t7_decal_bullet_wood_03_n
image,#i_t7_micro_wood_plank_03_c
image,#i_t7_micro_wood_plank_03_g
image,#i_t7_micro_wood_plank_03_n
image,#i_p7_sin_ship_container_tiled_rust_n
image,#i_t7_detail_rust_01
image,#i_mtl_jun_military_camo_net_01_c
image,#i_mtl_jun_military_camo_net_01_g
image,#i_mtl_jun_military_camo_net_01_n
image,#i_mtl_jun_military_camo_net_01_o
image,#i_mtl_jun_military_camo_net_01_m
image,d#i_t8_decal_tech_detail_high_tech_27_g
image,d#i_t8_decal_tech_detail_high_tech_27_c
image,d#i_t8_decal_tech_detail_high_tech_27_o
image,d#i_t8_decal_tech_detail_high_tech_27_n
image,#i_veh_mphd_chinook_frame_08_multi_m
image,#i_t7_fir_old_concrete_poured_c
image,#i_t7_fir_old_concrete_poured_o
image,#i_t7_fir_old_concrete_poured_n
image,#i_mtl_p8_wz_supply_stash_health_metal_m
image,#i_mtl_p8_wz_supply_stash_health_metal_o
image,#i_mtl_p8_wz_supply_stash_health_metal_n
image,#i_p7_fir_bathroom_mop_rope_g
image,#i_p7_fir_bathroom_mop_rope_c
image,#i_p7_fir_bathroom_mop_rope_n
image,#i_p7_fir_bathroom_mop_rope_o
image,#i_p7_fir_bathroom_mop_rope_r
image,#i_c_t7_techno_head5_face_skin4_c
image,#i_c_t7_techno_head5_face_skin4_n
image,#i_t7_decal_grunge_rust_offset_01_c
image,d#i_t7_decal_grunge_rust_offset_01_n
image,d#i_mtl_mtl_veh_t8_mil_heli_attack_rotor_blade_ir
image,d#i_t8_decal_tech_detail_panel_04_256_s
image,d#i_t8_decal_tech_detail_panel_04_256_m
image,d#i_t8_decal_tech_detail_panel_04_256_o
image,d#i_t8_decal_tech_detail_panel_04_256_n
image,d#i_t8_decal_tech_detail_panel_04_256_c
image,#i_t7_decal_signage_restroom_women_c
image,d#i_t8_decal_tech_detail_low_tech_03_o
image,d#i_t8_decal_tech_detail_low_tech_03_n
image,d#i_t8_decal_tech_detail_low_tech_03_c
image,d#i_t7_decal_bullet_metal_impact_01_c
image,d#i_t7_decal_bullet_metal_impact_01_n
image,#i_mtl_p7_mou_earmuffs_industrial_m
image,#i_mtl_p7_mou_earmuffs_industrial_n
image,#hash_32540151cc33a57d
image,d#i_veh_t8_decal_sign_cut_canopy_c
image,#i_mtl_p7_shr_wood_plank_old_v1_128_n
image,#i_mtl_p7_shr_wood_plank_old_v1_128_m
image,#hash_326fecaa00c222f9
image,#hash_32785e8fbd630007
image,#i_mtl_p7_zm_ori_wood_planks_dmg_set_01_m
image,#hash_3287099ecab90b36
image,#i_t7_ban_sand_eroded_c
image,#hash_32978bb0295314c6
image,#i_mtl_p7_flag_pole_shaft_base_s
image,#i_mtl_p7_flag_pole_shaft_base_c
image,#i_mtl_p7_flag_pole_shaft_base_g
image,#i_mtl_p7_flag_pole_shaft_base_n
image,#i_mtl_p7_flag_pole_shaft_base_o
image,#i_mtl_p7_fir_pallete_ammo_wood_set_wood_cloth_001_m
image,#hash_32cbbd3d4f59eaac
image,d#$i_c_gen_eye_caustic_l
image,#i_mtl_p7_zm_ori_wood_fence_burnt_decal_01_c
image,#i_mtl_p7_zm_ori_wood_fence_burnt_decal_01_n
image,#i_mtl_p7_fir_foliage_tree_palm_fan03_proxy_depth
image,#i_mtl_p7_slu_meter_electric_decal_07_c
image,d#$gray_32_one_channel
image,#hash_332a7f6ec7f3b3e4
image,#hash_3337abc696bc790e
image,d#i_kills_c
image,#i_mtl_p7_bottle_plastic_2litre_crushed_green_c
image,d#i_mtl_p7_3arc_park_leafy_ground_n
image,#i_veh_t7_mphd_forklift_rearlight_lens_n
image,#i_veh_t7_mphd_forklift_rearlight_lens_g
image,#i_veh_t7_mphd_forklift_rearlight_lens_c
image,#i_t7_decal_grunge_side_01_c
image,d#i_mtl_veh_t8_decal_grunge_scorch_02_c
image,#i_c_t7_blockout_battery_head1_head_c
image,d#i_t7_decal_grunge_moss_grime_c
image,#i_c_t7_battery_body1_collar_ir
image,d#i_mtl_t8_license_mount_long_o
image,d#i_mtl_t8_license_mount_long_n
image,#i_mtl_t8_license_sing_zurich_decal_digits_5_c
image,#i_veh_t7_dlc_decal_rust_14_n
image,#i_veh_t7_dlc_decal_rust_14_c
image,#i_mtl_p7_mou_barrel_metal_02_metal_painted_n
image,#i_mtl_p7_mou_barrel_metal_02_metal_painted_m
image,#i_mtl_p7_foliage_grass_tall_02_c
image,d#i_t7_decal_grunge_rust_09_c
image,d#i_t7_decal_grunge_rust_09_n
image,d#i_t7_decal_grunge_rust_09_r
image,#i_mtl_p7_jun_sheet_metal_4x8_2_m
image,#i_c_t7_assassin_body1_grenade1_s
image,#i_c_t7_assassin_body1_grenade1_o
image,#i_c_t7_assassin_body1_grenade1_n
image,#i_c_t7_assassin_body1_grenade1_c
image,#i_c_t7_assassin_body1_grenade1_g
image,#i_mtl_veh_mphd_forklift_decal05_c
image,d#i_t7_decal_grunge_bottom_01_c
image,#i_p7_zm_asc_barrel_metal_blue_dmg_m
image,d#i_mtl_veh_t8_decal_text_no_step_02_c
image,d#i_wpn_t8_eqp_briefcase_bomb_computer_decals_s
image,d#i_wpn_t8_eqp_briefcase_bomb_computer_decals_c
image,d#i_wpn_t8_eqp_briefcase_bomb_computer_decals_g
image,d#fxt8_water_splash_mask
image,#i_mtl_p7_zm_debris_newspaper_german_burnt_c
image,#i_t7_decal_damage_concrete_cracks_01_n
image,#i_t7_decal_damage_concrete_cracks_01_r
image,#i_mtl_p7_mou_pallet_wood_n
image,#i_mtl_p7_mou_pallet_wood_m
image,#hash_3435cb8b7ab63859
image,#i_mtl_p7_zm_asc_fan_industrial_metal_01_m
image,#i_mtl_p7_zm_asc_fan_industrial_metal_01_n
image,#i_mtl_t7_plastic_tarp_reinforced_grey_c
image,#i_mtl_p7_fir_barbed_wire_metal_fence_wire_c
image,#i_mtl_p7_fir_barbed_wire_metal_fence_wire_n
image,#i_mtl_p7_fir_barbed_wire_metal_fence_wire_s
image,#i_mtl_p7_boat_rusted_fishing_hull_c
image,d#i_t7_micro_plastic_rough_01_n
image,#i_mtl_veh_mphd_m35_base_chassis03_multi_m
image,#i_mtl_p8_crate_wood_decal_07_c
image,#i_c_t7_warrior_body1_webbing_o
image,#i_c_t7_warrior_body1_webbing_n
image,#i_c_t7_warrior_body1_webbing_c
image,#i_t7_con_metal_base_s
image,#i_t7_con_metal_base_n
image,#i_mtl_p7_curtain_rod_96_m
image,#i_mtl_p7_curtain_rod_96_n
image,#hash_348baaacb4a27e40
image,#i_mtl_p7_soc_foliage_cactus_med_01_c
image,#i_mtl_p7_soc_foliage_cactus_med_01_g
image,#i_mtl_p7_soc_foliage_cactus_med_01_n
image,#i_t7_micro_metal_bronze_interior_g
image,d#i_t7_veh_decal_bolt_03_n
image,#i_mtl_veh_mphd_uaz_body_int_o
image,#i_mtl_veh_mphd_uaz_body_int_n
image,#i_mtl_veh_mphd_uaz_body_int_m
image,#hash_34d1ebfa8e5eb003
image,#i_t7_asphalt_plain_01_r
image,#i_t7_asphalt_plain_01_g
image,#i_t7_asphalt_plain_01_n
image,d#i_t8_micro_styrofoam_01_c
image,d#fxt_gib_glass_01
image,d#fxt_gib_glass_02
image,#i_mtl_veh_mphd_forklift_decal015_c
image,#i_c_t7_battery_body1_straps_n
image,#i_c_t7_battery_body1_straps_g
image,#i_c_t7_battery_body1_straps_c
image,#i_t7_metal_rust_01_c
image,#i_t7_metal_rust_01_g
image,#i_mtl_veh_mphd_m35_base_chassis02_n
image,#i_mtl_veh_mphd_m35_base_chassis02_o
image,d#i_mtl_p7_fir_foliage_tree_palm_trunk_04_n
image,d#i_mtl_p7_fir_foliage_tree_palm_trunk_04_c
image,#i_p8_col_metal_corrugated_roof_n
image,#i_p8_col_metal_corrugated_roof_m
image,d#hash_3516eec9eefa9952
image,#i_p8_mp_bomb_crate_whole_destroyed_tech_n
image,#hash_352067e6f5d34964
image,#i_t7_concrete_bare_light_01_c
image,d#i_t8_decal_tech_detail_line_trim_06_c
image,d#i_t8_decal_tech_detail_line_trim_06_m
image,d#i_t8_decal_tech_detail_line_trim_06_n
image,d#i_t8_decal_tech_detail_line_trim_06_o
image,#i_mtl_p7_fir_rock_rough_med_01_n
image,#hash_352e30861f335405
image,d#fxt_spark_grind_anim_mask
image,#i_t7_wood_particle_trim_worn_n
image,#i_t7_wood_particle_trim_worn_c
image,#i_mtl_p7_debris_cardboard_flat_03_c
image,#i_mtl_p7_debris_cardboard_flat_03_n
image,d#i_mtl_p7_fir_barbed_wire_metal_fence_wire_01_n
image,d#i_mtl_p7_fir_barbed_wire_metal_fence_wire_01_m
image,#i_mtl_p7_fir_foliage_tree_palm_fan03_proxy_specular
image,d#i_veh_t7_quadtank_cloth_det_n
image,d#i_veh_t7_drone_attack_body_litecolor_test_g_tile
image,#hash_35c165369a9bdd67
image,#hash_35c166369a9bdf1a
image,#i_mtl_p7_fir_foliage_tree_palm_fan03_proxy_distance
image,#hash_35df7b745ec1dd05
image,#hash_35e2fd6f88079e1a
image,#hash_35e96b15db3f2203
image,#i_mtl_p7_jun_corrugated_metal_base_03_n
image,#i_mtl_p7_jun_corrugated_metal_base_03_c
image,#i_mtl_p7_jun_corrugated_metal_base_03_g
image,#i_mtl_p7_3arc_park_decal_grunge_03_c
image,#i_mtl_p7_jun_sheet_metal_2x8_m
image,#i_mtl_p7_jun_sheet_metal_2x8_n
image,#i_mtl_p7_jun_sheet_metal_2x8_o
image,#i_p7_fir_tire_stack_single_stripe_c
image,#i_t7_decal_line_horizontal_black_thin_clear_m
image,d#i_mtl_p8_mp_flag_cloth_neutral_c
image,d#i_t8_decal_tech_shipping_container_bolt_04_g
image,d#i_t8_decal_tech_shipping_container_bolt_04_c
image,d#i_t8_decal_tech_shipping_container_bolt_04_n
image,#hash_364394c7935c7185
image,d#fxt8_lf_artifact_15
image,#i_mtl_t8_license_california_palm_decal_c
image,d#fxt8_fire_md_base_anim_alpha
image,#hash_3657a9aea666efa4
image,#hash_36740fde7fae8a27
image,d#i_mtl_p7_fir_foliage_tree_palm_leaves_01_light_c
image,#hash_3687841fc4bd7dbd
image,d#i_mtl_t8_license_morocco_decal_series_c
image,d#i_mtl_t8_license_morocco_decal_series_n
image,d#i_veh_t8_mil_heli_light_seat_o
image,d#i_veh_t8_mil_heli_light_seat_n
image,d#i_veh_t8_mil_heli_light_seat_m
image,#i_mtl_p7_fir_foliage_tree_vista_04_proxy_distance
image,#hash_36a83b6266f10af2
image,#i_mtl_p7_fir_cabinet_wood_set_wood_01_n
image,#i_mtl_p7_fir_cabinet_wood_set_wood_01_m
image,d#i_veh_t8_decal_trim_04_n
image,d#i_veh_t8_decal_trim_04_o
image,d#i_veh_t8_decal_trim_04_c
image,d#i_veh_t8_decal_trim_04_r
image,d#i_mtl_p7_fir_floodlight_speaker_tall_concrete_decal_02_c
image,d#i_mtl_p7_fir_floodlight_speaker_tall_concrete_decal_02_n
image,#i_mtl_t8_decal_damage_dent_metal_thin_01_n
image,#fxt8_bio_roach
image,d#i_t7_micro_plastic_rough_heavy_01_c
image,d#i_t7_micro_plastic_rough_heavy_01_g
image,d#i_t7_micro_plastic_rough_heavy_01_n
image,d#hash_36c92e8332a246d0
image,d#hash_36c92f8332a24883
image,d#hash_36cbe2ba004596eb
image,d#hash_36cbe6ba00459db7
image,d#i_veh_t8_scratches_01_n
image,#i_t7_fir_sand_tire_tracks_n
image,#hash_36ddcadac0ad3c22
image,#i_mtl_veh_mphd_tiara_body_01_dead_m
image,#hash_36e406318cb6061c
image,#hash_36e409318cb60b35
image,#i_t7_glass_window_warehouse_n
image,#i_t7_glass_window_warehouse_c
image,#hash_36f8905184d80b45
image,#hash_36f8935184d8105e
image,#i_c_t7_battery_hair_eyebrowshell_n
image,#i_c_t7_battery_hair_eyebrowshell_c
image,#i_t7_glass_dirty_grimes_02_wet_n
image,d#i_t7_glass_dirty_grimes_02_wet_c
image,d#fxt_spark_blink_anim
image,#i_mtl_p7_eth_bird_spikes_m
image,#i_mtl_p7_ibeam_bracket_m
image,#i_mtl_p7_ibeam_bracket_n
image,#hash_37214abf6e15e253
image,#i_t7_concrete_floor_trim_01_c
image,#i_t7_concrete_floor_trim_01_n
image,d#i_mtl_p7_jun_door_hut_bamboo_rope_c
image,d#i_mtl_p7_jun_door_hut_bamboo_rope_n
image,d#i_mtl_p7_wall_mobile_dep_decal_details_01_c
image,d#i_mtl_p7_wall_mobile_dep_decal_details_01_n
image,#i_mtl_p7_wall_mobile_dep_decal_details_01_m
image,#hash_3748a7d4dd18d500
image,#i_t7_mud_footprints_n
image,#i_t7_mud_footprints_r
image,d#fxt8_liquid_splat
image,#i_mtl_p7_decal_ctl_grunge_stain_dark_01_c
image,#i_mtl_p7_decal_ctl_grunge_stain_dark_01_n
image,d#i_veh_t8_glass_pattern_09_n
image,d#$occlusion_black
image,#i_c_bc_femalesoldier_grenade_s
image,#i_c_bc_femalesoldier_grenade_n
image,#i_c_bc_femalesoldier_grenade_g
image,#i_c_bc_femalesoldier_grenade_c
image,#i_mtl_p7_fir_foliage_tree_vista_04_proxy_specular
image,d#i_t8_decal_tech_detail_bolt_06_n
image,d#i_t8_decal_tech_detail_bolt_06_c
image,d#i_mtl_veh_mphd_forklift_main_body_n
image,d#i_mtl_veh_mphd_forklift_main_body_o
image,d#$gloss
image,#i_t7_wood_worn_brown_r
image,#hash_37ffe673f21cde48
image,#hash_37ffe973f21ce361
image,#i_t7_decal_grunge_wall_01_c
image,d#i_t7_decal_grunge_wall_01_r
image,#i_mtl_p7_mou_tile_ceiling_detail_n
image,d#i_mtl_mtl_veh_t8_mil_heli_attack_tailfin_ir
image,#hash_381faf62fdc91cc2
image,#i_mtl_veh_mphd_m35_base_body01_multi_m
image,#i_t7_zm_ctl_stone_wall_medieval_grout_c
image,d#i_c_bc_femalesoldier_legholster_c
image,d#i_c_bc_femalesoldier_legholster_n
image,#i_mtl_p7_bucket_shrapnel_bucket_c
image,#i_mtl_p7_bucket_shrapnel_bucket_g
image,#i_mtl_p7_bucket_shrapnel_bucket_n
image,#i_mtl_p7_bucket_shrapnel_bucket_s
image,d#i_p8_mp_bomb_crate_palette_r
image,d#i_p8_mp_bomb_crate_palette_o
image,d#i_p8_mp_bomb_crate_palette_n
image,d#i_mtl_p7_fir_foliage_tree_palm_decal_02_c
image,d#i_mtl_p7_fir_foliage_tree_palm_decal_02_n
image,#i_mtl_p7_zm_shi_lamp_post_wood_lrg_02_m
image,d#i_mtl_veh_mphd_forklift_screw_n
image,d#i_mtl_veh_mphd_forklift_screw_c
image,#i_mtl_p7_jun_corrugated_metal_4x8_proxy_depth
image,#i_mtl_p7_zm_nac_barrel_explosive_red_n
image,#i_mtl_p7_zm_nac_barrel_explosive_red_c
image,#i_mtl_p7_slu_meter_electric_03_base_01_m
image,#i_mtl_p7_slu_meter_electric_03_base_01_n
image,d#i_mtl_t7_metal_paint_scratched_01_g
image,#i_mtl_p7_fir_plank_wood_dmg_damage_c
image,#i_mtl_p7_fir_outpost_storage_frame_nail_m
image,#i_mtl_p7_fir_outpost_storage_frame_nail_n
image,d#i_t8_decal_tech_detail_low_tech_02_r
image,d#i_t8_decal_tech_detail_low_tech_02_c
image,d#i_t8_decal_tech_detail_low_tech_02_n
image,#i_t7_wood_worn_v2_g
image,#i_t7_wood_worn_v2_c
image,d#i_t8_decal_tech_detail_high_tech_83_o
image,d#i_t8_decal_tech_detail_high_tech_83_n
image,d#i_t8_decal_tech_detail_high_tech_83_c
image,d#i_t8_decal_tech_detail_high_tech_83_r
image,#i_c_t7_techno_body1_thrusters_s
image,#i_c_t7_techno_body1_thrusters_n
image,#i_c_t7_techno_body1_thrusters_o
image,#i_c_t7_techno_body1_thrusters_g
image,#i_c_t7_techno_body1_thrusters_c
image,#i_mtl_p7_zm_ctl_light_spot_hanging_set_decal_g
image,#i_mtl_p7_zm_ctl_light_spot_hanging_set_decal_c
image,#i_mtl_p7_zm_ctl_light_spot_hanging_set_decal_n
image,d#fxt8_light_phosphorous
image,#i_mtl_p7_fir_steps_wood_set_wood_03_g
image,#i_mtl_p7_fir_steps_wood_set_wood_03_c
image,#i_mtl_p7_fir_steps_wood_set_wood_03_n
image,#hash_3917fb1b7eafb02e
image,#hash_3917fc1b7eafb1e1
image,#i_mtl_p8_slu_crate_wood_main_twin_c
image,#i_mtl_p8_slu_crate_wood_main_twin_n
image,#i_mtl_p7_fir_shipping_container_dmg_decal_rust_1_c
image,d#hash_391e3ec433749ed3
image,d#$black_thickness
image,#hash_393203fe809e5559
image,#hash_393212fe809e6ed6
image,#hash_393216fe809e75a2
image,d#fxt_decal_default_01
image,#i_mtl_p7_fir_foliage_tree_vista_04_proxy_albedo
image,#mtl_i_p7_zm_sta_wall_light_n
image,#mtl_i_p7_zm_sta_wall_light_m
image,d#hash_393fdda335a8e73c
image,d#hash_393fe2a335a8efbb
image,d#i_mtl_p7_zm_asc_sign_rocket_centrifuge_decal_02_s
image,d#i_mtl_p7_zm_asc_sign_rocket_centrifuge_decal_02_n
image,d#i_mtl_p7_zm_asc_sign_rocket_centrifuge_decal_02_c
image,d#i_mtl_p7_zm_asc_sign_rocket_centrifuge_decal_02_g
image,d#i_t8_decal_graphics_signage_usa_first_aid_02_c
image,#i_mtl_p7_debris_trash_paper_10_n
image,#i_mtl_p7_debris_trash_paper_10_c
image,d#i_c_gen_detail_scratches_n
image,#i_t7_metal_panel_horizontal_painted_n
image,#i_t7_metal_panel_horizontal_painted_c
image,d#i_mtl_p7_fir_foliage_tree_palm_01_proxy_specular
image,#i_c_t7_warrior_body1_arm_a1_o
image,#i_c_t7_warrior_body1_arm_a1_g
image,#i_mtl_p8_news_ren_cable_supports_01_n
image,#i_veh_mphd_chinook_frame_07_o
image,#i_veh_mphd_chinook_frame_07_n
image,#i_p8_mphd_cardboard_bundle_set01_m
image,#i_p8_mphd_cardboard_bundle_set01_n
image,d#hash_39a44ca77ae4bfe3
image,d#hash_39a457a77ae4d294
image,d#i_t7_decal_grunge_burnt_stain_01_c
image,d#i_t7_decal_grunge_burnt_stain_01_g
image,d#i_t7_decal_grunge_burnt_stain_01_r
image,#i_c_t7_techno_body1_shinguards_ir
image,d#i_t7_micro_stone_mixed_n
image,#hash_39b9582dfe5ba682
image,#i_c_t7_techno_body1_shinguards_s
image,#i_c_t7_techno_body1_shinguards_c
image,#i_c_t7_techno_body1_shinguards_g
image,#i_c_t7_techno_body1_shinguards_n
image,#i_c_t7_techno_body1_shinguards_o
image,#i_mtl_p7_zm_ori_wood_planks_dmg_set_02_c
image,#i_mtl_p7_zm_ori_wood_planks_dmg_set_02_g
image,#i_mtl_p7_zm_ori_wood_planks_dmg_set_02_n
image,#i_mtl_p7_zm_ori_wood_planks_dmg_set_02_m
image,#i_t7_zm_moo_dirt_cracked_mud_c
image,#i_mtl_p7_global_chainlink_fence_kit_door_01_o
image,#i_mtl_p7_global_chainlink_fence_kit_door_01_n
image,d#fxt_shockwave_anim_1
image,#i_c_t7_battery_body1_uppergear_c
image,#i_c_t7_battery_body1_uppergear_g
image,#i_c_t7_battery_body1_uppergear_o
image,#i_c_t7_battery_body1_uppergear_n
image,d#i_t7_micro_cloth_cotton_01_worn_c
image,#i_t7_micro_plaster_cracked_light_01_n
image,d#i_t7_micro_plaster_cracked_light_01_c
image,d#fxt8_water_splash_swirl_anim_mask
image,d#i_mtl_veh_mphd_forklift_glass_n
image,#i_mtl_p7_soc_food_soda_set_logo_02_c
image,#i_mtl_p7_soc_food_soda_set_logo_02_g
image,d#fxt_decal_default_01_n
image,d#hash_3a21fccce986fb63
image,d#hash_3a21fdcce986fd16
image,d#hash_3a2207cce9870e14
image,#i_t7_dlc1_rock_base_c
image,d#i_t7_micro_stone_travertine_c
image,d#i_t7_micro_stone_travertine_g
image,d#i_t7_micro_stone_travertine_n
image,#i_mtl_veh_mphd_uaz_int_03_m
image,#i_mtl_veh_mphd_uaz_int_03_n
image,#i_mtl_veh_mphd_uaz_int_03_o
image,#i_mtl_p7_plank_wood_broken_2x4x64_m
image,#i_mtl_p7_plank_wood_broken_2x4x64_n
image,#i_mtl_p7_cai_door_wood_rustic_01_wood_c
image,#i_mtl_p7_cai_door_wood_rustic_01_wood_n
image,#i_mtl_p7_fir_rock_lrg_01_m
image,#i_mtl_p7_fir_rock_lrg_01_n
image,#i_mtl_p7_zm_asc_roof_vent_metal_01_n
image,#i_mtl_p7_zm_asc_roof_vent_metal_01_m
image,#i_t7_ban_metal_heavy_rust_blend_r
image,#i_c_t7_battery_head5_face_skin1_n
image,#i_t7_decal_damage_dent_05_bullet_dents_n
image,#i_t7_decal_damage_dent_05_bullet_dents_c
image,#i_mtl_p7_foliage_tree_ohia_set_n
image,d#fxt8_fire_sm_lick_short_anim_alpha
image,#hash_3a88a44ede8e1054
image,#hash_3a88a74ede8e156d
image,#i_t7_glass_dark_opaque_n
image,#i_veh_t8_base_paint_01_dead_c
image,d#i_t7_glass_dark_opaque_g
image,d#i_mtl_p7_mov_zm_isl_boat_metal_floor_01_n
image,#i_mtl_p7_fir_pallete_ammo_wood_set_wood_metal_n
image,#i_mtl_p7_fir_pallete_ammo_wood_set_wood_metal_m
image,d#fxt8_light_core_hot
image,d#i_t7_metal_bare_polished_g
image,#i_t7_wood_planks_worn_n
image,#i_mtl_p7_fir_foliage_tree_vista_06_proxy_normal
image,#hash_3ae244e8bb2b3b8b
image,#i_mtl_p7_rus_tank_pressure_set_metal_m
image,#i_mtl_p7_rus_tank_pressure_set_metal_n
image,#hash_3aec20b097453ba5
image,#mtl_i_p_glo_industrial_lamp_red_n
image,#mtl_i_p_glo_industrial_lamp_red_m
image,#hash_3b057e891d08ee2b
image,#i_t7_decal_damage_burn_impact_04_n
image,d#i_t7_decal_damage_burn_impact_04_c
image,#i_t7_zm_ori_planks_wood_01_n
image,#i_t7_zm_ori_planks_wood_01_c
image,d#i_t7_decal_tech_lines_a
image,d#i_t7_decal_tech_lines_c
image,d#i_t7_decal_tech_lines_n
image,#i_t7_decal_tech_lines_o
image,#hash_3b2afa1ab803868a
image,#i_t7_ban_metal_rust_painted_01_m
image,#i_t7_ban_metal_rust_painted_01_n
image,#i_t7_glass_edge_damage_trim_n
image,d#i_mtl_p7_mou_barrel_metal_02_metal_m
image,#hash_3b587342a7cf8d00
image,#hash_3b588442a7cfa9e3
image,#i_mtl_p7_rock_river_n
image,d#i_mtl_veh_mphd_forklift_decal014_c
image,#i_t7_wood_planks_damaged_teak_n
image,#i_t7_wood_planks_damaged_teak_c
image,#i_t7_wood_planks_damaged_teak_r
image,d#i_t7_micro_wood_01_g
image,d#i_t7_micro_wood_01_c
image,d#i_t7_micro_wood_01_n
image,#i_t7_dirt_cracks_large_01_r
image,#i_t7_dirt_cracks_large_01_c
image,#i_t7_dirt_cracks_large_01_n
image,d#i_mtl_mtl_veh_t8_mil_heli_attack_body_mid_ir
image,d#i_t8_oil_crude_clumpy_01_t
image,d#i_mtl_t8_license_sing_zurich_decal_digits_4_n
image,d#i_mtl_t8_license_sing_zurich_decal_digits_4_c
image,#i_c_t7_techno_body1_thighguard_g
image,#i_c_t7_techno_body1_thighguard_c
image,#i_c_t7_techno_body1_thighguard_n
image,#hash_3ba97ad71fb26deb
image,#i_mtl_p7_fir_foliage_tree_vista_02_proxy_albedo
image,#i_mtl_p7_zm_asc_pipes_electrical_set_m
image,#i_mtl_p7_zm_asc_pipes_electrical_set_n
image,#i_mtl_veh_mphd_tiara_wheel_m
image,#i_mtl_veh_mphd_tiara_wheel_o
image,#i_mtl_veh_mphd_tiara_wheel_n
image,#i_mtl_p7_plank_wood_damaged_2x4x64_n
image,#i_mtl_p7_plank_wood_damaged_2x4x64_m
image,#i_mtl_p7_fir_rock_boulder_lrg_02_a_m
image,#i_mtl_p7_fir_rock_boulder_lrg_02_a_n
image,#i_mtl_veh_mphd_forklift_glass_special_n
image,d#i_mtl_veh_mphd_forklift_decal02_c
image,d#fxt8_exp_alpha_anim_mask
image,#i_t7_concrete_wall_weathered_01_n
image,d#i_t7_concrete_wall_weathered_01_c
image,#i_t7_concrete_wall_weathered_01_g
image,#i_t7_sand_pebble_tan_01_c
image,#i_t7_sand_pebble_tan_01_n
image,#i_t7_micro_wood_plank_02_n
image,d#i_t7_micro_wood_plank_02_c
image,#i_t7_micro_wood_plank_02_g
image,#i_mtl_p7_cai_path_stone_slab_smooth_f_n
image,#i_mtl_p7_cai_path_stone_slab_smooth_f_m
image,d#i_veh_t7_mphd_forklift_taillight_lens_n
image,d#i_veh_t7_mphd_forklift_taillight_lens_c
image,#i_mtl_p7_fir_bullet_pile_n
image,#i_mtl_p7_bulb_socket_base_c
image,#i_mtl_p7_bulb_socket_base_n
image,#hash_3c6cd43e61604a5c
image,#i_mtl_p7_zm_asc_switch_electric_01_m
image,#i_mtl_p7_zm_asc_switch_electric_01_n
image,d#fxt8_spark_streak_long_alpha
image,d#detail_noise_tight
image,#i_t7_wood_planks_clean_teak_g
image,#i_t7_wood_planks_clean_teak_n
image,#hash_3c8f441ba871d6c3
image,#i_mtl_veh_t7_dlc_base_paint_08_c
image,#i_t8_decal_tech_shipping_container_bolt_05_n
image,#i_t8_asphalt_rough_01_n
image,#i_t8_asphalt_rough_01_c
image,d#i_t7_micro_metal_grunge_pockmarks_01_s
image,d#i_t7_micro_metal_grunge_pockmarks_01_n
image,d#i_t7_micro_metal_grunge_pockmarks_01_g
image,d#i_t7_micro_metal_grunge_pockmarks_01_c
image,#i_mtl_veh_t7_dmg_scrapes_chips_6_s
image,#i_mtl_veh_t7_dmg_scrapes_chips_6_g
image,#i_mtl_veh_t7_dmg_scrapes_chips_6_c
image,#hash_3cd0330ae90af0ab
image,d#fxt8_smk_md_thick_scatter_anim
image,d#fxt8_decal_mltv_burn
image,#i_mtl_t7_metal_trim_weld_01_a
image,d#i_t7_decal_grunge_epoxy_damage_08_g
image,#hash_3d0b8dab2cd12b8c
image,#i_mtl_p7_zm_tra_water_tower_set_tiling_m
image,#i_c_hro_khalil_egypt_gear_7_n
image,#i_c_hro_khalil_egypt_gear_7_g
image,#hash_3d2d658fc407f6ec
image,#i_t7_fir_plywood_natural_painted_r
image,#i_t7_fir_plywood_natural_painted_g
image,#i_t7_fir_plywood_natural_painted_c
image,#i_mtl_p7_fir_monitor_security_lable_c
image,#hash_3d592e318fbe6854
image,#hash_3d5931318fbe6d6d
image,#i_mtl_p7_dock_wood_rustic_set_04_m
image,#i_mtl_p7_dock_wood_rustic_set_04_n
image,d#i_nodraw
image,#hash_3d90f23794bac860
image,#hash_3d90ff3794bade77
image,#i_t7_concrete_bare_dark_02_n
image,d#i_mtl_p7_fir_tool_chest_rolling_set_n
image,d#i_mtl_p7_fir_tool_chest_rolling_set_m
image,d#i_t7_decal_damage_burned_c
image,#i_t7_decal_damage_burned_n
image,#hash_3dabf8c0cd0466bc
image,#hash_3dabfbc0cd046bd5
image,#i_t7_zm_moo_metal_support_panel_01_paint_c
image,#i_t7_zm_moo_metal_support_panel_01_paint_g
image,#i_t7_zm_moo_metal_support_panel_01_paint_s
image,#i_t7_ra2_decal_grunge_wood_chips_r
image,#i_t7_ra2_decal_grunge_wood_chips_c
image,#i_t7_ra2_decal_grunge_wood_chips_n
image,#i_t7_ra2_decal_grunge_wood_chips_o
image,#i_mtl_p7_fir_crate_wood_set_wood01_m
image,#i_mtl_p7_fir_crate_wood_set_wood01_n
image,#i_mtl_p7_fir_rock_boulder_lrg_02_p_m
image,#i_mtl_p7_fir_rock_boulder_lrg_02_p_n
image,#i_t7_metal_trim_weld_01_rust_c
image,d#i_t8_metal_diamond_plate_worn_n
image,#i_mtl_p7_fir_ladder_hanging_rope_c
image,#i_mtl_p7_fir_ladder_hanging_rope_n
image,#i_mtl_p7_fir_ladder_hanging_rope_m
image,d#i_t7_metal_worn_gold_g
image,#i_t7_metal_worn_gold_s
image,#i_t7_zm_shi_foliage_treewall_vista_c
image,#i_mtl_p7_mou_fence_metal_01_m
image,#i_mtl_p7_mou_fence_metal_01_n
image,#hash_3e1160508203861e
image,d#fxt8_dust_mote
image,#i_mt_p7_zm_ctl_crate_ammo_vintage_rope_c
image,d#fxt_water_stream_anim
image,#i_mtl_p7_mp_flag_new_neutral_c
image,#i_mtl_p7_mp_flag_new_neutral_n
image,#i_mtl_p7_wood_plank_rustic_2x4x120_splinter_n
image,#i_mtl_p7_wood_plank_rustic_2x4x120_splinter_c
image,d#i_c_hro_soldier_cyberhand_world_s
image,d#i_c_hro_soldier_cyberhand_world_o
image,d#i_c_hro_soldier_cyberhand_world_c
image,d#i_t7_decal_grunge_rust_08_n
image,d#i_t7_decal_grunge_rust_08_c
image,#i_mtl_p7_fir_tire_rack_metal_n
image,#i_mtl_p7_fir_tire_rack_metal_m
image,#t8_gobo_light_flicker03
image,#i_t7_mou_metal_panels_more_rust_rvl_n
image,#i_t7_mou_metal_panels_more_rust_rvl_r
image,#hash_3eab419105824470
image,#hash_3eb742918d5d680d
image,#i_c_t7_battery_hair_fibers1_c
image,#i_c_t7_battery_hair_fibers1_n
image,#i_mtl_veh_t7_dmg_scrapes_chips_9_s
image,#i_mtl_veh_t7_dmg_scrapes_chips_9_g
image,#i_mtl_veh_t7_dmg_scrapes_chips_9_c
image,#hash_3ed7aef533a5aa6e
image,#hash_3ed8e2b36f656711
image,#i_mtl_p7_zm_kin_pipes_metal_set_c
image,#i_mtl_p7_zm_kin_pipes_metal_set_g
image,#i_mtl_p7_zm_kin_pipes_metal_set_n
image,d#i_t7_metal_dark_s
image,#i_t7_metal_dark_c
image,#i_t7_metal_dark_g
image,#i_mtl_p7_rebar_single_bloody_c
image,#i_mtl_p7_rebar_single_bloody_o
image,#i_mtl_p7_rebar_single_bloody_n
image,d#hash_3f01ec971ad11e39
image,d#hash_3f0208971ad14dcd
image,#i_t7_micro_metal_grunge_galvanized_03_s
image,#i_c_t7_warrior_body1_armor_dark_ir
image,d#i_c_t7_detail_net_n
image,d#i_mtl_veh_mphd_forklift_lift_o
image,d#i_mtl_veh_mphd_forklift_lift_n
image,#i_t7_decal_grunge_water_stain_02_c
image,#i_c_t7_reaper_body2_detail_map_n
image,d#i_t7_micro_concrete_c
image,d#i_t7_micro_concrete_g
image,d#i_t7_micro_concrete_n
image,d#i_t7_wes_metal_base_g
image,d#i_veh_t8_decal_greeble_22_t
image,d#i_veh_t8_decal_greeble_22_n
image,d#i_veh_t8_decal_greeble_22_o
image,d#i_veh_t8_decal_greeble_22_c
image,#i_mtl_veh_mphd_bm21_covered_glass_special_n
image,d#i_mtl_p7_fir_foliage_tree_palm_trunk_05_c
image,d#i_mtl_p7_fir_foliage_tree_palm_trunk_05_n
image,#i_mtl_p7_rus_barbed_wire_c
image,d#$white_ao
image,#i_mtl_p7_construction_netting_n
image,d#i_mtl_t7_decal_damage_wood_cut_01_n
image,d#i_mtl_t7_decal_damage_wood_cut_01_c
image,d#i_t8_micro_dirt_01_n
image,#hash_3fe9eccdabe65a7e
image,#i_mtl_veh_mphd_tiara_decal_gauges_01_c
image,#hash_3ffb7ed654dc52e7
image,#hash_4007d6692831e2fd
image,#hash_400f99a5a4337c9a
image,d#$white_specular
image,#i_mtl_p7_fir_gate_rolling_set_decal_03_n
image,#i_veh_t8_civ_iceland_expiration_decal
image,#i_mtl_p7_zm_ver_barricade_nails_m
image,#i_mtl_p7_zm_ver_barricade_nails_n
image,d#fxt_dust_swirl_md_anim
image,#i_mtl_p7_fir_foliage_tree_vista_03_proxy_albedo
image,d#i_mtl_p8_foliage_tree_palm_coconut_trunk_c
image,d#i_mtl_p8_foliage_tree_palm_coconut_trunk_g
image,d#i_mtl_p8_foliage_tree_palm_coconut_trunk_o
image,d#i_mtl_p8_foliage_tree_palm_coconut_trunk_n
image,#i_mtl_veh_mphd_uaz_bumper_01_dead_m
image,d#i_veh_t8_decal_0330_c
image,d#i_veh_t8_mil_heli_light_engine_ir
image,#hash_405877f27f728dd7
image,#hash_405878f27f728f8a
image,#i_mtl_p7_zur_metro_train_base_03_m
image,#i_t7_wes_wood_wall_siding_thick_01_c
image,#i_t7_wes_wood_wall_siding_thick_01_n
image,#hash_40756c36a13f214c
image,#i_mtl_p7_soc_food_soda_set_logo_05_c
image,#hash_4090770f9a715c1e
image,#i_mtl_p7_fir_table_ledge_wood_set_wood_01_m
image,#i_mtl_p7_fir_table_ledge_wood_set_wood_01_n
image,d#hash_40a004c3af220cc2
image,#i_mtl_t8_decal_signage_surf_stickers_01_r
image,d#i_c_t7_shared_gray_one_channel_2
image,#i_t7_zm_isl_decal_signage_stripe_solid_c
image,#i_mtl_p7_beams_construction_stack_wood_c
image,#i_mtl_p7_beams_construction_stack_wood_n
image,d#i_t8_silo_rubber_grip_n
image,d#i_mtl_p7_ntx_couch_office_modern_fabric_n
image,d#i_mtl_p7_ntx_couch_office_modern_fabric_c
image,#hash_40e8318ce7cf5e15
image,#hash_40e8348ce7cf632e
image,d#i_veh_t8_triple_grunge_01_r
image,d#i_mtl_p7_fir_tool_chest_rolling_set_01_m
image,#i_mtl_p7_slu_meter_electric_01_base_n
image,#i_mtl_p7_slu_meter_electric_01_base_m
image,d#i_t7_veh_decal_greeble_01_n
image,d#i_t7_veh_decal_greeble_01_o
image,#i_t7_zm_sta_burnt_wood_beam_worn_oak_splintered_c
image,#hash_411bb94c3add046b
image,d#fxt8_fire_md_base_anim_hdr
image,#i_c_t7_warrior_smallpouch_c
image,#i_c_t7_warrior_smallpouch_n
image,d#i_veh_t8_weathered_paint_04_g
image,#hash_41332c813bfa06bd
image,d#i_t7_decal_blast_01_n
image,d#i_t7_decal_blast_01_c
image,d#i_t8_metal_panel_trim_01b_g
image,d#i_t8_metal_panel_trim_01b_n
image,d#i_t8_metal_panel_trim_01b_o
image,d#fxt_lf_source_07
image,d#fxt_lf_source_05
image,d#fxt_lf_source_01
image,#i_mtl_p8_wz_supply_stash_decal_health_patch_c
image,#i_t7_wes_metal_old_rusty_iron_r
image,#i_t7_wes_metal_old_rusty_iron_n
image,#i_mtl_p7_fir_foliage_tree_vista_02_proxy_distance
image,#i_t7_decal_grunge_water_puddle_03_r
image,#i_mtl_p7_zm_moo_ship_container_panel_03_rust_m
image,#i_t7_decal_grunge_stain_adobe_bottom_01_c
image,#i_t7_decal_grunge_stain_adobe_bottom_01_n
image,#i_t7_fir_metal_brushed_g
image,#i_t7_fir_metal_brushed_c
image,#i_t7_fir_metal_brushed_n
image,#i_c_t7_techno_body1_monitor_s
image,#i_c_t7_techno_body1_monitor_g
image,#i_c_t7_techno_body1_monitor_c
image,#i_c_t7_techno_body1_monitor_n
image,#i_c_t7_techno_body1_monitor_o
image,#hash_41943d870851debe
image,#hash_419449870851f322
image,#i_mtl_veh_mphd_uaz_int_02_dead_m
image,d#hash_4199b6de80bab9f6
image,d#i_c_cyberhand_world_dni_e
image,d#fxt_gib_wood_01
image,d#i_t7_micro_plastic_scratched_01_n
image,#i_mtl_p7_zm_moo_ship_container_door_02_rust_m
image,d#i_veh_t8_decal_bracket_square_01_c
image,d#hash_41ca76bd27fb4dba
image,#i_c_t7_battery_hair_eyelashes_c
image,#i_c_t7_battery_hair_eyelashes_n
image,#hash_41dbef73f809e7d3
image,#hash_41dbf073f809e986
image,#i_mtl_p7_dock_wood_rustic_set_decal_01_c
image,#i_mtl_p7_zm_moo_ship_container_panel_07_n
image,#i_p7_foliage_palm_date_leaves_dead_c
image,#i_mtl_p7_zm_moo_ship_container_frame_03_rust_m
image,#i_t7_wood_particle_worn_c
image,#i_t7_wood_particle_worn_n
image,#i_c_nrc_assault_3_pouch_4_c
image,#i_mtl_p7_fir_light_industrial_metal_n
image,#i_mtl_p7_fir_light_industrial_metal_m
image,#i_mtl_t7_decal_grunge_rust_04a_c
image,#i_mtl_veh_mphd_uaz_int_chair_m
image,#i_mtl_veh_mphd_uaz_int_chair_n
image,#i_mtl_veh_mphd_uaz_int_chair_o
image,#i_mtl_p7_beam_support_s
image,#i_mtl_p7_beam_support_c
image,#i_mtl_p7_beam_support_g
image,#i_mtl_p7_beam_support_n
image,d#fxt_gel_splat_string
image,#i_mtl_p7_slu_garage_door_metal_04_n
image,#i_mtl_p7_slu_garage_door_metal_04_m
image,#i_mtl_p7_slu_dispenser_bathroom_decal_c
image,#i_mtl_p7_slu_dispenser_bathroom_decal_n
image,d#i_veh_t8_metal_worn_iron_dark_n
image,#i_t7_decal_signage_numbers_grungy_c
image,#i_mtl_p7_jun_building_hut_river_set_wood_01_m
image,#i_mtl_p7_fir_foliage_tree_vista_03_proxy_distance
image,#i_mtl_p7_debris_asphalt_chunks_md_1_and_2_c
image,#i_mtl_p7_debris_asphalt_chunks_md_1_and_2_n
image,#i_mtl_p7_fir_beer_can_02_c
image,#i_mtl_p7_fir_beer_can_02_g
image,#i_mtl_p7_fir_beer_can_02_n
image,d#i_t7_micro_metal_rust_02_n
image,d#i_t7_micro_metal_rust_02_c
image,d#i_t7_micro_metal_rust_02_g
image,#i_intro_wall_edgeworn01_decal_c
image,#i_intro_wall_edgeworn01_decal_n
image,#i_mtl_p7_fir_ammo_box_wood_metal_n
image,#i_mtl_p7_fir_ammo_box_wood_metal_m
image,#hash_42c5f37d3da7b40c
image,#i_mtl_p7_debris_trash_cup_red_02_n
image,#i_mtl_p7_debris_trash_cup_red_02_c
image,#i_mtl_p7_mtl_generator_c
image,#i_mtl_p7_mtl_generator_n
image,#hash_43032d5cc36992fc
image,d#i_veh_t8_mil_heli_attack_rockets_o
image,d#i_veh_t8_mil_heli_attack_rockets_n
image,d#fxt_fog_slow_sm_anim
image,#i_mtl_t8_spa_statue_metal_01_micro_metal_bronze_n
image,d#i_mtl_veh_mphd_forklift_decal03_c
image,#hash_4348a1e1b1249454
image,#hash_4348a4e1b124996d
image,#i_mtl_p7_wood_plank_rustic_2x8x108_splinter_n
image,#i_mtl_p7_wood_plank_rustic_2x8x108_splinter_c
image,#hash_4362c1400663031e
image,#i_veh_mphd_chinook_frame_window_n
image,#i_veh_mphd_chinook_frame_window_o
image,#i_t7_decal_grunge_splat_03_n
image,#i_t7_decal_grunge_splat_03_c
image,#i_t7_metal_planter_trim_o
image,#i_t7_metal_planter_trim_n
image,#i_t7_metal_planter_trim_g
image,#i_t7_metal_planter_trim_s
image,#i_mtl_veh_mphd_uaz_back_light_n
image,#hash_439a7e5bf58eb820
image,#i_c_t7_battery_body1_pants
image,d#i_decal_access_apu2_c
image,#i_veh_mphd_chinook_under_02_o
image,#i_veh_mphd_chinook_under_02_n
image,#hash_43bc2173b3680655
image,#hash_43bc2473b3680b6e
image,#i_mtl_p7_zm_der_window_warehouse_lattice_02_n
image,#hash_43cd72124c6c115c
image,d#i_t8_decal_tech_detail_low_tech_18_g
image,d#i_t8_decal_tech_detail_low_tech_18_c
image,d#i_t8_decal_tech_detail_low_tech_18_o
image,d#i_t8_decal_tech_detail_low_tech_18_n
image,#i_mtl_veh_t7_dmg_scrapes_chips_7_s
image,#i_mtl_veh_t7_dmg_scrapes_chips_7_g
image,#i_mtl_veh_t7_dmg_scrapes_chips_7_c
image,d#i_t7_metal_bare_worn_01_s
image,#i_t7_metal_bare_worn_01_c
image,d#hash_441d22e7e5f938fb
image,#i_mtl_p7_fir_sign_matcu_airfield_text_r
image,#i_mtl_p7_zm_ori_gutter_01_m
image,#i_mtl_p7_zm_ori_gutter_01_n
image,#i_mtl_veh_mphd_tiara_body_01_n
image,#i_mtl_veh_mphd_tiara_body_01_o
image,#i_mtl_veh_mphd_tiara_body_01_m
image,#hash_443c41c0a0543ec0
image,#hash_443c44c0a05443d9
image,#i_c_t7_techno_body1_straps_n
image,#i_c_t7_techno_body1_straps_c
image,#i_t7_metal_edge_wear_03_s
image,#i_t7_metal_edge_wear_03_n
image,#i_t7_metal_edge_wear_03_c
image,d#i_t7_metal_edge_wear_03_g
image,#i_veh_mphd_chinook_frame_06_n
image,#i_veh_mphd_chinook_frame_06_o
image,#i_c_t7_warrior_body1_lights_n
image,#i_c_t7_warrior_body1_lights_e
image,#i_c_t7_warrior_body1_lights_c
image,d#i_t7_decal_grunge_burnt_stain_02_g
image,d#fxt8_smk_md_thick_lobe_anim
image,#hash_447b908fc7c84efd
image,#hash_447e13c72c8920c8
image,#i_mtl_p7_bottle_plastic_2litre_crushed_n
image,#i_t7_ban_concrete_poured_bunker_dirty_01_c
image,#hash_44acc568794a429e
image,#i_mtl_p7_zm_sha_foliage_bush_bark_01_c
image,#i_mtl_p7_zm_sha_foliage_bush_bark_01_n
image,#i_mtl_p7_door_metal_industrial_dent_m
image,#i_mtl_p7_door_metal_industrial_dent_n
image,#i_mtl_p7_door_metal_industrial_dent_o
image,#i_mtl_p7_zm_asc_pipe_modular_02_n
image,#i_mtl_p7_zm_asc_pipe_modular_02_m
image,#i_veh_t8_decal_light_reflector_03_r
image,#i_veh_t8_decal_light_reflector_03_n
image,#i_veh_t8_decal_light_reflector_03_o
image,#i_veh_t8_decal_light_reflector_03_m
image,#i_mtl_p7_zm_asc_loudspeaker_metal_m
image,#i_mtl_p7_zm_asc_loudspeaker_metal_n
image,#i_veh_mphd_chinook_under_01_multi_m
image,#hash_44f5f8cbb6b0c7a6
image,#hash_44f605cbb6b0ddbd
image,#hash_44f8de9a9b902bd1
image,d#i_t7_decal_grunge_pool_silt_01_m
image,#i_t7_decal_grunge_pool_silt_01_r
image,#hash_4507a6d04830a4cc
image,#hash_4507abd04830ad4b
image,#i_mtl_p7_zm_tra_water_tower_set_decal_c
image,#i_mtl_p7_zm_tra_water_tower_set_decal_n
image,#i_mtl_veh_mphd_uaz_dead_decal_c
image,d#i_t7_decal_bullet_metal_impact_03_n
image,d#i_t7_decal_bullet_metal_impact_03_c
image,#hash_4525de5ae14d8b1c
image,#hash_4525e35ae14d939b
image,#i_mtl_p7_fir_foliage_tree_vista_01_group_proxy_albedo
image,d#i_t8_decal_grunge_rust_01_blend_n
image,#i_t7_wood_plywood_dirty_c
image,#i_mtl_veh_mphd_tiara_int_01_dead_m
image,#fxt_lf_grime_dusty_05
image,d#fxt_lf_grime_dusty_01
image,#i_t7_fir_bathroom_tiles_n
image,#i_t7_fir_bathroom_tiles_o
image,#i_t7_fir_bathroom_tiles_c
image,#i_t7_fir_bathroom_tiles_g
image,#i_t7_metal_corrugated_rust_dmg_s
image,#i_t7_metal_corrugated_rust_dmg_c
image,#i_t7_metal_corrugated_rust_dmg_n
image,#hash_45bbbfb040e9e5bd
image,#i_t7_dlc1_dirt_fertile_c
image,#i_mtl_p7_sgen_gen_lab_sink_decal_c
image,#hash_45d403c216495eeb
image,#i_t7_decal_line_horizontal_black_thin_c
image,#i_t7_decal_line_horizontal_black_thin_n
image,#i_mtl_p7_fir_table_ledge_wood_set_decal_01_c
image,#i_p8_mp_bomb_crate_whole_destroyed_trim_n
image,#i_p8_mp_bomb_crate_whole_destroyed_trim_r
image,#i_t7_concrete_floor_broken_01_n
image,#i_t7_concrete_floor_broken_01_c
image,#i_t7_concrete_floor_broken_01_r
image,#hash_46354429c3e26336
image,#hash_46354529c3e264e9
image,#hash_46354c29c3e270ce
image,#hash_46355029c3e2779a
image,#i_mtl_p7_barricade_gate_metal_hinge_b_metal_n
image,#core_fence_chainlink_c
image,#i_t8_reveal_dust_01_r
image,#i_mtl_p7_mou_militarybox_nail_c
image,#i_mtl_p7_mou_militarybox_nail_n
image,#hash_4649d3004b481b28
image,#i_mtl_veh_mphd_tiara_decal_gauges_02_c
image,#i_c_gen_reveal_512_rec_horiz_r
image,#i_mtl_p7_fir_air_conditioner_decal_sign_01_c
image,d#i_t7_glass_dirty_grimes_01_c
image,#i_mtl_p7_fir_rock_boulder_lrg_02_b_n
image,#i_mtl_p7_fir_rock_boulder_lrg_02_b_m
image,d#fxt8_fog_slow_sm_anim
image,#i_mtl_p7_light_emergency_a_light_s
image,#i_mtl_p7_light_emergency_a_light_o
image,#i_mtl_p7_light_emergency_a_light_n
image,#i_mtl_p7_light_emergency_a_light_m
image,#i_mtl_p7_light_emergency_a_light_c
image,#i_mtl_p7_light_emergency_a_light_g
image,#i_mtl_veh_mphd_tiara_body_02_dead_m
image,#i_mtl_p7_jun_ammo_box_metal_02_n
image,#i_mtl_p7_jun_ammo_box_metal_02_m
image,#i_t7_wood_planks_splintered_n
image,#i_t7_wood_planks_splintered_c
image,#i_mtl_p7_slu_towel_folded_cloth_c
image,d#i_c_gen_reveal_128_sq_r
image,d#i_mtl_veh_t7_dlc_decal_hole02_c
image,#i_mtl_p7_zm_kin_cabinet_storage_set_base_n
image,#i_mtl_p7_zm_kin_cabinet_storage_set_base_m
image,#hash_46e51f51ef40fca5
image,#i_veh_t8_decal_grunge_oil_stain_01_c
image,#i_t7_cobweb_triangle_02_c
image,#i_t7_cobweb_triangle_02_n
image,#i_mtl_p8_table_plastic_set_white_01_g
image,#hash_470036fcbdd82644
image,#i_p7_fxanim_fray_brown_01_c
image,#hash_4720d7711b0eda13
image,#i_mtl_p7_zm_asc_switch_electric_02_n
image,#i_mtl_p7_zm_asc_switch_electric_02_m
image,#hash_472526fd35a2559a
image,d#i_veh_t8_decal_text_rescue_01_c
image,#i_mtl_p7_jun_crate_ammo_wood_decal_06_c
image,#i_mtl_p7_jun_crate_ammo_wood_decal_06_g
image,#i_mtl_p7_jun_crate_ammo_wood_decal_06_n
image,#i_t7_decal_grunge_ceiling_water_stain_c
image,#i_mtl_t8_decal_grunge_rust_offset_01_blend_r
image,#hash_473ab1edcbe6bc76
image,#hash_473abeedcbe6d28d
image,#i_mtl_veh_mphd_tiara_int_02_dead_m
image,d#i_mtl_p7_fir_bench_wood_n
image,d#i_mtl_p7_fir_bench_wood_m
image,#hash_474cc2e12bf68437
image,#hash_475f438833d02705
image,d#i_veh_t8_mil_heli_light_rotor_ir
image,#i_t7_ntx_plastic_scuffs_g
image,#i_t7_ban_wood_old_rotten_n
image,#i_t7_ban_wood_old_rotten_o
image,#i_t7_ban_wood_old_rotten_g
image,#i_t7_ban_wood_old_rotten_c
image,d#fx_shell_nml
image,d#i_mtl_t8_metal_bare_dirty_01_s
image,d#i_t7_metal_bare_brushed_2_g
image,d#i_t7_metal_bare_brushed_2_n
image,d#i_t7_decal_blast_02_n
image,d#i_t7_decal_blast_02_c
image,d#i_p8_mp_bomb_crate_stencil_c
image,#i_clip_missile
image,#i_mtl_p7_fir_foliage_tree_vista_07_proxy_normal
image,#i_mtl_p7_tie_rod_metal_01_m
image,#i_mtl_p7_tie_rod_metal_01_n
image,#hash_47c49436a5012744
image,#hash_47c49736a5012c5d
image,#i_mtl_p7_fir_sign_welcome_decal_01_c
image,#i_t7_metal_rust_03_r
image,#i_t7_metal_rust_03_n
image,#i_t7_metal_rust_03_g
image,#i_t7_metal_rust_03_c
image,#hash_47e6476f926d15d8
image,#i_mtl_p7_electrical_box_set2_meterbox_n
image,#i_mtl_p7_electrical_box_set2_meterbox_c
image,d#detail_map_painted_metal_n
image,#i_mtl_p7_bottle_plastic_soap_dmg_n
image,#i_t7_concrete_bare_weathered_01_n
image,#hash_48067c7d8f840bf7
image,#hash_480e37319663629f
image,#hash_480e383196636452
image,#hash_481bd76fdda83026
image,d#tv_lookup
image,d#fxt8_light_incandescent_hot_mask
image,d#i_veh_t8_decal_panel_03_o
image,d#i_veh_t8_decal_panel_03_n
image,d#i_veh_t8_decal_panel_03_c
image,d#i_veh_t8_decal_panel_03_g
image,#i_t7_concrete_bare_dark_01_c
image,#i_mtl_p7_cai_door_wood_rustic_01_02_bare_m
image,#i_t8_wz_decal_signage_construction_06_c
image,#hash_486bf6abc9c36d87
image,#hash_486bf7abc9c36f3a
image,#i_t7_rock_sand_crumbled_medium_r
image,#i_t7_rock_sand_crumbled_medium_o
image,#i_t7_rock_sand_crumbled_medium_n
image,#i_t7_rock_sand_crumbled_medium_g
image,#i_t7_rock_sand_crumbled_medium_c
image,#i_mtl_p7_fir_rock_boulder_lrg_02_q_m
image,#i_mtl_p7_fir_rock_boulder_lrg_02_q_n
image,#i_mtl_p7_fir_table_wood_rustic_wood_n
image,#i_mtl_p7_fir_table_wood_rustic_wood_m
image,#i_mtl_p7_bag_cement_dust_n
image,#shadow
image,d#i_t7_micro_stone_mixed_02_c
image,d#i_veh_t8_decal_bolt_02_s
image,d#i_veh_t8_decal_bolt_02_r
image,d#i_veh_t8_decal_bolt_02_g
image,d#i_veh_t8_decal_bolt_02_c
image,d#i_veh_t8_decal_bolt_02_o
image,d#i_veh_t8_decal_bolt_02_n
image,#i_mtl_p7_fir_bottle_liquor_01_glass_inner_c
image,d#i_mtl_p7_fire_extinguisher_case_glass_g
image,d#i_mtl_p7_fire_extinguisher_case_glass_c
image,#i_p7_shr_wood_beam_support_m
image,d#i_t7_metal_paint_worn_g
image,d#i_t7_metal_paint_worn_n
image,#i_p7_jun_foliage_bush_branches_01_r
image,d#hash_4914a2d0c06248f0
image,d#hash_4914a3d0c0624aa3
image,#hash_49164e557fbd0377
image,#i_mtl_p7_zm_moo_ship_container_door_lebal_rust_c
image,#i_mtl_p7_fir_floodlight_speaker_tall_speaker_m
image,d#i_c_cyberhand_viewmodel_dni_r
image,#hash_492a1b73fbca4197
image,#hash_492a1c73fbca434a
image,#i_mtl_p8_centrifuge_device_dmg_rust_decal_01_c
image,#i_mtl_p7_zm_moo_ship_container_panel_06_n
image,d#i_t7_decal_grunge_dirt_base_01_c
image,#i_t8_plaster_stucco_01_n
image,#i_mtl_veh_mphd_uaz_und_chassis_01_dead_m
image,d#i_mtl_p7_zm_mob_power_station_panel_gauges_on_03_c
image,d#i_mtl_t7_concrete_wall_damage_01_c
image,#i_c_t7_warrior_body1_pants_c
image,#i_c_t7_warrior_body1_pants_g
image,#i_c_t7_warrior_body1_pants_o
image,#i_veh_mphd_chinook_frame_08_n
image,#i_veh_mphd_chinook_frame_08_o
image,#i_t7_concrete_wall_damaged_01_n
image,#i_mtl_p8_col_vista_foliage_jungle_tree_palm_lrg_proxy_albedo
image,#i_mtl_p7_fir_foliage_tree_vista_02_proxy_specular
image,d#i_t8_micro_asphalt_new_n
image,#i_c_ega_soldier_3_grenade_s
image,#i_c_ega_soldier_3_grenade_g
image,#i_c_ega_soldier_3_grenade_c
image,#i_c_ega_soldier_3_grenade_n
image,#i_t7_micro_metal_cast_iron_n
image,d#i_t7_glass_grey_50_c
image,d#$whitetransparent_color
image,d#$black_specular
image,#hash_4a2524babab3ed6b
image,#hash_4a276283676fb4c8
image,#i_t7_micro_wood_plywood_white_c
image,#i_t7_rock_granite_smooth_dark_g
image,#i_t7_rock_granite_smooth_dark_c
image,d#i_t7_rock_granite_smooth_dark_n
image,#i_t7_plastic_white_worn_01_c
image,d#i_t7_plastic_white_worn_01_n
image,#hash_4a56a416b1a85da5
image,#hash_4a56ab16b1a8698a
image,#hash_4a56ac16b1a86b3d
image,#hash_4a56b016b1a87209
image,#i_mtl_p7_slu_door_white_decal_02_n
image,#i_mtl_p7_slu_door_white_decal_02_m
image,d#hash_4a627f7506ea109f
image,#hash_4a6c82dcad9504b7
image,#i_c_gen_african_insidemouth_teeth_c
image,#i_c_t7_techno_body1_baremetal_ir
image,#i_fir_bathroom_sink_blackhole_decal_r
image,d#i_t8_micro_metal_wavy_sheet_painted_n
image,d#fxt_decal_blood_fatal_02
image,d#fxt_decal_blood_fatal_01
image,#i_t7_decal_grunge_splat_02_c
image,#i_t7_decal_grunge_splat_02_n
image,#i_t7_ceramic_tile_shower_white_n
image,#i_t7_ceramic_tile_shower_white_g
image,#i_t7_ceramic_tile_shower_white_c
image,d#i_t7_vista_decal_grunge_rust_01_c
image,#i_mtl_p7_barrel_metal_55gal_n
image,d#$color_black_40
image,d#i_veh_t8_decal_line_vert_01_c
image,#hash_4ae9c897b941f869
image,#hash_4ae9cc97b941ff35
image,#hash_4ae9cf97b942044e
image,#i_mtl_veh_mphd_uaz_int_engine_dead_m
image,d#i_veh_t8_metal_paint_worn_white_c
image,d#hash_4b08ae4d7a1ee17a
image,#i_mtl_p7_caution_metal_rusty_sign_n
image,#i_mtl_p7_caution_metal_rusty_sign_c
image,#i_mtl_p7_cai_street_signage_bracket_01_m
image,#i_mtl_p7_cai_street_signage_bracket_01_o
image,#i_mtl_p7_cai_street_signage_bracket_01_n
image,d#fxt8_light_ray_solid_wide
image,#i_t7_damage_decal_cracks_01_offset_c
image,#i_mtl_p7_soc_food_soda_set_logo_04_c
image,#i_mtl_p7_soc_food_soda_set_logo_04_g
image,#i_c_t7_emissive_b_e
image,#i_mtl_p7_fir_foliage_tree_vista_02_proxy_normal
image,#i_mtl_veh_mphd_uaz_int_01_n
image,#i_mtl_veh_mphd_uaz_int_01_o
image,#i_mtl_veh_mphd_uaz_int_01_m
image,#i_mtl_p7_slu_door_white_metal_03_m
image,#i_mtl_p7_slu_door_white_metal_03_n
image,#i_mtl_p7_fir_rock_lrg_03_n
image,#i_mtl_p7_fir_rock_lrg_03_m
image,#hash_4b7f2ad6caddb2d3
image,#hash_4b7f35d6caddc584
image,#hash_4b8609425a900226
image,#hash_4b8612425a901171
image,#hash_4b8616425a90183d
image,#i_mtl_p7_fir_shelf_wood_02_n
image,#i_mtl_p7_fir_shelf_wood_02_m
image,#hash_4b8ef0f078eddd8c
image,#i_mtl_p7_zm_tra_water_tower_set_metal_m
image,#i_mtl_p7_zm_tra_water_tower_set_metal_n
image,#i_t7_decal_grunge_burnt_stain_03_r
image,#hash_4baea447d1b8323c
image,d#fxt8_spark_streak_long_hdr
image,d#i_wpn_t8_eqp_briefcase_bomb_top_o
image,d#i_wpn_t8_eqp_briefcase_bomb_top_n
image,d#i_wpn_t8_eqp_briefcase_bomb_top_c
image,d#i_wpn_t8_eqp_briefcase_bomb_top_g
image,d#i_wpn_t8_eqp_briefcase_bomb_top_s
image,#i_veh_mphd_chinook_under_03_n
image,#i_veh_mphd_chinook_under_03_o
image,#i_c_t7_warrior_head1_haircards_n
image,#i_c_t7_warrior_head1_haircards_c
image,d#i_mtl_veh_t8_decal_panel_52_r
image,d#i_mtl_veh_t8_decal_panel_52_c
image,d#i_mtl_veh_t8_decal_panel_52_o
image,d#i_mtl_veh_t8_decal_panel_52_n
image,#i_mtl_p7_zm_der_window_warehouse_lattice_01_n
image,#i_t7_glass_smoked_low_trans_c
image,d#i_mtl_p_dest_water_fountain01_decal_01_s
image,d#i_mtl_p_dest_water_fountain01_decal_01_n
image,d#i_mtl_p_dest_water_fountain01_decal_01_c
image,#i_t7_dlc1_dirt_tractor_tracks_packed_01_n
image,#i_t7_dlc1_dirt_tractor_tracks_packed_01_o
image,#i_t7_dlc1_dirt_tractor_tracks_packed_01_m
image,#i_t7_dlc1_dirt_tractor_tracks_packed_01_r
image,#i_veh_t8_circle_alpha_c
image,d#fxt8_decal_blood_fatal_01
image,d#fxt8_decal_blood_fatal_02
image,d#fxt8_decal_blood_fatal_03
image,#i_t7_micro_wood_oak_unfinished_n
image,#i_t7_micro_wood_oak_unfinished_g
image,#i_t7_sand_footprints_01_o
image,#i_t7_sand_footprints_01_n
image,#i_t7_sand_footprints_01_c
image,#i_mtl_t8_micro_metal_rust_01_c
image,d#i_mtl_t8_micro_metal_rust_01_n
image,#i_mtl_p7_blast_wall_concrete_decal_03_c
image,d#i_veh_t8_mil_heli_light_seat_ir
image,#i_mtl_p7_fir_tank_propane_01_n
image,#i_mtl_p7_fir_tank_propane_01_m
image,#i_veh_t7_dlc_decal_wiperstreak_02_n
image,#i_veh_t7_dlc_decal_wiperstreak_02_g
image,#i_veh_t7_dlc_decal_wiperstreak_02_c
image,d#fxt_debris_grass
image,#i_mtl_p7_zm_ori_duckboard_set_decal_c
image,d#fxt_smk_puff_light_varied
image,d#i_t7_decal_bullet_metal_impact_02_c
image,d#i_t7_decal_bullet_metal_impact_02_n
image,#i_mtl_p7_zm_moo_ship_container_door_03_rust_m
image,#i_t7_decal_damage_crack_line_02_n
image,#i_t7_decal_damage_crack_line_02_c
image,#i_t7_decal_damage_crack_line_02_r
image,d#i_t7_micro_plastic_rough_02_n
image,d#i_t7_micro_plastic_rough_02_g
image,d#i_t7_micro_plastic_rough_02_c
image,#i_mtl_p8_zm_esc_tools_pliers_rust_m
image,#i_mtl_p8_crate_wood_decal_02_n
image,#i_mtl_p8_crate_wood_decal_02_c
image,d#fxt8_liquid_streak_anim_mask
image,#i_mtl_p7_zm_moo_ship_container_frame_01_n
image,#afr_floor_burnt_02_dec_col
image,#i_mtl_p7_slu_garage_door_metal_03_m
image,#i_mtl_p7_slu_garage_door_metal_03_n
image,#i_t8_micro_plastic_tarp_01_h
image,#i_t7_dlc1_wood_worn_painted_r
image,#i_mtl_p7_fir_outpost_lookout_decal_01_n
image,#i_mtl_p7_fir_outpost_lookout_decal_01_c
image,#i_c_t7_warrior_body1_arm_c1_c
image,#i_c_t7_warrior_body1_arm_c1_g
image,#i_c_t7_warrior_body1_arm_c1_n
image,#i_c_t7_warrior_body1_arm_c1_o
image,#i_c_t7_warrior_body1_arm_c1_s
image,d#i_t7_decal_grunge_calcium_drip_01_n
image,#i_mtl_veh_mphd_uaz_body_04_n
image,#i_mtl_veh_mphd_uaz_body_04_o
image,#i_mtl_veh_mphd_uaz_body_04_m
image,#i_t7_cloth_carpet_backing_n
image,#i_t7_cloth_carpet_backing_c
image,#i_mtl_p7_zm_asc_cans_aluminum_m
image,#i_mtl_p7_zm_asc_cans_aluminum_n
image,d#i_t7_micro_grunge_pool_silt_01_n
image,d#i_t7_micro_grunge_pool_silt_01_c
image,d#i_t7_micro_grunge_pool_silt_01_g
image,#i_t7_dlc1_stone_sandstone_c
image,#hash_4d62a0023a8e2e2a
image,#i_c_t7_techno_body1_arm_rt_ir
image,#hash_4d7aaff019e52fdc
image,#hash_4d7ab0f019e5318f
image,#hash_4d7ab2f019e534f5
image,#hash_4d80c4663191e5bf
image,#hash_4d80c5663191e772
image,#hash_4d836529c7a2aa49
image,#hash_4d836929c7a2b115
image,#hash_4d836c29c7a2b62e
image,#hash_4d836d29c7a2b7e1
image,#i_mtl_p7_fir_outpost_storage_frame1_n
image,#i_mtl_p7_fir_outpost_storage_frame1_m
image,d#i_t7_decal_grunge_brick_stain_03_r
image,d#fxt8_fire_sm_base_anim_alpha
image,d#i_veh_t8_detail_char_01_g
image,#hash_4db5488eaa29caac
image,#hash_4db54a8eaa29ce12
image,#hash_4db54b8eaa29cfc5
image,#hash_4db8a2a83a5f3ad1
image,#i_t7_decal_signage_numbers_c
image,#i_mtl_p7_fir_rock_boulder_lrg_02_c_n
image,#i_mtl_p7_fir_rock_boulder_lrg_02_c_m
image,#i_mtl_veh_t7_dmg_scrapes_chips_4_o
image,#i_mtl_veh_t7_dmg_scrapes_chips_4_n
image,#i_mtl_veh_t7_dmg_scrapes_chips_4_c
image,#i_mtl_veh_t7_dmg_scrapes_chips_4_g
image,#i_mtl_p7_zm_ctl_jacket_hanging_decal_n
image,#i_mtl_p7_zm_ctl_jacket_hanging_decal_c
image,#i_t7_concrete_gunite_pool_01_n
image,#i_t7_concrete_gunite_pool_01_c
image,#i_mtl_p7_lab_spotlight_generator_n
image,#i_mtl_p7_lab_spotlight_generator_o
image,#i_mtl_p7_lab_spotlight_generator_m
image,#i_mtl_p7_lab_spotlight_generator_g
image,#i_mtl_p7_lab_spotlight_generator_c
image,#i_mtl_p7_lab_spotlight_generator_s
image,#i_mtl_veh_mphd_forklift_decal016_c
image,d#i_veh_t8_mil_heli_attack_rotor_blade_pnt_blk
image,d#fxt_trail_laser
image,#i_mtl_veh_mphd_uaz_bumper_01_m
image,#i_mtl_veh_mphd_uaz_bumper_01_n
image,#i_mtl_veh_mphd_uaz_bumper_01_o
image,#i_c_t7_warrior_body1_dark_ir
image,#hash_4e6807e67af2c578
image,#i_mtl_p7_zm_asc_fan_industrial_metal_02_n
image,#i_mtl_p7_zm_asc_fan_industrial_metal_02_m
image,#i_mtl_veh_mphd_tiara_decal_01_c
image,#i_mtl_p7_fir_ladder_hanging_set_m
image,#i_mtl_p7_fir_ladder_hanging_set_n
image,d#hash_4e80dc71b684ebe5
image,#i_mtl_p7_fir_foliage_tree_vista_05_proxy_normal
image,d#i_t7_micro_metal_grunge_galvanized_01_n
image,d#i_t7_micro_metal_grunge_galvanized_01_c
image,d#i_t7_micro_metal_grunge_galvanized_01_g
image,d#i_t7_micro_metal_grunge_galvanized_01_s
image,#hash_4ea062c6ac7079d1
image,#i_t7_wes_water_puddle_refraction_ramp_c
image,#hash_4ead9403ba0d755f
image,#hash_4ead9503ba0d7712
image,#i_mtl_p7_fir_foliage_tree_vista_06_proxy_distance
image,#i_mtl_p7_zm_der_window_warehouse_frame_01_m
image,#i_mtl_p7_zm_der_window_warehouse_frame_01_n
image,#i_mtl_p7_zm_ori_gutter_02_n
image,#i_mtl_p7_zm_ori_gutter_02_m
image,#i_mtl_p7_fir_crate_wood_set_wood03_n
image,#i_mtl_p7_fir_crate_wood_set_wood03_m
image,#i_mtl_p7_fir_crate_wood_set_nail01_c
image,#i_mtl_p7_fir_crate_wood_set_nail01_n
image,#jun_art_metal_paintchip_gray_c
image,#i_t7_grass_scrub_hey_c
image,#i_rus_concrete_dirtyfloor_n
image,d#i_mtl_veh_t8_mil_helicopter_transport_blade_blur_c
image,#i_t7_zm_shi_wood_planks_rustic_worn_n
image,#i_t7_zm_shi_wood_planks_rustic_worn_o
image,#i_t7_zm_shi_wood_planks_rustic_worn_c
image,#i_t7_zm_shi_wood_planks_rustic_worn_g
image,d#i_t8_rubber_mat_worn_02_n
image,#i_c_t7_warrior_body1_arm_a1_ir
image,#i_mtl_p7_zm_tra_pneumatic_dolly_decal03_c
image,#i_mtl_p7_zm_tra_pneumatic_dolly_decal03_n
image,d#i_mtl_t8_license_zurich_c
image,d#i_mtl_t8_license_zurich_n
image,d#fxt8_light_core_hot_mask
image,d#fxt_distort_ring_ripple
image,#i_p7_fir_bathroom_sink_porcelain_m
image,#i_p7_fir_bathroom_sink_porcelain_n
image,#hash_4f6404599ffd4cb8
image,#hash_4f72c6b336bc0898
image,#i_mtl_p7_sgen_silo_concrete_n
image,#hash_4f7fefb7ba2e7479
image,d#i_veh_t8_glass_pattern_05_n
image,#i_mtl_p7_fir_ammo_crate_wood_01_m
image,#i_c_t7_techno_body1_torso_armor_ir
image,#i_t7_dirt_fertile_r
image,#i_t7_dirt_fertile_g
image,#i_t7_dirt_fertile_n
image,#i_t7_dirt_fertile_m
image,#i_mtl_p7_fir_rock_boulder_lrg_02_r_n
image,#i_mtl_p7_fir_rock_boulder_lrg_02_r_m
image,#i_p7_fir_bathroom_mirror_mirror_m
image,#i_mtl_p7_mou_tank_propane_bottle_long_metal_m
image,#i_mtl_p7_mou_tank_propane_bottle_long_metal_n
image,#i_c_hro_player_cyberarm_viewarm_ir
image,d#i_veh_t8_decal_bolt_03_n
image,d#i_veh_t8_decal_bolt_03_c
image,d#i_t8_decal_tech_detail_high_tech_41_c
image,d#i_t8_decal_tech_detail_high_tech_41_m
image,d#i_t8_decal_tech_detail_high_tech_41_o
image,d#i_t8_decal_tech_detail_high_tech_41_n
image,#i_t7_metal_panels_2x4_n
image,#i_t7_metal_panels_2x4_o
image,d#fxt8_spark_shower_core_sparse_hdr
image,#i_mtl_p7_zm_moo_ship_container_panel_07_rust_m
image,#i_c_t7_warrior_head1_headgear_n
image,#i_c_t7_warrior_head1_headgear_c
image,#i_c_t7_warrior_head1_headgear_e
image,#i_c_t7_warrior_head1_headgear_g
image,#hash_50255bf6bf2ab19e
image,#hash_503683319add9683
image,#hash_503684319add9836
image,d#i_mtl_p7_barrel_metal_55gal_lid_n
image,d#i_c_t7_battery_10_ir
image,d#$color
image,d#i_veh_t8_decal_panel_23_g
image,d#i_veh_t8_decal_panel_23_c
image,d#i_veh_t8_decal_panel_23_o
image,d#i_veh_t8_decal_panel_23_n
image,d#i_veh_t8_decal_panel_23_s
image,d#i_veh_t8_decal_panel_23_r
image,d#i_veh_t8_decal_text_access_ext_c
image,d#i_veh_t8_decal_text_chaff_flare_c
image,#i_p7_zm_sta_plank_wood_01_burnt_c
image,#hash_5082d76e4e12019f
image,#hash_5082d86e4e120352
image,d#i_t7_micro_plastic_02_c
image,#i_mtl_p7_sgen_gen_lab_autopsy_table_dirty_decal_c
image,#i_c_t7_mp_common_pouch2_g
image,#i_c_t7_mp_common_pouch2_n
image,d#i_veh_t8_mil_heli_attack_wing_o
image,d#i_veh_t8_mil_heli_attack_wing_n
image,d#i_t7_detail_concrete_01
image,d#i_t7_detail_concrete_02
image,d#fxt_water_drip
image,#i_mtl_p8_col_vista_foliage_jungle_young_palm_proxy_distance
image,#i_mtl_veh_mphd_tiara_int_sofa_m
image,#i_mtl_veh_mphd_tiara_int_sofa_o
image,#i_mtl_veh_mphd_tiara_int_sofa_n
image,#i_c_t7_warrior_body1_armor_light_o
image,#i_c_t7_warrior_body1_armor_light_n
image,#i_c_t7_warrior_body1_armor_light_c
image,#i_c_t7_warrior_body1_armor_light_g
image,d#core_cloth_dark_n
image,d#i_t7_decal_grunge_algae_wet_r
image,#i_t7_decal_grunge_algae_wet_c
image,d#i_t7_decal_grunge_algae_wet_n
image,d#$occlusion_50
image,#i_mtl_p7_trashcan_street_metal_open_trash_n
image,d#i_mtl_veh_t7_dlc_decal_grunge_rust_01_512_r
image,d#i_t7_micro_stone_mixed_03_r
image,#i_mtl_p7_fir_foliage_tree_palm_trunk_03_c
image,#i_mtl_p7_fir_foliage_tree_palm_trunk_03_n
image,#i_c_t7_warrior_body1_pouch1_c
image,#i_t8_decal_tech_detail_low_tech_08a_r
image,#i_t7_zm_sta_dirt_02_mustard_n
image,#i_t8_decal_nails_wood_s
image,#i_t8_decal_nails_wood_c
image,#i_t8_decal_nails_wood_n
image,#i_c_t7_techno_head1_visor_ir
image,#i_mtl_p7_slu_dispenser_bathroom_m
image,#i_mtl_p7_slu_dispenser_bathroom_n
image,#i_veh_mphd_chinook_frame_05_multi_m
image,#i_mtl_veh_mphd_tiara_decal_gauges_03_c
image,#i_veh_mphd_uaz_front_light_glass_g
image,#hash_514d369361eacfaa
image,d#i_mtl_veh_mphd_forklift_main_frame_o
image,d#i_mtl_veh_mphd_forklift_main_frame_n
image,#hash_515830eb4d7ecadc
image,#i_t7_decal_damage_plywood_edge_n
image,#i_t7_decal_damage_plywood_edge_c
image,#i_mtl_p7_zm_moo_ship_container_panel_05_n
image,#i_mtl_p7_mou_door_white_window_plain_glass_c
image,d#i_mtl_p7_microtile_plaster_g
image,#i_t7_micro_stone_sandstone_02_c
image,#i_t7_micro_stone_sandstone_02_n
image,#mtl_p7_slu_corkboard_papers_c
image,#mtl_p7_slu_corkboard_papers_n
image,#mtl_p7_slu_corkboard_papers_m
image,#hash_5187175a03027d57
image,#hash_519fdd36aaecea8f
image,#hash_519fde36aaecec42
image,#i_mtl_p7_debris_newspaper_01_n
image,#i_mtl_p7_debris_newspaper_01_c
image,#hash_51b2d34de84756c7
image,#i_t7_snow_slushy_01_n
image,d#i_t7_snow_slushy_01_c
image,#hash_51bac9dcb1558c5c
image,#i_t7_min_decal_wood_rings_n
image,#i_t7_min_decal_wood_rings_c
image,#i_mtl_p7_fir_wire_spool_set_n
image,#i_mtl_p7_fir_wire_spool_set_m
image,d#i_veh_t8_mil_heli_attack_navi_light_o
image,d#i_veh_t8_mil_heli_attack_navi_light_n
image,#i_t7_fir_wood_plywood_board_g
image,#i_t7_wes_wood_cedar_lt_c
image,#i_c_t7_techno_body1_neckwrap_ir
image,#i_t7_mou_concrete_plaster_wall_c
image,#i_t7_mou_concrete_plaster_wall_g
image,#i_t7_mou_concrete_plaster_wall_n
image,#i_t7_mou_concrete_plaster_wall_o
image,d#i_c_char_gear_dark_gray_ir
image,#i_mtl_p7_fir_foliage_tree_vista_07_proxy_depth
image,#i_t7_wood_panel_worn_brown_c
image,#i_t7_wood_panel_worn_brown_n
image,#i_t7_wood_panel_worn_brown_r
image,d#i_t7_glass_edge_trim_n
image,#i_t7_glass_edge_trim_c
image,d#i_t7_veh_decal_greeble_07_s
image,d#i_t7_veh_decal_greeble_07_n
image,d#i_t7_veh_decal_greeble_07_o
image,d#i_veh_t8_square_fade_e
image,#i_mtl_p7_mou_locker_metal_set_02_n
image,#i_mtl_p7_mou_locker_metal_set_02_m
image,d#i_mtl_veh_mphd_forklift_pillar_c
image,#i_mtl_veh_mphd_tiara_int_sofa_dead_m
image,d#i_t7_decal_blast_03_c
image,d#i_t7_decal_blast_03_n
image,d#hash_526378af96d497c6
image,d#hash_526379af96d49979
image,d#hash_526394af96d4c75a
image,d#i_t8_glass_smartglass_cubes_01_n
image,#i_c_bc_femalesoldier_straps2_ao
image,#i_c_t7_techno_body1_coat_n
image,#i_c_t7_techno_body1_coat_c
image,#i_c_t7_techno_body1_coat_g
image,d#i_veh_t8_metal_painted_rough_01_g
image,d#i_veh_t8_glass_dirty_grimes_01_512_g
image,#i_mtl_p7_fir_targetdummy_rail_wood_01_c
image,#i_mtl_p7_fir_targetdummy_rail_wood_01_g
image,#hash_528b1b47c72bedf2
image,d#i_mtl_p7_plane_airliner_wreckage_set_decal_04_c
image,#i_p8_mp_bomb_crate_whole_destroyed_palette_c
image,#i_p8_mp_bomb_crate_whole_destroyed_palette_n
image,#i_mtl_p7_fir_rock_lrg_02_n
image,#i_mtl_p7_fir_rock_lrg_02_m
image,#i_mtl_p7_fir_plywood_wall_wood_frame_m
image,#i_t7_decal_painted_camo_desert_c
image,d#i_t8_decal_tech_detail_low_tech_07_r
image,d#i_t8_decal_tech_detail_low_tech_07_n
image,d#hash_52fa0f52d6ce70fe
image,d#fxt8_spark_streak_abnorm_hdr
image,#i_mtl_p7_fir_foliage_tree_vista_05_proxy_albedo
image,d#i_c_gen_detail_jeans_n
image,#i_t7_wood_planks_damaged_teak_blend_g
image,#hash_532102abd0686ceb
image,#hash_532103abd0686e9e
image,#i_mtl_p7_zm_sta_shelf_wall_m
image,#i_mtl_p7_zm_sta_shelf_wall_n
image,#hash_5333e28e5680b968
image,#hash_534fa1b2ae49d8d8
image,#i_t7_micro_stone_mixed_moss_g
image,d#i_t7_micro_stone_mixed_moss_c
image,#i_t7_micro_stone_mixed_moss_n
image,d#i_mtl_veh_t8_metal_worn_painted_graphite_g
image,d#i_mtl_veh_t8_metal_worn_painted_graphite_t
image,#i_t7_wood_planks_damaged_teak_painted_r
image,#i_veh_mphd_chinook_backdoor_01_o
image,#i_veh_mphd_chinook_backdoor_01_n
image,#i_mtl_p7_zm_moo_ship_container_frame_02_n
image,#i_mtl_p7_slu_garage_door_metal_02_m
image,#i_mtl_p7_slu_garage_door_metal_02_n
image,d#i_mtl_p7_fir_foliage_tree_palm_01_proxy_albedo
image,#i_mtl_p7_can_metal_open_o
image,#i_mtl_p7_can_metal_open_n
image,#i_mtl_p7_can_metal_open_g
image,#i_mtl_p7_can_metal_open_c
image,#i_mtl_p7_can_metal_open_s
image,#i_mtl_p7_rus_box_electric_set_box_n
image,#i_mtl_p7_rus_box_electric_set_box_m
image,#i_mtl_p7_slu_door_white_metal_02_m
image,#i_mtl_p7_slu_door_white_metal_02_n
image,#i_mtl_p7_fir_crate_wood_set_decal01_c
image,#i_t7_plaster_ground_01_n
image,d#i_mtl_veh_t7_dlc_decal_hole_01_n
image,d#fxt_distort_ring_hvy
image,#i_mtl_p7_mou_trash_can_set_paper_c
image,#i_mtl_p7_fir_boot_military_c
image,#i_mtl_p7_fir_boot_military_g
image,#i_mtl_p7_fir_boot_military_n
image,#i_p8_mphd_towel_a_m
image,#i_p8_mphd_towel_a_n
image,#i_t7_metal_chainlink_yellow_c
image,#i_mtl_p7_fir_sign_matcu_airfield_text_trim_r
image,#hash_5408493fdff5aade
image,#i_mtl_p7_jun_gascan_vintage_m
image,#i_mtl_p7_jun_gascan_vintage_n
image,#i_mtl_t8_license_sing_zurich_decal_digits_9_c
image,#i_veh_t7_dlc_letter_f_st2_c
image,d#i_veh_t8_mil_heli_light_rotor_n
image,d#i_veh_t8_mil_heli_light_rotor_o
image,d#i_veh_t8_mil_heli_light_rotor_m
image,#i_mtl_veh_mphd_uaz_und_chassis_01_m
image,#i_mtl_veh_mphd_uaz_und_chassis_01_o
image,#i_mtl_veh_mphd_uaz_und_chassis_01_n
image,d#core_metal_rusty_m
image,d#core_metal_rusty_c
image,d#i_mtl_veh_t8_clouds_01_t
image,d#i_t7_camo_quilted_n
image,#i_mtl_p7_corrugated_sheet_metal_rust_04_proxy_normal
image,#i_t7_decal_damage_burn_impact_03_c
image,#i_mtl_veh_mphd_forklift_decal01_c
image,#hash_5462eedfe11fab3c
image,#hash_5462efdfe11facef
image,#hash_5462f3dfe11fb3bb
image,#hash_5462f7dfe11fba87
image,#i_p7_fir_bathroom_mop_metal_o
image,#i_p7_fir_bathroom_mop_metal_n
image,#i_p7_fir_bathroom_mop_metal_m
image,#i_mtl_p7_camp_fire_pit_woodlogs_n
image,#i_mtl_p7_debris_paper_sheet_01_c
image,d#i_veh_t7_decal_bolt_06_c
image,d#i_veh_t7_decal_bolt_06_n
image,d#i_t7_micro_plaster_01_n
image,d#i_t7_micro_plaster_01_c
image,#i_c_t7_battery_head5_face_skin4_g
image,#i_t7_zm_shi_signs_02_c
image,#i_t7_zm_shi_signs_02_g
image,#i_t7_zm_shi_signs_02_n
image,#i_t7_dlc1_decal_damage_sidewalk_seam_n
image,#i_t7_dlc1_decal_damage_sidewalk_seam_o
image,#i_t7_dlc1_decal_damage_sidewalk_seam_r
image,d#i_t8_micro_snow_rough_01_n
image,#i_t8_micro_snow_rough_01_c
image,#i_mtl_p7_fir_outpost_lookout_wood_04_m
image,d#i_t8_decal_tech_detail_high_tech_02_n
image,d#i_t8_decal_tech_detail_high_tech_02_o
image,d#i_t8_decal_tech_detail_high_tech_02_g
image,d#i_t8_decal_tech_detail_high_tech_02_c
image,#hash_54e0dc1d5e31fad0
image,#hash_54e0e01d5e32019c
image,#hash_54e0e81d5e320f34
image,#hash_54e0e91d5e3210e7
image,d#i_t7_metal_worn_galvanized_g
image,#i_t7_metal_worn_galvanized_r
image,#i_t7_metal_worn_galvanized_s
image,d#i_t7_metal_grunge_med_01_s
image,d#i_t7_metal_grunge_med_01_c
image,d#i_t7_metal_grunge_med_01_g
image,d#i_mtl_veh_t8_decal_stripe_02_c
image,#i_c_t7_warrior_body1_lights_ir
image,#i_c_t7_techno_body1_cyberhand_ir
image,d#i_t8_decal_tech_detail_low_tech_16_c
image,d#i_t8_decal_tech_detail_low_tech_16_o
image,d#i_t8_decal_tech_detail_low_tech_16_n
image,#i_c_t7_battery_body1_lights_e
image,#i_c_t7_battery_body1_lights_c
image,#i_mtl_veh_t7_dmg_scrapes_chips_5_c
image,#i_mtl_veh_t7_dmg_scrapes_chips_5_g
image,#i_mtl_veh_t7_dmg_scrapes_chips_5_s
image,#hash_5542518139bad6ce
image,#i_t8_decal_tech_detail_keyhole_c
image,#i_t8_decal_tech_detail_keyhole_o
image,#i_t8_decal_tech_detail_keyhole_n
image,#i_mtl_p7_fir_outpost_lookout_decal_02_c
image,#i_mtl_p7_fir_outpost_lookout_decal_02_n
image,#i_veh_mphd_chinook_reactor_02_multi_m
image,#i_t7_decal_grunge_dirt_wall_01_offset_c
image,d#i_t7_micro_metal_grunge_lathed_01_g
image,#i_t7_micro_metal_grunge_lathed_01_c
image,d#i_t7_micro_metal_grunge_lathed_01_n
image,d#i_t7_micro_metal_grunge_lathed_01_m
image,d#i_t7_micro_metal_grunge_lathed_01_s
image,#i_c_t7_techno_body1_cyberhand_s
image,d#i_c_t7_techno_body1_cyberhand_n
image,d#i_c_t7_techno_body1_cyberhand_g
image,#i_c_t7_techno_body1_cyberhand_c
image,#i_t7_decal_line_horizontal_chipped_thin_c
image,#hash_5582423154f4fc10
image,#hash_5582453154f50129
image,d#i_p7_sin_ship_container_mask_rust_c
image,#i_mtl_veh_mphd_forklift_decal011_c
image,#i_mtl_p7_wall_wood_rustic_barewood_c
image,#i_mtl_p7_wall_wood_rustic_barewood_n
image,#i_t7_concrete_wall_blocks_r
image,#i_t7_concrete_wall_blocks_c
image,#i_t7_concrete_wall_blocks_n
image,#hash_55b6cbd7f5fb44e8
image,#i_mtl_t7_zm_tra_sign_biohazard_g
image,#i_t7_micro_plaster_smooth_light_01_g
image,d#i_t7_micro_plaster_smooth_light_01_c
image,d#i_t7_micro_plaster_smooth_light_01_n
image,#hash_55c84071774e321e
image,#i_mtl_p7_fir_gate_rolling_set_painted_m
image,d#i_danger_red_tips_c
image,#i_mtl_p7_zm_shi_lamp_post_wood_lrg_n
image,#i_mtl_p7_zm_shi_lamp_post_wood_lrg_m
image,#hash_55dd718eaea3c317
image,#hash_55dd728eaea3c4ca
image,#hash_55dd738eaea3c67d
image,#i_mtl_t7_decal_grunge_dirty_matte_tile_01_c
image,d#i_mtl_t7_decal_grunge_dirty_matte_tile_01_g
image,#hash_55efcc803981a730
image,#i_mtl_p7_fir_rock_boulder_lrg_02_l_m
image,#i_mtl_p7_fir_rock_boulder_lrg_02_l_n
image,#hash_5609143957c15086
image,d#$black_gloss
image,d#i_mtl_p7_mou_barrel_metal_02_decal_01_n
image,d#i_t8_micro_wood_01_c
image,d#i_t8_micro_wood_01_n
image,#hash_562a42e8458a3a0c
image,#hash_562a44e8458a3d72
image,#hash_562a45e8458a3f25
image,#i_mtl_p7_blast_wall_concrete_decal_02_c
image,#hash_563a4c112c4ac86f
image,#hash_563a4d112c4aca22
image,#i_c_t7_techno_head1_visor_s
image,#i_c_t7_techno_head1_visor_o
image,#i_c_t7_techno_head1_visor_n
image,#i_c_t7_techno_head1_visor_g
image,#i_c_t7_techno_head1_visor_c
image,d#i_veh_t8_paint_rough_01_g
image,d#i_veh_t8_decal_rust_01_n
image,#i_veh_t8_decal_rust_01_c
image,d#i_mtl_p8_wz_supply_stash_ammo_s
image,d#i_mtl_p8_wz_supply_stash_ammo_o
image,d#i_mtl_p8_wz_supply_stash_ammo_n
image,d#i_mtl_p8_wz_supply_stash_ammo_g
image,d#i_mtl_p8_wz_supply_stash_ammo_c
image,#i_mtl_p7_jun_corrugated_metal_4x8_proxy_albedo
image,#i_veh_mphd_chinook_frame_02_multi_m
image,#i_t7_sand_pebbles_fine_g
image,#i_t7_sand_pebbles_fine_c
image,#i_t7_sand_pebbles_fine_n
image,#i_t7_sand_pebbles_fine_r
image,#i_t7_zm_shi_wire_barbed_c
image,#i_mtl_veh_mphd_uaz_bumper_02_o
image,#i_mtl_veh_mphd_uaz_bumper_02_n
image,#i_mtl_veh_mphd_uaz_bumper_02_m
image,#i_mtl_p7_fir_foliage_tree_vista_05_proxy_specular
image,d#i_t7_micro_cloth_cotton_01_n
image,#i_t7_micro_cloth_cotton_01_c
image,d#i_t7_micro_cloth_cotton_01_g
image,#i_c_t7_techno_body1_arm_rt_c_ir
image,#i_mtl_p7_fir_foliage_tree_vista_04_proxy_normal
image,#hash_56c839def1d15f4e
image,#hash_56d170829ef6c352
image,#hash_56d1ce0e5af9bac4
image,#hash_56d1d10e5af9bfdd
image,#i_mtl_p7_fir_ammo_crate_wood_02_m
image,#i_mtl_p7_flag_usa_01_n
image,#i_mtl_p7_flag_usa_01_c
image,#i_t7_metal_heavy_painted_01_s
image,d#fxt8_water_splash_swirl_anim
image,#hash_5729c96264fff0e9
image,d#i_mtl_p_dest_water_fountain01_white_m
image,d#i_mtl_p_dest_water_fountain01_white_n
image,#i_c_t7_warrior_head1_haircards2_c
image,#i_c_t7_warrior_head1_haircards2_n
image,#hash_5758e28fd2e77813
image,#i_mtl_p7_ban_debris_car_door_chain_m
image,#i_mtl_p7_ban_debris_car_door_chain_n
image,d#fxt8_fire_sm_lick_tall_anim_hdr
image,#i_mtl_p7_fir_rock_rough_lrg_04_n
image,#i_t7_snow_slushy_tracks_r
image,#hash_5784aa319e9de7c8
image,#hash_5784ad319e9dece1
image,d#i_veh_t7_dlc_decal_rust_10_g
image,d#i_veh_t7_dlc_decal_rust_10_r
image,#i_mtl_p7_fir_foliage_tree_vista_01_group_proxy_specular
image,#i_mtl_p7_cai_display_wall_theater_n
image,#hash_57b105651bc196b5
image,#hash_57b49a63dee34b77
image,#i_mtl_p7_zm_tra_billiard_vintage_cover_chain_c
image,#i_mtl_veh_mphd_uaz_int_01_dead_m
image,d#hash_57bfb2cc9ab7144c
image,d#hash_57d188fe890a41ea
image,#i_t7_fir_plywood_natural_4_c
image,#i_t7_fir_plywood_natural_4_n
image,#i_mtl_t8_license_cali_c
image,#i_mtl_t8_license_cali_n
image,#i_mtl_t8_license_cali_o
image,#hash_57ffd63ca264360b
image,#hash_57ffd73ca26437be
image,#i_t7_fir_tarp_no_framing_c
image,#i_t7_fir_tarp_no_framing_g
image,#i_t7_fir_tarp_no_framing_n
image,#i_mtl_p7_fir_training_course_decal_rope_n
image,#i_mtl_p7_fir_training_course_decal_rope_c
image,d#i_mtl_veh_t7_dlc_decal_text_4_c
image,d#fxt8_liquid_string_mask
image,#hash_58233996a748c107
image,#hash_58233a96a748c2ba
image,#i_mtl_p7_mou_catwalk_set_main_m
image,#i_p7_electrical_box_set2_boxes_g
image,#i_mtl_p7_slu_meter_electric_02_base_01_m
image,#i_mtl_p7_slu_meter_electric_02_base_01_n
image,d#i_mtl_p7_jun_crate_ammo_wood_decal_04_c
image,#i_mtl_p7_jun_corrugated_metal_8x8_proxy_albedo
image,#i_t7_decal_line_horizontal_black_pinch_n
image,#i_t7_decal_line_horizontal_black_pinch_c
image,#i_t7_zm_gen_concrete_painted_01_r
image,#i_mtl_p7_cai_door_wood_rustic_metal_s
image,#i_mtl_p7_cai_door_wood_rustic_metal_o
image,#i_mtl_p7_cai_door_wood_rustic_metal_n
image,#i_mtl_p7_cai_door_wood_rustic_metal_g
image,#i_mtl_p7_cai_door_wood_rustic_metal_c
image,#hash_5860716a6732e114
image,#hash_5866c9bf5e8a2729
image,d#i_t8_gloss_noise_grunge_01_g
image,#hash_586f839a0b2fb2bc
image,#hash_586f869a0b2fb7d5
image,#hash_587b4ec91ee97d10
image,d#i_veh_t8_glass_pattern_03b_n
image,d#i_veh_t8_glass_pattern_03b_o
image,d#i_veh_t8_glass_pattern_03b_g
image,d#i_veh_t8_glass_pattern_03b_c
image,#i_mtl_veh_mphd_uaz_glass_c
image,d#$gray
image,#hash_58c2ac254e259e7b
image,#i_t7_glass_reinforced_g
image,#i_mtl_p7_zm_ori_coat_hanging_02_m
image,#i_mtl_p7_zm_ori_coat_hanging_02_n
image,d#i_veh_t8_decal_tech_detail_high_tech_86_n
image,d#i_veh_t8_decal_tech_detail_high_tech_86_o
image,d#i_veh_t8_decal_tech_detail_high_tech_86_m
image,#i_t7_fir_plywood_natural_dirty_c
image,#i_mtl_veh_mphd_uaz_body_int_dead_m
image,#i_p8_mphd_cardboard_bundle_set01_decal_b_r
image,d#i_mtl_p8_mp_flag_base_glass_emissive_01_c
image,d#i_t8_rubber_mat_worn_01_g
image,d#i_t8_rubber_mat_worn_01_n
image,d#$black_multimask
image,#i_t7_metal_wall_corrugated_panel_hor_g
image,#i_t7_metal_wall_corrugated_panel_hor_c
image,#i_t7_metal_wall_corrugated_panel_hor_n
image,#i_mtl_p7_slu_fuse_box_electric_set_text_c
image,#hash_59111d8ddaf56ad8
image,d#i_t8_veh_decal_beware_of_blast_c
image,d#i_veh_t8_concrete_bare_weathered_01_n
image,#hash_5914ba4ee553bba0
image,#i_t8_rubber_floor_anti_slip_01_n
image,#i_mtl_p7_fir_foliage_tree_vista_07_proxy_distance
image,d#hash_596f5852d9d70b49
image,#i_t7_decal_stamp_plywood_01_c
image,#hash_5982b5f5a1f31878
image,#i_mtl_p7_zm_der_window_warehouse_frame_02_n
image,#i_mtl_p7_zm_der_window_warehouse_frame_02_m
image,d#i_t7_cloth_cotton_01_grey_n
image,#i_mtl_p7_fir_crate_wood_set_wood02_n
image,#i_mtl_p7_fir_crate_wood_set_wood02_m
image,#i_t7_techno_egypt_pouch_3_c
image,#i_mtl_p7_slu_antenna_set_metal01_n
image,#i_mtl_p7_slu_antenna_set_metal01_m
image,d#i_veh_t8_decal_text_cartridge_c
image,#i_mtl_p7_fir_sign_welcome_decal_03_n
image,#i_mtl_p7_fir_sign_welcome_decal_03_g
image,#i_mtl_p7_fir_sign_welcome_decal_03_c
image,#i_veh_mphd_m35_glass_c
image,#i_mtl_veh_mphd_uaz_body_und_dead_m
image,d#i_t7_decal_line_horizontal_black_n
image,d#i_t7_decal_line_horizontal_black_c
image,#hash_5a2ee9528fca5777
image,d#i_veh_t8_paint_burnt_01_n
image,d#i_veh_t8_paint_burnt_01_g
image,d#fxt8_light_phosphorous_mask
image,#i_c_t7_techno_head1_skin_ir
image,#i_mtl_p7_church_pew_01_paintwood_n
image,#i_mtl_p8_zm_esc_crate_wood_sml_nail_big_c
image,d#i_mtl_mtl_veh_t8_mil_heli_attack_navi_light_ir
image,#i_t7_shr_wood_rough_n
image,#i_t7_shr_wood_rough_c
image,#i_t7_metal_wall_corrugated_hor_c
image,#i_t7_metal_wall_corrugated_hor_n
image,#i_t7_fir_bullet_impact_concrete_o
image,#i_t7_fir_bullet_impact_concrete_n
image,#i_t7_fir_bullet_impact_concrete_g
image,#i_t7_fir_bullet_impact_concrete_c
image,#i_t7_fir_bullet_impact_concrete_r
image,d#$black
image,d#hash_5a770fe48ca7536b
image,d#i_veh_t8_ban_metal_painted_rusty_c
image,d#i_veh_t8_ban_metal_painted_rusty_n
image,#i_c_zsf_supp_3_pouch1_n
image,#i_c_t7_warrior_body1_webbing_ir
image,d#i_t7_metal_worn_aluminum_base_g
image,#i_mtl_mtl_t8_license_month_jul
image,d#$camo_base_normal
image,#i_c_t7_battery_hair_fibers2_c
image,#i_c_t7_battery_hair_fibers2_n
image,#i_mtl_veh_mphd_uaz_front_light_n
image,#i_mtl_p7_fir_barrier_concrete_m
image,#i_mtl_p7_fir_barrier_concrete_n
image,#hash_5ab63cef609c4115
image,d#i_c_gen_detail_soft_fabric_n
image,d#i_veh_t8_mil_heli_light_body_mid_o
image,d#i_veh_t8_mil_heli_light_body_mid_n
image,d#i_veh_t8_mil_heli_light_body_mid_m
image,#i_t7_min_wood_base_n
image,#i_t7_min_wood_base_c
image,#hash_5b0ddaf0be88ec68
image,#i_c_t7_warrior_body1_straps_n
image,#i_c_t7_warrior_body1_straps_o
image,#i_c_t7_warrior_body1_straps_c
image,d#i_mtl_p7_fir_bench_wood_decal_n
image,d#i_t7_micro_cloth_burlap_01_n
image,d#i_t7_micro_cloth_burlap_01_g
image,d#i_t7_micro_cloth_burlap_01_c
image,d#fxt_dust_heli_swirl_anim
image,d#hash_5b2c97c9e30eff26
image,d#hash_5b2c9ac9e30f043f
image,d#hash_5b2c9bc9e30f05f2
image,#i_mtl_p7_wall_wood_rustic_01_post_lrg_m
image,#i_mtl_p7_wall_wood_rustic_01_post_lrg_n
image,d#i_t7_micro_plastic_01_c
image,d#i_t7_micro_plastic_01_g
image,d#i_t7_micro_plastic_01_n
image,#hash_5b4c683cf3f0f336
image,#hash_5b4c6c3cf3f0fa02
image,#hash_5b4c753cf3f1094d
image,#i_t7_detail_ridges_n
image,#i_t7_zm_isl_grass_scrub_r
image,#i_t7_zm_isl_grass_scrub_o
image,#i_t7_zm_isl_grass_scrub_n
image,#i_t7_zm_isl_grass_scrub_g
image,#i_t7_zm_isl_grass_scrub_c
image,#i_mtl_p7_foliage_plant_aloe_bark_n
image,#i_mtl_p7_plastic_tarp_cover_n
image,#i_mtl_p7_plastic_tarp_cover_c
image,d#i_veh_t7_dlc_decal_rust_08_r
image,d#i_veh_t7_dlc_decal_rust_08_g
image,d#hash_5b890ee48cf9f368
image,d#skin_pore_detail
image,#i_mtl_p7_fir_targetdummy_rail_groove_n
image,#i_mtl_p7_fir_targetdummy_rail_groove_r
image,d#i_mtl_veh_mphd_forklift_mirror_o
image,d#i_mtl_veh_mphd_forklift_mirror_n
image,#hash_5bbb10f3b2acb1ec
image,d#fxt_smk_puff_thin_varied
image,#i_t7_plastic_panels_exterior_c
image,#i_t7_plastic_panels_exterior_n
image,#hash_5bc3db43dab393cc
image,d#hash_5bc3f6fb47442e10
image,#hash_5c078a7406e99bf4
image,#hash_5c078d7406e9a10d
image,#i_t7_wood_worn_painted_white_c
image,d#i_mtl_p7_fir_foliage_tree_palm_01_proxy_depth
image,#i_mtl_t7_wood_worn_brown_n
image,#i_mtl_t7_wood_worn_brown_c
image,#i_mtl_t7_wood_worn_brown_g
image,#i_mtl_p7_fir_floodlight_speaker_tall_r
image,#i_mtl_p7_zm_moo_ship_container_panel_04_n
image,#hash_5c1c522f8ac36d60
image,#i_t7_fir_plywood_text_r
image,#i_t7_fir_plywood_text_g
image,#i_t7_fir_plywood_text_c
image,#hash_5c2602d5c56b09f0
image,d#fxt_distort_heat_md
image,#i_veh_mphd_chinook_front_nose_o
image,#i_veh_mphd_chinook_front_nose_n
image,#i_c_54i_assault_pouch_ao
image,d#i_mtl_p7_fir_tank_propane_guage_n
image,d#i_mtl_p7_fir_tank_propane_guage_m
image,d#i_veh_t8_decal_greeble_08_c
image,#fxt_lf_artifact_08
image,d#fxt_lf_artifact_15
image,#fxt_lf_artifact_11
image,d#fxt_lf_artifact_18
image,#i_mtl_p8_col_radar_dirty_med_grey_baseplastic_c
image,#fxt_lf_artifact_20
image,#i_mtl_p7_fir_table_ledge_wood_set_wood_02_n
image,#i_mtl_p7_fir_table_ledge_wood_set_wood_02_m
image,#hash_5c7cbfc3460bc794
image,#i_t7_metal_trim_weld_01_a
image,#i_t7_metal_trim_weld_01_c
image,d#i_t7_metal_trim_weld_01_g
image,d#i_t7_metal_trim_weld_01_n
image,d#i_t8_micro_metal_grunge_scratch_02_g
image,d#i_t8_snow_sparkle_global_c
image,d#fxt8_spark_rndhit_alpha
image,#i_p8_col_metal_corrugated_bare_tarnished_g
image,#i_p8_col_metal_corrugated_bare_tarnished_c
image,d#i_t7_decal_grunge_scratches_scrapes_01_n
image,#i_t7_decal_grunge_scratches_scrapes_01_c
image,#i_t7_metal_heavy_painted_01_white_c
image,#i_mtl_p7_fir_foliage_tree_vista_07_proxy_albedo
image,#i_p7_foliage_palm_date_leaves_n
image,d#i_mtl_mtl_veh_t8_mil_heli_attack_body_rear_ir
image,#i_veh_t7_drone_attack_rocketpods_highres_gunmetal_n
image,#hash_5d0b5d492730099e
image,d#fxt_sparks_rndhit_core_mask
image,d#i_mtl_veh_t8_decal_panel_50_c
image,#i_mtl_p7_cai_door_wood_rustic_01_paint_n
image,#i_mtl_p7_cai_door_wood_rustic_01_paint_c
image,#i_mtl_p7_light_fluorescent_subway_bulb_s
image,#i_mtl_p7_light_fluorescent_subway_bulb_t
image,#i_mtl_p7_light_fluorescent_subway_bulb_n
image,#i_mtl_p7_light_fluorescent_subway_bulb_c
image,#hash_5d514feed9527ae4
image,#i_mtl_veh_t7_dmg_scrapes_chips_2_s
image,#i_mtl_veh_t7_dmg_scrapes_chips_2_o
image,#i_mtl_veh_t7_dmg_scrapes_chips_2_n
image,#i_mtl_veh_t7_dmg_scrapes_chips_2_c
image,#i_mtl_veh_t7_dmg_scrapes_chips_2_g
image,#hash_5d6e379b060b6af2
image,#hash_5d741de1c00413c8
image,#hash_5d7420e1c00418e1
image,#i_mtl_p7_curtain_hanging_yarn_worn_n
image,#i_mtl_p7_curtain_hanging_yarn_worn_c
image,#hash_5d7849d7cc2cb935
image,d#fxt8_water_splash_tall_center_anim
image,#i_mtl_p7_pallet_wood_splinters_n
image,#i_mtl_p7_pallet_wood_splinters_c
image,#i_mtl_p7_zm_ver_farm_tools_02_n
image,#i_mtl_p7_zm_ver_farm_tools_02_m
image,#hash_5d8e4040154287ab
image,#i_c_t7_technomancer_body2_lights_screens_c
image,#i_c_t7_technomancer_body2_lights_screens_e
image,#i_t7_decal_grunge_splat_04_c
image,#i_t7_decal_grunge_splat_04_n
image,#i_t7_metal_chain_o
image,#i_t7_metal_chain_n
image,#i_t7_metal_chain_c
image,#hash_5db5b7b207d26972
image,#hash_5db5bcb207d271f1
image,#hash_5db5c0b207d278bd
image,#i_c_hro_khalil_egypt_gear_3_s
image,d#i_mtl_p7_tank_welding_set_04_c
image,d#i_mtl_veh_t8_decal_text_8a271_c
image,#i_mtl_veh_mphd_m35_base_body03_grill_n
image,#i_mtl_veh_mphd_m35_base_body03_grill_o
image,#i_veh_mphd_chinook_under_01_n
image,#i_veh_mphd_chinook_under_01_o
image,#i_t7_fir_tarp_n
image,#i_t7_fir_tarp_c
image,#i_t7_fir_tarp_g
image,#hash_5df48e2437c85753
image,#i_mtl_p7_sin_ship_container_grunge_tiled_03_m
image,d#i_mtl_p7_sgen_door_pushbar_set_decal_dirty_c
image,#hash_5e1078b199efddf9
image,#hash_5e1091b199f00874
image,#i_mtl_veh_mphd_forklift_main_frame_multi_m
image,#i_mtl_p7_zm_moo_ship_container_frame_03_n
image,#i_mtl_p7_slu_garage_door_metal_01_n
image,#i_mtl_p7_slu_garage_door_metal_01_m
image,d#i_t8_micro_paper_mache_01_n
image,#i_t7_zm_shi_wall_trench_wood_01_n
image,#i_t7_zm_shi_wall_trench_wood_01_c
image,#hash_5e4b37ab6ea33df7
image,#hash_5e4eda5e5322f289
image,#i_t7_micro_stone_granite_c
image,#i_t7_micro_stone_granite_g
image,#i_t7_micro_stone_granite_n
image,#i_mtl_p7_fir_towel_pile_cloth01_m
image,#i_mtl_p7_fir_towel_pile_cloth01_n
image,#i_mtl_p7_farm_tools_n
image,#i_mtl_p8_col_vista_foliage_jungle_tree_palm_lrg_proxy_specular
image,#i_mtl_p7_conduit_rust_outlets_n
image,#i_mtl_p7_conduit_rust_outlets_c
image,#i_mtl_veh_mphd_uaz_body_03_dead_m
image,d#fxt_shockwave_elec_anim_mask
image,#hash_5e903be1a773b4b7
image,#hash_5e903ce1a773b66a
image,#i_mtl_p7_boat_rusted_fishing_cabin_c
image,#i_mtl_p7_boat_rusted_fishing_cabin_n
image,#hash_5ea3ea440a4c4153
image,#hash_5eb14c3f38e3ef97
image,#hash_5eb15b3f38e40914
image,d#i_t8_decal_blood_footprints_sml_r
image,d#i_t8_decal_blood_footprints_sml_g
image,d#i_t7_decal_grunge_brick_stain_01_c
image,d#i_t7_decal_grunge_brick_stain_01_g
image,d#i_t7_decal_grunge_paint_discolored_01_c
image,#i_t7_concrete_wall_painted_peel_01_blend_c
image,#i_t7_concrete_wall_painted_peel_01_blend_m
image,d#fxt_beam_dead_turret
image,#hash_5ecfd98849a7623c
image,#hash_5ecfde8849a76abb
image,d#i_t7_micro_metal_bare_worn_01_n
image,d#i_t7_micro_metal_bare_worn_01_g
image,#hash_5ef3340e08112332
image,#hash_5ef33d0e0811327d
image,#hash_5ef3410e08113949
image,d#i_veh_t8_sand_med_n
image,#i_mtl_veh_mphd_tiara_int_engine_n
image,#i_mtl_veh_mphd_tiara_int_engine_o
image,#i_mtl_veh_mphd_tiara_int_engine_m
image,#i_mtl_p7_fir_foliage_tree_vista_06_proxy_albedo
image,d#fxt_light_glow_square
image,#i_mtl_p7_fir_ammo_box_wood_n
image,#i_mtl_p7_fir_ammo_box_wood_m
image,d#fxt8_water_bubble_md_mask
image,#i_mtl_p7_fir_chair_wood_wood_m
image,#i_mtl_p7_cinder_block_n
image,#i_mtl_p7_cinder_block_c
image,#hash_5f6ccf062d86d63a
image,d#i_t8_micro_carpet_shag_01_c
image,#i_t8_micro_carpet_shag_01_g
image,d#i_t8_micro_carpet_shag_01_n
image,#i_mtl_veh_mphd_forklift_decal010_c
image,#i_t7_decal_damage_mold_01_n
image,#i_t7_decal_damage_mold_01_r
image,#i_mtl_p7_fir_rock_rough_lrg_03_n
image,d#i_veh_t8_decal_gauge_06_c
image,#i_mtl_p7_hose_01_rubber_n
image,#i_mtl_p7_hose_01_rubber_c
image,#i_mtl_p7_rus_fuel_tank_metal_01_m
image,#hash_5f96455b12b3cf03
image,#hash_5f96505b12b3e1b4
image,d#i_mtl_t8_metal_bare_steel_worn_01_g
image,#i_t7_ban_metal_painted_rusty_light_c
image,#i_mtl_p7_fir_air_conditioner_decal_sign_02_c
image,#i_mtl_p7_fir_air_conditioner_decal_sign_02_n
image,#i_t7_zm_ori_rock_cliff_n
image,#i_t7_zm_ori_rock_cliff_r
image,#i_t7_decal_grunge_calcium_drip_01_blend_r
image,d#i_t7_decal_grunge_calcium_drip_01_blend_c
image,#hash_6015e41be65006c3
image,#hash_6015e81be6500d8f
image,#hash_6015ef1be6501974
image,#i_t7_micro_metal_grunge_scratch_mask_01_m
image,#i_mtl_p7_mou_electrical_pipe_box_n
image,#i_mtl_p7_mou_electrical_pipe_box_m
image,#hash_60376b315b9a2cbb
image,#hash_60376c315b9a2e6e
image,d#i_mtl_p7_fir_foliage_tree_palm_trunk_01_n
image,d#i_mtl_p7_fir_foliage_tree_palm_trunk_01_c
image,#i_mtl_p7_roof_vents_metal_03_m
image,#i_mtl_p7_roof_vents_metal_03_o
image,#i_mtl_p7_roof_vents_metal_03_n
image,#i_mtl_p7_cai_rock_cliff_large_n
image,#i_mtl_p7_cai_rock_cliff_large_o
image,#hash_60824a1282c622bc
image,#hash_60824f1282c62b3b
image,d#i_mtl_t7_plastic_polyethylene_worn_g
image,#hash_609576046d65fcde
image,#i_t8_micro_concrete_formed_01_c
image,d#i_t8_micro_concrete_formed_01_n
image,#i_mtl_p7_zm_asc_lightbox_n
image,#i_mtl_p7_zm_asc_lightbox_m
image,d#i_veh_t8_decal_panel_04_r
image,d#i_veh_t8_decal_panel_04_s
image,d#i_veh_t8_decal_panel_04_c
image,d#i_veh_t8_decal_panel_04_g
image,d#i_veh_t8_decal_panel_04_n
image,d#i_veh_t8_decal_panel_04_o
image,d#$white_thickness
image,#i_mtl_p7_fir_rock_boulder_lrg_02_m_m
image,#i_mtl_p7_fir_rock_boulder_lrg_02_m_n
image,d#i_mtl_veh_t7_dlc_base_paint_04_c
image,#i_mtl_p7_zm_shi_net_fishing_rope_detail_n
image,d#fxt8_exp_alpha_anim
image,d#fx_shell_cos
image,d#fx_shell_col
image,#i_c_t7_warrior_body1_armor_2_c
image,#i_c_t7_warrior_body1_armor_2_g
image,#i_c_t7_warrior_body1_armor_2_o
image,#i_c_t7_warrior_body1_armor_2_n
image,#hash_61171036b328b5f8
image,#hash_61171336b328bb11
image,#i_mtl_p7_fir_bottle_liquor_02_g
image,#i_mtl_p7_fir_bottle_liquor_02_n
image,#i_t7_we_metal_trim_bolts_g
image,#i_t7_we_metal_trim_bolts_n
image,#i_t7_we_metal_trim_bolts_o
image,#i_t7_we_metal_trim_bolts_s
image,#i_mtl_p7_fir_wheel_gate_m
image,#i_mtl_p7_fir_wheel_gate_n
image,#i_p7_zm_sta_bridge_metal_trim_m
image,#i_p7_zm_sta_bridge_metal_trim_n
image,d#fxt8_fire_sm_lick_tall_anim_alpha
image,#hash_61678fc519be9668
image,#hash_61703be8bee35998
image,#hash_617af856aac53462
image,d#i_mtl_p7_spl_towel_beach_set_01_n
image,#i_mtl_p7_spl_towel_beach_set_01_c
image,#i_t7_decal_blood_spray_02_c
image,#i_mtl_p7_zm_der_window_warehouse_frame_03_n
image,#i_mtl_p7_zm_der_window_warehouse_frame_03_m
image,#i_mtl_p7_fir_plank_wood_dmg_m
image,#i_mtl_p7_fir_plank_wood_dmg_n
image,#i_t7_cru_decal_grunge_rust_01_c
image,#i_t7_cru_decal_grunge_rust_01_n
image,d#i_veh_t8_mil_heli_attack_wing_multi_m
image,d#i_veh_t8_glass_scratched_01_g
image,d#i_mtl_veh_t7_dlc_weathered_paint_g
image,d#i_wpn_t8_eqp_briefcase_bomb_computer_decal_c2
image,d#i_t7_micro_metal_painted_rough_01_n
image,d#i_t7_micro_metal_painted_rough_01_c
image,d#i_t7_micro_metal_painted_rough_01_g
image,#hash_61e3aa94b1bbe34d
image,#hash_61ea06ee99d9ba07
image,#i_mtl_p7_sin_ship_container_grunge_tiled_01_3_m
image,#i_mtl_p7_sin_sleeping_bag_zipper_teeth_o
image,#i_mtl_p7_sin_sleeping_bag_zipper_teeth_n
image,#hash_61fea83c0166cdac
image,#i_mtl_p7_rus_vent_roof_metal_02_m
image,#i_mtl_p7_rus_vent_roof_metal_02_n
image,d#i_t7_metal_worn_copper_base_s
image,d#i_t7_metal_worn_copper_base_n
image,d#i_t7_metal_worn_copper_base_c
image,d#i_t7_metal_worn_copper_base_g
image,d#i_veh_t8_mil_heli_attack_body_rear_o
image,d#i_veh_t8_mil_heli_attack_body_rear_n
image,d#i_t7_metal_bare_g
image,d#i_t7_metal_bare_n
image,d#i_veh_t8_decal_arrow_outline_02_c
image,#i_mtl_p7_fir_bench_bleacher_set_nail_c
image,#i_mtl_p7_fir_bench_bleacher_set_nail_g
image,#i_mtl_p7_fir_bench_bleacher_set_nail_n
image,d#i_mtl_veh_t8_decal_round_slit_g
image,d#i_t7_glass_dirty_grimes_02_g
image,d#i_t7_glass_dirty_grimes_02_c
image,#i_p7_vld_signage_signs_01_c
image,d#fxt8_liquid_streak_anim
image,#i_t8_decal_tech_detail_screw_01_g
image,d#i_t8_decal_tech_detail_screw_01_n
image,#i_t7_wood_plywood_trim_dirty_c
image,d#hash_62c2d456a0c093de
image,#i_mtl_p7_fir_foliage_tree_vista_03_proxy_depth
image,#i_veh_mphd_chinook_frame_01_multi_m
image,#hash_632dbfe60aef90a6
image,#hash_632dcce60aefa6bd
image,#hash_632dcf75cef2686d
image,#i_mtl_p7_light_emergency_a_c
image,#i_mtl_p7_light_emergency_a_g
image,#i_mtl_p7_light_emergency_a_n
image,#i_mtl_p7_light_emergency_a_o
image,#i_mtl_p7_light_emergency_a_s
image,#hash_633058247fbb4841
image,#i_mtl_p7_slu_tire_dirty_rubber_n
image,#i_mtl_p7_slu_tire_dirty_rubber_m
image,#hash_63470f28433c6927
image,#hash_634c04c3ca653c93
image,#i_mtl_p7_fir_foliage_grass_tall_proxy_specular
image,#hash_635693740aab6d3f
image,#hash_635694740aab6ef2
image,#i_mtl_p7_fir_catwalk_metal_set_floor_g
image,#hash_6356db783176502c
image,#hash_6356e078317658ab
image,#hash_63657ea147e365fb
image,#i_c_t7_techno_body1_pants_g
image,#i_c_t7_techno_body1_pants_c
image,#i_c_t7_techno_body1_pants_n
image,#i_c_t7_techno_body1_pants_o
image,#i_c_t7_techno_body1_pants_m
image,#i_mtl_p7_jun_gascan_vintage_decal_n
image,#i_mtl_p7_jun_gascan_vintage_decal_c
image,d#i_mtl_p7_jun_crate_ammo_wood_m
image,d#i_mtl_p7_jun_crate_ammo_wood_n
image,#i_mtl_p7_fir_shelf_set_wood_n
image,#i_mtl_p7_fir_shelf_set_wood_m
image,d#i_t8_micro_cloth_cotton_01_n
image,#i_mtl_p7_zm_ori_coat_hanging_01_n
image,#i_mtl_p7_zm_ori_coat_hanging_01_m
image,d#fxt8_lf_artifact_15a
image,#i_veh_mphd_uaz_glass_01_g
image,#hash_63a4289d3fb9095a
image,#hash_63a4b536c51f2374
image,#hash_63b42731656261f0
image,#i_t7_dlc1_plastic_hose_small_n
image,#i_t7_dlc1_plastic_hose_small_c
image,d#i_veh_t8_mil_heli_light_belt_o
image,d#i_veh_t8_mil_heli_light_belt_n
image,d#i_veh_t8_mil_heli_light_belt_m
image,d#i_mtl_veh_mphd_forklift_bottom_multi_m
image,#i_c_t7_warrior_head1_ir
image,#i_mtl_p7_shr_wood_plank_old_64_m
image,#i_mtl_p7_shr_wood_plank_old_64_n
image,d#fxt8_water_splash
image,#hash_63f4a4a148f18a54
image,#i_mtl_p7_mou_locker_metal_set_n
image,#i_mtl_p7_mou_locker_metal_set_m
image,#i_ct7_blockout_battery_body1_holster_g
image,#i_ct7_blockout_battery_body1_holster_n
image,#i_t7_micro_wood_varied_damaged_teak_c
image,d#i_t8_decal_tech_detail_low_tech_09_g
image,d#i_t8_decal_tech_detail_low_tech_09_c
image,d#i_t8_decal_tech_detail_low_tech_09_o
image,d#i_t8_decal_tech_detail_low_tech_09_n
image,#i_t7_decal_stamp_plywood_02_c
image,#i_mtl_p7_zm_moo_ship_container_door_01_m
image,#i_mtl_p7_zm_moo_ship_container_door_01_n
image,d#core_mud_dark_n
image,d#i_veh_t8_decal_stain_01_c
image,#i_mtl_p7_debris_trash_can_cola_01_s
image,#i_mtl_p7_debris_trash_can_cola_01_g
image,#i_mtl_p7_debris_trash_can_cola_01_o
image,#i_mtl_p7_debris_trash_can_cola_01_n
image,#i_mtl_p7_hedgehog_metal_m
image,#i_mtl_p7_hedgehog_metal_n
image,#i_veh_t7_dlc_letter_c_st2_c
image,#i_mtl_p7_curtain_hanging_72x122_worn_m
image,#i_mtl_p7_curtain_hanging_72x122_worn_n
image,#i_t7_dirt_chunky_01_c
image,#i_mtl_p7_jun_corrugated_metal_8x8_proxy_normal
image,d#i_t7_micro_metal_rust_c
image,d#i_t7_micro_metal_rust_n
image,d#fxt_debris_clumps
image,#i_mtl_veh_t7_dmg_scrapes_chips_10_c
image,#i_mtl_veh_t7_dmg_scrapes_chips_10_g
image,#i_mtl_veh_t7_dmg_scrapes_chips_10_s
image,#i_p7_jun_foliage_bush_branches_02_r
image,#hash_64f721e660359d2a
image,#i_veh_mphd_chinook_decals_01_c
image,d#i_veh_t8_mil_heli_light_bench_ir
image,#i_mtl_p7_wood_beam_safehouse_c
image,#i_mtl_p7_wood_beam_safehouse_n
image,#hash_650a9f2b1a474904
image,#i_mtl_p7_fir_signage_metal_exit_n
image,#i_mtl_p7_fir_signage_metal_exit_m
image,#i_c_t7_warrior_body1_clasps_o
image,#i_c_t7_warrior_body1_clasps_n
image,#i_c_t7_warrior_body1_clasps_c
image,#i_c_t7_warrior_body1_clasps_g
image,#i_mtl_p7_zm_kin_console_electric_decal_02_c
image,#hash_652b6cd6c780f8e4
image,#hash_653bc504a0d979d6
image,d#i_veh_t8_weathered_paint_05b_g
image,#i_mtl_p7_fir_tire_stack_set_base_m
image,#i_mtl_p7_fir_tire_stack_set_base_n
image,#i_mtl_veh_mphd_uaz_und_chassis_03_o
image,#i_mtl_veh_mphd_uaz_und_chassis_03_n
image,#i_mtl_veh_mphd_uaz_und_chassis_03_m
image,#i_mtl_veh_mphd_tiara_back_light_glass_c
image,#i_mtl_veh_mphd_tiara_back_light_glass_n
image,#i_t7_wood_beam_worn_oak_splintered_02_m
image,#i_t7_wood_clean_painted_offwhite_n
image,#i_t7_wood_plywood_painted_white_r
image,#i_t7_wood_plywood_painted_white_c
image,#i_mtl_p7_slu_dispenser_bathroom_paper_c
image,#i_mtl_p7_slu_dispenser_bathroom_paper_n
image,d#i_t7_zm_moo_caution_stripes_c
image,d#i_veh_t8_decal_scratches_02_n
image,d#i_veh_t8_decal_scratches_02_o
image,d#i_veh_t8_decal_scratches_02_m
image,d#i_veh_t8_decal_scratches_02_c
image,#i_mtl_p8_wz_supply_stash_health_logo_n
image,#i_t7_cry_decal_grunge_burnt_metal_c
image,#i_t7_cry_decal_grunge_burnt_metal_m
image,#i_mtl_p7_fir_rock_lrg_04_m
image,#i_mtl_p7_fir_rock_lrg_04_n
image,d#fxt8_fire_md_lick_deplete_anim_alpha
image,#i_c_t7_warrior_body1_armor_light_ir
image,#hash_65e0280ba2b1a734
image,#hash_65e530a75c37becc
image,#hash_65e53aa75c37cfca
image,d#afr_floor_burnt_02_dec_nml
image,#i_mtl_p7_fir_outpost_lookout_wood_06_c
image,#i_mtl_p7_fir_outpost_lookout_wood_06_n
image,#i_mtl_t7_decal_metal_fasteners_rust_c
image,#i_mtl_p8_pallet_military_metal_decal_dirty_04_s
image,#i_p7_ris_hose_coupling_metal_s
image,#i_p7_ris_hose_coupling_metal_n
image,#i_p7_ris_hose_coupling_metal_g
image,#i_mtl_p7_fir_foliage_tree_vista_03_proxy_specular
image,d#i_c_t8_mp_spe_nomad_body1_polyester1_n
image,#i_p8_mphd_towel_a_g_2
image,#i_p8_mphd_towel_a_g_3
image,#i_t7_zm_sha_rock_cliff_01_o
image,#i_t7_zm_sha_rock_cliff_01_n
image,#i_t7_zm_sha_rock_cliff_01_g
image,#i_t7_zm_sha_rock_cliff_01_c
image,#i_t7_zm_isl_dirt_fertile_footprints_n
image,#i_t7_zm_isl_dirt_fertile_footprints_r
image,d#i_veh_t8_mil_heli_attack_rotor_blade_n
image,d#i_t8_metal_bare_steel_worn_01_n
image,d#i_t8_metal_bare_steel_worn_01_g
image,d#hash_6634c3da5e239979
image,d#hash_6634ceda5e23ac2a
image,#i_mtl_p7_rus_locker_set_n
image,#i_mtl_p7_rus_locker_set_m
image,#i_c_t7_warrior_body1_plastic_g
image,#i_c_t7_warrior_body1_plastic_c
image,#i_c_t7_warrior_body1_plastic_o
image,#i_c_t7_warrior_body1_plastic_n
image,#i_mtl_p7_zm_moo_ship_container_frame_04_n
image,#i_t7_wood_plywood_splintered_r
image,#i_t7_wood_plywood_splintered_c
image,#i_t7_wood_plywood_splintered_n
image,#hash_6655aee8ada29c92
image,d#$spec_simple
image,d#i_t7_decal_damage_burn_impact_01_n
image,d#i_t7_decal_damage_burn_impact_01_c
image,#hash_666ba925496e675b
image,#hash_666baa25496e690e
image,#hash_667dab704bbf4aec
image,#i_c_t7_warrior_head1_beardshell_c
image,#i_mt_p7_fir_ammo_crate_bullets_metal_01_m
image,#i_p7_zm_shi_corrugated_metal_panel_dmg_m
image,#i_p7_zm_shi_corrugated_metal_panel_dmg_c
image,d#fxt_sparks_rndhit_core
image,#hash_66aae85b124575d9
image,#hash_66ac77315ea25f5f
image,#hash_66ac78315ea26112
image,#i_t7_fir_metal_wall_corrugated_2_n
image,#i_t7_fir_metal_wall_corrugated_2_o
image,#i_t7_fir_metal_wall_corrugated_2_c
image,#i_mtl_p7_zm_moo_ship_container_frame_01_rust_m
image,d#i_mtl_p7_zm_sta_cabinet_wood_02_set_damage
image,d#i_mtl_veh_mphd_forklift_decal013_c
image,d#i_mtl_veh_t8_decal_grunge_scorch_01_ir
image,#i_mtl_p7_debris_trash_food_box_01_c
image,#i_mtl_p7_debris_trash_food_box_01_n
image,#hash_66d5ec29d5ca4bae
image,#i_mtl_p7_rus_mine_inclinator_set_metal_01_m
image,#hash_66fc8d5b95fcb533
image,#i_c_t7_techno_pouch_duo_c
image,#i_mtl_p7_books_office_n
image,#i_mtl_p7_books_office_c
image,#i_mtl_p7_books_office_s
image,#i_mtl_p7_debris_trash_drink_carrier_01_n
image,#i_mtl_p7_debris_trash_drink_carrier_01_c
image,#i_mtl_p8_crate_wood_decal_01_n
image,#i_mtl_p8_crate_wood_decal_01_c
image,#i_mtl_p7_fir_rock_boulder_lrg_02_n_n
image,#i_mtl_p7_fir_rock_boulder_lrg_02_n_m
image,d#i_mtl_mtl_veh_t8_mil_heli_attack_rotor_ir
image,d#i_t7_vista_decal_grunge_calcium_drip_01_c
image,#i_mtl_p7_scaffold_metal_01_m
image,#i_mtl_p7_scaffold_metal_01_n
image,#i_mtl_p7_scaffold_metal_01_o
image,#hash_674a1dceadcb4eed
image,#hash_67518400817f1714
image,d#i_t7_decal_grunge_calcium_drip_02_c
image,#i_t7_ban_sand_pebbles_fine_r
image,#i_c_t7_techno_head1_hood_ir
image,#hash_6770a748e94de8c1
image,#i_mtl_p7_fir_ladder_hanging_decal03_c
image,#i_t7_decal_grunge_splatter_c
image,#i_t7_decal_grunge_splatter_r
image,#i_mtl_p7_cai_lantern_chain_s
image,#i_mtl_p7_cai_lantern_chain_g
image,#i_mtl_p7_cai_lantern_chain_c
image,#i_mtl_p7_cai_lantern_chain_n
image,#i_mtl_p7_cai_lantern_chain_o
image,#i_mtl_p7_cinder_block_broken_3_c
image,#i_mtl_p7_cinder_block_broken_3_n
image,#hash_679102b20dbe3023
image,#hash_679109b20dbe3c08
image,#hash_67910db20dbe42d4
image,d#i_veh_t8_micro_hexagon_02_redux_128_r
image,d#i_veh_t8_micro_hexagon_02_redux_128_n
image,d#i_veh_t8_micro_hexagon_02_redux_128_c
image,#i_t7_aqu_decal_signage_wall_marking_01_c
image,#i_mtl_veh_mphd_uaz_wheel_metal_m
image,#i_mtl_veh_mphd_uaz_wheel_metal_n
image,#i_mtl_veh_mphd_uaz_wheel_metal_o
image,#hash_67a6b28f2c01bb21
image,#hash_67a8daddb2dabbf9
image,#i_t7_decal_grunge_rust_02_r
image,d#i_t7_metal_paint_scratched_01_r
image,#i_t7_metal_paint_scratched_01_s
image,d#i_t7_metal_paint_scratched_01_c
image,d#i_t7_metal_paint_scratched_01_n
image,#hash_67b483c00f124326
image,#hash_67b8cbec24428317
image,d#fxt8_spark_shower_core_alpha
image,#i_dirt_rocky05_c
image,#i_mtl_p7_mou_ladder_metal_bracket_r
image,#i_mtl_p7_mou_ladder_metal_bracket_o
image,#i_mtl_p7_fir_catwalk_metal_set_floor_02_n
image,#i_veh_mphd_chinook_interior_panel_o
image,#i_veh_mphd_chinook_interior_panel_n
image,#hash_67d64c306e382234
image,#i_mtl_p7_corrugated_sheet_metal_rust_04_proxy_albedo
image,#i_mtl_p7_jun_building_hut_i_set_11_c
image,#i_mtl_p7_jun_building_hut_i_set_11_n
image,#hash_67e1c48eb90afd20
image,#hash_67e1c58eb90afed3
image,#hash_67e1c78eb90b0239
image,#i_mtl_veh_mphd_uaz_und_chassis_03_dead_m
image,#hash_67ef14bc4c907408
image,#i_t7_metal_panels_painted_2x4_c
image,#i_t7_metal_panels_painted_2x4_g
image,#hash_67f556518bec3694
image,#hash_67f6adbeedfcac7f
image,d#i_mtl_p7_fir_foliage_tree_palm_leaves_02_c
image,d#i_mtl_p7_fir_foliage_tree_palm_leaves_02_n
image,d#i_mtl_p7_generator_diesel_decal_01_c
image,#i_mtl_veh_t7_dmg_scrapes_chips_3_s
image,#i_mtl_veh_t7_dmg_scrapes_chips_3_c
image,#i_mtl_veh_t7_dmg_scrapes_chips_3_g
image,d#i_t8_decal_tech_detail_high_tech_67_sml_c
image,d#i_t8_decal_tech_detail_high_tech_67_sml_g
image,d#i_t8_decal_tech_detail_high_tech_67_sml_n
image,d#i_t7_decal_water_dripping_c
image,#i_mtl_p7_corrugated_sheet_metal_rust_04_proxy_specular
image,#hash_683a9bbf844598e3
image,d#i_veh_t8_decal_logo_19_c
image,d#i_c_t7_techno_body1_baremetal_g
image,#i_c_t7_techno_body1_baremetal_c
image,#i_c_t7_techno_body1_baremetal_o
image,#i_c_t7_techno_body1_baremetal_n
image,#i_c_t7_techno_body1_baremetal_s
image,#hash_6842e3489646538e
image,#i_t8_dirt_road_tire_tracks_n
image,#i_t8_dirt_road_tire_tracks_c
image,#hash_68441d42fdd87849
image,#hash_68442842fdd88afa
image,#i_t7_metal_brass_old_g
image,#i_mtl_p7_fir_training_course_bolt_01_m
image,#i_mtl_p7_fir_training_course_bolt_01_n
image,#i_veh_t7_detail_concrete_01
image,d#i_c_gen_insidemouth_teeth_c
image,d#i_c_gen_insidemouth_teeth_g
image,d#i_c_gen_insidemouth_teeth_o
image,d#i_c_gen_insidemouth_teeth_n
image,#i_mtl_p7_roof_vents_metal_02_m
image,#i_mtl_p7_roof_vents_metal_02_n
image,#i_mtl_p7_roof_vents_metal_02_o
image,#hash_68a79dc36d263876
image,d#i_t7_metal_gunmetal_01_s
image,#hash_68c53e49017a9eca
image,d#i_t7_decal_grunge_rust_orange_drips
image,#i_mtl_p7_bucket_shrapnel_chunks_n
image,#i_mtl_p7_bucket_shrapnel_chunks_c
image,#i_mtl_p7_bucket_shrapnel_chunks_g
image,#i_mtl_p7_bucket_shrapnel_chunks_s
image,#i_mtl_p8_fir_ammo_crate_text_c
image,d#i_veh_t8_decal_panel_01_soft_r
image,#hash_68ee45ea6216c676
image,#hash_68f0e066120d2835
image,#i_mtl_p7_zm_kin_chair_folding_wood_white_worn_c
image,#i_mtl_p7_zm_kin_chair_folding_wood_white_worn_n
image,d#i_t8_metal_paint_thick_01_c
image,d#i_t8_metal_paint_thick_01_g
image,d#i_mtl_p7_fir_foliage_tree_palm_01_proxy_distance
image,#i_t5_foliage_aerial_view_leaves2_c
image,#i_t7_cry_metal_base_c
image,#i_mtl_p7_fir_foliage_tree_vista_08_proxy_normal
image,#i_mtl_p8_news_mod_steel_cable_01_n
image,#hash_692f966cf6a2deb3
image,d#i_mtl_veh_t7_dlc_decal_text_2_c
image,#i_mtl_veh_mphd_uaz_door_01_o
image,#i_mtl_veh_mphd_uaz_door_01_n
image,#i_mtl_veh_mphd_uaz_door_01_m
image,#i_mtl_p7_zm_asc_table_steel_metal_n
image,#i_mtl_p7_zm_asc_table_steel_metal_m
image,#i_mtl_p7_debris_trash_snack_bag_02_c
image,#i_mtl_p7_debris_trash_snack_bag_02_n
image,d#i_veh_t8_decal_tech_details_01a_o
image,d#i_veh_t8_decal_tech_details_01a_n
image,d#i_veh_t8_decal_tech_details_01a_g
image,d#i_veh_t8_decal_tech_details_01a_a
image,#i_c_t7_warrior_body1_egypt_gear_8_c
image,#i_mtl_p7_plane_airliner_wreckage_set_metal_m
image,#i_t7_wes_wood_painted_white_n
image,#i_t7_wes_wood_painted_white_m
image,#hash_69b08c3e375ed3f6
image,#hash_69b0903e375edac2
image,#hash_69b0943e375ee18e
image,#hash_69b0953e375ee341
image,#i_mtl_p7_corrugated_sheet_metal_rust_03_proxy_albedo
image,d#i_t8_micro_metal_bare_02_g
image,#i_mtl_p8_col_vista_foliage_jungle_tree_palm_lrg_proxy_distance
image,d#i_veh_t8_greeble_01_dead_c
image,d#i_veh_t8_greeble_01_dead_g
image,#i_mtl_p7_mou_catwalk_set_floor_c
image,#i_mtl_p7_mou_catwalk_set_floor_n
image,#i_t7_micro_stone_sandstone_01_g
image,d#i_t7_micro_stone_sandstone_01_c
image,d#i_t7_micro_stone_sandstone_01_n
image,#i_mtl_p7_kfu_water_vista_c
image,d#i_veh_t8_decal_greeble_11_n
image,d#i_veh_t8_decal_greeble_11_o
image,d#i_veh_t8_decal_greeble_11_r
image,d#i_mtl_p7_fir_tool_chest_rolling_set_decal_n
image,d#i_mtl_p7_fir_tool_chest_rolling_set_decal_c
image,#i_mtl_p7_cinder_block_detail_n
image,#i_mtl_p7_zm_tra_crate_metal_strap_n
image,#i_t7_decal_damage_mold_02_r
image,#i_t7_decal_damage_mold_02_c
image,#i_c_t7_warrior_body1_boot_soles_g
image,#i_c_t7_warrior_body1_boot_soles_c
image,#i_c_t7_warrior_body1_boot_soles_n
image,#i_c_t7_warrior_body1_boot_soles_o
image,#i_c_t7_techno_body1_leg_armor_s
image,#i_c_t7_techno_body1_leg_armor_n
image,#i_c_t7_techno_body1_leg_armor_o
image,#i_c_t7_techno_body1_leg_armor_g
image,#i_c_t7_techno_body1_leg_armor_c
image,#i_mtl_veh_mphd_tiara_und_chassis_02_m
image,#i_mtl_veh_mphd_tiara_und_chassis_02_o
image,#i_mtl_veh_mphd_tiara_und_chassis_02_n
image,#i_c_t7_techno_body1_chest_device_g
image,#i_c_t7_techno_body1_chest_device_c
image,#i_c_t7_techno_body1_chest_device_n
image,#i_c_t7_techno_body1_chest_device_o
image,#i_c_t7_techno_body1_chest_device_s
image,#i_mtl_p7_fir_rock_rough_lrg_02_n
image,d#i_veh_t8_decal_gauge_07_c
image,#hash_6a4a804ac9516898
image,#i_mtl_p7_curtain_thread_c
image,#i_p7_aqu_railings_set_metal_g
image,#i_p7_aqu_railings_set_metal_n
image,#i_p7_aqu_railings_set_metal_o
image,#i_p7_aqu_railings_set_metal_m
image,#hash_6a9fa494959fab52
image,#hash_6a9fa994959fb3d1
image,#i_mtl_p7_boat_rusted_fishing_poles_c
image,#i_mtl_p7_zm_moo_ship_container_panel_08_rust_m
image,#hash_6aab4ca5ca36ba9c
image,#i_mtl_veh_mphd_uaz_wheel_metal_dead_m
image,#hash_6ac740b0c159b808
image,#i_veh_t8_decal_bolt_10_r
image,d#i_p8_mp_bomb_crate_green_o
image,d#i_p8_mp_bomb_crate_green_n
image,d#i_p8_mp_bomb_crate_green_c
image,d#i_p8_mp_bomb_crate_green_g
image,#i_mtl_p7_mou_tank_propane_bottle_long_base_m
image,#i_p7_cai_apt_door_large_hinges_o
image,#i_p7_cai_apt_door_large_hinges_n
image,#i_p7_cai_apt_door_large_hinges_g
image,d#fxt_decal_foam_n
image,d#i_t8_decal_tech_detail_bolt_11_r
image,d#i_t8_decal_tech_detail_bolt_11_g
image,d#i_t8_decal_tech_detail_bolt_11_c
image,d#i_t8_decal_tech_detail_bolt_11_n
image,d#i_t8_decal_tech_detail_bolt_11_o
image,d#i_veh_t8_decal_air_scoop_r
image,d#i_veh_t8_decal_air_scoop_n
image,d#i_veh_t8_decal_air_scoop_o
image,#hash_6b0c3583b0685d6c
image,#hash_6b0c3a83b06865eb
image,#hash_6b0c3e83b0686cb7
image,#hash_6b0da75889028e7d
image,#i_t7_zm_isl_dirt_fertile_g
image,#i_t7_zm_isl_dirt_fertile_c
image,#i_t7_zm_isl_dirt_fertile_r
image,#i_t7_ban_decal_paint_scratched_r
image,#i_t7_ban_decal_paint_scratched_g
image,#i_t7_ban_decal_paint_scratched_c
image,d#i_t8_water_puddle_oasis_base_c
image,d#i_mtl_veh_t8_glass_dirty_grimes_01_t
image,#i_veh_mphd_chinook_frame_window_multi_m
image,d#i_t7_micro_concrete_formed_01_n
image,d#i_t7_micro_concrete_formed_01_g
image,d#i_t7_micro_concrete_formed_01_c
image,#hash_6b405573204fa970
image,#hash_6b405673204fab23
image,#hash_6b405773204facd6
image,#i_mtl_p7_zm_moo_ship_container_panel_09_n
image,#hash_6b57ec180fc2ff41
image,d#fxt8_fire_sm_base_anim_hdr
image,d#i_veh_t8_decal_panel_07_g
image,d#i_veh_t8_decal_panel_07_c
image,d#i_veh_t8_decal_panel_07_o
image,d#i_veh_t8_decal_panel_07_n
image,d#i_veh_t8_decal_panel_07_s
image,#skybox_default_black
image,#i_t7_plastic_clear_warped_sandy_n
image,#i_t7_plastic_clear_warped_sandy_c
image,#i_veh_t7_dlc_number_4_st2_c
image,#i_t7_metal_planter_top_trim_large_painted_g
image,#i_t7_metal_planter_top_trim_large_painted_n
image,#i_mtl_p7_fir_targetdummy_rail_net_n
image,#i_mtl_p7_fir_targetdummy_rail_net_c
image,#i_t7_decal_stamp_plywood_03_c
image,d#i_t7_detail_wood_02
image,d#i_t7_detail_wood_01
image,d#i_veh_t8_mil_heli_attack_navi_light_multi_m
image,#i_mtl_p7_fir_chair_wood_n
image,#hash_6b9fa8e1347c8078
image,d#i_veh_t8_decal_leak_09_c
image,#i_mtl_t7_plastic_tarp_reinforced_grunge_grey_n
image,#i_mtl_t7_plastic_tarp_reinforced_grunge_grey_c
image,#i_mtl_t7_plastic_tarp_reinforced_grunge_grey_a
image,#i_mtl_p7_fir_beer_can_02_beer_can_m
image,#i_mtl_p7_fir_beer_can_02_beer_can_n
image,d#fxt8_fire_sm_lick_short_anim_hdr
image,#i_mtl_p7_debris_newspaper_02_n
image,#i_mtl_p7_debris_newspaper_02_c
image,#i_mtl_p7_fir_bottle_liquor_01_g
image,#i_mtl_p7_fir_bottle_liquor_01_c
image,#i_mtl_p7_fir_bottle_liquor_01_n
image,#i_mtl_p7_boat_rusted_fishing_deck_c
image,#i_mtl_p7_boat_rusted_fishing_deck_n
image,#i_mtl_p7_hinge_metal_s
image,#i_mtl_p7_hinge_metal_g
image,#i_mtl_p7_hinge_metal_o
image,#i_mtl_p7_hinge_metal_n
image,#hash_6bd9439aacb8e2d4
image,#i_mtl_veh_t8_civ_truck_pickup_light_glass_detail_n
image,d#i_veh_t8_decal_panel_16_r
image,d#i_veh_t8_decal_panel_16_g
image,d#i_veh_t8_decal_panel_16_c
image,d#i_veh_t8_decal_panel_16_o
image,d#i_veh_t8_decal_panel_16_n
image,#hash_6c03d7a47457242e
image,#hash_6c16127eb7a35c9f
image,d#fxt_dust_wind_md_anim
image,#i_mtl_p7_conduit_metal_outlets_c
image,#i_mtl_p7_conduit_metal_outlets_g
image,#i_mtl_p7_conduit_metal_outlets_o
image,#i_mtl_p7_conduit_metal_outlets_n
image,d#hash_6c39235688a2d2ac
image,d#hash_6c39245688a2d45f
image,#i_mtl_p7_mou_folder_manila_set_decal_c
image,#i_mtl_p7_mou_folder_manila_set_decal_n
image,#i_mtl_p7_fir_foliage_tree_palm_fan03_decal_c
image,#i_mtl_p7_fir_foliage_tree_palm_fan03_decal_n
image,#i_veh_t7_dlc3_mech_nikolai_decal_star_c
image,d#i_t7_linoleum_rolled_03_c
image,#hash_6c5be891a13f9c89
image,#i_mtl_p7_zm_tra_fence_quarantine_cloth_01_n
image,#i_c_t7_techno_head1_faceplate_s
image,#i_c_t7_techno_head1_faceplate_o
image,#i_c_t7_techno_head1_faceplate_n
image,#i_c_t7_techno_head1_faceplate_g
image,#i_c_t7_techno_head1_faceplate_c
image,d#i_mtl_veh_t8_decal_text_1_c
image,d#fxt8_debris_ember
image,#i_c_t7_techno_body1_backpack_c
image,#i_c_t7_techno_body1_backpack_g
image,#i_c_t7_techno_body1_backpack_m
image,#i_c_t7_techno_body1_backpack_n
image,#i_c_t7_techno_body1_backpack_o
image,#hash_6c8c6ac28d9cb118
image,#hash_6c8c76c28d9cc57c
image,#hash_6c8c77c28d9cc72f
image,#hash_6c8c7bc28d9ccdfb
image,#hash_6c8c7fc28d9cd4c7
image,#i_mtl_p7_fir_bottle_liquor_label_g
image,#i_mtl_p7_fir_bottle_liquor_label_c
image,d#i_mtl_veh_t8_decal_panel_56_r
image,d#i_mtl_veh_t8_decal_panel_56_c
image,#i_t7_fir_cover_corrugated_metal_g
image,#i_t7_fir_cover_corrugated_metal_c
image,#i_t7_fir_cover_corrugated_metal_n
image,d#i_mtl_veh_t8_decal_panel_56_o
image,#i_t7_fir_cover_corrugated_metal_o
image,d#i_mtl_veh_t8_decal_panel_56_n
image,#i_t7_fir_cover_corrugated_metal_s
image,d#i_t7_decal_damage_glass_bullet_hit_03_c
image,d#i_t7_decal_damage_glass_bullet_hit_03_n
image,d#i_veh_t8_mil_heli_light_int_m
image,d#i_veh_t8_mil_heli_light_int_o
image,d#i_veh_t8_mil_heli_light_int_n
image,#i_t7_decal_street_signage_speed_30_c
image,d#i_mtl_p7_fir_generator_diesel_04_m
image,d#i_mtl_p7_fir_generator_diesel_04_o
image,d#i_mtl_p7_fir_generator_diesel_04_n
image,d#i_p8_mp_bomb_crate_labels_c
image,d#$gray_one_channel
image,d#i_veh_t8_decal_sign_square_half_04_c
image,#i_t7_concrete_wall_poured_thick_01_n
image,#i_t7_concrete_wall_poured_thick_01_c
image,#hash_6cfa3611167ea492
image,#hash_6cfa4211167eb8f6
image,#hash_6cfa4611167ebfc2
image,#hash_6cfa4a11167ec68e
image,#hash_6cfa4b11167ec841
image,#hash_6cfc4718e604d397
image,#i_mtl_p7_slu_meter_electric_01_base_part_m
image,#i_mtl_p7_slu_meter_electric_01_base_part_n
image,#i_mtl_p7_jun_sheet_metal_4x8_n
image,#i_mtl_p7_jun_sheet_metal_4x8_o
image,#i_mtl_p7_jun_sheet_metal_4x8_m
image,#i_mtl_veh_mphd_uaz_front_light_glass_s
image,#i_mtl_veh_mphd_uaz_front_light_glass_n
image,#i_mtl_veh_mphd_uaz_front_light_glass_c
image,#hash_6d266ef65afe2ff9
image,#hash_6d31df74109735a3
image,#hash_6d31e07410973756
image,#hash_6d4c47936c961b98
image,#i_veh_t8_glass_pattern_11b_n
image,#i_mtl_veh_mphd_uaz_und_chassis_02_n
image,#i_mtl_veh_mphd_uaz_und_chassis_02_o
image,#i_mtl_veh_mphd_uaz_und_chassis_02_m
image,d#i_t7_glass_dirty_streaks_03_c
image,#i_c_t7_warrior_body1_arm_c1_ir
image,#i_c_bc_femalesoldier_legholster_albedo_c
image,#i_mtl_p7_curtain_hanging_72x122_break_c
image,#hash_6d9179e8ac471faa
image,#hash_6d917de8ac472676
image,#i_mtl_p7_zm_moo_ship_container_frame_05_n
image,#i_mtl_p7_rus_crate_wood_decal_wood_damage_n
image,#i_mtl_p7_rus_crate_wood_decal_wood_damage_c
image,#i_mtl_p7_rus_crate_wood_decal_wood_damage_g
image,#i_mtl_p7_doorframe_metal_shop_01_m
image,#i_mtl_p7_doorframe_metal_shop_01_n
image,#i_mtl_p7_doorframe_metal_shop_01_o
image,#i_mtl_p7_fir_fence_wood_decal01_c
image,d#fxt8_spark_round_alpha
image,d#core_metal_dark_g
image,#hash_6de1bcc1a684d39d
image,#i_mtl_p7_light_fluorescent_subway_glass_t
image,#i_mtl_p7_light_fluorescent_subway_glass_n
image,#i_mtl_p7_light_fluorescent_subway_glass_c
image,#i_mtl_t7_dirt_rocky_01_c
image,#i_mtl_p7_rus_vent_roof_metal_m
image,#i_mtl_p7_rus_vent_roof_metal_n
image,#i_veh_mphd_chinook_interior_panel_multi_m
image,#i_t7_metal_worn_steel_plate_base_s
image,#i_mtl_p7_fir_tower_radio_vista_metal_01_m
image,d#i_veh_t8_plastic_fiberglass_bench_c
image,d#i_t7_rope_nylon_02_n
image,d#i_t7_rope_nylon_02_c
image,d#i_mtl_p7_zm_asc_hose_c
image,d#i_mtl_p7_zm_asc_hose_n
image,d#hash_6e7a7095e2e177b0
image,d#i_c_t8_mp_spe_buffer_body1_syringe_pouch_o
image,d#i_c_t8_mp_spe_buffer_body1_syringe_pouch_g
image,#hash_6e7fff4c4387ec69
image,#i_mtl_p8_mphd_ammo_box_wood_set_wood_n
image,#i_mtl_p8_mphd_ammo_box_wood_set_wood_m
image,d#i_c_t8_detail_plastic_grainy_chaser_3_n
image,#hash_6e83ef603916a8ad
image,d#i_veh_t8_decal_sign_shock_01_c
image,#i_veh_t8_decal_gauge_27a_c
image,d#fxt_decal_foam
image,#i_mtl_p7_suspension_bridge_steel_cable_01_m
image,d#i_mtl_p7_suspension_bridge_steel_cable_01_o
image,#i_mtl_p7_zm_shi_roof_center_rope_n
image,d#fxt8_fire_md_lick_dissipate_anim_hdr
image,#i_mtl_p7_zm_kin_cabinet_storage_set_c
image,#i_mtl_p7_zm_kin_cabinet_storage_set_m
image,#i_mtl_p7_zm_kin_cabinet_storage_set_n
image,#i_mtl_p7_fir_ammo_crate_bullets_metal_01_n
image,#i_mtl_p7_cinder_block_broken_2_n
image,#i_mtl_p7_cinder_block_broken_2_c
image,#i_t7_con_cloth_carpet_macro_n
image,#i_t7_con_cloth_carpet_macro_m
image,d#i_t7_cloth_leather_black_n
image,d#fxt_gel_drops_n
image,d#i_veh_t8_mil_heli_light_engine_n
image,d#i_veh_t8_mil_heli_light_engine_o
image,d#i_veh_t8_mil_heli_light_engine_m
image,#i_c_t7_techno_head6_face_skin1_g
image,d#i_c_gen_detail_plastic_circle_mesh_n
image,d#i_mtl_p7_tank_welding_set_02_m
image,d#i_mtl_p7_tank_welding_set_02_n
image,#i_mtl_p7_fir_monitor_security_tv_decal_n
image,#i_mtl_p7_fir_monitor_security_tv_decal_c
image,#i_mtl_p7_fir_monitor_security_tv_decal_g
image,d#i_mtl_p7_cai_rock_rubble_pile_01_n
image,d#i_mtl_p7_cai_rock_rubble_pile_01_m
image,#hash_6f0117ceded722ac
image,#hash_6f10c61e2b60db01
image,d#i_t8_zm_fro_metal_rust_heavy_n
image,#i_mtl_veh_mphd_m35_base_decal03_c
image,#i_t7_plaster_smooth_light_01_n
image,d#i_mtl_veh_mphd_forklift_rim_n
image,d#i_mtl_veh_mphd_forklift_rim_o
image,#i_c_t7_techno_body1_coat_ir
image,#i_c_t7_battery_head1_dogtags_n
image,#i_c_t7_battery_head1_dogtags_g
image,#i_veh_mphd_chinook_backdoor_02_n
image,#i_veh_mphd_chinook_backdoor_02_o
image,#i_t7_zm_asc_corrugated_metal_bare_m
image,d#i_t8_decal_tech_detail_low_tech_15_n
image,d#i_t8_decal_tech_detail_low_tech_15_o
image,d#i_t8_decal_tech_detail_low_tech_15_c
image,d#i_t8_decal_tech_detail_low_tech_15_r
image,#hash_6f5d0401a8226eda
image,#i_mtl_p7_zm_ori_concrete_wall_damaged_01_blend_r
image,#i_t7_asphalt_damaged_dark_r
image,#hash_6f83d8f107d5106f
image,#i_mtl_p7_fir_foliage_tree_vista_08_proxy_specular
image,d#fxt_distort_heat
image,#hash_6f9aa7d7614933e3
image,#i_t7_concrete_poured_bunker_dirty_01_n
image,#hash_6fa431836d0f3235
image,#i_mtl_p7_zm_moo_ship_container_door_01_rust_m
image,#i_t7_aqu_decal_signage_wall_02_n
image,#i_mtl_p7_cai_rock_rubble_pile_b_low_m
image,#i_mtl_p7_cai_rock_rubble_pile_b_low_n
image,#i_mtl_p7_fir_training_course_decal_wood_01_c
image,#i_mtl_p7_fir_training_course_decal_wood_01_n
image,d#i_mtl_p7_rock_sing_park_01_n
image,d#i_mtl_p7_rock_sing_park_01_c
image,#i_mtl_p7_fir_barricade_barbed_wire_set_wood03_m
image,#i_t7_ceramic_roof_tiles_01_n
image,#i_t7_ceramic_roof_tiles_01_c
image,#i_p6_wood_plank_rustic01_n
image,#i_p6_wood_plank_rustic01_c
image,#hash_6ff75ead74845ea0
image,#hash_6ff76bad748474b7
image,#i_mtl_p7_zm_tra_water_tower_set_metal_support_m
image,#i_mtl_p7_zm_tra_water_tower_set_metal_support_n
image,#i_t7_concrete_rough_layered_01_n
image,#i_t7_concrete_rough_layered_01_c
image,d#i_t8_decal_tech_detail_high_tech_60_c
image,d#i_t8_decal_tech_detail_high_tech_60_g
image,d#i_t8_decal_tech_detail_high_tech_60_n
image,d#i_t8_decal_tech_detail_high_tech_60_o
image,#i_mtl_p7_fir_crate_wood_lrg_logo_c
image,#i_mtl_p7_fir_crate_wood_lrg_logo_n
image,#i_mtl_p7_dock_wood_rustic_set_02_n
image,#i_mtl_p7_dock_wood_rustic_set_02_c
image,#i_mtl_p7_ram_castle_door_hinge_n
image,#i_mtl_p7_ram_castle_door_hinge_o
image,#i_mtl_p7_ram_castle_door_hinge_c
image,#i_mtl_p7_ram_castle_door_hinge_g
image,#hash_7035b004c10ef496
image,d#hash_704a98bf18a8a48c
image,#i_veh_t8_plastic_rough_heavy_01_n
image,#i_mtl_p7_wes_basin_metal_set_decal_rust
image,#i_mtl_p7_zm_der_plank_wood_01_n
image,d#i_t7_decal_metal_nails_c
image,d#i_t7_decal_metal_nails_n
image,#i_veh_t8_decal_ac_vent04_o
image,#i_veh_t8_decal_ac_vent04_n
image,#i_veh_t8_decal_ac_vent04_g
image,#i_veh_t8_decal_ac_vent04_c
image,#hash_707bbaf8426c343e
image,d#fxt8_water_splash_tall_center_anim_mask
image,d#i_p7_zm_asc_barrel_metal_blue_lid_c
image,d#i_p7_zm_asc_barrel_metal_blue_lid_m
image,#hash_70bebddfe882f3b4
image,#hash_70bebfdfe882f71a
image,d#i_t8_micro_paint_02_g
image,d#i_t8_micro_paint_02_c
image,#hash_70c78b3d5c3d44fa
image,d#i_t7_micro_cloth_cotton_02_n
image,d#i_t7_micro_cloth_cotton_02_c
image,d#fxt8_liquid_spurt
image,#hash_70d322dff327c25f
image,#hash_70d323dff327c412
image,d#i_veh_t8_decal_hinge_10_n
image,d#i_veh_t8_decal_hinge_10_o
image,d#i_veh_t8_decal_hinge_10_c
image,d#i_veh_t8_decal_hinge_10_t
image,#hash_70ebe9b98bbd4601
image,#i_mtl_p7_fir_hose_rolled_spool_n
image,#i_mtl_p7_fir_hose_rolled_spool_m
image,d#detail_noise
image,#i_mtl_p7_fir_foliage_grass_tall_proxy_depth
image,#hash_7124e4083d3c98df
image,#i_t7_metal_trim_worn_iron_dark_m
image,#i_mtl_p8_col_vista_foliage_jungle_young_palm_proxy_specular
image,#hash_71619e3165478ca4
image,#hash_7161a131654791bd
image,#i_mtl_p7_sin_ship_container_tiled_rust_03_c
image,d#i_t7_veh_decal_panelcut_01_n
image,d#i_t7_veh_decal_panelcut_01_o
image,d#i_t7_veh_decal_panelcut_01_r
image,#i_t7_plaster_peeling_01_n
image,#i_mtl_veh_mphd_forklift_decal012_c
image,d#i_t7_micro_metal_bare_scuffed_01_n
image,d#i_t7_micro_metal_bare_scuffed_01_g
image,d#i_t7_micro_metal_bare_scuffed_01_c
image,#i_mtl_p7_fir_rock_rough_lrg_01_n
image,#hash_718b0529dc6f6129
image,#hash_719d0098f7f751d6
image,d#i_t7_micro_metal_rust_heavy_01_g
image,d#i_t7_micro_metal_rust_heavy_01_c
image,#i_t7_micro_metal_rust_heavy_01_n
image,d#hash_71a903514c547b4a
image,d#hash_71a904514c547cfd
image,d#fxt_smk_billow_whisp_anim
image,d#i_veh_t8_decal_data_plate_04_c
image,d#fxt8_fog_slow_lg_anim
image,d#i_veh_t8_metal_grunge_galvanized_01_g
image,#i_mtl_p7_foliage_tree_acacia_xlrg_01_bark_tilable_n
image,#i_mtl_p7_foliage_tree_acacia_xlrg_01_bark_tilable_c
image,d#i_t8_decal_tech_detail_high_tech_59_r
image,d#i_t8_decal_tech_detail_high_tech_59_g
image,d#i_t8_decal_tech_detail_high_tech_59_c
image,d#i_t8_decal_tech_detail_high_tech_59_n
image,d#i_t8_decal_tech_detail_high_tech_59_o
image,d#$blacktransparent_color
image,#i_t7_metal_copper_oxidized_01_desaturated_c
image,#i_mtl_p7_fir_rock_boulder_lrg_02_o_n
image,#i_mtl_p7_fir_rock_boulder_lrg_02_o_m
image,#i_veh_mphd_chinook_door_hook_multi_m
image,#i_mtl_veh_t8_glass_pattern_02_t
image,#i_mtl_p7_fir_rock_med_04_m
image,#i_mtl_p7_fir_rock_med_04_n
image,#i_c_t7_techno_body1_thighguard_ir
image,#hash_7205748fe75ec5e2
image,#i_mtl_veh_mphd_m35_base_body03_o
image,#i_mtl_veh_mphd_m35_base_body03_n
image,#i_c_t7_techno_body1_thrusters_ir
image,d#i_mtl_veh_mphd_forklift_cockpit_multi_m
image,#i_c_t7_techno_body1_neckwrap_c
image,#i_c_t7_techno_body1_neckwrap_o
image,#i_c_t7_techno_body1_neckwrap_n
image,d#i_clip_player
image,#i_mtl_p7_fir_fence_wood_nail01_n
image,#i_mtl_p7_fir_fence_wood_nail01_c
image,#i_veh_t8_decal_rust_02_c
image,#i_t7_metal_planter_top_trim_large_painted_worn_c
image,#i_t7_metal_planter_top_trim_large_painted_worn_g
image,#i_mtl_veh_mphd_uaz_int_chair_dead_m
image,#i_mtl_p7_zm_kin_generator_industrial_part_02_m
image,#i_mtl_p7_zm_kin_generator_industrial_part_02_n
image,d#i_mtl_veh_t8_decal_text_letters_c
image,#i_mtl_p8_wz_supply_stash_decal_clip_c
image,#i_mtl_p8_wz_supply_stash_decal_clip_n
image,#fxt8_dust_mote_long
image,#i_mtl_veh_mphd_uaz_body_und_o
image,#i_mtl_veh_mphd_uaz_body_und_n
image,#i_mtl_veh_mphd_uaz_body_und_m
image,#i_t7_zm_kin_carpet_theater_02_r
image,d#i_veh_t8_decal_panel_17_n
image,d#i_veh_t8_decal_panel_17_o
image,d#i_veh_t8_decal_panel_17_g
image,d#i_veh_t8_decal_panel_17_c
image,d#i_veh_t8_decal_panel_17_s
image,#i_mtl_p7_fir_floodlight_speaker_tall_dirty_07_c
image,#hash_727d9e73caae9b30
image,#hash_727da173caaea049
image,#i_mtl_p7_curtain_hanging_72x72_break_c
image,#i_mtl_veh_t8_decal_rally_logo_hammer_c
image,#i_mtl_p7_zm_moo_ship_container_panel_08_n
image,d#i_t7_veh_decal_keep_clear_c
image,d#i_veh_t8_detail_leather_01
image,d#i_t8_metal_bare_steel_worn_01_512_n
image,d#i_mtl_p7_cai_mobile_shops_civ_01_metal_decal_01_c
image,#i_t7_mou_metal_panels_larger_more_rust_rvl_n
image,#i_t7_mou_metal_panels_larger_more_rust_rvl_r
image,#i_mtl_p7_fir_gate_rolling_set_rubber_m
image,#i_mtl_p7_fir_gate_rolling_set_rubber_n
image,#i_mtl_p7_fir_floodlight_speaker_tall_decal_02_r
image,#hash_73010f37914f7930
image,#hash_73011c37914f8f47
image,#i_mtl_p7_curtain_hanging_yarn_n
image,#i_mtl_p7_curtain_hanging_yarn_c
image,#i_c_t7_techno_gear_7_c
image,#i_p8_mphd_cardboard_bundle_set01_decal_a_r
image,d#i_t7_veh_decal_symbol_ground_c
image,d#i_t7_micro_metal_grunge_scratch_fine_01_s
image,d#i_t7_micro_metal_grunge_scratch_fine_01_g
image,#i_t7_micro_metal_grunge_scratch_fine_01_c
image,d#i_t7_micro_metal_grunge_scratch_fine_01_n
image,#hash_7331627a6a22f217
image,#i_mtl_p7_roof_vents_metal_01_o
image,#i_mtl_p7_roof_vents_metal_01_n
image,#i_mtl_p7_roof_vents_metal_01_m
image,#i_mtl_p7_cai_door_wood_rustic_01_metal_n
image,#i_mtl_p7_cai_door_wood_rustic_01_metal_c
image,#i_mtl_p7_slu_box_electric_set_decal_wires_c
image,#i_mtl_p7_slu_box_electric_set_decal_wires_n
image,#i_c_t7_warrior_body1_arm_b1_g
image,#i_c_t7_warrior_body1_arm_b1_o
image,#i_c_t7_warrior_body1_arm_b1_n
image,#i_p8_mp_bomb_crate_whole_destroyed_caution_c
image,#i_mtl_p7_wood_plank_rustic_2x4x120_n
image,#i_mtl_p7_wood_plank_rustic_2x4x120_c
image,#i_mtl_p7_fir_foliage_tree_vista_07_proxy_specular
image,d#i_veh_t8_decal_text_rf_hazard_c
image,#hash_73f493c1dfe54353
image,#hash_73f49ec1dfe55604
image,#i_mtl_veh_mphd_tiara_but_03_c
image,d#i_caution_electrical_shock_c
image,#i_mtl_p7_fir_foliage_tree_vista_08_proxy_albedo
image,d#i_c_gen_eye_blue_c
image,#hash_7429520c1dce0b24
image,#i_mtl_p7_sgen_corridor_corvus_01_metal_rusty_c
image,#i_mtl_p7_zm_shi_foliage_grass_02_yellow_c
image,#i_t7_cloth_cargo_netting_02_n
image,#i_t7_cloth_cargo_netting_02_c
image,#i_mtl_p8_zm_esc_light_hallway_bulb_c
image,#i_mtl_p7_slu_panel_electrical_metal_01_m
image,#i_mtl_p7_slu_panel_electrical_metal_01_n
image,#i_c_t7_battery_body1_collar1_n
image,#i_c_t7_battery_body1_collar1_o
image,#i_c_t7_battery_body1_collar1_c
image,#i_c_t7_battery_body1_collar1_g
image,#hash_74775ff0935a9eab
image,#hash_74810674145939e8
image,#hash_7481097414593f01
image,d#i_t7_detail_carpet_04
image,#i_c_t7_blockout_battery_body1_beltwidget_c
image,#i_c_t7_blockout_battery_body1_beltwidget_g
image,#i_c_t7_blockout_battery_body1_beltwidget_n
image,d#i_t7_decal_grunge_dirty_tile_01_micro_c
image,d#i_t7_decal_grunge_dirty_tile_01_micro_n
image,#i_mtl_veh_t7_dlc_concrete_poured_bunker_dirty_01_512_m
image,#i_mtl_p7_fir_sign_matcu_airfield_paint_r
image,#i_mtl_veh_mphd_forklift_lift_multi_m
image,#i_t8_micro_plaster_stucco_01_c
image,d#i_t8_micro_plaster_stucco_01_n
image,#i_t7_cloth_carpet_solid_grey_c
image,d#i_veh_t8_decal_text_radar_sensor_c
image,d#i_mtl_p7_fir_generator_diesel_05_m
image,d#i_mtl_p7_fir_generator_diesel_05_n
image,d#i_mtl_p7_fir_generator_diesel_05_o
image,#i_t7_plaster_smooth_dirty_01_n
image,d#i_t7_plaster_smooth_dirty_01_g
image,#hash_74f576d0632ebf4e
image,#i_t8_concrete_sidewalk_01_n
image,d#i_t8_concrete_sidewalk_01_g
image,#hash_751ae42d835ee286
image,#hash_751ae82d835ee952
image,#hash_751af12d835ef89d
image,#hash_7526bf46bf5703d7
image,#i_c_t7_warrior_head1_headgear_ir
image,#i_t7_concrete_bare_01_g
image,#i_t7_concrete_bare_01_n
image,d#i_mtl_p7_fir_tool_chest_rolling_set_decal_07_m
image,d#i_mtl_p7_fir_tool_chest_rolling_set_decal_07_n
image,#i_t7_micro_grunge_wall_top_bottom_m
image,d#i_t7_decal_grunge_leaking_01_g
image,#i_t7_decal_grunge_leaking_01_c
image,#i_t7_metal_white_painted_grunge_drip_g
image,d#i_t7_rubber_mat_flooring_small_n
image,d#i_mtl_veh_mphd_forklift_rim_multi_m
image,d#i_t7_micro_metal_painted_scuffed_01_c
image,d#i_t7_micro_metal_painted_scuffed_01_n
image,d#fxt_smk_trail_billow
image,#i_c_t7_warrior_head1_n
image,#i_c_t7_warrior_head1_o
image,#i_c_t7_warrior_head1_c
image,#i_c_t7_warrior_head1_g
image,#i_t7_glass_slats_n
image,d#fxt_light_ray_thruster
image,#i_mtl_p7_cup_coffee_paper_c
image,#i_mtl_p7_cup_coffee_paper_n
image,d#i_veh_t8_detail_char03_n
image,d#fxt_water_splash_radial_anim
image,#i_c_t7_technomancer_body2_lights_e
image,#hash_761df03f9dc66cd0
image,#hash_761df93f9dc67c1b
image,#hash_761dfd3f9dc682e7
image,#i_mtl_p7_box_cardboard_n
image,#hash_762e65a595912cd8
image,#i_mtl_p7_curtain_hanging_36x122_break_c
image,#hash_764254c2be8e82f9
image,#hash_76425fc2be8e95aa
image,#i_mtl_p7_zm_moo_ship_container_door_03_n
image,d#i_t7_micro_metal_painted_02_s
image,d#i_t7_micro_metal_painted_02_n
image,d#i_t7_micro_metal_painted_02_g
image,d#i_t7_micro_metal_painted_02_c
image,#i_mtl_p7_zm_kin_stairs_wood_r
image,#hash_7689157fd47fa730
image,#hash_7699d5a89d96640b
image,#i_veh_mphd_chinook_cockpit_interior_n
image,#i_veh_mphd_chinook_cockpit_interior_c
image,#i_veh_mphd_chinook_cockpit_interior_g
image,#i_mtl_p7_zm_moo_ship_container_frame_06_rust_m
image,#hash_76a29ac9cefda501
image,#i_c_t7_techno_body1_leg_armor_ir
image,d#i_t7_decal_snow_powder_01_c
image,#i_mtl_p7_wall_wood_rustic_01_post_med_n
image,#i_mtl_p7_wall_wood_rustic_01_post_med_m
image,#i_mtl_veh_mphd_m35_base_body02_multi_m
image,d#i_decal_caution_triangle_c
image,d#i_t7_aqu_decal_signage_wall_01_n
image,d#i_t7_aqu_decal_signage_wall_01_c
image,d#i_t7_aqu_decal_signage_wall_01_r
image,#hash_7700a7cebea5a370
image,#hash_7700aacebea5a889
image,#i_mtl_p7_foliage_grass_dry_t
image,#i_mtl_p7_foliage_grass_dry_c
image,#i_mtl_p7_foliage_grass_dry_n
image,#i_mtl_p7_boat_rusted_fishing_details_c
image,d#i_mtl_p7_debris_metal_scrap_02_n
image,d#i_mtl_p7_debris_metal_scrap_02_g
image,d#i_mtl_p7_debris_metal_scrap_02_s
image,#i_t7_grass_lawn_medium_small_green_c
image,#i_t7_grass_lawn_medium_small_green_g
image,#i_t7_grass_lawn_medium_small_green_n
image,#i_t7_grass_lawn_medium_small_green_r
image,#hash_771de11a21c38843
image,#hash_771de21a21c389f6
image,#hash_771de31a21c38ba9
image,d#i_mtl_veh_t8_decal_text_2_c
image,#i_veh_mphd_chinook_under_04_o
image,#i_veh_mphd_chinook_under_04_n
image,#i_t8_decal_grunge_water_stain_01_sml_r
image,d#hash_77441cafac594632
image,d#hash_77441dafac5947e5
image,d#hash_774430afac59682e
image,d#i_c_t7_skin_ir
image,#i_mtl_p7_fir_wire_spool_nail_m
image,#i_mtl_p7_fir_wire_spool_nail_n
image,d#i_t7_decal_damage_glass_bullet_hit_02_n
image,d#i_t7_decal_damage_glass_bullet_hit_02_c
image,#hash_77525e9964f83120
image,d#i_t8_decal_tech_detail_high_tech_67_o
image,#i_t7_zm_ctl_decal_damage_bullet_wood_01_r
image,#i_t7_zm_ctl_decal_damage_bullet_wood_01_c
image,d#i_t7_stone_marble_wavy_tan_g
image,#i_t7_zm_ori_dirt_mud_01_c
image,#i_mtl_p7_wes_beech_fence_end_c
image,d#i_mtl_p7_wes_beech_fence_end_n
image,#i_t7_metal_trim_rivets_01_m
image,#i_t7_metal_trim_rivets_01_n
image,#i_mtl_p7_tiedown_hook_metal_01_n
image,#i_mtl_p7_tiedown_hook_metal_01_o
image,#i_mtl_p7_fir_foliage_tree_vista_08_proxy_distance
image,#i_t7_decal_damage_concrete_edge_01_c
image,#i_t7_decal_damage_concrete_edge_01_n
image,#i_t7_decal_damage_concrete_edge_01_r
image,#hash_7820382baec36536
image,#hash_7820392baec366e9
image,#hash_7820442baec3799a
image,#i_mtl_p7_zm_der_light_set_bulb_small_s
image,#i_mtl_p7_zm_der_light_set_bulb_small_n
image,#i_mtl_p7_zm_der_light_set_bulb_small_m
image,#i_mtl_p7_zm_der_light_set_bulb_small_g
image,#i_mtl_p7_zm_der_light_set_bulb_small_c
image,#i_c_t7_techno_head1_faceplate_ir
image,d#fxt_smk_whisp_anim_2
image,#i_mtl_p7_zm_moo_ship_container_frame_06_n
image,#i_mtl_p7_light_hurricane_lamp_s
image,#i_mtl_p7_light_hurricane_lamp_o
image,#i_mtl_p7_light_hurricane_lamp_n
image,#i_mtl_p7_light_hurricane_lamp_g
image,d#i_t7_decal_damage_metal_rust_edge_01_c
image,d#i_t7_decal_damage_metal_rust_edge_01_n
image,#i_mtl_p7_fir_beer_can_02_lid_a
image,#i_mtl_p7_fir_beer_can_02_lid_n
image,d#i_t7_detail_paper_01_n
image,d#i_t7_metal_planter_top_trim_n
image,#i_veh_t8_dirt_grey_c
image,d#i_veh_t8_mil_heli_light_cockpit_m
image,d#i_veh_t8_mil_heli_light_cockpit_o
image,d#i_veh_t8_mil_heli_light_cockpit_n
image,d#fxt_gas_blur_core_thick
image,#i_mtl_p7_zm_tra_fence_quarantine_metal_02_m
image,d#i_veh_t8_decal_tech_detail_high_tech_91_n
image,d#i_veh_t8_decal_tech_detail_high_tech_91_o
image,d#i_veh_t8_decal_tech_detail_high_tech_91_g
image,d#i_veh_t8_decal_tech_detail_high_tech_91_c
image,#i_mtl_veh_mphd_m35_base_body02_n
image,#i_mtl_veh_mphd_m35_base_body02_o
image,#i_mtl_p7_fir_monitor_security_tv_n
image,#i_mtl_p7_fir_monitor_security_tv_m
image,#i_mtl_p7_cinder_block_broken_1_n
image,#i_mtl_p7_cinder_block_broken_1_c
image,#i_p7_fir_bathroom_sink_tubing_m
image,#i_p7_fir_bathroom_sink_tubing_n
image,d#hash_78c3941c4023ef16
image,d#hash_78c3951c4023f0c9
image,#i_t7_wood_plywood_brown_n
image,#i_t7_wood_plywood_brown_c
image,#hash_78da1229e0313940
image,#hash_78da1629e031400c
image,#hash_78da1a29e03146d8
image,#hash_78da1b29e031488b
image,d#i_t8_micro_paint_03_c
image,#fxt8_bio_bat_top_anim
image,#hash_790aa421b304c63f
image,#hash_790aa721b304cb58
image,#i_t7_mou_numbers_c
image,#i_t7_mou_numbers_g
image,#i_t7_mou_numbers_r
image,#i_c_t7_warrior_body1_cloth_light_c
image,#i_c_t7_warrior_body1_cloth_light_n
image,#i_c_t7_warrior_body1_cloth_light_o
image,#i_mtl_p7_fir_rock_boulder_lrg_02_h_m
image,#i_mtl_p7_fir_rock_boulder_lrg_02_h_n
image,#hash_792bebd59499cfe4
image,#hash_792befd59499d6b0
image,#i_mtl_veh_t8_glass_pattern_03_t
image,#hash_793d57ac004c20ee
image,#hash_793f428cd9e9f8bb
image,#hash_793f438cd9e9fa6e
image,#i_mtl_veh_t7_dmg_scrapes_chips_1_s
image,#i_mtl_veh_t7_dmg_scrapes_chips_1_n
image,#i_mtl_veh_t7_dmg_scrapes_chips_1_g
image,#i_mtl_veh_t7_dmg_scrapes_chips_1_c
image,d#i_veh_t8_mil_heli_light_optic_ir
image,#i_p7_sin_ship_container_decal01_n
image,#i_mtl_veh_mphd_uaz_int_engine_m
image,#i_mtl_veh_mphd_uaz_int_engine_o
image,#i_mtl_veh_mphd_uaz_int_engine_n
image,#hash_79612d3c28100d8d
image,d#i_c_t7_reaper_body1_dark_ir
image,#i_mtl_p7_zm_shi_foliage_forest_shrubs_t
image,#i_mtl_p7_zm_shi_foliage_forest_shrubs_n
image,#i_mtl_p7_zm_shi_foliage_forest_shrubs_c
image,d#hash_798390b88d109a69
image,#hash_7989e63169c1b9bc
image,#hash_7989e93169c1bed5
image,#i_mtl_p7_slu_box_electric_set_decal_labels_c
image,#i_mtl_p7_slu_box_electric_set_decal_labels_n
image,#i_c_t7_techno_body1_chest_device_ir
image,#i_mtl_p7_fir_net_volleyball_metalpainted_m
image,d#i_t7_plastic_polyethylene_worn_grey_c
image,d#i_veh_t8_decal_gauge_01_g
image,d#i_veh_t8_decal_gauge_01_n
image,#hash_79bdeda54aaff0b8
image,#hash_79bdefa54aaff41e
image,#hash_79bdf0a54aaff5d1
image,#hash_79bf076b2fe45934
image,d#i_veh_t8_mil_heli_attack_body_rear_multi_m
image,#i_c_t7_hunter_body2_back_pouch_c
image,d#fxt_sparks_rndhit_mask
image,#i_mtl_veh_t7_dlc_dirty_glass_02_c
image,d#i_c_t8_mp_spe_buffer_body1_scisors_o
image,d#fxt8_spark_streak_wiggle_hdr
image,#i_t7_decal_damage_wood_splintered_01_r
image,#i_t7_decal_damage_wood_splintered_01_n
image,#hash_7a3493ee31b8d963
image,#i_mtl_p7_jun_foliage_bush_01_proxy_albedo
image,#i_mtl_p7_zm_ori_duckboard_set_m
image,#i_mtl_p7_zm_ori_duckboard_set_n
image,#i_mtl_p8_col_vista_foliage_jungle_tree_palm_lrg_proxy_depth
image,#i_mtl_p7_fir_ladder_hanging_decal01_n
image,d#i_mtl_p7_light_floodlight_c
image,d#i_mtl_p7_light_floodlight_m
image,d#i_mtl_p7_light_floodlight_n
image,d#i_veh_t8_decal_panel_48_n
image,#i_t7_zm_shi_panel_wall_wood_n
image,#i_t7_zm_shi_panel_wall_wood_g
image,#i_t7_zm_shi_panel_wall_wood_c
image,d#i_veh_t8_pattern_grooves_01_n
image,#i_mtl_p8_col_truss_ceiling_nail_01_s
image,#hash_7a76bc512e079360
image,#hash_7a76d8512e07c2f4
image,d#i_c_t7_techno_body1_dark_ir
image,#hash_7aaa3c50655c9b82
image,#i_mtl_veh_mphd_uaz_int_03_dead_m
image,d#i_mtl_p7_fir_box_ammo_metal_m
image,d#i_mtl_p7_fir_box_ammo_metal_n
image,#i_t7_cobweb_corner_01_c
image,#i_t7_cobweb_corner_01_n
image,#i_c_t7_battery_hairshell1_n
image,#i_c_t7_battery_hairshell1_c
image,#i_veh_t8_glass_pattern_02_n
image,#i_mtl_p7_fir_targetdummy_rail_screw_n
image,#i_mtl_p7_fir_targetdummy_rail_screw_r
image,#i_mtl_p8_wz_supply_stash_decal_label_c
image,#i_mtl_veh_mphd_tiara_und_chassis_01_dead_m
image,d#i_p7_zur_train_car_leather_n
image,#i_t7_kfu_wood_painted_wall_c
image,#i_t7_kfu_wood_painted_wall_n
image,#i_mtl_t8_decal_grunge_rust_02_c
image,d#i_wpn_t8_eqp_briefcase_bomb_foam_detail_g
image,d#i_wpn_t8_eqp_briefcase_bomb_foam_detail_n
image,d#hash_7b2d62cfd74e54c2
image,#hash_7b32c466cc9b5feb
image,#i_t7_spa_decal_signage_circles_r
image,d#i_t7_decal_damage_metal_scratches_r
image,#i_mtl_p7_debris_trash_snack_bag_04_c
image,#i_mtl_p7_debris_trash_snack_bag_04_n
image,d#fxt8_liquid_impact
image,d#i_t8_decal_tech_detail_bolt_01_c
image,#i_c_t7_blockout_battery_body1_beltwidget_ec
image,d#i_t7_micro_metal_bare_scuffed_02_g
image,d#fxt_water_droplet_mask
image,#i_t7_zm_moo_metal_support_panel_01_n
image,#i_t7_zm_moo_metal_support_panel_01_o
image,d#i_t7_micro_cloth_leather_01_n
image,d#i_t7_micro_cloth_leather_01_g
image,d#i_t7_micro_cloth_leather_01_c
image,d#i_veh_t8_decal_bolt_08_c
image,d#i_veh_t8_decal_bolt_08_o
image,d#i_veh_t8_decal_bolt_08_n
image,d#i_veh_t8_decal_bolt_08_r
image,#i_t7_decal_street_signage_stop_01_c
image,#i_mtl_veh_mphd_m35_bed_o
image,#i_mtl_veh_mphd_m35_bed_n
image,#i_t7_wood_beam_worn_oak_splintered_c
image,#i_t7_wood_beam_worn_oak_splintered_m
image,#i_t7_wood_beam_worn_oak_splintered_o
image,#i_t7_wood_beam_worn_oak_splintered_n
image,d#i_p8_mp_bomb_crate_leash_c
image,d#i_veh_t8_mil_heli_attack_tailfin_multi_m
image,d#i_t7_ban_metal_light_rust_blend_n
image,#i_t7_ban_metal_light_rust_blend_c
image,#i_c_t7_techno_body1_monitor_ir
image,d#i_t7_concrete_painted_wet_white_r_cheap
image,#hash_7be1535f19cdf0c0
image,#mtl_i_p7_fir_paper_stack_shuffled_paper_g
image,#mtl_i_p7_fir_paper_stack_shuffled_paper_c
image,#i_mtl_p7_box_copy_paper_c
image,#i_mtl_p7_box_copy_paper_n
image,d#i_wpn_t8_eqp_briefcase_bomb_decals_label_s
image,d#i_wpn_t8_eqp_briefcase_bomb_decals_label_c
image,d#i_wpn_t8_eqp_briefcase_bomb_decals_label_g
image,d#i_mtl_p7_mou_barrel_metal_02_n
image,#hash_7bf45186884ca33e
image,#i_veh_mphd_chinook_door_hook_n
image,#i_veh_mphd_chinook_door_hook_o
image,#i_mtl_veh_mphd_m35_base_interior_multi_m
image,#i_mtl_p7_zm_ori_boots_military_set_c
image,#i_mtl_p7_zm_ori_boots_military_set_n
image,d#hash_7c0b8542a72a920c
image,d#hash_7c0b8642a72a93bf
image,d#hash_7c0b8a42a72a9a8b
image,d#hash_7c0b8e42a72aa157
image,#hash_7c14384fca1ebd20
image,#hash_7c143b4fca1ec239
image,#hash_7c2518164acf00f9
image,#i_mtl_p7_fir_table_wood_rustic_decal_01_n
image,#i_mtl_p7_fir_table_wood_rustic_decal_01_c
image,#i_t7_sand_tire_tracks_01_r
image,#hash_7c3545e2ee0e28b5
image,#hash_7c3548e2ee0e2dce
image,d#i_t7_micro_stone_mixed_04_r
image,#i_t7_micro_stone_mixed_04_c
image,#i_t7_rock_cliff_craggly_grey_01_c
image,#i_mtl_p7_zm_ctl_crate_ammo_vintage_metal_02_m
image,#i_mtl_p7_zm_ctl_crate_ammo_vintage_metal_02_n
image,d#fxt_decal_blood_fatal_02_n
image,d#i_wpn_t8_eqp_briefcase_bomb_circuit_c
image,d#i_wpn_t8_eqp_briefcase_bomb_circuit_g
image,d#i_wpn_t8_eqp_briefcase_bomb_circuit_o
image,d#i_wpn_t8_eqp_briefcase_bomb_circuit_n
image,d#i_wpn_t8_eqp_briefcase_bomb_circuit_s
image,#hash_7c66f36a51a16848
image,#i_mtl_p7_fir_targetdummy_rail_wood_01_side_c
image,#i_mtl_p7_fir_targetdummy_rail_wood_01_side_g
image,#i_mtl_p7_fir_targetdummy_rail_wood_01_side_n
image,#i_mtl_p7_slu_meter_electric_decal_10_c
image,#i_mtl_p7_slu_meter_electric_decal_10_n
image,#i_mtl_p7_ral_water_ocean_vista_flow_c
image,#i_t7_zm_ctl_wood_plank_wide_01_r
image,#i_t7_zm_ctl_wood_plank_wide_01_g
image,#i_t7_zm_ctl_wood_plank_wide_01_c
image,#i_t7_zm_ctl_wood_plank_wide_01_n
image,#i_t7_zm_ctl_wood_plank_wide_01_o
image,#i_mtl_p7_bucket_janitor_plastic_rolling_n
image,#i_mtl_p7_bucket_janitor_plastic_rolling_g
image,#i_mtl_p7_bucket_janitor_plastic_rolling_c
image,#hash_7ca4716c5e383f9a
image,d#hash_7cbb3c6c6b61827c
image,d#hash_7cbb416c6b618afb
image,#i_c_t7_battery_body1_webgear_s
image,#i_c_t7_battery_body1_webgear_o
image,#i_c_t7_battery_body1_webgear_n
image,#i_c_t7_battery_body1_webgear_c
image,#i_c_t7_battery_body1_webgear_g
image,d#i_mtl_p7_zm_isl_bucket_115_liquid_backscatter_c
image,#i_mtl_p7_bottle_plastic_2litre_n
image,#i_mtl_p7_zm_moo_ship_container_door_02_n
image,#i_mtl_p7_debris_trash_bottle_water_02_n
image,#i_mtl_p7_debris_trash_bottle_water_02_c
image,#hash_7cdda71389eff60b
image,#hash_7cddb31389f00a6f
image,#i_mtl_p7_church_pew_01_barewood_c
image,#i_mtl_p7_church_pew_01_barewood_n
image,#i_mtl_p7_rus_rack_coat_n
image,#i_mtl_p7_rus_rack_coat_m
image,d#fxt_gel_drops
image,#i_t7_plastic_camo_netting_green_n
image,#i_t7_plastic_camo_netting_green_c
image,#i_mtl_p7_kfu_foliage_weeds_c
image,#hash_7d05cbc9f00732ce
image,d#i_t7_plastic_base_clean_c
image,#i_t7_metal_patched_corrugated_metal_n
image,#i_t7_metal_patched_corrugated_metal_c
image,#i_t7_metal_patched_corrugated_metal_g
image,#hash_7d28acdefa7af56b
image,#i_mtl_p7_fir_foliage_grass_decal_01_c
image,#i_mtl_p7_fir_foliage_grass_decal_01_n
image,#hash_7d32c773d153cbdb
image,#hash_7d32c873d153cd8e
image,d#i_t7_micro_concrete_bare_weathered_01_c
image,d#i_t7_micro_concrete_bare_weathered_01_n
image,#i_mtl_p7_zm_isl_foliage_grass_large_c
image,#i_mtl_t7_wood_planks_weathered_teak_c
image,#i_t7_ral_concrete_floor_coated_c
image,#hash_7d42ee5d5fa57d26
image,#i_t7_brick_worn_dirty_red_r_invert
image,d#fxt8_liquid_impact_mask
image,d#i_t8_micro_wood_cork_01_n
image,#i_t8_micro_wood_cork_01_c
image,#hash_7d6c27c6b395a758
image,#hash_7d6c28c6b395a90b
image,#hash_7d6c29c6b395aabe
image,#i_mtl_p7_jun_corrugated_metal_8x8_proxy_depth
image,#i_p7_fir_bathroom_mirror_frame_n
image,d#i_t7_glass_snow_buildup_02_backlit_g
image,d#i_wpn_t7_zmb_dlc2_shield_glass_g
image,#i_t7_mud_ground_dirt_wet_01_c
image,#i_mtl_p8_col_vista_foliage_jungle_leaf_05_c
image,#i_mtl_p8_col_vista_foliage_jungle_leaf_05_n
image,#hash_7da8aeb45ea1d499
image,#hash_7da8b9b45ea1e74a
image,d#i_mtl_veh_t8_decal_panel_54_r
image,d#i_mtl_veh_t8_decal_panel_54_o
image,d#i_mtl_veh_t8_decal_panel_54_n
image,#hash_7dc86f046b48b279
image,#i_t7_dirt_tire_tracks_01_r
image,#i_t7_dirt_tire_tracks_01_n
image,d#i_mtl_p7_chair_folding_n
image,d#i_mtl_p7_chair_folding_c
image,#hash_7de086317443631d
image,#i_p8_nt4_old_wall_caged_light_metal_n
image,#i_p8_nt4_old_wall_caged_light_metal_r
image,#i_mtl_p7_cai_rock_plateau_large_n
image,#i_mtl_p7_cai_rock_plateau_large_o
image,#i_mtl_p7_cai_rock_plateau_large_m
image,#i_c_t7_battery_straps2_c
image,#i_mtl_p7_kfu_zen_pillars_m
image,#i_mtl_p7_kfu_zen_pillars_n
image,#i_mtl_veh_mphd_uaz_body_04_dead_m
image,#i_glo_dirt_cracked_mud_blend_c
image,#hash_7e62d2f72401938f
image,#hash_7e62d5f7240198a8
image,d#hash_7e6972cc9b86e889
image,#i_t7_metal_aluminum_siding_vertical_c
image,#i_t7_metal_aluminum_siding_vertical_n
image,d#i_veh_t8_decal_notice_01_c
image,#i_veh_mphd_chinook_under_05_n
image,#i_veh_mphd_chinook_under_05_o
image,d#i_t7_decal_damage_wood_edge_01_n
image,d#i_t7_decal_damage_wood_edge_01_c
image,#i_t7_shr_wood_rough_02_c
image,#i_t7_shr_wood_rough_02_n
image,#i_c_t7_battery_body1_thrusters_n
image,#i_c_t7_battery_body1_thrusters_g
image,#i_c_t7_battery_body1_thrusters_c
image,#i_c_t7_warrior_body1_arm_lt_a1_c
image,#i_c_t7_warrior_body1_arm_lt_a1_n
image,#i_mtl_p7_fir_air_conditioner_metal_02_m
image,#i_mtl_p7_fir_air_conditioner_metal_02_n
image,#i_mtl_p7_jun_rock_med_sml_a_m
image,#i_mtl_p7_jun_rock_med_sml_a_n
image,#i_t7_glass_cracked_tempered_c
image,d#i_t7_glass_cracked_tempered_n
image,#hash_7eb0337af1d10172
image,#hash_7eb0357af1d104d8
image,#hash_7eb0377af1d1083e
image,#hash_7eb0387af1d109f1
image,#i_veh_mphd_chinook_rotors_g
image,#i_veh_mphd_chinook_rotors_c
image,#i_veh_mphd_chinook_rotors_n
image,#i_mtl_veh_mphd_tiara_but_02_c
image,d#i_mtl_p8_zm_esc_security_console_decal_button_number_c
image,d#fxt8_exp_billow_anim
image,#fxt8_water_fall_crumble_anim
image,#i_p7_ris_bucket_plastic_5_gal_paint_m
image,d#i_veh_t8_mil_heli_light_skids_ir
image,#i_c_t7_battery_left_arm_wrap_viewarm_c
image,#i_c_t7_battery_left_arm_wrap_viewarm_g
image,#i_c_t7_battery_left_arm_wrap_viewarm_n
image,#i_mtl_p7_slu_panel_electrical_metal_02_n
image,#i_mtl_p7_slu_panel_electrical_metal_02_m
image,d#hash_7f11a61d583da908
image,d#hash_7f11a71d583daabb
image,#hash_7f2b19f5c6e10093
image,#i_mtl_p7_debris_cardboard_flat_05_n
image,#i_mtl_p7_debris_cardboard_flat_05_c
image,d#hash_7f47896af55bc3d4
image,d#hash_7f478a6af55bc587
image,d#i_mtl_veh_t8_decal_text_3_c
image,#i_mtl_p7_zm_ori_wood_bridge_set_m
image,#hash_7f67b0a14ef4b39f
image,#hash_7f67b1a14ef4b552
image,#hash_7f67b2a14ef4b705
image,d#i_t7_decal_damage_glass_bullet_hit_01_n
image,d#i_t7_decal_damage_glass_bullet_hit_01_c
image,#i_mtl_p7_debris_trash_paper_02_n
image,#i_mtl_p7_debris_trash_paper_02_c
image,d#i_veh_t8_decal_gunner_c
image,#i_fir_bathroom_sink_porcelain_dirt_decal_r
image,d#i_t8_decal_tech_detail_high_tech_66_c
image,d#i_t8_decal_tech_detail_high_tech_66_n
image,#i_mtl_p7_zm_moo_ship_container_panel_01_rust_m
image,#core_metal_light_g
image,#hash_7fc504ba29b6b24f
image,d#i_t7_micro_metal_grunge_scratch_02_g
image,#i_t7_damage_decal_cracks_01_n
image,#i_t7_metal_wall_panel_old_n
image,#i_t7_metal_wall_panel_old_c
image,#i_t7_metal_wall_panel_old_g
image,#i_mtl_p7_fir_crate_wood_set_decal04_n
image,#i_mtl_p7_foliage_plant_aloe_leaves_dry_c
image,#i_mtl_p7_signage_warning_c
image,#i_mtl_p7_signage_warning_n
image,#i_c_t7_outrider_body3_pouch1_n
image,#i_mtl_p7_fir_ammo_box_wood_decal_n
image,#i_mtl_p7_fir_ammo_box_wood_decal_a
image,d#i_wpn_t8_eqp_briefcase_bomb_glass_n
image,d#i_wpn_t8_eqp_briefcase_bomb_glass_o
image,d#i_wpn_t8_eqp_briefcase_bomb_glass_g
image,d#i_wpn_t8_eqp_briefcase_bomb_glass_c
image,d#i_wpn_t8_eqp_briefcase_bomb_glass_s
image,#hash_7fe3cdeb106e3416
image,#i_t7_metal_rust_ceiling_01_n
image,#hash_7ff383f2c3687b12
image,#hash_7ff384f2c3687cc5
streamkey,#mp_firingrange2_alt_all_stream
streamkey,#hash_70f7f6192fff1b85
streamkey,#hash_be9752f2f525b32
streamkey,#hash_1276ff525a4de4d3
sound,#mp_firingrange2_alt.all
com_map,#maps/mp/mp_firingrange2_alt.d3dbsp
game_map,#maps/mp/mp_firingrange2_alt.d3dbsp
klf,#hash_73fbca9ec7eb3af8
fx,#hash_546a5c6daf7d0404
klf,#hash_1366fb8b568f3432
fx,#hash_568f74c8ff3ff0ed
klf,#hash_55a65101603718f1
fx,#hash_70e94b7abe0e9f36
klf,d#hash_17851669aaf7b331
klf,#hash_1fc39441cd55b3ac
klf,#hash_232e7f899dc39f01
klf,#hash_4b75ca5823194609
klf,d#hash_4fc31bd20528a937
klf,#hash_56c38862d747f055
klf,#hash_5711c9338859b051
klf,d#hash_5ceece933632c8d0
klf,#hash_65dd59f727c645e6
klf,d#hash_6fa77179ac54a023
klf,#hash_76d76293689fd958
rawfile,#gamedata/constbaselines/mp_firingrange2/control.baseline
rawfile,#gamedata/constbaselines/mp_firingrange2/dm.baseline
rawfile,#gamedata/constbaselines/mp_firingrange2/sd.baseline
rawfile,#gamedata/constbaselines/mp_firingrange2/sd_hc.baseline
rawfile,#gamedata/constbaselines/mp_firingrange2/dom.baseline
rawfile,#gamedata/constbaselines/mp_firingrange2/koth.baseline
rawfile,#gamedata/constbaselines/mp_firingrange2/control_hc.baseline
rawfile,#gamedata/constbaselines/mp_firingrange2/dom_hc.baseline
rawfile,#gamedata/constbaselines/mp_firingrange2/bounty.baseline
rawfile,#gamedata/constbaselines/mp_firingrange2/tdm_hc.baseline
rawfile,#hash_72b0bf3d05a26c41
rawfile,#gamedata/constbaselines/mp_firingrange2/conf.baseline
rawfile,#gamedata/constbaselines/mp_firingrange2/tdm.baseline
rawfile,#gamedata/constbaselines/mp_firingrange2/conf_hc.baseline
stringtable,#hash_8222353c0ac4a99
stringtable,#hash_e10bbda708a4831
stringtable,#hash_1000b79441fd736b
stringtable,#hash_20d89bd2e5bb547a
stringtable,#hash_2ddfdf13a621bf38
stringtable,#hash_317a79cde1a1e925
stringtable,#hash_427fdd45413b2301
stringtable,#hash_4bfd95d68ba15a74
stringtable,#hash_53704fd869fe1f03
stringtable,#hash_5b962552e69d594d
stringtable,#hash_603c6083bfac2b80
stringtable,#hash_623bc1b89ff4fc2e
stringtable,#hash_6fb5b99724461d75
stringtable,#hash_7c84dc85ba16d209
glasses,#maps/mp/mp_firingrange2_alt.d3dbsp
scriptparsetree,#scripts/mp/mp_firingrange2_alt_sound.csc
scriptparsetree,#scripts/mp/mp_firingrange2_alt.gsc
scriptparsetree,#scripts/mp/mp_firingrange2_alt_sound.gsc
scriptparsetree,#scripts/mp/mp_firingrange2_alt_fx.gsc
scriptparsetree,#scripts/mp/mp_firingrange2_alt.csc
scriptparsetree,#scripts/mp/mp_firingrange2_alt_scripted.gsc
scriptparsetree,#scripts/mp/mp_firingrange2_alt_fx.csc
scriptparsetree,#scripts/mp/mp_firingrange2_alt_scripted.csc
keyvaluepairs,#mp_firingrange2_alt
surfacesounddef,d#hash_2c191e6284ce597
surfacesounddef,#surface_heli_impact
surfacesounddef,d#hash_3d9213dabaf08c81
surfacesounddef,d#hash_5d772ccdaa011a7f
surfacesounddef,#hash_6a9264c7627e1b73
surfacesounddef,#hash_77789965ad08507e
entitysoundimpacts,d#victim_raps_impact
entitysoundimpacts,d#entity_bounce
sanim,#p8_fxanim_suspended_light_lbuilding_sanim
sanim,#p8_fxanim_gp_hanging_work_light_long_sanim
sanim,#p8_fxanim_gp_hanging_work_light_medium_sanim
sanim,#p7_fxanim_gp_trash_newspaper_08_s3_sanim
sanim,#p7_fxanim_gp_flag_usa_angled_01_s3_sanim
sanim,#p8_fxanim_fir_banner_quarantine_sanim
sanim,#p8_fxanim_fir_wire_warehouse_sanim
sanim,#p8_fxanim_gp_chain_hang_no_hook_01_64_s2_sanim
sanim,#p8_fxanim_gp_wire_l_hanging_s1_sanim
sanim,#p8_fxanim_gp_hanging_work_light_short_sanim
lightdescription,#hash_31d5d4cb91ea00d
lightdescription,d#hash_4c799ba07e28030
lightdescription,d#hash_cdfd7862b3134bd
lightdescription,d#hash_116e1f8211f703e1
lightdescription,d#hash_1e62bacd52465cc2
lightdescription,#hash_1f569ac57446bc41
lightdescription,#hash_1f8721995b0b86d9
lightdescription,#hash_22e9076c0468e0ad
lightdescription,#hash_27409f1c940b973f
lightdescription,#hash_293ea1c396cf7549
lightdescription,#hash_3dc51935852e4183
lightdescription,#hash_44fd8f3af06034bb
lightdescription,d#hash_48d3a69dbd29e056
lightdescription,#hash_4d8b9b3a28b549c6
lightdescription,#hash_4dfc2498960a8a59
lightdescription,d#hash_51b9e9afbdbbc7e0
lightdescription,#hash_57e68095c370c2d0
lightdescription,d#hash_5a07fe3eb6bb9c50
lightdescription,#hash_609ecca7b13b98b4
lightdescription,#hash_65c7700b6f27facd
lightdescription,d#hash_73172f4cde1db385
lightdescription,#hash_764090f0b51d60f8
xcam,#ui_cam_draft_common
xcam,#ui_cam_draft_common_zoom
xcam,#ui_cam_endgame_mp_sector
xcam,#ui_cam_endgame_mp_apartments
bgcache,#mp_firingrange2_alt
texturecombo,#mp_firingrange2_alt
navmesh,#mp_firingrange2_alt
navvolume,#mp_firingrange2_alt
triggerlist,#maps/mp/mp_firingrange2_alt.d3dbsp
cpu_occlusion_data,#maps/mp/mp_firingrange2_alt.d3dbsp
image,#hash_53fdb8b27b0a5f79
terraingfx,#maps/mp/mp_firingrange2_alt.d3dbsp
streamkey,#hash_125a84f5db212dad
streamkey,#hash_131de281d862348d
streamkey,#hash_2949fe04f77afab2
material,d#hash_c5a1ca8319cf
material,d#hash_c7a1ca831d35
material,d#hash_3c3a1ca854c40
material,#wc/t7_decal_damage_concrete_cracks_01_dark
material,#mc/mtl_p7_sin_market_stand_tarp_white
material,d#hash_747a1ca886263
material,d#hash_e5ba1ca8ea30d
material,d#hash_11c3a1ca91899c
material,d#hash_11c4a1ca918b4f
material,d#hash_11c9a1ca9193ce
material,d#hash_11caa1ca919581
material,d#ei/gfx_smk_puff_thin_varied_high_dark_lit
material,d#hash_14c7a1ca93c63f
material,d#hash_14cfa1ca93d3d7
material,#mc/mtl_veh_mphd_chinook_under_03_chrome
material,#mc/mtl_veh_mphd_chinook_front_nose
material,#hash_4d557c8aea2ecc
material,d#mc/mtl_p7_fir_tank_propane_metal_02
material,#hash_53df4d2d08e179
material,#mc/mtl_p7_kfu_zen_pillars_brown
material,#hash_648e8df6994ad1
material,#mc/mtl_p7_rus_tank_pressure_set_logo
material,#mc/mtl_veh_mphd_uaz_body_02_metal_dead
material,#mc/mtl_mphd_forklift_mirror
material,#mc/mtl_p7_fir_outpost_lookout_decal_08
material,#mc/mtl_p7_fir_outpost_lookout_decal_04
material,#mc/mtl_p7_fir_outpost_lookout_decal_02
material,#hash_a9777a7a29a714
material,d#hash_af86e189172ef8
material,#mc/mtl_veh_mphd_tiara_int_02_plastic1_dead
material,#mc/mtl_p7_barbed_wire
material,#mc/mtl_p7_mou_door_white_window_plain_glass
material,#hash_eefb66c1cad586
material,#hash_f6bb073f5b5d28
material,#hash_100fe7a9495f0d0
material,#hash_100ff7a9495f283
material,#hash_101017a9495f5e9
material,#hash_101027a9495f79c
material,#hash_101037a9495f94f
material,#hash_101047a9495fb02
material,#hash_101057a9495fcb5
material,#hash_101067a9495fe68
material,#hash_101077a9496001b
material,#hash_101087a949601ce
material,#hash_101097a94960381
material,d#hash_10580a2154c973c
material,d#ei/gfx_distort_ring_hvy
material,#hash_113025f23a55def
material,#mc/mtl_p7_mou_coiled_wire
material,#mc/mtl_p7_fir_foliage_tree_vista_03_proxy_tiled
material,#mc/t7_cobweb_corner_01
material,#hash_13cd0e4ae9a0da7
material,d#hash_15b855aa4058f2b
material,d#mc/mtl_wpn_t8_eqp_briefcase_bomb_bottom
material,d#hash_16c59dd2dcc56bd
material,#mc/mtl_p7_sin_ship_container_grunge_tiled_01_6
material,#hash_1804bf6ce9acb20
material,d#hash_180d8dd2dddd794
material,#vd/t7_dirt_tire_tracks_muddy_01_blend
material,d#hash_18457dd2de0e538
material,#hash_190a13b064caefb
material,d#hash_191cedd2dec39c9
material,d#hash_1955add2def5d84
material,#hash_198aa89d9ffc8b4
material,#hash_1a5b41da56af35a
material,#mc/mtl_p7_fir_foliage_tree_vista_07_proxy_tiled
material,#hash_1bedc9d7712c1de
material,d#hash_1c22bb6a3ba2ee1
material,#mc/mtl_p7_fir_tire_rack_metal_line
material,#mc/mtl_p7_slu_plank_wood_set
material,d#hash_203a43fa2521151
material,#mc/mtl_p7_slu_meter_electric_01_base_02
material,#mc/mtl_p7_slu_meter_electric_01_base_01
material,d#ei/gfx_fog_slow_lg_anim_lit
material,#hash_21c87bcd57d3d33
material,#hash_21efefbe818e1fd
material,d#mc/t8_metal_bare_steel_worn_01
material,#mc/mtl_veh_t7_mphd_forklift_rearlight_lens
material,#mc/mtl_p7_crate_plastic_tech_01_detail
material,#hash_26ae60616b01c3d
material,#ei/gfx_water_splash_radial_anim
material,#hash_27b83e9e610ade0
material,d#ei/gfx_water_splash_cone_anim_lit
material,d#hash_287355fdceee059
material,d#hash_289486d1094bb22
material,#wc/t7_con_metal_painted_white
material,#wc/t7_ban_metal_heavy_rust_blend
material,#mc/mtl_p7_slu_rollup_door_metal
material,#hash_291cb82dbe97c62
material,#mc/mtl_veh_mphd_uaz_bumper_01
material,#mc/mtl_veh_mphd_uaz_bumper_02
material,#hash_2ab9035b7146ff8
material,d#mc/invisible
material,#mc/mtl_veh_mphd_chinook_frame_06_grip
material,#hash_2b4ece3584f00a1
material,#mc/mtl_p7_slu_panel_electrical_plastic_01
material,#hash_2d356011509b6e1
material,#mc/t7_ban_metal_painted_rusty_grey
material,#hash_2e4cfa08bcac067
material,#mc/mtl_p7_debris_concrete_rubble_bolt
material,#mc/mtl_veh_mphd_tiara_decal_03_dead
material,d#hash_2fcd75fcffb3f08
material,#mc/mtl_skybox_default_day
material,#wc/t7_metal_aluminum_siding_vertical_white
material,#mc/mtl_p8_wz_supply_stash_health_extras
material,#hash_32290b58c3ad23a
material,#hash_324c18d3829cca6
material,#mc/mtl_p7_fir_tower_radio_vista_metal_02
material,#mc/mtl_p7_fir_tower_radio_vista_metal_01
material,#wc/t7_zm_shi_panel_wall_wood
material,#hash_34d6f4e8faafc4b
material,#hash_34d77bf2fac83f9
material,#mc/mtl_p7_fir_tire_stack_single_stripe
material,#hash_36e5d044d33f3d9
material,#mc/mtl_p7_zm_kin_pipes_metal_set
material,#mc/mtl_p7_fir_pallete_ammo_wood_set_wood_decal03
material,#mc/mtl_p7_fir_pallete_ammo_wood_set_wood_decal02
material,#mc/mtl_p7_fir_pallete_ammo_wood_set_wood_decal01
material,#mc/mtl_veh_mphd_uaz_bumper_01_metal_dead
material,#mc/mtl_p7_fir_hose_rolled_pipe_01
material,#wc/t7_asphalt_old_dark_blend
material,#hash_39bad071a9665f9
material,#hash_39d322a414a8954
material,#hash_39d352a414a8e6d
material,#mc/mtl_p7_fir_signage_metal_exit
material,#mc/mtl_veh_mphd_uaz_glass_02_dead
material,#mc/mtl_p7_fir_training_course_decal_dirty_02
material,#mc/mtl_p7_fir_training_course_decal_dirty_01
material,d#hash_3be11acc24d1a95
material,d#mc/mtl_veh_t8_mil_heli_light_bench_griptape
material,#mc/t7_wood_plywood_dirty_wet
material,#mc/mtl_veh_mphd_uaz_int_02_dead
material,#wc/t7_wood_planks_rustic_drk
material,#hash_3feb9e34190c6f8
material,#mc/mtl_p7_fir_plywood_wall_wood_board_02
material,#mc/mtl_p7_fir_plywood_wall_wood_board_01
material,#mc/mtl_p7_medical_dispenser_soap_metal
material,d#hash_416b01e4cc02a8a
material,#hash_417148d50b63a65
material,#hash_41ed2e35b750f45
material,#hash_42919f9dff253b7
material,#mc/mtl_p7_box_cardboard_tape_open01
material,#hash_4508b2bfda0a0c7
material,#mc/mtl_c_t7_warrior_body1_hand_b1_skin1
material,#hash_457ed284e2ac89b
material,#mc/mtl_p7_fir_tire_stack_set_metal_decal
material,#hash_463621f35650679
material,#hash_47021dcda7bb77a
material,#hash_48e05b45f5f4da7
material,#mc/mtl_p7_mou_cable_protector_dirt_01
material,#hash_4a8308af3fbe79a
material,#mc/t7_decal_damage_plywood_edge_dirty_wet
material,#hash_4ac56e8b8f0b263
material,#mc/mtl_p7_zm_asc_switch_electric_02_glass
material,#mc/mtl_c_t7_warrior_body1_arm_rt_a1_skin1
material,#mc/mtl_veh_mphd_m35_base_wheel02_paint
material,#hash_4cfb459cabf25bd
material,#wc/t7_decal_grunge_wood_scratches
material,#mc/t7_decal_grunge_rust_09_red
material,#wc/t7_metal_bare_iron_matte
material,#mc/mtl_p7_zur_nw_wall_set_02
material,#mc/mtl_veh_mphd_tiara_int_engine_white
material,#mc/mtl_p8_mp_bomb_crate_whole_destroyed_floor
material,#mc/mtl_p7_zm_shi_foliage_grass_02_sway_yellow_01
material,#hash_4ee244297409d3c
material,#mc/mtl_p7_fir_sign_matcu_airfield_hole
material,#mc/mtl_veh_mphd_tiara_int_engine_black
material,#hash_50fbffa0c368a9e
material,#mc/mtl_p7_rus_tank_pressure_set_metal_red
material,#mc/mtl_p7_cai_door_wood_rustic_01_02_bare
material,#hash_539eb2eabb1fba4
material,d#mc/mtl_p8_mp_bomb_crate_gray
material,#hash_55199693e0f9d25
material,#mc/mtl_c_t7_battery_body1_uppergear_skin1
material,#mc/mtl_p7_fir_foliage_tree_vista_06_proxy_tiled
material,#mc/mtl_veh_mphd_uaz_body_und
material,#mc/mtl_veh_mphd_tiara_body_02_int
material,#hash_576e1b44c03aebc
material,#hash_576e4b44c03b3d5
material,#mc/mtl_c_warrior_smallpouch_skin1
material,#wc/t7_dlc1_decal_painted_blue
material,#mc/mtl_c_t7_techno_body1_knife
material,#mc/mtl_p7_fir_plank_wood_dmg_decal
material,#mc/mtl_p7_fir_foliage_grass_04_fxanim
material,#hash_5a122cb01a7a224
material,#hash_5a123cb01a7a3d7
material,#mc/mtl_p7_drain_metal_shower
material,#hash_5ab5e30ecfc35a9
material,#mc/t7_metal_rust_03_blend
material,#mc/mtl_c_t7_warrior_body1_armor_2_skin1
material,#mc/t7_metal_worn_iron_dark
material,d#hash_5e1e7f9849c3a3a
material,d#mc/mtl_p7_fir_tool_chest_rolling_set_black
material,#mc/mtl_p7_fir_targetdummy_rail_net
material,#mc/mtl_p7_zm_moo_ship_container_panel_06_rust
material,#hash_5fb9356a344b5bd
material,#hash_60fe09cf61aac36
material,#hash_6209e4d3c9dbacc
material,#hash_620a04d3c9dbe32
material,#hash_620a14d3c9dbfe5
material,d#hash_623cef22c6ca206
material,#hash_62f4daac658b8bf
material,#mc/mtl_p8_col_vista_foliage_jungle_stem_02
material,#mc/mtl_p8_col_vista_foliage_jungle_stem_03
material,#mc/mtl_p8_col_vista_foliage_jungle_stem_01
material,#hash_64b9b13dd18ba1c
material,#hash_65bd2311f55cca4
material,d#hash_660457c4f3531b7
material,#mc/t7_wes_metal_old_rusty_iron
material,d#hash_6706e3b27992ed8
material,d#hash_6706f3b2799308b
material,d#hash_670713b279933f1
material,d#hash_67bccce844b62ac
material,#mc/mtl_p7_window_glass_shard
material,#wc/t7_metal_corrugated_rust
material,#mc/mtl_p7_fir_foliage_grass_tall_proxy_tiled
material,#hash_699d44498f6165a
material,#hash_6a32c74e58040fb
material,#mc/mtl_mphd_forklift_cockpit_black
material,#mc/mtl_veh_mphd_m35_bed_old
material,#mc/mtl_p7_fir_monitor_security_tv_part
material,#wc/mtl_p7_con_cargo_trains_caution_stripes_yellow
material,#mc/t7_wood_plywood_painted_blue_wet
material,#hash_6e6e2d931b297ae
material,#mc/mtl_p7_zm_shi_lamp_post_wood_insulator_silver
material,#wc/t7_concrete_poured_bunker_dirty_01
material,d#hash_719113c8919a9a8
material,#hash_71e130fdc8ec801
material,#wc/t7_decal_grunge_calcium_drip_02_blend
material,#mc/t7_con_metal_chainlink_worn
material,#wc/t7_zm_ori_wood_planks_wet
material,#hash_72cbe567d5278b0
material,#hash_72cc1567d527dc9
material,#hash_751cbb52cb49d8d
material,#mc/t7_zm_ori_decal_concrete_edge_seam_01
material,#hash_766bfd5023734eb
material,#mc/mtl_p7_eth_rock_rubble_pile_01
material,#hash_785372fed6161fc
material,#mc/mtl_c_t7_battery_body1_armor
material,#hash_7a97d58a5795a68
material,#mc/mtl_p7_fir_foliage_grass_decal_01_fxanim
material,#hash_7b40fa9fd0f0eef
material,#mc/mtl_p7_doorframe_metal_shop_01_bare
material,d#mc/mtl_veh_t7_mphd_forklift_decal_leak_03
material,#mc/mtl_veh_mphd_uaz_body_02_black
material,#mc/mtl_c_t7_battery_body1_collar1
material,#mc/mtl_p8_mp_bomb_crate_whole_destroyed_palette
material,#mc/mtl_p7_zm_teddybear
material,#mc/mtl_p7_fir_sign_matcu_airfield_chain_seam
material,d#hash_81a9f6165775523
material,d#hash_81aa26165775a3c
material,d#hash_81aa36165775bef
material,d#hash_81aad6165776ced
material,d#hash_81e2261657a6993
material,d#hash_820ad236a424af1
material,#mc/mtl_veh_mphd_tiara_int_engine_white_dead
material,d#mc/mtl_veh_t7_mphd_forklift_decal_bolt_17
material,#mc/mtl_p7_zm_ori_wood_planks_dmg_set_decal_03
material,#mc/mtl_veh_mphd_tiara_int_engine_blue
material,d#hash_8375d5c7b78a4d6
material,#mc/mtl_veh_mphd_tiara_int_01_yellow_dead
material,d#hash_8411434acf4e931
material,#mc/mtl_p7_roof_vents_02_metal_bare
material,#mc/mtl_veh_mphd_uaz_int_engine_metal_dead
material,#mc/mtl_p7_zm_moo_ship_container_panel_05_rust
material,#mc/mtl_p8_mphd_cardboard_bundle_set01
material,d#hash_857a20cc8641e92
material,#mc/mtl_p7_fir_floodlight_speaker_tall_bolt
material,d#hash_86e8cbbf434e888
material,#hash_87b2ca4f93fc987
material,#mc/mtl_p7_zm_asc_pipes_electrical_set_metal_01
material,#mc/mtl_p7_zm_asc_pipes_electrical_set_metal_02
material,#mc/mtl_p7_zm_asc_pipes_electrical_set_metal_03
material,#mc/mtl_p7_jun_sheet_metal_2x8_blue
material,#mc/t7_wood_beam_worn_oak_bleached_dark
material,#mc/mtl_p7_slu_meter_electric_03_base_01
material,#mc/mtl_p7_slu_meter_electric_03_base_03
material,#hash_89aa6ae88256fe4
material,#hash_8adabfb03edbfe8
material,#mc/mtl_c_t7_warrior_body1_armor_dark_skin1
material,#mc/mtl_mphd_forklift_main_frame_grey
material,#mc/mtl_p7_curtain_hanging_72x122_worn_bld
material,d#mc/mtl_veh_t8_mil_heli_attack_rotor_blade_pnt_blk
material,d#hash_8e16500d89e19b6
material,#mc/mtl_p7_fir_targetdummy_rail_wood_01
material,#mc/mtl_p7_fir_targetdummy_rail_wood_02
material,#wc/t7_rock_gravel_varied_blend
material,#mc/mtl_p_glo_industrial_lamp_white
material,d#hash_9059d034ad4dcbf
material,#hash_90ede15ce17fff3
material,#mc/mtl_p7_boat_rusted_fishing_hull
material,#mc/t7_metal_corrugated_rust
material,#mc/mtl_p7_zm_asc_lightbox_black
material,#mc/mtl_p7_fir_outpost_storage_wire
material,d#mc/mtl_veh_t8_mil_heli_attack_tailfin_pnt_blk
material,#mc/mtl_veh_mphd_m35_base_interior_metal
material,#mc/mtl_p8_mp_bomb_crate_whole_destroyed_tech
material,#mc/mtl_p7_fir_ammo_crate_wood_01_01
material,#wc/t7_zm_moo_tape_safety_caution
material,#mc/mtl_veh_mphd_uaz_int_03_dead
material,#mc/mtl_p8_col_metal_corrugated_roof
material,#wc/t7_wood_particle_trim_worn
material,#hash_964cda95fa82960
material,#hash_964cea95fa82b13
material,#hash_964cfa95fa82cc6
material,#hash_964d2a95fa831df
material,#hash_964d3a95fa83392
material,#hash_964d4a95fa83545
material,#wc/t7_zm_shi_wire_barbed
material,#mc/mtl_c_t7_techno_body1_leg_armor_skin1
material,#mc/mtl_p7_fir_barrier_concrete_rusty
material,#mc/mtl_p7_farm_tools
material,#hash_9a23019c9f4150e
material,#mc/mtl_c_t7_warrior_body1_hand_a1_skin1
material,#mc/mtl_p7_trashcan_street_metal_decal_03
material,#mc/mtl_p7_trashcan_street_metal_decal_02
material,#mc/mtl_p7_trashcan_street_metal_decal_05
material,#mc/mtl_p7_trashcan_street_metal_decal_04
material,#mc/clip_missile
material,#mc/t7_veh_decal_grunge_rust_09_red
material,d#hash_9d93036b0611f4c
material,d#hash_9d93336b0612465
material,#mc/mtl_veh_mphd_tiara_int_02_leather_dead
material,d#mc/mtl_p7_chair_folding
material,#mc/mtl_p7_bucket_shrapnel_bucket
material,#mc/mtl_p7_jun_sheet_metal_4x4_blue_2
material,#hash_a12369a7c8307e5
material,#hash_a2d0ef7294f1f29
material,d#hash_a38e100caaf810d
material,#mc/mtl_p7_debris_newspaper_01_wet
material,#hash_a4f56f31ad5cc8d
material,#mc/mtl_p_glo_industrial_lamp_rubber
material,d#hash_a68c4adb4a8ba62
material,d#mc/mtl_p7_tank_welding_set_metal_golden
material,#hash_a6bd919b6d3b066
material,d#hash_a7a7b3e3930673e
material,#mc/mtl_p7_fir_light_industrial_decal
material,#mc/t7_concrete_wall_poured_thick_01
material,#hash_a967aedfbb88098
material,#mc/mtl_p7_fir_plywood_wall_wood_frame_red
material,#hash_a9bc5007cbb58cf
material,#mc/mtl_p7_mou_tank_propane_bottle_long_rust
material,#mc/mtl_p7_mou_barrel_metal_02_metal
material,#wc/t7_zm_shi_wood_planks_worn_wide_01
material,#mc/mtl_veh_mphd_uaz_wheel_metal_dead
material,#hash_addc64444c831ab
material,#hash_adfc70712e238c4
material,#mc/mtl_p7_fir_targetdummy_rail_base
material,d#mc/bullet_collision_metalhollow
material,#hash_b09c474ab12a4f2
material,#mc/mtl_p7_fir_monitor_security_tv_button_02
material,d#hash_b09deac92980750
material,d#hash_b1259fe5090ffd8
material,#hash_b234949e93abe0e
material,#mc/mtl_p7_zm_tra_fence_quarantine_metal_01
material,#mc/mtl_p7_zm_tra_fence_quarantine_metal_02
material,#hash_b2e3821dce8572a
material,#hash_b432308b0d75034
material,#hash_b432608b0d7554d
material,#hash_b47f329b1ad41c1
material,#mc/mtl_veh_mphd_uaz_bumper_01_dead
material,#mc/mtl_veh_mphd_chinook_frame_03_grip
material,#hash_b52ec0d92e62efc
material,#hash_b70abc88a69ca50
material,d#hash_b8605eb62ed0512
material,#mc/mtl_p7_rus_box_electric_set_03
material,#mc/mtl_p7_foliage_grass_tall_dry_02
material,#mc/mtl_p7_mou_barrel_metal_02_metal_painted_01_blue
material,d#vdd/gfx_decal_blood_nonfatal_01
material,d#vdd/gfx_decal_blood_nonfatal_02
material,#hash_bb64412e652cb0f
material,#hash_bb84e9db199089f
material,d#hash_bba3069c17874e7
material,d#hash_bba3169c178769a
material,#mc/mtl_veh_mphd_tiara_front_light_glass_dead
material,#hash_bbf31cbfd310952
material,#hash_bf7cdbef5bf1c03
material,#mc/mtl_p7_fir_monitor_security_tv_screen_dmg
material,#mc/mtl_veh_mphd_uaz_bumper_02_dead
material,#wc/mtl_p7_construction_droid_decals
material,#mc/mtl_p7_fir_targetdummy_rail_leaks
material,#hash_c01d6e924835efa
material,#hash_c23f74a61b227a1
material,#mc/mtl_p7_cai_door_wood_rustic_01_stains
material,d#hash_c33f4399bc99653
material,d#hash_c62e0e37fb880cb
material,#vd/t7_decal_grunge_dirt_wall_01_blend
material,#mc/mtl_p7_bottle_plastic_16oz_water_backlit
material,d#hash_c7d1080ae1269bf
material,#mc/mtl_p7_mou_locker_metal_set_decal_02
material,#mc/mtl_p7_mou_locker_metal_set_decal_03
material,#hash_c9155852da2a628
material,#hash_c9799477bb3563a
material,#mc/mtl_p7_slu_fuse_box_electric_set_decal_03
material,#mc/t7_wood_planks_splintered_rvl
material,#hash_ca6b254a6ec5a93
material,#hash_ca6b354a6ec5c46
material,#hash_ca6b454a6ec5df9
material,#hash_ca6b554a6ec5fac
material,#hash_ca6b654a6ec615f
material,#hash_ca6b754a6ec6312
material,#hash_ca6b854a6ec64c5
material,d#hash_cb1a992228d7f46
material,#wc/t7_dlc1_plastic_hose_small_black
material,#mc/mtl_p8_mphd_cardboard_bundle_set02_decal_d
material,#mc/p7_zm_shi_zipline_cage_power_box
material,#wc/t7_decal_signage_numbers_stencil_grungy_black
material,#mc/mtl_veh_mphd_uaz_int_engine_rubber
material,d#hash_cda732c6ae67d4e
material,#hash_cde41bcef2d2d44
material,#hash_ce621f30bc2f927
material,#mc/mtl_c_t7_battery_head1_head
material,#mc/mtl_p7_fir_crate_wood_set_nail01
material,d#mc/mtl_p7_fir_bench_wood
material,#mc/mtl_p7_cai_apt_door_large_hinges
material,#hash_d09696ebee4cbbf
material,d#mc/mtl_veh_t8_mil_heli_attack_body_rear_pnt_blk
material,#mc/mtl_p7_ban_south_tribe_decor_rim_a_parts
material,#hash_d4857af26b045ed
material,#hash_d4e263be079a414
material,#mc/mtl_p7_zm_der_chainlink_fence_kit_door_01
material,#hash_d582d97cf0e9dc5
material,#hash_d5ba7df61af6a4e
material,#hash_d5f21b37eae4b2c
material,#mc/mtl_c_t7_warrior_body1_boot_soles_skin1
material,d#mc/mtl_p7_fir_foliage_tree_palm_01_proxy_tiled
material,#hash_d8213bfb6f7ae72
material,#wc/t7_cru_decal_grunge_rust_01
material,#hash_d88f421091c8c04
material,#hash_d88f721091c911d
material,#mc/mtl_veh_mphd_m35_base_body02_light_orange
material,#mc/mtl_veh_t7_mphd_forklift_decal_bolt_17b
material,d#vdd/gfx_decal_blood_fatal_02
material,d#vdd/gfx_decal_blood_fatal_01
material,#hash_da7ed8a2a5a3b98
material,#hash_db01aa947ba8bda
material,#mc/mtl_p7_fxanim_gp_trash_paper_sheet_01_s3
material,#hash_dd1ea73902e605b
material,#mc/mtl_p7_zm_tra_water_tower_set_top
material,#hash_dd6eadebbec9897
material,#mc/mtl_veh_mphd_chinook_under_02_light
material,#mc/t8_rubber_coated_wire_worn
material,#mc/mtl_p7_fir_crate_wood_lrg_logo
material,#mc/mtl_p7_mp_flag_pole_light
material,#hash_df74886cc5c4fc6
material,#hash_e0193eb93e2541c
material,#hash_e0196eb93e25935
material,d#mc/mtl_p8_mp_bomb_crate_harness_black
material,#hash_e09c0892b8a298f
material,#hash_e09c1892b8a2b42
material,d#mc/mtl_p7_tank_welding_set_decal_01
material,#hash_e2a45054d4a19d1
material,#mc/mtl_c_t7_techno_body1_copper_skin1
material,#hash_e35ff543142e131
material,d#mc/t8_decal_graphics_caution_stripe_01
material,#hash_e3d746aadcc9fe7
material,#mc/t7_shr_wood_rough
material,#hash_e477aae5ea8af43
material,#hash_e477bae5ea8b0f6
material,#hash_e477cae5ea8b2a9
material,#hash_e477dae5ea8b45c
material,#hash_e477eae5ea8b60f
material,#mc/t7_zm_ctl_wood_plank_wide_01
material,d#mc/mtl_p_dest_water_fountain01_white
material,d#mc/mtl_p7_fir_foliage_tree_palm_leaves_01_wind
material,#mc/mtl_veh_mphd_tiara_wheel_rubber
material,#mc/mtl_p8_nt4_old_wall_caged_light_glass
material,#hash_e64f0a426924515
material,#mc/mtl_p7_cai_door_wood_rustic_01_metal
material,#mc/mtl_p7_light_emergency_a_light
material,d#hash_e7a023fd0df2285
material,#hash_e8206ecde906499
material,#mc/t7_decal_grunge_dirt_wall_01_blend
material,#hash_eace7391dd48fea
material,d#hash_ecf419c80dc24bd
material,#mc/mtl_p7_ram_castle_door_hinge
material,#hash_ee349f6f84d2ed7
material,#hash_ee9e564f69052fc
material,#hash_ef3d27a39637b98
material,#mc/mtl_p7_zm_asc_lightbox_decal_01
material,#mc/mtl_p7_zm_asc_pipes_electrical_set_decal_02
material,#mc/mtl_p7_zm_asc_pipes_electrical_set_decal_01
material,#hash_f1580fd17b7077f
material,#mc/mtl_mphd_forklift_main_body
material,#mc/mtl_p7_fir_air_conditioner_decal_net_01
material,#hash_f2eadb4e2d4a4e9
material,d#mc/mtl_p7_fir_tool_chest_rolling_set_metal_01
material,d#mc/mtl_p7_fir_tool_chest_rolling_set_metal_02
material,d#mc/mtl_p7_fir_tool_chest_rolling_set_metal_03
material,#wc/infinite_blackness_nogloss
material,d#hash_f4a98d73918b019
material,#mc/mtl_veh_mphd_tiara_front_light_glass_yellow_dead
material,#mc/mtl_p7_foliage_plant_aloe_leaves_dry
material,#mc/mtl_p7_fir_foliage_grass_03_fxanim
material,d#hash_f5cbc274d60a791
material,#hash_f61062da4f82300
material,#mc/mtl_p7_fir_targetdummy_rail_dirt
material,d#hash_f6684556e3e851b
material,#hash_f6c921caf7b0618
material,#hash_f6c951caf7b0b31
material,d#vd/gfx_decal_default_01
material,#hash_f730022f18a1ea9
material,#mc/mtl_p7_mou_ladder_metal_bracket
material,d#ei/gfx_gel_drops_spec
material,#wc/t7_rock_sand_crumbled_large_golden_blend
material,d#hash_fa87b787433ef51
material,#wc/t7_decal_signage_street_lines_white
material,#hash_fbacc7b163ba4aa
material,#hash_fce1a0db7fc5f37
material,d#hash_fdf39c8bfe16abf
material,#hash_fe016292b2bc4ce
material,#wc/t7_metal_wall_corrugated_hor_orange
material,#mc/mtl_p7_zm_moo_ship_container_panel_08_rust
material,d#hash_ff014bf4564f655
material,d#mc/mtl_p7_fir_tank_propane_guage_decal
material,#wc/shadowcaster
material,#mc/mtl_veh_mphd_chinook_motor_back_02
material,#mc/mtl_veh_mphd_chinook_motor_back_01
material,#mc/mtl_p7_debris_trash_bottle_water_02
material,#hash_100ecc8c233eb8e2
material,#wc/t7_ceramic_roof_tiles_01
material,#mc/mtl_p7_dock_wood_rustic_set_02
material,d#hash_10287f3374eab3a1
material,d#hash_102e008aac0ceea0
material,#mc/mtl_p7_zm_asc_lightbox_grey
material,#hash_1066cc72689ddbb8
material,#mc/mtl_p7_fir_pallete_ammo_wood_set_wood_01_02
material,#mc/mtl_p7_fir_hose_rolled_decal
material,#hash_10b5cf5da3e33cec
material,#wc/t7_ceramic_tile_shower_green
material,#hash_10cc4859e399960c
material,#hash_10ce274fe04d8209
material,d#hash_10d6585212022f15
material,#hash_10d7c754aa8598d0
material,#hash_10d7c954aa859c36
material,#hash_10d7cb54aa859f9c
material,#mc/mtl_p7_fir_light_industrial_metal
material,#wc/t7_decal_damage_mold_02
material,d#hash_10ef602e7f502118
material,#mc/mtl_p7_mou_locker_metal_set_decal
material,#mc/mtl_p7_fir_training_course_decal_dirty
material,#mc/mtl_p7_mou_folder_manila_decal
material,d#hash_10fc8b5ed912c387
material,#mc/mtl_p7_cai_street_signage_pole_01_metal_rusty
material,d#hash_1115ac20137abd56
material,#hash_1117dd051c47bf77
material,#hash_1117de051c47c12a
material,#mc/mtl_p7_boat_rusted_fishing_cabin
material,#mc/mtl_p7_fxanim_market_stand_tarp_white_s3
material,#hash_112bc6227545c629
material,#mc/mtl_p7_wes_wood_plank_old_beam
material,#wc/t7_rock_biodome_rock
material,#mc/t7_sand_pebbles_fine_golden_blend
material,#mc/mtl_p7_fir_pallete_ammo_wood_set_wood_cloth
material,#hash_11491bacaf4b6309
material,#mc/mtl_c_t7_battery_body1_webgear_skin1
material,#hash_116ea763ccf02e1e
material,#mc/mtl_p7_cai_lantern_chain
material,#hash_11878f2bd6bc57bc
material,#mc/mtl_p7_ntx_tool_wrench_adjustable
material,d#hash_1190dde8a54e9812
material,#hash_11950f95be3b4f67
material,#hash_119785c6e048ff4b
material,#mc/mtl_p_glo_industrial_lamp_metal
material,#hash_11a2bf859131bc56
material,#mc/mtl_p7_fir_sign_welcome_rope
material,#mc/mtl_p7_slu_tool_chest_sml_set_plastic
material,#hash_11b8f506f4938ef1
material,#wc/t7_ral_concrete_floor_coated
material,d#mc/bullet_collision_rubber
material,#hash_11e17620a7049225
material,#mc/mtl_p7_foliage_grass_tussock_dry_sway
material,#mc/mtl_p7_wes_wooden_plank_fence_02
material,#mc/mtl_p7_wes_wooden_plank_fence_03
material,#mc/mtl_p7_wes_wooden_plank_fence_01
material,#mc/t7_wood_planks_splintered_drk
material,#hash_1201750ef1320e1f
material,#hash_1210d0e6e9e3c4b9
material,#mc/mtl_veh_t8_dmg_scrapes_chips_7_decal
material,d#hash_121c912ac33f3ae8
material,#mc/mtl_p7_fir_wire_spool_wood_nail
material,#mc/mtl_p7_fir_beer_can_02_metal
material,#wc/t7_wood_panel_worn_brown_dirty
material,d#mc/bullet_collision_foliage
material,#mc/mtl_p7_rus_tank_pressure_set_metal
material,#mc/mtl_p7_fir_floodlight_speaker_tall_light_bulb
material,#wc/t7_min_decal_wood_rings
material,d#hash_1260e0dff21d5616
material,#wc/t7_wood_planks_damaged_teak_blend
material,#mc/mtl_p7_mou_tank_propane_bottle_long_metal
material,d#hash_1265f540edf60c00
material,#mc/mtl_p7_bottle_plastic_2litre_crushed_green
material,#mc/mtl_p_glo_industrial_lamp_red_02
material,#mc/t7_concrete_wall_blocks_worn
material,#hash_12a49105fa7cb800
material,#hash_12a52235a177b049
material,d#hash_12a83bfcaa9e0a81
material,#mc/mtl_c_nrc_assault_pouch4
material,#mc/mtl_p7_zm_ctl_light_cage_set_frame
material,#mc/mtl_p7_fir_pallete_ammo_wood_set_rope
material,#hash_12e3209a44548675
material,#mc/mtl_p7_shr_wood_beam_support
material,#mc/mtl_c_t7_battery_body1_cyberarm_viewarm
material,#mc/mtl_veh_mphd_uaz_body_02_rubber
material,#mc/t7_decal_grunge_oil_stain_01
material,#mc/mtl_c_t7_warrior_body1_plastic_skin1
material,#mc/mtl_veh_mphd_uaz_decal_dead
material,#wc/t7_zm_gen_concrete_painted_01_red_blend
material,#mc/mtl_p7_zm_sta_plank_wood_01_burnt
material,#hash_131d671ffef1a6a1
material,#hash_132104de45a4c902
material,#mc/mtl_c_t7_warrior_body1_straps_skin1
material,#mc/mtl_mphd_forklift_cockpit_red
material,#mc/mtl_p7_boat_rusted_fishing_details
material,#hash_1354a6b7486afe08
material,#hash_136b2deb34ea3018
material,#hash_136b2feb34ea337e
material,#hash_136b30eb34ea3531
material,#mc/t7_wood_plywood_trim_wet
material,#mc/mtl_veh_mphd_tiara_decal_gauges_01
material,#mc/mtl_veh_mphd_tiara_decal_gauges_03
material,#mc/mtl_veh_mphd_tiara_decal_gauges_02
material,#wc/t7_decal_grunge_rust_blend
material,#mc/mtl_mphd_forklift_main_frame_yellow
material,#hash_13a5d385d34e47b1
material,#mc/mtl_p7_zm_asc_pipe_modular_set_weld_hole
material,#ei/gfx_gib_glass_02_em_i1024
material,#hash_13af2a1d5a094034
material,d#hash_13b21c1f7ae17544
material,#mc/decal_damage_wood_splinter_end01_darker
material,#mc/mtl_p7_bucket_janitor_plastic_rolling
material,#hash_13c8fbc99c6c6f70
material,#mc/t7_glass_reinforced_opaque
material,#hash_13ce4d7f1ba7a9e2
material,#mc/mtl_p7_fir_foliage_tree_vista_02_proxy_tiled
material,#mc/mtl_p7_decal_signage_restroom_men
material,#mc/mtl_p7_zm_asc_pipe_modular_set_bolt
material,d#hash_13da39de5b093aa7
material,#hash_13ed904787e072be
material,#mc/mtl_p7_bullet_piles_casing
material,#hash_13f939706adcbb87
material,#hash_140330dc94ede8c1
material,#mc/t7_metal_trim_worn_iron_darker
material,#mc/mtl_p8_mphd_ammo_box_wood_set_metal
material,#mc/mtl_p7_curtain_hanging_72x122_break
material,#hash_140dc019908199ec
material,#hash_140dc31990819f05
material,d#ei/gfx_debris_clumps_lit
material,#mc/mtl_p7_wes_wooden_plank_fence_ends
material,d#hash_1420421d8d4beff1
material,#mc/mtl_p7_fir_fence_wood_wood01
material,#mc/mtl_p7_fir_fence_wood_wood03
material,#mc/mtl_p7_fir_fence_wood_wood02
material,#mc/mtl_p7_corrugated_sheet_metal_rust_dmg_wet
material,#hash_143c096b84c67984
material,#wc/t7_decal_damage_concrete_cracks_01
material,#wc/t7_decal_damage_concrete_cracks_04
material,d#hash_145affa7d287926e
material,#hash_1467950225a718e7
material,#hash_146e10cc9f3eb1f0
material,#mc/mtl_p7_fir_foliage_tree_vista_05_proxy_tiled
material,#mc/mtl_veh_mphd_uaz_int_01
material,#mc/mtl_veh_mphd_uaz_int_03
material,#mc/mtl_veh_mphd_uaz_int_02
material,#mc/mtl_veh_mphd_m35_canvas
material,#mc/mtl_p7_zm_asc_switch_electric_02_metal
material,#hash_147d1802a9017de4
material,#mc/mtl_p7_curtain_rod_96_metal_bld
material,d#ei/gfx_smk_tendril_1_lit
material,#hash_148577c29acf1a29
material,d#vd/gfx_decal_bullet_metal_01
material,d#vd/gfx_decal_bullet_metal_03
material,d#vd/gfx_decal_bullet_metal_02
material,#wc/t7_linoleum_floor_tile_grout
material,#mc/mtl_p7_fir_signage_metal_exit_screen_01
material,#vd/t7_decal_grunge_charred_stain_01
material,#hash_14cc0f5ead3bd7d2
material,#mc/mtl_p7_debris_trash_paperbag_02
material,#hash_14ce22e0b2a9c3c6
material,d#mc/bullet_collision_metalcar
material,#hash_14dbd183829f225a
material,#hash_14dbfe7c5a38cad6
material,#mc/mtl_veh_mphd_uaz_int_chair_dead
material,#hash_14fd78dcddbfcb00
material,#mc/mtl_p7_fir_wheel_gate_nail
material,#mc/mtl_p7_zm_moo_airlock_set_metal_decal_19
material,#mc/mtl_veh_mphd_uaz_body_04_black_dead
material,#mc/mtl_p7_slu_wire_decal
material,#mc/mtl_veh_mphd_tiara_wheel_metal
material,#hash_15309a1dc638296d
material,#hash_1533a743767ffad3
material,#hash_1540cc38e8c7ad48
material,#mc/mtl_p7_barricade_metal_gate_02_post
material,#mc/mtl_p7_zm_moo_ship_container_door_01_rust
material,#hash_15521f0edb28c3d6
material,#mc/mtl_p7_fir_outpost_storage_frame_nail
material,d#mc/t8_decal_tech_detail_high_tech_66
material,#wc/t7_zm_asc_metal_painted_rusty_white
material,#mc/mtl_p7_tie_rod_metal_01
material,#hash_15777cdb86df27cd
material,#mc/mtl_p7_fir_light_industrial_metal_gray
material,#hash_159c461eaabd7232
material,d#hash_15ac849ccb771492
material,d#mc/t7_rubber_hex_floor_tiles_02_black
material,#mc/mtl_p7_suspension_bridge_cable_supports_02_rusty
material,#mc/mtl_veh_mphd_chinook_motor_back_02_grip
material,#mc/t7_glass_water_stained
material,#hash_15c04458be3a81ca
material,#wc/t7_zm_ori_planks_wood_01
material,#mc/mtl_c_t7_techno_body1_arm_left_skin1
material,#hash_15d9474610a51d9e
material,d#ei/gfx_smk_whisp_anim_02_high_gray_lit
material,d#hash_15ff0e3297252568
material,#mc/mtl_c_ega_soldier_3_grenade
material,d#ei/gfx_gib_glass_02_lit
material,#mc/mtl_p7_fir_hose_rolled_decal_02
material,d#mc/mtl_veh_t8_mil_heli_light_seat_cloth
material,d#mc/mtl_wpn_t8_eqp_briefcase_bomb_glass
material,d#ei/gfx_gel_drops_lit
material,d#hash_1647bb6fedcb9b66
material,#hash_164907efabbea19f
material,#hash_1655a24a1b9006be
material,#hash_1657ff76a1b0e1cb
material,#hash_16580076a1b0e37e
material,#mc/mtl_veh_t7_mphd_forklift_decal_stain_02
material,d#mc/mtl_c_t8_mp_spe_buffer_body1_syringe_pouch
material,#hash_1673a18a476a32c8
material,#mc/mtl_veh_mphd_m35_base_body03_paint
material,#hash_167b6276a78f3c8a
material,#mc/mtl_p7_fir_floodlight_speaker_tall_light
material,#mc/mtl_p7_jun_sheet_metal_4x4_red
material,#hash_16958626da5908a9
material,#mc/mtl_p7_water_filtration_system_mount_hook_metal_rusty
material,#mc/t7_fir_plywood_natural_1_dark
material,#hash_16a3c4cee7b186a8
material,#hash_16a717b430493bca
material,d#hash_16adba767c04df87
material,d#mc/mtl_wpn_t8_eqp_briefcase_bomb_decals
material,#mc/mtl_p7_fir_foliage_tree_palm_fan03_fxanim
material,#mc/mtl_p7_fir_wire_spool_wood_crack
material,d#hash_16d0f1b9710af0b2
material,#mc/mtl_p7_rus_pipe_vent_metal_decal_dirty
material,#mc/mtl_veh_mphd_tiara_int_engine_rubber_dead
material,#hash_16e81f308066f9f9
material,#hash_16eca6076031d14f
material,d#ei/gfx_gib_concrete_01_lit
material,#hash_16fb2726508af322
material,#hash_170f62e097e3e70d
material,d#mc/bullet_collision_cloth
material,#mc/mtl_p7_zm_ori_coat_hanging_metal
material,#mc/mtl_veh_t8_dmg_scrapes_chips_10_decal
material,#hash_174b5944a909fffa
material,#mc/mtl_p7_fir_targetdummy_rail_groove
material,#wc/p7_zm_sta_debris_wood_lath_grunge_burnt_stain
material,#mc/mtl_p7_zm_asc_pipe_modular_set_weld_normal
material,#hash_177323eb115cd4da
material,#wc/t7_dlc1_decal_damage_sidewalk_seam
material,d#hash_17853025e2f67948
material,d#hash_17937a9b6f5c53b3
material,#wc/t7_zm_isl_concrete_wall_blocks_worn
material,#hash_17a74658138c1716
material,#mc/mtl_c_t7_warrior_body1_arm_b1_skin1
material,#wc/t7_metal_panels_painted_2x4_green
material,#hash_17c4b1066336d021
material,d#hash_17c544ea2bd8bc6e
material,#mc/mtl_p7_fir_gate_rolling_set_rubber
material,d#hash_17cdb42f2b0fb7a9
material,#mc/mtl_veh_mphd_tiara_body_02_metal
material,#mc/mtl_c_t7_techno_body1_pistol_mr6_plastic_skin1
material,#hash_18006a110789b860
material,#mc/mtl_p7_slu_rollup_door_dirty_01
material,d#mc/t8_rubber_mat_worn_01
material,d#mc/t8_rubber_mat_worn_02
material,#ei/gfx_gib_glass_01_lit_em_i1024
material,#hash_183a7d113f07b612
material,#mc/mtl_p7_fir_floodlight_speaker_tall_concrete_decal_dirt
material,#hash_186abea569bb4668
material,#hash_186ac1a569bb4b81
material,#hash_186c5d39422aded6
material,#hash_186c5e39422ae089
material,d#mc/mtl_p7_fire_extinguisher_digital_plastic_on
material,#hash_187e3dc23599c79d
material,#hash_188c69a827e466f7
material,#wc/t7_zm_isl_decal_signage_stripe_solid_red
material,d#hash_18993a2d21d4792d
material,#hash_18ba93a09d888a69
material,d#ei/gfx_exp_billow_md_anim_em
material,#hash_18e3d0e1fd6e28ac
material,#hash_190838e39d3bee9a
material,#hash_190998cb7d1607f7
material,#mc/mtl_p7_zm_ori_wood_scaffold_set
material,#hash_19434ec4ab7549b1
material,#mc/mtl_veh_mphd_chinook_frame_window
material,d#hash_196ec921f592605e
material,#wc/t7_zm_shi_foliage_treewall_vista_card
material,#mc/mtl_p7_fir_tire_stack_set_bolt
material,#hash_197904c8186573d5
material,#hash_19869f3a834628d8
material,#hash_1994ba232ab06bc5
material,#hash_19a3bcdde7123dec
material,#hash_19addaf713460fe6
material,#hash_19ba743ec98b5920
material,#hash_19bd616bbf7106d6
material,#hash_19c0ee3f65757faa
material,#hash_19c3d16b81c38d8f
material,#hash_19cf5dfaea581bb0
material,#mc/mtl_p7_fire_sprinkler_interior
material,#hash_19d8f0a56fd9c5f5
material,#mc/mtl_c_t7_warrior_body1_arm_c1_skin1
material,#mc/mtl_p7_fir_monitor_security_tv_nail
material,#hash_1a1ad1dc96300fd0
material,#mc/t7_metal_corrugated_worn_gray
material,#hash_1a2b1094374321f6
material,#hash_1a35fe94e85795a0
material,d#hash_1a40a6bb92a9bdd1
material,d#mc/mtl_p7_tank_welding_set_glass
material,#mc/mtl_p7_slu_pole_chainlink_fence_metal_mountain
material,#mc/mtl_veh_mphd_chinook_frame_03_light
material,d#hash_1a5442a68895f84c
material,#hash_1a7745859ef6e410
material,#hash_1a7746859ef6e5c3
material,d#hash_1a7748859ef6e929
material,#hash_1a7749859ef6eadc
material,#hash_1a774a859ef6ec8f
material,d#hash_1a774b859ef6ee42
material,#hash_1a774c859ef6eff5
material,#hash_1a774f859ef6f50e
material,#mc/mtl_veh_mphd_uaz_body_04_black
material,#hash_1a9663424ba13d21
material,#hash_1aafc053abe3e553
material,#mc/mtl_p7_debris_concrete_rubble_sm
material,#hash_1ac4e34140b5cb54
material,d#mc/mtl_veh_t8_mil_heli_attack_tailfin_steel
material,#mc/mtl_p7_debris_trash_paper_plate_01
material,#vd/t7_sand_pebbles_fine_golden_blend
material,#vd/t7_brick_worn_decal_moss_blend
material,#hash_1ae58605610fe593
material,#hash_1ae58805610fe8f9
material,#hash_1ae58905610feaac
material,#hash_1ae58a05610fec5f
material,#hash_1ae58b05610fee12
material,#wc/t7_decal_grunge_water_puddle_03
material,d#mc/mtl_veh_t8_mil_heli_light_cockpit_steel
material,#hash_1af23d7d76c543ff
material,#hash_1af23e7d76c545b2
material,#mc/mtl_p7_ban_cave_beams
material,#mc/t7_decal_stamp_plywood_01
material,d#hash_1b145bc2ebdb4b7d
material,d#hash_1b2c5853ede94024
material,#wc/t7_ban_metal_light_rust_blend
material,#mc/mtl_p7_fir_ammo_crate_wood_02
material,#mc/mtl_p7_fir_ammo_crate_wood_01
material,#hash_1b5332cb37a32f3c
material,#hash_1b613f8589915d3f
material,#hash_1b61408589915ef2
material,#wc/t7_decal_damage_concrete_tile_01_light
material,#hash_1b773391ebdcb200
material,#hash_1b77e907b0b7d1a8
material,#mc/mtl_p7_fir_training_course_decal_wood_01
material,#hash_1b94edaffaff0ea9
material,d#hash_1bac0e6775888e26
material,#hash_1bbbd327d060a2f5
material,#mc/mtl_veh_mphd_uaz_body_02_black_dead
material,#mc/mtl_p7_zm_ctl_light_cage_set_decal_02
material,#mc/mtl_p7_zm_ctl_light_cage_set_decal_04
material,#mc/mtl_p7_jun_gascan_vintage_paintedmetal_green
material,#hash_1bdbea30a0d26fbc
material,#hash_1bdbeb30a0d2716f
material,#hash_1bdbed30a0d274d5
material,#mc/mtl_p7_zm_moo_ship_container_panel_01_rust
material,#wc/t7_decal_grunge_algae_wet
material,#hash_1bf0fffbfb06bf94
material,#hash_1bf102fbfb06c4ad
material,#mc/mtl_c_t7_battery_pouch
material,#mc/mtl_p7_fir_ladder_hanging_decal01
material,#mc/mtl_p7_fir_ladder_hanging_decal03
material,#mc/mtl_p7_fir_ladder_hanging_decal02
material,#mc/mtl_p7_fir_ladder_hanging_decal05
material,#mc/mtl_p7_fir_ladder_hanging_decal04
material,#mc/mtl_p7_fir_ladder_hanging_decal07
material,#mc/mtl_p7_fir_ladder_hanging_decal06
material,d#hash_1c00d1d8c2786b33
material,#mc/mtl_veh_mphd_uaz_und_chassis_03_metal
material,#hash_1c0bbba700a8a7e9
material,#mc/mtl_p8_wz_supply_stash_decal_medical_dark
material,#mc/mtl_veh_t7_dlc_decal_wiperstreak_02
material,#mc/mtl_p7_rus_tank_pressure_set_metal_black
material,#hash_1c39b560f0acff86
material,#mc/mtl_p7_fir_targetdummy_rail_black
material,#mc/mtl_p7_mou_electrical_pipe_box
material,#mc/mtl_p7_fir_foliage_tree_vista_01_group_proxy_tiled
material,#hash_1c47df6644019a3a
material,#hash_1c48c0226d499277
material,#hash_1c48c1226d49942a
material,#mc/mtl_p7_light_fluorescent_subway
material,#mc/mtl_c_t7_techno_body1_baremetal_skin1
material,#hash_1c691e3590331a82
material,#mc/mtl_p7_fir_foliage_tree_vista_set_foliage
material,d#mc/mtl_p_dest_water_fountain01_red
material,#mc/t7_wood_plywood_dirty
material,d#mc/mtl_p_dest_water_fountain01_decal_03_black
material,#mc/mtl_veh_mphd_uaz_int_engine_rubber_dead
material,#hash_1c95e65f69ad0436
material,#hash_1c990f47251548c7
material,#mc/mtl_p7_fir_fence_chainlink
material,#mc/t7_decal_damage_concrete_cracks_01_dark
material,#mc/mtl_p7_slu_meter_electric_02_base_01
material,#mc/mtl_p7_slu_meter_electric_02_base_03
material,#mc/mtl_p8_mphd_ammo_box_wood_set_buckle
material,#hash_1ccc311f014e6895
material,#hash_1cce48efb489debc
material,#hash_1cd1806dd2d1da07
material,#mc/mtl_p7_mou_trash_can_paper
material,#hash_1cd60fd6401fdc11
material,d#mc/mtl_p8_mp_bomb_crate_silver
material,d#hash_1cdd04fe32cd55de
material,#mc/mtl_veh_mphd_tiara_back_light_red
material,d#hash_1cfd29fd66ce9f22
material,#wc/t7_zm_sta_wood_oak_varnished_drk_dirty_blend
material,#mc/mtl_p7_rebar_single_bloody
material,d#hash_1d3605be81156b99
material,#hash_1d41fb3fc31ba08b
material,#hash_1d41fc3fc31ba23e
material,#mc/mtl_veh_mphd_tiara_und_chassis_02_01_dead
material,#hash_1d8187bbffdd2f38
material,#mc/mtl_veh_mphd_uaz_body_int_dead
material,#mc/mtl_p7_flag_pole_shaft_base
material,#mc/mtl_p8_wz_supply_stash_decal_bolt
material,#hash_1da8b8661bfdd373
material,d#mc/mtl_p_dest_water_fountain01_decal_06
material,d#mc/mtl_p_dest_water_fountain01_decal_07
material,d#mc/mtl_p_dest_water_fountain01_decal_04
material,d#mc/mtl_p_dest_water_fountain01_decal_05
material,d#mc/mtl_p_dest_water_fountain01_decal_02
material,d#mc/mtl_p_dest_water_fountain01_decal_03
material,d#mc/mtl_p_dest_water_fountain01_decal_01
material,#hash_1db12c02d7bc023c
material,#wc/t7_metal_aged_trim_beam_01
material,#mc/mtl_p7_debris_newspaper_02_wet
material,#hash_1dc7d0b5653c33c7
material,#hash_1dc7d1b5653c357a
material,d#hash_1dc968e2db7408cc
material,#mc/mtl_veh_mphd_tiara_body_01_metal_dead
material,d#hash_1dce671f37bde387
material,d#hash_1dce681f37bde53a
material,d#hash_1dce691f37bde6ed
material,#hash_1dd9339104e72bb9
material,#wc/t7_zm_shi_wood_planks_rustic_worn
material,#hash_1ddccf1bc84084ed
material,#hash_1dfbf14cd71ece59
material,#hash_1e05e1624926f625
material,#hash_1e1cc7068405164e
material,#mc/mtl_p7_zm_kin_cabinet_storage_set_01
material,#mc/mtl_p7_zm_kin_cabinet_storage_set_03
material,#mc/mtl_p7_fir_barricade_barbed_wire_set_decal_wood1
material,#mc/mtl_p7_fir_barricade_barbed_wire_set_decal_wood2
material,#mc/mtl_p7_mou_trash_can_set_paper_decal
material,#mc/mtl_p7_debris_trash_food_box_02
material,#mc/mtl_p7_debris_trash_food_box_01
material,#mc/mtl_p7_zm_tra_water_tower_set_metal
material,#hash_1e64bd66913c08ff
material,#mc/mtl_p7_zm_zod_gutter
material,#hash_1ea4fffcfdab0b7d
material,#wc/mtl_p7_mou_cover_corrugated_metal
material,#mc/mtl_p7_mou_cable_protector_main
material,#mc/mtl_p8_mp_bomb_crate_whole_destroyed_gray_burned
material,#hash_1ead61558147bda7
material,#hash_1eafcc40ddc2fba2
material,d#mc/mtl_p7_fir_tool_chest_rolling_set_decal_06
material,d#mc/mtl_p7_fir_tool_chest_rolling_set_decal_07
material,d#mc/mtl_p7_fir_tool_chest_rolling_set_decal_04
material,d#mc/mtl_p7_fir_tool_chest_rolling_set_decal_05
material,d#mc/mtl_p7_fir_tool_chest_rolling_set_decal_02
material,d#mc/mtl_p7_fir_tool_chest_rolling_set_decal_03
material,d#mc/mtl_p7_fir_tool_chest_rolling_set_decal_01
material,#mc/mtl_p7_jun_sheet_metal_2x4_red
material,#hash_1ec4e197d0a7824c
material,#mc/mtl_veh_mphd_uaz_und_chassis_03_dead
material,#mc/mtl_veh_mphd_uaz_body_01_dead
material,#hash_1eee112c60ac91a1
material,#mc/mtl_p7_fir_bathroom_mirror_mirror
material,d#vd/gfx_decal_blood_splatter_03
material,d#vd/gfx_decal_blood_splatter_02
material,#wc/sp_proto_metal_fence_chainlink
material,#wc/t7_decal_wire_black_no_alpha
material,#hash_1f0c770e222f0fd9
material,#mc/mtl_c_t7_warrior_body1_cloth_mid_skin1
material,#hash_1f186cd1bbeb1aa5
material,d#mc/mtl_p7_mou_barrel_metal_02_metal_painted_01
material,#mc/mtl_veh_mphd_chinook_interior_panel
material,#mc/mtl_veh_mphd_uaz_body_03_metal_dead
material,#hash_1f41b9a947b2841d
material,#mc/mtl_p7_fir_rock_boulder_med_01
material,#mc/mtl_p7_bottle_milk_broken_top
material,#mc/mtl_p7_fir_crate_wood_lrg_01
material,#mc/mtl_p7_fir_crate_wood_lrg_02
material,d#hash_1f6a9d0626d9103a
material,#hash_1f6f59167e518da0
material,#mc/mtl_p7_cai_hav_rock_river_grime
material,#hash_1f7b9a10f5a1a433
material,#mc/mtl_p7_mou_cable_protector_screw
material,#mc/mtl_c_t7_techno_body1_pants_skin1
material,#mc/mtl_p7_wood_plank_rustic_2x8x108_splinter
material,d#mc/mtl_p7_fir_tire_stack_single_dirt
material,#hash_1fb9469e228de245
material,#mc/mtl_veh_mphd_uaz_body_02_rubber_dead
material,#mc/mtl_c_t7_techno_body1_boot_skin1
material,#hash_1ff25a7cf8ccacff
material,d#hash_1ffca347361ab42c
material,#mc/mtl_veh_mphd_tiara_int_engine_green
material,#hash_2005b46f384184f6
material,#hash_2005b66f3841885c
material,#hash_2005b76f38418a0f
material,#mc/mtl_p7_mou_cover_corrugated_metal
material,#mc/t7_fir_plywood_text
material,#hash_201851ba252c5c65
material,d#mc/mtl_p7_light_floodlight
material,d#hash_2018e836a4979cae
material,d#mc/mtl_p7_zm_asc_lightbox_bolt
material,#mc/mtl_p7_mou_tank_propane_bottle_long_dirt
material,#mc/mtl_p7_slu_meter_electric_decal_10
material,#hash_202b02b657073fa2
material,#mc/mtl_p7_slu_meter_electric_decal_08
material,#mc/mtl_p7_slu_meter_electric_decal_03
material,#mc/mtl_p7_slu_meter_electric_decal_01
material,#mc/mtl_p7_slu_meter_electric_decal_07
material,#mc/mtl_p7_slu_meter_electric_decal_06
material,#mc/mtl_p7_slu_meter_electric_decal_05
material,#mc/mtl_p7_slu_meter_electric_decal_04
material,#hash_205334277d862788
material,d#hash_2055d9c8cc57b520
material,d#mc/mtl_p8_mp_bomb_crate_harness
material,#mc/mtl_p7_aqu_railings_set_metal
material,#wc/t7_concrete_wall_block_decal_moss_blend
material,#mc/mtl_veh_mphd_tiara_int_01_green
material,d#mc/t7_decal_grunge_stain_02
material,#mc/mtl_veh_mphd_uaz_body_02
material,#mc/mtl_veh_mphd_uaz_body_03
material,#mc/mtl_veh_mphd_uaz_body_01
material,#mc/mtl_veh_mphd_uaz_body_04
material,#hash_20a8bb47be00239c
material,#mc/mtl_p7_slu_panel_electrical_metal_01
material,#mc/mtl_p7_slu_panel_electrical_metal_03
material,#mc/mtl_p7_slu_panel_electrical_metal_02
material,#mc/mtl_p7_slu_panel_electrical_metal_04
material,d#mc/mtl_p_dest_water_fountain01_metal
material,#hash_20b3d63e6c3533cc
material,d#hash_20bf6aa41ac76a59
material,#mc/mtl_p7_debris_concrete_rubble_bolt_dark
material,#hash_20cfb03bd73e369b
material,#hash_20cfb13bd73e384e
material,#mc/mtl_veh_mphd_uaz_door_01
material,#mc/mtl_t7_zm_gen_painted_wall_decal_green
material,#mc/mtl_p7_fir_crate_wood_set_decal04
material,#mc/mtl_p7_fir_crate_wood_set_decal03
material,#mc/mtl_p7_fir_crate_wood_set_decal01
material,#wc/t7_ban_metal_painted_rusty
material,#wc/t7_grass_scrub_hey_blend
material,#mc/mtl_p7_slu_fuse_box_electric_set_wire_red
material,#hash_20fb55a66e14a173
material,#vd/mtl_p7_cai_street_grunge_stain_bottom_01_decal
material,d#hash_210744ede7e3d3dc
material,d#mc/mtl_p_dest_water_fountain01_plastic
material,#mc/mtl_p7_light_work_utility_hanging_small
material,#mc/p7_fir_bathroom_mop_metal
material,#mc/mtl_veh_mphd_uaz_bumper_02_rubber_dead
material,#wc/mtl_t7_zm_sta_library_ext_concrete
material,d#hash_2166cd0bc10bbba3
material,#hash_216eedace2ca9b26
material,#hash_2171952572a97b2f
material,#hash_2178cb61b1534958
material,#wc/mtl_veh_t7_dlc_decal_rust_13
material,#hash_21819172db9ad8c4
material,d#hash_219331314b033ff0
material,#mc/mtl_p7_zm_moo_ship_container_panel_04_rust
material,d#mc/t8_decal_damage_scratch_marks_01
material,#mc/mtl_c_t7_warrior_body1_thighpad_skin1
material,#hash_21ab7dc4a5e47fcf
material,#hash_21ab7ec4a5e48182
material,#hash_21c6c176e020b106
material,#hash_21cc27ec373f9384
material,#hash_21cc2aec373f989d
material,d#hash_21cdf3f81863cf57
material,#hash_21d12d5984534f09
material,#mc/mtl_p7_zm_asc_cans_aluminum
material,#hash_21e00204b24282ec
material,#wc/t7_metal_painted_yellow
material,#hash_21ee1582a46fb8e3
material,d#mc/mtl_c_hro_sarah_shoes
material,#hash_2208ee9d1a71ff95
material,#mc/t7_wood_plywood_trim
material,#mc/mtl_p7_hedgehog_metal
material,#mc/mtl_p7_rus_box_electric_part
material,#mc/p7_fir_bathroom_mop_wood_decal
material,#hash_222ba820414f29b0
material,#hash_222ba920414f2b63
material,#hash_222baa20414f2d16
material,#hash_222bab20414f2ec9
material,#hash_222bac20414f307c
material,#hash_222bad20414f322f
material,#hash_222bb120414f38fb
material,#hash_222bb220414f3aae
material,#hash_222bb320414f3c61
material,#hash_222bb420414f3e14
material,#hash_222bb520414f3fc7
material,#hash_222bb620414f417a
material,#hash_222bb720414f432d
material,d#hash_222ea1e0faf733be
material,#wc/t7_metal_panels_painted_2x4_blue
material,d#hash_227043ea4048deaf
material,d#mc/t8_decal_tech_detail_line_trim_14_normal
material,d#mc/mtl_veh_t7_mphd_forklift_decal_number_2
material,d#mc/mtl_veh_t7_mphd_forklift_decal_number_4
material,#wc/t7_metal_wall_corrugated_panel_hor_grey
material,#mc/mtl_p7_crate_wood_01_med
material,#mc/mtl_p7_zm_ver_shower_metal
material,#hash_22dc47252c93d425
material,#wc/mtl_p7_con_charging_station_metal_grate
material,#mc/mtl_p7_fir_tank_propane_metal
material,#wc/t7_decal_grunge_rust_orange_drips_dark
material,#mc/mtl_p7_zm_ori_coat_hanging_01
material,#mc/mtl_p7_zm_ori_coat_hanging_02
material,#wc/t7_shr_wood_wall_weathered
material,#hash_231355c6cf5a5c3b
material,d#mc/mtl_veh_t8_mil_heli_attack_blk
material,#wc/t7_decal_damage_plywood_edge
material,#hash_23275b03bf79de87
material,#hash_232a216d4296719b
material,d#hash_234c11c7d8255847
material,#hash_2356f653dec220f8
material,#hash_235ce73c5be2e5a5
material,#hash_2361000bbb7ffd37
material,#hash_2361010bbb7ffeea
material,#hash_23655fbfe0859399
material,#mc/mtl_veh_mphd_tiara_int_engine_green_dead
material,#hash_236cc21c424bcc4e
material,#mc/mtl_veh_mphd_m35_base_body02_cover
material,d#mc/mtl_veh_t8_mil_heli_light_body_rear_pnt_blk
material,#mc/mtl_p7_jun_sheet_metal_4x4
material,#mc/mtl_p7_jun_sheet_metal_4x8
material,d#mc/mtl_veh_t8_mil_heli_light_body_front_pnt_body_blk
material,d#hash_23b6ad128c111790
material,#hash_23b900f95137e493
material,#mc/mtl_veh_mphd_m35_base_body02
material,#mc/mtl_veh_mphd_m35_base_body03
material,#mc/mtl_veh_mphd_m35_base_body01
material,#mc/t7_zm_ctl_wood_plank_wide_01_clean
material,#hash_23d272ecbccdaf9f
material,#hash_23d273ecbccdb152
material,#hash_23d274ecbccdb305
material,#mc/mtl_p7_debris_trash_cup_red_02
material,#hash_23e6d424420d8db0
material,#mc/mtl_p7_medical_dispenser_soap_paper
material,#mc/mtl_veh_mphd_tiara_decal_02_dead
material,#hash_241179ca3daab957
material,#mc/t7_metal_bare_aluminum_brushed_2_matte
material,d#hash_241e13fe8f301147
material,#hash_241fd80238a94225
material,#hash_242a35663af3a0a2
material,#mc/mtl_p7_wood_beam_safehouse
material,#wc/mtl_p7_con_cargo_train_bare_metal_brushed
material,#hash_2456abf5d26fef00
material,#hash_245a75e18792b8b8
material,#hash_245d03a42e98902c
material,#wc/t7_ban_sand_pebbles_fine_beige
material,#mc/mtl_veh_mphd_tiara_int_02_plastic3_dead
material,#mc/mtl_veh_mphd_tiara_body_01_metal2_dead
material,d#hash_2478ae27fde6e7a7
material,#mc/mtl_veh_mphd_tiara_body_02_metal_dead
material,#hash_247c764780174de6
material,#mc/mtl_p7_fir_sign_matcu_airfield_chain
material,#mc/mtl_p7_jun_corrugated_metal_base_03
material,#mc/mtl_p7_jun_corrugated_metal_base_02
material,#mc/mtl_p7_jun_corrugated_metal_base_01
material,#wc/t7_wood_planks_damaged_teak_painted_blue_blend
material,#mc/mtl_p7_zm_moo_ship_container_panel_10_rust
material,#mc/mtl_p7_fir_ladder_hanging_metal
material,#mc/mtl_p7_zm_asc_pipe_modular_set_line
material,#wc/t7_rubble_concrete_sm_blend
material,#mc/mtl_c_t7_technomancer_body2_lights_screens
material,d#hash_24ea9069a81ad7f1
material,#hash_24eccaa7d6a5419b
material,#mc/t7_metal_cable_01_rust
material,#mc/t7_decal_grunge_dirt_wall_01_blend_offset
material,#hash_2502093294b32216
material,#mc/mtl_p7_fir_tire_stack_set_decal
material,#mc/mtl_veh_mphd_m35_glass
material,d#hash_2512b12cf628d043
material,#hash_2512b22cf628d1f6
material,#mc/mtl_veh_mphd_uaz_front_light_glass_orange
material,#hash_252c1b9b67031a1f
material,d#hash_252ee26734392cff
material,#wc/t7_asphalt_old_dark
material,#hash_2534fcb462808d5d
material,#mc/mtl_p7_debris_trash_drink_carrier_01
material,#mc/mtl_p8_wz_supply_stash_decal_label
material,#hash_253ad316d83bf12e
material,#mc/bullet_collision_brick
material,#hash_25431bc56f8077b5
material,#hash_2551d5bb7528c811
material,#mc/mtl_c_t7_techno_body1_gear_skin1
material,#mc/mtl_p7_slu_door_white_metal_02
material,#mc/mtl_p7_slu_door_white_metal_03
material,#mc/mtl_p7_fir_floodlight_speaker_tall_light_02
material,#mc/mtl_p7_fir_floodlight_speaker_tall_light_01
material,#mc/mtl_veh_mphd_uaz_wheel_metal
material,d#ei/gfx_water_drip_lit
material,#mc/mtl_p7_fir_air_conditioner_decal_sign_01
material,#mc/mtl_p7_fir_air_conditioner_decal_sign_02
material,d#hash_2583f77307e0acc0
material,#mc/mtl_p7_zm_shi_lamp_post_wood_decal_02
material,#mc/mtl_p7_fir_net_volleyball_metalpainted
material,#mc/mtl_p7_fir_monitor_security_tv_03
material,#mc/mtl_p7_fir_monitor_security_tv_02
material,d#hash_25c00149d848dc80
material,#mc/mtl_p7_light_fluorescent_subway_glass
material,#hash_25d58e237493be30
material,d#hash_25f4c1d8f18091ab
material,#mc/mtl_p7_bullet_piles_shell_shotgun
material,#hash_25f875df1fb6dcd6
material,#mc/mtl_p7_hinge_metal
material,#hash_260b2b148a42438b
material,d#mc/mtl_c_t8_mp_spe_buffer_body1_scisors
material,#hash_261363c898bceeb8
material,d#hash_261cf14bf59627e2
material,#mc/mtl_p7_debris_trash_wrapper_01
material,#mc/mtl_p7_debris_trash_wrapper_02
material,#mc/mtl_veh_mphd_tiara_wheel_metal2
material,#mc/mtl_p7_zm_nac_barrel_explosive_red_dmg_01_metal01
material,#mc/mtl_p7_zm_nac_barrel_explosive_red_dmg_01_metal02
material,#mc/mtl_p7_zm_nac_barrel_explosive_red_dmg_01_metal03
material,#mc/mtl_veh_mphd_uaz_body_03_metal
material,#hash_26624c147403c961
material,#mc/mtl_p7_mou_coiled_wire_text
material,#hash_267d71af235c5954
material,#hash_268a5e28feed05f4
material,#hash_268fbd55aabb32c0
material,#hash_268fbf55aabb3626
material,#hash_268fc055aabb37d9
material,#hash_268fc155aabb398c
material,#hash_268fc255aabb3b3f
material,d#hash_26933dcc578dddb0
material,#hash_26a747bfaf262b10
material,#hash_26a748bfaf262cc3
material,#mc/mtl_p7_slu_panel_electrical_02_base_part_01
material,#mc/mtl_p7_slu_panel_electrical_02_base_part_06
material,#hash_26a74dbfaf263542
material,#hash_26a74ebfaf2636f5
material,#hash_26a7fea4a18d30fb
material,#hash_26a8d32c1cdc375d
material,#hash_26b1dd9f4ad5c7e8
material,#hash_26c7a375673011a2
material,#mc/mtl_p7_jun_sheet_metal_2x8_white
material,#mc/mtl_c_t7_warrior_body1_webbing_skin1
material,#mc/mtl_veh_mphd_uaz_body_01_black_dead
material,#hash_2721e03fc6831414
material,#hash_273a03bc31f22af9
material,#mc/mtl_p7_mou_tank_propane_bottle_long_decal_reveal
material,#hash_2747e2966346ec6d
material,#mc/mtl_c_t7_battery_hair_eyebrowshell
material,#mc/mtl_veh_mphd_uaz_int_engine_metal
material,d#mc/mtl_veh_t8_decal_bolt_18
material,#hash_277e29d6d61d1a17
material,d#hash_27916b3ebf43ee6d
material,#mc/mtl_veh_mphd_m35_base_interior
material,#hash_2798028048a807e2
material,#mc/t7_decal_tech_lines_worn
material,#mc/mtl_p7_sin_rail_post_rusty_metal
material,#hash_27acef1cc7fbadd4
material,#mc/mtl_p8_wz_supply_stash_health_canvas_darker
material,#mc/mtl_p7_fir_ammo_box_wood_metal
material,#mc/mtl_p7_fir_foliage_grass_05_fxanim
material,#mc/mtl_p7_zm_asc_lightbox_glass
material,#mc/mtl_p7_zm_moo_ship_container_panel_07_rust
material,#mc/mtl_p7_mou_folder_manila_rust
material,#mc/mtl_p7_slu_fuse_box_electric_set_wire_green
material,#mc/mtl_p7_fir_ammo_box_wood
material,d#hash_27f947f3eab46b1f
material,#mc/mtl_p8_col_vista_foliage_jungle_young_palm_proxy_tiled
material,#mc/mtl_p7_cai_street_signage_bracket_01_rusty
material,#mc/mtl_p7_jun_sheet_metal_4x8_blue
material,#mc/p7_zm_sta_debris_wood_lath_grunge_burnt_stain
material,#mc/mtl_p7_zm_kin_cabinet_storage_set_decal_03
material,#mc/mtl_p7_zm_kin_cabinet_storage_set_decal_02
material,#mc/mtl_p7_zm_kin_cabinet_storage_set_decal_01
material,#mc/mtl_p7_zm_kin_cabinet_storage_set_decal_06
material,#mc/mtl_p7_zm_kin_cabinet_storage_set_decal_04
material,d#mc/mtl_p8_mp_flag_base_01
material,d#mc/t8_decal_tech_shipping_container_bolt_04
material,d#hash_28367170708054b5
material,#hash_2839cc99cda093d4
material,#hash_285235218c85e63e
material,#mc/mtl_veh_mphd_tiara_back_light_glass_red
material,d#mc/mtl_p7_fxp_debris_dirt_rocky_01_brown
material,#wc/t7_decal_damage_marble_cracks_01_offset
material,#mc/mtl_c_t7_techno_body1_chest_device_skin1
material,d#hash_286e8f395d03ce92
material,#mc/mtl_veh_mphd_uaz_body_04_dead
material,#mc/t7_fir_plywood_natural_3
material,#mc/t7_fir_plywood_natural_2
material,#mc/t7_fir_plywood_natural_1
material,#mc/t7_fir_plywood_natural_5
material,#mc/t7_fir_plywood_natural_4
material,#mc/mtl_p7_plank_wood_broken_2x4x64
material,#mc/mtl_p7_can_metal_open
material,#mc/mtl_p7_soc_foliage_cactus_med_01_decal
material,#mc/mtl_veh_mphd_tiara_body_02_green_dead
material,#hash_28abf83624a2d3bf
material,d#hash_28b278c1a1f6111a
material,#mc/mtl_p7_debris_newspaper_01
material,#mc/mtl_p7_debris_newspaper_02
material,#hash_28bbf421e1b6cd2b
material,#hash_28d07d1bcf1c45d0
material,#hash_28dc2073344963c3
material,d#hash_29071999c320a439
material,d#hash_290a9b99c323b6f6
material,#mc/mtl_p7_fir_floodlight_speaker_tall_light_glass_01
material,#hash_2912572e7a50f1f2
material,d#mc/mtl_c_bc_femalesoldier_legholster
material,d#hash_29332b99c345fdba
material,d#hash_2936af99c34913dd
material,#hash_29579bd25a3d037e
material,#hash_295b3fe7fd974c98
material,#mc/mtl_c_t7_techno_body1_monitor_skin1
material,d#mc/mtl_p7_fir_bench_wood_decal_dmg
material,#hash_2996c541ef6108c9
material,#mc/mtl_veh_mphd_tiara_decal_02
material,#mc/mtl_veh_mphd_tiara_decal_03
material,#mc/mtl_veh_mphd_tiara_decal_01
material,d#mc/bullet_collision_cushion
material,d#mc/bullet_collision_ceramic
material,#hash_29c49cbb3e3bde9a
material,#mc/t7_asphalt_plain_01_wet_blend
material,#mc/mtl_p7_fir_monitor_security_tv_decal_02
material,#hash_2a01f9ed3a7a8e8b
material,#hash_2a01feed3a7a970a
material,#hash_2a01ffed3a7a98bd
material,#hash_2a04bad3c6013811
material,#mc/mtl_p7_slu_corkboard_wood
material,#mc/mtl_p7_caution_metal_rusty_sign
material,#mc/mtl_p7_zm_asc_switch_electric_02_glass01
material,d#mc/mtl_p_dest_water_fountain01_black
material,#mc/mtl_p8_mphd_ammo_box_wood_04_bullets01
material,#mc/mtl_p8_mphd_ammo_box_wood_04_bullets02
material,#mc/mtl_p8_mphd_ammo_box_wood_04_bullets03
material,d#hash_2a383c4c56db7b67
material,#mc/mtl_p7_fir_monitor_security_tv_part_02
material,#wc/t7_decal_grunge_dirt_wall_01_blend
material,#mc/t7_wood_beam_worn_oak_bleached
material,#mc/mtl_p8_mp_bomb_crate_whole_destroyed_stencil
material,d#mc/infinite_blackness
material,#mc/t7_metal_trim_weld_01_iron_rust
material,#mc/mtl_p7_jun_gascan_vintage_weld
material,#hash_2a604386c9b9f234
material,#wc/t7_wood_plywood_trim
material,#mc/t7_decal_grunge_splat_02
material,#mc/t7_decal_grunge_splat_03
material,#mc/t7_decal_grunge_splat_04
material,#mc/t7_decal_metal_nails
material,#hash_2a6f530462bfcb23
material,#mc/mtl_c_ega_soldier_3_knife
material,d#hash_2a75e3d77475c927
material,#hash_2a7d9e234054baa7
material,#mc/mtl_p7_fir_wire_spool_roll2
material,d#hash_2a83152021b8f379
material,#hash_2a8518bb080408c5
material,#mc/mtl_p7_fir_foliage_tree_vista_set_wood
material,#mc/mtl_p8_wz_supply_stash_zipper
material,d#hash_2ab152f62eab193f
material,d#hash_2ac75c8b6d954746
material,#mc/mtl_p7_fir_paper_stack_shuffled_paper
material,#mc/mtl_p7_slu_panel_electrical_decal_10
material,#mc/mtl_p7_slu_panel_electrical_decal_11
material,#mc/mtl_p7_slu_panel_electrical_decal_09
material,#hash_2af3752ace8f41c9
material,#mc/mtl_p7_slu_panel_electrical_decal_03
material,#hash_2af37b2ace8f4bfb
material,#hash_2af37e2ace8f5114
material,#hash_2af37f2ace8f52c7
material,#mc/mtl_p7_slu_panel_electrical_decal_05
material,#hash_2af3812ace8f562d
material,#mc/mtl_p7_mou_ladder_metal_weld_b
material,#mc/mtl_veh_mphd_tiara_int_engine_red_dead
material,#hash_2b1c9ec951a8ab24
material,#wc/t7_zm_sta_decal_grunge_bottom_01
material,#mc/mtl_veh_mphd_chinook_rotors
material,#hash_2b3893352a99ed1b
material,#mc/caulk
material,#mc/t7_decal_grunge_wall_01_dark
material,d#mc/mtl_p8_mp_bomb_crate_green
material,#mc/mtl_p7_zm_asc_lightbox_lamp
material,#mc/mtl_veh_mphd_chinook_frame_02_grip
material,#hash_2b78afb45b3bf942
material,#hash_2b853ebecff057b7
material,d#el/gfx_smk_trail_billow_lit
material,d#hash_2b91fc6894688f28
material,#mc/mtl_p7_mou_locker_metal_set_nail
material,#hash_2ba475b436d1657b
material,#mc/mtl_p7_fir_light_industrial_metal_light
material,d#mc/mtl_veh_t7_mphd_forklift_taillight_lens
material,#mc/mtl_p7_fir_tire_stack_set_base
material,#mc/mtl_p8_mp_bomb_crate_whole_destroyed_caution
material,d#hash_2bc9b715c277ca69
material,#mc/mtl_p7_soc_food_soda_set_logo_04
material,#mc/mtl_p7_soc_food_soda_set_logo_06
material,#mc/mtl_p7_soc_food_soda_set_logo_02
material,#mc/mtl_p7_soc_food_soda_set_logo_03
material,#mc/mtl_p7_zm_moo_ship_container_door_02_rust
material,#hash_2c0b54ce67abfa30
material,d#hash_2c106d03ab124961
material,d#hash_2c106e03ab124b14
material,d#hash_2c106f03ab124cc7
material,#mc/mtl_p7_mou_ladder_metal_decal_b
material,#mc/mtl_p7_mou_ladder_metal_decal_e
material,#hash_2c1f764bb6fc2e58
material,d#hash_2c24688bb999ca2e
material,#mc/mtl_veh_mphd_uaz_back_light_glass_orange
material,#mc/mtl_p7_mou_tank_propane_bottle_long_decal
material,#hash_2c53148842d6968a
material,d#mc/mtl_p8_mp_flag_pole_01_rubber
material,#hash_2c67832fc080bd7e
material,d#mc/mtl_veh_t8_mil_heli_guts
material,d#hash_2c718478160a484a
material,#hash_2c72b6bb9dad4b02
material,d#hash_2c750478160d57a1
material,#wc/t7_zm_ctl_decal_damage_bullet_wood_01
material,d#hash_2c786e7816104196
material,#mc/mtl_p7_zm_tra_water_tower_set_metal_support
material,d#hash_2c7bef78161352a0
material,#mc/mtl_p8_mp_bomb_crate_whole_destroyed_burned
material,#mc/mtl_p7_fxanim_mp_flag_neutral
material,#hash_2c8efd3414ceeb53
material,#hash_2c9a14993db739da
material,#mc/mtl_p7_mou_pallet_wood_snow_decal_nail
material,#hash_2ca712469f52d122
material,#mc/mtl_mphd_forklift_cockpit_yellow
material,d#hash_2cdcba62fc478b46
material,d#mc/mtl_veh_t8_mil_heli_light_seat_steel
material,#mc/mtl_p7_plank_wood_broken_2x4x64_wet
material,d#hash_2ceeb88c410cad35
material,#hash_2cfc4e83a189cdfe
material,#mc/mtl_p7_soc_foliage_cactus_med_01
material,#mc/t7_dlc1_decal_damage_sidewalk_seam
material,#mc/mtl_p7_fir_outpost_lookout_wood_09
material,#mc/mtl_p7_fir_outpost_lookout_wood_08
material,#mc/mtl_p7_fir_outpost_lookout_wood_01
material,#mc/mtl_p7_fir_outpost_lookout_wood_04
material,#hash_2d4ce578b6bcb734
material,#mc/mtl_p7_zm_tra_water_tower_set_top_dmg
material,#hash_2d77c8ef1c0a18e8
material,#hash_2d77c9ef1c0a1a9b
material,#hash_2d8093427d0f275e
material,#mc/mtl_p8_mp_bomb_crate_whole_destroyed_trim02
material,#hash_2d8915cad116be69
material,#hash_2d9a2c954ba8d484
material,#mc/mtl_c_t7_battery_hairshell2
material,#mc/mtl_c_t7_battery_hairshell1
material,#mc/mtl_p7_zm_ver_barricade_nails
material,#mc/mtl_p7_scaffold_metal_01_bare
material,d#hash_2da7d28389226fdb
material,d#hash_2daacf838924a099
material,d#hash_2daada838924b34a
material,#hash_2dabec9b81f0a544
material,#hash_2dabef9b81f0aa5d
material,#mc/mtl_p8_col_vista_foliage_jungle_leaf_02
material,#mc/mtl_p8_col_vista_foliage_jungle_leaf_07
material,#mc/mtl_p8_col_vista_foliage_jungle_leaf_06
material,#mc/mtl_p8_col_vista_foliage_jungle_leaf_05
material,#mc/mtl_p7_spl_towel_beach_set_sand_dark
material,#mc/mtl_p7_mou_tank_propane_bottle_long_paint
material,#hash_2db41d6acc534865
material,#hash_2dbb9af88632e4fb
material,#hash_2dbd6e7a04b49c8d
material,#hash_2dc33b07bb5b0ca1
material,d#hash_2dcfc7cb9e92adfc
material,#mc/mtl_p7_fir_crate_wood_set_wood04
material,#hash_2dd230389a3116cb
material,#hash_2dd231389a31187e
material,#mc/mtl_p7_fir_crate_wood_set_wood01
material,#mc/mtl_p7_fir_crate_wood_set_wood02
material,#mc/mtl_p7_fir_crate_wood_set_wood03
material,#mc/mtl_c_t7_techno_head1_faceplate_skin1
material,d#hash_2de93b2f02a80609
material,#mc/mtl_p7_slu_antenna_set_metal01
material,#mc/mtl_veh_mphd_tiara_body_01_metal
material,#hash_2df56d2edc619dd4
material,#mc/mtl_p7_fir_pallete_ammo_wood_set_wood_04
material,#mc/mtl_p7_fir_pallete_ammo_wood_set_wood_01
material,#mc/mtl_p7_fir_pallete_ammo_wood_set_wood_02
material,#mc/mtl_p7_fir_pallete_ammo_wood_set_wood_03
material,d#mc/mtl_p7_fir_tank_propane_guage_decal_02
material,#vd/t7_decal_stamp_plywood_02
material,#mc/mtl_p7_zm_ori_ladder_wood_dmg_wood
material,#wc/t7_dirt_tire_tracks_02_water_blend
material,#hash_2e1b4213626505f6
material,#mc/mtl_c_t7_battery_body1_lowbod_armor
material,#hash_2e24d23492b78fa7
material,#mc/mtl_c_t7_warrior_head1_headgear
material,#wc/t7_asphalt_damaged_dark_desert
material,#mc/mtl_p7_fir_tower_radio_vista_decal_dirty_03
material,#mc/mtl_p7_fir_tower_radio_vista_decal_dirty_02
material,#mc/mtl_p7_fir_tower_radio_vista_decal_dirty_01
material,#hash_2e5034b59db98da3
material,#hash_2e52c9776f57ef9e
material,#mc/mtl_p7_fir_barbed_wire_metal_fence_wire_01
material,#wc/t7_decal_grunge_calcium_drip_02_drk
material,#mc/mtl_c_t7_techno_body1_arm_rt_c_skin1
material,#mc/mtl_p7_fir_wheel_gate_metal
material,#hash_2e99c40b27053c23
material,d#hash_2ea1683d15d71539
material,#mc/t7_wood_planks_rustic_drk
material,#mc/mtl_p7_fir_plank_wood_dmg
material,#hash_2ede5e669a784163
material,#wc/t7_glass_window_warehouse
material,#mc/mtl_veh_mphd_m35_base_body03_steel
material,#mc/mtl_p7_pallet_wood_splinters
material,#mc/t7_cobweb_triangle_02
material,#hash_2f327c2516bffe30
material,#hash_2f327d2516bfffe3
material,#hash_2f327e2516c00196
material,#hash_2f32812516c006af
material,#hash_2f32822516c00862
material,#hash_2f32832516c00a15
material,d#mc/mtl_p7_rock_sing_park_01
material,#hash_2f73324215c6cd35
material,#hash_2f815be2832b34b8
material,d#hash_2f8be7700d66b9ff
material,d#mc/bullet_collision_rock
material,d#hash_2fb01ef6de9b4347
material,#mc/mtl_c_t7_techno_head1_skin_skin1
material,d#hash_2fe1de2e76230ab9
material,#mc/mtl_p7_debris_cardboard_flat_05_wet
material,d#mc/bullet_collision_bark
material,#wc/t7_concrete_painted_worn_white
material,#mc/t7_zm_gen_concrete_painted_01_red_blend
material,d#ei/gfx_dust_swirl_md_anim_em
material,d#ei/gfx_debris_grass_lit
material,#mc/mtl_p7_fir_ori_coat_hanging_01
material,d#mc/mtl_p7_fir_tire_stack_single_metal
material,#mc/mtl_p7_slu_corkboard_cork
material,#hash_3025aedae65e7161
material,d#hash_303335c40e0134bd
material,#mc/mtl_veh_mphd_tiara_int_02_plastic3
material,#hash_303eff079728c91b
material,#mc/mtl_veh_mphd_tiara_int_02_plastic1
material,#hash_303f04079728d19a
material,#hash_303f05079728d34d
material,#mc/mtl_veh_mphd_chinook_frame_04_grip
material,#mc/mtl_p7_bottle_plastic_soap_green_dmg
material,d#ei/gfx_smk_puff_thin_varied
material,d#hash_307e45cc4cc0a372
material,#mc/mtl_veh_mphd_m35_base_interior_wood
material,d#hash_308a3b4808a82d64
material,#mc/mtl_p7_fir_beer_can_02_dirt
material,#mc/mtl_p7_fir_foliage_grass_02_fxanim
material,#hash_309c8edb6e42435b
material,#mc/t7_decal_signage_street_lines_yellow_faded
material,#mc/mtl_p7_fir_pallete_ammo_wood_set_wood_nail01
material,#mc/mtl_p7_fir_pallete_ammo_wood_set_wood_nail02
material,d#hash_30bb1dad8d610b75
material,#hash_30d013741d8948d8
material,#hash_30d015741d894c3e
material,#hash_30d016741d894df1
material,d#mc/infinite_blackness_decal
material,#mc/mtl_veh_mphd_tiara_int_engine_plastic
material,#mc/mtl_c_t7_techno_body1_torso_armor_skin1
material,d#mc/mtl_p8_mp_flag_base_glass_emissive_01
material,d#mc/mtl_p7_fir_foliage_tree_palm_trunk
material,#hash_310ccdf7ccc3d04a
material,#mc/mtl_p7_mou_coiled_wire_dirty
material,#wc/t7_decal_grunge_calcium_drip_01_blend
material,#mc/mtl_p7_fir_wire_spool_roll
material,#hash_312645828a72d22e
material,#mc/mtl_p7_fir_tire_stack_single_stripe_white
material,#mc/mtl_p7_mou_cable_protector_main_01
material,#mc/mtl_p7_zm_ctl_crate_ammo_vintage_decal_08
material,#mc/mtl_p7_zm_ctl_crate_ammo_vintage_decal_06
material,#mc/mtl_p7_zm_ctl_crate_ammo_vintage_decal_07
material,#mc/mtl_p7_zm_ctl_crate_ammo_vintage_decal_04
material,#mc/mtl_p7_zm_ctl_crate_ammo_vintage_decal_05
material,#mc/mtl_p7_zm_ctl_crate_ammo_vintage_decal_02
material,#mc/mtl_p7_zm_ctl_crate_ammo_vintage_decal_03
material,#mc/mtl_p7_zm_ctl_crate_ammo_vintage_decal_01
material,#mc/mtl_p7_zm_moo_ship_container_frame_04_rust
material,d#hash_315aaed16dc66cb8
material,d#mc/mtl_p7_fir_bench_wood_02
material,#wc/t7_zm_gen_decal_damage_crack_line
material,#mc/mtl_veh_mphd_tiara_int_01_und_dead
material,#mc/t7_decal_grunge_rust_blend_red
material,#hash_3189ae986e6046da
material,d#hash_318e50144812fbcc
material,#hash_319539e19ce43944
material,#hash_31953ae19ce43af7
material,#hash_31953be19ce43caa
material,#mc/mtl_p7_books_office
material,#hash_31aac4c863206489
material,#mc/mtl_veh_mphd_uaz_und_chassis_01_metal_dead
material,#hash_31be148f1147eda5
material,#mc/mtl_p7_mp_flag_pole
material,#mc/mtl_p7_spl_rock_cliff_large_01_grime
material,#hash_31e85914cc0f3b02
material,#mc/t7_fir_metal_wall_corrugated_2
material,#mc/mtl_p7_crate_wood_01_green
material,#mc/mtl_veh_mphd_chinook_under_02_trap
material,#hash_321eae3926ff3149
material,d#ei/gfx_gib_metal_02_lit
material,#hash_322a59302453ff0f
material,#mc/mtl_p7_generator
material,#mc/mtl_p7_zm_nac_barrel_explosive_red_lid
material,#mc/mtl_p7_fir_bullet_pile_metal_01
material,#mc/mtl_p7_fir_bullet_pile_metal_02
material,#hash_323da55cc9804400
material,#hash_32454a3d6ccdd60f
material,#mc/mtl_c_t7_techno_body1_torso_armor_detail2
material,#hash_3255a25201b24127
material,#hash_325991a18952e6b5
material,#hash_325df28d6d200932
material,#hash_32799f91b6f76444
material,#mc/mtl_veh_mphd_uaz_int_02_01
material,#hash_32a5b6d16ddee50c
material,d#mc/mtl_veh_t8_mil_heli_light_navi_light_pnt_body_blk
material,#hash_32d5eb9e4e0af569
material,#hash_32eb854965867482
material,#hash_33000be09cbd8ffa
material,#wc/t7_metal_paint_worn_orange
material,d#mc/mtl_p7_fir_box_ammo_metal
material,d#mc/mtl_p_dest_water_fountain01_rubber
material,#hash_3335c87a3a2aa229
material,d#mc/mtl_mphd_forklift_decal014
material,#mc/mtl_mphd_forklift_decal015
material,#mc/mtl_mphd_forklift_decal016
material,#mc/mtl_mphd_forklift_decal010
material,#mc/mtl_mphd_forklift_decal011
material,#mc/mtl_mphd_forklift_decal012
material,d#mc/mtl_mphd_forklift_decal013
material,#mc/t7_fir_bullet_impact_wood_rvl
material,d#mc/mtl_p7_jun_crate_ammo_wood_metal
material,#mc/mtl_p7_zm_nac_barrel_explosive_signage_fire
material,#mc/mtl_veh_mphd_m35_base_glass
material,#hash_3396b6f524bb142c
material,#hash_3396b7f524bb15df
material,#hash_3396b9f524bb1945
material,#hash_339f77ea67ed262c
material,d#mc/mtl_p7_debris_glass_shattered_sm
material,#hash_33a785ecdeddb750
material,#hash_33a786ecdeddb903
material,#hash_33a78becdeddc182
material,#hash_33a78cecdeddc335
material,#mc/mtl_p7_barricade_gate_metal_hinge_b_metal
material,#mc/mtl_veh_mphd_tiara_back_light_yellow_dead
material,d#hash_33e9007cd93e45e8
material,#hash_33fdf38358260cf6
material,#hash_3408aafbff8810f8
material,#hash_3408adfbff881611
material,#mc/mtl_veh_t7_dlc_decal_rust_reveal
material,d#hash_343d2e66095699b1
material,#hash_3449e5ac217fe4d4
material,d#hash_344db5411a094f1b
material,#wc/t7_dlc1_wood_pine_smooth
material,#hash_3454f599b1f14752
material,#wc/t7_metal_wall_corrugated_hor_black
material,#mc/mtl_veh_mphd_tiara_int_02_metal_dead
material,#hash_346baeebb4123453
material,#hash_347c47ea99e55e17
material,#mc/mtl_p7_slu_panel_electrical_01_base_part_02
material,#mc/mtl_p7_slu_panel_electrical_01_base_part_01
material,d#hash_349308bb9d367448
material,#hash_34a528848c29b5cc
material,d#mc/mtl_wpn_t8_eqp_briefcase_bomb_circuit
material,#mc/mtl_p7_ra2_foliage_weeds
material,#mc/mtl_veh_mphd_tiara_und_chassis_01_02_dead
material,#hash_34ec4492fc5a6c45
material,#mc/mtl_p7_vld_signage_signs_01_orange
material,#mc/mtl_p7_wood_plank_rustic_2x4x120_splinter
material,#hash_35050725b837726c
material,#wc/t7_zm_gen_decal_damage_crack_line_02
material,#mc/t7_fir_plywood_natural_4_dark
material,d#mc/mtl_gib_chunk_set
material,#mc/t7_wes_wood_cedar_blend
material,#hash_3560515bcc4b6a53
material,#hash_3560525bcc4b6c06
material,#hash_3560535bcc4b6db9
material,#hash_3560545bcc4b6f6c
material,#wc/t7_cloth_carpet_backing_blend
material,#hash_356ae068f36737fe
material,#mc/mtl_p7_fir_light_industrial_details
material,#hash_356d4cc2d2eb8ac9
material,#wc/t7_zm_sta_decal_damage_concrete_cracks_04
material,#mc/mtl_p7_door_metal_industrial_signage
material,#mc/t7_metal_trim_worn_iron_dark
material,#mc/mtl_p7_light_metal_hanging_mechanic
material,#wc/t7_wood_planks_rustic
material,#mc/mtl_p8_mp_bomb_crate_whole_destroyed_gray
material,#mc/p7_fir_bathroom_mop_wood
material,#hash_35c5ef1055fedd3c
material,#hash_35c5f31055fee408
material,#hash_35c5f41055fee5bb
material,#hash_35c5f61055fee921
material,#hash_35c5f81055feec87
material,#hash_35c5f91055feee3a
material,#hash_35c5fa1055feefed
material,#hash_35c9bb96287a39d9
material,d#mc/mtl_veh_t7_mphd_forklift_guts
material,d#hash_35d17cf028f86942
material,#hash_35da0fd5373d31cd
material,#mc/mtl_c_t7_warrior_body1_egypt_gear_8_skin1
material,#hash_35e911033e91cccd
material,#hash_35ea98f328a44876
material,d#hash_35ecea0556e65ebd
material,d#mc/nodraw
material,#hash_35ff06a2cdf0f4d5
material,#mc/mtl_p7_global_chainlink_fence_kit_01
material,#mc/mtl_veh_mphd_uaz_body_02_metal
material,d#mc/mtl_veh_t8_mil_heli_light_chrome
material,#mc/mtl_veh_mphd_tiara_int_02_metal
material,#mc/mtl_veh_mphd_chinook_jungle_glass
material,#mc/mtl_p7_curtain_thread
material,#hash_362cc00fe2b79f3c
material,#mc/mtl_p7_medical_dispenser_soap_plastic
material,d#mc/mtl_veh_t8_decal_inset_bolt_normal
material,d#mc/mtl_p8_mp_bomb_crate_harness_silver
material,#hash_363fcca621f4757b
material,#mc/mtl_p7_fxp_debris_newspaper
material,#hash_3649a7e59a5fe27d
material,#mc/mtl_p7_fir_ladder_hanging_rope
material,#mc/mtl_p7_fir_ammo_crate_bullets_metal_01
material,#mc/mtl_p7_fir_targetdummy_rail_baffle
material,#hash_3672f5eef3ba4000
material,d#hash_369526d13231c168
material,d#hash_3697f4f1f53a3d03
material,d#hash_369a280659b943cc
material,#mc/mtl_p7_jun_ammo_box_decal_08
material,#mc/mtl_p7_jun_ammo_box_decal_07
material,#hash_36a54e560e19bb9b
material,#hash_36a54f560e19bd4e
material,#hash_36a550560e19bf01
material,#hash_36a551560e19c0b4
material,#hash_36b9861c5e14580d
material,d#hash_36bce9e2e94b0b7b
material,#hash_36bd4a5f85a2db67
material,#mc/mtl_p7_fir_floodlight_speaker_tall_weld
material,#hash_36f4d3ab028acf16
material,#hash_370a2ec7980597bc
material,#hash_372b5b7dde2c2968
material,#mc/mtl_p7_conduit_rust_outlets
material,#mc/mtl_veh_mphd_uaz_bumper_01_metal
material,#hash_3741094cc73d7758
material,#hash_37410c4cc73d7c71
material,#mc/mtl_p7_slu_fuse_box_electric_set_fuse_metal_01
material,#hash_3744d00d2618de0e
material,#hash_3751e6324b0f28d7
material,#mc/mtl_veh_t8_civ_truck_pickup_vista_wht
material,#hash_375e1aee8ec99724
material,#mc/mtl_c_t7_battery_body1_straps
material,#mc/mtl_p7_tape_masking_set
material,#hash_376c51f18ce7f577
material,#mc/t7_metal_trim_rivets_01_dark
material,#hash_37a131f2f24655a7
material,#mc/mtl_p7_zm_moo_ship_container_frame_01_rust
material,#hash_37a8d51709bc6018
material,#wc/t7_lgt_bouncecard_matte
material,#mc/mtl_veh_mphd_tiara_int_01_rubber_dead
material,#vd/t7_ban_decal_grunge_rust_corrosion
material,#hash_37dd2b30d58bef0c
material,#mc/mtl_veh_mphd_tiara_int_01_fabric
material,#mc/mtl_p7_slu_rollup_door_chain
material,#mc/mtl_veh_mphd_chinook_motor_front_chrome
material,#mc/mtl_p7_fir_ammo_box_wood_decal
material,#hash_37fe7c59fa08787e
material,#hash_3807628cd9b4434e
material,#hash_380c8648d1887ada
material,d#hash_38228970e62adf97
material,#hash_382a3a3623d0b410
material,#mc/mtl_p7_rus_pipe_vent_metal_decal_rust
material,#hash_382e3c2c7ff31dfb
material,#hash_382e3d2c7ff31fae
material,#hash_38384e8f676d1630
material,#mc/mtl_p7_slu_tire_dirty_rubber
material,#hash_385fc617091353d6
material,#mc/mtl_p7_fir_floodlight_speaker_tall_speaker_03
material,#mc/mtl_p7_fir_floodlight_speaker_tall_speaker_02
material,#mc/mtl_p7_fir_floodlight_speaker_tall_speaker_01
material,#mc/mtl_p7_fir_floodlight_speaker_tall_speaker_05
material,#mc/mtl_p7_fir_floodlight_speaker_tall_speaker_04
material,d#hash_3892f444ad2967ed
material,#mc/mtl_veh_mphd_uaz_body_01_white
material,d#hash_38a89da4a26790fa
material,#hash_38ae09c5584f3caa
material,#mc/mtl_c_t7_battery_hair_fibers2
material,#mc/mtl_c_t7_battery_hair_fibers1
material,#mc/t7_wood_beam_worn_oak_bleached_darker
material,#mc/t7_zm_shi_signs_02
material,#mc/mtl_veh_t8_decal_light_reflector_03_red
material,#mc/mtl_p7_rus_vent_roof_metal_decal_02
material,#wc/t7_ban_concrete_poured_bunker_dirty_01
material,#wc/t7_zm_ctl_decal_damage_bullet_plaster_01
material,d#mc/lambert1
material,#hash_394d7fcee436b7e7
material,#hash_39515d60c82624f6
material,#mc/t7_metal_rust_01
material,#mc/t7_metal_rust_03
material,#mc/t7_metal_rust_02
material,#mc/mt_c_t7_battery_head1_headset
material,#hash_395b6af4729012ad
material,#hash_395fd3d2f3d17d8c
material,#hash_395fd6d2f3d182a5
material,d#ei/gfx_gel_splat_string_lit
material,d#hash_396ee4078da681ca
material,#hash_39714c40c942d558
material,#mc/mtl_p7_fir_sign_matcu_airfield_wood
material,d#hash_397bd0baf3356f72
material,#hash_3985e8e05bc9d579
material,#mc/mtl_p7_fir_training_course_bolt_01
material,d#el/gfx_trail_laser_lit
material,d#hash_398ebeaea5262dd3
material,#mc/mtl_p8_mphd_ammo_box_wood_set_wood_twin
material,#mc/mtl_p7_zm_ver_farm_tools_decal_10
material,#mc/mtl_p7_zm_ver_farm_tools_decal_11
material,#mc/mtl_p7_zm_ver_farm_tools_decal_08
material,#hash_39a22ff376f366c8
material,#mc/mtl_p7_zm_ver_farm_tools_decal_07
material,#mc/mtl_p7_fir_boot_military
material,#mc/mtl_p7_fir_foliage_grass_01_fxanim
material,d#ei/gfx_fog_slow_sm_anim_em
material,#mc/mtl_p7_zm_gen_rubble_scattered_01
material,#mc/mtl_p7_fir_crate_wood_lrg_weld
material,#mc/mtl_veh_mphd_uaz_int_engine_black
material,d#hash_39f002035530c085
material,#mc/mtl_p7_zm_moo_ship_container_frame_06_rust
material,#hash_39f948bef8452d10
material,#hash_3a1c443bc4936ea0
material,#hash_3a1c453bc4937053
material,#hash_3a1c463bc4937206
material,#hash_3a1c493bc493771f
material,#hash_3a1c4b3bc4937a85
material,d#vdd/gfx_decal_foam
material,d#vdd/gfx_decal_bullet_wood_03
material,d#vdd/gfx_decal_bullet_wood_02
material,#mc/mtl_p7_slu_door_white_decal_01
material,#mc/mtl_p7_slu_door_white_decal_02
material,#mc/mtl_p7_slu_door_white_decal_04
material,#mc/mtl_p7_slu_door_white_decal_05
material,#mc/mtl_p7_slu_door_white_decal_07
material,#mc/mtl_p7_fir_barricade_barbed_wire_set_wood01
material,#mc/mtl_p7_fir_barricade_barbed_wire_set_wood02
material,#mc/mtl_p7_fir_gate_rolling_set_painted_01
material,#mc/t7_zm_ctl_wood_plank_wide_01_worn_blend
material,#hash_3a68827428b1790b
material,#hash_3a68837428b17abe
material,#hash_3a68877428b1818a
material,#hash_3a68887428b1833d
material,#hash_3a6c0961f01bbe1b
material,d#ei/gfx_smk_whisp_anim_02_high_dark_lit
material,#hash_3a9131da57b0af96
material,#mc/mtl_p7_fir_shelf_set_metal
material,#mc/mtl_p7_zm_moo_ship_container_door_03_rust
material,#mc/t7_fir_plywood_recycled
material,#mc/t7_rock_sand_crumbled_medium_golden
material,#mc/mtl_p7_wood_plank_rustic_2x4x120
material,#hash_3adb2f2dd94b2fe8
material,#mc/mtl_p7_fir_hose_rolled_pipe
material,d#mc/mtl_veh_t8_mil_heli_light_rotor_chrome
material,#hash_3ae94acaca839a32
material,#wc/t7_dlc1_decal_painted_orange
material,#vd/t7_wood_burned_rev
material,#hash_3b1a50081e8ed6bc
material,d#mc/bullet_collision_ice
material,#wc/mtl_p7_ctl_wood_worn_v2
material,d#hash_3b2b7c72db5ee266
material,#hash_3b2e5b6bf5d705ef
material,d#mc/mtl_mphd_forklift_bottom
material,d#mc/bullet_collision_carpet
material,#mc/t7_decal_signage_no_admittance
material,#mc/mtl_p7_zm_ori_wood_scaffold_set_decal_03
material,#mc/mtl_p7_zm_ori_wood_scaffold_set_decal_02
material,#mc/mtl_p7_zm_ori_wood_scaffold_set_decal_01
material,d#hash_3b63c212f6c5d93e
material,d#mc/mtl_veh_t8_decal_panel_52
material,d#mc/mtl_veh_t8_decal_panel_55
material,d#mc/mtl_veh_t8_decal_panel_54
material,#hash_3b6b28ef02bfc7a0
material,#mc/mtl_p7_slu_pole_chainlink_fence_metal
material,d#ei/gfx_debris_trash_multiple_lit
material,#hash_3b7828ae8491ef7a
material,d#mc/mtl_p7_fir_tool_chest_rolling_set_metal
material,#mc/mtl_p7_zm_moo_ship_container_panel_09_rust
material,#hash_3b8a63044598ce19
material,#mc/mtl_c_t7_warrior_body1_emissive
material,#hash_3b8ec48fbc758490
material,#mc/mtl_mphd_forklift_main_body_stripe
material,d#mc/mtl_mphd_forklift_screw_black
material,#mc/p7_zm_sta_bridge_metal_rust_decal_03
material,#hash_3bb4f03a0c8ad70b
material,#hash_3bb9234322c30a64
material,#hash_3bb9244322c30c17
material,#mc/mtl_veh_mphd_tiara_wheel_metal2_dead
material,#mc/t7_decal_grunge_rust_offset_01
material,#mc/mtl_p7_zm_moo_ship_container_panel_03_rust
material,#hash_3bd7edddd12c7d4a
material,#mc/mtl_veh_t7_dlc_decal_rust_14c
material,#mc/mtl_c_t7_warrior_body1_arm_lt_a1_skin1
material,d#mc/mtl_p8_mp_flag_pole_01_aluminum
material,#mc/mtl_p7_fir_tower_radio_vista_decal_spailling_01
material,d#hash_3bf0be0d501e8181
material,d#hash_3bf434ed46eb70e9
material,#mc/mtl_p7_slu_corkboard_papers
material,d#hash_3c059c0ec4f693b6
material,#hash_3c0c5b21aab8ba84
material,#hash_3c0c904e0929511b
material,#hash_3c15f7943fc1450f
material,d#ei/gfx_gib_concrete_02_lit
material,#mc/mtl_p7_zm_shi_gate_metal_set_rope
material,#mc/t7_min_decal_wood_rings
material,#mc/mtl_veh_mphd_tiara_int_01_leather
material,#hash_3c997d06e3707877
material,#hash_3c9a35be965669f6
material,#hash_3c9a36be96566ba9
material,#hash_3c9a37be96566d5c
material,#hash_3c9a38be96566f0f
material,#hash_3c9a39be965670c2
material,#hash_3c9e12d553d4e933
material,#hash_3ca29faa9012faf1
material,#mc/mtl_p7_fir_ladder_hanging_set
material,#hash_3cb397620fe5c684
material,#mc/t7_decal_grunge_concrete_stain_01
material,#hash_3cc9ce26a8e81110
material,#hash_3cc9cf26a8e812c3
material,#hash_3cc9d226a8e817dc
material,#hash_3cc9d426a8e81b42
material,#hash_3cc9d526a8e81cf5
material,d#hash_3ccc7c53443ae2f3
material,#mc/mtl_veh_mphd_tiara_body_01_plastic_dead
material,#mc/mtl_p7_fir_targetdummy_rail
material,#hash_3ce5157a09d61411
material,#hash_3ce5a7cf25b6d6ac
material,#mc/mtl_p7_fir_wire_spool_wood_texture
material,#mc/t7_ban_metal_painted_scraped
material,#mc/mtl_p8_wz_supply_stash_tag
material,#mc/mtl_p7_mou_cable_protector_dirt
material,#mc/mtl_p7_fir_crate_wood_lrg_decal_02
material,#mc/mtl_p7_fir_crate_wood_lrg_decal_03
material,#mc/mtl_p7_fir_crate_wood_lrg_decal_01
material,#hash_3d29e67f73f3e021
material,#hash_3d30e1dc379eeb43
material,#hash_3d30e2dc379eecf6
material,#mc/mtl_c_t7_warrior_head1_notskin
material,d#hash_3d34708a3cc78612
material,#vd/t7_decal_dirt_footprints_blend
material,#mc/mtl_p7_zm_ori_coat_hanging_detal
material,#mc/mtl_c_t7_warrior_body1_armor_light_skin1
material,#mc/mtl_veh_mphd_chinook_reactor_01
material,#mc/mtl_veh_mphd_chinook_reactor_02
material,#mc/mtl_p7_eth_bird_spikes
material,#mc/mtl_p7_mou_coiled_wire_damage
material,d#mc/mtl_mphd_forklift_decal09
material,#mc/mtl_mphd_forklift_decal08
material,#mc/mtl_mphd_forklift_decal05
material,#mc/mtl_mphd_forklift_decal04
material,#mc/mtl_mphd_forklift_decal07
material,#mc/mtl_mphd_forklift_decal06
material,#mc/mtl_mphd_forklift_decal01
material,d#mc/mtl_mphd_forklift_decal03
material,d#mc/mtl_mphd_forklift_decal02
material,#hash_3d8aa83400c536ee
material,#mc/mtl_p7_fir_training_course_bolt
material,#hash_3d9193a92e6c0988
material,d#mc/nodraw_decal
material,#hash_3d98c2059f40d945
material,#vd/t7_zm_isl_concrete_painted_white_blend
material,#wc/t7_decal_damage_concrete_blast
material,#wc/t7_zm_sta_dirt_gravel_blend
material,#mc/mtl_p7_fir_gate_rolling_set_decal_03
material,#hash_3ddb5825ba2ccf9c
material,#vd/t7_ra2_decal_grunge_wood_chips
material,d#hash_3dfc7008904fd81d
material,#hash_3e02033b96950089
material,#hash_3e0aa6292e262536
material,#hash_3e13d942217242ee
material,#hash_3e221d6a79cbb3da
material,#mc/mtl_p7_fire_sprinkler_interior_glass_red
material,#hash_3e2c169684fa0c5e
material,#hash_3e496969bd0dabaa
material,d#hash_3e55fd96a8f3dd2c
material,#wc/t7_decal_grunge_wet_wall_stain
material,#hash_3e6afbe8b038c373
material,#mc/mtl_p7_fir_sign_matcu_airfield_rush
material,#mc/mtl_c_t7_techno_body1_coat_skin1
material,#hash_3ea1f9f708f5162c
material,#hash_3eb344df7cb8c00b
material,#hash_3eb5ced3403aafef
material,#mc/mtl_p7_zm_ver_shower_metal_decal_02
material,#mc/mtl_p7_fir_floodlight_speaker_tall_concrete_01
material,d#mc/mtl_p7_jun_crate_ammo_wood_02
material,d#mc/mtl_p7_jun_crate_ammo_wood_01
material,d#hash_3f0ca097e7d58978
material,#mc/mtl_veh_mphd_uaz_int_03_metal_dead
material,d#mc/mtl_p7_fir_bench_wood_decal
material,#hash_3f1fb36ad9bde36b
material,#hash_3f1fb46ad9bde51e
material,#mc/mtl_p7_foliage_plant_aloe_bark_dry
material,#mc/mtl_veh_mphd_m35_base_chassis01_bits
material,#mc/t7_glass_dirty_streaks_rough_gloss
material,#mc/mtl_veh_mphd_tiara_int_01_rubber
material,d#hash_3f66929eb7744b4d
material,#mc/mtl_p7_mou_ladder_metal_ladder
material,#hash_3f73115df08cdf55
material,#mc/mtl_veh_mphd_tiara_wheel_metal_dead
material,#mc/mtl_p7_mou_tank_propane_bottle_long_dirt_02
material,#wc/t7_concrete_floor_broken_01_blend
material,#mc/mtl_p7_zm_asc_pipe_modular_set_metal
material,#hash_3f9f5a6f14fdcab3
material,#hash_3fa7604724ef439d
material,d#mc/mtl_fx_shell_alpha
material,#hash_3fb85f99b47192a9
material,d#ei/gfx_light_glow_square
material,d#hash_3fc43a57c780bf31
material,#mc/mtl_veh_mphd_m35_bed_decal
material,d#mc/mtl_veh_t7_decal_bolt_03_tint_dark
material,#mc/mtl_p7_zm_kin_generator_industrial_part_02
material,#hash_3fd5ed719ab03ba5
material,#hash_3fdb60404f1339be
material,d#ei/gfx_dust_swirl_md_anim_lit
material,#mc/mtl_p7_bottle_plastic_16oz_water_opaque
material,#mc/mtl_p7_curtain_hanging_72x72_break
material,#mc/mtl_p7_fir_air_conditioner_metal_01
material,#hash_40159d1cdd259e34
material,#wc/t7_wood_burned_rev
material,#hash_4033151c6df1c08d
material,#mc/mtl_c_t7_mp_techno_pouch_duo
material,d#ei/gfx_smk_billow_whisp_anim_distort
material,#hash_40527089612c4567
material,#hash_40527289612c48cd
material,#mc/mtl_p7_fir_outpost_storage_frame_rust
material,#mc/mtl_p7_fir_floodlight_speaker_tall_concrete
material,#mc/t7_decal_damage_plywood_edge
material,d#mc/mtl_p_dest_water_fountain01_white_02
material,#hash_406ced561da2fae6
material,#mc/mtl_veh_mphd_tiara_int_engine_plastic_dead
material,#wc/t7_concrete_wall_blocks_worn
material,#hash_408e08f3aeacd625
material,#hash_4099fd43e3ec814f
material,#mc/mtl_p7_zm_tra_pipes_metal_bolt
material,#mc/mtl_c_t7_warrior_head1_haircards2
material,#mc/mtl_veh_t7_dmg_dents_001_decal
material,#mc/mtl_p7_beams_construction_stack_wood_orange
material,#hash_40c2489a1e8ae1b7
material,#mc/mtl_veh_mphd_uaz_door_01_rubber_dead
material,#mc/mtl_p7_fir_rock_boulder_decal_02
material,#mc/mtl_p7_jun_sheet_metal_4x4_white
material,#hash_40f84bab98907362
material,#wc/t7_concrete_floor_sealed_01
material,#hash_41124d27960724a9
material,#mc/mtl_veh_mphd_uaz_decal_01
material,#mc/mtl_veh_mphd_uaz_decal_03
material,#mc/mtl_veh_mphd_uaz_decal_02
material,#mc/mtl_p7_rus_debris_paper_set_paper
material,d#mc/mtl_p7_fir_tire_stack_single_black
material,#hash_4126cf29b3c01f89
material,#hash_413fc2018d1388c3
material,#hash_413fc3018d138a76
material,#mc/mtl_veh_mphd_tiara_int_01_metal
material,#mc/mtl_p7_light_hurricane_lamp
material,#wc/t7_wood_beam_worn_oak
material,d#vd/gfx_decal_bullet_wood_03
material,d#vd/gfx_decal_bullet_wood_02
material,#hash_415f512f1c021128
material,#mc/mtl_veh_mphd_uaz_bumper_02_black
material,#hash_4169c9d87c8ff499
material,#mc/mtl_p7_zm_asc_barrel_metal_blue_dmg
material,#hash_419149ba2d07a1d0
material,#mc/mtl_p8_mp_bomb_crate_whole_destroyed_trim
material,#wc/t7_metal_patched_corrugated_metal
material,#mc/mtl_p7_jun_sheet_metal_4x8_white
material,#mc/mtl_c_t7_warrior_body1_clasps_skin1
material,#mc/bullet_collision_asphalt
material,#hash_41c880c0dd67371d
material,d#hash_41e52d5fefa74841
material,#mc/mtl_veh_mphd_m35_base_wheel02
material,#mc/mtl_veh_mphd_m35_base_wheel01
material,d#hash_4203ec5e45aa2267
material,#mc/mtl_p7_mou_pallet_wood_wood
material,#hash_4208bdd3f258379a
material,#hash_4209f5f264294c6d
material,d#hash_420a37dec34939cf
material,#mc/mtl_p7_fir_post_wood_metal
material,#hash_4220127dab9e04d9
material,#mc/mtl_c_t7_techno_body1_thrusters_skin1
material,#hash_423dde6d0b1c92ec
material,#mc/t7_ral_concrete_floor_worn
material,#hash_4247fc960c912081
material,#hash_42520054c27a28e7
material,#wc/t7_zm_sha_rock_cliff_01_wet_blend
material,#mc/mtl_mphd_forklift_cockpit_leather
material,d#mc/mtl_p7_generator_diesel_decal_01
material,#hash_426d1e7641695471
material,d#mc/mtl_veh_t8_decal_panel_line_01
material,#mc/mtl_p7_zm_asc_pipe_modular_set_weld
material,#mc/mtl_p7_fir_light_industrial_nail
material,#mc/t7_ral_concrete_floor_coated
material,#hash_42c8c4b9819c1280
material,#hash_4305209d53e418fb
material,#hash_4307e7d51551d009
material,d#hash_432d71e61c135395
material,#hash_433d6f7348973074
material,#mc/mtl_p7_slu_rollup_door_dirty
material,#mc/mtl_c_t7_techno_body1_straps_skin1
material,#mc/mtl_p7_fir_floodlight_speaker_tall_decal_02_01
material,#mc/t7_wood_beam_worn_oak_splintered
material,#mc/mtl_veh_mphd_tiara_und_chassis_02_02
material,#mc/mtl_veh_mphd_tiara_und_chassis_02_01
material,#mc/mtl_p7_zm_sta_wall_light
material,#hash_438d6d0ff2185073
material,d#hash_438d7e13f198e7c4
material,#hash_438fea515bc0be67
material,#mc/mtl_veh_mphd_uaz_wheel_rubber
material,d#hash_43a46acb6d91c5ec
material,d#hash_43a46ccb6d91c952
material,#mc/mtl_p7_zm_asc_light_emergency_plastic_backlit
material,#hash_43bb0849fac24a40
material,#mc/mtl_p7_slu_plank_wood_set_decal
material,d#ei/gfx_shockwave_elec_anim_em_i2048
material,#hash_43cb52acb539600c
material,#mc/mtl_p7_fir_wire_spool_wood_roll
material,#hash_43f0c8b0ca3755d6
material,#hash_43f782f2f499f78f
material,#mc/t7_zm_ctl_wood_plank_wide_01_blend
material,#wc/t7_decal_damage_plywood_edge_dirty
material,#hash_44132e3cf2f877ef
material,#mc/mtl_veh_mphd_tiara_back_light_glass_yellow
material,#hash_442025baa8dda7ea
material,#hash_4424e107c305dbd7
material,d#hash_44410fc1c6b35739
material,d#hash_4442747f92cfc214
material,#wc/t7_glass_dirty_grimes_02_dmg
material,#hash_44451d2411aaf4fc
material,#ei/gfx_water_drip_em
material,d#hash_446e91619073a014
material,#hash_447bf8b3db636234
material,#hash_44918aa79c223b36
material,#mc/mtl_p7_zm_tra_water_tower_set_tiling
material,d#hash_44996b54603cd075
material,#hash_449e7b2c0d84df34
material,#mc/mtl_p7_ris_bucket_plastic_5_gal_paint_white
material,#wc/p7_wood_dock_rustic
material,d#hash_44d7e3f8744cd359
material,#mc/mtl_p7_fir_net_volleyball_cloth_anim
material,#wc/t7_concrete_wall_weathered_01_dark
material,#hash_44fbdb6b3eb34f24
material,#hash_44fbde6b3eb3543d
material,#wc/mtl_p7_decal_ctl_grunge_stain_dark_01
material,#mc/mtl_p7_cai_door_wood_rustic_01_bare
material,#hash_450dc7f3803c1878
material,#mc/mtl_p7_zm_moo_ship_container_frame_03_rust
material,#vd/t7_decal_grunge_splatter
material,#hash_4526972db69b90f8
material,#hash_452c974a21df829e
material,#hash_45393267c340ef68
material,#wc/t7_metal_wall_corrugated_hor
material,d#mc/mtl_veh_t8_mil_heli_light_body_front_pnt_blk_02
material,#hash_45665ca48a715e53
material,#mc/mtl_p7_light_glass_bulb_dirty_on
material,#mc/mtl_p7_fir_sign_welcome_decal_05
material,#mc/mtl_p7_fir_sign_welcome_decal_04
material,#mc/mtl_p7_fir_sign_welcome_decal_01
material,#mc/mtl_p7_fir_sign_welcome_decal_03
material,#mc/mtl_p7_fir_sign_welcome_decal_02
material,#mc/mtl_veh_t8_dmg_scrapes_chips_3_decal
material,#wc/t7_wes_wood_floor_thick_01_bare
material,#hash_459cb8b712daf1f2
material,d#hash_45a775bb430c2b62
material,#hash_45ae15a672016940
material,#hash_45ae17a672016ca6
material,#hash_45ae18a672016e59
material,#hash_45ae7cc410060414
material,d#ei/gfx_gib_concrete_01_em
material,#mc/mtl_c_gen_eye_battery
material,#hash_45d1ee21a7f0f07c
material,d#mc/mtl_p8_mp_bomb_crate_keypad
material,d#hash_4616b996a6811573
material,d#mc/bullet_collision_glass
material,#hash_4622ae70bcc66903
material,#hash_4634a57498ce921e
material,#mc/mtl_p7_mou_fence_metal_01
material,#hash_4640f3d719bdf0f3
material,#hash_4640f4d719bdf2a6
material,#vd/t7_wes_dirt_chunky_01_blend
material,d#mc/mtl_p8_mp_bomb_crate_palette
material,#hash_4690b0cd55669442
material,#wc/t7_decal_dirt_footprints_blend
material,#mc/mtl_p7_fir_sign_matcu_airfield_text
material,#mc/mtl_veh_mphd_tiara_front_light_glass_yellow
material,d#vd/gfx_decal_bullet_glass_02
material,d#vd/gfx_decal_bullet_glass_03
material,d#vd/gfx_decal_bullet_glass_01
material,#mc/mtl_c_t7_techno_head1_hood_skin1
material,#hash_46e20adc5bfd1c8c
material,#hash_46e3e7291c848de7
material,#mc/mtl_c_t7_warrior_head1_beardcards
material,#mc/mtl_veh_mphd_uaz_body_01_black
material,#hash_470e51c4bfae75fc
material,#mc/mtl_p7_slu_cinder_block
material,d#hash_472a2e4a22d8d744
material,d#hash_472a2f4a22d8d8f7
material,d#hash_472a314a22d8dc5d
material,#hash_4730dcb60c325196
material,#hash_4730e0b60c325862
material,d#hash_4734fd3947e44e84
material,d#hash_4745f61e8278396b
material,#mc/mtl_p7_mou_tank_propane_bottle_long_base
material,#wc/t7_decal_stamp_plywood_01
material,#wc/t7_decal_stamp_plywood_03
material,#wc/t7_decal_stamp_plywood_02
material,#mc/t7_metal_trim_plasma_cut_melted_01_dark
material,#mc/mtl_p7_ibeam_bracket_dark
material,#wc/t7_decal_grunge_leaking_03
material,#wc/t7_decal_grunge_leaking_01
material,#mc/mtl_p7_fir_targetdummy_rail_rust
material,#mc/t7_metal_paint_rust_brown
material,#mc/mtl_p7_fir_fence_wood_decal01
material,#mc/mtl_p7_fir_fence_wood_decal03
material,#mc/mtl_p7_fir_fence_wood_decal02
material,#hash_47bdde1aed958ed1
material,d#hash_47c32d764f0c1d7e
material,#mc/mtl_p7_mou_earmuffs_industrial_plastic
material,#mc/mtl_veh_mphd_tiara_body_01_metal2
material,#vd/t7_decal_grunge_rust_orange_drips_dark
material,#wc/t7_con_metal_chainlink_worn
material,#mc/mtl_c_t7_assassin_body1_grenade1
material,#mc/mtl_p7_jun_gascan_vintage_paintedmetal_lid
material,#mc/mtl_p7_fir_barricade_barbed_wire_set_decal_01
material,#hash_4818dca969913515
material,#mc/mtl_p7_zm_der_window_warehouse_lattice_01
material,#mc/mtl_p7_zm_der_window_warehouse_lattice_02
material,d#hash_484afe83314b45eb
material,#hash_486dcfe22e486c9f
material,#vd/t7_zm_isl_dirt_fertile_footprints_blend
material,#hash_487aa015bd4050f6
material,#wc/t7_decal_grunge_splat_04
material,#wc/t7_decal_grunge_splat_02
material,#hash_4895102d428f0fb0
material,#mc/mtl_veh_mphd_m35_ao
material,#hash_489a42d9b0976510
material,#mc/mtl_p7_fir_wheel_gate_dirt
material,d#hash_48ab22960471b936
material,#mc/mtl_p7_slu_wire_decal_dirt_02
material,#mc/mtl_p7_slu_wire_decal_dirt_01
material,#hash_48d7a370eb660e8a
material,#wc/t7_decal_damage_concrete_tile_01_wet
material,d#mc/mtl_p8_mp_flag_base_01_metal
material,#hash_48df22b8eea8093b
material,#hash_48df25b8eea80e54
material,#hash_48df27b8eea811ba
material,#hash_48df28b8eea8136d
material,#hash_48e350999a8eaccf
material,d#ei/gfx_spark_rndhit_core_em
material,#mc/mtl_p7_fir_targetdummy_rail_screw
material,d#mc/mtl_wpn_t8_eqp_briefcase_bomb_decals_label
material,#mc/mtl_p7_fir_targetdummy_rail_wood_01_side
material,#mc/mtl_p7_light_emergency_a
material,#wc/t7_ban_wood_old_rotten
material,#hash_4910b91e7243410d
material,#mc/mtl_p7_rus_pipe_vent_metal_decal_rust_02
material,#mc/mtl_p7_fir_wire_spool_wood_nail_rust
material,#hash_49311ce4d57b5b4a
material,#mc/t7_dirt_fertile_dark_blend
material,#wc/t7_metal_corrugated_worn_gray
material,#mc/mtl_veh_mphd_uaz_body_und_dead
material,d#mc/mtl_veh_t8_mil_heli_fan_int
material,#mc/mtl_p7_barricade_gate_metal_hinge_a_metal
material,#mc/mtl_p7_fir_monitor_security_tv_dirt
material,#hash_497775813ad756ec
material,#mc/mtl_mphd_forklift_main_frame_black
material,d#mc/clip_player
material,#mc/mtl_p7_box_copy_paper_nocull
material,d#hash_49854428aaac6edb
material,#mc/mtl_p7_curtain_hanging_36x122_worn_bld
material,d#vdd/gfx_decal_bullet_glass_01
material,d#vdd/gfx_decal_bullet_glass_02
material,d#vdd/gfx_decal_bullet_glass_03
material,#hash_499b1fd295e25e25
material,#mc/mtl_c_t7_warrior_body1_pants_skin1
material,#mc/mtl_p7_fir_beer_can_02_paint
material,#mc/mtl_p7_rus_pipe_vent_metal_decal_nail
material,#hash_49be343cc810d29c
material,#hash_49c7872e311e85e1
material,d#ei/gfx_dust_clump_lit
material,#hash_49d2c6fa7ad75d5a
material,#hash_49d76ae023992401
material,#hash_49dcd46231b8af3a
material,#mc/mtl_c_t7_warrior_body1_egypt_gear_6_skin1
material,d#hash_49e02a656fa63f44
material,d#hash_49e040a434da544b
material,d#mc/bullet_collision_metalthin
material,#mc/mtl_veh_mphd_uaz_glass_01
material,#mc/mtl_veh_mphd_uaz_glass_02
material,#mc/mtl_p8_nt4_old_wall_caged_light_glass_dirt
material,#mc/mtl_p7_fir_training_course_decal_rope
material,#hash_4a0e993b9d07134f
material,d#hash_4a1fb0f9901ebd70
material,#mc/mtl_veh_mphd_uaz_decal_02_dead
material,d#hash_4a33e4cd1c55067b
material,#mc/mtl_veh_mphd_tiara_front_light_dead
material,#hash_4a8067ac9e7b39b2
material,d#hash_4a887df8b411e00a
material,d#mc/mtl_p7_mou_snow_chunk_snow_decal
material,#hash_4a92c2207851a39d
material,#hash_4a982bb3bf1ebc84
material,#hash_4a982eb3bf1ec19d
material,#mc/mtl_p7_slu_fuse_box_electric_set_wire
material,d#ei/gfx_spark_grind_anim_em
material,#mc/mtl_p7_fir_pallete_ammo_wood_set_wood_metal
material,#hash_4ace2a76df04515e
material,d#hash_4acfa36062e61c0f
material,d#hash_4acfa46062e61dc2
material,#hash_4ad961510936ee67
material,#hash_4ad962510936f01a
material,#hash_4af5508c8c8b40fe
material,#mc/mtl_p7_zm_der_light_set_paint_green_drk
material,#hash_4b120c8e6866d1e2
material,d#hash_4b188289baa960ef
material,#mc/mtl_c_t7_battery_body1_ammo_belt_skin1
material,#wc/t7_decal_grunge_wall_stain_01_blend
material,#hash_4b203b4a87b82858
material,#hash_4b203c4a87b82a0b
material,#hash_4b203e4a87b82d71
material,#hash_4b203f4a87b82f24
material,#hash_4b20404a87b830d7
material,#hash_4b20414a87b8328a
material,#hash_4b20424a87b8343d
material,d#hash_4b2d0189babae1c6
material,d#hash_4b2d0489babae6df
material,d#mc/mtl_p7_fir_tire_stack_single_damaged
material,#hash_4b3e0222d3673ad4
material,#mc/mtl_p7_foliage_grass_dry
material,#mc/mtl_p7_plank_wood_damaged_2x4x64
material,#hash_4b558f6f1ddd79c3
material,d#hash_4b66fc2ba9c4116f
material,#mc/mtl_p7_mou_folder_manila_paper
material,#mc/mtl_p7_debris_trash_paper_02
material,#mc/mtl_p7_debris_trash_paper_09
material,#mc/mtl_c_hro_khalil_egypt_gear_3
material,#mc/mtl_p7_debris_trash_paper_10
material,#mc/mtl_p8_nt4_old_wall_caged_light_metal_dirt
material,#mc/mtl_p7_wes_dark_wood_plank
material,d#ei/gfx_gel_splat_string_spec
material,#hash_4bb190c35b40fb91
material,d#ei/gfx_gib_glass_02_em
material,#hash_4bc9a326a444c0d8
material,d#hash_4be545c1c96e007e
material,#wc/t7_decal_signage_numbers_stencil_grungy_red
material,#mc/mtl_p7_rus_vent_roof_metal
material,#mc/mtl_p7_zm_ori_gutter_02
material,#mc/mtl_p7_zm_ori_gutter_01
material,d#mc/mtl_veh_t8_mil_heli_light_engine_titanium
material,#wc/t7_decal_grunge_water_stain_02
material,#hash_4c240c1358e0a69d
material,#hash_4c3577183fe86d4c
material,#hash_4c413fe6ae4a1c85
material,#mc/mtl_veh_mphd_tiara_int_engine_blue_dead
material,#mc/mtl_p7_wood_plank_rustic_2x16x48_darker
material,#hash_4c81633b6a4fa116
material,#hash_4c9e34db4d5f4103
material,#hash_4c9e35db4d5f42b6
material,d#hash_4ca98bd25f243a7a
material,d#mc/mtl_p7_fir_tank_propane_glass
material,#wc/mtl_p7_sin_bs_train_decal_grunge_rust_04
material,#hash_4cbe212117e83c25
material,#mc/t7_dlc1_plastic_hose_small_yellow
material,d#vd/gfx_decal_exp_blast_03
material,d#vd/gfx_decal_exp_blast_02
material,d#vd/gfx_decal_exp_blast_01
material,#mc/mtl_p7_fir_beer_can_02_metal1
material,#mc/mtl_p7_cai_street_signage_bolt_painted_white
material,d#hash_4ce8db9ff3d77903
material,d#hash_4cea8c8b7788218f
material,#hash_4ceaffb05f867eae
material,#mc/mtl_p7_mou_folder_manila_metal
material,#hash_4d1147525947fd99
material,#mc/mtl_p7_slu_corkboard_wood_decal
material,#mc/mtl_p7_fir_monitor_security_tv
material,d#mc/mtl_p_dest_water_fountain01_gray
material,#hash_4d24a1bfb3019326
material,#hash_4d2d100596e825df
material,#hash_4d351bf4a40ed2b8
material,#hash_4d351df4a40ed61e
material,#hash_4d351ef4a40ed7d1
material,#hash_4d3520f4a40edb37
material,#mc/mtl_veh_mphd_tiara_int_01_yellow
material,#mc/mtl_veh_mphd_tiara_int_01_top
material,#mc/mtl_p7_fir_bench_bleacher_metal_01
material,d#hash_4d60e66de38e223c
material,#mc/mtl_c_t7_blockout_battery_body1_holster_skin1
material,#mc/mtl_p7_tiedown_hook_metal_01
material,#hash_4d7d67b224fc3f1b
material,#hash_4d811b15efb3cbbe
material,#wc/t7_decal_damage_concrete_dust
material,#mc/t7_glass_dirty_brass_opaque
material,#mc/mtl_p7_zm_ori_wood_planks_dmg_set_wood_burnt_wet
material,#hash_4db09d4405aa425e
material,d#hash_4db24aaa1018b5fc
material,d#hash_4db55124e9e2ab91
material,#mc/t7_metal_worn_chrome_base_rust
material,#mc/mtl_veh_mphd_tiara_body_02_white
material,#hash_4dd01f0b00284a93
material,#hash_4deca629d9522041
material,d#hash_4df56b939945cb57
material,d#mc/mtl_p7_fire_extinguisher_digital_metal
material,d#hash_4e123a84eee4b93e
material,#hash_4e1406ad362a05ca
material,#mc/t7_decal_grunge_ceiling_water_stain_drk
material,#mc/mtl_veh_mphd_tiara_int_engine_wire_dead
material,#hash_4e380116f64c568c
material,#mc/t7_metal_grunge_med_01
material,#hash_4e70dce81d4e3a50
material,#hash_4e76d0fb5dbbfe0f
material,#hash_4e7b264211d7538b
material,#mc/mtl_p7_jun_sheet_metal_2x4_white
material,#hash_4e81a8beaf19ec1d
material,d#hash_4e94ccc7f0a7c1ac
material,#hash_4e9b75b1f9e35f44
material,#mc/mtl_p8_mphd_ammo_box_wood_set_wood02
material,#mc/mtl_p8_mphd_ammo_box_wood_set_wood01
material,#wc/t7_aqu_decal_signage_wall_marking_01
material,#hash_4ec635a8d8ccc25b
material,#hash_4ed1542be4cf8e6e
material,d#mc/mtl_veh_t8_mil_heli_light_body_rear_pnt_body_blk
material,d#hash_4eeb316479eacdde
material,d#hash_4eec60a23359d29c
material,#mc/t7_concrete_rough_layered_01
material,#wc/t7_rubble_concrete_md_blend_wet
material,#mc/mtl_p7_fxanim_fir_outpost_storage_camo_net
material,d#mc/mtl_veh_t8_mil_heli_attack_rockets_pnt_blk
material,#mc/mtl_p7_zm_ctl_crate_ammo_vintage_metal_01
material,#mc/mtl_p7_zm_ctl_crate_ammo_vintage_metal_02
material,#mc/mtl_p7_zm_ctl_crate_ammo_vintage_metal_03
material,#hash_4f19fe58fd5bc222
material,#wc/t7_veh_decal_grunge_rust_09_red
material,d#hash_4f4c497b915c3667
material,d#ei/gfx_smk_tendril_2_lit
material,d#hash_4f55fb0d567a6501
material,#mc/mtl_p7_mou_ladder_metal_screw
material,#mc/mtl_p7_zm_isl_foliage_grass_large_sway
material,d#hash_4f67b3678e85f969
material,#mc/t7_wood_planks_rustic
material,#hash_4f7704ef73e45d5a
material,#wc/t7_sand_pebbles_fine_golden_blend
material,#mc/mtl_p7_beams_construction_stack_wood_white
material,#mc/mtl_p7_ban_debris_car_door_chain
material,#hash_4fc090dadfa84d3e
material,#mc/t7_decal_grunge_leaking_03
material,#wc/t7_concrete_floor_trim_01
material,#wc/t7_metal_paint_rust_brown
material,#mc/mtl_p7_fir_bathroom_mirror_decals
material,d#mc/mtl_p7_fir_tire_stack_single_dirt_01
material,#mc/mtl_p7_fir_net_volleyball_rope_anim
material,d#mc/mtl_veh_t8_mil_heli_attack_rotor_titanium
material,#mc/mtl_p7_rus_pipe_vent_metal_decal_line
material,#mc/mtl_p7_zm_moo_ship_container_frame_05_rust
material,#mc/mtl_p7_mou_barrel_metal_02_metal_painted
material,#wc/t7_metal_garage_door_rollup_01_bare
material,#mc/mtl_p7_foliage_tree_palm_damaged_leaves
material,#mc/mtl_c_t7_techno_head1_visor_skin1
material,#hash_503cb5ccd286cb6b
material,#mc/mtl_veh_mphd_uaz_und_chassis_02
material,#mc/mtl_veh_mphd_uaz_und_chassis_03
material,#mc/mtl_veh_mphd_uaz_und_chassis_01
material,#mc/mtl_veh_mphd_uaz_und_chassis_04
material,d#mc/mtl_t8_decal_grunge_drip_02
material,#hash_505e648b4350e535
material,#mc/mtl_p6_wood_plank_rustic01
material,#mc/mtl_p7_fir_table_wood_rustic_wood
material,d#hash_5090c8283e601381
material,#mc/mtl_p7_jun_foliage_bush_bark
material,#mc/mtl_c_t7_battery_hair_eyelashes
material,#mc/mtl_veh_mphd_tiara_body_01_plastic2
material,#hash_50b4952fe619faf0
material,d#mc/bullet_collision_paintedmetal
material,#hash_50ba050e3fdce683
material,#wc/t7_zm_asc_metal_painted_rusty_green
material,d#hash_50c3ff1bef88c279
material,#hash_50c8d337bc82322e
material,#mc/mtl_p8_mp_bomb_crate_whole_destroyed_burned02
material,#hash_50d587e03cd10bb3
material,d#hash_50e1eccd6272b5f5
material,d#hash_50e61c242c44b106
material,#mc/mtl_veh_mphd_tiara_front_light_glass
material,#hash_50f91c51a3fe6cbe
material,#hash_50f987d5c1fd3a13
material,d#mc/mtl_p8_wz_supply_stash_ammo
material,d#mc/187_grey
material,#mc/mtl_p7_zm_ctl_light_cage_set_wick
material,d#mc/mtl_p7_fir_bench_wood_dirt
material,#mc/mtl_veh_mphd_tiara_but_04
material,#mc/mtl_veh_mphd_tiara_but_01
material,#mc/mtl_veh_mphd_tiara_but_02
material,#mc/mtl_veh_mphd_tiara_but_03
material,#mc/mtl_p7_fir_sign_matcu_airfield_soil
material,#mc/mtl_p7_zm_der_chainlink_fence_kit_01
material,#hash_51a6468ab67be72d
material,#mc/mtl_c_bc_femalesoldier_grenade
material,#hash_51ac4922cf300f26
material,d#hash_51b9c0a0b4bb02ee
material,#mc/mtl_p7_fir_net_volleyball_metal_anim
material,#mc/mtl_p7_fir_plank_wood_dmg_dirt
material,d#mc/mtl_p7_jun_crate_ammo_wood_rope
material,#vd/t7_decal_grunge_rust_blend_red
material,#hash_522799edb85c9587
material,#mc/mtl_p7_fir_foliage_tree_palm_decal_02
material,d#mc/mtl_p7_fir_foliage_tree_palm_decal_03
material,d#mc/mtl_p7_fir_foliage_tree_palm_decal_01
material,d#mc/mtl_veh_t8_mil_heli_attack_rotor_steel
material,#mc/t7_fir_bullet_impact_metal_rvl
material,#wc/t7_ban_metal_painted_rusty_grey
material,#mc/mtl_veh_mphd_m35_bed
material,#hash_525477e57de2dc50
material,#hash_52596eb48d89552f
material,#mc/mtl_p7_fir_training_course_rope_01
material,#mc/mtl_p7_conduit_metal_outlets
material,d#hash_5293fc671967b1cd
material,#mc/mtl_p7_lab_spotlight_generator_lit
material,#hash_52b48bc07f1f3882
material,#mc/mtl_p7_roof_vents_02_paper_grey_dk
material,d#mc/mtl_veh_t8_mil_heli_light_int_steel
material,#wc/t7_concrete_painted_red_blend
material,#hash_52c45d63f697b44f
material,#mc/mtl_p7_corrugated_sheet_metal_rust_dmg
material,#mc/mtl_c_t7_warrior_body1_cloth_light_skin1
material,#hash_52c936d50d755ef2
material,d#mc/bullet_collision_glasscar
material,d#hash_52e705c7a2e447c2
material,#hash_52e7a1d1264937d6
material,d#ei/gfx_water_splash_swirl_anim_lit
material,#mc/mtl_veh_mphd_tiara_int_engine_plastic_white
material,#mc/mtl_p7_zm_sta_bridge_metal_trim
material,#wc/t7_decal_grunge_ceiling_water_stain
material,d#hash_5308de3e49ae5d9b
material,d#mc/mtl_c_gen_insidemouth_teeth
material,d#hash_530ecb6094ec1b59
material,#mc/mtl_p7_slu_rollup_door_rivet
material,#hash_5313703d7786d939
material,#mc/mtl_veh_mphd_tiara_body_01_green_dead
material,#wc/mtl_p7_zm_ctl_metal_trim_aluminum
material,#mc/mtl_veh_mphd_tiara_int_engine_rubber
material,#hash_534dbd107d9c0b42
material,#hash_5355a44d76841501
material,#hash_537ba77a72fd6cfa
material,#mc/mtl_p7_zm_tra_water_tower_set_metal_weld
material,#mc/mtl_p7_light_fluorescent_subway_bulb
material,#mc/mtl_p7_electrical_box_set2_boxes
material,d#mc/mtl_p7_fir_tire_stack_single_black_01
material,#mc/t7_wood_plywood_trim_dirty
material,#mc/mtl_p7_rus_box_electric_set_key_02
material,#mc/mtl_p7_rus_box_electric_set_key_03
material,#mc/mtl_veh_mphd_tiara_body_01_rubber
material,#hash_53b8df63769edb63
material,#mc/mtl_veh_mphd_m35_base_interior_leather
material,d#vd/gfx_decal_blood_nonfatal_02
material,d#vd/gfx_decal_blood_nonfatal_01
material,d#hash_53d3ff5992fbb947
material,#hash_53d5aa401352ecd8
material,#mc/mtl_p7_cup_coffee_paper
material,#mc/mtl_veh_mphd_uaz_glass_01_dead
material,#mc/mtl_p7_dock_wood_rustic_set_decal_03
material,#mc/mtl_p7_dock_wood_rustic_set_decal_01
material,#mc/mtl_p7_dock_wood_rustic_set_decal_06
material,#mc/mtl_p7_dock_wood_rustic_set_decal_05
material,#hash_5409370be545408c
material,d#hash_541852e9085364c3
material,#mc/mtl_veh_mphd_tiara_int_engine_black_dead
material,#hash_5433aeb304518eb8
material,#hash_5433b1b3045193d1
material,d#mc/mtl_fx_char_gib_chunks
material,#hash_544d4b87e2282597
material,#hash_545303b7ee1cf513
material,#hash_545304b7ee1cf6c6
material,#hash_5453541d66188987
material,#mc/mtl_p7_jun_gascan_vintage_screw
material,#wc/t7_decal_grunge_leaking_01_notile
material,d#hash_545fba7744e91c9c
material,#hash_5468678fe25dd6db
material,d#hash_546ef7df9ab1a67e
material,#hash_54716feeb9284cae
material,#mc/mtl_p7_fir_table_wood_rustic_decal_01
material,#mc/mtl_p7_fir_table_wood_rustic_decal_02
material,#mc/mtl_p7_fir_table_wood_rustic_decal_03
material,#mc/mtl_p7_fir_table_wood_rustic_decal_04
material,#mc/mtl_p7_fir_table_wood_rustic_decal_05
material,d#hash_547455b001b7d608
material,d#hash_54803a2a52c007fa
material,d#mc/mtl_veh_t8_mil_heli_light_body_front_pnt_blk
material,d#hash_54b3094fae3bb603
material,#mc/mtl_p7_fir_barrier_concrete_stone
material,d#hash_54cc35cdf3962e4e
material,#mc/mtl_p8_nt4_old_wall_caged_light_screw
material,#mc/mtl_veh_mphd_uaz_int_chair_metal
material,#hash_54def4ee5ae13afe
material,#hash_54e3c00bd89e92ac
material,#mc/mtl_p7_fir_ammo_box_wood_decal_06
material,#mc/mtl_p7_fir_ammo_box_wood_decal_05
material,#mc/mtl_p7_fir_ammo_box_wood_decal_04
material,#mc/mtl_p7_fir_ammo_box_wood_decal_03
material,#mc/mtl_p7_fir_ammo_box_wood_decal_02
material,#mc/mtl_p7_fir_ammo_box_wood_decal_01
material,#mc/mtl_veh_mphd_tiara_front_light_yellow
material,#mc/mtl_p7_fir_table_ledge_wood_set_decal_02
material,#mc/mtl_p7_fir_table_ledge_wood_set_decal_03
material,#mc/mtl_p7_fir_table_ledge_wood_set_decal_01
material,#mc/mtl_p7_fir_table_ledge_wood_set_decal_04
material,#mc/mtl_p7_fir_table_ledge_wood_set_decal_05
material,#hash_5503b2d66c0f82ef
material,#mc/mtl_veh_mphd_uaz_int_01_dead
material,#mc/mtl_veh_mphd_tiara_int_01_fabric_dead
material,#mc/t7_zm_isl_decal_signage_stripe_caution
material,#hash_5512c526c1b58880
material,#hash_55149eee9e08c104
material,#mc/mtl_p7_zm_nac_bucket_metal
material,#hash_55219798cd4bd2de
material,#mc/mtl_p7_wood_plank_rustic_2x8x108
material,#mc/t7_decal_damage_wood_splinter_01_darker_nocul
material,d#vd/gfx_decal_blood_fatal_01
material,d#vd/gfx_decal_blood_fatal_02
material,#mc/mtl_skybox_default_black
material,d#mc/mtl_veh_t8_mil_heli_light_belt_polyester
material,#hash_5553926bbbc85075
material,#mc/mtl_p7_signage_warning
material,d#hash_556233d6551c1c28
material,#mc/mtl_veh_mphd_uaz_body_03_dead
material,#hash_557d492bc2881223
material,#mc/mtl_p7_zm_ctl_light_cage_set_glass
material,#hash_5589022cd8c33bbc
material,#mc/mtl_p7_rus_pipe_vent_metal_01
material,#mc/mtl_p7_rus_pipe_vent_metal_02
material,#mc/mtl_p7_slu_wire_decal_rust
material,#mc/mtl_p7_slu_meter_electric_01_base_burnt_02
material,#mc/mtl_p7_slu_meter_electric_01_base_burnt_01
material,#mc/mtl_p7_zm_asc_light_emergency_plastic_01
material,#wc/t7_wood_worn_brown_blend
material,#mc/mtl_c_t7_battery_gear_8
material,#mc/mtl_p8_mphd_ammo_box_wood_set_wood_twin_paint
material,d#hash_55b31360bf76261d
material,d#hash_55c0cc382f43c84b
material,#mc/mtl_p7_jun_sheet_metal_4x8_2
material,#mc/mtl_veh_mphd_chinook_decals_01
material,d#mc/bullet_collision_metal
material,d#mc/mtl_wpn_t8_eqp_briefcase_bomb_top
material,#mc/mtl_veh_mphd_tiara_glass_02
material,#mc/mtl_veh_mphd_tiara_glass_01
material,#hash_5606a2feb1aaafb3
material,#hash_5606a3feb1aab166
material,#hash_5606a4feb1aab319
material,#hash_5606a5feb1aab4cc
material,#hash_5606a6feb1aab67f
material,#hash_5606a7feb1aab832
material,#hash_56140dca432fef1f
material,#hash_561a04ab4881950e
material,d#vdd/gfx_decal_bullet_metal_03
material,d#vdd/gfx_decal_bullet_metal_02
material,d#vdd/gfx_decal_bullet_metal_01
material,#hash_564cf226c711f9e2
material,#mc/mtl_veh_mphd_uaz_door_01_dead
material,#hash_566fd781455428ea
material,#mc/mtl_c_t7_techno_body2_lights
material,#mc/t7_zm_shi_wood_planks_rustic_worn
material,#hash_56826946c846ddc4
material,#hash_5692ca5b22eb088e
material,#mc/mtl_p7_mou_coiled_wire_cut
material,#mc/mtl_p7_fir_barricade_barbed_wire_set_metal01
material,#hash_56c565a4bbe61ec5
material,#mc/mtl_p7_zm_shi_corrugated_metal_painted_white_dmg
material,#mc/mtl_c_t7_techno_body1_shoulderguard_left_skin1
material,#mc/mtl_p7_mou_cable_protector_leaks
material,#hash_56fdb2f80a4756bd
material,d#mc/mtl_p7_tank_welding_set_plastic
material,#mc/mtl_p7_zm_ctl_crate_ammo_vintage_wood_03
material,#mc/mtl_p7_zm_ctl_crate_ammo_vintage_wood_01
material,d#hash_571a3c9d5ba9f2e7
material,#hash_571d3bcecaf69622
material,d#vdd/gfx_decal_default_01
material,#hash_57489fb9deb3442f
material,#hash_5748a0b9deb345e2
material,#hash_574b8798e6e818ab
material,#hash_574b8898e6e81a5e
material,#hash_574b8998e6e81c11
material,#hash_575096ac5051f3e5
material,#wc/t7_decal_grunge_rust_blend_red
material,#mc/mtl_p7_signage_caution_back_02
material,d#el/gfx_distort_trail_tracer
material,#mc/mtl_p7_mou_trash_can_fe
material,#hash_577f01229204a67e
material,#mc/mtl_p7_fir_post_wood2
material,#mc/mtl_p7_zm_tra_water_tower_dirt
material,#mc/mtl_p7_fir_light_industrial_metal_black
material,#hash_57d782b5d9a20669
material,#hash_57dada1cc88b4d6a
material,#mc/mtl_p7_fir_wheel_gate_rubber
material,#hash_57e54bae0d049ddc
material,d#hash_57f068e75dd50157
material,#mc/mtl_p7_ra2_anvil_set_metal_02
material,#mc/mtl_veh_mphd_tiara_int_engine_wire
material,#mc/mtl_p7_fir_light_industrial_metal_light_black
material,#hash_57f4ad4abf47bcfc
material,d#mc/mtl_mphd_forklift_pillar
material,#mc/mtl_veh_t8_dmg_scrapes_chips_5_decal
material,#mc/mtl_p7_jun_rock_med_sml_a
material,#hash_580f773d8e7ffd42
material,#hash_58197d5bcd05437b
material,#mc/mtl_p7_zm_tra_water_tower_tiling
material,d#mc/bullet_collision_metalcatwalk
material,#mc/mtl_veh_mphd_uaz_body_01_white_dead
material,#wc/infinite_blackness
material,#mc/mtl_p7_hydraulic_pump_motor
material,#mc/t7_ban_metal_rust_painted_01_black
material,#hash_583977c12d32bdce
material,d#hash_583c2bc969ca3e87
material,#mc/mtl_p7_zm_sta_shelf_wall_metal_2
material,#hash_5846dae16af69e57
material,#hash_5846dbe16af6a00a
material,#mc/mtl_p7_fir_foliage_tree_palm_fan03_proxy_tiled
material,#mc/mtl_veh_mphd_tiara_int_01_und
material,#mc/mtl_p7_mou_barrel_metal_02_metal_painted_01_darkblue
material,#mc/mtl_veh_mphd_m35_base_chassis01_rubber
material,#mc/mtl_veh_mphd_uaz_und_chassis_02_metal
material,#mc/mtl_p7_zm_debris_newspaper_german_burnt
material,#hash_589c47b2d9ba5298
material,#mc/mtl_p7_curtain_hanging_72x72_worn_bld
material,d#hash_58a684cc66d24121
material,#hash_58a69ffceb871ec0
material,#hash_58c36a5865e1e5d7
material,#mc/mtl_p7_fir_rock_lrg_04
material,#mc/mtl_p7_fir_rock_lrg_01
material,#mc/mtl_p7_fir_rock_lrg_02
material,#mc/mtl_p7_fir_rock_lrg_03
material,#mc/mtl_p7_light_fluorescent_subway_bulb_off
material,#mc/mtl_p7_fir_training_course_decal_01
material,#mc/mtl_p7_fir_training_course_decal_03
material,#mc/mtl_p7_fir_training_course_decal_02
material,d#mc/mtl_mphd_forklift_glass_white
material,d#mc/mtl_p7_fire_extinguisher_digital_glass
material,#mc/mtl_p7_fir_sign_matcu_airfield_paint
material,#mc/t7_stone_slate_roof_tile_01
material,#hash_5926ab29c1fd00b9
material,#wc/mtl_p7_wes_trunk_wood_01_dirt_decal
material,d#hash_59327ef35b9dc57c
material,#mc/mtl_p7_roof_vents_03_metal_bare
material,#mc/mtl_p7_debris_glass_shards_edge
material,#mc/mtl_p7_zm_kin_cabinet_storage
material,#hash_594a262446cb483c
material,#mc/mtl_c_t7_techno_body1_shinguards_skin1
material,#hash_5952350d46ed890f
material,#hash_5953fd8a5a01acc2
material,#hash_59663593ff8c1932
material,d#hash_596819ffaee897b8
material,d#ei/gfx_fog_slow_lg_anim_em
material,#hash_597c46014a4bb992
material,#hash_59809c550516f2c2
material,#wc/mtl_p7_wes_wood_dock_rustic_red
material,#mc/mtl_p7_debris_glass_shards
material,d#mc/mtl_veh_t8_mil_heli_light_engine_griptape
material,#hash_59cc696939a6d4d2
material,#mc/t7_wood_plywood_painted_white_wet
material,#mc/mtl_p7_wes_washstand_vintage_towel
material,#mc/mtl_p7_fir_chair_wood_wood
material,#mc/mtl_veh_mphd_chinook_under_03_trap
material,#wc/t7_dlc1_sand_pebbles_fine
material,d#hash_5a0489d83f403c21
material,#hash_5a067bd3a6aaad5e
material,#mc/t7_shr_wood_wall_weathered_dark_blend
material,d#hash_5a14642f68ff7c25
material,d#hash_5a146b364538fb3b
material,d#mc/mtl_p8_mp_flag_pole_01
material,#mc/mtl_c_t7_battery_body1_wristwrap_skin1
material,d#ei/gfx_smk_tendril_1_distort
material,#mc/mtl_p7_fir_cabinet_wood_set_wood_01
material,#mc/mtl_p7_fir_cabinet_wood_set_wood_02
material,#mc/mtl_p7_fir_cabinet_wood_set_wood_03
material,#mc/mtl_p7_fir_pallete_ammo_wood_set_wood_line
material,#hash_5a3a2f4e52aea8af
material,#mc/mtl_p7_zm_tra_fence_quarantine_cloth_02
material,#mc/mtl_p7_suspension_bridge_bolt_01
material,#mc/mtl_p7_roof_vents_01_metal_bare
material,#mc/mtl_c_t7_warrior_head1_emissive
material,#hash_5a823009a0b34b1b
material,#mc/t7_asphalt_damaged_dark_desert
material,#hash_5aa362a2370e3e4a
material,#hash_5aafc9287526ac4d
material,#hash_5acba5730f08cea7
material,#hash_5acde8669e38752f
material,#mc/mtl_c_t7_battery_head1_dogtags
material,#hash_5acf9e1256d89431
material,#mc/mtl_p7_fir_signage_metal_exit_screen
material,#hash_5ad6882238acb7be
material,#mc/mtl_t7_zm_gen_painted_wall_decal_grey
material,#mc/mtl_veh_mphd_uaz_front_light_glass_red
material,#hash_5af70864d4af7c97
material,#mc/t7_cobweb_tangled_01
material,#mc/mtl_veh_mphd_tiara_body_01_green
material,d#hash_5b0c3381fabaa6a8
material,d#hash_5b139138ce14c271
material,#mc/mtl_p7_dock_wood_rustic_set_bark
material,d#hash_5b1ccd5f49922602
material,#mc/t7_fir_metal_corrugated_rust_bend
material,#mc/mtl_veh_mphd_m35_base_chassis01_paint
material,#hash_5b38b2453e135dec
material,#mc/mtl_veh_mphd_uaz_int_engine_black_dead
material,#hash_5b447723ed1d4b6b
material,#hash_5b447823ed1d4d1e
material,#hash_5b447923ed1d4ed1
material,#hash_5b45b08912988f9e
material,#mc/mtl_p7_zm_asc_pipe_modular_set_decal_dirt
material,#hash_5b50b00dc3af7bac
material,#mc/mtl_c_t7_warrior_body1_pouch1_skin1
material,#mc/mtl_c_t7_techno_body1_cyberhand_skin1
material,#mc/mtl_p7_wes_wood_plank_old_64
material,#mc/mtl_veh_mphd_m35_base_body02_light
material,#mc/mtl_p7_jun_foliage_bush_branches_02
material,#mc/mtl_p7_jun_foliage_bush_branches_01
material,#hash_5ba6a38e9d22ad5a
material,#hash_5ba90e5b77ac7c7c
material,d#hash_5bca866bb93d0567
material,#mc/mtl_veh_mphd_tiara_und_chassis_01_01_dead
material,d#hash_5be231f48812c869
material,#hash_5be83fc05f953da0
material,#wc/t7_plastic_wire_black
material,#hash_5c0a44932702c980
material,#hash_5c11864eef229116
material,#mc/mtl_p7_zm_asc_light_emergency_lamp
material,d#hash_5c2a96ebf9fa1dca
material,#mc/t7_decal_damage_plywood_edge_wet
material,#mc/mtl_veh_mphd_m35_bed_ground
material,#mc/mtl_veh_mphd_chinook_frame_05_grip
material,d#hash_5c5959758c8744f0
material,d#hash_5c5ade77abe3eeba
material,d#hash_5c5d8844d54e4e3b
material,#mc/mtl_p7_slu_garage_door_metal_01
material,#mc/mtl_p7_slu_garage_door_metal_02
material,#mc/mtl_p7_slu_garage_door_metal_03
material,#mc/mtl_p7_slu_garage_door_metal_04
material,#hash_5c83b29ebe930973
material,#mc/mtl_p7_debris_asphalt_chunks_md_1_and_2
material,#mc/mtl_p7_zm_nac_barrel_explosive_red_dmg_01_metal
material,#mc/mtl_p7_fxanim_gp_trash_paper_towel_01_dirty_s3
material,#hash_5c94c7dcedd63f83
material,#wc/t7_out_metal_bare_01_rust_soft_blend
material,#wc/t7_zm_asc_corrugated_metal_bare
material,#mc/t7_metal_planter_top_trim_large_painted_grey_worn
material,#mc/t7_zm_shi_wall_trench_wood_01
material,#hash_5cc4915a9901430c
material,#hash_5cc85daaa2597934
material,d#hash_5cd4a4cbdefbd20c
material,#hash_5cd829cbdefee9e2
material,d#mc/t7_metal_bare_iron_matte
material,#mc/mtl_p8_nt4_old_wall_caged_light_plastic
material,#wc/t7_decal_grunge_rust_09_red
material,#mc/t7_concrete_painted_red_blend
material,#mc/mtl_p7_fir_beer_can_02_dirt1
material,#mc/mtl_p8_mp_bomb_crate_whole_destroyed_harness
material,#mc/mtl_p8_fir_ammo_crate_edge
material,d#mc/mtl_p7_fir_tank_propane_guage
material,#hash_5d52d17c137608b0
material,#hash_5d52d27c13760a63
material,#hash_5d52d47c13760dc9
material,#hash_5d52d57c13760f7c
material,#hash_5d52d77c137612e2
material,#hash_5d52d87c13761495
material,#mc/mtl_veh_mphd_chinook_landing_gear
material,#wc/t7_zm_sta_dirt_fertile_footprints_blend
material,#mc/mtl_p7_jun_gascan_vintage_metal
material,#mc/mtl_veh_mphd_uaz_back_light_glass_orange_dead
material,#hash_5da4de2c1cf06255
material,#mc/mtl_p7_fir_wheel_gate_dirt_02
material,#mc/mtl_p7_fir_wheel_gate_dirt_03
material,#hash_5db2249ca4bc5887
material,d#hash_5dd05c7bc50a360b
material,d#hash_5dd961f7602fce9a
material,#hash_5ddf6fef1811b6fc
material,#mc/mtl_veh_mphd_uaz_und_chassis_03_metal_dead
material,#mc/mtl_p7_zm_teddybear_fur
material,#mc/mtl_p7_zm_ctl_light_cage_set_glass_01
material,#hash_5e351d1210b3fa64
material,#mc/mtl_p7_trashcan_street_metal_open_brown
material,#hash_5e3aa276625d3a9a
material,#mc/mtl_p7_wes_wood_post_set
material,#hash_5e452f8388a381b9
material,#hash_5e481f36cf0e2637
material,#hash_5e500af89b2f6e15
material,#mc/mtl_p7_doorframe_metal_shop_01_black
material,#mc/mtl_veh_mphd_uaz_door_01_rubber
material,#mc/mtl_p7_zm_asc_roof_vent_metal_01
material,#mc/mtl_p7_debris_trash_can_cola_01
material,#mc/mtl_p7_mou_keybox_case_set_decal_01
material,#mc/mtl_veh_mphd_m35_base_headlight
material,#mc/mtl_p7_bottle_milk_broken_top_edge
material,#hash_5e994f5bc7acca89
material,#mc/t7_wood_plywood_01
material,#mc/mtl_p7_fir_sign_welcome_wood_black
material,#mc/mtl_p7_jars_glass
material,#mc/mtl_p7_suspension_bridge_bolt_01_rusty
material,#mc/mtl_p7_fir_shelf_wood_01
material,#vd/t7_ban_sand_eroded_blend
material,d#hash_5ef2e220533e59f8
material,#mc/mtl_p7_corrugated_sheet_metal_rust
material,#hash_5eff0735bd58b178
material,d#mc/mtl_veh_t7_mphd_forklift_decal_hole_01
material,#mc/mtl_p7_electrical_box_set2_meterbox
material,#mc/mtl_p7_bucket_shrapnel_chunks
material,#hash_5f0b7d7a96b40114
material,#mc/mtl_veh_mphd_tiara_back_light_glass_yellow_dead
material,#mc/t7_decal_street_signage_speed_45
material,#mc/t7_decal_street_signage_speed_30
material,#wc/t7_metal_planter_top_trim_large_painted_worn
material,#mc/mtl_veh_mphd_uaz_back_light
material,#mc/mtl_p7_mou_tank_propane_bottle_long_decal_02
material,#mc/mtl_p7_fir_tire_stack_set_metal
material,#mc/mtl_p7_zm_asc_pipe_modular_set_painted_red
material,#mc/mtl_p7_zm_teddybear_eyes
material,#wc/t7_dirt_cracks_large_01_blend
material,#vd/mtl_p7_sin_bs_train_decal_grunge_rust_04
material,#mc/mtl_p7_zm_asc_fan_industrial_metal_decal_06
material,#mc/mtl_veh_mphd_uaz_und_chassis_02_metal_dead
material,#mc/mtl_veh_mphd_tiara_int_engine_orange_dead
material,#hash_5f90e84746414d97
material,d#hash_5f913e2f53331056
material,#hash_5f91402f533313bc
material,d#hash_5f91412f5333156f
material,d#hash_5f91432f533318d5
material,#hash_5f91472f53331fa1
material,#hash_5f9dd639c00220e8
material,#hash_5fa6a8f6c88c2aa8
material,#mc/t7_wood_beam_worn_oak
material,#hash_5fab74740ea5aca8
material,#hash_5fab75740ea5ae5b
material,#hash_5fab76740ea5b00e
material,#hash_5fab79740ea5b527
material,#hash_5fab7a740ea5b6da
material,#hash_5fab7b740ea5b88d
material,d#hash_5faea2fe37f7d587
material,d#hash_5fcf578dfd814895
material,#hash_5fdf8512a5f88892
material,d#hash_5fe18891a871734b
material,#hash_5fe5b182594b6c36
material,#hash_5ff6591fd6275b7f
material,#hash_600918158df3109b
material,#hash_600b78938e7a4018
material,#hash_600b79938e7a41cb
material,#hash_600b7a938e7a437e
material,#hash_600b7b938e7a4531
material,#hash_600ea96fa285787c
material,#hash_600ef5938e7d4a56
material,#hash_600ef6938e7d4c09
material,#hash_600efb938e7d5488
material,#hash_600efc938e7d563b
material,#hash_600eff938e7d5b54
material,#hash_600f00938e7d5d07
material,#hash_600f01938e7d5eba
material,#hash_600f02938e7d606d
material,#hash_600f1016c6f82dbc
material,#hash_600f1316c6f832d5
material,d#hash_60100b30cfd87887
material,#mc/mtl_p7_zm_asc_light_emergency_decal_01
material,#mc/mtl_p7_rus_vent_roof_metal_nail
material,#mc/mtl_p7_trashcan_street_metal
material,#mc/mtl_p7_fir_floodlight_speaker_tall_01
material,#hash_60255efa119c7b22
material,#mc/mtl_p7_cai_door_wood_rustic_metal
material,#hash_604d04e2af5d93d8
material,d#mc/mtl_p7_fire_extinguisher_digital_plastic_white_glow
material,#mc/mtl_p7_fir_sign_matcu_airfield_paint_complete
material,#hash_60697df16783aca8
material,#mc/mtl_veh_mphd_m35_base_body03_grill
material,#mc/mtl_c_t7_techno_body1_arm_rt_b_skin1
material,#mc/mtl_c_t7_techno_body1_chest_device_detail
material,#hash_608f81826083eba2
material,d#vdd/gfx_decal_exp_blast_01
material,d#vdd/gfx_decal_exp_blast_03
material,d#vdd/gfx_decal_exp_blast_02
material,#mc/mtl_p7_mou_trash_can_blot_01
material,#hash_60ce350e87b4b10f
material,#hash_60cf4d9b0024cc04
material,#hash_60cf509b0024d11d
material,#hash_60d7b7943a3130f1
material,#wc/decal_damage_wood_splinter_end01_darker
material,#mc/mtl_p7_soc_food_soda_can_02
material,#hash_60f0ed2fdeba4f68
material,#hash_61048e4902d2d197
material,#hash_61048f4902d2d34a
material,#hash_6104904902d2d4fd
material,#mc/mtl_c_t7_techno_body1_forearm_skin1
material,#mc/mtl_p7_camp_fire_pit
material,#mc/mtl_c_t7_mp_techno_egypt_gear_7
material,#mc/mtl_p7_cai_path_stone_slab_smooth_f
material,#mc/t7_plastic_wire_black
material,#hash_612efc2daa0b737b
material,#mc/mtl_p7_fir_outpost_storage_frame
material,#wc/t7_decal_grunge_calcium_drip_02_blend_rust
material,#hash_61460ac6eba44487
material,#mc/mtl_p7_fir_floodlight_speaker_tall_light_glass
material,#mc/mtl_p7_fir_signage_metal_exit_light
material,#mc/mtl_veh_mphd_chinook_door_hook
material,#mc/mtl_p7_fir_wire_spool_wood
material,#wc/t7_ban_metal_rust_painted_01_grey
material,d#mc/mtl_veh_t8_mil_heli_light_rotor_steel
material,#hash_61817956a2317ed9
material,d#mc/mtl_p7_jun_gascan_vintage_dirt
material,#hash_6186fcd273fdcbe5
material,#hash_619cb6c8d680b5b6
material,#hash_61a095dad31cabcb
material,#hash_61a5b6e1e2cea4ea
material,d#mc/mtl_p7_mou_snow_chunk_snow
material,#hash_61b4d83826d864e7
material,#hash_61baae2820c66bc6
material,#mc/mtl_c_t7_warrior_head1_haircards
material,#mc/mtl_p7_fir_sign_matcu_airfield_number
material,d#hash_61d43a1b7e583571
material,#mc/mtl_p7_rus_box_electric_part_02
material,#wc/t7_decal_grunge_rust_04b
material,#wc/t7_decal_grunge_rust_04a
material,#mc/mtl_p7_zm_ori_ladder_wood_dmg_decal_02
material,#vd/t7_sand_footprints_01_golden_blend
material,#hash_620ea0a44764c2ad
material,#mc/mtl_c_t7_warrior_body1_lights
material,d#hash_6226a1f90348dc1b
material,#mc/mtl_c_t7_blockout_battery_body1_pistol_mr6_plastic_skin1
material,#mc/mtl_p7_jun_gascan_vintage_decal
material,#mc/mtl_c_t7_mp_battery_body1_lights
material,#hash_6248f11ebf5fa398
material,#hash_624f939ddb7b4e21
material,d#hash_62754909fef08b50
material,#hash_627f2b846b4f48e1
material,#hash_628c22e42a2951c2
material,#mc/mtl_veh_mphd_uaz_bumper_02_metal_dead
material,#mc/mtl_veh_mphd_m35_base_chassis01_light
material,#hash_62a6ae576e0f814f
material,#mc/mtl_p8_fir_ammo_crate_metal
material,d#mc/mtl_p8_mp_flag_pole_01_metal
material,#wc/t7_zm_sha_decal_damage_concrete_cracks_01_dark
material,d#mc/mtl_c_gen_eye_blue
material,#hash_62f03a289cec1696
material,#mc/mtl_veh_mphd_uaz_back_light_dead
material,d#hash_62f7d2b290982d47
material,#hash_62fa083f62d3882f
material,#wc/t7_cry_metal_painted_black
material,#hash_63097b2d6d6f156d
material,#hash_63166794b264bf64
material,d#mc/mtl_p7_jars_glass_contents
material,#mc/mtl_p7_fir_gate_rolling_set_painted
material,#mc/mtl_veh_mphd_uaz_bumper_02_rubber
material,#hash_634900d8171f2241
material,#mc/mtl_p7_zm_asc_light_emergency_metal
material,d#hash_635d2ec55ee8a091
material,#hash_635d90cb5e343ae3
material,#mc/mtl_p7_slu_tire_dirty_rubber_wet
material,#mc/mtl_p7_sin_ship_container_grunge_tiled_rust
material,#hash_63825e47cbe601a0
material,#hash_63825f47cbe60353
material,#hash_63826147cbe606b9
material,#mc/mtl_p7_rus_gate_chainlink_set_nail
material,#mc/mtl_p7_debris_trash_snack_bag_04
material,#mc/mtl_p7_debris_trash_snack_bag_07
material,#mc/mtl_p7_debris_trash_snack_bag_02
material,#mc/mtl_c_t7_battery_head1_headset_glass
material,#mc/t7_metal_chainlink_rusted
material,#hash_63aa28584c2d6458
material,#mc/mtl_c_t7_warrior_head1_skin1
material,#mc/mtl_p7_debris_cardboard_flat_03
material,#hash_63b6b1de1907e668
material,#hash_63ce16d300f23485
material,#wc/t7_decal_grunge_splatter
material,d#mc/mtl_wpn_t8_eqp_briefcase_bomb_c4
material,#mc/mtl_p7_fir_floodlight_speaker_tall_speaker_dirt
material,d#hash_64123d84ab2ecb24
material,#hash_6419a25fa21e025a
material,#mc/mtl_p7_rus_tank_pressure_set_glass
material,d#hash_6422b8fd64a2a56c
material,#mc/mtl_p7_wes_wood_plank_old_ends
material,#mc/mtl_p7_fxanim_gp_tarp_blue_grunge_01_s3
material,#mc/mtl_veh_mphd_m35_base_chassis02
material,#mc/mtl_veh_mphd_m35_base_chassis03
material,#mc/mtl_veh_mphd_m35_base_chassis01
material,#mc/mtl_p7_rus_box_electric_wire
material,#mc/t7_fir_wood_planks
material,d#hash_644cd62aaab2ef94
material,d#hash_64560c78e2328ac9
material,#mc/mtl_p8_wz_supply_stash_decal_strap
material,#mc/mtl_p7_mou_pallet_wood_wood_01
material,#mc/mtl_veh_mphd_tiara_body_02_int_dead
material,#hash_64acab01a1709f76
material,#hash_64aedb8bae57cb2c
material,#hash_64b4bbb09792ae72
material,#hash_64d6499eb1a9e0fb
material,d#hash_65069e9b8007b7de
material,#mc/mtl_p7_box_copy_paper
material,d#mc/mtl_p7_fir_bench_wood_dirt_02
material,#hash_6532e404ecba9db0
material,#hash_6532e604ecbaa116
material,#hash_6532e704ecbaa2c9
material,#mc/mtl_veh_mphd_tiara_int_01_metal_dead
material,#mc/mtl_p7_fir_floodlight_speaker_tall
material,#hash_65509d258a3a4e3f
material,#wc/t7_decal_grunge_rust_orange_drips_for_metal
material,#hash_655f243edb4ef6c1
material,d#hash_655f56f5481d705b
material,#mc/mtl_veh_mphd_uaz_und_chassis_02_dead
material,d#mc/t7_metal_bare_aluminum_matte
material,#mc/mtl_p7_ris_hose_coupling_metal
material,d#hash_65abd97a28e966e5
material,#hash_65b06778c9092a0d
material,#mc/mtl_p7_wall_wood_rustic_01_post_med
material,#mc/mtl_p7_sandbag_02
material,#mc/mtl_p7_sandbag_01
material,#wc/mtl_p7_ctl_wood_worn_v2_dark
material,d#hash_65e0deeccc9cf853
material,d#mc/mtl_p7_zm_asc_barrel_metal_lid
material,#mc/mtl_p7_global_chainlink_fence_kit_01_mountain
material,d#hash_65f385c2200aa00d
material,#mc/mtl_veh_mphd_tiara_int_sofa_leather
material,#mc/mtl_p7_fir_rock_med_04
material,#mc/mtl_p7_fir_rock_med_01
material,#mc/mtl_p7_fir_rock_med_03
material,#mc/mtl_p7_fir_rock_med_02
material,d#ei/gfx_light_phosphorous_em
material,#mc/t7_metal_worn_aluminum_base_matte
material,#mc/mtl_p7_rus_vent_roof_metal_02
material,#mc/mtl_p7_rus_vent_roof_metal_03
material,#mc/mtl_p7_rus_vent_roof_metal_04
material,#mc/mtl_c_t7_warrior_head1_beardshell
material,#mc/mtl_c_t7_techno_head1_visor_detail
material,#mc/mtl_p7_fir_floodlight_speaker_tall_light_chrome
material,#mc/mtl_p7_cinder_block_broken_2
material,#mc/mtl_p7_cinder_block_broken_3
material,#mc/mtl_p7_cinder_block_broken_1
material,d#hash_661c459e8006cde0
material,#hash_6621848bac7ae65f
material,#wc/t7_metal_rust_03
material,#wc/t7_metal_rust_02
material,#mc/mtl_c_t7_battery_body1_thrusters_skin1
material,#mc/mtl_p8_fir_ammo_crate_rope
material,#mc/mtl_p7_bullet_piles
material,#mc/mtl_p7_fir_rock_rough_med_01
material,#mc/mtl_veh_mphd_tiara_back_light_yellow
material,#mc/mtl_p7_slu_pole_chainlink_fence_metal_decal
material,#mc/mtl_p7_fir_fence_wood_nail01
material,#hash_668eb18babb6a27b
material,#hash_6692deb9b24ad370
material,d#mc/mtl_p7_fir_foliage_tree_palm_leaves_stem_wind
material,d#hash_66b74ee473b426fe
material,#mc/t7_cry_decal_grunge_burnt_metal_yellow
material,#hash_66c1f6963b1e72e5
material,#hash_66c8239594f9aa32
material,#mc/mtl_p8_wz_supply_stash_decal_clip
material,#wc/t7_concrete_bare_dark_02
material,#hash_67019d811f0755c9
material,#mc/mtl_p7_corrugated_sheet_metal_rust_03_proxy_flat
material,#hash_670bfe2eb0b13868
material,d#hash_67120b60980426e9
material,#mc/mtl_p7_fir_targetdummy_rail_base_decal
material,#mc/mtl_c_gen_african_insidemouth_teeth
material,#mc/mtl_p7_fir_monitor_security_tv_decal
material,#wc/t7_ban_decal_grunge_rust_corrosion
material,#mc/mtl_p7_fir_sign_matcu_airfield_wood_leaks
material,#mc/mtl_p7_fir_bench_bleacher_nail
material,d#hash_67393e40d58c241f
material,#mc/mtl_p7_foliage_grass_tall
material,#mcs/t7_plastic_wire_black
material,#hash_6751f2cb4dc074bd
material,#mc/mtl_p7_zm_kin_chair_folding_wood_white_worn
material,#mc/mtl_p7_fir_training_course_rope
material,d#mc/global_invisible
material,#hash_675f8878d50b008f
material,#mc/mtl_p7_roof_vent_turbine_metal
material,d#ei/gfx_gib_metal_01_lit
material,d#hash_679115cd135b65b0
material,#mc/mtl_p7_fir_rock_rough_lrg_02
material,#mc/mtl_p7_fir_rock_rough_lrg_03
material,#mc/mtl_p7_fir_rock_rough_lrg_01
material,#mc/mtl_p7_fir_rock_rough_lrg_04
material,#hash_67978f71ab0628b7
material,#hash_67a7957003ae7a65
material,#wc/t7_zm_asc_corrugated_metal_painted_white
material,#mc/mtl_p7_fir_rock_boulder_lrg_02_m
material,#mc/mtl_p7_fir_rock_boulder_lrg_02_l
material,#mc/mtl_p7_fir_rock_boulder_lrg_02_o
material,#mc/mtl_p7_fir_rock_boulder_lrg_02_n
material,#mc/mtl_p7_fir_rock_boulder_lrg_02_i
material,#mc/mtl_p7_fir_rock_boulder_lrg_02_h
material,#mc/mtl_p7_fir_rock_boulder_lrg_02_k
material,#mc/mtl_p7_fir_rock_boulder_lrg_02_j
material,#mc/mtl_p7_fir_rock_boulder_lrg_02_e
material,#mc/mtl_p7_fir_rock_boulder_lrg_02_d
material,#mc/mtl_p7_fir_rock_boulder_lrg_02_g
material,#mc/mtl_p7_fir_rock_boulder_lrg_02_f
material,#mc/mtl_p7_fir_rock_boulder_lrg_02_a
material,#mc/mtl_p7_fir_rock_boulder_lrg_02_c
material,#mc/mtl_p7_fir_rock_boulder_lrg_02_b
material,#mc/mtl_p7_fir_rock_boulder_lrg_02_q
material,#mc/mtl_p7_fir_rock_boulder_lrg_02_p
material,#mc/mtl_p7_fir_rock_boulder_lrg_02_r
material,#mc/mtl_p7_fir_sign_matcu_airfield_dirty
material,#wc/t7_decal_grunge_concrete_stain_01
material,d#mc/mtl_p7_bucket_plastic_5_gal_blue
material,#mc/mtl_p7_sin_bs_train_decal_grunge_rust_04
material,d#ei/gfx_distort_heat_md
material,#mc/mtl_p7_zm_der_light_set_bulb_small
material,#mc/t7_zm_ctl_decal_damage_wood_splinter_01_dark
material,#wc/t7_sand_rocky_01
material,d#hash_6804a9d7b3e79481
material,#mc/mtl_p7_cai_butcher_meat_hooks
material,#ei/gfx_smk_tendril_1_em_i8
material,d#hash_68137450493eb2b1
material,#mc/mtl_p8_mp_bomb_crate_whole_destroyed_missile_red
material,#hash_6819527913452410
material,#hash_6819557913452929
material,d#hash_682176216be18bab
material,#mc/mtl_p7_foliage_palm_cluster_leaf_dead
material,#mc/t7_metal_chainlink
material,#mc/mtl_p7_box_cardboard_open01
material,#hash_6841c3aa24d5df14
material,#hash_68543882b7fad9da
material,#hash_68551ac6fd7f93c2
material,#mc/mtl_veh_mphd_tiara_int_engine_red
material,#hash_68763afeffd6b8a9
material,d#hash_68766dc01af0e658
material,d#ei/gfx_dust_fall_lg_anim_lit
material,#mc/mtl_p7_debris_paper_sheet_01
material,#mc/mtl_p7_barbed_wire_01
material,d#hash_68b529fe8522cc72
material,#hash_68be509c44c1b1bc
material,d#hash_68c0170361aeb305
material,#hash_68d0f058c3c80b06
material,d#ei/gfx_distort_ring_ripple
material,#hash_68f6667a04bfc882
material,#hash_69050205b8fed60b
material,#hash_69050305b8fed7be
material,d#hash_6920f0a9295d83c0
material,#wc/t7_decal_signage_numbers_stencil_grungy_orange
material,#hash_692eee8f90785a94
material,#hash_6932738f907b726a
material,#mc/mtl_p7_zm_asc_table_steel_metal_02
material,#mc/mtl_p7_zm_asc_table_steel_metal_01
material,#wc/t7_zm_gen_mud_sludge_02_blend
material,#hash_6955860a73281c2e
material,#hash_6957e27d4fe65933
material,#hash_6957e37d4fe65ae6
material,#hash_6957e47d4fe65c99
material,#hash_6957e67d4fe65fff
material,#hash_6957e77d4fe661b2
material,#hash_695b1939c6d777da
material,#hash_696695c9e3d1a11d
material,#hash_696af78d62e05d5f
material,#hash_696ee01efb316c1a
material,#hash_6971f1ff3f4eef84
material,#mc/mtl_p7_fir_bathroom_mirror_frame
material,#mc/t7_glass_dirty_streaks
material,d#mc/mtl_p8_foliage_tree_palm_coconut_trunk
material,#mc/mtl_p7_zm_asc_lightbox_grey_01
material,#wc/t7_dlc1_glass_window_warehouse
material,#wc/t7_zm_sta_wood_oak_varnished_drk_burnt_blend_b
material,#mc/mtl_p7_fir_light_industrial_decal_dirt
material,#hash_69b1c52614b0bd19
material,#hash_69b73e2469308f06
material,#mc/mtl_p7_fir_sign_welcome_wood
material,#mc/mtl_p7_zm_ctl_crate_ammo_vintage_rope
material,#mc/mtl_p7_slu_fuse_box_electric_set_text
material,#mc/mtl_p7_zm_asc_table_steel_plastic
material,#mc/mtl_p7_fir_targetdummy_rail_decal_10
material,#mc/mtl_p7_fir_targetdummy_rail_decal_09
material,#mc/mtl_p7_fir_targetdummy_rail_decal_07
material,#mc/mtl_p7_fir_targetdummy_rail_decal_05
material,#mc/mtl_p7_fir_targetdummy_rail_decal_03
material,#mc/mtl_p7_fir_targetdummy_rail_decal_01
material,#mc/t7_grass_scrub_hey_blend
material,#hash_6a0d815887a59e26
material,#mc/mtl_p7_fir_monitor_security_tv_button
material,#hash_6a159777b80b6dec
material,d#hash_6a1ac87caea581ab
material,#mc/t7_wood_plywood_painted_white
material,#hash_6a33409a7b50802c
material,#hash_6a335cf202b180f9
material,#mc/mtl_veh_mphd_tiara_und_chassis_01_02
material,#mc/mtl_veh_mphd_tiara_und_chassis_01_01
material,#hash_6a4a144e24eae76c
material,#mc/mtl_p7_fir_ammo_crate_lid_pattern
material,#mc/mtl_p7_debris_asphalt_chunks_md_05
material,#mc/mtl_p7_debris_asphalt_chunks_md_04
material,#mc/mtl_p7_debris_asphalt_chunks_md_07
material,#mc/mtl_p7_debris_asphalt_chunks_md_06
material,#hash_6a51be83b62a845e
material,d#ei/gfx_smk_whisp_anim_lit
material,d#mc/mtl_wpn_t8_eqp_briefcase_bomb_circuit_glass
material,#mc/mtl_veh_mphd_uaz_bumper_02_black_dead
material,d#ei/gfx_fog_slow_md_anim_em
material,#mc/mtl_p8_mp_bomb_crate_whole_destroyed_missile
material,#mc/mtl_p7_mou_ladder_metal_weld
material,d#mc/t7_decal_grunge_brick_stain_03
material,#wc/t7_cru_metal_panels_painted_matte_grey_dlc1
material,#mc/mtl_veh_mphd_uaz_body_int
material,#mc/mtl_c_t7_battery_straps2
material,#mc/mtl_p8_mphd_ammo_box_wood_set_colorchange
material,#hash_6ae332f588feea72
material,d#mc/bullet_collision_wood
material,d#hash_6ae6a8b89c9a5b45
material,d#hash_6ae6abb89c9a605e
material,#mc/mtl_p7_fir_tire_rack_metal_gray
material,d#hash_6af18b1a8a781c02
material,#hash_6af7a01bb2bd4293
material,d#mc/mtl_p8_mp_flag_cloth_neutral
material,#wc/t7_ban_metal_painted_scraped
material,#hash_6b16be560abac9fa
material,#hash_6b1c2dd72fb7ac6e
material,#hash_6b328094717ecd27
material,d#hash_6b3f5401a1e3e752
material,#mc/mtl_p7_decal_signage_restroom_women
material,#mc/mtl_p7_rus_box_electric_base_decal_01
material,d#mc/bullet_collision_sand
material,#mc/mtl_mphd_forklift_cockpit_rubber
material,#mc/mtl_p7_fir_wire_spool_wood_nail2
material,#hash_6b5f6217e9e8b331
material,#hash_6b6d9ce387a2a0a9
material,#mc/mtl_p7_fir_outpost_storage_frame1
material,#mc/mtl_p7_wall_wood_rustic_01_post_sml
material,#hash_6b78fd8fc70bb2c8
material,#mc/mtl_p7_fir_floodlight_speaker_black
material,d#mc/mtl_p7_tank_welding_set_metal_02
material,d#mc/mtl_p7_tank_welding_set_metal_05
material,#mc/t7_decal_grunge_wood_scratches
material,#hash_6ba164068f88ed06
material,#mc/mtl_p7_fir_sign_matcu_airfield_weld
material,#mcs/mtl_p7_fxanim_gp_trash_newspaper_01_s3
material,#mc/mtl_p7_boat_rusted_fishing_poles
material,#wc/mtl_veh_mphd_bm21_decal_grunge_rust_09_red
material,#mc/mtl_skybox_mp_firingrange2_nightfall_override
material,d#hash_6c07d44bcf318cd8
material,d#hash_6c0a57f958bc963a
material,d#hash_6c1d06f616875940
material,d#hash_6c1d09f616875e59
material,d#hash_6c1d7deaf9da1016
material,#mc/mtl_p7_fir_sign_matcu_airfield_paint_damaged
material,#mc/mtl_p7_wes_washstand_vintage_towel_01
material,#hash_6c37b72ba61df80c
material,d#mc/mtl_p7_light_floodlight_light
material,#mc/mtl_p7_jun_sheet_metal_4x4_2
material,#mc/mtl_p7_fir_ammo_crate_bullets_metal_01_01
material,d#mc/mtl_veh_t8_mil_heli_light_body_mid_pnt_body_blk
material,#mc/mtl_p8_mphd_ammo_box_wood_set_dirt
material,d#hash_6c6581fa995cde5b
material,#mc/mtl_veh_mphd_m35_light
material,#hash_6c67373c99587b31
material,#mc/mtl_veh_mphd_chinook_backdoor_01
material,#mc/mtl_veh_mphd_chinook_backdoor_02
material,#mc/mtl_p7_mou_earmuffs_industrial_metal
material,#mc/mtl_p7_fir_plywood_wall_wood_frame
material,#hash_6c89638f12b271a3
material,#mc/mtl_veh_mphd_tiara_body_02_green
material,#mc/mtl_p7_jun_sheet_metal_4x8_red
material,d#hash_6c9a42db9a857f86
material,#mc/mtl_p7_debris_concrete_rubble_bolt_clean
material,#mc/mtl_veh_mphd_tiara_int_01_leather_dead
material,#hash_6cb85d1713c4f52c
material,#mc/mtl_p7_rus_box_electric_base_08_grey
material,#hash_6cc56eea4601fab2
material,#hash_6cd3d0ca62420082
material,#mc/mtl_veh_mphd_uaz_decal
material,#mc/t7_zm_ctl_wood_rough_01
material,#wc/t7_wood_beam_worn_oak_splintered
material,#mc/mtl_p7_zm_asc_loudspeaker_metal
material,d#mc/mtl_wpn_t8_eqp_briefcase_bomb_computer
material,#wc/t7_decal_signage_no_admittance
material,d#mc/mtl_p7_zm_asc_barrel_metal_blue
material,#hash_6cf1a57aad33d8c3
material,#hash_6cf7b487f2698b81
material,d#mc/mtl_p8_mp_flag_base_01_bronze
material,#mc/mtl_veh_mphd_tiara_front_light
material,d#hash_6d0b92bae8e61d5b
material,d#hash_6d0b94bae8e620c1
material,#mc/mtl_veh_mphd_tiara_body_01_rubber_dead
material,#hash_6d108331bee8441e
material,#hash_6d144c624a229a09
material,d#hash_6d20eefb1fb58e0d
material,#mc/mtl_p7_jars_glass_inside
material,#hash_6d30918ebe77707e
material,#mc/mtl_p7_wall_wood_rustic_01_post_lrg
material,#mc/mtl_p7_boat_rusted_fishing_deck
material,#mc/t7_wood_beam_worn_oak_bleached_tint_grn
material,d#hash_6d67a35e5e434cb8
material,#hash_6d6f9c9a7163b1b7
material,#mc/mtl_veh_mphd_uaz_und_chassis_01_dead
material,#mc/mtl_veh_mphd_uaz_front_light_glass
material,#wc/t7_wood_plywood_01
material,#mc/mtl_p7_con_charging_station_metal_grate
material,d#ei/gfx_smk_puff_light_varied
material,#wc/t7_zm_isl_decal_signage_stripe_caution
material,#mc/mtl_veh_mphd_tiara_int_engine_orange
material,#mc/mtl_p7_door_metal_industrial_dent_bare
material,#mc/mtl_p7_zm_der_light_set_metal_worn
material,#hash_6db79a4788f57ffb
material,#mc/mtl_veh_mphd_uaz_bumper_02_metal
material,#hash_6dbad0ed5558eec8
material,#hash_6dbd79d576ab17cf
material,#hash_6dc7093bf57872dd
material,#mc/t7_fir_cover_corrugated_metal
material,#hash_6dd43dd5ec9c99ab
material,#hash_6dd43ed5ec9c9b5e
material,#hash_6dd443d5ec9ca3dd
material,#mc/mtl_p7_slu_wire_metal_02
material,#hash_6dea5302290b2e28
material,#hash_6df0c5bb42f98429
material,#mc/mtl_c_t7_techno_body1_shinguards_detail
material,d#mc/mtl_c_hro_soldier_cyberhand_world
material,d#ei/gfx_gib_concrete_02_em
material,#mc/mtl_p7_sin_ship_container_grunge_tiled_rust_03
material,#hash_6e0d33711c087ca6
material,#hash_6e2b450cff7c2b0d
material,#mc/mtl_p7_zm_moo_airlock_set_plastic_01
material,#hash_6e40b3bd1575bc5c
material,#hash_6e52ca039e56370b
material,#hash_6e5525f042a886bc
material,d#hash_6e5bb5657f0eb7a0
material,d#hash_6e5bb6657f0eb953
material,#mc/mtl_veh_mphd_tiara_wheel_rubber_dead
material,d#hash_6e5f40657f11d9a8
material,d#hash_6e5f41657f11db5b
material,#mc/t7_wood_plywood_trim_dirty_wet
material,#hash_6e6b3cd3f243e94d
material,d#mc/mtl_t7_veh_decal_caution_electrical_shock_ylw
material,#mc/mtl_p7_fir_monitor_security_tv_dirt_03
material,#mc/mtl_p7_fir_monitor_security_tv_dirt_02
material,#hash_6eabf03e62e32843
material,#mc/mtl_p7_curtain_hanging_36x122_break
material,#hash_6eb8ce087cdbb827
material,d#mc/mtl_wpn_t8_eqp_briefcase_bomb_glass_ends
material,#mc/mtl_p7_fir_floodlight_speaker_tall_decal_06
material,#mc/mtl_p7_fir_floodlight_speaker_tall_decal_05
material,#mc/mtl_p7_fir_floodlight_speaker_tall_decal_04
material,#mc/mtl_p7_fir_floodlight_speaker_tall_decal_03
material,#mc/mtl_p7_fir_floodlight_speaker_tall_decal_02
material,#mc/mtl_p7_fir_floodlight_speaker_tall_decal_01
material,d#vdd/gfx_decal_blood_splatter_03
material,d#vdd/gfx_decal_blood_splatter_02
material,d#ei/gfx_debris_clump_lit
material,#mc/mtl_p7_jun_crate_ammo_wood_decal_08
material,d#mc/mtl_p7_jun_crate_ammo_wood_decal_01
material,#mc/mtl_p7_jun_crate_ammo_wood_decal_03
material,d#mc/mtl_p7_jun_crate_ammo_wood_decal_02
material,#mc/mtl_p7_jun_crate_ammo_wood_decal_05
material,d#mc/mtl_p7_jun_crate_ammo_wood_decal_04
material,#mc/mtl_p7_jun_crate_ammo_wood_decal_07
material,#mc/mtl_p7_jun_crate_ammo_wood_decal_06
material,#hash_6ee2992ad979683f
material,#mc/mtl_p7_ibeam_bracket
material,d#mc/bullet_collision_plastic
material,d#hash_6f03af4d402b898f
material,d#ei/gfx_shockwave_anim_em
material,#hash_6f090de41e86262a
material,#mc/mtl_veh_mphd_uaz_int_chair_metal_dead
material,d#ei/gfx_gas_blur_core_thick_em
material,#hash_6f173c1d39f20fab
material,#mc/mtl_p7_cai_igc_coffee_mug_01
material,d#mc/mtl_p7_fir_tool_chest_rolling_set_rubber
material,#mc/mtl_p8_nt4_old_wall_caged_light_on
material,#wc/mtl_p7_cry_metal_painted_rusty_orange
material,#mc/mtl_p7_rus_tank_pressure_set_breakage
material,#mc/mtl_p7_zm_ctl_bridge_wood_snow
material,#mc/mtl_p7_fir_floodlight_speaker_tall_concrete_decal_01
material,d#mc/mtl_p7_fir_floodlight_speaker_tall_concrete_decal_02
material,#mc/mtl_mphd_forklift_main_frame_steel
material,#hash_6f5c1b2576205a38
material,#mc/mtl_veh_mphd_tiara_glass_02_dead
material,#mc/mtl_p7_zm_ori_wood_post_set_decal_02
material,#mc/mtl_p7_zm_ori_wood_post_set_decal_01
material,#hash_6f70dc39c3807511
material,#mc/mtl_p7_rus_box_electric_wire_04
material,#mc/mtl_p7_rus_box_electric_wire_03
material,#mc/mtl_p7_zm_moo_ship_container_panel_02_rust
material,#hash_6f95db6af8cce038
material,#hash_6f95dc6af8cce1eb
material,#hash_6f95df6af8cce704
material,#hash_6f95e16af8ccea6a
material,#hash_6f95e26af8ccec1d
material,#mc/mtl_t7_mp_techno_egypt_pouch_3
material,d#hash_6fad9d53d539474f
material,d#mc/mtl_p8_mp_bomb_crate_stencil
material,#hash_6fbd7abe665a9049
material,#mc/mtl_p7_wes_wood_post_set_decal_01
material,#mc/mtl_p7_wes_wood_post_set_decal_02
material,d#hash_6fca333adca06b02
material,#mc/mtl_p7_fir_tower_radio_vista_decal_01
material,#wc/t7_metal_worn_chrome_base_rust
material,d#hash_6fdeb665d4434963
material,#mc/mtl_c_t7_techno_body1_bootsole_skin1
material,#mc/mtl_p7_fir_targetdummy_rail_groove_decal
material,#mc/t7_fir_plywood_natural_dirty_dec
material,#mc/mtl_p7_fir_steps_wood_set_wood_end
material,#mc/mtl_p7_fir_targetdummy_rail_baffle_decal
material,#mc/mtl_p7_fir_ammo_crate_lid_decal2
material,#hash_701b2276f6beb3c0
material,#hash_701b2576f6beb8d9
material,#hash_701b2776f6bebc3f
material,#hash_701b2876f6bebdf2
material,#hash_701b2976f6bebfa5
material,#hash_701b2c76f6bec4be
material,#hash_701b2d76f6bec671
material,#mc/mtl_p7_debris_trash_cup_coffee_01
material,#mc/mtl_p7_debris_trash_cup_coffee_02
material,#mc/mtl_veh_mphd_uaz_door_01_metal
material,#hash_704cdd320cd55c37
material,#hash_704cde320cd55dea
material,d#hash_704da4f3697df09e
material,d#mc/bullet_collision_paper
material,d#hash_70574a25e02e15e9
material,#mc/mtl_p7_fir_sign_matcu_airfield_wood_frame
material,#mc/mtl_c_t7_warrior_body1_chrome_skin1
material,#mc/mtl_p7_mou_folder_manila_dirt
material,#hash_70b10bb0a1115c96
material,#hash_70bfcd90a945155e
material,d#hash_70d802c3089821b3
material,#mc/mtl_p7_jun_sheet_metal_2x4
material,#mc/mtl_p7_jun_sheet_metal_2x8
material,#hash_70e0396e8c476f24
material,d#hash_70e2d5412341978a
material,#hash_70ec2181c1a94f93
material,d#hash_70ef6189c0ed5215
material,#mc/t7_ban_metal_painted_rusty_light_grey_dk
material,#mc/mtl_p7_crate_plastic_tech_01
material,#hash_70feccdebc99dce2
material,#hash_710512e4de5fa2ea
material,#hash_710ad9872b585c5f
material,d#hash_710ae919e082eb2a
material,#hash_7115435009024443
material,#mc/mtl_veh_mphd_chinook_frame_02
material,#mc/mtl_veh_mphd_chinook_frame_03
material,#mc/mtl_veh_mphd_chinook_frame_01
material,#mc/mtl_veh_mphd_chinook_frame_06
material,#mc/mtl_veh_mphd_chinook_frame_07
material,#mc/mtl_veh_mphd_chinook_frame_04
material,#mc/mtl_veh_mphd_chinook_frame_05
material,#mc/mtl_veh_mphd_chinook_frame_08
material,d#mc/mtl_p7_debris_metal_scrap_02
material,d#mc/mtl_p7_debris_metal_scrap_01
material,#mc/mtl_veh_mphd_tiara_int_01_top_dead
material,#mc/mtl_veh_mphd_uaz_und_chassis_01_metal
material,#mc/t7_metal_bare_chrome_polished
material,#wc/t7_zm_isl_grass_scrub_blend
material,d#mc/mtl_p7_fir_foliage_tree_palm_roots
material,d#hash_714f222be2e340e4
material,#mc/mtl_mphd_forklift_lift_steel
material,#hash_716c1705be6ae2ef
material,#mc/mtl_p7_jun_sheet_metal_4x4_blue
material,#mc/mtl_p8_col_vista_foliage_jungle_tree_palm_lrg_proxy_tiled
material,#mc/mtl_p7_lab_spotlight_generator
material,#hash_7197d89341f51fd8
material,#mc/t7_wood_plywood_bare_wet
material,#mc/mtl_p7_fir_gate_rolling_set_metal
material,#hash_71b1fb1c0c77aff8
material,#mc/mtl_c_t7_techno_body1_backpack_skin1
material,#mc/mtl_p7_fir_barricade_barbed_wire_set_decal_nail
material,#hash_71ba530f947b925f
material,#mc/mtl_veh_mphd_tiara_und_chassis_02_02_dead
material,d#mc/mtl_wpn_t8_eqp_briefcase_bomb_decals_metal
material,d#hash_71fc11125da6a21f
material,#hash_720469c8f348039a
material,#mc/mtl_veh_mphd_uaz_front_light
material,#mc/mtl_c_t7_battery_body1_pants_skin1
material,#mc/mtl_p7_zm_ver_farm_tools_wood_02
material,#mc/mtl_p7_slu_panel_electrical_glass_01
material,#mc/mtl_p7_wes_wood_plank_old_v1_128
material,#mc/mtl_p7_soc_fan_ceiling_dmg_metal_01
material,#mc/mtl_p7_soc_fan_ceiling_dmg_metal_02
material,#mc/mtl_p7_fir_foliage_tree_vista_04_proxy_tiled
material,#mc/mtl_p7_fir_tire_rack_metal
material,#hash_725d73436b3c7aa3
material,#wc/mtl_p7_cai_street_grunge_stain_bottom_01_decal
material,#hash_729f320760722a1b
material,#hash_72e1f142781fbe3b
material,#wc/t7_wood_plywood_dirty
material,#wc/t7_wood_particle_worn
material,#hash_73178d5c20a7eccb
material,#mc/mtl_mphd_forklift_wheel
material,#mc/mtl_p7_fir_rock_boulder_decal
material,#hash_73280999a0dfaa7c
material,#mc/mtl_p7_zm_asc_fan_industrial_metal_02
material,#hash_733fe282a7eba120
material,d#ei/gfx_water_splash_lit
material,d#hash_73594f884f3325d4
material,#wc/t7_metal_panel_horizontal_painted_grey
material,#hash_736640f3d62576c8
material,d#hash_736d7c578b4b6a9c
material,#wc/t7_zm_asc_metal_heavy_painted_red
material,#mc/mtl_c_t7_techno_head1_faceplate_detail
material,#mc/mtl_p7_fir_targetdummy_rail_metal_04
material,#mc/mtl_p7_fir_targetdummy_rail_metal_01
material,d#ei/gfx_spark_rndhit_em
material,#hash_73a9c957f0f11d0a
material,#mc/t7_decal_grunge_rust_orange_drips_for_metal
material,#mc/mtl_veh_mphd_uaz_wheel_rubber_dead
material,#mc/mtl_p7_slu_meter_electric_01_base_part_03
material,#mc/mtl_p7_slu_meter_electric_01_base_part_02
material,#mc/mtl_p7_slu_meter_electric_01_base_part_01
material,#mc/mtl_p7_slu_meter_electric_01_base_part_06
material,#mc/mtl_p7_slu_meter_electric_01_base_part_05
material,#mc/mtl_p7_slu_meter_electric_01_base_part_04
material,#mc/t7_decal_wire_black_no_alpha
material,d#hash_73bd38ca8c3653ba
material,#hash_73cc92b417cd37bf
material,d#ei/gfx_spark_blink_anim_em_i12000
material,d#mc/mtl_veh_t8_mil_heli_light_rotor_blade_pnt_blk
material,#mc/mtl_veh_mphd_chinook_frame_08_grip
material,d#hash_741014b4c4751269
material,#hash_7413ae1725eddbe5
material,#mc/mtl_p7_fir_targetdummy_rail_weld
material,#wc/t7_zm_ori_rock_cliff
material,d#hash_7431348640378fe0
material,d#hash_7434bf86403ab1e8
material,d#hash_7434c386403ab8b4
material,d#hash_7434c486403aba67
material,d#ei/gfx_gib_glass_01_lit
material,d#hash_7437c086403ce972
material,d#hash_7437c286403cecd8
material,d#hash_7437c486403cf03e
material,d#hash_7437c786403cf557
material,d#hash_743b2e86403fda33
material,d#hash_743b3686403fe7cb
material,d#hash_743eb6864042f722
material,d#hash_7442348640460313
material,d#hash_74423886404609df
material,d#hash_7445c18640492881
material,#hash_745eb8ec9bf355a3
material,#wc/t7_con_metal_base_grey_dk
material,d#mc/mtl_veh_t8_mil_heli_light_engine_steel
material,#hash_748178aafb3bbdab
material,d#hash_748a660d202e27dc
material,#hash_7491616b52925100
material,#hash_7493c06fcf009c8f
material,d#hash_749cdc310027e98c
material,#mc/mtl_veh_t7_dlc_b17_metal_diamond_plate_worn
material,#mc/mtl_mphd_forklift_glass_special
material,#mc/mtl_veh_mphd_uaz_front_light_dead
material,#mc/mtl_veh_mphd_tiara_int_02_leather
material,#mc/mtl_p7_zm_asc_cans_aluminum_decal
material,#mc/mtl_p7_fir_barbed_wire_metal_fence_wire
material,#hash_74dcdd52e0fccb33
material,#mc/t7_metal_chainlink_worn
material,#wc/t7_decal_grunge_rust_04
material,d#hash_750a7b33ee85bec0
material,d#ei/gfx_water_ripple_anim_distort
material,#hash_7519e6cb685dc462
material,#hash_753a7aee2523ef18
material,d#mc/mtl_p7_fir_pallete_ammo_wood_set_wood_dirty01
material,#mc/mtl_p7_fir_pallete_ammo_wood_set_wood_dirty02
material,#mc/mtl_p7_fir_pallete_ammo_wood_set_wood_dirty03
material,#mc/mtl_p7_mou_ladder_metal_cap
material,#mc/mtl_veh_mphd_tiara_body_02_white_dead
material,#mc/t7_out_metal_bare_01_rust_soft_blend
material,#hash_756b5fffa4883edf
material,#hash_756cf51313e1451e
material,#mc/mtl_p7_mou_beam_support
material,d#hash_7593e326f8aee43b
material,#hash_7594855b3cf8b42f
material,#hash_7594865b3cf8b5e2
material,d#hash_75b357b4cbb0e33c
material,#vd/t7_decal_damage_dent_05_bullet_dents_edge
material,d#hash_75c66bd8976d8507
material,#mc/mtl_veh_mphd_tiara_body_02_rubber
material,d#mc/mtl_p7_fir_tire_stack_single_screw
material,#hash_75d1b646fc1fee71
material,#mc/mtl_veh_mphd_uaz_int_chair
material,#vd/t7_decal_grunge_dust_wall_01_blend
material,#mc/mtl_p7_rus_box_electric_base_08
material,#hash_75ea428f41fa5b86
material,#mc/mtl_p7_zm_tra_water_tower_decal
material,#mc/mtl_p7_bottle_milk_broken_btm
material,d#mc/t8_metal_painted_clean_red
material,#mc/mtl_veh_mphd_uaz_body_02_dead
material,#hash_7609aa728b5dd1b3
material,d#hash_760ac6759aff4eab
material,#mc/mtl_p7_zm_tra_table_wood_lrg_03
material,#mc/mtl_p7_zm_tra_table_wood_lrg_02
material,#mc/mtl_p7_zm_tra_table_wood_lrg_01
material,#mc/mtl_mphd_forklift_rim
material,d#hash_763a0e00db79672a
material,d#mc/t7_wood_plywood_bare
material,d#vd/gfx_decal_foam
material,#mc/mtl_p7_zm_nac_barrel_explosive_red_dmg_02_metal03
material,#mc/mtl_p7_zm_nac_barrel_explosive_red_dmg_02_metal02
material,#mc/mtl_p7_zm_nac_barrel_explosive_red_dmg_02_metal01
material,#mc/mtl_p7_cai_rock_rubble_pile_b_low
material,#hash_766b073bf5d6bae2
material,#mc/mtl_p7_zm_moo_ship_container_door_lebal_rust
material,#mc/mtl_c_t7_techno_body1_torso_armor_detail
material,#mc/mtl_p_glo_industrial_lamp_glass
material,#mc/mtl_veh_mphd_uaz_door_01_metal_dead
material,#mc/mtl_p7_bottle_plastic_16oz_water
material,#mc/mtl_p7_ban_south_tribe_well_cover_grate
material,#mc/mtl_p7_fir_ammo_crate_lid_side
material,d#hash_76e1edc5b0feaab5
material,d#mc/t8_metal_panel_trim_01b
material,#mc/t7_decal_grunge_rust_04_desaturated
material,#mc/mtl_p7_fir_towel_pile_cloth02
material,#mc/mtl_p7_fir_towel_pile_cloth01
material,#mc/mtl_p8_mphd_cardboard_bundle_set01_decal_b
material,#mc/mtl_p8_mphd_cardboard_bundle_set01_decal_a
material,#mc/mtl_p7_fir_light_industrial_light
material,#hash_76eaf6e25efbd75b
material,#hash_76eaf7e25efbd90e
material,#hash_76eaf8e25efbdac1
material,#hash_76eaf9e25efbdc74
material,#mc/mtl_p7_zm_shi_lamp_post_wood_insulator_blue
material,#hash_7713fd907fbbd2db
material,#mc/mtl_veh_mphd_uaz_und_chassis_04_dead
material,#mc/mtl_p7_fir_post_wood
material,#hash_7726db8b34f82622
material,#hash_772bdc9de1182e63
material,#hash_773369f3d12bad04
material,#mc/mtl_p7_fir_shelf_set_wood
material,#mc/t7_metal_planter_trim
material,#hash_775daa1d9d44b26f
material,#wc/t7_decal_grunge_charred_stain_02
material,#wc/dev_gloss_test_rubber
material,d#hash_77654da1656e2d8e
material,#mc/p7_fir_bathroom_mop_rope
material,#hash_7775a1fcf67e8bc1
material,#hash_77771b086358eea4
material,#hash_777a64c784bfc007
material,#hash_778983e507996cdd
material,#wc/t7_decal_painted_camo_desert_dark
material,#mc/mtl_p7_door_metal_industrial_dent_white
material,#hash_77bb807e879ebf30
material,#hash_77d7ec7067584cfc
material,#mc/mtl_c_t7_techno_body1_arm_rt_a_skin1
material,#hash_77f77b5e51e58d61
material,d#mc/mtl_veh_t8_mil_heli_light_chrome_blk
material,#mc/mtl_p7_rus_pipe_vent_metal_decal_nail_02
material,#mc/mtl_p7_zm_asc_table_steel_decal_01
material,#mc/mtl_p7_zm_asc_table_steel_decal_03
material,#mc/mtl_p7_zm_asc_table_steel_decal_02
material,d#hash_78247cbc51ffa683
material,#mc/mtl_p7_zm_ctl_light_cage_set_01
material,#mc/mtl_p7_zm_ctl_light_cage_set_02
material,#mc/mtl_p7_mou_barrel_metal_02_metal_painted_blue
material,#mc/mtl_p7_slu_rollup_door_01
material,#mc/mtl_p7_slu_rollup_door_02
material,d#mc/bullet_collision_snow
material,#mc/mtl_veh_mphd_m35_base_body02_paint
material,#wc/t7_ra2_decal_grunge_wood_chips
material,d#mc/mtl_veh_t8_mil_heli_attack_rockets_pnt_tan
material,#mc/mtl_p7_zm_asc_switch_electric_02_metal02
material,#mc/mtl_p7_zm_asc_switch_electric_02_metal01
material,#hash_788576ecc1d6ceba
material,#mc/mtl_veh_mphd_tiara_body_01_plastic
material,d#hash_789c623974b25390
material,#hash_789f6e99cf6b01df
material,#wc/t7_shr_wood_rough
material,#wc/t7_rock_sand_crumbled_medium_golden_blend
material,d#mc/mtl_veh_t7_mphd_forklift_decal_rust_10
material,#hash_78c2b8d8df75b46d
material,d#mc/mtl_veh_t7_mphd_forklift_decal_rust_08
material,d#hash_78cdb0f97fa58762
material,d#ei/gfx_smk_whisp_anim_02_lit
material,#hash_78dbb8c087c9f844
material,d#hash_78e1ed5dd8479b41
material,d#hash_790d17893b4d1546
material,#mc/mtl_p7_fir_barricade_barbed_wire_set_decal_dirty01
material,#mc/mtl_p7_zm_nac_bucket_decal
material,#hash_7929c57627cfa477
material,#mc/mtl_p7_fir_floodlight_speaker_tall_speaker_dirt_03
material,#mc/mtl_p7_fir_floodlight_speaker_tall_speaker_dirt_02
material,#mc/mtl_p7_fir_floodlight_speaker_tall_speaker_dirt_01
material,#wc/t7_shr_wood_wall_weathered_dark_blend
material,#mc/t7_rock_sand_crumbled_medium_golden_blend
material,#hash_79546e395eddcb67
material,#mc/t7_zm_asc_corrugated_metal_bare
material,#mc/mtl_veh_mphd_chinook_frame_05_hook
material,#mc/mtl_p7_mou_trash_can_blot
material,d#hash_7970c252d8c79e52
material,#mc/mtl_veh_mphd_tiara_body_02_rubber_dead
material,#mc/mtl_c_t7_techno_body1_thighguard_skin1
material,#mc/mtl_p7_hose_01_rubber
material,#mc/mtl_p7_zm_asc_pipe_modular_set_decal_rust
material,#hash_7988c56b50f90270
material,#hash_798b8e240307fd66
material,#hash_798c6e7d85cb00d6
material,#mc/mtl_veh_mphd_chinook_motor_front
material,d#mc/mtl_p7_fir_bench_wood_decal_03
material,d#mc/mtl_p7_fir_bench_wood_decal_02
material,#hash_79a6bbd0cf3c0eb0
material,#hash_79ab0603fd51851a
material,#mc/t7_zm_sta_decal_damage_concrete_cracks_04
material,#hash_79b449df37d068f0
material,#mc/mtl_p7_lab_spotlight_generator_wheels
material,#mc/mtl_p7_signage_caution_explosive_01
material,#mc/mtl_c_t7_techno_head1_glass
material,#hash_79d17de69fcb3752
material,#hash_79d2c9d8abadcfb0
material,#hash_79d9f7aaca1c4542
material,d#hash_79e2ba9a84a29315
material,#mc/mtl_c_t7_blockout_battery_body1_beltwidget
material,#mc/t7_decal_grunge_rust_blend
material,#hash_79e8425bf40e479e
material,#mc/mtl_p7_zm_der_light_set_metal_aluminum
material,#hash_79efc28926537598
material,#hash_79f06c9de088e814
material,#hash_79f06f9de088ed2d
material,#hash_79fa84886d30ee39
material,#hash_7a00435b31255298
material,#hash_7a01e0feb68260e4
material,#mc/mtl_p7_zm_ori_wood_post_set
material,#hash_7a18578ccb232aac
material,#mc/t7_metal_worn_steel_plate_base
material,d#mc/mtl_p7_fire_extinguisher_digital_plastic
material,#mc/mtl_p7_mou_barrel_metal_02_metal_painted_darkblue
material,#mc/mtl_veh_mphd_uaz_int_03_metal
material,#mc/mtl_p7_jun_rock_decal
material,#mc/mtl_p7_cinder_block
material,d#mc/mtl_p7_fir_tire_stack_single_rubber
material,#wc/t7_zm_moo_metal_support_panel_01_green
material,#mc/mtl_p8_nt4_old_wall_caged_light_metal
material,#mc/mtl_veh_mphd_tiara_int_01_green_dead
material,#mc/mtl_p7_fir_foliage_grass_06_fxanim
material,#mc/mtl_p7_zm_shi_lamp_post_wood_lrg_01
material,#mc/mtl_p7_zm_shi_lamp_post_wood_lrg_02
material,#wc/t7_out_metal_painted_glossy_white_blend
material,#mc/mtl_p7_fir_floodlight_speaker_tall_plastic
material,d#mc/mtl_p7_fir_foliage_tree_palm_trunk_01
material,#mc/mtl_p7_fir_foliage_tree_palm_trunk_03
material,#mc/mtl_p7_jun_sheet_metal_2x8_blue_2
material,#mc/mtl_p7_fir_air_conditioner_decal_dirt_01
material,#hash_7af54b079ee8f7bd
material,d#ei/gfx_dust_heli_swirl_anim_em
material,#hash_7affa2a6ffed7e04
material,#mc/mtl_p7_zm_ver_farm_tools_metal_saw
material,#wc/t7_dirt_fertile_dark_blend
material,#mc/mtl_p8_wz_supply_stash_health_canvas
material,#hash_7b0ed33f7f1ca678
material,#hash_7b0ed43f7f1ca82b
material,#hash_7b0eda3f7f1cb25d
material,#mc/mtl_p8_fir_ammo_crate_dust
material,#hash_7b12c3ed41fdcddb
material,#mc/mtl_veh_mphd_tiara_decal_01_dead
material,#hash_7b25e24fa6b21976
material,#mc/mtl_mphd_forklift_lift_paint_black
material,d#hash_7b2f531966a0eb65
material,#mc/mtl_veh_mphd_m35_base_body01_mirror
material,#wc/t7_zm_kin_door_industrial_metal
material,#mc/mtl_p7_fir_sign_matcu_airfield_text_trim
material,#hash_7b4dd4cfb7db61e4
material,d#hash_7b5403a916258828
material,d#hash_7b5404a9162589db
material,d#hash_7b5409a91625925a
material,d#hash_7b5420921e7526f0
material,d#mc/mtl_wpn_t8_eqp_briefcase_bomb_foam
material,#hash_7b627c9d0964fd80
material,#hash_7b694e8288118453
material,#mc/mtl_p7_fir_net_volleyball_net_anim
material,#mc/mtl_veh_mphd_m35_base_decal05
material,#mc/mtl_veh_mphd_m35_base_decal04
material,#mc/mtl_veh_mphd_m35_base_decal06
material,#mc/mtl_veh_mphd_m35_base_decal01
material,#mc/mtl_veh_mphd_m35_base_decal03
material,#mc/mtl_veh_mphd_m35_base_decal02
material,d#hash_7b9afc82debee6e6
material,#hash_7b9bbd4ee94e8793
material,#mc/mtl_p7_zm_nac_barrel_explosive_red
material,d#hash_7ba91b50a74aa27f
material,#mc/mtl_p7_fir_foliage_tree_palm_fan03_decal_fxanim
material,#wc/t7_cry_decal_paint_scratched_yellow
material,#hash_7bcb891d1aa4691f
material,#hash_7bdd25d109847c87
material,#hash_7be36e73e0ba82c6
material,#hash_7bf0f0f699a3a2cf
material,#mc/mtl_p7_zm_der_window_warehouse_frame_03
material,#mc/mtl_p7_zm_der_window_warehouse_frame_02
material,#mc/mtl_p7_zm_der_window_warehouse_frame_01
material,d#mc/mtl_p8_mp_flag_base_01_white
material,#mc/mtl_p7_rus_pipe_vent_metal_decal_dirt_black
material,#mc/t7_decal_damage_plywood_edge_dirty
material,#hash_7c0618403404b67b
material,#hash_7c0a358684ad12c1
material,#mc/t7_dlc1_dirt_tractor_tracks_packed_01
material,#hash_7c2cbf3bbaf0fa06
material,#hash_7c33f196a5357ac9
material,#mc/mtl_p7_fir_floodlight_speaker_tall_speaker
material,#mc/mtl_p8_fir_ammo_crate_wood1
material,#mc/mtl_p8_fir_ammo_crate_wood3
material,#mc/mtl_p8_fir_ammo_crate_wood2
material,#mc/mtl_c_t7_techno_body1_neckwrap_skin1
material,#vd/t7_decal_grunge_rust_09_red
material,#hash_7c55a75487d5f7a7
material,#mc/mtl_p8_mp_bomb_crate_whole_destroyed_green
material,#mc/mtl_mphd_forklift_cockpit_plastic
material,#hash_7c9505cac36a77b3
material,#hash_7ca8b1b2e51956ac
material,#wc/t7_rock_sand_crumbled_medium_golden
material,#mc/mtl_p8_wz_supply_stash_health_metal
material,#mc/mtl_p8_mp_bomb_crate_whole_destroyed_stripe
material,#mc/mtl_p7_zm_moo_ship_container_frame_02_rust
material,#hash_7cec2a8044545068
material,#wc/t7_decal_damage_plywood_edge_wet
material,#hash_7d02041f891ac15d
material,#hash_7d03948a63e9f64d
material,#mc/mtl_veh_mphd_tiara_int_sofa_leather_dead
material,d#hash_7d2fe438994b9a5b
material,#mc/mtl_p8_wz_supply_stash_decal_health_patch
material,#wc/t7_metal_chainlink_worn
material,d#mc/mtl_p7_fir_box_ammo_metal_plastic
material,d#hash_7d5a23d1d705cbd0
material,#wc/t7_decal_grunge_stain_02
material,#hash_7d61e46f6e7ca4f0
material,#hash_7d66102b88131334
material,d#mc/mtl_veh_t8_mil_heli_light_rotor_titanium
material,#mc/mtl_veh_mphd_chinook_door_hook_stainless
material,#hash_7d8184d542126715
material,#hash_7dc30fb8c035b033
material,#hash_7dcdb70c7895188d
material,#hash_7ddf4847fa50dd8c
material,#hash_7de2a9758e1ef1ca
material,#hash_7de6e184018415c6
material,#hash_7e08bfb0baca31d3
material,#hash_7e0ec1b58aaeb08c
material,#mc/mtl_c_t7_emissive_b
material,#mc/mtl_c_t7_emissive_a
material,#mc/mtl_p7_slu_fuse_box_electric_set_wire_white
material,#hash_7e15ccd5f8fb65c9
material,#hash_7e161da4751e4166
material,#vd/t7_decal_signage_numbers_stencil_grungy_red
material,#mc/mtl_p7_mou_earmuffs_industrial_rubber
material,#lut_mp_firingrange2_alt
material,#wc/t7_zm_isl_concrete_wall_weathered_01
material,#hash_7e82fec515f9f45a
material,#hash_7e85b395606131ac
material,d#mc/mtl_veh_t8_mil_heli_light_body_front_rubber_blk
material,#mc/mtl_p7_mou_earmuffs_industrial_net
material,#mc/mtl_p7_zm_ori_boots_military_set
material,#hash_7ea2759039bf82a5
material,#mc/mtl_veh_mphd_tiara_back_light_red_dead
material,d#mc/mtl_veh_t8_mil_heli_attack_tailfin_pnt_blk_matte
material,#mc/mtl_p7_zm_asc_pipe_modular_set_surface_metal
material,#mc/t7_zm_sta_burnt_wood_beam_worn_oak_splintered
material,#hash_7edbae31cbbb1164
material,#hash_7edbb031cbbb14ca
material,#hash_7edbb131cbbb167d
material,#hash_7edc0592948c931b
material,#hash_7edc0692948c94ce
material,#mc/mtl_p7_jun_sheet_metal_2x8_red
material,#mc/mtl_p7_fir_targetdummy_rail_decal
material,#mc/mtl_p7_vent_wall_metal_01_bare
material,#mc/mtl_p7_slu_rollup_door_rubber
material,#mc/t7_zm_ctl_wood_plank_wide_01_worn
material,#mc/mtl_veh_mphd_m35_base_interior_plastic
material,#mc/mtl_p7_zm_asc_pipes_electrical_set_decal_dirty
material,#hash_7f0cdcb252675c34
material,#wc/t7_wood_worn_v2
material,#mc/mtl_p7_zm_asc_loudspeaker_decal_01
material,#mc/mtl_p7_zm_asc_loudspeaker_decal_02
material,#mc/mtl_p7_zm_asc_loudspeaker_decal_03
material,d#hash_7f2a3c52512ff363
material,#mc/mtl_veh_mphd_chinook_under_01
material,#mc/mtl_veh_mphd_chinook_under_03
material,#mc/mtl_veh_mphd_chinook_under_02
material,#mc/mtl_veh_mphd_chinook_under_05
material,#mc/mtl_veh_mphd_chinook_under_04
material,#hash_7f2e46765dccdd33
material,#mc/mtl_veh_mphd_uaz_back_light_glass_red
material,#mc/mtl_veh_mphd_uaz_int_02_01_dead
material,#mc/mtl_p7_fir_steps_wood_set_wood_03
material,#mc/mtl_p7_fir_steps_wood_set_wood_02
material,#mc/mtl_p7_fir_steps_wood_set_wood_01
material,#mc/mtl_p7_zm_moo_ship_container_door_01
material,#mc/mtl_p7_fir_pallete_ammo_wood_set_wood_nail
material,#hash_7f89badae4bf36f7
material,#hash_7f89bbdae4bf38aa
material,d#hash_7f9754d479cd9949
material,d#ei/gfx_debris_clumps_max_lite_lit
material,#mc/mtl_p7_fir_foliage_tree_vista_08_proxy_tiled
material,d#hash_7fb1329fcbd328a4
material,#hash_7fb16750fa2179c7
material,#hash_7fba2273ba15603f
material,d#ei/gfx_water_droplet_lit
material,#wc/t7_wes_wood_cedar_blend
material,#mc/t7_metal_bare_stainless_steel_matte
material,d#mc/bullet_collision_concrete
material,d#ei/gfx_spark_single_em
material,#hash_7fec0e027d51a728
material,d#ei/gfx_distort_heat
fx,#hash_bf15adbbf5e9148
fx,#hash_e79abfbba75ab21
fx,#hash_753e4b6da0413140
impactsoundstable,#hash_d698a0c5be3e240
impactsoundstable,d#hash_1f8c37cb2cf6c55c
impactsoundstable,d#hash_368fb7ec6eff7aa6
impactsoundstable,#hash_3c179f6b071380af
impactsoundstable,#veh_heli_impact
impactsoundstable,d#hash_695bd5aa13e21e64
maptableentrylevelassets,#mp_firingrange2_alt
physpreset,#p7_cinder_block_broken_piece_2_1
physpreset,#p7_jar_glass_lrg
physpreset,d#p7_bucket_plastic_5_gal
physpreset,#p7_cinder_block
physpreset,#bottle_plastic
physpreset,#plastic_container_sml
physpreset,d#metal_pan
xanim,#p8_fxanim_fire_wire_suspendedlight_bunker_anim
xmodel,#p7_zm_asc_pipes_electrical_90
xmodel,#p7_fir_catwalk_metal_stairs_lt
xmodel,#hash_c78ae8ce674d18
xmodel,#p7_fir_catwalk_metal_stairs_rt
xmodel,#p7_slu_plank_wood_rustic_2x8x108
xmodel,#p7_zm_shi_corrugated_metal_panel_dmg_06_white
xmodel,#p7_sandbag_stack_32_right
xmodel,#p7_global_chainlink_fence_rail_end_mountain
xmodel,#hash_18ffe9e38a27326
xmodel,#p7_fir_shelf_wood
xmodel,#p7_mou_ladder_metal_bracket
xmodel,#p7_jun_foliage_bush_01
xmodel,#p7_cai_door_screen_back_hinge
xmodel,#p7_fxanim_gp_trash_paper_floor_pile_01_s3_mod
xmodel,#p7_fir_bathroom_mop
xmodel,#p7_zm_ori_boots_military_sloppy
xmodel,#hash_30ea6681109bcc5
xmodel,#p7_fir_foliage_grass_short_01_fxanim
xmodel,#p7_mou_light_fluorescent_rack_low
xmodel,#p7_fir_fence_cage
xmodel,#p7_fir_rock_boulder_med_01
xmodel,#p7_hedgehog_metal
xmodel,d#p8_mp_bomb_crate_palette
xmodel,#p7_fir_buildingsquare_upper_wall_back
xmodel,#p7_debris_trash_drink_carrier_01
xmodel,#p7_crate_wood_01_short_med
xmodel,#p7_corrugated_sheet_metal_rust_dmg_01_wet
xmodel,#veh_mphd_m35_bed_attch_old
xmodel,#p7_fir_buildingstraight_upper_wall_part_03_indoor
xmodel,#p7_slu_panel_electrical_01_lid_02
xmodel,#p7_slu_panel_electrical_01_lid_01
xmodel,#hash_5a5abe1ce9e8fcc
xmodel,#hash_5a6e9eea50265c7
xmodel,#p7_slu_panel_electrical_02_base
xmodel,#p7_slu_meter_electric_01_base
xmodel,#p7_fir_building_001_metalplate_04
xmodel,#p7_fir_building_001_metalplate_05
xmodel,#p7_fir_building_001_metalplate_02
xmodel,#p7_fir_building_001_metalplate_03
xmodel,#p7_fir_building_001_metalplate_01
xmodel,#p7_mou_beam_support_pillar_base
xmodel,#p7_zm_asc_loudspeaker_bracket
xmodel,#p7_sandbag_stack_32_middle
xmodel,#p7_mou_folder_manila_02
xmodel,#hash_7239ce30ce7c867
xmodel,#hash_729fbef56670964
xmodel,#p7_foliage_grass_dry_04
xmodel,#p7_rus_locker_closed
xmodel,#hash_76280f8f979382f
xmodel,#p8_cables_electrical_single_90_03
xmodel,#p7_jun_sheet_metal_4x8_bd_02
xmodel,#p7_zm_der_chainlink_fence_door_bracket
xmodel,#p7_fir_towel_pile
xmodel,#p7_jun_sheet_metal_2x8_white
xmodel,#hash_79a89cf7e37f275
xmodel,d#p7_fxp_debris_dirt_clod_03_brown
xmodel,#p7_bucket_janitor_plastic_rolling
xmodel,#p7_jun_sheet_metal_2x8_blue_2
xmodel,#p7_roof_vent_med_01_metal_bare
xmodel,#p8_nt4_old_wall_caged_light_on
xmodel,#hash_854334cf955de06
xmodel,#p7_fir_barbed_wire_metal_straight
xmodel,#p7_zm_asc_roof_vent_metal
xmodel,#p7_slu_tool_chest_sml_tools
xmodel,#p7_zm_shi_barricade_nails
xmodel,#p7_fxanim_gp_trash_food_box_02_mod
xmodel,#p7_debris_cardboard_flat_03
xmodel,#hash_8fba3d9663b9185
xmodel,#hash_915f2d415a22e51
xmodel,#p7_fir_buildingsquare_ceiling_01
xmodel,#p7_spl_rock_cliff_large_01_grime
xmodel,#p7_mou_corkboard
xmodel,#p7_fir_fence_metal_single
xmodel,#p7_cinder_block_broken_piece_2_2
xmodel,#p7_camp_fire_pit_grill_01
xmodel,#hash_9c0d623af7c4410
xmodel,#p8_fxanim_gp_fan_ceiling_suspended_mod
xmodel,#p_rus_radar_dish
xmodel,#p7_debris_wood_plywood_2x8_cracked
xmodel,#p7_fir_tire_stack_stripe_02
xmodel,#hash_ab85e485954a5a6
xmodel,#hash_b6a89ed058e522b
xmodel,#p7_slu_debris_paper_03
xmodel,#p7_slu_debris_paper_02
xmodel,#p7_soc_food_soda_can_02
xmodel,#p7_light_work_utility_hanging_small
xmodel,#hash_bcb1041182fc5ed
xmodel,#p7_mou_keybox_key_02
xmodel,#hash_bdab43488187327
xmodel,d#p7_fxp_debris_metal_scrap_01
xmodel,d#p7_fxp_debris_metal_scrap_02
xmodel,#p7_zm_ori_can_food_metal_rust_03
xmodel,#p7_debris_wood_plank_old_96_darker
xmodel,#hash_d1a4aaa19632bd8
xmodel,#p7_fir_crate_wood_01
xmodel,#p7_fir_crate_wood_02
xmodel,#p7_spl_plank_02a
xmodel,#hash_df73afb4d20d202
xmodel,#p7_tools_jar_glass_med
xmodel,#p7_debris_wood_plywood_2x4_flat_dirty_wet
xmodel,#p7_zm_gen_bolt_plate_01
xmodel,#p7_zm_ctl_wood_plank_wide_01_c_worn
xmodel,#p7_fir_buildingstraight_lower_wall_part_05_indoor
xmodel,#p7_fir_tower_radio_vista
xmodel,#p7_tiedown_i_hook_metal_01
xmodel,#p7_inf_barn_window_bottom_frame
xmodel,d#p7_fir_tank_propane_guage
xmodel,#p7_jun_corrugated_metal_8x8
xmodel,#p7_fir_buildingmobile_spiderwebs_01
xmodel,#p7_foliage_grass_tussock_green_2_dry_sway
xmodel,#p7_zm_tra_fence_quarantine_wheel
xmodel,#p7_fxanim_gp_float_plank_wood_01_mod
xmodel,#p7_curtain_hanging_72x72_worn
xmodel,#hash_110ad074326dd6a8
xmodel,#p7_fir_buildingstraight_upper_wall_lateral_02_indoor
xmodel,#p7_cinder_block_broken_piece_3_3
xmodel,#p7_cinder_block_broken_piece_3_1
xmodel,#hash_118d3de91fb3587e
xmodel,#p7_debris_wood_plank_old_64_dark
xmodel,#p7_fir_cinder_block
xmodel,#p7_jun_sheet_metal_2x8_red
xmodel,#hash_121f780867883a40
xmodel,#veh_mphd_uaz_dest_attach
xmodel,#p7_mou_tank_propane_bottle_long
xmodel,#p7_window_bars_metal_01a
xmodel,#p7_fxanim_fir_tarp_draped_01_blue
xmodel,#p7_mou_electrical_pipe_box
xmodel,#veh_mphd_m35_canvas_attch_old
xmodel,#veh_mphd_tiara_dest_sapwn_mirror_l
xmodel,#veh_mphd_tiara_dest_sapwn_mirror_r
xmodel,#p7_fir_barricade_gate_metal_hinge_a
xmodel,#p7_fir_barricade_gate_metal_hinge_b
xmodel,#p7_fir_buildingmobile_ceiling_01
xmodel,#p7_bullet_shell_casing_pile_50cal_01
xmodel,#hash_13f4227a7c1f174f
xmodel,#hash_1443c2b55b21e5a1
xmodel,#p7_plank_wood_damaged_2x4x64
xmodel,#p7_fir_fence_metal_double
xmodel,#p7_scaffold_metal_01_crossbeam_128x128a
xmodel,#p7_zm_tra_water_tower_catwalk
xmodel,#p7_fir_plank_wood_dmg
xmodel,#p7_fir_foliage_grass_short_02_fxanim
xmodel,#p7_jun_corrugated_metal_02
xmodel,#p7_jun_corrugated_metal_01
xmodel,#p6_wood_plank_rustic01_2x12x96
xmodel,#hash_156f651d4af725db
xmodel,#p7_fir_buildingstraight_upper_wall_lateral_01
xmodel,#p7_fir_buildingstraight_upper_wall_lateral_02
xmodel,#p7_fir_net_volleyball
xmodel,#p7_wes_wooden_plank_fence
xmodel,#hash_1653e4ba7ca59e0e
xmodel,#p8_mphd_cardboard_bundle_set01
xmodel,#p7_jun_ammo_box
xmodel,#p8_cables_electrical_single_64_02
xmodel,#hash_16c1ec4e7f0660ff
xmodel,#p7_fir_tire_rack_02
xmodel,#p8_fxanim_fire_wire_suspendedlight_bunker_mod
xmodel,#p7_debris_wood_plywood_2x4_flat_dirty
xmodel,#p7_fir_long_building_woodwall_01_corner
xmodel,#p7_fir_table_wood_rustic
xmodel,#p7_zm_nac_barrel_explosive_red_dmg_01
xmodel,#hash_18bc786c02eafbbf
xmodel,#p7_debris_wood_plywood_4x4_flat
xmodel,#p7_light_fluorescent_subway_bulb_off
xmodel,#p7_bottle_milk_broken_top
xmodel,#p7_slu_dispenser_bathroom
xmodel,#p8_fxanim_fir_wire_warehouse_smod
xmodel,#p7_zm_kin_cabinet_storage
xmodel,#c_t7_mp_battery_mpc_fb1_skin1
xmodel,#p7_fir_signage_metal_exit_off
xmodel,#p7_debris_wood_plywood_4x8_bowed_dirty
xmodel,#p7_curtain_hanging_72x122_worn
xmodel,#p7_debris_glass_shards_04
xmodel,#p7_debris_glass_shards_06
xmodel,#p7_debris_glass_shards_01
xmodel,#p7_roof_vent_base_01_metal_bare
xmodel,#p7_rus_rack_coat_hook
xmodel,#p7_fir_chair_wood
xmodel,#p7_zm_ori_wood_post_02
xmodel,#p7_zm_isl_engine_trap_compressor
xmodel,#hash_1b90e94f6868f5da
xmodel,#p7_zm_ori_gutter_downspout
xmodel,#p7_mou_ladder_metal_128
xmodel,#p7_bullet_shell_casing_pile_556_03
xmodel,#p7_bullet_shell_casing_pile_556_01
xmodel,#p7_fir_rock_cliff_vista
xmodel,d#p7_tools_nail
xmodel,#p7_fir_buildingstraight_lower_wall_part_04_indoor
xmodel,#p7_slu_door_white_plain_left
xmodel,#p7_zm_ctl_light_cage
xmodel,#hash_1de39961c8635f43
xmodel,#p7_barbed_wire
xmodel,#p7_ban_i_beam_bracket_junction
xmodel,#p7_fir_floodlight_speaker_tall_speaker
xmodel,d#p7_fir_crate_ammo_wood_02
xmodel,#p7_slu_panel_electrical_01_base
xmodel,d#p7_tank_welding_guage
xmodel,#hash_1ed25dc942207523
xmodel,#p7_door_metal_industrial_dent_white
xmodel,#p7_fir_ori_coat_hanging_02_alt
xmodel,#p7_jun_sandbag_roof_quadrant_02
xmodel,#p7_jun_sandbag_roof_quadrant_03
xmodel,#p7_jun_sandbag_roof_quadrant_01
xmodel,#p7_jun_sandbag_roof_quadrant_04
xmodel,#p7_fir_net_volleyball_pole
xmodel,#p7_tools_jar_glass_nails_screws
xmodel,#p7_conduit_metal_1_outlet_box
xmodel,#p7_fir_rock_cliff_cluster
xmodel,#p7_fir_fence_chainlink_01
xmodel,#p7_fxanim_fir_tarp_blue_scaffold_02
xmodel,#p7_fir_fence_metal_lock
xmodel,#p7_newspaper_group_01_corner
xmodel,#p7_debris_wood_plywood_4x8_cracked_dirty_wet
xmodel,#p7_fir_lbuilding_plywood_wall_tarp_01
xmodel,#p7_chair_folding_folded
xmodel,#p7_fir_monitor_security_tv_dmg
xmodel,d#p8_mp_bomb_crate_open
xmodel,#p7_cai_hav_rock_park_01_cluster_f
xmodel,#p7_cai_hav_rock_park_01_cluster_a
xmodel,#p7_cai_hav_rock_park_01_cluster_c
xmodel,#p7_sin_ship_container_side_panel_96_grunge_white
xmodel,d#p8_mp_bomb_crate_single
xmodel,#p7_wes_wood_plank_old_v1_128
xmodel,#p7_ven_gate_chainlink_01_left
xmodel,#p7_zm_sta_wall_light
xmodel,#p7_debris_wood_plywood_4x8_cracked_dirty
xmodel,#p7_slu_meter_electric_03_base
xmodel,#p7_fir_fence_wood
xmodel,d#p8_fxp_fluid_splash_blood
xmodel,#hash_2465d2e01d719653
xmodel,#p7_suspension_bridge_bolt_04_rusty
xmodel,#p7_zm_ctl_bridge_floor_beam_wood
xmodel,#p7_fir_training_course_jump_med
xmodel,#p7_cai_street_signage_bracket_01
xmodel,#p7_bullet_pile_shotgun_01
xmodel,#p7_jun_sheet_metal_4x4_2
xmodel,#p7_fir_plywood_plank_4x8_08
xmodel,#p7_fir_plywood_plank_4x8_01
xmodel,#p7_fir_plywood_plank_4x8_02
xmodel,#p7_fir_plywood_plank_4x8_03
xmodel,#p7_fir_plywood_plank_4x8_04
xmodel,#p7_fir_plywood_plank_4x8_05
xmodel,#p7_fir_plywood_plank_4x8_06
xmodel,#p7_fir_plywood_plank_4x8_07
xmodel,#p7_debris_newspaper_07_wet
xmodel,#p7_zm_der_chainlink_fence_tension_band
xmodel,#p7_fir_shipping_container_dmg
xmodel,#p8_col_vista_foliage_jungle_tree_palm_med
xmodel,#p7_bullet_shell_casing_pile_9mm_01
xmodel,#p7_fir_door_hinges_single
xmodel,#p7_signage_caution_explosive_01
xmodel,#p7_cai_lantern_chain_32
xmodel,#p7_light_fluorescent_subway_no_glass_01
xmodel,#p7_fir_fence_cage_side_lt
xmodel,#p7_fir_fence_cage_side_rt
xmodel,#p7_ris_bucket_plastic_5_gal_bucket_paint
xmodel,#hash_26eb4bec3ab20d63
xmodel,#veh_t8_civ_license_plate_back_california_truck_blk
xmodel,#p7_jun_corrugated_metal_4x8
xmodel,#p7_jun_corrugated_metal_4x4
xmodel,#p7_office_paper_folder_beige
xmodel,#p7_zur_nw_wall_beam_01
xmodel,d#veh_t8_mil_helicopter_light_tail_rotor_blur_attach
xmodel,#p7_fir_mesh_plate_1x2_01
xmodel,#p7_slu_pole_chainlink_fence_metal
xmodel,#p8_fxanim_gp_hanging_work_light_medium_smod
xmodel,#hash_287e8ee217a5dd3b
xmodel,#p7_jun_sheet_metal_4x8_white
xmodel,#p7_fir_buildingstraight_upper_wall_part_04_indoor
xmodel,#p7_zm_ori_gutter_section_cap
xmodel,#p7_light_fluorescent_subway_01
xmodel,#p7_debris_wood_plywood_4x8_cracked_blue_wet
xmodel,#p7_fir_training_course_rope
xmodel,#p7_glass_shard_thin_streaks
xmodel,#p7_sin_rail_post_base_pole_01_rusty
xmodel,#p7_zm_tra_table_wood_lrg_broken_leg
xmodel,#p7_mou_barrel_metal_02
xmodel,#p7_fir_buildingmobile_sign_01
xmodel,#p7_fir_buildingstraight_large_doorframe_01
xmodel,#p7_fir_buildingstraight_large_doorframe_02
xmodel,#p7_zm_ctl_wood_plank_wide_01_b_worn
xmodel,#hash_2a7b762c9ff2bc25
xmodel,#p7_water_filtration_system_mount_hook
xmodel,#p7_jun_corrugated_metal_2x4_dmg
xmodel,#p7_debris_wood_plank_old_64b_splintered
xmodel,#p7_fir_fence_metal_door
xmodel,#p7_slu_panel_electrical_02_lid_01
xmodel,#p7_zm_ver_shower_metal_bracket
xmodel,#hash_2b4dd195958bede3
xmodel,#hash_2b5b29607b74b4ff
xmodel,#p7_zm_ctl_crate_ammo_vintage_01_lid
xmodel,#hash_2b6806c32c3b3e4a
xmodel,#p7_decal_street_signage_speed_30
xmodel,#p7_decal_street_signage_speed_45
xmodel,#p7_fir_buildingstraight_upper_wall_lateral_01_indoor
xmodel,#p7_fir_buildingstraight_garage_door_metal_01
xmodel,#p7_fir_training_course_jump_lrg
xmodel,#hash_2c12544b43b195df
xmodel,#hash_2c2258302f17f8f4
xmodel,#p7_fir_bottle_liquor_02
xmodel,#p7_fir_bottle_liquor_01
xmodel,#p7_debris_wood_plank_old_96_splintered
xmodel,#hash_2c7f707f6c8d7a04
xmodel,#p7_fir_barricade_barbed_wire
xmodel,#p7_fir_foliage_grass_short_256_02_fxanim
xmodel,#p7_kfu_zen_pillar_brown
xmodel,d#veh_t8_mil_helicopter_light_interior_attach
xmodel,#p7_ban_i_beam_bracket_32_l_02_pale
xmodel,#p7_zm_sha_wood_plank_splintered
xmodel,#veh_mphd_tiara_green_dead
xmodel,#p7_fir_buildingstraight_lower_wall_lateral_02_indoor
xmodel,#p7_fir_ammo_crate_lid
xmodel,#p8_col_vista_foliage_jungle_tree_palm_lrg
xmodel,#p7_debris_wood_plank_old_64
xmodel,#p7_barricade_metal_gate_02_post_damaged
xmodel,#p7_ram_castle_door_hinge_l
xmodel,#p7_electrical_box_set2_box05
xmodel,#p7_fir_training_course_climb_step
xmodel,#hash_2e3c4d6cf37520d2
xmodel,#hash_2e59b3cb7a6d0577
xmodel,#p7_zm_shi_wood_plank_rustic_broken_worn_03
xmodel,#p7_zm_shi_wood_plank_rustic_broken_worn_02
xmodel,#p7_zm_shi_wood_plank_rustic_broken_worn_01
xmodel,#p7_beams_construction_stack_wood_orange_ends
xmodel,#p7_fir_plywood_wall
xmodel,#p7_doorframe_metal_shop_01_rt_black
xmodel,#p7_zm_asc_lightbox
xmodel,#p7_fir_foliage_grass_tall_fxanim
xmodel,#p7_zm_shi_corrugated_metal_panel_dmg_03_white
xmodel,#p7_bullet_pile_9mm_01
xmodel,#p7_jun_sheet_metal_4x4_blue
xmodel,#hash_2f68a72ab6112020
xmodel,#p7_fir_hose_rolled_pipe
xmodel,#p7_fir_buildingstraight_upper_wall_part_05_indoor
xmodel,#hash_2fca6f8ee3d7fe65
xmodel,#p7_jun_sheet_metal_4x8
xmodel,#p7_jun_sheet_metal_4x4
xmodel,#p7_zm_ori_light_shade
xmodel,#p7_fir_corrugated_wall_lrg
xmodel,#p7_wes_wood_plank_old_64b
xmodel,#hash_301b5d06da394890
xmodel,#p7_jun_corrugated_metal_4x8_dmg
xmodel,#p7_fir_long_building_roof
xmodel,#p7_curtain_hanging_36x122_worn
xmodel,#p7_jun_sheet_metal_2x4_red
xmodel,#p7_fir_buildingstraight_sign_01
xmodel,#p7_zm_der_rust_angle_plate_bolt
xmodel,#p7_fir_bathroom_mirror
xmodel,#hash_314f8604ed1c0879
xmodel,d#p7_fir_tool_chest_rolling_wheel
xmodel,#p7_debris_wood_plank_old_128_darker
xmodel,d#p7_mou_snow_chunk_01
xmodel,d#p7_mou_snow_chunk_04
xmodel,#p7_fir_rock_med_01
xmodel,#p7_fir_rock_med_02
xmodel,#p7_fir_rock_med_03
xmodel,#p7_fir_rock_med_04
xmodel,#p7_fir_buildingstraight_lower_wall_part_03
xmodel,#p7_fir_buildingstraight_lower_wall_part_02
xmodel,#p7_fir_buildingstraight_lower_wall_part_01
xmodel,#p7_fir_buildingstraight_lower_wall_part_05
xmodel,#p7_fir_buildingstraight_lower_wall_part_04
xmodel,#p7_bullet_pile_556_01
xmodel,#p7_ban_i_beam_128
xmodel,#p7_fir_building_001_bolts
xmodel,#p7_fir_transformer_ceiling_base
xmodel,#p7_slu_panel_electrical_04_lid_01
xmodel,#p7_mou_barrel_metal_02_darkblue
xmodel,#hash_322a6ecfec3f4c6f
xmodel,#p7_jun_sheet_metal_4x4_bd_01
xmodel,#p7_fir_table_ledge_wood_post
xmodel,#p7_zm_shi_wood_post_256
xmodel,#p7_fir_ammo_crate_box
xmodel,#p7_foliage_grass_tall_cluster_sml
xmodel,#hash_32c00d5f3b435f17
xmodel,#hash_32c00e5f3b4360ca
xmodel,#p7_wes_washstand_vintage_towel
xmodel,#hash_32e402275752d7fc
xmodel,#p7_corrugated_sheet_metal_rust_01
xmodel,#p7_corrugated_sheet_metal_rust_02
xmodel,#p7_corrugated_sheet_metal_rust_04
xmodel,#p7_fir_buildingsquare_upper_wall_02
xmodel,#p7_fir_buildingsquare_upper_wall_01
xmodel,#p7_lab_spotlight_generator_tall
xmodel,#p7_fir_watch_tower_vista
xmodel,#p7_restroom_sign_women
xmodel,#p7_fir_post_wood
xmodel,#p7_debris_paper_sheet_01
xmodel,#p8_col_metal_corrugated_roof
xmodel,#p7_zm_ver_farm_tools_hammer
xmodel,d#veh_t8_mil_helicopter_light_decals_attach
xmodel,#p7_debris_trash_paper_10
xmodel,#p7_debris_trash_paper_09
xmodel,#p7_debris_trash_paper_02
xmodel,#p7_jun_sandbag_brown
xmodel,#p7_slu_rollup_door
xmodel,#p7_fir_tire_stack_short_01
xmodel,#p7_fir_tire_stack_short_02
xmodel,#p7_fir_tire_stack_short_03
xmodel,#p7_zm_asc_pipes_modular_clamp_b
xmodel,#p7_zm_asc_pipes_modular_clamp_a
xmodel,#hash_35ceec198ebc98d4
xmodel,#hash_360cb8ae1f28942e
xmodel,#p7_fir_buildingsquare_floor_01
xmodel,#p8_mphd_ammo_box_wood_04_closed
xmodel,#p7_newspaper_group_02_corner_wet
xmodel,d#p8_mp_flag_base_light_fixture_1
xmodel,#hash_37170f9c0564b46b
xmodel,#hash_375f47d6b2574cd5
xmodel,d#veh_t8_mil_helicopter_light_seat_attach
xmodel,d#p8_fxp_fluid_droplet_blood
xmodel,#p7_light_metal_hanging_mechanic_on
xmodel,#p7_debris_wood_plywood_4x8_cracked
xmodel,#hash_37df9a8f1e669c80
xmodel,#p7_vent_wall_metal_02_bare
xmodel,#p7_jun_sheet_metal_4x4_white
xmodel,#p7_zm_asc_table_steel
xmodel,#p7_fir_table_ledge_wood
xmodel,d#p7_fir_sandbag_single_nodmg
xmodel,d#p7_light_floodlight_sml
xmodel,#p7_shr_wood_beam_support
xmodel,#hash_38f1361293d8c1c2
xmodel,#p7_jun_corrugated_metal_2x8
xmodel,#p7_jun_corrugated_metal_2x4
xmodel,#p7_aqu_railings_set_metal_base
xmodel,#p7_mou_cargo_pallet_crate_02
xmodel,#p7_plank_wood_broken_sml_2x4x64
xmodel,#p7_wood_plank_rustic01_2x4x120
xmodel,#hash_39f81eb50a23c196
xmodel,#p7_zm_asc_pipes_electrical_long
xmodel,#p8_fxanim_gp_hanging_work_light_short_smod
xmodel,#p7_fir_rock_rough_lrg_01
xmodel,#hash_3a4732d65a487d06
xmodel,#hash_3a4734d65a48806c
xmodel,#hash_3a4735d65a48821f
xmodel,#hash_3a4737d65a488585
xmodel,#p7_wes_wood_plank_old_beam
xmodel,#p7_jun_sheet_metal_2x4_white
xmodel,#p7_light_fluorescent_subway_glass_broken_01
xmodel,#p7_light_fluorescent_subway_glass_broken_02
xmodel,#p7_light_fluorescent_subway_glass_broken_03
xmodel,#p7_fir_floodlight_speaker_tall_light
xmodel,#p7_slu_plank_wood_rustic_2x12x96
xmodel,#p7_fir_watch_tower_vista_stairs
xmodel,#p7_ban_i_beam_bracket_32_l_01
xmodel,#p7_ban_i_beam_bracket_32_l_02
xmodel,#veh_mphd_m35_bed_attch
xmodel,#p7_fir_barrel_metal_light
xmodel,#p7_ra2_anvil_hook
xmodel,d#p7_gib_chunk_flesh_01
xmodel,d#p7_gib_chunk_flesh_03
xmodel,d#p7_gib_chunk_flesh_02
xmodel,#p7_cai_rock_rubble_pile_b_low
xmodel,#hash_3c825aab52b8e1c4
xmodel,#p7_window_glass_shard_08
xmodel,#p7_window_glass_shard_09
xmodel,#p7_window_glass_shard_06
xmodel,#p7_window_glass_shard_07
xmodel,#p7_window_glass_shard_04
xmodel,#p7_window_glass_shard_05
xmodel,#p7_window_glass_shard_02
xmodel,#p7_window_glass_shard_03
xmodel,#p7_window_glass_shard_01
xmodel,#p7_window_glass_shard_10
xmodel,#p7_slu_tool_chest_sml_top
xmodel,#p7_conduit_metal_1_outlet_switch
xmodel,#p7_zm_tra_pipes_metal_hold
xmodel,#p7_mou_locker_metal_door_lt_red
xmodel,#hash_3d147646cd810e63
xmodel,#p7_fir_outpost_lookout_02
xmodel,#p7_zm_der_light_shade
xmodel,#p7_debris_wood_plywood_2x8_flat_white_wet
xmodel,#hash_3d5a2dba1d9a1f4b
xmodel,#p7_zm_nac_barrel_explosive_red
xmodel,#hash_3d920e7ddbaee55d
xmodel,#p7_zm_ctl_bridge_cross_beam_wood_snow
xmodel,#p7_slu_fuse_box_electric_pipe_01
xmodel,#p7_slu_fuse_box_electric_pipe_02
xmodel,#p7_fir_buildingsquare_backwall_04
xmodel,#p7_fir_buildingsquare_backwall_01
xmodel,#p7_fir_buildingsquare_backwall_03
xmodel,#p7_fir_buildingsquare_backwall_02
xmodel,#p7_zm_tra_water_tower
xmodel,#hash_3e1c9aea83a6982c
xmodel,#p7_debris_wood_plank_old_128
xmodel,#p7_mou_barrel_metal_02_blue
xmodel,#p7_fir_buildingmobile_wall_indoor_01
xmodel,#veh_mphd_tiara_dead
xmodel,#p7_mou_locker_metal_door_rt_red
xmodel,#p7_debris_wood_plywood_4x8_flat_white
xmodel,#p7_jun_sheet_metal_4x8_2
xmodel,#p7_hose_01
xmodel,#hash_3e8c2dd110f170d3
xmodel,#hash_3e8df0d57fc1cef9
xmodel,#p7_jun_sheet_metal_2x8
xmodel,#p7_jun_sheet_metal_2x4
xmodel,#p7_slu_concrete_cinder_block_half
xmodel,#p7_jun_sandbag_roof_02
xmodel,#c_t7_mp_technomancer_mpc_fb1_skin1
xmodel,#p7_fir_bathroom_sink
xmodel,#p7_fir_ammo_crate_bullets
xmodel,#hash_3fa8c028e61f2c6b
xmodel,#p7_zm_shi_gate_metal_rope_02
xmodel,#p7_fir_light_industrial_bulb
xmodel,d#p7_fir_box_ammo_metal
xmodel,#p7_zm_sta_shelf_wall_bracket
xmodel,#p7_cup_coffee_paper
xmodel,#p8_fir_ammo_crate
xmodel,d#p7_gib_chunk_bone_01
xmodel,d#p7_gib_chunk_bone_03
xmodel,d#p7_gib_chunk_bone_02
xmodel,#p7_fxanim_market_stand_tarp_white_corner_s3_mod
xmodel,#hash_41c66b60e08f739b
xmodel,#hash_421f58c3829e0c22
xmodel,#hash_42427f9c4f9b0146
xmodel,#p7_zm_zod_gutter_downspout_02
xmodel,#p7_zm_gen_rubble_scattered_01_lod
xmodel,#p7_debris_wood_plywood_4x8_cracked_wet
xmodel,#p7_tie_rod_metal_01_ring
xmodel,#veh_t8_civ_license_plate_front_california_truck_blk
xmodel,#hash_437ea19497155ff8
xmodel,#p7_slu_tire_dirty_wet
xmodel,#p7_slu_pole_chainlink_fence_metal_mountain
xmodel,#p7_vld_rock_pile_small_01
xmodel,#p7_zm_asc_pipes_electrical_short
xmodel,#p7_debris_newspaper_02
xmodel,#p7_debris_newspaper_04
xmodel,#p7_fir_ladder_hanging
xmodel,#p7_bullet_shell_casing_pile_shotgun_01
xmodel,#c_t7_mp_warrior_mpc_fb1_skin1
xmodel,#p7_debris_asphalt_chunk_07
xmodel,#p7_debris_asphalt_chunk_06
xmodel,#p7_debris_asphalt_chunk_05
xmodel,#p7_debris_asphalt_chunk_04
xmodel,#p7_debris_asphalt_chunk_01
xmodel,#p7_ban_cave_beams_single_256
xmodel,#p7_fir_buildingstraight_upper_wall_part_01_indoor
xmodel,#p7_fir_barbed_wire_coil_01
xmodel,#p7_bucket_shrapnel_base
xmodel,#p7_slu_meter_electric_02_base
xmodel,#p7_fir_rock_cluster_back
xmodel,#p8_fxanim_suspended_light_lbuilding_smod
xmodel,#p7_fir_cord_protector_01
xmodel,#p7_fir_hose_rolled_spool
xmodel,#hash_46477394ce495e8c
xmodel,#hash_4679ad637accce54
xmodel,#p7_zm_tra_sign_please_wait
xmodel,#p7_mou_lamp_industrial_light_head
xmodel,#p7_ban_debris_car_door_chain
xmodel,#p7_fir_lbuilding_plywood_wall_02
xmodel,#p7_fir_lbuilding_plywood_wall_03
xmodel,#p7_fir_lbuilding_plywood_wall_01
xmodel,#p7_ibeam_bracket_32_l_01
xmodel,#p7_ibeam_bracket_32_l_02
xmodel,#p7_medical_dispenser_soap
xmodel,#p7_fir_paper_stack_shuffled
xmodel,#p7_zm_ori_light_bulb_small
xmodel,#p7_plank_wood_broken_sml_2x4x64_wet
xmodel,#p7_rus_pipe_vent
xmodel,#p7_zm_der2_teddybear
xmodel,#p8_mp_bomb_crate_whole_destroyed
xmodel,#p7_ris_hose_pile_small_01_yellow
xmodel,#p7_fir_tire_rack_metal
xmodel,#p8_mphd_ammo_box_wood_04_lid
xmodel,#p7_mou_trash_can_full
xmodel,#p7_fir_targetdummy_stand_back
xmodel,#p7_mou_cargo_pallet_02
xmodel,#p7_mou_ori_boots_military
xmodel,#p7_debris_trash_paperbag_02
xmodel,#p7_cai_path_stone_slab_smooth_f
xmodel,#p7_fir_buildingstraight_roof_02
xmodel,#hash_4acf270ba2af072f
xmodel,#p7_fxanim_gp_flag_usa_angled_01_s3_smod
xmodel,#hash_4ad395814e335a18
xmodel,#hash_4ad396814e335bcb
xmodel,#hash_4ad398814e335f31
xmodel,#p7_fir_vent_wall_metal_sml
xmodel,#p7_debris_trash_snack_bag_07
xmodel,#p7_debris_trash_snack_bag_02
xmodel,#p7_zm_ori_light_socket
xmodel,#p7_hydraulic_pump_motor
xmodel,#hash_4bbaefa594b10327
xmodel,#hash_4bce695776998ab6
xmodel,d#p7_fxp_debris_dirt_clod_01_brown
xmodel,#p7_fir_tank_water
xmodel,#hash_4c6f3c849e96157a
xmodel,#hash_4cbf29c6931df2df
xmodel,#p7_barricade_metal_gate_02_post
xmodel,d#hash_4d4f73a49688d33c
xmodel,d#fx_char_gib_chunk_bone03
xmodel,d#hash_4d4f76a49688d855
xmodel,#p7_jun_sheet_metal_4x8_bd_01_blue
xmodel,#p7_fir_wheel_gate
xmodel,#p7_debris_trash_cup_coffee_02
xmodel,#p7_debris_trash_cup_coffee_01
xmodel,#p7_fir_bench_bleacher_wood_02
xmodel,#p7_fir_bench_bleacher_wood_01
xmodel,#p7_fir_crate_wood_lrg
xmodel,#p7_fir_beer_can_02
xmodel,#hash_4e3e528724877255
xmodel,#p7_soc_foliage_cactus_med_01
xmodel,#veh_mphd_uaz_back_seat_dead_attach
xmodel,#p7_fir_corrugated_wall_rt
xmodel,#hash_4f051c35cb5a8f5b
xmodel,#p7_fir_corrugated_wall_lt
xmodel,#skybox_default_day
xmodel,#p7_pipe_metal_sprinkler
xmodel,#p7_flag_pole_12_feet_01
xmodel,#p7_ban_light_floodlight
xmodel,#p7_mou_coiled_wire
xmodel,#hash_5046fc0a7d6af33c
xmodel,#p7_light_hurricane_lamp
xmodel,#hash_508944d90fe63e41
xmodel,#p7_fir_barbed_wire_metal
xmodel,#hash_513336c43289d05c
xmodel,#p7_fxanim_gp_trash_food_box_01_mod
xmodel,#p7_zm_asc_pipes_modular_t
xmodel,#hash_51b27ddf522fafb4
xmodel,#hash_5228333a63e23c8d
xmodel,#p7_zm_ori_gutter_outlet
xmodel,#p7_can_metal_open_dented
xmodel,#p7_rus_vent_roof_metal
xmodel,#p7_fir_boot_military
xmodel,#p7_fir_wire_spool_roll
xmodel,#p7_fir_shelf_wall_bracket
xmodel,#p7_fir_bullet_pile
xmodel,#p7_mou_pallet_wood
xmodel,#p7_eth_bird_spikes
xmodel,#p7_zm_zod_gutter_section_spout_bracket
xmodel,#p8_wz_supply_stash_health
xmodel,#p7_slu_panel_electrical_03_base_box
xmodel,#hash_54250a95340e5d1f
xmodel,#hash_54250b95340e5ed2
xmodel,#wpn_t8_eqp_briefcase_bomb_stow
xmodel,#p7_fir_cabinet_wood_shelf
xmodel,#p7_fir_ammo_box_wood
xmodel,#p7_wood_plank_rustic01_2x8x108
xmodel,#p7_slu_tire_dirty
xmodel,#p7_slu_panel_electrical_04_base
xmodel,d#p7_fir_barrel_metal_blue
xmodel,d#veh_mphd_forklift_decals_rust_01
xmodel,#veh_mphd_forklift_decals_rust_02
xmodel,d#p8_mp_flag_pole_1
xmodel,#p7_mp_firingrange2_vista_island
xmodel,#p7_zm_asc_barrel_metal_dmg
xmodel,#p7_fir_buildingstraight_stair_rail_02
xmodel,#p7_fir_buildingstraight_stair_rail_01
xmodel,#p7_fir_buildingsquare_wall_02
xmodel,#p7_fir_buildingsquare_wall_03
xmodel,#p7_fir_buildingsquare_wall_01
xmodel,d#p7_tank_welding_valve
xmodel,#p7_foliage_plant_aloe_small_dry
xmodel,#p6_wood_plank_rustic01_2x16x48
xmodel,#p7_slu_fuse_box_electric_02
xmodel,#p7_slu_fuse_box_electric_03
xmodel,#p7_slu_fuse_box_electric_01
xmodel,#p7_zm_der_chainlink_fence_rail_end
xmodel,#p7_fir_foliage_tree_palm_03
xmodel,#p7_fir_foliage_tree_palm_02
xmodel,d#p7_fir_foliage_tree_palm_01
xmodel,d#p8_mp_bomb_crate_brace
xmodel,#p7_fir_air_conditioner_vent
xmodel,#p7_fir_buildingmobile_doorframe_01
xmodel,#p7_fir_buildingmobile_doorframe_02
xmodel,#p7_slu_plank_wood_lrg
xmodel,#p7_fir_palette_ammo_wood_plank
xmodel,#hash_57c40be28b8957b5
xmodel,#p8_fxanim_gp_wire_l_hanging_smod
xmodel,#p7_bottle_milk_broken_btm
xmodel,#p7_zm_moo_ship_container_door_left_rust
xmodel,d#p7_fir_sandbag_stack
xmodel,#hash_588752e8db18f47b
xmodel,d#veh_mphd_forklift_decals_01
xmodel,#veh_mphd_forklift_decals_02
xmodel,#p7_zm_sta_burnt_debris_wood_plank_old_96_splintered
xmodel,#p7_zm_sta_burnt_plank_wood_2x12x96
xmodel,#p7_hinge_metal_straight
xmodel,#hash_5920d6a3c30782aa
xmodel,#hash_5925c0991f0b8a14
xmodel,#hash_5925c1991f0b8bc7
xmodel,#hash_5925c3991f0b8f2d
xmodel,#p7_fir_buildingsquare_backwall_roof_01
xmodel,#p7_debris_trash_paper_plate_01
xmodel,#p7_drain_metal_shower
xmodel,#p7_barricade_gate_metal_hinge_b
xmodel,#p7_barricade_gate_metal_hinge_a
xmodel,d#veh_t8_mil_helicopter_light_fire_extinguisher_attach
xmodel,#p7_bullet_pile_50cal_01
xmodel,#p7_zm_ori_coat_hanging
xmodel,#p7_fir_buildingsquare_upper_wall_front
xmodel,#hash_5b98d302772f6a58
xmodel,#p7_wall_wood_rustic_01_post_sml
xmodel,#p7_rus_tank_pressure
xmodel,#p7_cai_igc_cup_coffee_mug
xmodel,#hash_5c6c585a7680ebff
xmodel,#p7_fir_sign_welcome
xmodel,#p7_fir_tank_water_base
xmodel,#p7_fir_signage_metal_exit
xmodel,d#p7_gib_chunk_meat_01
xmodel,d#p7_gib_chunk_meat_02
xmodel,d#p7_gib_chunk_meat_03
xmodel,#p7_zm_ver_power_line_clamp
xmodel,#veh_mphd_tiara_dest_attach
xmodel,#p7_fir_plywood_wall_fence
xmodel,#p7_zm_ctl_wood_plank_wide_01_b
xmodel,#p7_flag_pole_25_feet_01
xmodel,#p7_boat_rusted_fishing
xmodel,d#p7_fir_generator_diesel_low_decals
xmodel,#p7_mou_pipe_vented
xmodel,#p7_zm_asc_light_emergency
xmodel,#p7_debris_newspaper_corner_08
xmodel,#p7_debris_newspaper_corner_02
xmodel,#p7_fir_wire_spool_roll_coil
xmodel,#p7_zm_nac_barrel_explosive_red_dest
xmodel,#p7_slu_concrete_cinder_block
xmodel,d#p7_fir_bench_wood
xmodel,d#p8_fxp_fluid_droplet_mud
xmodel,d#p7_fxp_debris_rock_01
xmodel,d#p7_fxp_debris_rock_02
xmodel,d#p7_fxp_debris_rock_03
xmodel,#hash_605ed9fd1f7a7e60
xmodel,#p7_fir_buildingstraight_lower_wall_part_02_indoor
xmodel,#hash_60c5cdd1d5e59030
xmodel,#p7_fir_sign_matcu_airfield
xmodel,#hash_6144c5241b113796
xmodel,d#p7_fxp_debris_car_glass_shatter_02
xmodel,d#p7_fxp_debris_car_glass_shatter_03
xmodel,d#p7_fxp_debris_car_glass_shatter_01
xmodel,#p7_fir_door_rustic
xmodel,#p7_foliage_palm_frond_04
xmodel,#p7_fir_container_camo_tarp_01
xmodel,#p7_mou_earmuffs_industrial
xmodel,#hash_61e5f69d58bd2208
xmodel,#hash_61f8db5467c59700
xmodel,d#p7_fxp_debris_dirt_clod_02_brown
xmodel,#p7_mou_beam_support_pillar_junction02
xmodel,#p7_fir_rock_rough_med_01
xmodel,#p7_fir_sign_matcu_airfield_sign
xmodel,#p7_fir_rock_boulder_lrg_02
xmodel,#p7_fir_rock_boulder_lrg_01
xmodel,#p7_fir_tire_stack_01
xmodel,#p7_fir_buildingstraight_lower_wall_part_03_indoor
xmodel,#p7_jun_sheet_metal_4x8_bd_01_red
xmodel,#p7_fir_barrier_concrete
xmodel,#hash_63140a04809445f3
xmodel,#hash_63140b04809447a6
xmodel,#hash_63140c0480944959
xmodel,#p7_sin_market_stand_tarp_corner
xmodel,#p7_zm_asc_pipes_modular_02_d8_coupling
xmodel,#p7_jun_gascan_vintage
xmodel,#p7_newspaper_group_01_wet
xmodel,#p7_zm_asc_pipes_modular_valve
xmodel,#p7_debris_wood_plywood_2x4_flat
xmodel,#p7_fir_foliage_tree_palm_fan03
xmodel,#hash_65862a756e141650
xmodel,#hash_6589511dca5ce29c
xmodel,#p7_fxanim_fir_outpost_storage_camo_net
xmodel,#hash_65bf2e6855510ded
xmodel,#p7_fir_generator_industrial_beam
xmodel,#p7_debris_trash_can_cola_01
xmodel,#p7_fir_rock_lrg_01
xmodel,#p7_fir_monitor_security_base
xmodel,#p7_zm_asc_pipes_modular_90_b
xmodel,#p7_fir_outpost_storage_wire
xmodel,#p7_farm_tools_hammer
xmodel,#hash_66e4d4fbf11c4c60
xmodel,#p7_zm_debris_newspaper_german_02_burnt
xmodel,#p7_box_copy_paper_sheet
xmodel,d#p7_fir_bar_room_chair
xmodel,#p7_fxanim_gp_trash_cardboard_box_03_mod
xmodel,#p7_fir_rock_cluster
xmodel,#p7_fir_buildingstraight_roof_beam_01
xmodel,#p7_fir_bench_bleacher_metal_02
xmodel,#p7_fir_bench_bleacher_metal_01
xmodel,d#p7_fir_tire_single_01
xmodel,#p7_fir_tire_single_02
xmodel,#hash_683b2c6d4c380e93
xmodel,#p7_fir_palette_ammo_wood_standing_03
xmodel,#p7_fir_palette_ammo_wood_standing_02
xmodel,#p7_fir_palette_ammo_wood_standing_01
xmodel,#p7_rus_angle_plate_bolt
xmodel,#p7_jun_crate_ammo_wood_02
xmodel,#hash_68c7914c2f36c53e
xmodel,#p7_fir_buildingmobile_tarp_01
xmodel,#p7_zm_asc_barrel_metal_blue
xmodel,#p8_col_vista_foliage_jungle_young_palm
xmodel,d#veh_t8_mil_helicopter_light_main_rotor_blur_attach
xmodel,#p7_debris_wood_plywood_2x8_bowed_dirty
xmodel,#p7_debris_wood_plywood_4x8_bowed
xmodel,#hash_6944a165f2ada251
xmodel,#hash_6964efb36eb4dc96
xmodel,#p8_mphd_ammo_box_wood_04_bullets
xmodel,#p7_zm_asc_loudspeaker
xmodel,#p7_jun_sheet_metal_4x8_red
xmodel,#p7_debris_cardboard_flat_05_wet
xmodel,#p7_splinter_end_wood_01_2x4c
xmodel,#p8_light_metal_hanging_mechanic_bulb
xmodel,#p7_jun_corrugated_metal_2x8_dmg
xmodel,#p7_zm_shi_zipline_tower_fuse_box
xmodel,#skybox_default_black
xmodel,#p8_fxanim_gp_hanging_work_light_long_smod
xmodel,#p7_zm_moo_ship_container_door_right_rust
xmodel,#p7_mou_tile_ceiling_02
xmodel,#p7_mou_tile_ceiling_01
xmodel,#p7_fir_buildingstraight_doorframe_01
xmodel,#p7_fir_buildingstraight_doorframe_02
xmodel,#p7_zm_asc_pipes_electrical_short_02
xmodel,#p7_zm_asc_switch_electric_02
xmodel,#veh_mphd_uaz_back_seat_attach
xmodel,#p7_zm_shi_corrugated_sheet_metal_rust_04
xmodel,#p7_wes_sign_wanted_board_nail
xmodel,#p7_fir_training_course_climb_net
xmodel,#p7_zm_moo_ibeam_bracket_junction_01_grey
xmodel,#p7_slu_fuse_box_electric_wire_02
xmodel,#p7_slu_fuse_box_electric_wire_03
xmodel,#p7_zm_shi_lamp_post_wood_insulator
xmodel,d#p8_mp_bomb_crate_clamp
xmodel,#p7_wes_wood_post_01
xmodel,d#veh_t8_mil_helicopter_light_cockpit_attach
xmodel,#p7_slu_rollup_door_136
xmodel,#p7_slu_rollup_door_120
xmodel,#skybox_mp_firingrange2_nightfall_override
xmodel,#p7_fir_buildingstraight_lower_wall_lateral_02
xmodel,#p7_fir_buildingstraight_lower_wall_lateral_01
xmodel,#p7_fir_bunker_rooftarp_02
xmodel,#p7_fir_bunker_rooftarp_01
xmodel,#p7_zm_nac_bucket_metal_handle
xmodel,#p8_light_metal_hanging_mechanic_cage
xmodel,#p7_mou_beam_support_pillar_junction_corner
xmodel,#hash_6ecfc5598790e803
xmodel,#p7_zm_ori_gutter_section_bracket
xmodel,#p7_rus_box_electric_base_07
xmodel,#p7_rus_box_electric_base_05
xmodel,#p7_rus_box_electric_base_08
xmodel,#veh_t8_mil_helicopter_light_dest_attach
xmodel,#p7_fir_buildingstraight_upper_wall_part_04
xmodel,#p7_fir_buildingstraight_upper_wall_part_05
xmodel,#p7_fir_buildingstraight_upper_wall_part_02
xmodel,#p7_fir_buildingstraight_upper_wall_part_03
xmodel,#p7_fir_buildingstraight_upper_wall_part_01
xmodel,#p7_debris_newspaper_corner_01_wet
xmodel,#p7_fir_buildingsquare_low_roof_02
xmodel,#p7_fir_buildingsquare_low_roof_01
xmodel,#p7_roof_vent_turbine_metal
xmodel,#p7_wall_wood_rustic_01_post_lrg
xmodel,#hash_7046bc2cfc4e8864
xmodel,#p7_fir_foliage_tree_vista_02
xmodel,#p7_fir_foliage_tree_vista_03
xmodel,#p7_fir_foliage_tree_vista_06
xmodel,#p7_fir_foliage_tree_vista_07
xmodel,#p7_fir_foliage_tree_vista_04
xmodel,#p7_fir_foliage_tree_vista_05
xmodel,#p7_fir_foliage_tree_vista_08
xmodel,#p7_jun_sheet_metal_2x8_blue
xmodel,#p7_fxp_debris_newspaper_02
xmodel,#p7_fxp_debris_newspaper_03
xmodel,#p7_fxp_debris_newspaper_01
xmodel,#p7_mou_trash_can
xmodel,#p7_zm_asc_angle_plate_lrg_green
xmodel,#p7_glass_shard_corner_streaks
xmodel,#p7_zm_isl_foliage_grass_large_sway
xmodel,#hash_7224374293a60811
xmodel,#p7_fxanim_gp_trash_paper_towel_roll_dirty_02_s3_mod
xmodel,#hash_723b311a3530ec6d
xmodel,#p7_ban_i_beam_bracket_32_thin_l_01
xmodel,#p7_ban_i_beam_bracket_32_thin_l_02
xmodel,#p7_debris_wood_plywood_4x4_flat_dirty
xmodel,#p7_fxanim_fir_central_roof_tarp_01
xmodel,#p7_light_emergency_a
xmodel,#hash_729d8e2698bb2061
xmodel,#p7_wes_dark_wood_plank
xmodel,#p7_fir_bench_bleacher_support
xmodel,#p8_fxanim_fir_banner_quarantine_smod
xmodel,#hash_739e8673a6c3a693
xmodel,#p7_zm_ori_wood_planks_rustic_burnt_wet
xmodel,#p7_fir_buildingstraight_lower_wall_lateral_01_indoor
xmodel,#p7_restroom_sign_men
xmodel,d#p7_fir_tool_chest_rolling_sml
xmodel,#p7_beams_construction_stack_wood_white_ends
xmodel,#hash_749e4b168a586f5c
xmodel,#hash_749e4c168a58710f
xmodel,#hash_74a158168a5abb4a
xmodel,#p7_slu_wire_pipe
xmodel,#p7_curtain_rod_96
xmodel,#p7_soc_canned_goods_can_02
xmodel,#p7_mou_fence_metal_pole_lrg
xmodel,#p7_barbed_wire_b_flat
xmodel,#p7_cai_hotel_window_exterior_rectangle_v2
xmodel,#p7_mp_flag_neutral
xmodel,#p7_corrugated_sheet_metal_rust_dmg_02
xmodel,#p7_corrugated_sheet_metal_rust_dmg_03
xmodel,#p7_corrugated_sheet_metal_rust_dmg_05
xmodel,#p7_zm_ctl_debris_wood_plank_old_64
xmodel,#p7_wes_wood_plank_old_96
xmodel,#p7_wes_wood_plank_old_64
xmodel,#p7_zm_kin_chair_folding_wood_white_worn
xmodel,#p8_fxanim_gp_chain_hang_no_hook_01_64_smod
xmodel,#p7_zm_ctl_wood_plank_wide_01_a_worn
xmodel,#p7_fir_long_building_woodwall_08
xmodel,#p7_fir_long_building_woodwall_01
xmodel,#p7_fir_long_building_woodwall_03
xmodel,#p7_fir_long_building_woodwall_02
xmodel,#p7_fir_long_building_woodwall_05
xmodel,#p7_fir_long_building_woodwall_04
xmodel,#p7_fir_long_building_woodwall_07
xmodel,#p7_fir_long_building_woodwall_06
xmodel,#p7_fir_buildingstraight_upper_wall_part_02_indoor
xmodel,#p7_cai_butcher_meat_hooks_07
xmodel,#p7_debris_concrete_rubble_scattered_01
xmodel,#p7_cai_street_signage_pole_06
xmodel,#p7_jun_sheet_metal_4x4_bd_01_blue
xmodel,#hash_77852847c02e139c
xmodel,#p7_fir_buildingmobile_wall_04
xmodel,#p7_fir_buildingmobile_wall_01
xmodel,#p7_fir_buildingmobile_wall_03
xmodel,#p7_fir_buildingmobile_wall_02
xmodel,#hash_7797c3f057e0d23d
xmodel,#p7_wall_wood_rustic_01_post_med
xmodel,#p7_foliage_grass_tall_cluster_sml_dry
xmodel,#p7_suspension_bridge_bolt_03
xmodel,#p7_jun_rock_sml_rubble
xmodel,#hash_784e9f50ed2f696d
xmodel,#p7_foliage_tree_palm_burned_fronds_08
xmodel,#p7_slu_panel_electrical_02_base_pipe
xmodel,#p7_light_fluorescent_subway_bulb
xmodel,d#p8_mp_flag_base_boots_1
xmodel,#p7_mou_locker_metal_door_rt
xmodel,#p7_mou_locker_metal_door_lt
xmodel,#hash_7974be5779d71594
xmodel,#p8_wz_supply_stash_ammo
xmodel,#p7_generator
xmodel,#p7_global_chainlink_fence_tension_band
xmodel,#p7_fir_air_conditioner
xmodel,#p7_signage_warning
xmodel,#hash_79f761bb75c7a28d
xmodel,#p7_fir_lbuilding_rooftarp_02
xmodel,#p7_fir_lbuilding_rooftarp_01
xmodel,#p7_fxanim_gp_trash_newspaper_08_s3_smod
xmodel,#p7_fir_palette_ammo_wood_standing
xmodel,#p7_zm_asc_angle_plate_sm_green
xmodel,#hash_7b2d08b1d5eba149
xmodel,#p7_jun_sheet_metal_4x4_bd_01_red
xmodel,#p7_zm_gen_rebar_single_01_bloody_lod
xmodel,#p7_mou_lamp_industrial_base
xmodel,#p7_jun_corrugated_metal_8x8_dmg
xmodel,d#p7_mou_drinking_fountain2_base
xmodel,#p7_sandbag_short_right
xmodel,#p7_newspaper_group_02_corner
xmodel,#p7_debris_trash_wrapper_01
xmodel,#p7_debris_trash_wrapper_02
xmodel,#p7_global_chainlink_fence_metal_base
xmodel,#p7_caution_metal_sign_rusty
xmodel,#hash_7d12044653c49d92
xmodel,#p7_slu_tool_chest_sml_btm
xmodel,#p7_electrical_box_set2_meter06
xmodel,#p7_office_paper_sheet_10
xmodel,#p7_office_paper_sheet_12
xmodel,#p7_office_paper_sheet_09
xmodel,#p7_office_paper_sheet_08
xmodel,#p7_office_paper_sheet_03
xmodel,#p7_office_paper_sheet_02
xmodel,#p7_ntx_tool_wrench_adjustable_lrg
xmodel,#p7_wood_beam_safehouse
xmodel,#hash_7defc77aa593e72e
xmodel,#p7_rus_debris_paper_set_02
xmodel,#p7_rus_debris_paper_set_03
xmodel,#hash_7e31a4608b7904f4
xmodel,#hash_7e5926c1dc91f53a
xmodel,#p7_zm_tra_table_wood_lrg_broken
xmodel,#hash_7e88260f346407ff
xmodel,#p7_cinder_block_broken_piece_1_1
xmodel,#p7_cinder_block_broken_piece_1_2
xmodel,#p7_conduit_rust_1_outlet_box
xmodel,#p7_crate_wood_01_green
xmodel,#p7_zm_ori_gutter_spout_bracket
xmodel,#p7_cai_lotus_window_frame
xmodel,d#hash_7f134b56cc9f6de0
xmodel,#hash_7f240bdef650869e
xmodel,#p7_fir_buildingstraight_lower_wall_part_01_indoor
xmodel,d#fx_rifle_shell_blur
xmodel,#p7_jun_sheet_metal_4x4_blue_2
xmodel,#hash_7fc5b065203d7f41
xmodel,#hash_7feac4a13cf658f9
fx,d#hash_a3f770be5e86a1
fx,#dirt/fx_dust_exp_ground_shock_md
fx,#hash_2db026b0971ac1b
fx,#hash_4acac3981f33692
fx,d#hash_8beb8761231f7f9
fx,#hash_91f6a33f2e7df32
fx,#hash_97ba5a696b7322d
fx,#hash_d14c03ba99e5e8f
fx,d#impacts/fx_bul_impact_default_uw_sm
fx,d#impacts/fx_bul_impact_boss_body_nonfatal
fx,d#hash_e52e3fa45a13512
fx,d#hash_f8df4e0d58ea786
fx,#hash_1124bf7475504d49
fx,#hash_114dd87afede0330
fx,#hash_11b436ee52b77c2a
fx,#hash_129440205394474d
fx,#hash_130feabc174eaf4e
fx,d#blood/fx_blood_decal_impact_ground
fx,#hash_167ec2f843c1dffd
fx,#destruct/fx_exp_tendril_emit
fx,d#hash_19fd67d4066e7da5
fx,#hash_1b05b60a01a35b9f
fx,d#impacts/fx_bul_impact_boss_body_fatal
fx,d#hash_1b7940f62c56793a
fx,#hash_1c36130301dfcd94
fx,d#hash_1c5c479e58e12b37
fx,#hash_200f1e560c675c70
fx,#hash_22fb70f4fd36c5d0
fx,#hash_232146af54dae299
fx,#hash_24de88d9ef0696f7
fx,#hash_28fb7ab0053e0d18
fx,d#impacts/fx_bul_impact_boss_head_nonfatal
fx,#hash_2b8e8e38e3fa3ef8
fx,#hash_2c1fa62f9d393be9
fx,#hash_30db9214c76cd0f2
fx,#hash_34042b3f7c2fe74e
fx,d#hash_34c851f779a2b914
fx,#hash_38d2b372a13dd34f
fx,d#hash_3a4705f10d2dd068
fx,d#hash_3bcf9e29be800d33
fx,#hash_3bd4e2826a9fb2ed
fx,#hash_3d8a8a38d6c52cca
fx,#hash_3e9cd382dea3eae4
fx,#hash_412865923c8a9321
fx,#hash_41407879472e75cd
fx,#hash_42eff21d79ef4f2d
fx,#hash_43f2dbb5701f2bbd
fx,d#hash_44aa12f1e8cebe8a
fx,d#hash_4648a6c2c5ebc58e
fx,d#hash_468595ecc1b3a341
fx,#hash_47970ecf7061296c
fx,d#impacts/fx_bul_impact_blood_body_fatal_uw
fx,#hash_498a3433fce3aaac
fx,#hash_49d42d1cc04e9ce1
fx,#hash_49ef3782db1c12fc
fx,#hash_4a2272274d246f84
fx,#hash_4b5d8686e0c04a32
fx,#destruct/fx_vdest_car_engine_fire_side
fx,#hash_4c9e4f49ecfa7d01
fx,d#impacts/fx_bul_impact_boss_head_fatal
fx,d#impacts/fx_bul_impact_robot_body_nonfatal
fx,#hash_4e7e5ffbcdddf3c9
fx,d#hash_5136c746fd9646fd
fx,#hash_51af6ecf47d90810
fx,#hash_52ec2123a7855006
fx,#hash_5316bbabc9ac8d7c
fx,#hash_565758b26840e915
fx,#hash_5a59cddb09c4a97b
fx,#hash_5b7c5cf1c80b8e32
fx,#hash_5f89d3c170b71ae3
fx,#hash_5fd84fa2819c393d
fx,#hash_60d0e1244aef21c3
fx,#hash_66e0efdb384bf825
fx,#hash_683e2f1166b4acd1
fx,#hash_6be3aa5c6da6bcd4
fx,#hash_721fd5714df929bf
fx,d#weapon/fx_trail_fake_bullet
fx,d#hash_7650ae3d37df58a2
fx,#hash_778dbf807152ebcb
fx,#destruct/fx_vdest_car_engine_oil_impact
fx,d#blood/fx_blood_decal_impact_ground_sm
fx,d#impacts/fx_bul_impact_blood_head_fatal_uw
xanim,#hash_513f720550241ae
xanim,#hash_e54defd63ebef32
xanim,#hash_1133b48c68488d57
xanim,#hash_165d12796b3d08ab
xanim,#hash_1f8cf59232955fde
xanim,#hash_2e422580f37b240e
xanim,#hash_3374cc4c50a3304c
xanim,#hash_36fbe2ed03de46b7
xanim,#hash_4567b599cd487d85
xanim,#hash_46c31b7787aa05ed
xanim,#hash_54b16e1b5adeee68
xanim,#hash_5762e0dc3809f4af
xanim,#hash_70acf95d8a424552
xanim,#hash_70dbfb12200d1e71
xanim,#hash_73e8dba436031be5
xanim,#hash_78c96fc211dbded4
xmodel,#veh_mphd_uaz_base
xmodel,#hash_282439b1d9df0ad
xmodel,#p7_fir_catwalk_metal_platform_full
xmodel,#hash_7306b1b0ca7877d
xmodel,d#p7_bucket_plastic_5_gal_blue
xmodel,#p7_slu_tool_chest_sml_full
xmodel,#p7_cinder_block_broken_piece_2_1
xmodel,#p7_fir_tank_propane_01_full
xmodel,#p7_bottle_plastic_2litre_crushed_green
xmodel,#p7_fir_floodlight_speaker_tall
xmodel,#veh_mphd_m35_bed_covered_old
xmodel,#p7_fir_palette_ammo_wood_standing_full
xmodel,#p7_mou_locker_metal_full
xmodel,#p7_fir_targetdummy_rail_01_180
xmodel,#hash_19deac9259ff2e37
xmodel,#p7_fir_cabinet_wood_full
xmodel,#hash_1acba69561c16ed1
xmodel,#p7_tools_jar_glass_bolts
xmodel,#hash_201fcefc22490993
xmodel,#p7_zm_ori_gutter_spout_128
xmodel,#hash_234d2ac5982ee02d
xmodel,#veh_mphd_tiara_green
xmodel,#veh_mphd_uaz_base_dest
xmodel,#veh_mphd_uaz_base_dead
xmodel,#p7_mou_cargo_pallet_full_02
xmodel,#p7_fir_water_tower_full_01
xmodel,#hash_2d89f9c3e3e8ffc6
xmodel,#p7_fir_tire_stack_full_02
xmodel,#hash_3235dfedc172ce41
xmodel,#veh_mphd_fir_forklift
xmodel,#p7_zm_ori_gutter_section_128
xmodel,#hash_383395c38d724e2a
xmodel,#p7_fir_light_industrial
xmodel,#p7_slu_panel_electrical_02_base_full
xmodel,#p7_fir_ammo_crate_set_nolid
xmodel,#veh_mphd_chinook_static
xmodel,#p7_fir_bench_bleacher_support_full
xmodel,#p7_fir_training_course_climb_step_full
xmodel,#hash_42514d623b2a1669
xmodel,#p7_fir_palette_ammo_wood_standing_full_02
xmodel,#p7_cinder_block
xmodel,#p7_zm_shi_lamp_post_wood_light
xmodel,#hash_43e795cf2feb4994
xmodel,#hash_453afd7b132d3bb3
xmodel,#p7_fir_ammo_crate_set
xmodel,#p7_slu_debris_paper_01_full
xmodel,#p7_fir_container_01
xmodel,#p7_fir_foliage_tree_vista_01_group
xmodel,d#p7_fir_tank_propane_02_full
xmodel,d#p7_fir_tool_chest_rolling_lrg_full
xmodel,#hash_535b8441ca3125e4
xmodel,d#p8_mp_flag_base_1
xmodel,#p7_zm_ori_gutter_section_64
xmodel,#p7_rus_debris_paper_set_01_full
xmodel,d#p7_tank_welding_med_full
xmodel,#hash_5d9565d7d8a6c9df
xmodel,#hash_5d9566d7d8a6cb92
xmodel,#hash_5d9567d7d8a6cd45
xmodel,#p7_bottle_plastic_soap_green_dmg
xmodel,#p7_fir_training_course_climb_rope_full
xmodel,#p7_fir_tire_stack_full_stripe_02
xmodel,#p7_zm_asc_loudspeaker_mount_full
xmodel,#p8_light_metal_hanging_mechanic_on
xmodel,#p7_rus_rack_coat_full
xmodel,#p7_fir_hose_rolled_full
xmodel,#p7_fir_watch_tower_vista_base_full
xmodel,#p7_slu_fuse_box_electric_wire_01
xmodel,#p7_fir_shelf_wall_full
xmodel,#p7_slu_panel_electrical_03_base_full
xmodel,#hash_71dcc1d07c54cb0f
xmodel,#p7_fir_barricade_barbed_wire_full
xmodel,#p7_mou_locker_metal_red_full
xmodel,#hash_766d66c61d59df8d
xmodel,#p8_mphd_ammo_box_wood_04_open
xmodel,#p7_bottle_plastic_16oz_water
xmodel,d#p8_mp_bomb_crate_whole
xmodel,#veh_mphd_m35_bed
xmodel,#hash_7fc63ec9e947d27c
fx,d#hash_3df9418864f08e6
fx,#hash_a0437cb48385065
fx,#hash_a2ebf392514d1ee
fx,#dirt/fx8_dust_fall_crumble_rattle
fx,#hash_ea20499cd485f2a
fx,#destruct/fx_dest_glass_shard_impact_burst
fx,#hash_11267befa35a03c0
fx,#hash_125eece71f20bf78
fx,d#impacts/fx8_bul_impact_metal_sm
fx,d#hash_12b944b36953a819
fx,d#hash_130179c0c53b5b7f
fx,d#hash_152889f0baed8597
fx,#hash_1656998c33b6e5d9
fx,#electric/fx_elec_sparks_burst_sm_orange_os
fx,d#hash_1a52c3d93a368411
fx,d#impacts/fx_bul_impact_heavy_head_fatal
fx,d#impacts/fx_bul_impact_armor_head_nonfatal
fx,d#hash_1df2cd45565d5db3
fx,#hash_1dfdfbbfc686e046
fx,d#impacts/fx_bul_impact_armor_head_fatal
fx,#hash_1f41a2bd4eb2cbb3
fx,#hash_2147dab1373ff1d8
fx,d#impacts/fx_bul_impact_blood_body_fatal
fx,#hash_249ef0e7b081bf36
fx,d#impacts/fx_bul_impact_armor_body_fatal
fx,d#hash_27604ee16fb27e93
fx,#hash_27e529faf1995f84
fx,d#hash_292665b1a78d5f6e
fx,#hash_2bd8234adfb68688
fx,#hash_2db73e5540237e87
fx,#destruct/fx_dest_paper_flat
fx,d#impacts/fx_bul_impact_default_sm
fx,#hash_340d4cbb2b43b929
fx,d#impacts/fx_bul_impact_heavy_body_nonfatal
fx,#hash_35ae471440e2eaaf
fx,#hash_366414ae436b2214
fx,#hash_371df5927459389b
fx,#hash_37a6b21cc52ea4e2
fx,d#impacts/fx_bul_impact_snow_sm
fx,#hash_3826b4ba3964f119
fx,#electric/fx8_sparks_burst_dir_sm_orange_os
fx,d#hash_3ab47033120bf35e
fx,#hash_3f9e861a8394a8a3
fx,d#hash_40c66c5756348558
fx,#hash_45a65177bba12adb
fx,d#impacts/fx_bul_impact_armor_body_nonfatal
fx,d#impacts/fx_bul_impact_heavy_head_nonfatal
fx,#hash_53b08b5a5661c6e4
fx,d#hash_53cd47396276ff09
fx,#destruct/fx_vdest_car_engine_smk
fx,d#impacts/fx_bul_impact_heavy_body_fatal
fx,#hash_59a4047368fa58bd
fx,#hash_59db7b4a11e7b7e6
fx,d#hash_5a6f7c4ffced5320
fx,#hash_5aca3d0972d1ea05
fx,#hash_5cdba32745961108
fx,d#hash_5f8c0dac5484812f
fx,d#hash_63d9885b956273b0
fx,#hash_668e7fe36488aebb
fx,d#impacts/fx_bul_impact_blood_head_fatal
fx,#hash_6accb3311c2c042f
fx,#destruct/fx_vdest_car_engine_fire_frnt
fx,#hash_702283237b8a70cb
fx,d#hash_7079c5dcf5c3d9d4
fx,d#hash_733164521ce9c128
fx,#hash_781e62c74b1b1928
fx,d#hash_7b4fd920273fbcff
fx,d#hash_7f1ad908789e51bf
scriptbundle,#sb_mp_endgame_player_06
scriptbundle,#sb_mp_endgame_player_05
scriptbundle,#sb_mp_endgame_player_04
scriptbundle,#sb_mp_endgame_player_03
scriptbundle,#sb_mp_endgame_player_02
scriptbundle,#p8_fxanim_gp_seagull_circle_die_03_bundle
scriptbundle,#sb_mp_draft_common_axis
scriptbundle,#sb_mp_sector_endgame
scriptbundle,#sb_mp_draft_common_allies
scriptbundle,#p8_fxanim_fire_wire_suspendedlight_bunker_bundle
scriptbundle,#p8_fxanim_gp_seagull_circle_die_01_bundle
scriptbundle,#p8_fxanim_gp_seagull_circle_die_02_bundle
image,#hash_3c64abd7cf66642c
image,#hash_72a867d2f1194701
image,#hash_5d92750d31a47149
image,#hash_53bc4cb57efbaa5
image,#hash_53bc3cb57efb8f2
image,#hash_53bc2cb57efb73f
image,#hash_53bc1cb57efb58c
image,#hash_53bc0cb57efb3d9
image,#hash_53bbfcb57efb226
image,#hash_53bbecb57efb073
image,#hash_53bbdcb57efaec0
image,#hash_53bcccb57efc83d
image,#hash_53bcbcb57efc68a
image,#hash_544674866c56f1a6
image,#hash_544675866c56f359
image,#hash_544672866c56ee40
image,#hash_544673866c56eff3
image,#hash_544678866c56f872
image,#hash_544679866c56fa25
image,#hash_544676866c56f50c
image,#hash_544677866c56f6bf
image,#hash_54467c866c56ff3e
image,#hash_54467d866c5700f1
image,#hash_54430e866c540e7d
image,#hash_54430d866c540cca
image,#hash_54430c866c540b17
image,#hash_54430b866c540964
image,#hash_54430a866c5407b1
image,#hash_544309866c5405fe
image,#hash_544308866c54044b
image,#hash_544307866c540298
image,#hash_544306866c5400e5
image,#hash_544305866c53ff32
image,#hash_544008866c51ce74
image,#hash_544009866c51d027
image,#hash_54400a866c51d1da
image,#hash_54400b866c51d38d
image,#hash_544004866c51c7a8
image,#hash_544005866c51c95b
image,#hash_544006866c51cb0e
image,#hash_544007866c51ccc1
image,#hash_544000866c51c0dc
image,#hash_544001866c51c28f
image,#hash_543c82866c4eb4eb
image,#hash_543c81866c4eb338
image,#hash_543c84866c4eb851
image,#hash_543c83866c4eb69e
image,#hash_543c86866c4ebbb7
image,#hash_543c85866c4eba04
image,#hash_543c88866c4ebf1d
image,#hash_543c87866c4ebd6a
image,#hash_543c7a866c4ea753
image,#hash_543c79866c4ea5a0
image,#hash_5438fc866c4b9b62
image,#hash_5438fd866c4b9d15
image,#hash_5438fa866c4b97fc
image,#hash_5438fb866c4b99af
image,#hash_5438f8866c4b9496
image,#hash_5438f9866c4b9649
image,#hash_5438f6866c4b9130
image,#hash_5438f7866c4b92e3
image,#hash_543904866c4ba8fa
image,#hash_543905866c4baaad
image,#hash_543576866c4881d9
image,#hash_543575866c488026
image,#hash_543574866c487e73
image,#hash_543573866c487cc0
image,#hash_54357a866c4888a5
image,#hash_543579866c4886f2
image,#hash_543578866c48853f
image,#hash_543577866c48838c
image,#hash_54357e866c488f71
image,#hash_54357d866c488dbe
image,#hash_543270866c4641d0
image,#hash_543271866c464383
image,#hash_543272866c464536
image,#hash_543273866c4646e9
image,#hash_543274866c46489c
image,#hash_543275866c464a4f
image,#hash_543276866c464c02
image,#hash_543277866c464db5
image,#hash_543278866c464f68
image,#hash_543279866c46511b
image,#hash_54650a866c70ee17
image,#hash_546509866c70ec64
image,#hash_54650c866c70f17d
image,#hash_54650b866c70efca
image,#hash_546506866c70e74b
image,#hash_546505866c70e598
image,#hash_546508866c70eab1
image,#hash_546507866c70e8fe
image,#hash_546502866c70e07f
image,#hash_546501866c70decc
image,#hash_546204866c6eae0e
image,#hash_546205866c6eafc1
image,#hash_546202866c6eaaa8
image,#hash_546203866c6eac5b
image,#hash_546208866c6eb4da
image,#hash_546209866c6eb68d
image,#hash_546206866c6eb174
image,#hash_546207866c6eb327
image,#hash_5461fc866c6ea076
image,#hash_5461fd866c6ea229
image,#hash_aa9966a17bc81e2
image,#hash_aa9976a17bc8395
image,#hash_aa9946a17bc7e7c
image,#hash_aa9956a17bc802f
image,#hash_aa9926a17bc7b16
image,#hash_aa9936a17bc7cc9
image,#hash_aa9906a17bc77b0
image,#hash_aa9916a17bc7963
image,#hash_aa99e6a17bc8f7a
image,#hash_688a0dda2aaa0f05
image,#hash_688a0cda2aaa0d52
image,#hash_6f387a18bb8d2702
image,#hash_4d37cfecd6b694b3
image,#hash_500e93ef98a8a7e8
image,#hash_2ab9af29d98c82f9
image,#hash_4b6c2c0cd0cdd268
image,#hash_114690126a7ec703
image,#hash_194069162ae1b0a2
image,#hash_78342bf07db5f74d
image,#hash_623916b999b03910
image,#hash_24281c1edab225c3
image,#hash_159d8be7e1615c5c
image,#hash_4889c0dbac1b8d41
image,#hash_6b59638f92721628
image,#hash_48f83c8afc59d247
image,#hash_3495a7340257b28a
image,#hash_2f05d6ee2a99ccb9
image,#hash_3e9c52ca805134d6
image,#hash_369dc9c8ef2470ab
image,#hash_2a12fae3f8cef40
image,#hash_2a130ae3f8cf0f3
image,#hash_2a131ae3f8cf2a6
image,#hash_346e46fee5103169
image,#precomputed_sky_illumination_dc
image,#precomputed_sky_illumination_y
image,#precomputed_sky_illumination_h
image,#precomputed_sky_illumination_xz
lighting,#maps/mp/mp_firingrange2_alt.d3dbsp
destructibledef,#p7_zm_nac_barrel_explosive_red_ddef
xanim,#hash_526a24dd0a3d1a
xanim,#hash_689cf8120143458
xanim,#hash_15e69f6947ae2d19
xanim,#hash_1a61d13a005424e7
xanim,#hash_25b52de9f505e582
xanim,#hash_428d466a6ffbfe31
xanim,#hash_4bde7469ab084290
xanim,#hash_64b7e08409c9423e
xmodel,#p7_zm_shi_lamp_post_wood_lrg
xmodel,#p7_debris_trash_curb_clump_01
fx,d#impacts/fx_bul_impact_pwr_armor_lg
fx,d#hash_a7e2ba1f3c54368
fx,d#hash_d08255009224467
fx,#hash_108a2cf3d4a2a019
fx,d#hash_14971fcbd7cf0617
fx,#hash_1ab8f534ee794927
fx,#hash_1b11d034eec5331e
fx,d#hash_2ac76401c09e68f0
fx,#hash_2bca709c8045932b
fx,#hash_2f7d96b36f1cefaa
fx,d#hash_36b184430cda10e1
fx,d#hash_3ba563d9d55f80bf
fx,d#hash_3fafdeb8f1b50f84
fx,d#hash_429faab3477857e0
fx,d#hash_42f87c8b26c6f0c2
fx,d#hash_45e57e8fc6d61c03
fx,d#hash_474f486fecfa8c4e
fx,d#hash_5339af87b1ad0da7
fx,d#hash_550b0b801a28ad7f
fx,d#hash_62cdf132c17d42f6
fx,d#hash_7243ee8129521697
fx,d#hash_72ed0fd388f8051e
fx,#hash_7b39027f9a5b7b86
fx,d#hash_7c78db56355916d9
destructibledef,#veh_mphd_civ_tiara_ddef
destructibledef,#veh_mphd_uaz_open_destructible
image,#hash_7a2b772e4c99fcf4
image,#*cookie_array
image,#vdreveal
gfx_map,#maps/mp/mp_firingrange2_alt.d3dbsp
fx,d#hash_3b52862cbfae664
fx,d#hash_1847077627974c80
fx,d#hash_3c2d31e47159de2f
fx,d#hash_433b851d265a38a1
fx,d#hash_5156900b61510d36
fx,d#hash_54a4fdc179823939
fx,d#hash_551605801a32aad2
fx,d#hash_63ea55c11dafa45e
fx,d#hash_6954e0e694a1f8c6
fx,d#hash_72b9f5d388cc7f57
staticlevelfxlist,#maps/mp/mp_firingrange2_alt.d3dbsp
surfacefxtable,#hash_6c6f1a0dfa7afdca
entityfximpacts,d#entity_enter
impactsfxtable,#hash_666ca9c33b54789f
physpreset,#hash_60a446939d0686a1
xmodel,#veh_t8_mil_helicopter_light_transport_warzone_black_dest
scriptbundle,#p8_fxanim_mp_fir_flyover_bundle
entitylist,#maps/mp/mp_firingrange2_alt.d3dbsp
physpreset,#p7_slu_panel_electrical_01_lid_01
physpreset,#p7_slu_panel_electrical_01_lid_02
col_map,#maps/mp/mp_firingrange2_alt.d3dbsp
