type,name
streamerworld,#hash_c6874609c5922a6
physpreset,#hash_15df42de5ceeca
physpreset,#p7_debris_trash_drink_carrier_01
physpreset,#can_small
physpreset,#paper_cup
physpreset,#helmet
physpreset,#wood_chunk
physpreset,#debris_chunk_light
physpreset,#p7_debris_trash_snack_bag_02
physpreset,#p7_debris_trash_cup_coffee_02
physpreset,#p7_clipboard_01_wpaper
physpreset,#p7_debris_trash_paper_plate_01
physpreset,#metal_dish_small
physpreset,d#default
physpreset,#empty_trashcan
physpreset,#ceramic_cup
physpreset,#glass_chunk
physpreset,d#hash_7f10d2bf08c8cb38
physconstraints,#hash_fa76951e18f2226
physconstraints,#hash_fea7abfcc239bca
physconstraints,#hash_2605f626c7b81a20
physconstraints,#hash_7d2785742dca72a2
xanim,#pb_rifle_endgame_2ndplace_idle
xanim,#pb_rifle_endgame_3rdplace_idle
xanim,#p8_fxanim_mou_pole_light_wind_anim
xanim,#pb_rifle_endgame_1stplace_idle
xanim,#hash_5af6e859c355d60d
xanim,#p7_fxanim_mp_spire_wire08_anim
xanim,#hash_5bbef5b158e89476
xanim,#hash_5d3306893a5030f9
xanim,#p8_fxanim_mp_mou_wires_set_gondola_anim
xmodelmesh,#hash_57a2cb027d885
xmodelmesh,#hash_774bd362beb3b
xmodelmesh,#hash_8ac1eafa88fb6
xmodelmesh,#hash_effa1726f5a61
xmodelmesh,#hash_14b5433837faff
xmodelmesh,#hash_1e10b88e494536
xmodelmesh,#hash_200c3f59074ffa
xmodelmesh,#hash_23640d86d1126c
xmodelmesh,#hash_291e5ef3903ec1
xmodelmesh,#hash_3285717d5d4a46
xmodelmesh,#hash_34e2eb7a9697c6
xmodelmesh,#hash_3625585e154699
xmodelmesh,#hash_38c1cb66eeb038
xmodelmesh,#hash_3afe9685954bfd
xmodelmesh,#hash_3dd0b8a99b77f5
xmodelmesh,#hash_41a2a9cc317961
xmodelmesh,#hash_530b2b8abbf1f9
xmodelmesh,#hash_5a8998a9c2b9c1
xmodelmesh,#hash_5c280574a854be
xmodelmesh,#hash_5e693fcdc02bc7
xmodelmesh,#hash_671c6855c85571
xmodelmesh,#hash_70ae056b8ea2de
xmodelmesh,#hash_7642277de9f86b
xmodelmesh,#hash_7e33d39dfd7026
xmodelmesh,#hash_85924968f31492
xmodelmesh,#hash_9e736a271f521e
xmodelmesh,#hash_aa65e9f1ac9b18
xmodelmesh,#hash_b3a1862d45d85a
xmodelmesh,#hash_c6c3d71297b71c
xmodelmesh,#hash_ccb296d6e62854
xmodelmesh,#hash_d0e595a63d55a7
xmodelmesh,#hash_d6861bfb0d51ba
xmodelmesh,#hash_d79bf192ce5efc
xmodelmesh,#hash_dad05b0a70fffb
xmodelmesh,#hash_dc141d7a0b568b
xmodelmesh,d#hash_df43015da40b1c
xmodelmesh,#hash_df5ac7237cf801
xmodelmesh,#hash_e7c438bcf0c72b
xmodelmesh,#hash_eae950704c8790
xmodelmesh,#hash_f5ed9625c40369
xmodelmesh,#hash_104e8fa03f8501a
xmodelmesh,#hash_10d001d7c031e71
xmodelmesh,#hash_115523a874243b6
xmodelmesh,#hash_117ee0ab966a7ba
xmodelmesh,#hash_1239a3884642cf7
xmodelmesh,#hash_12ee3a3e26e77bd
xmodelmesh,#hash_13536681eb1b823
xmodelmesh,#hash_135e2cef38fb087
xmodelmesh,#hash_13c2d3f05132f63
xmodelmesh,#hash_145aed2d817ff5a
xmodelmesh,#hash_14a572a5e432adb
xmodelmesh,#hash_14aa2f149183dd6
xmodelmesh,#hash_14d7f92c2c3073c
xmodelmesh,#hash_14f366bdca50421
xmodelmesh,#hash_14f7f17fad66e5a
xmodelmesh,#hash_150ba1ddc77ce5a
xmodelmesh,#hash_1524cd2ddc57f86
xmodelmesh,#hash_152b436a8178426
xmodelmesh,#hash_1546e4fbce74afc
xmodelmesh,#hash_158e8096e2c03c7
xmodelmesh,#hash_15eccfe99d1d84c
xmodelmesh,#hash_1658ff20630d536
xmodelmesh,#hash_16954fcf74e069c
xmodelmesh,#hash_16d29b6bf0729b2
xmodelmesh,#hash_17960f93ae0b0a8
xmodelmesh,#hash_17b88fe4cb696ee
xmodelmesh,#hash_182bf173b53275d
xmodelmesh,#hash_188af7ce225cb4f
xmodelmesh,#hash_18cd7de24c27b25
xmodelmesh,#hash_19192f536f40821
xmodelmesh,#hash_19e45dc271bc4e7
xmodelmesh,#hash_1aced2f9cd4bafa
xmodelmesh,#hash_1ae37512dca38c4
xmodelmesh,#hash_1b1933e88497e1a
xmodelmesh,#hash_1b1a60aab539bef
xmodelmesh,#hash_1b601558c16fe23
xmodelmesh,#hash_1b6bbb80d8078f1
xmodelmesh,#hash_1bdfedd0f1e968d
xmodelmesh,#hash_1c0834105d735c0
xmodelmesh,d#hash_1c6da0bddf0a5e2
xmodelmesh,#hash_1cc62932018c240
xmodelmesh,#hash_1d3cf3bdf136361
xmodelmesh,#hash_1dc0e7ab546b89a
xmodelmesh,#hash_1dcd253cc755698
xmodelmesh,#hash_1e21214e7e77677
xmodelmesh,#hash_1f2281151482331
xmodelmesh,#hash_1f24bc213cb1c2c
xmodelmesh,#hash_1f2575c78b28563
xmodelmesh,#hash_1fb7674a58cdeb5
xmodelmesh,#hash_1fbf23c5e884aed
xmodelmesh,#hash_1fe52bcec4a6821
xmodelmesh,#hash_201d89363e11f94
xmodelmesh,#hash_2060a72f310fd70
xmodelmesh,#hash_209bc0a8dfe8c5f
xmodelmesh,#hash_21297fbcea404dd
xmodelmesh,#hash_217713abbd711e3
xmodelmesh,#hash_2199ccae0dff20c
xmodelmesh,#hash_2264611f9db9307
xmodelmesh,#hash_22da59e8d8f21a6
xmodelmesh,#hash_23672f0a25d40d0
xmodelmesh,#hash_2379a8df44d917d
xmodelmesh,#hash_240fe99d06419fd
xmodelmesh,#hash_24317989a047d94
xmodelmesh,#hash_2445e264854df1c
xmodelmesh,#hash_2447b18b0741b68
xmodelmesh,#hash_24bef0069a7092f
xmodelmesh,#hash_25147bd6c0ca035
xmodelmesh,#hash_257de8dcfaa118a
xmodelmesh,#hash_2593b12725d64cb
xmodelmesh,#hash_25e46e13a74df13
xmodelmesh,d#hash_25ff87e410874bb
xmodelmesh,#hash_2627e3c7a5506d5
xmodelmesh,#hash_2679605a5628b0d
xmodelmesh,#hash_2680643f7f9f947
xmodelmesh,#hash_27050b25c10f43f
xmodelmesh,#hash_27141c810a11e16
xmodelmesh,#hash_271b2465b4251d0
xmodelmesh,#hash_27c88198d36bf69
xmodelmesh,#hash_27e4c42b9392cd4
xmodelmesh,#hash_27f5c1ae9bd1f1c
xmodelmesh,#hash_280c4ef16173143
xmodelmesh,#hash_2829339b1420645
xmodelmesh,#hash_283a7daf68266d0
xmodelmesh,#hash_2898fa347de08df
xmodelmesh,#hash_28c4d3df57371b1
xmodelmesh,#hash_28ee2a547e9a3d3
xmodelmesh,#hash_2917f21540dc677
xmodelmesh,#hash_29fa77c7fa70853
xmodelmesh,#hash_2a942d31c3f6d01
xmodelmesh,#hash_2b3460993ea7875
xmodelmesh,#hash_2b9aeb9e173f182
xmodelmesh,#hash_2c51f97bd7bbe73
xmodelmesh,#hash_2c83c39c4b0cf89
xmodelmesh,#hash_2cb41aa6d5a68b4
xmodelmesh,#hash_2dbd17de8912d81
xmodelmesh,#hash_2dd559429b23968
xmodelmesh,#hash_2de141154d3db1f
xmodelmesh,#hash_2dfb78ba24bac0d
xmodelmesh,#hash_2f793f80b88c200
xmodelmesh,d#hash_305daced95067fc
xmodelmesh,d#hash_30ef18ff8c82600
xmodelmesh,#hash_30f044c5a284c71
xmodelmesh,#hash_3244b9b67dccdbc
xmodelmesh,#hash_3250f6c90eea8f6
xmodelmesh,#hash_3267a83e2be9421
xmodelmesh,#hash_329b4e0ba336c6e
xmodelmesh,#hash_329f330ae5410a8
xmodelmesh,#hash_3336dfb52260ff7
xmodelmesh,#hash_340ccd066436241
xmodelmesh,#hash_342c1e825bbcb7d
xmodelmesh,#hash_3445f9d6f1c2b16
xmodelmesh,#hash_347c9652256b37b
xmodelmesh,#hash_35135f2b660638b
xmodelmesh,#hash_35abfa197fc529f
xmodelmesh,#hash_364bc27909dacca
xmodelmesh,#hash_373741bf44fad13
xmodelmesh,#hash_37a835ffe040760
xmodelmesh,#hash_37e43c4d6d42227
xmodelmesh,#hash_3805f541b389887
xmodelmesh,#hash_38918a28633554e
xmodelmesh,#hash_38df1822bd63d64
xmodelmesh,d#hash_391a68cc5c68995
xmodelmesh,#hash_3977f4038db928c
xmodelmesh,#hash_39875a8ca2975f9
xmodelmesh,#hash_39c5cd17bc337d0
xmodelmesh,#hash_3a1b5a568fe14ca
xmodelmesh,#hash_3a4992d9d8728c6
xmodelmesh,#hash_3aef07a22a99ff3
xmodelmesh,#hash_3b26bf259610c1a
xmodelmesh,d#hash_3c2404fdaf32d1f
xmodelmesh,#hash_3c46943c83d57e0
xmodelmesh,#hash_3ca4e115ee9422b
xmodelmesh,#hash_3d6e4f526033a33
xmodelmesh,#hash_3ed6a10b7762759
xmodelmesh,#hash_3ef307cd977cead
xmodelmesh,#hash_3f14cbf68e1fd6d
xmodelmesh,#hash_3f2af1b4f807a31
xmodelmesh,#hash_3f5416c0af33cae
xmodelmesh,#hash_3fab7d61a52c160
xmodelmesh,d#hash_3fdf580c60b7f12
xmodelmesh,#hash_3ff072e34e207cc
xmodelmesh,#hash_3ffd7c9d6195c1f
xmodelmesh,#hash_40216e24700fd72
xmodelmesh,#hash_4057b17a58c8fbc
xmodelmesh,#hash_40f79fed092c618
xmodelmesh,#hash_41b304ed44613f9
xmodelmesh,#hash_41d0bc724e4283e
xmodelmesh,#hash_42068a4a2cb81af
xmodelmesh,#hash_423527df76dda26
xmodelmesh,#hash_425e7203f6db4db
xmodelmesh,#hash_4300b4a5a3e5811
xmodelmesh,d#hash_43cd8d7d5a54c9a
xmodelmesh,#hash_44b2484523e57e1
xmodelmesh,d#hash_4511d3a3055d077
xmodelmesh,#hash_4529fc754cf818e
xmodelmesh,#hash_4548239cf4c9329
xmodelmesh,#hash_454841e98288733
xmodelmesh,#hash_454e5e3ff040587
xmodelmesh,#hash_4559c86825678f8
xmodelmesh,#hash_459e05a9e6d8c92
xmodelmesh,#hash_45c869962f1e628
xmodelmesh,#hash_45f296fa269b87d
xmodelmesh,#hash_46f96a18e9fe156
xmodelmesh,#hash_473648ccda771d6
xmodelmesh,#hash_473c24e0a13c3c5
xmodelmesh,#hash_473ed4f99411477
xmodelmesh,#hash_4763056c45f4413
xmodelmesh,#hash_47f1abce8c3478f
xmodelmesh,#hash_4979b95144d2536
xmodelmesh,#hash_49b1f8e32c2bdfc
xmodelmesh,#hash_4a4e7225a4d283b
xmodelmesh,#hash_4a554e81ae8481c
xmodelmesh,#hash_4ace3b9bfc28961
xmodelmesh,d#hash_4bcd53353a7ad72
xmodelmesh,#hash_4bfa006074ec715
xmodelmesh,#hash_4c1b6cc4f524dae
xmodelmesh,#hash_4c34ec96faaed8b
xmodelmesh,#hash_4c4caa33c826c71
xmodelmesh,#hash_4d4f3149bfbb46e
xmodelmesh,#hash_4df863e9f3d2b18
xmodelmesh,#hash_4e71d7a0fd62344
xmodelmesh,#hash_4e9b4b799ac1fb9
xmodelmesh,#hash_4eb571a8cc10c13
xmodelmesh,#hash_4ef3271c1a74404
xmodelmesh,#hash_4f40e33b47d991a
xmodelmesh,#hash_4f8b93951391f9d
xmodelmesh,#hash_500fa35ee89f655
xmodelmesh,#hash_508fc5dcef84574
xmodelmesh,#hash_50cf2e85c5ec215
xmodelmesh,#hash_514827f9cd9c489
xmodelmesh,#hash_518978c352c18a3
xmodelmesh,#hash_51a2f54ca6eb1aa
xmodelmesh,#hash_51b1459fe325fd8
xmodelmesh,#hash_51ed1170eeaf80b
xmodelmesh,#hash_52900920c0794f9
xmodelmesh,#hash_52c364ea296fd4a
xmodelmesh,#hash_52cf782ae10023f
xmodelmesh,#hash_52d805315fe8cde
xmodelmesh,#hash_5342c71f57b05d2
xmodelmesh,#hash_535ddc61a6961d9
xmodelmesh,#hash_53ba93b98cc0d71
xmodelmesh,#hash_53d162acedec799
xmodelmesh,#hash_53eb8d9869e170d
xmodelmesh,#hash_5472b23c7e9bfea
xmodelmesh,d#hash_54dc97432d06b02
xmodelmesh,#hash_555bedea293b3d0
xmodelmesh,#hash_55a356a75138a3b
xmodelmesh,#hash_5629226ff72f207
xmodelmesh,#hash_56650bc62085c91
xmodelmesh,#hash_56985a0c0f3eaac
xmodelmesh,#hash_5794ee3b6cfa0b1
xmodelmesh,#hash_57baae60ef98d70
xmodelmesh,#hash_58299a108025ce5
xmodelmesh,#hash_589640cd34761c8
xmodelmesh,#hash_58ba931d445eb7c
xmodelmesh,#hash_598db2c2f111cf6
xmodelmesh,#hash_59d14c8cc69545b
xmodelmesh,#hash_59e053b52a0c005
xmodelmesh,#hash_5b08924071d9908
xmodelmesh,#hash_5cefb239d02a453
xmodelmesh,#hash_5cfb106a9e57bef
xmodelmesh,#hash_5d1f6d786657375
xmodelmesh,#hash_5df14e30af17c4b
xmodelmesh,#hash_5e62c8c4dc3e85e
xmodelmesh,#hash_5e7bc80e362ef5d
xmodelmesh,#hash_5f0aec171d98c3e
xmodelmesh,#hash_5f26ac0b6d65340
xmodelmesh,#hash_5f34a512399f4d1
xmodelmesh,#hash_5f6bf65348f5d1e
xmodelmesh,#hash_5f81d7ff10980ab
xmodelmesh,#hash_5f8c29c9f37057c
xmodelmesh,#hash_5fb45e67da513df
xmodelmesh,#hash_60dde48c6378ffc
xmodelmesh,#hash_6204e18f2389486
xmodelmesh,#hash_622fdb0d121db6d
xmodelmesh,#hash_6346d0380e500b6
xmodelmesh,#hash_6380a46d015adce
xmodelmesh,#hash_64525ae4d4c178d
xmodelmesh,#hash_64763144961e2a3
xmodelmesh,#hash_64eff18d65570a3
xmodelmesh,#hash_64f7df96135dcde
xmodelmesh,#hash_64f84271aa7afda
xmodelmesh,#hash_654e3ce8790ca62
xmodelmesh,#hash_6605e2992f8f89f
xmodelmesh,#hash_6697e6800b918b5
xmodelmesh,#hash_66ba09c7248bfd1
xmodelmesh,#hash_66d4748eab2e756
xmodelmesh,#hash_66f8c4c799b1d09
xmodelmesh,#hash_672d472ce210622
xmodelmesh,#hash_674bd463d75e6e5
xmodelmesh,#hash_6792ae4fef0e006
xmodelmesh,#hash_680f9aa4c912ebe
xmodelmesh,#hash_6846343fa1e2ef6
xmodelmesh,#hash_684bdeb73d7a4c4
xmodelmesh,#hash_689203333a98641
xmodelmesh,#hash_68a94f1df640452
xmodelmesh,#hash_68deebd491630dc
xmodelmesh,d#hash_690b1a74783c9d4
xmodelmesh,#hash_69222b521a280df
xmodelmesh,#hash_69d77c7c71c99a8
xmodelmesh,#hash_69faa1971dc4574
xmodelmesh,#hash_6a1efe9ab02dedc
xmodelmesh,#hash_6af43353bc78adf
xmodelmesh,#hash_6b030780c177bde
xmodelmesh,#hash_6b511c7109e503c
xmodelmesh,#hash_6c07e6ffa94797a
xmodelmesh,#hash_6c802459634ac93
xmodelmesh,#hash_6d2df9079f7ae74
xmodelmesh,#hash_6dbeca65be35ecf
xmodelmesh,#hash_6dd783e9c4b15ad
xmodelmesh,#hash_6e403b7066e439f
xmodelmesh,#hash_6f08aa0d9a57568
xmodelmesh,#hash_6f390006d2b745a
xmodelmesh,#hash_6f525c12d1761eb
xmodelmesh,#hash_70e3c7232cc3bd2
xmodelmesh,d#hash_71518ae270ba3e3
xmodelmesh,#hash_71630c89826a84c
xmodelmesh,#hash_718eaddf7ded608
xmodelmesh,#hash_71c3806edb84354
xmodelmesh,d#hash_726a784d2c26fc9
xmodelmesh,#hash_7299cf332df4003
xmodelmesh,#hash_72efe6eafaa7486
xmodelmesh,#hash_72f691787bc7ae0
xmodelmesh,#hash_7310f61f6adddf4
xmodelmesh,#hash_7408946f3e97b97
xmodelmesh,#hash_745d72dbfc74ee8
xmodelmesh,#hash_75646c84ae8249e
xmodelmesh,#hash_75f43d2153c57f5
xmodelmesh,#hash_762dc0b9655cd48
xmodelmesh,#hash_7668d478ae327c7
xmodelmesh,#hash_771afefb1a7853e
xmodelmesh,#hash_78741059f62ea8a
xmodelmesh,#hash_788981d11d856a8
xmodelmesh,#hash_78ae296245cca49
xmodelmesh,#hash_790f1c5282928b8
xmodelmesh,#hash_795310a84b93a65
xmodelmesh,#hash_7981550e2451763
xmodelmesh,d#hash_79e4331396c482b
xmodelmesh,#hash_7a22470a193198b
xmodelmesh,#hash_7a3e4a4f9de3f59
xmodelmesh,d#hash_7b2c0c3fe162245
xmodelmesh,#hash_7c0ed4c88d09183
xmodelmesh,#hash_7d7f7ab36fe47d4
xmodelmesh,#hash_7da8db2790a2d3d
xmodelmesh,#hash_7dbe3f312d60fe7
xmodelmesh,#hash_7dc6638fce818b3
xmodelmesh,#hash_7f578363d5f81cb
xmodelmesh,#hash_7f8757fd511b397
xmodelmesh,#hash_7f9275780b8a971
xmodelmesh,d#hash_7fbf0566fc46b76
xmodelmesh,#hash_80270748c86a64c
xmodelmesh,#hash_8046922c8911927
xmodelmesh,#hash_80d6cb87a57e0a6
xmodelmesh,#hash_80def082f665896
xmodelmesh,#hash_80eb186e29fdb8a
xmodelmesh,#hash_817b1d2fa3bc175
xmodelmesh,#hash_83d0105a9cf2c9a
xmodelmesh,#hash_83e04ea7405d59d
xmodelmesh,#hash_84704d85c7482a4
xmodelmesh,#hash_84713e392e5fb58
xmodelmesh,#hash_84de917793bad58
xmodelmesh,#hash_84e8180f32e75b2
xmodelmesh,#hash_8593c7e6decf3bf
xmodelmesh,#hash_86121ec955b102e
xmodelmesh,#hash_86938af568e4344
xmodelmesh,#hash_86bb4b98314b32d
xmodelmesh,#hash_86be91446562a6f
xmodelmesh,#hash_86f6c810ec37a45
xmodelmesh,#hash_870e0734e233fb6
xmodelmesh,#hash_875e2d1ac88630c
xmodelmesh,#hash_8825772e5ba5b52
xmodelmesh,d#hash_886fbc605a0f358
xmodelmesh,#hash_8948b777c120fed
xmodelmesh,#hash_89536cb9e2df038
xmodelmesh,#hash_89876336bfc32c0
xmodelmesh,#hash_89c898245dfae7f
xmodelmesh,#hash_8a5463d077b0854
xmodelmesh,#hash_8ac738f4e52238f
xmodelmesh,#hash_8ac86fb76ad4e33
xmodelmesh,#hash_8adbd77172dee51
xmodelmesh,#hash_8ae173a7253a5c7
xmodelmesh,#hash_8b4ab8364a1180d
xmodelmesh,#hash_8ba96deea2f1996
xmodelmesh,#hash_8c4ba6dd5e69903
xmodelmesh,#hash_8cc803f8cf2e1d5
xmodelmesh,#hash_8cd2ec6f8e59088
xmodelmesh,#hash_8d1176b26313f20
xmodelmesh,#hash_8d282188df35646
xmodelmesh,#hash_8d659ce4a660e32
xmodelmesh,#hash_8ddbf276ec5de30
xmodelmesh,#hash_8ddec4fcdae7bdf
xmodelmesh,#hash_8e1b154035c551c
xmodelmesh,#hash_8e8f109080b77f6
xmodelmesh,#hash_8ebd94cc345f44c
xmodelmesh,#hash_8f9b2c225b5a874
xmodelmesh,#hash_90e5abf116cb100
xmodelmesh,#hash_91052ad8db3bdea
xmodelmesh,#hash_910e108211d4244
xmodelmesh,#hash_919f4107ab978f7
xmodelmesh,#hash_91a678c40743322
xmodelmesh,#hash_91ac5c81334c444
xmodelmesh,#hash_9210480efb1b128
xmodelmesh,#hash_924ac087b17f7f2
xmodelmesh,#hash_927d68e44f27a5c
xmodelmesh,#hash_9280876580aefae
xmodelmesh,#hash_9315c1f8173a6d5
xmodelmesh,d#hash_93291d327bc8d57
xmodelmesh,#hash_93c627076888eb1
xmodelmesh,#hash_93cccabcc39d14b
xmodelmesh,#hash_93ea2c804273b14
xmodelmesh,#hash_947713e3f52f72a
xmodelmesh,#hash_94785c34e7a9697
xmodelmesh,#hash_949565c75406026
xmodelmesh,#hash_94bc5b8295fcc02
xmodelmesh,d#hash_94d5cbd778b4f8a
xmodelmesh,#hash_958331d53edf804
xmodelmesh,#hash_963e6bf1f05ad1b
xmodelmesh,#hash_9684059a3745e60
xmodelmesh,#hash_96cc71a41517d66
xmodelmesh,#hash_96e7054bfd0be65
xmodelmesh,#hash_9741034bf771718
xmodelmesh,#hash_974be1f5db5be56
xmodelmesh,#hash_97fb7c42066af16
xmodelmesh,#hash_980b3d9702304a2
xmodelmesh,#hash_985daee24340651
xmodelmesh,#hash_98f53f1edc44295
xmodelmesh,#hash_98f68d782522c95
xmodelmesh,#hash_994ce24b56c8aee
xmodelmesh,d#hash_99a0422cf6d2a99
xmodelmesh,#hash_9a1034b8974d88c
xmodelmesh,#hash_9a32796ad481525
xmodelmesh,#hash_9abf2bb1afc0585
xmodelmesh,#hash_9b0b804b1c1ec2a
xmodelmesh,#hash_9b606f4da7a6eb1
xmodelmesh,#hash_9b676700730197f
xmodelmesh,#hash_9c86e8b0551acee
xmodelmesh,#hash_9e3aa311e246db5
xmodelmesh,#hash_9e4da4c8a9fff59
xmodelmesh,#hash_9e55f510a6b1542
xmodelmesh,#hash_9f37d8e346549de
xmodelmesh,#hash_9fc272f248ed110
xmodelmesh,#hash_9fe2eacd94f9d67
xmodelmesh,#hash_a00bc201a6b572d
xmodelmesh,#hash_a09fe038f4ca983
xmodelmesh,#hash_a0ebed7b223009b
xmodelmesh,d#hash_a187f80a866ad63
xmodelmesh,#hash_a2497bbac3d6d1b
xmodelmesh,#hash_a2710fa3e414981
xmodelmesh,#hash_a28d436d143e9c2
xmodelmesh,#hash_a2adb0c88d4b822
xmodelmesh,#hash_a4214dfa373f946
xmodelmesh,#hash_a4652db78972f68
xmodelmesh,#hash_a4d9a98781f19b1
xmodelmesh,#hash_a569e431c054dbe
xmodelmesh,#hash_a618971fb22b0a2
xmodelmesh,#hash_a638173d98745c1
xmodelmesh,#hash_a6b8ed2513632e9
xmodelmesh,#hash_a8d2f776ad5ad7d
xmodelmesh,#hash_a8ead3a36b2e8b3
xmodelmesh,#hash_a90f729a64894e8
xmodelmesh,#hash_a9a3fb9dec168b0
xmodelmesh,#hash_aa4975f3b925142
xmodelmesh,#hash_aa5b88facbf8661
xmodelmesh,#hash_aa796fa32f02c25
xmodelmesh,#hash_abed10caff3500d
xmodelmesh,#hash_ac0e6ff45bf4878
xmodelmesh,#hash_ac6ea8d2e035402
xmodelmesh,#hash_acdf6737765e344
xmodelmesh,#hash_ace39d6288adcf6
xmodelmesh,#hash_add3f30ab6a6647
xmodelmesh,#hash_aeb0a557626dbc0
xmodelmesh,#hash_aedb6420fbaca4e
xmodelmesh,#hash_aeeeef131b03014
xmodelmesh,#hash_af51180f8329f1a
xmodelmesh,#hash_af71f38c34e8f35
xmodelmesh,#hash_af947b1e9f191cf
xmodelmesh,#hash_b11af9fdfd3c51d
xmodelmesh,#hash_b2c7df54851e1da
xmodelmesh,#hash_b3bc92464787ecb
xmodelmesh,#hash_b3c1822c3f6e0c9
xmodelmesh,#hash_b3f9882cdd32fe3
xmodelmesh,#hash_b499036bbf33a68
xmodelmesh,#hash_b539e20493b9dc7
xmodelmesh,#hash_b587c1f15ab4e5c
xmodelmesh,#hash_b5cc3557186ec72
xmodelmesh,#hash_b5eef6a5413e282
xmodelmesh,#hash_b66953056b4a77d
xmodelmesh,#hash_b701c38cbb9b76e
xmodelmesh,#hash_b7f50c674e543a9
xmodelmesh,#hash_b8a41c905acbfec
xmodelmesh,#hash_b8c6186c77a3b12
xmodelmesh,#hash_b8dc1abe69c65c8
xmodelmesh,#hash_b9e865734ff198a
xmodelmesh,#hash_ba9186681426c06
xmodelmesh,#hash_ba9f23244ed3b79
xmodelmesh,#hash_baa0aebe2e54c75
xmodelmesh,#hash_bbb349b9c6f9a6b
xmodelmesh,#hash_bbda0de846ed962
xmodelmesh,#hash_bc388648a5dfa3a
xmodelmesh,d#hash_bcacba81e899e41
xmodelmesh,#hash_bcc170bc89f5249
xmodelmesh,#hash_bd6dab96dddc7fe
xmodelmesh,#hash_bd76b1b3a54f837
xmodelmesh,#hash_be0fbadab2a0c61
xmodelmesh,#hash_be797d8018fcdb3
xmodelmesh,#hash_be8e456e7b0ab5e
xmodelmesh,#hash_bebf6b6eb0364ad
xmodelmesh,#hash_bf0355f8b12abe6
xmodelmesh,#hash_bf09fd067a23c1b
xmodelmesh,#hash_bf291de76a810ed
xmodelmesh,#hash_bf8c05a130a66e9
xmodelmesh,#hash_bfd7f0d5dad29c8
xmodelmesh,#hash_c12fa01718d98ed
xmodelmesh,#hash_c1cc233e2d1a38a
xmodelmesh,#hash_c1e27873bb32abf
xmodelmesh,#hash_c1f53cd78c5913d
xmodelmesh,#hash_c2bf18ed80555b7
xmodelmesh,#hash_c2c1287ef4b2a07
xmodelmesh,#hash_c2f3a975c0e7670
xmodelmesh,#hash_c33f4dd4975eb08
xmodelmesh,#hash_c353e320ea0f711
xmodelmesh,#hash_c3577a7a62da20e
xmodelmesh,#hash_c3ead8ba920a76f
xmodelmesh,#hash_c4374c5322ee3a2
xmodelmesh,#hash_c472f1af89ac51a
xmodelmesh,#hash_c50ced09ce67ca3
xmodelmesh,d#hash_c51908c6055708c
xmodelmesh,#hash_c52c5ba95e69c3b
xmodelmesh,#hash_c57a92e5e062cbd
xmodelmesh,#hash_c5f4b04c49bdf42
xmodelmesh,#hash_c67781bddf84607
xmodelmesh,#hash_c6f8c1164bfb38c
xmodelmesh,#hash_c7932767e5c27ed
xmodelmesh,#hash_c7dedd54f96d9cf
xmodelmesh,#hash_c7f653b9f98e887
xmodelmesh,#hash_c7fec1298e842cd
xmodelmesh,#hash_c82fbaa2c1577f2
xmodelmesh,#hash_c87206969739e34
xmodelmesh,#hash_c890ea7c236ab52
xmodelmesh,#hash_c8d8276d25faf2e
xmodelmesh,d#hash_c8e6c318690aa3a
xmodelmesh,#hash_c97479e64997735
xmodelmesh,#hash_c99e0942dc449a3
xmodelmesh,#hash_c9a948bb16ebc47
xmodelmesh,#hash_ca1fa14c0584006
xmodelmesh,#hash_cad0e1b9c331415
xmodelmesh,#hash_caee3482fd50cff
xmodelmesh,#hash_cb36a3dc2b0f045
xmodelmesh,#hash_cbf6a3445d3f70e
xmodelmesh,#hash_cd248f560a40ca3
xmodelmesh,#hash_cd84c334af61723
xmodelmesh,#hash_cdb60f86b0beb75
xmodelmesh,#hash_ce1351a1adfcf74
xmodelmesh,#hash_ceaca94ee1c95e6
xmodelmesh,#hash_cf45eec0c9532af
xmodelmesh,#hash_cf8ee8a442857bf
xmodelmesh,#hash_cfd2352ff6956d0
xmodelmesh,#hash_cfeb319b70df53a
xmodelmesh,#hash_d0539274e81c821
xmodelmesh,#hash_d0689591df7c1a3
xmodelmesh,#hash_d092e5c0975e295
xmodelmesh,#hash_d0bba1ff3b46767
xmodelmesh,#hash_d15a170ae6e1643
xmodelmesh,#hash_d278b4080d26305
xmodelmesh,#hash_d33c058313a07dc
xmodelmesh,#hash_d395e5e70b3bf66
xmodelmesh,#hash_d3d8b0e92ad2b51
xmodelmesh,#hash_d3d92319522a1df
xmodelmesh,#hash_d3e010aeb5289ed
xmodelmesh,#hash_d3e9b05f54fd788
xmodelmesh,#hash_d40d0e2cba4bb95
xmodelmesh,#hash_d4465da2851ed61
xmodelmesh,#hash_d53f555286ac369
xmodelmesh,#hash_d56b4c8226ed915
xmodelmesh,#hash_d58009a3ac16e4e
xmodelmesh,d#hash_d66253e2146fa50
xmodelmesh,#hash_d74adf70de61bc1
xmodelmesh,#hash_d7628f43b8083c7
xmodelmesh,#hash_d78438a61db5b3c
xmodelmesh,#hash_d7b2db929432de4
xmodelmesh,#hash_d7c0a898d935b71
xmodelmesh,#hash_d83f29c569264d2
xmodelmesh,#hash_d88d189f7ad17fd
xmodelmesh,#hash_d8b1b1dc09f3beb
xmodelmesh,#hash_d9693e72969a4d4
xmodelmesh,#hash_da74a13a0554967
xmodelmesh,#hash_da7b7d3f183af9b
xmodelmesh,#hash_da95e030f42006b
xmodelmesh,#hash_daba0ce3bb6327e
xmodelmesh,#hash_db387155fedc8a3
xmodelmesh,#hash_dc76322a4c9ae6a
xmodelmesh,#hash_dc810b2a3c8c2a8
xmodelmesh,#hash_dc9fc9176633a89
xmodelmesh,#hash_dd094fa04f42ae2
xmodelmesh,#hash_dd483ee99dd4643
xmodelmesh,#hash_ddd9b72c818c37c
xmodelmesh,#hash_de86d8f05a0917f
xmodelmesh,#hash_debdc5734aa73e1
xmodelmesh,#hash_df6701481ccecfe
xmodelmesh,#hash_df8699f440b78d5
xmodelmesh,#hash_dfd90ffce6bef25
xmodelmesh,#hash_dfe4cb781e863f9
xmodelmesh,#hash_e017efbd177e84c
xmodelmesh,#hash_e0e0a5cff264153
xmodelmesh,#hash_e186027244b699c
xmodelmesh,#hash_e1b4ee33dc496d0
xmodelmesh,#hash_e289ca4ca1262ce
xmodelmesh,#hash_e2ae68b647aa3c8
xmodelmesh,#hash_e42038407864900
xmodelmesh,#hash_e485599ad6353ea
xmodelmesh,#hash_e503875793ff2c9
xmodelmesh,#hash_e56f580e6c3c10e
xmodelmesh,#hash_e5932ede0547f76
xmodelmesh,#hash_e6365bb0adb4275
xmodelmesh,#hash_e6d9593618db659
xmodelmesh,#hash_e73213b03b6aa48
xmodelmesh,#hash_e78766861eb4d9a
xmodelmesh,#hash_e88f42e6fe5a2ae
xmodelmesh,#hash_e8caa15041e2c2d
xmodelmesh,d#hash_e96a1d994295329
xmodelmesh,#hash_e979e1fcdcb44e5
xmodelmesh,#hash_e98c62ddde600e3
xmodelmesh,#hash_ea3206952ca4c36
xmodelmesh,#hash_ea37e8722e0e541
xmodelmesh,#hash_ea519d2ffc0e348
xmodelmesh,#hash_ea643ff36df2b4e
xmodelmesh,#hash_eb02ad5d092f03d
xmodelmesh,#hash_eb1fe37e9fc5c5f
xmodelmesh,#hash_eb55f5f9b3f5053
xmodelmesh,#hash_ec4548c90197eca
xmodelmesh,#hash_ecb2aa238c36844
xmodelmesh,#hash_ecb3056893eb4dd
xmodelmesh,#hash_ecb5bd69a238941
xmodelmesh,#hash_ed432306821bd96
xmodelmesh,#hash_edaeca3ad5b2531
xmodelmesh,#hash_ee278af0c579807
xmodelmesh,#hash_ee4971faf2f9156
xmodelmesh,#hash_ef5c59a404d0c49
xmodelmesh,#hash_ef91fb54aacd7d2
xmodelmesh,#hash_efbaa15a96dceff
xmodelmesh,#hash_efc5a30d69557f5
xmodelmesh,#hash_efd194481b15df9
xmodelmesh,#hash_f07533fbb9f3849
xmodelmesh,#hash_f0ccfd56388081d
xmodelmesh,#hash_f30f6db635d9093
xmodelmesh,#hash_f3169522097bcdf
xmodelmesh,#hash_f402fe0c3ae3fdb
xmodelmesh,#hash_f4374a9c8c0d7e6
xmodelmesh,#hash_f46aa37094a6c2d
xmodelmesh,#hash_f4977e8980f83e8
xmodelmesh,#hash_f4cada266210d69
xmodelmesh,#hash_f53b2dc89ed145f
xmodelmesh,#hash_f61b16accf2506d
xmodelmesh,#hash_f65dfbc9981ac57
xmodelmesh,#hash_f70096a5fa5e79f
xmodelmesh,#hash_f733a5e8441de9c
xmodelmesh,#hash_f7373c09023b6bd
xmodelmesh,d#hash_f744276a4bb13d6
xmodelmesh,#hash_f7b90937239f89a
xmodelmesh,#hash_f7d9527babcf361
xmodelmesh,#hash_f7e4052b3e89ccb
xmodelmesh,#hash_f88e541f7ed82d0
xmodelmesh,#hash_f90d8baba268c20
xmodelmesh,d#hash_f9ef2faeeb18edf
xmodelmesh,#hash_fb48b3a4c30ce49
xmodelmesh,#hash_fc1c702e24f8e88
xmodelmesh,#hash_fc1f5f835a4ee96
xmodelmesh,#hash_fc640b8272ef822
xmodelmesh,#hash_fc72701ec691e6a
xmodelmesh,#hash_fc862b4163e6b2a
xmodelmesh,#hash_fd6fb68950cd0a8
xmodelmesh,#hash_fd8c10864c8c537
xmodelmesh,#hash_fe194e3a35d0156
xmodelmesh,#hash_fe661e2930c96c5
xmodelmesh,#hash_fe7830c5ce4683a
xmodelmesh,#hash_fe80ea7207a69d1
xmodelmesh,#hash_fe93e0ed10e0caa
xmodelmesh,#hash_fea72efce5f266a
xmodelmesh,#hash_fede1e69e8b822d
xmodelmesh,#hash_ff6108684a47461
xmodelmesh,#hash_ffbdafaac2cab87
xmodelmesh,#hash_1002d097174f3099
xmodelmesh,#hash_100425b2d12d9595
xmodelmesh,#hash_10090978f6a147af
xmodelmesh,#hash_10104bac67bc4a3c
xmodelmesh,#hash_102eb64e22f176bb
xmodelmesh,#hash_103144437652a383
xmodelmesh,#hash_10363bcb4bfff827
xmodelmesh,#hash_10399e44d159a965
xmodelmesh,#hash_1041527b3e02ea9b
xmodelmesh,#hash_10427a4a83a06a15
xmodelmesh,#hash_10485bc3f9fcac8a
xmodelmesh,#hash_104d45d4e8b1852c
xmodelmesh,#hash_1050861d2c325b6b
xmodelmesh,#hash_105626b55d72619a
xmodelmesh,#hash_105665dd4f867115
xmodelmesh,#hash_10579db7d864d614
xmodelmesh,d#hash_105ec3ba72885321
xmodelmesh,#hash_106065fc4a8d598c
xmodelmesh,#hash_1062e0eb0a12f17e
xmodelmesh,#hash_1067938ff77c988d
xmodelmesh,d#hash_107b7711568fb150
xmodelmesh,#hash_108530c555012d15
xmodelmesh,#hash_10868e4a6c7dc473
xmodelmesh,#hash_10898d50599a70bd
xmodelmesh,d#hash_108af14e88b036a0
xmodelmesh,#hash_108e1bbc9cfd4856
xmodelmesh,#hash_109097d121697c43
xmodelmesh,#hash_10942c962af9b577
xmodelmesh,#hash_10a15d3d54d5b11a
xmodelmesh,#hash_10a1ddc08f2deb34
xmodelmesh,#hash_10a45a7bb77035a8
xmodelmesh,#hash_10a9e6d93e345567
xmodelmesh,#hash_10b18948c22783c7
xmodelmesh,#hash_10b38c7d5c69ad22
xmodelmesh,#hash_10ba3acc84c17e75
xmodelmesh,#hash_10bdbe00f2816a1a
xmodelmesh,#hash_10bf02c98c3d5585
xmodelmesh,#hash_10c26fdecd3e27b0
xmodelmesh,#hash_10c7863870022111
xmodelmesh,#hash_10dda19499521d3f
xmodelmesh,#hash_10efc26c9cb766c5
xmodelmesh,#hash_10f2e900ce92fc57
xmodelmesh,#hash_10f6603d73fdba33
xmodelmesh,#hash_10f6faf81b5c0954
xmodelmesh,#hash_10f9897b28a8490a
xmodelmesh,#hash_110205490a4898b2
xmodelmesh,#hash_110255f89bd49362
xmodelmesh,#hash_110ce5616716cb8e
xmodelmesh,#hash_110e32f8cd982e08
xmodelmesh,#hash_111552b0949e2b6c
xmodelmesh,#hash_111e6f6f521725c9
xmodelmesh,#hash_112461d811aedf03
xmodelmesh,#hash_112e1d3c442ff14e
xmodelmesh,#hash_1130b3434c2a912f
xmodelmesh,#hash_11520db8936434ac
xmodelmesh,#hash_1152a8c4f45453da
xmodelmesh,#hash_1156c277a6fbae37
xmodelmesh,#hash_11686902842ad61d
xmodelmesh,#hash_118216b55eecb31a
xmodelmesh,#hash_118363f1b6d7b1df
xmodelmesh,#hash_1184108e3269f116
xmodelmesh,#hash_118c415ba9495c21
xmodelmesh,#hash_119ea2f478cb1b47
xmodelmesh,#hash_11ae34e230cf5ede
xmodelmesh,#hash_11afa78690190356
xmodelmesh,#hash_11b3d06dc701a546
xmodelmesh,#hash_11bf04aa920f830a
xmodelmesh,#hash_11c332d81727626d
xmodelmesh,#hash_11c57b36b083609c
xmodelmesh,#hash_11d65268096bdede
xmodelmesh,#hash_11e20d2749ceef9d
xmodelmesh,#hash_11e669c87f5d4ebb
xmodelmesh,#hash_11ec37afde028c58
xmodelmesh,d#hash_1202bbeef7287285
xmodelmesh,#hash_120aae1b58bd7f92
xmodelmesh,#hash_121405745838ff3d
xmodelmesh,#hash_121ab92d603e039f
xmodelmesh,#hash_122a9f90b36b6994
xmodelmesh,d#hash_12310ac526fc68aa
xmodelmesh,#hash_12323998b22f41dd
xmodelmesh,#hash_1235f9407b0e97ec
xmodelmesh,#hash_12375a0f32ce5212
xmodelmesh,#hash_124b00d216f9965b
xmodelmesh,#hash_12597842c9008cb4
xmodelmesh,#hash_12599e75347f34bc
xmodelmesh,#hash_125a2e3d423d2d83
xmodelmesh,#hash_125d72527252401f
xmodelmesh,#hash_126588f4da09cc8b
xmodelmesh,#hash_1267e0b7940951d1
xmodelmesh,#hash_1268f01fe7ec0e8b
xmodelmesh,#hash_12858b8d411260fe
xmodelmesh,#hash_12896bdf8d79bba6
xmodelmesh,#hash_1292dec0e34c2973
xmodelmesh,#hash_1296fea040522068
xmodelmesh,#hash_129c9fe55112dc1f
xmodelmesh,#hash_129deff7a9b180ec
xmodelmesh,#hash_12b37f3d3e8b6661
xmodelmesh,#hash_12c1adca12179beb
xmodelmesh,#hash_12c800bdc3600c9c
xmodelmesh,#hash_12cdc2278b9f6db1
xmodelmesh,#hash_12dbfc82a3ec2826
xmodelmesh,#hash_12e37191ea27b6e5
xmodelmesh,#hash_12e8544210426df5
xmodelmesh,#hash_12ee847427f8321b
xmodelmesh,#hash_12f888ca9ebfb385
xmodelmesh,d#hash_12fd20c12ea23e03
xmodelmesh,#hash_12ffec545e0c79a4
xmodelmesh,#hash_13069315d30f23f7
xmodelmesh,#hash_130b7747a8accfeb
xmodelmesh,#hash_130fedce7d7d6d37
xmodelmesh,#hash_13146927ba9a9409
xmodelmesh,#hash_13160bcc45853a04
xmodelmesh,#hash_1319afb6c26ac59d
xmodelmesh,d#hash_131ade58bfdf1431
xmodelmesh,#hash_131b60e0a702f6c3
xmodelmesh,#hash_131bd06ce8254d89
xmodelmesh,#hash_1320e36ffa28de69
xmodelmesh,#hash_1327b058cf9e32d6
xmodelmesh,#hash_1328c6bf05bb26dd
xmodelmesh,#hash_132ae632a0c1f383
xmodelmesh,#hash_132e5f61feb411de
xmodelmesh,#hash_13340f7684e5dc35
xmodelmesh,#hash_1336384938b93a75
xmodelmesh,#hash_1349820677f19a50
xmodelmesh,#hash_13499fc6e21a4741
xmodelmesh,#hash_134f0e21941e292e
xmodelmesh,#hash_135198dd3e60d874
xmodelmesh,#hash_135708bce6b5dc3b
xmodelmesh,#hash_135fc31a6738cfc6
xmodelmesh,#hash_136525d35f6f3406
xmodelmesh,#hash_13676e63cbb4244a
xmodelmesh,#hash_1369b5fceb5f66c7
xmodelmesh,#hash_136e8b3496253a26
xmodelmesh,d#hash_136f3a93be11a537
xmodelmesh,#hash_13735d0435e0422c
xmodelmesh,d#hash_137ad15d7f378929
xmodelmesh,#hash_13854c0894eea7b6
xmodelmesh,#hash_1385d9639e7c3468
xmodelmesh,#hash_1387e89de86e6d00
xmodelmesh,#hash_1387fdd5125be249
xmodelmesh,#hash_1388510a132d45d4
xmodelmesh,#hash_138a87757a62d46f
xmodelmesh,#hash_138e71cac881f107
xmodelmesh,#hash_138e8583f3e97872
xmodelmesh,#hash_138eacf364b1d887
xmodelmesh,#hash_13952409680ef55b
xmodelmesh,#hash_13981c8f6c2c2045
xmodelmesh,#hash_139b9fe9a287598b
xmodelmesh,#hash_13a3f4cf5c36d3cd
xmodelmesh,#hash_13a9115fe078c6aa
xmodelmesh,#hash_13aa629d1d7f151b
xmodelmesh,#hash_13c44a06ea9b4dfd
xmodelmesh,#hash_13c52f377e82f5bf
xmodelmesh,#hash_13c78d0ee3d5e840
xmodelmesh,#hash_13c9a8f4944a33ca
xmodelmesh,#hash_13cd4fc5348caadc
xmodelmesh,#hash_13d53666de2c9ac5
xmodelmesh,#hash_13daacd73d105217
xmodelmesh,#hash_13e5e3f2faeecee0
xmodelmesh,#hash_13e947efceaeee2f
xmodelmesh,#hash_13ea02f1310b0ad4
xmodelmesh,#hash_13ec469c16297a39
xmodelmesh,#hash_13f5f43e7ef85135
xmodelmesh,#hash_13fa1a558dc7d8f3
xmodelmesh,#hash_1404557f04733a49
xmodelmesh,#hash_1404e29cb37ba26e
xmodelmesh,#hash_1413fd2eddbdc21a
xmodelmesh,#hash_142123305f0732bc
xmodelmesh,#hash_143d798f46bfdd2b
xmodelmesh,#hash_14423c58000895b5
xmodelmesh,#hash_1448d299955032f6
xmodelmesh,#hash_144bc5ae9dfe9de1
xmodelmesh,#hash_145020b44bc5a93d
xmodelmesh,#hash_145839d464951eea
xmodelmesh,#hash_1461a5090c7506b5
xmodelmesh,#hash_147a5a585cf803c7
xmodelmesh,#hash_1482ee09fcd164b5
xmodelmesh,#hash_1485664140fbd8cd
xmodelmesh,#hash_1488bf75ca02cbed
xmodelmesh,#hash_148fdb8fca50ca25
xmodelmesh,#hash_149b7acd52845bb1
xmodelmesh,#hash_149ce48770fdc97e
xmodelmesh,#hash_149de3ca27872fc7
xmodelmesh,#hash_149f1e257bc76517
xmodelmesh,#hash_14a664d650198dde
xmodelmesh,#hash_14b01e0ecf3d1edf
xmodelmesh,#hash_14b169e6f2618d6f
xmodelmesh,#hash_14b321168f5bcc5e
xmodelmesh,#hash_14cfc9906224263e
xmodelmesh,#hash_14d10d641735a29a
xmodelmesh,#hash_14dcce25702af520
xmodelmesh,#hash_14dfbfee6660f5d7
xmodelmesh,#hash_14e04e803e51e143
xmodelmesh,#hash_14e4a7497816852a
xmodelmesh,#hash_14e8c8d8fd28435f
xmodelmesh,#hash_14f3978b4c3a76b4
xmodelmesh,#hash_14f53a5b137a1339
xmodelmesh,#hash_150696ce86fb1905
xmodelmesh,#hash_150f3edb2c536927
xmodelmesh,d#hash_151797531ecb05d9
xmodelmesh,#hash_151f5b9e0937b81b
xmodelmesh,#hash_1526ef9cb3e78d40
xmodelmesh,#hash_152b3b35c4fd1b2a
xmodelmesh,#hash_152b4f0da74a5d11
xmodelmesh,#hash_152c8c46197132dd
xmodelmesh,#hash_1534630c8275f7a6
xmodelmesh,#hash_154560f717f6fe3f
xmodelmesh,#hash_154ac18b0f72a398
xmodelmesh,#hash_15536e0e914188cd
xmodelmesh,#hash_1559288ee52b41f7
xmodelmesh,#hash_1559e8e3b9b26e08
xmodelmesh,#hash_155c3b8a40659c47
xmodelmesh,#hash_155f58bda9d22ef1
xmodelmesh,#hash_1560ff42e21a3963
xmodelmesh,#hash_156995bc7755cb0f
xmodelmesh,#hash_156d2ab148adf75a
xmodelmesh,#hash_156e6c4f5e2bcd5c
xmodelmesh,#hash_156e7f5c8df52ee6
xmodelmesh,#hash_156ef8ca22abc39a
xmodelmesh,#hash_15736ed9ea72410d
xmodelmesh,#hash_15776b7f6aeb9189
xmodelmesh,#hash_158a743925bdf6e8
xmodelmesh,#hash_15a2c38d2d683ee6
xmodelmesh,#hash_15ad09abf5702d2f
xmodelmesh,#hash_15b49d416b817979
xmodelmesh,#hash_15ba52288b9fb817
xmodelmesh,#hash_15bf7b09a73e1ac1
xmodelmesh,#hash_15c4eefc6d624b92
xmodelmesh,#hash_15ca34ddfe05a424
xmodelmesh,#hash_15cc41d75a44c853
xmodelmesh,#hash_15cc8595a6c9c9c2
xmodelmesh,#hash_15d0ed8a1f2a497e
xmodelmesh,#hash_15d35c09ced6bb11
xmodelmesh,#hash_15d3c184fef67f11
xmodelmesh,#hash_15d435b94b7cf162
xmodelmesh,#hash_15d9f96be5becf38
xmodelmesh,#hash_15dedb029b2d1d1f
xmodelmesh,#hash_15e2a178dd262508
xmodelmesh,#hash_15e550592ec3c7d3
xmodelmesh,#hash_15e8edb93987fbd1
xmodelmesh,#hash_15e9bf351148b05b
xmodelmesh,#hash_15ea531073622f41
xmodelmesh,#hash_15eac2475674e60a
xmodelmesh,#hash_15f171fe3a2855b6
xmodelmesh,d#hash_15f2de4523f10ff9
xmodelmesh,#hash_15f91e622c793606
xmodelmesh,#hash_15fbdac6ee24de66
xmodelmesh,#hash_15fcac56eadff43b
xmodelmesh,#hash_16043008a9d5773f
xmodelmesh,#hash_16081bb27fe10583
xmodelmesh,#hash_160d3776a01916c7
xmodelmesh,#hash_16164576750d0033
xmodelmesh,#hash_16219a5aeddbfa5f
xmodelmesh,#hash_1621db3e1474a60d
xmodelmesh,#hash_16225aa4070a19e2
xmodelmesh,#hash_1623a582b9177cfd
xmodelmesh,#hash_1625336e76ac89f7
xmodelmesh,#hash_162b4c6244d5a7f6
xmodelmesh,#hash_16301abf1e047fb2
xmodelmesh,#hash_16382176a30e2cd6
xmodelmesh,#hash_163db44d5a8a3af3
xmodelmesh,#hash_164445a7aeaa1423
xmodelmesh,#hash_1651728f7d8ac65e
xmodelmesh,#hash_165b91be63595588
xmodelmesh,#hash_165c1949f9df141e
xmodelmesh,#hash_165cfbea9b68dcc6
xmodelmesh,#hash_1665e4d8052b636a
xmodelmesh,#hash_16664ea3a8bc9633
xmodelmesh,#hash_16702a76269c7139
xmodelmesh,#hash_1679096660f6be3b
xmodelmesh,#hash_167b4b5b6003f5f1
xmodelmesh,#hash_167cbbc5bdb53f73
xmodelmesh,#hash_1687883e93b10224
xmodelmesh,#hash_168a63b1655f77e3
xmodelmesh,#hash_169127a7ff8970d2
xmodelmesh,#hash_169413444ba45758
xmodelmesh,#hash_1697e5de64acc7e9
xmodelmesh,#hash_169b50983b375ef3
xmodelmesh,#hash_169e180aab962699
xmodelmesh,#hash_16a3140e651c4e7b
xmodelmesh,#hash_16a34964c8d99fbb
xmodelmesh,#hash_16a7e68003b64d93
xmodelmesh,#hash_16ae83263737ca6d
xmodelmesh,#hash_16ba02b55a412590
xmodelmesh,#hash_16bc060077439517
xmodelmesh,#hash_16d1bab29e2d7348
xmodelmesh,#hash_16d2f015c78ec31b
xmodelmesh,#hash_16d42061c588e7a4
xmodelmesh,#hash_16ec4fd230c72228
xmodelmesh,#hash_16fefa4f085f8fd6
xmodelmesh,#hash_16ff08eab9bbca22
xmodelmesh,#hash_170427e1c78a3d14
xmodelmesh,#hash_170c0af519770ff8
xmodelmesh,#hash_170f22ebaf095d80
xmodelmesh,#hash_171649abb7e62472
xmodelmesh,#hash_1717e25feb17ff96
xmodelmesh,#hash_171f4e01042d776c
xmodelmesh,#hash_171fe4af8c347291
xmodelmesh,#hash_1726b3a2b00dbc3e
xmodelmesh,#hash_173590a737a0f6d0
xmodelmesh,#hash_1736c3e9b1cd9cac
xmodelmesh,#hash_17391105c39dc9ee
xmodelmesh,#hash_1739e14517fc056c
xmodelmesh,#hash_174526e3eaaeaf5b
xmodelmesh,#hash_174cf56e96448fb9
xmodelmesh,#hash_17525c78858603fb
xmodelmesh,#hash_1757b2d3524d6f23
xmodelmesh,#hash_175a306bfd7bc13c
xmodelmesh,#hash_175aff56f7336adb
xmodelmesh,#hash_1760b980a6ff11d9
xmodelmesh,#hash_1763449005bc9184
xmodelmesh,#hash_1763cbc25ae2a6eb
xmodelmesh,#hash_177ad0617f98dd5c
xmodelmesh,#hash_177bab2296cb6d76
xmodelmesh,#hash_177bbb13ef619a15
xmodelmesh,#hash_178bc0c65cba5b0c
xmodelmesh,#hash_17a10811e25f57e7
xmodelmesh,#hash_17a3f1fb126b8bb7
xmodelmesh,#hash_17a70b42099615fb
xmodelmesh,#hash_17b43dd9fc34ff89
xmodelmesh,#hash_17b461bc93f9136a
xmodelmesh,#hash_17b4de80eff6f8fc
xmodelmesh,#hash_17b7a138e1dd65d8
xmodelmesh,#hash_17b927b229d856e4
xmodelmesh,#hash_17c9d504d582b896
xmodelmesh,#hash_17d4f64fb81bb00f
xmodelmesh,#hash_17dc3822e41bdddd
xmodelmesh,#hash_17dec0669d97bc5e
xmodelmesh,#hash_17e1df834c3dbaa1
xmodelmesh,#hash_17eb18da664916ae
xmodelmesh,#hash_17ed741c2baf658f
xmodelmesh,#hash_17f06780fea9d458
xmodelmesh,#hash_17f26a6d9fa7e8f4
xmodelmesh,#hash_17f3b145c6d881ea
xmodelmesh,#hash_17f72d38fcf79163
xmodelmesh,#hash_17fb878876c962ad
xmodelmesh,#hash_1804562ad4e6cb42
xmodelmesh,#hash_1807bf190a46ed40
xmodelmesh,#hash_18161366423911ab
xmodelmesh,#hash_181ea41fff92d660
xmodelmesh,#hash_182c7e5b483df830
xmodelmesh,#hash_1830214a1b93af99
xmodelmesh,#hash_1832a211ccba0d6e
xmodelmesh,#hash_183df767e190f9b1
xmodelmesh,#hash_1843760dcfe8aae8
xmodelmesh,#hash_18448269c83be024
xmodelmesh,d#hash_18478e8a6077961f
xmodelmesh,#hash_184a44a57be3febb
xmodelmesh,#hash_184fed32c6e79219
xmodelmesh,#hash_1850a81494fbd244
xmodelmesh,#hash_1852fea870a08796
xmodelmesh,#hash_185d35f7f67f142e
xmodelmesh,#hash_18602fd6160c9c6c
xmodelmesh,#hash_18621ee253912312
xmodelmesh,#hash_1863ebb104664c78
xmodelmesh,#hash_186df19277681bda
xmodelmesh,#hash_186fc257dd049e12
xmodelmesh,#hash_18744c80d7070c20
xmodelmesh,#hash_18772264f66704ed
xmodelmesh,d#hash_187858b7f0ca067c
xmodelmesh,#hash_187d8b492cb61bb8
xmodelmesh,#hash_187dc434e1305d70
xmodelmesh,#hash_188336c13ef468d2
xmodelmesh,#hash_1889b0c0838e1a19
xmodelmesh,#hash_188c6001ce57a277
xmodelmesh,#hash_18a16cafd71afe52
xmodelmesh,#hash_18a462e031c57a2d
xmodelmesh,#hash_18a65ecf21b322d5
xmodelmesh,#hash_18a877eeb12015f2
xmodelmesh,#hash_18aa95a21773199e
xmodelmesh,#hash_18af8964cf6acee7
xmodelmesh,#hash_18b4263dc78bfbcf
xmodelmesh,#hash_18bb6ee824c7fa95
xmodelmesh,#hash_18c5ae5f9e2940d6
xmodelmesh,#hash_18ce1e52588691b7
xmodelmesh,#hash_18cea7ea07d5ced2
xmodelmesh,#hash_18d1639de09489d5
xmodelmesh,#hash_18db6133065e06fd
xmodelmesh,#hash_18de06a4d598931e
xmodelmesh,#hash_18e203307db1667e
xmodelmesh,#hash_18e3cfa234981da0
xmodelmesh,#hash_18eb8c43c5474fc8
xmodelmesh,d#hash_18f37638751ef8c8
xmodelmesh,d#hash_18f56dddb2ff26b0
xmodelmesh,#hash_18f826bfe60cae4f
xmodelmesh,#hash_18f8b25cb022d7df
xmodelmesh,#hash_18f912c5df5035a3
xmodelmesh,d#hash_18fa86029d197be4
xmodelmesh,#hash_18fdc706ef44e7da
xmodelmesh,#hash_190cc071612de857
xmodelmesh,#hash_1919998f3ad12597
xmodelmesh,#hash_19213f4d7c09a2d8
xmodelmesh,#hash_1921829c90115600
xmodelmesh,#hash_192944451db0d9c0
xmodelmesh,#hash_19361597325c4c33
xmodelmesh,#hash_19402ba44f54894e
xmodelmesh,#hash_1947673e446ecab3
xmodelmesh,#hash_1949a3be18f6e2d1
xmodelmesh,#hash_195a38e400d4fd76
xmodelmesh,#hash_195d07838ed14dde
xmodelmesh,#hash_195e936d0c281fde
xmodelmesh,#hash_195eaabe4260769b
xmodelmesh,#hash_19632a5e1b04adae
xmodelmesh,#hash_197437f6617d6294
xmodelmesh,#hash_197627f4e21681b9
xmodelmesh,#hash_19818f4e721819ea
xmodelmesh,#hash_1984d6c463d1f890
xmodelmesh,#hash_1989fe768d8c3979
xmodelmesh,#hash_198c5eeb2532f45e
xmodelmesh,#hash_1994bdedfd9e3dff
xmodelmesh,#hash_1999f00d42e41b93
xmodelmesh,#hash_199d5166f9c5f11e
xmodelmesh,#hash_19bd1c752eda2147
xmodelmesh,#hash_19c04fe9cb27282e
xmodelmesh,#hash_19c8f6b1729e21e0
xmodelmesh,d#hash_19cbe0d66f0d65b6
xmodelmesh,#hash_19ce82434a77c0ae
xmodelmesh,#hash_19d3b4d45083b91b
xmodelmesh,#hash_19d6127c50332a17
xmodelmesh,#hash_19d674138b6dbbb0
xmodelmesh,#hash_19e068f0890e075c
xmodelmesh,#hash_19eb5f973ebf6ba8
xmodelmesh,#hash_19f2fdcbae8a5837
xmodelmesh,#hash_19f43bb707a30fcc
xmodelmesh,#hash_19f7691998800a8a
xmodelmesh,#hash_19fd0253ce0799d0
xmodelmesh,#hash_1a0000b5738158c8
xmodelmesh,#hash_1a0452fcb5260ce8
xmodelmesh,#hash_1a118afb59f47691
xmodelmesh,#hash_1a13630f55a60a27
xmodelmesh,#hash_1a140984446d3561
xmodelmesh,#hash_1a17081a7bc57f74
xmodelmesh,#hash_1a1d3c53b2cf35ff
xmodelmesh,d#hash_1a2c83107159d17e
xmodelmesh,#hash_1a2ca01039a4c7ed
xmodelmesh,#hash_1a2d16a69ffb1f74
xmodelmesh,#hash_1a2e62141999ddd1
xmodelmesh,#hash_1a3b0c1c3d4e492e
xmodelmesh,#hash_1a58e5cd9db9e3f3
xmodelmesh,#hash_1a59ab8899df9a53
xmodelmesh,#hash_1a5cf2b31e1be03e
xmodelmesh,#hash_1a5eb38d4753697c
xmodelmesh,#hash_1a6765bdebf16c78
xmodelmesh,#hash_1a688a8864697f54
xmodelmesh,#hash_1a6fabd7e6ce11b3
xmodelmesh,d#hash_1a7c216e2957fe3e
xmodelmesh,#hash_1a8ec3676eee75bf
xmodelmesh,#hash_1a909b007110c515
xmodelmesh,#hash_1a952cbd174f64f5
xmodelmesh,#hash_1a9910ce7dd92957
xmodelmesh,#hash_1a9a14d6a26fdd35
xmodelmesh,#hash_1a9af006c436c12e
xmodelmesh,#hash_1a9fe4b2fc49e2e6
xmodelmesh,d#hash_1aa06468316251d3
xmodelmesh,#hash_1aa9ef4b9b8ef62d
xmodelmesh,#hash_1aaa32f58495f96a
xmodelmesh,#hash_1abe400ed0320a3f
xmodelmesh,#hash_1ac1f17f8b87613d
xmodelmesh,#hash_1ac2e33496b5b561
xmodelmesh,#hash_1ac41c08d09f0f0f
xmodelmesh,#hash_1ad64be9597ce9d4
xmodelmesh,#hash_1ad9363d5ca8ee77
xmodelmesh,#hash_1ae05d26d1da341c
xmodelmesh,#hash_1ae673f351c3c6b8
xmodelmesh,#hash_1aef8dd9e00acb3d
xmodelmesh,#hash_1af58bff133147c5
xmodelmesh,#hash_1af9178dafa7bc97
xmodelmesh,#hash_1afacf1f3f543111
xmodelmesh,#hash_1afe99c6f9dec867
xmodelmesh,#hash_1b088ef29ab77c5a
xmodelmesh,#hash_1b0f0b2c64be193e
xmodelmesh,#hash_1b16abfbcc8d0a50
xmodelmesh,#hash_1b1c0ee17c01642a
xmodelmesh,#hash_1b1c4392667963c2
xmodelmesh,#hash_1b331786b1cb84f4
xmodelmesh,#hash_1b4272abe5a22662
xmodelmesh,#hash_1b451a459a676d25
xmodelmesh,#hash_1b4642e90775445c
xmodelmesh,#hash_1b4f74814c15c4d9
xmodelmesh,#hash_1b56d12db9baa7fd
xmodelmesh,#hash_1b59f4dd460bdbf1
xmodelmesh,#hash_1b79118b3b60a647
xmodelmesh,#hash_1b7a9e14c5c82bff
xmodelmesh,#hash_1b8082d4912ce152
xmodelmesh,#hash_1b973585303dc71c
xmodelmesh,d#hash_1b997da43884d495
xmodelmesh,#hash_1ba67287c977c3c1
xmodelmesh,#hash_1ba9f9ef7976f21f
xmodelmesh,d#hash_1bb42012216e002b
xmodelmesh,#hash_1bc130c41a3bb855
xmodelmesh,#hash_1bc1ef178fb58f06
xmodelmesh,#hash_1bc2385cabff16d1
xmodelmesh,#hash_1bc47c0bead4f24c
xmodelmesh,#hash_1bc9c69a3cd42d88
xmodelmesh,#hash_1bcbd6ab6853287c
xmodelmesh,#hash_1bcc8d261aabacb8
xmodelmesh,#hash_1bcd999ff71d31da
xmodelmesh,#hash_1bce1eaaef70b3e8
xmodelmesh,#hash_1bd18ea0c5212171
xmodelmesh,#hash_1bd55a1fec4c7216
xmodelmesh,#hash_1bdb78735a891608
xmodelmesh,#hash_1bdc1ab7c56c115f
xmodelmesh,#hash_1be2c5fb4a8e0181
xmodelmesh,#hash_1be5b44f21b7e2a5
xmodelmesh,#hash_1be719309c472cc8
xmodelmesh,#hash_1bf418ff42c607c8
xmodelmesh,#hash_1bf56b79b14c740a
xmodelmesh,#hash_1bfaf5ed4ab61004
xmodelmesh,#hash_1c046391e6dc39ac
xmodelmesh,#hash_1c0efe844b547f71
xmodelmesh,#hash_1c1a7c981082b253
xmodelmesh,#hash_1c1c9060d16626a9
xmodelmesh,#hash_1c2a0905c081207b
xmodelmesh,#hash_1c2fd7f10f3144fb
xmodelmesh,#hash_1c39b28c03a5bd49
xmodelmesh,#hash_1c4556a365788973
xmodelmesh,#hash_1c463b658dbb1db5
xmodelmesh,#hash_1c4edc341285e064
xmodelmesh,#hash_1c5669e4ff328f03
xmodelmesh,#hash_1c5a96bdc96a01b8
xmodelmesh,#hash_1c62d841136d2c48
xmodelmesh,#hash_1c6a510d3a585633
xmodelmesh,#hash_1c6b98b9fe149b31
xmodelmesh,#hash_1c73668e64ccc694
xmodelmesh,#hash_1c7a45de413d526f
xmodelmesh,#hash_1c7fbcb047a95acd
xmodelmesh,#hash_1c838ab37940c683
xmodelmesh,#hash_1c86376bd8421797
xmodelmesh,#hash_1c882796a9666cc4
xmodelmesh,#hash_1c8d83d936443a7a
xmodelmesh,#hash_1c93eb80d68be5fb
xmodelmesh,#hash_1c9446881bc224ee
xmodelmesh,d#hash_1c98cef9ce0fab6b
xmodelmesh,d#hash_1c9f1bca3be1dd18
xmodelmesh,#hash_1ca249bf28855d92
xmodelmesh,#hash_1ca252c8b0eb1f95
xmodelmesh,#hash_1cb2d0bdbf6587c0
xmodelmesh,d#hash_1cb4da579200b7cf
xmodelmesh,#hash_1cbf17f463be2545
xmodelmesh,#hash_1cc1f89a5281b92c
xmodelmesh,#hash_1cc6a8ac07e928e9
xmodelmesh,#hash_1cc84c3893121c1c
xmodelmesh,#hash_1cc859a11d9b824a
xmodelmesh,#hash_1ccb27d087555a78
xmodelmesh,#hash_1ccc1bd299f3212e
xmodelmesh,#hash_1ccf5e84dc50a310
xmodelmesh,#hash_1cd2d74356cfc26e
xmodelmesh,#hash_1cda4b0fcba3f8cb
xmodelmesh,#hash_1cded74fa1fb7895
xmodelmesh,#hash_1ce53d60d6e87136
xmodelmesh,#hash_1ce676970c441b7f
xmodelmesh,#hash_1cecc51c7d819d03
xmodelmesh,#hash_1cf4e37f0e00a1b4
xmodelmesh,#hash_1d0db5b12b97c646
xmodelmesh,#hash_1d117af79f9c622c
xmodelmesh,#hash_1d13bbbd922f1d67
xmodelmesh,#hash_1d15ea4fdac55d11
xmodelmesh,#hash_1d1678cb4c84fcdd
xmodelmesh,#hash_1d1941e0f4a70bd3
xmodelmesh,#hash_1d2420a0afc900ea
xmodelmesh,#hash_1d3a13c7a0aee782
xmodelmesh,#hash_1d3be60ebe439283
xmodelmesh,#hash_1d40573fb68a8050
xmodelmesh,#hash_1d466a1ffcae6840
xmodelmesh,#hash_1d5815b178d94e6e
xmodelmesh,#hash_1d5aadf2969c10d3
xmodelmesh,#hash_1d6db3d6859e3d63
xmodelmesh,#hash_1d7502b4b6cacd61
xmodelmesh,#hash_1d86c6c4d4069f6c
xmodelmesh,#hash_1d92c6402f3d8e86
xmodelmesh,#hash_1d93dfb516d4410f
xmodelmesh,#hash_1d9499c14b463f1f
xmodelmesh,#hash_1d9ea5c9ab9081d1
xmodelmesh,#hash_1dd0cc7ed63616f9
xmodelmesh,#hash_1dd7027c14533848
xmodelmesh,#hash_1de3cc870afab06c
xmodelmesh,#hash_1df0b264e2fda3e0
xmodelmesh,#hash_1df3fc755657cee2
xmodelmesh,#hash_1df888b7e7d31f7d
xmodelmesh,#hash_1df97be85722436a
xmodelmesh,#hash_1e1001a2ca0620fe
xmodelmesh,#hash_1e152b255414dfbc
xmodelmesh,#hash_1e2ec7982e30a3a7
xmodelmesh,#hash_1e33a5156826ae6e
xmodelmesh,#hash_1e35f22efd43288e
xmodelmesh,#hash_1e3a98cb9152c04d
xmodelmesh,#hash_1e3aabf435d46dda
xmodelmesh,#hash_1e45b5362bd97ee8
xmodelmesh,#hash_1e4621a5f5fd1757
xmodelmesh,#hash_1e49a955be1267b4
xmodelmesh,#hash_1e4c7f9dba223932
xmodelmesh,#hash_1e51d0eb5b931497
xmodelmesh,#hash_1e540c56d17866ff
xmodelmesh,#hash_1e5e40f4238098cd
xmodelmesh,#hash_1e61ec059754f102
xmodelmesh,#hash_1e685b7236295bef
xmodelmesh,#hash_1e77616335800ae1
xmodelmesh,#hash_1e7930e39279d3d8
xmodelmesh,#hash_1e7c3eb725bdc6a8
xmodelmesh,#hash_1e8c9d613c6fe758
xmodelmesh,#hash_1e967d6038b3faff
xmodelmesh,#hash_1ea54f5ff6a07006
xmodelmesh,#hash_1eac24b611645eb9
xmodelmesh,#hash_1ec2e97ab9821d84
xmodelmesh,#hash_1ec872ebdd83e102
xmodelmesh,#hash_1eda7f19155e6276
xmodelmesh,#hash_1edac3fb94c93938
xmodelmesh,#hash_1edcff5ef7f58fe8
xmodelmesh,#hash_1ee0599d5cd445c6
xmodelmesh,#hash_1ee5988d93969bc2
xmodelmesh,#hash_1ee5feb69f2fdfdf
xmodelmesh,#hash_1eea4265497b0891
xmodelmesh,#hash_1eedfb7547e75ae3
xmodelmesh,#hash_1ef1d5189c498136
xmodelmesh,#hash_1ef503147384e9ee
xmodelmesh,#hash_1efa2878289db8cc
xmodelmesh,#hash_1f06430b758371f3
xmodelmesh,#hash_1f0a09cebcf3fe00
xmodelmesh,#hash_1f0bb90250abcc80
xmodelmesh,#hash_1f187f474de26710
xmodelmesh,#hash_1f18ecde3bf6ec3d
xmodelmesh,#hash_1f1911310f5ea8b4
xmodelmesh,#hash_1f1c0b2b82e35b9e
xmodelmesh,#hash_1f27d77b53f29f0a
xmodelmesh,#hash_1f2c198032ef9b84
xmodelmesh,#hash_1f33d0751e0e78a8
xmodelmesh,#hash_1f3b987e9418055f
xmodelmesh,#hash_1f4371d6d3ee3244
xmodelmesh,#hash_1f58f7e19d7c7f43
xmodelmesh,#hash_1f5f437b3f62b232
xmodelmesh,#hash_1f6250caf8911798
xmodelmesh,#hash_1f639f02148f7401
xmodelmesh,d#hash_1f69457dba0d867d
xmodelmesh,#hash_1f7211242befcb70
xmodelmesh,#hash_1f72ffc5d78dc654
xmodelmesh,#hash_1f7851ecd2be07e6
xmodelmesh,#hash_1f8ff890c5c2b8ed
xmodelmesh,#hash_1f9e5299245c5099
xmodelmesh,#hash_1fa3abfffd0e9f3e
xmodelmesh,#hash_1fa7abd7aa4bc740
xmodelmesh,#hash_1fbb5bb9ae1e8dc2
xmodelmesh,#hash_1fbe1d47668950b1
xmodelmesh,#hash_1fbf071e213c8687
xmodelmesh,#hash_1fbf242652d211d7
xmodelmesh,d#hash_1fc3438413953969
xmodelmesh,#hash_1fd5fcf9f9961962
xmodelmesh,#hash_1fed7637af4d25e0
xmodelmesh,d#hash_1fed984886b97c09
xmodelmesh,#hash_1fedd64d31638e6b
xmodelmesh,#hash_1ff1931c3ac93dfd
xmodelmesh,#hash_1ff1b5839dc9f78a
xmodelmesh,#hash_1ff9caec5b4babad
xmodelmesh,#hash_1ffb0032df2b5a77
xmodelmesh,#hash_2002041150d79bb7
xmodelmesh,#hash_200668443615ae6b
xmodelmesh,#hash_2016b79addd377f7
xmodelmesh,#hash_201a373140a823df
xmodelmesh,#hash_20246dd8d285c63b
xmodelmesh,#hash_20270f61c21f27e6
xmodelmesh,#hash_202b39b1808d8b35
xmodelmesh,#hash_20381262b467c32f
xmodelmesh,#hash_2044057fbbe6990b
xmodelmesh,#hash_2046ae645b55b3cc
xmodelmesh,#hash_204da980c80f7559
xmodelmesh,#hash_20524c2acc028b7f
xmodelmesh,#hash_2063e7543457c1fc
xmodelmesh,#hash_206a81587ea2fd40
xmodelmesh,#hash_206cccda83c1236e
xmodelmesh,#hash_2078e8e6d1bfb0e8
xmodelmesh,#hash_207e3927f9319e1c
xmodelmesh,#hash_2083c085246e6718
xmodelmesh,#hash_208c4dda4935ed5c
xmodelmesh,#hash_2095e16fc7602c86
xmodelmesh,#hash_209dad92385d557e
xmodelmesh,#hash_20a3e6042cc6d74e
xmodelmesh,#hash_20a97edf39ddd942
xmodelmesh,#hash_20b01fcecb5d61e9
xmodelmesh,#hash_20b126072ae0baa8
xmodelmesh,#hash_20b280818041b27e
xmodelmesh,#hash_20b4cddf5aebacc2
xmodelmesh,#hash_20b9cd41d15762e0
xmodelmesh,#hash_20c1428cac726002
xmodelmesh,#hash_20c778f2cca3faa1
xmodelmesh,#hash_20d37a029805ddfc
xmodelmesh,#hash_20dea81fbadb0fb6
xmodelmesh,#hash_20eac6874aaabb93
xmodelmesh,#hash_20eb65cc72634238
xmodelmesh,#hash_20ed00cf5b81a20c
xmodelmesh,#hash_20f0c26e50a4ad0b
xmodelmesh,#hash_21087f6d4c1bd855
xmodelmesh,#hash_2108b919ed436be4
xmodelmesh,#hash_21101a7c57a0f5d6
xmodelmesh,#hash_2113f9d9dbbc9ee3
xmodelmesh,#hash_212f2db2795f2c5e
xmodelmesh,#hash_213451f2e4bb0788
xmodelmesh,#hash_2137e91965c362de
xmodelmesh,#hash_2138e35608c76828
xmodelmesh,#hash_213d6496515a90c2
xmodelmesh,#hash_2140e0bf5d48f2e6
xmodelmesh,#hash_21450f0a13690fcf
xmodelmesh,d#hash_214bd880a678ffa4
xmodelmesh,#hash_214f81abb04125da
xmodelmesh,#hash_21526c5edba69079
xmodelmesh,#hash_2152980e3a432db1
xmodelmesh,#hash_21615d5d66a9115e
xmodelmesh,#hash_216324bcc430eb92
xmodelmesh,#hash_21632ced2b3020fe
xmodelmesh,#hash_216625805a4732da
xmodelmesh,#hash_21698f3eb09a9350
xmodelmesh,#hash_216f0849ae28356e
xmodelmesh,#hash_217c9d8180cef497
xmodelmesh,#hash_218add74c5e07c62
xmodelmesh,#hash_218ebdf915ee562f
xmodelmesh,#hash_219a6bdb2432c39d
xmodelmesh,#hash_21a555b4fe353ee3
xmodelmesh,#hash_21a6f8e1fa036691
xmodelmesh,#hash_21a7f73e8f1185fb
xmodelmesh,#hash_21b64f98d976e89f
xmodelmesh,#hash_21ba51d7b19e8358
xmodelmesh,#hash_21bc98b4883a7c3a
xmodelmesh,#hash_21cc97165425df27
xmodelmesh,#hash_21cd0232aac4f78d
xmodelmesh,#hash_21d0e26b808996be
xmodelmesh,#hash_21d2b82148327020
xmodelmesh,#hash_21da68d3e410cacb
xmodelmesh,#hash_21e18a6323276f63
xmodelmesh,#hash_21e395b2baf6ee85
xmodelmesh,#hash_21f0edead4a76128
xmodelmesh,#hash_21f4e85138df685b
xmodelmesh,#hash_21f7217befcb2fe4
xmodelmesh,#hash_21f8e82186d661f3
xmodelmesh,#hash_21fd1f732ad39b52
xmodelmesh,#hash_2209a9eff1db4b32
xmodelmesh,#hash_221424e4e6be8e8d
xmodelmesh,#hash_2216e59150b74254
xmodelmesh,#hash_22172a66b662e086
xmodelmesh,#hash_22179923eb8ee9d1
xmodelmesh,#hash_2219c5447ee43a73
xmodelmesh,#hash_221a1fa447612bc8
xmodelmesh,#hash_222302467d693508
xmodelmesh,#hash_222738bd90bf6637
xmodelmesh,#hash_2228c0a56b6b5bc7
xmodelmesh,#hash_223a276c6c059965
xmodelmesh,#hash_223d46bff716329b
xmodelmesh,#hash_2246aff8230c6dd2
xmodelmesh,#hash_22519a88d52d92ad
xmodelmesh,#hash_2254c1ea51de0f75
xmodelmesh,#hash_225ed89744398141
xmodelmesh,#hash_2260cfc09841248f
xmodelmesh,#hash_227774a3cbd48360
xmodelmesh,#hash_227a65d63ffaf17f
xmodelmesh,#hash_2288a55fe62f969d
xmodelmesh,#hash_228dfdfe59e93a05
xmodelmesh,#hash_228fea5b2fa22c0f
xmodelmesh,#hash_2290a08fbdc5bca9
xmodelmesh,#hash_2291c89861042918
xmodelmesh,#hash_229752b99a73844b
xmodelmesh,#hash_229f3947bc350f65
xmodelmesh,#hash_22a3652e6429edf9
xmodelmesh,#hash_22a9d98dc9d22e39
xmodelmesh,#hash_22b0bebf62e88b8c
xmodelmesh,#hash_22b4cd9ae4eb6889
xmodelmesh,#hash_22c320a04f0199bf
xmodelmesh,#hash_22c3b0257ac533b9
xmodelmesh,#hash_22d74573a556a62f
xmodelmesh,#hash_22f82a5b0559b606
xmodelmesh,#hash_22fa3d074d97777f
xmodelmesh,#hash_22fac898715742e1
xmodelmesh,#hash_2301b758737ae4b4
xmodelmesh,#hash_23032311adddc608
xmodelmesh,#hash_23089c0ee99b999d
xmodelmesh,#hash_230c7afaff939a1e
xmodelmesh,#hash_230f6e37aaa5d0aa
xmodelmesh,#hash_2312f369d6994c05
xmodelmesh,#hash_2314b49eb237fbc0
xmodelmesh,#hash_23184e0f5bc37161
xmodelmesh,#hash_231ba77773a2df7f
xmodelmesh,#hash_23219a52216965d6
xmodelmesh,#hash_23241788cff5af17
xmodelmesh,#hash_2328d1b782328e1d
xmodelmesh,#hash_232d5643d6b53adc
xmodelmesh,#hash_233298ae84c11de5
xmodelmesh,#hash_2334a939e55e1de2
xmodelmesh,#hash_2338db203ddae66b
xmodelmesh,#hash_2339fde40fe27de4
xmodelmesh,d#hash_233c22256c0a7a1b
xmodelmesh,#hash_233f7859f0abe2f9
xmodelmesh,#hash_23450854a04cf969
xmodelmesh,#hash_234d42f858f25fa6
xmodelmesh,#hash_23520161dc9a75e3
xmodelmesh,#hash_23548d0dc4022f51
xmodelmesh,#hash_237bfe10a9bc9f5e
xmodelmesh,#hash_237f03d7f9bf9f43
xmodelmesh,#hash_2389cb8fdd78c5f7
xmodelmesh,#hash_238ac34b2603b27c
xmodelmesh,#hash_238e66b3c2e3ddf0
xmodelmesh,#hash_23944a01ed253e06
xmodelmesh,#hash_2394834e260d3c38
xmodelmesh,d#hash_2397e0305af785d3
xmodelmesh,#hash_239c88412f6fbf0b
xmodelmesh,#hash_23a4fbd82d28a2ce
xmodelmesh,#hash_23aae3247ce68853
xmodelmesh,#hash_23ae658044e9291e
xmodelmesh,#hash_23b56f9c165beaf6
xmodelmesh,#hash_23b99801f43488ea
xmodelmesh,#hash_23be6b3a9d744648
xmodelmesh,#hash_23c77b6ce0e69c7a
xmodelmesh,#hash_23c8269901baee10
xmodelmesh,#hash_23c868801e76afbc
xmodelmesh,#hash_23d8dc4d326864b6
xmodelmesh,#hash_23da0af8749f6881
xmodelmesh,#hash_23e0f58ee51151d2
xmodelmesh,#hash_23ede99d7150794c
xmodelmesh,#hash_23f359cdb85854ec
xmodelmesh,#hash_23fa04fd0c817117
xmodelmesh,#hash_2408e41eecf394ca
xmodelmesh,d#hash_240c80cb6bdd65c6
xmodelmesh,#hash_240f713606dea997
xmodelmesh,#hash_2419e051522810c8
xmodelmesh,#hash_241e4647ca79512c
xmodelmesh,#hash_24219362a451ee30
xmodelmesh,#hash_242251ad9f703224
xmodelmesh,#hash_242513cf643e3e9e
xmodelmesh,#hash_242d1a874790c921
xmodelmesh,#hash_242e852f40b25fda
xmodelmesh,#hash_2433b166f06036fa
xmodelmesh,#hash_2434bf8e8d1a83d7
xmodelmesh,#hash_243cb91da13c9036
xmodelmesh,#hash_2444a88defb9d0b6
xmodelmesh,#hash_2453341911cbfd25
xmodelmesh,#hash_2455d1f1f6f7b4a0
xmodelmesh,#hash_245d3c71cb18db64
xmodelmesh,#hash_2462b531e3b824d3
xmodelmesh,#hash_246e6e50cec43252
xmodelmesh,#hash_247360a1a9703953
xmodelmesh,#hash_24755d3b27e8eb95
xmodelmesh,#hash_247ba24b439f30c9
xmodelmesh,#hash_247dddec217ce2ef
xmodelmesh,#hash_2484ff65e7802ce7
xmodelmesh,#hash_248725fc4f195f1d
xmodelmesh,#hash_248def0447d36b42
xmodelmesh,#hash_249208f924d87711
xmodelmesh,#hash_2494f51d313c7f35
xmodelmesh,#hash_24989f6032d8cbad
xmodelmesh,#hash_249d2f8021e86222
xmodelmesh,#hash_249fd75806e73d2d
xmodelmesh,#hash_24aebffac408f031
xmodelmesh,#hash_24b117fe2278345a
xmodelmesh,#hash_24b16d401ffa34d3
xmodelmesh,#hash_24c6e6e64de13689
xmodelmesh,d#hash_24c7df15cc67eade
xmodelmesh,#hash_24cfe3edcf07c44f
xmodelmesh,#hash_24d317c304c98045
xmodelmesh,#hash_24d554296c210971
xmodelmesh,#hash_24d7087fcc361538
xmodelmesh,#hash_24e391ed76632695
xmodelmesh,#hash_24ee67790ee0ffeb
xmodelmesh,#hash_24f0dec35c721f43
xmodelmesh,#hash_24f2b898dbb24980
xmodelmesh,#hash_25011b55072b3f77
xmodelmesh,#hash_2507fd91e8fd19e2
xmodelmesh,#hash_250c49b95acdf4d3
xmodelmesh,#hash_25106e37affcf1a4
xmodelmesh,#hash_2516a6a7b8a9761a
xmodelmesh,#hash_251b15db9f6e25e7
xmodelmesh,#hash_25236adf6100adb7
xmodelmesh,#hash_2525e2088464369d
xmodelmesh,#hash_2529f79a99abdad3
xmodelmesh,#hash_2531237f8b1fca21
xmodelmesh,#hash_253454051a826efe
xmodelmesh,#hash_25487be41b190810
xmodelmesh,#hash_254e20e6d232f733
xmodelmesh,#hash_25517d69b4eb0fcd
xmodelmesh,#hash_2563b095de26a97a
xmodelmesh,#hash_2566a2d2d6ce0b3e
xmodelmesh,#hash_256d4b20604b5d9a
xmodelmesh,#hash_256e1e8409d5d45a
xmodelmesh,#hash_2576c7fd2d316ce7
xmodelmesh,#hash_257708d7d535b730
xmodelmesh,#hash_25838879d9763e0a
xmodelmesh,#hash_2583bb19a6511b55
xmodelmesh,#hash_258880e52391c23f
xmodelmesh,#hash_258dce7157f7edbd
xmodelmesh,#hash_2590f942f8d36f66
xmodelmesh,#hash_2592cadc7e2fe846
xmodelmesh,d#hash_259cd06d0a45ad12
xmodelmesh,#hash_25a339b28f306c54
xmodelmesh,#hash_25ab24b968ab19ad
xmodelmesh,#hash_25b16a4530c7baf3
xmodelmesh,#hash_25b2e01919156d5d
xmodelmesh,#hash_25b64b634d5d2f63
xmodelmesh,#hash_25bbfe63c838f470
xmodelmesh,#hash_25c40dcf04ca8971
xmodelmesh,#hash_25c526362e0290ec
xmodelmesh,#hash_25c5effb4683211c
xmodelmesh,#hash_25c8e910366ea7c4
xmodelmesh,#hash_25c9adf54e78653b
xmodelmesh,#hash_25ca2ebcef5bf4d8
xmodelmesh,#hash_25cbe68d20084edb
xmodelmesh,#hash_25d6a76863858674
xmodelmesh,#hash_25e2b288bb5b26da
xmodelmesh,#hash_25eefc31183be715
xmodelmesh,d#hash_25f859605f8ea5a9
xmodelmesh,#hash_25f8ad2d7baa978c
xmodelmesh,#hash_260a2d9b65f6062a
xmodelmesh,#hash_260bbf33dddfa0f9
xmodelmesh,#hash_260e3a4002a950b8
xmodelmesh,#hash_260ee7dc1198a47f
xmodelmesh,#hash_261bb4bc032c00b2
xmodelmesh,#hash_261d47ae312382a6
xmodelmesh,#hash_26297b403bcd56ba
xmodelmesh,#hash_262ea13ef0000c7d
xmodelmesh,#hash_26308f52ceb99fba
xmodelmesh,#hash_26478a0f7dd99bd8
xmodelmesh,#hash_264e7bf6ff268bd0
xmodelmesh,#hash_265eb39ced36b1c5
xmodelmesh,#hash_2663327e67c673b4
xmodelmesh,#hash_266a8dda834aadce
xmodelmesh,#hash_266c348d07f1d6e2
xmodelmesh,#hash_266ea6cb0b776444
xmodelmesh,#hash_26757c9cbf6006fa
xmodelmesh,#hash_267713e676d2e342
xmodelmesh,#hash_26775f96565eae84
xmodelmesh,#hash_2683a975881b2901
xmodelmesh,#hash_26882183eaf5e0cc
xmodelmesh,#hash_268d10a7906fe471
xmodelmesh,#hash_268d89ce1af2d845
xmodelmesh,#hash_268fdd4787dfad92
xmodelmesh,#hash_2691983deced2653
xmodelmesh,#hash_2692f64e24f2ca76
xmodelmesh,d#hash_2699ff90f47ca8af
xmodelmesh,#hash_269cd7c0c8060c3c
xmodelmesh,#hash_26a1bc0dff4a3643
xmodelmesh,#hash_26b6c0adafe630c4
xmodelmesh,#hash_26bba99a89a3ab70
xmodelmesh,#hash_26be5a3cfce0d10c
xmodelmesh,#hash_26c7a4db49df24a3
xmodelmesh,#hash_26d669a0ed3dd4ab
xmodelmesh,#hash_26ef17567a63b06b
xmodelmesh,#hash_26f00cec473a602f
xmodelmesh,d#hash_26f56c378c01a124
xmodelmesh,#hash_26f62ee191c27b95
xmodelmesh,#hash_270b786afd56d06a
xmodelmesh,#hash_270bb0bc28019d6e
xmodelmesh,#hash_270ec66149972652
xmodelmesh,#hash_2711b8c7fdba26cd
xmodelmesh,#hash_2714fb9133c32070
xmodelmesh,#hash_2718c0446799505b
xmodelmesh,#hash_2724e6c80b075449
xmodelmesh,#hash_272553b20b6ee753
xmodelmesh,#hash_272cd149ad4ef004
xmodelmesh,#hash_273355f69bc65c75
xmodelmesh,#hash_2737821d80f701d0
xmodelmesh,#hash_273faa82c80211a1
xmodelmesh,#hash_2746d65b01a13995
xmodelmesh,#hash_274d5ad4cc9de10a
xmodelmesh,#hash_274e05db40a6484a
xmodelmesh,#hash_2763e837a5a5a210
xmodelmesh,#hash_278858a15ad57a36
xmodelmesh,#hash_2789d38773947da7
xmodelmesh,#hash_278a6cacf76dd5ea
xmodelmesh,#hash_278fc53d416eed1c
xmodelmesh,#hash_27903ebf1787a520
xmodelmesh,#hash_279657b51d895837
xmodelmesh,#hash_27aa5eb48f732b54
xmodelmesh,#hash_27b74465eae58c8f
xmodelmesh,#hash_27b82a53369abc6c
xmodelmesh,#hash_27bb8d0349d28a5c
xmodelmesh,#hash_27bc2ac28f9ba96b
xmodelmesh,#hash_27be1137b698f64b
xmodelmesh,d#hash_27bf9fb8ff2cad40
xmodelmesh,#hash_27c7fde2dc2315f0
xmodelmesh,#hash_27cbd7df25503068
xmodelmesh,#hash_27d0286cafa72431
xmodelmesh,#hash_27d59b03887f23e7
xmodelmesh,d#hash_27dba240bc09868f
xmodelmesh,#hash_27dba8913c8ae0f9
xmodelmesh,#hash_27de45bcc2ec9e2d
xmodelmesh,#hash_27e1eba9367e96f1
xmodelmesh,#hash_27ec5c367989cb1f
xmodelmesh,#hash_27f12b9b2f5e5a0e
xmodelmesh,#hash_27faa2f601de0aa7
xmodelmesh,#hash_28030f3ea799cbc7
xmodelmesh,#hash_2809c19e93dee2f9
xmodelmesh,#hash_280f65deb4547a24
xmodelmesh,#hash_28158b17de5a2c5e
xmodelmesh,#hash_281d0f3779796fea
xmodelmesh,#hash_281f888672b0d7ef
xmodelmesh,#hash_2829e9185b022a38
xmodelmesh,#hash_28301d441f906837
xmodelmesh,#hash_28388ec559679f09
xmodelmesh,d#hash_2838f489d2123665
xmodelmesh,#hash_2839fcae8aada5ab
xmodelmesh,#hash_283ba7d996fd552d
xmodelmesh,#hash_283d7af4cfd71d0d
xmodelmesh,#hash_28459b84971af32e
xmodelmesh,#hash_284634891189ab8b
xmodelmesh,#hash_2849d73068633919
xmodelmesh,#hash_284bfd3c66689e6b
xmodelmesh,d#hash_2855b0950b308d4b
xmodelmesh,#hash_285869a788b1a17e
xmodelmesh,#hash_285b2bc866c59aa6
xmodelmesh,#hash_28650b260742ca28
xmodelmesh,#hash_286d3d7f23846369
xmodelmesh,#hash_2878883a79b71f8f
xmodelmesh,#hash_28792da3c7305e03
xmodelmesh,#hash_287db536657f7e4d
xmodelmesh,#hash_2888ce45f5256ff5
xmodelmesh,#hash_288f9107bbc8e443
xmodelmesh,#hash_2891a57f120015f9
xmodelmesh,#hash_28951570840d20d9
xmodelmesh,#hash_289f5133ce4a4cf2
xmodelmesh,#hash_28a4a46f0145a120
xmodelmesh,#hash_28a4c720f066866b
xmodelmesh,#hash_28ae0bc024c1b6e8
xmodelmesh,#hash_28b291d7181bd31a
xmodelmesh,#hash_28b644e3820b3bd0
xmodelmesh,#hash_28c7bea1788a5d75
xmodelmesh,#hash_28d4c1749ca809f0
xmodelmesh,#hash_28d5212cc1936797
xmodelmesh,#hash_28da183ab1d6533d
xmodelmesh,#hash_28e36eed71ef80d6
xmodelmesh,#hash_28e9a2c85720b1f3
xmodelmesh,#hash_28ec8579a0407801
xmodelmesh,#hash_28f8b28ef75e1a45
xmodelmesh,#hash_28f990c4678ff1c8
xmodelmesh,#hash_28fbd2d5c6ea4d5c
xmodelmesh,#hash_28feff7f154c958c
xmodelmesh,#hash_29015688796acae4
xmodelmesh,#hash_29096bd71679a704
xmodelmesh,#hash_2915f9c8a521bae9
xmodelmesh,#hash_29200a31eec6916c
xmodelmesh,d#hash_292335727afd43c4
xmodelmesh,#hash_29244ef771ad1022
xmodelmesh,#hash_292743edab7ab420
xmodelmesh,#hash_293dbeac5a70fe95
xmodelmesh,#hash_294c30e747b3b7e5
xmodelmesh,#hash_294c762f9f2a94d6
xmodelmesh,#hash_29576abfb9d81b99
xmodelmesh,#hash_2971810d5123d596
xmodelmesh,d#hash_2974f88209509992
xmodelmesh,#hash_297cba0b14a3738f
xmodelmesh,#hash_298a32c16169421d
xmodelmesh,#hash_298f9a60fd0faf6e
xmodelmesh,#hash_299831a814cf5ceb
xmodelmesh,d#hash_299c19382a62c0a4
xmodelmesh,#hash_299cd96f4e61a6e0
xmodelmesh,#hash_299ed560bf254568
xmodelmesh,#hash_29aa7d62e9e16872
xmodelmesh,#hash_29ac79d7f96b5fa6
xmodelmesh,#hash_29b7076e0252a077
xmodelmesh,#hash_29bf54632c2339ce
xmodelmesh,#hash_29cbb2755b9939cd
xmodelmesh,#hash_29cf858547a99514
xmodelmesh,#hash_29d4b7094981b1bc
xmodelmesh,#hash_29e1a32171f1c11e
xmodelmesh,#hash_29e6832d0bec6e23
xmodelmesh,#hash_29ea664b5ee95988
xmodelmesh,#hash_29f4b9c58c923ab5
xmodelmesh,#hash_29f554706b9ccd65
xmodelmesh,#hash_2a034ee3e73985a7
xmodelmesh,#hash_2a04701fe8ba7b5f
xmodelmesh,#hash_2a095a5a70e1e47e
xmodelmesh,#hash_2a0aecd07ee0db42
xmodelmesh,#hash_2a0c77b973bc36a3
xmodelmesh,#hash_2a0da0c8ae1fdb67
xmodelmesh,#hash_2a0f233a30a93219
xmodelmesh,#hash_2a1b262cff813e32
xmodelmesh,#hash_2a1db3eabe4cf49e
xmodelmesh,#hash_2a21575a10f211c6
xmodelmesh,#hash_2a218ceb5b13b2bf
xmodelmesh,#hash_2a26cc349803a91f
xmodelmesh,#hash_2a329c2ac37ff5c2
xmodelmesh,#hash_2a3455e543fec4aa
xmodelmesh,#hash_2a35640089194398
xmodelmesh,#hash_2a36c5d30f99b57c
xmodelmesh,#hash_2a3975fabf22717c
xmodelmesh,#hash_2a3b82f162975662
xmodelmesh,#hash_2a3f707c2730cfb7
xmodelmesh,#hash_2a7832c022158ecf
xmodelmesh,#hash_2a7a2a35e8c3f33f
xmodelmesh,#hash_2a7ac7531f17d17f
xmodelmesh,#hash_2a7efd45001adea5
xmodelmesh,#hash_2a8fff290f674c2e
xmodelmesh,#hash_2a951144bac11dbe
xmodelmesh,#hash_2a988844b9f5cd35
xmodelmesh,#hash_2aa3a82c09b26b72
xmodelmesh,#hash_2aa3ac60973a9de4
xmodelmesh,#hash_2aa9cdb19cbf191f
xmodelmesh,#hash_2ab68dd3239a6294
xmodelmesh,#hash_2ab940d79c878321
xmodelmesh,#hash_2abb3cc3a6408a8c
xmodelmesh,#hash_2ac5b397dbdc83fe
xmodelmesh,#hash_2ac6a60e7311aa3d
xmodelmesh,#hash_2ac8adb0230f74d0
xmodelmesh,#hash_2ac8cd960bd64797
xmodelmesh,#hash_2ad1a4441921f4e1
xmodelmesh,#hash_2ad79c58ac8ed57e
xmodelmesh,#hash_2ae504cd125f47f8
xmodelmesh,#hash_2aebf160b64587d5
xmodelmesh,#hash_2af13121d461c689
xmodelmesh,#hash_2afcde1beaae8014
xmodelmesh,#hash_2afcf23020c744b6
xmodelmesh,#hash_2afd879cc7ebeb61
xmodelmesh,#hash_2b01da0c65dfa2da
xmodelmesh,#hash_2b023544647f50dc
xmodelmesh,#hash_2b124f386750ef71
xmodelmesh,#hash_2b17857eff240566
xmodelmesh,#hash_2b19ba74b63d714a
xmodelmesh,#hash_2b1b6fb1780cb80d
xmodelmesh,#hash_2b1ea117d19ce2ae
xmodelmesh,#hash_2b21e5e751a47df4
xmodelmesh,#hash_2b2626226ce6993f
xmodelmesh,#hash_2b2715cf29b8675d
xmodelmesh,#hash_2b2803ca13dc3170
xmodelmesh,#hash_2b28ce55af0872dc
xmodelmesh,#hash_2b29ef80a5d01fc3
xmodelmesh,#hash_2b3083a4b7748668
xmodelmesh,#hash_2b344b0782a2d5fa
xmodelmesh,#hash_2b402b6044592443
xmodelmesh,d#hash_2b458db905520f9b
xmodelmesh,#hash_2b48d926466d644e
xmodelmesh,#hash_2b59583e56763892
xmodelmesh,#hash_2b5f73463397bbc6
xmodelmesh,#hash_2b608ba9ea07a7c2
xmodelmesh,#hash_2b628fe7b7401a6c
xmodelmesh,#hash_2b6e62227c48b837
xmodelmesh,#hash_2b6fa71930fcdfd4
xmodelmesh,#hash_2b791aa009f18640
xmodelmesh,#hash_2b7beeb92eb151fe
xmodelmesh,#hash_2b8432e52a84e7a0
xmodelmesh,#hash_2b8af557908a037e
xmodelmesh,#hash_2b8c1fbde4676b78
xmodelmesh,#hash_2b8f64a693522884
xmodelmesh,#hash_2b91f5edf136070b
xmodelmesh,#hash_2b94d0f4f8a21c4b
xmodelmesh,#hash_2ba71f52db02aa60
xmodelmesh,#hash_2bad289220d2d754
xmodelmesh,#hash_2baeeb44ef3b2195
xmodelmesh,#hash_2bb212f0f0b9b81b
xmodelmesh,#hash_2bb7a94b600ee131
xmodelmesh,#hash_2bbadc8d3843efeb
xmodelmesh,#hash_2bc07782afa3d0c9
xmodelmesh,#hash_2bc2396913c56818
xmodelmesh,#hash_2bca5bfe5f1d722c
xmodelmesh,#hash_2bd41ee08e6d6d3d
xmodelmesh,#hash_2bd83d5b6f450dbe
xmodelmesh,d#hash_2be229d8a536d3c2
xmodelmesh,#hash_2be5de68af87cab3
xmodelmesh,#hash_2be7773fcbe69aa5
xmodelmesh,#hash_2beb147063787d17
xmodelmesh,#hash_2bebd06747a0ebef
xmodelmesh,#hash_2bf5236d0eaf318b
xmodelmesh,#hash_2bf7534eea2156ae
xmodelmesh,#hash_2bfc3d455397c9b0
xmodelmesh,#hash_2c072196266e03e9
xmodelmesh,#hash_2c07f09e0b96a8a0
xmodelmesh,d#hash_2c0875279a5aaf79
xmodelmesh,#hash_2c0b93b8a660bf3a
xmodelmesh,d#hash_2c165c9cd844c453
xmodelmesh,#hash_2c1c01dfab357804
xmodelmesh,#hash_2c26bf5bdec26c13
xmodelmesh,#hash_2c3487e1a88fb8c0
xmodelmesh,d#hash_2c39560d83de66c9
xmodelmesh,#hash_2c4053ebc69e994e
xmodelmesh,#hash_2c4594d640f8f57f
xmodelmesh,#hash_2c470bcc32d7c041
xmodelmesh,#hash_2c4a3af253de04bb
xmodelmesh,#hash_2c4d1232212bc91f
xmodelmesh,#hash_2c57f45668019cf2
xmodelmesh,#hash_2c5c210657732420
xmodelmesh,d#hash_2c5cd6ec6f7c6447
xmodelmesh,#hash_2c5f0301de45a02b
xmodelmesh,#hash_2c6e8bc1d2c09ae2
xmodelmesh,#hash_2c73854fd65f0668
xmodelmesh,#hash_2c752ad6a591a0a2
xmodelmesh,d#hash_2c75858eac4f6a7d
xmodelmesh,#hash_2c7b99ad969ee436
xmodelmesh,#hash_2c7cdb0ac8c4cab2
xmodelmesh,#hash_2c80728a311d0cca
xmodelmesh,#hash_2c83e31daebdeae8
xmodelmesh,#hash_2c877a420359e32d
xmodelmesh,#hash_2c91d07d6dd909ec
xmodelmesh,#hash_2c98c895e38da7a8
xmodelmesh,#hash_2c9917d290b1ed5b
xmodelmesh,d#hash_2c9c3b27fe34b8a9
xmodelmesh,#hash_2ca8cae68d960cd3
xmodelmesh,#hash_2cafb922e7b8a628
xmodelmesh,#hash_2cc0d915ad65aa58
xmodelmesh,#hash_2cc2cf929d9d61e5
xmodelmesh,#hash_2cc5aa2af67bfcaa
xmodelmesh,#hash_2cc5e2a52a20fbd5
xmodelmesh,#hash_2cc632841e894c02
xmodelmesh,#hash_2ccc1a307e3165fb
xmodelmesh,#hash_2ccfef26fdc4e69c
xmodelmesh,#hash_2cd01990ff56d1c9
xmodelmesh,#hash_2cdb2809c3b72c80
xmodelmesh,#hash_2ce61c719ec02116
xmodelmesh,#hash_2ceee6d2337d65a2
xmodelmesh,#hash_2cf0891e1c2040a6
xmodelmesh,#hash_2cf12f16f18103da
xmodelmesh,#hash_2cf46b3ab6ab51e9
xmodelmesh,#hash_2cfce1a2150f7e5e
xmodelmesh,#hash_2cfe951718a4f328
xmodelmesh,#hash_2d05ad9a3b10c0d0
xmodelmesh,#hash_2d08483ae070e322
xmodelmesh,#hash_2d0bccc9f4528322
xmodelmesh,#hash_2d0d4ccb02563acf
xmodelmesh,#hash_2d10b0925de5c0d4
xmodelmesh,#hash_2d1445abfd8cec07
xmodelmesh,#hash_2d193e755b372444
xmodelmesh,#hash_2d1a038a0a1e94fd
xmodelmesh,#hash_2d24d67c16376c6f
xmodelmesh,#hash_2d265db4fa2a52a1
xmodelmesh,#hash_2d294593173e7270
xmodelmesh,#hash_2d319f855e37b5f9
xmodelmesh,#hash_2d347d2b77683bdc
xmodelmesh,#hash_2d34bdb4907fbb6c
xmodelmesh,#hash_2d3996617f6e6092
xmodelmesh,#hash_2d3a695c62d16c0a
xmodelmesh,#hash_2d3fcf707ffa0407
xmodelmesh,#hash_2d40ffd1cab09fc6
xmodelmesh,#hash_2d4240e104f0bc42
xmodelmesh,#hash_2d4ac5187a4b41b4
xmodelmesh,#hash_2d5136005d1b83ba
xmodelmesh,#hash_2d5341b98b1a45c7
xmodelmesh,#hash_2d5b76c8a3b7e9ac
xmodelmesh,#hash_2d610ee4c58bee56
xmodelmesh,#hash_2d6e34e8303034d3
xmodelmesh,#hash_2d6f65be8605a563
xmodelmesh,#hash_2d721121447073e7
xmodelmesh,#hash_2d72ff2db913b130
xmodelmesh,#hash_2d7661a540715179
xmodelmesh,#hash_2d79ed99e6a300bd
xmodelmesh,#hash_2d81bfedeb8c8d8e
xmodelmesh,#hash_2d87deed8db0c530
xmodelmesh,#hash_2d91d46f34651cca
xmodelmesh,#hash_2d925279f74c778f
xmodelmesh,#hash_2d9342395419048c
xmodelmesh,#hash_2d96486971e85ecc
xmodelmesh,#hash_2d9e7e8ea5397c12
xmodelmesh,#hash_2da159a06e3eaf0d
xmodelmesh,#hash_2dadb7681b385cb3
xmodelmesh,#hash_2db2fa3bcbbc4823
xmodelmesh,#hash_2db3c80645c76816
xmodelmesh,#hash_2dbb6988f69be774
xmodelmesh,#hash_2dc3aeb0693921c5
xmodelmesh,d#hash_2dc7823c32457b13
xmodelmesh,#hash_2dc89fa62569ac8a
xmodelmesh,#hash_2dc94b1af8517ede
xmodelmesh,#hash_2dcefe69b3f9e349
xmodelmesh,#hash_2dd40403ab5b7d96
xmodelmesh,#hash_2dd671770fd4d29d
xmodelmesh,#hash_2dddb86b8d272006
xmodelmesh,#hash_2de4792d44eb6b2a
xmodelmesh,#hash_2de97cb81df9f1ff
xmodelmesh,d#hash_2df110d2a62a5028
xmodelmesh,#hash_2df791cd13469ec2
xmodelmesh,#hash_2e041c21532dfd8b
xmodelmesh,#hash_2e046238c55a1136
xmodelmesh,d#hash_2e17d96fd12dc508
xmodelmesh,#hash_2e180a32ea1152d2
xmodelmesh,#hash_2e1ea3b23dd5d11c
xmodelmesh,#hash_2e25aa2a671f42e8
xmodelmesh,#hash_2e269836a2355d74
xmodelmesh,#hash_2e28e94c3d68b604
xmodelmesh,#hash_2e30dce239ed0135
xmodelmesh,#hash_2e33f74f692de913
xmodelmesh,#hash_2e3fb7bf6712322f
xmodelmesh,#hash_2e49dc196ba6b02f
xmodelmesh,#hash_2e4a256bd505fbe0
xmodelmesh,#hash_2e4ba2fb216618c4
xmodelmesh,#hash_2e53daee92e96dcf
xmodelmesh,#hash_2e545d3dd08445ae
xmodelmesh,#hash_2e55ce848ce6cdea
xmodelmesh,#hash_2e594688c60ea2c5
xmodelmesh,#hash_2e65e27c79edf5bf
xmodelmesh,#hash_2e6b7227cee0d093
xmodelmesh,#hash_2e735f1f9af40352
xmodelmesh,#hash_2e736f34f0421c05
xmodelmesh,d#hash_2e7dede1136b87e3
xmodelmesh,#hash_2e81ee0b25702509
xmodelmesh,#hash_2e824f2d952b13d1
xmodelmesh,#hash_2e826e56adad1b1a
xmodelmesh,d#hash_2e8a2bec7252abae
xmodelmesh,#hash_2e8fa80d83edd135
xmodelmesh,#hash_2e9c7e7235deeb88
xmodelmesh,#hash_2e9e7143e137de2b
xmodelmesh,#hash_2ea8e3e364e12f7c
xmodelmesh,#hash_2eaafc8f8a156cdd
xmodelmesh,#hash_2eada1942bb42216
xmodelmesh,#hash_2eaf8cc630d66870
xmodelmesh,#hash_2eb2741565a4acce
xmodelmesh,#hash_2eb959d4f4917c26
xmodelmesh,#hash_2ebca9143541d6b8
xmodelmesh,#hash_2ee14b1e4706c378
xmodelmesh,#hash_2ee1e3e4cda658a0
xmodelmesh,#hash_2ee2b2fd24fcea35
xmodelmesh,#hash_2ee519639dc4c73d
xmodelmesh,#hash_2ee7eb9b1d3edde2
xmodelmesh,#hash_2ef4b63d028cef3c
xmodelmesh,#hash_2ef90cdc1a37ce56
xmodelmesh,#hash_2efa79ae793c26cc
xmodelmesh,#hash_2efb402f15d46b9b
xmodelmesh,#hash_2effc6642f7c90fc
xmodelmesh,#hash_2f0853b5e823bc81
xmodelmesh,#hash_2f1c0ff3fc70a215
xmodelmesh,#hash_2f1cfa11cab543c9
xmodelmesh,#hash_2f21480c856f93c0
xmodelmesh,#hash_2f28a3dd814aa622
xmodelmesh,#hash_2f2c2b4f93cd6bcd
xmodelmesh,#hash_2f2e8ae2952abe9d
xmodelmesh,#hash_2f3f8b92d59ce72e
xmodelmesh,#hash_2f4a9ee7df0b3801
xmodelmesh,#hash_2f4f3c4dc860f160
xmodelmesh,#hash_2f50a9e4af3622e2
xmodelmesh,#hash_2f60ee201bc8c2a6
xmodelmesh,#hash_2f62d1b380d20b4b
xmodelmesh,#hash_2f6f624713e5e1ac
xmodelmesh,#hash_2f742cd6d110b2ed
xmodelmesh,#hash_2f7f6330ea6ba17f
xmodelmesh,#hash_2f80d1c6ed35d7a9
xmodelmesh,#hash_2f814d79a5f4bd31
xmodelmesh,#hash_2f8aab6e59e4a9f3
xmodelmesh,#hash_2f8f178309786e23
xmodelmesh,#hash_2f8f2e2b291abc85
xmodelmesh,#hash_2f9664de7da93c7e
xmodelmesh,#hash_2f9b8e506f0d341f
xmodelmesh,#hash_2fa99ede24277f4a
xmodelmesh,#hash_2faa86031cefc5eb
xmodelmesh,#hash_2faaebf4fb572d1a
xmodelmesh,#hash_2fab113438f9ae4d
xmodelmesh,#hash_2facab79f42e7e3a
xmodelmesh,#hash_2fb0f92c8d6dcc61
xmodelmesh,#hash_2fb71c8e28666a19
xmodelmesh,#hash_2fbe445b8073b5d6
xmodelmesh,#hash_2fc091b33a8bbd86
xmodelmesh,#hash_2fcbea83484acdaf
xmodelmesh,#hash_2fcd31ef888d3da9
xmodelmesh,#hash_2fd820623ef403b4
xmodelmesh,#hash_2fdf454fec5700ec
xmodelmesh,#hash_2fe77abf90e12add
xmodelmesh,#hash_2fef14dbcf4977f5
xmodelmesh,#hash_2ff1c2a01f36e802
xmodelmesh,#hash_2ff379a2fe517c42
xmodelmesh,#hash_2ff7dca7d271d15b
xmodelmesh,#hash_2ffeb4ad66917b6c
xmodelmesh,#hash_2ffffd43ff151320
xmodelmesh,#hash_3006250f953103c4
xmodelmesh,#hash_3014a73210ade18c
xmodelmesh,#hash_3016aae17d0ed7c2
xmodelmesh,#hash_301c461ca80475fe
xmodelmesh,#hash_301ec8ecb79cfa97
xmodelmesh,#hash_3023425b705f2e76
xmodelmesh,#hash_30236a265bd8d42b
xmodelmesh,#hash_3026ba4597ba6f37
xmodelmesh,d#hash_302c679a5fbda044
xmodelmesh,#hash_30377dc696015962
xmodelmesh,#hash_3047c09c25ac796e
xmodelmesh,#hash_305064ad6aca0bbf
xmodelmesh,d#hash_305ed8a40cdab2c2
xmodelmesh,#hash_306301d578143b65
xmodelmesh,#hash_30648b1f43d6595e
xmodelmesh,#hash_30667f1affe95e4e
xmodelmesh,#hash_306af51fd3f64cf1
xmodelmesh,#hash_307305bb9886576a
xmodelmesh,#hash_307bb735e59146f4
xmodelmesh,#hash_308042d5660b3a5c
xmodelmesh,#hash_3081d04b702d0e28
xmodelmesh,#hash_30855bcabc1067f0
xmodelmesh,#hash_3089d1180fb57d9f
xmodelmesh,d#hash_308a6f8c52e78004
xmodelmesh,#hash_308dcc4b5407fc6f
xmodelmesh,#hash_30939a581a2dbe89
xmodelmesh,#hash_3097667b31b7701f
xmodelmesh,#hash_30a464c39eea778d
xmodelmesh,#hash_30b2f0ce342ce666
xmodelmesh,#hash_30b96ad70d8e1adf
xmodelmesh,#hash_30be0558e960856e
xmodelmesh,#hash_30c0388240337946
xmodelmesh,#hash_30c06368e1f39a28
xmodelmesh,d#hash_30c532712e6f0c11
xmodelmesh,#hash_30c8cbc2e67113f0
xmodelmesh,#hash_30d150fefd5f1410
xmodelmesh,#hash_30d407a8c6f40930
xmodelmesh,#hash_30ee813b500a10c2
xmodelmesh,#hash_30f13c0411a54b57
xmodelmesh,#hash_3105ae4491189df9
xmodelmesh,#hash_310d60393b5d0dae
xmodelmesh,#hash_3120d98190bcf164
xmodelmesh,#hash_31272d5ca21019bc
xmodelmesh,#hash_31404d5729811635
xmodelmesh,#hash_314ac9718500e7d0
xmodelmesh,#hash_315bc274b20ab169
xmodelmesh,#hash_31619e49782308f4
xmodelmesh,#hash_31677865f82d6dbc
xmodelmesh,d#hash_31686379bc913c32
xmodelmesh,#hash_316899b03dbf418a
xmodelmesh,#hash_31713ab43df420bf
xmodelmesh,#hash_318295ad37e1a5cf
xmodelmesh,#hash_318f2bc3bf7a23a0
xmodelmesh,#hash_318fa783945ea1ce
xmodelmesh,#hash_3192c4dfa978682e
xmodelmesh,#hash_319d762ddbdb9526
xmodelmesh,#hash_319dccd4c605b04d
xmodelmesh,#hash_31a4f2fda127617c
xmodelmesh,#hash_31aa0fc57631030d
xmodelmesh,#hash_31b53bf8d7507204
xmodelmesh,#hash_31b877dfd5f90556
xmodelmesh,#hash_31bbaabda8fd6ee3
xmodelmesh,#hash_31bd46ec724edcee
xmodelmesh,#hash_31c7a0cf778eb03f
xmodelmesh,#hash_31c9d0e490963584
xmodelmesh,#hash_31cce2595d066041
xmodelmesh,#hash_31d5ea53b1c6dce0
xmodelmesh,#hash_31ea361ef621fa5d
xmodelmesh,#hash_31fcde6f14344d41
xmodelmesh,#hash_31fef903eb7482f3
xmodelmesh,#hash_320261f8117c9f82
xmodelmesh,#hash_320312323fa3a616
xmodelmesh,#hash_320964210091275f
xmodelmesh,#hash_320b421b41f517a5
xmodelmesh,#hash_320c1264f1eeffa6
xmodelmesh,d#hash_32119d981de48a18
xmodelmesh,d#hash_322440ede7da89dc
xmodelmesh,#hash_322899114226f471
xmodelmesh,#hash_322fc1489d950363
xmodelmesh,#hash_322ff61463958a93
xmodelmesh,#hash_3230d19147c2f9bf
xmodelmesh,#hash_323a86fe30456233
xmodelmesh,#hash_323c33e63db5d8ed
xmodelmesh,#hash_323e922f1ba180d0
xmodelmesh,#hash_3249f5a0113fd71e
xmodelmesh,#hash_324a4a6cd14fc53f
xmodelmesh,#hash_324a98985c462ab8
xmodelmesh,d#hash_324bfb737eb8d604
xmodelmesh,#hash_324fc54281b3f920
xmodelmesh,#hash_32593b2defb371d5
xmodelmesh,#hash_325bb3db2b7900f9
xmodelmesh,#hash_325dd790c040eb13
xmodelmesh,#hash_325f8586d36e7937
xmodelmesh,#hash_3267084da935d678
xmodelmesh,#hash_32676a2e014e188b
xmodelmesh,#hash_3267e21a3d22d2ae
xmodelmesh,#hash_3279cc2af62ee366
xmodelmesh,#hash_327c59c187843a9b
xmodelmesh,#hash_327dcbae0866e27c
xmodelmesh,#hash_327e4b9f779a7a21
xmodelmesh,#hash_32846c53d5150cd7
xmodelmesh,#hash_3287fad27ce374b9
xmodelmesh,#hash_32954949d69742c5
xmodelmesh,#hash_3297159f7b1e60dc
xmodelmesh,#hash_329c493a55488876
xmodelmesh,#hash_32a7471b6f7303de
xmodelmesh,#hash_32b5e5d4a4c19388
xmodelmesh,#hash_32b6626e8a91e286
xmodelmesh,#hash_32be27fa55d01d0e
xmodelmesh,#hash_32c62ded6a98817d
xmodelmesh,#hash_32c82923d5967407
xmodelmesh,#hash_32c9dbfe3dec23d3
xmodelmesh,#hash_32cb329c6ab043eb
xmodelmesh,#hash_32d04c4585f79968
xmodelmesh,#hash_32d0718c3ed58819
xmodelmesh,#hash_32d08cc3724ef515
xmodelmesh,#hash_32d10ba432c73853
xmodelmesh,#hash_32e2e54d8c867632
xmodelmesh,#hash_32e8b1dbac23ab6d
xmodelmesh,#hash_32f129ff4e3f3e43
xmodelmesh,#hash_32fc9afa28cb6a9e
xmodelmesh,#hash_32fde016dfafd2aa
xmodelmesh,#hash_32ff01ff94ca01d1
xmodelmesh,#hash_330a5cfd980b0359
xmodelmesh,#hash_330ef57ff5cb2d67
xmodelmesh,#hash_3316ad38b4a3cd27
xmodelmesh,#hash_3319467506bbfef0
xmodelmesh,#hash_33221d2f916daa4c
xmodelmesh,#hash_33233eff1a710e9c
xmodelmesh,#hash_33235fa4e96a106b
xmodelmesh,#hash_3327a8e522f62ec6
xmodelmesh,#hash_3327d63ce13532fd
xmodelmesh,#hash_3330d0c1707c6092
xmodelmesh,#hash_3333c18db58841ca
xmodelmesh,d#hash_3335f16e48577b87
xmodelmesh,#hash_3336a6a346bb98cf
xmodelmesh,#hash_3337d32feffefaee
xmodelmesh,#hash_333a3e7935509d9a
xmodelmesh,#hash_3345ce36413dc5b7
xmodelmesh,#hash_334a2112b4b96af2
xmodelmesh,#hash_3352a4f17b3f1551
xmodelmesh,#hash_33542a471944a828
xmodelmesh,#hash_3354630b883df96d
xmodelmesh,#hash_3359b3b7d98ddcbb
xmodelmesh,#hash_3366eca7b060edd4
xmodelmesh,#hash_33746d7fe82e888b
xmodelmesh,#hash_337642e993268cf5
xmodelmesh,#hash_337b014bc9da13ff
xmodelmesh,#hash_3381ebd595e4ce10
xmodelmesh,#hash_3381f8bb69847c63
xmodelmesh,#hash_3384635e43bb099a
xmodelmesh,#hash_33860bb312ac48a1
xmodelmesh,#hash_33877a45fc2971d0
xmodelmesh,#hash_3396151ca88c9a8f
xmodelmesh,#hash_33a477175fe6bea2
xmodelmesh,#hash_33a9197d9ff3a135
xmodelmesh,#hash_33a97368361b27ad
xmodelmesh,d#hash_33aa17b1f503db5b
xmodelmesh,#hash_33b531a0d94d5451
xmodelmesh,#hash_33c35923d4576b82
xmodelmesh,#hash_33cf4b79d73d3b56
xmodelmesh,d#hash_33d07757ff757285
xmodelmesh,#hash_33d1a18ec85f8e83
xmodelmesh,#hash_33d7257739dadabc
xmodelmesh,#hash_33e09034c4f02ad3
xmodelmesh,#hash_33e2c2cce5a78145
xmodelmesh,#hash_33f94c08ed8dee9d
xmodelmesh,#hash_340004e30971000e
xmodelmesh,#hash_3400f3835dfc9fdc
xmodelmesh,#hash_3402136adcdf9562
xmodelmesh,#hash_340fb5400745b609
xmodelmesh,#hash_3411cba8089bdcbd
xmodelmesh,#hash_341830e05d7bf31e
xmodelmesh,#hash_341c791cdfbe6e11
xmodelmesh,#hash_341f3e484e1e67d9
xmodelmesh,#hash_3426e00f4bd7f1e3
xmodelmesh,#hash_342cf9668783ab80
xmodelmesh,#hash_342f5a3d27136099
xmodelmesh,#hash_3431afdda9c2c580
xmodelmesh,#hash_343508c628958d84
xmodelmesh,#hash_3439bdfa566d39bf
xmodelmesh,#hash_344b509474e0476a
xmodelmesh,#hash_345330bc30da0240
xmodelmesh,#hash_3453e0e92abcc804
xmodelmesh,d#hash_346667a20c702dd3
xmodelmesh,#hash_346cfda78b7c2d6e
xmodelmesh,#hash_3477e2cf07ddf00b
xmodelmesh,#hash_34901d31a95f1cea
xmodelmesh,#hash_3497ad4b4eb76c7e
xmodelmesh,#hash_34a22ae1424e8902
xmodelmesh,#hash_34a4e8c1f01855c5
xmodelmesh,#hash_34ab6e98f0606c89
xmodelmesh,#hash_34b7a63c3a7683a2
xmodelmesh,#hash_34b95e944d3cfd4c
xmodelmesh,#hash_34c2649d7dc588f3
xmodelmesh,#hash_34ce161afae77432
xmodelmesh,#hash_34cf35afa1b4cd79
xmodelmesh,#hash_34d0ca3e7b895364
xmodelmesh,#hash_34d1ce6eaf90e53f
xmodelmesh,#hash_34d5e40d93ffdcb4
xmodelmesh,#hash_34d6a3429f7393b8
xmodelmesh,#hash_34d7478f39a9b17b
xmodelmesh,#hash_34d948003a395204
xmodelmesh,#hash_34dd1e87a4c73e29
xmodelmesh,#hash_34e6c6b4e26adc63
xmodelmesh,#hash_34e79727725a6151
xmodelmesh,#hash_34f2316f15b9153d
xmodelmesh,#hash_34fb50c3e3789115
xmodelmesh,#hash_34fd35dbb57614f9
xmodelmesh,#hash_35088b08cfd26c9d
xmodelmesh,#hash_350929f40df1b439
xmodelmesh,#hash_350c1a424cc7d032
xmodelmesh,#hash_350cd3e41f0da0d1
xmodelmesh,#hash_3511287c2dde552c
xmodelmesh,#hash_3516dd9780a56f0f
xmodelmesh,#hash_351c8fe21f361a8f
xmodelmesh,#hash_352a87414b1c78a3
xmodelmesh,#hash_35354fd9b2736fd7
xmodelmesh,#hash_353bd1da164cc542
xmodelmesh,#hash_353ca48a9b94b8fe
xmodelmesh,#hash_3545b8417e84f10c
xmodelmesh,#hash_3548e27ea749f297
xmodelmesh,#hash_355cd7f745348644
xmodelmesh,#hash_355f9b247380247d
xmodelmesh,#hash_35694763293df760
xmodelmesh,d#hash_356c9bff8256ce3e
xmodelmesh,#hash_356d0e2ad169d132
xmodelmesh,#hash_357e680f28e56d76
xmodelmesh,#hash_357ec8410b3ee654
xmodelmesh,#hash_358705bfbc0b74ff
xmodelmesh,#hash_3587f4f5965346e5
xmodelmesh,#hash_35881bcf4568c4fa
xmodelmesh,#hash_358ecac4af0536ba
xmodelmesh,#hash_3591166ddb73075c
xmodelmesh,#hash_35922eb62c635666
xmodelmesh,#hash_35979b2fd70edb6f
xmodelmesh,#hash_3598cc2619b084d8
xmodelmesh,#hash_35a72b161561daeb
xmodelmesh,#hash_35a8e6aa21857289
xmodelmesh,#hash_35b95c31b65ac60c
xmodelmesh,#hash_35bb596b71346632
xmodelmesh,#hash_35c24688758acd90
xmodelmesh,#hash_35cacdc6c8a731e8
xmodelmesh,#hash_35ccd1375fb8263e
xmodelmesh,#hash_35d3c2ab1a148139
xmodelmesh,#hash_35d8a0d750c6a0a2
xmodelmesh,#hash_35dc65fb4bbeb11f
xmodelmesh,#hash_35dccf2d33a7854d
xmodelmesh,#hash_35eba7e9cd08a832
xmodelmesh,#hash_35f0227eea030ccd
xmodelmesh,#hash_35f26556c8b085e9
xmodelmesh,#hash_3600db9760089907
xmodelmesh,#hash_36092f6b7211b21b
xmodelmesh,#hash_360c3c2610fb209d
xmodelmesh,#hash_36191804e881a594
xmodelmesh,#hash_361e5a5cf1c57e9e
xmodelmesh,#hash_3636022ec903f6e2
xmodelmesh,#hash_3640ec8aca34ebd4
xmodelmesh,#hash_364f37187996ea7a
xmodelmesh,#hash_3652521b28910a1a
xmodelmesh,#hash_3657df1f7adec260
xmodelmesh,#hash_365b8e1b33e04d3b
xmodelmesh,#hash_366cd46104c80723
xmodelmesh,#hash_366ced1343ad9d4d
xmodelmesh,#hash_3670ba408ff92ba4
xmodelmesh,#hash_3670c931dd2b0e61
xmodelmesh,#hash_36745e170fe31892
xmodelmesh,d#hash_3677f08a66ccf04d
xmodelmesh,#hash_36790bb852262376
xmodelmesh,#hash_3689a7f1a9b68127
xmodelmesh,#hash_36964806313b05b8
xmodelmesh,#hash_36a4b35cc7b29e81
xmodelmesh,#hash_36af5559caa94e32
xmodelmesh,#hash_36b2589996126782
xmodelmesh,#hash_36b6f5116daae5bc
xmodelmesh,#hash_36bdbe2a1b48825c
xmodelmesh,#hash_36cbea3cc018db9a
xmodelmesh,#hash_36ccadc21cf85e1c
xmodelmesh,#hash_36d354141887b442
xmodelmesh,#hash_36dfa4d023c984b4
xmodelmesh,#hash_36e065c8df5c873f
xmodelmesh,#hash_36eaaf3e5a29443f
xmodelmesh,#hash_36ebc73b42422eac
xmodelmesh,#hash_36ee0ef1edd961af
xmodelmesh,#hash_3729b941333cb938
xmodelmesh,#hash_372adf9196055583
xmodelmesh,#hash_372b091c108050c1
xmodelmesh,#hash_372c0c4200f1f542
xmodelmesh,#hash_373551e8872fa0cc
xmodelmesh,#hash_3739113456b11b16
xmodelmesh,#hash_3745a893b55c4ac5
xmodelmesh,#hash_37492dca26a1c571
xmodelmesh,#hash_374ad436f35d752d
xmodelmesh,#hash_37584c128fc9ef08
xmodelmesh,#hash_375b5de0d47aa921
xmodelmesh,#hash_375ca11cbf3a41e4
xmodelmesh,#hash_375d40ec39ff298f
xmodelmesh,#hash_376d5debaa40e3a8
xmodelmesh,#hash_376ef6ee263cb609
xmodelmesh,#hash_377ea12a25e59897
xmodelmesh,#hash_3787e659f4ded006
xmodelmesh,#hash_378a90ac55f38bf6
xmodelmesh,#hash_37947035eedf4edc
xmodelmesh,#hash_37a76665f23dace7
xmodelmesh,#hash_37abe3a54174a719
xmodelmesh,d#hash_37bec4522c5a1d69
xmodelmesh,#hash_37c3e089daff5701
xmodelmesh,#hash_37c8b8b09bab21fb
xmodelmesh,#hash_37cd1cd0905ec342
xmodelmesh,d#hash_37ce78e4a7839658
xmodelmesh,#hash_37d814233b84ada8
xmodelmesh,#hash_37dcd900ae2a2473
xmodelmesh,#hash_37dd9db58bc88bf2
xmodelmesh,#hash_37ddab22d0549df7
xmodelmesh,#hash_37e80b023527abac
xmodelmesh,#hash_37e937929f0645c8
xmodelmesh,#hash_37eb4508f1dbdc74
xmodelmesh,#hash_37ee6b71b40fc015
xmodelmesh,#hash_37ef5f270a0787ed
xmodelmesh,#hash_37f217ff22627586
xmodelmesh,#hash_37f2d1d6ec8772d2
xmodelmesh,d#hash_37fa45e92529afb3
xmodelmesh,#hash_37fbb36a34d884ae
xmodelmesh,#hash_380674ed6a2c6d25
xmodelmesh,#hash_3808c2bf6e90f7a8
xmodelmesh,#hash_38163981394516fc
xmodelmesh,#hash_3817499f974f9bf5
xmodelmesh,#hash_38188ffc863e831a
xmodelmesh,#hash_381bddfe9d43b205
xmodelmesh,#hash_381d953356826232
xmodelmesh,#hash_381fd6e561a46fe9
xmodelmesh,#hash_3821c69a79a62c4f
xmodelmesh,#hash_382605fcc5e6a168
xmodelmesh,#hash_38262e91113d3f51
xmodelmesh,#hash_382689c86b5d6253
xmodelmesh,#hash_3827722eda55a896
xmodelmesh,#hash_3828fe2ebc89700f
xmodelmesh,#hash_382a590a58bcedf2
xmodelmesh,#hash_382ab47540f53cd8
xmodelmesh,#hash_382c01030a5777ef
xmodelmesh,#hash_382d8f1173235da8
xmodelmesh,#hash_3835dc314d741958
xmodelmesh,#hash_38365d6841700bab
xmodelmesh,#hash_38432a2deb60ae29
xmodelmesh,#hash_38473a0d5dcf23f6
xmodelmesh,#hash_384e95c3067a159f
xmodelmesh,#hash_38621a68a23acd52
xmodelmesh,#hash_3866aec60330502b
xmodelmesh,#hash_38670a95dee548b7
xmodelmesh,#hash_386a657a97331c6c
xmodelmesh,#hash_3871b20aaf1459ea
xmodelmesh,#hash_387277d20779c455
xmodelmesh,#hash_387952743e8eeb3b
xmodelmesh,#hash_387aa3c5f017872b
xmodelmesh,#hash_3880d04ccbc2f3c7
xmodelmesh,#hash_38828236c1ae8a49
xmodelmesh,#hash_3887fe9669eb2e9b
xmodelmesh,#hash_388b1bd0fa434681
xmodelmesh,#hash_388fe91d41bd7c00
xmodelmesh,#hash_3890531344ccb942
xmodelmesh,#hash_38a0b02e707b2943
xmodelmesh,#hash_38a14aef07194610
xmodelmesh,#hash_38a2dd5d91a68344
xmodelmesh,#hash_38a3353361c36af5
xmodelmesh,#hash_38a953109c1f821a
xmodelmesh,#hash_38aca06d138acbdc
xmodelmesh,#hash_38b26e9cd421a0c4
xmodelmesh,#hash_38bbf4bc4ef7c2c4
xmodelmesh,#hash_38c0a8ff6b50ade9
xmodelmesh,#hash_38c91332af068d02
xmodelmesh,#hash_38cdffb279986fcc
xmodelmesh,#hash_38d1145360b6318e
xmodelmesh,#hash_38d247ef97eb3e39
xmodelmesh,d#hash_38dd009b320df3ba
xmodelmesh,#hash_38e19a6b35b12853
xmodelmesh,#hash_38e75a1500d33a89
xmodelmesh,#hash_38ecc7fd00fc3ada
xmodelmesh,#hash_38f0bc968c8675db
xmodelmesh,#hash_38f294836685b816
xmodelmesh,#hash_38f62a5fa74a7436
xmodelmesh,#hash_38ff3254edb23ebe
xmodelmesh,#hash_390d44fbaaa23a27
xmodelmesh,#hash_391195f3693ef890
xmodelmesh,#hash_3911f0c585f91bae
xmodelmesh,#hash_39168d64de13edc2
xmodelmesh,#hash_3921069d9e45fa44
xmodelmesh,#hash_3925f22265ec1c2b
xmodelmesh,#hash_39266eabd133fc28
xmodelmesh,#hash_3929a059e011b7e9
xmodelmesh,#hash_392fdd3c6175d2a3
xmodelmesh,#hash_394099b0a5159bc2
xmodelmesh,#hash_395758dd3992154e
xmodelmesh,#hash_396628c6d5b3723f
xmodelmesh,#hash_396f5e5f1487492a
xmodelmesh,#hash_39763ae946333b95
xmodelmesh,#hash_39862dd3af8eb4b8
xmodelmesh,#hash_398e2aea1fb01b67
xmodelmesh,#hash_3993eb2d7acb1ca7
xmodelmesh,#hash_3997ca6dca318773
xmodelmesh,#hash_3999e39547bfe3c7
xmodelmesh,#hash_399cfdaf5d1e0182
xmodelmesh,#hash_399f84d5deb9c0af
xmodelmesh,#hash_39a06d245c743ea8
xmodelmesh,#hash_39a0eaae09d86d60
xmodelmesh,#hash_39a33f75457cf898
xmodelmesh,#hash_39b9d72ebcaf77d8
xmodelmesh,#hash_39c9b86137b07663
xmodelmesh,#hash_39d545da66f94618
xmodelmesh,#hash_39e5ee86f5a9dd4d
xmodelmesh,#hash_39eb3c6ce2dd9870
xmodelmesh,#hash_39f31671127ccd19
xmodelmesh,#hash_39f953181a4cede7
xmodelmesh,#hash_39fcfcd1307a9fcb
xmodelmesh,#hash_39fe1df531399de6
xmodelmesh,#hash_3a00a491114940b4
xmodelmesh,#hash_3a03e7fbcff3e54b
xmodelmesh,#hash_3a1519b81effe373
xmodelmesh,#hash_3a1e4f1827a59c2a
xmodelmesh,#hash_3a1f73768934b6a1
xmodelmesh,#hash_3a2696e6c9c3529f
xmodelmesh,#hash_3a2f9be8aa5b974a
xmodelmesh,#hash_3a3022f77f613584
xmodelmesh,#hash_3a3219c1050ce223
xmodelmesh,#hash_3a402cb7b87fc24c
xmodelmesh,#hash_3a4b142c8a1054f9
xmodelmesh,#hash_3a4e3e44c3a46d9b
xmodelmesh,#hash_3a51955381a0d578
xmodelmesh,#hash_3a53013741d5b831
xmodelmesh,#hash_3a5f469516c3c171
xmodelmesh,#hash_3a6baa097d743233
xmodelmesh,#hash_3a729722ea5c01d6
xmodelmesh,#hash_3a76c3325705d87d
xmodelmesh,d#hash_3a7883a17c92b25e
xmodelmesh,#hash_3a796663975de71e
xmodelmesh,#hash_3a79fe608e2635a2
xmodelmesh,#hash_3a7c4c3e967ecc10
xmodelmesh,#hash_3a7dacb14c5adbd6
xmodelmesh,#hash_3a818fbee780549a
xmodelmesh,#hash_3a8cbf35daaca258
xmodelmesh,#hash_3a94f8ac2c4923e3
xmodelmesh,#hash_3a9f834dde829fc2
xmodelmesh,#hash_3aacd244f74fde3a
xmodelmesh,#hash_3ac1f6159b3b571c
xmodelmesh,#hash_3ac6e86ce312d236
xmodelmesh,#hash_3acbe3fce2e35f2f
xmodelmesh,#hash_3accec344e3c425d
xmodelmesh,#hash_3ad367a18b90599d
xmodelmesh,d#hash_3ae2800ea858353a
xmodelmesh,#hash_3ae2d047fbc8e8fa
xmodelmesh,#hash_3ae676a3cff4772f
xmodelmesh,#hash_3ae7db7672410351
xmodelmesh,#hash_3ae8094a87fbbb4f
xmodelmesh,#hash_3af0392c4fd38c65
xmodelmesh,#hash_3af4d97badcbfa86
xmodelmesh,#hash_3af6010332523f81
xmodelmesh,#hash_3b06388940a5ddf9
xmodelmesh,d#hash_3b100b3893677c19
xmodelmesh,#hash_3b1a76a92b664d6d
xmodelmesh,#hash_3b261d9c9ad807a4
xmodelmesh,#hash_3b26acae9ed161d5
xmodelmesh,#hash_3b29623dd9f10961
xmodelmesh,#hash_3b2d9ffc8602cf72
xmodelmesh,#hash_3b3c2874e7326570
xmodelmesh,#hash_3b42745631120b71
xmodelmesh,#hash_3b461eba7cf59417
xmodelmesh,#hash_3b4f8330f39febd7
xmodelmesh,#hash_3b510e913f220abd
xmodelmesh,#hash_3b5bf11411b9a92d
xmodelmesh,#hash_3b5f5ae975bb7f2c
xmodelmesh,#hash_3b6b0b0b9700b6c0
xmodelmesh,#hash_3b70fe97440147f3
xmodelmesh,#hash_3b7ab747edcc43ac
xmodelmesh,#hash_3b7d983dbd6375ed
xmodelmesh,#hash_3b801d509f6cdb84
xmodelmesh,#hash_3b822d534d4df929
xmodelmesh,#hash_3b93de6b61bebb0d
xmodelmesh,#hash_3b9bfed7a8fcc72b
xmodelmesh,#hash_3b9f8a7eadf4ce03
xmodelmesh,#hash_3bab8a4c5799988a
xmodelmesh,#hash_3bad95e4f1f5047c
xmodelmesh,#hash_3bb1465fa091843d
xmodelmesh,#hash_3bbc2d085c97977b
xmodelmesh,#hash_3bc08601f882f938
xmodelmesh,#hash_3bc494d77aaa1c2c
xmodelmesh,#hash_3bc6cedbfbfb97e7
xmodelmesh,#hash_3bc9c8e5020dfc84
xmodelmesh,#hash_3bcd018350e757ec
xmodelmesh,#hash_3bd14b81458b2418
xmodelmesh,#hash_3bd4892696dc6baa
xmodelmesh,#hash_3bdb34917e0e9e9d
xmodelmesh,#hash_3bdff4103c5927d2
xmodelmesh,#hash_3be9da58adcd7bf8
xmodelmesh,#hash_3be9e9f19e8b72cf
xmodelmesh,#hash_3be9f1e4269d727d
xmodelmesh,#hash_3bec23e0766de320
xmodelmesh,#hash_3c00a2e4aaebf76c
xmodelmesh,#hash_3c06d931348ba1e3
xmodelmesh,#hash_3c0a429259cbe0c3
xmodelmesh,#hash_3c147ae711b47e11
xmodelmesh,#hash_3c1744fa1920d0db
xmodelmesh,#hash_3c1a3982529b09ab
xmodelmesh,#hash_3c20159fc3fdc055
xmodelmesh,#hash_3c2f434deb7f89ba
xmodelmesh,d#hash_3c33cedef4086a91
xmodelmesh,#hash_3c33f40d528a3d42
xmodelmesh,#hash_3c3889b64b22f870
xmodelmesh,#hash_3c41bdd82f2ca108
xmodelmesh,#hash_3c422f73dce12482
xmodelmesh,#hash_3c5a8aa028ef5713
xmodelmesh,#hash_3c607c21d7d5429e
xmodelmesh,#hash_3c662663e2eaed69
xmodelmesh,#hash_3c6f128c36d2b7b6
xmodelmesh,#hash_3c70097cad2ded8f
xmodelmesh,#hash_3c72e398a90a32eb
xmodelmesh,#hash_3c741c552f5da069
xmodelmesh,#hash_3c78d577d8c270b9
xmodelmesh,#hash_3c796ba6af36d3c5
xmodelmesh,#hash_3c8d536daf1e0ed0
xmodelmesh,d#hash_3c8de86d164ad351
xmodelmesh,#hash_3c922c996df4093f
xmodelmesh,#hash_3c927141bf519bfc
xmodelmesh,#hash_3c93bf05f9a99608
xmodelmesh,#hash_3c980ece74fb0066
xmodelmesh,d#hash_3c9a59b00a7b1a01
xmodelmesh,d#hash_3c9f7292a102b016
xmodelmesh,#hash_3ca66184a80a93b8
xmodelmesh,#hash_3caea0432f596539
xmodelmesh,#hash_3cb348b6a805bfda
xmodelmesh,#hash_3cb663fd6ce17efc
xmodelmesh,#hash_3cbd3d370f279f83
xmodelmesh,#hash_3cc01c2a3e17eed4
xmodelmesh,#hash_3cc70b4d605a9a2c
xmodelmesh,#hash_3cd3356134973b10
xmodelmesh,#hash_3cd41a75810ec282
xmodelmesh,#hash_3cd8f017b913e0a6
xmodelmesh,#hash_3cda11a634c87db9
xmodelmesh,#hash_3ce4d03fc7926c9c
xmodelmesh,#hash_3ce9e85bdbe34532
xmodelmesh,#hash_3cf34d7941209c15
xmodelmesh,#hash_3cfa0d5fe74cfaf2
xmodelmesh,#hash_3d05293e8bf37adc
xmodelmesh,#hash_3d057ce61dbbcbf9
xmodelmesh,#hash_3d0898fb11128c35
xmodelmesh,#hash_3d0b88c9d6554fea
xmodelmesh,#hash_3d0ca00a8d0f8ff6
xmodelmesh,#hash_3d12a3f03ff3d54b
xmodelmesh,#hash_3d19c15bbcf89e08
xmodelmesh,#hash_3d265cb2298675a1
xmodelmesh,d#hash_3d26f680cb725382
xmodelmesh,#hash_3d2feb761fd0e9f8
xmodelmesh,#hash_3d30e6b9f5fb404e
xmodelmesh,#hash_3d33a8c652670acb
xmodelmesh,#hash_3d376f9954609c31
xmodelmesh,#hash_3d38173ee2780f77
xmodelmesh,#hash_3d38555fdcc8bebc
xmodelmesh,#hash_3d39a55997237b6d
xmodelmesh,#hash_3d4e3acb4e9b3c5a
xmodelmesh,#hash_3d5c616ec4855003
xmodelmesh,#hash_3d5f7ee20c61007a
xmodelmesh,#hash_3d6100a79ba4d082
xmodelmesh,#hash_3d646e2184ddbb43
xmodelmesh,#hash_3d6ce16e9feec215
xmodelmesh,#hash_3d861861bbd42781
xmodelmesh,#hash_3d9353cbb92d343d
xmodelmesh,#hash_3d943a70268c6ef2
xmodelmesh,#hash_3da01e86f3747ed5
xmodelmesh,#hash_3da1d22fd8d61fc6
xmodelmesh,#hash_3da8b3cadf512ace
xmodelmesh,#hash_3db5589758c51bfd
xmodelmesh,#hash_3db755960178bca2
xmodelmesh,#hash_3dc150b96c7434c5
xmodelmesh,#hash_3dccce4b84d4f6bd
xmodelmesh,d#hash_3dd1bcc0c4b95086
xmodelmesh,#hash_3dd453320a92aadd
xmodelmesh,#hash_3deb729b832a7593
xmodelmesh,#hash_3df16ddd39874e7d
xmodelmesh,d#hash_3df863c83a4f6cba
xmodelmesh,#hash_3dfa1f9eeaf07509
xmodelmesh,#hash_3dfb4efdfaf1d707
xmodelmesh,#hash_3e076e9140d40a74
xmodelmesh,#hash_3e1ea118b91d5d25
xmodelmesh,#hash_3e2892100e2addeb
xmodelmesh,#hash_3e345f67d52feb21
xmodelmesh,#hash_3e36d01ff5682393
xmodelmesh,#hash_3e375bcf7ed5ad33
xmodelmesh,#hash_3e37dfeeaa7cdd32
xmodelmesh,#hash_3e4866dcfbcebc04
xmodelmesh,#hash_3e48bceafec48abf
xmodelmesh,#hash_3e4c31df9edcf296
xmodelmesh,#hash_3e50ac33855b3ca0
xmodelmesh,#hash_3e522e74d490dc03
xmodelmesh,d#hash_3e59dd9e5f14c0bb
xmodelmesh,#hash_3e5a8cf32144b8cd
xmodelmesh,#hash_3e6b64dc3c585ee4
xmodelmesh,#hash_3e748241008d053a
xmodelmesh,#hash_3e79a57df3788a1e
xmodelmesh,#hash_3e821d4b460c88f1
xmodelmesh,#hash_3e860e627b5283d0
xmodelmesh,#hash_3e87ca1b7dc549ae
xmodelmesh,#hash_3e8ed8a05f232ce1
xmodelmesh,#hash_3e9055ab8938de2e
xmodelmesh,#hash_3e9766ae1474d9e9
xmodelmesh,#hash_3ea0908418849e3a
xmodelmesh,#hash_3ea95fb8b9fe69e9
xmodelmesh,#hash_3eaed3e4e2317362
xmodelmesh,#hash_3ebff53720e3f1f7
xmodelmesh,#hash_3ec511ac3e2a26b5
xmodelmesh,#hash_3ed779abf9dce1e3
xmodelmesh,#hash_3ee3209c5b3d63ae
xmodelmesh,#hash_3ef2096496aa9ba7
xmodelmesh,#hash_3ef73ee748083c0c
xmodelmesh,#hash_3efe5c5693df0a12
xmodelmesh,#hash_3effeb345b204b86
xmodelmesh,#hash_3f04139f47e3c0b1
xmodelmesh,#hash_3f11856e3efb9336
xmodelmesh,#hash_3f1546c5ff3950d4
xmodelmesh,#hash_3f1849388e777771
xmodelmesh,#hash_3f1936bc7898d661
xmodelmesh,#hash_3f1fa7304b732b82
xmodelmesh,#hash_3f1fc3335c99d886
xmodelmesh,#hash_3f27e1be14a31dbe
xmodelmesh,#hash_3f343fa1d60d39bf
xmodelmesh,#hash_3f366756869c52c9
xmodelmesh,#hash_3f39b92024ff34f9
xmodelmesh,#hash_3f3a2a8fd0ba8984
xmodelmesh,#hash_3f4813a18a9539e5
xmodelmesh,#hash_3f5f066d7677b401
xmodelmesh,#hash_3f71b60aff2ed1d2
xmodelmesh,#hash_3f79817d08a3c9c5
xmodelmesh,#hash_3f7a75cc3661fdfd
xmodelmesh,#hash_3f7b0061e9992c54
xmodelmesh,#hash_3f7f19fb6e1d484b
xmodelmesh,#hash_3f9d894e1ee832ed
xmodelmesh,#hash_3fa035ef6de801c1
xmodelmesh,#hash_3fbadd5623c597ec
xmodelmesh,#hash_3fbdce24b5d719e8
xmodelmesh,#hash_3fc0f472a9dfe019
xmodelmesh,#hash_3fc7d494aa74b4d6
xmodelmesh,#hash_3fcbc91f808ff5ad
xmodelmesh,#hash_3fcda546527cb96f
xmodelmesh,#hash_3fcdb1d537f10295
xmodelmesh,#hash_3fe0bc8d3861d9d1
xmodelmesh,#hash_3fe273cdb7fe837c
xmodelmesh,#hash_3fe4201e06b17201
xmodelmesh,#hash_3feab59f79b238a7
xmodelmesh,#hash_3feee26871a9cdf3
xmodelmesh,#hash_3ff957f03d2f5614
xmodelmesh,#hash_400edbd73f1c4fe3
xmodelmesh,#hash_4015e7f2322b7948
xmodelmesh,#hash_4019b82960e62f52
xmodelmesh,#hash_4020e2092896d42b
xmodelmesh,#hash_402ca56a22b1e15a
xmodelmesh,#hash_402e7f66ab636a52
xmodelmesh,#hash_402f1e609c2efbf1
xmodelmesh,#hash_402f3d1880d38de7
xmodelmesh,#hash_4030b787ca2c10e6
xmodelmesh,#hash_4033de881b8d6d5b
xmodelmesh,#hash_4036b4d4e07a2a50
xmodelmesh,#hash_4038c4c50f1aac77
xmodelmesh,#hash_4038df5a316ef9a1
xmodelmesh,#hash_403a67a34f9a81d7
xmodelmesh,#hash_403d99a09ba37862
xmodelmesh,#hash_404d7f0207f1d824
xmodelmesh,#hash_405ab6ec80d3948d
xmodelmesh,#hash_405c3da39895d0ec
xmodelmesh,#hash_40648cc271b464be
xmodelmesh,#hash_40683ad5524a6891
xmodelmesh,#hash_407243dd459f46bb
xmodelmesh,#hash_40734beb521307a9
xmodelmesh,#hash_40737d29e2e5f0d9
xmodelmesh,#hash_40738a6b7f49fdcd
xmodelmesh,#hash_4074cc1ab6c6f320
xmodelmesh,#hash_4080b04c8cd94828
xmodelmesh,#hash_4088768667ba1e35
xmodelmesh,#hash_408b34bf31f0e28c
xmodelmesh,#hash_40979a643e0041b4
xmodelmesh,#hash_4098d74549c6fe14
xmodelmesh,#hash_40a2206307e6c809
xmodelmesh,#hash_40a31a5680f958e9
xmodelmesh,#hash_40a73d5f892c3241
xmodelmesh,#hash_40a7b33f405ec15b
xmodelmesh,#hash_40a920722d69f5b8
xmodelmesh,#hash_40aefc710bc8b9a5
xmodelmesh,#hash_40afdc0b3a83c2e1
xmodelmesh,#hash_40c6e03281ffa100
xmodelmesh,#hash_40cc32e4cc561911
xmodelmesh,#hash_40dfeeba6c079b4b
xmodelmesh,#hash_40e954e5887bba90
xmodelmesh,#hash_40eb386e0ec257f8
xmodelmesh,#hash_40f76892e42fd566
xmodelmesh,#hash_40f9d00b78e25f4b
xmodelmesh,#hash_41073adc849cf4bd
xmodelmesh,#hash_410ca0c25c370a67
xmodelmesh,#hash_411757ea9d2d7bcf
xmodelmesh,#hash_41216852d4b6a47f
xmodelmesh,#hash_41272ad861714809
xmodelmesh,#hash_4128755380be83f3
xmodelmesh,d#hash_41315656a5034eab
xmodelmesh,#hash_4138a83ed810aef7
xmodelmesh,#hash_413ad56ef863d522
xmodelmesh,#hash_413d38a49cd74441
xmodelmesh,#hash_41456de6d3daede0
xmodelmesh,#hash_4151bd5f5ce140f1
xmodelmesh,#hash_4154258c6f9c6405
xmodelmesh,#hash_4160ed05808d9434
xmodelmesh,#hash_4167e355bc2a1f1c
xmodelmesh,#hash_41701dc9da915d90
xmodelmesh,#hash_417d550dd64a9f37
xmodelmesh,#hash_4181cccbebf8af94
xmodelmesh,#hash_4185352f733f87ba
xmodelmesh,#hash_418cfefd18bfde1f
xmodelmesh,#hash_418ecc166a611ead
xmodelmesh,#hash_4199a08a2fc653ec
xmodelmesh,#hash_419a4ece0872f3b9
xmodelmesh,#hash_419dde8f91fe8a62
xmodelmesh,#hash_41a4f715cd160573
xmodelmesh,#hash_41a6caf0f270de94
xmodelmesh,#hash_41b3a8c2608d884f
xmodelmesh,#hash_41b550b9b9902034
xmodelmesh,#hash_41ba5aa80cf55ef6
xmodelmesh,#hash_41bed73182c35c5a
xmodelmesh,#hash_41c343def19285dd
xmodelmesh,#hash_41c71674e3bc33c2
xmodelmesh,#hash_41c982687b09de85
xmodelmesh,#hash_41d69f4713519b52
xmodelmesh,#hash_41d714c77ebcfc31
xmodelmesh,#hash_41d9d5e9a567f6d8
xmodelmesh,#hash_41db2e3119e64420
xmodelmesh,#hash_41e00b87c9c7efba
xmodelmesh,#hash_41e36b44a86babdc
xmodelmesh,#hash_4214b322eca259f9
xmodelmesh,#hash_4216516cb4625a01
xmodelmesh,#hash_421c56a2c46bf066
xmodelmesh,#hash_421f28a4878263d7
xmodelmesh,#hash_42346b91567696d7
xmodelmesh,#hash_4241db3f20c837fb
xmodelmesh,#hash_4250ff3fd5c950cc
xmodelmesh,#hash_4253ca2fd1f95af4
xmodelmesh,#hash_426234952a022247
xmodelmesh,#hash_426261dc6e995012
xmodelmesh,#hash_4265a43a5e6bf985
xmodelmesh,#hash_4265b744ee9509e3
xmodelmesh,#hash_4267e03fa3a3d3f4
xmodelmesh,#hash_426b8589e97bc55f
xmodelmesh,#hash_427319cc9e0bfe69
xmodelmesh,#hash_42765df897be1e01
xmodelmesh,#hash_427825e275fc3a98
xmodelmesh,d#hash_4282a1a68290e732
xmodelmesh,#hash_428b016e848c54dc
xmodelmesh,#hash_428d4be534384a23
xmodelmesh,#hash_428dcad8c8717d2a
xmodelmesh,#hash_42a429aecf6941c4
xmodelmesh,#hash_42a4e61b23c14fe2
xmodelmesh,#hash_42a53f5af23d8388
xmodelmesh,#hash_42b7242a7e4fd851
xmodelmesh,#hash_42be702d8751f70c
xmodelmesh,#hash_42c2c7ca23ebea79
xmodelmesh,#hash_42cd77104b648463
xmodelmesh,#hash_42cea0dae7d40265
xmodelmesh,#hash_42d118e12284de2e
xmodelmesh,d#hash_42db28232b2a494a
xmodelmesh,#hash_42dd2ba97bf187f7
xmodelmesh,#hash_42dd8dbbd5a1a22f
xmodelmesh,#hash_42e11d0f3be1eed1
xmodelmesh,#hash_42e37fb683fe5c15
xmodelmesh,#hash_42ea6a45a600bfc3
xmodelmesh,#hash_42f24267c99f3e99
xmodelmesh,#hash_42f597cd459e0c7f
xmodelmesh,#hash_42f5d5bf113d7a73
xmodelmesh,#hash_42f8cd4299ac8651
xmodelmesh,#hash_42fb513ece759bea
xmodelmesh,#hash_42fbe3991a774b25
xmodelmesh,#hash_42fc3c06f2b9629e
xmodelmesh,#hash_4301d15cf186dcce
xmodelmesh,#hash_430b5d5182f620c1
xmodelmesh,#hash_430f36c8d8d97708
xmodelmesh,#hash_430f887d27d462a7
xmodelmesh,#hash_4313fe25c1e84cb8
xmodelmesh,d#hash_4319db6a0a886ed6
xmodelmesh,#hash_431b398145acfdfa
xmodelmesh,#hash_431b93328d402be0
xmodelmesh,#hash_43217993f0a9fca3
xmodelmesh,#hash_43237b48089989ac
xmodelmesh,d#hash_433d0b2b37a98915
xmodelmesh,#hash_4348b07ec6e18aaf
xmodelmesh,#hash_43585d2e7c50b7b1
xmodelmesh,#hash_43594a2cc3671968
xmodelmesh,#hash_435d60e532f49844
xmodelmesh,#hash_435db9344340fc88
xmodelmesh,#hash_4362dde684701eff
xmodelmesh,#hash_4363796d07984d88
xmodelmesh,#hash_436e88d43552781a
xmodelmesh,#hash_43763bb586313d06
xmodelmesh,#hash_4378249a90b1524d
xmodelmesh,#hash_438aeedffb1c3f39
xmodelmesh,#hash_438ff028505b7d51
xmodelmesh,#hash_439a37a972a476a7
xmodelmesh,#hash_43b09ceb06dcce04
xmodelmesh,#hash_43c575bd90d4434c
xmodelmesh,#hash_43c803ed9f04f006
xmodelmesh,#hash_43cb20c6a1fde227
xmodelmesh,#hash_43cd2766f48a2e80
xmodelmesh,#hash_43d2c6511c21907f
xmodelmesh,#hash_43d3d560148bc319
xmodelmesh,#hash_43dd3c8ab251c5fa
xmodelmesh,#hash_43e07f070399e660
xmodelmesh,#hash_43e41e47f1a514e0
xmodelmesh,#hash_43e4bbe0038980f3
xmodelmesh,#hash_43e900f6343a837f
xmodelmesh,#hash_43ebd8178aca9af3
xmodelmesh,#hash_43f7f404cda0be21
xmodelmesh,#hash_43fecf5fbc3fc37c
xmodelmesh,#hash_43ffd81b66798c01
xmodelmesh,#hash_4400ea8d87a0a296
xmodelmesh,#hash_440f099c1cde6f37
xmodelmesh,#hash_440f11029e758667
xmodelmesh,#hash_4418415a5138636e
xmodelmesh,#hash_4428ec1cc28f7eb4
xmodelmesh,#hash_44290817437016fc
xmodelmesh,#hash_4432432734df6145
xmodelmesh,#hash_443866d5d5ae4ad5
xmodelmesh,#hash_4439499668b071cf
xmodelmesh,#hash_443b77d49325f9d8
xmodelmesh,#hash_443f4e3fbf24d197
xmodelmesh,#hash_4449851fa758e4de
xmodelmesh,#hash_444b98f36c30aebc
xmodelmesh,#hash_4452f86727bbfb9c
xmodelmesh,#hash_4457c926c3bb8b5e
xmodelmesh,#hash_4458d45efa9a6346
xmodelmesh,#hash_4464cf2e4a632089
xmodelmesh,#hash_44704173fe34b79d
xmodelmesh,#hash_4474dbed833a63bf
xmodelmesh,#hash_44789b760992d8a8
xmodelmesh,#hash_4483b037a5df88a4
xmodelmesh,#hash_44859526b8ebe244
xmodelmesh,#hash_44890eb9fbb46968
xmodelmesh,#hash_44a2aca60283027f
xmodelmesh,#hash_44a7bd1372688991
xmodelmesh,#hash_44a8df3702cff517
xmodelmesh,d#hash_44abb65c0e8f08f1
xmodelmesh,#hash_44b2343a45cfc8f7
xmodelmesh,#hash_44b39f19a57e29f9
xmodelmesh,#hash_44b7cef3b7ebbfce
xmodelmesh,d#hash_44b8176a1cce463c
xmodelmesh,#hash_44c6d47d34fe7a09
xmodelmesh,#hash_44c98e567b9f1430
xmodelmesh,#hash_44cddaa70fce342d
xmodelmesh,#hash_44d759d5f7af1eae
xmodelmesh,#hash_44e01ca9b1a04a64
xmodelmesh,#hash_44e5e12c5475f591
xmodelmesh,#hash_44ed7de40abf1eff
xmodelmesh,#hash_44f737a69152fa78
xmodelmesh,#hash_44fcaea0d7cb7189
xmodelmesh,#hash_4503336f4a3ba1c9
xmodelmesh,#hash_450d7f2dd0dc9a8e
xmodelmesh,#hash_451850d35084c054
xmodelmesh,#hash_451e05d11a40aeb7
xmodelmesh,#hash_4527a96d86485a2a
xmodelmesh,#hash_4528c34a1dcc0dd6
xmodelmesh,#hash_452cfc74a4d5fb21
xmodelmesh,#hash_453428bdaa99916f
xmodelmesh,#hash_45390946fb14a623
xmodelmesh,#hash_45397c24a3169206
xmodelmesh,#hash_453f9da8fcf23d73
xmodelmesh,#hash_45431d39b160c39b
xmodelmesh,#hash_4544540e8a7c085d
xmodelmesh,#hash_454671d5faea9d5c
xmodelmesh,#hash_4547427d243e163a
xmodelmesh,#hash_454d907d75cf0581
xmodelmesh,#hash_454dd1fabe96f15a
xmodelmesh,#hash_4552e5814b122cf4
xmodelmesh,#hash_4558648aa30d9d55
xmodelmesh,#hash_455ab1d3644ffe5a
xmodelmesh,#hash_455acd96fc9451cc
xmodelmesh,#hash_455d4372f35a1757
xmodelmesh,#hash_455e6e78698161ec
xmodelmesh,#hash_4566d5a485b10465
xmodelmesh,#hash_457404d6c61b5e6d
xmodelmesh,#hash_457599096623d1d4
xmodelmesh,#hash_45776a8852d3e676
xmodelmesh,#hash_457ee89aeb46fec7
xmodelmesh,#hash_457f16a7e6902218
xmodelmesh,d#hash_45832da917581258
xmodelmesh,d#hash_458793a8b7af7d4f
xmodelmesh,#hash_4587e393dcc83e74
xmodelmesh,#hash_458a32e4e1fb31a1
xmodelmesh,d#hash_459181edf9846894
xmodelmesh,#hash_45a38280b02fca55
xmodelmesh,#hash_45a69b7f20957b7f
xmodelmesh,#hash_45a8d63c44fd58f6
xmodelmesh,#hash_45af90c9e0e1db35
xmodelmesh,#hash_45b2bc3939e8e770
xmodelmesh,#hash_45c7ae8a5848296f
xmodelmesh,#hash_45c8b75d6d3c198b
xmodelmesh,#hash_45d1564ce5560bef
xmodelmesh,#hash_45d3d05435db7a9d
xmodelmesh,#hash_45daec97e938433a
xmodelmesh,#hash_45e23c87e8db109a
xmodelmesh,#hash_45eea4559072fc68
xmodelmesh,#hash_45f93a31e8bc4c7f
xmodelmesh,#hash_45fe41b025b90edf
xmodelmesh,#hash_460b30a765984f78
xmodelmesh,#hash_460dceed6db3fbda
xmodelmesh,#hash_46171b7ed1563b54
xmodelmesh,#hash_461b3885432700dd
xmodelmesh,#hash_46337691a79cf6d7
xmodelmesh,#hash_4635b35d0288f911
xmodelmesh,#hash_46451c2c39942e3b
xmodelmesh,#hash_464be36e97c53446
xmodelmesh,#hash_464f2221c182b045
xmodelmesh,#hash_465974e7550b6612
xmodelmesh,#hash_465a9569f26c4cb0
xmodelmesh,#hash_465c801306f27de0
xmodelmesh,#hash_465f349ac001b2a2
xmodelmesh,#hash_466a8e046f414316
xmodelmesh,#hash_466f96345c59a37a
xmodelmesh,#hash_46736c1a74cfc7b8
xmodelmesh,#hash_46764d0052a25a46
xmodelmesh,#hash_4686fd3b7b3bfb93
xmodelmesh,#hash_468ea8354795f43c
xmodelmesh,#hash_4696eaf730954276
xmodelmesh,#hash_46a1878c5fd609f6
xmodelmesh,#hash_46a2704ea4cf3368
xmodelmesh,#hash_46a80c2562cd8ecd
xmodelmesh,#hash_46a8e8fa9fb15072
xmodelmesh,#hash_46b6313ae145dfb9
xmodelmesh,#hash_46ba9ff86cc67871
xmodelmesh,#hash_46c101945a1fcc57
xmodelmesh,#hash_46c5472542753739
xmodelmesh,#hash_46edcd39b2ae83db
xmodelmesh,#hash_46f264454a97eaf6
xmodelmesh,#hash_46f4b51c64d15416
xmodelmesh,#hash_46fbe8e0e1d73feb
xmodelmesh,#hash_47053dcff67af100
xmodelmesh,#hash_47083a87bb7da449
xmodelmesh,d#hash_47159f2e5068451b
xmodelmesh,#hash_4717b451c02b4e73
xmodelmesh,#hash_4718410e412a8996
xmodelmesh,#hash_4718f859447b36d0
xmodelmesh,#hash_4718ff09c438c91a
xmodelmesh,#hash_471bc62356fb6d0a
xmodelmesh,#hash_471fd2a3dfb1cbcc
xmodelmesh,#hash_47261bbeeecb99ac
xmodelmesh,d#hash_472884cb51449201
xmodelmesh,#hash_47308e3308f22de7
xmodelmesh,#hash_4735bb50e1deb004
xmodelmesh,#hash_473a90d06e5da267
xmodelmesh,#hash_473b73aa6ee8bc07
xmodelmesh,d#hash_473e034f7b6d0ce5
xmodelmesh,#hash_474328fd79fa6063
xmodelmesh,#hash_4747419986400ee4
xmodelmesh,#hash_474b4adbd7f5fd08
xmodelmesh,#hash_475360e737d42aac
xmodelmesh,#hash_475dfe50a42947ff
xmodelmesh,#hash_4768e9c996f093fa
xmodelmesh,#hash_476bb08f9748d54f
xmodelmesh,#hash_476df5e21f801c50
xmodelmesh,#hash_477ea3c17c3b89bd
xmodelmesh,#hash_47829995f1bfd11a
xmodelmesh,#hash_4783dfa109604814
xmodelmesh,#hash_479094b2ed92275d
xmodelmesh,#hash_479187670277e2eb
xmodelmesh,#hash_479232356ef547f0
xmodelmesh,#hash_4797365a84be52cb
xmodelmesh,#hash_47a9067c47f92026
xmodelmesh,#hash_47af4f2f009ee56e
xmodelmesh,#hash_47b51f270e6a4851
xmodelmesh,#hash_47b7099ff8753124
xmodelmesh,#hash_47c05db6bccd4dae
xmodelmesh,#hash_47c39f86751367af
xmodelmesh,#hash_47c440b5dbe9cd4d
xmodelmesh,#hash_47c6bffdbd85fbca
xmodelmesh,#hash_47c844d82f38c7c5
xmodelmesh,#hash_47c92973e1cd9e51
xmodelmesh,#hash_47ca13f1cd9296c9
xmodelmesh,#hash_47cec5d82d2d111d
xmodelmesh,#hash_47d0654c2a03fab8
xmodelmesh,#hash_47d0d24dacd98414
xmodelmesh,#hash_47d2650db7f128d5
xmodelmesh,#hash_47dbd7be61fdd732
xmodelmesh,#hash_47ddfeb52d8fce2d
xmodelmesh,#hash_47e41c25d7033201
xmodelmesh,#hash_47e56e9436825db0
xmodelmesh,#hash_47e5b863dddb9a27
xmodelmesh,#hash_47e7003ec181bb05
xmodelmesh,#hash_47ecdf0681cf97cd
xmodelmesh,#hash_47f43ef3301edcc7
xmodelmesh,#hash_47f49f1457c3e4d5
xmodelmesh,#hash_48048056b2e1c8d2
xmodelmesh,#hash_4809fec9b5ed30b6
xmodelmesh,#hash_480b32ccc44b6f32
xmodelmesh,#hash_480c8f3368edb974
xmodelmesh,#hash_48184d311ba6b27e
xmodelmesh,#hash_481bf6369ed7ff99
xmodelmesh,#hash_48245661008db527
xmodelmesh,#hash_4828fcd9dcf999c7
xmodelmesh,#hash_482d72d947c66330
xmodelmesh,#hash_48359353a3b1164f
xmodelmesh,#hash_483cff66c9e9e089
xmodelmesh,#hash_4843a352621a8e79
xmodelmesh,#hash_4846e53cba93c19d
xmodelmesh,#hash_485748a3c0bd2f83
xmodelmesh,#hash_4862fc7b78c30a61
xmodelmesh,#hash_48701b449049a285
xmodelmesh,#hash_4871276c4388dcc0
xmodelmesh,#hash_487adabe93ec4fe6
xmodelmesh,#hash_487c6f1133025465
xmodelmesh,#hash_488f451045bcaf0d
xmodelmesh,#hash_489fb6d2d478df31
xmodelmesh,#hash_48a4b2fc3d4a723d
xmodelmesh,#hash_48bb98a206bee207
xmodelmesh,#hash_48bb9c1799bd6369
xmodelmesh,#hash_48c41f7bb9d7a6f3
xmodelmesh,d#hash_48ca09a9561c22d4
xmodelmesh,#hash_48d49a2122c8b027
xmodelmesh,#hash_48d60e0affc7dfb2
xmodelmesh,#hash_48d613f8b2dd07d4
xmodelmesh,#hash_48d64233d1bb3c29
xmodelmesh,#hash_48d7ea054f782b2f
xmodelmesh,#hash_48dc816924c1b150
xmodelmesh,#hash_48f1958e1d477fca
xmodelmesh,#hash_48f1f0d827333978
xmodelmesh,#hash_48f286917fe24150
xmodelmesh,#hash_48f335d8f39dd09a
xmodelmesh,#hash_48f48e0229c539e2
xmodelmesh,d#hash_48f8520cd267432a
xmodelmesh,#hash_48fbbdd60a4d2108
xmodelmesh,#hash_4902e7d6e47d0d2b
xmodelmesh,#hash_490ba2cdea01d6c6
xmodelmesh,#hash_4917f70b6aa77a73
xmodelmesh,#hash_491a8439f5a0bab7
xmodelmesh,#hash_49233c3ae16856f4
xmodelmesh,#hash_4923622b9e46213e
xmodelmesh,#hash_492393f4eb250f52
xmodelmesh,#hash_49336a4af58d5374
xmodelmesh,#hash_493ad7904e45f815
xmodelmesh,#hash_4943bcd00c3f3ec1
xmodelmesh,#hash_49458df582a9dd7b
xmodelmesh,#hash_494bbe17bc773665
xmodelmesh,#hash_4950ef3e6b9360a2
xmodelmesh,#hash_495b141910206f0f
xmodelmesh,d#hash_495b44672a23ef5a
xmodelmesh,#hash_496b0ec39843c74f
xmodelmesh,#hash_497f304f27fe1c1e
xmodelmesh,#hash_498437e790d9dea0
xmodelmesh,#hash_499644546aeb4f9d
xmodelmesh,#hash_499b660989a1c814
xmodelmesh,#hash_499bf246e4b5cb35
xmodelmesh,#hash_49a04144212c1a02
xmodelmesh,#hash_49a4dec6f88ebb27
xmodelmesh,d#hash_49b35223a542fba7
xmodelmesh,#hash_49b484e0193406bb
xmodelmesh,#hash_49bce798c7f87464
xmodelmesh,#hash_49be0a1da0046f4a
xmodelmesh,#hash_49cefdbf414cb2bc
xmodelmesh,#hash_49d92fb236ae18c8
xmodelmesh,#hash_49d9c15af6e349f6
xmodelmesh,#hash_49db2af749490a0a
xmodelmesh,#hash_49dbce7b6a34b5ea
xmodelmesh,#hash_49e265660e034c5f
xmodelmesh,d#hash_49e2f93a1883f046
xmodelmesh,#hash_49e35824ef22d86a
xmodelmesh,#hash_49f30b0d42f4541e
xmodelmesh,#hash_49f34740cef7cc02
xmodelmesh,#hash_49f812fc973eba3e
xmodelmesh,#hash_4a0066f5294fdbc3
xmodelmesh,#hash_4a114be1bd57afd2
xmodelmesh,#hash_4a13b1fe5f84efff
xmodelmesh,#hash_4a16584c94140320
xmodelmesh,#hash_4a16a4ecdd10cfad
xmodelmesh,#hash_4a25642ef9baf7ad
xmodelmesh,#hash_4a28cfe7cc037cb6
xmodelmesh,#hash_4a29115507dac180
xmodelmesh,#hash_4a293417cf87872e
xmodelmesh,#hash_4a3585bc12f16e2a
xmodelmesh,#hash_4a36dd5920b2fb64
xmodelmesh,#hash_4a3b5eb79b18f42a
xmodelmesh,#hash_4a4a08c17ae27744
xmodelmesh,#hash_4a4af2e604219a38
xmodelmesh,d#hash_4a4c03b59343e44c
xmodelmesh,#hash_4a5180db60282e29
xmodelmesh,#hash_4a5ca666e186f843
xmodelmesh,#hash_4a65b536de69af18
xmodelmesh,#hash_4a6b755c1f9fdc06
xmodelmesh,#hash_4a6e7a0479faaf10
xmodelmesh,#hash_4a7bb24c9c742528
xmodelmesh,#hash_4a7dbdcf5d62f434
xmodelmesh,#hash_4a82fb3a1b22e7f0
xmodelmesh,#hash_4a93a61d860dfff7
xmodelmesh,#hash_4a965a78776b7ca6
xmodelmesh,#hash_4a9f7c03c55ed8b6
xmodelmesh,#hash_4aae32767ab07b78
xmodelmesh,#hash_4aae8335cb5d9adf
xmodelmesh,#hash_4abbcf5a9f2ee9eb
xmodelmesh,#hash_4ac0040cab074e94
xmodelmesh,#hash_4ac1041fb8ff51a8
xmodelmesh,#hash_4acf1df4dbaaa174
xmodelmesh,#hash_4ad30586dd440560
xmodelmesh,#hash_4aeac03c1ec964f3
xmodelmesh,#hash_4b09c26ac6fc81a9
xmodelmesh,#hash_4b109e0dc23ecd1e
xmodelmesh,#hash_4b2015809cb93448
xmodelmesh,#hash_4b25cd0c4e1c247f
xmodelmesh,#hash_4b26b34f4e1b13f8
xmodelmesh,#hash_4b27b2130926a8d8
xmodelmesh,#hash_4b3201cf5e44e9af
xmodelmesh,#hash_4b3667a57334d686
xmodelmesh,#hash_4b3a3ad649abae02
xmodelmesh,#hash_4b3e4f02774d9fd0
xmodelmesh,#hash_4b4de59e32fb53f4
xmodelmesh,#hash_4b51eb0fad37708f
xmodelmesh,#hash_4b558e3948d58835
xmodelmesh,#hash_4b608ab1af578447
xmodelmesh,#hash_4b651cf4f5a46698
xmodelmesh,#hash_4b7a919898e2e299
xmodelmesh,#hash_4b7accd98a4e1ef5
xmodelmesh,#hash_4b855d431b7cc549
xmodelmesh,#hash_4b85dd2319681314
xmodelmesh,#hash_4b87b7008cd7ee9a
xmodelmesh,#hash_4b89096cecfd4688
xmodelmesh,d#hash_4b8da77ac3969340
xmodelmesh,#hash_4b9178eee3b01c4c
xmodelmesh,#hash_4b93fa25d9b9e4e9
xmodelmesh,#hash_4ba215ffe2aec383
xmodelmesh,d#hash_4ba9b5cd466cb756
xmodelmesh,#hash_4bb88dbfe74fa61f
xmodelmesh,#hash_4bb897cf96de3c23
xmodelmesh,#hash_4bba09734ebb23c3
xmodelmesh,#hash_4bbe4c43d1da5c86
xmodelmesh,#hash_4be97717850af905
xmodelmesh,d#hash_4bea1b8cafb65d2a
xmodelmesh,#hash_4bf2b47d3de0c96c
xmodelmesh,d#hash_4bfdc8725a840cf7
xmodelmesh,#hash_4bfefb8f353b90a9
xmodelmesh,#hash_4c05efca1334dfe3
xmodelmesh,#hash_4c0a580f37193b70
xmodelmesh,d#hash_4c0e1d5e286032a2
xmodelmesh,#hash_4c1bb66cea9a72fb
xmodelmesh,#hash_4c208261fbc106ec
xmodelmesh,#hash_4c2c9b1b5984e1de
xmodelmesh,#hash_4c32e2349e9019d8
xmodelmesh,#hash_4c38505bf837898c
xmodelmesh,#hash_4c3f1b803b54c776
xmodelmesh,#hash_4c456e37fb414ed1
xmodelmesh,#hash_4c4736030df449cd
xmodelmesh,d#hash_4c493ee4ff55b516
xmodelmesh,#hash_4c4f69ee8cebfbfc
xmodelmesh,#hash_4c5c4ab01bb39758
xmodelmesh,#hash_4c830d229cf11baa
xmodelmesh,#hash_4c8b2b2e554c46cc
xmodelmesh,#hash_4c8b92dfd133f832
xmodelmesh,#hash_4c8c8a506b658149
xmodelmesh,#hash_4c9327e211604584
xmodelmesh,#hash_4c9c12aacce05829
xmodelmesh,#hash_4c9f00af4d7be5a6
xmodelmesh,#hash_4ca37fc919f15892
xmodelmesh,#hash_4caa6e821257b9e5
xmodelmesh,#hash_4cadea1c4b1426ce
xmodelmesh,#hash_4cb64d581d96ff3c
xmodelmesh,#hash_4cbfc3025b2c638b
xmodelmesh,#hash_4cc886aab7cd6939
xmodelmesh,#hash_4cc9b60678f978a4
xmodelmesh,#hash_4ccb3c43f5d35d9a
xmodelmesh,#hash_4cd3eb026ec99a71
xmodelmesh,#hash_4cd8f52234667bf1
xmodelmesh,#hash_4cf3fb283f48540b
xmodelmesh,#hash_4cf47bf8b316dbde
xmodelmesh,#hash_4cf6c5a46d5f1a07
xmodelmesh,#hash_4cfade37dbb31db5
xmodelmesh,#hash_4cfff7fbf6f4133f
xmodelmesh,#hash_4d0045ef156be84f
xmodelmesh,#hash_4d09a6342dc46616
xmodelmesh,#hash_4d0c688bdbb77132
xmodelmesh,#hash_4d14fc68a8454096
xmodelmesh,#hash_4d15172833551865
xmodelmesh,#hash_4d19c6e83c2332ca
xmodelmesh,#hash_4d21cf3928b694c4
xmodelmesh,#hash_4d365054766a627e
xmodelmesh,#hash_4d3908671934e412
xmodelmesh,#hash_4d3e75e3a29ec449
xmodelmesh,#hash_4d44db3387d3ebc1
xmodelmesh,#hash_4d4cbbfc7f52f230
xmodelmesh,#hash_4d557f3f3eda2e9d
xmodelmesh,#hash_4d57b74ddd941eb7
xmodelmesh,#hash_4d57d266da158999
xmodelmesh,#hash_4d62ae1bfaf7f6f0
xmodelmesh,#hash_4d6328fd0269a044
xmodelmesh,#hash_4d6639d425100213
xmodelmesh,#hash_4d710acc95e4367c
xmodelmesh,#hash_4d7351df2a0641b4
xmodelmesh,#hash_4d7352cee55012cd
xmodelmesh,#hash_4d73912efca9b1ac
xmodelmesh,#hash_4d7c874fe5abe2a6
xmodelmesh,#hash_4d85ca7f573424ee
xmodelmesh,#hash_4d86f623c0ab7d19
xmodelmesh,#hash_4d8845d34d22b216
xmodelmesh,#hash_4d8c7cea24150f18
xmodelmesh,#hash_4d8f161aee6a29c3
xmodelmesh,#hash_4d95349d798383db
xmodelmesh,#hash_4da090ddcb03c4d7
xmodelmesh,#hash_4daad41505a79743
xmodelmesh,#hash_4dab0b405c07dcd8
xmodelmesh,#hash_4db65b717d5db03d
xmodelmesh,#hash_4dbeaa85c34ab74c
xmodelmesh,#hash_4dc7510a81a5d721
xmodelmesh,#hash_4dcc09d1b50df217
xmodelmesh,#hash_4dd0b027ff710237
xmodelmesh,#hash_4dd282d39bb4b77d
xmodelmesh,#hash_4dd92e3fa333ecf6
xmodelmesh,#hash_4dde1f1e71a11a2a
xmodelmesh,#hash_4ddf7d0b7121cadb
xmodelmesh,#hash_4de0108df8537c7c
xmodelmesh,#hash_4de0a9dad591f50b
xmodelmesh,#hash_4de3125a27d9a05d
xmodelmesh,#hash_4de5ff341498e97c
xmodelmesh,#hash_4dec7cda5f628057
xmodelmesh,#hash_4df931102935b7e7
xmodelmesh,#hash_4e02ad4824c724e1
xmodelmesh,#hash_4e1102efe713b52e
xmodelmesh,#hash_4e15604d93bbc309
xmodelmesh,#hash_4e16c00ab568bdd4
xmodelmesh,#hash_4e3382a98ed53f6b
xmodelmesh,#hash_4e37377258cb8e8f
xmodelmesh,#hash_4e38916b0bbc8dce
xmodelmesh,#hash_4e3f1033cd4c015a
xmodelmesh,#hash_4e3f69106617bf8f
xmodelmesh,#hash_4e41e8c6f6cd09bd
xmodelmesh,#hash_4e46fc46f920b134
xmodelmesh,#hash_4e480d3b8bf6e71d
xmodelmesh,#hash_4e4f97e88c1051be
xmodelmesh,#hash_4e52a383c4dcd33e
xmodelmesh,#hash_4e5cbe056a2b1c02
xmodelmesh,#hash_4e5ef94cde8524a9
xmodelmesh,#hash_4e6edeab531c40e9
xmodelmesh,#hash_4e78138efd0cb4d7
xmodelmesh,#hash_4e7c89b788177038
xmodelmesh,#hash_4e8a56661d11c8e0
xmodelmesh,#hash_4e8b29075e1c140a
xmodelmesh,d#hash_4e98fc5283d760f7
xmodelmesh,#hash_4e9bef7ddafd7d01
xmodelmesh,#hash_4ea080c37ad66eb6
xmodelmesh,#hash_4ea158e09b0b1ecf
xmodelmesh,#hash_4ea81a9cf4f4229f
xmodelmesh,#hash_4eaa3a2846ef6dcb
xmodelmesh,#hash_4eb128e7cce54841
xmodelmesh,#hash_4eb1643a6bc2aa87
xmodelmesh,#hash_4eb6155552ebe111
xmodelmesh,#hash_4eb806f961cb477b
xmodelmesh,#hash_4ebc149e7e6bbc0e
xmodelmesh,#hash_4ec45f49945883bd
xmodelmesh,#hash_4ecc6e1f8146a095
xmodelmesh,#hash_4ecda2cef989e896
xmodelmesh,#hash_4ece96513ffc2cc6
xmodelmesh,d#hash_4ed39316be902f1b
xmodelmesh,#hash_4ee5e99c786455fe
xmodelmesh,#hash_4ef1554ef31b346b
xmodelmesh,#hash_4ef7d522d262a8c4
xmodelmesh,#hash_4effc702885957f1
xmodelmesh,#hash_4f011b135fd6ac32
xmodelmesh,#hash_4f07ea87ea2a57db
xmodelmesh,#hash_4f08f848fe3e0090
xmodelmesh,#hash_4f1224e1b3998964
xmodelmesh,d#hash_4f158714ead0057e
xmodelmesh,#hash_4f176b26b1bffd68
xmodelmesh,#hash_4f1910b5028ec517
xmodelmesh,#hash_4f193960071ee580
xmodelmesh,#hash_4f1a87122ae5b90c
xmodelmesh,#hash_4f221664dfbe6c34
xmodelmesh,#hash_4f233cc36b5c7ab5
xmodelmesh,#hash_4f2602bcf3b09173
xmodelmesh,#hash_4f26885c32b6db4d
xmodelmesh,#hash_4f2b026013189271
xmodelmesh,#hash_4f3925069914db05
xmodelmesh,#hash_4f3980c61c180bfb
xmodelmesh,d#hash_4f3fc7a4b4cebf14
xmodelmesh,#hash_4f429cd8ab9b3d30
xmodelmesh,d#hash_4f477bb5b7da1e97
xmodelmesh,#hash_4f49e6191d059b7e
xmodelmesh,#hash_4f4a5ae515dd1f9e
xmodelmesh,#hash_4f4db0bcab6583e0
xmodelmesh,#hash_4f555da440f71472
xmodelmesh,#hash_4f60caa731d388ec
xmodelmesh,#hash_4f631abba0574256
xmodelmesh,#hash_4f70768892f911a7
xmodelmesh,d#hash_4f7773d0e2d1fb38
xmodelmesh,#hash_4f78430ff0994724
xmodelmesh,#hash_4f7c2095eec3659c
xmodelmesh,d#hash_4f7c3c6a27d98d48
xmodelmesh,#hash_4f800ac60c319568
xmodelmesh,d#hash_4f85c9cbf172bc69
xmodelmesh,#hash_4f8835b24dcfb795
xmodelmesh,#hash_4f89a37ef2c51a3f
xmodelmesh,#hash_4fa1f7abf5d944b6
xmodelmesh,#hash_4fb0f8c35e1bea56
xmodelmesh,#hash_4fb1dfa076eef38d
xmodelmesh,#hash_4fb3cf5ea4ba96a3
xmodelmesh,#hash_4fb437c572ad1d46
xmodelmesh,#hash_4fb500e8484d58be
xmodelmesh,#hash_4fbfab004a25f33c
xmodelmesh,#hash_4fc0fa0da10b7155
xmodelmesh,#hash_4fc14cb52bdfbc89
xmodelmesh,#hash_4fc5037fdbf6f403
xmodelmesh,#hash_4fc8505eb2a91a74
xmodelmesh,#hash_4fc91cf30a64a74a
xmodelmesh,#hash_4fd181e4b1f85b6c
xmodelmesh,#hash_4fd3bc5e26f159f8
xmodelmesh,#hash_4fd4bba67aa03df1
xmodelmesh,#hash_4fe417321427be5a
xmodelmesh,#hash_4fe492a65f0945d1
xmodelmesh,#hash_4fe4f197f8eb075d
xmodelmesh,#hash_4ff6cda8b38ea23f
xmodelmesh,#hash_4ff78bd1e625fd3b
xmodelmesh,#hash_4ffab41ce12c8990
xmodelmesh,#hash_5025c537f8105db8
xmodelmesh,#hash_50261c377750310c
xmodelmesh,#hash_5027c7591d8dd665
xmodelmesh,#hash_502aa3d5f89c955b
xmodelmesh,#hash_5031cb986446144e
xmodelmesh,#hash_50405f1604f333bc
xmodelmesh,#hash_5040e78720987a26
xmodelmesh,#hash_50413023f619550f
xmodelmesh,#hash_504c26f94dfa856e
xmodelmesh,#hash_505227694fbaf624
xmodelmesh,#hash_5057457e7691fc77
xmodelmesh,#hash_505b51ebf6397216
xmodelmesh,#hash_505c9d80c3b0cec3
xmodelmesh,#hash_50615f6c320cd756
xmodelmesh,#hash_5068481c2f971269
xmodelmesh,#hash_50696a26d2c0bdb1
xmodelmesh,#hash_506c533df1205c77
xmodelmesh,#hash_506db259d7d2cd33
xmodelmesh,#hash_507746e1c97dcd0b
xmodelmesh,#hash_507b859b0c6093d7
xmodelmesh,#hash_508065751ef63316
xmodelmesh,#hash_508142e46836f436
xmodelmesh,#hash_50897bc1e062ff6c
xmodelmesh,#hash_509a06d528fe17c2
xmodelmesh,#hash_509d5c4d05bca0d0
xmodelmesh,#hash_50a03abeb9353cf9
xmodelmesh,#hash_50a56da31031a7de
xmodelmesh,#hash_50a801e044989e85
xmodelmesh,#hash_50a8a5680d392a15
xmodelmesh,#hash_50b19060d20df3cc
xmodelmesh,#hash_50ba059ab3fa8015
xmodelmesh,#hash_50bbc93ef5ec5fc4
xmodelmesh,#hash_50c779f92d21215a
xmodelmesh,#hash_50c80d2645cf65ab
xmodelmesh,#hash_50c8954153671f8a
xmodelmesh,#hash_50d56f1f17826215
xmodelmesh,#hash_50d90d3b30bd3694
xmodelmesh,#hash_50d936664249eeff
xmodelmesh,#hash_50ffe7edfaf1240c
xmodelmesh,#hash_5101367ba63ddc14
xmodelmesh,#hash_5104a782e0468543
xmodelmesh,#hash_511667556a99e349
xmodelmesh,#hash_5116d4e6e3c549b6
xmodelmesh,#hash_511c5e0a2c299d64
xmodelmesh,#hash_512e14ca4d1c71b7
xmodelmesh,#hash_51343ea1277be652
xmodelmesh,d#hash_513fe7bd455b3380
xmodelmesh,d#hash_51401e654b1d446a
xmodelmesh,#hash_51471ad5e45d6fd3
xmodelmesh,#hash_514eb9018db6be67
xmodelmesh,#hash_514feda2a3383e2f
xmodelmesh,#hash_515349ce3daf0239
xmodelmesh,#hash_5157baa4e45980f9
xmodelmesh,#hash_516bbfacca1d626b
xmodelmesh,#hash_516f7ef6f93c1cc6
xmodelmesh,#hash_5173086f5deee107
xmodelmesh,#hash_51739d9c64adf456
xmodelmesh,#hash_5174f4586474c907
xmodelmesh,#hash_517d4521ed4b62a8
xmodelmesh,#hash_517ecae47bac3fc0
xmodelmesh,#hash_5180fedbf12a02e1
xmodelmesh,#hash_5184d2bcf6bc3745
xmodelmesh,#hash_518d7b0d784b4f70
xmodelmesh,#hash_5196d7f1dbe9c34d
xmodelmesh,#hash_5198266f43bce7a4
xmodelmesh,#hash_519995fd07246919
xmodelmesh,#hash_5199f31d064da645
xmodelmesh,d#hash_519c651e5ee3167f
xmodelmesh,#hash_519e16582db35fd5
xmodelmesh,#hash_51a02157b773bb35
xmodelmesh,#hash_51a069106e8bcc97
xmodelmesh,#hash_51a5278659bcde8a
xmodelmesh,d#hash_51a56a4ba64fbae0
xmodelmesh,#hash_51aa44c90dcf0838
xmodelmesh,#hash_51af3e4602273730
xmodelmesh,#hash_51b34713759be36c
xmodelmesh,#hash_51bef7400141e9fe
xmodelmesh,#hash_51c4eee23e88eadf
xmodelmesh,#hash_51c79293866729a7
xmodelmesh,#hash_51c94c9d36a2f1fe
xmodelmesh,#hash_51cd11046e5d3eee
xmodelmesh,#hash_51d06acb34a83665
xmodelmesh,#hash_51ddeabaf4081e49
xmodelmesh,#hash_51dee0c435188641
xmodelmesh,#hash_51e51911df1973a8
xmodelmesh,#hash_51e5ae477f442dcb
xmodelmesh,#hash_51e6f2a946c99397
xmodelmesh,#hash_51e96b17040bd501
xmodelmesh,#hash_51eedebc9e0fc980
xmodelmesh,#hash_51f224ab2bd3764f
xmodelmesh,#hash_51f48356bde5b2e0
xmodelmesh,#hash_51fb249df980bc7f
xmodelmesh,#hash_5205462a364f3351
xmodelmesh,#hash_520807e5c5cb88e6
xmodelmesh,#hash_520ec9850cd1c4df
xmodelmesh,#hash_52150329355447f0
xmodelmesh,#hash_5216a8704dba2ef0
xmodelmesh,#hash_5225a5ad884e95f6
xmodelmesh,#hash_523160b68a511111
xmodelmesh,#hash_52332e016b902ffa
xmodelmesh,#hash_523c905e955110ac
xmodelmesh,#hash_523ebeb471a97d8a
xmodelmesh,#hash_524536a8b4314cc4
xmodelmesh,#hash_525114a2e9826401
xmodelmesh,#hash_52524edaf16f52c2
xmodelmesh,#hash_5257ac334b523ae9
xmodelmesh,#hash_5266526701672018
xmodelmesh,#hash_526c2341673867cb
xmodelmesh,#hash_52763ef6f5121567
xmodelmesh,#hash_5276f87d49cec4d7
xmodelmesh,#hash_527a5bb018fab378
xmodelmesh,#hash_527b7011b77628c7
xmodelmesh,#hash_5282dc93959abfb9
xmodelmesh,#hash_52881659cb9ed52c
xmodelmesh,#hash_528849b6da302b0f
xmodelmesh,#hash_529218c34607fcc3
xmodelmesh,#hash_5292a5300d1e9dc1
xmodelmesh,#hash_52977343254e534b
xmodelmesh,#hash_529787310101ae59
xmodelmesh,#hash_52a310fc371ddcb0
xmodelmesh,#hash_52b48697e6b861d2
xmodelmesh,#hash_52b629cb995082e1
xmodelmesh,#hash_52bc5fbe62fc20f3
xmodelmesh,#hash_52c141b7c33d2a64
xmodelmesh,#hash_52c2755c99245a9e
xmodelmesh,#hash_52c2bb06e1baf34d
xmodelmesh,#hash_52d1c88d6d1a5d7f
xmodelmesh,#hash_52d89640f488f985
xmodelmesh,#hash_52d8cff073958ff6
xmodelmesh,#hash_52da2383b911ab12
xmodelmesh,#hash_52ddff6322e7a6e8
xmodelmesh,#hash_52deda1accf068e1
xmodelmesh,#hash_52e0c9d1e506ad23
xmodelmesh,#hash_52e8841da9e2e300
xmodelmesh,#hash_52eb7cf302c6a3b1
xmodelmesh,#hash_52f49f748c45bdde
xmodelmesh,#hash_52f6edeb0d980ee2
xmodelmesh,#hash_52fb67aff0b447fa
xmodelmesh,#hash_5300aa2fa9fbf3e5
xmodelmesh,#hash_53061a3eb30f9b20
xmodelmesh,#hash_530b23ab4bea5bd8
xmodelmesh,#hash_530c2f6c3bc07c21
xmodelmesh,#hash_5316ec0e7e258eb2
xmodelmesh,#hash_5320517fdfe950e0
xmodelmesh,#hash_53219487efe2f2ea
xmodelmesh,d#hash_5328532bddc5b9c2
xmodelmesh,#hash_532a9244cdb9f3f3
xmodelmesh,#hash_532ed0aa4708e37a
xmodelmesh,#hash_532f0f8575c67f12
xmodelmesh,#hash_5334258b80ec8933
xmodelmesh,#hash_53426e07b27732cd
xmodelmesh,#hash_5343768faa957f00
xmodelmesh,#hash_5343b9c2115da1e3
xmodelmesh,#hash_534560d41141e42e
xmodelmesh,#hash_534df5194ddde20e
xmodelmesh,#hash_5352df071812bc1b
xmodelmesh,#hash_5355ae34068b1745
xmodelmesh,#hash_53595d22df755c65
xmodelmesh,#hash_5363fa1853b7a66a
xmodelmesh,#hash_536f9d87ac486e8c
xmodelmesh,#hash_539bd269cf5f0336
xmodelmesh,#hash_53a2b289ac7dcc4a
xmodelmesh,#hash_53a3f42097e4d0f6
xmodelmesh,#hash_53a6b8970edd8949
xmodelmesh,#hash_53ab829979f743ea
xmodelmesh,#hash_53afdb0a1cc033af
xmodelmesh,#hash_53b04b2fc5bbeb1f
xmodelmesh,#hash_53b345f4d34017e3
xmodelmesh,#hash_53b35bdc5ec1f2fe
xmodelmesh,#hash_53bbafafb0ff0701
xmodelmesh,#hash_53c005c0ec9dd9f0
xmodelmesh,#hash_53c349983b351821
xmodelmesh,#hash_53d42ef1f6be54f8
xmodelmesh,#hash_53d6a829d0f6002d
xmodelmesh,#hash_53dcd21a8de1c012
xmodelmesh,#hash_53e11e6ab1fe50a6
xmodelmesh,#hash_53e475dad88a8ceb
xmodelmesh,#hash_53eb2717e2d72cde
xmodelmesh,#hash_53f25674d70fbc10
xmodelmesh,#hash_54040b3d90b3e0ea
xmodelmesh,#hash_54083f4a1ac86722
xmodelmesh,#hash_54098424e724a0d9
xmodelmesh,#hash_541786b2855eab06
xmodelmesh,#hash_54184f8ad0d7ea96
xmodelmesh,#hash_541881f3e06a90d0
xmodelmesh,#hash_542793dd2c526514
xmodelmesh,#hash_542887fe4c64b817
xmodelmesh,#hash_542d49fafb208d4e
xmodelmesh,#hash_542f7d0ed5d80c43
xmodelmesh,#hash_54317de4156b6e7a
xmodelmesh,#hash_54369163a5f95ff5
xmodelmesh,#hash_543eeeebae3529c6
xmodelmesh,#hash_544ca46ead5cbdac
xmodelmesh,#hash_545001b22b63b149
xmodelmesh,#hash_54541f347cef08b2
xmodelmesh,#hash_5460dfeb69b9a0b3
xmodelmesh,#hash_5461245621fded55
xmodelmesh,d#hash_5461443a04bf6c66
xmodelmesh,#hash_5462705ed303160b
xmodelmesh,#hash_5468668b6c4ea3a3
xmodelmesh,#hash_546a0a372c730104
xmodelmesh,#hash_54734e8a0273b623
xmodelmesh,#hash_547a68d19d9888f9
xmodelmesh,#hash_547a97f0d91ee297
xmodelmesh,#hash_547ba9f529290a66
xmodelmesh,#hash_5480f997f08b70b8
xmodelmesh,#hash_5484d0017b45be23
xmodelmesh,#hash_54863191d49b22f4
xmodelmesh,#hash_5489db2fe73a5807
xmodelmesh,#hash_549eab7752084c12
xmodelmesh,#hash_54a2d68481ec87b3
xmodelmesh,#hash_54af6127a472979a
xmodelmesh,#hash_54b3e3ff2a70a7b9
xmodelmesh,#hash_54bb95ed1c1c94d2
xmodelmesh,#hash_54bf42167069f5cd
xmodelmesh,#hash_54c553bf61ecffc0
xmodelmesh,d#hash_54cb486bd3b9c5d3
xmodelmesh,#hash_54cc0da678576d71
xmodelmesh,#hash_54d6daef9da826e3
xmodelmesh,#hash_54d8a9dac883dfd8
xmodelmesh,#hash_54e944f54a1ccbc9
xmodelmesh,#hash_54eaa1f7097dd9ef
xmodelmesh,#hash_54fad33c89239a64
xmodelmesh,#hash_54fe17a3c6d25712
xmodelmesh,#hash_5502f34eeff0c8c5
xmodelmesh,#hash_550a083de4aa3efb
xmodelmesh,#hash_550b222aa0f44613
xmodelmesh,#hash_55112c283974ccfa
xmodelmesh,#hash_551d15833e1c866c
xmodelmesh,#hash_551de2e01ddbaa7a
xmodelmesh,#hash_552203cc4055648d
xmodelmesh,#hash_552402bff738efe0
xmodelmesh,#hash_552e5efad34e4a8a
xmodelmesh,#hash_552fd57a0eabd9b3
xmodelmesh,#hash_5540439d73474894
xmodelmesh,#hash_5541a808c6a84615
xmodelmesh,#hash_555750dacb864a44
xmodelmesh,#hash_555c3a300360fdff
xmodelmesh,#hash_555f3dc7d3adbeb0
xmodelmesh,#hash_555f6f2af8b52a63
xmodelmesh,#hash_5561592e3640ae45
xmodelmesh,#hash_556bcdbfff7d64ea
xmodelmesh,#hash_55738f66877abd6f
xmodelmesh,#hash_5575c6aa0f7c5e92
xmodelmesh,#hash_5588ec41e69fa791
xmodelmesh,#hash_55a5c3949c53fe0b
xmodelmesh,#hash_55a7b497ea34bee8
xmodelmesh,#hash_55aed329d4673373
xmodelmesh,#hash_55b165101008b2ac
xmodelmesh,d#hash_55b200fdfbffb272
xmodelmesh,#hash_55bdd3a6a2008584
xmodelmesh,#hash_55bff67388f5010f
xmodelmesh,#hash_55c66499443184e5
xmodelmesh,#hash_55cc624945a8c459
xmodelmesh,#hash_55cdb16e0a54dadc
xmodelmesh,#hash_55d5af0f2e26b24f
xmodelmesh,#hash_55e0415c01ef4cdb
xmodelmesh,#hash_55e19f9d5f36cebf
xmodelmesh,#hash_55e5307e7c5433b0
xmodelmesh,#hash_55e5f3d58f841125
xmodelmesh,#hash_55e7575f93db1ff2
xmodelmesh,#hash_55e8f1182b7ca793
xmodelmesh,#hash_55ee412480b502b2
xmodelmesh,#hash_55f265b365616f2b
xmodelmesh,#hash_55f39a655020f1d5
xmodelmesh,#hash_55f9bc9297c69bf0
xmodelmesh,#hash_55fa6fb6c3139908
xmodelmesh,#hash_560552ee0e0abf29
xmodelmesh,#hash_560edd581da77bc6
xmodelmesh,#hash_561053d33e6147d4
xmodelmesh,#hash_561885056c0af55e
xmodelmesh,#hash_56193b5a60c9da3f
xmodelmesh,#hash_562129870cbad1d6
xmodelmesh,#hash_56245b5c8e504f9c
xmodelmesh,#hash_5625e3b9b4b6954f
xmodelmesh,#hash_562791ae68a98082
xmodelmesh,#hash_5629e916f61cdb40
xmodelmesh,d#hash_56306c5bb17f0a2e
xmodelmesh,#hash_5633c23c27d7e5ff
xmodelmesh,#hash_563cea918624acaa
xmodelmesh,#hash_56432e79448366d8
xmodelmesh,#hash_564626a80187a512
xmodelmesh,#hash_5646d44910c4f307
xmodelmesh,d#hash_56477e9e96966c39
xmodelmesh,#hash_564d3798427f2858
xmodelmesh,#hash_564dd14f828dabc6
xmodelmesh,#hash_564e70b73fb43a22
xmodelmesh,#hash_5656d88bdb207ae2
xmodelmesh,#hash_565b7ea1ebe8522b
xmodelmesh,#hash_565f370e9f903336
xmodelmesh,#hash_5661c95af28c13c9
xmodelmesh,#hash_56659f5cc8ecbf9b
xmodelmesh,#hash_566c7a9fbd312ecc
xmodelmesh,#hash_566d3b9f7a0e61db
xmodelmesh,#hash_56789acd4d9a3021
xmodelmesh,#hash_567a1b471cc66c86
xmodelmesh,#hash_567a3a08a22acfba
xmodelmesh,#hash_567cf057b6af6a20
xmodelmesh,#hash_568456872ee1329a
xmodelmesh,#hash_568fd0f1df52ba14
xmodelmesh,#hash_56908087ec0d5cfc
xmodelmesh,#hash_5692d870e09bf2a9
xmodelmesh,#hash_5693fef35525ea32
xmodelmesh,#hash_5698eac970c968ca
xmodelmesh,#hash_569ed531271f79c0
xmodelmesh,#hash_56a86d278d501545
xmodelmesh,#hash_56ae601eb27ab89b
xmodelmesh,#hash_56af977c86acb203
xmodelmesh,#hash_56b0b173c670395e
xmodelmesh,#hash_56b790b19a4898af
xmodelmesh,#hash_56cc3d22e4bcf2ea
xmodelmesh,#hash_56ceeb12dbb2aa3b
xmodelmesh,#hash_56dc43289f03c628
xmodelmesh,#hash_56f459e0aca25181
xmodelmesh,#hash_5702486c8c890c4f
xmodelmesh,#hash_570d4b63461aba5a
xmodelmesh,#hash_570f2ac7843c273e
xmodelmesh,#hash_570fc1b49805959a
xmodelmesh,#hash_5714eeb48f538317
xmodelmesh,#hash_571d54b2a31a9e49
xmodelmesh,#hash_57257e5015d0bbf4
xmodelmesh,#hash_57377e634c566ed7
xmodelmesh,d#hash_574462466c1af6de
xmodelmesh,#hash_575ec43b2463c666
xmodelmesh,#hash_5761d603c4caaca3
xmodelmesh,#hash_5761dc78305fef8f
xmodelmesh,#hash_576856fe8545ee3c
xmodelmesh,#hash_576e4bf4c1b4c0a6
xmodelmesh,#hash_5771b3d554601483
xmodelmesh,#hash_577cc96f312bd582
xmodelmesh,d#hash_5781eca30fbb1696
xmodelmesh,#hash_578867353c4c011b
xmodelmesh,#hash_578d20745ec4b049
xmodelmesh,#hash_57932046642666cf
xmodelmesh,#hash_579565cd85899b01
xmodelmesh,#hash_579fad1091323ecc
xmodelmesh,#hash_57b01f84211eedf0
xmodelmesh,#hash_57c57d6bcfc92958
xmodelmesh,#hash_57c61ce5293c858b
xmodelmesh,#hash_57c8b85c4e39cc85
xmodelmesh,#hash_57c8dc5f766fab53
xmodelmesh,#hash_57cdd5333ffbc1c7
xmodelmesh,#hash_57d7ad8eb323ebb0
xmodelmesh,#hash_57d8fc96fe77709b
xmodelmesh,#hash_57dbd521366a0ac7
xmodelmesh,#hash_57df6d7a1c7ebdeb
xmodelmesh,#hash_57e9933b500f92b8
xmodelmesh,#hash_57eaf1543d58e414
xmodelmesh,#hash_57fc7e63c2d6f25c
xmodelmesh,#hash_5804377beb8df218
xmodelmesh,#hash_5805d1b5a19b6bef
xmodelmesh,#hash_5805ed130f6ccab0
xmodelmesh,#hash_580745f9b35e46fe
xmodelmesh,#hash_580ec053afe55e61
xmodelmesh,#hash_5810ba26418ec0ff
xmodelmesh,#hash_5814b69e00c805be
xmodelmesh,d#hash_5816053b01f613dd
xmodelmesh,#hash_5828b93db3ec510c
xmodelmesh,#hash_582c59786be38ea6
xmodelmesh,#hash_583a0cd49d0581f4
xmodelmesh,#hash_583a36fc258cd8da
xmodelmesh,#hash_583b7a1e90f4ba97
xmodelmesh,#hash_583f57565e52c59e
xmodelmesh,#hash_58409306dd7ff957
xmodelmesh,#hash_58443ffd2adeb3de
xmodelmesh,#hash_584c205ecc60d8a4
xmodelmesh,#hash_585489739e045d11
xmodelmesh,#hash_5859cd7f48f74bce
xmodelmesh,#hash_585a2c09cb762638
xmodelmesh,#hash_585b02b93b54b190
xmodelmesh,#hash_585c8ad38ed64fd7
xmodelmesh,#hash_5865bb25a6a2032b
xmodelmesh,d#hash_586aedf10048d3ba
xmodelmesh,#hash_5870b43936f1fbb7
xmodelmesh,#hash_587896a6d768e323
xmodelmesh,d#hash_587d11e617d452a0
xmodelmesh,#hash_587d38101c455a82
xmodelmesh,#hash_588b2a4455e9b33f
xmodelmesh,#hash_588eba5478fd8915
xmodelmesh,#hash_5899022864a87e6f
xmodelmesh,#hash_589b64fe177f765d
xmodelmesh,#hash_589d75fe590c6e54
xmodelmesh,#hash_589ed02fa4bb7a64
xmodelmesh,#hash_58a813472ff56a33
xmodelmesh,#hash_58b6ccf6e1e816f1
xmodelmesh,#hash_58c45656d503476a
xmodelmesh,#hash_58c8c1c37108f4e9
xmodelmesh,#hash_58cb47549e45c981
xmodelmesh,#hash_58cb547472c4e665
xmodelmesh,#hash_58cb7a59697c99ab
xmodelmesh,d#hash_58cd0f65329c2016
xmodelmesh,#hash_58ce8ecd13fe1913
xmodelmesh,#hash_58cfca562adf4954
xmodelmesh,#hash_58d433147fa1fcb9
xmodelmesh,#hash_58d60cfe3d7c099e
xmodelmesh,#hash_58e073873093efd9
xmodelmesh,#hash_58e0a840c2587b9d
xmodelmesh,#hash_58f2f11ca875b7d1
xmodelmesh,#hash_58f7694d2bf1b418
xmodelmesh,#hash_58fc3473b8ddb323
xmodelmesh,#hash_58fd38258f7bf6bd
xmodelmesh,#hash_58fe7156d9a692a1
xmodelmesh,#hash_59061780c49e50e2
xmodelmesh,#hash_591239094dbbde90
xmodelmesh,#hash_591253b90a2a1939
xmodelmesh,#hash_59130df04443e2b7
xmodelmesh,#hash_59164483c8ae5fb8
xmodelmesh,#hash_5922b7be8aa92268
xmodelmesh,d#hash_59234fba500abc41
xmodelmesh,#hash_592b00f87cb20c25
xmodelmesh,#hash_592f02cd47ffb350
xmodelmesh,#hash_593097f68a1be798
xmodelmesh,#hash_5934fa5a1cb7b881
xmodelmesh,#hash_593bce148affb338
xmodelmesh,#hash_593e4365c21a8ad0
xmodelmesh,#hash_593ec2408db0305c
xmodelmesh,#hash_5951b4ae78a43c80
xmodelmesh,#hash_5960bf1644230b33
xmodelmesh,#hash_5962da0d73ffdaaa
xmodelmesh,#hash_5969281a17de3917
xmodelmesh,#hash_596b6020e443420f
xmodelmesh,#hash_596c44134fa54307
xmodelmesh,#hash_5971424eadde13fb
xmodelmesh,#hash_59756a1d734cc58c
xmodelmesh,#hash_597650250d864e10
xmodelmesh,#hash_597927d2c6196e72
xmodelmesh,#hash_597a7c7173a5f0d3
xmodelmesh,#hash_597c98f184438f27
xmodelmesh,#hash_597cc4b6056f1263
xmodelmesh,#hash_59813d3eb74858c6
xmodelmesh,#hash_59825b9434527382
xmodelmesh,#hash_598d50da48703be1
xmodelmesh,#hash_599462d518e303f1
xmodelmesh,#hash_5994652049984352
xmodelmesh,#hash_599b4c429b7d52da
xmodelmesh,#hash_59a2d634e411f408
xmodelmesh,#hash_59b3e4846c88eee6
xmodelmesh,#hash_59b48bcb52386ba7
xmodelmesh,#hash_59bbb7766993157a
xmodelmesh,#hash_59c1d9d0948b1498
xmodelmesh,#hash_59c442409e755645
xmodelmesh,#hash_59cbbd7c6f95538b
xmodelmesh,#hash_59d2b8a1e238f59c
xmodelmesh,#hash_59d364db2ad24184
xmodelmesh,#hash_59d3f8c5f5838c27
xmodelmesh,#hash_59d6ad2b80825da4
xmodelmesh,#hash_59dfc027d06bf1b4
xmodelmesh,#hash_59e2180421a8cfbc
xmodelmesh,#hash_59e7f9fa0b80005c
xmodelmesh,#hash_59eff683b1be0146
xmodelmesh,#hash_59fb07cfbb28288a
xmodelmesh,#hash_59fbdbe64cce4484
xmodelmesh,#hash_59fc05c72a1f2097
xmodelmesh,#hash_5a03ba01141454e3
xmodelmesh,#hash_5a09d602ad248dd6
xmodelmesh,#hash_5a0a8c06cb4aede3
xmodelmesh,#hash_5a1b3c98948e876a
xmodelmesh,#hash_5a1de6659a31ad42
xmodelmesh,#hash_5a2dce9f985c3ea7
xmodelmesh,#hash_5a2e6ec11a1b56ac
xmodelmesh,#hash_5a2e84df55c639ba
xmodelmesh,#hash_5a59f0e86bbe3086
xmodelmesh,#hash_5a5ae1e5089a6196
xmodelmesh,#hash_5a5cba18fa8063c4
xmodelmesh,#hash_5a5db09921e82dff
xmodelmesh,#hash_5a600332a23f96f3
xmodelmesh,#hash_5a60ad3a7c575179
xmodelmesh,#hash_5a66407c30149860
xmodelmesh,#hash_5a79304464146f07
xmodelmesh,#hash_5a7ad41691672d69
xmodelmesh,#hash_5a7b1f3b7b7a193b
xmodelmesh,#hash_5a89f013f1618a12
xmodelmesh,#hash_5a8b62a289c28192
xmodelmesh,#hash_5a919dcd7f2663ac
xmodelmesh,#hash_5a94aa7120062157
xmodelmesh,#hash_5a94d43367351bd6
xmodelmesh,#hash_5a9d28997bde6b16
xmodelmesh,#hash_5a9ff2aa7ee617d5
xmodelmesh,#hash_5aa192cb918f90a2
xmodelmesh,#hash_5aa3a7768e9033dc
xmodelmesh,#hash_5ab1a42fcafec601
xmodelmesh,#hash_5ab5a6e03d8d02af
xmodelmesh,#hash_5ab840506f28ae77
xmodelmesh,#hash_5abcbd4cb9a69227
xmodelmesh,#hash_5ac88e2ac9f7409c
xmodelmesh,#hash_5ad662ee2910d35a
xmodelmesh,#hash_5ae2e260b110c6e4
xmodelmesh,#hash_5ae617f1e559e312
xmodelmesh,d#hash_5ae736f0a501341c
xmodelmesh,#hash_5ae9dd4344279678
xmodelmesh,#hash_5aefdd32ea9b0706
xmodelmesh,#hash_5af88919dd352237
xmodelmesh,#hash_5afaa5f44b536ac7
xmodelmesh,#hash_5afdac1c20b922b0
xmodelmesh,#hash_5b07c58951c7e40f
xmodelmesh,#hash_5b1050d86550d7f0
xmodelmesh,#hash_5b13ba460dfecf0a
xmodelmesh,#hash_5b1c873cb5417433
xmodelmesh,#hash_5b1f6730c86d3c68
xmodelmesh,#hash_5b2182243d060b50
xmodelmesh,#hash_5b24d7234b634fbb
xmodelmesh,#hash_5b29dc42265e61c3
xmodelmesh,#hash_5b35f8badf2bb621
xmodelmesh,#hash_5b3d9f993bac74ba
xmodelmesh,#hash_5b3e3117fbdc8bc1
xmodelmesh,#hash_5b4f98e5ff2924cc
xmodelmesh,#hash_5b593156414ef56f
xmodelmesh,#hash_5b5d2a1b63b25d29
xmodelmesh,#hash_5b5ff7315cd265a1
xmodelmesh,#hash_5b6116ce0169047e
xmodelmesh,#hash_5b61ecdaa4bb2142
xmodelmesh,d#hash_5b689ece5838a951
xmodelmesh,d#hash_5b6b1fca468d924b
xmodelmesh,d#hash_5b6cc31996f1f786
xmodelmesh,#hash_5b9632329c4da211
xmodelmesh,#hash_5bab6760e6b10dbf
xmodelmesh,#hash_5bc6a23f50823645
xmodelmesh,#hash_5bcc7040711f1fbb
xmodelmesh,#hash_5bd04c936dd1d3b4
xmodelmesh,#hash_5bd411b261dd4252
xmodelmesh,#hash_5bd6cacb99b36c1b
xmodelmesh,#hash_5bdabc309b4f6c5d
xmodelmesh,#hash_5bdd5af21b16a148
xmodelmesh,#hash_5be32e0ee31bd705
xmodelmesh,#hash_5bedb7b36ddb434f
xmodelmesh,#hash_5bef255b6762816d
xmodelmesh,#hash_5bf3db18f60d9231
xmodelmesh,#hash_5bf72ce97dbf61cc
xmodelmesh,#hash_5bfee6995968e29e
xmodelmesh,#hash_5bffe6a426f70b73
xmodelmesh,#hash_5c015319be999e03
xmodelmesh,d#hash_5c14386ae3ed5e71
xmodelmesh,#hash_5c154dae5373d4ee
xmodelmesh,#hash_5c1b37fafa1c81f5
xmodelmesh,#hash_5c2198cfdbb90659
xmodelmesh,#hash_5c21ee078b727d08
xmodelmesh,#hash_5c2383e87640c889
xmodelmesh,#hash_5c248462161085f9
xmodelmesh,#hash_5c28d61b4f6654fe
xmodelmesh,#hash_5c2b8a8d37d55359
xmodelmesh,#hash_5c2c2ac92fb44a3c
xmodelmesh,#hash_5c39eb31efed17bd
xmodelmesh,#hash_5c3c314ef0f28dcb
xmodelmesh,#hash_5c3f3f9171fb4396
xmodelmesh,#hash_5c3f802bb12423c3
xmodelmesh,#hash_5c4182e451970f1d
xmodelmesh,#hash_5c4b374a3dcf55fb
xmodelmesh,#hash_5c4c22e6058ee25a
xmodelmesh,#hash_5c4d961cce777cb2
xmodelmesh,#hash_5c579a5bbcdbfb63
xmodelmesh,d#hash_5c59c4f14db12c14
xmodelmesh,#hash_5c6871fa3efe3a81
xmodelmesh,#hash_5c693dfd299450cb
xmodelmesh,#hash_5c7006e66a6ea1e3
xmodelmesh,#hash_5c7aeb7163697c98
xmodelmesh,#hash_5c7cc2d0b14f1952
xmodelmesh,#hash_5c846d424ac87a57
xmodelmesh,#hash_5c8787f96f589c1d
xmodelmesh,#hash_5c99f1424e99ba9b
xmodelmesh,#hash_5ca59f6ea01ffb07
xmodelmesh,#hash_5cacf51e677538af
xmodelmesh,#hash_5caf9e5b9b6f7876
xmodelmesh,#hash_5cd77872fdbaec73
xmodelmesh,#hash_5cdc809370cd5758
xmodelmesh,#hash_5cdfb98f62282f86
xmodelmesh,#hash_5ce1326bec4e2be8
xmodelmesh,#hash_5ce1333389f28226
xmodelmesh,#hash_5cf18a825da29074
xmodelmesh,#hash_5cf4ad855c6f3dc1
xmodelmesh,#hash_5cfda286c2569f87
xmodelmesh,#hash_5d01e82a2e08753c
xmodelmesh,d#hash_5d110879e1ebe04c
xmodelmesh,#hash_5d19a9a6bbe43d03
xmodelmesh,#hash_5d291d0feb74e4ae
xmodelmesh,#hash_5d2bf5301a017044
xmodelmesh,#hash_5d2cf76fb84e396b
xmodelmesh,#hash_5d343723eea8051c
xmodelmesh,d#hash_5d446bc224b941da
xmodelmesh,#hash_5d4743c570c26b52
xmodelmesh,#hash_5d4e0e9a67f0ef63
xmodelmesh,#hash_5d54ce6bb71588e6
xmodelmesh,#hash_5d55ba09da02d40c
xmodelmesh,#hash_5d566703a410e8f8
xmodelmesh,#hash_5d5740ad2d1aacb9
xmodelmesh,#hash_5d5b171e72a96657
xmodelmesh,d#hash_5d65d5829be2938a
xmodelmesh,d#hash_5d6ab16bedfae6a7
xmodelmesh,#hash_5d70d0bf9b90b559
xmodelmesh,#hash_5d9482225e18029d
xmodelmesh,#hash_5d9f8a32b4261d47
xmodelmesh,#hash_5da69850ba99efc8
xmodelmesh,#hash_5db2a6c445cb1806
xmodelmesh,#hash_5db2e5970ace970d
xmodelmesh,#hash_5db411bc0f95bfcd
xmodelmesh,#hash_5dbf4f2fbed2f68a
xmodelmesh,#hash_5dc10cb0bc06d344
xmodelmesh,#hash_5dc3ac8c0eb8baf4
xmodelmesh,#hash_5dc7d90a5ea95232
xmodelmesh,#hash_5dcc783b75583c1c
xmodelmesh,#hash_5dccdc7ab2e4d65f
xmodelmesh,#hash_5dd44772ce04c83d
xmodelmesh,#hash_5dd47621e77263c8
xmodelmesh,#hash_5de25c8c0f7b35af
xmodelmesh,#hash_5de4813e1121b7ab
xmodelmesh,#hash_5de4f7a0098eba0e
xmodelmesh,#hash_5deecfec396e93ce
xmodelmesh,#hash_5df90b0f985045a3
xmodelmesh,#hash_5dfbcdadf796a65d
xmodelmesh,#hash_5e02a91404661724
xmodelmesh,#hash_5e067f2a1e1fd568
xmodelmesh,#hash_5e0e5683112fb3d2
xmodelmesh,#hash_5e0f6089e39c758e
xmodelmesh,#hash_5e1f2ef68e35a06b
xmodelmesh,#hash_5e27cfed8d3e70fd
xmodelmesh,d#hash_5e2f70597dce0c48
xmodelmesh,#hash_5e3b4222e5b5186a
xmodelmesh,#hash_5e3c79226afa6bdc
xmodelmesh,#hash_5e448f73e8ab3fdf
xmodelmesh,d#hash_5e477735b3f33519
xmodelmesh,#hash_5e511d1c24b8ac63
xmodelmesh,#hash_5e52bc94723d11f3
xmodelmesh,#hash_5e5564a6b61918d3
xmodelmesh,#hash_5e5d4df940ad20bd
xmodelmesh,#hash_5e5f0c7b423e43d4
xmodelmesh,#hash_5e635f94ed814b72
xmodelmesh,#hash_5e7094f1724d0770
xmodelmesh,#hash_5e79ec94d055457f
xmodelmesh,#hash_5e9a49ac6222c07d
xmodelmesh,#hash_5eb863c349b99e30
xmodelmesh,#hash_5ecac1e0fcba44b7
xmodelmesh,#hash_5ecb994e9acf8d70
xmodelmesh,#hash_5ed35cbed2b00e66
xmodelmesh,#hash_5edc4d4a871ab4ff
xmodelmesh,#hash_5ee699dae2b27b56
xmodelmesh,#hash_5ee6bded815e813c
xmodelmesh,#hash_5ef2c2c46aa3a8ce
xmodelmesh,#hash_5f0e5eb3ecad76c2
xmodelmesh,#hash_5f103011e86cd8e3
xmodelmesh,#hash_5f1ec8b8181a7372
xmodelmesh,#hash_5f31c787124a25ff
xmodelmesh,#hash_5f3559ee783117da
xmodelmesh,#hash_5f3597b99d453dae
xmodelmesh,#hash_5f35f2ef4c0cc6fd
xmodelmesh,#hash_5f36d892b66dc0be
xmodelmesh,#hash_5f3d3e99b34f780f
xmodelmesh,#hash_5f43f063e3cd81db
xmodelmesh,#hash_5f45e5ab82d7f980
xmodelmesh,#hash_5f47521a495473ca
xmodelmesh,d#hash_5f5e87b6c73426e1
xmodelmesh,#hash_5f61302825bd1f41
xmodelmesh,#hash_5f6635c7694fa59c
xmodelmesh,#hash_5f694bf62e8c6936
xmodelmesh,#hash_5f6b4c1577595880
xmodelmesh,#hash_5f6d08e403b4d3d0
xmodelmesh,#hash_5f70378f61c98560
xmodelmesh,#hash_5f72d1c2d5ecfaa2
xmodelmesh,#hash_5f75f6e3708e8300
xmodelmesh,#hash_5f76aaeee0a48736
xmodelmesh,#hash_5f7ad46367994613
xmodelmesh,#hash_5f8663be3614a3a8
xmodelmesh,#hash_5f8b6700f38fefbb
xmodelmesh,#hash_5f8f665c7e44f840
xmodelmesh,#hash_5f982e3edc1f558d
xmodelmesh,#hash_5f9a290608c1580d
xmodelmesh,#hash_5f9d89cad9bb5588
xmodelmesh,#hash_5fa5785ba40d74f6
xmodelmesh,#hash_5fa7211152af6996
xmodelmesh,#hash_5fa78d9b567a13e8
xmodelmesh,#hash_5fc4abc85db27620
xmodelmesh,#hash_5fcaa322f1666f57
xmodelmesh,#hash_5fd3ec4e85460648
xmodelmesh,#hash_5fd99848c555ab7b
xmodelmesh,#hash_5fdc91c072c463ce
xmodelmesh,#hash_5fe07421cba62392
xmodelmesh,#hash_5fe6106d3c3517c1
xmodelmesh,#hash_5ff321ca981b4d88
xmodelmesh,#hash_5ff9ef521134e613
xmodelmesh,#hash_5ffe31c5464b0c8f
xmodelmesh,#hash_6007a1a78cb409c2
xmodelmesh,#hash_6007c7923590a1b3
xmodelmesh,#hash_600fcce11ab126b2
xmodelmesh,#hash_60146edb8389cf91
xmodelmesh,#hash_601bc43fd4c08367
xmodelmesh,#hash_60200a5bc2615ea0
xmodelmesh,#hash_60392893175bdda8
xmodelmesh,#hash_603b983fbc57bcc1
xmodelmesh,#hash_604e5e4604f87572
xmodelmesh,#hash_6058c2e768a3e3fe
xmodelmesh,#hash_6059a5db649412f4
xmodelmesh,#hash_605acbb6fe2eddb4
xmodelmesh,#hash_60621ea13f61e32c
xmodelmesh,#hash_606c6f35d19af767
xmodelmesh,d#hash_608029b4c83eedfe
xmodelmesh,#hash_6090b3f0e5b65ca6
xmodelmesh,#hash_609996bd8a39a30e
xmodelmesh,#hash_609cf463157b5577
xmodelmesh,#hash_60b14bc35561ef89
xmodelmesh,#hash_60b2709575097990
xmodelmesh,#hash_60b8dbed79a1ef22
xmodelmesh,#hash_60bab9af8f0bd987
xmodelmesh,d#hash_60c0b7bb264155da
xmodelmesh,#hash_60c1053d8894db3f
xmodelmesh,#hash_60c47587bd33bfaa
xmodelmesh,#hash_60c844b3ae9b05d4
xmodelmesh,#hash_60d79b6fc34c28ea
xmodelmesh,#hash_60e1a960a237979f
xmodelmesh,#hash_60eca90479baf8ce
xmodelmesh,#hash_60efb0e1e11dec85
xmodelmesh,#hash_60f22c4b9321a400
xmodelmesh,#hash_60f959421ff5a690
xmodelmesh,#hash_60fb0dc33146446b
xmodelmesh,#hash_60fb78c13526a096
xmodelmesh,#hash_60fb82ea959375a0
xmodelmesh,#hash_6100621eee80f52d
xmodelmesh,#hash_61026f76b0d50a23
xmodelmesh,#hash_610c1d41608c3c40
xmodelmesh,#hash_610cee28a445b597
xmodelmesh,#hash_610eff69b8b2443f
xmodelmesh,#hash_611ec1cd66b48061
xmodelmesh,#hash_61230dcb3d9195d9
xmodelmesh,#hash_6126de23462258a5
xmodelmesh,#hash_6131a200a3798616
xmodelmesh,#hash_6138a4166a9a5a2b
xmodelmesh,#hash_613a152f17347e89
xmodelmesh,#hash_614b9f2883811dda
xmodelmesh,#hash_6153fd0b021ba466
xmodelmesh,#hash_61575f257455478c
xmodelmesh,#hash_615bd21016bc1bf6
xmodelmesh,#hash_616c24893fd0f48d
xmodelmesh,#hash_616fcd1f2e4c260e
xmodelmesh,#hash_617a22cc4dbe8a82
xmodelmesh,d#hash_617aa917830c58cd
xmodelmesh,#hash_618027e0c01e9188
xmodelmesh,#hash_61867b4848085e93
xmodelmesh,#hash_6192d7df6212cf92
xmodelmesh,#hash_619e53a53483954c
xmodelmesh,#hash_61a0eeabe7375fb0
xmodelmesh,#hash_61a1232b7ac41c9d
xmodelmesh,#hash_61a2f6ee3a19bd44
xmodelmesh,#hash_61a4be9a4d1b05d9
xmodelmesh,#hash_61b1435bc76c95cd
xmodelmesh,#hash_61b16783d98beae1
xmodelmesh,#hash_61c1142577df4a17
xmodelmesh,#hash_61c2d7ad67a3bc3a
xmodelmesh,#hash_61c72fc39871b2da
xmodelmesh,#hash_61c885a177da2a50
xmodelmesh,#hash_61d14db68da1bb5a
xmodelmesh,#hash_61d9d9d9945d6a01
xmodelmesh,#hash_61dc279d1365978c
xmodelmesh,#hash_61de721e1c3451a8
xmodelmesh,#hash_61e28eb0017559e5
xmodelmesh,#hash_61e482f7923958c1
xmodelmesh,#hash_61e61eeb60b27cdc
xmodelmesh,#hash_61f49627212757f2
xmodelmesh,#hash_61f57af6d7fa7204
xmodelmesh,#hash_61fe59f14f986a3f
xmodelmesh,#hash_62117082ff7d2252
xmodelmesh,#hash_62138007a169b3ef
xmodelmesh,#hash_621a64978dd2688d
xmodelmesh,#hash_62228e987ebf4210
xmodelmesh,d#hash_62251299ff192b77
xmodelmesh,#hash_622db88b0fe41470
xmodelmesh,#hash_62322831da3f8311
xmodelmesh,#hash_6237b53b9ac6371a
xmodelmesh,#hash_6239f9a4c5830e30
xmodelmesh,d#hash_623b4733b8ecd144
xmodelmesh,#hash_624238b6fa49a87c
xmodelmesh,#hash_624281cb932429e1
xmodelmesh,#hash_625122ef188cbdbe
xmodelmesh,#hash_625c291eb9c025df
xmodelmesh,#hash_625c78266f709377
xmodelmesh,#hash_625d16afa282368a
xmodelmesh,#hash_6274b2fe5a9d118f
xmodelmesh,#hash_627bb0e228eb5b01
xmodelmesh,#hash_627e33374fc946b6
xmodelmesh,#hash_628e8b7747dde49f
xmodelmesh,#hash_629e18ca19bb89e9
xmodelmesh,#hash_62a1e0721cf285f5
xmodelmesh,#hash_62a24e96b643f32c
xmodelmesh,#hash_62ba53eab6f53e40
xmodelmesh,#hash_62bc4ca2b44ccc57
xmodelmesh,#hash_62c2b9de6281e549
xmodelmesh,#hash_62cd32544e25c661
xmodelmesh,#hash_62cda56c5c602745
xmodelmesh,#hash_62d244dfd77e835a
xmodelmesh,#hash_62e396c0ed1e50a6
xmodelmesh,#hash_62e8b56db7ac5d6f
xmodelmesh,#hash_62e9def24ad630ca
xmodelmesh,#hash_62f5f544cbcd8bad
xmodelmesh,#hash_62f6ae389d3afa3e
xmodelmesh,#hash_6300a1f334238423
xmodelmesh,#hash_63010af422aeda98
xmodelmesh,#hash_6301155a491f9c7d
xmodelmesh,#hash_6301c4a9a36347ec
xmodelmesh,#hash_6306e7b5267b66eb
xmodelmesh,#hash_6313ee2599adbdb3
xmodelmesh,#hash_63189fe2bfc11c17
xmodelmesh,#hash_631a71d95f03078b
xmodelmesh,#hash_631ad7f75000ba4e
xmodelmesh,d#hash_631b737ba9dfdbf0
xmodelmesh,#hash_631bb819c4216f87
xmodelmesh,#hash_632f1f2868f70fe9
xmodelmesh,#hash_6339ae805847effc
xmodelmesh,#hash_6341daa664780d03
xmodelmesh,#hash_635d51f2c9767da1
xmodelmesh,#hash_635dfc6a0fd214c2
xmodelmesh,#hash_6361fdbd1a55ad79
xmodelmesh,#hash_636a1563201a27b1
xmodelmesh,#hash_637b888a6ad9bb58
xmodelmesh,#hash_6387c8fa8e4c35fa
xmodelmesh,#hash_63969239a13e9b08
xmodelmesh,#hash_639afc1a4ede8497
xmodelmesh,#hash_63ab807de8b530d4
xmodelmesh,#hash_63adadbc2ec93094
xmodelmesh,#hash_63af269c55e581f5
xmodelmesh,#hash_63afc4238c7b5134
xmodelmesh,#hash_63b49423eeb55d54
xmodelmesh,#hash_63b5de90eb80a24d
xmodelmesh,#hash_63bd97262f984c20
xmodelmesh,#hash_63c0ad77aeafe313
xmodelmesh,#hash_63c43f9ca6060552
xmodelmesh,#hash_63c6feb5ea03db91
xmodelmesh,#hash_63d088c430b7def9
xmodelmesh,#hash_63d21e1bd1886f3a
xmodelmesh,#hash_63d965c92d11d701
xmodelmesh,#hash_63f693b62d091639
xmodelmesh,#hash_63f7f492002a4e9d
xmodelmesh,#hash_63f90e0e75b1f394
xmodelmesh,#hash_63f91d40172ff858
xmodelmesh,#hash_63f9ab6838770a87
xmodelmesh,#hash_6401cf5426d83ef4
xmodelmesh,#hash_6408295f05828ae3
xmodelmesh,#hash_64086f45ef0799c1
xmodelmesh,#hash_640f238f1a0c37aa
xmodelmesh,#hash_6422c5b415f86c11
xmodelmesh,#hash_642c208e67a4a0a9
xmodelmesh,#hash_6433896d927cac36
xmodelmesh,#hash_6438cdf9e1f3fc64
xmodelmesh,#hash_643a79420b99c22e
xmodelmesh,#hash_643a9aea882cc555
xmodelmesh,#hash_643b1085e46731cd
xmodelmesh,d#hash_6449f238d3b52957
xmodelmesh,#hash_644e155c73b45be5
xmodelmesh,#hash_6454c8986c1b0b2c
xmodelmesh,#hash_64556bb461ccc6aa
xmodelmesh,#hash_64600faa2eb7574d
xmodelmesh,#hash_6466d6ffc4d01350
xmodelmesh,#hash_6468104595502868
xmodelmesh,#hash_64790efcd3671dda
xmodelmesh,#hash_6481780b0e339798
xmodelmesh,#hash_6496a0bd40bd87c7
xmodelmesh,#hash_649a0fa7f3edfaf7
xmodelmesh,#hash_649ae563f0ac642a
xmodelmesh,#hash_649ef9c0759a0752
xmodelmesh,#hash_64bc534562876ae6
xmodelmesh,#hash_64c51baf85e4b31b
xmodelmesh,#hash_64c8b2965e8fefdd
xmodelmesh,#hash_64ca13d1e5795a2a
xmodelmesh,#hash_64caca41e237fcaa
xmodelmesh,#hash_64cf419851a66883
xmodelmesh,#hash_64d4fa3978c26157
xmodelmesh,d#hash_64da7a80a4f75ab7
xmodelmesh,#hash_64de3bdd004cce14
xmodelmesh,#hash_64e0c74e5024140b
xmodelmesh,#hash_64e337da9dcf2add
xmodelmesh,#hash_64e3b593898bb9e9
xmodelmesh,#hash_64e6880f4eb08863
xmodelmesh,d#hash_64ea19d390f99803
xmodelmesh,#hash_64ee9ed4fe21fe35
xmodelmesh,#hash_64f1aa62e4b05314
xmodelmesh,d#hash_64f55c7d610655e9
xmodelmesh,#hash_64fde594662e809e
xmodelmesh,#hash_650652ead479325a
xmodelmesh,#hash_650bb9fb1485867e
xmodelmesh,#hash_650c9c42edc8264d
xmodelmesh,#hash_650f17f0b5d03be7
xmodelmesh,#hash_651343910845d7be
xmodelmesh,#hash_6516a801a625c02c
xmodelmesh,#hash_651fd42aeca6798f
xmodelmesh,#hash_652678b78034d545
xmodelmesh,#hash_6543c7f60f1cf07b
xmodelmesh,#hash_654e36bc55c14a2d
xmodelmesh,#hash_65566cb29658daba
xmodelmesh,#hash_65598fe9df9f3262
xmodelmesh,#hash_6561234f1834e0a8
xmodelmesh,#hash_65681c816a6485d3
xmodelmesh,#hash_657114d2e3eb9fbc
xmodelmesh,#hash_6573658a057ce48a
xmodelmesh,#hash_657b866842022a67
xmodelmesh,#hash_6580f8ae5d73366f
xmodelmesh,#hash_65836ee6882c214e
xmodelmesh,#hash_65848400fa57b12d
xmodelmesh,#hash_658681beff08b9e6
xmodelmesh,#hash_6587e27576549a7f
xmodelmesh,#hash_65991dbf302e418e
xmodelmesh,#hash_659a786fca937bc4
xmodelmesh,#hash_659ab0b560722584
xmodelmesh,#hash_659e017219fdd886
xmodelmesh,#hash_659f26c1a9cc7646
xmodelmesh,#hash_65b37a940097343d
xmodelmesh,d#hash_65b52cb3b7159b4d
xmodelmesh,#hash_65bcc31c8571e67c
xmodelmesh,#hash_65c577d63b9030b5
xmodelmesh,#hash_65cbae0836b2e65c
xmodelmesh,#hash_65ce35c7f5543e93
xmodelmesh,#hash_65ce88b0f3c4935d
xmodelmesh,#hash_65d34501e1974eb9
xmodelmesh,#hash_65d4522f329b88f5
xmodelmesh,#hash_65d73c388c0b8f43
xmodelmesh,#hash_65e2cfd9d54b85a3
xmodelmesh,#hash_65e422de90e0496f
xmodelmesh,#hash_65e6fe15438c35ce
xmodelmesh,#hash_65e79039755154c0
xmodelmesh,#hash_65ef98ed159ce02c
xmodelmesh,#hash_65f06960fa4cec7c
xmodelmesh,#hash_65f21e322b2c5d9c
xmodelmesh,#hash_65f2a0b65c86cf59
xmodelmesh,#hash_65f430cecef8b552
xmodelmesh,#hash_65f47785aec52afe
xmodelmesh,#hash_65f56fad3eb856c8
xmodelmesh,#hash_6604437bee741037
xmodelmesh,#hash_660667f68eddc8bf
xmodelmesh,#hash_66149441c038ad9e
xmodelmesh,#hash_66158b85f8f114c4
xmodelmesh,#hash_6615a2ee93cae857
xmodelmesh,#hash_661bf000f8d616aa
xmodelmesh,#hash_661e94b160be8d0f
xmodelmesh,d#hash_662265114ef5cf16
xmodelmesh,#hash_66286e4ff3e11af4
xmodelmesh,#hash_662b807a26d2f93d
xmodelmesh,#hash_662bfcd7e9b090ea
xmodelmesh,#hash_66349091a9596067
xmodelmesh,#hash_663d45d35707f6bc
xmodelmesh,#hash_663ebfb37ae8e5b8
xmodelmesh,#hash_664177b27a7e3027
xmodelmesh,#hash_66449e74e7b39173
xmodelmesh,#hash_664ba5262cddb896
xmodelmesh,#hash_6651c91bdefe0a50
xmodelmesh,#hash_6661516ac25a2159
xmodelmesh,#hash_666609572a20f1cd
xmodelmesh,#hash_66690bbc0e87a7e6
xmodelmesh,#hash_667e149005ba9a9d
xmodelmesh,#hash_668acc0ee019d0db
xmodelmesh,#hash_668bd1da7e8aa81c
xmodelmesh,#hash_6699336ca714e025
xmodelmesh,#hash_669f1ad9ce60382f
xmodelmesh,#hash_66b8eee8d6cfa8b4
xmodelmesh,#hash_66c130c42788a167
xmodelmesh,#hash_66c6a8b08e45ae73
xmodelmesh,#hash_66d0b345c81f4bde
xmodelmesh,#hash_66d237221f9ec63e
xmodelmesh,#hash_66d8ea261298d1b7
xmodelmesh,#hash_66dc50e47dbaf773
xmodelmesh,#hash_66e39bb7985f15f0
xmodelmesh,#hash_66ec1813c70cdf2c
xmodelmesh,#hash_66ee29d5e98f94a0
xmodelmesh,#hash_66ef6510ee07fd71
xmodelmesh,#hash_66f5c8512380d73f
xmodelmesh,#hash_66f6d4e51f26e375
xmodelmesh,#hash_66ff95e4912af494
xmodelmesh,#hash_670092fe715eb3e0
xmodelmesh,#hash_670d265ea15cda8e
xmodelmesh,#hash_670d573ba7d28be0
xmodelmesh,#hash_6711d689e5cd8734
xmodelmesh,#hash_672569770a5f6b93
xmodelmesh,#hash_672c3647ccfe7b7f
xmodelmesh,#hash_672d192802797113
xmodelmesh,#hash_672dac594e8003a0
xmodelmesh,#hash_67312b5717125d3e
xmodelmesh,#hash_673c25f883083441
xmodelmesh,d#hash_673e40bf65870cda
xmodelmesh,#hash_674c7a3382181b9b
xmodelmesh,#hash_674da78985e2a0b6
xmodelmesh,#hash_6750dda02a9877e1
xmodelmesh,#hash_675124f2a96626bf
xmodelmesh,#hash_6757a9d1990e4ca3
xmodelmesh,#hash_675e21381f7d6a2b
xmodelmesh,#hash_6760643f0976ecf2
xmodelmesh,#hash_67625c27f293616f
xmodelmesh,#hash_6762f92a3d5cb7ab
xmodelmesh,#hash_6765e0a4904bd958
xmodelmesh,d#hash_6768b416abbcac74
xmodelmesh,#hash_676de3490d94c645
xmodelmesh,#hash_67701d9b85f9157b
xmodelmesh,#hash_67732dc1642b56ec
xmodelmesh,#hash_677394f7714fb501
xmodelmesh,#hash_6774229bfbc38532
xmodelmesh,#hash_677d3933f1f9e3d0
xmodelmesh,#hash_678a6f50aae87200
xmodelmesh,#hash_678b0682da09f662
xmodelmesh,#hash_678dbcaae0534b5b
xmodelmesh,#hash_6793bd2caf015af5
xmodelmesh,#hash_679b7b3d13907654
xmodelmesh,#hash_67a01aa7f8da83dd
xmodelmesh,#hash_67a5fbf628965a19
xmodelmesh,#hash_67ae38b3b31fa7a4
xmodelmesh,#hash_67afc25eed5ef42c
xmodelmesh,#hash_67b754b1bb53dcb6
xmodelmesh,#hash_67bd06b9d2fc4c29
xmodelmesh,#hash_67bd9f937eaf60ed
xmodelmesh,#hash_67c2d57ff93e40fb
xmodelmesh,#hash_67c392ae59b9d8f7
xmodelmesh,#hash_67cb0860327ffb76
xmodelmesh,#hash_67d06a266b32b6b7
xmodelmesh,#hash_67d6a46fe9cf567b
xmodelmesh,#hash_67e46ca752282869
xmodelmesh,#hash_67e6eb6e766bc4cd
xmodelmesh,#hash_67ef4bbe5e310fde
xmodelmesh,#hash_67f07b7b2cc1ccc8
xmodelmesh,#hash_67f1280e7a72dc28
xmodelmesh,#hash_67f172b278e516e8
xmodelmesh,#hash_67f6f9f54e78c0d9
xmodelmesh,#hash_681edc0a85eb6d34
xmodelmesh,d#hash_681ef24d3d43e887
xmodelmesh,#hash_6830b1518725b4d6
xmodelmesh,#hash_683239562daf66d8
xmodelmesh,#hash_684c73baa3e3003e
xmodelmesh,#hash_6851e63990836318
xmodelmesh,#hash_685496e5f79be979
xmodelmesh,#hash_685ff3f69bfba8f4
xmodelmesh,#hash_68661ef1336fd40d
xmodelmesh,#hash_686baac67052e4ad
xmodelmesh,#hash_68747f440a32994a
xmodelmesh,#hash_687775f06abea907
xmodelmesh,#hash_687b7a131225ab46
xmodelmesh,#hash_687d485c555302e8
xmodelmesh,#hash_6880a81c6c0226d8
xmodelmesh,#hash_68829f8ce82809be
xmodelmesh,#hash_68889de519b3f7ff
xmodelmesh,d#hash_688a23c39db4fe3a
xmodelmesh,#hash_689690db68782f9e
xmodelmesh,#hash_6897c73c799677e5
xmodelmesh,#hash_68987a5e52660d29
xmodelmesh,#hash_689b64ebf62ed966
xmodelmesh,#hash_689bcbc562b5522c
xmodelmesh,#hash_68a0740f7cc7cc7c
xmodelmesh,#hash_68a794c117d46994
xmodelmesh,#hash_68acbabb4b8b01ea
xmodelmesh,#hash_68b61faf14eb9d57
xmodelmesh,#hash_68c1b2906da1027b
xmodelmesh,#hash_68c5c8409f00ccc7
xmodelmesh,#hash_68cb0f7ce223f560
xmodelmesh,#hash_68d2fb8320d1489e
xmodelmesh,#hash_68d87aa0a2f768d9
xmodelmesh,#hash_68dd6f20d49fc77a
xmodelmesh,#hash_68dfbcbc95f69826
xmodelmesh,#hash_68e90013cf7921ee
xmodelmesh,#hash_68ec176e356fa6d9
xmodelmesh,#hash_68f37c6fac250f49
xmodelmesh,#hash_68fb4c17fdb24548
xmodelmesh,#hash_68fdbd509360e22b
xmodelmesh,#hash_68fe8c6602d174ca
xmodelmesh,#hash_69198c9d957d7920
xmodelmesh,#hash_6933c39b99aa3373
xmodelmesh,#hash_6938e13f8a87adc7
xmodelmesh,#hash_6946387fe26062ac
xmodelmesh,#hash_6948479e64690359
xmodelmesh,#hash_695706d80e2f2ab4
xmodelmesh,#hash_695f5691feb615fd
xmodelmesh,#hash_697075bb24e9fc8d
xmodelmesh,#hash_697632f7f6905da0
xmodelmesh,#hash_69abe1f36c42afad
xmodelmesh,#hash_69b061fe436620de
xmodelmesh,#hash_69b66fee5c22d28b
xmodelmesh,#hash_69b99d71b081cb66
xmodelmesh,#hash_69bae194b685457d
xmodelmesh,#hash_69c669f907386912
xmodelmesh,#hash_69c9fa03c1e97811
xmodelmesh,#hash_69dfa15a87f4d286
xmodelmesh,#hash_69f114a7ac6625e9
xmodelmesh,#hash_69f94366e4811d99
xmodelmesh,#hash_6a06a7a6ab9aa98a
xmodelmesh,#hash_6a09bb071c0dce28
xmodelmesh,#hash_6a0f2e46def79a8e
xmodelmesh,#hash_6a16ad141cbcc8fa
xmodelmesh,#hash_6a18a543ee78aebe
xmodelmesh,#hash_6a1bbbe88a53991c
xmodelmesh,d#hash_6a1d18020803c32b
xmodelmesh,#hash_6a2244eebdd7ea3d
xmodelmesh,#hash_6a2cd48cdc7ed7cb
xmodelmesh,#hash_6a36b5b87d30c9d4
xmodelmesh,#hash_6a3ca669fb7e524d
xmodelmesh,#hash_6a499c8e284001d2
xmodelmesh,#hash_6a49bf8804f6404b
xmodelmesh,#hash_6a554e36527f928b
xmodelmesh,#hash_6a55b3bd0e6c417e
xmodelmesh,#hash_6a5a161252cbb365
xmodelmesh,#hash_6a5e4780d187f88e
xmodelmesh,#hash_6a6807d8b188fc59
xmodelmesh,#hash_6a7b052f43106fb5
xmodelmesh,#hash_6a824ce4029ff434
xmodelmesh,#hash_6a847ea19b6073bc
xmodelmesh,#hash_6a8a84fee512e46b
xmodelmesh,#hash_6a8d102da9a90c44
xmodelmesh,#hash_6a90ca9f154bb871
xmodelmesh,#hash_6a9188e7b83ce643
xmodelmesh,#hash_6a9307e905d7c202
xmodelmesh,#hash_6a966cb3d6464063
xmodelmesh,#hash_6a972f2206fa4eff
xmodelmesh,#hash_6a9d8f81d8627d29
xmodelmesh,#hash_6aa0697a46cded97
xmodelmesh,#hash_6aa279648c279cf9
xmodelmesh,#hash_6aa98f8901a92815
xmodelmesh,#hash_6ab7f3a8d7c68960
xmodelmesh,#hash_6ac2958ba982a47c
xmodelmesh,#hash_6ac50b650cf6177e
xmodelmesh,#hash_6addfeb961f3c2ab
xmodelmesh,#hash_6adf169774e85716
xmodelmesh,#hash_6ae16bb7e047d1f0
xmodelmesh,#hash_6ae1b9f63da4077a
xmodelmesh,#hash_6ae2123c7bd78f40
xmodelmesh,#hash_6ae2b4742f136fbe
xmodelmesh,#hash_6ae5fb54adcc06c3
xmodelmesh,#hash_6aeb93049f2ce792
xmodelmesh,#hash_6aef8f8a2cd04e91
xmodelmesh,#hash_6af3a321e569b58e
xmodelmesh,#hash_6af3e2fd9afc264c
xmodelmesh,#hash_6af5192aa42458bc
xmodelmesh,d#hash_6af72a963a3aec73
xmodelmesh,#hash_6afb691f306a20e3
xmodelmesh,#hash_6b02adcc775fa2aa
xmodelmesh,#hash_6b056c4c45c6c885
xmodelmesh,#hash_6b06d74c3ea950ad
xmodelmesh,#hash_6b0e557ca7fa0208
xmodelmesh,#hash_6b0eb38c472e8ac7
xmodelmesh,#hash_6b0f7d27f045e213
xmodelmesh,#hash_6b127215add74f24
xmodelmesh,#hash_6b1295ce34f93b69
xmodelmesh,#hash_6b15e37ce789c6bd
xmodelmesh,#hash_6b1a0aa4f9e027d2
xmodelmesh,#hash_6b1cf57870596306
xmodelmesh,#hash_6b1eabd8dd0e6d2c
xmodelmesh,#hash_6b23ba13c66aef84
xmodelmesh,#hash_6b28ddba61871012
xmodelmesh,#hash_6b342b28680536a2
xmodelmesh,#hash_6b34c1139e4ca4bd
xmodelmesh,#hash_6b355f0a49fc743a
xmodelmesh,#hash_6b39326672956525
xmodelmesh,#hash_6b3c3ff4fd94c0c0
xmodelmesh,#hash_6b4065d909ba9f0a
xmodelmesh,#hash_6b481acb2ae69f40
xmodelmesh,#hash_6b4993fbb3847881
xmodelmesh,#hash_6b4d24682fa7758f
xmodelmesh,#hash_6b517a444fddddf4
xmodelmesh,#hash_6b523342ac30eedc
xmodelmesh,#hash_6b52e0de72832add
xmodelmesh,#hash_6b534927c7247500
xmodelmesh,#hash_6b5d40c6642ffced
xmodelmesh,#hash_6b64508133df4b9c
xmodelmesh,#hash_6b70dedf1db93dfd
xmodelmesh,#hash_6b878c9e0e6628d0
xmodelmesh,d#hash_6b896a1fdc61a72b
xmodelmesh,#hash_6b9698d524689b0d
xmodelmesh,#hash_6ba1d6b90284acda
xmodelmesh,#hash_6ba319eb513e449b
xmodelmesh,#hash_6ba62be8151c9656
xmodelmesh,#hash_6bacf3a781671d16
xmodelmesh,#hash_6bba9fc1c8828471
xmodelmesh,#hash_6bbe7be44742333e
xmodelmesh,#hash_6bc13c8298de43a7
xmodelmesh,#hash_6bc2c55bdbfa8f51
xmodelmesh,#hash_6bca3af1bcd23721
xmodelmesh,#hash_6bd3e540390ed6c9
xmodelmesh,#hash_6bd453ae50e3bb3e
xmodelmesh,#hash_6bd795160d58e630
xmodelmesh,#hash_6bd8b725deb061fc
xmodelmesh,#hash_6bd9c52360832587
xmodelmesh,#hash_6bdc27cd9fab8521
xmodelmesh,#hash_6beb36509b35c797
xmodelmesh,#hash_6c0e371ef5019139
xmodelmesh,#hash_6c1d0f6b90df40e4
xmodelmesh,#hash_6c1f4ff510826060
xmodelmesh,d#hash_6c28bb65ba521272
xmodelmesh,#hash_6c30670b913eed0d
xmodelmesh,#hash_6c31a070927c2f1c
xmodelmesh,#hash_6c32c93acb728c21
xmodelmesh,#hash_6c3397aedc9d8fad
xmodelmesh,#hash_6c351812c78b48ed
xmodelmesh,#hash_6c395d7600289200
xmodelmesh,#hash_6c4cdaff89a8fa0f
xmodelmesh,#hash_6c58d1770e391db0
xmodelmesh,d#hash_6c671bb13f4fba47
xmodelmesh,#hash_6c6a798559c7a1e0
xmodelmesh,#hash_6c6d40879636e738
xmodelmesh,#hash_6c70713520509a3a
xmodelmesh,#hash_6c73ec7f688aac71
xmodelmesh,d#hash_6c7bfee79eb9cc53
xmodelmesh,#hash_6c8a296cc5e97998
xmodelmesh,#hash_6c94b7e66ba310c6
xmodelmesh,#hash_6c954b41e63d61c8
xmodelmesh,#hash_6c99f86600da7426
xmodelmesh,#hash_6ca2cc859556205d
xmodelmesh,#hash_6ca4268c05becb6b
xmodelmesh,#hash_6ca60c08d54923a4
xmodelmesh,#hash_6cad046ab4587d8c
xmodelmesh,#hash_6cb128bac1990175
xmodelmesh,#hash_6cb991f82c40e7f1
xmodelmesh,#hash_6cbc96503bc5e8d7
xmodelmesh,#hash_6cbcdc67edfbf36e
xmodelmesh,#hash_6cbd3e0f5fb8d8a1
xmodelmesh,#hash_6cc04470c777f3de
xmodelmesh,#hash_6cc2ca127d3078f1
xmodelmesh,#hash_6cc73373b01648c6
xmodelmesh,#hash_6cca069cffa59d6c
xmodelmesh,#hash_6cd171b81b08403a
xmodelmesh,#hash_6cd7eeceafa4031b
xmodelmesh,#hash_6cdb5c3510fb5857
xmodelmesh,#hash_6cf86af993f3c913
xmodelmesh,#hash_6cfa34ea547696e4
xmodelmesh,#hash_6cfae1b6e9541bf1
xmodelmesh,#hash_6d0306e63ffcbd0a
xmodelmesh,#hash_6d040f2df979ee1f
xmodelmesh,#hash_6d0e3d6afb55c09b
xmodelmesh,#hash_6d1490744937fd10
xmodelmesh,#hash_6d22878a6cd1eef9
xmodelmesh,#hash_6d23ae8562ce6733
xmodelmesh,#hash_6d25eedc8be546df
xmodelmesh,#hash_6d2c6f3e90ea49bb
xmodelmesh,#hash_6d32ec21a62de3b0
xmodelmesh,#hash_6d33d421ce1dd066
xmodelmesh,#hash_6d37603c863c0e56
xmodelmesh,#hash_6d38628c733a03ab
xmodelmesh,#hash_6d3fddf3137139ec
xmodelmesh,#hash_6d4501b9fc479d9b
xmodelmesh,#hash_6d4d66a995b30ed1
xmodelmesh,#hash_6d5e723b4cadf647
xmodelmesh,#hash_6d754a4a31799a1f
xmodelmesh,#hash_6d868e980772b462
xmodelmesh,#hash_6d8ad66d6ccbc717
xmodelmesh,#hash_6d8b3a7f89633c5b
xmodelmesh,#hash_6d8c75aeabceb638
xmodelmesh,#hash_6d9146677bb97f54
xmodelmesh,#hash_6d91c2a071634eda
xmodelmesh,#hash_6d9d9a32741a2f81
xmodelmesh,#hash_6da4123522df5305
xmodelmesh,#hash_6da53e077ba2b290
xmodelmesh,#hash_6da5896974932499
xmodelmesh,#hash_6dae7c28badb06b3
xmodelmesh,#hash_6daf096e6c14a8b4
xmodelmesh,#hash_6db13be247851238
xmodelmesh,d#hash_6db48c7320825e69
xmodelmesh,#hash_6db6224aff5628bf
xmodelmesh,#hash_6dbd887b8d3fed46
xmodelmesh,#hash_6dbf07ec2b7cf5e7
xmodelmesh,#hash_6dc0af8c428bfb13
xmodelmesh,#hash_6dd3e05632b8fcd7
xmodelmesh,#hash_6dd83b11f8cb7d9f
xmodelmesh,#hash_6de07448744c8256
xmodelmesh,#hash_6de367ed7424cfa7
xmodelmesh,#hash_6de69bcf64743c13
xmodelmesh,#hash_6deac859dc156742
xmodelmesh,#hash_6debbcb6f190efb4
xmodelmesh,#hash_6dee7a3f6d078f95
xmodelmesh,#hash_6def43957acf6190
xmodelmesh,#hash_6df3c852f48749eb
xmodelmesh,#hash_6df5e7b214de15b5
xmodelmesh,#hash_6df67e0cad86b869
xmodelmesh,#hash_6df86a55a5a5a642
xmodelmesh,#hash_6df96c266831f940
xmodelmesh,#hash_6dfe171884c9f5c6
xmodelmesh,#hash_6e03b8a33e3df8bd
xmodelmesh,#hash_6e0832f50bd7053b
xmodelmesh,#hash_6e102cc48abf6155
xmodelmesh,#hash_6e111708d1df402d
xmodelmesh,#hash_6e12649f9bc8af55
xmodelmesh,#hash_6e2fea09f5ba048d
xmodelmesh,#hash_6e329fc1bfc931b0
xmodelmesh,#hash_6e369d1501c7480e
xmodelmesh,#hash_6e3937ebd1d98c78
xmodelmesh,#hash_6e3a324727fc229c
xmodelmesh,#hash_6e3d328565e35147
xmodelmesh,#hash_6e47194079e5cd43
xmodelmesh,#hash_6e5b20431a30c8ab
xmodelmesh,#hash_6e63e5d98e8e2443
xmodelmesh,#hash_6e692ab3782d0790
xmodelmesh,#hash_6e6a281fd8be3a4a
xmodelmesh,#hash_6e6f5f706d4fd6d7
xmodelmesh,#hash_6e879ed9a2b70b27
xmodelmesh,#hash_6e97894010aec44f
xmodelmesh,#hash_6e998f4a2f3f59f2
xmodelmesh,#hash_6ea340683ae49167
xmodelmesh,#hash_6ea503a978d5a731
xmodelmesh,#hash_6ea7f4b09f089b1d
xmodelmesh,#hash_6eb337fd27c6a11a
xmodelmesh,#hash_6eb6e407fc077595
xmodelmesh,#hash_6ebda06fd07451b9
xmodelmesh,#hash_6ec625ac96d14535
xmodelmesh,#hash_6ecaf1a13f0d4c94
xmodelmesh,#hash_6ecc67dbe7a1c062
xmodelmesh,#hash_6ecd5770e8ad75e6
xmodelmesh,#hash_6ed0e8ef11b27c6b
xmodelmesh,#hash_6edeeb687b81fe08
xmodelmesh,#hash_6edf18583304d107
xmodelmesh,#hash_6edf52502af50b66
xmodelmesh,#hash_6ee13e1613b529b9
xmodelmesh,#hash_6ee2f11ff09d7491
xmodelmesh,#hash_6ee37f02839a3530
xmodelmesh,d#hash_6eeb1b3da29e0f42
xmodelmesh,#hash_6eeee5d7c36ff870
xmodelmesh,#hash_6ef249aa0b5cbb82
xmodelmesh,#hash_6efeb3fc2cc3ead3
xmodelmesh,#hash_6f04eb7760866430
xmodelmesh,#hash_6f08ae4823dd6059
xmodelmesh,#hash_6f0aa9995a771ff8
xmodelmesh,#hash_6f0eadf667becb92
xmodelmesh,#hash_6f105f4cfe9619fd
xmodelmesh,#hash_6f109c0b51826193
xmodelmesh,#hash_6f2265db126bfc55
xmodelmesh,#hash_6f24bbe6ed24edec
xmodelmesh,#hash_6f26ec83afa74935
xmodelmesh,#hash_6f27ab31d230d671
xmodelmesh,#hash_6f28a43c90973775
xmodelmesh,#hash_6f28b8e1af03386a
xmodelmesh,#hash_6f2dea417438b43b
xmodelmesh,#hash_6f2f0318ee939ad7
xmodelmesh,#hash_6f2fddf2e8cefb84
xmodelmesh,#hash_6f3197f0b32500e3
xmodelmesh,#hash_6f3bf3b23bfa8d6c
xmodelmesh,#hash_6f445be339758192
xmodelmesh,#hash_6f47a83a76fc474e
xmodelmesh,#hash_6f56737a7b53fddf
xmodelmesh,#hash_6f5a4b65050c6545
xmodelmesh,#hash_6f5be97ec02de9f0
xmodelmesh,#hash_6f6e62aaf51b4612
xmodelmesh,#hash_6f709955beef869b
xmodelmesh,#hash_6f78ef6441646501
xmodelmesh,#hash_6f7a4c3e27c17b8e
xmodelmesh,#hash_6f8799eafd1d0e1a
xmodelmesh,#hash_6f8844cc42a870e3
xmodelmesh,#hash_6f8e6c78759a4c5d
xmodelmesh,#hash_6f8ff845f3ee1d51
xmodelmesh,#hash_6f91f236151d18fc
xmodelmesh,#hash_6f95bff3a4328612
xmodelmesh,#hash_6f98a570aab51aee
xmodelmesh,#hash_6fa11a240ed4ff84
xmodelmesh,#hash_6fa14ed56c255a47
xmodelmesh,#hash_6fa7a91d7ee6d2ec
xmodelmesh,#hash_6fa9d405c60fe975
xmodelmesh,#hash_6fba81f8477b59f0
xmodelmesh,#hash_6fc21b7cb93667f4
xmodelmesh,#hash_6fc2b78fcdf784d1
xmodelmesh,#hash_6fc7a7b9cf9279f1
xmodelmesh,#hash_6fc836ed54aa9ce5
xmodelmesh,#hash_6fc99f1ee77155a5
xmodelmesh,#hash_6fd6bd6e8f485549
xmodelmesh,#hash_6fde38bc639ef97c
xmodelmesh,#hash_6fe1403e234ccb91
xmodelmesh,#hash_6fe9478b88533e1e
xmodelmesh,#hash_6ff7e953b77698b3
xmodelmesh,#hash_6ffaa931efcf69ad
xmodelmesh,#hash_6ffb8b8d8b84fd78
xmodelmesh,#hash_6fff6a33845288db
xmodelmesh,#hash_7000d02ae68852ba
xmodelmesh,#hash_70093261ce60457c
xmodelmesh,#hash_70098c516c66b482
xmodelmesh,#hash_7010e6a48c39b14b
xmodelmesh,#hash_7015120d2a23979b
xmodelmesh,#hash_7022b66b56e5128c
xmodelmesh,#hash_702809a5d413f1fe
xmodelmesh,#hash_7028cf0cee292a22
xmodelmesh,#hash_703864da82f269cd
xmodelmesh,#hash_705a04c0ff27e866
xmodelmesh,#hash_705e93de76a283ef
xmodelmesh,#hash_70643d588e0ca318
xmodelmesh,#hash_70673e832f3402a3
xmodelmesh,#hash_706b91c7c756b72b
xmodelmesh,#hash_706ff20c65bd0b28
xmodelmesh,#hash_7070998297cdbe6a
xmodelmesh,#hash_70774dfa45d5557e
xmodelmesh,#hash_7089972316d9b649
xmodelmesh,#hash_709479da194dd521
xmodelmesh,#hash_709a2afed5f16e58
xmodelmesh,#hash_709d794292ca08a9
xmodelmesh,#hash_70a5fe53d8f24ad1
xmodelmesh,#hash_70ae3ea2efec6b55
xmodelmesh,#hash_70b0805366827d2e
xmodelmesh,#hash_70b179bc5d4b8692
xmodelmesh,#hash_70bef3428837b1ea
xmodelmesh,#hash_70c3706bcf29e9a0
xmodelmesh,#hash_70ce10441f1bed81
xmodelmesh,#hash_70d306c619a4927f
xmodelmesh,#hash_70d553ecf971c96c
xmodelmesh,#hash_70d75588ebd58c77
xmodelmesh,#hash_70db6142c4fa9478
xmodelmesh,#hash_70e557490cf0b123
xmodelmesh,#hash_70e85458484309eb
xmodelmesh,#hash_70ece4c38dff72d4
xmodelmesh,#hash_70f4962ecb0b339e
xmodelmesh,#hash_70f585b298a682de
xmodelmesh,#hash_70f58decfa43ceec
xmodelmesh,#hash_70f60b4980cbf862
xmodelmesh,#hash_70fefe75ee9665b2
xmodelmesh,#hash_710cb21fcb2a0163
xmodelmesh,#hash_710cf95c1e9d4c02
xmodelmesh,d#hash_710f9b6762ea947d
xmodelmesh,#hash_7115b7227a132880
xmodelmesh,#hash_712092fe812e4a71
xmodelmesh,#hash_712674610de275cf
xmodelmesh,#hash_71286c7b0d514bf2
xmodelmesh,d#hash_712abf21129a4afc
xmodelmesh,#hash_712d4f00b2d60c3c
xmodelmesh,#hash_7132ffa7e5c6d438
xmodelmesh,#hash_713f1a030c814363
xmodelmesh,d#hash_71546eb6fbdbe1ca
xmodelmesh,#hash_715569851407198c
xmodelmesh,#hash_715c5c0f675d1940
xmodelmesh,#hash_715c760c19cdce87
xmodelmesh,#hash_715d1a817f33b1af
xmodelmesh,#hash_715f3c02fda49e15
xmodelmesh,#hash_716a0abf0c5065ac
xmodelmesh,#hash_716f3180e7fd8ae9
xmodelmesh,#hash_7170adce75a378c1
xmodelmesh,#hash_7183975a88743708
xmodelmesh,#hash_7188509b14b1a21b
xmodelmesh,#hash_718e8b00f340a5da
xmodelmesh,#hash_718f3e8d61674e44
xmodelmesh,#hash_7195ab25883c0d52
xmodelmesh,#hash_71b7e7c0c447a4be
xmodelmesh,#hash_71b8719243993940
xmodelmesh,#hash_71bb19e3ad63b68f
xmodelmesh,#hash_71bdfc884c082ccf
xmodelmesh,#hash_71c2187941275a15
xmodelmesh,#hash_71c6c3911d8dc320
xmodelmesh,#hash_71d146d8744bd0c5
xmodelmesh,#hash_71e1e02cd0ecf32e
xmodelmesh,#hash_71eb30cba9ecc2bd
xmodelmesh,#hash_71ebf51ae5f39878
xmodelmesh,#hash_71ed9eb17bca1f12
xmodelmesh,#hash_720a2ee1a4a24d91
xmodelmesh,#hash_720a3b50b74da25f
xmodelmesh,#hash_720a61c22ca8e7a0
xmodelmesh,#hash_720ede5ee59990a9
xmodelmesh,#hash_7211c48a5d416cb5
xmodelmesh,#hash_72186a2d74a939af
xmodelmesh,#hash_721fe076603a631c
xmodelmesh,#hash_722174435b5dc48a
xmodelmesh,#hash_72255036ff1776e8
xmodelmesh,#hash_722db31715084f04
xmodelmesh,#hash_722dc11b05d6ec28
xmodelmesh,#hash_722fda86a44e0c2d
xmodelmesh,#hash_7234013209229c3a
xmodelmesh,#hash_723e62d0930400d7
xmodelmesh,#hash_724423b9f0e05e82
xmodelmesh,#hash_724c61cd7d33aa3e
xmodelmesh,d#hash_7250d3294a5560f6
xmodelmesh,#hash_7250f233689cd30f
xmodelmesh,#hash_7254a1776e30d73b
xmodelmesh,#hash_725a8aad94311f7c
xmodelmesh,#hash_725cb87341946b4c
xmodelmesh,#hash_725e37a99153816e
xmodelmesh,#hash_72645a436bbb3e53
xmodelmesh,#hash_7269484057ef7288
xmodelmesh,#hash_727749774a3a41c5
xmodelmesh,#hash_72777719480ac411
xmodelmesh,#hash_727d869e1a7229ed
xmodelmesh,#hash_7280fbd5bc14b8d8
xmodelmesh,#hash_7284f49fccf5fef9
xmodelmesh,#hash_72873c9ff7ad94f0
xmodelmesh,#hash_72895c0c72c5c42f
xmodelmesh,#hash_728b837672fe9729
xmodelmesh,#hash_728ee27b71762728
xmodelmesh,#hash_729dd357499c82d0
xmodelmesh,#hash_72a0abcb89ee6c44
xmodelmesh,d#hash_72a3f23f024d706e
xmodelmesh,#hash_72a5d19db7884737
xmodelmesh,#hash_72a7274fc06fc899
xmodelmesh,#hash_72b05d409f0bd749
xmodelmesh,#hash_72b22dbd03be3dba
xmodelmesh,#hash_72b89864cf675b78
xmodelmesh,#hash_72bcf3abfde50869
xmodelmesh,#hash_72c5104bfa4e7ec7
xmodelmesh,#hash_72d0d63dd1858b28
xmodelmesh,#hash_72d13b17e5d3611e
xmodelmesh,#hash_72dcccff118c29cf
xmodelmesh,d#hash_72dfed416da0d93e
xmodelmesh,#hash_72e0862b3941b619
xmodelmesh,#hash_72e9cd147061d30a
xmodelmesh,#hash_72ebd228adcad2e4
xmodelmesh,#hash_72ef01b6e647a2dc
xmodelmesh,#hash_72f15103273a400d
xmodelmesh,#hash_72f773d2baad512e
xmodelmesh,#hash_72fa83847c27a1b3
xmodelmesh,#hash_72fb9192cf8c919d
xmodelmesh,#hash_72fd238255b82bbf
xmodelmesh,#hash_72fd8e01eeb78299
xmodelmesh,#hash_7306f77fdd1fc911
xmodelmesh,#hash_730ad79d9c1f5f48
xmodelmesh,d#hash_730bca3270dd0113
xmodelmesh,#hash_730f96d0c22372d3
xmodelmesh,#hash_7310911aaf004713
xmodelmesh,#hash_7311a50430f707f2
xmodelmesh,#hash_731585a9938f4fa8
xmodelmesh,#hash_731d51cc9587fe2d
xmodelmesh,#hash_733daca0676d3306
xmodelmesh,#hash_7340d6eb76ea287c
xmodelmesh,#hash_7347e0543bee8cee
xmodelmesh,#hash_735270e344ac1dd5
xmodelmesh,#hash_735b839b33cead9d
xmodelmesh,#hash_7364ba7ac4d29ea8
xmodelmesh,#hash_7365a0f373c8f1ee
xmodelmesh,#hash_73789b5ec65e2c0e
xmodelmesh,#hash_737980281d7403d9
xmodelmesh,#hash_738592923eb9fb8d
xmodelmesh,#hash_7392fbc18e167a6b
xmodelmesh,#hash_73958b4fd7eb3807
xmodelmesh,#hash_739ea6c3b2bd51a1
xmodelmesh,#hash_73a509617dbe10ed
xmodelmesh,d#hash_73b85b1774a3949a
xmodelmesh,d#hash_73be1861135baa8f
xmodelmesh,#hash_73c0711f77f7b939
xmodelmesh,#hash_73c2726fa28a0381
xmodelmesh,d#hash_73d0e7b8a52773dd
xmodelmesh,#hash_73d2ff02daad6e13
xmodelmesh,#hash_73d46620a2c4e735
xmodelmesh,#hash_73d66ec76b60a5ee
xmodelmesh,#hash_73de0e58f1d6edd7
xmodelmesh,#hash_73e0624c9467417f
xmodelmesh,#hash_73e4f6a991244d33
xmodelmesh,#hash_73e79d879deaa29c
xmodelmesh,#hash_73eb26f988f3ad80
xmodelmesh,#hash_73ec5b79afcefa6f
xmodelmesh,#hash_73f8190ceb9b6004
xmodelmesh,#hash_73fea336cb67630e
xmodelmesh,#hash_73fefc1611876a6f
xmodelmesh,d#hash_740a92d839747ed6
xmodelmesh,#hash_740ae09f2741d8bb
xmodelmesh,#hash_741186d2df35a719
xmodelmesh,#hash_74130aa1c4203bea
xmodelmesh,#hash_741676801e0449ee
xmodelmesh,#hash_741e80b1cecfb8bc
xmodelmesh,#hash_742909de08847e0f
xmodelmesh,#hash_743363ee7427cf6d
xmodelmesh,#hash_74341f801d7af854
xmodelmesh,#hash_7441be1953283eb2
xmodelmesh,#hash_7442ee771e5b8690
xmodelmesh,#hash_744375d548f85723
xmodelmesh,#hash_744c3c54ccbe55d9
xmodelmesh,#hash_744e43a1697d6d64
xmodelmesh,#hash_745e81d913d6951a
xmodelmesh,#hash_745ece8b83f175b7
xmodelmesh,#hash_7466dcbd8395eade
xmodelmesh,#hash_74777a210244c99e
xmodelmesh,#hash_747835ad830852b6
xmodelmesh,#hash_747b7f2973f88458
xmodelmesh,#hash_747c303cafa6fbec
xmodelmesh,#hash_747cb4357444cce5
xmodelmesh,#hash_747d940769e1ca3f
xmodelmesh,#hash_74822ad7898d30b7
xmodelmesh,#hash_74873757bf2dfd97
xmodelmesh,#hash_748841af09773f10
xmodelmesh,d#hash_748af3082afb1159
xmodelmesh,#hash_749134e9998849d4
xmodelmesh,#hash_7494bbd957da5d2f
xmodelmesh,#hash_7496e07f57b46ac9
xmodelmesh,#hash_749a5c90e3b7fa21
xmodelmesh,#hash_74aa81849e62a7e4
xmodelmesh,#hash_74ac70ba437986d9
xmodelmesh,#hash_74b49269172a01b2
xmodelmesh,#hash_74b504ecfd9ae2a5
xmodelmesh,#hash_74b653de8c19a9b3
xmodelmesh,#hash_74bcdfedee1a3dcb
xmodelmesh,#hash_74c1bbe82ecd66b8
xmodelmesh,#hash_74c609707d2ccacc
xmodelmesh,#hash_74c993483b10eb39
xmodelmesh,#hash_74d0f244ca23c5ad
xmodelmesh,#hash_74d1cbf4fe12e193
xmodelmesh,#hash_74d9442ff512136d
xmodelmesh,#hash_74daa429e98cb05f
xmodelmesh,#hash_74dffe3a29bc3925
xmodelmesh,#hash_74e6894367f44e5a
xmodelmesh,d#hash_74e8c7e1086be356
xmodelmesh,#hash_74eb1edb6407ff95
xmodelmesh,#hash_74efa3545177e000
xmodelmesh,#hash_74f33ecc18f9f9c4
xmodelmesh,#hash_75013befb240cff5
xmodelmesh,#hash_7503c611a0019096
xmodelmesh,#hash_7503dfef9e83be55
xmodelmesh,#hash_7505a0321ebebe84
xmodelmesh,#hash_7506bfda34183826
xmodelmesh,#hash_750db6db7ea22beb
xmodelmesh,#hash_75145a1f3064c145
xmodelmesh,#hash_751ba7551534c619
xmodelmesh,#hash_751f553bf53c90b1
xmodelmesh,#hash_752a20eefa0f7b91
xmodelmesh,#hash_75434736225ed5d9
xmodelmesh,#hash_755c0b8ed91c99c9
xmodelmesh,#hash_75607f5cf9590346
xmodelmesh,#hash_7562f68f11b4d815
xmodelmesh,#hash_756f1d89f7ebca3a
xmodelmesh,#hash_756f64a212e96fa7
xmodelmesh,#hash_75704fb01988159f
xmodelmesh,#hash_75758f91c4a2de14
xmodelmesh,#hash_7576748d643bb93d
xmodelmesh,#hash_7577e0cced436413
xmodelmesh,#hash_75796e03c5f3c6f1
xmodelmesh,#hash_757ad0da523aecf4
xmodelmesh,#hash_7581a8b4be22a4a8
xmodelmesh,#hash_758292a052d4a772
xmodelmesh,#hash_7586e9248fdb8f56
xmodelmesh,#hash_758a705f4edcfefa
xmodelmesh,#hash_7599bac01c8c90ab
xmodelmesh,#hash_75a5c87f1ccb7497
xmodelmesh,#hash_75a79aa658033fa3
xmodelmesh,#hash_75aa45992a9835e9
xmodelmesh,#hash_75ad5c915081753f
xmodelmesh,#hash_75ae6b377e72b821
xmodelmesh,#hash_75af4f5b723d05a1
xmodelmesh,#hash_75b004f61a176600
xmodelmesh,#hash_75c4cfa4376db666
xmodelmesh,#hash_75c777f15a10b87c
xmodelmesh,#hash_75c88d2365377001
xmodelmesh,#hash_75c91b3c391f4cea
xmodelmesh,#hash_75cd8f3b8936ed8e
xmodelmesh,#hash_75def131e1f9c60e
xmodelmesh,#hash_75e6ebadb5a9fcd9
xmodelmesh,#hash_75ee6ed3bf4f2c4c
xmodelmesh,#hash_760123887b6d57d6
xmodelmesh,#hash_7605f2051bdda27a
xmodelmesh,#hash_76086015cf4596fc
xmodelmesh,#hash_76087483a0354893
xmodelmesh,d#hash_76193896d2e36db0
xmodelmesh,#hash_761e9868e6892087
xmodelmesh,#hash_762125f6df1855a1
xmodelmesh,#hash_762a236c3d138689
xmodelmesh,#hash_76326c4349bcfccc
xmodelmesh,#hash_76360fcd07f5d493
xmodelmesh,#hash_76364fe9235802a7
xmodelmesh,#hash_76375e63d6126066
xmodelmesh,#hash_7637d55744e7f0e4
xmodelmesh,#hash_76386120408f3032
xmodelmesh,#hash_763a7175b805a786
xmodelmesh,#hash_763f757f9fb01794
xmodelmesh,#hash_7644aab7bdd512af
xmodelmesh,#hash_764fe5ecea3211b7
xmodelmesh,#hash_76583632511e5582
xmodelmesh,#hash_766e0e0860b99020
xmodelmesh,#hash_76748c928a2dda11
xmodelmesh,#hash_767860cd545804a7
xmodelmesh,#hash_7684af91353208e6
xmodelmesh,#hash_7693e63007906512
xmodelmesh,#hash_769be65c9e26fdde
xmodelmesh,#hash_76a4c2240d15d6ae
xmodelmesh,#hash_76a9efa3ddf7e966
xmodelmesh,#hash_76b7e52637656131
xmodelmesh,#hash_76b8ce86554091f8
xmodelmesh,#hash_76d0d17a0a4bd105
xmodelmesh,#hash_76e04200993d8475
xmodelmesh,#hash_76e2d626ff9baa5a
xmodelmesh,#hash_76e45895a0139266
xmodelmesh,#hash_76f1ed5ac62d504c
xmodelmesh,#hash_76fcbedabc33afb9
xmodelmesh,#hash_7705db4152f1334d
xmodelmesh,#hash_77097fcd86dc5509
xmodelmesh,#hash_7709bc3f1fd687b2
xmodelmesh,#hash_7710600fcabc6023
xmodelmesh,#hash_7713c03ca82b6ecd
xmodelmesh,#hash_77187038f95fb096
xmodelmesh,d#hash_77213dec05bb7e96
xmodelmesh,#hash_7740b5ce24ac857a
xmodelmesh,#hash_77416e4ee0928d6b
xmodelmesh,#hash_77444cde3eeef06a
xmodelmesh,d#hash_774704561fd3efda
xmodelmesh,#hash_7747927d035db383
xmodelmesh,d#hash_7749d2008b6b7bcb
xmodelmesh,#hash_774b93b30471ef02
xmodelmesh,#hash_774d84fb07da5639
xmodelmesh,#hash_775774fbfe1e694d
xmodelmesh,#hash_775b54d522fc3b8d
xmodelmesh,#hash_7763916173720def
xmodelmesh,#hash_7776b4c3d1773e44
xmodelmesh,#hash_777a109e622ea53c
xmodelmesh,#hash_7782a5ff99c13250
xmodelmesh,#hash_7783ba75f014ee00
xmodelmesh,#hash_77971ee043137c06
xmodelmesh,#hash_779d3e4d3c1c9d22
xmodelmesh,d#hash_779d88e4ff535341
xmodelmesh,#hash_77a63872fefc6155
xmodelmesh,#hash_77a9f432fc19f0e0
xmodelmesh,#hash_77ac3d3110922d3d
xmodelmesh,#hash_77c1f567aab37885
xmodelmesh,#hash_77c49d656a170a72
xmodelmesh,#hash_77e161e7ec04d347
xmodelmesh,#hash_77e1d0f6aba8d95e
xmodelmesh,#hash_77ff640ec2bda238
xmodelmesh,#hash_78070fe6cee5658d
xmodelmesh,#hash_78079e94fade4335
xmodelmesh,#hash_78079ffe93caca4e
xmodelmesh,#hash_780afa9716be282a
xmodelmesh,#hash_78145b38671efc4e
xmodelmesh,#hash_781c9f4e63da5f69
xmodelmesh,#hash_782a20a5adfe2044
xmodelmesh,#hash_782b0b4098af4781
xmodelmesh,#hash_782b33d72ff5d757
xmodelmesh,#hash_782ba7acb291118e
xmodelmesh,#hash_782bd6ef167c13c7
xmodelmesh,d#hash_783868af6533685e
xmodelmesh,#hash_783ef1bb9a444ab3
xmodelmesh,#hash_784cd428360a6038
xmodelmesh,#hash_784f8bb48e35b2f4
xmodelmesh,d#hash_785176bbe8c8e990
xmodelmesh,#hash_785328d2d0a8023e
xmodelmesh,#hash_7857306d10b54254
xmodelmesh,#hash_786a02ab8512aaa6
xmodelmesh,#hash_786abf6efa2f6c3a
xmodelmesh,d#hash_786e634c06e4d02b
xmodelmesh,#hash_7878d27a680f01f3
xmodelmesh,#hash_78813a8813c676ec
xmodelmesh,#hash_7883adac3b834edb
xmodelmesh,#hash_788804619f3814ff
xmodelmesh,#hash_7892d9f672f1d983
xmodelmesh,#hash_789529b37b7f0fe3
xmodelmesh,#hash_789e1b656a9c56e2
xmodelmesh,#hash_78a8362deffb3489
xmodelmesh,#hash_78a9bca923acf1ae
xmodelmesh,#hash_78b8c603c01d0099
xmodelmesh,#hash_78b9e0b366408046
xmodelmesh,#hash_78bf4a8168e5f3fa
xmodelmesh,#hash_78c70baba8fe1a2d
xmodelmesh,#hash_78c741da73dbe15e
xmodelmesh,#hash_78d1b47842733b8f
xmodelmesh,d#hash_78d4d31a2374bf92
xmodelmesh,#hash_78d597c6552cce74
xmodelmesh,#hash_78d5c35d5739abe8
xmodelmesh,#hash_78da49e9d85bd966
xmodelmesh,#hash_78e620b6b259e44d
xmodelmesh,#hash_790c57ed7315b4c5
xmodelmesh,#hash_790ea301254ea452
xmodelmesh,#hash_7911081af38761aa
xmodelmesh,#hash_7917a1116b56a7e0
xmodelmesh,#hash_791923c49a1ea63d
xmodelmesh,d#hash_791a819911a0d2f1
xmodelmesh,#hash_791c67c5aa853d01
xmodelmesh,#hash_7924a355b7c53bcd
xmodelmesh,#hash_79251d6e4af389db
xmodelmesh,#hash_79263d4ef8c502ba
xmodelmesh,#hash_7928fdee46f2c987
xmodelmesh,#hash_79332ae179f5691e
xmodelmesh,#hash_793c46daf8f01d55
xmodelmesh,#hash_793cd9b45adc69a7
xmodelmesh,#hash_7942898c80c21887
xmodelmesh,#hash_7947e57e0d3e72ee
xmodelmesh,d#hash_794a0deadaf700d5
xmodelmesh,#hash_794a7a835cb8210a
xmodelmesh,#hash_794c0231c31e3e91
xmodelmesh,#hash_794d746b940123e6
xmodelmesh,#hash_7960f1e8b839c37b
xmodelmesh,#hash_796cd59cf6b72867
xmodelmesh,#hash_7972ebca6463f83c
xmodelmesh,#hash_7975a8969289bc96
xmodelmesh,#hash_7980ca3cceb64664
xmodelmesh,#hash_798f143a1f845f35
xmodelmesh,#hash_799156a58d8a1fa2
xmodelmesh,#hash_79995b62bf0ee366
xmodelmesh,#hash_799c6522661c69ec
xmodelmesh,#hash_79a4b363b58ebc6e
xmodelmesh,#hash_79a6e4b3cd8caf12
xmodelmesh,#hash_79aad6208bed20d7
xmodelmesh,#hash_79ab1f0da5f7ac81
xmodelmesh,#hash_79adb789ec5a440b
xmodelmesh,#hash_79af0f352c6b5f19
xmodelmesh,#hash_79d3ec410a860f3e
xmodelmesh,#hash_79d9d426ab9932a7
xmodelmesh,#hash_79ee2229c94b79d1
xmodelmesh,#hash_7a10e04d9f0d7c04
xmodelmesh,#hash_7a1125a38d4c15ab
xmodelmesh,#hash_7a1c05875589d473
xmodelmesh,#hash_7a2b09cb643c921d
xmodelmesh,#hash_7a2e14fd5972c53a
xmodelmesh,#hash_7a34328f6f85e3fe
xmodelmesh,#hash_7a368cf25e1fdc89
xmodelmesh,#hash_7a37363aa66f6c6b
xmodelmesh,#hash_7a39d3b9a8f3f8ad
xmodelmesh,#hash_7a5e835ee6c39dea
xmodelmesh,#hash_7a63b006dd9630e6
xmodelmesh,#hash_7a63c7eb10be4ef6
xmodelmesh,#hash_7a6479f666d26b27
xmodelmesh,#hash_7a6be3789161ea49
xmodelmesh,#hash_7a759807ee264813
xmodelmesh,#hash_7a839e70d6236913
xmodelmesh,#hash_7a884e5808ee74dd
xmodelmesh,#hash_7a8a3e138f9158e7
xmodelmesh,#hash_7a9355f34b310954
xmodelmesh,#hash_7a935b7131d83e64
xmodelmesh,#hash_7a9959537c9165fd
xmodelmesh,#hash_7a9e84104008b5df
xmodelmesh,#hash_7a9fdd1d5e1c1e62
xmodelmesh,#hash_7aa5d5a9dd339060
xmodelmesh,#hash_7aa5e2593ca2efec
xmodelmesh,#hash_7aa6dc495e9d65bd
xmodelmesh,#hash_7aa7761c913b2b18
xmodelmesh,#hash_7ab1fb062bd427bb
xmodelmesh,#hash_7ac02b0bb6cf2ca0
xmodelmesh,#hash_7ac13d8602478a2d
xmodelmesh,#hash_7ac1494a572970ef
xmodelmesh,d#hash_7ac2f6b979e06fd0
xmodelmesh,#hash_7ac5dd8e1992bf35
xmodelmesh,#hash_7ac734072bf74a21
xmodelmesh,#hash_7ad5195c98e0dce1
xmodelmesh,#hash_7ad5b5a6b5c7960c
xmodelmesh,#hash_7adf46de79e53fea
xmodelmesh,#hash_7aea587a54cfe75c
xmodelmesh,#hash_7aebb60082168480
xmodelmesh,d#hash_7af5ab671d6b3e85
xmodelmesh,#hash_7af8339c67491410
xmodelmesh,#hash_7af8b928ece629b4
xmodelmesh,#hash_7afd5acca7172bf6
xmodelmesh,#hash_7b02bcfb74228f91
xmodelmesh,#hash_7b031b3679796934
xmodelmesh,#hash_7b08bef191129e29
xmodelmesh,#hash_7b0c5470a15c30d8
xmodelmesh,#hash_7b0f38bb2982f914
xmodelmesh,#hash_7b10fb38ad09ea0a
xmodelmesh,#hash_7b1ce37ffc5f8958
xmodelmesh,d#hash_7b1f7bf0a8ba81e3
xmodelmesh,#hash_7b23e17cc846e074
xmodelmesh,#hash_7b2dcbdea1831988
xmodelmesh,#hash_7b2ece36bea07912
xmodelmesh,d#hash_7b3002660d1fc92b
xmodelmesh,#hash_7b31eda26ca7be16
xmodelmesh,#hash_7b322c50addbe6ea
xmodelmesh,#hash_7b33528fcaf01593
xmodelmesh,#hash_7b377c08e0d9550b
xmodelmesh,#hash_7b38c555550697f2
xmodelmesh,#hash_7b41508e8ceb928c
xmodelmesh,#hash_7b46f5dd4df8d9c5
xmodelmesh,#hash_7b476e8ef81112d9
xmodelmesh,#hash_7b4f4a8f8686d28b
xmodelmesh,#hash_7b52e5e46e417fa8
xmodelmesh,#hash_7b5df16007fd244b
xmodelmesh,#hash_7b6122c8f1631bab
xmodelmesh,#hash_7b62c791bedb1521
xmodelmesh,#hash_7b639b2696317f00
xmodelmesh,#hash_7b65eda1ac1af53b
xmodelmesh,#hash_7b68b99cc24df9f1
xmodelmesh,#hash_7b6ef7df486f7e50
xmodelmesh,#hash_7b9a4a9380de148e
xmodelmesh,#hash_7b9c0b3f3338ed60
xmodelmesh,#hash_7ba5998876d92438
xmodelmesh,#hash_7ba6a9776bad495b
xmodelmesh,#hash_7bab0bb336bf6663
xmodelmesh,#hash_7bb0e9234a790d5c
xmodelmesh,#hash_7bb4a59e7095abb7
xmodelmesh,#hash_7bbae81adbfcd23d
xmodelmesh,#hash_7bbdb134052f5022
xmodelmesh,#hash_7bc128b1b8c6a606
xmodelmesh,#hash_7bc18899b0b8c90e
xmodelmesh,#hash_7bc3027be35d23f2
xmodelmesh,#hash_7bc90a2a6b5cbffe
xmodelmesh,#hash_7bd516e77a59acca
xmodelmesh,#hash_7bd84468ae8e3f29
xmodelmesh,#hash_7bd96bf98776b662
xmodelmesh,#hash_7be67ce26c8754e6
xmodelmesh,#hash_7bef3dc67ec35b9f
xmodelmesh,#hash_7bf3cadc55b560b4
xmodelmesh,#hash_7c0342550da77149
xmodelmesh,#hash_7c061977519306a7
xmodelmesh,#hash_7c06891546cd85b6
xmodelmesh,#hash_7c0bf3d4c8923326
xmodelmesh,#hash_7c0f2eaac1432ad6
xmodelmesh,#hash_7c0fc41439c45958
xmodelmesh,#hash_7c127c6f4f5b9965
xmodelmesh,#hash_7c1d54522e9cdeb9
xmodelmesh,#hash_7c2c5a8e24fe5f05
xmodelmesh,#hash_7c36701d7aa67dcd
xmodelmesh,#hash_7c37bc35571eaa39
xmodelmesh,#hash_7c39231f175f25bd
xmodelmesh,#hash_7c3fc671eb71db79
xmodelmesh,d#hash_7c411f159c8a0f35
xmodelmesh,d#hash_7c45f2c422ec9704
xmodelmesh,#hash_7c471ceae07da912
xmodelmesh,#hash_7c618afb4d133e8c
xmodelmesh,#hash_7c62b65cf101d71f
xmodelmesh,#hash_7c6485d8e4e75032
xmodelmesh,#hash_7c66a1bfa414cc7e
xmodelmesh,#hash_7c6cb00109c3612b
xmodelmesh,#hash_7c6cfe6bef6be23a
xmodelmesh,#hash_7c70cc28a71cd708
xmodelmesh,#hash_7c7c44139e5ce4be
xmodelmesh,#hash_7c88a04884a90c3c
xmodelmesh,#hash_7c89cd1475b72e00
xmodelmesh,#hash_7c99076dc5abfa97
xmodelmesh,#hash_7c9aadfafc9e5c57
xmodelmesh,#hash_7c9c044751af9fac
xmodelmesh,#hash_7ca3ca681aedcf5d
xmodelmesh,#hash_7ca8b7984916cff7
xmodelmesh,#hash_7ca9080cc34fcd10
xmodelmesh,#hash_7ca9aef8dc854d25
xmodelmesh,#hash_7caa6ab468f5d7c8
xmodelmesh,#hash_7cae03748c0c2835
xmodelmesh,#hash_7cb160411a478bf7
xmodelmesh,#hash_7cbc288c45edfc6a
xmodelmesh,#hash_7cbe4c28a11707d3
xmodelmesh,#hash_7cc22ace9d353960
xmodelmesh,#hash_7ce282e0ac3f8c86
xmodelmesh,d#hash_7ce315830aaf5637
xmodelmesh,#hash_7ce4411dde1f2133
xmodelmesh,#hash_7ce75a7aedaf936d
xmodelmesh,d#hash_7cea5dad258eed08
xmodelmesh,#hash_7cf286daa69ffd5b
xmodelmesh,#hash_7cfd0d9b17d33e7a
xmodelmesh,#hash_7d29747aeebd7159
xmodelmesh,#hash_7d2d2a22ea1f8c35
xmodelmesh,#hash_7d2db2306d1a3835
xmodelmesh,#hash_7d441673c365efa7
xmodelmesh,#hash_7d44948178b4de18
xmodelmesh,#hash_7d468d2ddc964fe9
xmodelmesh,#hash_7d46ed9ef7f16fec
xmodelmesh,#hash_7d4d0b2ce953e172
xmodelmesh,#hash_7d4f653573d17498
xmodelmesh,#hash_7d5560d86c13abf5
xmodelmesh,#hash_7d56f70913892649
xmodelmesh,#hash_7d5e98b95737ccb6
xmodelmesh,#hash_7d6017a47b448337
xmodelmesh,#hash_7d67163f733797d0
xmodelmesh,#hash_7d684bb43769f59e
xmodelmesh,#hash_7d737fe3dcab3b83
xmodelmesh,#hash_7d74a241a3a68023
xmodelmesh,#hash_7d7a7e2416ecd84c
xmodelmesh,#hash_7d830889272a00fb
xmodelmesh,#hash_7d859b9293b05ad9
xmodelmesh,#hash_7d8abffb51ad4b8a
xmodelmesh,#hash_7d8b9d46505c2275
xmodelmesh,#hash_7dac7bc1f04c7afa
xmodelmesh,#hash_7dac9c210fd005b4
xmodelmesh,d#hash_7db29c3ae33e6e2b
xmodelmesh,#hash_7dba35f1d36ce588
xmodelmesh,#hash_7dbd9cb3caaabe71
xmodelmesh,#hash_7dc07480108bc1b6
xmodelmesh,#hash_7dc732661c64735b
xmodelmesh,#hash_7dd69ae95d429f23
xmodelmesh,#hash_7dd711d536fe90b0
xmodelmesh,#hash_7ddea4342434f45b
xmodelmesh,d#hash_7de0d95e7413c7ec
xmodelmesh,#hash_7def73458192eaee
xmodelmesh,#hash_7dfb2c0f6ab01890
xmodelmesh,#hash_7e01d002ea2ca1a3
xmodelmesh,#hash_7e05b59cae9e1aca
xmodelmesh,#hash_7e0a2e0986610f81
xmodelmesh,#hash_7e0b95d0991fa013
xmodelmesh,#hash_7e0ebda72617dd91
xmodelmesh,#hash_7e17894e59ca4cdf
xmodelmesh,#hash_7e1cd135eabb02c8
xmodelmesh,#hash_7e211ed0fb1abd2a
xmodelmesh,#hash_7e29c3a775d279fb
xmodelmesh,#hash_7e35653b54651dff
xmodelmesh,#hash_7e3774577d431411
xmodelmesh,#hash_7e3ae92f0f42c3b9
xmodelmesh,#hash_7e41d0e992b76be9
xmodelmesh,#hash_7e429c72abd83039
xmodelmesh,#hash_7e445cf7d96e46f6
xmodelmesh,#hash_7e4b5f0fee7a2d40
xmodelmesh,#hash_7e4c59f73e3b75f3
xmodelmesh,#hash_7e52721e9a74d005
xmodelmesh,#hash_7e534651461f2854
xmodelmesh,#hash_7e5548a1c1f388b0
xmodelmesh,#hash_7e566b0c4da0c223
xmodelmesh,#hash_7e5ae45ef684e9da
xmodelmesh,#hash_7e5e6d1e9aa87dde
xmodelmesh,#hash_7e60b0ace8919173
xmodelmesh,#hash_7e66e98b402db59b
xmodelmesh,d#hash_7e6a0ccc9c8c73c2
xmodelmesh,#hash_7e6ae0eabc9cab2f
xmodelmesh,#hash_7e7032a54bcb8a35
xmodelmesh,#hash_7e74424d0f2901c0
xmodelmesh,#hash_7e75b21e046f7821
xmodelmesh,#hash_7e8b07b9591764df
xmodelmesh,#hash_7e8d9702e98d2d8e
xmodelmesh,#hash_7e97f6aa8b9e46db
xmodelmesh,#hash_7e9da27788d32205
xmodelmesh,#hash_7ea24988133f615c
xmodelmesh,#hash_7eb881f9f24d3239
xmodelmesh,#hash_7ec5a1754c64f8f0
xmodelmesh,#hash_7eca0b9da28b568e
xmodelmesh,#hash_7ecbd7d5c4963b70
xmodelmesh,#hash_7ecdeb8ff32ebcf5
xmodelmesh,#hash_7ecf47183579382c
xmodelmesh,#hash_7ed759ea6560ac9b
xmodelmesh,#hash_7eddfb02edc418bc
xmodelmesh,#hash_7ee0d92c02aaf810
xmodelmesh,d#hash_7ee1c29010577ec8
xmodelmesh,#hash_7ee34c4aae466e49
xmodelmesh,#hash_7ee82e81f863cbb0
xmodelmesh,#hash_7efa9fc007e0a890
xmodelmesh,#hash_7efc33d8e958ad4b
xmodelmesh,#hash_7f00299b93b26fbc
xmodelmesh,#hash_7f092200d379c8f2
xmodelmesh,#hash_7f2a94607efe4540
xmodelmesh,#hash_7f3372149cf46b64
xmodelmesh,#hash_7f34b6b0f99593db
xmodelmesh,#hash_7f41e5a2712c911f
xmodelmesh,#hash_7f43d0e037476cc2
xmodelmesh,#hash_7f4c3792ecce2de9
xmodelmesh,#hash_7f516ef4fc1e9c69
xmodelmesh,#hash_7f600523b388a638
xmodelmesh,#hash_7f623782ef1e2ece
xmodelmesh,#hash_7f6c289a269ee60f
xmodelmesh,#hash_7f73ed870d4b0bdf
xmodelmesh,#hash_7f7c610d0c2d7cab
xmodelmesh,#hash_7f95a61b0c602c15
xmodelmesh,d#hash_7f97d88384210a3b
xmodelmesh,d#hash_7f9b9b7a08246938
xmodelmesh,#hash_7f9c8b83570c2c88
xmodelmesh,#hash_7fa14535346769ce
xmodelmesh,#hash_7faee905f7e68622
xmodelmesh,#hash_7fb3af81431eb934
xmodelmesh,#hash_7fb434483a36f708
xmodelmesh,#hash_7fb51d1f1f2e7dcd
xmodelmesh,#hash_7fbc4a0caf80451f
xmodelmesh,#hash_7fbe41e7ae75ac37
xmodelmesh,#hash_7fc2d375726bbda1
xmodelmesh,#hash_7fc308f2e98976f2
xmodelmesh,d#hash_7fc646be660f81b2
xmodelmesh,#hash_7fe605555507dda8
xmodelmesh,#hash_7fe98c0799d0887c
xmodelmesh,#hash_7fe9f566d409449d
xmodelmesh,#hash_7fefd161373ab34b
material,d#hash_75933e65830ad88
material,d#hash_100a73363b8ed4b4
material,d#hash_107470d0ef8bada6
material,d#ei/gfx_spark_rndhit_em|dup
techset,d#hash_37b9a0783ad98393
material,#hash_1235d800aa5e7f76
material,d#hash_13be75a80876ec07
material,d#hash_13c1fdf82d72fdf5
material,d#ei/gfx_gib_glass_02_em|dup
material,d#ei/gfx_smk_whisp_anim_02_high_dark_lit|dup
material,d#hash_17096ce82588028f
material,d#hash_1745062cddf947c7
material,d#hash_17a189d29d15e5e8
material,d#hash_189f09b84c162e3e
material,d#hash_1d9e4aeeaed091a9
material,d#hash_1effbe283f08115d
material,d#ei/gfx_gib_glass_01_lit|dup
material,d#hash_2065516a5da9c455
material,#ei/gfx_debris_gib_snow_01|dup
material,d#ei/gfx_smk_billow_thick_anim_high_dark_lit|dup
material,d#ei/gfx_dust_fall_lg_anim_lit|dup
material,d#hash_270d461aaa719f4e
material,#ei/gfx_fol_leaves_vine_full_lite_d_lit|dup
material,d#ei/gfx_gib_metal_02_lit|dup
material,d#hash_2b093a22fc432cd5
material,d#hash_31c409687e3f2837
material,#hash_31f0254987b78dec
material,d#ei/gfx_dust_spike_sm_anim_lit|dup
material,d#ei/gfx_smk_whisp_anim_02_lit|dup
material,d#hash_380242c363c0ff1e
material,d#hash_3816aa36773e0d70
material,d#ei/gfx_gib_glass_02_lit|dup
material,d#hash_3a4f475d201a2738
techset,d#hash_216bd2eb7ba0de5c
material,#hash_3bb247730945e7a3
material,d#hash_3be16e8c59d21a8d
material,d#hash_3e0099b0ee399a3a
material,#hash_405a8b1d84dd20f8
material,d#hash_4107638e0a706b2b
material,d#hash_424ff81c84a0f4ec
material,d#hash_43dbc442c66f561c
material,d#hash_47adeaa4f608c4d8
material,d#ei/gfx_light_phosphorous_em|dup
material,d#ei/gfx_smk_puff_thin_varied|dup
material,d#hash_4bfedef94b748038
material,d#hash_505f8c0746b1e6a7
material,d#hash_51d2b20175a6b4a6
material,d#hash_54c0624487be9fe3
material,d#ei/gfx_fog_slow_lg_anim_lit|dup
techset,d#hash_4b771c6dfc88e293
image,d#$white_reveal
material,#ei/gfx_clouds_01_infection_fallaway_em_light|dup
material,d#hash_5a6a7dde410e8adc
material,d#ei/gfx_dust_swirl_md_anim_lit|dup
material,d#hash_5e5c11436811509f
material,d#hash_5e6d68a6b93d8fea
material,#ei/gfx_gib_concrete_02_em_low_lite_i8|dup
material,d#hash_65c38593ebf6b090
material,d#hash_677d8abc8203fb13
material,d#hash_67d816bc7a76ddad
material,#hash_68b08b1e3abe13bc
material,#hash_6a075a4997a3fb7f
material,d#hash_6c5ef4f94c086429
material,d#hash_6d3713dbbdd90aaa
material,d#ei/gfx_debris_clump_lit|dup
material,d#hash_6ff04b3aa0075ee8
material,#hash_7035c0be1ba37fc4
material,d#ei/gfx_debris_grass_lit|dup
material,d#ei/gfx_smk_whisp_anim_lit|dup
material,d#ei/gfx_gib_metal_01_lit|dup
material,d#hash_7776d60c0a35bcd6
material,d#hash_779f1467ea8314e1
material,#hash_79f046d9f3f088da
material,#hash_7a5616eb1df195c3
material,d#hash_7e08dd8b1e8d6985
material,d#hash_7f01811998209733
techset,d#hash_37a4428701c770
techset,d#hash_40be4d80b92bc0
techset,#hash_77475b60f52ee1
techset,d#hash_881a6d87d39a4d
techset,d#hash_ca8d4c13b3954c
techset,d#hash_100ec91eb6f7198
techset,#hash_108753a01a9a75a
techset,d#hash_147cc13cacb7c57
techset,d#hash_1e9c6a1b924f972
techset,#hash_2587b26d1792de9
techset,d#hash_2d99603e522a61f
techset,d#hash_33832cd9511a3ad
techset,#hash_3802df4c7f1448c
techset,#hash_3db2d03efd75487
techset,d#hash_499618b0e9e37ac
techset,#hash_56ad8624086bdbe
techset,#hash_690e77ad0434d19
techset,#hash_7b370c1d914ebf2
techset,d#hash_7e6f442645c6710
techset,d#hash_7f52a25fafe3bac
techset,d#hash_7f52c25fafe3f12
techset,d#hash_94ccebf3ed16d6f
techset,#hash_98988297bc07576
techset,#hash_99f741a11c4b623
techset,d#hash_a1dd9c28ed116f5
techset,#hash_abbc26b095edb66
techset,d#hash_c3eae6c7c289a8b
techset,#hash_d178b7f7fdd7012
techset,#hash_d2e1b31330627c5
techset,#hash_f3855d646244c6b
techset,#hash_f496a08925c0e93
techset,#hash_f7c3e2472eb3a6b
techset,#hash_fbac28a6db22cd5
techset,d#hash_11980812a6cd117f
techset,d#hash_119a0e9ee9aa5dc1
techset,d#hash_13a905d0ad27a69a
techset,d#hash_148cc8966c9e80c9
techset,d#hash_14d665d575b6c5ab
techset,d#hash_15916b6543dc3378
techset,#hash_167fa1304c9411bc
techset,d#hash_16ca435bfef970ac
techset,d#hash_16d5e3c594c26b2a
techset,#hash_1a0d367d59ee885f
techset,#hash_1a13ef915d9547e0
techset,d#hash_1a263d167273ca7b
techset,#hash_1a6864e4358471e4
techset,#hash_1ac00e08fe35495c
techset,d#hash_1b34ee7bcbe108d2
techset,#hash_1b42c37c6382cdd2
techset,#hash_1ccf0ac5b3ee8f70
techset,d#hash_1d03479f6e191d78
techset,d#hash_1d07f4f5d5a58ec5
techset,d#hash_1d5292a4f12d02f2
techset,d#hash_1dc668e6ea90e9f3
techset,#hash_1e5554f60af48c93
techset,d#hash_1e57b7a230dfb01f
techset,d#hash_1eda40632dbcc792
techset,#hash_1f22a7642c37ccf9
techset,#hash_1fbf63281bbcfe61
techset,#hash_2023d0a245fdcc47
techset,#hash_2115f91647f91eae
techset,#hash_213bcfa776d2fc59
techset,d#hash_214a98da4078dd3c
techset,#hash_216b2ba488d92b48
techset,#hash_2279f4ec68c5f195
techset,#hash_228925a33ab9375d
techset,d#hash_22d8e64dd095ca9b
techset,#hash_2381c215aa64b90e
techset,d#hash_243c8fe23fecaad5
techset,d#hash_2656ab69d7e5b667
techset,d#hash_26e394f6ac10475f
techset,#hash_26f73809dabe1b10
techset,d#hash_27bb29365d467c05
techset,d#hash_27dd2878d2144440
techset,#hash_280fff466fda31c3
techset,d#hash_28e3488ea8338a1f
techset,#hash_291520b8d0ccde52
techset,#hash_299a75e4b7c46f62
techset,#hash_29b519b78a70a25c
techset,#hash_2b14c02a99f06685
techset,d#hash_2b811638c8fa5b7d
techset,d#hash_2d2acca65a886243
techset,d#hash_2d3558eb56eec5a3
techset,#hash_2d4e813f2a93c265
techset,d#hash_2d9b573d2e884b1b
techset,d#hash_2db29aa67250f568
techset,d#hash_2dba6ca0636b9975
techset,d#hash_2ddc83626b74c144
techset,d#hash_2e9abe270a9a08b2
techset,#hash_2ed240d2a032711f
techset,d#hash_302856f53c7c9949
techset,#hash_314f1acfdeddf1d6
techset,#hash_316f99e28441d8d0
techset,#hash_31805e0344fb684a
techset,d#hash_31e016e33db05603
techset,d#hash_321b7c3cf742feb8
techset,d#hash_321b7d3cf743006b
techset,d#hash_32d27045539c6d91
techset,d#hash_34897e6aaec0dbd2
techset,#hash_35b63d1ee31ff027
techset,d#hash_35fb1328ef1687cd
techset,d#hash_36008ab972763183
techset,d#hash_3666e7e31c75d3de
techset,#hash_377a3382a637d8c2
techset,d#hash_38f4984ba9cbb86b
techset,#hash_3971730cf4c75243
techset,#hash_39b0b51d6df7965e
techset,#hash_39d68fd298d63d03
techset,d#hash_3aacb1ebcb18212d
techset,d#hash_3bcf8e8b3be92d64
techset,d#hash_3c1ee8038c65bce4
techset,#hash_3cbd2c1db8e29d7c
techset,#hash_3d1b0f0aedf5ec86
techset,#hash_3dc38f6cc71bd6bd
techset,d#hash_3e9a99dd42e5eb48
techset,#hash_3f426a1d196664e7
techset,d#hash_3f856734b871672a
techset,d#hash_3fd58903428b8a69
techset,d#hash_4052954b3daa2e0f
techset,#hash_40dc522ddff77a30
techset,#hash_41a62a5b00511dcb
techset,d#hash_41d06081f3f338a2
techset,#hash_421e2d81076ad7c2
techset,#hash_428eefb3036f599e
techset,#hash_4352e004ad804865
techset,#hash_43552d04635db6d9
techset,d#hash_43a26ea259d01f8f
techset,#hash_4408da97b045e2d5
techset,d#hash_444e2dc1d87ca7df
techset,d#hash_44cc6406e10a18e0
techset,d#hash_44ec54fcc7765d3d
techset,d#hash_46cc5d0a1a55ab7a
techset,d#hash_46eccbdeffbaa2b7
techset,#hash_4749a0216f557f21
techset,#hash_476991cfa660d881
techset,d#hash_4874d3e7994a47b7
techset,#hash_493f47cc8185d2c0
techset,#hash_4b8bbff5af379f13
techset,d#hash_4bb39362a2eb8e32
techset,#hash_4cfb8773852b0eac
techset,d#hash_4ed4c869fc4804c0
techset,#hash_4f3d4165ca1c8ab7
techset,#hash_4f789ad4ff05988c
techset,d#hash_4fa8dae10beb80d0
techset,d#hash_4fd38f4742791831
techset,#hash_50007843c2ba76ca
techset,d#hash_515709195077069b
techset,#hash_518f1cbe80f4974f
techset,d#hash_521355b1672edf34
techset,#hash_52391377bc2aba11
techset,d#hash_52983bf3c4b8ea5a
techset,#hash_5307b6f5d79c1c05
techset,d#hash_537f7652a72f872c
techset,#hash_53b90ca71461541d
techset,d#hash_53de180566eb5023
techset,d#hash_54d90f769f1135cc
techset,d#hash_568cf0ea4eb52659
techset,#hash_56cc503cbc800789
techset,d#hash_5798ed7f7d9954d0
techset,d#hash_583d6ed96bfd464f
techset,d#hash_58d697d8fbe7b4a6
techset,#hash_58f9b4a26a9f2373
techset,#hash_58fad63f06449855
techset,d#hash_59ce91fc9291a81d
techset,d#hash_59f9982a2047607c
techset,d#hash_5c45db5497678c87
techset,d#hash_5c620bec3ab6c90d
techset,#hash_5c77e8a6db373af8
techset,#hash_5ce261c1282eefeb
techset,d#hash_5e1e9536071bfa7a
techset,d#hash_5e8276eca49cc041
techset,#hash_5ea13fb41e213542
techset,d#hash_5ea2fd76e6b90c1b
techset,#hash_5f2cc10ad4c2b54e
techset,d#hash_600124f3d78a9d7a
techset,#hash_610eccec76a5c38f
techset,#hash_61fd811fa7c5da47
techset,#hash_625ba57fc461168e
techset,#hash_62a41e3596354caa
techset,d#hash_633a632cd909917e
techset,d#hash_63d0f11c837c2188
techset,d#hash_649e9ad2d474c8a6
techset,#hash_658a3596483dec62
techset,#hash_671e5d77b1298232
techset,d#hash_67dea9eb9512a137
techset,#hash_67fbddd1b6ac908c
techset,d#hash_68ccfe5c19d28bf1
techset,#hash_69720820b116a924
techset,#hash_69a72bcac6cd3eb0
techset,#hash_6a57da9a329c660e
techset,#hash_6a779ebadb1d0868
techset,d#hash_6aae01c8ade153ce
techset,#hash_6ae50e2f06b5620f
techset,d#hash_6b3aedab99db192e
techset,#hash_6b6ac7e812ad541c
techset,d#hash_6c00645df5d075f3
techset,#hash_6c732c5760411197
techset,d#hash_6d031e31fe36c97a
techset,d#hash_6e2b4ae7ccc56328
techset,d#hash_709398899ae9aad2
techset,d#hash_70a8aa20ff1b48f3
techset,d#hash_7133d93a162b605f
techset,d#hash_714914ff6459caef
techset,#hash_7298827d08808e1d
techset,d#hash_733e4cbcb0d698c0
techset,d#hash_737c0eb68bc5aebf
techset,d#hash_7385809db4ff41f1
techset,#hash_7453003b98090c4a
techset,#hash_759061051a62ba80
techset,#hash_760a0b00e09f57e4
techset,d#hash_7615346333341f5d
techset,d#hash_767b5023728d510f
techset,d#hash_76a7ed741fbb523d
techset,#hash_776a989661119afa
techset,#hash_77d7c5037bf2508b
techset,d#hash_7873ebe3aaeb2448
techset,#hash_78a5eeaad02ee002
techset,#hash_79199caa32edf278
techset,d#hash_79e2ca8a1f720a77
techset,#hash_7a034ad0401036d6
techset,d#hash_7a5629edc4596fbb
techset,#hash_7b16ef0f615e4e78
techset,#hash_7c6498e9870dd738
techset,d#hash_7c74ccec2904cee4
techset,d#hash_7cdf8869adc7f316
techset,d#hash_7dc19f329af8f1f7
techset,d#hash_7e5fba807526ecdf
techset,d#hash_7e67b7e4d082e54a
techset,d#hash_7eecd3b4f3aa794f
techset,d#hash_7f1b8adbf5509fe8
techset,d#hash_7f9ee271022b89e3
image,d#i_c_t7_reaper_body1_lights_ir
image,#i_mtl_p7_mou_door_sliding_metal_02_m
image,#i_mtl_p7_mou_door_sliding_metal_02_n
image,#i_mtl_p7_foliage_tree_ponderosa_pine_trunk_detail_01_c
image,#i_mtl_veh_mphd_mou_snowcat_frame_m
image,#i_mtl_veh_mphd_mou_snowcat_frame_o
image,#i_mtl_veh_mphd_mou_snowcat_frame_n
image,d#i_mtl_p7_wall_mobile_dep_decal_details_01_normal_m
image,#i_mtl_p7_zm_asc_antenna_radar_02_n
image,#i_p8_mp_bomb_crate_whole_destroyed_trim02_n
image,#i_t7_decal_grunge_rust_blend_r
image,#i_t7_decal_grunge_rust_blend_c
image,#i_t7_decal_grunge_rust_blend_g
image,#i_mtl_p7_zm_asc_wires_bunker_set_decal_c
image,#i_mtl_p7_zm_asc_wires_bunker_set_decal_n
image,d#i_t8_decal_grunge_rust_04_c
image,d#fxt8_fog_slow_md_anim
image,#hash_166f96caddf2c59
image,#i_t7_glass_water_stained_c
image,#i_t7_cru_ice_ground_01_blend_r
image,#hash_171650f29abef8a
image,#i_mtl_p7_mou_antenna_receiver_01_base_03_n
image,#i_mtl_p7_mou_antenna_receiver_01_base_03_m
image,#i_veh_t8_decal_leaking_01_c
image,d#i_mtl_p7_bucket_plastic_5_gal_m
image,d#i_mtl_p7_bucket_plastic_5_gal_n
image,#i_t7_decal_damage_concrete_ground_01_n
image,d#i_mtl_p7_mou_h_beams_stack_wood3_c
image,#i_mtl_p7_trashcan_street_metal_dmg_n
image,#i_c_t7_assassin_body1_knife_s
image,#i_c_t7_assassin_body1_knife_o
image,#i_c_t7_assassin_body1_knife_n
image,#i_c_t7_assassin_body1_knife_g
image,#i_c_t7_assassin_body1_knife_c
image,d#i_mtl_p8_mou_crate_metal_01_iron_s
image,d#i_wpn_t8_micro_metal_gunmetal_v01_g
image,#i_t7_decal_damage_glass_shatter_03_n
image,#i_t7_decal_damage_glass_shatter_03_c
image,d#i_t7_micro_grunge_rust_02_c
image,d#i_t7_micro_grunge_rust_02_g
image,d#i_t7_micro_grunge_rust_02_n
image,d#i_t7_detail_metal_brushed_01
image,#i_mtl_p7_slu_fuse_box_electric_set_n
image,#i_mtl_p7_slu_fuse_box_electric_set_m
image,#i_mtl_p7_ris_droid_cables_m
image,#i_mtl_p7_ris_droid_cables_n
image,#i_mtl_p7_ris_droid_cables_c
image,#i_mtl_p7_slu_bucket_plastic_decal_c
image,d#i_mtl_p7_mou_light_pole_base_concrete_decal_grunge02_c
image,#hash_25798470495270c
image,#hash_2579947049528bf
image,#hash_2579d4704952f8b
image,#hash_257a14704953657
image,#hash_259d431d65c9a2e
image,d#i_wpn_t8_eqp_briefcase_bomb_bottom_s
image,d#i_wpn_t8_eqp_briefcase_bomb_bottom_o
image,d#i_wpn_t8_eqp_briefcase_bomb_bottom_n
image,d#i_wpn_t8_eqp_briefcase_bomb_bottom_g
image,d#i_wpn_t8_eqp_briefcase_bomb_bottom_c
image,#hash_266af9a7d434809
image,#hash_266ba9a7d435aba
image,d#i_veh_t8_concrete_bare_light_01_512_n
image,#hash_29453d4537e4e76
image,#hash_29460d4537e648d
image,#hash_2bbfbca3e82b4fc
image,#hash_2bc00ca3e82bd7b
image,d#$black_reveal
image,#i_mtl_p7_ris_paint_roller_stick_set_01_n
image,#i_t7_glass_window_warehouse_transparent_c
image,d#i_mtl_p7_mou_h_beams_stack_wood_m
image,#fxt_debris_gib_snow_01
image,#i_t7_fir_plywood_natural_1_c
image,#i_t7_fir_plywood_natural_1_n
image,#i_mtl_t8_concrete_floor_rough_02_c
image,#i_t7_mou_metal_panels_o
image,#i_t7_mou_metal_panels_n
image,#i_t7_mou_metal_panels_c
image,#i_t7_mou_metal_panels_g
image,d#i_t7_ban_decal_grunge_rust_drips_c
image,#i_t7_concrete_wall_damaged_01_bare_c
image,#i_t7_concrete_wall_damaged_01_bare_n
image,d#$half_reveal
image,d#i_t7_micro_metal_rough_01_g
image,d#i_t7_micro_metal_rough_01_n
image,#white_light
image,#i_mtl_p7_mou_bridge_01_02_n
image,#i_mtl_p7_mou_bridge_01_02_o
image,#i_mtl_p7_mou_bridge_01_02_m
image,#i_mtl_t7_plaster_smooth_dirty_01_g
image,#i_mtl_medical_monitor_wall_mounted_plastic_n
image,#i_mtl_medical_monitor_wall_mounted_plastic_c
image,#i_mtl_p7_mou_table_steel_plastic_m
image,#i_mtl_p7_light_hanging_egyptian_01_chain_g
image,#i_mtl_p7_snow_chunk_roof_02_n
image,#i_mtl_p7_zm_debris_newspaper_german_c
image,#i_mtl_p7_zm_debris_newspaper_german_n
image,#i_mtl_p7_debris_concrete_rubble_sm_c
image,#i_mtl_p7_debris_concrete_rubble_sm_n
image,#i_t7_decal_damage_concrete_trim_01_c
image,#i_t7_decal_damage_concrete_trim_01_n
image,#i_t7_micro_wood_rough_01_g
image,#i_mtl_p7_crate_wood_01_c
image,#i_mtl_p7_crate_wood_01_n
image,#hash_40bddc3772303c1
image,#i_mtl_veh_t7_dlc_decal_trim_weld_c
image,#i_mtl_p7_roof_vent_turbine_metal_s
image,#i_mtl_p7_roof_vent_turbine_metal_c
image,#i_mtl_p7_roof_vent_turbine_metal_g
image,#i_mtl_p7_roof_vent_turbine_metal_n
image,d#i_t7_snow_powder_01_g
image,d#i_t7_snow_powder_01_c
image,d#i_t7_snow_powder_01_n
image,#i_t7_snow_powder_01_r
image,#i_mtl_veh_mphd_mou_snowcat_trunkframe_02_m
image,#i_mtl_veh_mphd_mou_snowcat_trunkframe_02_n
image,#i_mtl_veh_mphd_mou_snowcat_trunkframe_02_o
image,d#i_t7_decal_grunge_dirty_sml_c
image,#hash_46e5b0e92e75d10
image,#i_mtl_p8_wz_supply_stash_health_extras_o
image,#i_mtl_p8_wz_supply_stash_health_extras_n
image,#i_mtl_p8_wz_supply_stash_health_extras_g
image,#i_mtl_p8_wz_supply_stash_health_extras_c
image,#i_c_t7_techno_body1_arm_left_c
image,#i_c_t7_techno_body1_arm_left_g
image,#i_c_t7_techno_body1_arm_left_n
image,#i_mtl_p7_mou_tank_horizontal_metal_yellow_01_m
image,#i_mtl_p7_mou_tank_horizontal_metal_yellow_01_n
image,#i_t7_mud_sludge_wet_01_r
image,#i_c_t7_warrior_body1_arm_b1_ir
image,#i_mtl_p7_debris_trash_cup_coffee_02_n
image,#i_mtl_p7_debris_trash_cup_coffee_02_c
image,#i_mtl_veh_mphd_mou_snowcat_accessory_01_m
image,#i_mtl_veh_mphd_mou_snowcat_accessory_01_n
image,#i_mtl_veh_mphd_mou_snowcat_accessory_01_o
image,#i_t7_zm_isl_concrete_wall_panel_1x1_01_n
image,#i_t7_zm_isl_concrete_wall_panel_1x1_01_c
image,#cookie_flicker
image,#i_mtl_p7_mou_ladder_metal_screw_o
image,#i_mtl_p7_mou_ladder_metal_screw_n
image,#i_mtl_p7_mou_ladder_metal_screw_r
image,#i_t7_decal_damage_plaster_tile_01_n
image,d#i_t7_decal_damage_plaster_tile_01_c
image,d#$occlusion
image,#i_mtl_p7_slu_outlet_electrical_n
image,#i_mtl_p7_slu_outlet_electrical_m
image,#i_t7_ra2_decal_grunge_plaster_stains_c
image,#i_t7_ra2_decal_grunge_plaster_stains_r
image,#hash_540086efc1e1394
image,#hash_540096efc1e1547
image,#i_mtl_p7_jun_sheet_metal_4x4_n
image,#i_mtl_p7_jun_sheet_metal_4x4_o
image,#i_mtl_p7_jun_sheet_metal_4x4_m
image,d#i_veh_t8_plaster_smooth_dirty_01_512_c
image,d#i_t7_mud_sludge_wet_01_reveal_g
image,d#fxt_smk_whisp_anim
image,#hash_58c8a2651dad564
image,#hash_58c8b2651dad717
image,#hash_58c972651daeb7b
image,#i_mtl_p7_slu_cabinet_metal_01_m
image,d#i_t7_micro_wood_fine_01_c
image,#i_t7_micro_wood_fine_01_n
image,#hash_5afd6934f43c910
image,#hash_5b19d517008eef8
image,#i_mtl_p7_zm_mob_box_electric_04_m
image,#i_mtl_p7_zm_mob_box_electric_04_n
image,#i_p7_box_cardboard_open02_g
image,#i_mtl_p7_rus_plank_metal_decal_c
image,#i_t7_snow_slushy_n
image,#i_t7_snow_slushy_g
image,#i_t7_decal_grunge_concrete_stain_01_c
image,d#fxt8_snow_flake_flurry
image,#i_t7_concrete_bare_wet_warm_c
image,#i_t7_concrete_bare_wet_warm_n
image,#i_t7_decal_signage_letters_upper_c
image,#i_mtl_p7_soc_fireplace_concrete_burnt_c
image,#i_mtl_p7_soc_fireplace_concrete_burnt_n
image,#i_t7_metal_aged_ceiling_01_c
image,#i_t7_metal_aged_ceiling_01_g
image,#hash_66bbdff41575ee3
image,#jun_art_metal_brushed_c
image,#jun_art_metal_brushed_n
image,d#i_mtl_p8_mphd_cargo_pallet_crate_02_decal_c
image,d#i_mtl_p7_zm_asc_pipe_modular_set_bolt_n
image,d#i_mtl_p7_zm_asc_pipe_modular_set_bolt_m
image,#i_c_t7_warrior_body1_pants_ir
image,#hash_6931b0f0fdbab1b
image,d#hash_6a40a4ae9e5bed8
image,d#hash_6a40d4ae9e5c3f1
image,#i_mtl_p7_eth_bridge_concrete_supports_m
image,#i_mtl_p7_eth_bridge_concrete_supports_n
image,#i_p7_mou_air_vent_metallic_small_snow_n
image,#hash_6e2daed4a75a61e
image,#i_mtl_p7_zm_asc_box_electrical_01_m
image,#i_mtl_p7_zm_asc_box_electrical_01_n
image,#i_t7_micro_stone_mixed_05_r
image,#i_t7_micro_concrete_pebbles_01_n
image,#i_t7_micro_concrete_pebbles_01_c
image,d#i_t7_micro_metal_grunge_scratch_03_n
image,d#fxt8_spark_shower_radial_sparse_alpha
image,d#i_c_ega_soldier_3_knife_s
image,d#i_c_ega_soldier_3_knife_c
image,#i_mtl_p7_slu_panel_electrical_metal_03_n
image,#i_mtl_p7_slu_panel_electrical_metal_03_m
image,#i_mtl_p7_zm_kin_generator_industrial_shell_02_n
image,#i_mtl_p7_zm_kin_generator_industrial_shell_02_m
image,#hash_74b6690fca396c8
image,#hash_74b6990fca39be1
image,#i_mtl_p7_truss_metal_128_s
image,#i_mtl_p7_truss_metal_128_o
image,#i_mtl_p7_truss_metal_128_n
image,#i_mtl_p7_truss_metal_128_g
image,#i_mtl_p7_mou_barrel_metal_02_damg_wet_decal_01_c
image,#i_mtl_p7_debris_trash_bottle_water_01_n
image,#i_mtl_p7_debris_trash_bottle_water_01_c
image,d#i_t8_micro_cloth_linen_01_n
image,#i_mtl_p7_mou_sign_no_smoking_main_r
image,#i_mtl_p7_mou_sign_no_smoking_main_n
image,d#i_t7_ban_metal_painted_scraped_n
image,d#i_t7_ban_metal_painted_scraped_c
image,#i_mtl_p7_zm_asc_antenna_radar_03_c
image,#i_mtl_p7_zm_asc_antenna_radar_03_n
image,#i_t7_metal_grating_expanded_n
image,#i_t7_metal_grating_expanded_c
image,d#i_t7_zm_sta_decal_metal_low_tech_bolt_06_o
image,d#i_t7_zm_sta_decal_metal_low_tech_bolt_06_n
image,d#i_t7_zm_sta_decal_metal_low_tech_bolt_06_g
image,d#i_t7_zm_sta_decal_metal_low_tech_bolt_06_c
image,#i_veh_t7_dlc_decal_gauge_18_g
image,#i_veh_t7_dlc_decal_gauge_18_c
image,#i_veh_t7_dlc_decal_gauge_18_n
image,#i_t7_out_metal_base_g
image,d#i_t7_metal_chainlink_s
image,#i_t7_metal_chainlink_o
image,#i_t7_metal_chainlink_n
image,#i_mtl_p7_rus_box_electric_base_decal_02_n
image,#i_mtl_p7_rus_box_electric_base_decal_02_c
image,#i_mtl_p7_light_metal_hanging_mechanic_s
image,#i_mtl_p7_light_metal_hanging_mechanic_c
image,#i_mtl_p7_light_metal_hanging_mechanic_g
image,#i_mtl_p7_light_metal_hanging_mechanic_n
image,#i_mtl_p7_light_metal_hanging_mechanic_o
image,d#i_c_gen_reveal_256_sq_r
image,#i_mtl_p7_jun_foliage_bush_04_snow_proxy_distance
image,#i_mtl_p7_mou_net_safety_decal_03_c
image,d#i_mtl_p7_mou_cabinet_filing_02_office_c
image,d#i_mtl_p7_mou_cabinet_filing_02_office_n
image,#i_mtl_p7_bottle_milk_broken_top_n
image,#i_mtl_p7_bottle_milk_broken_top_g
image,#i_mtl_p7_bottle_milk_broken_top_c
image,#i_mtl_p7_slu_wire_m
image,#i_mtl_p7_slu_wire_n
image,#i_mtl_p7_mou_sign_warning_text_c
image,#i_mtl_p7_mou_antenna_set_n
image,#i_mtl_p7_zm_moo_tank_holder_set_foot_n
image,#i_mtl_p7_zm_moo_tank_holder_set_foot_m
image,#hash_895053ec0eea035
image,#hash_8aaa857df785bf5
image,#hash_8aaab57df78610e
image,d#fxt8_fire_md_lick_deplete_anim_hdr
image,#hash_8b55908593925a5
image,d#$gray_color
image,#i_mtl_p7_zm_asc_pipe_modular_set_metal_n
image,#i_mtl_p7_zm_asc_pipe_modular_set_metal_m
image,#i_mtl_p7_mou_antenna_receiver_01_base_02_n
image,#i_mtl_p7_mou_antenna_receiver_01_base_02_m
image,#i_mtl_p7_mou_sign_warning_screw_c
image,#i_mtl_p7_debris_concrete_rubble_med_03_n
image,#i_t8_wz_window_glass_dirty_g
image,d#i_t8_decal_grunge_rust_02_blend_n
image,d#i_t8_decal_grunge_rust_02_blend_c
image,#i_mtl_p7_slu_corkboard_set02_c
image,#i_mtl_p7_slu_corkboard_set02_g
image,#i_mtl_p7_slu_corkboard_set02_n
image,#i_mtl_p7_mou_star_plaque_dirty_m
image,#i_mt_c_t7_battery_head1_headset_n
image,#i_mt_c_t7_battery_head1_headset_o
image,#i_mt_c_t7_battery_head1_headset_g
image,#i_mt_c_t7_battery_head1_headset_c
image,d#i_t7_decal_grunge_water_puddle_blend_r
image,#i_t7_decal_grunge_water_stain_04_g
image,#i_mtl_p7_cai_train_subway_painted_metal_n
image,#i_mtl_p7_cai_train_subway_painted_metal_c
image,#i_t7_fir_metal_wall_corrugated_2_more_rust_rvl_c
image,#i_mtl_p8_mou_surveillance_rack_server_baremetal_n
image,#hash_9686db3b8bbc107
image,d#i_mtl_p7_mou_console_control_parts02_m
image,d#i_mtl_p7_mou_console_control_parts02_n
image,#i_mtl_p7_mou_console_control_monitor_e
image,#i_lights_cagelight01_m
image,#i_lights_cagelight01_n
image,d#i_mtl_p7_mou_light_pole_base_concrete_decal_grunge01_c
image,d#i_t7_decal_damage_concrete_tile_01a_r
image,#i_mtl_p7_mou_door_sliding_metal_01_n
image,#i_mtl_p7_mou_door_sliding_metal_01_c
image,#hash_9f6afd050b8edc7
image,#i_mtl_p7_zm_shi_gate_metal_set_n
image,#i_mtl_p7_zm_shi_gate_metal_set_m
image,d#i_t7_micro_metal_rust_heavy_02_c
image,#i_mtl_t7_plastic_tarp_reinforced_clear_n
image,#i_mtl_t7_plastic_tarp_reinforced_clear_a
image,#hash_a4951403b55256c
image,#hash_a4956403b552deb
image,#i_c_t7_techno_body1_shoulderguard_left_ir
image,d#hash_a76b31c545db255
image,#i_c_t7_warrior_body1_emissive_e
image,#i_mtl_veh_mphd_mou_snowcat_track_03_o
image,#i_mtl_veh_mphd_mou_snowcat_track_03_n
image,#i_mtl_veh_mphd_mou_snowcat_track_03_m
image,#i_mtl_p7_mou_sign_cliff_board_text_c
image,#hash_ab2e2ff73b20908
image,d#i_wpn_t8_eqp_briefcase_bomb_computer_decals_2_c
image,#hash_adaeca2fba8283f
image,d#i_veh_t7_decal_bolt_03_tint_dark_r
image,d#i_t8_decal_tech_detail_line_trim_13_n
image,d#i_t8_decal_tech_detail_line_trim_13_o
image,d#i_t8_decal_tech_detail_line_trim_13_m
image,#i_mtl_p7_ris_paint_roller_stick_set_02_n
image,#i_p7_debris_trash_cup_coffee_02_g
image,d#i_t7_micro_concrete_grooves_n
image,d#i_c_gen_detail_thick_synthetic_n
image,d#$height
image,#i_c_t7_warrior_body1_chrome_o
image,#i_c_t7_warrior_body1_chrome_n
image,#i_c_t7_warrior_body1_chrome_g
image,#i_t7_micro_wood_rough_02_c
image,d#i_t7_micro_wood_rough_02_g
image,d#i_t7_micro_wood_rough_02_n
image,#i_compass_map_mp_mountain2_full
image,d#fxt8_spark_shower_core_hdr
image,d#i_t8_decal_tech_detail_indent_02_normal_m
image,d#i_t8_decal_tech_detail_indent_02_normal_o
image,d#i_t8_decal_tech_detail_indent_02_normal_n
image,#hash_b54bb590f7fc493
image,#hash_b730d76d5250ce8
image,#hash_b730e76d5250e9b
image,#i_mtl_p7_mou_wirebundle_plastic_decal_02_m
image,#i_t7_mou_tile_linoleum01_g
image,#hash_b83268f07a2bb62
image,#i_t7_mou_tile_linoleum01_o
image,#i_t7_mou_tile_linoleum01_n
image,#i_mtl_p7_suspension_bridge_bolt_01_m
image,#i_mtl_p7_suspension_bridge_bolt_01_n
image,#i_t7_mp_cry_decal_tech_details_01_c
image,#i_t7_mp_cry_decal_tech_details_01_n
image,#i_t7_zm_isl_decal_signage_stripe_caution_r
image,#i_t7_zm_isl_decal_signage_stripe_caution_c
image,d#i_t7_micro_metal_bare_brush_01_n
image,#hash_bb610508b6c7f4e
image,d#i_wpn_t8_eqp_briefcase_bomb_foam_o
image,d#i_wpn_t8_eqp_briefcase_bomb_foam_n
image,#i_p7_aqu_catwalk_01_n
image,#i_p7_aqu_catwalk_01_r
image,#i_mtl_p7_mou_brace_gondola_support_m
image,#i_mtl_p7_slu_bucket_plastic_orange_lrg_plastic_n
image,#i_mtl_p7_slu_bucket_plastic_orange_lrg_plastic_m
image,#i_mtl_p7_mou_militarybox_wood_r
image,#i_t7_mud_sludge_wet_02_r
image,#i_rus_ter_ice_clear_n
image,#i_rus_ter_ice_clear_c
image,d#fxt_dust_clump
image,#i_mtl_p7_mou_pole_cable_support_01_n
image,#i_mtl_p7_mou_pole_cable_support_01_m
image,#i_c_t7_techno_body1_worldhand_m
image,d#hash_c14a810c1c99d58
image,#i_t7_dlc1_decal_paint_splatter_02_c
image,d#$identitynormalmap
image,d#i_wpn_t8_eqp_briefcase_bomb_c4_g
image,d#i_wpn_t8_eqp_briefcase_bomb_c4_c
image,d#i_wpn_t8_eqp_briefcase_bomb_c4_o
image,d#i_wpn_t8_eqp_briefcase_bomb_c4_n
image,d#i_wpn_t8_eqp_briefcase_bomb_c4_m
image,d#i_wpn_t8_eqp_briefcase_bomb_c4_s
image,d#fxt8_spark_shower_core_sparse_alpha
image,#i_mtl_p7_bottle_milk_broken_btm_n
image,#i_mtl_p7_bottle_milk_broken_btm_c
image,#i_mtl_p7_bottle_milk_broken_btm_g
image,#i_mtl_p8_industrial_scissor_lift_metal_m
image,#i_mtl_p7_mou_locker_metal_set_decal_n
image,#i_mtl_p7_mou_locker_metal_set_decal_c
image,#i_mtl_p7_zm_kin_generator_industrial_part_01_n
image,#i_mtl_p7_zm_kin_generator_industrial_part_01_m
image,d#i_t8_micro_metal_rust_01_c
image,d#i_t8_micro_metal_rust_01_n
image,#i_t7_zm_moo_metal_trim_rivets_02_s
image,#i_t7_zm_moo_metal_trim_rivets_02_g
image,#i_t7_zm_moo_metal_trim_rivets_02_c
image,#i_t7_zm_moo_metal_trim_rivets_02_n
image,d#i_mtl_p8_zm_esc_shock_box_decal_rough_01_m
image,d#i_mtl_p8_zm_esc_shock_box_decal_rough_01_n
image,#i_t7_ban_metal_painted_rusty_g
image,d#i_t7_decal_metal_fasteners_o
image,d#i_t7_decal_metal_fasteners_n
image,d#i_t7_decal_metal_fasteners_g
image,d#i_t7_decal_metal_fasteners_c
image,#i_mtl_p7_mou_cover_corrugated_metal_m
image,#i_mtl_p7_mou_cover_corrugated_metal_n
image,#i_mtl_p7_mou_cover_corrugated_metal_o
image,#i_t7_decal_tech_details_03_g
image,#i_t7_decal_tech_details_03_c
image,#i_t7_decal_tech_details_03_o
image,#i_t7_decal_tech_details_03_n
image,#i_mtl_p7_zm_gen_flogger_trap_04_m
image,#i_mtl_p7_zm_gen_flogger_trap_04_n
image,d#i_mtl_p7_barge_crane_deck_decal_welding_trace_c
image,#i_mtl_veh_mphd_mou_snowcat_accessory_02_o
image,#i_mtl_veh_mphd_mou_snowcat_accessory_02_n
image,#i_mtl_veh_mphd_mou_snowcat_accessory_02_m
image,#i_t7_street_concrete_curb_01b_n
image,#i_t7_street_concrete_curb_01b_c
image,d#i_mtl_veh_t8_metal_heavy_painted_01_512_n
image,d#i_mtl_p8_mp_flag_cloth_n
image,d#i_mtl_p8_mp_flag_cloth_o
image,#i_mtl_p7_zm_asc_box_electrical_02_n
image,#i_mtl_p7_zm_asc_box_electrical_02_m
image,d#fxt_gas_blur_core_thick_mask
image,#i_mtl_p7_debris_trash_paperbag_02_n
image,#i_mtl_p7_debris_trash_paperbag_02_c
image,#i_mtl_p7_mou_data_computer_m
image,#i_mtl_p7_mou_data_computer_n
image,#i_mtl_p7_debris_trash_paper_plate_01_c
image,#i_mtl_p7_debris_trash_paper_plate_01_n
image,#i_mtl_veh_mphd_mou_snowcat_trunkbase_01_m
image,#i_mtl_veh_mphd_mou_snowcat_trunkbase_01_o
image,#i_mtl_veh_mphd_mou_snowcat_trunkbase_01_n
image,#i_c_t7_warrior_body1_cloth_mid_n
image,#i_c_t7_warrior_body1_cloth_mid_o
image,#i_c_t7_warrior_body1_cloth_mid_c
image,#i_t7_decal_blood_pool_01_c
image,#i_t7_dlc1_snow_slushy_tractor_tracks_packed_01_blend_r
image,#i_t7_dlc1_snow_slushy_tractor_tracks_packed_01_blend_n
image,d#i_veh_t8_metal_rust_01_c
image,#i_t7_shr_snow_lumpy_n
image,d#i_mtl_p7_mou_light_pole_m
image,d#i_c_t7_outrider_body3_knife_n
image,d#i_c_t7_outrider_body3_knife_o
image,#i_c_t7_outrider_body3_knife_g
image,d#i_mtl_p7_mou_console_control_lable_c
image,#i_mtl_veh_mphd_mou_snowcat_trunkframe_01_o
image,#i_mtl_veh_mphd_mou_snowcat_trunkframe_01_n
image,#i_mtl_veh_mphd_mou_snowcat_trunkframe_01_m
image,#i_mtl_p8_sewer_entrance_concrete_02_m
image,#i_mtl_p7_mou_paper_stack_set_n
image,#i_mtl_p7_mou_paper_stack_set_m
image,#i_mtl_p7_mou_stump_concrete_02_rust_c
image,#i_mtl_p7_mou_bridge_01_05_m
image,#i_mtl_p7_mou_bridge_01_05_o
image,#i_mtl_p7_mou_bridge_01_05_n
image,#i_t7_cru_metal_railing_trim_black_03_n
image,#i_t7_cru_metal_railing_trim_black_03_c
image,#i_mtl_p7_slu_vent_panel_n
image,#hash_e7bd82a8f748e97
image,#hash_e7bdc2a8f749563
image,#i_mtl_p7_mou_dish_satellite_02_metal_02_n
image,#i_mtl_p7_mou_dish_satellite_02_metal_02_m
image,d#i_c_hro_soldier_cyberhand_world_ir
image,#i_c_t7_warrior_body1_cloth_mid_ir
image,#i_c_t7_mp_common_pouch5_g
image,#i_c_t7_mp_common_pouch5_c
image,#i_c_t7_mp_common_pouch5_n
image,#i_c_t7_mp_common_pouch5_o
image,#i_c_t7_hunter_lowerbody_armor_n
image,#i_c_t7_hunter_lowerbody_armor_o
image,#i_c_t7_hunter_lowerbody_armor_c
image,#i_c_t7_hunter_lowerbody_armor_g
image,#i_mtl_p7_box_cardboard_open01_c
image,#i_mtl_p7_light_fluorescent_subway_c
image,#i_mtl_p7_light_fluorescent_subway_n
image,#i_mtl_p7_fire_sprinkler_interior_n
image,#i_mtl_p7_fire_sprinkler_interior_o
image,#i_mtl_p7_fire_sprinkler_interior_c
image,#i_mtl_p7_fire_sprinkler_interior_g
image,d#i_t7_metal_grunge_light_01_g
image,d#i_t7_metal_grunge_light_01_s
image,d#i_t8_decal_grunge_concrete_sidewalk_gum_01_r
image,#hash_f51711b9db02a5c
image,#hash_f51761b9db032db
image,#hash_f868493752fd020
image,d#i_t8_micro_food_sugar_powdered_r
image,#hash_f8cb85175f46419
image,#i_t7_metal_diamond_plate_worn_s
image,#i_t7_metal_diamond_plate_worn_c
image,#i_t7_metal_diamond_plate_worn_g
image,#i_t7_metal_diamond_plate_worn_n
image,#i_t7_metal_diamond_plate_worn_o
image,#i_t7_glass_dirty_dome_01_512_c
image,#hash_fc2ccd760b576a6
image,#hash_fc2d9d760b58cbd
image,#i_p7_zm_shi_loudspeaker_r
image,#i_p7_zm_shi_loudspeaker_n
image,#i_p7_zm_shi_loudspeaker_o
image,d#fxt_lf_streak_01
image,d#fxt_lf_streak_02
image,d#fxt_lf_streak_03
image,d#i_mtl_p7_mou_console_control_parts01_n
image,d#i_mtl_p7_mou_console_control_parts01_m
image,#i_mtl_p7_foliage_tree_spruce_norway_decals_c
image,#i_t7_mou_metal_panels_snow_rvl_r1
image,#i_mtl_p7_mou_gondola_light_01_o
image,#i_mtl_p7_mou_gondola_light_01_n
image,#i_p7_cai_ban_rock_erosion_02_n
image,d#core_concrete_dark_c
image,d#$white_gloss
image,d#i_mtl_veh_mphd_forklift_wheel_o
image,d#i_mtl_veh_mphd_forklift_wheel_n
image,#i_mtl_p7_mou_locker_metal_set_door_m
image,#i_mtl_p7_mou_locker_metal_set_door_n
image,#i_t8_decal_grunge_wall_lg_02_r
image,#hash_107726277363f254
image,#hash_107729277363f76d
image,#i_c_t7_battery_body1_pants_g
image,#i_c_t7_battery_body1_pants_c
image,#i_c_t7_battery_body1_pants_n
image,#i_c_t7_battery_body1_pants_o
image,d#i_mtl_t8_sand_smooth_flat_g
image,#i_t7_metal_plate_siding_exterior_s
image,#i_t7_metal_plate_siding_exterior_c
image,#i_t7_metal_plate_siding_exterior_n
image,#i_c_t7_warrior_head1_beardcards_c
image,d#i_t7_micro_metal_painted_01_c
image,d#i_t7_micro_metal_painted_01_g
image,d#i_t7_micro_metal_painted_01_n
image,#i_mtl_p7_mou_electric_switch_metal_01_m
image,#i_mtl_p7_mou_electric_switch_metal_01_n
image,d#i_mtl_veh_t8_zur_nw_foundry_set_metal_01_m
image,#i_t7_rock_granite_smooth_n
image,#i_mtl_p7_snow_chunk_floor_02_n
image,#i_jun_art_concrete_exposed_lines01_c
image,#i_jun_art_concrete_exposed_lines01_n
image,#hash_11146019cfbef6e8
image,#hash_11146319cfbefc01
image,#i_c_t7_battery_body1_ammo_belt_o
image,#i_c_t7_battery_body1_ammo_belt_g
image,#i_t7_decal_grunge_leaking_04_g
image,#i_t7_plastic_tape_caution_clean_c
image,#i_mtl_p8_pallet_military_metal_decal_dirty_01_c
image,#hash_1151299ef8a5b56d
image,#i_c_t7_techno_body1_arm_rt_a_s
image,#i_c_t7_techno_body1_arm_rt_a_g
image,#i_c_t7_techno_body1_arm_rt_a_c
image,#i_c_t7_techno_body1_arm_rt_a_o
image,#i_c_t7_techno_body1_arm_rt_a_n
image,#hash_116ce40fcf41d4fa
image,d#i_mtl_veh_t7_dlc_weathered_paint_02_c
image,d#i_t8_decal_grunge_concrete_sidewalk_01_r
image,#i_t7_glass_dirty_grimes_01_cracked_g
image,d#i_t7_glass_dirty_grimes_01_cracked_n
image,#hash_11cb92af73499cbd
image,#i_mtl_p7_mou_console_control_corner_m
image,#i_mtl_p8_mphd_rollup_door_decal_chain_01_s
image,#i_mtl_p8_mphd_rollup_door_decal_chain_01_c
image,#i_mtl_p8_mphd_rollup_door_decal_chain_01_g
image,#i_mtl_p8_mphd_rollup_door_decal_chain_01_n
image,#hash_11ed732dc0f7e18e
image,#fxt_model_newspaper_c
image,#i_mtl_p8_mou_control_screen_light_04_e
image,#i_c_t7_warrior_body1_armor_dark_c
image,#i_c_t7_warrior_body1_armor_dark_g
image,#i_c_t7_warrior_body1_armor_dark_o
image,#i_c_t7_warrior_body1_armor_dark_n
image,#i_t7_mou_concrete_rough_glue_c
image,#i_t7_mou_concrete_rough_glue_o
image,#i_t7_mou_concrete_rough_glue_n
image,#i_t7_glass_smoked_02_c
image,d#i_t7_micro_wood_varied_teak_n
image,d#i_t7_micro_wood_varied_teak_g
image,d#i_t7_micro_wood_varied_teak_c
image,#i_mtl_p7_mou_transformer_power_n
image,#i_mtl_p7_mou_transformer_power_m
image,#hash_1250213cabc1f2d6
image,#hash_1250253cabc1f9a2
image,#hash_1250293cabc2006e
image,#hash_12502a3cabc20221
image,#i_c_t7_techno_head1_glass_n
image,#i_c_t7_techno_head1_glass_c
image,#i_c_t7_techno_head1_glass_g
image,#i_mtl_p7_mou_wirebundle_plastic_tiling_m
image,#i_mtl_p7_mou_wirebundle_plastic_tiling_n
image,#i_mtl_p7_baby_carriage_vintage_screw_decal_c
image,#i_mtl_p7_baby_carriage_vintage_screw_decal_n
image,d#i_veh_t8_sand_pebbles_fine_c
image,d#i_wpn_t8_eqp_briefcase_bomb_decals_metal_g
image,d#i_wpn_t8_eqp_briefcase_bomb_decals_metal_c
image,d#i_wpn_t8_eqp_briefcase_bomb_decals_metal_n
image,d#i_wpn_t8_eqp_briefcase_bomb_decals_metal_s
image,#i_mtl_p7_mou_brace_gondola_set_groove_n
image,#i_mtl_p7_mou_brace_gondola_set_groove_c
image,#i_t7_zm_sta_decal_metal_low_tech_details_20_n
image,#i_t7_zm_sta_decal_metal_low_tech_details_20_c
image,#i_mtl_p7_soc_fan_ceiling_dmg_metal_01_n
image,#i_mtl_p7_soc_fan_ceiling_dmg_metal_01_m
image,d#i_t7_plaster_rough_light_01_micro_n
image,d#i_t7_plaster_rough_light_01_micro_c
image,#i_t7_mou_plaster_light_g
image,#i_t7_mou_plaster_light_c
image,#i_t7_mou_plaster_light_n
image,#i_t7_mou_plaster_light_o
image,#i_p7_foliage_grass_tussock_r
image,#i_c_t7_warrior_body1_arm_rt_a1_c
image,#i_c_t7_warrior_body1_arm_rt_a1_n
image,#i_t7_veh_dlc_decal_grunge_rust_09_c
image,d#i_t8_decal_tech_detail_line_trim_14_r
image,d#i_t8_decal_tech_detail_line_trim_14_o
image,d#i_t8_decal_tech_detail_line_trim_14_n
image,d#i_t8_decal_tech_detail_line_trim_14_c
image,#i_mtl_p8_zm_esc_gondola_damage_n
image,#i_mtl_p7_cai_hallway_blocker_dirty_c
image,d#i_t8_metal_painted_dirty_03_c
image,#hash_133fab36ea9a1f63
image,#hash_134f46c3fb68f06a
image,#hash_134f4ac3fb68f736
image,#hash_134f4bc3fb68f8e9
image,#hash_134f52c3fb6904ce
image,#hash_134f56c3fb690b9a
image,#i_t7_decal_line_horizontal_black_clear_m
image,d#$thickness_base
image,#i_p7_pallet_wood_damaged_c
image,#i_p7_pallet_wood_damaged_n
image,#i_c_t7_battery_hairshell2_n
image,#i_c_t7_battery_hairshell2_c
image,d#$reveal
image,#i_mtl_p7_mou_electric_switch_decal_word_01_c
image,d#fxt_fog_slow_lg_anim
image,d#$camo_base_detail
image,#i_mtl_p7_slu_rollup_door_02_m
image,#rus_metal_black_trim_c
image,#i_mtl_p7_mou_antenna_hogg_dirt_01_m
image,#hash_13bad56c37d1918d
image,#i_mtl_p7_zm_asc_hose_set_straight_m
image,#i_mtl_p7_zm_asc_hose_set_straight_n
image,d#i_ct7_blockout_battery_body1_pistol_mr6_plastic_n
image,#i_ct7_blockout_battery_body1_pistol_mr6_plastic_c
image,#i_ct7_blockout_battery_body1_pistol_mr6_plastic_g
image,#i_mtl_p7_zm_ctl_light_warning_tesla_set_paint_metal_01_m
image,#i_mtl_p7_zm_ctl_light_warning_tesla_set_paint_metal_01_n
image,#i_c_t7_battery_body1_armor_ir
image,d#i_c_gen_char_c
image,d#i_c_gen_char_g
image,d#i_c_gen_char_n
image,#i_mtl_p7_zm_isl_plane_corsair_wreckage_set_metal_02_m
image,#i_t7_mud_sludge_wet_03_c
image,d#i_t7_mud_sludge_wet_03_n
image,#i_t7_mud_sludge_wet_03_r
image,d#i_t8_micro_noise_02_c
image,#hash_14305a89372e428b
image,#hash_14305b89372e443e
image,#i_t7_plastic_building_wrap_n
image,#i_mtl_p7_mou_support_beam_set_decal_a
image,#i_mtl_p7_mou_support_beam_set_decal_c
image,#i_mtl_p7_mou_support_beam_set_decal_n
image,d#i_t7_decal_grunge_charred_stain_01_c
image,#i_t7_metal_worn_chrome_base_g
image,#i_mtl_p7_rus_light_studio_light_t
image,#i_mtl_p7_mou_militarybox_nail_03_n
image,#i_mtl_p7_mou_militarybox_nail_03_c
image,#i_p7_debris_trash_cup_red_02_g
image,#i_c_t7_warrior_body1_straps_ir
image,#i_mtl_p7_mou_bridge_01_04_m
image,#i_mtl_p7_mou_bridge_01_04_n
image,#i_mtl_p7_mou_bridge_01_04_o
image,#i_mtl_p8_mou_surveillance_rack_server_stainlesssteel_s
image,#i_mtl_p8_mou_surveillance_rack_server_stainlesssteel_c
image,#i_mtl_p8_mou_surveillance_rack_server_stainlesssteel_g
image,#i_mtl_p8_mou_surveillance_rack_server_stainlesssteel_n
image,#i_mtl_p8_mou_surveillance_rack_server_stainlesssteel_o
image,#i_mtl_p7_zm_moo_radar_dish_vista_set_01_m
image,#i_mtl_p7_zm_moo_radar_dish_vista_set_01_n
image,#i_p7_bucket_janitor_plastic_rolling_s
image,#i_p7_mou_air_vent_wall_metal_rust_decals_r
image,d#i_mtl_p8_mou_crate_metal_01_leaks_c
image,#i_p7_mou_tarp_yellow_c
image,#i_p7_mou_tarp_yellow_n
image,#i_mtl_p7_sgen_big_bld_ext_wall_dirty02_c
image,#i_mtl_p7_rus_tank_pressure_set_logo_n
image,#i_mtl_p7_rus_tank_pressure_set_logo_c
image,#hash_1508bc70ac79911f
image,d#fxt_gib_metal_02
image,d#fxt_gib_metal_01
image,#i_c_t7_techno_body1_forearm_n
image,#i_c_t7_techno_body1_forearm_g
image,#i_c_t7_techno_body1_forearm_c
image,#i_c_t7_techno_body1_forearm_s
image,d#i_mtl_p7_mou_console_control_b_lrg02_m
image,#i_mtl_veh_mphd_mou_snowcat_track_02_n
image,#i_mtl_veh_mphd_mou_snowcat_track_02_o
image,#i_mtl_veh_mphd_mou_snowcat_track_02_m
image,#i_veh_t8_concrete_bare_01_c
image,d#i_t7_glass_dirty_streaks_02_sml_g
image,d#i_t7_snow_powder_03_r
image,#i_mtl_p7_debris_trash_wrapper_01_c
image,#i_mtl_p7_debris_trash_wrapper_01_n
image,#i_mtl_p7_pipe_metal_hp_12_valve_01_n
image,#i_mtl_p7_pipe_metal_hp_12_valve_01_o
image,#i_mtl_p7_pipe_metal_hp_12_valve_01_m
image,#i_t7_mou_carpet_trim_s
image,#i_t7_mou_carpet_trim_n
image,#i_t7_mou_carpet_trim_o
image,#i_t7_mou_carpet_trim_c
image,#i_t7_mou_carpet_trim_g
image,#i_t7_zm_ctl_decal_damage_bullet_plaster_01_c
image,#i_t7_zm_ctl_decal_damage_bullet_plaster_01_n
image,#i_t7_zm_ctl_decal_damage_bullet_plaster_01_o
image,#i_t7_zm_ctl_decal_damage_bullet_plaster_01_r
image,#i_mtl_p7_tape_masking_black_s
image,#i_mtl_p7_tape_masking_black_g
image,#i_mtl_p7_tape_masking_black_c
image,#i_mtl_p7_tape_masking_black_n
image,#hash_15abccde5f7dc543
image,#hash_15abd7de5f7dd7f4
image,#i_c_t7_warrior_body1_armor_2_ir
image,d#i_t8_micro_metal_rough_01_r
image,d#i_t7_micro_wood_rough_03_n
image,d#i_t7_micro_wood_rough_03_c
image,d#i_t7_micro_wood_rough_03_g
image,d#i_t7_decal_signage_cai_military_gloss_g
image,#i_c_t7_battery_black_ir
image,#hash_16271576dbc85280
image,#hash_16271676dbc85433
image,#hash_16271876dbc85799
image,#i_mtl_p8_mphd_box_copy_paper_dirt_c
image,#i_mtl_p8_mphd_box_copy_paper_dirt_r
image,#i_mtl_p7_box_cardboard_open02_c
image,d#fxt_spark_single_mask
image,#i_c_t7_warrior_body1_hand_a1_o
image,#i_c_t7_warrior_body1_hand_a1_n
image,#i_c_t7_warrior_body1_hand_a1_g
image,#i_c_t7_warrior_body1_hand_a1_c
image,#i_c_bc_femalesoldier_straps2_g
image,#i_c_bc_femalesoldier_straps2_n
image,#i_mtl_p7_zm_isl_door_trap_metal_01_m
image,#i_mtl_p7_zm_isl_door_trap_metal_01_n
image,d#i_t7_micro_concrete_bare_weathered_02_g
image,d#i_t7_micro_concrete_bare_weathered_02_c
image,d#i_t7_micro_concrete_bare_weathered_02_n
image,#hash_16b00c2d40e1e4bc
image,#hash_16b00d2d40e1e66f
image,#hash_16b0152d40e1f407
image,#i_mtl_p7_wires_electrical_s
image,#i_mtl_p7_wires_electrical_c
image,#i_mtl_p7_wires_electrical_g
image,#i_mtl_p7_wires_electrical_n
image,#hash_171dbd0777059ef3
image,#hash_171dc1077705a5bf
image,#hash_171dc8077705b1a4
image,#hash_171dcd077705ba23
image,#i_mtl_p7_blast_wall_concrete_worn_n
image,#i_mtl_p7_blast_wall_concrete_worn_c
image,#hash_173a9138ab4ce45d
image,#i_mtl_p7_zm_der_light_set_m
image,#i_mtl_p7_zm_der_light_set_n
image,d#i_t8_micro_sand_01_n
image,#i_mtl_p7_global_chainlink_fence_kit_01_n
image,#i_mtl_p7_global_chainlink_fence_kit_01_o
image,d#fxt_sparks_rndhit
image,#i_mtl_veh_mphd_mou_snowcat_accessory_03_n
image,#i_mtl_veh_mphd_mou_snowcat_accessory_03_o
image,#i_mtl_veh_mphd_mou_snowcat_accessory_03_m
image,#i_t7_out_snow_erosion_01_n
image,#i_t7_out_snow_erosion_01_r
image,#i_mtl_p7_mou_net_safety_decal_01_n
image,#i_c_t7_techno_head1_hood_c
image,#i_c_t7_techno_head1_hood_g
image,#i_c_t7_techno_head1_hood_n
image,#i_c_t7_techno_head1_hood_m
image,#i_c_t7_warrior_body1_thighpad_ir
image,d#fxt8_spark_rndhit_core_hdr
image,d#i_ct7_blockout_battery_body1_shoes_o
image,d#i_ct7_blockout_battery_body1_shoes_n
image,d#i_ct7_blockout_battery_body1_shoes_g
image,d#i_ct7_blockout_battery_body1_shoes_c
image,d#i_t7_plastic_fiberglass_bench_g
image,d#i_veh_t8_detail_stucco_01
image,d#i_t7_concrete_painted_wet_white_c
image,#i_mtl_p7_zm_kin_data_reel_set_metal_m
image,#i_mtl_p7_zm_kin_data_reel_set_metal_n
image,#i_mtl_p7_zm_kin_data_reel_set_metal_g
image,d#i_mtl_p7_zm_asc_console_desk_leather_g
image,#i_mtl_p7_zm_kin_generator_industrial_decal_01_c
image,#i_mtl_p7_zm_kin_generator_industrial_decal_01_n
image,#i_t7_mou_dec_numbers_circled_concrete_c
image,#i_t7_mou_dec_numbers_circled_concrete_r
image,#i_mtl_p7_slu_door_white_frame_02_n
image,#i_mtl_p7_slu_door_white_frame_02_m
image,d#i_t8_micro_stone_01_g
image,#i_mtl_p7_zm_ori_lantern_vintage_n
image,#i_mtl_p7_zm_ori_lantern_vintage_m
image,#i_t7_cru_snow_clumps_02_reveal_r
image,#hash_185207f9a5093259
image,d#i_t8_concrete_plain_dirty_01_c
image,#i_mtl_p7_mou_airduct_01_decal_01_n
image,#i_mtl_p7_mou_airduct_01_decal_01_m
image,#i_mtl_p7_mou_airduct_01_decal_01_c
image,#i_c_t7_techno_body1_forearm_ir
image,#i_mtl_p7_zm_asc_box_electrical_glass_c
image,#i_mtl_p7_zm_asc_box_electrical_glass_g
image,d#i_t7_micro_cloth_tarp_n
image,#i_mtl_p7_mou_keybox_case_set_01_n
image,#i_mtl_p7_mou_keybox_case_set_01_g
image,#i_mtl_p7_mou_keybox_case_set_01_c
image,d#i_t8_decal_grunge_rust_04_sml_c
image,#i_c_t7_battery_body1_webgear_ir
image,#i_mtl_p7_zur_nw_foundry_set_screw_n
image,#hash_18e9fbcef6b35922
image,#hash_18ea00cef6b361a1
image,#hash_18ea04cef6b3686d
image,#i_mtl_p7_zur_nw_icicles_large_01_c
image,#i_mtl_p7_zur_nw_icicles_large_01_n
image,#i_t7_metal_worn_iron_dark_c
image,#i_t7_metal_worn_iron_dark_g
image,#i_t7_metal_worn_iron_dark_m
image,#i_t7_metal_worn_iron_dark_s
image,d#i_t7_micro_wood_oak_32x32_unfinished_c
image,d#i_t7_micro_wood_oak_32x32_unfinished_g
image,d#i_t7_micro_wood_oak_32x32_unfinished_n
image,#ch_concrete03_n
image,#i_mtl_p8_mphd_rollup_door_decal_chain_02_c
image,#i_mtl_p8_mphd_rollup_door_decal_chain_02_r
image,d#fxt8_debris_ember_mask
image,#cookie_flicker06
image,#i_t7_out_decal_grunge_dirt_r
image,d#i_mtl_p7_mou_light_pole_bolt_n
image,d#i_t7_decal_grunge_wet_wall_stain_c
image,d#i_mtl_p7_blast_wall_concrete_decal_c
image,#i_mtl_p8_mou_control_screen_decal_02_c
image,#i_mtl_p8_mou_control_screen_decal_02_n
image,#i_mtl_p7_zm_tra_stepladder_lrg_n
image,d#i_mtl_p7_slu_stool_swivel_n
image,d#i_mtl_p7_slu_stool_swivel_m
image,#hash_19cd95d94372b243
image,d#i_mtl_veh_mphd_forklift_decal09_c
image,#i_c_t7_battery_body1_thrusters_ao
image,#i_t7_decal_damage_concrete_cracks_04_r
image,#i_t7_decal_damage_concrete_cracks_04_n
image,#i_t7_decal_damage_concrete_cracks_04_c
image,#hash_19f961080fb34be9
image,#hash_1a11f75cd87a6124
image,#hash_1a11fa5cd87a663d
image,d#i_t7_detail_hexagon_01
image,#i_mtl_p7_mou_coiled_wire_cut_n
image,#i_mtl_p7_mou_coiled_wire_cut_c
image,#i_c_t7_warrior_body1_thighpad_n
image,#i_c_t7_warrior_body1_thighpad_o
image,#i_c_t7_warrior_body1_thighpad_c
image,d#i_t7_decal_grunge_concrete_drip_01_blend_r
image,d#i_mtl_veh_mphd_forklift_bottom_o
image,d#i_mtl_veh_mphd_forklift_bottom_n
image,d#i_t7_decal_grunge_bottom_02_c
image,d#i_t8_micro_stone_slate_01_c
image,#i_t8_glass_smartglass_diamonds_01_n
image,#i_mtl_p7_rus_pipe_vent_n
image,#i_mtl_p7_rus_pipe_vent_c
image,#i_t7_ban_decal_grunge_rust_corrosion_c
image,#i_t7_ban_decal_grunge_rust_corrosion_n
image,#i_mtl_p7_cai_butcher_meat_hooks_g
image,#i_mtl_p7_cai_butcher_meat_hooks_n
image,#i_mtl_p7_cai_butcher_meat_hooks_s
image,#i_mtl_p7_zm_asc_antenna_radar_01_n
image,#i_mtl_p7_zm_asc_antenna_radar_01_m
image,#i_t7_metal_wall_panel_old_patina_n
image,#i_t7_metal_wall_panel_old_patina_c
image,#i_mtl_p7_zm_der_light_spot_body_s
image,#i_mtl_p7_zm_der_light_spot_body_c
image,#i_mtl_p7_zm_der_light_spot_body_g
image,#i_mtl_p7_zm_der_light_spot_body_n
image,#i_mtl_p7_zm_der_light_spot_body_o
image,#i_mtl_p7_mou_wall_clock_label_n
image,#i_mtl_p7_mou_wall_clock_label_m
image,#i_t7_metal_paint_old_n
image,#mtl_i_p7_mou_cable_protector_main_r
image,#mtl_i_p7_mou_cable_protector_main_n
image,#i_mtl_p7_mou_militarybox_nail_02_c
image,#i_mtl_p7_mou_militarybox_nail_02_n
image,#i_t7_decal_damage_metal_dent_01_n
image,#i_mtl_p8_mou_security_keypad_meta_part_n
image,#hash_1b19a3fb6f8a4035
image,#hash_1b19a6fb6f8a454e
image,#i_mtl_p7_rus_sign_wall_02_m
image,#i_mtl_p7_rus_sign_wall_02_n
image,#i_t8_decal_grunge_rust_03_n
image,d#i_t8_decal_grunge_rust_03_c
image,#hash_1b4dfa0ac99796e6
image,#hash_1b4dfe0ac9979db2
image,#hash_1b4e070ac997acfd
image,#i_t7_decal_grunge_wall_stain_01_n
image,d#i_t7_decal_grunge_wall_stain_01_c
image,d#i_t7_decal_grunge_wall_stain_01_r
image,d#i_t7_sand_tan_dirty_01_n
image,#i_mtl_p7_zm_der_transformer_rod_01_m
image,#i_mtl_p7_zm_der_transformer_rod_01_o
image,#i_mtl_p7_zm_der_transformer_rod_01_n
image,#i_mtl_p7_zm_der_transformer_rod_01_c
image,d#i_t7_micro_wood_worn_brown_n
image,#i_t7_micro_wood_worn_brown_g
image,#i_mtl_p7_slu_outlet_electrical_decal_c
image,#i_mtl_p7_slu_outlet_electrical_decal_n
image,#i_mtl_p7_mou_stump_concrete_02_02_m
image,#i_mtl_p7_mou_stump_concrete_02_02_n
image,#i_mtl_p7_box_cardboard_tape_c
image,#i_mtl_p7_box_cardboard_tape_n
image,#i_mtl_p7_debris_concrete_rubble_med_03_warm_c
image,#hash_1bc0e3a35fbb43c2
image,#hash_1bc0e8a35fbb4c41
image,d#fxt8_spark_round_hdr
image,#i_mtl_p7_ris_tool_level_steel_01_n
image,#i_mtl_p7_mou_tower_radar_grate_c
image,#i_mtl_p7_mou_tower_radar_grate_n
image,#i_mtl_p7_mou_tower_radar_grate_o
image,#i_mtl_veh_t7_dlc_weathered_paint_03_c
image,#i_mtl_veh_t7_dlc_weathered_paint_03_g
image,#i_mtl_p7_mou_console_control_b_lrg_dmg
image,#i_mtl_p7_mou_wirebundle_metal_m
image,#i_mtl_p7_mou_wirebundle_metal_n
image,#i_c_t7_warrior_head1_skin1_c
image,#hash_1c7c7b54acac4f40
image,#i_mtl_p7_3arc_lobby_desk_rubber_n
image,d#i_gph_t7_metal_painted_blk02_n
image,#i_p7_zm_ctl_gondola_grunge_decal_01
image,#i_mtl_p8_mou_control_screen_plastic_m
image,#i_mtl_p7_mou_airduct_metal_decal_01_n
image,d#metal_bumps_n_01
image,d#i_t7_snow_powder_02_n
image,d#i_t7_snow_powder_02_c
image,#i_t7_snow_powder_02_r
image,d#i_mtl_mou_coffee_urn_n
image,d#i_mtl_mou_coffee_urn_m
image,d#i_t8_micro_moss_base_01_n
image,d#i_t8_micro_moss_base_01_g
image,#i_t7_decal_grunge_trash_01_c
image,#i_t7_decal_grunge_trash_01_g
image,#i_t7_decal_grunge_trash_01_n
image,#i_t7_decal_grunge_trash_01_s
image,#i_t7_decal_grunge_trash_01_r
image,#hash_1d19e7b3408d9ca2
image,d#$white_diffuse
image,#i_c_t7_techno_head1_skin_o
image,#i_mtl_p7_slu_pole_chainlink_fence_metal_m
image,#i_mtl_p7_slu_pole_chainlink_fence_metal_n
image,d#i_c_54i_assault_pouch_n
image,#i_c_54i_assault_pouch_g
image,#hash_1dc78da1e5a04715
image,#hash_1dc790a1e5a04c2e
image,d#i_t7_detail_styrofoam_01
image,#glo_dec_tape_safety_n
image,#glo_dec_tape_safety_c
image,#i_mtl_p7_dock_wood_rustic_set_decal_05_n
image,d#i_mtl_p7_dock_wood_rustic_set_decal_05_c
image,#i_t7_zm_asc_corrugated_metal_painted_m
image,#i_mtl_p7_electrical_box_set2_boxes_n
image,#i_mtl_p7_electrical_box_set2_boxes_c
image,#i_mtl_p7_mou_tank_propane_bottle_long_dirt_c
image,#i_mtl_p7_debris_trash_cup_coffee_01_c
image,#i_mtl_p7_debris_trash_cup_coffee_01_n
image,#i_mtl_p7_rus_debris_paper_set_paper_n
image,#i_mtl_p7_rus_debris_paper_set_paper_c
image,#i_rus_dec_snow_grunge_c
image,#i_rus_dec_snow_grunge_n
image,#i_c_t7_warrior_body1_arm_lt_a1_ir
image,d#i_mtl_p8_mp_flag_pole_01_n
image,d#i_mtl_p8_mp_flag_pole_01_o
image,d#i_mtl_p8_mp_flag_pole_01_m
image,d#i_mtl_p8_mp_flag_pole_01_c
image,#i_p7_mou_observatory_dome_base_g
image,#hash_1e6688d8263829a7
image,#i_c_t7_battery_ammo_belt_n
image,#i_c_t7_battery_ammo_belt_c
image,#i_c_t7_techno_body1_arm_left_ir
image,d#i_t7_micro_metal_handrail_01_s
image,d#i_t7_micro_metal_handrail_01_c
image,d#i_t7_micro_metal_handrail_01_g
image,d#i_t7_micro_metal_handrail_01_n
image,#hash_1e9eb469970d7e4f
image,#hash_1e9eb769970d8368
image,#i_c_t7_warrior_body1_hand_b1_n
image,#i_c_t7_warrior_body1_hand_b1_g
image,#i_mtl_p7_zm_ctl_suit_armor_decal_01_n
image,#i_mtl_p7_zm_ctl_suit_armor_decal_01_c
image,#hash_1ed47b4734072967
image,#i_mtl_p8_mphd_roof_vent_base_01_set_n
image,#i_mtl_p8_mphd_roof_vent_base_01_set_m
image,d#i_veh_t7_drone_attack_rocketpods_highres_paintedmetal_g
image,d#$white_diffuse_hdr
image,d#i_t8_decal_graphics_caution_stripe_01_m
image,d#i_t8_decal_graphics_caution_stripe_01_c
image,d#i_t8_decal_graphics_caution_stripe_01_r
image,#i_t7_mou_concrete_poured_c
image,#i_t7_mou_concrete_poured_g
image,#i_t7_mou_concrete_poured_o
image,#i_t7_mou_concrete_poured_n
image,#i_c_t7_warrior_body1_egypt_gear_6_c
image,#i_mtl_p7_zm_moo_radar_dish_vista_set_02_n
image,#i_mtl_p7_zm_moo_radar_dish_vista_set_02_m
image,#hash_1f7a04b10b9608bc
image,#hash_1f7a09b10b96113b
image,#i_mtl_p_jun_bookshelf2_metal_c
image,d#i_mtl_p7_zm_asc_console_desk_leather_dmg_c
image,d#i_mtl_p7_zm_asc_console_desk_leather_dmg_n
image,#i_mtl_p7_mou_wall_clock_label_02_c
image,#i_mtl_p7_mou_wall_clock_label_02_n
image,#i_p7_window_square_64_o
image,#i_p7_window_square_64_n
image,#i_p7_window_square_64_g
image,#i_p7_window_square_64_c
image,#i_p7_window_square_64_s
image,#i_c_t7_techno_body1_boot_ir
image,#hash_1fa843d681f59e42
image,#i_mtl_p7_blast_wall_concrete_large_dmg_01_m
image,#i_mtl_p7_blast_wall_concrete_large_dmg_01_n
image,d#i_t8_micro_metal_wall_rough_g
image,#i_mtl_p7_mou_console_control_a_lrg_m
image,d#i_wz_t8_mp_spe_buffer_body1_syringe_pouch_n
image,d#i_wz_t8_mp_spe_buffer_body1_syringe_pouch_c
image,d#fxt8_spark_shower_radial_sparse_hdr
image,#i_mtl_p7_debris_trash_wrapper_02_c
image,#i_mtl_p7_debris_trash_wrapper_02_n
image,#i_t8_glass_smokey_streaks_01_backlit_g
image,#i_c_gen_head_thickness_1_t
image,d#i_mtl_veh_mphd_forklift_wheel_snow_multi_m
image,d#$snow
image,d#i_t8_micro_metal_galvanized_01_n
image,#i_mtl_p7_rus_light_studio_metal_n
image,#i_mtl_p7_rus_light_studio_metal_m
image,#decal_damage_asphalt_pothole01_n
image,#decal_damage_asphalt_pothole01_c
image,#i_mtl_p7_icicle_set_n
image,#i_mtl_p7_icicle_set_c
image,#i_mtl_p7_mou_scaffolding_set_o
image,#i_mtl_p7_mou_scaffolding_set_n
image,#i_mtl_p7_mou_scaffolding_set_m
image,#dh_snow_powder_01_c
image,d#$thickness
image,d#fxt8_snow_flake
image,#hash_20ae9f3b1860a4fd
image,#i_p8_mp_bomb_crate_whole_destroyed_burned_n
image,#i_p8_mp_bomb_crate_whole_destroyed_burned_c
image,d#i_mtl_p_dest_water_fountain01_decal_06_n
image,d#i_mtl_p_dest_water_fountain01_decal_06_c
image,#i_c_t7_outrider_body3_gear1_g
image,#i_c_t7_outrider_body3_gear1_c
image,#i_c_t7_outrider_body3_gear1_o
image,#i_c_t7_outrider_body3_gear1_n
image,#i_c_t7_techno_body1_arm_rt_c_c
image,#i_c_t7_techno_body1_arm_rt_c_g
image,#i_c_t7_techno_body1_arm_rt_c_o
image,#i_c_t7_techno_body1_arm_rt_c_n
image,#i_c_t7_techno_body1_arm_rt_c_s
image,d#i_c_t7_gunslinger_fabric_n
image,d#global_rope_lbrown_dark_c
image,#i_mtl_p8_zm_esc_cell_bed_decal_04_c
image,#i_mtl_p8_zm_esc_cell_bed_decal_04_n
image,d#i_p8_mp_bomb_crate_palette_no_step_caution_c
image,#i_t7_decal_grunge_leakage_01_c
image,#i_mtl_p7_zm_moo_biodome_shell_column_metal_m
image,#i_mtl_p7_zm_moo_biodome_shell_column_metal_n
image,#i_mtl_p7_mou_folder_manila_set_n
image,#i_mtl_p7_mou_folder_manila_set_m
image,d#i_t7_wes_wood_micro_01_c
image,d#i_t7_wes_wood_micro_01_n
image,#hash_21a0c8d1e9c2380c
image,#hash_21a0cdd1e9c2408b
image,#i_mtl_p7_mou_antenna_structure_02_base_01_m
image,#i_mtl_p7_mou_antenna_structure_02_base_01_n
image,d#i_mtl_p8_mphd_tool_chest_rolling_lrg_b_handles_m
image,d#i_mtl_p8_mphd_tool_chest_rolling_lrg_b_handles_n
image,#i_mtl_p7_zm_asc_light_emergency_m
image,#i_mtl_p7_zm_asc_light_emergency_n
image,#i_c_t7_techno_body1_gear_g
image,#i_c_t7_techno_body1_gear_c
image,#i_c_t7_techno_body1_gear_n
image,#i_c_t7_techno_body1_gear_s
image,#i_mtl_p7_blast_wall_concrete_metal_n
image,d#fxt_exp_billow_md_anim_mask
image,d#i_t8_snow_ice_slushed_n
image,#i_mtl_p7_mou_militarybox_metal_n
image,#i_mtl_p7_mou_militarybox_metal_r
image,#hash_223606d3648ed835
image,#i_mtl_p7_pipe_metal_hp_12_straight_m
image,#hash_2247dde90c46a26f
image,d#i_t7_graphic_display_keypad_03_generic_c
image,d#i_mtl_p8_mphd_tool_chest_decal_03_c
image,d#i_mtl_p8_mphd_tool_chest_decal_03_n
image,#i_p8_mp_bomb_crate_whole_destroyed_green_c
image,#i_p8_mp_bomb_crate_whole_destroyed_green_n
image,d#i_t7_decal_grunge_wall_scratch_marks_s
image,d#i_t7_decal_grunge_wall_scratch_marks_c
image,d#i_t7_decal_grunge_wall_scratch_marks_g
image,d#i_t7_decal_grunge_wall_scratch_marks_n
image,#hash_22b3bd4fba0ee89e
image,#hash_22b9111f637b6e9c
image,#hash_22b9161f637b771b
image,#i_mtl_p7_mou_electric_switch_metal_03_n
image,#i_mtl_p7_mou_electric_switch_metal_03_m
image,d#i_t7_decal_line_horizontal_chipped_edges_n
image,d#i_t7_decal_line_horizontal_chipped_edges_c
image,#hash_22fb245bfb52b2fa
image,d#$black_color
image,d#i_mtl_p7_mou_console_control_b_lrg_m
image,d#i_mtl_veh_mphd_forklift_cockpit_o
image,d#i_mtl_veh_mphd_forklift_cockpit_n
image,d#i_mtl_veh_mphd_forklift_cockpit_snow_multi_m
image,#hash_23601e59893be195
image,#hash_23602159893be6ae
image,#i_mtl_p7_mou_vent_roof_metal_m
image,#i_c_t7_techno_body1_boot_n
image,#i_c_t7_techno_body1_boot_o
image,#i_c_t7_techno_body1_boot_c
image,#i_c_t7_techno_body1_boot_g
image,#i_c_t7_techno_body1_boot_s
image,d#i_generic_filter_bubble_wash2
image,#i_p8_mp_bomb_crate_whole_destroyed_burned02_c
image,#i_t7_mou_monitor_3
image,#i_t7_mou_monitor_1
image,d#i_t8_micro_rock_pumice_01_g
image,#i_t8_reveal_paper_01_r
image,d#i_t7_micro_carbon_fiber_01_n
image,#i_mtl_p7_zm_ctl_tool_fireplace_brush_n
image,#i_mtl_p7_zm_ctl_tool_fireplace_brush_c
image,#i_mtl_p7_rus_antenna_short_m
image,#i_mtl_p7_rus_antenna_short_n
image,#i_mtl_p7_farm_tools_saw_s
image,#i_mtl_p7_farm_tools_saw_c
image,#i_mtl_p7_farm_tools_saw_n
image,#i_mtl_p7_rus_bookshelf_metal_02_m
image,#i_mtl_p7_rus_bookshelf_metal_02_n
image,#i_c_t7_battery_20_ir
image,d#i_c_hro_player_cyberarm_viewarm_g
image,d#i_c_hro_player_cyberarm_viewarm_o
image,d#i_c_hro_player_cyberarm_viewarm_n
image,d#i_c_hro_player_cyberarm_viewarm_s
image,d#i_t7_plastic_polyethylene_worn_g
image,#i_mtl_p7_mou_electrical_tower_snow_set_01_m
image,#i_mtl_p7_mou_electrical_tower_snow_set_01_n
image,d#fxt8_fire_md_lick_dissipate_anim_alpha
image,#i_mtl_p7_mou_foliage_brush_snow_grass_leaves_n
image,#i_mtl_p7_mou_foliage_brush_snow_grass_leaves_c
image,#i_mtl_p7_mou_foliage_brush_snow_grass_leaves_t
image,d#i_t8_decal_damage_scratch_marks_01_c
image,d#i_t8_decal_damage_scratch_marks_01_g
image,d#i_t8_decal_damage_scratch_marks_01_n
image,d#i_t8_decal_damage_scratch_marks_01_s
image,#i_t7_zm_isl_metal_bare_01_rust_r
image,#i_mtl_p8_mphd_rollup_door_metal_01_m
image,#i_mtl_p8_mphd_rollup_door_metal_01_n
image,#i_t7_rubber_floor_grip_white_fr_02_n
image,#i_mtl_p7_barrier_block_concrete_02_n
image,#i_mtl_p7_barrier_block_concrete_02_c
image,#i_mtl_p7_mou_star_plaque_rock_m
image,#i_mtl_p7_slu_corkboard_set01_c
image,#i_mtl_p7_slu_corkboard_set01_n
image,#i_t7_wood_worn_dark_oak_n
image,#i_t7_wood_worn_dark_oak_c
image,#i_t7_wood_worn_dark_oak_g
image,#i_c_t7_warrior_body1_pants_mask
image,d#fxt_water_ripple_anim
image,#i_t7_glass_dirty_gold_opaque_g
image,#i_t7_glass_dirty_gold_opaque_s
image,d#fxt8_spark_rndhit_hdr
image,d#i_t8_micro_metal_patina_01_n
image,#i_mtl_p7_rus_lamp_tinhat_bulb_small_t
image,#i_mtl_p7_mou_stump_concrete_02_dirt_c
image,#i_mtl_p7_mou_wirebundle_plastic_decal_01_n
image,#i_t7_concrete_tiles_2x2_dirty_01_n
image,#i_t7_concrete_tiles_2x2_dirty_01_c
image,#i_mtl_p7_rus_sign_wall_01_n
image,#i_mtl_p7_rus_sign_wall_01_m
image,#i_mtl_p7_light_pole_modular_exterior_01_s
image,#i_mtl_p7_light_pole_modular_exterior_01_g
image,#i_mtl_p7_light_pole_modular_exterior_01_c
image,#i_mtl_p7_light_pole_modular_exterior_01_o
image,#i_mtl_p7_light_pole_modular_exterior_01_n
image,#i_mtl_p7_mou_stump_concrete_02_c
image,#hash_25ea0639d7950690
image,#hash_25ea0939d7950ba9
image,d#i_wpn_t8_eqp_briefcase_bomb_decals_c
image,#i_mtl_p7_zm_nac_bucket_decal_r
image,d#i_veh_t8_rust01_c
image,#i_mtl_p7_barrier_block_concrete_rusty_cap_n
image,d#fxt8_spark_streak_abnorm_alpha
image,#i_t7_metal_trim_stud_s
image,#i_c_hro_rachel_egypt_pouch_3_g
image,#i_c_hro_rachel_egypt_pouch_3_n
image,#i_t7_rubble_concrete_md_blend_c
image,#i_t7_rubble_concrete_md_blend_n
image,#i_mtl_p7_slu_sign_parking_traffic_decal_01_c
image,#i_mtl_p8_mou_surveillance_rack_server_paintedmetal_n
image,#i_compass_map_mp_mountain2
image,d#i_nodraw_decal
image,#i_t7_glass_embedded_white_hex_c
image,#i_mtl_p7_wires_electrical_rubber_n
image,#i_mtl_p7_wires_electrical_rubber_c
image,d#$specular
image,#i_c_t7_warrior_body1_view_arm_b_c
image,d#i_wz_t8_mp_spe_buffer_body1_scisors_s
image,d#i_wz_t8_mp_spe_buffer_body1_scisors_g
image,d#i_wz_t8_mp_spe_buffer_body1_scisors_c
image,d#i_wz_t8_mp_spe_buffer_body1_scisors_n
image,d#i_veh_t8_plastic_base_clean_g
image,d#afr_dirt_clay_01_nml
image,d#fxt8_spark_rndhit_core_alpha
image,#i_mtl_p7_mou_weather_anemometer_set_01_n
image,#i_mtl_p7_mou_weather_anemometer_set_01_m
image,#hash_273575846749d06b
image,#hash_273579846749d737
image,#hash_27595f03a5f855f0
image,#hash_27596203a5f85b09
image,d#i_t8_decal_grunge_burn_01_c
image,#i_mtl_p7_rope_pile_n
image,#i_mtl_p7_rope_pile_c
image,d#i_mtl_p8_mp_flag_base_01_c
image,d#i_mtl_p8_mp_flag_base_01_m
image,d#i_mtl_p8_mp_flag_base_01_o
image,d#i_mtl_p8_mp_flag_base_01_n
image,#i_mtl_p7_mou_gondola_wheel_light_n
image,#i_mtl_p7_mou_gondola_wheel_light_m
image,d#i_c_gen_head_thickness_2_t
image,#i_mtl_t8_metal_deck_painted_01_g
image,#i_mtl_p8_mphd_tool_chest_metal_red_03_m
image,#i_c_t7_warrior_body1_hand_a1_ir
image,#i_p7_mou_fence_snow_red_post_m
image,#i_p7_mou_fence_snow_red_post_n
image,#i_p7_mou_fence_snow_red_post_o
image,#i_mtl_p7_mou_trash_can_set_m
image,#i_mtl_p7_mou_trash_can_set_n
image,#i_mtl_p7_dock_wood_rustic_set_decal_04_c
image,#i_mtl_p8_wz_supply_stash_decal_medical_c
image,d#i_wpn_t8_eqp_briefcase_bomb_computer_s
image,d#i_wpn_t8_eqp_briefcase_bomb_computer_g
image,d#i_wpn_t8_eqp_briefcase_bomb_computer_c
image,d#i_wpn_t8_eqp_briefcase_bomb_computer_o
image,d#i_wpn_t8_eqp_briefcase_bomb_computer_n
image,#i_p7_snow_slush_floor_c
image,#i_p7_snow_slush_floor_r
image,#i_mtl_p7_slu_meter_electric_01_base_burnt_n
image,#i_mtl_p7_slu_meter_electric_01_base_burnt_m
image,#i_t7_mou_concrete_exposed_g
image,#i_t7_mou_concrete_exposed_c
image,#i_t7_mou_concrete_exposed_n
image,#i_t7_decal_grunge_dirt_wall_01_r
image,#i_t7_decal_grunge_dirt_wall_01_n
image,#i_t7_decal_grunge_dirt_wall_01_c
image,d#i_mtl_p7_mou_snow_chunk_snow_n
image,d#i_mtl_t8_decal_tech_detail_screw_01_n
image,#i_t7_decal_line_horizontal_black_pinch_clear_m
image,#i_mtl_p7_mou_antenna_hogg_base_03_n
image,#i_mtl_p7_mou_antenna_hogg_base_03_m
image,d#i_t7_micro_metal_rust_01_g
image,d#i_t7_micro_metal_rust_01_c
image,d#i_t7_micro_metal_rust_01_n
image,d#i_t7_micro_metal_rust_01_s
image,#i_mtl_p8_wz_supply_stash_health_canvas_r
image,#i_mtl_p8_wz_supply_stash_health_canvas_g
image,#i_mtl_p8_wz_supply_stash_health_canvas_c
image,#i_mtl_p8_wz_supply_stash_health_canvas_n
image,#i_mtl_p8_wz_supply_stash_health_canvas_o
image,#i_mtl_p7_light_glass_bulb_dirty_on_e
image,#i_mtl_p7_jun_foliage_bush_04_snow_proxy_depth
image,#i_c_t7_techno_body1_bootsole_n
image,#i_c_t7_techno_body1_bootsole_g
image,#i_c_t7_techno_body1_bootsole_c
image,#hash_2879a6da98a2d5ab
image,#hash_2879a7da98a2d75e
image,d#i_t7_micro_metal_bare_02_g
image,#i_c_t7_battery_head1_head
image,d#i_t8_decal_grunge_wall_lg_01_r
image,d#i_t7_metal_paint_rust_brown_n
image,#i_t7_metal_paint_rust_brown_g
image,#i_t7_metal_paint_rust_brown_c
image,#i_t7_decal_damage_drywall_paint_c
image,#i_t7_decal_damage_drywall_paint_n
image,#i_t7_decal_damage_drywall_paint_r
image,#i_mtl_p7_zm_moo_radar_dish_vista_set_decal_02_c
image,#i_mtl_p7_zm_moo_radar_dish_vista_set_decal_02_n
image,#i_mtl_p7_mou_bracket_pipe_sml_snow_m
image,#i_mtl_p7_rus_vent_roof_metal_decal_n
image,#i_mtl_p7_rus_vent_roof_metal_decal_m
image,d#i_t7_micro_paint_01_g
image,d#i_t7_micro_paint_01_c
image,d#i_t7_micro_paint_01_n
image,d#i_veh_t8_metal_heavy_painted_01_g
image,#i_mtl_p7_snow_chunk_floor_01_n
image,#i_t7_frosted_glass_c_low
image,#i_t7_ice_creek_n
image,#i_t7_ice_creek_c
image,d#i_t8_decal_tech_detail_indent_05_normal_m
image,d#i_t8_decal_tech_detail_indent_05_normal_n
image,d#i_p8_mp_bomb_crate_harness_m
image,d#i_p8_mp_bomb_crate_harness_n
image,#i_c_t7_techno_body1_torso_armor_s
image,#i_c_t7_techno_body1_torso_armor_c
image,#i_c_t7_techno_body1_torso_armor_g
image,#i_c_t7_techno_body1_torso_armor_n
image,d#i_t7_damage_decal_plaster_damage_02_c
image,d#i_t7_damage_decal_plaster_damage_02_n
image,#i_mtl_p7_zm_tra_door_security_metal_01_m
image,#i_mtl_p7_zm_tra_door_security_metal_01_n
image,#i_mtl_p7_mou_data_recorder_sml_glass_01_n
image,#i_mtl_p7_mou_data_recorder_sml_glass_01_c
image,#i_mtl_p7_mou_data_recorder_sml_glass_01_g
image,#i_mtl_p7_rus_gate_chainlink_set_lock_n
image,#i_mtl_p7_rus_gate_chainlink_set_lock_m
image,#i_t7_snow_powder_01_breakup_r
image,#i_c_t7_warrior_body1_plastic_ir
image,#i_mtl_p7_ntx_tool_wrench_adjustable_r
image,#i_mtl_p7_ntx_tool_wrench_adjustable_n
image,#hash_2a26defee209cc51
image,#i_c_bc_femalesoldier_grenade_ao
image,#i_mtl_p7_blast_wall_concrete_large_dmg_02_n
image,#i_mtl_p7_blast_wall_concrete_large_dmg_02_m
image,#hash_2a890e77124260bf
image,#i_mtl_p7_zm_asc_sign_exit_russian_n
image,#i_mtl_p7_zm_asc_sign_exit_russian_c
image,#i_mtl_p7_debris_cardboard_flat_02_n
image,#i_mtl_p7_debris_cardboard_flat_02_c
image,#i_mtl_p7_cloth_flag_tattered_generic_c
image,#i_mtl_p7_cloth_flag_tattered_generic_n
image,#i_mtl_p7_debris_trash_paper_09_c
image,#i_mtl_p7_debris_trash_paper_09_n
image,#i_mtl_p7_mou_gate_generator_metal_01_n
image,#i_mtl_p7_mou_gate_generator_metal_01_m
image,#hash_2ad2b867e0baf9c8
image,#i_c_gen_eye_battery_c
image,#i_t7_concrete_wall_damaged_01_blend_r
image,d#i_t7_concrete_wall_damaged_01_blend_m
image,#hash_2ae11f68e814b498
image,#hash_2aebc25fcba15908
image,d#fxt_spark_single
image,#i_mtl_p7_debris_concrete_rubble_bolt_n
image,#i_mtl_p7_debris_concrete_rubble_bolt_g
image,#i_mtl_p7_debris_concrete_rubble_bolt_c
image,d#i_t8_dirt_rocky_02_n
image,#i_mtl_p7_zm_kin_data_reel_set_white_mask_m
image,#i_mtl_p7_zur_nw_window_industrial_01_metal_m
image,#i_mtl_p7_spl_rubber_floor_mat_g
image,#i_mtl_p7_spl_rubber_floor_mat_c
image,d#i_mtl_p7_mou_barrel_metal_set_snow_m
image,#i_mtl_p7_foliage_tree_ohia_set_bark_n
image,#i_mtl_p7_foliage_tree_ohia_set_bark_c
image,#i_mtl_p7_water_filtration_system_mount_hook_n
image,#i_mtl_p7_water_filtration_system_mount_hook_o
image,#hash_2b64c988372a0200
image,#i_mtl_p7_zm_asc_pipe_modular_01_m
image,#i_c_t7_techno_body1_arm_rt_b_s
image,#i_c_t7_techno_body1_arm_rt_b_n
image,#i_c_t7_techno_body1_arm_rt_b_c
image,#i_c_t7_techno_body1_arm_rt_b_g
image,#t7_metal_grate_flooring_c
image,#t7_metal_grate_flooring_g
image,d#t7_metal_grate_flooring_n
image,#t7_metal_grate_flooring_s
image,#i_mtl_p7_mou_dish_satellite_04_decal_01_c
image,#hash_2ba4f9e221268cf1
image,#hash_2bab825d9a1c3000
image,#hash_2bab8f5d9a1c4617
image,#hash_2baddf5da0f146af
image,d#i_t7_micro_dusty_01_n
image,d#i_t7_micro_dusty_01_c
image,#i_mtl_p7_boulder3_granite_test_n
image,d#i_veh_t8_decal_grunge_leaking_03_c
image,#i_mtl_p7_foliage_grass_dry_03_snow_proxy_albedo
image,#i_mtl_p8_mphd_rollup_door_metal_02_n
image,#i_mtl_p8_mphd_rollup_door_metal_02_m
image,#i_t7_concrete_floor_broken_02_r
image,d#i_t7_wood_plywood_bare_n
image,d#i_t7_wood_plywood_bare_c
image,#i_t7_metal_garage_door_rollup_01_bare_m
image,#i_t7_metal_garage_door_rollup_01_bare_n
image,#i_t7_metal_garage_door_rollup_01_bare_o
image,d#i_wpn_t8_eqp_briefcase_bomb_computer_decal_a_e
image,#hash_2c392d1df43721e7
image,#hash_2c392e1df437239a
image,#i_mtl_p7_zm_nac_bucket_metal_m
image,#i_mtl_p7_zm_nac_bucket_metal_n
image,#hash_2c603a6880de8a1b
image,#hash_2c603b6880de8bce
image,#hash_2c603c6880de8d81
image,#i_mtl_p7_clipboard_set_c
image,#i_mtl_p7_clipboard_set_g
image,#i_mtl_p7_clipboard_set_s
image,d#i_t7_micro_plaster_smooth_dirty_01_c
image,d#i_t7_micro_plaster_smooth_dirty_01_g
image,#i_p7_foliage_tree_spruce_norway_snow_autumn_c
image,#i_t7_concrete_detail_n
image,d#i_t8_decal_grunge_stain_oil_01_t
image,#i_mtl_p7_mou_sign_cliff_board_n
image,#i_mtl_p7_mou_sign_cliff_board_r
image,#i_mtl_p7_chair_stool_02_c_metal
image,d#i_mtl_p8_zm_zod_iceberg_02_c
image,#i_mtl_p7_mou_militarybox_wood_side_n
image,#i_t7_metal_floor_catwalk_reinforced_c
image,#i_t7_metal_floor_catwalk_reinforced_n
image,#hash_2d4b4f7b6cc8ccbf
image,#i_mtl_p7_zm_asc_floor_gantry_metal_01_n
image,#hash_2d67f04fc0b27747
image,#i_t7_metal_trim_aluminum_s
image,#i_t7_metal_trim_aluminum_g
image,#i_t7_metal_trim_aluminum_n
image,#hash_2d83d7c66ce708a5
image,#hash_2d8740b651669f74
image,#i_mtl_p7_boulder4_granite_test_n
image,d#core_glass_plain_c
image,d#$normal
image,d#fxt_gib_concrete_02
image,#i_mtl_p7_railing_metal_01_beam_decal_c
image,d#i_mtl_p7_zur_train_wreckage_set_dmg_n
image,#hash_2dce9adf63c18a37
image,#hash_2dce9bdf63c18bea
image,d#i_t8_rock_smooth_dirt_01_n
image,#i_mtl_medical_monitor_wall_mounted_decal_n
image,#i_mtl_medical_monitor_wall_mounted_decal_o
image,#i_mtl_medical_monitor_wall_mounted_decal_c
image,#i_mtl_medical_monitor_wall_mounted_decal_g
image,#i_mtl_medical_monitor_wall_mounted_decal_s
image,#i_c_t7_techno_body1_shoulderguard_left_c
image,#i_c_t7_techno_body1_shoulderguard_left_g
image,#i_c_t7_techno_body1_shoulderguard_left_n
image,#i_c_t7_techno_body1_shoulderguard_left_s
image,#hash_2de7a11b3bd50fb8
image,#i_mtl_p7_mou_support_beam_set_metal_n
image,#i_mtl_p7_mou_support_beam_set_metal_m
image,d#i_t8_decal_tech_detail_bolt_07_g
image,d#i_t8_decal_tech_detail_bolt_07_c
image,d#i_t8_decal_tech_detail_bolt_07_n
image,d#$specular_mask
image,d#i_t7_detail_acrylic_01_n
image,#i_mtl_p8_mou_surveillance_rack_server_brushedmetal_m
image,#i_mtl_p8_mou_surveillance_rack_server_brushedmetal_n
image,#i_mtl_p8_mou_surveillance_rack_server_brushedmetal_g
image,#i_mtl_p8_mou_surveillance_rack_server_brushedmetal_c
image,#i_c_t7_techno_body1_arm_rt_b_ir
image,#i_t7_damage_decal_concrete_blast_c
image,#i_t7_damage_decal_concrete_blast_n
image,#hash_2e308be41324958a
image,#hash_2e33d76589bf19e3
image,#hash_2e33d86589bf1b96
image,#i_mtl_p7_icicle_ice_t
image,#i_mtl_p7_icicle_ice_n
image,d#i_t7_veh_decal_bolt_04_c
image,#i_mtl_t7_damage_decal_charred_stain_02_c
image,#i_mtl_p7_sgen_big_bld_ext_wall_dirty01_c
image,#i_mtl_p7_eth_light_ceiling_attachment_decal_c
image,#i_mtl_p7_trashcan_street_metal_wet_m
image,d#global_window_glass_g
image,d#global_window_glass_c
image,#i_mtl_p7_cable_connectors_01_c
image,#i_mtl_p7_cable_connectors_01_g
image,#i_mtl_p7_cable_connectors_01_n
image,#i_mtl_p7_cable_connectors_01_o
image,#i_mtl_p7_cable_connectors_01_s
image,#i_mtl_p7_zm_asc_wires_bunker_set_n
image,#i_mtl_p7_zm_asc_wires_bunker_set_c
image,d#i_t8_rubber_tread_tiles_01_n
image,#i_mtl_p7_mou_fence_chainlink_03_m
image,#i_mtl_p7_mou_fence_chainlink_03_n
image,#i_veh_mphd_hind_01_c
image,#i_t7_mou_metal_siding_trim_more_rust_r
image,#i_t7_mou_metal_siding_trim_more_rust_n
image,#i_t7_mou_metal_siding_trim_more_rust_o
image,#i_t7_mou_metal_siding_trim_more_rust_g
image,#i_t7_mou_metal_siding_trim_more_rust_c
image,#i_t7_mou_metal_panels_snow_rvl_r
image,#i_t7_mou_metal_panels_snow_rvl_n
image,#i_mtl_p7_rus_control_panel_decal
image,#i_t7_decal_grunge_calcium_drip_02_blend_r
image,#i_t7_decal_grunge_calcium_drip_02_blend_n
image,d#i_t7_decal_grunge_calcium_drip_02_blend_c
image,d#i_mtl_p8_mphd_tool_chest_metal_red_02_m
image,#i_mtl_p7_slu_box_electric_set_metal_01_n
image,#i_mtl_p7_slu_box_electric_set_metal_01_m
image,#hash_2f04fb513eed09b2
image,#i_mtl_p7_dock_wood_rustic_set_decal_03_c
image,#hash_2f144bfc0c907d48
image,d#fxt8_light_incandescent_hot
image,#i_mtl_p7_mou_data_recorder_metal_01_n
image,#i_mtl_p7_mou_data_recorder_metal_01_m
image,#i_mtl_p7_trashcan_street_metal_n
image,#i_mtl_p7_trashcan_street_metal_m
image,#i_t7_mou_metal_siding_trim_s
image,#i_t7_mou_metal_siding_trim_o
image,#i_t7_mou_metal_siding_trim_n
image,#i_t7_mou_metal_siding_trim_c
image,#i_t7_mou_metal_siding_trim_g
image,#i_c_t7_emissive_a_e
image,#i_mtl_p7_slu_rollup_door_01_m
image,#i_mtl_p7_barrier_block_concrete_01_n
image,#i_mtl_p7_barrier_block_concrete_01_c
image,#i_t8_decal_grunge_stain_sand_01_r
image,d#fxt_spark_blink_anim_mask
image,#hash_2f89352078c4e19c
image,d#hash_2fb2b61fec4d0aa4
image,#i_mtl_p7_rus_timecard_set_metal_01_m
image,#i_mtl_p7_rus_timecard_set_metal_01_n
image,#i_mtl_p7_foliage_bush_snowy_03_trunktail01_n
image,#i_mtl_p7_foliage_bush_snowy_03_trunktail01_c
image,d#i_mtl_p8_mou_crate_metal_01_normal_n
image,#i_t7_wood_plywood_trim_c
image,#i_t7_wood_plywood_trim_n
image,#i_mtl_p7_rus_box_electric_base_decal_c
image,d#i_t7_micro_metal_bare_01_s
image,d#i_t7_micro_metal_bare_01_g
image,#i_mtl_p7_mou_console_control_a_lrg02_dmg_m
image,#i_mtl_t8_concrete_damaged_norebar_02_r
image,#hash_30258575b647c08f
image,#i_c_t7_battery_body1_cyberarm_viewarm_c
image,#i_t7_micro_snow_sand_n
image,#i_c_t7_warrior_head1_emissive_e
image,#i_t7_concrete_block_barrier_01_n
image,#i_t7_concrete_block_barrier_01_c
image,d#i_t7_micro_metal_01_g
image,d#i_mtl_p8_mphd_cargo_pallet_full_02_m
image,d#i_mtl_p8_mphd_cargo_pallet_full_02_n
image,d#i_c_t7_blockout_battery_body1_armor_o
image,d#i_c_t7_blockout_battery_body1_armor_n
image,#i_c_t7_blockout_battery_body1_armor_g
image,#i_c_t7_blockout_battery_body1_armor_c
image,#i_mtl_p8_mphd_roof_vent_base_01_part_n
image,#i_t8_concrete_painted_stains_01_n
image,#i_mtl_p7_mp_flag_pole_o
image,#i_mtl_p7_mp_flag_pole_c
image,#i_mtl_p7_mp_flag_pole_g
image,#i_c_t7_techno_body1_pants_ir
image,#i_mtl_p7_cleaning_paper_dirty_c
image,#i_t7_zm_asc_corrugated_metal_n
image,#i_t7_zm_asc_corrugated_metal_o
image,#i_mtl_p7_foliage_grass_dry_03_snow_proxy_depth
image,#i_mtl_p7_newspaper_vintage_folded_n
image,#i_mtl_p7_newspaper_vintage_folded_c
image,#i_mtl_p7_mou_sign_warning_main_r
image,#i_mtl_p7_zm_zod_gatestone_set_metal02_m
image,#i_mtl_p7_mou_foliage_brush_snow_small_plants_t
image,#i_mtl_p7_mou_foliage_brush_snow_small_plants_c
image,#i_mtl_p7_mou_foliage_brush_snow_small_plants_n
image,#i_mtl_p7_slu_door_white_decal_01_n
image,#hash_31e2f815fec7e2a7
image,#hash_31e2f915fec7e45a
image,#i_mtl_p7_zm_kin_data_reel_set_decal_c
image,#i_mtl_p8_wz_supply_stash_health_metal_m
image,#i_mtl_p8_wz_supply_stash_health_metal_o
image,#i_mtl_p8_wz_supply_stash_health_metal_n
image,#i_c_t7_techno_head5_face_skin4_c
image,#i_c_t7_techno_head5_face_skin4_n
image,#i_t7_vista_concrete_base_warm_weathered_c
image,#hash_32224347720022b2
image,#hash_3222444772002465
image,#hash_3222484772002b31
image,#hash_32224c47720031fd
image,#hash_3222584772004661
image,#i_t7_snow_footprints_slushy_r
image,#i_t7_snow_footprints_slushy_n
image,#i_mtl_p7_mou_earmuffs_industrial_m
image,#i_mtl_p7_mou_earmuffs_industrial_n
image,#i_t7_decal_asphalt_damaged_crack_g
image,#i_t7_decal_asphalt_damaged_crack_c
image,#i_t7_decal_asphalt_damaged_crack_n
image,#i_mtl_p7_jun_foliage_bush_04_snow_proxy_specular
image,#i_mtl_p7_handrail_set_snow_m
image,d#fxt_gas_blur_thin_mask
image,#hash_327125c595b18e81
image,#hash_327d88f9b3e8ba4c
image,#hash_3288d2ba54323ee7
image,#hash_3288d3ba5432409a
image,d#i_t7_wood_panel_blonde_c
image,d#i_t7_wood_panel_blonde_n
image,#i_mtl_p7_flag_pole_shaft_base_s
image,#i_mtl_p7_flag_pole_shaft_base_c
image,#i_mtl_p7_flag_pole_shaft_base_g
image,#i_mtl_p7_flag_pole_shaft_base_n
image,#i_mtl_p7_flag_pole_shaft_base_o
image,#hash_32a21391153225bf
image,#hash_32a2149115322772
image,#i_mtl_p7_ris_paint_roller_stick_set_metal_03_n
image,#i_mtl_p7_ris_paint_roller_stick_set_metal_03_m
image,d#$i_c_gen_eye_caustic_l
image,#i_mtl_p7_mou_antenna_structure_02_base_03_n
image,#i_mtl_p7_mou_antenna_structure_02_base_03_m
image,#global_wire_black_c
image,#global_wire_black_n
image,#i_jun_art_trim_metal_beam_c
image,#i_jun_art_trim_metal_beam_n
image,#i_mtl_p7_mou_antenna_hogg_base_02_n
image,#i_mtl_p7_mou_antenna_hogg_base_02_m
image,#i_mtl_p7_slu_meter_electric_decal_07_c
image,d#$gray_32_one_channel
image,#hash_33334ee6e9d0a2f5
image,#hash_333351e6e9d0a80e
image,#i_mtl_p7_debris_concrete_rubble_sm_02_c
image,#i_mtl_p7_bottle_plastic_2litre_crushed_green_c
image,d#i_mtl_p7_3arc_park_leafy_ground_n
image,#i_t7_decal_grunge_side_01_c
image,#i_c_t7_blockout_battery_head1_head_c
image,d#i_mtl_p7_zm_ori_tool_shovel_01_n
image,#i_mtl_p7_zm_ori_tool_shovel_01_m
image,#i_c_t7_battery_body1_collar_ir
image,#hash_3379562afae6a80c
image,#hash_3379572afae6a9bf
image,#hash_33795a2afae6aed8
image,#hash_33795e2afae6b5a4
image,#i_mtl_p7_cai_mobile_shops_civ_01_metal_01_c
image,#i_mtl_p7_cai_mobile_shops_civ_01_metal_01_n
image,#i_mtl_p7_mou_barrel_metal_02_metal_painted_n
image,#i_mtl_p7_mou_barrel_metal_02_metal_painted_m
image,d#i_t8_micro_rock_volcanic_01_g
image,d#i_t7_decal_grunge_rust_09_c
image,d#i_t7_decal_grunge_rust_09_n
image,d#i_t7_decal_grunge_rust_09_r
image,#i_c_t7_assassin_body1_grenade1_s
image,#i_c_t7_assassin_body1_grenade1_o
image,#i_c_t7_assassin_body1_grenade1_n
image,#i_c_t7_assassin_body1_grenade1_c
image,#i_c_t7_assassin_body1_grenade1_g
image,d#i_t7_decal_grunge_bottom_01_c
image,d#i_mtl_p8_mou_crate_metal_01_iron_change_n
image,d#i_wpn_t8_eqp_briefcase_bomb_computer_decals_s
image,d#i_wpn_t8_eqp_briefcase_bomb_computer_decals_c
image,d#i_wpn_t8_eqp_briefcase_bomb_computer_decals_g
image,#i_mtl_p7_zm_debris_newspaper_german_burnt_c
image,#i_t7_decal_damage_concrete_cracks_01_n
image,#i_t7_decal_damage_concrete_cracks_01_r
image,#i_mtl_p7_cai_rock_rubble_pile_08_n
image,#i_mtl_p7_mou_pallet_wood_n
image,#i_mtl_p7_mou_pallet_wood_m
image,#hash_3435cb8b7ab63859
image,#i_mtl_p7_zm_asc_fan_industrial_metal_01_m
image,#i_mtl_p7_zm_asc_fan_industrial_metal_01_n
image,#i_t8_decal_grunge_oil_01_blend_n
image,#i_mtl_t7_plastic_tarp_reinforced_grey_c
image,d#i_t7_micro_plastic_rough_01_n
image,#i_c_t7_warrior_body1_webbing_o
image,#i_c_t7_warrior_body1_webbing_n
image,#i_c_t7_warrior_body1_webbing_c
image,d#i_t8_micro_paint_02_drk_c
image,#hash_3488456885584f8c
image,#hash_348846688558513f
image,#hash_34884768855852f2
image,#i_t7_micro_metal_bronze_interior_g
image,#i_mtl_p7_foliage_tree_ponderosa_pine_trunk_m
image,#i_mtl_p7_foliage_tree_ponderosa_pine_trunk_n
image,d#i_t7_veh_decal_bolt_03_n
image,d#i_t8_micro_styrofoam_01_c
image,d#i_t8_dirt_rocky_01_r
image,d#fxt_gib_glass_01
image,d#fxt_gib_glass_02
image,#i_mtl_p7_rus_control_panel_n
image,#i_mtl_p7_rus_control_panel_m
image,#i_c_t7_battery_body1_straps_n
image,#i_c_t7_battery_body1_straps_g
image,#i_c_t7_battery_body1_straps_c
image,#i_t7_metal_rust_01_c
image,#i_t7_metal_rust_01_g
image,#hash_3512879663634790
image,#i_p8_mp_bomb_crate_whole_destroyed_tech_n
image,#i_t7_concrete_bare_light_01_c
image,#i_mtl_p7_foliage_tree_spruce_norway_trunk_n
image,#hash_355680bb6fca7a96
image,#i_mtl_veh_mphd_mou_snowcat_glass_01_c
image,#i_mtl_veh_mphd_mou_snowcat_glass_01_n
image,#i_mtl_veh_mphd_mou_snowcat_glass_01_r
image,#i_t8_decal_tech_detail_line_02_n
image,#i_t8_decal_tech_detail_line_02_m
image,#i_mtl_p7_mou_stump_concrete_02_01_n
image,#i_mtl_p7_mou_stump_concrete_02_01_m
image,#hash_35a2f2248585d406
image,d#i_mtl_p7_mou_chair_computer_01_m
image,d#i_mtl_p7_mou_chair_computer_01_n
image,#i_t7_decal_oil_blend_c
image,#i_t7_decal_oil_blend_g
image,#hash_35cec5d076ac03c0
image,#hash_35ced2d076ac19d7
image,#i_t7_mou_concrete_plaster_wall_complete_n
image,#i_t7_mou_concrete_plaster_wall_complete_o
image,#i_t7_mou_concrete_plaster_wall_complete_c
image,#i_t7_mou_concrete_plaster_wall_complete_g
image,#i_mtl_p7_mou_keybox_case_set_wired_n
image,#i_mtl_p7_mou_keybox_case_set_wired_c
image,#i_mtl_p7_jun_sheet_metal_2x8_m
image,#i_mtl_p7_jun_sheet_metal_2x8_n
image,#i_mtl_p7_jun_sheet_metal_2x8_o
image,#i_t7_decal_line_horizontal_black_thin_clear_m
image,d#i_mtl_p8_mp_flag_cloth_neutral_c
image,d#i_t8_decal_tech_shipping_container_bolt_04_g
image,d#i_t8_decal_tech_shipping_container_bolt_04_c
image,d#i_t8_decal_tech_shipping_container_bolt_04_n
image,d#fxt8_lf_artifact_15
image,d#fxt8_fire_md_base_anim_alpha
image,#i_mtl_p7_mou_transformer_floorunit_02_signage_n
image,#i_mtl_p7_mou_transformer_floorunit_02_signage_c
image,#hash_369592c6a72f0128
image,d#i_t8_decal_grunge_stain_01_g
image,#i_t8_metal_vent_02_n
image,#i_t7_decal_damage_drywall_a_r
image,#i_mtl_t8_decal_damage_dent_metal_thin_01_n
image,#i_lights_cagelight01_on_c
image,d#i_t7_micro_plastic_rough_heavy_01_c
image,d#i_t7_micro_plastic_rough_heavy_01_g
image,d#i_t7_micro_plastic_rough_heavy_01_n
image,#i_mtl_p7_mou_transformer_floorunit_02_paint_n
image,#i_mtl_p7_mou_transformer_floorunit_02_paint_m
image,#i_t7_glass_window_warehouse_n
image,#i_mtl_veh_t7_dlc_decal_rust_leaking_01_c
image,#hash_36f1cd65166d2117
image,#hash_36f1d765166d3215
image,#hash_36f1de65166d3dfa
image,#hash_36f8905184d80b45
image,#hash_36f8935184d8105e
image,#hash_36fbbdd574d8d054
image,#hash_36fbbfd574d8d3ba
image,#hash_36fbc0d574d8d56d
image,d#i_t8_decal_graphics_signage_col_hotel_03_r
image,#i_mtl_p7_mou_electrical_tower_snow_set_03_n
image,#i_mtl_p7_mou_electrical_tower_snow_set_03_m
image,#i_c_t7_battery_hair_eyebrowshell_n
image,#i_c_t7_battery_hair_eyebrowshell_c
image,d#i_t7_glass_dirty_grimes_02_wet_c
image,d#fxt_spark_blink_anim
image,#i_mtl_p7_eth_bird_spikes_m
image,#i_mtl_p7_ibeam_bracket_m
image,#i_mtl_p7_ibeam_bracket_n
image,#i_mtl_p7_proto_bucket_c
image,#i_mtl_p7_proto_bucket_n
image,#i_mtl_p7_mou_electric_switch_decal_plastic_01_n
image,#i_mtl_p7_mou_electric_switch_decal_plastic_01_c
image,d#i_mtl_p7_wall_mobile_dep_decal_details_01_c
image,d#i_mtl_p7_wall_mobile_dep_decal_details_01_n
image,#i_mtl_p7_wall_mobile_dep_decal_details_01_m
image,#i_mtl_p7_mou_sign_checkpt_decal_01_c
image,#i_mtl_p7_ntx_tool_socket_r
image,#i_mtl_p7_ntx_tool_socket_n
image,d#$occlusion_black
image,d#i_mtl_p7_mou_cabinet_filing_02_folder_n
image,d#i_mtl_p7_mou_cabinet_filing_02_folder_c
image,#i_c_bc_femalesoldier_grenade_s
image,#i_c_bc_femalesoldier_grenade_n
image,#i_c_bc_femalesoldier_grenade_g
image,#i_c_bc_femalesoldier_grenade_c
image,d#i_t8_decal_tech_detail_bolt_06_s
image,d#i_t8_decal_tech_detail_bolt_06_n
image,d#i_t8_decal_tech_detail_bolt_06_g
image,d#i_t8_decal_tech_detail_bolt_06_c
image,#i_mtl_p7_construction_hardhat_c
image,#i_mtl_p7_construction_hardhat_n
image,#i_mtl_p8_mou_security_keypad_metal_n
image,d#i_mtl_veh_mphd_forklift_main_body_n
image,d#i_mtl_veh_mphd_forklift_main_body_o
image,#hash_37da1e91c8965d2c
image,#hash_37da2391c89665ab
image,d#$gloss
image,#i_t7_fxanim_streamer_01_n
image,#i_t7_fxanim_streamer_01_c
image,#i_mtl_p7_ris_tool_level_plastic_yellow_m
image,#i_mtl_p7_mou_clock_wall_body_m
image,#i_mtl_p7_mou_clock_wall_body_n
image,#i_mtl_p7_foliage_tree_ponderosa_pine_tall_n
image,#rus_metal_grey_trim_n
image,#rus_metal_grey_trim_c
image,d#i_c_bc_femalesoldier_legholster_c
image,d#i_c_bc_femalesoldier_legholster_n
image,#i_mtl_p7_bucket_shrapnel_bucket_c
image,#i_mtl_p7_bucket_shrapnel_bucket_g
image,#i_mtl_p7_bucket_shrapnel_bucket_n
image,#i_mtl_p7_bucket_shrapnel_bucket_s
image,d#i_p8_mp_bomb_crate_palette_r
image,d#i_p8_mp_bomb_crate_palette_o
image,d#i_p8_mp_bomb_crate_palette_n
image,d#i_mtl_veh_mphd_forklift_screw_n
image,d#i_mtl_veh_mphd_forklift_screw_c
image,#i_mtl_p7_rus_gate_metal_snow_metal_n
image,#i_mtl_p7_rus_gate_metal_snow_metal_m
image,d#i_mtl_p7_mou_light_pole_light_inside_n
image,d#i_mtl_p7_mou_light_pole_light_inside_m
image,#hash_389c644306b7a25f
image,#hash_389c674306b7a778
image,#i_mtl_p7_slu_meter_electric_03_base_01_m
image,#i_mtl_p7_slu_meter_electric_03_base_01_n
image,d#i_mtl_t7_metal_paint_scratched_01_g
image,#i_c_t7_techno_body1_thrusters_s
image,#i_c_t7_techno_body1_thrusters_n
image,#i_c_t7_techno_body1_thrusters_o
image,#i_c_t7_techno_body1_thrusters_g
image,#i_c_t7_techno_body1_thrusters_c
image,d#i_mtl_p8_mphd_cargo_pallet_net_02_n
image,#i_mtl_p7_zm_ctl_light_spot_hanging_set_decal_g
image,#i_mtl_p7_zm_ctl_light_spot_hanging_set_decal_c
image,#i_mtl_p7_zm_ctl_light_spot_hanging_set_decal_n
image,d#fxt8_light_phosphorous
image,#hash_38efb095562db8e0
image,#i_mtl_p7_mou_data_computer_light_s
image,#i_mtl_p7_mou_data_computer_light_n
image,#i_mtl_p7_mou_data_computer_light_c
image,#i_mtl_p7_mou_data_computer_light_e
image,#i_mtl_p7_zm_sta_transformer_power_paint_02_m
image,#i_mtl_p7_zm_sta_transformer_power_paint_02_n
image,#i_mtl_p7_zm_asc_star_metal_decal_01_n
image,#i_mtl_p7_zm_asc_star_metal_decal_01_c
image,d#hash_391e3ec433749ed3
image,d#fxt_dust_spike_sm_anim
image,d#$black_thickness
image,#hash_393203fe809e5559
image,#hash_393204160289b90b
image,#hash_393205160289babe
image,#hash_393212fe809e6ed6
image,#hash_393216fe809e75a2
image,#i_mtl_p7_debris_trash_paper_10_n
image,#i_mtl_p7_debris_trash_paper_10_c
image,#i_mtl_p7_slu_door_white_glass_c
image,#i_mtl_p7_rus_sign_wall_decal_01_c
image,d#i_c_gen_detail_scratches_n
image,#i_c_t7_warrior_body1_arm_a1_o
image,#i_c_t7_warrior_body1_arm_a1_g
image,#i_mtl_p7_zm_asc_wires_rocket_debris_rubber_m
image,d#i_t7_decal_grunge_burnt_stain_01_c
image,d#i_t7_decal_grunge_burnt_stain_01_g
image,d#i_t7_decal_grunge_burnt_stain_01_r
image,#i_c_t7_techno_body1_shinguards_ir
image,#i_t7_micro_stone_mixed_c
image,d#i_t7_micro_stone_mixed_n
image,#hash_39c006afd5562ba2
image,#i_c_t7_techno_body1_shinguards_s
image,#i_c_t7_techno_body1_shinguards_c
image,#i_c_t7_techno_body1_shinguards_g
image,#i_c_t7_techno_body1_shinguards_n
image,#i_c_t7_techno_body1_shinguards_o
image,#i_mtl_p7_global_chainlink_fence_kit_door_01_o
image,#i_mtl_p7_global_chainlink_fence_kit_door_01_n
image,#i_c_t7_battery_body1_uppergear_c
image,#i_c_t7_battery_body1_uppergear_g
image,#i_c_t7_battery_body1_uppergear_o
image,#i_c_t7_battery_body1_uppergear_n
image,d#i_mtl_p8_mphd_cargo_pallet_crate_02_01_n
image,#hash_39ea587fc51d8a88
image,#hash_39ea5a7fc51d8dee
image,#hash_39ea5b7fc51d8fa1
image,d#i_t7_micro_cloth_cotton_01_worn_c
image,#i_mtl_p8_mphd_light_utility_set_mirror_n
image,#i_mtl_p8_mphd_light_utility_set_mirror_m
image,#i_t7_micro_plaster_cracked_light_01_n
image,d#i_t7_micro_plaster_cracked_light_01_c
image,#i_mtl_p7_mou_sign_personnel_only_main_n
image,#i_mtl_p7_mou_sign_personnel_only_main_r
image,#hash_3a130267a14c6442
image,d#i_mtl_veh_mphd_forklift_glass_n
image,d#i_mtl_p7_mou_light_pole_base_concrete_m
image,d#i_mtl_p7_mou_light_pole_base_concrete_n
image,d#i_t7_micro_stone_travertine_c
image,d#i_t7_micro_stone_travertine_g
image,d#i_t7_micro_stone_travertine_n
image,#hash_3a3996a8a7089da7
image,#i_mtl_p7_rus_box_electric_pipeline_n
image,#i_mtl_p7_rus_box_electric_pipeline_m
image,#i_c_t7_battery_head5_face_skin1_n
image,#i_mtl_p7_foliage_tree_ohia_set_n
image,d#fxt8_fire_sm_lick_short_anim_alpha
image,d#i_t7_glass_dark_opaque_g
image,d#i_t7_metal_bare_polished_g
image,#i_mtl_p7_zm_asc_machinery_industrial_big_things_m
image,#i_t7_concrete_base_warm_c
image,#i_t7_glass_dirty_grimes_02_blue_c
image,#i_mtl_p7_slu_vent_panel_metal_m
image,#i_mtl_p7_rus_tank_pressure_set_metal_m
image,#i_mtl_p7_rus_tank_pressure_set_metal_n
image,#i_mtl_p7_zm_tra_door_security_metal_03_n
image,#i_mtl_p7_zm_tra_door_security_metal_03_c
image,#mtl_i_p_glo_industrial_lamp_red_n
image,#mtl_i_p_glo_industrial_lamp_red_m
image,#i_t7_decal_damage_burn_impact_04_n
image,d#i_t7_decal_damage_burn_impact_04_c
image,#i_mtl_p7_mou_dish_satellite_04_decal_03_c
image,#i_mtl_p7_mou_dish_satellite_04_decal_03_n
image,#i_t7_concrete_wall_dark_01_n
image,#i_t7_concrete_wall_dark_01_c
image,d#i_t7_decal_tech_lines_a
image,d#i_t7_decal_tech_lines_c
image,d#i_t7_decal_tech_lines_n
image,#i_t7_decal_tech_lines_o
image,#i_mtl_p7_zm_asc_ac_unit_russian_grid02_c
image,#i_t7_glass_dirty_streaks_02_512_n
image,#i_t7_glass_edge_damage_trim_n
image,d#i_mtl_p7_mou_barrel_metal_02_metal_m
image,#i_mtl_p8_mphd_lightbox_n
image,#i_mtl_p8_mphd_lightbox_m
image,#i_mtl_p7_rock_river_n
image,d#i_mtl_veh_mphd_forklift_decal014_c
image,d#i_t7_micro_wood_01_c
image,d#i_t7_micro_wood_01_n
image,#i_t7_dirt_cracks_large_01_r
image,#i_t7_dirt_cracks_large_01_c
image,#i_t7_dirt_cracks_large_01_n
image,#i_lights_cagelight01_wear_r
image,#i_t7_zm_asc_trim_metal_m
image,#i_c_t7_techno_body1_thighguard_g
image,#i_c_t7_techno_body1_thighguard_c
image,#i_c_t7_techno_body1_thighguard_n
image,#hash_3ba8f045ea2f3331
image,#i_mtl_p7_zm_asc_pipes_electrical_set_m
image,#i_mtl_p7_zm_asc_pipes_electrical_set_n
image,#i_mtl_p7_rus_catwalk_metal_set_03_c
image,#i_mtl_p7_rus_catwalk_metal_set_03_g
image,#i_mtl_p7_rus_catwalk_metal_set_03_n
image,#i_t7_concrete_floor_garage_n
image,#i_t7_concrete_floor_garage_c
image,#i_mtl_p8_mou_control_screen_metal_m
image,#hash_3bdfde3535242d08
image,d#i_mtl_veh_mphd_forklift_decal02_c
image,#i_mtl_p7_vent_metal_dampers_n
image,#i_mtl_p7_vent_metal_dampers_o
image,#i_mtl_p7_vent_metal_dampers_c
image,#i_mtl_p7_vent_metal_dampers_g
image,d#i_c_t8_detail_metal_light_scratch_n
image,#i_mtl_p7_chair_stool_02_o
image,#i_mtl_p7_trashcan_street_metal_dmg_wet_m
image,#i_t7_concrete_wall_weathered_01_n
image,d#i_t7_concrete_wall_weathered_01_c
image,d#i_veh_t7_mphd_forklift_taillight_lens_n
image,d#i_veh_t7_mphd_forklift_taillight_lens_c
image,#i_mtl_p7_cai_rock_rubble_pile_07_n
image,#i_mtl_p8_mou_control_screen_light_01_c
image,d#fxt8_spark_streak_long_alpha
image,#rus_metal_wire_fence_256_c
image,#hash_3c7d5f911b1dee23
image,#hash_3c7d60911b1defd6
image,d#detail_noise_tight
image,#i_mtl_p7_mou_frame_metal_glass_g
image,#i_mtl_p7_mou_frame_metal_glass_c
image,#i_mtl_p7_mou_dome_radio_set_gray_n
image,#i_mtl_p7_mou_dome_radio_set_gray_m
image,d#i_t7_micro_metal_grunge_pockmarks_01_s
image,d#i_t7_micro_metal_grunge_pockmarks_01_n
image,d#i_t7_micro_metal_grunge_pockmarks_01_g
image,d#i_t7_micro_metal_grunge_pockmarks_01_c
image,#hash_3cd254cba517c9d9
image,#hash_3cd258cba517d0a5
image,#hash_3cd25fcba517dc8a
image,#hash_3cd260cba517de3d
image,d#fxt8_smk_md_thick_scatter_anim
image,d#i_mtl_p7_mou_storage_cabinet_metal_n
image,#i_p7_zm_ctl_gondola_machine_metal_n
image,#i_p7_zm_ctl_gondola_machine_metal_o
image,#i_p7_zm_ctl_gondola_machine_metal_r
image,#i_mtl_t7_metal_trim_weld_01_a
image,#hash_3d129575ebafe7b2
image,#i_c_hro_khalil_egypt_gear_7_n
image,#i_c_hro_khalil_egypt_gear_7_g
image,#i_mtl_p7_mou_sign_cliff_board_01_n
image,#i_mtl_p7_mou_sign_cliff_board_01_r
image,#i_mtl_p7_zm_asc_bracket_awning_m
image,#i_mtl_p7_zm_asc_bracket_awning_n
image,#i_mtl_p7_mou_data_computer_set_decal_c
image,#i_mtl_p7_dock_wood_rustic_set_04_m
image,#i_mtl_p7_dock_wood_rustic_set_04_n
image,d#i_nodraw
image,#hash_3d90f23794bac860
image,#hash_3d90ff3794bade77
image,d#i_t7_decal_damage_burned_c
image,#i_t7_decal_damage_burned_n
image,#i_mtl_p7_zm_asc_ac_unit_russian_paint01_m
image,#hash_3dc2949ff97ef857
image,#i_t7_cru_snow_footprints_slushy_blend_r
image,#i_t7_cru_snow_footprints_slushy_blend_c
image,#i_t7_cru_snow_footprints_slushy_blend_g
image,#hash_3dd3331dbac8e79b
image,#hash_3dd3341dbac8e94e
image,#i_t7_metal_trim_weld_01_rust_c
image,d#i_mtl_p7_ntx_tool_wrench_ratchet_sml_blackmetal_r
image,d#i_mtl_p7_ntx_tool_wrench_ratchet_sml_blackmetal_n
image,d#i_t7_metal_worn_gold_g
image,#i_t7_metal_worn_gold_s
image,#i_mtl_veh_mphd_mou_snowcat_body_01_m
image,#i_mtl_veh_mphd_mou_snowcat_body_01_n
image,#i_mtl_veh_mphd_mou_snowcat_body_01_o
image,#i_mtl_p7_mou_fence_metal_01_m
image,#i_mtl_p7_mou_fence_metal_01_n
image,#hash_3e08608b2041a8bb
image,#hash_3e08618b2041aa6e
image,#hash_3e195c460fdd3575
image,d#fxt8_dust_mote
image,#i_t7_glass_plain_cracked_n
image,#i_mtl_p7_mp_flag_new_neutral_c
image,#i_mtl_p7_mp_flag_new_neutral_n
image,#i_mtl_p7_mou_electrical_tower_snow_set_02_n
image,#i_mtl_p7_mou_electrical_tower_snow_set_02_m
image,d#i_c_hro_soldier_cyberhand_world_s
image,d#i_c_hro_soldier_cyberhand_world_o
image,d#i_c_hro_soldier_cyberhand_world_c
image,d#i_t7_decal_grunge_rust_08_n
image,d#i_t7_decal_grunge_rust_08_c
image,#hash_3e63c07ff9038373
image,#i_mtl_p7_tools_screwdriver_n
image,#i_mtl_p7_tools_screwdriver_g
image,#i_mtl_p7_tools_screwdriver_c
image,#i_mtl_p7_tools_screwdriver_s
image,#i_t7_mou_metal_panels_more_rust_rvl_n
image,#i_t7_mou_metal_panels_more_rust_rvl_r
image,#i_mtl_veh_mphd_mou_snowcat_panel_01_m
image,#i_mtl_veh_mphd_mou_snowcat_panel_01_n
image,#i_mtl_veh_mphd_mou_snowcat_panel_01_o
image,#i_t7_cru_snow_01_n
image,#i_mtl_p7_slu_corkboard_pair_c
image,#i_mtl_p7_mou_phone_vintage_number_n
image,#i_mtl_p7_mou_phone_vintage_number_m
image,#i_mtl_p7_mou_phone_vintage_number_c
image,#i_c_t7_battery_hair_fibers1_c
image,#i_c_t7_battery_hair_fibers1_n
image,#hash_3ed8e2b36f656711
image,d#i_t7_metal_dark_s
image,#i_t7_metal_dark_g
image,#i_mtl_p7_ban_armory_building_crane_decal_02_c
image,#i_t7_micro_metal_grunge_galvanized_03_s
image,#i_t7_micro_metal_grunge_galvanized_03_n
image,d#i_t7_micro_metal_grunge_galvanized_03_g
image,#i_c_t7_warrior_body1_armor_dark_ir
image,#i_mtl_p7_foliage_tree_spruce_norway_snow_n
image,#i_mtl_p7_foliage_tree_spruce_norway_snow_t
image,#hash_3f3d6d688bfd7e84
image,#hash_3f3d6e688bfd8037
image,#hash_3f3d70688bfd839d
image,d#i_c_t7_detail_net_n
image,d#i_mtl_veh_mphd_forklift_lift_o
image,d#i_mtl_veh_mphd_forklift_lift_n
image,#i_c_t7_reaper_body2_detail_map_n
image,d#i_t7_micro_concrete_c
image,d#i_t7_micro_concrete_g
image,d#i_t7_micro_concrete_n
image,d#i_t7_wes_metal_base_g
image,d#$white_ao
image,#i_mtl_p7_construction_netting_n
image,d#i_mtl_t7_decal_damage_wood_cut_01_n
image,d#i_mtl_t7_decal_damage_wood_cut_01_c
image,d#i_t8_micro_dirt_01_c
image,d#$white_specular
image,#i_t7_dlc1_snow_powder_footprints_01_r
image,#i_t7_dlc1_snow_powder_footprints_01_n
image,#i_mtl_p7_sin_sh_truss_platform_pole_01_o
image,#i_mtl_p7_sin_sh_truss_platform_pole_01_n
image,#i_mtl_p7_street_curb_concrete_chunk_01_black_c
image,#i_mtl_p7_mou_sign_warning_metal_r
image,d#fxt_dust_swirl_md_anim
image,#i_mtl_p7_zm_gen_flogger_trap_02_n
image,#i_mtl_p7_zm_gen_flogger_trap_02_m
image,#i_mtl_p7_zur_metro_train_base_03_m
image,#i_mtl_p7_slu_antenna_set_metal02_m
image,#i_mtl_p7_slu_antenna_set_metal02_n
image,d#hash_40a004c3af220cc2
image,d#i_c_t7_shared_gray_one_channel_2
image,#i_mtl_p7_beams_construction_stack_wood_c
image,#i_mtl_p7_beams_construction_stack_wood_n
image,d#i_t8_silo_rubber_grip_n
image,#i_mtl_p7_slu_meter_electric_01_base_n
image,#i_mtl_p7_slu_meter_electric_01_base_m
image,d#i_t7_veh_decal_greeble_01_n
image,d#i_t7_veh_decal_greeble_01_o
image,#hash_4116c83db4977e86
image,#hash_4116c93db4978039
image,#hash_4116d03db4978c1e
image,#hash_4116d43db49792ea
image,#hash_4116e43db497ae1a
image,#i_mtl_p7_zm_asc_tv_mount_shelf_paint_m
image,#i_mtl_p7_zm_asc_tv_mount_shelf_paint_n
image,d#fxt8_fire_md_base_anim_hdr
image,#hash_412414938b3445ca
image,#i_c_t7_warrior_smallpouch_c
image,#i_c_t7_warrior_smallpouch_n
image,d#i_t8_metal_panel_trim_01b_g
image,d#i_t8_metal_panel_trim_01b_n
image,d#i_t8_metal_panel_trim_01b_o
image,d#fxt_lf_source_07
image,d#fxt_lf_source_05
image,d#fxt_lf_source_01
image,#i_mtl_p8_wz_supply_stash_decal_health_patch_c
image,#i_t7_wes_metal_old_rusty_iron_r
image,#i_t7_wes_metal_old_rusty_iron_n
image,#hash_41655b65cce6d71e
image,#i_t7_glass_grime_translucent_c
image,#i_t7_decal_grunge_stain_adobe_bottom_01_c
image,#i_t7_decal_grunge_stain_adobe_bottom_01_n
image,#i_mtl_p7_railing_metal_01_plate_metal_m
image,#i_mtl_p7_railing_metal_01_plate_metal_n
image,#i_c_t7_techno_body1_monitor_s
image,#i_c_t7_techno_body1_monitor_g
image,#i_c_t7_techno_body1_monitor_c
image,#i_c_t7_techno_body1_monitor_n
image,#i_c_t7_techno_body1_monitor_o
image,#i_mtl_veh_mphd_mou_snowcat_differential_01_m
image,#i_mtl_veh_mphd_mou_snowcat_differential_01_o
image,#i_mtl_veh_mphd_mou_snowcat_differential_01_n
image,d#i_c_cyberhand_world_dni_e
image,#i_p7_zm_ctl_gondola_machine_body_o
image,#i_p7_zm_ctl_gondola_machine_body_n
image,#i_p7_zm_ctl_gondola_machine_body_r
image,d#i_t7_micro_plastic_scratched_01_n
image,#hash_41b0c6d57b7dca9f
image,#hash_41b0c7d57b7dcc52
image,#hash_41b0c8d57b7dce05
image,#i_mtl_p7_railing_metal_01_beam_weld_c
image,#i_mtl_p7_railing_metal_01_beam_weld_n
image,#i_mtl_p7_mou_pole_light_main_01_n
image,#i_mtl_p7_mou_pole_light_main_01_m
image,d#hash_41ca76bd27fb4dba
image,#i_c_t7_battery_hair_eyelashes_c
image,#i_c_t7_battery_hair_eyelashes_n
image,#i_p7_mou_observatory_fixing_c
image,d#i_mtl_p8_ice_med_rock_02_02_n
image,#i_c_nrc_assault_3_pouch_4_c
image,d#i_mtl_p7_slu_trash_bag_standing_plastic01_n
image,d#i_mtl_p7_slu_trash_bag_standing_plastic01_m
image,#i_mtl_p7_beam_support_s
image,#i_mtl_p7_beam_support_c
image,#i_mtl_p7_beam_support_g
image,#i_mtl_p7_beam_support_n
image,#i_mtl_p8_mou_monitor_ceiling_mount_lrg_screw_n
image,d#i_veh_t8_metal_worn_iron_dark_n
image,#i_t7_decal_signage_numbers_grungy_c
image,#i_mtl_p7_mou_wall_clock_label_decal_nail_c
image,#i_mtl_p7_zm_asc_ac_unit_russian_grid01_n
image,#i_mtl_p7_zm_asc_ac_unit_russian_grid01_m
image,d#i_t7_micro_metal_rust_02_n
image,d#i_t7_micro_metal_rust_02_c
image,d#i_t7_micro_metal_rust_02_g
image,d#i_mtl_p8_mou_crate_metal_01_nails_n
image,#hash_429ce1157ea38d76
image,#hash_429cee157ea3a38d
image,#i_intro_wall_edgeworn01_decal_c
image,#i_intro_wall_edgeworn01_decal_n
image,#i_mtl_p8_mou_monitor_ceiling_glass_01_n
image,#i_mtl_p8_mou_monitor_ceiling_glass_01_c
image,#i_mtl_p7_foliage_grass_tussock_snow_c
image,#i_mtl_p7_foliage_grass_tussock_snow_n
image,d#i_mtl_p7_kitchen_knives_set_g
image,d#i_mtl_p7_kitchen_knives_set_c
image,d#i_mtl_p7_kitchen_knives_set_n
image,d#i_mtl_p7_kitchen_knives_set_s
image,#i_mtl_p7_debris_trash_cup_red_02_n
image,#i_mtl_p7_debris_trash_cup_red_02_c
image,#i_mtl_p8_mphd_box_copy_paper_set_n
image,#i_mtl_p8_mphd_box_copy_paper_set_c
image,#i_mtl_p8_mphd_box_copy_paper_set_g
image,#i_rus_concrete_panel03_n
image,#i_rus_concrete_panel03_c
image,#i_mtl_p7_zm_zod_call_box_dirty_c
image,#i_mtl_p7_slu_door_white_decal_03_n
image,#i_mtl_p7_slu_door_white_decal_03_m
image,#i_mtl_p7_zm_tra_door_security_metal_02_c
image,#i_mtl_t8_spa_statue_metal_01_micro_metal_bronze_n
image,d#i_mtl_veh_mphd_forklift_decal03_c
image,#i_mtl_p7_zm_moo_radar_dish_vista_set_decal_01_c
image,#i_mtl_p7_zm_moo_radar_dish_vista_set_decal_01_n
image,#i_rus_metal_siding_trim02_c
image,#i_rus_metal_siding_trim02_n
image,#i_t7_metal_vent_01_n
image,#i_t7_metal_vent_01_c
image,#i_c_t7_battery_body1_pants
image,#i_mtl_p7_cai_rock_rubble_pile_06_n
image,#hash_43ad613e264982b6
image,#hash_43ad6e3e264998cd
image,#i_mtl_p7_zm_sta_transformer_power_paint_01_n
image,#i_mtl_p7_zm_sta_transformer_power_paint_01_m
image,#hash_43cc86911edff268
image,#hash_43cc89911edff781
image,#i_mtl_p7_rus_catwalk_metal_set_02_n
image,#i_mtl_p7_rus_catwalk_metal_set_02_c
image,#i_mtl_p7_rus_catwalk_metal_set_02_g
image,#i_p7_foliage_tree_spruce_norway_snow_r
image,#i_t7_concrete_sidewalk_slab_01_n
image,d#i_t7_metal_bare_worn_01_s
image,#i_t7_metal_bare_worn_01_c
image,#i_mtl_p7_mou_bracket_pipe_lrg_set_metal_m
image,#i_mtl_p7_mou_bracket_pipe_lrg_set_metal_n
image,#i_c_t7_techno_body1_straps_n
image,#i_c_t7_techno_body1_straps_c
image,#i_c_t7_warrior_body1_lights_n
image,#i_c_t7_warrior_body1_lights_e
image,#i_c_t7_warrior_body1_lights_c
image,#i_t7_decal_grunge_burnt_stain_02_r
image,d#i_t7_decal_grunge_burnt_stain_02_g
image,d#i_t7_decal_grunge_burnt_stain_02_c
image,#i_mtl_p7_foliage_grass_dry_02_snow_proxy_albedo
image,#i_mtl_p7_bottle_plastic_2litre_crushed_n
image,#i_mtl_p7_zm_asc_pipe_modular_02_n
image,#i_mtl_p7_zm_asc_pipe_modular_02_m
image,d#i_mtl_p7_mou_light_pole_speaker_m
image,d#i_mtl_p7_mou_light_pole_speaker_n
image,#i_mtl_p7_zm_asc_loudspeaker_metal_m
image,#i_mtl_p7_zm_asc_loudspeaker_metal_n
image,#i_mtl_p7_rolled_tarp_white_c
image,#hash_44ed0903b847ae0e
image,#img_trim_lut_mp_mountain2
image,#i_mtl_veh_mphd_mou_snowcat_panel_02_o
image,#i_mtl_veh_mphd_mou_snowcat_panel_02_n
image,#i_mtl_veh_mphd_mou_snowcat_panel_02_m
image,d#i_t7_decal_grunge_pool_silt_01_m
image,#i_t7_decal_grunge_pool_silt_01_r
image,#i_mtl_p7_mou_data_recorder_sml_metal_01_m
image,#i_mtl_p7_mou_data_recorder_sml_metal_01_n
image,#i_mtl_p7_mou_transformer_floorunit_02_text_c
image,#i_mtl_p8_mou_light_floodlight_set_light_c
image,#i_mtl_p8_mou_light_floodlight_set_light_n
image,#hash_451f226b973378a0
image,#hash_451f2b6b973387eb
image,#hash_451f2f6b97338eb7
image,d#i_t7_glass_reinforced_hex_c
image,d#i_t7_glass_reinforced_hex_n
image,#i_p7_mou_air_vent_wall_metal_m
image,#i_p7_mou_air_vent_wall_metal_n
image,#hash_453b0c539264be72
image,#hash_453b0d539264c025
image,#hash_453b11539264c6f1
image,#hash_453b15539264cdbd
image,#hash_453b20539264e06e
image,#hash_453b21539264e221
image,#i_mtl_p8_mphd_box_copy_paper_set_section_c
image,d#i_t8_decal_grunge_rust_01_blend_r
image,#i_p7_zm_asc_antenna_radar_metal
image,d#fxt_lf_grime_dusty_01
image,#i_mtl_p7_mou_clock_wall_dial_c
image,#hash_45b2b5688f06171c
image,#hash_45b2b7688f061a82
image,#hash_45b2b8688f061c35
image,#i_t7_dlc1_dirt_fertile_c
image,#i_mtl_p7_sgen_gen_lab_sink_decal_c
image,d#i_t7_metal_trim_no_rivets_01_m
image,d#i_t7_metal_trim_no_rivets_01_n
image,#hash_45d7e1ffa937355e
image,#i_t7_decal_line_horizontal_black_thin_c
image,#i_t7_decal_line_horizontal_black_thin_n
image,#hash_45e625ef250a01cc
image,#hash_45e62aef250a0a4b
image,#hash_4600bcb65ed63d68
image,#hash_4600bfb65ed64281
image,d#i_mtl_p7_mou_light_pole_light_cap_m
image,#i_p8_mp_bomb_crate_whole_destroyed_trim_n
image,#i_p8_mp_bomb_crate_whole_destroyed_trim_r
image,#i_t7_concrete_floor_broken_01_n
image,#hash_463bfa9d62a844bf
image,#i_t8_reveal_dust_01_r
image,#i_mtl_p7_mou_militarybox_nail_c
image,#i_mtl_p7_mou_militarybox_nail_n
image,#i_rus_metal_green_scuffs_c
image,#i_rus_metal_green_scuffs_n
image,#i_mtl_p7_jun_foliage_bush_branches_01_snow_t
image,#i_mtl_p7_jun_foliage_bush_branches_01_snow_c
image,#i_mtl_p7_jun_foliage_bush_branches_01_snow_n
image,#i_c_gen_reveal_512_rec_horiz_r
image,d#i_t7_glass_dirty_grimes_01_c
image,d#fxt8_fog_slow_sm_anim
image,#i_mtl_t8_metal_lo_tech_panel_tile_02_c
image,#i_mtl_t8_metal_lo_tech_panel_tile_02_g
image,#i_mtl_p8_zm_esc_metal_n
image,#i_mtl_p8_zm_esc_metal_g
image,d#i_mtl_p7_mou_console_control_lable02_c
image,#i_mtl_p7_street_curb_concrete_chunk_03_n
image,#i_mtl_p8_mou_security_keypad_main_c
image,#i_mtl_p8_mou_security_keypad_main_g
image,#i_mtl_p8_mou_security_keypad_main_o
image,#i_mtl_p7_mou_dish_satellite_04_metal_02_r
image,#i_mtl_p7_mou_dish_satellite_04_metal_02_n
image,d#i_c_gen_reveal_128_sq_r
image,d#i_mtl_veh_t7_dlc_decal_hole02_c
image,#i_p7_fxanim_fray_brown_01_c
image,#hash_470c19f695d06172
image,#i_mtl_p8_mou_control_screen_light_02_e
image,#i_t7_decal_grunge_ceiling_water_stain_c
image,#i_mtl_t8_decal_grunge_rust_offset_01_blend_r
image,#i_mtl_p8_mphd_box_copy_paper_set_nail_c
image,#i_mtl_p8_mphd_box_copy_paper_set_nail_n
image,#i_mtl_p7_foliage_tree_ponderosa_pine_trunk_cap_n
image,#i_mtl_p7_foliage_tree_ponderosa_pine_trunk_cap_c
image,#i_mtl_p8_wep_gantry_crane_metal_yellow_m
image,#i_mtl_p8_wep_gantry_crane_metal_yellow_n
image,#i_t8_metal_panel_ceiling_painted_01_n
image,#i_t8_metal_panel_ceiling_painted_01_g
image,#hash_479261c54469ca35
image,#hash_479264c54469cf4e
image,d#i_mtl_t8_metal_bare_dirty_01_s
image,d#i_p8_mp_bomb_crate_stencil_c
image,#i_t7_metal_rust_03_r
image,#i_t7_metal_rust_03_n
image,#i_t7_metal_rust_03_g
image,#i_t7_metal_rust_03_c
image,#i_mtl_p7_electrical_box_set2_meterbox_n
image,#i_mtl_p7_electrical_box_set2_meterbox_c
image,d#detail_map_painted_metal_n
image,#i_t7_concrete_bare_weathered_01_n
image,#i_p7_zm_sta_debris_concrete_rubble_pile_01_c
image,#i_p7_zm_sta_debris_concrete_rubble_pile_01_n
image,d#tv_lookup
image,d#fxt8_light_incandescent_hot_mask
image,d#i_mtl_p7_barrier_block_concrete_decal_c
image,#i_t7mp_cry_decal_tech_details_01_a
image,#i_p7_zm_ctl_gondola_bolts_01_r
image,#i_p7_zm_ctl_gondola_bolts_01_o
image,#i_p7_zm_ctl_gondola_bolts_01_n
image,#hash_484831ebe6849f76
image,#hash_484833ebe684a2dc
image,#i_t7_concrete_bare_dark_01_g
image,d#i_mtl_p8_zm_esc_crate_wood_lrg_dust_m
image,#i_t7_plaster_light_n
image,#i_t7_plaster_light_c
image,#i_mtl_p7_debris_clothing_tshirts_01_n
image,#shadow
image,d#hash_48a1723826890220
image,d#hash_48a18e38268931b4
image,#i_mtl_veh_mphd_mou_snowcat_body_02_o
image,#i_mtl_veh_mphd_mou_snowcat_body_02_n
image,#i_mtl_veh_mphd_mou_snowcat_body_02_m
image,#hash_48c06478784c3ae7
image,#hash_48c06578784c3c9a
image,#hash_48c877eb58748376
image,#hash_48c878eb58748529
image,#hash_48c87feb5874910e
image,#hash_48c883eb587497da
image,d#i_t7_metal_paint_worn_g
image,d#i_t7_metal_paint_worn_n
image,d#i_mtl_p7_mou_cabinet_filing_02_metal_n
image,d#i_c_cyberhand_viewmodel_dni_r
image,d#i_t7_decal_grunge_dirt_base_01_c
image,#hash_493f2ccdd6860c05
image,#i_mtl_p7_zm_asc_bracket_awning_screw_c
image,#i_mtl_p7_zm_asc_bracket_awning_screw_g
image,#i_mtl_p7_zm_asc_bracket_awning_screw_n
image,#i_mtl_p7_light_round_spot_c
image,#i_mtl_p7_light_round_spot_n
image,d#i_mtl_p7_zm_asc_airduct_metal_set_decal_01_c
image,d#i_mtl_p7_zm_asc_airduct_metal_set_decal_01_n
image,#hash_497f0a8d2be74348
image,d#i_mtl_t7_concrete_wall_damage_01_c
image,#i_c_t7_warrior_body1_pants_c
image,#i_c_t7_warrior_body1_pants_g
image,#i_c_t7_warrior_body1_pants_o
image,d#i_t8_micro_asphalt_new_n
image,#i_c_ega_soldier_3_grenade_s
image,#i_c_ega_soldier_3_grenade_g
image,#i_c_ega_soldier_3_grenade_c
image,#i_c_ega_soldier_3_grenade_n
image,#i_t7_micro_metal_cast_iron_n
image,d#i_t7_glass_grey_50_c
image,d#$whitetransparent_color
image,d#$black_specular
image,#hash_4a13e6f84709c7f3
image,#hash_4a13f1f84709daa4
image,d#i_mtl_p7_toolbox_handheld_small_red_s
image,d#i_mtl_p7_toolbox_handheld_small_red_g
image,d#i_mtl_p7_toolbox_handheld_small_red_n
image,d#i_mtl_p7_toolbox_handheld_small_red_o
image,#i_mtl_p7_mou_vent_roof_metal_02_m
image,#hash_4a44b667a237f499
image,#i_t7_plastic_white_worn_01_c
image,d#i_t7_plastic_white_worn_01_n
image,#hash_4a56a416b1a85da5
image,#hash_4a56ab16b1a8698a
image,#hash_4a56ac16b1a86b3d
image,#hash_4a56b016b1a87209
image,#i_mtl_p7_slu_door_white_decal_02_n
image,#i_mtl_p7_slu_door_white_decal_02_m
image,#i_c_gen_african_insidemouth_teeth_c
image,#i_c_t7_techno_body1_baremetal_ir
image,d#i_t8_micro_metal_wavy_sheet_painted_n
image,#i_p7_mou_air_vent_metallic_small_metal_n
image,#i_p7_mou_air_vent_metallic_small_metal_m
image,d#i_t7_vista_decal_grunge_rust_01_c
image,d#$color_black_40
image,d#i_mtl_p8_mphd_cargo_pallet_net_02_copper_01_n
image,#i_mtl_p7_mou_star_plaque_main_n
image,#i_mtl_p7_mou_star_plaque_main_m
image,d#i_veh_t8_metal_paint_worn_white_c
image,#hash_4b148c7fcecaec24
image,#hash_4b148d7fcecaedd7
image,#hash_4b148e7fcecaef8a
image,#i_c_t7_emissive_b_e
image,#hash_4b63cc5c192b601f
image,#hash_4b63cd5c192b61d2
image,#i_mtl_p7_slu_door_white_metal_03_m
image,#i_mtl_p7_slu_door_white_metal_03_n
image,#hash_4b7f2ad6caddb2d3
image,#hash_4b7f2ed6caddb99f
image,#hash_4b7f35d6caddc584
image,#hash_4b7f36d6caddc737
image,#hash_4b9462b267712915
image,#hash_4bc49a7b376999a0
image,d#fxt8_spark_streak_long_hdr
image,#i_mtl_p7_mou_transformer_floorunit_02_wire_g
image,#i_mtl_p7_mou_transformer_floorunit_02_wire_c
image,#i_mtl_p7_mou_transformer_floorunit_02_wire_n
image,d#i_wpn_t8_eqp_briefcase_bomb_top_o
image,d#i_wpn_t8_eqp_briefcase_bomb_top_n
image,d#i_wpn_t8_eqp_briefcase_bomb_top_c
image,d#i_wpn_t8_eqp_briefcase_bomb_top_g
image,d#i_wpn_t8_eqp_briefcase_bomb_top_s
image,#i_c_t7_warrior_head1_haircards_n
image,#i_c_t7_warrior_head1_haircards_c
image,d#i_mtl_p_dest_water_fountain01_decal_01_s
image,d#i_mtl_p_dest_water_fountain01_decal_01_n
image,d#i_mtl_p_dest_water_fountain01_decal_01_c
image,#i_mtl_p7_jun_foliage_bush_bark_m
image,#i_t7_micro_wood_oak_unfinished_c
image,#i_t7_glass_snow_buildup_01_backlit_c
image,#i_t7_glass_snow_buildup_01_backlit_t
image,#i_mtl_t8_micro_metal_rust_01_c
image,d#i_mtl_t8_micro_metal_rust_01_n
image,#i_mtl_p8_mou_monitor_ceiling_n
image,#i_mtl_p8_mou_monitor_ceiling_g
image,#i_mtl_p7_blast_wall_concrete_decal_03_c
image,d#fxt_debris_grass
image,#i_mtl_p7_mou_antenna_microwave_02_n
image,#i_mtl_p7_mou_antenna_microwave_02_m
image,#i_mtl_p7_zm_ori_duckboard_set_decal_c
image,d#i_mtl_p8_zm_zod_gooseneck_grime_r
image,d#i_mtl_p8_ice_med_rock_02_03_n
image,#i_mtl_p7_dolly_n
image,#i_mtl_p7_dolly_c
image,d#i_mtl_p8_mphd_cargo_pallet_crate_02_03_n
image,#i_t7_decal_damage_crack_line_02_n
image,#i_t7_decal_damage_crack_line_02_c
image,#i_t7_decal_damage_crack_line_02_r
image,d#i_t7_micro_plastic_rough_02_n
image,d#i_t7_micro_plastic_rough_02_g
image,d#i_t7_micro_plastic_rough_02_c
image,#i_mtl_p7_handrail_set_n
image,#i_mtl_p7_handrail_set_o
image,#afr_floor_burnt_02_dec_col
image,d#i_t8_micro_plastic_tarp_01_c
image,#i_c_t7_warrior_body1_arm_c1_c
image,#i_c_t7_warrior_body1_arm_c1_g
image,#i_c_t7_warrior_body1_arm_c1_n
image,#i_c_t7_warrior_body1_arm_c1_o
image,#i_c_t7_warrior_body1_arm_c1_s
image,d#i_t7_decal_grunge_calcium_drip_01_n
image,#i_mtl_p7_zm_asc_ac_unit_russian_paint03_m
image,#hash_4d35e962eb0b8bfa
image,d#i_mtl_p7_zm_asc_cabinet_electronic_decal_01_n
image,#hash_4d4afe36c3ff6373
image,d#i_t7_micro_grunge_pool_silt_01_n
image,d#i_t7_micro_grunge_pool_silt_01_c
image,d#i_t7_micro_grunge_pool_silt_01_g
image,#i_c_t7_techno_body1_arm_rt_ir
image,#i_mtl_p7_cai_rock_rubble_pile_05_n
image,#i_mtl_p7_mou_airduct_01_painted_01_n
image,#i_mtl_p7_mou_airduct_01_painted_01_m
image,d#i_t7_decal_grunge_brick_stain_03_r
image,d#i_mtl_p8_mphd_cargo_pallet_net_02_decal_n
image,d#i_mtl_p8_mphd_cargo_pallet_net_02_decal_c
image,d#i_veh_t8_detail_char_01_g
image,#i_p7_truss_framing_modular_section_128_g
image,#hash_4db09d73ed18cf66
image,#hash_4db09e73ed18d119
image,#hash_4db0a573ed18dcfe
image,#hash_4db0a973ed18e3ca
image,#i_mtl_p7_mou_sign_no_smoking_metal_r
image,#i_mtl_p7_mou_sign_no_smoking_metal_n
image,#hash_4dde84206ebe2fbb
image,#hash_4dde85206ebe316e
image,#i_mtl_p7_mou_dish_satellite_02_nail
image,#i_mtl_p7_zm_ctl_jacket_hanging_decal_n
image,#i_mtl_p7_zm_ctl_jacket_hanging_decal_c
image,#i_mtl_p7_lab_spotlight_generator_n
image,#i_mtl_p7_lab_spotlight_generator_o
image,#i_mtl_p7_lab_spotlight_generator_g
image,#i_mtl_p7_lab_spotlight_generator_c
image,#i_mtl_p7_lab_spotlight_generator_s
image,#i_mtl_veh_mphd_mou_snowcat_light_01_n
image,#i_mtl_veh_mphd_mou_snowcat_light_01_o
image,#i_mtl_veh_mphd_mou_snowcat_light_01_m
image,d#i_mtl_veh_mphd_forklift_main_body_snow_multi_m
image,#i_c_t7_warrior_body1_dark_ir
image,#i_mtl_p7_ra2_tool_vintage_set_metal_m
image,#i_mtl_p7_ra2_tool_vintage_set_metal_n
image,#i_mtl_p7_railing_metal_01_cntr_metal_m
image,#i_mtl_p7_railing_metal_01_cntr_metal_n
image,#i_mtl_p7_zm_asc_fan_industrial_metal_02_n
image,#i_mtl_p7_zm_asc_fan_industrial_metal_02_m
image,#i_t7_frosted_glass_g
image,#i_mtl_p8_mou_control_screen_light_03_e
image,#i_t7_plastic_cable_safehouse_01_tint_c
image,#i_mtl_p8_mou_security_keypad_screw_c
image,#i_t7_snow_powder_footprints_01_r
image,#i_t7_snow_powder_footprints_01_c
image,#i_t7_snow_powder_footprints_01_n
image,d#i_t7_micro_metal_grunge_galvanized_01_n
image,d#i_t7_micro_metal_grunge_galvanized_01_c
image,d#i_t7_micro_metal_grunge_galvanized_01_g
image,d#i_t7_micro_metal_grunge_galvanized_01_s
image,#afr_metal_rusty_01_nml
image,#i_mtl_p7_mou_frame_metal_set_n
image,#i_mtl_p7_mou_frame_metal_set_m
image,#i_mtl_p7_mou_data_recorder_sml_metal_02_n
image,#i_mtl_p7_mou_data_recorder_sml_metal_02_m
image,#jun_art_metal_paintchip_gray_c
image,d#i_t8_rubber_mat_worn_02_n
image,d#i_t7_metal_worn_steel_base_n
image,d#i_t7_metal_worn_steel_base_g
image,#i_c_t7_warrior_body1_arm_a1_ir
image,#i_mtl_p7_mou_keybox_case_set_decal_c
image,d#i_t8_decal_trim_weld_01_normal_n
image,d#i_t8_decal_trim_weld_01_normal_m
image,d#i_mtl_p7_mou_console_control_button_e
image,#i_mtl_p7_mou_console_control_button_c
image,d#i_mtl_p7_mou_console_control_button_n
image,#i_jun_art_stone_wall_plaster_dirty02_n
image,#hash_4f8af060d53af484
image,#i_mtl_p7_toolbox_handheld_small_blue_c
image,#i_mtl_veh_mphd_mou_snowcat_panel_03_n
image,#i_mtl_veh_mphd_mou_snowcat_panel_03_o
image,#i_mtl_veh_mphd_mou_snowcat_panel_03_m
image,#i_jun_art_wood_paneling_ceiling01_n
image,#i_jun_art_wood_paneling_ceiling01_c
image,#i_c_t7_techno_body1_torso_armor_ir
image,#hash_4fc896cc51ff11a9
image,#hash_4fc89acc51ff1875
image,#i_t7_snow_swept_r
image,#hash_4ff219a22a8f439a
image,#i_mtl_p7_mou_tank_horizontal_metal_black_01_m
image,#i_mtl_p7_mou_tank_horizontal_metal_black_01_n
image,#i_mtl_veh_mphd_mou_snowcat_body_03_n
image,#i_mtl_veh_mphd_mou_snowcat_body_03_o
image,#i_mtl_veh_mphd_mou_snowcat_body_03_m
image,#i_mtl_p7_foliage_tree_ponderosa_pine_bark_snow_r
image,#i_mtl_p7_mou_tank_propane_bottle_long_metal_m
image,#i_mtl_p7_mou_tank_propane_bottle_long_metal_n
image,#i_c_hro_player_cyberarm_viewarm_ir
image,#hash_501e168cbc8ed026
image,#hash_501e238cbc8ee63d
image,d#fxt8_spark_shower_core_sparse_hdr
image,#i_c_t7_warrior_head1_headgear_n
image,#i_c_t7_warrior_head1_headgear_c
image,#i_c_t7_warrior_head1_headgear_e
image,#i_c_t7_warrior_head1_headgear_g
image,#i_mtl_p7_rus_handrail_modular_n
image,#i_mtl_p7_rus_handrail_modular_m
image,d#i_c_t7_battery_10_ir
image,d#$color
image,#i_mtl_p7_rus_box_electric_set_lid_n
image,#i_mtl_p7_rus_box_electric_set_lid_m
image,#hash_50627a1ed2ffc837
image,#hash_50627b1ed2ffc9ea
image,#hash_5066de6895a994c7
image,#hash_5066df6895a9967a
image,#hash_5066e06895a9982d
image,#hash_506c4b46d804337d
image,d#i_t7_micro_plastic_02_c
image,#i_mtl_p7_sgen_gen_lab_autopsy_table_dirty_decal_c
image,#i_c_t7_mp_common_pouch2_g
image,#i_c_t7_mp_common_pouch2_n
image,#i_mtl_p7_zm_der_trap_bracket_n
image,#i_mtl_p7_zm_der_trap_bracket_o
image,#i_mtl_p7_zm_der_trap_bracket_m
image,#i_mtl_p7_eth_streetlight_metal_01_concrete_n
image,d#i_t7_detail_concrete_02
image,#hash_50b5a0a7818e3588
image,#i_c_t7_warrior_body1_armor_light_o
image,#i_c_t7_warrior_body1_armor_light_n
image,#i_c_t7_warrior_body1_armor_light_c
image,#i_c_t7_warrior_body1_armor_light_g
image,d#core_cloth_dark_n
image,d#i_t7_decal_grunge_algae_wet_r
image,#i_t7_decal_grunge_algae_wet_c
image,d#i_t7_decal_grunge_algae_wet_n
image,d#$occlusion_50
image,#i_mtl_veh_t7_dlc_banzai_hauler_animalsign_n
image,#i_mtl_p7_trashcan_street_metal_open_trash_c
image,#i_mtl_p7_trashcan_street_metal_open_trash_n
image,#hash_50d419401412fb8f
image,d#i_t7_micro_stone_mixed_03_r
image,#i_mtl_p7_spl_rubber_floor_mat_tile_o
image,#i_mtl_p7_spl_rubber_floor_mat_tile_n
image,#i_mtl_p7_spl_rubber_floor_mat_tile_g
image,#i_mtl_p7_spl_rubber_floor_mat_tile_c
image,#i_c_t7_warrior_body1_pouch1_c
image,#i_c_t7_techno_head1_visor_ir
image,#hash_512739d583b84fc8
image,#hash_51273ad583b8517b
image,#hash_51273cd583b854e1
image,#i_mtl_p7_mou_beam_frame_decal_c
image,d#i_mtl_veh_mphd_forklift_main_frame_o
image,d#i_mtl_veh_mphd_forklift_main_frame_n
image,#i_t7_decal_damage_plywood_edge_n
image,#i_t7_decal_damage_plywood_edge_c
image,#i_mtl_p7_mou_door_white_window_plain_glass_c
image,d#i_mtl_p7_microtile_plaster_n
image,d#i_mtl_p7_microtile_plaster_c
image,#hash_517669f381bb94dd
image,#hash_51786ef752d2124d
image,#mtl_p7_slu_corkboard_papers_c
image,#mtl_p7_slu_corkboard_papers_n
image,#mtl_p7_slu_corkboard_papers_m
image,#i_mtl_p7_mou_gate_generator_metal_decal_01_c
image,#i_mtl_p7_mou_gate_generator_metal_decal_01_g
image,#i_mtl_p7_mou_gate_generator_metal_decal_01_n
image,#hash_5181a48f4899ed73
image,#hash_5186bac2ed3cd012
image,#i_veh_t8_decal_grunge_oil_stain_02_c
image,#i_mtl_p7_mou_fence_metal_wire_fence_n
image,#i_mtl_p7_mou_fence_metal_wire_fence_g
image,#i_mtl_p7_mou_fence_metal_wire_fence_c
image,#i_mtl_p7_mou_fence_metal_wire_fence_s
image,#i_mtl_p7_debris_newspaper_01_n
image,#i_mtl_p7_debris_newspaper_01_c
image,#hash_51b138f574282716
image,#hash_51b13cf574282de2
image,#hash_51b144f574283b7a
image,#hash_51b145f574283d2d
image,#i_t7_snow_slushy_01_n
image,#i_t7_snow_slushy_01_g
image,d#i_t7_snow_slushy_01_c
image,#i_t7_snow_slushy_01_r
image,#i_mtl_p7_mou_star_plaque_worn_m
image,#i_c_t7_techno_body1_neckwrap_ir
image,#i_t7_mou_concrete_plaster_wall_c
image,#i_t7_mou_concrete_plaster_wall_g
image,#i_t7_mou_concrete_plaster_wall_n
image,#i_t7_mou_concrete_plaster_wall_o
image,d#i_c_char_gear_dark_gray_ir
image,#i_mtl_p7_zm_moo_radar_dish_vista_set_tiling_m
image,#i_mtl_p7_zm_moo_radar_dish_vista_set_tiling_n
image,#hash_521aae54945e6424
image,#hash_521ab154945e693d
image,d#i_t7_glass_edge_trim_n
image,#i_t7_glass_edge_trim_c
image,#i_mtl_p7_mou_locker_metal_set_02_n
image,#i_mtl_p7_mou_locker_metal_set_02_m
image,d#i_mtl_p8_zm_esc_packasplat_suitcase_main_s
image,d#i_mtl_veh_mphd_forklift_pillar_c
image,#hash_5262d47fd28b757c
image,#hash_5262d57fd28b772f
image,#hash_5262d77fd28b7a95
image,d#i_t8_glass_smartglass_cubes_01_n
image,#i_c_bc_femalesoldier_straps2_ao
image,#i_c_t7_techno_body1_coat_n
image,#i_c_t7_techno_body1_coat_c
image,#i_c_t7_techno_body1_coat_g
image,d#i_veh_t8_glass_dirty_grimes_01_512_g
image,#i_p7_mou_air_vent_metallic_small_snow_decal_r
image,#i_mtl_p7_rus_sign_wall_decal_02_c
image,#i_p8_mp_bomb_crate_whole_destroyed_palette_c
image,#i_p8_mp_bomb_crate_whole_destroyed_palette_n
image,d#fxt_gas_blur_thin
image,d#fxt8_spark_streak_abnorm_hdr
image,#i_mtl_p8_mou_monitor_ceiling_slice_n
image,d#i_mtl_p8_ice_med_rock_02_04_n
image,d#i_c_gen_detail_jeans_n
image,#i_mtl_p7_mou_air_vent_ceiling_01_metal_m
image,d#i_mtl_p7_mou_light_pole_light_n
image,d#i_mtl_p7_mou_light_pole_light_m
image,d#i_mtl_p8_mphd_cargo_pallet_crate_02_02_n
image,#i_t7_micro_stone_mixed_moss_g
image,#i_mtl_p7_slu_corkboard_set_n
image,#i_mtl_p7_slu_corkboard_set_m
image,d#i_mtl_p8_mphd_tool_chest_metal_m
image,d#i_mtl_p8_mphd_tool_chest_metal_n
image,#i_mtl_p7_rus_box_electric_set_box_n
image,#i_mtl_p7_rus_box_electric_set_box_m
image,#i_mtl_p7_slu_door_white_metal_02_m
image,#i_mtl_p7_slu_door_white_metal_02_n
image,#i_t7_plaster_ground_01_n
image,d#i_mtl_veh_t7_dlc_decal_hole_01_n
image,#hash_53c378b2c039a87f
image,#i_mtl_p7_mou_trash_can_set_paper_c
image,#i_mtl_p7_debris_cardboard_flat_08_n
image,#i_mtl_p7_debris_cardboard_flat_08_c
image,#i_mtl_p7_mou_electric_switch_decal_metal_01_s
image,#i_mtl_p7_mou_electric_switch_decal_metal_01_g
image,#i_t7_metal_chainlink_yellow_c
image,#i_mtl_p7_mou_electric_panel_dual_n
image,#i_mtl_p7_mou_electric_panel_dual_m
image,#hash_5434d28bd3883631
image,#i_t7_decal_damage_burn_impact_03_c
image,#i_t7_decal_damage_burn_impact_03_n
image,#i_mtl_p7_debris_paper_sheet_01_c
image,d#i_t7_micro_plaster_01_n
image,d#i_t7_micro_plaster_01_c
image,#i_c_t7_battery_head5_face_skin4_g
image,d#i_mtl_veh_mphd_forklift_rim_snow_multi_m
image,d#i_t8_micro_snow_rough_01_n
image,#i_t8_micro_snow_rough_01_c
image,#i_mtl_p7_cai_rock_rubble_pile_04_n
image,d#i_t7_metal_grunge_med_01_s
image,d#i_t7_metal_grunge_med_01_c
image,d#i_t7_metal_grunge_med_01_g
image,#i_t7_rubber_roof_granular_c
image,#i_t7_rubber_roof_granular_n
image,#i_c_t7_warrior_body1_lights_ir
image,#i_c_t7_techno_body1_cyberhand_ir
image,#hash_552803739a4126a2
image,#hash_55322cac487a78c5
image,#i_c_t7_battery_body1_lights_e
image,#i_c_t7_battery_body1_lights_c
image,#i_mtl_p7_sgen_cable_connectors_01_c
image,#i_mtl_p7_sgen_cable_connectors_01_g
image,#i_mtl_p7_sgen_cable_connectors_01_n
image,#i_mtl_p7_sgen_cable_connectors_01_o
image,#i_mtl_p7_sgen_cable_connectors_01_s
image,#i_mtl_p7_mou_snow_chunk_dirty_set_m
image,#i_mtl_p7_mou_snow_chunk_dirty_set_n
image,#i_t8_decal_tech_detail_keyhole_c
image,#i_t7_decal_grunge_dirt_wall_01_offset_c
image,d#i_t7_micro_metal_grunge_lathed_01_g
image,#i_t7_micro_metal_grunge_lathed_01_c
image,d#i_t7_micro_metal_grunge_lathed_01_n
image,d#i_t7_micro_metal_grunge_lathed_01_m
image,d#i_t7_micro_metal_grunge_lathed_01_s
image,#i_c_t7_techno_body1_cyberhand_s
image,d#i_c_t7_techno_body1_cyberhand_n
image,d#i_c_t7_techno_body1_cyberhand_g
image,#i_c_t7_techno_body1_cyberhand_c
image,#i_mtl_p7_zm_ctl_light_warning_floor_light_n
image,#hash_558b7088fc705aef
image,#hash_558b7188fc705ca2
image,d#i_p7_sin_ship_container_mask_rust_c
image,#i_t7_micro_plaster_smooth_light_01_g
image,d#i_t7_micro_plaster_smooth_light_01_c
image,d#i_t7_micro_plaster_smooth_light_01_n
image,#i_mtl_t7_decal_grunge_dirty_matte_tile_01_c
image,d#i_mtl_t7_decal_grunge_dirty_matte_tile_01_g
image,#hash_55e3b570895c43ef
image,#i_mtl_p7_mou_sign_highvoltage_yellow_decal_01_c
image,#i_t7_mou_wall_concrete_panel_c
image,#i_t7_mou_wall_concrete_panel_g
image,#i_t7_mou_wall_concrete_panel_o
image,#i_t7_mou_wall_concrete_panel_n
image,d#$black_gloss
image,d#i_mtl_p7_mou_barrel_metal_02_decal_01_n
image,#i_mtl_p7_blast_wall_concrete_decal_02_c
image,#i_mtl_p7_street_curb_concrete_chunk_01_n
image,#i_c_t7_techno_head1_visor_s
image,#i_c_t7_techno_head1_visor_o
image,#i_c_t7_techno_head1_visor_n
image,#i_c_t7_techno_head1_visor_g
image,#i_c_t7_techno_head1_visor_c
image,#i_mtl_p7_zm_moo_biodome_shell_antenna_02_m
image,#i_mtl_p7_zm_moo_biodome_shell_antenna_02_n
image,d#i_mtl_p8_wz_supply_stash_ammo_s
image,d#i_mtl_p8_wz_supply_stash_ammo_o
image,d#i_mtl_p8_wz_supply_stash_ammo_n
image,d#i_mtl_p8_wz_supply_stash_ammo_g
image,d#i_mtl_p8_wz_supply_stash_ammo_c
image,d#i_mtl_veh_mphd_forklift_lift_snow_multi_m
image,#i_t7_sand_pebbles_fine_c
image,#i_t7_sand_pebbles_fine_n
image,#i_t7_sand_pebbles_fine_r
image,#i_t7_zm_shi_wire_barbed_c
image,#hash_5698567d0b5b3c89
image,d#i_t7_micro_cloth_cotton_01_n
image,#i_t7_micro_cloth_cotton_01_c
image,d#i_t7_micro_cloth_cotton_01_g
image,#i_mtl_p7_mou_goggles_skiing_m
image,#i_mtl_p7_mou_goggles_skiing_n
image,#i_c_t7_techno_body1_arm_rt_c_ir
image,#hash_56d4a2409bfb8ed2
image,#i_mtl_p7_flag_usa_01_o
image,#hash_5704d012a3e58ce3
image,#hash_5704d412a3e593af
image,#hash_5704db12a3e59f94
image,#hash_5704dc12a3e5a147
image,#hash_5704de12a3e5a4ad
image,#i_t7_metal_heavy_painted_01_s
image,#i_mtl_p8_mou_security_keypad_word_m
image,d#i_mtl_p_dest_water_fountain01_white_m
image,d#i_mtl_p_dest_water_fountain01_white_n
image,#hash_573642f597638801
image,#metal_whitetrim_karma_n
image,#metal_whitetrim_karma_c
image,#i_c_t7_warrior_head1_haircards2_c
image,#i_c_t7_warrior_head1_haircards2_n
image,d#i_mtl_p8_mou_crate_metal_01_rust_m
image,d#i_mtl_p8_mou_crate_metal_01_rust_n
image,#i_t7_snow_slushy_tracks_r
image,#i_t7_snow_slushy_tracks_g
image,#i_t7_snow_slushy_tracks_n
image,d#dimitars_phong_test_n
image,#i_mtl_p7_cup_coffee_mug_01_c
image,#i_mtl_p7_cup_coffee_mug_01_n
image,d#i_veh_t7_dlc_decal_rust_10_g
image,d#i_veh_t7_dlc_decal_rust_10_r
image,#hash_57b5e968996b6978
image,#hash_57b5ea68996b6b2b
image,#hash_57b5eb68996b6cde
image,#i_mtl_p7_zm_asc_ac_unit_russian_paint02_m
image,#i_mtl_p7_barricade_concrete_med_n
image,#i_mtl_p7_barricade_concrete_med_c
image,d#i_mtl_veh_t7_dlc_decal_text_4_c
image,#i_mtl_veh_mphd_mou_snowcat_body_04_m
image,#i_mtl_veh_mphd_mou_snowcat_body_04_o
image,#i_mtl_veh_mphd_mou_snowcat_body_04_n
image,#i_mtl_p8_mou_monitor_ceiling_slice_hole_m
image,#i_p7_electrical_box_set2_boxes_g
image,#i_mtl_p7_slu_meter_electric_02_base_01_m
image,#i_mtl_p7_slu_meter_electric_02_base_01_n
image,#i_t7_decal_line_horizontal_black_pinch_n
image,d#i_t8_gloss_noise_grunge_01_g
image,#i_mtl_p7_zm_asc_box_electrical_decal_01_c
image,d#$gray
image,#hash_58c02782c01ba359
image,#i_t7_glass_reinforced_g
image,#i_mtl_p7_zm_ori_coat_hanging_02_m
image,#i_mtl_p7_zm_ori_coat_hanging_02_n
image,#i_mtl_p7_mou_light_cage_set_metal_m
image,#i_mtl_p7_mou_light_cage_set_metal_n
image,#hash_58ddb9a7860812c3
image,#i_mtl_p7_snow_chunk_trim_n
image,#i_mtl_p7_mou_brace_gondola_m
image,d#i_mtl_p8_mp_flag_base_glass_emissive_01_c
image,d#i_t8_rubber_mat_worn_01_c
image,d#i_t8_rubber_mat_worn_01_g
image,d#i_t8_rubber_mat_worn_01_n
image,#i_mtl_p7_mou_air_vent_ceiling_01_m
image,#i_mtl_p7_slu_fuse_box_electric_set_text_c
image,#i_mtl_p7_antenna_rooftop_01_c
image,#i_mtl_p7_antenna_rooftop_01_n
image,#i_t7_decal_damage_bullet_holes_02_c
image,#i_t7_decal_damage_bullet_holes_02_n
image,#i_t8_rubber_floor_anti_slip_01_n
image,#hash_597fa23727940a3c
image,#hash_597fa737279412bb
image,#i_mtl_p7_mou_coffee_mug_n
image,#i_mtl_p7_mou_coffee_mug_m
image,#i_mtl_p7_cai_sign_billboard_weather_metal_tile_n
image,#i_mtl_p7_cai_sign_billboard_weather_metal_tile_g
image,#i_mtl_p7_cai_sign_billboard_weather_metal_tile_c
image,#i_t7_techno_egypt_pouch_3_c
image,#i_mtl_p7_slu_antenna_set_metal01_n
image,#i_mtl_p7_slu_antenna_set_metal01_m
image,d#i_t7_decal_line_horizontal_black_n
image,d#i_t7_decal_line_horizontal_black_c
image,#i_mtl_p7_foliage_grass_dry_03_snow_proxy_specular
image,#i_mtl_p7_cai_sign_billboard_01_kit_o
image,#i_mtl_p7_cai_sign_billboard_01_kit_m
image,d#fxt8_light_phosphorous_mask
image,#i_c_t7_techno_head1_skin_ir
image,#i_mtl_p8_mphd_light_utility_set_paintedmetal_black_01_n
image,#i_mtl_p8_mphd_light_utility_set_paintedmetal_black_01_m
image,#i_t7_shr_wood_rough_n
image,d#$black
image,#i_mtl_p7_mou_antenna_microwave_n
image,#i_mtl_p7_mou_antenna_microwave_m
image,d#hash_5a770fe48ca7536b
image,d#i_veh_t8_ban_metal_painted_rusty_c
image,d#i_veh_t8_ban_metal_painted_rusty_n
image,#i_c_zsf_supp_3_pouch1_n
image,#hash_5a8bfc7fd7071f34
image,#hash_5a8bfe7fd707229a
image,#hash_5a8bff7fd707244d
image,#i_c_t7_warrior_body1_webbing_ir
image,#i_t7_plastic_cable_safehouse_01_n
image,#hash_5a9c1a754d0afae3
image,d#i_t7_metal_worn_aluminum_base_g
image,d#$camo_base_normal
image,#i_c_t7_battery_hair_fibers2_c
image,#i_c_t7_battery_hair_fibers2_n
image,d#i_c_gen_detail_soft_fabric_n
image,#i_mtl_veh_mphd_mou_snowcat_differential_02_n
image,#i_mtl_veh_mphd_mou_snowcat_differential_02_o
image,#i_mtl_veh_mphd_mou_snowcat_differential_02_m
image,#i_c_t7_warrior_body1_straps_n
image,#i_c_t7_warrior_body1_straps_o
image,#i_c_t7_warrior_body1_straps_c
image,d#i_t7_micro_cloth_burlap_01_c
image,#hash_5b1b019c83a5c5b3
image,#i_mtl_p7_mou_dome_radio_set_n
image,#i_mtl_p7_mou_dome_radio_set_m
image,d#hash_5b2c9ac9e30f043f
image,d#hash_5b2c9bc9e30f05f2
image,#i_mtl_p7_mou_tower_radar_wires_n
image,#i_mtl_p7_mou_tower_radar_wires_c
image,d#i_t7_micro_plastic_01_c
image,d#i_t7_micro_plastic_01_g
image,d#i_t7_micro_plastic_01_n
image,#i_mtl_p7_pipe_metal_hp_4_02_m
image,#i_mtl_p7_pipe_metal_hp_4_02_o
image,#i_mtl_p7_pipe_metal_hp_4_02_n
image,#i_mtl_p7_zm_asc_sign_exit_russian_base_m
image,#hash_5b5791bcd8ac55f1
image,#i_mtl_p7_plastic_tarp_cover_n
image,#i_mtl_p7_plastic_tarp_cover_c
image,d#i_veh_t7_dlc_decal_rust_08_r
image,d#i_veh_t7_dlc_decal_rust_08_g
image,#i_mtl_p7_rus_can_paint_01_m
image,#i_mtl_p7_rus_can_paint_01_n
image,#i_mtl_p8_mou_monitor_ceiling_main_m
image,#i_t7_mou_metal_siding_trim_no_paint_s
image,#i_t7_mou_metal_siding_trim_no_paint_n
image,#i_t7_mou_metal_siding_trim_no_paint_o
image,#i_t7_mou_metal_siding_trim_no_paint_g
image,#i_t7_mou_metal_siding_trim_no_paint_c
image,#i_mtl_p7_shr_snow_chunk_trim_n
image,#i_mtl_p7_light_metal_recessed_n
image,#i_mtl_p7_light_metal_recessed_c
image,#i_mtl_p7_light_metal_recessed_g
image,#i_mtl_p7_light_metal_recessed_e
image,#i_mtl_p7_light_metal_recessed_s
image,d#skin_pore_detail
image,d#i_mtl_veh_mphd_forklift_mirror_o
image,d#i_mtl_veh_mphd_forklift_mirror_n
image,d#i_mtl_veh_mphd_forklift_mirror_m
image,d#fxt_smk_puff_thin_varied
image,#i_mtl_p7_eth_light_ceiling_attachment_n
image,#i_mtl_p7_eth_light_ceiling_attachment_m
image,#i_mtl_p7_truss_framing_modular_section_128_n
image,#i_mtl_p7_truss_framing_modular_section_128_c
image,#i_mtl_p7_ban_armory_building_crane_cab_metal_03_m
image,d#i_t8_cloth_sound_panel_n
image,#i_mtl_p7_light_metal_recessed_ao
image,d#fxt_distort_heat_md
image,#i_c_54i_assault_pouch_ao
image,#i_mtl_p7_mou_sign_checkpt_01_m
image,#i_mtl_p7_rolled_tarp_n
image,#i_mtl_p7_rolled_tarp_c
image,#fxt_lf_artifact_06
image,#fxt_lf_artifact_08
image,d#fxt_lf_artifact_15
image,#fxt_lf_artifact_14
image,d#fxt_lf_artifact_10
image,#i_mtl_p8_col_radar_dirty_med_grey_baseplastic_c
image,d#i_mtl_p7_slu_stool_swivel_decal_c
image,d#i_mtl_p7_slu_stool_swivel_decal_n
image,#i_t7_metal_trim_weld_01_a
image,#i_t7_metal_trim_weld_01_c
image,d#i_t7_metal_trim_weld_01_g
image,d#i_t7_metal_trim_weld_01_n
image,d#i_t8_snow_sparkle_global_g
image,d#i_t8_snow_sparkle_global_c
image,d#fxt8_spark_rndhit_alpha
image,d#i_t7_decal_grunge_scratches_scrapes_01_n
image,#i_t7_decal_grunge_scratches_scrapes_01_c
image,#i_t7_linoleum_rolled_01_g
image,#i_t7_metal_heavy_painted_01_white_c
image,#i_veh_t7_drone_attack_rocketpods_highres_gunmetal_n
image,#i_t7_vista_plastic_tarp_blue_creased_n
image,#i_t7_vista_plastic_tarp_blue_creased_c
image,#i_mtl_p7_zm_tra_can_spray_decal_c
image,#i_mtl_p7_rus_plank_metal_g
image,#i_mtl_p7_rus_plank_metal_c
image,#i_mtl_p7_rus_plank_metal_n
image,#i_mtl_p7_light_fluorescent_subway_bulb_s
image,#i_mtl_p7_light_fluorescent_subway_bulb_t
image,#i_mtl_p7_light_fluorescent_subway_bulb_n
image,#i_mtl_p7_light_fluorescent_subway_bulb_c
image,#i_t7_mou_metal_beam_trim_01_n
image,#hash_5d67a3793a6f4045
image,#i_t7_mou_metal_beam_trim_01_c
image,#i_t7_mou_metal_beam_trim_01_g
image,#i_t7_mou_metal_beam_trim_01_s
image,#i_mtl_p7_pallet_wood_splinters_n
image,#i_mtl_p7_pallet_wood_splinters_c
image,#i_mtl_p7_zm_ver_farm_tools_02_n
image,#i_mtl_p7_zm_ver_farm_tools_02_m
image,#i_c_t7_technomancer_body2_lights_screens_c
image,#i_c_t7_technomancer_body2_lights_screens_e
image,#i_t7_metal_chain_o
image,#i_t7_metal_chain_n
image,#i_t7_metal_chain_c
image,#i_skybox_mp_mountain2
image,#skybox_clouds_cumulus1
image,#i_mtl_p8_mphd_light_utility_set_decal_c
image,#i_c_hro_khalil_egypt_gear_3_s
image,#i_mtl_p7_slu_ac_unit_window_decal02_c
image,#i_mtl_p7_slu_ac_unit_window_decal02_n
image,d#i_mtl_p8_mphd_cargo_pallet_crate_02_05_n
image,#i_t7_fir_tarp_o
image,#i_t7_fir_tarp_g
image,#i_mtl_p7_mou_data_computer_metal_e
image,#i_mtl_p7_mou_data_computer_metal_m
image,#i_mtl_p7_mou_data_computer_metal_n
image,#i_t7_metal_gunmetal_02_c
image,d#i_mtl_p7_sgen_door_pushbar_set_decal_dirty_c
image,#hash_5e356ba655b8b6e0
image,d#hash_5e3576a655b8c991
image,#i_t7_micro_stone_granite_g
image,#i_mtl_p7_slu_door_white_metal_01_n
image,#i_mtl_p7_slu_door_white_metal_01_m
image,#i_mtl_p7_mou_cover_corrugated_decal_n
image,#i_mtl_p7_mou_cover_corrugated_decal_c
image,#i_mtl_p7_farm_tools_n
image,#i_mtl_p7_conduit_rust_outlets_n
image,#i_mtl_p7_conduit_rust_outlets_c
image,#i_mtl_veh_mphd_mou_snowcat_wiper_o
image,#i_mtl_veh_mphd_mou_snowcat_wiper_m
image,#i_mtl_p7_scaffold_metal_01_platform_support_m
image,#i_mtl_p7_scaffold_metal_01_platform_support_n
image,d#i_t8_decal_blood_footprints_sml_r
image,d#i_t7_decal_grunge_brick_stain_01_c
image,d#i_t7_decal_grunge_brick_stain_01_g
image,d#i_t7_decal_grunge_paint_discolored_01_c
image,d#i_t7_decal_grunge_paint_discolored_01_g
image,#i_t7_concrete_wall_painted_peel_01_blend_c
image,d#i_t7_micro_metal_bare_worn_01_n
image,d#i_t7_micro_metal_bare_worn_01_g
image,#i_mtl_veh_mphd_mou_snowcat_interior_01_m
image,#i_mtl_veh_mphd_mou_snowcat_interior_01_n
image,#i_mtl_veh_mphd_mou_snowcat_interior_01_o
image,d#i_veh_t8_noise_g
image,#i_mtl_p7_mou_concrete_slab_m
image,#i_mtl_p7_mou_concrete_slab_n
image,d#fxt_light_glow_square
image,#hash_5f5af49d88487968
image,#hash_5f5af79d88487e81
image,#hash_5f7f0d5ba88e8d41
image,#i_mtl_p7_cai_rock_rubble_pile_03_n
image,d#i_mtl_t8_metal_bare_steel_worn_01_g
image,#i_mtl_p8_mphd_light_utility_set_paintedmetal_n
image,#hash_5fde31689de59690
image,#i_mtl_p8_mou_light_floodlight_set_decal_n
image,#i_mtl_p8_mou_light_floodlight_set_decal_m
image,d#i_t7_decal_grunge_calcium_drip_01_blend_c
image,#hash_6015e41be65006c3
image,#hash_6015e81be6500d8f
image,#hash_6015ef1be6501974
image,#i_lights_cagelight01_off_m
image,#hash_6051de139cdab0fb
image,#i_t7_sand_erosion_01_n
image,#i_t7_decal_damage_bullet_holes_metal_set_r
image,#i_t7_decal_damage_bullet_holes_metal_set_n
image,#i_t8_micro_concrete_formed_01_c
image,d#i_t8_micro_concrete_formed_01_n
image,#hash_60a6ff8ad796d417
image,d#$white_thickness
image,#hash_60c3c55bd9a48430
image,#hash_60c8cedf22fe3a95
image,#i_t7_mou_rubber_pad_c
image,#i_t7_mou_rubber_pad_g
image,#i_t7_mou_rubber_pad_n
image,#i_t7_mou_rubber_pad_o
image,#i_mtl_p7_foliage_grass_dry_02_snow_proxy_depth
image,d#i_mtl_p7_barrier_block_concrete_m
image,d#i_mtl_p7_barrier_block_concrete_n
image,d#i_mtl_p8_mphd_tool_chest_sml_tools_wheel_m
image,d#i_mtl_p8_mphd_tool_chest_sml_tools_wheel_n
image,#i_c_t7_warrior_body1_armor_2_c
image,#i_c_t7_warrior_body1_armor_2_g
image,#i_c_t7_warrior_body1_armor_2_o
image,#i_c_t7_warrior_body1_armor_2_n
image,#i_mtl_p7_mou_phone_vintage_n
image,#i_mtl_p7_mou_phone_vintage_m
image,#i_mtl_p7_zm_asc_floor_gantry_n
image,#i_mtl_p7_zm_asc_floor_gantry_c
image,#i_mtl_p7_rus_bookshelf_metal_n
image,#i_mtl_p7_rus_bookshelf_metal_m
image,#i_p7_zm_sta_bridge_metal_trim_m
image,#i_p7_zm_sta_bridge_metal_trim_n
image,#i_mtl_p7_debris_clothing_tshirts_01_dirty_c
image,#i_mtl_veh_t7_dlc_banzai_hauler_decal_rust_02_c
image,#i_mtl_veh_t7_dlc_banzai_hauler_decal_rust_02_n
image,#hash_61aab663e895be48
image,#hash_61aab963e895c361
image,#skybox_clouds_cumulus1_mask
image,#i_t7_cru_decal_grunge_rust_01_c
image,#i_t7_cru_decal_grunge_rust_01_n
image,d#i_mtl_veh_t7_dlc_weathered_paint_g
image,d#i_wpn_t8_eqp_briefcase_bomb_computer_decal_c2
image,d#i_t7_micro_metal_painted_rough_01_n
image,d#i_t7_micro_metal_painted_rough_01_c
image,d#i_t7_micro_metal_painted_rough_01_g
image,#hash_61ef55bd3e10db7b
image,d#i_t8_decal_grunge_rust_offset_01_blend_r
image,#i_mtl_p7_sin_ship_container_grunge_tiled_01_3_m
image,#i_mtl_p7_sin_sleeping_bag_zipper_teeth_o
image,#i_mtl_p7_sin_sleeping_bag_zipper_teeth_n
image,#i_mtl_p7_rus_vent_roof_metal_02_n
image,#hash_6203a2ec0ee1a338
image,#i_t8_micro_metal_brushed_swirl_01_n
image,#i_mtl_p7_foliage_grass_dry_02_snow_proxy_normal
image,d#i_mtl_p7_barrier_block_concrete_rusty_n
image,d#i_t7_metal_worn_copper_base_s
image,d#i_t7_metal_worn_copper_base_n
image,d#i_t7_metal_worn_copper_base_c
image,d#i_t7_metal_worn_copper_base_g
image,d#i_t7_metal_bare_g
image,d#i_t7_metal_bare_n
image,#i_mtl_p7_rus_bookshelf_metal_glass_c
image,d#i_t7_glass_dirty_grimes_02_g
image,d#i_t7_glass_dirty_grimes_02_c
image,#i_mtl_p7_rus_foliage_tree_pine_snow_decals_r
image,#i_mtl_p7_rus_foliage_tree_pine_snow_decals_n
image,#i_mtl_p7_rus_foliage_tree_pine_snow_decals_c
image,#i_t8_decal_tech_detail_screw_01_g
image,d#i_t8_decal_tech_detail_screw_01_c
image,d#i_t8_decal_tech_detail_screw_01_n
image,#i_t8_decal_tech_detail_screw_01_o
image,d#i_t8_decal_tech_detail_screw_01_s
image,#hash_627d66dd86f18dd2
image,#hash_627d6bdd86f19651
image,#hash_627f9c4938c41ecd
image,#i_mtl_p7_mou_net_safety_metal_01_m
image,#i_mtl_p7_mou_net_safety_metal_01_n
image,#i_t7_wood_plywood_trim_dirty_c
image,#hash_62b479f4f1f58d39
image,#hash_62b484f4f1f59fea
image,#i_mtl_p7_rus_timecard_set_decal_01_c
image,#i_mtl_veh_mphd_mou_snowcat_body_05_m
image,#i_mtl_veh_mphd_mou_snowcat_body_05_n
image,#i_mtl_veh_mphd_mou_snowcat_body_05_o
image,#hash_62d56f83ac100c6d
image,#rus_metal_raised_vert_c
image,#rus_metal_raised_vert_n
image,#i_mtl_p7_rus_foliage_tree_pine_trunk_n
image,#i_mtl_p7_rus_foliage_tree_pine_trunk_r
image,#hash_632dbfe60aef90a6
image,#hash_632dcce60aefa6bd
image,#i_c_t7_techno_body1_pants_g
image,#i_c_t7_techno_body1_pants_c
image,#i_c_t7_techno_body1_pants_n
image,#i_c_t7_techno_body1_pants_o
image,#i_c_t7_techno_body1_pants_m
image,d#i_t8_micro_cloth_cotton_01_n
image,#i_mtl_p7_zm_ori_coat_hanging_01_n
image,#i_mtl_p7_zm_ori_coat_hanging_01_m
image,d#fxt8_lf_artifact_15a
image,#i_mtl_p8_mphd_light_utility_set_paintedmetal_yellow_m
image,#i_mtl_p7_rus_can_paint_02_c
image,d#i_t8_decal_tech_detail_bolt_10_n
image,d#i_t8_decal_tech_detail_bolt_10_g
image,#i_t8_decal_tech_detail_bolt_10_c
image,#i_mtl_p7_ris_paint_roller_stick_set_brush_c
image,#i_mtl_p7_ris_paint_roller_stick_set_brush_n
image,d#i_mtl_veh_mphd_forklift_bottom_multi_m
image,#i_c_t7_warrior_head1_ir
image,d#i_mtl_p7_zm_kin_console_electric_decal_c
image,d#i_mtl_p7_zm_kin_console_electric_decal_e
image,#i_mtl_p7_street_curb_concrete_dmg_64b_n
image,#i_mtl_p7_street_curb_concrete_dmg_64b_c
image,#i_mtl_p7_foliage_grass_dry_02_snow_proxy_specular
image,#i_mtl_p7_mou_locker_metal_set_n
image,#i_mtl_p7_mou_locker_metal_set_m
image,#i_ct7_blockout_battery_body1_holster_g
image,#i_ct7_blockout_battery_body1_holster_n
image,#i_t7_micro_wood_varied_damaged_teak_c
image,#i_mtl_p8_panel_debris_metal_set_decal_rust_c
image,#hash_64240ef26222f9b0
image,d#i_mtl_p7_mov_zm_isl_boat_main_09_c
image,#i_mtl_p7_ris_paint_roller_stick_set_cloth_04_n
image,#i_mtl_p7_ris_paint_roller_stick_set_cloth_04_m
image,#hash_644fcafd6972d213
image,#hash_644fcefd6972d8df
image,#hash_644fd5fd6972e4c4
image,d#i_mtl_veh_mphd_forklift_main_frame_snow_multi_m
image,#i_mtl_p7_zur_nw_foundry_set_metal_02_m
image,#i_mtl_p7_mou_electric_switch_metal_04_m
image,#i_mtl_p7_mou_electric_switch_metal_04_n
image,#i_mtl_p7_debris_trash_can_cola_01_s
image,#i_mtl_p7_debris_trash_can_cola_01_g
image,#i_mtl_p7_debris_trash_can_cola_01_o
image,#i_mtl_p7_debris_trash_can_cola_01_n
image,d#i_t7_micro_metal_rust_c
image,d#i_t7_micro_metal_rust_n
image,d#fxt_debris_clumps
image,#hash_64f721e660359d2a
image,#i_c_t7_warrior_body1_clasps_o
image,#i_c_t7_warrior_body1_clasps_n
image,#i_c_t7_warrior_body1_clasps_c
image,#i_c_t7_warrior_body1_clasps_g
image,#i_mtl_p7_zm_kin_console_electric_decal_02_c
image,#hash_6540057fddaa667f
image,#hash_6540067fddaa6832
image,#hash_6540077fddaa69e5
image,#i_t7_wood_beam_worn_oak_splintered_02_m
image,#i_t7_cru_concrete_wall_slab_dark_01_g
image,#i_t7_cru_concrete_wall_slab_dark_01_o
image,#hash_657178ee8c7ea4d1
image,#i_mtl_p7_zm_tra_can_spray_n
image,#i_mtl_p7_zm_tra_can_spray_m
image,d#i_jun_art_metal_rust02_n
image,#i_jun_art_metal_rust02_c
image,#i_mtl_p7_mou_handrail_heli_n
image,#i_mtl_p7_mou_handrail_heli_m
image,#hash_6597d099ac415828
image,#i_mtl_p7_mou_dish_satellite_03_n
image,#i_mtl_p7_mou_dish_satellite_03_m
image,d#i_t7_zm_moo_caution_stripes_c
image,#i_mtl_p8_wz_supply_stash_health_logo_n
image,#i_t7_cry_decal_grunge_burnt_metal_c
image,#i_t7_glass_dirty_streaks_cracked_c
image,#i_t7_glass_dirty_streaks_cracked_g
image,d#fxt8_fire_md_lick_deplete_anim_alpha
image,#i_c_t7_warrior_body1_armor_light_ir
image,#i_mtl_veh_mphd_hind_02_o
image,d#afr_floor_burnt_02_dec_nml
image,#i_mtl_t7_decal_metal_fasteners_rust_c
image,d#i_mtl_p8_mphd_cargo_pallet_crate_02_04_n
image,#i_t7_zm_isl_dirt_fertile_footprints_n
image,#i_mtl_p7_slu_bucket_plastic_pallet_wood01_n
image,#i_mtl_p7_slu_bucket_plastic_pallet_wood01_m
image,d#i_t8_metal_bare_steel_worn_01_n
image,d#i_t8_metal_bare_steel_worn_01_g
image,#i_c_t7_warrior_body1_plastic_g
image,#i_c_t7_warrior_body1_plastic_c
image,#i_c_t7_warrior_body1_plastic_o
image,#i_c_t7_warrior_body1_plastic_n
image,d#i_t7_micro_metal_bare_scuffed_01_1024_g
image,#i_t7_micro_metal_bare_scuffed_01_1024_c
image,#i_t7_micro_metal_bare_scuffed_01_1024_n
image,d#hash_6654669da2ce366f
image,d#$spec_simple
image,d#i_t7_decal_damage_burn_impact_01_n
image,d#i_t7_decal_damage_burn_impact_01_c
image,#i_mtl_p7_zur_barracks_grate_m
image,#i_mtl_p7_zur_barracks_grate_n
image,#i_c_t7_warrior_head1_beardshell_c
image,d#i_mtl_p7_mou_console_control_a_lrg02_m
image,#i_t7_decal_crack04_c
image,#i_t7_decal_crack04_n
image,d#i_mtl_veh_mphd_forklift_decal013_c
image,#i_t7_mou_numbers_circle_g
image,#i_t7_mou_numbers_circle_c
image,#i_t7_mou_numbers_circle_r
image,#i_c_t7_techno_pouch_duo_c
image,#i_mtl_p7_books_office_n
image,#i_mtl_p7_books_office_c
image,#i_mtl_p7_books_office_s
image,#i_mtl_p7_debris_trash_drink_carrier_01_n
image,#i_mtl_p7_debris_trash_drink_carrier_01_c
image,#i_mtl_p7_barrier_block_concrete_long_decal01_c
image,d#i_t7_vista_decal_grunge_calcium_drip_01_c
image,d#i_t7_decal_grunge_calcium_drip_02_c
image,#i_t7_mou_metal_panels_larger_o
image,#i_t7_mou_metal_panels_larger_n
image,#i_t7_mou_metal_panels_larger_c
image,#i_t7_mou_metal_panels_larger_g
image,#i_c_t7_techno_head1_hood_ir
image,#i_t7_metal_grating_01_n
image,#i_t7_metal_grating_01_c
image,#i_mtl_p7_cai_rock_rubble_pile_02_n
image,#i_t7_decal_grunge_rust_02_r
image,d#i_t7_metal_paint_scratched_01_r
image,#i_t7_metal_paint_scratched_01_s
image,d#i_t7_metal_paint_scratched_01_c
image,d#i_t7_metal_paint_scratched_01_n
image,#i_t8_decal_tech_detail_vent_01_c
image,#i_t8_decal_tech_detail_vent_01_n
image,d#fxt8_spark_shower_core_alpha
image,#i_mtl_p7_zm_asc_star_metal_m
image,#hash_67dfa09c1d2a01eb
image,#i_mtl_p7_blast_wall_concrete_large_m
image,#i_mtl_p7_blast_wall_concrete_large_n
image,d#i_mtl_p7_blast_wall_concrete_n
image,d#i_t7_decal_water_dripping_n
image,d#i_t7_decal_water_dripping_c
image,#hash_683a8fbf8445847f
image,#hash_683a9bbf844598e3
image,#hash_683aa2bf8445a4c8
image,#hash_683aa5bf8445a9e1
image,d#i_c_t7_techno_body1_baremetal_g
image,#i_c_t7_techno_body1_baremetal_c
image,#i_c_t7_techno_body1_baremetal_o
image,#i_c_t7_techno_body1_baremetal_n
image,#i_c_t7_techno_body1_baremetal_s
image,#i_t8_dirt_road_tire_tracks_n
image,#i_t8_dirt_road_tire_tracks_c
image,#afr_metal_rusty_01_col
image,#i_veh_t7_detail_concrete_01
image,d#i_c_gen_insidemouth_teeth_c
image,d#i_c_gen_insidemouth_teeth_g
image,d#i_c_gen_insidemouth_teeth_o
image,d#i_c_gen_insidemouth_teeth_n
image,#i_mtl_p7_roof_vents_metal_02_m
image,#i_mtl_p7_roof_vents_metal_02_n
image,#i_mtl_p7_zm_ctl_door_sliding_set_decal_01_c
image,#i_mtl_p7_mou_vent_bldg_03_metal_m
image,#i_mtl_p7_mou_vent_bldg_03_metal_n
image,d#i_mtl_p7_mou_console_control_parts_add_c
image,d#i_mtl_p7_mou_console_control_parts_add_n
image,d#i_t7_metal_gunmetal_01_s
image,#hash_68bf5893ee8fd11f
image,d#i_t7_decal_grunge_rust_orange_drips
image,d#fxt_lf_artifact_15a
image,#i_mtl_p7_bucket_shrapnel_chunks_n
image,#i_mtl_p7_bucket_shrapnel_chunks_c
image,#i_mtl_p7_bucket_shrapnel_chunks_g
image,#i_mtl_p7_bucket_shrapnel_chunks_s
image,#hash_68df9c91e4e9b92b
image,#hash_68e4aeb7894d0950
image,#i_mtl_p7_foliage_tree_pine_snow_01_c
image,#i_mtl_p7_foliage_tree_pine_snow_01_n
image,#i_mtl_p7_light_fixture_led_ceiling_round_o
image,#i_mtl_p7_light_fixture_led_ceiling_round_n
image,d#i_t8_metal_paint_thick_01_c
image,d#i_t8_metal_paint_thick_01_g
image,#i_t7_cry_metal_base_c
image,#i_mtl_p7_mou_wall_handle_metal_m
image,#i_mtl_p7_mou_wall_handle_metal_n
image,#i_mtl_p7_mou_door_white_decal_01_c
image,#hash_6935c7f05dfbb817
image,#hash_6935c8f05dfbb9ca
image,d#i_mtl_veh_t7_dlc_decal_text_2_c
image,#i_mtl_p7_debris_trash_snack_bag_02_c
image,#i_mtl_p7_debris_trash_snack_bag_02_n
image,d#i_t8_decal_grunge_burn_soot_01_r
image,d#i_t8_decal_grunge_burn_soot_01_n
image,#i_c_t7_warrior_body1_egypt_gear_8_c
image,#i_mtl_p7_plane_airliner_wreckage_set_metal_m
image,#i_mtl_p7_hook_metal_small_01_m
image,#i_mtl_p7_hook_metal_small_01_o
image,#i_mtl_p7_hook_metal_small_01_n
image,#i_mtl_veh_mphd_mou_snowcat_interior_02_o
image,#i_mtl_veh_mphd_mou_snowcat_interior_02_n
image,#i_mtl_veh_mphd_mou_snowcat_interior_02_m
image,#i_mtl_p7_mou_star_plaque_star_m
image,#i_mtl_p7_mou_insulator_electrical_snow_m
image,#i_t7_detail_snow_01
image,#i_mtl_p7_cleaning_paper_c
image,#i_mtl_p7_cleaning_paper_n
image,d#i_t8_decal_tech_detail_screw_02_r
image,d#i_veh_t8_greeble_01_dead_c
image,d#i_veh_t8_greeble_01_dead_g
image,#i_p7_mou_fence_snow_red_tile_c
image,d#i_t7_micro_stone_sandstone_01_c
image,d#i_t7_micro_stone_sandstone_01_n
image,#hash_6a0c788217edf0b5
image,#hash_6a0c7b8217edf5ce
image,#i_mtl_p7_cinder_block_detail_n
image,#i_mtl_p7_zm_tra_crate_metal_strap_n
image,#i_mtl_p7_mou_bridge_01_01_m
image,#i_mtl_p7_mou_bridge_01_01_o
image,#i_mtl_p7_mou_bridge_01_01_n
image,#i_t7_decal_damage_mold_02_r
image,#i_t7_decal_damage_mold_02_c
image,#i_c_t7_warrior_body1_boot_soles_g
image,#i_c_t7_warrior_body1_boot_soles_c
image,#i_c_t7_warrior_body1_boot_soles_n
image,#i_c_t7_warrior_body1_boot_soles_o
image,#i_c_t7_techno_body1_leg_armor_s
image,#i_c_t7_techno_body1_leg_armor_n
image,#i_c_t7_techno_body1_leg_armor_o
image,#i_c_t7_techno_body1_leg_armor_g
image,#i_c_t7_techno_body1_leg_armor_c
image,#i_c_t7_techno_body1_chest_device_g
image,#i_c_t7_techno_body1_chest_device_c
image,#i_c_t7_techno_body1_chest_device_n
image,#i_c_t7_techno_body1_chest_device_o
image,#i_c_t7_techno_body1_chest_device_s
image,#hash_6a42df0e8407dd9c
image,#i_mtl_p7_conduit_metal_pipes_c
image,#i_mtl_p7_conduit_metal_pipes_g
image,#i_mtl_p7_conduit_metal_pipes_n
image,#i_mtl_p7_railing_metal_01_plate_decal_c
image,#hash_6a6697140c715349
image,#i_t7_decal_damage_concrete_trim_02_n
image,#i_t7_decal_damage_concrete_trim_02_c
image,#hash_6a935b68a48ac8ee
image,#hash_6a935c68a48acaa1
image,#i_mtl_p7_zm_tra_stepladder_lrg_metal_m
image,d#i_p8_mp_bomb_crate_green_o
image,d#i_p8_mp_bomb_crate_green_n
image,d#i_p8_mp_bomb_crate_green_c
image,d#i_p8_mp_bomb_crate_green_g
image,#i_mtl_p7_mou_tank_propane_bottle_long_base_m
image,#hash_6afce2d264edc5e5
image,#hash_6aff1ddfbc0f5149
image,#hash_6aff28dfbc0f63fa
image,d#i_t8_decal_tech_detail_bolt_11_r
image,d#i_t8_decal_tech_detail_bolt_11_g
image,d#i_t8_decal_tech_detail_bolt_11_n
image,#i_t7_zm_isl_dirt_fertile_g
image,#i_t7_ban_decal_paint_scratched_r
image,d#i_t7_micro_concrete_formed_01_n
image,d#i_t7_micro_concrete_formed_01_g
image,d#i_t7_micro_concrete_formed_01_c
image,d#i_t7_decal_coffee_stain_01_c
image,#hash_6b453073d1903f6c
image,#hash_6b453573d19047eb
image,#i_mtl_p7_foliage_grass_dry_03_snow_proxy_normal
image,#skybox_default_black
image,#i_t7_plastic_clear_warped_sandy_n
image,#i_t7_plastic_clear_warped_sandy_c
image,d#i_mtl_p7_mou_storage_cabinet_scratch_m
image,d#i_t7_detail_wood_01
image,#hash_6b861c5161296705
image,#i_mtl_p7_ntx_tool_wrench_n
image,#i_mtl_p7_ntx_tool_wrench_r
image,d#fxt8_fire_sm_lick_short_anim_hdr
image,#hash_6bb5507fe0b30430
image,#hash_6bb5517fe0b305e3
image,#hash_6bb5527fe0b30796
image,#i_mtl_p7_debris_newspaper_02_n
image,#i_mtl_p7_debris_newspaper_02_c
image,#i_mtl_p7_mou_airduct_metal_01_m
image,#i_mtl_p7_cai_street_vendor_02_dirty_c
image,#i_mtl_p7_jun_bed_dirty_01_low_tarp_c
image,#i_mtl_p7_jun_bed_dirty_01_low_tarp_n
image,d#fxt_dust_wind_md_anim
image,#i_mtl_p7_conduit_metal_outlets_c
image,#i_mtl_p7_conduit_metal_outlets_g
image,#i_mtl_p7_conduit_metal_outlets_o
image,#i_mtl_p7_conduit_metal_outlets_n
image,d#i_t7_micro_metal_brushed_01_n
image,#i_mtl_p7_mou_folder_manila_set_decal_c
image,#i_mtl_p7_mou_folder_manila_set_decal_n
image,d#i_t7_linoleum_rolled_03_c
image,#i_c_t7_techno_head1_faceplate_s
image,#i_c_t7_techno_head1_faceplate_o
image,#i_c_t7_techno_head1_faceplate_n
image,#i_c_t7_techno_head1_faceplate_g
image,#i_c_t7_techno_head1_faceplate_c
image,d#fxt8_debris_ember
image,#i_c_t7_techno_body1_backpack_c
image,#i_c_t7_techno_body1_backpack_g
image,#i_c_t7_techno_body1_backpack_m
image,#i_c_t7_techno_body1_backpack_n
image,#i_c_t7_techno_body1_backpack_o
image,#i_mtl_p7_mou_electric_switch_metal_05_m
image,#i_mtl_p7_mou_electric_switch_metal_05_n
image,d#i_p8_mp_bomb_crate_labels_c
image,#i_mtl_p8_mou_light_floodlight_set_glass_c
image,d#$gray_one_channel
image,#hash_6ccec2ed1b7eee1e
image,#i_mtl_p7_cloth_drape_06_c
image,#i_mtl_p7_cloth_drape_06_n
image,#i_mtl_p7_wires_metal_recessed_s
image,#i_mtl_p7_wires_metal_recessed_o
image,#i_mtl_p7_wires_metal_recessed_n
image,#i_mtl_p7_wires_metal_recessed_c
image,#i_mtl_p7_wires_metal_recessed_g
image,#hash_6cfa3611167ea492
image,#hash_6cfa4211167eb8f6
image,#hash_6cfa4611167ebfc2
image,#hash_6cfa4a11167ec68e
image,#hash_6cfa4b11167ec841
image,#i_mtl_p7_cai_elev_stairs_metal_n
image,#i_mtl_p7_mou_sign_no_smoking_metal_01_r
image,#i_mtl_p7_mou_sign_no_smoking_metal_01_n
image,#i_mtl_p7_slu_meter_electric_01_base_part_m
image,#i_mtl_p7_slu_meter_electric_01_base_part_n
image,#hash_6d260bf0fec12cfd
image,#i_mtl_veh_mphd_hind_01_o
image,d#i_mtl_p7_mou_light_pole_top_lightrig_n
image,d#i_mtl_p7_mou_light_pole_top_lightrig_m
image,#i_mtl_veh_mphd_mou_snowcat_hood_01_n
image,#i_mtl_veh_mphd_mou_snowcat_hood_01_o
image,#i_mtl_veh_mphd_mou_snowcat_hood_01_m
image,d#i_t7_glass_dirty_streaks_03_c
image,#i_c_t7_warrior_body1_arm_c1_ir
image,#i_c_bc_femalesoldier_legholster_albedo_c
image,#i_mtl_p7_rus_crate_wood_decal_wood_damage_n
image,#i_mtl_p7_rus_crate_wood_decal_wood_damage_c
image,#i_mtl_p7_rus_crate_wood_decal_wood_damage_g
image,#i_mtl_p7_street_curb_concrete_dmg_64a_c
image,#i_mtl_p7_street_curb_concrete_dmg_64a_n
image,d#fxt8_spark_round_alpha
image,d#core_metal_dark_s
image,d#core_metal_dark_g
image,#core_metal_dark_c
image,#i_mtl_p7_light_fluorescent_subway_glass_t
image,#i_mtl_p7_light_fluorescent_subway_glass_n
image,#i_mtl_p7_light_fluorescent_subway_glass_c
image,#i_mtl_p7_ladder_metal_secured_n
image,#i_mtl_p7_ladder_metal_secured_o
image,#i_mtl_p7_ladder_metal_secured_m
image,#i_mtl_p7_sin_hanging_tarps_gym_01_c
image,#i_mtl_p7_rus_vent_roof_metal_n
image,#i_t7_micro_wood_rough_c
image,#i_t7_metal_worn_steel_plate_base_s
image,#fxt_clouds_01_infection_fallaway
image,d#i_veh_t8_plastic_fiberglass_bench_c
image,#hash_6e6a035dd165c2fd
image,d#i_t7_rope_nylon_02_n
image,d#i_c_t8_mp_spe_buffer_body1_syringe_pouch_o
image,d#i_c_t8_mp_spe_buffer_body1_syringe_pouch_g
image,d#i_c_t8_detail_plastic_grainy_chaser_3_n
image,#i_mtl_p7_mou_antenna_receiver_01_base_01_m
image,#i_mtl_p7_mou_antenna_receiver_01_base_01_n
image,d#fxt8_fire_md_lick_dissipate_anim_hdr
image,#i_mtl_p7_zm_kin_generator_industrial_shell_01_m
image,#i_mtl_p7_zm_kin_generator_industrial_shell_01_n
image,#i_mtl_p7_ban_armory_building_crane_cab_metal_01_n
image,#i_mtl_p7_ban_armory_building_crane_cab_metal_01_m
image,#i_c_t7_techno_head6_face_skin1_g
image,d#i_c_gen_detail_plastic_circle_mesh_n
image,d#i_mtl_p7_cai_rock_rubble_pile_01_n
image,#hash_6f01857c9136a072
image,#i_t7_metal_panel_trainstation_roof_n
image,#i_t7_metal_panel_trainstation_roof_g
image,#i_t7_metal_panel_trainstation_roof_c
image,#i_mtl_veh_mphd_mou_snowcat_wiper_01_n
image,d#i_mtl_veh_mphd_forklift_rim_n
image,d#i_mtl_veh_mphd_forklift_rim_o
image,#i_c_t7_techno_body1_coat_ir
image,#i_t7_sand_erosion_01_blend_r
image,#i_c_t7_battery_head1_dogtags_n
image,#i_c_t7_battery_head1_dogtags_g
image,#hash_6f6d2dce489031a3
image,#hash_6f6d38ce48904454
image,#i_t7_asphalt_damaged_dark_r
image,d#fxt_distort_heat
image,#i_t7_ban_rock_cave_wall_c
image,#i_t7_ban_rock_cave_wall_n
image,#i_t7_aqu_decal_signage_wall_02_n
image,#i_t7_aqu_decal_signage_wall_02_c
image,#i_mtl_p7_cai_rock_rubble_pile_b_low_n
image,#i_mtl_p7_zm_ctl_light_warning_tesla_set_metal_01_n
image,#i_mtl_p7_zm_ctl_light_warning_tesla_set_metal_01_m
image,#fxt_fol_leaves_vine
image,#hash_6fd0f3290a1952d3
image,#hash_6fd10f290a198267
image,#i_t7_decal_damage_glass_shatter_01_c
image,#i_t7_decal_damage_glass_shatter_01_n
image,#i_mtl_p7_rus_lamp_tinhat_box_m
image,#hash_700ae82a55da76b3
image,#hash_700af32a55da8964
image,#i_t7_concrete_rough_layered_01_n
image,#i_t7_concrete_rough_layered_01_c
image,d#hash_704a98bf18a8a48c
image,#i_mtl_p7_wes_basin_metal_set_decal_rust
image,d#i_t7_decal_metal_nails_c
image,d#i_t7_decal_metal_nails_n
image,#i_mtl_p7_sweep_alpha_n
image,#i_mtl_p7_sweep_alpha_c
image,#i_mtl_p8_mou_light_floodlight_set_paintedmetal_01_n
image,#i_mtl_p7_mou_door_sliding_metal_04_n
image,#i_mtl_p7_mou_door_sliding_metal_04_m
image,#i_mtl_p7_jun_foliage_bush_04_snow_proxy_albedo
image,#i_mtl_medical_monitor_wall_mounted_metal_s
image,#i_mtl_medical_monitor_wall_mounted_metal_n
image,#i_mtl_medical_monitor_wall_mounted_metal_o
image,#i_mtl_medical_monitor_wall_mounted_metal_c
image,d#i_t8_micro_paint_02_n
image,d#i_t8_micro_paint_02_g
image,d#i_t8_micro_paint_02_c
image,d#i_t7_micro_cloth_cotton_02_n
image,d#i_t7_micro_cloth_cotton_02_c
image,#i_mtl_p7_cai_sign_billboard_weather_metal_tile_dull_g
image,#i_mtl_veh_mphd_mou_snowcat_interior_03_n
image,#i_mtl_veh_mphd_mou_snowcat_interior_03_o
image,#i_mtl_veh_mphd_mou_snowcat_interior_03_m
image,d#i_t7_decal_snow_sparkle_n
image,#i_t7_zm_sta_metal_robot_tile_01_n
image,#i_t7_zm_sta_metal_robot_tile_01_c
image,#hash_70f914e0e0eb9190
image,#hash_71086368a792f4c6
image,#hash_71086468a792f679
image,d#detail_noise
image,#i_t7_street_concrete_curb_01a_c
image,#i_t7_street_concrete_curb_01a_n
image,#i_t7_metal_trim_worn_iron_dark_m
image,#hash_716e1d9dbef44991
image,d#i_t7_micro_metal_bare_scuffed_01_n
image,d#i_t7_micro_metal_bare_scuffed_01_g
image,d#i_t7_micro_metal_bare_scuffed_01_c
image,#i_mtl_p7_foliage_tree_spruce_norway_trunk_snow_reveal_r
image,d#i_t8_snow_sparkles_n
image,d#i_mtl_p7_mou_tank_metal_01_n
image,d#i_mtl_p7_mou_tank_metal_01_o
image,d#i_mtl_p7_mou_tank_metal_01_m
image,d#i_t7_micro_metal_rust_heavy_01_g
image,d#i_t7_micro_metal_rust_heavy_01_c
image,#i_t7_micro_metal_rust_heavy_01_n
image,d#fxt8_fog_slow_lg_anim
image,#hash_71d5de5f4ff35d57
image,d#$blacktransparent_color
image,#i_t7_metal_copper_oxidized_01_desaturated_c
image,d#i_t7_sky_rubber_flat_dlc1_n
image,#i_p7_mou_air_vent_metallic_small_metal_frost_r
image,#i_c_t7_techno_body1_thighguard_ir
image,#i_mtl_p7_zm_moo_space_closet_set_decal03_n
image,#i_mtl_p7_zm_moo_space_closet_set_decal03_a
image,#hash_72206cf8680ece5f
image,#i_c_t7_techno_body1_thrusters_ir
image,d#i_mtl_veh_mphd_forklift_cockpit_multi_m
image,#i_c_t7_techno_body1_neckwrap_c
image,#i_c_t7_techno_body1_neckwrap_o
image,#i_c_t7_techno_body1_neckwrap_n
image,#hash_723486821c67bb3f
image,#hash_723489821c67c058
image,#hash_724e2edfbfd1302c
image,#hash_724e33dfbfd138ab
image,#i_mtl_p7_zm_kin_generator_industrial_part_02_m
image,#i_mtl_p7_zm_kin_generator_industrial_part_02_n
image,#i_mtl_p7_foliage_tree_pine_trunk_01_c
image,#i_mtl_p7_foliage_tree_pine_trunk_01_n
image,#i_mtl_p8_wz_supply_stash_decal_clip_c
image,#i_mtl_p8_wz_supply_stash_decal_clip_n
image,#i_mtl_p7_jun_foliage_bush_branches_02_snow_t
image,#i_mtl_p7_jun_foliage_bush_branches_02_snow_n
image,#i_mtl_p7_jun_foliage_bush_branches_02_snow_c
image,#fxt8_dust_mote_long
image,d#i_veh_t8_detail_leather_01
image,#i_mtl_p7_mou_concrete_slab_small_m
image,#i_mtl_p7_mou_concrete_slab_small_n
image,d#i_t8_metal_bare_steel_worn_01_512_n
image,d#i_mtl_p7_cai_mobile_shops_civ_01_metal_decal_01_c
image,#hash_72e041a39f6e5bfc
image,#hash_72e046a39f6e647b
image,#hash_72e165f1824c19e7
image,#i_t7_mou_metal_panels_larger_more_rust_rvl_n
image,#i_t7_mou_metal_panels_larger_more_rust_rvl_r
image,#i_p7_mou_observatory_dome_main_c
image,#i_c_t7_techno_gear_7_c
image,#i_mtl_p7_foliage_tree_spruce_norway_trunktile01_n
image,#i_mtl_p7_foliage_tree_spruce_norway_trunktile01_c
image,d#i_t7_micro_metal_grunge_scratch_fine_01_s
image,d#i_t7_micro_metal_grunge_scratch_fine_01_g
image,#i_t7_micro_metal_grunge_scratch_fine_01_c
image,d#i_t7_micro_metal_grunge_scratch_fine_01_n
image,#i_mtl_p7_mou_sign_cliff_board_screw_n
image,#i_mtl_p7_ntx_tool_wrench_ratchet_sml_decal_c
image,#hash_7357a9bc5948afa8
image,#i_mtl_p7_zur_metro_sign_terminal_set_snow_2_c
image,#i_mtl_p7_slu_box_electric_set_decal_wires_c
image,#i_mtl_p7_slu_box_electric_set_decal_wires_n
image,#i_c_t7_warrior_body1_arm_b1_g
image,#i_c_t7_warrior_body1_arm_b1_o
image,#i_c_t7_warrior_body1_arm_b1_n
image,#i_p8_mp_bomb_crate_whole_destroyed_caution_c
image,#i_mtl_p7_zur_nw_foundry_set_concrete_m
image,#i_mtl_p7_zm_der_door_brace_beam_n
image,#i_mtl_p7_zm_der_door_brace_beam_o
image,#i_mtl_p7_zm_der_door_brace_beam_m
image,#hash_738fd6b377cb49e4
image,#i_t7_mou_tile_linoleum01_dirty_c
image,#i_t7_mou_concrete_yellowed_c
image,#i_t7_mou_concrete_yellowed_g
image,#i_t7_mou_concrete_yellowed_o
image,#i_t7_mou_concrete_yellowed_n
image,d#i_c_gen_eye_blue_c
image,#i_mtl_p7_mou_data_computer_decal_02_n
image,#i_mtl_p7_mou_data_computer_decal_02_c
image,#i_mtl_p7_mou_sign_hard_hat_decal_01_c
image,#i_t7_zm_mob_wall_chipped_white_r
image,#i_t7_zm_mob_wall_chipped_white_n
image,#i_t7_zm_mob_wall_chipped_white_g
image,#i_t7_zm_mob_wall_chipped_white_c
image,#i_mtl_p7_slu_panel_electrical_metal_01_m
image,#i_mtl_p7_slu_panel_electrical_metal_01_n
image,#i_c_t7_battery_body1_collar1_n
image,#i_c_t7_battery_body1_collar1_o
image,#i_c_t7_battery_body1_collar1_c
image,#i_c_t7_battery_body1_collar1_g
image,#hash_7468107f9daf4770
image,#hash_7468127f9daf4ad6
image,#hash_7468137f9daf4c89
image,#i_t7_mou_trim02_green_c
image,#i_t7_mou_trim02_green_g
image,#i_t7_mou_trim02_green_n
image,#i_t7_mou_trim02_green_o
image,#i_t7_mou_trim02_green_s
image,#i_c_t7_blockout_battery_body1_beltwidget_c
image,#i_c_t7_blockout_battery_body1_beltwidget_g
image,#i_c_t7_blockout_battery_body1_beltwidget_n
image,d#i_t7_decal_grunge_dirty_tile_01_micro_c
image,d#i_t7_decal_grunge_dirty_tile_01_micro_n
image,#i_mtl_veh_t7_dlc_concrete_poured_bunker_dirty_01_512_m
image,#i_mtl_p7_mou_bridge_metal_01_n
image,#i_mtl_p7_mou_bridge_metal_01_m
image,d#i_mtl_p7_mou_coffee_carafe_n
image,d#i_mtl_p7_mou_coffee_carafe_m
image,d#i_t7_glass_dirty_streaks_02_c
image,d#i_t7_camo_leather_black_g
image,d#i_t7_camo_leather_black_c
image,d#i_t7_camo_leather_black_n
image,#i_t7_plaster_smooth_dirty_01_n
image,d#i_t7_plaster_smooth_dirty_01_g
image,#i_t7_glass_dirty_chemical_stain_c
image,#hash_74f6fe0e8aab4a49
image,#i_t8_concrete_sidewalk_01_n
image,d#i_t8_concrete_sidewalk_01_g
image,#i_t7_damage_decal_cracks_02_c
image,#i_t7_damage_decal_cracks_02_n
image,#i_mtl_p7_mou_dish_satellite_02_metal_01_m
image,#i_c_t7_warrior_head1_headgear_ir
image,#i_t7_concrete_bare_01_g
image,#i_t7_concrete_bare_01_n
image,#i_t7_micro_grunge_wall_top_bottom_m
image,#i_mtl_p7_slu_dish_satellite_set_02_n
image,#i_mtl_p7_slu_dish_satellite_set_02_m
image,d#i_t7_decal_grunge_leaking_01_g
image,#i_t7_decal_grunge_leaking_01_c
image,#hash_75554a6c5a763b55
image,#i_mtl_p7_mou_table_steel_decal_02_c
image,#i_mtl_p7_pipe_metal_hp_4_01_n
image,#i_mtl_p7_pipe_metal_hp_4_01_m
image,#hash_75733d4cd04e606f
image,#hash_7573404cd04e6588
image,d#i_mtl_veh_mphd_forklift_rim_multi_m
image,d#i_t7_micro_metal_painted_scuffed_01_c
image,d#i_t7_micro_metal_painted_scuffed_01_n
image,#i_mtl_p7_chair_stool_02_worn_n
image,#i_mtl_p7_chair_stool_02_worn_c
image,#i_mtl_p7_chair_stool_02_worn_g
image,#i_mtl_p7_chair_stool_02_worn_s
image,#i_mtl_p7_inf_rock_boulder_small_04_snowbottom_m
image,#i_mtl_p7_inf_rock_boulder_small_04_snowbottom_n
image,#i_mtl_p7_mou_sign_decal_line_01_n
image,#hash_75a724a97aa9194e
image,#i_c_t7_warrior_head1_n
image,#i_c_t7_warrior_head1_o
image,#i_c_t7_warrior_head1_c
image,#i_c_t7_warrior_head1_g
image,#i_mtl_p7_mou_keybox_case_set_metal_01_n
image,#i_mtl_p7_mou_keybox_case_set_metal_01_m
image,#hash_75b7cdb199f847e4
image,#i_t7_glass_slats_n
image,#i_t7_zm_isl_metal_diamond_plate_01_g
image,#i_t7_zm_isl_metal_diamond_plate_01_c
image,#i_t7_zm_isl_metal_diamond_plate_01_n
image,#i_t7_zm_isl_metal_diamond_plate_01_o
image,#i_t7_zm_isl_metal_diamond_plate_01_s
image,d#i_t7_metal_bare_corroded_n
image,#i_t7_metal_bare_corroded_g
image,#i_t7_metal_bare_corroded_s
image,#i_mtl_p7_cup_coffee_paper_c
image,#i_mtl_p7_cup_coffee_paper_n
image,#i_c_t7_technomancer_body2_lights_e
image,#i_mtl_p7_box_cardboard_c
image,#i_mtl_p7_box_cardboard_n
image,d#i_t7_micro_metal_painted_02_s
image,d#i_t7_micro_metal_painted_02_n
image,d#i_t7_micro_metal_painted_02_g
image,d#i_t7_micro_metal_painted_02_c
image,#hash_766a787fe7583328
image,#hash_766a797fe75834db
image,#hash_766a7b7fe7583841
image,#i_mtl_p7_mou_airduct_metal_02_r
image,#hash_7689157fd47fa730
image,#i_p7_zm_ori_cellar_door_metal_m
image,#i_c_t7_techno_body1_leg_armor_ir
image,d#i_t7_decal_snow_powder_01_c
image,d#i_t7_aqu_decal_signage_wall_01_n
image,d#i_t7_aqu_decal_signage_wall_01_c
image,d#i_t7_aqu_decal_signage_wall_01_r
image,#i_mtl_veh_mphd_mou_snowcat_frame_01b_m
image,#i_mtl_veh_mphd_mou_snowcat_frame_01b_o
image,#i_mtl_veh_mphd_mou_snowcat_frame_01b_n
image,#hash_772c0cf4148e86b0
image,d#i_c_t7_skin_ir
image,#hash_77999cc8c074bcf9
image,#i_p7_mou_fence_snow_red_tile_n_b
image,#i_t7_metal_trim_rivets_01_m
image,#i_t7_metal_trim_rivets_01_n
image,#i_mtl_p7_pipe_metal_hp_12_flange_m
image,#i_mtl_p7_pipe_metal_hp_12_flange_n
image,#i_mtl_p7_foliage_grass_dry_snow_t
image,#i_mtl_p7_foliage_grass_dry_snow_n
image,#i_mtl_p7_foliage_grass_dry_snow_c
image,d#i_t8_metal_heavy_tile_01_n
image,d#i_t8_metal_heavy_tile_01_g
image,#i_mtl_p7_zm_der_light_set_bulb_small_s
image,#i_mtl_p7_zm_der_light_set_bulb_small_n
image,#i_mtl_p7_zm_der_light_set_bulb_small_m
image,#i_mtl_p7_zm_der_light_set_bulb_small_g
image,#i_mtl_p7_zm_der_light_set_bulb_small_c
image,#i_c_t7_techno_head1_faceplate_ir
image,d#fxt_smk_whisp_anim_2
image,d#i_t7_decal_damage_metal_rust_edge_01_c
image,d#i_t7_decal_damage_metal_rust_edge_01_n
image,d#i_t7_detail_paper_01_n
image,d#i_mtl_t8_metal_stainless_wall_squares_stained_01a_s
image,d#i_t7_metal_planter_top_trim_n
image,#hash_787b8e463e01f39b
image,d#fxt_gas_blur_core_thick
image,#hash_78ac600fb3e6f2ec
image,#hash_78ac650fb3e6fb6b
image,#i_mtl_p7_mou_sign_personnel_only_text_n
image,#i_mtl_p7_mou_door_sliding_metal_03_m
image,#i_mtl_p7_mou_door_sliding_metal_03_n
image,#hash_78d3562f5839384f
image,#i_mtl_p7_slu_sign_parking_traffic_metal_01_m
image,#i_mtl_p7_slu_sign_parking_traffic_metal_01_n
image,#i_t7_concrete_floor_garage_cracked_n
image,#i_t7_concrete_floor_garage_cracked_c
image,#i_t7_concrete_floor_garage_cracked_g
image,d#i_t8_micro_paint_03_c
image,#hash_78f922c0693831b2
image,#i_mtl_p7_electrical_cabinet_03_c
image,#i_mtl_p7_electrical_cabinet_03_g
image,#i_mtl_p7_electrical_cabinet_03_n
image,#i_t7_mou_numbers_c
image,#i_t7_mou_numbers_g
image,#i_t7_mou_numbers_r
image,#i_t8_dirt_granular_n
image,#i_c_t7_warrior_body1_cloth_light_c
image,#i_c_t7_warrior_body1_cloth_light_n
image,#i_c_t7_warrior_body1_cloth_light_o
image,#i_t7_vista_decal_crack_concrete_r
image,#i_t7_vista_decal_crack_concrete_n
image,d#i_t7_vista_decal_crack_concrete_c
image,#hash_792bebd59499cfe4
image,#hash_792befd59499d6b0
image,#i_mtl_p7_jun_foliage_bush_04_snow_proxy_normal
image,d#fxt_smk_billow_thick_anim
image,#i_t7_ntx_plastic_base_clean_c
image,#i_mtl_p7_debris_concrete_rubble_med_01_n
image,d#i_c_t7_reaper_body1_dark_ir
image,#i_mtl_veh_mphd_mou_snowcat_track_01_m
image,#i_mtl_veh_mphd_mou_snowcat_track_01_o
image,#i_mtl_veh_mphd_mou_snowcat_track_01_n
image,#i_mtl_p7_mou_gate_security_metal_01_m
image,#i_p7_debris_trash_bottle_water_01
image,#i_mtl_p7_slu_box_electric_set_decal_labels_c
image,#i_mtl_p7_slu_box_electric_set_decal_labels_n
image,#i_c_t7_techno_body1_chest_device_ir
image,d#i_t7_plastic_polyethylene_worn_grey_c
image,#i_mtl_p7_mou_cup_styrofoam_m
image,#i_mtl_p7_mou_cup_styrofoam_n
image,#hash_79d1dfaa9def03b6
image,#i_c_t7_hunter_body2_back_pouch_c
image,d#fxt_sparks_rndhit_mask
image,#i_t7_rubber_track_c
image,d#i_t7_rubber_track_n
image,d#i_c_t8_mp_spe_buffer_body1_scisors_o
image,#hash_7a343727e0654aa5
image,#i_mtl_p7_street_curb_concrete_chunk_03_black_c
image,#i_mtl_p7_zm_ori_duckboard_set_m
image,#i_mtl_p7_zm_ori_duckboard_set_n
image,#hash_7a767adfc44b6410
image,#hash_7a7687dfc44b7a27
image,#i_mtl_p7_zm_kin_generator_industrial_part_03_m
image,#i_mtl_p7_foliage_tree_ponderosa_pine_trunk_snow_n
image,#i_mtl_p7_mou_light_lamp_desk_metal_01_m
image,#i_mtl_p7_mou_light_lamp_desk_metal_01_n
image,d#i_c_t7_techno_body1_dark_ir
image,#hash_7aa23f82b94be558
image,#i_t7_decal_damage_glass_shatter_02_c
image,#i_t7_decal_damage_glass_shatter_02_n
image,#i_mtl_p7_mou_console_control_b_lrg02_dmg
image,#i_p7_cai_elev_stairs_metal_r
image,#i_p7_mou_observatory_dome_reinforce1_n
image,#i_p7_aqu_catwalk_01_planar_c
image,d#i_mtl_veh_t7_dlc_hav_dropship_dmg_set_ext_burned_512_r
image,#i_c_t7_battery_hairshell1_n
image,#i_c_t7_battery_hairshell1_c
image,#i_mtl_p8_wz_supply_stash_decal_label_c
image,d#i_p7_zur_train_car_leather_n
image,d#i_wpn_t8_eqp_briefcase_bomb_foam_detail_g
image,d#i_wpn_t8_eqp_briefcase_bomb_foam_detail_n
image,d#hash_7b2d62cfd74e54c2
image,d#i_t7_decal_damage_metal_scratches_r
image,#i_mtl_p7_rus_lamp_tinhat_paintedmetal_n
image,#i_mtl_p7_rus_lamp_tinhat_paintedmetal_m
image,#i_mtl_p7_mou_bridge_01_03_o
image,#i_mtl_p7_mou_bridge_01_03_n
image,#i_mtl_p7_mou_bridge_01_03_m
image,#i_c_t7_blockout_battery_body1_beltwidget_ec
image,d#i_t7_micro_metal_bare_scuffed_02_g
image,d#i_t7_micro_cloth_leather_01_n
image,d#i_t7_micro_cloth_leather_01_g
image,d#i_t7_micro_cloth_leather_01_c
image,#i_mtl_p7_mou_tank_horizontal_decal_07_c
image,d#i_mtl_p8_mou_crate_metal_01_dirt_c
image,#i_mtl_p7_foliage_bush_snowy_03_branch_snow_n
image,#i_mtl_p7_foliage_bush_snowy_03_branch_snow_c
image,#i_t7_wood_beam_worn_oak_splintered_c
image,#i_t7_wood_beam_worn_oak_splintered_o
image,#i_t7_wood_beam_worn_oak_splintered_n
image,#i_mtl_p7_snow_chunk_roof_01_n
image,d#i_p8_mp_bomb_crate_leash_c
image,#i_t7_cloth_cargo_netting_01_c
image,#i_t7_cloth_cargo_netting_01_n
image,#i_t7_cloth_cargo_netting_01_s
image,#i_mtl_p7_mou_girder_gondola_set_metal_01_m
image,#i_mtl_p7_mou_girder_gondola_set_metal_01_n
image,#hash_7bb7397fa1714f1b
image,#hash_7bb73a7fa17150ce
image,#hash_7bb73b7fa1715281
image,#i_mtl_p7_ris_shovel_set_n
image,#i_mtl_p7_ris_shovel_set_m
image,#i_c_t7_techno_body1_monitor_ir
image,d#i_t7_concrete_painted_wet_white_r_cheap
image,#i_mtl_p7_box_copy_paper_c
image,#i_mtl_p7_box_copy_paper_n
image,d#i_wpn_t8_eqp_briefcase_bomb_decals_label_s
image,d#i_wpn_t8_eqp_briefcase_bomb_decals_label_c
image,d#i_wpn_t8_eqp_briefcase_bomb_decals_label_g
image,d#i_mtl_p7_mou_barrel_metal_02_n
image,#i_mtl_p7_zm_ori_boots_military_set_c
image,#i_mtl_p7_zm_ori_boots_military_set_n
image,d#i_t7_micro_stone_mixed_04_r
image,#i_mtl_p7_rus_timecard_set_decal_c
image,d#i_t8_metal_painted_white_n
image,d#i_wpn_t8_eqp_briefcase_bomb_circuit_c
image,d#i_wpn_t8_eqp_briefcase_bomb_circuit_g
image,d#i_wpn_t8_eqp_briefcase_bomb_circuit_o
image,d#i_wpn_t8_eqp_briefcase_bomb_circuit_n
image,d#i_wpn_t8_eqp_briefcase_bomb_circuit_s
image,d#p8_mphd_generator_n
image,d#p8_mphd_generator_g
image,d#p8_mphd_generator_c
image,d#p8_mphd_generator_s
image,#hash_7c624ad45aff437b
image,#i_mtl_veh_mphd_mou_snowcat_light_01_glass_01_c
image,#hash_7c64cfacf2cfdc2b
image,#i_mtl_p7_slu_meter_electric_decal_10_c
image,#i_mtl_p7_slu_meter_electric_decal_10_n
image,#i_mtl_p7_bucket_janitor_plastic_rolling_n
image,#i_mtl_p7_bucket_janitor_plastic_rolling_g
image,#i_mtl_p7_bucket_janitor_plastic_rolling_c
image,#hash_7ca4666c5e382ce9
image,#hash_7ca4716c5e383f9a
image,#i_mtl_p7_debris_concrete_rubble_med_01_warm_c
image,#i_c_t7_battery_body1_webgear_s
image,#i_c_t7_battery_body1_webgear_o
image,#i_c_t7_battery_body1_webgear_n
image,#i_c_t7_battery_body1_webgear_c
image,#i_c_t7_battery_body1_webgear_g
image,d#i_mtl_p7_zm_isl_bucket_115_liquid_backscatter_c
image,#i_mtl_p7_debris_trash_bottle_water_02_n
image,#i_mtl_p7_debris_trash_bottle_water_02_c
image,#i_mtl_p7_rus_rack_coat_n
image,#i_mtl_p7_rus_rack_coat_m
image,#i_p7_mou_air_vent_wall_metal_dust_decals_r
image,#i_mtl_p7_railing_metal_01_beam_metal_m
image,#i_mtl_p7_mou_airduct_metal_03_r
image,#i_mtl_p7_mou_antenna_hogg_base_04_m
image,#i_mtl_p7_mou_antenna_hogg_base_04_n
image,d#i_t7_plastic_base_clean_c
image,#i_mtl_p7_mou_console_control_a_lrg_dmg_m
image,d#i_t7_micro_concrete_bare_weathered_01_c
image,d#i_t7_micro_concrete_bare_weathered_01_n
image,#i_p7_mou_concrete_base_o
image,#i_p7_mou_concrete_base_n
image,#i_mtl_p7_cai_train_subway_exterior_decal_02_c
image,d#i_t7_glass_snow_buildup_02_backlit_g
image,#hash_7d7a5ab674021a6f
image,#hash_7da57dafc2da548c
image,#i_t7_shr_snow_swept_r
image,#i_t7_shr_snow_swept_n
image,#i_mtl_p7_mou_console_control_corner_dmg_m
image,#i_mtl_p7_railing_metal_01_cntr_decal_c
image,#i_mtl_p7_railing_metal_01_cntr_decal_n
image,#i_t7_dirt_tire_tracks_01_r
image,#i_t7_glass_coated_stained_c
image,#i_t7_glass_coated_stained_g
image,#i_mtl_p7_slu_door_white_frame_01_m
image,#i_mtl_p7_slu_door_white_frame_01_n
image,#i_c_t7_battery_straps2_c
image,#i_mtl_p7_zm_moo_tank_holder_set_decal_c
image,#i_mtl_p7_zm_sta_transformer_power_rivet_n
image,#hash_7e4183c6f83d3634
image,#hash_7e4186c6f83d3b4d
image,#i_mtl_p7_proto_fence_chainlink_metal_c
image,#i_mtl_p7_proto_fence_chainlink_metal_n
image,#i_mtl_p7_mou_transformer_floorunit_02_paint_normal_n
image,#i_mtl_p7_mou_transformer_floorunit_02_paint_normal_m
image,#hash_7e6366516c488283
image,d#i_t8_rubber_acoustic_insulation_n
image,d#i_t7_decal_damage_wood_edge_01_n
image,d#i_t7_decal_damage_wood_edge_01_c
image,#i_c_t7_battery_body1_thrusters_n
image,#i_c_t7_battery_body1_thrusters_g
image,#i_c_t7_battery_body1_thrusters_c
image,#i_c_t7_warrior_body1_arm_lt_a1_c
image,#i_c_t7_warrior_body1_arm_lt_a1_n
image,#hash_7eb0337af1d10172
image,#hash_7eb0357af1d104d8
image,#hash_7eb0377af1d1083e
image,#hash_7eb0387af1d109f1
image,#i_mtl_p7_zm_kin_generator_industrial_decal_02_n
image,d#i_mtl_p7_mou_console_control_parts03_m
image,d#fxt8_exp_billow_anim
image,#i_p7_ris_bucket_plastic_5_gal_paint_m
image,#hash_7ef851f7a5196525
image,#hash_7ef860f7a5197ea2
image,#i_c_t7_battery_left_arm_wrap_viewarm_c
image,#i_c_t7_battery_left_arm_wrap_viewarm_g
image,#i_c_t7_battery_left_arm_wrap_viewarm_n
image,#i_mtl_p7_slu_panel_electrical_metal_02_n
image,#i_mtl_p7_slu_panel_electrical_metal_02_m
image,#hash_7f2337541cd72a7f
image,#i_mtl_p7_debris_cardboard_flat_05_n
image,#i_mtl_p7_debris_cardboard_flat_05_c
image,#hash_7f67b0a14ef4b39f
image,#hash_7f67b1a14ef4b552
image,#hash_7f67b2a14ef4b705
image,#i_mtl_p7_debris_trash_paper_02_n
image,#i_mtl_p7_debris_trash_paper_02_c
image,d#i_t8_decal_tech_detail_high_tech_66_c
image,d#i_t8_decal_tech_detail_high_tech_66_n
image,#i_mtl_p7_barrier_block_concrete_long_clean01_n
image,#i_mtl_p7_barrier_block_concrete_long_clean01_m
image,#i_p7_zm_ctl_gondola_pulley_metal_n
image,#i_p7_zm_ctl_gondola_pulley_metal_o
image,#i_p7_zm_ctl_gondola_pulley_metal_r
image,#i_mtl_p7_mou_heater_electric_iron_wire_c
image,#i_mtl_p7_mou_heater_electric_iron_wire_n
image,#i_veh_t7_dlc_decal_gauge_17_c
image,#i_t7_metal_wall_panel_old_g
image,d#hash_7fd9f331dd84b580
image,#i_c_t7_outrider_body3_pouch1_n
image,d#i_wpn_t8_eqp_briefcase_bomb_glass_n
image,d#i_wpn_t8_eqp_briefcase_bomb_glass_o
image,d#i_wpn_t8_eqp_briefcase_bomb_glass_g
image,d#i_wpn_t8_eqp_briefcase_bomb_glass_c
image,d#i_wpn_t8_eqp_briefcase_bomb_glass_s
image,#i_t7_metal_rust_ceiling_01_n
image,#i_t7_metal_rust_ceiling_01_c
streamkey,#mp_mountain2_all_stream
streamkey,#hash_70abc70c18183ec
streamkey,#hash_25290230fb994cd7
streamkey,#hash_503d6085d45523fe
sound,#mp_mountain2.all
com_map,#maps/mp/mp_mountain2.d3dbsp
game_map,#maps/mp/mp_mountain2.d3dbsp
klf,#hash_786694bc81b108f9
fx,#lensflares/fx_lensflare_light_bulb_direction
klf,d#hash_233162899dc5a391
fx,#hash_1f9000e49e993698
klf,#hash_56c38862d747f055
fx,#hash_6863c3e2b1e2d8ab
klf,d#hash_17851669aaf7b331
klf,d#hash_237f879e9b523308
klf,#hash_36b6b6993d15cc9d
klf,#hash_49c6fbc4a43ec8a8
klf,#hash_4b75ca5823194609
klf,d#hash_4fc31bd20528a937
klf,d#hash_6fa77179ac54a023
rawfile,#gamedata/constbaselines/mp_mountain2/dm.baseline
rawfile,#gamedata/constbaselines/mp_mountain2/bounty.baseline
rawfile,#hash_184b3868c5300b96
rawfile,#gamedata/constbaselines/mp_mountain2/sd.baseline
rawfile,#gamedata/constbaselines/mp_mountain2/control.baseline
rawfile,#gamedata/constbaselines/mp_mountain2/tdm_hc.baseline
rawfile,#gamedata/constbaselines/mp_mountain2/control_hc.baseline
rawfile,#gamedata/constbaselines/mp_mountain2/tdm.baseline
rawfile,#gamedata/constbaselines/mp_mountain2/dom.baseline
rawfile,#gamedata/constbaselines/mp_mountain2/koth.baseline
rawfile,#gamedata/constbaselines/mp_mountain2/conf_hc.baseline
rawfile,#gamedata/constbaselines/mp_mountain2/dom_hc.baseline
rawfile,#gamedata/constbaselines/mp_mountain2/conf.baseline
rawfile,#gamedata/constbaselines/mp_mountain2/sd_hc.baseline
stringtable,#hash_40c1b99344e1600
stringtable,#hash_1e2ed585a36c09a5
stringtable,#hash_2e6036204fb2afba
stringtable,#hash_31a43a64d28ff561
stringtable,#hash_39888748ec33449f
stringtable,#hash_405eb9a1b70e217f
stringtable,#hash_40f5c2dd1bdc88a7
stringtable,#hash_499ddd544f449ce8
stringtable,#hash_52684b45b24afb2a
stringtable,#hash_5dccedbbd62c16ae
stringtable,#hash_67d6cfa9ee6d0aec
stringtable,#hash_70ab735c497af776
stringtable,#hash_731b939712f57de4
stringtable,#hash_7d3131e16e6a2c7a
material,#hash_14b40e5d81b43860
material,#hash_1c84822abb75b41b
material,#mc/t7_glass_dirty_streaks_shard
material,d#ei/gfx_gib_glass_02_lit
material,d#ei/gfx_gib_glass_01_lit
material,d#ei/gfx_fog_slow_lg_anim_lit
fx,#destruct/fx_dest_window_glass_edge
material,d#hash_7b2f531966a0eb65
material,d#hash_3bf0be0d501e8181
material,d#hash_16d0f1b9710af0b2
material,d#hash_486a71034ae5da88
material,#hash_38e5904330b89d9a
fx,#hash_324da4fbb4877fab
fx,#hash_46dca683d5a9df26
fx,#hash_228fb6f72ffb518c
fx,#hash_3df67063a5f2e43c
fx,#hash_475f2b69e2d8568d
fx,#hash_1219baacdf11971a
fx,#hash_445660e715a74a90
fx,#hash_50d6e0dbacaf3f85
material,d#hash_33e9007cd93e45e8
material,d#hash_318e50144812fbcc
material,d#hash_583c2bc969ca3e87
fx,#hash_30ef1771eb3b538f
material,#wc/t7_glass_dirty_streaks
material,#wc/t7_glass_dirty_streaks_cracked
glasses,#maps/mp/mp_mountain2.d3dbsp
scriptparsetree,#scripts/mp/mp_mountain2_sound.gsc
scriptparsetree,#scripts/mp/mp_mountain2_fx.csc
scriptparsetree,#scripts/mp/mp_mountain2_scripted.csc
scriptparsetree,#scripts/mp/mp_mountain2_sound.csc
scriptparsetree,#scripts/mp/mp_mountain2_scripted.gsc
scriptparsetree,#scripts/mp/mp_mountain2.gsc
scriptparsetree,#scripts/mp/mp_mountain2.csc
scriptparsetree,#scripts/mp/mp_mountain2_fx.gsc
keyvaluepairs,#mp_mountain2
surfacesounddef,d#hash_2c191e6284ce597
surfacesounddef,#hash_10a1856d06431be9
surfacesounddef,d#hash_3d9213dabaf08c81
surfacesounddef,d#hash_5d772ccdaa011a7f
surfacesounddef,#hash_74551b28aee5c060
surfacesounddef,#hash_751c954f7722b168
surfacesounddef,#hash_77789965ad08507e
surfacesounddef,d#hash_7ada1cf9d8035750
surfacesounddef,#hash_7df43ad9f11765ff
sanim,#p7_fxanim_gp_trash_cardboard_flat_02_sanim
sanim,#p8_fxanim_gp_wire_straight_sml_s3_sanim
sanim,#p7_fxanim_mou_wires_set_04_sanim
sanim,#p7_fxanim_gp_trash_cardboard_flat_01_sanim
sanim,#p8_fxanim_gp_wire_straight_xlong_thick_s3_sanim
sanim,#p7_fxanim_mou_tarp_hanging_blue_b_sanim
sanim,#p7_fxanim_gp_trash_cardboard_flat_03_sanim
sanim,#p7_fxanim_mou_wires_set_06_sanim
sanim,#p8_fxanim_gp_tape_linear_md_01_s4_sanim
sanim,#p8_fxanim_mp_mou_wires_set_02_sanim
sanim,#p8_fxanim_gp_wire_straight_med_thick_s3_sanim
sanim,#p8_fxanim_gp_wire_straight_xsml_thick_s3_sanim
sanim,#p7_fxanim_gp_streamer_blue_med_01_s3_sanim
sanim,#p7_fxanim_gp_trash_newspaper_08_s3_sanim
sanim,#p8_fxanim_gp_tape_linear_lg_01_s4_sanim
sanim,#p7_fxanim_mou_wires_set_05_sanim
sanim,#p8_fxanim_gp_tape_linear_sm_01_s4_sanim
sanim,#p7_fxanim_gp_caution_tape_01_sanim
sanim,#p7_fxanim_gp_tarp_blue_crates_02_s4_sanim
sanim,#p7_fxanim_gp_caution_tape_02_sanim
sanim,#p8_fxanim_gp_wire_straight_xsml_s3_sanim
sanim,#p8_fxanim_mp_offshore_wires_07_sanim
sanim,#p7_fxanim_gp_streamer_blue_lrg_01_s3_sanim
sanim,#p8_fxanim_gp_tape_linear_md_02_s4_sanim
sanim,#p8_fxanim_mou_contrainer_tarp_01_sanim
sanim,#p7_fxanim_gp_vent_roof_slow_sanim
sanim,#p7_fxanim_gp_streamer_blue_sml_02_s3_sanim
sanim,#p8_fxanim_mp_mou_wires_set_08_sanim
sanim,#p7_fxanim_gp_streamer_blue_lrg_02_s3_sanim
sanim,#p7_fxanim_mou_flag_rus_sanim
sanim,#p7_fxanim_mou_tarp_hanging_blue_sanim
sanim,#p7_fxanim_mou_wires_set_07_sanim
sanim,#p8_fxanim_gp_trash_newspaper_hanging_01_s3_sanim
sanim,#p8_fxanim_mou_contrainer_tarp_02_sanim
sanim,#p7_fxanim_mou_wires_set_01_sanim
sanim,#p8_fxanim_mp_mou_sign_cliff_sanim
sanim,#p7_fxanim_mou_wires_set_03_sanim
sanim,#p7_fxanim_gp_trash_newspaper_07_s3_sanim
sanim,#p8_fxanim_gp_rollup_door_snow_120_s4_sanim
sanim,#p7_fxanim_gp_streamer_blue_med_02_s3_sanim
sanim,#p8_fxanim_mp_mou_tarp_pin_yellow_sanim
sanim,#p8_fxanim_gp_wire_clump_hang_01_s3_sanim
sanim,#veh_mphd_hind_rotor_blades_sanim
lightdescription,#hash_1a97aec16e3a331
lightdescription,#hash_1a3488a7ca2cbca2
lightdescription,#hash_1a34f93324bffb87
lightdescription,#hash_1df40bfe9f81fc0f
lightdescription,#hash_22bf8d70da9bf445
lightdescription,#hash_22e9076c0468e0ad
lightdescription,#hash_28332682baa9ef14
lightdescription,#hash_2a3f31e1e53ba2aa
lightdescription,#hash_2fbef28d866f689b
lightdescription,#hash_32e6888d66ff5a41
lightdescription,#hash_3a22fc84da27db7f
lightdescription,#hash_3a959454f89f917b
lightdescription,#hash_3dc51935852e4183
lightdescription,#hash_48dbd3aaadd4a574
lightdescription,#hash_49e778f4d2951792
lightdescription,#hash_4d8b9b3a28b549c6
lightdescription,#hash_55202ae4c5d98e22
lightdescription,d#hash_5a07fe3eb6bb9c50
lightdescription,#hash_5a403b9ad4621c74
lightdescription,#hash_63bd4e4d2ef90e32
lightdescription,#hash_65c7700b6f27facd
lightdescription,#hash_6945d97800b2185a
lightdescription,#hash_6d1ce42ea2ec4583
lightdescription,#hash_764090f0b51d60f8
xcam,#ui_cam_draft_common
xcam,#ui_cam_draft_common_zoom
xcam,#ui_cam_endgame_mp_sector
xcam,#ui_cam_endgame_mp_apartments
bgcache,#mp_mountain2
texturecombo,#mp_mountain2
navmesh,#mp_mountain2
navvolume,#mp_mountain2
triggerlist,#maps/mp/mp_mountain2.d3dbsp
cpu_occlusion_data,#maps/mp/mp_mountain2.d3dbsp
image,#hash_53fdb8b27b0a5f79
terraingfx,#maps/mp/mp_mountain2.d3dbsp
streamkey,#hash_aa5d17fec8a6fb4
streamkey,#hash_aa5d27fec8a7167
streamkey,#hash_aa5d37fec8a731a
streamkey,#hash_aa5d47fec8a74cd
streamkey,#hash_4f13f28ffd6218ac
streamkey,#hash_509106675bb6c175
streamkey,#hash_5f2017fc3c197626
material,#wc/t7_decal_damage_concrete_cracks_01_dark
material,#mc/mtl_p8_mou_monitor_ceiling_glass_dirt
material,#mc/mtl_p7_sin_market_stand_tarp_white
material,#hash_1e733f954d1551
material,#hash_2e9a1881240be6
material,#hash_32c385ba1b74b9
material,#hash_41f0bc8749b920
material,#hash_41f7bc8749c505
material,#hash_648e8df6994ad1
material,#hash_64bdfc01efda09
material,#mc/mtl_p7_rus_tank_pressure_set_logo
material,#mc/mtl_p7_zm_asc_antenna_radar_mark
material,#mc/mtl_p7_mou_console_control_corner_black
material,#hash_a28e91e18f1cd0
material,#hash_bc73faa1fe97a7
material,#hash_d26558a5587d79
material,#mc/mtl_p7_mou_door_white_window_plain_glass
material,#hash_d7455a28a97c7a
material,#wc/t7_metal_cable_01_rust
material,#mc/mtl_p7_sin_sh_truss_platform_pole_01_metal
material,#mc/mtl_p7_mou_coiled_wire
material,#hash_145656c43e56d68
material,d#mc/mtl_wpn_t8_eqp_briefcase_bomb_bottom
material,#wc/t7_concrete_floor_garage_cracked
material,#mc/mtl_p7_blast_wall_concrete_damage_decal_01
material,#mc/mtl_p7_blast_wall_concrete_damage_decal_02
material,#mc/mtl_p7_blast_wall_concrete_damage_decal_03
material,#mc/mtl_p7_blast_wall_concrete_damage_decal_04
material,#vd/t7_dirt_tire_tracks_muddy_01_blend
material,#mc/mtl_p7_mou_support_beam_set_decal_screw
material,d#hash_1ae85c33ef2c3e3
material,d#mc/mtl_p7_mou_cabinet_filing_02_metal_black
material,#mc/mtl_p7_mou_table_steel_dirty
material,#hash_1d1deaf238daac7
material,#mc/mtl_p7_hook_metal_small_01
material,d#mc/mtl_p7_mou_light_pole_speaker_decal
material,#hash_21d55816abfe15b
material,#hash_223471c2258a4c3
material,d#mc/t8_metal_bare_steel_worn_01
material,#hash_2386bc1f32dce46
material,#mc/mtl_p7_mou_fence_chainlink_green
material,#hash_26ae60616b01c3d
material,#mc/mtl_p7_mou_console_control_a_lrg_dmg
material,#hash_27b83e9e610ade0
material,d#mc/mtl_p8_mphd_generator
material,#hash_284610b19344d31
material,#mc/mtl_p7_slu_rollup_door_metal
material,#mc/mtl_p7_mou_star_plaque_snow
material,#mc/mtl_p7_zm_mob_box_electric_04
material,d#mc/invisible
material,#mc/mtl_p7_chair_stool_02_plastic_worn
material,#mc/mtl_p7_slu_panel_electrical_plastic_01
material,#mc/mtl_p7_mou_support_beam_set_decal_color
material,#hash_2c8ea44ef56896b
material,#hash_2d6a6752df3f092
material,#mc/mtl_p7_debris_concrete_rubble_bolt
material,d#hash_2fcd75fcffb3f08
material,#mc/mtl_skybox_default_day
material,#hash_31570064edb47bb
material,#mc/mtl_p8_wz_supply_stash_health_extras
material,#wc/t7_metal_chainlink
material,#wc/t7_ra2_decal_grunge_plaster_stains
material,#mc/mtl_p7_barrier_block_concrete_long_rusty
material,#mc/mtl_p7_rus_antenna_short_decal
material,#mc/mtl_p7_rus_lamp_tinhat_bulb
material,#hash_3c2c9a83715b528
material,#hash_3c2caa83715b6db
material,#hash_3d3050901af2f18
material,#hash_3d30c0901af3afd
material,#hash_400187531e87d9b
material,#mc/mtl_p8_mou_monitor_ceiling_main
material,#hash_4197f6722bd83bc
material,d#mc/mtl_p7_mou_storage_cabinet_scratch
material,#hash_436b816011a7b44
material,#hash_4457ca333a0d40b
material,#mc/mtl_p7_box_cardboard_tape_open02
material,#mc/mtl_p7_box_cardboard_tape_open01
material,#hash_4508b2bfda0a0c7
material,#mc/mtl_c_t7_warrior_body1_hand_b1_skin1
material,#hash_45782b812ca24fe
material,#hash_45783b812ca26b1
material,#mc/mtl_p7_rus_sign_wall_highvoltage_01_decal
material,#hash_46147c46e3d4d60
material,#hash_4614ac46e3d5279
material,#mc/mtl_p7_mou_militarybox_wood
material,#hash_46ee298dc7587e6
material,#hash_4709e0f99fbe889
material,#mc/mtl_p7_zm_ori_tool_shovel_plastic_01
material,#mc/mtl_p7_mou_cable_protector_dirt_01
material,#hash_496986f0aecffbd
material,#wc/global_color_black
material,#mc/t7_metal_grating_01
material,#hash_4a21b2f39293a1d
material,#hash_4a535583489144a
material,d#mc/mtl_p7_mou_barrel_metal_set_snow
material,#mc/mtl_c_t7_warrior_body1_arm_rt_a1_skin1
material,#mc/mtl_p7_mou_antenna_microwave_06
material,#mc/mtl_p7_mou_antenna_microwave_07
material,#mc/mtl_p7_mou_antenna_microwave_04
material,#mc/mtl_p7_mou_antenna_microwave_05
material,#mc/mtl_p7_mou_antenna_microwave_02
material,#mc/mtl_p7_mou_antenna_microwave_03
material,#hash_4bafdd55d99e3c4
material,#hash_4c24b446ab8b708
material,#hash_4c24c446ab8b8bb
material,#hash_4c24e446ab8bc21
material,#hash_4c24f446ab8bdd4
material,#hash_4c251446ab8c13a
material,#hash_4c252446ab8c2ed
material,#mc/mtl_p7_mou_tank_horizontal_metal_yellow_01
material,#mc/mtl_p7_mou_tank_horizontal_metal_yellow_02
material,#mc/mtl_p7_mou_concrete_slab
material,#mc/mtl_p7_scaffold_metal_01_platform_support
material,#mc/mtl_p8_mp_bomb_crate_whole_destroyed_floor
material,#mc/mtl_p7_spl_rubber_floor_mat_tile
material,#hash_509eb2ba6fdc136
material,#hash_5111d890de6ae3b
material,#mc/mtl_p7_rus_tank_pressure_set_metal_red
material,#hash_524b3e3b0e6ce08
material,#hash_524b4e3b0e6cfbb
material,#hash_524b6e3b0e6d321
material,#vd/t7_decal_spilled_coffee
material,#hash_539eb2eabb1fba4
material,d#mc/mtl_p8_mp_bomb_crate_gray
material,#mc/mtl_p7_mou_star_plaque_gap
material,#mc/mtl_c_t7_battery_body1_uppergear_skin1
material,d#mc/mtl_p7_mou_light_pole_base_concrete_decal01
material,#wc/t7_ntx_rubber_01
material,#mc/mtl_p7_zm_asc_bracket_awning_decal02
material,#mc/mtl_p7_zm_asc_bracket_awning_decal01
material,#mc/mtl_c_warrior_smallpouch_skin1
material,#mc/mtl_c_t7_techno_body1_knife
material,d#mc/mtl_p7_kitchen_knives_set
material,#mcs/mtl_p7_fxanim_gp_caution_tape_yellow_01_s2
material,#mc/mtl_p7_mou_gondola_light_01
material,#mc/mtl_p7_rus_bookshelf_metal_decal_rust
material,#mc/mtl_c_t7_warrior_body1_armor_2_skin1
material,#hash_5ce6b5f0ca35f89
material,#mc/t7_metal_worn_iron_dark
material,#hash_5dcbdf29ce6c0b2
material,#mc/mtl_p7_zm_kin_data_reel_set_metal01_d
material,#mc/mtl_p7_mou_console_control_b_lrg02_green
material,#mc/mtl_p7_mou_dome_radio_set_screw
material,#mc/mtl_lights_cagelight01_on
material,#mc/mtl_p7_mou_clock_wall_decal
material,#hash_632461f256a3dfc
material,d#mc/mtl_p7_mou_light_pole_top_lightrig_01
material,d#mc/mtl_p7_mou_light_pole_top_lightrig_02
material,#hash_644867990b86063
material,#hash_644877990b86216
material,d#mc/mtl_p8_mphd_cargo_pallet_dirt
material,d#mc/mtl_p7_mou_storage_cabinet_metal
material,#mc/t7_wes_metal_old_rusty_iron
material,d#hash_6706e3b27992ed8
material,d#hash_6706f3b2799308b
material,d#hash_670713b279933f1
material,d#mc/mtl_p7_ntx_tool_wrench_ratchet_sml_steel
material,#hash_6e6e1d931b295fb
material,#hash_6e6e2d931b297ae
material,#hash_6eea05702d7ad68
material,d#hash_6f795f682d179ec
material,#mc/mtl_p7_mou_wirebundle_plastic_01_white
material,#wc/t7_concrete_poured_bunker_dirty_01
material,#wc/t7_metal_trim_weld_01_iron_rust
material,#mc/mtl_p7_zm_moo_tank_holder_set_decal_04
material,#hash_72ef9052a2024d5
material,#mc/mtl_p7_ris_tool_level_steel_decal_05
material,#mc/mtl_p7_ris_tool_level_steel_decal_04
material,#mc/mtl_p7_ris_tool_level_steel_decal_06
material,#mc/mtl_p7_ris_tool_level_steel_decal_01
material,#hash_763ca7470a895b8
material,#hash_763cb7470a8976b
material,#hash_763cc7470a8991e
material,#hash_763d17470a8a19d
material,#mc/mtl_p8_mou_light_floodlight_set_metal
material,#hash_77747e9c178a1fe
material,#mc/mtl_p7_jun_foliage_bush_04_snow_proxy_tiled
material,#wc/t7_barrel_vintage_metal_bands_rust
material,#mc/mtl_p7_mou_antenna_microwave_screw
material,d#mc/mtl_p8_mou_crate_metal_01_snow_volume
material,#mc/mtl_c_t7_battery_body1_armor
material,#hash_79a8cefd9297fe5
material,#hash_7a1e3a5050727c4
material,#mc/mtl_p7_fxanim_gp_plastic_tarp_cover_blue_s3
material,#hash_7aa316d8734b020
material,#mc/mtl_p7_mou_snow_chunk_stone_decal
material,#hash_7bade81bd305db0
material,d#mc/mtl_veh_t7_mphd_forklift_decal_leak_03
material,#mc/mtl_p7_antenna_rooftop_01
material,#mc/mtl_c_t7_battery_body1_collar1
material,#mc/mtl_p8_mp_bomb_crate_whole_destroyed_palette
material,#mc/mtl_p7_foliage_tree_spruce_norway_branch_blend_snow
material,#mc/mtl_p7_mou_console_control_corner_dmg
material,#mc/mtl_p7_zm_asc_pipe_modular_set_decal_dirt_02
material,#mc/mtl_p7_mou_console_control_a_lrg_leather
material,d#hash_823fbfa4b13cf41
material,d#mc/mtl_veh_t7_mphd_forklift_decal_bolt_17
material,#hash_83243a290b9b97f
material,#hash_8460f25ec775ba1
material,#hash_84f2fe0c1d263e1
material,d#hash_857a20cc8641e92
material,d#hash_8657bed269f6117
material,#hash_872b245d26597ec
material,#hash_872b345d265999f
material,#hash_872b645d2659eb8
material,#hash_872b745d265a06b
material,#hash_872b845d265a21e
material,#hash_872b945d265a3d1
material,#hash_872bb45d265a737
material,#hash_872bc45d265a8ea
material,#hash_872bd45d265aa9d
material,#mc/mtl_p7_zm_asc_pipes_electrical_set_metal_01
material,#mc/mtl_p7_zm_asc_pipes_electrical_set_metal_02
material,#wc/t7_decal_damage_drywall_paint
material,#hash_8adabfb03edbfe8
material,#mc/mtl_c_t7_warrior_body1_armor_dark_skin1
material,#mc/mtl_p7_mou_console_control_a_lrg02_dmg
material,#mc/mtl_p7_zm_asc_antenna_radar_decal
material,#mc/mtl_p7_rus_lamp_tinhat_metal_worn
material,d#hash_8e16500d89e19b6
material,#mc/mtl_p_glo_industrial_lamp_white
material,#mc/t7_metal_grating_expanded_dark
material,#mc/mtl_p7_mou_transformer_floorunit_02_color
material,#hash_911485fa8db715a
material,#mc/mtl_p7_tools_screwdriver
material,#mc/mtl_p8_mp_bomb_crate_whole_destroyed_tech
material,#hash_93e528e914b496e
material,d#hash_979ae057fc77815
material,#mc/mtl_c_t7_techno_body1_leg_armor_skin1
material,#hash_98747130509b2c9
material,#hash_98bad9c62dd96b6
material,#hash_98bae9c62dd9869
material,#hash_98baf9c62dd9a1c
material,#hash_98bb09c62dd9bcf
material,#hash_98f3d469dcf1b75
material,#mc/mtl_p7_farm_tools
material,#mc/mtl_p8_mphd_box_copy_paper_set_nail
material,#mc/mtl_c_t7_warrior_body1_hand_a1_skin1
material,#mc/mtl_p7_trashcan_street_metal_decal_03
material,#mc/mtl_p7_trashcan_street_metal_decal_02
material,#mc/mtl_p7_trashcan_street_metal_decal_05
material,#mc/mtl_p7_trashcan_street_metal_decal_04
material,#mc/mtl_p7_mou_transformer_floorunit_02_screw
material,#hash_9cc294f533e900d
material,#mc/t7_metal_paint_scratched_01_grey_drk
material,#mc/mtl_p7_mou_support_beam_set_metal_01
material,#mc/mtl_p7_blast_wall_concrete_metal
material,#mc/mtl_p7_bucket_shrapnel_bucket
material,#hash_a0f9b6513943487
material,#mc/t7_out_snow_erosion_01
material,#hash_a2c73fc103dff9b
material,d#hash_a38e100caaf810d
material,#hash_a4f56f31ad5cc8d
material,#mc/mtl_p7_mou_air_vent_ceiling_01_dirt_02
material,#hash_a5b00ea18ae8681
material,#hash_a648dbfbfdfa914
material,#mc/mtl_p_glo_industrial_lamp_rubber
material,#hash_a67ae535e738a3a
material,#hash_a7785c7b2fe6037
material,d#hash_a7a7b3e3930673e
material,#hash_a7edda1734ab1a2
material,#mc/mtl_p7_zm_ctl_light_warning_tesla_set_paint_metal_01
material,#mc/mtl_p7_mou_air_vent_ceiling_01_dirt
material,#mc/mtl_p7_mou_tank_horizontal_metal_black_02
material,#mc/mtl_p7_mou_tank_horizontal_metal_black_01
material,#mc/mtl_p7_mou_tank_propane_bottle_long_rust
material,#mc/t7_mou_concrete_poured
material,#mc/mtl_p7_mou_barrel_metal_02_metal
material,#wc/t7_dlc1_snow_powder_footprints_01_blend
material,d#mc/bullet_collision_metalhollow
material,#mc/mtl_p7_mou_transformer_floorunit_02_signage_text
material,d#hash_b0cf0ac929a5bbd
material,#hash_b234949e93abe0e
material,#hash_b25d6ae029c781b
material,#hash_b2cb0083a7adc95
material,#mc/mtl_p7_conduit_metal_pipes
material,#hash_b31803be661615c
material,#hash_b62069da5a7351c
material,#hash_b6e8471632e1119
material,#hash_b6f53fe663fe4bb
material,d#mc/mtl_p7_mou_storage_cabinet_soil
material,#hash_b8445c105075a81
material,d#mc/mtl_p7_mou_storage_cabinet
material,#mc/mtl_p7_mou_stump_concrete_02_rock
material,#mc/mtl_p7_rus_box_electric_set_03
material,#mc/mtl_p7_toolbox_handheld_small_blue
material,#hash_ba330ab9f81a445
material,#mc/mtl_p7_mou_barrel_metal_02_metal_painted_01_blue
material,d#mc/mtl_p7_mou_console_control_b_lrg02
material,#mc/mtl_p7_zm_sta_transformer_power_decal
material,#hash_c24615db7381d83
material,#hash_c6c42cfde046cfc
material,d#mc/mtl_p7_mou_light_pole_speaker_tin
material,#mc/mtl_p7_rus_light_studio_light
material,#hash_c7dde0e6d3d17eb
material,#mc/mtl_p7_mou_locker_metal_set_decal_02
material,#mc/mtl_p7_mou_locker_metal_set_decal_03
material,#hash_c8fdaa7286f4027
material,#hash_c9799477bb3563a
material,#mc/mtl_p7_slu_fuse_box_electric_set_decal_03
material,d#mc/mtl_p7_mou_h_beams_stack_snow_volume
material,#hash_cb1f04b4e96ca7f
material,#hash_cb1f14b4e96cc32
material,#hash_cd75453c9b735f0
material,#hash_ce15e436cef1118
material,#hash_ce161436cef1631
material,#hash_ce676016023f576
material,#mc/mtl_c_t7_battery_head1_head
material,#wc/t7_decal_grunge_burnt_stain_01
material,#mc/t7_decal_damage_concrete_cracks_04
material,#mc/mtl_p7_ban_south_tribe_decor_rim_a_parts
material,#hash_d4f265776bb99f1
material,#mc/mtl_p7_zm_der_chainlink_fence_kit_door_01
material,#mc/t7_decal_damage_metal_rust_edge_01
material,#mc/mtl_c_t7_warrior_body1_boot_soles_skin1
material,d#hash_d66022e76426704
material,#hash_d79a4fed70e4e21
material,#wc/t7_cru_decal_grunge_rust_01
material,#hash_d8a585e4cecf447
material,#hash_db01aa947ba8bda
material,#hash_db9948bac695070
material,#hash_db9958bac695223
material,#hash_db9998bac6958ef
material,#hash_db99a8bac695aa2
material,#hash_db99b8bac695c55
material,#mc/mtl_p7_eth_bridge_concrete_supports
material,#mc/mtl_p7_rus_antenna_short_rust
material,#mc/mtl_p7_railing_metal_01_dirty
material,#mc/mtl_p7_fxanim_gp_trash_paper_sheet_01_s3
material,#mc/mtl_p7_mp_flag_pole_light
material,#mc/mtl_p7_zm_tra_can_spray
material,d#mc/mtl_p8_mp_bomb_crate_harness_black
material,#mc/mtl_p7_mou_console_control_monitor
material,#hash_e1481876dbd7fd0
material,#mc/mtl_c_t7_techno_body1_copper_skin1
material,#hash_e398f7ad720c906
material,d#mc/t8_decal_graphics_caution_stripe_01
material,#hash_e477aae5ea8af43
material,#hash_e477bae5ea8b0f6
material,#hash_e477cae5ea8b2a9
material,#hash_e477dae5ea8b45c
material,#hash_e477eae5ea8b60f
material,#wc/t7_decal_grunge_trash_01_blend
material,d#mc/mtl_p_dest_water_fountain01_white
material,#hash_e523582d45fe5b4
material,#mc/mtl_p8_mou_monitor_ceiling_screw
material,#hash_e7eb80c5e8bdfee
material,#mc/mtl_p7_zm_ctl_metal_trim_aluminum
material,d#mc/mtl_p7_mou_cabinet_filing_02_dust
material,#hash_e8acff25d16d64d
material,#hash_eaf430df881857b
material,#mc/mtl_p7_mou_transformer_floorunit_02_paint
material,#hash_ebb64fa886d399c
material,d#hash_ecbeccedca172de
material,#hash_efdf900453ec6c3
material,#hash_efff5c4d045666b
material,#mc/mtl_p7_zm_asc_pipes_electrical_set_decal_02
material,#mc/mtl_p7_zm_asc_pipes_electrical_set_decal_01
material,#mc/mtl_p7_mou_tank_horizontal_decal_02_01
material,d#mc/mtl_p7_mou_tank_horizontal_decal_02_02
material,#mc/mtl_p8_mphd_roof_vent_base_01_snow
material,#wc/infinite_blackness_nogloss
material,#hash_f44b504ca938d7f
material,#hash_f4abd74adc6b809
material,#hash_f528c5ca8aafc46
material,#mc/mtl_p7_mou_air_vent_wall_metal_dust_decals
material,#wc/t7_snow_slushy_tracks_blend
material,#mc/mtl_veh_t7_dlc_decal_leak_13
material,#hash_f6c921caf7b0618
material,#hash_f6c951caf7b0b31
material,#hash_f8d904b26d8f0ee
material,#mc/mtl_p7_zm_asc_hose_set_straight
material,#hash_fa269a1623cebcf
material,#wc/t7_decal_damage_concrete_tile_01
material,#hash_fca9b43b1bb5d32
material,d#hash_fd397db6d76f98f
material,#hash_fd98b0263120cd3
material,#hash_fe016292b2bc4ce
material,#hash_fe2ab36bc437457
material,#hash_ff7d91102fb520b
material,#wc/shadowcaster
material,#mc/mtl_p7_debris_trash_bottle_water_01
material,#mc/mtl_p7_debris_trash_bottle_water_02
material,#hash_101cf3bc85628372
material,#mc/mtl_p7_slu_wire_plastic_black
material,d#hash_102e008aac0ceea0
material,#hash_1066cc72689ddbb8
material,#mc/mtl_p7_light_fixture_ceiling_round_clean
material,#hash_10ce274fe04d8209
material,d#hash_10d6585212022f15
material,#mc/mtl_p7_blast_wall_concrete_decal_02
material,#mc/mtl_p7_blast_wall_concrete_decal_03
material,#mc/mtl_p7_zm_kin_data_reel_set_plastic_gray
material,#hash_10e01d54ae5bc258
material,#wc/t7_decal_damage_mold_02
material,#mc/mtl_p7_ris_shovel_set_decal_02
material,#mc/mtl_p7_mou_locker_metal_set_decal
material,#mc/mtl_p7_mou_folder_manila_decal
material,#mc/mtl_p7_mou_airduct_metal_03
material,#mc/mtl_p7_mou_airduct_metal_02
material,#mc/mtl_p7_mou_airduct_metal_01
material,#mc/mtl_p7_mou_airduct_metal_05
material,#mc/mtl_p7_mou_airduct_metal_04
material,#hash_10ffd4e9a7eca6c3
material,d#mc/mtl_p7_mou_light_pole_light_inside
material,#vd/t7_decal_grunge_oil_stain_02
material,#mc/mtl_p7_fxanim_market_stand_tarp_white_s3
material,#hash_11253fe2cbea0659
material,#mc/mtl_medical_monitor_wall_mounted_plastic
material,#hash_1132d5ac439f6b28
material,#mc/mtl_p7_mou_cover_corrugated_dust
material,#wc/mtl_p7_zm_sta_bridge_metal_trim
material,#mc/mtl_c_t7_battery_body1_webgear_skin1
material,#mc/mtl_p7_ntx_tool_wrench_adjustable
material,#mc/mtl_p7_rus_box_electric_set_03_lid
material,#hash_119f1c0b0cc3bce2
material,d#mc/mtl_p8_mphd_tool_chest_metal
material,#mc/mtl_p_glo_industrial_lamp_metal
material,#hash_11c4b28df7667c84
material,#mc/mtl_p8_mou_light_floodlight_set_light
material,d#mc/bullet_collision_rubber
material,#hash_11d4915b002b1146
material,#hash_11d5f30a9e0b62ce
material,#hash_11d790befd161d17
material,#hash_11d791befd161eca
material,#mc/mtl_p7_slu_bucket_plastic_pallet_decal
material,#hash_11f8aeaf530b8840
material,#hash_11f8b0af530b8ba6
material,#hash_11f8b4af530b9272
material,#hash_11f8b5af530b9425
material,#mc/mtl_p7_wires_electrical
material,#hash_12054eea6222d8b9
material,#hash_121ff923d3cc665c
material,#hash_121ffc23d3cc6b75
material,#mc/mtl_p7_mou_pole_light_main_01
material,#mc/mtl_p7_mou_pole_light_main_02
material,#mc/mtl_p7_mou_transformer_floorunit_02_wire
material,#hash_123ac2de9a635aa9
material,#mc/mtl_p7_mou_barrel_metal_02_metal_painted_green
material,#mc/mtl_p7_rus_tank_pressure_set_metal
material,#mc/mtl_p7_mou_tank_propane_bottle_long_metal
material,#mc/mtl_p7_bottle_plastic_2litre_crushed_green
material,#hash_127edc6a9c55aa63
material,#mc/mtl_p_glo_industrial_lamp_red_02
material,#mc/mtl_p7_icicle_set
material,#mc/mtl_p8_mou_surveillance_rack_server_paintedmetal
material,#mc/mtl_p7_ntx_tool_wrench_ratchet_sml_decal
material,d#mc/mtl_p8_mphd_tool_chest_decal_dirt
material,#mc/mtl_c_nrc_assault_pouch4
material,#mc/mtl_p7_slu_corkboard_nail
material,#mc/mtl_p8_mou_monitor_ceiling_main_down
material,#mc/mtl_p7_mou_transformer_floorunit_02_glass
material,d#hash_12d8bbcf20fcdb76
material,#hash_12e97cec45010026
material,#mc/mtl_c_t7_battery_body1_cyberarm_viewarm
material,#mc/mtl_p7_mou_fence_snow_red_tile
material,#mc/mtl_p7_rus_lamp_tinhat_bulb_small
material,#hash_130ef5f2bad1ee8c
material,#mc/mtl_c_t7_warrior_body1_plastic_skin1
material,#hash_13174b43cfb73419
material,#hash_132104de45a4c902
material,#mc/mtl_c_t7_warrior_body1_straps_skin1
material,#hash_1340c5a4628c0d0c
material,#hash_134421beffc10e2a
material,#hash_13525d0184e3219c
material,#hash_13557b5ba205f4b2
material,#mc/mtl_p7_mou_vent_roof_metal_decal
material,#hash_135953451f2088d3
material,#mc/mtl_p7_mou_weather_anemometer_decal_dirt_02
material,#mc/mtl_p7_mou_weather_anemometer_decal_dirt_01
material,#hash_136b2deb34ea3018
material,#hash_136b2feb34ea337e
material,#hash_136b30eb34ea3531
material,#mc/t7_wood_plywood_trim_wet
material,#wc/t7_snow_powder_02_blend
material,#hash_137f0e6d4330864e
material,d#mc/mtl_p8_mphd_cargo_pallet_full_02_decal
material,#mc/mtl_p7_spa_trashcan_metal
material,#mc/mtl_p7_zm_asc_pipe_modular_set_weld_hole
material,#mc/mtl_p7_bucket_janitor_plastic_rolling
material,#hash_13d2f84cd17b89fe
material,#mc/mtl_p7_zm_asc_pipe_modular_set_bolt
material,#hash_13e9f257187ce92b
material,#hash_13eedf57efea71b9
material,#mc/mtl_p7_mou_cover_corrugated_dirt_01
material,#mc/mtl_p7_mou_cover_corrugated_dirt_02
material,#mc/mtl_p7_zm_asc_pipe_modular_set_connector_metal
material,#mc/t7_metal_trim_worn_iron_darker
material,#mc/t7_snow_powder_03_blend
material,#hash_140b15e60e6b58bf
material,#hash_140b43983b5c6266
material,d#hash_1420421d8d4beff1
material,#hash_142b61ac3e5e685f
material,#hash_1437fb311bdc5540
material,#hash_1437fc311bdc56f3
material,#hash_1437fe311bdc5a59
material,#hash_143801311bdc5f72
material,#mc/mtl_p7_ris_shovel_set_red
material,#wc/t7_decal_damage_concrete_cracks_01
material,#hash_145bcfb7c3b69965
material,#hash_1467950225a718e7
material,#hash_1483d535def84315
material,#mc/mtl_p7_mou_gate_generator_metal_01
material,#hash_14ba0867429e8db3
material,#hash_14ba0967429e8f66
material,#hash_14ba0a67429e9119
material,#hash_14ba0b67429e92cc
material,#mc/mtl_p7_mou_transformer_floorunit_02_paint_black
material,#mc/mtl_p7_debris_trash_paperbag_02
material,d#mc/bullet_collision_metalcar
material,d#hash_14d3dd08dac3ac6e
material,#hash_14e152bf5e320ee8
material,#mc/mtl_p7_jun_bed_dirty_01_low_tarp
material,#hash_14e21c9f1b440566
material,#mc/mtl_p7_zm_ctl_desk_supply_pen_holder_metal_black_01
material,#hash_151025091c5e3b96
material,#hash_152934518319ad98
material,#hash_152936518319b0fe
material,#hash_152937518319b2b1
material,#hash_152aee447ba63295
material,#hash_1533a743767ffad3
material,#hash_1547025b2beaead9
material,d#mc/t8_decal_tech_detail_high_tech_66
material,#hash_1588b73e9590c825
material,#mc/mtl_p7_rus_timecard_set_glass_02
material,#mc/mtl_p7_rus_timecard_set_glass_01
material,d#mc/t7_rubber_hex_floor_tiles_02_black
material,#mc/mtl_p7_rus_antenna_short_snow
material,#mc/mtl_c_t7_techno_body1_arm_left_skin1
material,#hash_15e81757a25a1cee
material,#mc/mtl_p7_zm_asc_wires_bunker_set_dirt
material,#hash_15f5093711b3c443
material,#hash_15fefa962b62000e
material,d#hash_15ff0e3297252568
material,#mc/mtl_c_ega_soldier_3_grenade
material,#mc/mtl_p8_mou_monitor_ceiling_buttons
material,d#mc/mtl_wpn_t8_eqp_briefcase_bomb_glass
material,#hash_162b3caab5ab1fac
material,#hash_162b3faab5ab24c5
material,#hash_1632693a72c3f063
material,#hash_1635191c6ca65179
material,#mc/mtl_p7_zm_ctl_desk_supply_pen_plastic_01
material,#wc/t7_mou_snow_clumpy
material,#hash_164406d337611f18
material,d#hash_1647bb6fedcb9b66
material,d#mc/mtl_c_t8_mp_spe_buffer_body1_syringe_pouch
material,#hash_16958626da5908a9
material,#mc/mtl_p7_water_filtration_system_mount_hook_metal_rusty
material,#hash_16a3c4cee7b186a8
material,#mc/mtl_p7_mou_tank_propane_bottle_long_base_turq
material,d#mc/mtl_wpn_t8_eqp_briefcase_bomb_decals
material,d#mc/mtl_p7_construction_droid_metal_aluminum
material,#hash_16df6a3d0e44e4d1
material,#hash_16e70ae5e186fbd0
material,#mc/mtl_p7_zm_ori_lantern_vintage_metal
material,#hash_172d5e7626e24012
material,d#mc/bullet_collision_cloth
material,#mc/mtl_p7_zm_ori_coat_hanging_metal
material,#mc/mtl_p7_zm_asc_pipe_modular_set_weld_normal
material,#mc/mtl_p7_mou_sign_warning_rust_01
material,#hash_176febf7d94ae718
material,#mc/mtl_p7_rus_box_electric_set_key
material,#hash_17786748c3d8d7ae
material,#hash_177cf3f4ea174f5c
material,#hash_1790a2c6dc24d445
material,#mc/mtl_p7_railing_metal_01_beam_metal_blue
material,#hash_17a9617f788b607d
material,#mc/mtl_c_t7_warrior_body1_arm_b1_skin1
material,#mc/mtl_p7_slu_corkboard_sml_02
material,#mc/mtl_c_t7_techno_body1_pistol_mr6_plastic_skin1
material,#hash_17eff3ad8c5cba70
material,#hash_17f391d8d71fd703
material,#hash_17f392d8d71fd8b6
material,#vd/t7_decal_damage_crack_04
material,d#hash_180586eac983371d
material,#hash_180bb7fa6bdd02fd
material,d#mc/t8_rubber_mat_worn_01
material,d#mc/t8_rubber_mat_worn_02
material,#mc/mtl_p7_eth_light_ceiling_attachment_metal
material,#mc/mtl_p7_zm_nac_pallet_wood_rustic_02
material,#mc/mtl_p7_zm_nac_pallet_wood_rustic_01
material,#hash_183940dd21352358
material,#hash_183943dd21352871
material,#hash_183a881d20faea55
material,#hash_183ae121b3f7cb76
material,#mc/mtl_p7_mou_wirebundle_plastic_01_red
material,#mc/mtl_p7_mou_wall_clock_label_decal_nail
material,#mc/mtl_p7_zm_shi_loudspeaker_metal
material,#hash_1896c0b3623b1362
material,#hash_1899e5d5b9b80b5a
material,#wc/t7_zm_ver_concrete_wall_damaged_01_bare_blend
material,#hash_18a441782e5b47c0
material,#hash_18a443782e5b4b26
material,#mc/mtl_p7_zm_ctl_light_warning_tesla_set_decal_01
material,#mc/mtl_p7_zm_ctl_light_warning_tesla_set_decal_02
material,#mc/mtl_p7_zm_tra_can_spray_dust
material,#hash_18dd195dad8a8e7c
material,#mc/mtl_p7_zm_asc_box_electrical_metal_03
material,#mc/mtl_p7_zm_asc_box_electrical_metal_02
material,#mc/mtl_p7_zm_asc_box_electrical_metal_01
material,#mc/mtl_p7_zm_asc_box_electrical_metal_06
material,#mc/mtl_p7_zm_asc_box_electrical_metal_04
material,#mc/mtl_p7_zm_asc_box_electrical_metal_08
material,d#mc/mtl_p7_mou_storage_cabinet_rust
material,#hash_19168f1a81c62b18
material,d#mc/mtl_p7_mou_light_pole_top_lightrig
material,#mc/mtl_p7_rus_box_electric_pipeline_03
material,#hash_193d6f7b0561cd6f
material,#mc/mtl_p7_slu_bucket_plastic_pallet_wood01
material,#mc/mtl_p7_slu_bucket_plastic_pallet_wood02
material,#mc/mtl_p7_zm_gen_flogger_trap_02
material,#mc/mtl_p7_zm_isl_door_trap_metal_04
material,#mc/mtl_p7_zm_isl_door_trap_metal_05
material,d#hash_195bd78cf111bce7
material,d#hash_196a93e37f88d79d
material,#hash_19735fb765acd45f
material,#hash_197360b765acd612
material,#hash_197361b765acd7c5
material,#hash_19a5f919005465b1
material,#hash_19b1e71ab4c3e86b
material,#mc/mtl_p7_zm_asc_pipe_modular_set_painted_yellow
material,#hash_19c951b1277087e1
material,#mc/mtl_p7_cable_connectors_01
material,#mc/mtl_p7_fire_sprinkler_interior
material,#mc/mtl_c_t7_warrior_body1_arm_c1_skin1
material,#hash_19f5b2e77632cc13
material,#hash_19f5b3e77632cdc6
material,#hash_19f5b3e92ca455a4
material,#hash_19f5b4e77632cf79
material,#hash_19f5b5e77632d12c
material,#hash_19f5b6e77632d2df
material,#hash_19f5b7e77632d492
material,#hash_19f5b8e77632d645
material,#hash_19f5b9e77632d7f8
material,#hash_19f5bae77632d9ab
material,#mc/mtl_p7_rus_sign_wall_highvoltage_01_02
material,#mc/mtl_p7_rus_sign_wall_highvoltage_01_01
material,#mc/mtl_p7_railing_metal_01_lt_metal2
material,#hash_1a05396c051807ab
material,#mc/mtl_veh_t7_dlc_decal_weld_rust
material,#hash_1a3118bbf7a7c3cf
material,#mc/mtl_p7_rus_bookshelf_metal_glass
material,#hash_1a3dad6f6af4a862
material,#mc/mtl_p7_slu_pole_chainlink_fence_metal_mountain
material,#mc/t7_mou_numbers_circle
material,#hash_1a590d53c1a54c8e
material,#hash_1a6d853a2d2d12f8
material,#hash_1a6d873a2d2d165e
material,#hash_1a6d883a2d2d1811
material,#hash_1a6d893a2d2d19c4
material,#hash_1a6d8a3a2d2d1b77
material,#hash_1a7745859ef6e410
material,#hash_1a7746859ef6e5c3
material,d#hash_1a7748859ef6e929
material,#hash_1a7749859ef6eadc
material,#hash_1a774a859ef6ec8f
material,d#hash_1a774b859ef6ee42
material,#hash_1a774c859ef6eff5
material,#hash_1a774f859ef6f50e
material,d#mc/mtl_p7_mou_barrel_metal_02_damg_wet_water
material,#hash_1a829a46750e6dd7
material,#hash_1a8776605a738496
material,#hash_1a9d2be8cd3ac537
material,#hash_1a9d4c8c446425d2
material,#hash_1aafc053abe3e553
material,d#hash_1ab59584b2e9fbe3
material,#hash_1abb43263da71904
material,#mc/mtl_p7_debris_concrete_rubble_sm
material,#mc/mtl_p7_debris_trash_paper_plate_01
material,#hash_1ad3c08eb46c9b5a
material,#wc/t7_concrete_rough_layered_01
material,#hash_1b09bc6d5b63c408
material,#wc/t7_decal_damage_concrete_trim_02_tan
material,d#hash_1b18c103f8950a26
material,#hash_1b19475682518c47
material,#mc/mtl_p8_mphd_roof_vent_base_01_rust
material,#hash_1b49d544c62c9c9a
material,#mc/mtl_p7_mou_clock_wall_hour
material,#hash_1b6e31abe9525303
material,#mc/mtl_p8_mphd_roof_vent_base_01_slice
material,#hash_1b93666150d365ee
material,#mc/mtl_p7_zm_kin_data_reel_set_weld
material,#hash_1bb09ceadff8cc5b
material,#vd/t7_zm_ver_concrete_wall_damaged_01_bare_blend
material,#hash_1be744f1945041fb
material,#mc/mtl_p7_mou_star_plaque_star_dirty
material,#mc/mtl_c_t7_battery_pouch
material,#hash_1bfd93f95a43486c
material,#hash_1bfd96f95a434d85
material,#mc/mtl_p8_wz_supply_stash_decal_medical_dark
material,d#hash_1c15db4d4e799c4e
material,#mc/mtl_p8_mphd_rollup_door_metal_01
material,#mc/mtl_p8_mphd_rollup_door_metal_02
material,#mc/mtl_p7_zm_tra_can_spray_red
material,#hash_1c2b4ee3c1326af1
material,#mc/mtl_p7_rus_tank_pressure_set_metal_black
material,#hash_1c48c0226d499277
material,#hash_1c48c1226d49942a
material,#hash_1c5529100ad8e247
material,#mc/mtl_p7_light_fluorescent_subway
material,#mc/mtl_c_t7_techno_body1_baremetal_skin1
material,#mc/mtl_p7_rus_bookshelf_metal_decal_line
material,d#mc/mtl_p_dest_water_fountain01_red
material,d#hash_1c8ae45b3741280b
material,d#mc/mtl_p_dest_water_fountain01_decal_03_black
material,#mc/mtl_p7_ris_paint_roller_stick_set_plastic_02_white
material,#hash_1cbb048944d774bb
material,#mc/mtl_p7_mou_console_control_b_lrg02_dmg
material,#mc/mtl_p7_mou_trash_can_paper
material,d#mc/mtl_p8_mp_bomb_crate_silver
material,#hash_1cdd814893a3eaa8
material,#mc/mtl_p7_ris_shovel_set_metal
material,#hash_1cee2f86e903a970
material,#hash_1cee3286e903ae89
material,#mc/mtl_p7_cardboard_bundle_worn_e_02
material,#hash_1d1cb734db30a10d
material,#hash_1d2016926524b8ef
material,#mc/mtl_p7_truss_framing_modular_section_128
material,#mc/mtl_p7_mou_light_cage_set_metal
material,#wc/t7_cru_ice_ground_footsteps_02_blend
material,#mc/mtl_p7_light_metal_recessed_on
material,d#mc/mtl_p7_mou_cabinet_filing_02_leaks
material,#mc/mtl_p8_mou_monitor_ceiling_screw_plane
material,#mc/mtl_p7_zm_asc_light_emergency_plastic
material,#hash_1d58bbc799b3a95d
material,d#hash_1d5ee376981713c2
material,#mc/mtl_p7_zm_ori_tool_shovel_metal_01
material,#hash_1d79ebb9acb3cf09
material,#hash_1d7fd3559a213ab8
material,#mc/mtl_p8_mphd_roof_vent_base_01_metal
material,#mc/mtl_p7_rus_gate_chainlink_set_white
material,#mc/mtl_p7_flag_pole_shaft_base
material,#mc/mtl_p8_wz_supply_stash_decal_bolt
material,d#mc/mtl_p_dest_water_fountain01_decal_06
material,d#mc/mtl_p_dest_water_fountain01_decal_07
material,d#mc/mtl_p_dest_water_fountain01_decal_04
material,d#mc/mtl_p_dest_water_fountain01_decal_05
material,d#mc/mtl_p_dest_water_fountain01_decal_02
material,d#mc/mtl_p_dest_water_fountain01_decal_03
material,d#mc/mtl_p_dest_water_fountain01_decal_01
material,#mc/mtl_p7_zm_asc_floor_gantry_alpha
material,#mc/mtl_p7_slu_corkboard_sml_02_wood
material,#hash_1dece5d5ab9074a1
material,#hash_1dfa96f0dfc2a530
material,#hash_1e0aebdabfb67ed3
material,#hash_1e159fa9deac955a
material,#mc/mtl_p7_mou_wall_clock_label
material,d#mc/mtl_p8_mou_crate_metal_01_dirt
material,d#mc/mtl_p7_mou_cabinet_filing_02_leaks_rust
material,#mc/mtl_p7_mou_trash_can_set_paper_decal
material,#mc/mtl_p7_zm_kin_data_reel_set_metal03
material,#mc/mtl_p7_zm_kin_data_reel_set_metal02
material,#mc/mtl_p7_zm_kin_data_reel_set_metal01
material,#hash_1e62b17bc5ed5377
material,#hash_1e70627b53a79b9d
material,#hash_1e7c78cfa4024db3
material,#hash_1e7c79cfa4024f66
material,#hash_1e7c7acfa4025119
material,#hash_1e7c7bcfa40252cc
material,#hash_1e7c7ccfa402547f
material,#hash_1e8d08486812c5ba
material,#hash_1e9405981f4c56a8
material,#hash_1e9407981f4c5a0e
material,#hash_1e9408981f4c5bc1
material,#hash_1e9409981f4c5d74
material,#hash_1e940c981f4c628d
material,#mc/mtl_p7_mou_dome_radio_set_dmg
material,d#mc/mtl_p7_bucket_plastic_5_gal_white
material,#mc/mtl_p7_mou_cable_protector_main
material,#mc/mtl_p8_mp_bomb_crate_whole_destroyed_gray_burned
material,#hash_1ebc2887952c39ba
material,#mc/mtl_p7_zur_rock_rubble_pile_03_snow
material,#hash_1ee7a081c2a42850
material,#mc/mtl_p7_spl_rubber_floor_mat_dark
material,#hash_1f02f4e03f83e082
material,#mc/mtl_c_t7_warrior_body1_cloth_mid_skin1
material,#mc/mtl_p7_mou_star_plaque_star_mend
material,d#mc/mtl_p7_mou_barrel_metal_02_metal_painted_01
material,#hash_1f3a8f0b4f3379ad
material,#mc/mtl_p7_mou_console_control_b_lrg_dmg
material,#mc/mtl_p7_bottle_milk_broken_top
material,#hash_1f8a52ae6e6449c6
material,#mc/mtl_p7_mou_cable_protector_screw
material,#hash_1f96a8d7b63328f2
material,#hash_1f99408a8c9ce708
material,d#mc/mtl_p7_mou_h_beams_stack_wood
material,#mc/mtl_c_t7_techno_body1_pants_skin1
material,#mc/mtl_p7_rus_foliage_tree_pine_snow_decals
material,d#mc/mtl_p7_mou_light_pole_decal
material,#hash_1fb75483d1c6732e
material,#mc/mtl_p7_mou_militarybox_wood_side
material,#mc/mtl_p7_mou_antenna_microwave
material,#hash_1fc1feb6525df4f6
material,d#hash_1fc1ffb6525df6a9
material,#mc/mtl_c_t7_techno_body1_boot_skin1
material,#hash_1fdb265efdedc8d6
material,#mc/mtl_p7_slu_rollup_door_snow
material,#hash_1fe6791f56c0c6a7
material,#hash_20025acf5ab2c698
material,#hash_20025bcf5ab2c84b
material,#hash_20025dcf5ab2cbb1
material,#hash_200260cf5ab2d0ca
material,#hash_200261cf5ab2d27d
material,#mc/mtl_p7_mou_cover_corrugated_metal
material,#mc/mtl_p7_mou_tank_propane_bottle_long_dirt
material,#hash_2044bdf731313ab5
material,#wc/t7_decal_damage_bullet_holes_metal_set
material,d#mc/mtl_p8_mp_bomb_crate_harness
material,#mc/mtl_p7_snow_chunk_trim_micro_footprints
material,#hash_20639364f8c3f545
material,#hash_2073c404288dfe0d
material,#hash_209821df18cf2057
material,#hash_209e25105fa5c6f4
material,#hash_20ab021d30312ed2
material,#mc/mtl_p7_zm_moo_tank_holder_set_foot
material,#mc/mtl_p7_slu_panel_electrical_metal_01
material,#mc/mtl_p7_slu_panel_electrical_metal_03
material,#mc/mtl_p7_slu_panel_electrical_metal_02
material,#mc/mtl_p7_slu_panel_electrical_metal_04
material,d#mc/mtl_p_dest_water_fountain01_metal
material,#mc/mtl_p7_mou_sign_personnel_only_dirt_01
material,#mc/mtl_p7_mou_sign_personnel_only_dirt_02
material,#mc/mtl_p7_debris_concrete_rubble_bolt_dark
material,d#hash_20d7b090810ab254
material,#mc/mtl_p7_mou_transformer_floorunit_02_dirt
material,#mc/mtl_p7_slu_outlet_electrical_nail
material,#wc/t7_ban_metal_painted_rusty
material,#mc/mtl_p7_mou_militarybox_snow_02
material,#mc/mtl_p7_slu_fuse_box_electric_set_wire_red
material,d#mc/mtl_p_dest_water_fountain01_plastic
material,d#hash_2117102fdf8742a6
material,d#mc/mtl_p7_mou_cabinet_filing_02_folder
material,#hash_211c6257b3d0bc94
material,#hash_2127341301978d1b
material,#hash_2127351301978ece
material,#hash_212cb2c851d0b327
material,#mc/mtl_p7_farm_tools_saw_wood
material,#mc/mtl_p7_mou_console_control_a_lrg
material,#mc/mtl_p7_snow_chunk_floor_02_micro
material,#hash_2160be3b210c731e
material,#mc/t7_mou_numbers_black
material,#hash_2181e4231edf7f85
material,#hash_21867139b5b592e5
material,#hash_218d9e4a5ca64154
material,d#mc/t8_decal_damage_scratch_marks_01
material,#mc/mtl_c_t7_warrior_body1_thighpad_skin1
material,#hash_21ab41fb3dcaf2e6
material,#mc/t7_shr_snow_lumpy
material,#mc/mtl_p7_zm_der_handrail_set_snow
material,#hash_21b6e6f4749427cf
material,#mc/mtl_p7_snow_slush_floor
material,#hash_21dfe36c01f5fd3b
material,#hash_21dfe46c01f5feee
material,d#mc/mtl_c_hro_sarah_shoes
material,#hash_21f722e779f05242
material,#hash_22061d1318167127
material,#mc/t7_wood_plywood_trim
material,#mc/mtl_p7_rus_box_electric_part
material,#hash_222f20b536ebdfd7
material,#hash_2240ec60b7ed74b6
material,#hash_2246ad67f2ca91f5
material,d#mc/mtl_p7_mou_tank_horizontal_snow
material,#mc/mtl_p8_mphd_rollup_door_decal_chain_01
material,#mc/mtl_p8_mphd_rollup_door_decal_chain_02
material,#mc/mtl_p8_mou_surveillance_rack_server_baremetal
material,#hash_22848926747b687e
material,#mc/mtl_p8_mou_light_floodlight_set_plastic
material,#wc/t7_decal_water_footprints
material,#mc/mtl_p7_blast_wall_concrete_large
material,d#mc/t8_decal_tech_detail_line_trim_14_normal
material,d#mc/mtl_veh_t7_mphd_forklift_decal_number_2
material,d#mc/mtl_veh_t7_mphd_forklift_decal_number_4
material,#hash_22c8219456496b14
material,#mc/mtl_p7_crate_wood_01_med
material,#hash_22d3438d5ec7f87f
material,d#mc/mtl_p8_mou_crate_metal_01_paint
material,#hash_22e3ac4a8c9eb97c
material,#hash_22e5c7261701a3f7
material,#hash_22e5c8261701a5aa
material,#mc/mtl_p7_zm_ori_coat_hanging_01
material,#mc/mtl_p7_zm_ori_coat_hanging_02
material,#mc/mtl_p7_mou_table_steel_plastic
material,#mc/mtl_p7_zm_kin_generator_industrial_dirt_06
material,#mc/mtl_p7_zm_kin_generator_industrial_dirt_05
material,#mc/mtl_p7_zm_kin_generator_industrial_dirt_04
material,#mc/mtl_p7_zm_kin_generator_industrial_dirt_03
material,#mc/mtl_p7_zm_kin_generator_industrial_dirt_02
material,#mc/mtl_p7_zm_kin_generator_industrial_dirt_01
material,#hash_2323206b083e7363
material,#hash_236edd6485c01687
material,d#mc/mtl_p8_zm_zod_ice_chunk_01
material,d#mc/mtl_p8_zm_zod_ice_chunk_03
material,d#mc/mtl_p8_zm_zod_ice_chunk_02
material,d#mc/mtl_p8_zm_zod_ice_chunk_04
material,d#mc/mtl_p7_mou_h_beams_stack_rust
material,#hash_238c8879e9c9ebb0
material,#hash_23b085d84c261208
material,d#mc/mtl_p7_mou_console_control_lable
material,#mc/mtl_p7_zm_asc_box_electrical_decal_14
material,#mc/mtl_p7_zm_asc_box_electrical_decal_12
material,#mc/mtl_p7_zm_asc_box_electrical_decal_13
material,#mc/mtl_p7_zm_asc_box_electrical_decal_11
material,#mc/mtl_p7_zm_asc_box_electrical_decal_01
material,#mc/mtl_p7_zm_asc_box_electrical_decal_03
material,#mc/mtl_p7_zm_asc_box_electrical_decal_02
material,#mc/mtl_p7_zm_asc_box_electrical_decal_05
material,#mc/mtl_p7_zm_asc_box_electrical_decal_04
material,#mc/mtl_p7_zm_asc_box_electrical_decal_06
material,#mc/mtl_p7_zm_asc_box_electrical_decal_09
material,#mc/mtl_p7_zm_asc_box_electrical_decal_08
material,#hash_23d8c72893e4ec82
material,#mc/mtl_p7_debris_trash_cup_red_02
material,#hash_23fe97ffd32c91e5
material,#mc/mtl_p7_mou_foliage_brush_snow_grass_leaves
material,#mc/mtl_p7_ris_tool_level_fluid
material,#hash_2422c2e55e25c141
material,#mc/mtl_p7_foliage_grass_tussock_snow
material,#hash_2440592e5762087d
material,#hash_24501d1a5e57ebc9
material,d#hash_24570e15aac516b1
material,#hash_245be55a6786a62b
material,#hash_2469cdef0e541863
material,#hash_247c764780174de6
material,#hash_24995707902e38c2
material,#mc/mtl_p7_zm_asc_pipe_modular_set_line
material,#mc/mtl_c_t7_technomancer_body2_lights_screens
material,#vd/t7_decal_damage_concrete_cracks_01
material,#mc/mtl_p7_jun_foliage_bush_bark_snow
material,#hash_24e407299883e660
material,#hash_24e48e128ea26968
material,#hash_24e7e4094319d19e
material,#hash_24ed44f9204e67b1
material,#mc/mtl_p7_mou_fence_metal_wire_fence_fxanim
material,#mc/mtl_p7_zm_asc_antenna_radar_rubber_snow
material,#mc/mtl_p7_debris_trash_drink_carrier_01
material,#wc/t7_zm_moo_metal_trim_rivets_02
material,#mc/mtl_p8_wz_supply_stash_decal_label
material,#mc/mtl_p7_mou_keybox_case_set_nail
material,#mc/mtl_p7_mou_concrete_slab_small_grime
material,#mc/mtl_c_t7_techno_body1_gear_skin1
material,#mc/mtl_p7_slu_door_white_metal_02
material,#mc/mtl_p7_slu_door_white_metal_03
material,#mc/mtl_p7_slu_door_white_metal_01
material,#mc/mtl_p7_rus_box_electric_set_nail
material,#wc/t7_snow_slushy_01_blend
material,d#hash_2597b05936096842
material,#hash_259d647d41361b4c
material,#mc/mtl_p8_mphd_box_copy_paper
material,#mc/mtl_p7_rus_gate_chainlink_set_blue
material,d#mc/mtl_p8_mphd_cargo_pallet_net_02
material,#hash_25bb00302ef924f0
material,#hash_25bb03302ef92a09
material,#hash_25c590ecc51a4991
material,#mc/mtl_p7_light_fluorescent_subway_glass
material,#hash_25e493fc1d57632a
material,#hash_25e4bad981698356
material,#hash_25eeae33305f4378
material,#mc/mtl_p7_ris_tool_level_plastic_yellow_02
material,#mc/mtl_p7_ris_tool_level_plastic_yellow_01
material,#mc/mtl_p7_zur_rock_rubble_pile_06_snow
material,d#mc/mtl_c_t8_mp_spe_buffer_body1_scisors
material,#hash_261363c898bceeb8
material,#wc/t7_metal_bare_nickel_corroded
material,#mc/mtl_p7_debris_trash_wrapper_01
material,#mc/mtl_p7_debris_trash_wrapper_02
material,#mc/mtl_p7_mou_phone_vintage_black
material,#mc/mtl_p7_debris_concrete_rubble_sm_snow
material,#hash_265eacfe0e8da2b2
material,#hash_266c31a6db190240
material,#mc/mtl_p7_mou_coiled_wire_text
material,d#mc/mtl_p7_mou_tank_metal_01_red
material,d#hash_269419b6ef0407dd
material,#hash_2697ed29afd79415
material,#hash_26a747bfaf262b10
material,#hash_26a748bfaf262cc3
material,#mc/mtl_p7_slu_panel_electrical_02_base_part_01
material,#mc/mtl_p7_slu_panel_electrical_02_base_part_06
material,#hash_26a74dbfaf263542
material,#hash_26a74ebfaf2636f5
material,#mc/mtl_p7_zm_asc_wires_bunker_set_decal
material,#hash_26cc84ed94ceeedd
material,#mc/mtl_p7_jun_sheet_metal_2x8_white
material,#mc/mtl_c_t7_warrior_body1_webbing_skin1
material,#hash_26dbe55215ee2236
material,#mc/mtl_p7_mou_star_plaque_abrasion
material,d#mc/mtl_p7_mou_light_pole_speaker_decal_01
material,#mc/mtl_p7_shr_snow_chunk_trim
material,#hash_271684691275ada0
material,#mc/t7_metal_wall_panel_old_patina_wet
material,#hash_272886e1fd21c8ea
material,#mc/t7_decal_grunge_rust_04
material,#mc/t7_decal_grunge_rust_01
material,#mc/mtl_p7_mou_air_vent_wall_metal_rust_decals
material,#hash_273afc1786061b40
material,#mc/mtl_p7_mou_tank_propane_bottle_long_decal_reveal
material,#mc/mtl_c_t7_battery_hair_eyebrowshell
material,#hash_275a71545952e94c
material,#mc/mtl_p7_mou_keybox_case_set_metal_04
material,#mc/mtl_p7_mou_keybox_case_set_metal_01
material,#mc/mtl_p7_mou_keybox_case_set_metal_03
material,#mc/mtl_p7_mou_keybox_case_set_metal_02
material,#hash_2764250ccdc39c3e
material,#mc/mtl_p7_mou_electric_switch_decal_plastic_01
material,#mc/mtl_p8_mou_monitor_ceiling_black
material,#mc/t7_decal_tech_lines_worn
material,#hash_27bcb31dbd5a8720
material,#mc/mtl_p8_wz_supply_stash_health_canvas_darker
material,#hash_27cb54e4b4d69e0e
material,#mc/t7_street_concrete_curb_01a_wet
material,#mc/mtl_p7_mou_folder_manila_rust
material,#mc/mtl_p7_slu_fuse_box_electric_set_wire_green
material,#hash_27e54d52e77306b6
material,#hash_27ef1102a57ad00f
material,#hash_27ef1202a57ad1c2
material,#hash_27f298d179844fb1
material,#hash_27f299d179845164
material,#hash_27f29ad179845317
material,#hash_27f29bd1798454ca
material,#hash_27f9707c1012b569
material,#mc/mtl_p7_fxanim_gp_streamer_blue_01_s3
material,d#mc/mtl_p8_mp_flag_base_01
material,#mc/mtl_p7_zur_rock_rubble_pile_02_snow
material,d#mc/t8_decal_tech_shipping_container_bolt_04
material,d#hash_28367170708054b5
material,d#mc/mtl_p7_mou_chair_computer_04
material,d#mc/mtl_p7_mou_chair_computer_05
material,d#mc/mtl_p7_mou_chair_computer_01
material,d#mc/mtl_p7_mou_chair_computer_02
material,d#mc/mtl_p7_mou_chair_computer_03
material,#hash_285bfeb34afb353f
material,#mc/mtl_c_t7_techno_body1_chest_device_skin1
material,#hash_28691cb4b58fb4d6
material,#mc/t7_out_snow_erosion_01_blend
material,#mc/mtl_p7_zm_ctl_light_warning_tesla_set_snow
material,#hash_2885771bef9b0235
material,#wc/t7_metal_trim_worn_iron_dark
material,d#mc/mtl_p7_mou_h_beams_stack_snow
material,#mc/mtl_p7_mou_tank_propane_bottle_long_decal_turq
material,d#hash_28a96255f0542329
material,#hash_28acfb50cef2229d
material,#mc/mtl_p7_rus_timecard_set_metal_01
material,#mc/mtl_p7_debris_newspaper_01
material,#mc/mtl_p7_debris_newspaper_02
material,#mc/t7_plastic_black_matte_fine_bump
material,#hash_28c2acd0240adc52
material,#mc/mtl_p7_mou_keybox_case_set_dirt
material,#hash_28c51b1e929bdc1f
material,#hash_28c76cb0d019f95f
material,#hash_28e50efd8a93ddcc
material,d#mc/mtl_p7_mou_console_control_a_lrg02_leather
material,#wc/t7_out_snow_erosion_01_blend
material,#hash_2902057f40667c56
material,#hash_2902077f40667fbc
material,#hash_2902087f4066816f
material,#hash_29020a7f406684d5
material,#hash_29054c2f2a7a9a68
material,d#mc/mtl_c_bc_femalesoldier_legholster
material,#mc/mtl_p7_zm_asc_antenna_radar_concrete_snow
material,#hash_2924a1da7bfbc083
material,#hash_29271f22579b8605
material,#hash_292fb6e45d71a14b
material,#hash_295167fae236513d
material,#hash_29611b7396c3132c
material,#mc/mtl_p7_zur_nw_foundry_set_screw
material,#hash_2975d173affef6d7
material,#hash_2975deebe084f980
material,#mc/mtl_c_t7_techno_body1_monitor_skin1
material,d#mc/mtl_p7_mou_cabinet_filing_02_damaged
material,#mc/mtl_p7_mou_transformer_floorunit_02_text
material,d#mc/bullet_collision_ceramic
material,#hash_29d95ad9780098e1
material,#hash_29df4996730524c1
material,#hash_29fa5f8c3afcb440
material,#hash_29fa618c3afcb7a6
material,#hash_29fa628c3afcb959
material,#mc/mtl_p7_zm_ctl_gondola_machine_body
material,#hash_2a01f9ed3a7a8e8b
material,#hash_2a01feed3a7a970a
material,#hash_2a01ffed3a7a98bd
material,#mc/mtl_p7_blast_wall_concrete_large_dmg_02
material,#mc/mtl_p7_blast_wall_concrete_large_dmg_01
material,#mc/mtl_p7_ban_cave_rock_erosion_02_grime
material,d#mc/mtl_p_dest_water_fountain01_black
material,#mc/t7_decal_grunge_rust_orange_drips
material,#mc/mtl_p7_mou_wirebundle_metal
material,#mc/mtl_p8_mp_bomb_crate_whole_destroyed_stencil
material,#mc/t7_metal_trim_weld_01_iron_rust
material,#hash_2a64433be5203ab1
material,#mc/t7_decal_metal_nails
material,#mc/mtl_c_ega_soldier_3_knife
material,#wc/t7_rwi_ice_ground_02_grey_blend
material,d#mc/mtl_p7_mou_cabinet_filing_02_office
material,#mc/mtl_p7_pipe_metal_hp_12_straight_lightblue
material,d#mc/mtl_p7_mou_light_pole_speaker
material,#mc/mtl_p8_wz_supply_stash_zipper
material,#hash_2ad27f931d4d07f6
material,#wc/t7_cry_decal_paint_scratched_white
material,#mc/mtl_p7_rus_can_paint_metal
material,#mc/mtl_p7_slu_panel_electrical_decal_10
material,#mc/mtl_p7_slu_panel_electrical_decal_11
material,#mc/mtl_p7_slu_panel_electrical_decal_09
material,#hash_2af3752ace8f41c9
material,#mc/mtl_p7_slu_panel_electrical_decal_03
material,#hash_2af37b2ace8f4bfb
material,#hash_2af37e2ace8f5114
material,#hash_2af37f2ace8f52c7
material,#mc/mtl_p7_slu_panel_electrical_decal_05
material,#hash_2af3812ace8f562d
material,#hash_2af46459537bc540
material,#hash_2af46659537bc8a6
material,#hash_2af46759537bca59
material,#hash_2af46959537bcdbf
material,#mc/mtl_p7_mou_ladder_metal_weld_b
material,#hash_2b0714b3d2d75ee2
material,#mc/mtl_p7_sweep_alpha
material,#hash_2b329c31766bdbb3
material,#hash_2b345db6977e3cc3
material,#hash_2b345eb6977e3e76
material,#hash_2b345fb6977e4029
material,d#mc/mtl_p8_mp_bomb_crate_green
material,#hash_2b69b8f7e111933a
material,#hash_2b71aabf87c99e62
material,#hash_2b78afb45b3bf942
material,#mc/mtl_p8_mou_surveillance_rack_server_chrome
material,#hash_2b97bb753ce37f78
material,#mc/mtl_p7_pipe_metal_hp_4_01_white
material,#mc/mtl_p7_mou_locker_metal_set_nail
material,#hash_2bb4c947d29b0ac7
material,d#mc/mtl_veh_t7_mphd_forklift_taillight_lens
material,#mc/mtl_p8_mp_bomb_crate_whole_destroyed_caution
material,#hash_2bc90846f74f166f
material,#hash_2bf5bb7f135e4fa8
material,#hash_2bf5bc7f135e515b
material,#hash_2bff74f8ee2f6e02
material,#hash_2c0b54ce67abfa30
material,#mc/mtl_p7_zm_asc_ac_unit_russian_nail
material,#hash_2c16ad14cb989cfe
material,#hash_2c16ae14cb989eb1
material,#hash_2c16af14cb98a064
material,#hash_2c16b014cb98a217
material,#hash_2c16b214cb98a57d
material,#mc/mtl_p8_mphd_light_work_utility_generator_dirt_02
material,#wc/t7_metal_grunge_med_01
material,#mc/mtl_p7_mou_tank_propane_bottle_long_decal
material,#mc/t7_zm_isl_metal_diamond_plate_01
material,#hash_2c5c4a0b1481530d
material,d#mc/mtl_p8_mp_flag_pole_01_rubber
material,#hash_2c6fd920cdfb496b
material,#hash_2c6fda20cdfb4b1e
material,#hash_2c720d2308cdf6b8
material,#mc/mtl_p8_mp_bomb_crate_whole_destroyed_burned
material,#mc/mtl_p7_fxanim_mp_flag_neutral
material,#mc/mtl_p7_mou_light_cage_set_snow_base
material,#mc/mtl_p7_mou_pallet_wood_snow_decal_nail
material,#mc/mtl_p8_mphd_roof_vent_base_01_part
material,#mc/mtl_p8_mphd_lightbox_solder
material,#mc/t7_metal_paint_worn_grey_dk
material,#hash_2cb5589f9519dfc7
material,#mc/mtl_p7_slu_outlet_electrical_decal_01
material,#mc/mtl_p7_slu_outlet_electrical_decal_02
material,#hash_2cc9447f3ff90942
material,#mc/mtl_p7_mou_data_recorder_sml_metal_10
material,d#hash_2cdcba62fc478b46
material,d#mc/mtl_p7_mou_cabinet_filing_02_bolt
material,#mc/mtl_p7_mou_data_recorder_sml_metal_09
material,#mc/mtl_p7_mou_data_recorder_sml_metal_08
material,#mc/mtl_p7_mou_data_recorder_sml_metal_07
material,#mc/mtl_p7_mou_data_recorder_sml_metal_06
material,#mc/mtl_p7_mou_data_recorder_sml_metal_05
material,#mc/mtl_p7_mou_data_recorder_sml_metal_04
material,#mc/mtl_p7_mou_data_recorder_sml_metal_03
material,#mc/mtl_p7_mou_data_recorder_sml_metal_02
material,#mc/mtl_p7_mou_data_recorder_sml_metal_01
material,#hash_2ce9aacdf0c60710
material,#hash_2ce9accdf0c60a76
material,#hash_2ce9adcdf0c60c29
material,#mc/mtl_p7_mou_wall_handle_metal
material,#hash_2d1bf36a9a58f682
material,#mc/mtl_p7_zm_gen_flogger_trap_04_blue
material,d#hash_2d2da7a270a38ec9
material,#hash_2d3523b722d46f62
material,#hash_2d408d1f501ab33b
material,#mc/mtl_p7_proto_bucket
material,#hash_2d7a0e93d5c6bf57
material,#hash_2d7a0f93d5c6c10a
material,#mc/mtl_p8_mp_bomb_crate_whole_destroyed_trim02
material,#mc/mtl_p7_mou_weather_anemometer_metal_01
material,#hash_2d8b5a9135208d8c
material,#mc/mtl_c_t7_battery_hairshell2
material,#mc/mtl_c_t7_battery_hairshell1
material,#mc/mtl_p7_mou_tank_propane_bottle_long_paint
material,#mc/mtl_c_t7_techno_head1_faceplate_skin1
material,#mc/mtl_p7_slu_dish_satellite_set_02_plus
material,#mc/mtl_p7_slu_antenna_set_metal03
material,#mc/mtl_p7_slu_antenna_set_metal02
material,#mc/mtl_p7_slu_antenna_set_metal01
material,#hash_2df6c5f81dee9938
material,#hash_2e100ff7165f207f
material,#hash_2e1010f7165f2232
material,#mc/mtl_p7_mou_console_control_corner
material,#wc/t7_dirt_tire_tracks_02_water_blend
material,#mc/mtl_p7_mou_snow_chunk_dirty_set_side
material,#mc/mtl_p7_rus_control_panel_decal
material,#mc/mtl_c_t7_battery_body1_lowbod_armor
material,#mc/mtl_p7_box_cardboard_tape
material,#mc/mtl_p7_mou_console_control_a_lrg02_green
material,#hash_2e32ed9eeb201300
material,#hash_2e32ef9eeb201666
material,#hash_2e32f09eeb201819
material,#mc/mtl_p7_zur_nw_foundry_set_decal_wlding_trace_03
material,#mc/mtl_c_t7_warrior_head1_headgear
material,d#hash_2e45b654c9d49b77
material,#mc/mtl_p7_foliage_global_snow_bark_decal
material,#mc/t7_proto_metal_wire_fence
material,#hash_2e52c9776f57ef9e
material,#mc/mtl_p7_railing_metal_01_cntr_decal
material,#mc/mtl_p7_slu_door_white_frame_01
material,#mc/mtl_p7_slu_door_white_frame_02
material,#mc/mtl_c_t7_techno_body1_arm_rt_c_skin1
material,#hash_2e76f119e867aa2a
material,#hash_2e7af21d7698a440
material,#mc/t7_wood_worn_dark_oak
material,d#hash_2e9a1fc3580b884d
material,#hash_2ec828419e003270
material,#hash_2ec85e39de4a58c6
material,#hash_2ec85f39de4a5a79
material,#mc/mtl_p7_rolled_tarp_rope
material,#mc/mtl_p7_mou_militarybox_nail_02
material,#mc/mtl_p7_mou_militarybox_nail_03
material,#mc/mtl_p7_railing_metal_01_cntr_metal_blue
material,#hash_2ee75b20f638b52c
material,#hash_2ee75e20f638ba45
material,#hash_2f1870bc12c87f50
material,#hash_2f1872bc12c882b6
material,#hash_2f1873bc12c88469
material,#hash_2f1875bc12c887cf
material,#mc/mtl_p8_mphd_light_utility_set_paintedmetal_black_01
material,#mc/mtl_p8_mphd_light_utility_set_paintedmetal_black_03
material,#mc/mtl_p8_mphd_light_utility_set_paintedmetal_black_02
material,#mcs/mtl_p7_box_cardboard_tape
material,#hash_2f327c2516bffe30
material,#hash_2f327d2516bfffe3
material,#hash_2f327e2516c00196
material,#hash_2f32812516c006af
material,#hash_2f32822516c00862
material,#hash_2f32832516c00a15
material,d#mc/mtl_p7_mou_h_beams_stack_dirt2
material,d#mc/mtl_p7_mou_h_beams_stack_dirt3
material,d#mc/mtl_p7_barrier_block_concrete_decal
material,#mc/mtl_p7_zur_rock_rubble_pile_05_snow
material,#mc/mtl_p7_zm_ctl_gondola_machine_body_2
material,#mc/mtl_p7_mou_dome_radio_set_gray
material,#mc/mtl_p8_mou_surveillance_rack_server_stainlesssteel
material,d#mc/bullet_collision_rock
material,#mc/mtl_p7_foliage_tree_spruce_norway_snow
material,#hash_2faea042ec0c8b02
material,#hash_2fb0a155c3bae856
material,#mc/mtl_c_t7_techno_head1_skin_skin1
material,#wc/t7_dlc1_snow_slushy_tractor_tracks_packed_01_blend
material,#mc/mtl_p7_blast_wall_concrete_02_metal
material,#mc/mtl_p7_mou_pole_light_volume
material,d#hash_2fe1de2e76230ab9
material,d#mc/bullet_collision_bark
material,d#ei/gfx_dust_swirl_md_anim_em
material,d#ei/gfx_debris_grass_lit
material,#mc/mtl_p7_fir_ori_coat_hanging_01
material,#hash_2fff0e3763fc6bd6
material,#mc/mtl_p7_aqu_catwalk_01_planar_nomip
material,#mc/mtl_p7_mou_sign_personnel_only_dirt
material,#hash_3025aedae65e7161
material,#hash_30270b1daa1fd8db
material,#mc/mtl_p7_foliage_tree_spruce_norway_branch_cards
material,#mc/mtl_p7_mou_support_gondola_set_metal
material,d#ei/gfx_smk_puff_thin_varied
material,d#mc/mtl_p7_mou_chair_computer_decal03
material,d#mc/mtl_p7_mou_chair_computer_decal02
material,d#mc/mtl_p7_mou_chair_computer_decal01
material,d#mc/mtl_p7_mou_chair_computer_decal04
material,#wc/t7_ban_metal_painted_rusty_grey_dk
material,d#hash_307e45cc4cc0a372
material,#mc/mtl_p8_mphd_lightbox_decal
material,#vd/t7_snow_powder_03_blend
material,#mcs/mtl_p7_fxanim_gp_streamer_blue_01_s3
material,#mc/mtl_p7_zm_ctl_gondola_drips_decal_01
material,#hash_30ded9b0a555ae3d
material,#mc/mtl_p7_jun_foliage_bush_branches_02_snow
material,#vd/t7_dlc1_decal_paint_splatter_02
material,#mc/mtl_p7_mou_airduct_metal_decal_01
material,#mc/mtl_c_t7_techno_body1_torso_armor_skin1
material,d#mc/mtl_p8_mp_flag_base_glass_emissive_01
material,#hash_310ccdf7ccc3d04a
material,#mc/mtl_p7_mou_coiled_wire_dirty
material,#mc/mtl_p7_zm_asc_ac_unit_russian_line
material,#mc/mtl_p7_zm_der_transformer_ceramic_01
material,#hash_3137b0325589d842
material,#mc/mtl_p7_mou_cable_protector_main_01
material,#mc/mtl_p7_zm_kin_data_reel_set_decal
material,#mc/mtl_p7_books_office
material,#ei/gfx_fol_leaves_vine_full_lite_d_lit
material,#mc/mtl_p7_proto_fence_chainlink_metal
material,#mc/mtl_p7_mp_flag_pole
material,#hash_31d01237617308af
material,#hash_31d0133761730a62
material,#hash_31e48a16ec4d1380
material,#mc/mtl_p7_zm_asc_floor_gantry_rust
material,#mc/mtl_p7_mou_light_lamp_desk_metal_04
material,#mc/mtl_p7_mou_light_lamp_desk_metal_02
material,#mc/mtl_p7_mou_light_lamp_desk_metal_03
material,#mc/mtl_p7_mou_light_lamp_desk_metal_01
material,#mc/mtl_p7_mou_clock_wall_minute
material,#mc/mtl_p7_mou_concrete_slab_grime
material,#mc/mtl_p7_mou_light_lamp_desk_light
material,#hash_321eae3926ff3149
material,d#ei/gfx_gib_metal_02_lit
material,#mc/mtl_c_t7_techno_body1_torso_armor_detail2
material,#hash_32518e5d97b581f9
material,#hash_32549d9e1bfc7e90
material,d#mc/mtl_p7_mou_cabinet_filing_02_dirt
material,#hash_32772a2d596fa3c0
material,#hash_328a1b47698d2035
material,#mc/mtl_p7_rus_bookshelf_metal_decal_line_dirt
material,#mc/mtl_p7_electrical_cabinet_03
material,#hash_32d4204eeaf5d71e
material,#mc/mtl_p7_mou_militarybox_wood_wear
material,#hash_32edd8a5136640fe
material,#mc/mtl_p8_spa_bucket_metal_01_decal
material,#hash_331d4ccb5301cd88
material,#hash_33280968f66c1095
material,d#mc/mtl_p8_mou_crate_metal_01_normal
material,d#mc/mtl_p_dest_water_fountain01_rubber
material,d#mc/mtl_mphd_forklift_decal014
material,d#mc/mtl_mphd_forklift_decal013
material,d#hash_33403c1e16f3f6de
material,#hash_3352e0007d7399dc
material,#hash_335d5c69c03c8990
material,#hash_335d5f69c03c8ea9
material,#hash_335d6269c03c93c2
material,#hash_335d6369c03c9575
material,#mc/mtl_p7_mou_star_plaque_main
material,#vd/t7_dlc1_snow_slushy_tractor_tracks_packed_01_blend
material,#mc/mtl_p7_mou_transformer_floorunit_02_screw_dirt
material,#hash_339022986313c2ec
material,#hash_339025986313c805
material,#mc/mtl_p7_mou_star_plaque_snow_volume
material,#mc/mtl_p7_mou_support_beam_set_decal_solder
material,d#hash_33a4a2f1edbaf80a
material,#hash_33b321d5fa8025d6
material,#hash_33b66b46a2589ad6
material,#mc/mtl_p7_mou_barrel_metal_02_metal_painted_tan
material,#wc/t7_snow_powder_03_blend
material,#wc/t7_cry_decal_paint_scratched_blue
material,#mc/mtl_p7_zm_ori_tool_shovel_decal_04
material,#mc/mtl_p7_zm_ori_tool_shovel_decal_01
material,#mc/mtl_p7_zm_ori_tool_shovel_decal_02
material,#mc/mtl_p7_zm_ori_tool_shovel_decal_03
material,#mc/mtl_veh_t7_dlc_decal_rust_reveal
material,#mc/mtl_t7_plastic_tarp_reinforced_blue
material,#mc/mtl_lights_cagelight01_off_glass
material,#mc/mtl_p7_zm_ctl_gondola_grunge_decal_01
material,#hash_34323ae44a644731
material,#mc/mtl_p7_mou_transformer_floorunit_02_rust
material,#mc/mtl_p7_zur_rock_rubble_pile_04_snow
material,#mc/mtl_p7_slu_door_white_glass
material,#mc/mtl_p7_slu_panel_electrical_01_base_part_02
material,#mc/mtl_p7_slu_panel_electrical_01_base_part_01
material,d#hash_34a0a6cd541e7616
material,d#mc/mtl_wpn_t8_eqp_briefcase_bomb_circuit
material,#hash_34c42b23361f9166
material,#hash_34c42c23361f9319
material,#hash_34c7ad233622a423
material,#mc/mtl_p7_mou_data_recorder_sml_decal_07
material,#hash_34c7af233622a789
material,#hash_34c7b0233622a93c
material,#hash_34c7b2233622aca2
material,#hash_34c7b3233622ae55
material,#mc/mtl_p7_mou_data_recorder_sml_decal_09
material,#mc/mtl_p7_mou_data_recorder_sml_decal_08
material,#hash_34c9bb92c02ecf34
material,#hash_34c9be92c02ed44d
material,#mc/mtl_p7_rus_light_studio_metal_02
material,#mc/mtl_p7_rus_light_studio_metal_01
material,#hash_34e5a44a776aa694
material,#mc/t7_metal_trim_weld_01_paint_grey_drk
material,#wc/t7_zm_gen_decal_damage_crack_line_02
material,#hash_350e6a61e05a4d12
material,#hash_35181f8648db9f1b
material,#mc/mtl_p7_redwood_ice_foliage_tree_pine_snow_01
material,d#mc/mtl_p7_mou_light_pole_light_snow
material,#hash_35509b2adf349971
material,#mc/mtl_p7_ntx_tool_wrench_ratchet_sml_blackdecal
material,#hash_357150ed5feb5aa9
material,#wc/t7_zm_sta_decal_damage_concrete_cracks_04
material,#hash_357589ef90593611
material,#hash_3578a8c4a3c7c5a6
material,#mc/t7_metal_trim_worn_iron_dark
material,#hash_35902007511ef076
material,#mc/mtl_p7_zm_moo_biodome_shell_metal_decal_dirty_03
material,#mc/mtl_p7_light_metal_hanging_mechanic
material,#mc/mtl_p8_mp_bomb_crate_whole_destroyed_gray
material,#mc/mtl_p7_mou_pole_light_snow
material,#hash_35c65f42188e8559
material,d#mc/mtl_veh_t7_mphd_forklift_guts
material,d#hash_35d8416f41f2c703
material,#mc/mtl_p7_street_curb_concrete_chunk_01_black
material,#hash_35e60abd12a55f45
material,#mc/t7_mou_monitor_3
material,#mc/t7_mou_monitor_1
material,#mc/mtl_c_t7_warrior_body1_egypt_gear_8_skin1
material,#hash_35ea98f328a44876
material,#wc/t7_snow_powder_01
material,#wc/t7_snow_powder_02
material,d#mc/nodraw
material,#hash_35fecc898db2bb78
material,#hash_35fecd898db2bd2b
material,#hash_35fecf898db2c091
material,#hash_35ff06a2cdf0f4d5
material,#mc/mtl_p7_global_chainlink_fence_kit_01
material,#hash_36060138ad037ce2
material,#hash_360d1548ce0513fa
material,#hash_3623c7890825acba
material,#mc/mtl_p7_mou_air_vent_ceiling_01
material,#mc/mtl_p7_barrier_block_concrete_long_rusty_cap
material,d#mc/mtl_p8_mp_bomb_crate_harness_silver
material,#mc/mtl_p7_fxp_debris_newspaper
material,#mc/mtl_p7_ris_shovel_set_plastic_red
material,#hash_365515619222d91d
material,#mc/mtl_p7_foliage_grass_dry_snow
material,#hash_36754b784ac1ea6f
material,#hash_36754c784ac1ec22
material,#mc/mtl_p7_zm_asc_ac_unit_russian_grid02
material,#mc/mtl_p7_zm_asc_ac_unit_russian_grid01
material,#mc/mtl_p7_mou_wall_clock_label_london
material,#hash_368c4e4cf534af15
material,d#hash_3697f4f1f53a3d03
material,d#mc/mtl_p7_mou_light_pole_base_concrete_decal_grunge04
material,d#mc/mtl_p7_mou_light_pole_base_concrete_decal_grunge02
material,d#hash_36b26ea206d657a7
material,d#mc/mtl_p7_mou_light_pole_base_concrete_decal_grunge01
material,#mc/mtl_p7_mou_transformer_floorunit_02_metal
material,#hash_36d22094d99a2a93
material,#hash_36d22194d99a2c46
material,#hash_36d22294d99a2df9
material,#wc/t7_metal_vent_01_drk
material,#mc/mtl_p7_global_chainlink_fence_kit_door_01
material,#hash_36f4d3ab028acf16
material,d#mc/mtl_p8_mou_crate_metal_01_iron_change
material,#hash_36fc5c4e89668007
material,#hash_36fc5d4e896681ba
material,#mc/mtl_p7_conduit_rust_outlets
material,#mc/mtl_p7_zm_asc_star_metal
material,#hash_3741094cc73d7758
material,#hash_37410c4cc73d7c71
material,#hash_3743d0d6a9aea9b0
material,#mc/mtl_p7_slu_fuse_box_electric_set_fuse_metal_01
material,#hash_3744d00d2618de0e
material,#mc/mtl_p7_zm_asc_star_metal_decal_05
material,#mc/mtl_p7_zm_asc_star_metal_decal_04
material,#mc/mtl_p7_zm_asc_star_metal_decal_01
material,#mc/mtl_p7_zm_asc_star_metal_decal_03
material,#mc/mtl_p7_zm_asc_star_metal_decal_02
material,#hash_3761739aeb6be10b
material,#mc/mtl_c_t7_battery_body1_straps
material,#mc/mtl_p7_tape_masking_set
material,#mc/mtl_p8_mphd_light_utility_set_light
material,#vd/t7_snow_slushy_01_blend
material,#wc/t7_decal_grunge_rust_orange_drips
material,#mc/t7_metal_trim_rivets_01_dark
material,#hash_379be72bc5e87bc1
material,#mc/mtl_p7_street_curb_concrete_chunk_03_black
material,#hash_37b2b505701bc9ca
material,d#hash_37e03273d4235ad9
material,#mc/mtl_p7_slu_rollup_door_chain
material,#mc/mtl_p7_slu_corkboard_dust_black
material,#hash_380c8648d1887ada
material,d#mc/mtl_p7_ntx_tool_wrench_ratchet_sml_blackmetal
material,#mc/mtl_p7_mou_clock_wall_second
material,d#hash_3845dd4eab4e9e6f
material,#hash_385dd984f520d4fc
material,#mcs/mtl_p7_fxanim_gp_plastic_tarp_cover_blue_s3
material,d#mc/mtl_p7_mou_coffee_urn_glass
material,d#ei/gfx_smk_billow_thick_anim_high_dark_lit
material,#hash_3886dd2e829788ec
material,#hash_38989ee151e2d8a1
material,#hash_38a67bae65c91f91
material,#hash_38ab5b73dfc9c210
material,#hash_38ab5c73dfc9c3c3
material,#hash_38ab5d73dfc9c576
material,#hash_38ab6273dfc9cdf5
material,#hash_38ad855bf9beffc4
material,#mc/mtl_c_t7_battery_hair_fibers2
material,#mc/mtl_c_t7_battery_hair_fibers1
material,#mc/mtl_p7_zm_asc_sign_exit_russian_decal
material,#hash_38c137e4c869d020
material,#hash_38cb9dde689349d8
material,#hash_38cb9ede68934b8b
material,#hash_38cb9fde68934d3e
material,#hash_38cba3de6893540a
material,#hash_38cba4de689355bd
material,#mc/mtl_p7_fxanim_gp_trash_newspaper_01_s2
material,#mc/mtl_p7_fxanim_gp_trash_newspaper_01_s3
material,#hash_38d2d3ea307bcba5
material,#wc/t7_cloth_satin_black
material,#mc/mtl_p8_mou_monitor_ceiling
material,#wc/t7_zm_ctl_decal_damage_bullet_plaster_01
material,#hash_392a220cff192183
material,d#mc/lambert1
material,#hash_3945f2f718505120
material,d#mc/mtl_p8_mphd_cargo_pallet_dust_02
material,d#mc/mtl_p8_mphd_cargo_pallet_dust_03
material,#mc/t7_metal_rust_01
material,#mc/t7_metal_rust_02
material,#mc/mt_c_t7_battery_head1_headset
material,#mc/mtl_p7_zm_asc_floor_gantry_screw
material,#wc/t7_shr_snow_lumpy
material,#mc/mtl_p8_mphd_box_copy_paper_open
material,#hash_3994e11d2d92a8d9
material,#mc/mtl_p7_zm_ver_farm_tools_decal_10
material,#mc/mtl_p7_zm_ver_farm_tools_decal_11
material,#mc/mtl_p7_zm_ver_farm_tools_decal_08
material,#mc/mtl_p7_zm_ver_farm_tools_decal_07
material,#hash_39a2e1d4b58f4456
material,#hash_39b6ddcbfa808a28
material,#hash_39b6decbfa808bdb
material,#hash_39b6e2cbfa8092a7
material,#hash_39b6e3cbfa80945a
material,#hash_39bd02b700cf7f5e
material,#mc/mtl_p7_mou_star_plaque_rock
material,#mc/mtl_p7_mou_fence_chainlink_04
material,#mc/mtl_p7_mou_fence_chainlink_03
material,#mc/mtl_p7_zm_asc_ac_unit_russian_decal
material,#hash_39f86813f4271ead
material,#mc/t7_mou_metal_panels_snow_rvl
material,#hash_3a1d35d489a203b5
material,#mc/mtl_p7_slu_door_white_decal_08
material,#mc/mtl_p7_slu_door_white_decal_01
material,#mc/mtl_p7_slu_door_white_decal_02
material,#mc/mtl_p7_slu_door_white_decal_03
material,#mc/mtl_p7_slu_door_white_decal_04
material,#mc/mtl_p7_slu_door_white_decal_05
material,#mc/mtl_p7_slu_door_white_decal_06
material,#mc/mtl_p7_slu_door_white_decal_07
material,#mc/mtl_p7_mou_dome_radio_set_decal
material,#hash_3a579d3cb5070eaf
material,#mc/mtl_p8_mphd_light_utility_set_paintedmetal_yellow_01
material,#mc/mtl_p8_mphd_light_utility_set_paintedmetal_yellow_02
material,#hash_3a6bfcb88edd7bc6
material,d#ei/gfx_smk_whisp_anim_02_high_dark_lit
material,#mc/mtl_p7_mou_dome_radio_set_tiling
material,#mc/mtl_p7_railing_metal_01_beam_decal
material,#hash_3a933f1994b8f888
material,#mc/mtl_p7_rus_sign_wall_pers_only_decal_01
material,#mc/mtl_p7_mou_transformer_floorunit_02_hole
material,#hash_3aee49b4a9209004
material,#mc/mtl_p8_mphd_tool_chest_metal_01
material,#mc/mtl_p8_mphd_box_copy_paper_dirt
material,#mc/mtl_p7_roof_vents_02_metal_white
material,d#mc/bullet_collision_ice
material,#hash_3b230afa45fb37f5
material,#hash_3b2b1bd0402f912e
material,#hash_3b2edcfc2f7a5833
material,d#mc/mtl_mphd_forklift_bottom
material,d#mc/bullet_collision_carpet
material,#hash_3b448b027908731c
material,#mc/t7_barrel_vintage_metal_bands_rust
material,#hash_3b5088d1c1115efc
material,#hash_3b6457d807e812f0
material,#mc/mtl_c_t7_warrior_body1_emissive
material,d#mc/mtl_mphd_forklift_screw_black
material,#hash_3b977ee7a725371e
material,#mc/mtl_p7_mou_stump_concrete_02_dirt
material,#mc/mtl_p7_mou_brace_gondola_support
material,#mc/mtl_p7_cup_coffee_mug_01_grey
material,#mc/mtl_c_t7_warrior_body1_arm_lt_a1_skin1
material,d#mc/mtl_p8_mp_flag_pole_01_aluminum
material,#hash_3c0c904e0929511b
material,#hash_3c23efa28f3024da
material,#hash_3c2ec823d28ba5af
material,d#hash_3c2f55e807020214
material,#mc/mtl_p7_mou_transformer_floorunit_02_snow
material,#hash_3c40203e0ade74ee
material,#hash_3c40213e0ade76a1
material,#hash_3c441b03893be764
material,#hash_3c570fb0a44ef0e3
material,#mc/mtl_p7_debris_clothing_tshirts_01_dirty
material,#mc/mtl_p7_railing_metal_01_dirty_01
material,#hash_3cb188a94205ce00
material,#hash_3cc9d526a8e81cf5
material,#mc/mtl_p7_zm_ctl_gondola_pulley_metal
material,#hash_3cd34488d87a6e6d
material,#hash_3ce5a7cf25b6d6ac
material,#mc/t7_ban_metal_painted_scraped
material,d#hash_3d018a3333c79213
material,#mc/mtl_p7_rus_lamp_tinhat_decal_01
material,#mc/mtl_p8_wz_supply_stash_tag
material,#hash_3d18d0afa12992db
material,#mc/mtl_p7_mou_cable_protector_dirt
material,#hash_3d291f5cff203d2e
material,#hash_3d29e67f73f3e021
material,#mc/mtl_c_t7_warrior_head1_notskin
material,#mc/mtl_p7_zm_ori_coat_hanging_detal
material,#mc/mtl_c_t7_warrior_body1_armor_light_skin1
material,#vd/t7_snow_powder_footprints_01_blend
material,#hash_3d60e1fb47896fe8
material,#hash_3d60e2fb4789719b
material,#hash_3d60e6fb47897867
material,#hash_3d60e7fb47897a1a
material,#mc/mtl_p7_mou_console_control_decal13
material,d#mc/mtl_p7_mou_console_control_decal06
material,d#mc/mtl_p7_mou_console_control_decal05
material,#mc/mtl_p7_mou_console_control_decal04
material,d#mc/mtl_p7_mou_console_control_decal03
material,#mc/mtl_p7_eth_bird_spikes
material,#wc/t7_decal_grunge_rust_blend_wet
material,#mc/mtl_p7_mou_coiled_wire_damage
material,d#mc/mtl_mphd_forklift_decal09
material,d#mc/mtl_mphd_forklift_decal03
material,d#mc/mtl_mphd_forklift_decal02
material,#hash_3d8444ff4bc7da89
material,#mc/mtl_p7_mou_console_control_b_lrg02_green02
material,#mc/t7_cry_decal_paint_scratched_yellow
material,d#mc/nodraw_decal
material,#mc/mtl_p7_zm_ctl_gondola_decal_03
material,#mc/mtl_p7_zm_ctl_gondola_decal_02
material,#mc/mtl_p7_zm_ctl_gondola_decal_04
material,#wc/t7_decal_damage_concrete_blast
material,#hash_3dd48cb911389a3f
material,#mc/t7_mou_metal_siding_trim_more_rust_rvl
material,#hash_3dd87ceb24afb09a
material,#hash_3dddb063b175f17d
material,#hash_3dedc4c26fdaca8a
material,#mcs/mtl_p7_box_cardboard_tape_open01
material,d#mc/mtl_p7_mou_console_control_a_lrg02
material,#hash_3e1fcf81ce045cfc
material,#mc/mtl_p7_fire_sprinkler_interior_glass_red
material,#hash_3e23e2cc498ed55c
material,#mc/mtl_p8_mou_light_floodlight_set_glass
material,#mc/mtl_p7_mou_stump_concrete_02_01
material,#mc/mtl_p7_mou_stump_concrete_02_02
material,#hash_3e4f289c0e206ce8
material,#mc/mtl_p7_zur_barracks_grate
material,#wc/t7_decal_grunge_wet_wall_stain
material,#mc/mtl_p7_ris_paint_roller_stick_set_plastic_02
material,#mc/mtl_p7_light_pole_modular_exterior_01
material,#hash_3e763ccc7e8fa357
material,#mc/mtl_p7_cleaning_paper
material,#mc/mtl_c_t7_techno_body1_coat_skin1
material,#hash_3e97817a7c0f0e71
material,#hash_3ea4be87de6f269e
material,#mc/mtl_p7_slu_bucket_plastic_orange_lrg_plastic
material,#mc/mtl_p8_mphd_roof_vent_base_01_part_01
material,#mc/mtl_p8_mou_light_floodlight_set_light_emissive
material,#hash_3eeb6699d5019aae
material,d#hash_3eec8a56b4dd808e
material,#mc/mtl_p7_cai_sign_billboard_01_kit
material,#mc/mtl_p7_debris_concrete_rubble_sm_warm
material,#hash_3f0599ed64dff291
material,#hash_3f0a17ad0a5db73f
material,#hash_3f0a18ad0a5db8f2
material,#hash_3f0a19ad0a5dbaa5
material,#mc/mtl_p8_mphd_rollup_door_metal_01_dark
material,d#mc/mtl_p7_mou_cabinet_filing_02_paper
material,#mc/mtl_p7_mou_wirebundle_plastic_decal_02
material,#mc/mtl_p7_mou_wirebundle_plastic_decal_01
material,#hash_3f36f04e9d08b296
material,#mc/mtl_p7_cleaning_paper_dirty
material,#hash_3f7ece1b703beb80
material,#mc/mtl_p7_zur_rock_rubble_pile_b_low_snow
material,#mc/mtl_p7_mou_tank_propane_bottle_long_dirt_02
material,#mc/mtl_p7_mou_wirebundle_plastic_01_yellow
material,#mc/mtl_veh_mphd_mou_snowcat_glass_01
material,#mc/mtl_p7_zm_asc_pipe_modular_set_metal
material,#hash_3f9de638d4fb9656
material,#mc/mtl_p7_mou_dome_radio_set_fill
material,#mc/mtl_p8_mphd_rollup_door_metal_02_dark
material,d#mc/mtl_veh_t7_decal_bolt_03_tint_dark
material,#hash_3fccc7dd46d4d4e3
material,#mc/mtl_p7_zm_kin_generator_industrial_part_03
material,#mc/mtl_p7_zm_kin_generator_industrial_part_02
material,#mc/mtl_p7_zm_kin_generator_industrial_part_01
material,#mc/mtl_p7_zm_kin_generator_industrial_part_04
material,d#ei/gfx_dust_spike_sm_anim_lit
material,#mc/mtl_p7_slu_wire_decal_spalling_01
material,d#ei/gfx_dust_swirl_md_anim_lit
material,#vd/t7_snow_powder_02_blend
material,#mc/mtl_p7_mou_wirebundle_plastic_tiling
material,d#mc/mtl_p8_mou_crate_metal_01_nails
material,#hash_4004934c849084f5
material,#mc/mtl_p7_rus_lamp_tinhat_decal
material,#mc/mtl_c_t7_mp_techno_pouch_duo
material,#hash_404915345887bc2f
material,#hash_4050d64ca8e953d1
material,#mc/t7_decal_damage_plywood_edge
material,d#mc/mtl_p_dest_water_fountain01_white_02
material,#wc/mtl_veh_t7_dlc_b17_metal_diamond_plate_worn
material,#hash_407a2b59c6f68c07
material,#hash_4085f8323746dcd3
material,#hash_40906479b88b662c
material,d#mc/mtl_p7_mou_light_pole_speaker_04
material,d#mc/mtl_p7_mou_light_pole_speaker_02
material,d#mc/mtl_p7_mou_light_pole_speaker_03
material,d#mc/mtl_p7_mou_light_pole_speaker_01
material,#mc/mtl_p7_cai_elev_stairs_metal
material,#mc/mtl_p7_mou_support_beam_set_decal_rust
material,#hash_40a98d7c53dd67d5
material,#hash_40a9b0ec0f681074
material,#mc/mtl_c_t7_warrior_head1_haircards2
material,#mc/mtl_p7_zm_asc_antenna_radar_green_snow
material,d#mc/mtl_p8_mphd_tool_chest_decal_dirt_01
material,#hash_40c6406e8539a017
material,#hash_40d5e00191a24a9c
material,#mc/mtl_p7_ntx_tool_wrench
material,#mc/mtl_p7_jun_sheet_metal_4x4_white
material,#hash_40fd1232d82484c8
material,#hash_40fd1532d82489e1
material,#wc/t7_concrete_floor_sealed_01
material,#mc/mtl_p7_rus_debris_paper_set_paper
material,#mc/mtl_p7_zm_der_light_spot_body
material,#hash_413fc2018d1388c3
material,#hash_413fc3018d138a76
material,#mc/mtl_p7_mou_coffee_carafe_metal
material,#hash_415a807d8c3d6aaa
material,#hash_4168184cc321582e
material,#mc/mtl_p7_mou_air_vent_ceiling_01_metal
material,#hash_417d1f65d4d7d024
material,#hash_417d2265d4d7d53d
material,#mc/mtl_p8_mp_bomb_crate_whole_destroyed_trim
material,#hash_419b7b778fa9fc88
material,#hash_419b7d778fa9ffee
material,#hash_419b7e778faa01a1
material,#hash_419d467de67723a3
material,#hash_419d477de6772556
material,#mc/mtl_p7_rope_pile
material,#wc/t7_concrete_floor_garage
material,#mc/mtl_p7_mou_console_control_corner_leather
material,#hash_41acc9b60e7b6c4b
material,#mc/mtl_c_t7_warrior_body1_clasps_skin1
material,#hash_41b7592d5cb37e0f
material,#mc/mtl_p7_rus_bookshelf_metal_decal_nail
material,#mc/mtl_p7_slu_corkboard_dust
material,#mc/mtl_p7_foliage_tree_spruce_norway_trunk_wind
material,#hash_41f1cb4825b2f86a
material,#mc/mtl_p7_zm_moo_biodome_shell_pipe
material,#mc/mtl_p7_zm_ctl_gondola_roller_rubber
material,#mc/mtl_p7_mou_pallet_wood_wood
material,d#hash_420a37dec34939cf
material,#mc/mtl_p8_mphd_lightbox_glass
material,#hash_4221e1b9af96cf28
material,#hash_4221e3b9af96d28e
material,#hash_4221e4b9af96d441
material,#mc/mtl_c_t7_techno_body1_thrusters_skin1
material,#mc/mtl_p7_zm_tra_door_security_metal_metal_01
material,#mc/mtl_p7_zm_tra_door_security_metal_metal_02
material,#mc/mtl_p7_zm_tra_door_security_metal_metal_03
material,#hash_42398046e6a96103
material,#hash_42398146e6a962b6
material,#hash_42398246e6a96469
material,#hash_42398346e6a9661c
material,#hash_42398446e6a967cf
material,#hash_42398546e6a96982
material,#hash_42398646e6a96b35
material,#hash_42398746e6a96ce8
material,#hash_423d92138baf1628
material,#mc/mtl_p7_jun_foliage_bush_branches_01_snow
material,#hash_426682c2249bb215
material,#mc/mtl_p7_slu_corkboard_wood_light
material,#mc/mtl_p7_zm_asc_pipe_modular_set_weld
material,#hash_42a2590fa7e42c50
material,#hash_42a25a0fa7e42e03
material,#hash_42a25d0fa7e4331c
material,#hash_42a25f0fa7e43682
material,#hash_42a2600fa7e43835
material,#wc/t7_snow_powder_01_blend
material,#vd/t7_cru_snow_footprints_slushy_blend
material,#mc/mtl_p7_zm_ctl_gondola_machine_metal_3
material,#hash_42ca0afdf4c2af13
material,#hash_42ca0bfdf4c2b0c6
material,#mc/mtl_p7_rus_antenna_short_dust_02
material,#mc/t7_mou_metal_siding_trim
material,#hash_42f03de7cee05939
material,#mc/mtl_p7_mou_star_plaque_fluid_below
material,#mc/mtl_p7_mou_keybox_case_set_glass
material,#hash_4311062453357636
material,#hash_43110724533577e9
material,#hash_43124e949252b3d3
material,#hash_43124f949252b586
material,#mc/mtl_p7_mou_stump_concrete_02_snow
material,#hash_4327f89c4ff757b4
material,d#hash_432d71e61c135395
material,#hash_4331ea2335c844dd
material,#hash_433241ce8b0ddf76
material,#hash_43350a09e7d2ce51
material,#hash_4349429c0e8edd37
material,#hash_435a4a3b7271d075
material,#mc/mtl_c_t7_techno_body1_straps_skin1
material,#mc/t7_wood_beam_worn_oak_splintered
material,#mc/mtl_p7_slu_corkboard_cork_light
material,#hash_438a9915a8059aea
material,#hash_438d2f0297aaa023
material,#mc/t7_decal_damage_plaster_tile_01
material,d#hash_43aba577d48e8870
material,#mc/mtl_p7_mou_support_gondola_set_nail_1
material,#mc/mtl_p7_zm_asc_ac_unit_russian_metal01
material,#mc/mtl_p7_ris_shovel_set_rubber_red
material,#hash_44162e8b711d41a8
material,#hash_441c3c8ed065ea0f
material,#hash_4422db249350d808
material,#hash_4422de249350dd21
material,#hash_4425c34d7779eed4
material,#hash_44280b0c290fcd45
material,#hash_443e8fe708c9b3fd
material,d#mc/mtl_p7_mou_cabinet_filing_02
material,#mc/mtl_p7_mou_transformer_floorunit_02_paint_decal_black
material,#mc/t7_zm_ctl_screw_decal
material,#mc/mtl_p7_box_cardboard
material,#wc/mtl_fxanim_gp_concrete_wall_weathered_01_crack
material,#mc/mtl_p7_zur_nw_foundry_set_decal_spalling_02
material,#hash_4484e0c707e5fe85
material,#mc/mtl_veh_mphd_mou_snowcat_light_01_glass_01
material,#mc/mtl_p7_ris_bucket_plastic_5_gal_paint_white
material,#hash_44c91a12b42d2d6a
material,#vd/t7_dlc1_snow_powder_footprints_01_blend
material,d#mc/mtl_p8_mphd_cargo_pallet_snow_volume
material,#mc/mtl_p8_mou_light_floodlight_set_mirror
material,#hash_452d21f66ec59654
material,#mc/mtl_p7_zm_kin_generator_industrial_decal_01
material,#mc/mtl_p7_zm_kin_generator_industrial_decal_02
material,#mc/mtl_p7_mou_bracket_pipe_lrg_set_metal
material,#mc/mtl_p7_mou_pole_light_02
material,#mc/mtl_p7_mou_pole_light_01
material,#hash_45665ca48a715e53
material,#mc/mtl_p7_mou_stump_concrete_02_rusty
material,#wc/t7_decal_damage_bullet_holes_02
material,#mc/mtl_p7_light_glass_bulb_dirty_on
material,#mc/mtl_p7_slu_wire_plastic
material,#mc/mtl_p8_mou_light_floodlight_set_screw
material,#hash_45c5275640f29e89
material,#mc/mtl_c_gen_eye_battery
material,#mc/mtl_p7_mou_gate_generator_metal_decal_01
material,d#mc/mtl_p8_mp_bomb_crate_keypad
material,#hash_460cfd26863919c4
material,d#mc/bullet_collision_glass
material,#hash_462ebfaa5e99cd3e
material,#mc/mtl_p7_mou_fence_metal_01
material,#hash_4652409086baa3bd
material,#hash_4667e0f4259c4151
material,d#mc/mtl_p8_mp_bomb_crate_palette
material,#hash_4698a5b02ea10329
material,#vd/t7_decal_asphalt_damaged_crack
material,#hash_46aba85ae6e143c7
material,#hash_46b1a59302b3f218
material,#mc/mtl_p7_mou_gondola_light_01_bolt
material,#mc/mtl_p7_mou_militarybox_nail
material,#mc/mtl_c_t7_techno_head1_hood_skin1
material,#hash_46cfcfb5165ffd34
material,#hash_46d9cbd25fa3e618
material,#mc/mtl_c_t7_warrior_head1_beardcards
material,#hash_46f29d361f08e0d5
material,#mc/mtl_p7_mou_transformer_floorunit_02_leaks
material,#mc/mtl_p7_mou_dome_radio_set_weld
material,#hash_472f5dd8bc43b121
material,#hash_474755c4eb0f61a0
material,#mc/invisible_decal
material,#mc/mtl_p7_mou_tank_propane_bottle_long_base
material,#mc/t7_metal_trim_rivets_01
material,#hash_47a18aafce4be198
material,#mc/mtl_p7_ibeam_bracket_dark
material,#hash_47b80b53e2d3d179
material,#hash_47bdde1aed958ed1
material,#mc/mtl_p7_mou_earmuffs_industrial_plastic
material,#mc/mtl_c_t7_assassin_body1_grenade1
material,#mc/mtl_p7_snow_chunk_trim_micro
material,#hash_47fd0e5a84576d8b
material,d#hash_4803755410b865a2
material,#mc/mtl_p8_mphd_box_copy_paper_set_section
material,#vd/t7_cry_decal_paint_scratched_blue
material,#mc/mtl_p7_zm_ctl_gondola_bolts_01
material,#hash_482b94721a70ed20
material,#hash_482b95721a70eed3
material,#hash_482b97721a70f239
material,#hash_482b98721a70f3ec
material,#hash_482b99721a70f59f
material,#hash_4849a5b990cc1051
material,#wc/rus_art_metal_grey_trim
material,#mc/mtl_p7_zur_rock_rubble_pile_08_snow
material,#mc/mtl_p7_trashcan_street_metal_dmg_wet
material,#hash_487aa015bd4050f6
material,#mc/mtl_p7_mou_pallet_wood_snow_decal_wood
material,#mc/mtl_p8_mphd_roof_vent_base_01_rust_02
material,#mc/mtl_p7_mou_tank_horizontal_decal_01
material,#mc/mtl_p7_mou_tank_horizontal_decal_02
material,#mc/mtl_p7_mou_tank_horizontal_decal_03
material,#mc/mtl_p7_mou_tank_horizontal_decal_04
material,#mc/mtl_p7_mou_tank_horizontal_decal_05
material,#mc/mtl_p7_mou_tank_horizontal_decal_06
material,#mc/mtl_p7_mou_tank_horizontal_decal_07
material,#mc/mtl_p7_mou_tank_horizontal_decal_08
material,#mc/mtl_p7_mou_tank_horizontal_decal_09
material,#hash_4895102d428f0fb0
material,#hash_4895132d428f14c9
material,#mc/mtl_p7_mou_tank_horizontal_decal_10
material,#mc/mtl_p7_rus_plank_metal_01
material,#hash_48c73915326e8424
material,#wc/t7_decal_damage_concrete_tile_01_wet
material,d#mc/mtl_p8_mp_flag_base_01_metal
material,#mc/mtl_p7_rus_handrail_modular_decal
material,#hash_48e350999a8eaccf
material,d#mc/mtl_wpn_t8_eqp_briefcase_bomb_decals_label
material,#hash_48eced5e6b4dd967
material,d#hash_48ff155ea351bb38
material,#hash_490e301eef382d94
material,#mc/mtl_p7_ris_paint_roller_set_decal_01
material,#mc/mtl_p7_mou_clock_wall_glass
material,#mc/mtl_p7_mou_cover_corrugated_decal
material,#hash_49220322808c0cec
material,#hash_493dda80b88aff8a
material,#hash_4940f5d6a9005089
material,d#mc/mtl_p7_mou_h_beams_stack_metal
material,#mc/mtl_p7_mou_table_steel_dirty_01
material,#mc/mtl_p7_mou_table_steel_dirty_02
material,#mc/mtl_p7_mou_table_steel_dirty_03
material,#mc/mtl_p7_box_copy_paper_nocull
material,#mc/mtl_medical_monitor_wall_mounted_decal
material,#hash_499a972ebe6932a6
material,#mc/mtl_c_t7_warrior_body1_pants_skin1
material,#mc/mtl_p7_zur_nw_foundry_set_metal_02
material,#mc/mtl_p7_zur_nw_foundry_set_metal_01
material,#mc/mtl_p7_mou_console_control_button_electronics
material,#hash_49d729cf9594215f
material,#hash_49d7b4aed86dd850
material,#mc/mtl_c_t7_warrior_body1_egypt_gear_6_skin1
material,d#mc/bullet_collision_metalthin
material,#mc/mtl_p8_mou_surveillance_rack_server_brushedmetal
material,#hash_4a03ad9b351bc82b
material,#hash_4a04111a584fa377
material,#mc/mtl_p7_mou_data_computer_decal_01
material,#mc/mtl_p7_mou_data_computer_decal_03
material,#mc/mtl_p7_mou_data_computer_decal_02
material,#mc/mtl_p7_mou_data_computer_decal_05
material,#mc/mtl_p7_mou_data_computer_decal_04
material,#mc/mtl_p7_mou_data_computer_decal_07
material,#mc/mtl_p7_mou_data_computer_decal_06
material,#mc/mtl_p7_mou_data_computer_decal_08
material,#hash_4a441e6f698ed8ab
material,#hash_4a4f1683cc02f27a
material,#hash_4a4f1783cc02f42d
material,#hash_4a527b83cc05d3f0
material,#hash_4a527d83cc05d756
material,#hash_4a527e83cc05d909
material,#hash_4a527f83cc05dabc
material,#hash_4a528083cc05dc6f
material,#hash_4a528183cc05de22
material,#hash_4a528283cc05dfd5
material,#hash_4a528383cc05e188
material,#hash_4a528483cc05e33b
material,#hash_4a56bb773bc37be6
material,#hash_4a56bd773bc37f4c
material,#hash_4a56be773bc380ff
material,#hash_4a56c0773bc38465
material,#mc/mtl_p7_mou_keybox_case_set_link
material,#hash_4a61ea2a6a93ba9f
material,#hash_4a7324ef3b54025b
material,#hash_4a7326ef3b5405c1
material,#hash_4a7328ef3b540927
material,#hash_4a7329ef3b540ada
material,#mc/mtl_p8_mphd_roof_vent_base_01_dirt
material,d#hash_4a887df8b411e00a
material,d#mc/mtl_p7_mou_snow_chunk_snow_decal
material,#mc/mtl_p7_slu_fuse_box_electric_set_wire
material,d#mc/mtl_p8_mphd_tool_chest_rolling_lrg_b_handles
material,#mc/mtl_p7_zm_der_light_set_paint_green_drk
material,#mc/mtl_c_t7_battery_body1_ammo_belt_skin1
material,#hash_4b23e63d12081d98
material,#hash_4b23e83d120820fe
material,#hash_4b23e93d120822b1
material,#hash_4b3a57e6aab111d9
material,#mc/mtl_p7_mou_sign_warning_dirt
material,#mc/mtl_p7_mou_folder_manila_paper
material,#mc/mtl_p7_mou_phone_vintage_number
material,#mc/mtl_p7_debris_trash_paper_02
material,#mc/mtl_p7_debris_trash_paper_09
material,#mc/mtl_c_hro_khalil_egypt_gear_3
material,d#mc/mtl_p7_mou_h_beams_stack_wood2
material,d#mc/mtl_p7_mou_h_beams_stack_wood3
material,#mc/mtl_p7_debris_trash_paper_10
material,#hash_4b83f8a436992dfa
material,#hash_4b854c603c56e13e
material,#mc/mtl_p7_mou_vent_roof_metal_decal_02
material,d#ei/gfx_gib_glass_02_em
material,#mc/mtl_p7_mou_pole_light_off
material,#lut_mp_mountain2
material,#mc/mtl_p7_sweep_wood
material,#hash_4bec2daafe336666
material,#mc/mtl_p7_foliage_tree_ponderosa_pine_trunk_snow_inner
material,#mc/mtl_p7_mou_support_gondola_set_nail
material,#mc/mtl_p7_mou_concrete_base
material,#hash_4c23080a7f635888
material,#hash_4c2309ae478acde3
material,#hash_4c230cae478ad2fc
material,#hash_4c230e0a7f6362ba
material,#hash_4c230eae478ad662
material,#hash_4c230f0a7f63646d
material,#hash_4c230fae478ad815
material,#mc/t7_plastic_cable_sgen_black_blue
material,#mc/mtl_p8_mphd_light_utility_set_mirror
material,#wc/t7_decal_damage_concrete_trim_01
material,#mc/mtl_p7_mou_data_computer_glass
material,#mc/mtl_p7_zur_nw_icicles_large_01
material,#hash_4c4d6974f7a758a9
material,#hash_4c4dc37575da8a02
material,#mc/mtl_p7_slu_vent_panel_blot
material,#hash_4c5da026b0c8946f
material,#mc/mtl_p7_mou_wall_clock_label_moscow
material,#hash_4c96d6bea76d0090
material,#hash_4ca92610c9421722
material,#hash_4ccc60399191c19d
material,#mc/mtl_p7_slu_vent_panel_screw02
material,#hash_4cda5e3dce0a22ed
material,#mc/mtl_p7_cai_street_signage_bolt_painted_white
material,#hash_4cf5e3bc3be234df
material,#hash_4cf5fb558cf257c3
material,d#hash_4cfd9a0c2b6e48df
material,#mc/mtl_p7_mou_folder_manila_metal
material,#hash_4d0b41c62a1b9dec
material,#mc/mtl_p7_slu_corkboard_wood_decal
material,#mc/mtl_p7_rus_antenna_short_dust
material,d#mc/mtl_p_dest_water_fountain01_gray
material,#mc/mtl_p7_mou_brace_gondola
material,#hash_4d27df9d16ff2ade
material,#hash_4d36839be98be8bb
material,#hash_4d36849be98bea6e
material,#hash_4d36859be98bec21
material,#hash_4d36869be98bedd4
material,#hash_4d36899be98bf2ed
material,d#mc/mtl_p7_mou_cabinet_filing_02_rust
material,#wc/t7_metal_worn_iron_dark
material,#hash_4d5ab7964d17fc17
material,#mc/mtl_c_t7_blockout_battery_body1_holster_skin1
material,#mc/mtl_p7_zm_asc_hose_set_decal_03
material,#mc/mtl_p7_zm_asc_hose_set_decal_04
material,#mc/mtl_p7_zm_ctl_light_warning_tesla_set_light
material,#hash_4d85c5336843dd1d
material,d#mc/mtl_p7_mou_light_pole_light_cap_decal
material,#hash_4d93fa616f958e4c
material,#hash_4da73dff34561d67
material,#mc/mtl_p7_zm_ori_lantern_vintage_metal_decal_rust
material,#hash_4db9004d744ea574
material,#hash_4db9034d744eaa8d
material,#hash_4dc2eb1d2ce9bdaf
material,#mc/mtl_p7_ris_shovel_set_decal
material,#mc/mtl_p7_railing_metal_01_plate_decal
material,#hash_4ddc9b24c4b06789
material,#mcs/mtl_p7_wires_electrical_rubber
material,#hash_4de991553178e8cc
material,d#hash_4df56b939945cb57
material,#hash_4dffeab83bd729bb
material,#hash_4e1528eecfd0fd03
material,#hash_4e29ceb338307319
material,#hash_4e2ce50c0daf2abb
material,#hash_4e2ce60c0daf2c6e
material,#hash_4e2e9ee17139ecf9
material,#mc/mtl_p7_pipe_metal_hp_4_02_white
material,#hash_4e326fd1def36ae4
material,#hash_4e3270d1def36c97
material,#hash_4e3272d1def36ffd
material,#mc/mtl_p7_slu_vent_panel_screw
material,#wc/t7_sky_rubber_floor_grip_mid_grey
material,#mc/t7_metal_chain
material,#hash_4e7b264211d7538b
material,#hash_4e7b284211d756f1
material,#mc/mtl_p7_foliage_bush_snowy_03_branch_snow
material,#mc/mtl_p8_mphd_light_utility_set_decal
material,#hash_4ea97907b0792c1a
material,#hash_4ec96ee30c212df6
material,#hash_4ed944c439684cc0
material,#hash_4ed945c439684e73
material,#hash_4ed946c439685026
material,#wc/decal_damage_asphalt_pothole02
material,#hash_4ee50f331491aea5
material,#hash_4eea512f39ee6af1
material,#hash_4f1f2212e2e6b19e
material,#mc/mtl_p7_debris_concrete_rubble_med_03_warm
material,#wc/t7_veh_decal_grunge_rust_09_red
material,#mc/mtl_p7_zm_ori_tool_shovel_wood_01
material,#mc/mtl_p7_mou_ladder_metal_screw
material,#mc/mtl_p7_mou_transformer_floorunit_02_paint_decal
material,#mc/mtl_p7_zm_tra_can_spray_decal
material,#mc/t7_metal_paint_worn_grey
material,#hash_4fa9c8108bf760d7
material,#hash_4fa9c9108bf7628a
material,#hash_4fa9ca108bf7643d
material,#mc/mtl_p7_mou_sign_warning_dirt_black
material,#hash_4fbe3d63d45d63f8
material,#hash_4fbe3f63d45d675e
material,#hash_4fbe4363d45d6e2a
material,#mc/mtl_p7_debris_cardboard_flat_08_wet
material,#hash_4fed8e5ca59d0342
material,#mc/mtl_p7_mou_fence_snow_red_post
material,d#hash_500ddd4b44547546
material,#hash_5010bc9184c524dc
material,#hash_5010bf9184c529f5
material,#mc/mtl_p7_mou_barrel_metal_02_metal_painted
material,#wc/t7_metal_garage_door_rollup_01_bare
material,#mc/mtl_p7_mou_data_recorder_sml_glass_01
material,#mc/mtl_p7_mou_data_recorder_sml_glass_02
material,#mc/mtl_c_t7_techno_head1_visor_skin1
material,#wc/t7_cru_snow_footprints_slushy_blend
material,#mc/mtl_p7_zm_isl_door_trap_decal_01
material,#mc/mtl_p7_zm_isl_door_trap_decal_05
material,#mc/mtl_p8_mphd_box_copy_paper_set
material,#hash_50921d829de00d78
material,d#hash_5096c229cf3bdef7
material,#mc/mtl_p7_railing_metal_01_plate_metal
material,#mc/mtl_p7_zm_asc_ac_unit_russian_dirty02
material,#mc/mtl_p7_zm_asc_ac_unit_russian_dirty03
material,#mc/mtl_p7_zm_asc_ac_unit_russian_dirty01
material,#mc/mtl_c_t7_battery_hair_eyelashes
material,#hash_50a7262a48a48bbb
material,#mc/mtl_p7_farm_tools_saw_metal
material,#mc/mtl_p7_ris_paint_roller_stick_set_brush_white
material,#mc/mtl_p7_zm_tra_can_spray_metal
material,d#mc/bullet_collision_paintedmetal
material,#hash_50bebd4932a5fd49
material,#hash_50c381d01c26a1ee
material,d#hash_50c5a7b64c355664
material,#mc/mtl_p8_mp_bomb_crate_whole_destroyed_burned02
material,#hash_50e839aef7ed7358
material,#hash_50f3c567e41fa113
material,#hash_50f987d5c1fd3a13
material,d#mc/mtl_p8_wz_supply_stash_ammo
material,d#mc/187_grey
material,#mc/mtl_p7_zm_ctl_light_warning_tesla_set_red_light
material,#mc/mtl_p7_mou_light_cage_set_decal_04
material,#mc/mtl_p7_mou_light_cage_set_decal_03
material,#mc/mtl_p7_mou_light_cage_set_decal_02
material,#mc/mtl_p7_mou_light_cage_set_decal_01
material,#hash_51180027141ec740
material,#hash_512c6e7d938a7e5f
material,#hash_513b6752804b1e9b
material,#mc/mtl_p7_mou_clock_wall_decal01
material,#hash_51584f20ce5708a1
material,#hash_5161cc0b3cb332ef
material,#wc/t7_ice_creek
material,#hash_517b04f0e95a1357
material,#hash_5181f8d97b622dfb
material,#wc/t7_proto_metal_wire_fence
material,#mc/mtl_skybox_mp_mountain2_override
material,#hash_51a13620bcff1890
material,#hash_51a24de20c230f76
material,#mc/mtl_c_bc_femalesoldier_grenade
material,#mc/mtl_p7_mou_militarybox_metal
material,d#mc/mtl_p7_barrier_block_concrete_rusty
material,#mc/mtl_p7_street_curb_concrete_dmg_64a
material,#mc/mtl_p7_street_curb_concrete_dmg_64b
material,#hash_5205916efacdc4f9
material,#mc/mtl_p7_icicle_ice
material,#mc/mtl_p7_mou_pole_cable_support_02
material,#mc/mtl_p7_mou_pole_cable_support_01
material,#mc/mtl_p7_vent_metal_dampers
material,#hash_522d82e1b3243958
material,#ei/gfx_gib_concrete_02_em_low_lite_i8
material,#hash_526a6303c898b8d0
material,#hash_526ca924706fab76
material,#hash_526cdcd94185c62a
material,#mc/mtl_p7_conduit_metal_outlets
material,#mc/mtl_p7_zm_asc_bracket_awning_dirty
material,#mc/mtl_p7_mou_light_cage_set_glass
material,#mc/mtl_p7_mou_transformer_floorunit_02_rubber_yellow
material,#mc/mtl_p7_slu_bucket_plastic_metal
material,#hash_52846988509f8f6f
material,#mc/mtl_p7_roof_vents_02_paper_grey_dk
material,#mc/mtl_c_t7_warrior_body1_cloth_light_skin1
material,#mc/mtl_p7_pipe_metal_hp_12_valve_01_red
material,#hash_52db9ae7d5aaf009
material,#mc/mtl_p7_rus_box_electric_pipeline
material,#hash_52e5779d69ebe09e
material,#hash_52e5799d69ebe404
material,#hash_52e57b9d69ebe76a
material,#hash_52e57c9d69ebe91d
material,#wc/t7_decal_grunge_ceiling_water_stain
material,d#mc/mtl_c_gen_insidemouth_teeth
material,#mc/mtl_p7_barrier_block_concrete_long_decal01
material,#hash_535c3d88cfeed6af
material,#hash_5362f5c25cc55360
material,#hash_536a9c5e418c8537
material,d#mc/mtl_p7_mou_console_control_lable_glass
material,#wc/mtl_p7_cry_cryogen_pod_glass
material,#hash_5388e79433bb8532
material,#hash_53891b8ad04e4f2e
material,#mc/mtl_p7_light_fluorescent_subway_bulb
material,#hash_538d82892ead925c
material,#mc/mtl_p7_electrical_box_set2_boxes
material,#mc/mtl_p7_rus_box_electric_set_key_02
material,#mc/mtl_p7_rus_box_electric_set_key_03
material,#hash_539b587abfd805f6
material,#mc/mtl_p7_railing_metal_01_beam_weld
material,#hash_53bc4904e843e630
material,d#hash_53d3ff5992fbb947
material,#hash_53d8574b237ac89f
material,#mc/mtl_p7_cup_coffee_paper
material,#mc/mtl_p7_dock_wood_rustic_set_decal_03
material,#mc/mtl_p7_dock_wood_rustic_set_decal_05
material,#hash_5416471706a8f51a
material,#mc/mtl_p7_zm_ctl_desk_supply_pen_holder_metal_yellow_01
material,#mc/mtl_p7_zm_kin_generator_industrial_shell_02
material,#mc/mtl_p7_zm_kin_generator_industrial_shell_01
material,#mc/mtl_p7_rus_plank_metal_decal_01
material,#mc/mtl_p7_rus_plank_metal_decal_02
material,#hash_549205e66db6b78d
material,#hash_549e2161f3af4288
material,d#hash_54b3094fae3bb603
material,#hash_54c162ba37e5e014
material,#ei/gfx_clouds_01_infection_fallaway_em_light
material,#hash_550912f77f95de80
material,#mc/t7_zm_isl_decal_signage_stripe_caution
material,#mc/mtl_p7_zm_nac_bucket_metal
material,#mc/mtl_p8_mphd_lightbox_glass_02
material,#mc/mtl_p7_mou_electric_switch_decal_metal_01
material,d#mc/mtl_p8_mphd_cargo_pallet_net_02_copper_01
material,#hash_552ce011a4e4f3d7
material,#hash_55388cc3a65ad962
material,#mc/mtl_p7_snow_chunk_floor_01_micro
material,#hash_5547d08a37b5b647
material,#hash_5547d18a37b5b7fa
material,#mc/mtl_skybox_default_black
material,#mc/mtl_p7_ris_paint_roller_stick_set_metal_white
material,#hash_557d492bc2881223
material,#mc/mtl_p7_ris_tool_level_glass
material,#mc/mtl_p7_mou_vent_roof_metal_nail
material,#mc/mtl_p7_rus_tank_pressure_set_snow
material,#mc/mtl_p7_zm_asc_light_emergency_plastic_01
material,#mc/mtl_c_t7_battery_gear_8
material,d#mc/mtl_p7_mou_light_pole_decal_01
material,#hash_55b0b9326d07bec6
material,d#hash_55d720b72a64d8e6
material,d#mc/bullet_collision_metal
material,d#mc/mtl_wpn_t8_eqp_briefcase_bomb_top
material,#mc/mtl_p7_rus_gate_chainlink_set_copper
material,#mc/mtl_p7_light_metal_recessed
material,#mc/mtl_p7_ris_paint_roller_stick_set_brush
material,d#hash_561bc21fa41f66a3
material,d#hash_5623bf528e593c03
material,#hash_563570eb9abc0408
material,#hash_563858eb9abe1117
material,#hash_564958eb9acc844a
material,#mc/mtl_p7_zm_asc_bracket_awning_decal
material,#mc/mtl_c_t7_techno_body2_lights
material,#mc/mtl_p7_mou_coiled_wire_cut
material,#hash_56afddb8e0908342
material,#hash_56b63dd7b774bcef
material,#mc/mtl_p7_ra2_tool_vintage_set_decal_05
material,#mc/mtl_p7_debris_concrete_rubble_med_01_warm
material,#mc/t7_decal_grunge_ceiling_water_stain
material,#mc/mtl_p7_zm_asc_box_electrical_glass
material,#mc/mtl_c_t7_techno_body1_shoulderguard_left_skin1
material,#hash_56efede94ab09664
material,#mc/mtl_p7_mou_cable_protector_leaks
material,#mc/mtl_p7_rus_sign_wall_pers_only_decal
material,#hash_570119cf05c86d15
material,#hash_570d0e7a4cba37b6
material,#mc/mtl_p7_mou_sign_warning_screw
material,#mc/mtl_p7_light_round_spot
material,#hash_57384164ec9fc13d
material,#mc/mtl_p7_zm_asc_antenna_radar_drity
material,#wc/t7_concrete_block_barrier_01
material,#hash_574b8798e6e818ab
material,#hash_574b8898e6e81a5e
material,#hash_574b8998e6e81c11
material,#hash_574bc149850f44a8
material,#hash_574bc249850f465b
material,#hash_574bc449850f49c1
material,#wc/t7_cru_snow_02_reveal
material,#wc/t7_decal_grunge_rust_blend_red
material,#hash_5766ce5dc329866e
material,#mc/mtl_p7_mou_trash_can_fe
material,#mc/mtl_p7_ris_droid_cables
material,#hash_57740c0016cd39d5
material,#hash_5788ec913538ba3b
material,#hash_5792f3dfa6d2e6c8
material,#mc/mtl_medical_monitor_wall_mounted_wire
material,#hash_5799661dde314e90
material,#mc/mtl_p7_mou_transformer_floorunit_02_paint_normal
material,#mc/mtl_p7_beams_construction_stack_wood_blue
material,#hash_57c02fe487f541e0
material,#mc/mtl_p7_barrier_block_concrete_long_clean01
material,#hash_57d0cca3fce78c23
material,#hash_57d782b5d9a20669
material,#hash_57dacd167d5285c5
material,#mc/mtl_p7_rolled_tarp_brown
material,d#mc/mtl_mphd_forklift_pillar
material,d#mc/mtl_p7_mou_light_pole
material,d#mc/bullet_collision_metalcatwalk
material,#hash_5827ee575b9ecb26
material,#mc/mtl_p7_zm_shi_loudspeaker_decal_grunge_01
material,#wc/infinite_blackness
material,#mc/mtl_p7_cloth_drape_06_blue_tarp
material,#mc/mtl_p7_mou_tank_propane_bottle_long_paint_turq
material,#mc/mtl_p7_mou_air_vent_wall_metal
material,#mc/mtl_p7_zm_debris_newspaper_german_burnt
material,#wc/t7_ntx_metal_grate_flooring
material,#hash_58a69ffceb871ec0
material,#hash_58afb84016fec4a0
material,#hash_58afb94016fec653
material,#hash_58afba4016fec806
material,#hash_58afbf4016fed085
material,#mc/mtl_p7_light_fluorescent_subway_bulb_off
material,d#mc/mtl_mphd_forklift_glass_white
material,#mc/mtl_p7_mou_dome_radio_set_snow
material,#mc/mtl_p7_zm_tra_door_security_metal_decal_06
material,#mc/mtl_p7_zm_tra_door_security_metal_decal_07
material,#mc/mtl_p7_zm_tra_door_security_metal_decal_04
material,#mc/mtl_p7_zm_tra_door_security_metal_decal_05
material,#mc/mtl_p7_zm_tra_door_security_metal_decal_02
material,#mc/mtl_p7_zm_tra_door_security_metal_decal_03
material,#mc/mtl_p7_zm_tra_door_security_metal_decal_01
material,#mc/mtl_p7_zm_tra_door_security_metal_decal_08
material,#mc/mtl_p7_zm_tra_door_security_metal_decal_09
material,#mc/mtl_p7_zm_tra_door_security_metal_decal_11
material,#mc/mtl_p7_zm_tra_door_security_metal_decal_10
material,#mc/mtl_p7_zm_tra_door_security_metal_decal_13
material,#mc/mtl_p7_zm_tra_door_security_metal_decal_12
material,#mc/mtl_p7_zm_tra_door_security_metal_decal_14
material,d#mc/mtl_mphd_forklift_rim_paint_black
material,#ei/gfx_debris_gib_snow_01
material,#mc/mtl_p7_slu_vent_panel_rust
material,#hash_594a262446cb483c
material,#mc/mtl_p7_zm_tra_door_security_metal_glass_01
material,#mc/mtl_c_t7_techno_body1_shinguards_skin1
material,d#mc/mtl_p7_mou_console_control_b_lrg_black
material,#hash_597c46014a4bb992
material,#mc/mtl_p7_mou_support_beam_set_decal_dirt_01
material,#hash_5982e7b2f7b07e72
material,#hash_59866a978ad040be
material,#hash_59c0ceb2afc402de
material,d#hash_59c1b6c47ae90d93
material,#mc/mtl_p8_mou_monitor_ceiling_metal
material,d#hash_5a146b364538fb3b
material,d#mc/mtl_p8_mp_flag_pole_01
material,#wc/t7_shr_snow_swept_blend
material,#hash_5a2e9f1bdca913cf
material,#mc/mtl_c_t7_battery_body1_wristwrap_skin1
material,#hash_5a2f7afddabe35b2
material,d#hash_5a313d6044f6f0d4
material,#mc/mtl_p7_rus_sign_wall_highvoltage_01_decal_01
material,#hash_5a5643b2b82a84a8
material,#hash_5a5646b2b82a89c1
material,#hash_5a706734ae49a90a
material,#mc/mtl_c_t7_warrior_head1_emissive
material,d#mc/mtl_p7_mou_light_pole_light_02
material,d#mc/mtl_p7_mou_light_pole_light_01
material,#mc/mtl_p7_mou_scaffolding_wheel_rubber
material,#mc/mtl_p8_mou_monitor_ceiling_slice
material,#mc/mtl_p7_mou_sign_personnel_only_main
material,#mc/mtl_p7_construction_hardhat
material,#mc/mtl_c_t7_battery_head1_dogtags
material,#mc/mtl_p7_slu_wire_rubber
material,d#mc/mtl_p7_mou_light_pole_light_cap
material,d#mc/mtl_p7_mou_light_pole_base_concrete
material,#hash_5b0329a45e4349e7
material,#hash_5b041676e41741a8
material,#hash_5b041776e417435b
material,#hash_5b041876e417450e
material,#hash_5b041d76e4174d8d
material,#mc/mtl_p7_zur_rock_rubble_pile_01_snow
material,#hash_5b28a573f4bfa127
material,#hash_5b28e6a443ced482
material,#mc/mtl_p7_mou_data_computer
material,#hash_5b366afcd0d7595f
material,#mc/mtl_p7_zm_asc_pipe_modular_set_decal_dirt
material,#mc/mtl_c_t7_warrior_body1_pouch1_skin1
material,#hash_5b5e3aa7ad8393df
material,#mc/mtl_c_t7_techno_body1_cyberhand_skin1
material,#hash_5b7b21995f41770a
material,#wc/t7_metal_worn_iron_yellow
material,#hash_5b9fa9d99522ddbc
material,#hash_5ba90e5b77ac7c7c
material,#hash_5baef5e6d6fae992
material,#hash_5bafe0f4b7119ffd
material,#mc/mtl_veh_mphd_mou_snowcat_interior_meter_02
material,#hash_5bb335ff3cc12c1a
material,#mc/mtl_p7_zm_ori_lantern_vintage_metal_decal_weld
material,#mc/mtl_p7_foliage_bush_snowy_03_trunk_cheap_snow
material,#hash_5bdec85ba817a606
material,d#mc/mtl_p7_mou_coffee_urn_metal_02
material,d#mc/mtl_p7_mou_coffee_urn_metal_01
material,#hash_5bee1b06f4234fd4
material,#hash_5bee6bd2a4e65e01
material,#wc/t7_plastic_wire_black
material,#mc/mtl_p8_mou_monitor_ceiling_dirt
material,#mc/mtl_p7_zm_asc_light_emergency_lamp
material,#mc/mtl_p7_mou_console_control_b_lrg_leather_dmg
material,#hash_5c22c3da72852be8
material,#mc/t7_decal_damage_plywood_edge_wet
material,d#hash_5c46f18d0904141a
material,#hash_5c53dff821bd89ce
material,#hash_5c84d543bfb7be84
material,#mc/mtl_p7_slu_outlet_electrical_02
material,#mc/mtl_p7_slu_outlet_electrical_01
material,#hash_5cc4915a9901430c
material,#hash_5ccf40809c3afcb9
material,#hash_5cd270ee85be68a3
material,#hash_5cd271ee85be6a56
material,#hash_5cd272ee85be6c09
material,#hash_5cd273ee85be6dbc
material,#hash_5cd274ee85be6f6f
material,#wc/t7_decal_grunge_water_puddle_blend
material,#hash_5d135ff19d9c3057
material,d#mc/mtl_p8_mou_crate_metal_01_iron
material,#hash_5d1f8a7fe0ffafa1
material,#hash_5d285dc4426aa5b4
material,#mc/mtl_p8_mp_bomb_crate_whole_destroyed_harness
material,#wc/mtl_p7_cai_hav_elevator_lift_set_scratch3
material,#hash_5d7367e4d5145f54
material,#hash_5d8e335ad84ee7d1
material,d#mc/mtl_p7_mou_storage_cabinet_dust
material,#hash_5dabd2f03ff2ff07
material,d#hash_5dae5c7be7f6a8ef
material,#hash_5dbbb58e6d3e9d74
material,d#mc/mtl_p7_slu_trash_bag_standing_plastic01
material,#hash_5e01d50c0b657ed5
material,#hash_5e230649f3544034
material,#hash_5e230949f354454d
material,#hash_5e2c256a019be1d0
material,#mc/mtl_p8_mphd_lightbox_plastic
material,#hash_5e481f36cf0e2637
material,#mc/mtl_p7_debris_trash_can_cola_01
material,#hash_5e6f0f070021bae4
material,#mc/mtl_p7_mou_keybox_case_set_decal_04
material,#mc/mtl_p7_mou_keybox_case_set_decal_03
material,#mc/mtl_p7_mou_keybox_case_set_decal_02
material,#mc/mtl_p7_mou_keybox_case_set_decal_01
material,#mc/mtl_p8_mou_monitor_ceiling_glass_01
material,#mc/mtl_p7_bottle_milk_broken_top_edge
material,#mc/mtl_p7_zm_asc_floor_gantry_blot
material,#wc/mtl_p7_zur_nw_foundry_set_grate
material,d#hash_5ef2e220533e59f8
material,#wc/t7_dirt_tire_tracks_muddy_01_blend
material,d#mc/mtl_veh_t7_mphd_forklift_decal_hole_01
material,#hash_5f068179af2e72d7
material,#mc/mtl_p7_electrical_box_set2_meterbox
material,#mc/mtl_p7_bucket_shrapnel_chunks
material,#mc/mtl_p7_cardboard_bundle_worn_deacl_a
material,#hash_5f132dfd844a5229
material,#mc/mtl_p7_wes_metal_pulley_base
material,#hash_5f1fa1eb25d0400b
material,#hash_5f31f0f3e2e5adcd
material,#hash_5f3dc83172dd3003
material,#mc/mtl_p7_mou_tank_propane_bottle_long_decal_03
material,#mc/mtl_p7_mou_tank_propane_bottle_long_decal_02
material,#mc/mtl_p7_zm_asc_pipe_modular_set_painted_red
material,#wc/t7_dirt_cracks_large_01_blend
material,#mc/mtl_p7_zm_asc_fan_industrial_metal_decal_06
material,#mc/mtl_p7_slu_corkboard_nail01
material,d#mc/mtl_p8_mou_crate_metal_01_snow
material,#vd/t7_cru_snow_02_reveal
material,#wc/t7_zm_ori_dirt_fertile_footprints
material,#hash_5fea430bb5c65536
material,#mc/mtl_p7_mou_sign_personnel_only_back
material,#mc/mtl_p7_zm_asc_light_emergency_decal_01
material,d#mc/mtl_p7_mou_light_pole_light
material,#mc/mtl_p7_aqu_catwalk_01
material,#hash_601e1d2a6523c525
material,#hash_6020769f89c7fd02
material,#mc/mtl_p7_trashcan_street_metal
material,#hash_6024235afec02db5
material,#hash_60297f7f701394d4
material,#mc/mtl_p7_mou_sign_warning_metal
material,#mc/mtl_p8_spa_bucket_metal_01
material,#hash_604d2f462353993b
material,#hash_6057b4a977c6be30
material,#hash_6057b5a977c6bfe3
material,#mc/mtl_p7_mou_support_gondola_set_decal_06
material,#mc/mtl_p7_mou_support_gondola_set_decal_07
material,#mc/mtl_p7_mou_support_gondola_set_decal_01
material,#mc/mtl_p7_mou_support_gondola_set_decal_02
material,#mc/mtl_p7_mou_support_gondola_set_decal_03
material,#hash_605b082d8f076107
material,#hash_60697df16783aca8
material,d#hash_606ff755c67996d2
material,#mc/mtl_p7_mou_fence_metal_wire_fence
material,#mc/mtl_c_t7_techno_body1_arm_rt_b_skin1
material,#mc/mtl_c_t7_techno_body1_chest_device_detail
material,#mc/mtl_p7_zm_ori_lantern_vintage_metal_decal_pitting
material,d#mc/mtl_p8_mphd_cargo_pallet_crate_02_decal
material,#mc/mtl_p7_mou_trash_can_blot_01
material,#mc/mtl_p7_ris_shovel_set_rubber_black
material,#mc/mtl_p7_mou_sign_personnel_only_decal
material,#hash_60f0ed2fdeba4f68
material,#hash_61017bc59929cf0c
material,#mc/mtl_c_t7_techno_body1_forearm_skin1
material,#hash_610f83b02064a86e
material,#hash_6114021c19770519
material,#mc/mtl_c_t7_mp_techno_egypt_gear_7
material,#hash_612545cbfc5ee5ac
material,#mc/mtl_p7_mou_militarybox_snow
material,#mc/mtl_p8_mou_light_floodlight_set_paintedmetal_05
material,#mc/mtl_p8_mou_light_floodlight_set_paintedmetal_04
material,#mc/mtl_p8_mou_light_floodlight_set_paintedmetal_01
material,#mc/mtl_p8_mou_light_floodlight_set_paintedmetal_03
material,#mc/mtl_p8_mou_light_floodlight_set_paintedmetal_02
material,#hash_61691fbe2f2ffda0
material,#hash_61791487d3b3f4b8
material,#hash_61791587d3b3f66b
material,#hash_61791987d3b3fd37
material,#hash_61791a87d3b3feea
material,#hash_61791b87d3b4009d
material,d#mc/mtl_p7_mou_console_control_lable02
material,#mc/mtl_p7_rus_antenna_short_metal_black
material,#hash_618bbe84db74ae1a
material,#hash_618c8731776038f2
material,#hash_6198dffd560eac2b
material,#mc/mtl_p7_rus_bookshelf_metal_decal_dirt_white
material,#hash_619a9304da3af0be
material,#mc/mtl_p7_mou_coffee_carafe_metal_01
material,#hash_61a88ff338fffd97
material,d#mc/mtl_p7_mou_snow_chunk_snow
material,#mc/mtl_c_t7_warrior_head1_haircards
material,#mc/mtl_p7_rus_box_electric_part_02
material,#mc/mtl_p7_rus_timecard_set_decal_02
material,#mc/mtl_p7_rus_timecard_set_decal_03
material,#mc/mtl_p7_rus_timecard_set_decal_01
material,#hash_620d81e6b07bc3cd
material,#mc/mtl_c_t7_warrior_body1_lights
material,#hash_621c0357bafc70b7
material,#hash_621c0457bafc726a
material,#mc/mtl_c_t7_blockout_battery_body1_pistol_mr6_plastic_skin1
material,#mc/mtl_p7_mou_clock_wall_back
material,#mc/mtl_c_t7_mp_battery_body1_lights
material,#mc/mtl_p7_mou_militarybox_wood_blue
material,#hash_624c6b535411113e
material,d#hash_6254877bdaf8f945
material,#mc/mtl_p7_foliage_tree_pine_trunk_01
material,#mc/mtl_p7_rus_antenna_short_metal
material,#hash_627ae50dc3a5512d
material,#hash_62879ea7a1374d18
material,#hash_6287a0a7a137507e
material,#hash_6287a1a7a1375231
material,#hash_6287a3a7a1375597
material,#mc/mtl_p7_zm_asc_sign_exit_russian_base
material,#hash_62a8ef2dd1ee5aa3
material,#hash_62ab5c90c77d9575
material,#hash_62b23c80daeabe56
material,d#mc/mtl_p7_mou_cabinet_filing_02_clean
material,#mc/mtl_p7_zm_asc_wires_bunker_set_metal
material,d#mc/mtl_p8_mp_flag_pole_01_metal
material,d#mc/mtl_c_gen_eye_blue
material,#mc/mtl_p7_rus_bookshelf_metal
material,#mc/mtl_p7_zm_shi_gate_metal_set_decal_02
material,#hash_62d69e0e6b4a00a5
material,#hash_62ed9eab09e7b9f9
material,#hash_62f8f9fc6a840d40
material,#hash_62f9618b449964ef
material,#hash_62f9628b449966a2
material,#hash_62f9638b44996855
material,#hash_6303939e1d205800
material,#mc/mtl_p7_mou_support_beam_set_decal
material,#mc/mtl_p7_mou_console_control_b_lrg_leather
material,d#mc/mtl_p7_slu_barrel_metal_transparency
material,#hash_633ad2be4b959a2d
material,#hash_634658d7d08f0086
material,#mc/mtl_lights_cagelight01
material,#hash_635821d4e8bb7c65
material,#mc/mtl_p7_zm_asc_light_emergency_metal
material,#mc/mtl_p7_mou_dome_radio_set_brace
material,#mc/mtl_p7_rus_light_studio_rubber
material,#hash_63825e47cbe601a0
material,#hash_63825f47cbe60353
material,#hash_63826147cbe606b9
material,#wc/t7_rubber_roof_granular
material,#mc/mtl_p7_rus_box_electric_base_08_lid
material,#hash_63846ffe4c00f985
material,#mc/mtl_p7_rus_gate_chainlink_set_nail
material,#mc/mtl_p7_debris_trash_snack_bag_02
material,#mc/mtl_p7_zm_gen_flogger_trap_04_red
material,#mc/mtl_c_t7_battery_head1_headset_glass
material,#hash_63a5c7ceaf888640
material,#mc/mtl_c_t7_warrior_head1_skin1
material,#hash_63b35e58506ca926
material,#mc/mtl_p7_debris_cardboard_flat_05
material,#mc/mtl_p7_pipe_metal_hp_12_flange_bare
material,d#mc/mtl_wpn_t8_eqp_briefcase_bomb_c4
material,#mc/mtl_p7_mou_snow_chunk_dirty_set
material,#hash_641b6c5aec2b4a85
material,#mc/mtl_p7_mou_tank_horizontal_trim
material,#mc/mtl_p7_rus_tank_pressure_set_glass
material,#mc/mtl_p7_zur_rock_river_snow
material,#mc/mtl_p7_mou_tank_horizontal_burned
material,#hash_64301069c87c36ab
material,#mc/mtl_p7_mou_data_recorder_sml_plastic_01
material,#mc/mtl_p7_mou_data_recorder_sml_plastic_02
material,#mc/mtl_p7_mou_data_recorder_sml_plastic_03
material,#mc/mtl_p7_mou_data_recorder_sml_plastic_04
material,#mc/mtl_p7_mou_data_recorder_sml_plastic_05
material,#mc/mtl_p7_mou_data_recorder_sml_plastic_06
material,#mc/mtl_p7_mou_data_recorder_sml_plastic_07
material,#mc/mtl_p7_mou_data_recorder_sml_plastic_08
material,#mc/mtl_p7_mou_data_recorder_sml_plastic_09
material,#mc/mtl_p7_mou_data_recorder_sml_plastic_11
material,#mc/mtl_p7_mou_data_recorder_sml_plastic_10
material,d#mc/mtl_p8_mphd_cargo_pallet_crate_02_01
material,d#mc/mtl_p8_mphd_cargo_pallet_crate_02_02
material,d#mc/mtl_p8_mphd_cargo_pallet_crate_02_03
material,d#mc/mtl_p8_mphd_cargo_pallet_crate_02_04
material,d#mc/mtl_p8_mphd_cargo_pallet_crate_02_05
material,#mc/mtl_p7_rus_box_electric_wire
material,#mc/mtl_p8_wz_supply_stash_decal_strap
material,d#mc/mtl_p7_mou_light_snow
material,#hash_646bfa6afed307d0
material,#hash_646bfc6afed30b36
material,#hash_646bfd6afed30ce9
material,#hash_646bfe6afed30e9c
material,#mc/mtl_p7_mou_sign_personnel_only_rust
material,#mc/mtl_p7_mou_pallet_wood_wood_01
material,#hash_648abeb4309c7ffd
material,#hash_648e54e79032f7b8
material,#mc/mtl_p7_zm_asc_bracket_awning_metal01
material,#mc/mtl_p7_zm_asc_bracket_awning_metal02
material,#mc/t7_cru_snow_01
material,#mc/t7_cru_snow_04
material,#mc/mtl_p7_snow_chunk_trim
material,#hash_6502a7f4897c5c91
material,#mc/mtl_p7_box_copy_paper
material,#hash_65111bd8c3b1bdeb
material,#hash_651b7240446839d7
material,#hash_651b734044683b8a
material,#hash_6532e404ecba9db0
material,#hash_6532e604ecbaa116
material,#hash_6532e704ecbaa2c9
material,#mc/mtl_p7_duct_metal_rectangle_support_dark
material,#mc/mtl_p7_slu_wire_decal_spalling
material,#mc/mtl_p7_mou_star_plaque_star
material,#wc/t7_zm_ori_rubble_concrete_01
material,#mc/mtl_p7_mou_dome_radio_set_trim
material,d#mc/t7_metal_bare_aluminum_matte
material,d#hash_6584e0438a9b5465
material,#hash_6587552a1f27c59d
material,#hash_658d85038107b157
material,#hash_658d86038107b30a
material,#hash_658d87038107b4bd
material,#hash_65b1c970207a9b6d
material,#hash_65c887999bb18082
material,#mc/mtl_p7_foliage_tree_spruce_norway_decals
material,#mc/mtl_p7_global_chainlink_fence_kit_01_mountain
material,#hash_65f136810762436a
material,d#ei/gfx_light_phosphorous_em
material,#mc/t7_metal_worn_aluminum_base_matte
material,#mc/mtl_c_t7_warrior_head1_beardshell
material,#mc/mtl_c_t7_techno_head1_visor_detail
material,#hash_6613f24447e171dc
material,d#hash_661c459e8006cde0
material,#mc/mtl_c_t7_battery_body1_thrusters_skin1
material,d#hash_662bc93a34e2f918
material,d#hash_662bcb3a34e2fc7e
material,d#hash_662bcc3a34e2fe31
material,d#hash_662bcd3a34e2ffe4
material,d#hash_662bce3a34e30197
material,d#hash_662bd03a34e304fd
material,#wc/t7_decal_oil_blend
material,#hash_665bbeab2a543296
material,#hash_6664c9333141dc83
material,#mc/mtl_p7_slu_pole_chainlink_fence_metal_decal
material,#mc/mtl_p7_zm_ori_lantern_vintage_metal_decal_dirt
material,#mc/mtl_p7_zm_kin_generator_industrial_snow_base
material,#mc/mtl_p7_wires_electrical_rubber
material,d#hash_66aed13bb0231182
material,d#mc/mtl_p7_mou_cabinet_filing_02_paint
material,#mc/mtl_p7_zm_kin_data_reel_set_plastic_white
material,#hash_66de3e7d52428b29
material,#mc/mtl_p7_zm_gen_flogger_trap_02_fudse_box
material,#mc/mtl_p8_wz_supply_stash_decal_clip
material,#mc/mtl_p7_mou_electric_switch_metal_05
material,#mc/mtl_p7_mou_electric_switch_metal_04
material,#mc/mtl_p7_mou_electric_switch_metal_03
material,#mc/mtl_p7_mou_electric_switch_metal_02
material,#mc/mtl_p7_mou_electric_switch_metal_01
material,#mc/mtl_c_gen_african_insidemouth_teeth
material,#mc/mtl_p7_mou_clock_wall_body
material,#hash_67541aac249400c6
material,d#mc/global_invisible
material,#hash_67616a3e700c6361
material,#mc/mtl_p7_zm_ctl_light_warning_tesla_set_black_bare_metal
material,d#ei/gfx_gib_metal_01_lit
material,#mc/t7_metal_plate_siding_exterior
material,d#mc/mtl_p8_mphd_cargo_pallet_rust
material,#hash_679e2e1991a9aa28
material,#hash_679e2f1991a9abdb
material,#mc/mtl_p8_mphd_roof_vent_base_01_metal_01
material,#mc/mtl_p8_mphd_roof_vent_base_01_metal_02
material,#mc/mtl_p8_mphd_roof_vent_base_01_metal_03
material,#wc/t7_zm_asc_corrugated_metal_painted_white
material,d#mc/mtl_p7_bucket_plastic_5_gal_blue
material,#hash_67cf077da39267da
material,d#ei/gfx_distort_heat_md
material,#mc/mtl_p7_zm_der_light_set_bulb_small
material,#hash_67f9b8d574131ab9
material,#hash_680042dbc9ebc1ef
material,#hash_680043dbc9ebc3a2
material,#hash_6806643c08523e67
material,#mc/mtl_p7_cai_butcher_meat_hooks
material,#mc/mtl_p8_mp_bomb_crate_whole_destroyed_missile_red
material,d#hash_6814dee60f887965
material,#mc/mtl_p7_zm_asc_ac_unit_russian_paint02
material,#mc/mtl_p7_zm_asc_ac_unit_russian_paint03
material,#mc/mtl_p7_zm_asc_ac_unit_russian_paint01
material,#mc/t7_metal_chainlink
material,#hash_6828a19119b5d645
material,#mc/mtl_p7_box_cardboard_open02
material,#mc/mtl_p7_box_cardboard_open01
material,#mc/mtl_p7_mou_clock_wall_dial
material,#hash_683bf7b2a4d2cc03
material,#hash_683bf8b2a4d2cdb6
material,#hash_68551ac6fd7f93c2
material,#mc/mtl_p7_zm_ctl_light_warning_tesla_set_bare_metal_02
material,#mc/mtl_p7_zm_ctl_light_warning_tesla_set_bare_metal_01
material,#hash_685747436e52d787
material,d#mc/mtl_p7_mou_h_beams_stack_dirt
material,#mc/mtl_p7_rus_antenna_short_tiling
material,d#ei/gfx_dust_fall_lg_anim_lit
material,#hash_6890fe9f00ef7267
material,#mc/mtl_p7_zm_asc_bracket_awning_decal_02
material,#hash_68be509c44c1b1bc
material,d#hash_68c0170361aeb305
material,#mc/mtl_p7_mou_bracket_pipe_lrg_set_decal_06
material,#mc/mtl_p7_mou_bracket_pipe_lrg_set_decal_05
material,#mc/mtl_p7_mou_bracket_pipe_lrg_set_decal_04
material,#mc/mtl_p7_mou_bracket_pipe_lrg_set_decal_03
material,#mc/mtl_p7_mou_bracket_pipe_lrg_set_decal_02
material,#mc/mtl_p7_mou_bracket_pipe_lrg_set_decal_01
material,#mc/mtl_p7_zm_gen_flogger_trap_02_metal
material,#hash_68dfbd5e3811bfd7
material,#hash_68dfbe5e3811c18a
material,#hash_6919f0e84c9f4783
material,#hash_692ef18f90785fad
material,#hash_6932738f907b726a
material,#hash_695c725934dd3197
material,#hash_6985ec017523be13
material,#wc/t7_glass_window_warehouse_transparent
material,#mc/mtl_p7_mou_transformer_floorunit_02_signage
material,#mc/mtl_p7_sweep_green
material,#hash_69b379b6ea047ffb
material,#hash_69c00a1dee3d13e6
material,#wc/t7_water_clean_01_dec
material,d#mc/mtl_p7_mou_light_pole_bolt
material,#hash_69d0cca776c04d97
material,#hash_69d99a1922c25d27
material,#hash_69d99b1922c25eda
material,#hash_69f35133e49d1061
material,#mc/mtl_p7_slu_fuse_box_electric_set_text
material,#hash_6a057da6f7eef6ca
material,#hash_6a156fe519285bf5
material,#hash_6a2461c807b2a5a9
material,#hash_6a33409a7b50802c
material,#hash_6a335cf202b180f9
material,#hash_6a37548fb32d3770
material,#hash_6a51f29d80d5d7af
material,#hash_6a51f39d80d5d962
material,d#ei/gfx_smk_whisp_anim_lit
material,d#mc/mtl_wpn_t8_eqp_briefcase_bomb_circuit_glass
material,#hash_6a697fe21e79ddbb
material,d#mc/mtl_p8_mou_crate_metal_01_leaks
material,#mc/mtl_p8_mp_bomb_crate_whole_destroyed_missile
material,d#mc/t7_decal_grunge_brick_stain_03
material,#mc/mtl_p7_mou_weather_anemometer_decal_metal_02
material,#mc/mtl_p7_mou_weather_anemometer_decal_metal_01
material,#hash_6ab8ab9e697ebd16
material,#mc/mtl_c_t7_battery_straps2
material,#wc/t7_ral_concrete_bare_warm
material,#hash_6ad08dd0ae7862ea
material,#mc/mtl_p7_blast_wall_concrete_decal
material,d#mc/mtl_p7_barrier_block_concrete
material,#mc/mtl_p7_zm_ctl_desk_supply_pen_metal_01
material,d#mc/bullet_collision_wood
material,#mc/mtl_p7_zm_kin_data_reel_set_nail
material,#hash_6af56c26110498b4
material,d#mc/mtl_p8_mp_flag_cloth_neutral
material,#hash_6afde01f7f88f391
material,#wc/t7_ban_metal_rust_corrosion
material,#mc/mtl_p7_window_square_64_dark
material,#wc/t7_ban_metal_painted_scraped
material,d#mc/mtl_p7_mou_console_control_b_lrg02_black
material,#hash_6b267a99ae59268d
material,#mc/mtl_p7_rus_timecard_set_nail
material,d#mc/mtl_p7_mou_storage_cabinet_leaks
material,#mc/mtl_p7_zm_kin_generator_industrial_snow
material,#hash_6b458a062416b4cf
material,#mc/mtl_p7_rus_box_electric_base_decal_05
material,#mc/mtl_p7_rus_box_electric_base_decal_04
material,#mc/mtl_p7_rus_box_electric_base_decal_03
material,#mc/mtl_p7_rus_box_electric_base_decal_02
material,#mc/mtl_p7_rus_box_electric_base_decal_01
material,#mc/mtl_p8_mphd_light_work_utility_generator_dirt
material,#hash_6b782258ddcaabc4
material,#hash_6b782558ddcab0dd
material,#mcs/mtl_p7_box_cardboard_open02
material,#mcs/mtl_p7_box_cardboard_open01
material,d#mc/mtl_p7_mou_storage_cabinet_dirt
material,#wc/t7_ban_metal_trim_no_rivets_01_yellow
material,#hash_6bb8d1f40ee0896a
material,#mc/t7_street_concrete_curb_01b_wet
material,#mcs/mtl_p7_fxanim_gp_trash_newspaper_01_s3
material,#mc/mtl_p7_mou_barrel_metal_02_metal_painted_01_green
material,#wc/mtl_veh_mphd_bm21_decal_grunge_rust_09_red
material,d#hash_6bdf821371c2649d
material,d#hash_6c07d44bcf318cd8
material,#hash_6c0ce2b9aba889bc
material,#hash_6c0ce5b9aba88ed5
material,#mc/mtl_p7_mou_earmuffs_industrial_metal
material,#hash_6c82a378862978f1
material,#hash_6c89638f12b271a3
material,#hash_6c8b40afe5f30d3f
material,#mc/mtl_p7_debris_concrete_rubble_bolt_clean
material,#hash_6ca45b1fab6d181b
material,#mc/mtl_p7_zm_asc_loudspeaker_metal
material,#hash_6cede88924ab3241
material,d#mc/mtl_wpn_t8_eqp_briefcase_bomb_computer
material,d#mc/mtl_p8_mphd_cargo_pallet_snow
material,d#mc/mtl_p8_mp_flag_base_01_bronze
material,#mc/mtl_p8_mphd_roof_vent_base_01_leaks
material,#hash_6d325db11b2a6057
material,#hash_6d469741edfad0cc
material,d#mc/mtl_p7_mou_light_pole_top_lightrig_bolt
material,#wc/t7_zm_isl_decal_signage_stripe_caution
material,#hash_6d904b185dc9defa
material,#mc/mtl_p7_zm_asc_floor_gantry_metal
material,#mc/mtl_p7_zm_der_light_set_metal_worn
material,#mc/mtl_p7_zm_asc_tv_mount_shelf_paint
material,#mc/mtl_p7_zm_asc_wires_bunker_set_wires_tiling
material,#hash_6dc061042dc1b822
material,#mc/mtl_p7_rolled_tarp
material,#mc/mtl_p7_slu_wire_metal_01
material,#mc/mtl_p7_slu_wire_metal_03
material,#hash_6df22d082674a911
material,#mc/mtl_c_t7_techno_body1_shinguards_detail
material,d#mc/mtl_c_hro_soldier_cyberhand_world
material,#mc/mtl_p7_chair_stool_02_worn
material,#mc/mtl_p7_mou_keybox_case_set_glass_01
material,#mc/mtl_p7_mou_wirebundle_plastic_04
material,#mc/mtl_p7_mou_wirebundle_plastic_01
material,#mc/mtl_p7_mou_wirebundle_plastic_03
material,#mc/mtl_p7_mou_wirebundle_plastic_02
material,#wc/t7_metal_trim_weld_01_paint_grey_drk
material,#mc/mtl_medical_monitor_wall_mounted_metal
material,#hash_6e5af1f1b5bf40e7
material,#hash_6e5af2f1b5bf429a
material,#mc/mtl_p7_mou_console_control_lable_text
material,#vd/t7_snow_powder_01_blend
material,#mc/mtl_p7_cardboard_bundle_worn_b
material,#mc/mtl_p7_cardboard_bundle_worn_a
material,#hash_6e9efd764d9f96da
material,#hash_6ea54cd18366888a
material,#hash_6eabf03e62e32843
material,d#mc/mtl_p8_mphd_cargo_pallet_dust
material,d#mc/mtl_wpn_t8_eqp_briefcase_bomb_glass_ends
material,d#ei/gfx_debris_clump_lit
material,#mc/bullet_collision_plaster
material,#hash_6ece9b0128193c1c
material,#hash_6ece9e0128194135
material,#mc/mtl_p7_zm_ctl_light_warning_tesla_set_rust_01
material,#mc/mtl_p7_zm_ctl_light_warning_tesla_set_rust_02
material,d#mc/bullet_collision_plastic
material,d#mc/mtl_p8_mou_crate_metal_01
material,#hash_6f01d02308e7321b
material,#hash_6f090de41e86262a
material,#mc/mtl_p7_mou_stump_concrete_02_rust
material,#mc/mtl_p7_zm_der_transformer_rod_01
material,#wc/t7_metal_panel_trainstation_roof
material,#mc/mtl_p7_rus_tank_pressure_set_breakage
material,#mc/mtl_p7_mou_sign_personnel_only_text
material,#hash_6f5c1b2576205a38
material,#hash_6f63c4e7e6fc6d52
material,#mc/mtl_p7_mou_transformer_floorunit_02_rubber
material,#mc/mtl_p7_rus_box_electric_wire_04
material,#mc/mtl_p7_rus_box_electric_wire_03
material,#hash_6f77d7aead7ca6f9
material,#mc/mtl_p7_mou_light_lamp_desk_plastic
material,#mc/mtl_t7_mp_techno_egypt_pouch_3
material,#mc/mtl_p7_suspension_bridge_metal_grate_panels_01
material,#hash_6fba7668272aa3d1
material,d#mc/mtl_p8_mp_bomb_crate_stencil
material,#mc/mtl_p7_mou_vent_roof_metal
material,#mc/mtl_p7_zm_shi_gate_metal_set_metal_hinge
material,#mc/mtl_c_t7_techno_body1_bootsole_skin1
material,#hash_6febeb3eded341c1
material,#hash_6ff80c31e26b827b
material,#hash_7004885608cd20ed
material,#hash_700b1b46995611dc
material,#hash_700b1e46995616f5
material,#hash_7021f3efcec18aeb
material,#mc/mtl_p7_debris_trash_cup_coffee_01
material,#mc/mtl_p7_debris_trash_cup_coffee_02
material,#hash_703cec20cdf022b6
material,#mc/mtl_p7_mou_cup_styrofoam
material,#mc/mtl_p7_sgen_cable_connectors_01
material,d#mc/bullet_collision_paper
material,#hash_70711c6c30934c8d
material,#mc/mtl_p7_zm_moo_biodome_shell_antenna_02
material,#mc/mtl_p7_zm_moo_biodome_shell_antenna_01
material,#mc/mtl_p7_zm_moo_biodome_shell_metal
material,#mc/mtl_c_t7_warrior_body1_chrome_skin1
material,#mc/mtl_p7_rus_can_paint_decal
material,#mc/mtl_p7_mou_folder_manila_dirt
material,#mc/mtl_p7_barricade_concrete_med_01
material,#hash_70c3c81ed86ddfd4
material,#hash_70c8927ca22a94a4
material,#hash_70d5607c956e8677
material,d#hash_70d802c3089821b3
material,#mc/mtl_p7_mou_militarybox_metal_rust
material,#hash_70e58ddc443e0543
material,#hash_70ec2181c1a94f93
material,#mc/mtl_veh_mphd_mou_snowcat_interior_meter
material,#hash_70fbcbd1b9a2e771
material,d#mc/mtl_p8_mou_crate_metal_01_rust
material,#hash_711065231db0c1c9
material,#hash_7114620085706631
material,#mc/mtl_p8_mou_monitor_ceiling_slice_hole
material,#hash_7131edcc6636fc16
material,#mc/t7_metal_bare_chrome_polished
material,#mc/mtl_p7_rus_handrail_modular_dbl
material,d#hash_714f222be2e340e4
material,#mc/mtl_p8_mphd_roof_vent_base_01_black
material,#hash_717215d837920fe8
material,#mc/mtl_p7_ladder_metal_secured_bare
material,#mc/mtl_p7_lab_spotlight_generator
material,#hash_719825ccb97ffe6f
material,#hash_719ba698a758b194
material,#hash_719ba898a758b4fa
material,#hash_719ba998a758b6ad
material,#hash_719c86eeb8fe2ce7
material,#mc/t7_wood_plywood_bare_wet
material,#mc/mtl_c_t7_techno_body1_backpack_skin1
material,#hash_71b7a0fa3899b54c
material,#hash_71bd7886890b3766
material,#hash_71c9c2d8898c029c
material,#mc/mtl_p7_rwi_icicle_set
material,#hash_71e3a7c814294993
material,d#mc/mtl_wpn_t8_eqp_briefcase_bomb_decals_metal
material,#hash_71f5eea4de34ac4e
material,d#hash_71fc11125da6a21f
material,#mc/mtl_p7_pipe_metal_hp_12_straight_bare
material,#hash_722ce8ac68f52a96
material,#hash_722ce9ac68f52c49
material,#hash_722ceeac68f534c8
material,#hash_722cefac68f5367b
material,#hash_722cf1ac68f539e1
material,#hash_722cf2ac68f53b94
material,#hash_722cf3ac68f53d47
material,#hash_722cf4ac68f53efa
material,#hash_722cf5ac68f540ad
material,#mc/mtl_c_t7_battery_body1_pants_skin1
material,#hash_723075ac68f85004
material,#hash_723076ac68f851b7
material,#mc/mtl_p7_zm_ver_farm_tools_wood_02
material,#mc/mtl_p7_slu_panel_electrical_glass_01
material,#mc/mtl_p7_rus_box_electric_metal
material,d#mc/mtl_p7_mou_coffee_carafe_plastic
material,#mc/mtl_p7_soc_fan_ceiling_dmg_metal_01
material,#mc/mtl_p7_soc_fan_ceiling_dmg_metal_02
material,#wc/mtl_p7_cai_street_grunge_stain_bottom_01_decal
material,#hash_729e9dc965ef39a1
material,#hash_72a31c513844feac
material,#mc/mtl_p7_zm_asc_floor_gantry_metal_paint
material,#hash_72acf035d22222e1
material,#mc/mtl_p7_mou_scaffolding_metal
material,#hash_72ec0c0c40e57847
material,#mc/mtl_p7_mou_sign_warning_rust
material,#hash_72feef52abde2796
material,#hash_72fef052abde2949
material,#hash_72fef152abde2afc
material,#hash_72fef252abde2caf
material,#hash_72fef452abde3015
material,#hash_7319249a9bb4647d
material,#mc/mtl_p7_zm_asc_fan_industrial_metal_02
material,#hash_732ded5636932baa
material,#hash_73359667c1878c68
material,#hash_73359867c1878fce
material,#hash_73359967c1879181
material,#mc/mtl_p7_mou_wall_clock_label_paris
material,#mc/mtl_p7_mou_militarybox_metal_blue
material,#hash_73433a4dcdb8b701
material,#mcs/mtl_p7_roof_vent_turbine_metal
material,#hash_7362271935e92d84
material,#hash_736640f3d62576c8
material,#hash_7372f2355a194aa8
material,#mc/mtl_c_t7_techno_head1_faceplate_detail
material,d#ei/gfx_spark_rndhit_em
material,#mc/mtl_p7_mou_light_cage_set_snow
material,#hash_73afd657143a503f
material,d#hash_73bd38ca8c3653ba
material,#wc/t7_decal_grunge_calcium_drip_03_blend_rust
material,#hash_73d3c1f6ae5ae76e
material,#mc/mtl_p7_zm_asc_pipe_modular_set_weld_yellow
material,#hash_7400a2b62822124f
material,#mc/mtl_p7_mou_coffee_mug_con
material,#mc/mtl_p7_zm_der_stairs_diamond_plate
material,#mc/mtl_p7_pipe_metal_hp_4_02_bare
material,#hash_742d63e4e9ff046b
material,#mc/mtl_p8_mou_light_floodlight_set_groove
material,#mc/mtl_p7_mou_scaffolding_wood
material,#hash_743832ec6c779f30
material,#mc/mtl_p7_mou_data_computer_nail
material,#mc/mtl_p7_trashcan_street_metal_open
material,#hash_7465f7023cf0aeb1
material,#hash_747d92a443709f70
material,#hash_7499a8facea25626
material,d#mc/mtl_p8_mphd_cargo_pallet_full_02_change
material,#mc/mtl_p7_rus_foliage_tree_pine_trunk
material,d#mc/mtl_p7_mou_console_control_parts_add
material,#hash_74e1f0b184cca1a8
material,#hash_74e485b4737c4a4e
material,d#ei/gfx_water_ripple_anim_distort
material,#mc/mtl_p7_zm_der_trap_bracket
material,#hash_752888116a4497f3
material,d#mc/mtl_p8_mphd_cargo_pallet_net_02_decal
material,#mc/mtl_p7_zm_ctl_light_warning_tesla_set_black_metal
material,#wc/t7_decal_crack_concrete
material,#mc/mtl_p7_mou_beam_support
material,#hash_75842f7ebfe7ab6a
material,d#hash_7593e326f8aee43b
material,#mc/mtl_p7_zur_rock_rubble_pile_07_snow
material,#mc/mtl_p7_rus_bookshelf_metal_02
material,#hash_75b7435635acd19f
material,#hash_75bb55c43a7ef32c
material,#hash_75bddc691bb6b537
material,#hash_75c152c994caa856
material,#vd/t7_shr_snow_swept_blend
material,#mc/mtl_p7_mou_barrel_metal_02_metal_painted_01_tan
material,#mc/mtl_p7_slu_corkboard_sml_papers
material,d#mc/mtl_p7_mou_tank_horizontal_snow_01
material,#mc/mtl_p7_bottle_milk_broken_btm
material,d#mc/t8_metal_painted_clean_red
material,#hash_760d7c3f582694dc
material,#hash_7615c5d4634d1d04
material,#mc/mtl_p7_mou_star_plaque_fluid
material,d#mc/mtl_p7_mou_cabinet_filing_02_metal
material,#hash_762e5851ed55a0b8
material,#hash_762e5d51ed55a937
material,#hash_762e5e51ed55aaea
material,#hash_762e5f51ed55ac9d
material,#hash_76300a6c55a89c78
material,#hash_76300b6c55a89e2b
material,#hash_76300d6c55a8a191
material,d#hash_763a0e00db79672a
material,d#mc/t7_wood_plywood_bare
material,#hash_7641c42ce4575f78
material,#mc/mtl_p7_zm_sta_transformer_power_metal
material,#hash_766965cc9891296a
material,#mc/mtl_c_t7_techno_body1_torso_armor_detail
material,#hash_7681acd6c7817b96
material,#mc/mtl_p_glo_industrial_lamp_glass
material,#mc/mtl_p7_zm_asc_floor_gantry_screw_01
material,#hash_76a092f30b475018
material,#hash_76a093f30b4751cb
material,#hash_76a095f30b475531
material,#hash_76a098f30b475a4a
material,#mc/t7_rubber_roof_granular
material,#hash_76cf95dad49f3c43
material,#mc/mtl_p7_mou_foliage_brush_snow_small_plants
material,d#mc/t8_metal_panel_trim_01b
material,d#hash_76f372f7b2361210
material,#hash_76fb8c909e0570d2
material,#hash_76fcda6c41ccce67
material,#mc/mtl_p7_snow_chunk_roof_02
material,#mc/mtl_p7_snow_chunk_roof_01
material,#mc/mtl_p7_mou_sign_warning_main
material,#mc/mtl_p7_mou_console_control_glass
material,#mc/mtl_p7_clipboard_set
material,#hash_773369f3d12bad04
material,d#mc/mtl_p7_mou_cabinet_filing_02_clean_white
material,#hash_773f93f60a50ba0c
material,#hash_773f95f60a50bd72
material,#hash_773f96f60a50bf25
material,#hash_775d1be5b1e87329
material,d#mc/mtl_p8_mphd_tool_chest_metal_red_02
material,#mc/mtl_p8_mphd_tool_chest_metal_red_03
material,d#mc/mtl_p8_mphd_tool_chest_metal_red_05
material,#mc/mtl_p8_mphd_tool_chest_metal_red_06
material,#mc/mtl_p7_zm_gen_flogger_trap_decal_01
material,#mc/mtl_p7_zm_gen_flogger_trap_decal_02
material,#mc/mtl_p7_zm_gen_flogger_trap_decal_04
material,#mc/mtl_p7_zm_gen_flogger_trap_decal_07
material,#mc/mtl_p7_zm_ori_cellar_door_metal
material,#mc/mtl_p7_zm_asc_floor_gantry_screw_nm
material,d#mc/mtl_p8_mphd_tool_chest_decal_04
material,d#mc/mtl_p8_mphd_tool_chest_decal_02
material,d#mc/mtl_p8_mphd_tool_chest_decal_03
material,d#mc/mtl_p8_mphd_tool_chest_decal_01
material,#mc/mtl_p7_rus_bookshelf_metal_decal_dirty
material,#hash_77a915a4e831da5a
material,#hash_77b34a8000da8011
material,#wc/metal_whitetrim_karma
material,#mc/mtl_p7_rus_lamp_tinhat_paintedmetal
material,#hash_77d54e9a17d9e5f6
material,#hash_77dff40a9cbbf648
material,#hash_77dff50a9cbbf7fb
material,#hash_77dff60a9cbbf9ae
material,#mc/mtl_c_t7_techno_body1_arm_rt_a_skin1
material,#hash_77fbfe57164cb0f0
material,#hash_77fbff57164cb2a3
material,#hash_77fc0357164cb96f
material,#hash_780e5bde8b824be4
material,#mc/mtl_p7_pipe_metal_hp_12_valve_01_bare
material,#hash_781de27281e7b910
material,#mc/mtl_p7_spl_rubber_floor_mat
material,#mc/mtl_p7_mou_barrel_metal_02_metal_painted_blue
material,#mc/mtl_p7_slu_rollup_door_01
material,#mc/mtl_p7_slu_rollup_door_02
material,d#mc/bullet_collision_snow
material,#mc/mtl_p7_mou_electric_switch_decal_word_01
material,#mcs/mtl_p7_wires_electrical
material,#hash_7877e2bd24ef9278
material,#hash_78948fd01595b186
material,d#hash_789c623974b25390
material,d#mc/mtl_veh_t7_mphd_forklift_decal_rust_10
material,d#mc/mtl_veh_t7_mphd_forklift_decal_rust_08
material,#mc/mtl_p7_mou_data_computer_metal_03
material,#mc/mtl_p7_mou_data_computer_metal_02
material,#mc/mtl_p7_mou_data_computer_metal_01
material,#mc/mtl_p7_mou_data_computer_metal_04
material,d#ei/gfx_smk_whisp_anim_02_lit
material,d#hash_78e1ed5dd8479b41
material,#mc/mtl_p7_zm_sta_transformer_power_paint_02
material,#mc/mtl_p7_zm_sta_transformer_power_paint_01
material,#hash_78ff37ead89c4434
material,#mc/mtl_p7_zm_nac_bucket_decal
material,#hash_792bfa1cb343375c
material,#hash_792bfd1cb3433c75
material,#mc/mtl_p7_ra2_tool_vintage_set_metal_02
material,#mc/mtl_p7_eth_light_ceiling_attachment_decal
material,#hash_79452ba489dfb3f4
material,#hash_79452ca489dfb5a7
material,#hash_79452da489dfb75a
material,#mc/mtl_p8_mphd_tool_chest_sml_rack
material,#mc/mtl_p7_mou_transformer_floorunit_02_rubber_blue
material,#mc/mtl_p7_mou_trash_can_blot
material,#wc/t7_decal_grunge_ceiling_water_stain_drk
material,d#hash_7970c252d8c79e52
material,#mc/mtl_p7_foliage_tree_ponderosa_pine_trunk
material,#mc/mtl_c_t7_techno_body1_thighguard_skin1
material,d#mc/mtl_p8_mphd_cargo_pallet_full_02
material,#hash_7986f56adc607a12
material,#mc/mtl_p7_zm_asc_pipe_modular_set_decal_rust
material,#mc/mtl_p7_mou_stump_concrete_02_snow_volume
material,#hash_799f898a4c43b379
material,#mc/mtl_c_t7_techno_head1_glass
material,#hash_79dbe4b2c7aa3963
material,#mc/mtl_c_t7_blockout_battery_body1_beltwidget
material,#mc/mtl_p7_zm_der_light_set_metal_aluminum
material,#mc/mtl_p7_fxanim_gp_trash_paper_floor_german_01_s3
material,#hash_7a0c990804e8d6db
material,#mc/t7_dlc1_concrete_bare
material,#hash_7a33803cbbe1e672
material,#mc/mtl_p7_mou_pole_light_dirt
material,#hash_7a4566b83f1d68c5
material,#hash_7a4b18431ed3e912
material,#mc/mtl_p7_zm_ctl_metal_trim_aluminum_2
material,#hash_7a7763c3ef6ebc35
material,#hash_7a9fb336faf2b9b8
material,#hash_7aa45f55bef67bde
material,#hash_7abc58b50f1b5027
material,#hash_7abc59b50f1b51da
material,d#mc/mtl_p7_mou_light_pole_light_lamp
material,#hash_7ad45f0db6b79bb5
material,d#hash_7adebd51b19e0929
material,#hash_7ae1d9c1f0476a78
material,#mc/mtl_p7_zm_ver_farm_tools_metal_saw
material,#mc/mtl_p8_wz_supply_stash_health_canvas
material,#mc/mtl_p7_zm_sta_debris_concrete_rubble_pile_01
material,#mc/mtl_p7_aqu_catwalk_01_planar
material,#hash_7b36766f0f8bc6bc
material,d#mc/mtl_wpn_t8_eqp_briefcase_bomb_foam
material,#hash_7b5fd46f0311be93
material,#hash_7b61584a19723fa7
material,#hash_7b630f3cd5827aaa
material,#mc/mtl_p7_mou_light_cage_set_metal_01
material,#mc/mtl_p7_ris_paint_roller_stick_set_metal
material,#hash_7ba339e739002e0b
material,#hash_7bb2fc02cfcedf1b
material,#hash_7bb2fd02cfcee0ce
material,#mc/mtl_p7_zm_moo_biodome_shell_metal_decal_dirty_black
material,#hash_7bc2ad9d31feb0da
material,#wc/t7_cry_decal_paint_scratched_yellow
material,#mc/mtl_p7_ntx_tool_socket
material,#hash_7bdd25d109847c87
material,#mc/mtl_p7_mou_console_control_b_lrg
material,#hash_7be11351aa6a3d8c
material,#mc/mtl_p7_mou_tank_metal_01
material,d#mc/mtl_p8_mp_flag_base_01_white
material,#hash_7bfe471d7f13c08f
material,#hash_7c0618403404b67b
material,#wc/t7_plaster_light
material,#hash_7c2428d102776f30
material,#mc/mtl_p8_mou_monitor_ceiling_dirt_two
material,#mc/mtl_c_t7_techno_body1_neckwrap_skin1
material,#mc/mtl_p7_zm_nac_pallet_wood_decal_04
material,#mc/mtl_p7_zm_nac_pallet_wood_decal_05
material,#mc/mtl_p7_zm_nac_pallet_wood_decal_01
material,#mc/mtl_p7_zm_nac_pallet_wood_decal_02
material,#mc/mtl_p7_zm_nac_pallet_wood_decal_03
material,#hash_7c6051d627534352
material,#hash_7c6053d6275346b8
material,#hash_7c6055d627534a1e
material,#hash_7c6057d627534d84
material,#hash_7c605ad62753529d
material,#mc/mtl_p8_mp_bomb_crate_whole_destroyed_green
material,#mc/t7_snow_powder_01_blend
material,#hash_7c7e49436b34d4f3
material,#hash_7c7e4a436b34d6a6
material,#mc/mtl_p7_wes_wood_plank_old_single
material,#hash_7c91619e79f89331
material,#hash_7c9af52c2f7e0ded
material,#hash_7ca8b1b2e51956ac
material,#mc/mtl_p7_mou_vent_roof_metal_03
material,#mc/mtl_p7_mou_vent_roof_metal_02
material,#mc/mtl_p7_mou_vent_roof_metal_04
material,#hash_7cc7cab8816b08e5
material,#mc/mtl_p7_mou_air_vent_ceiling_01_decal
material,#mc/mtl_p8_wz_supply_stash_health_metal
material,#mc/mtl_p7_mou_phone_vintage_dirty
material,#mc/mtl_p8_mp_bomb_crate_whole_destroyed_stripe
material,#mc/mtl_p7_zm_der_door_brace_beam
material,#hash_7cf685cfb086f030
material,#hash_7cfc7b1d558a9320
material,#hash_7cfc7c1d558a94d3
material,#hash_7cfc7e1d558a9839
material,#mc/mtl_p7_debris_cardboard_flat_02_wet
material,#hash_7d2763514a67d54d
material,#mc/mtl_p8_wz_supply_stash_decal_health_patch
material,#hash_7d5a0655ea1a6040
material,#mc/mtl_p7_rus_sign_wall_pers_only_01
material,#mc/mtl_p7_rus_sign_wall_pers_only_02
material,#mc/mtl_p7_zm_ctl_light_warning_tesla_set_snow_01
material,#hash_7db45b9c354844b3
material,#hash_7db9079ee046d7a6
material,#hash_7df8317cc51abdef
material,#hash_7df8347cc51ac308
material,#hash_7df8357cc51ac4bb
material,#hash_7df8367cc51ac66e
material,#hash_7df8377cc51ac821
material,#hash_7df8387cc51ac9d4
material,#hash_7df83b7cc51aceed
material,#hash_7e041786eb8fa1a6
material,#mc/mtl_lights_cagelight01_wear
material,#mc/mtl_c_t7_emissive_b
material,#mc/mtl_c_t7_emissive_a
material,#mc/mtl_p7_slu_fuse_box_electric_set_wire_white
material,#mc/mtl_p7_zm_sta_transformer_power_rubber
material,#wc/t7_wood_plywood_trim_dirty_wet
material,#hash_7e4227fc081cb4ed
material,#hash_7e42abf402e1cd13
material,#mc/mtl_p7_mou_earmuffs_industrial_rubber
material,#hash_7e53714aaa355d27
material,#hash_7e53724aaa355eda
material,#hash_7e65e9aa70dc74fd
material,#hash_7e8cb549ab176b9a
material,#mc/mtl_p7_dolly
material,#mc/mtl_p7_mou_earmuffs_industrial_net
material,#mc/mtl_p7_zm_ori_boots_military_set
material,#hash_7ea3366be1f1ea0c
material,#hash_7ebb3681a62c0260
material,#hash_7ebb3881a62c05c6
material,#hash_7ebb3981a62c0779
material,#mc/mtl_p7_zm_ctl_gondola_pulley_metal_2
material,#mc/mtl_p7_zm_asc_pipe_modular_set_surface_metal
material,#mc/mtl_p7_rus_antenna_short_damaged
material,#hash_7edc0592948c931b
material,#hash_7edc0692948c94ce
material,#hash_7eedb813fe9044d4
material,#hash_7f09349d24c132ec
material,#hash_7f09379d24c13805
material,#mc/mtl_p7_zm_asc_pipes_electrical_set_decal_dirty
material,#mc/mtl_p7_zm_asc_loudspeaker_decal_01
material,#mc/mtl_p7_zm_asc_loudspeaker_decal_02
material,#mc/mtl_p7_zm_asc_loudspeaker_decal_03
material,#mc/mtl_p7_mou_data_computer_light_red
material,#hash_7f31b3eba2d8c52a
material,#mc/mtl_p7_mou_console_control_a_lrg_leather_dmg
material,#hash_7f3885ea8ad25e09
material,#hash_7f5552921b8917af
material,#hash_7f62b974546845f6
material,#hash_7f62bb745468495c
material,#hash_7f6c9d1cf0516634
material,#hash_7f7cd027d001c4b7
material,#hash_7f7cd127d001c66a
material,#hash_7f89badae4bf36f7
material,#hash_7f89bbdae4bf38aa
material,#mc/mtl_p7_mou_snow_chunk_stone
material,#hash_7fad289311a7d7bc
material,#mc/mtl_p7_trashcan_street_metal_wet
material,d#hash_7fb792a5968efa69
material,#hash_7fbd2f0dd6e972b0
material,#hash_7fc88e2c8d28d653
material,#hash_7fc88f2c8d28d806
material,#hash_7fcec78fddfb0004
material,#hash_7fcec88fddfb01b7
material,#hash_7fcec98fddfb036a
material,#mc/mtl_p7_mou_air_vent_ceiling_01_dirt_metal
material,#hash_7fd62e5458f2fb45
material,d#mc/bullet_collision_concrete
material,d#ei/gfx_distort_heat
material,#hash_7ff8a36344264934
fx,#hash_2bf8c315b34310a9
fx,#hash_3047239a676c618c
impactsoundstable,#hash_1c73bd0ca5a9739
impactsoundstable,d#hash_1f8c37cb2cf6c55c
impactsoundstable,#phy_book
impactsoundstable,d#hash_368fb7ec6eff7aa6
impactsoundstable,#hash_3c179f6b071380af
impactsoundstable,d#phy_cardboard
impactsoundstable,d#hash_695bd5aa13e21e64
impactsoundstable,#hash_6f454713be8f30ae
impactsoundstable,#hash_72accda667ca3321
maptableentrylevelassets,#mp_mountain2
physpreset,#p7_bucket_plastic_5_gal_closed_green
physpreset,#barrel_metal
physpreset,#wood_chunk_light
physpreset,#chair_seat
physpreset,d#p7_bucket_plastic_5_gal
physpreset,#p7_office_paper_folder
physpreset,#bottle_plastic
physpreset,#book
physpreset,#p7_kitchen_knives_set
physpreset,#cardboardbox_empty
physpreset,#p7_bucket_plastic_5_gal_lid
physpreset,#plastic_container_sml
physpreset,d#metal_pan
physpreset,d#brick
xmodel,#hash_1008dcdc6d4354
xmodel,#p7_slu_antenna_04
xmodel,#p7_global_chainlink_fence_door_bracket
xmodel,#p7_fxanim_mou_light_emergency_mod
xmodel,#hash_7c94b72efa13ec
xmodel,#p7_mou_bracket_pipe_lrg_03
xmodel,#p7_mou_bracket_pipe_lrg_02
xmodel,#p7_zm_asc_pipes_modular_straight_8_yellow
xmodel,#p7_global_chainlink_fence_rail_end_mountain
xmodel,#p7_global_chainlink_fence_rail_end
xmodel,#hash_1f0b0d2c7b338d8
xmodel,#hash_1f0b2d2c7b33c3e
xmodel,#hash_1f0b3d2c7b33df1
xmodel,#p7_mou_console_control_light_backlit
xmodel,#hash_1fd0c36bf64d150
xmodel,#hash_22b9b49d52e9bcf
xmodel,#p7_mou_girder_gondola_beam_vert
xmodel,d#p7_mou_h_beams_stack_snow
xmodel,#p7_street_curb_concrete_chunk_09_black
xmodel,#p7_mou_wirebundle_90_up
xmodel,#p7_zm_asc_pipes_modular_straight_64_yellow
xmodel,#p7_zm_ori_boots_military_sloppy
xmodel,#p7_pipe_metal_hp_4_brace_lrg_1_bare
xmodel,#p7_mou_electrical_snow_tower
xmodel,#p8_fxanim_mou_contrainer_tarp_02_smod
xmodel,#hash_39216cf7199b687
xmodel,#p7_mou_fence_metal_gate_med
xmodel,#p7_zm_der_handrail_joint_middle_45_snow
xmodel,#p7_blast_wall_concrete_large
xmodel,#p7_jun_bed_dirty_01_low_tarp
xmodel,d#p8_mp_bomb_crate_palette
xmodel,#p7_debris_trash_drink_carrier_01
xmodel,#p7_icicle_8_01
xmodel,#p7_zm_kin_data_reel_plastic_gray_lrg
xmodel,#p7_mou_beam_support_pillar_junction
xmodel,#hash_4838eaf809deaf8
xmodel,#hash_49ec59ded5a8c25
xmodel,#p7_fxanim_gp_trash_cardboard_flat_01_smod
xmodel,#p7_mou_star_plaque_snow
xmodel,#p7_mou_snow_clump_08
xmodel,#p7_mou_snow_clump_07
xmodel,#p7_mou_snow_clump_06
xmodel,#p7_mou_console_control_a_lrg
xmodel,#p7_mou_fence_metal_door
xmodel,#p7_fire_sprinkler_interior
xmodel,#p7_mou_data_recorder_sml_dial
xmodel,#p7_slu_panel_electrical_01_lid_02
xmodel,#p7_slu_panel_electrical_01_lid_01
xmodel,#p7_barricade_concrete_med_01
xmodel,#p7_slu_panel_electrical_02_base
xmodel,#p7_mou_beam_support_pillar_base
xmodel,#p7_zm_der_door_brace_beam_01
xmodel,#p7_foliage_tree_ponderosa_pine_stump_large_snow
xmodel,#p7_zm_asc_loudspeaker_bracket
xmodel,#p7_zm_asc_star_metal_snow
xmodel,#p7_zm_ori_lantern_vintage_mount
xmodel,#p7_mou_folder_manila_01
xmodel,#p7_mou_folder_manila_02
xmodel,#p7_zm_shi_loudspeaker
xmodel,#p7_zm_der_chainlink_fence_door_bracket
xmodel,#p7_jun_sheet_metal_2x8_white
xmodel,#p7_vld_debris_concrete_rubble_bolt
xmodel,#p7_bucket_janitor_plastic_rolling
xmodel,#hash_7d3aede7f84e39c
xmodel,#p7_mou_frame_metal_window_136x68_no_glass
xmodel,#hash_808b8aadbfc24ac
xmodel,#p8_fxanim_gp_trash_newspaper_hanging_01_smod
xmodel,#p7_zm_kin_data_reel_plastic_white_lrg
xmodel,#p7_mou_foliage_brush_01_winter
xmodel,#p7_slu_bucket_plastic_orange_sml
xmodel,d#p8_mphd_generator
xmodel,#p8_fxanim_gp_fan_ceiling_suspended_mod
xmodel,#p7_rus_box_electric_base_05_lid
xmodel,#p7_mou_support_gondola_beam_mid
xmodel,#p7_grate_metal_hex_small_square_dark
xmodel,#p8_fxanim_gp_trash_paper_floor_german_01_s3_mod
xmodel,#p7_mou_fence_metal_gate_lrg
xmodel,#p8_fxanim_mp_mou_wires_set_02_smod
xmodel,#p7_cardboard_bundle_worn_01
xmodel,#p7_mou_gate_generator
xmodel,#p7_snow_chunk_trim_64_footprints
xmodel,#p7_mou_handrail_radar_12_snow
xmodel,#p7_tape_masking_duct_large
xmodel,#p7_zm_asc_wires_bunker_04
xmodel,#p7_zm_asc_wires_bunker_03
xmodel,#p7_zm_asc_wires_bunker_01
xmodel,#p7_mou_keybox_key_02
xmodel,#p7_mou_keybox_key_03
xmodel,#p7_mou_keybox_key_01
xmodel,#p7_mou_keybox_key_04
xmodel,#p7_zm_zod_staircase_canal_01_step_03
xmodel,#hash_c64eddf24cfc1d2
xmodel,#p7_mou_dish_satellite_04_snow
xmodel,#p7_chain_metal_str_64_hook
xmodel,#hash_d193d752bc4bc6b
xmodel,#p8_fxanim_mou_pole_light_wind_mod
xmodel,#p7_snow_chunk_trim_128_footprints
xmodel,#p8_chair_computer_top
xmodel,#p7_mou_data_recorder_glass
xmodel,#p8_mphd_box_copy_paper_lid
xmodel,#p7_mou_gate_security_door_lt_snow
xmodel,#p7_ban_i_beam_48
xmodel,#p7_mou_ice_railing_buildup_64
xmodel,#p7_mou_tank_horizontal_yellow
xmodel,#p7_foliage_grass_dry_03_snow
xmodel,#p7_mou_snow_chunk_trim_64_far
xmodel,#p7_zm_asc_pipes_modular_90_a_yellow
xmodel,#p7_mou_skylight_gondola_bldg_no_glass
xmodel,#p7_mou_tank_propane_bottle_long_turq
xmodel,#p7_zm_shi_gate_metal_hinge
xmodel,#p7_mou_console_control_b_med_dest
xmodel,#p8_mphd_cargo_pallet_full_02
xmodel,#hash_10bea2670b0b7fea
xmodel,#hash_10c82cce778a532a
xmodel,#p7_rus_can_paint
xmodel,#p7_zm_tra_stepladder_lrg
xmodel,#p7_zur_rock_park_01_cluster_g_snow
xmodel,#p8_mphd_box_copy_paper_stack
xmodel,#p7_mou_vent_panel_01
xmodel,#p7_ban_debris_trash_cup_coffee_01
xmodel,#p7_ban_debris_trash_cup_coffee_02
xmodel,#p7_mou_goggles_skiing
xmodel,#p7_mou_air_vent_ceiling_01_metal
xmodel,#p7_mou_concrete_base
xmodel,d#p7_slu_trash_bag_standing
xmodel,#p7_ban_i_beam_bracket_32_90
xmodel,#p7_mou_tank_propane_bottle_long
xmodel,#p7_window_bars_metal_01a
xmodel,#p7_debris_wood_plank_old_128_splintered
xmodel,#p7_cloth_drape_06_low_blue_tarp
xmodel,#p7_mou_console_control_top
xmodel,#p8_mou_monitor_ceiling_animated_1
xmodel,#p8_mou_monitor_ceiling_animated_3
xmodel,#p7_box_cardboard_d_closed
xmodel,#p7_mou_wirebundle_straight_128_color
xmodel,#p7_mou_frame_metal_window_80x60_no_glass
xmodel,#p7_icicle_small
xmodel,#p7_trashcan_street_metal_trash1
xmodel,#p7_ntx_tool_wrench_ratchet_lrg
xmodel,#p7_mou_bracket_pipe_sml_snow
xmodel,#hash_154b7a69df22b712
xmodel,#p7_mou_frame_metal_window_176x60_no_glass
xmodel,d#p7_slu_stool_swivel
xmodel,#hash_16308257826797b4
xmodel,#hash_167e340d731393dd
xmodel,#p8_mou_light_floodlight_body_on
xmodel,#hash_16e333619b222418
xmodel,#hash_16e334619b2225cb
xmodel,#hash_16e335619b22277e
xmodel,#hash_16e336619b222931
xmodel,#hash_16e337619b222ae4
xmodel,#hash_16e339619b222e4a
xmodel,#hash_16e33a619b222ffd
xmodel,#p7_foliage_grass_dry_02_snow_sml
xmodel,#p7_mou_clock_wall_minute_hand
xmodel,#p7_mou_gate_security_rt_snow
xmodel,#p7_ban_south_tribe_decor_nail_b
xmodel,#p8_fxanim_mp_mou_fence_door_mod
xmodel,#p7_zm_ctl_desk_supply_pen_black
xmodel,#p7_foliage_grass_dry_02_snow
xmodel,#p7_zm_kin_generator_industrial_beam
xmodel,#p8_mphd_rollup_door_80
xmodel,#p8_mphd_rollup_door_92
xmodel,#p7_mou_heater_electric_off
xmodel,#p7_mou_brace_gondola_support_04
xmodel,#p7_mou_brace_gondola_support_02
xmodel,#p7_mou_brace_gondola_support_03
xmodel,#p7_mou_brace_gondola_support_01
xmodel,#p7_mou_wall_handle_metal
xmodel,#p7_zm_asc_pipes_modular_straight_256_yellow
xmodel,#p7_light_fluorescent_subway_bulb_off
xmodel,#p7_mou_beam_frame_cap_half
xmodel,#p7_bottle_milk_broken_top
xmodel,#p7_debris_cardboard_flat_08_wet
xmodel,#p7_debris_concrete_rubble_med_02_no_metal_warm
xmodel,#hash_1988d1d0c872abfd
xmodel,#p7_mou_console_control_a_lrg_dest
xmodel,#c_t7_mp_battery_mpc_fb1_skin1
xmodel,#p7_pipe_metal_hp_4_straight_64_white
xmodel,#p7_mou_electric_switch_turn_knob
xmodel,#p7_pipe_metal_hp_4_brace_sml_3_white
xmodel,#p7_mou_steps_ext_03_snow
xmodel,#p7_cleaning_paper_towel_dirty
xmodel,#p7_mou_ice_railing_buildup_256
xmodel,#p8_fxanim_mou_contrainer_tarp_01_smod
xmodel,#hash_1a657e320402d878
xmodel,#p7_rus_rack_coat_hook
xmodel,#p7_wes_wood_plank_single_wide
xmodel,#p7_mou_window_facade_lrg
xmodel,#p8_mphd_tool_chest_sml_rack
xmodel,#p7_mou_keybox_tag_blue
xmodel,#p7_mou_wirebundle_sml
xmodel,#p8_mou_surveillance_rack_server
xmodel,#p7_mou_data_recorder_sml_strip
xmodel,#p7_mou_handrail_dock_ext_stair_snow
xmodel,#hash_1c6fc05ec9e29f34
xmodel,d#p7_mou_storage_cabinet
xmodel,#p7_mou_paper_stack_01
xmodel,#p7_mou_paper_stack_02
xmodel,#p7_zm_tra_can_spray
xmodel,#p7_fxanim_gp_trash_cardboard_flat_02_smod
xmodel,#p7_rus_control_panel
xmodel,#p7_mou_railing_metal_01_blue
xmodel,#hash_1d02215f5d696564
xmodel,#p7_mou_pole_cable_support_02
xmodel,#p7_mou_pole_cable_support_01
xmodel,#hash_1d4339fc76a021cb
xmodel,#p7_mou_beam_frame_hori
xmodel,#p7_mou_tank_horizontal_snow
xmodel,#p7_mou_barrel_metal_02_snow_blue
xmodel,#p7_snow_slush_floor01
xmodel,#p7_farm_tools_saw
xmodel,#p7_ibeam_bracket_metal_lrg
xmodel,d#p7_mou_cabinet_filing_dest_02
xmodel,#hash_1e4c4f3174760133
xmodel,#p7_ban_i_beam_bracket_junction
xmodel,#p7_slu_outlet_electrical
xmodel,#p7_zm_asc_hose_90
xmodel,#p7_zur_rock_rubble_pile_b_snow
xmodel,#p7_slu_panel_electrical_01_base
xmodel,#p7_zur_nw_icicles_large_06
xmodel,#p7_zur_nw_icicles_large_07
xmodel,#p7_fir_ori_coat_hanging_02_alt
xmodel,#p7_mou_weather_anemometer_cups_ncs
xmodel,#hash_1f28c043b7dd4dcc
xmodel,#p7_street_curb_concrete_64b_wet
xmodel,#p7_mou_gondola_wheel
xmodel,#p8_chair_computer_base
xmodel,#p7_fir_fence_metal_lock
xmodel,#p7_newspaper_group_01_corner
xmodel,#p7_fxanim_gp_caution_tape_01_smod
xmodel,#hash_20aeb4e196639099
xmodel,#hash_20bc17cfcd1125ca
xmodel,#p7_global_chainlink_fence_wire_arm_mountain
xmodel,#p8_spa_bucket_metal_01
xmodel,#p7_antenna_outpost_tower
xmodel,#p7_vent_metal_dampers_02
xmodel,#p7_books_office_row_01
xmodel,#hash_21c2c2e7391d9b2d
xmodel,#p7_mou_net_safety_snow
xmodel,#hash_2205910145ff3a1a
xmodel,#hash_220e9a64c3a2be39
xmodel,#p7_snow_chunk_trim_corner
xmodel,#p7_fxanim_gp_streamer_blue_med_01_s3_smod
xmodel,#p7_mou_antenna_radio_02
xmodel,#p7_mou_antenna_radio_01
xmodel,d#p8_mp_bomb_crate_open
xmodel,#p7_debris_clothing_tshirts_01_dirty
xmodel,#hash_228441e7030fdc8b
xmodel,#hash_2291424aed1c661a
xmodel,#p7_light_pole_modular_exterior_64
xmodel,d#p8_mp_bomb_crate_single
xmodel,#hash_22dfbf06450e27db
xmodel,#p7_mou_clock_wall_second_hand
xmodel,#p7_beams_construction_stack_wood_blue_ends
xmodel,#p7_jun_foliage_bush_04_snow
xmodel,#p7_mou_bridge_metal_bridge
xmodel,#p7_fxanim_mou_antenna_radio_01_a_animated
xmodel,#p7_rwi_icicle_end
xmodel,#hash_242382be3d7faa85
xmodel,#p7_zm_der_light_bulb_small
xmodel,#p8_fxanim_gp_trash_paper_floor_pile_03_s3_mod
xmodel,#p7_mou_handrail_dock_ext_sml_snow
xmodel,#hash_24fb5a609a58a421
xmodel,#p7_mou_concrete_slab_small_grime
xmodel,#hash_25859cf8f5a81c8e
xmodel,#p7_mou_sign_hard_hat
xmodel,#p7_ris_tool_level_plastic_yellow
xmodel,#hash_262c263facfa2e64
xmodel,#p7_mou_dish_satellite_02_snow
xmodel,#hash_265f39a1653f7cf7
xmodel,#p7_rus_timecard_rack
xmodel,#p7_light_fluorescent_subway_no_glass_01
xmodel,#p7_ris_bucket_plastic_5_gal_bucket_paint
xmodel,#hash_26bb103f0b856535
xmodel,#p7_debris_cardboard_flat_02_wet
xmodel,#p7_mou_railing_metal_01_set_256_blue
xmodel,#p8_mou_security_keypad
xmodel,#p7_office_paper_folder_beige
xmodel,#p7_mou_wall_clock_label_moscow
xmodel,#hash_276986e2082dcfbd
xmodel,#p7_fxanim_mou_wires_set_05_smod
xmodel,#p7_mou_fence_chainlink_green
xmodel,#p7_mou_handrail_heli_corner_med
xmodel,#p7_rus_bookshelf_metal_door
xmodel,#hash_280ad1241a24420c
xmodel,#p7_zm_asc_wires_bunker_single_corner_01
xmodel,#p7_zm_asc_wires_bunker_single_corner_02
xmodel,#p8_mphd_tool_chest_sml_tools
xmodel,#hash_287e8ee217a5dd3b
xmodel,#p7_mou_fence_chainlink_lock_snow
xmodel,#p8_fxanim_gp_wire_straight_sml_smod
xmodel,#hash_2895f326d0e808f3
xmodel,#p7_light_fluorescent_subway_01
xmodel,#p7_zm_kin_generator_industrial_beam_snow
xmodel,#p7_fxanim_mou_tarp_hanging_blue_b_smod
xmodel,#p7_mou_stair_bldg_platform
xmodel,#p7_mou_beam_frame_cap_l
xmodel,#p7_mou_beam_frame_cap_u
xmodel,d#p8_zm_zod_ice_chunk_sml_01
xmodel,#p7_railing_metal_01_plate_08
xmodel,#p7_rus_plank_metal
xmodel,#p7_railing_metal_01_plate_32
xmodel,#p7_railing_metal_01_plate_64
xmodel,#p7_mou_handrail_radar_11_snow
xmodel,#p7_zm_mob_box_electric_04
xmodel,#p7_mou_barrel_metal_02_dmg_snow_tan
xmodel,#p7_zur_nw_foundry_crossbeam
xmodel,#p7_water_filtration_system_mount_hook
xmodel,#p7_slu_panel_electrical_02_lid_01
xmodel,#p7_mou_clock_wall
xmodel,#p7_hook_metal_small_01
xmodel,#p7_mou_electrical_tower_snow_vista
xmodel,#p7_mou_console_control_a_corner_dest
xmodel,#p7_mou_keybox_tag_yellow
xmodel,#p7_mou_wirebundle_90_down
xmodel,#p7_mou_support_gondola_column
xmodel,#p7_light_metal_recessed
xmodel,#p7_mou_handrail_dock_ext_med_snow
xmodel,#hash_2bf69521b9eafe92
xmodel,#p7_rolled_tarp
xmodel,#p7_zm_gen_debris_concrete_rubble_pile_01_lod
xmodel,#p7_mou_handrail_radar_06_snow
xmodel,d#p7_mou_barrel_metal_02_dmg_snow
xmodel,#p7_electrical_cabinet_03
xmodel,#p7_mou_data_recorder_cover
xmodel,#hash_2cc0f5bfdb834386
xmodel,d#p7_mou_light_pole_light_snow
xmodel,#p7_shr_snow_chunk_trim_64
xmodel,#hash_2d9dd4953e527140
xmodel,#p7_ntx_tool_wrench_med
xmodel,#p7_electrical_box_set2_box02
xmodel,#p7_electrical_box_set2_box05
xmodel,#p7_zm_der_handrail_post_corner_snow
xmodel,#hash_2dffa1122fdd5a29
xmodel,#p7_sweep_broom_push_green
xmodel,#p7_mou_coffee_mug
xmodel,#p7_zm_der_trap_bracket
xmodel,#hash_2e5e1dfab00b4ec2
xmodel,#p7_mou_keybox_tag_red
xmodel,#p7_mou_foliage_brush_03_winter
xmodel,#p7_rus_light_studio
xmodel,#p7_mou_fence_snow_red_tile_post_endleft
xmodel,#p7_trashcan_street_metal_open
xmodel,#p7_mou_pipe_metal_hp_12_straight_16_lightblue
xmodel,#p7_mou_handrail_dock_int_sml_snow
xmodel,#p7_zm_moo_tank_holder_foot
xmodel,#p7_jun_sheet_metal_4x4_bd_01_white
xmodel,#p7_barrier_block_concrete_long_01_clean
xmodel,#p7_mou_handrail_ext_05_a_snow
xmodel,#p7_mou_phone_vintage
xmodel,#hash_30456ff1eeb5296d
xmodel,#p7_mou_barrel_metal_02_snow_tan
xmodel,#p7_light_metal_recessed_on
xmodel,d#p7_mou_light_pole_snow
xmodel,#p7_mou_frame_metal_window_frame_02_no_glass
xmodel,#p7_mou_sign_no_smoking
xmodel,#p7_mou_snow_chunk_02
xmodel,d#p7_mou_snow_chunk_01
xmodel,#p7_mou_snow_chunk_05
xmodel,d#p7_mou_snow_chunk_04
xmodel,#hash_31cd8e9e8181b5bc
xmodel,#p7_fxanim_mou_wires_set_03_smod
xmodel,#p7_mou_grate_metal_02
xmodel,#p7_mou_grate_metal_01
xmodel,#p7_ban_i_beam_128
xmodel,#hash_321b57a049c7830b
xmodel,#p7_slu_panel_electrical_04_lid_01
xmodel,#p7_construction_hardhat
xmodel,#p7_fxanim_mou_wires_set_07_smod
xmodel,#p7_zm_asc_pipes_electrical_box
xmodel,#p7_ban_cave_rock_erosion_02_grime
xmodel,#p7_zm_asc_bracket_awning
xmodel,#p7_mou_sign_checkpt
xmodel,#hash_32aa840dbc8f9c9f
xmodel,#p7_zm_gen_flogger_trap_frame
xmodel,#p7_mou_antenna_hogg
xmodel,#p7_ris_paint_brush_lrg
xmodel,#hash_3310aedc7420d3cb
xmodel,#p7_mou_vent_roof_metal
xmodel,#p7_mou_steps_ext_04_snow
xmodel,#p7_mou_handrail_radar_01_snow
xmodel,#p7_dolly
xmodel,#p7_ris_fence_gate_left_02
xmodel,#p7_mou_tank_metal_01
xmodel,#p7_fxanim_cp_lotus_mobile_shops_merch_int_wires_mod
xmodel,#hash_343a3f27bfc4fae0
xmodel,#p7_zm_ver_farm_tools_hammer
xmodel,#p7_mou_dome_radio_bracket_snow
xmodel,#p7_mou_data_recorder_sml_glass
xmodel,#p7_ibeam_bracket_bolt
xmodel,#p7_mou_air_vent_metallic_small
xmodel,#p7_debris_trash_paper_10
xmodel,#p7_debris_trash_paper_09
xmodel,#p7_debris_trash_paper_02
xmodel,#p7_mou_barrel_metal_02_dmg_snow_blue
xmodel,#p7_mou_steps_ext_01_snow
xmodel,#p8_fxanim_mou_anemometer_mod
xmodel,#p7_mou_handrail_dock_int_lrg_snow
xmodel,#p7_wires_electrical_rubber_03
xmodel,#p7_zm_sta_transformer_power
xmodel,#p7_mou_transformer_power
xmodel,#p7_mou_ice_railing_buildup_128
xmodel,#p8_fxanim_mp_mou_tarp_pin_yellow_smod
xmodel,#hash_35af1b209f461525
xmodel,#p7_zm_asc_pipes_modular_clamp_b
xmodel,#p7_zm_asc_pipes_modular_clamp_c
xmodel,#p7_street_curb_concrete_dmg_64b
xmodel,#p7_street_curb_concrete_dmg_64a
xmodel,#p7_ladder_metal_secured_cap
xmodel,#p7_mou_sign_cliff_board_snow
xmodel,d#p8_mp_flag_base_light_fixture_1
xmodel,#hash_3773493bbe9ab94f
xmodel,#p7_light_metal_hanging_mechanic_on
xmodel,#p7_mou_fence_metal_med
xmodel,#p8_mphd_rollup_door_176
xmodel,#p7_mou_stair_bldg_rail_02
xmodel,#p7_mou_stair_bldg_rail_03
xmodel,#p7_mou_stair_bldg_rail_01
xmodel,#p8_mphd_rollup_door_136
xmodel,#p8_mphd_rollup_door_128
xmodel,#p8_mphd_rollup_door_120
xmodel,d#p8_mou_crate_metal_01_snow
xmodel,#hash_3858f3171ff3ce19
xmodel,#p7_roof_vent_chimney_02_metal_white_snow
xmodel,#p7_ntx_tool_wrench_lrg
xmodel,#p7_mou_air_vent_wall_metal
xmodel,#p7_rus_box_electric_base_06_lid
xmodel,#p7_zm_asc_wires_bunker_single_01
xmodel,#p7_mou_electric_panel_dual
xmodel,#p7_zm_asc_ac_unit_russian
xmodel,#p7_zm_tra_door_security_metal
xmodel,#p7_ris_droid_cables
xmodel,#p7_mou_handrail_radar_07_snow
xmodel,#p7_slu_door_white_frame_double
xmodel,#p7_zur_barracks_grate
xmodel,#p7_zm_ctl_gondola_machine
xmodel,#p7_mou_support_gondola_edge
xmodel,#p7_zm_asc_pipes_electrical_long
xmodel,#p7_zm_ctl_gondola_rollers_1
xmodel,#p7_mou_radar_station_glass_broken_06
xmodel,#p7_mou_radar_station_glass_broken_04
xmodel,#p7_mou_radar_station_glass_broken_05
xmodel,#p7_mou_radar_station_glass_broken_02
xmodel,#p7_mou_radar_station_glass_broken_03
xmodel,#p7_mou_radar_station_glass_broken_01
xmodel,#p8_mphd_rollup_door_60_snow
xmodel,#p7_light_fluorescent_subway_glass_broken_01
xmodel,#p7_light_fluorescent_subway_glass_broken_02
xmodel,#p7_light_fluorescent_subway_glass_broken_03
xmodel,#p7_zm_der_light_cage_01
xmodel,#p7_mou_barrel_metal_02_snow
xmodel,#p7_mou_airduct_metal_c_vent
xmodel,#p7_fxanim_gp_streamer_blue_med_02_s3_smod
xmodel,#p7_zur_rock_rubble_pile_b_low_snow
xmodel,#p7_ban_i_beam_bracket_32_l_01
xmodel,#p7_ban_i_beam_bracket_32_l_02
xmodel,#p7_fxanim_mou_tarp_hanging_blue_smod
xmodel,#p7_zm_asc_pipes_modular_connector
xmodel,#p7_mou_snow_chunk_trim_corner_back
xmodel,#hash_3c13d26020211480
xmodel,d#p7_mou_light_pole_top_lightrig_snow
xmodel,#p7_conduit_metal_1_outlet_switch
xmodel,#p7_foliage_bush_snowy_03
xmodel,#hash_3d1f36ce7858842f
xmodel,#p7_mou_tank_horizontal_yellow_snow
xmodel,d#p8_chair_computer
xmodel,#p7_pipe_metal_hp_4_straight_8_white
xmodel,#p7_mou_antenna_microwave_small_ncs
xmodel,#p7_slu_fuse_box_electric_pipe_01
xmodel,#p7_slu_fuse_box_electric_pipe_02
xmodel,#p7_mou_ramp_metal
xmodel,#hash_3de98a5356b631a4
xmodel,#p7_rolled_tarp_brown
xmodel,#p8_fxanim_mp_mou_gondola_vista_01_mod
xmodel,#hash_3e32645eec4cd123
xmodel,#p7_mou_sign_warning
xmodel,#p7_mou_airduct_metal_s_holder_large
xmodel,#p7_mou_fence_metal_double
xmodel,#p7_mou_cabinet_filing_02
xmodel,#c_t7_mp_technomancer_mpc_fb1_skin1
xmodel,#p7_mou_fence_metal_lrg
xmodel,#p7_mou_tank_storage_mid
xmodel,#p7_eth_bridge_concrete_supports
xmodel,#p7_mou_snow_chunk_trim_64
xmodel,#p7_mou_flat_tarp_01_blue
xmodel,#p7_mou_electric_switch_turn_key
xmodel,#hash_40245899fffb6ae5
xmodel,#p7_ban_debris_trash_drink_carrier_01
xmodel,#p8_mphd_box_copy_paper_open
xmodel,#p7_cup_coffee_paper
xmodel,#p8_fxanim_gp_wire_clump_hang_01_smod
xmodel,#p7_conduit_metal_1_straight_8
xmodel,#p7_fxanim_market_stand_tarp_white_corner_s3_mod
xmodel,#p7_rus_foliage_tree_pine_vista
xmodel,#hash_4156fa00d2385df8
xmodel,#hash_4156fb00d2385fab
xmodel,#hash_4156fc00d238615e
xmodel,#hash_4156fd00d2386311
xmodel,#hash_4156fe00d23864c4
xmodel,#hash_4156ff00d2386677
xmodel,#p7_zm_kin_generator_industrial
xmodel,#p7_mou_observatory_dome_snow
xmodel,#p8_lamp_desk_top
xmodel,#p7_mou_air_vent_ceiling_01
xmodel,#p7_mou_handrail_ext_05_c_snow
xmodel,#p7_ris_concrete_pipe_96_section_01
xmodel,#p7_pipe_metal_hp_4_elbow_90_white
xmodel,#p7_box_cardboard_d_open01
xmodel,#hash_42b110fccc185ec8
xmodel,#hash_42b111fccc18607b
xmodel,#hash_42b112fccc18622e
xmodel,#hash_42b113fccc1863e1
xmodel,#hash_42b114fccc186594
xmodel,#hash_42b115fccc186747
xmodel,#hash_42b116fccc1868fa
xmodel,#p7_wes_metal_pulley_base
xmodel,#p7_farm_tools_pliers_01
xmodel,#p7_farm_tools_pliers_02
xmodel,#p7_slu_pole_chainlink_fence_metal_mountain
xmodel,#p8_fxanim_gp_wire_straight_xsml_smod
xmodel,#p7_zm_asc_pipes_electrical_short
xmodel,#p7_debris_newspaper_03
xmodel,#p7_debris_newspaper_02
xmodel,#p7_mou_cover_window_sml
xmodel,#hash_43d82db2fcd417e5
xmodel,#p7_mou_wirebundle_straight_128
xmodel,#p7_mou_bracket_pipe_lrg_snow
xmodel,#p8_fxanim_gp_rollup_door_snow_120_smod
xmodel,#c_t7_mp_warrior_mpc_fb1_skin1
xmodel,#p7_zm_isl_door_trap_plate_02
xmodel,#p7_zm_isl_door_trap_plate_01
xmodel,#p7_mou_truss_snow
xmodel,#hash_449502a3e4f67c56
xmodel,#p7_mou_frame_metal_window_128x60_green
xmodel,#p7_bucket_shrapnel_base
xmodel,#hash_4564ad080d5eab97
xmodel,#p7_mou_frame_metal_window_200x56_no_glass
xmodel,#hash_460f8058ee9c385c
xmodel,#hash_464f0a4218298415
xmodel,#p7_fxanim_mou_wires_set_04_smod
xmodel,#p7_zm_nac_pallet_wood_rustic
xmodel,#p7_rus_sign_wall_highvoltage_01
xmodel,#p7_mou_concrete_slab_grime
xmodel,#p7_mou_corkboard_light
xmodel,#p7_mou_lamp_industrial_light_head
xmodel,#p7_debris_cardboard_flat_05b
xmodel,#p7_cru_snowset_18
xmodel,#p7_cru_snowset_17
xmodel,#hash_48124a2fbf5201e7
xmodel,#p7_mou_vent_bldg_03
xmodel,#p7_mou_console_control_b_lrg_dest
xmodel,#p7_zm_asc_floor_gantry
xmodel,#p7_rus_antenna_short_snow
xmodel,#p8_mp_bomb_crate_whole_destroyed
xmodel,#p7_zm_der_transformer_rod
xmodel,#hash_492b25caa6db7520
xmodel,#p7_mou_barrel_metal_02_dmg
xmodel,#p7_mou_trash_can_full
xmodel,#p7_mou_handrail_bldg_03_stairs
xmodel,#hash_4978cb90ffca3bc5
xmodel,#p7_debris_trash_paperbag_02
xmodel,#p7_cai_sign_billboard_01_kit_beam_sml_long
xmodel,d#p7_mou_light_pole_speaker_snow
xmodel,#hash_49f28ecdc7a3cf00
xmodel,#hash_49f28fcdc7a3d0b3
xmodel,#hash_49f290cdc7a3d266
xmodel,#hash_49f291cdc7a3d419
xmodel,#hash_49f292cdc7a3d5cc
xmodel,#hash_49f293cdc7a3d77f
xmodel,#hash_49f294cdc7a3d932
xmodel,#hash_49f29dcdc7a3e87d
xmodel,#p7_light_pole_modular_exterior_128
xmodel,#hash_4a1ef670dd25d7cd
xmodel,d#p8_mphd_cargo_pallet_full_snow_02
xmodel,#p7_mou_transformer_floorunit_02_lid
xmodel,#p7_barrier_block_concrete_long_01_half
xmodel,#p7_debris_trash_snack_bag_02
xmodel,#hash_4b3e80f4a8695f78
xmodel,#p7_aqu_grate_metal_128_01
xmodel,#p7_mou_gondola_cart
xmodel,#p7_farm_tools_wrench
xmodel,#p7_foliage_grass_dry_03_snow_sml
xmodel,#p7_mou_wall_clock_label_paris
xmodel,#p7_mou_dome_radio_base_snow
xmodel,#p7_mou_support_gondola_beam_02
xmodel,#p7_mou_support_gondola_beam_03
xmodel,#p7_mou_support_gondola_beam_01
xmodel,#p7_shr_snow_chunk_trim_pile
xmodel,#p7_mou_wirebundle_straight_256
xmodel,#p7_mou_console_control_b_lrg
xmodel,#p7_fxanim_gp_trash_cardboard_flat_03_smod
xmodel,#p7_zm_asc_pipes_modular_opti_valve
xmodel,#p7_slu_sign_parking_traffic_snow
xmodel,#hash_4d720c424503fc13
xmodel,#p7_mou_girder_gondola_truss_sml
xmodel,#p7_ntx_tool_wrench_sml
xmodel,#p7_zm_der_handrail_post_middle_snow
xmodel,#p7_debris_trash_cup_coffee_02
xmodel,#p7_debris_trash_cup_coffee_01
xmodel,#p7_mou_handrail_radar_02_snow
xmodel,#p7_rus_timecard_clock
xmodel,#p8_mou_light_floodlight_bracket
xmodel,#p7_ris_shovel_lrg_red
xmodel,#p7_mou_handrail_radar_09_snow
xmodel,#p7_mou_frame_metal_window_92x60_no_glass
xmodel,#p7_sin_sh_truss_platform_pole_01
xmodel,#p7_mou_frame_metal_window_84x60_no_glass
xmodel,#skybox_mp_mountain2_override
xmodel,#dest_glo_bookshelf_metal01
xmodel,#skybox_default_day
xmodel,#p7_debris_concrete_rubble_bolt
xmodel,#p7_zm_ctl_tram_grate_a_04
xmodel,#p7_zm_ctl_tram_grate_a_03
xmodel,#p7_flag_pole_12_feet_01
xmodel,#hash_4fb61f9e3e59c42c
xmodel,#p7_shr_snow_chunk_trim_128
xmodel,#p7_light_fixture_ceiling_round_clean
xmodel,#p7_mou_coiled_wire
xmodel,#hash_50444cb5b3a6cf2b
xmodel,#p7_fxanim_gp_caution_tape_02_smod
xmodel,#p7_mou_data_recorder_strip
xmodel,#p7_fxanim_gp_streamer_blue_sml_02_s3_smod
xmodel,#p7_mou_gondola_building_set_08
xmodel,#p7_mou_gondola_building_set_09
xmodel,#p7_mou_gondola_building_set_06
xmodel,#p7_mou_gondola_building_set_07
xmodel,#p7_mou_gondola_building_set_04
xmodel,#p7_mou_gondola_building_set_05
xmodel,#p7_mou_gondola_building_set_02
xmodel,#p7_mou_gondola_building_set_03
xmodel,#p7_mou_gondola_building_set_01
xmodel,#p7_mou_gondola_building_set_11
xmodel,#p7_mou_gondola_building_set_10
xmodel,#p7_mou_gondola_building_set_13
xmodel,#p7_mou_gondola_building_set_12
xmodel,#p7_mou_gondola_building_set_15
xmodel,#p7_mou_gondola_building_set_14
xmodel,#p7_mou_gondola_building_set_16
xmodel,#p7_fxanim_mou_wires_set_01_smod
xmodel,#p7_mou_pallet_wood_snow
xmodel,#p7_sin_fence_chainlink_debris_post_brace_left
xmodel,#p8_mphd_roof_vent_base_01_snow
xmodel,#p7_fxanim_gp_streamer_blue_knot_01_mod
xmodel,#hash_5228333a63e23c8d
xmodel,#p7_mou_tank_horizontal_snow_dest
xmodel,#hash_5299dc7ccb0be143
xmodel,#p7_mou_fence_snow_red_tile_post
xmodel,#p7_mou_fence_metal_sml
xmodel,#p7_mou_pallet_wood
xmodel,#p7_eth_bird_spikes
xmodel,#p8_wz_supply_stash_health
xmodel,#p7_mou_gate_generator_post
xmodel,#p7_mou_wall_clock
xmodel,#p7_mou_frame_metal_door_double
xmodel,#wpn_t8_eqp_briefcase_bomb_stow
xmodel,#p7_slu_panel_electrical_04_base
xmodel,#p7_mou_bridge_01
xmodel,#p7_fxanim_gp_trash_newspaper_03_s2_mod
xmodel,d#veh_mphd_forklift_decals_rust_01
xmodel,d#p8_mp_flag_pole_1
xmodel,#p7_pipe_metal_hp_4_straight_16_white
xmodel,#p7_mou_keybox_tag_green
xmodel,#p7_mou_corkboard_light_2
xmodel,#p7_mou_corkboard_light_3
xmodel,#p7_fxanim_gp_trash_newspaper_07_s3_smod
xmodel,#p7_rus_box_electric_set_06
xmodel,#p7_rus_box_electric_set_03
xmodel,#p7_mou_data_recorder_reel
xmodel,#p7_mou_concrete_slab
xmodel,#p7_mou_cover_corrugated_136x136
xmodel,#p7_slu_fuse_box_electric_02
xmodel,#p7_slu_fuse_box_electric_03
xmodel,#p7_slu_fuse_box_electric_01
xmodel,#p7_clipboard_01_wpaper
xmodel,#hash_56bb29817ba8e53b
xmodel,#p7_zm_ori_cellar_door_hinge
xmodel,#p7_mou_tower_radar
xmodel,d#p8_mp_bomb_crate_brace
xmodel,#p7_mou_data_recorder_reel_dmg
xmodel,#aqu_catwalk_metal_01_128x32
xmodel,d#p7_mou_console_control_b_med
xmodel,#p7_mou_data_recorder_dest
xmodel,#p7_bottle_milk_broken_btm
xmodel,#p7_books_office_single_01e
xmodel,#p7_books_office_single_02b
xmodel,d#veh_mphd_forklift_decals_01
xmodel,#p7_zm_kin_data_reel_metal_lrg
xmodel,#p7_foliage_grass_tussock_green_1_snow
xmodel,#p7_slu_bucket_plastic_white_sml
xmodel,#p7_barrier_block_concrete_1
xmodel,#hash_596b692c7bbf9cd8
xmodel,#hash_596b6a2c7bbf9e8b
xmodel,#hash_596b6c2c7bbfa1f1
xmodel,#p7_debris_trash_paper_plate_01
xmodel,#p7_mou_handrail_ext_04_b_snow
xmodel,#p7_global_chainlink_fence_post_cap
xmodel,#p7_mou_data_recorder_sml_reel
xmodel,#hash_59fad117e3b92568
xmodel,#p7_zm_ori_coat_hanging
xmodel,#p7_medical_monitor_wall_mounted_track
xmodel,#hash_5a8924cd06bfec03
xmodel,#p7_box_cardboard_c_open02
xmodel,#p7_box_cardboard_c_open01
xmodel,#p7_truss_framing_modular_section_128
xmodel,#p7_rus_lamp_tinhat_cage
xmodel,#p7_mou_antenna_square_top
xmodel,#p7_mou_barrel_metal_02_snow_green
xmodel,#p7_mou_wall_clock_hand_minute
xmodel,#p7_street_curb_concrete_64a_wet
xmodel,#hash_5b6ca4205af18d29
xmodel,#p7_zur_rock_park_01_cluster_i_snow
xmodel,#p7_zm_asc_pipes_modular_straight_128_yellow
xmodel,#hash_5bc5ca93d4c97e1d
xmodel,#p7_rus_tank_pressure
xmodel,#hash_5c0d1b9cb1e32c43
xmodel,#p7_mou_data_computer
xmodel,#p7_ladder_metal_secured_guard
xmodel,#hash_5cc73ef0b900b1bd
xmodel,#hash_5cde2a31c8416dd4
xmodel,#hash_5ce4c3b0fe158234
xmodel,#p7_mou_wirebundle_90_side
xmodel,#p7_zm_ver_power_line_clamp
xmodel,#p7_mou_light_warning_red
xmodel,#p7_mou_antenna_microwave
xmodel,#p7_zm_moo_ibeam_bracket_junction_01_blue
xmodel,#p7_zm_ori_tool_shovel
xmodel,#p7_mou_beam_frame_cap
xmodel,#p7_zm_asc_tv_mount_platform
xmodel,#p7_mou_data_recorder_shard_04
xmodel,#p7_mou_data_recorder_shard_05
xmodel,#p7_mou_data_recorder_shard_01
xmodel,#p7_mou_data_recorder_shard_02
xmodel,#p7_mou_data_recorder_shard_03
xmodel,#p7_mou_sign_highvoltage_yellow
xmodel,#p7_foliage_tree_pine_03_vista_snow_ice
xmodel,#p7_zm_asc_fan_industrial_blade
xmodel,#p7_mou_pipe_vented
xmodel,#p7_mou_fence_metal_corner_bar
xmodel,#p7_fxanim_mou_light_emergency_static
xmodel,#p7_chair_stool_02_worn
xmodel,#p7_duct_metal_rectangle_vent_dark
xmodel,#p7_mou_beam_frame_plate
xmodel,#hash_5f2d8c2d617c7f37
xmodel,#hash_5f44e05a76847a03
xmodel,#p7_mp_mou_granite_cliff_big_grime_opti
xmodel,#p7_pipe_metal_hp_12_straight_128_bare
xmodel,#p7_mou_foliage_brush_02_winter
xmodel,#p7_mou_vent_roof_metal_snow
xmodel,#p8_fxanim_gp_trash_paper_floor_pile_01_s3_mod
xmodel,#p8_fxanim_gp_wire_straight_xsml_thick_smod
xmodel,#p7_zm_asc_box_electrical_04
xmodel,#p7_zm_asc_box_electrical_05
xmodel,#p7_zm_asc_box_electrical_06
xmodel,#p7_zm_asc_box_electrical_07
xmodel,#p7_zm_asc_box_electrical_02
xmodel,#p7_rus_bookshelf_metal
xmodel,#p8_fxanim_gp_wire_straight_med_thick_smod
xmodel,#p7_zm_der_light_spot_base_plate
xmodel,#p7_debris_concrete_rubble_med_01_no_metal_warm
xmodel,#p7_mou_handrail_dock_int_med_snow
xmodel,#p8_fxanim_mp_offshore_wires_07_smod
xmodel,#p7_spl_light_bulb_off
xmodel,#p7_ris_paint_brush_lrg_white
xmodel,#p7_mou_handrail_radar_03_snow
xmodel,#hash_6162e1a168c04552
xmodel,#hash_616965a168c5914c
xmodel,#p7_mou_frame_metal_door_single
xmodel,#p7_fxanim_gp_streamer_blue_lrg_02_s3_smod
xmodel,d#p8_mphd_tool_chest_rolling_lrg_wheel
xmodel,#p7_mou_earmuffs_industrial
xmodel,#hash_61e5f69d58bd2208
xmodel,#p7_mou_fence_snow_red_tile_post_endright
xmodel,#p7_mou_beam_support_pillar_junction02
xmodel,#p7_zm_asc_pipes_modular_straight_32_yellow
xmodel,#p7_mou_handrail_ext_05_b_snow
xmodel,#p7_mou_foliage_brush_01_snow
xmodel,#hash_62f11ad1fe11ef2d
xmodel,#hash_63488583427db846
xmodel,#p7_sin_market_stand_tarp_corner
xmodel,#p7_debris_concrete_rubble_sm_02_warm
xmodel,#hash_6382b02fe968a14f
xmodel,#p7_mou_handrail_radar_13_snow
xmodel,#p7_anim_proto_bucket
xmodel,#hash_63c0f8278f853dea
xmodel,#p7_spl_rubber_floor_mat
xmodel,#p7_debris_concrete_rubble_med_06_no_metal_warm
xmodel,#hash_649b7e66cedf4035
xmodel,#p7_mou_handrail_radar_10_snow
xmodel,#p8_mphd_lightbox
xmodel,#p8_fxanim_gp_trash_paper_floor_pile_02_s3_mod
xmodel,#p7_debris_trash_can_cola_01
xmodel,#p7_mou_cover_window_lrg
xmodel,#hash_660bc0fb588c0564
xmodel,#p7_mou_handrail_radar_04_snow
xmodel,#p7_zm_der_handrail_post_end_snow
xmodel,#p7_mou_console_control_a_corner
xmodel,#p7_zm_der_stair_step_8x12x120
xmodel,#p7_zur_rock_rubble_pile_a_snow
xmodel,#p7_crate_wood_01_med
xmodel,#p7_mou_scaffolding_wheel
xmodel,#p7_zm_debris_newspaper_german_02_burnt
xmodel,#p7_box_copy_paper_sheet
xmodel,#p7_slu_door_white_frame_60
xmodel,#hash_6772119609a18d39
xmodel,#p7_mou_frame_metal_window_128x60_no_glass
xmodel,#p7_debris_concrete_rubble_sm_00_snow
xmodel,#p7_rus_box_electric_base_08_lid
xmodel,#p7_mou_steps_ext_02_snow
xmodel,#hash_68102f9d723af526
xmodel,#p7_fxanim_gp_streamer_blue_lrg_01_s3_smod
xmodel,#p7_scaffold_metal_01_platform_support_188_single
xmodel,#p7_trashcan_street_metal_open_dmg_wet
xmodel,#p7_rus_angle_plate_bolt
xmodel,#p7_mou_snow_chunk_dirty_03
xmodel,#p7_mou_snow_chunk_04_large
xmodel,#p7_fxanim_gp_vent_roof_smod
xmodel,#p7_debris_wood_plywood_4x8_bowed
xmodel,#p7_mou_handrail_ext_04_a_snow
xmodel,#p7_zm_asc_loudspeaker
xmodel,#hash_69c489d69f58e96e
xmodel,#p7_mou_support_gondola_mount
xmodel,#p7_mou_cable_protector
xmodel,#hash_6b11059d5f1c00a0
xmodel,#p7_cleaning_paper_towel
xmodel,#skybox_default_black
xmodel,#p7_mou_light_cagelight_on
xmodel,#p7_mou_table_steel_blue
xmodel,#p7_zm_asc_pipes_modular_straight_16_yellow
xmodel,#p7_wes_sign_wanted_board_nail
xmodel,#p7_mou_tower_radar_base
xmodel,#p7_mou_fence_snow_red_tile
xmodel,#p7_blast_wall_concrete_large_damage_02
xmodel,#p7_blast_wall_concrete_large_damage_01
xmodel,#p7_zm_kin_generator_industrial_snow
xmodel,#p8_mphd_box_copy_paper_sheet
xmodel,#p7_zm_moo_ibeam_bracket_junction_01_grey
xmodel,#p7_slu_fuse_box_electric_wire_02
xmodel,#p7_slu_fuse_box_electric_wire_03
xmodel,#p7_conduit_rust_1_outlet_switch
xmodel,#p7_mou_airduct_01
xmodel,#p7_foliage_tree_ponderosa_pine_stump_snow
xmodel,d#p8_mp_bomb_crate_clamp
xmodel,#hash_6da5bc5556a6c898
xmodel,#hash_6da5c35556a6d47d
xmodel,#p7_mou_cup_styrofoam
xmodel,#p8_mou_monitor_ceiling_dmg
xmodel,#p7_zm_nac_bucket_metal_handle
xmodel,#p7_mou_data_recorder_sml_dest
xmodel,#p7_mou_wall_clock_hand_second
xmodel,#p7_mou_wirebundle_90_side_color
xmodel,#p7_ris_shovel_sml_red
xmodel,#hash_6ebdaa9162342890
xmodel,#p7_mou_antenna_structure_02
xmodel,#p7_mou_beam_support_pillar_junction_corner
xmodel,#p7_mou_wall_clock_hand_hour
xmodel,#p7_zur_rock_park_01_cluster_h_snow
xmodel,#hash_6f33115aa54d757a
xmodel,#p7_debris_wood_plywood_4x4_flat_wet
xmodel,#hash_6f53232113883e03
xmodel,#p8_mou_control_screen_sml
xmodel,#p_glo_clock_hourhand
xmodel,#p7_mou_girder_gondola_truss_lrg
xmodel,#p7_mou_wall_clock_label_newyork
xmodel,#p7_mop_janitor
xmodel,#p8_fxanim_mp_mou_wires_set_08_smod
xmodel,#p7_mou_antenna_square_mount
xmodel,#hash_70f96f9a58bb1bda
xmodel,#p7_fxp_debris_newspaper_02
xmodel,#p7_fxp_debris_newspaper_03
xmodel,#p7_fxp_debris_newspaper_01
xmodel,#p7_antenna_rooftop_02
xmodel,#p7_mou_trash_can
xmodel,#p7_mou_sign_personnel_only
xmodel,#p7_zm_kin_data_reel_rack_lrg
xmodel,#p7_mou_wire_pipe_wall
xmodel,#p7_office_paper_stack_lrg
xmodel,#p7_mou_barrel_metal_02_dmg_snow_green
xmodel,#p7_mou_door_sliding_metal_track
xmodel,#p7_slu_door_white_window_plain_left
xmodel,#p7_ban_i_beam_bracket_32_thin_l_01
xmodel,#p7_mou_radar_building_set_08
xmodel,#p7_mou_radar_building_set_09
xmodel,#p7_mou_radar_building_set_01
xmodel,#p7_mou_radar_building_set_02
xmodel,#p7_mou_radar_building_set_03
xmodel,#p7_mou_radar_building_set_04
xmodel,#p7_mou_radar_building_set_05
xmodel,#p7_mou_radar_building_set_06
xmodel,#p7_mou_radar_building_set_07
xmodel,#p7_mou_radar_building_set_13
xmodel,#p7_mou_radar_building_set_12
xmodel,#p7_mou_radar_building_set_11
xmodel,#p7_mou_radar_building_set_10
xmodel,#p7_mou_radar_building_set_17
xmodel,#p7_mou_radar_building_set_16
xmodel,#p7_mou_radar_building_set_15
xmodel,#p7_mou_radar_building_set_14
xmodel,#p7_mou_data_recorder_dial
xmodel,d#p7_mou_coffee_urn
xmodel,#hash_72a96e06d00644d6
xmodel,#p7_mou_table_steel_01
xmodel,#hash_730cb8565ab57a4d
xmodel,#p7_fxanim_mou_flag_rus_smod
xmodel,#hash_733c0e1725b10cf0
xmodel,#p7_office_paper_stack_sml
xmodel,#p8_fxanim_mp_mou_gondola_vista_02_mod
xmodel,#hash_746d3d05d62a2f3e
xmodel,#hash_74802bb5d9798bb8
xmodel,#p7_mou_fence_metal_double_bar
xmodel,#p7_toolbox_handheld_small_blue
xmodel,#p7_rus_gate_chainlink_lock
xmodel,#p7_cup_coffee_mug_01_grey
xmodel,#p7_mou_coffee_carafe
xmodel,#p7_tools_screwdriver
xmodel,#p7_ra2_tool_vintage_pincer_02
xmodel,#p7_fxanim_mou_wires_set_06_smod
xmodel,#p7_mou_fence_metal_pole_lrg
xmodel,#p7_eth_light_ceiling_attachment
xmodel,#p8_mou_control_screen_lrg
xmodel,#hash_75a52fab21f50dc1
xmodel,#p7_mou_handrail_radar_05_snow
xmodel,#p7_rus_foliage_tree_pine
xmodel,#p7_ban_i_beam_bracket_32
xmodel,#p7_zm_ori_boots_military
xmodel,#p7_mp_flag_neutral
xmodel,#p7_pipe_metal_hp_4_straight_32_white
xmodel,#hash_76ab2dc50913e0dc
xmodel,#p8_fxanim_mp_mou_tarp_orange
xmodel,#p7_cai_butcher_meat_hooks_07
xmodel,#p7_debris_concrete_rubble_scattered_01
xmodel,#veh_mphd_mou_snowcat_track04
xmodel,#veh_mphd_mou_snowcat_track02
xmodel,#veh_mphd_mou_snowcat_track03
xmodel,#veh_mphd_mou_snowcat_track01
xmodel,#p7_rus_tank_pressure_snow
xmodel,#p8_fxanim_gp_tape_linear_caution_md_smod
xmodel,#p7_mou_tower_radar_rail_long
xmodel,#hash_77c4941ef51718d7
xmodel,#hash_7814bcfb220ec559
xmodel,#p7_snow_chunk_trim_128
xmodel,#p7_slu_panel_electrical_02_base_pipe
xmodel,#p7_mou_window_facade_sml
xmodel,#p7_light_fluorescent_subway_bulb
xmodel,d#p8_mp_flag_base_boots_1
xmodel,#p7_slu_door_white_window_plain_60
xmodel,#p7_mou_tower_radar_rail_short
xmodel,#p7_mou_tank_storage_top
xmodel,#p7_mou_locker_metal_door_rt
xmodel,#p8_mou_crate_metal_01
xmodel,#p7_mou_locker_metal_door_lt
xmodel,#p8_wz_supply_stash_ammo
xmodel,#p7_ris_concrete_pipe_96_section_dmg_piece_10
xmodel,#p7_mou_light_cage_post_snow
xmodel,#p7_ris_concrete_pipe_96_section_dmg_piece_05
xmodel,#p7_ris_concrete_pipe_96_section_dmg_piece_04
xmodel,#p7_ris_concrete_pipe_96_section_dmg_piece_07
xmodel,#p7_ris_concrete_pipe_96_section_dmg_piece_06
xmodel,#p7_ris_concrete_pipe_96_section_dmg_piece_09
xmodel,#p7_ris_concrete_pipe_96_section_dmg_piece_08
xmodel,#hash_798c31a4e03f1be8
xmodel,#p7_mou_gate_security_door_rt_snow
xmodel,#p7_global_chainlink_fence_tension_band
xmodel,#p7_mou_antenna_receiver_01_ncs
xmodel,#p7_foliage_tree_spruce_norway_snow_thicktall_vista
xmodel,#p8_mphd_light_work_utility_generator
xmodel,#p7_rus_lamp_tinhat_bulb
xmodel,#p7_mou_table_steel_01_blue
xmodel,#p7_mou_fence_metal_corner
xmodel,#hash_7a7a13b7ffadfd21
xmodel,#p7_fxanim_mp_spire_wire08_mod
xmodel,#p7_street_curb_concrete_chunk_08_black
xmodel,#hash_7abeae93f31527bb
xmodel,#p7_fxanim_gp_trash_newspaper_08_s3_smod
xmodel,#p7_zm_asc_angle_plate_sm_green
xmodel,#p7_zm_ctl_gondola_pulley
xmodel,#p7_mou_frame_metal_window_136x56_no_glass
xmodel,#p7_snow_chunk_trim_64
xmodel,#p7_mou_beam_support_pillar_long
xmodel,#p7_mou_light_cagelight_off
xmodel,#p7_ntx_tool_wrench_adjustable_sml
xmodel,#p7_mou_airduct_01_snow
xmodel,#p7_slu_corkboard_sml_02
xmodel,#p7_mou_lamp_industrial_base
xmodel,d#p7_mou_drinking_fountain2_base
xmodel,#hash_7c6b46637eb2f60f
xmodel,#p7_ladder_metal_secured_128
xmodel,#p7_debris_trash_wrapper_01
xmodel,#p7_debris_trash_wrapper_02
xmodel,#p7_mou_snow_pile_02
xmodel,#p7_mou_snow_pile_03
xmodel,#p7_mou_snow_pile_04
xmodel,#p7_mou_snow_pile_06
xmodel,#p7_mou_fence_metal_pole_med
xmodel,#p7_global_chainlink_fence_metal_base
xmodel,#p8_fxanim_mp_mou_sign_cliff_smod
xmodel,#p7_zm_ctl_tram_grate_c_02
xmodel,#p7_zm_ctl_tram_grate_c_01
xmodel,#p8_fxanim_gp_wire_straight_xlong_thick_smod
xmodel,#hash_7d42db87ae8eb279
xmodel,#p7_global_chainlink_fence_tension_band_mountain
xmodel,#p7_zm_der_handrail_joint_end_snow
xmodel,#p7_electrical_box_set2_meter01
xmodel,#p7_electrical_box_set2_meter06
xmodel,#p7_office_paper_sheet_10
xmodel,#p7_office_paper_sheet_12
xmodel,#p7_office_paper_sheet_09
xmodel,#p7_office_paper_sheet_08
xmodel,#p7_office_paper_sheet_03
xmodel,#p7_ntx_tool_socket_03
xmodel,#p8_lamp_desk_base
xmodel,#p7_mou_support_beam_01
xmodel,#p7_mou_support_beam_03
xmodel,#p7_mou_antenna_receiver_02
xmodel,#p7_mou_antenna_receiver_01
xmodel,#p7_mou_beam_support_pillar_short
xmodel,#p7_ntx_tool_wrench_adjustable_lrg
xmodel,#hash_7dffcf37e537f958
xmodel,#p7_rus_debris_paper_set_02
xmodel,#p7_rus_debris_paper_set_03
xmodel,#p7_zm_moo_computer_rocket_launch_wire
xmodel,#p7_mou_cover_corrugated_136x22
xmodel,#hash_7e6e90831417d723
xmodel,#p7_mou_cover_corrugated_136x34
xmodel,#p7_mou_light_cage_mount_snow
xmodel,#p7_mou_wall_clock_label_london
xmodel,#p7_mou_handrail_ext_04_c_snow
xmodel,#p8_lamp_desk
xmodel,#p7_mou_door_sliding_metal
xmodel,#p7_ban_i_beam_bracket_32_t
xmodel,#p7_ban_i_beam_bracket_32_x
xmodel,#p7_mou_snow_slush_floor_large01
xmodel,#hash_7f628c6d31cf23bd
xmodel,#p7_mou_handrail_radar_08_snow
xmodel,#p7_mou_heater_electric
xmodel,#p7_mou_stair_bldg_long
fx,#hash_900a519ab3f8fe
fx,#hash_27c2e44e4128550
fx,#hash_57f2c07411a713e
fx,#hash_603104c8f206b0a
fx,#hash_78681c8116a16e0
fx,#hash_bdba6013d24d9cf
fx,#hash_d0a82736afff0b0
fx,#hash_d7a457d3bc61af5
fx,#hash_ea9cadc21dbf5bb
fx,#hash_11947bd0bbe3673b
fx,#hash_12ad38c5140c1482
fx,#hash_1556fda5d257d7ac
fx,#hash_1ffc06f04d39149d
fx,#hash_246e0e8558ac2acc
fx,#hash_277d3d35f34e8c28
fx,#hash_32930bd244c6eb28
fx,#hash_354f43292f7cd05d
fx,#hash_37474136912858bc
fx,d#hash_3bcf9e29be800d33
fx,#hash_3ce4110d0bca27c3
fx,#hash_3efccf163af95dd9
fx,#hash_460c5c18427de3af
fx,#hash_49152779bb024f91
fx,#hash_49e32be3ea1ad376
fx,#hash_4a46f2adb5427f37
fx,#hash_4e3a4b30a98d5938
fx,#hash_50b5965a07409fd0
fx,#hash_5177294cfd79a501
fx,#hash_52b5b851f28d5bc1
fx,#hash_52bb6e7258186c62
fx,#hash_52ec2123a7855006
fx,#hash_55dfddfc63c9d556
fx,#hash_5c7f46edb09a0f11
fx,#hash_5d9b081a88770177
fx,#hash_6dd69e8ed4396623
fx,#hash_6e6b5449af858b22
fx,#hash_7538092725b1f67e
fx,#hash_786a0e12d536601f
fx,#hash_7b91ba775738e5dc
destructibledef,#hash_5ce7e15dfecaac3a
xanim,#hash_20ae6d3601fcb685
xmodel,#p7_mou_support_gondola_full
xmodel,#p8_mou_control_screen
xmodel,#p7_slu_bucket_plastic_white_sml_row
xmodel,#p7_mou_brace_gondola_full
xmodel,#p7_zm_kin_generator_industrial_full_snow
xmodel,#p7_rus_lamp_tinhat_full
xmodel,#p7_mou_data_recorder_sml_full
xmodel,#p8_mphd_rollup_door_128_snow
xmodel,#hash_bd7257aa134b2b5
xmodel,#p7_bottle_plastic_2litre_crushed_green
xmodel,#p7_mou_data_recorder_full
xmodel,#hash_fc6aeef6fcb558b
xmodel,#hash_fc6b1ef6fcb5aa4
xmodel,#hash_fc6b3ef6fcb5e0a
xmodel,#hash_fc6b4ef6fcb5fbd
xmodel,#p7_mou_locker_metal_full
xmodel,#p7_kitchen_knives_set_scissors
xmodel,#p8_mphd_rollup_door_136_snow
xmodel,#p8_mphd_rollup_door_176_snow
xmodel,#hash_1b54ad742394088a
xmodel,#p7_zm_nac_bucket_metal_full
xmodel,#p8_mphd_tool_chest_sml_full
xmodel,d#p8_mphd_tool_chest_rolling_lrg_b_wheel
xmodel,#p7_mou_scaffolding_full
xmodel,d#p7_mou_light_pole_speakers_set_snow
xmodel,#p7_debris_trash_bottle_water_02
xmodel,#p7_debris_trash_bottle_water_01
xmodel,#hash_25bd8fd0b281c257
xmodel,#p7_zm_kin_generator_industrial_full
xmodel,#p7_book_office_binder_open
xmodel,#hash_2d89f9c3e3e8ffc6
xmodel,#veh_mphd_mou_snowcat_destructible
xmodel,#p7_mou_antenna_square_mount_full
xmodel,#hash_3539ce8b0f94cd0e
xmodel,#p7_slu_panel_electrical_02_base_full
xmodel,#p8_fxanim_mp_mou_wires_set_gondola_mod
xmodel,#p7_zm_mob_lamp_tinhat_off
xmodel,#p7_slu_bucket_plastic_orange_sml_row
xmodel,#p8_fxanim_mp_mou_clock_wall_moscow
xmodel,d#p7_mou_veh_mphd_forklift_snow
xmodel,d#p7_bucket_plastic_5_gal_white
xmodel,#p7_mou_data_recorder_cover_dmg
xmodel,#p8_mou_light_floodlight_body_full
xmodel,#p7_fxanim_mou_antenna_radio_02_c_animated
xmodel,#p7_bucket_plastic_5_gal_lid_white
xmodel,#p7_zm_sta_transformer_power_full
xmodel,d#p8_mp_flag_base_1
xmodel,#p7_mou_radar_dish_vista
xmodel,#p7_rus_debris_paper_set_01_full
xmodel,#p7_office_paper_folder_blue
xmodel,#hash_5c817a7f4b61e203
xmodel,#hash_5fa35a6f158de7e3
xmodel,#p7_mou_data_recorder_panel_02_lt_dmg
xmodel,#p8_mphd_rollup_door_80_snow
xmodel,#p7_zm_asc_loudspeaker_mount_full
xmodel,#p7_rus_rack_coat_full
xmodel,#p7_fxanim_mou_antenna_radio_02_b_animated
xmodel,#p7_bucket_plastic_5_gal_closed_white
xmodel,#p7_zm_ctl_desk_supply_pen_full_black
xmodel,#p7_slu_fuse_box_electric_wire_01
xmodel,#p8_fxanim_mp_mou_clock_wall_newyork
xmodel,#p7_street_curb_concrete_chunk_07_black
xmodel,#p7_kitchen_knives_set_saw
xmodel,#hash_771eedcdb54babd8
xmodel,#p7_mou_dome_radio_snow_full
xmodel,#p7_mou_gondola_full
xmodel,#p8_fxanim_mp_mou_clock_wall_london
xmodel,d#p8_mp_bomb_crate_whole
xmodel,#p7_mou_transformer_electrical
fx,#hash_1dc4a2e7a13192
fx,#hash_68d36f3baeacb0
fx,#hash_2bd8234adfb68688
fx,#hash_2eec3c0ee053a6cf
fx,#destruct/fx_dest_paper_flat
fx,#hash_3a89b09f638ea8ac
fx,#hash_3fa00779a09022ff
fx,#hash_503371cc16c07c4b
fx,#hash_5ea37902f68b2f56
fx,#hash_6425e4685168b59c
fx,#hash_65a8ab5b7e204e23
fx,d#hash_676b71f3198293b1
fx,#hash_681823161b902de2
fx,#hash_6be93712263f8fa5
fx,#hash_6f01001a09f08a94
fx,#hash_70ddde1bb1020c66
fx,#hash_7137031bb14e741b
fx,#hash_72fb53e7706468b5
fx,#hash_7e68dfc1a77f9f59
scriptbundle,#sb_mp_endgame_player_06
scriptbundle,#sb_mp_endgame_player_05
scriptbundle,#sb_mp_endgame_player_04
scriptbundle,#sb_mp_endgame_player_03
scriptbundle,#sb_mp_endgame_player_02
scriptbundle,#p8_fxanim_mou_anemometer_bundle
scriptbundle,#p8_fxanim_mou_pole_light_wind_bundle
scriptbundle,#sb_mp_draft_common_axis
scriptbundle,#sb_mp_sector_endgame
scriptbundle,#sb_mp_draft_common_allies
scriptbundle,#p7_fxanim_mp_spire_wire08_bundle
scriptbundle,#p7_fxanim_mou_antenna_radio_01_a_bundle
image,#hash_62b606344ae44f91
image,#hash_47ff214a9c296bec
image,#hash_50cbf71eda77ea62
image,#hash_55d6b8000816b79a
image,#hash_55d6b9000816b94d
image,#hash_55d6b6000816b434
image,#hash_55d6b7000816b5e7
image,#hash_55d6b4000816b0ce
image,#hash_55d6b5000816b281
image,#hash_55d6b2000816ad68
image,#hash_55d6b3000816af1b
image,#hash_55d6b0000816aa02
image,#hash_55d6b1000816abb5
image,#hash_7295d80dbe9d2f67
image,#hash_7295d70dbe9d2db4
image,#hash_7295da0dbe9d32cd
image,#hash_7295d90dbe9d311a
image,#hash_7295d40dbe9d289b
image,#hash_7295d30dbe9d26e8
image,#hash_7295d60dbe9d2c01
image,#hash_7295d50dbe9d2a4e
image,#hash_7295d00dbe9d21cf
image,#hash_7295cf0dbe9d201c
image,#hash_728b460dbe93e2cc
image,#hash_728b470dbe93e47f
image,#hash_728b480dbe93e632
image,#hash_728b490dbe93e7e5
image,#hash_728b420dbe93dc00
image,#hash_728b430dbe93ddb3
image,#hash_728b440dbe93df66
image,#hash_728b450dbe93e119
image,#hash_728b4e0dbe93f064
image,#hash_728b4f0dbe93f217
image,#hash_728ecc0dbe96fc55
image,#hash_728ecb0dbe96faa2
image,#hash_728eca0dbe96f8ef
image,#hash_728ec90dbe96f73c
image,#hash_728ec80dbe96f589
image,#hash_728ec70dbe96f3d6
image,#hash_728ec60dbe96f223
image,#hash_728ec50dbe96f070
image,#hash_728ed40dbe9709ed
image,#hash_728ed30dbe97083a
image,#hash_7284da0dbe8ebf9a
image,#hash_7284db0dbe8ec14d
image,#hash_7284d80dbe8ebc34
image,#hash_7284d90dbe8ebde7
image,#hash_7284d60dbe8eb8ce
image,#hash_7284d70dbe8eba81
image,#hash_7284d40dbe8eb568
image,#hash_7284d50dbe8eb71b
image,#hash_7284d20dbe8eb202
image,#hash_7284d30dbe8eb3b5
image,#hash_7288400dbe91a2c3
image,#hash_72883f0dbe91a110
image,#hash_7288420dbe91a629
image,#hash_7288410dbe91a476
image,#hash_7288440dbe91a98f
image,#hash_7288430dbe91a7dc
image,#hash_7288460dbe91acf5
image,#hash_7288450dbe91ab42
image,#hash_7288480dbe91b05b
image,#hash_7288470dbe91aea8
image,#hash_727dce0dbe888c88
image,#hash_727dcf0dbe888e3b
image,#hash_727dd00dbe888fee
image,#hash_727dd10dbe8891a1
image,#hash_727dd20dbe889354
image,#hash_727dd30dbe889507
image,#hash_727dd40dbe8896ba
image,#hash_727dd50dbe88986d
image,#hash_727dc60dbe887ef0
image,#hash_727dc70dbe8880a3
image,#hash_7281540dbe8ba611
image,#hash_7281530dbe8ba45e
image,#hash_7281520dbe8ba2ab
image,#hash_7281510dbe8ba0f8
image,#hash_7281580dbe8bacdd
image,#hash_7281570dbe8bab2a
image,#hash_7281560dbe8ba977
image,#hash_7281550dbe8ba7c4
image,#hash_72814c0dbe8b9879
image,#hash_72814b0dbe8b96c6
image,#hash_7277420dbe8332f6
image,#hash_7277430dbe8334a9
image,#hash_7277400dbe832f90
image,#hash_7277410dbe833143
image,#hash_7277460dbe8339c2
image,#hash_7277470dbe833b75
image,#hash_7277440dbe83365c
image,#hash_7277450dbe83380f
image,#hash_72774a0dbe83408e
image,#hash_72774b0dbe834241
image,#hash_727a480dbe8572ff
image,#hash_727a470dbe85714c
image,#hash_727a4a0dbe857665
image,#hash_727a490dbe8574b2
image,#hash_727a440dbe856c33
image,#hash_727a430dbe856a80
image,#hash_727a460dbe856f99
image,#hash_727a450dbe856de6
image,#hash_727a500dbe858097
image,#hash_727a4f0dbe857ee4
image,#hash_51cd765ae51770d5
image,#hash_51cd755ae5176f22
image,#hash_51cd745ae5176d6f
image,#hash_51cd735ae5176bbc
image,#hash_51cd725ae5176a09
image,#hash_51cd715ae5176856
image,#hash_51cd705ae51766a3
image,#hash_51cd6f5ae51764f0
image,#hash_51cd7e5ae5177e6d
image,#hash_51cd7d5ae5177cba
image,#hash_51c9f05ae514574c
image,#hash_51c9f15ae51458ff
image,#hash_51c9f25ae5145ab2
image,#hash_51c9f35ae5145c65
image,#hash_51c9ec5ae5145080
image,#hash_51c9ed5ae5145233
image,#hash_51c9ee5ae51453e6
image,#hash_51c9ef5ae5145599
image,#hash_51c9f85ae51464e4
image,#hash_2707fe527eec367a
image,#hash_2707ff527eec382d
image,#hash_1e5636fa8f64ae55
image,#hash_2d69ce485639b7f8
image,#hash_51494b353b4f7e0f
image,#hash_25bacfb062393aea
image,#hash_4ca6e3527374a88f
image,#hash_535fae87d9bcb168
image,#hash_4961cb906e8c2d75
image,#hash_6e43b11cf495149e
image,#hash_4a68c414ab4b0607
image,#hash_7d32a1e9a5cd09a8
image,#hash_4693289b7db10503
image,#hash_6271ed9afcfaa462
image,#hash_75c14631b2ca67cf
image,#hash_26f775a7471cb9c
image,#hash_667317ea7b50520d
image,#hash_4f8dc3122e49932a
image,#hash_3c0b7740f930c4e9
image,#hash_1c6aef0ce930a640
image,#hash_2a12fae3f8cef40
image,#hash_2a130ae3f8cf0f3
image,#hash_2a131ae3f8cf2a6
image,#hash_1c658bed81e208af
image,#hash_7705bd9138410aca
image,#hash_2bb85741c02c1589
image,#hash_24c401f1a779ae14
image,#hash_43acdc2019b7ffd0
image,#precomputed_sky_illumination_dc
image,#precomputed_sky_illumination_y
image,#precomputed_sky_illumination_h
image,#precomputed_sky_illumination_xz
lighting,#maps/mp/mp_mountain2.d3dbsp
destructibledef,#hash_71ea7ffa7a961e31
xmodel,#p7_mou_keybox_case_full
xmodel,#p7_debris_trash_corner_clump_01
xmodel,#p7_slu_bucket_plastic_pallet_sml
fx,#hash_3267bb75f22e172
fx,#hash_fc6db376993954d
fx,#hash_108a2cf3d4a2a019
fx,#hash_122035a8da79d394
fx,#hash_13d201b75d884de2
fx,#hash_13d202b75d884f95
fx,#hash_1ab8f534ee794927
fx,#hash_1b11d034eec5331e
fx,#hash_2a59ec613aa53582
fx,#hash_2b9f7bac14029319
fx,#hash_2d24b43a75f0f721
fx,#hash_3477699fec026a45
fx,#hash_3f1860955dd2e38c
fx,#hash_4c8081d8bbd6d9f7
fx,#hash_6407ebcf57da3ee6
fx,#/destruct/fx_dest_paper
fx,#hash_72ce2396a1d4a56f
fx,#hash_7de1c86090e5715d
scriptbundle,#p7_fxanim_mou_light_emergency_bundle
scriptbundle,#p7_fxanim_mou_antenna_radio_02_c_bundle
scriptbundle,#p8_fxanim_mp_mou_wires_set_gondola_bundle
scriptbundle,#p7_fxanim_mou_antenna_radio_02_b_bundle
destructibledef,#hash_1b2bf2f231fbafba
destructibledef,#hash_20b004d7f9a50c9a
destructibledef,#hash_3293ce6e97e33446
destructibledef,#hash_3e34197c7ce28d51
destructibledef,#hash_630c6110e452594a
destructibledef,#p7_mou_data_recorder_sml_ddef
image,#hash_7a2b772e4c99fcf4
image,#*cookie_array
image,#vdreveal
gfx_map,#maps/mp/mp_mountain2.d3dbsp
fx,#hash_6dc1e81600b4c7d7
staticlevelfxlist,#maps/mp/mp_mountain2.d3dbsp
entitylist,#maps/mp/mp_mountain2.d3dbsp
physpreset,#p7_slu_panel_electrical_01_lid_01
physpreset,#p7_slu_panel_electrical_01_lid_02
physpreset,#p7_sweep_broom_push_green
col_map,#maps/mp/mp_mountain2.d3dbsp
