type,name
streamerworld,#hash_cf48cc8d37c6e6a
physpreset,#hash_8e5ab17b8353d20
physpreset,d#safety_cone
physpreset,d#metal_tray
physpreset,#helmet
physpreset,#treasure_coin
physpreset,#p7_clipboard_01_wpaper
physpreset,#p7_cup_coffee_mug
physpreset,#fire_extinguisher
physpreset,d#default
physpreset,#ceramic_cup
physpreset,d#hash_7f10d2bf08c8cb38
physconstraints,#hash_fe9c6b81e03887
physconstraints,#hash_10d8ddbd97269bb0
physconstraints,#hash_1c719b3e9bc19dcb
physconstraints,#hash_2da12327d8a2b505
physconstraints,#hash_39a220c978052abd
physconstraints,#hash_4793f3608ebef7cf
physconstraints,d#hash_4a92ce96625b0f8d
physconstraints,#hash_53d7560388fd93b6
physconstraints,#hash_70a6d613e88f47d6
physconstraints,d#hash_7222c349d8007bf8
physconstraints,#hash_75e394d3f2a0ea25
physconstraints,d#hash_7c378929c004db16
xanim,#p8_fxanim_mp_silo_conveyer_crane_01_anim
xanim,#hash_990ed6a77c7d9ea
xanim,#pb_rifle_endgame_2ndplace_idle
xanim,#hash_d960467d1e8a00f
xanim,#hash_db61c3924c60c89
xanim,#pb_rifle_endgame_3rdplace_idle
xanim,#hash_1bf3c49b5851cd71
xanim,#hash_23a5d69e5c512c93
xanim,#pb_hacking_in
xanim,#p8_fxanim_mp_silo_sign_post_02_anim
xanim,#p8_fxanim_mp_silo_sign_post_03_anim
xanim,#p8_fxanim_mp_silo_conveyer_crane_02_anim
xanim,#pb_rifle_endgame_1stplace_idle
xanim,#hash_55113eeed8e93684
xanim,#p8_fxanim_mp_silo_satelite_01_anim
xanim,#o_veh_t7_civ_sedan_midsize_police_explode
xanim,#p8_fxanim_mp_silo_missle_deploy_anim
xanim,#hash_682ad2b32ad706aa
xmodelmesh,#hash_3b9fae467117
xmodelmesh,#hash_deb974d954ab
xmodelmesh,#hash_5582bd97e2e5c
xmodelmesh,#hash_fbafc5bb1f3d1
xmodelmesh,#hash_1192f4ac8182a6
xmodelmesh,#hash_17d0bdba340004
xmodelmesh,#hash_18d253137f7be5
xmodelmesh,#hash_1e10b88e494536
xmodelmesh,#hash_1e2d26bfa948f3
xmodelmesh,#hash_23640d86d1126c
xmodelmesh,#hash_29a7d480c6ffc1
xmodelmesh,#hash_37db8d376dd02e
xmodelmesh,#hash_3c2fe6e56a3793
xmodelmesh,#hash_47f9cd1edbb2b5
xmodelmesh,#hash_4f92108a8b5bd5
xmodelmesh,#hash_5618111cdb280a
xmodelmesh,#hash_591da5995c755a
xmodelmesh,#hash_5bdfd01b05e3a0
xmodelmesh,#hash_5c280574a854be
xmodelmesh,#hash_5e0238347dfd88
xmodelmesh,#hash_5ecd9267d2a358
xmodelmesh,#hash_5ee1ac034934be
xmodelmesh,#hash_64c3c77c4e22b7
xmodelmesh,#hash_6ac69e2d5b80c4
xmodelmesh,#hash_7383dea192b361
xmodelmesh,#hash_74f058f8ba2dfc
xmodelmesh,#hash_78894df690ab6f
xmodelmesh,#hash_7a97bf13b7c598
xmodelmesh,#hash_80d03d288fca3b
xmodelmesh,#hash_8390acccfa34f1
xmodelmesh,#hash_83c561f807f1bb
xmodelmesh,#hash_8407de45577d68
xmodelmesh,#hash_85924968f31492
xmodelmesh,#hash_924e378cea2a3c
xmodelmesh,#hash_948dcc7801bec4
xmodelmesh,#hash_951dae4bd05174
xmodelmesh,#hash_97ff8179dbc1a8
xmodelmesh,#hash_9cf13416a48f18
xmodelmesh,#hash_9f498e9bdd25be
xmodelmesh,#hash_9f7506f2de019a
xmodelmesh,#hash_a0ae5bfcbdc09c
xmodelmesh,#hash_a11f46ad26dc33
xmodelmesh,#hash_a631b6879bf5a3
xmodelmesh,#hash_ab2b382affe099
xmodelmesh,#hash_ad5fc5254e6389
xmodelmesh,#hash_ad98d9b6f55022
xmodelmesh,#hash_ae3fbfa25bfd63
xmodelmesh,#hash_af6b3328327e8d
xmodelmesh,#hash_b1473be63f4dfd
xmodelmesh,#hash_bcd649e3f0dda9
xmodelmesh,#hash_c6c3d71297b71c
xmodelmesh,#hash_c7a136b866e4c5
xmodelmesh,#hash_c90bd9a2f80855
xmodelmesh,#hash_d0bb47d6ccfe57
xmodelmesh,#hash_d1a1a02538a035
xmodelmesh,#hash_e52824384ab0c2
xmodelmesh,#hash_e7ce284654db21
xmodelmesh,#hash_f18c7bd685ffaf
xmodelmesh,#hash_f19b57df741cc9
xmodelmesh,#hash_f3c9169ba4227e
xmodelmesh,#hash_f4038c71f351a9
xmodelmesh,#hash_f4bbc1325c943a
xmodelmesh,#hash_f532a617ad4b49
xmodelmesh,#hash_f5ed9625c40369
xmodelmesh,#hash_fb160fb39b8d4b
xmodelmesh,#hash_102a6d19f46a8d2
xmodelmesh,#hash_106cb268bcc9e90
xmodelmesh,#hash_10b5242e755da33
xmodelmesh,#hash_117fa6b6fb12599
xmodelmesh,#hash_11edb58f95328d4
xmodelmesh,#hash_121de25683a95eb
xmodelmesh,#hash_1239a3884642cf7
xmodelmesh,#hash_124913525c9e66c
xmodelmesh,#hash_128781133f3130f
xmodelmesh,#hash_12d3b0e72088e99
xmodelmesh,#hash_12d4a4155376cc9
xmodelmesh,#hash_13063a708a0779b
xmodelmesh,#hash_13a686801bbafc6
xmodelmesh,#hash_13bd911d1ee8c93
xmodelmesh,#hash_141beadaabd8e97
xmodelmesh,#hash_14618494ddf8803
xmodelmesh,#hash_147397c6c59b101
xmodelmesh,#hash_147eebee7b16d9a
xmodelmesh,#hash_1482b788b2ee621
xmodelmesh,#hash_149ad482ef3cdfe
xmodelmesh,#hash_150c2b3333b7b33
xmodelmesh,#hash_155f281c060aba0
xmodelmesh,#hash_15f5b12c45f7e30
xmodelmesh,#hash_16192d38d509bd0
xmodelmesh,#hash_161fa216f4f2f05
xmodelmesh,#hash_16ccbcde227794d
xmodelmesh,#hash_174bef30fec01aa
xmodelmesh,d#hash_178e0c6318a1d03
xmodelmesh,#hash_17c3aa49fec8a5b
xmodelmesh,#hash_180b27fa0f6a589
xmodelmesh,#hash_181f1711b8f7ccd
xmodelmesh,#hash_182bf173b53275d
xmodelmesh,#hash_18fe213d5941a4c
xmodelmesh,#hash_195353acfb57790
xmodelmesh,#hash_198adb815566652
xmodelmesh,#hash_19b5b34bc0ea1a1
xmodelmesh,#hash_19e45dc271bc4e7
xmodelmesh,#hash_19ecff15e10be81
xmodelmesh,#hash_1a0810ef719c599
xmodelmesh,#hash_1abf3da8613a1bb
xmodelmesh,#hash_1b1a60aab539bef
xmodelmesh,#hash_1b2685d0e3c6a99
xmodelmesh,#hash_1b962ec449806a1
xmodelmesh,#hash_1c2347eaac56876
xmodelmesh,#hash_1cc3bee3814ad19
xmodelmesh,#hash_1cd66ae7dda66af
xmodelmesh,#hash_1d4f3762f56e367
xmodelmesh,#hash_1dc0e7ab546b89a
xmodelmesh,#hash_1df1d136a1218a8
xmodelmesh,#hash_1e0de9ddf395600
xmodelmesh,#hash_1e36c6d38ab8287
xmodelmesh,#hash_1e522ffbe0d2990
xmodelmesh,#hash_1e8c041ecaf7670
xmodelmesh,#hash_1efa20976c61500
xmodelmesh,#hash_1fb3b675d61ed83
xmodelmesh,#hash_1fc4cd636ff9da8
xmodelmesh,#hash_1fe3857b188059a
xmodelmesh,#hash_1fe70f687fefbe3
xmodelmesh,#hash_201129652961291
xmodelmesh,#hash_202298c4cfeacf9
xmodelmesh,#hash_208c6f7371c5b7c
xmodelmesh,#hash_20dd3d6abcfde27
xmodelmesh,#hash_20e3268cc2569dd
xmodelmesh,#hash_213dfc76749fbf1
xmodelmesh,#hash_217c57d862399b6
xmodelmesh,#hash_219505cae4da0b1
xmodelmesh,#hash_21cd5439ff5e216
xmodelmesh,#hash_21e284f59a2d505
xmodelmesh,#hash_220d4278e77b56d
xmodelmesh,d#hash_2262e142e972c10
xmodelmesh,#hash_2298bd740128604
xmodelmesh,#hash_22e07f628953d89
xmodelmesh,#hash_231d25d8c38073a
xmodelmesh,#hash_23643f8a8569c95
xmodelmesh,#hash_23c454743ca33cd
xmodelmesh,#hash_23d2aed76c6c1eb
xmodelmesh,#hash_24148e9933ff449
xmodelmesh,#hash_2421eb3eb12bb8f
xmodelmesh,#hash_24319380aa204ad
xmodelmesh,#hash_24b389f2589cbe1
xmodelmesh,#hash_257bd431fe6aeef
xmodelmesh,#hash_2593b12725d64cb
xmodelmesh,#hash_25b6ea0c86d98c0
xmodelmesh,#hash_2679af6533ee841
xmodelmesh,#hash_26908ef942c50d4
xmodelmesh,#hash_2696f6f36ed13f7
xmodelmesh,#hash_2701b3d128f0f28
xmodelmesh,#hash_276c1a46dfc77b5
xmodelmesh,#hash_27e704a557976cf
xmodelmesh,#hash_27fb08f11f63850
xmodelmesh,#hash_284e0fc4842377b
xmodelmesh,#hash_28e58e245132718
xmodelmesh,#hash_28ee2a547e9a3d3
xmodelmesh,#hash_28f2e6beb063e07
xmodelmesh,#hash_29810cc8ba43629
xmodelmesh,#hash_2a760f6b5f245cd
xmodelmesh,#hash_2aa0368706fcf9c
xmodelmesh,#hash_2aad28a6eb7f0c8
xmodelmesh,#hash_2b0c07e9ffe840a
xmodelmesh,#hash_2b243395c69e7e5
xmodelmesh,#hash_2b549a9cd0d4730
xmodelmesh,#hash_2bd671d42d06b4c
xmodelmesh,#hash_2bf6af54fbe1da2
xmodelmesh,#hash_2c24664dc1c923c
xmodelmesh,#hash_2c30ddc959c9914
xmodelmesh,#hash_2c69fb55be7db2e
xmodelmesh,#hash_2c88b371940a458
xmodelmesh,#hash_2cadc3e0a53b56a
xmodelmesh,#hash_2cb41aa6d5a68b4
xmodelmesh,#hash_2cb9097732280cf
xmodelmesh,#hash_2cbfa3d151b7adb
xmodelmesh,#hash_2d073626463c3a9
xmodelmesh,#hash_2dc3b31db7d3ed4
xmodelmesh,#hash_2dce44b32108260
xmodelmesh,#hash_2dfe059f4b16dbd
xmodelmesh,#hash_2e36bb853b76ee0
xmodelmesh,#hash_2e514179cd0737b
xmodelmesh,#hash_2e68ebd88588108
xmodelmesh,#hash_2e75e277fabcdd3
xmodelmesh,#hash_2e89a09928ea86f
xmodelmesh,#hash_2ec81c653121e50
xmodelmesh,#hash_2f4cba227fe42f1
xmodelmesh,#hash_2f6563e5a0d64ab
xmodelmesh,#hash_303125fb950a608
xmodelmesh,#hash_303661b9d7bc1d6
xmodelmesh,#hash_304c0eef1cc33b9
xmodelmesh,#hash_3081438b1bd266d
xmodelmesh,#hash_3096362276276e5
xmodelmesh,#hash_30cf684dd067dac
xmodelmesh,#hash_30ee66263263a91
xmodelmesh,d#hash_30ef18ff8c82600
xmodelmesh,#hash_3158027d0060372
xmodelmesh,#hash_32194bc255c68e0
xmodelmesh,#hash_329f330ae5410a8
xmodelmesh,#hash_32af69ee6912c36
xmodelmesh,#hash_34431371daee91d
xmodelmesh,#hash_34a0987a5ff3805
xmodelmesh,#hash_356f4c5ddf98278
xmodelmesh,#hash_35b95edf9c96551
xmodelmesh,#hash_35d8e9a3013dce4
xmodelmesh,#hash_368edf7f0b8c0a7
xmodelmesh,#hash_3695b932fe9dd14
xmodelmesh,#hash_36b74e8f590d46d
xmodelmesh,#hash_375599cdd258d57
xmodelmesh,#hash_375760fc754ee0b
xmodelmesh,#hash_375a08c311faa59
xmodelmesh,#hash_37636153286402e
xmodelmesh,#hash_376f54113f10219
xmodelmesh,#hash_379f013d78ae858
xmodelmesh,#hash_37b9521ed06d64d
xmodelmesh,#hash_37cf4ddd060ae92
xmodelmesh,#hash_37f2c7a3fa1807d
xmodelmesh,#hash_3854dd5433e9d39
xmodelmesh,#hash_386200d3f3aed49
xmodelmesh,#hash_39264f67cdd83fa
xmodelmesh,#hash_3931cd2dc96810a
xmodelmesh,#hash_3977f4038db928c
xmodelmesh,#hash_39de42d45839906
xmodelmesh,#hash_3a0d457642fb453
xmodelmesh,#hash_3a41517b4c4d650
xmodelmesh,#hash_3a420128b666a38
xmodelmesh,#hash_3b1193ed2a44e42
xmodelmesh,d#hash_3b5d85d38bcea12
xmodelmesh,#hash_3c027733dae3b18
xmodelmesh,#hash_3c0b906a403ea46
xmodelmesh,#hash_3c0f48a6fc48791
xmodelmesh,#hash_3c982f78e8d6802
xmodelmesh,#hash_3ca4e115ee9422b
xmodelmesh,#hash_3d728889cf77c16
xmodelmesh,#hash_3e08b855c421334
xmodelmesh,#hash_3e49cfc05cc6118
xmodelmesh,#hash_3e4ed8a755bdfff
xmodelmesh,#hash_3ecbf6d022ae289
xmodelmesh,#hash_3ef307cd977cead
xmodelmesh,#hash_3f0da8d20b158e0
xmodelmesh,#hash_3f42b80ddb101f8
xmodelmesh,#hash_3fceb51f1d41dee
xmodelmesh,#hash_3fd253347e7309d
xmodelmesh,d#hash_3fdf580c60b7f12
xmodelmesh,#hash_3fe4e50b5c66283
xmodelmesh,#hash_3fef250f868711a
xmodelmesh,#hash_3ff072e34e207cc
xmodelmesh,#hash_3ff931aa4dddd87
xmodelmesh,#hash_404ffc54ff63ef8
xmodelmesh,#hash_4059ba8dd8b5f5c
xmodelmesh,#hash_40cbebcf993a068
xmodelmesh,#hash_410f87be8c11147
xmodelmesh,#hash_4167630a41a354f
xmodelmesh,#hash_417e2a782c4b037
xmodelmesh,#hash_4186011b347ed9f
xmodelmesh,#hash_41ee425702d973b
xmodelmesh,#hash_420ee7af8017223
xmodelmesh,#hash_4283ffbd7cf6985
xmodelmesh,#hash_4369528214d61dc
xmodelmesh,d#hash_43cd8d7d5a54c9a
xmodelmesh,#hash_43efc1fb82a0205
xmodelmesh,#hash_445b29a5cb64f89
xmodelmesh,#hash_4461dbecce9dc3e
xmodelmesh,#hash_447b3e4e4263ee9
xmodelmesh,#hash_44fce6130c65fd8
xmodelmesh,#hash_4533b924db2d6aa
xmodelmesh,#hash_457f21c7fd0f489
xmodelmesh,#hash_45cd96bcbc926d5
xmodelmesh,#hash_4610d9d85e0200a
xmodelmesh,#hash_462402b3fe704a4
xmodelmesh,#hash_47178241ace47c7
xmodelmesh,#hash_473648ccda771d6
xmodelmesh,#hash_4755b7c42e1df69
xmodelmesh,#hash_475cdded61d7243
xmodelmesh,#hash_47d893f8c2538a6
xmodelmesh,#hash_47da4bcc083b301
xmodelmesh,#hash_48291567557fd44
xmodelmesh,#hash_485e21e84add9e5
xmodelmesh,#hash_488868a51db727d
xmodelmesh,#hash_493f58e0f5983ca
xmodelmesh,#hash_495aa17dc21e7dd
xmodelmesh,#hash_4984b3a1fb6a3a4
xmodelmesh,#hash_4afa8d93f09c214
xmodelmesh,#hash_4b008adb55acd64
xmodelmesh,#hash_4b916e0655bdcaa
xmodelmesh,#hash_4ba8ee401aaf78f
xmodelmesh,#hash_4bb03c5ffd9afd2
xmodelmesh,d#hash_4bcd53353a7ad72
xmodelmesh,#hash_4bf95bae9ed8800
xmodelmesh,#hash_4c3873d915ca996
xmodelmesh,#hash_4ce0b2de2d90156
xmodelmesh,#hash_4ceef382713f63f
xmodelmesh,#hash_4cf8099313828e6
xmodelmesh,#hash_4d4774d546b41db
xmodelmesh,#hash_4e578109729e102
xmodelmesh,d#hash_4e5e2c15dbead1c
xmodelmesh,#hash_4eedd0b288aea97
xmodelmesh,#hash_4f851c1e45aa651
xmodelmesh,#hash_4fa6e669599de11
xmodelmesh,#hash_502de7be9b8429d
xmodelmesh,#hash_5070ceaf585e62d
xmodelmesh,#hash_50c5045130c0eaf
xmodelmesh,#hash_51031a4f213125c
xmodelmesh,d#hash_511277fc37fea22
xmodelmesh,#hash_51465965e8cbe62
xmodelmesh,#hash_5158aa6597962c4
xmodelmesh,#hash_51909c42f62cf7b
xmodelmesh,#hash_51a6040a2eabd47
xmodelmesh,#hash_51c40b75077925d
xmodelmesh,#hash_51cfad01e988710
xmodelmesh,#hash_51f16ad7ea5b946
xmodelmesh,#hash_5226412b691cccd
xmodelmesh,#hash_52f6b2349715b21
xmodelmesh,#hash_53a5a3447824afb
xmodelmesh,#hash_5406aba291e0528
xmodelmesh,#hash_54534b7df180681
xmodelmesh,#hash_546be8ab41fe494
xmodelmesh,#hash_54a1f5146ffdaf0
xmodelmesh,#hash_550147c952012a8
xmodelmesh,#hash_5589b197550e2e3
xmodelmesh,#hash_55a356a75138a3b
xmodelmesh,#hash_55c971ae72090af
xmodelmesh,#hash_564e1aaffaaa5e5
xmodelmesh,#hash_56dde8e88a83f19
xmodelmesh,#hash_579ffd5b3f128e4
xmodelmesh,#hash_57d1225be38b3a7
xmodelmesh,#hash_58002572ba8af71
xmodelmesh,#hash_5812931cb380a1e
xmodelmesh,#hash_588ec8aa73a722b
xmodelmesh,#hash_58c263b061d972a
xmodelmesh,#hash_5909139f5045009
xmodelmesh,#hash_5928a68a6d59b5f
xmodelmesh,#hash_5a5842381fbab33
xmodelmesh,#hash_5a63be2f2f1a82c
xmodelmesh,#hash_5ab7fe4aa9e5986
xmodelmesh,#hash_5adc157517b5e6d
xmodelmesh,#hash_5b026fd62216568
xmodelmesh,#hash_5b7f03eb83ba402
xmodelmesh,#hash_5b9f1d63c2517cb
xmodelmesh,#hash_5ba8357d96799f9
xmodelmesh,#hash_5bb0823e309efe6
xmodelmesh,#hash_5bd8c59af414035
xmodelmesh,#hash_5c2dc2b59e3faf5
xmodelmesh,#hash_5c6104ac882f959
xmodelmesh,#hash_5c99dc630696ffc
xmodelmesh,#hash_5cecb2ce57bd3cd
xmodelmesh,#hash_5d19222cce291a0
xmodelmesh,#hash_5d634008b88a6ab
xmodelmesh,#hash_5e0c3e382d87bc4
xmodelmesh,#hash_5e789107a19d35a
xmodelmesh,#hash_5ec5b2eb47365eb
xmodelmesh,#hash_5f5151c3a5913e2
xmodelmesh,#hash_5f590e2c26fe597
xmodelmesh,#hash_6004ce1616e232a
xmodelmesh,#hash_602ec8990c26369
xmodelmesh,#hash_608b5ccb4e16016
xmodelmesh,#hash_60967598f3a50aa
xmodelmesh,#hash_615b35d7a445153
xmodelmesh,#hash_626ad8bfe6edc3d
xmodelmesh,d#hash_62f66107c3c0274
xmodelmesh,#hash_6351a0c3c7c4944
xmodelmesh,#hash_635e6e58161810a
xmodelmesh,#hash_6380a46d015adce
xmodelmesh,#hash_6383c73f4c68fbf
xmodelmesh,#hash_6455e23f1970265
xmodelmesh,#hash_6496adc361ee3e1
xmodelmesh,#hash_650ab9618b5fee0
xmodelmesh,#hash_651a73c29a96196
xmodelmesh,#hash_652c8a9488cddf2
xmodelmesh,#hash_656e095fa1b2963
xmodelmesh,#hash_66a919d8b33bd2b
xmodelmesh,#hash_66ef1a4df64c6b5
xmodelmesh,#hash_66fc829e2254c68
xmodelmesh,#hash_67127ac99c4213e
xmodelmesh,#hash_6732b127cfcbef2
xmodelmesh,#hash_67520742dbe2c10
xmodelmesh,#hash_67989233793e009
xmodelmesh,#hash_67bdd4d98e0783d
xmodelmesh,#hash_687a6cb08ca0b0f
xmodelmesh,#hash_68efc71c4cfb4e7
xmodelmesh,#hash_697f55b1a5f1c57
xmodelmesh,#hash_69c2d85772d53ae
xmodelmesh,#hash_69d77c7c71c99a8
xmodelmesh,#hash_6a2217c736af7b0
xmodelmesh,#hash_6a535d9d1418f2d
xmodelmesh,#hash_6a982502adf6d3f
xmodelmesh,#hash_6ad002dff7a7557
xmodelmesh,#hash_6b00da3b5508611
xmodelmesh,#hash_6b14085d83ae09d
xmodelmesh,#hash_6bb256971b991a3
xmodelmesh,#hash_6bc617298bce9a5
xmodelmesh,#hash_6bdc0dbda4cbe7b
xmodelmesh,#hash_6c6190b90023544
xmodelmesh,#hash_6c78e34b8d6d68b
xmodelmesh,#hash_6cb3b4ed2a1b994
xmodelmesh,#hash_6cb72888275b8dd
xmodelmesh,#hash_6ccbbe811a9fb4e
xmodelmesh,#hash_6de148b9f26d309
xmodelmesh,#hash_6de19540d0f6386
xmodelmesh,#hash_6e675cfad51c1fd
xmodelmesh,#hash_6e787c872c829ca
xmodelmesh,#hash_6e825be97db1e2d
xmodelmesh,#hash_6e88dc6beaac666
xmodelmesh,#hash_6ebe367eb637804
xmodelmesh,#hash_6f390006d2b745a
xmodelmesh,#hash_6f525c12d1761eb
xmodelmesh,#hash_6f75c1c62078db8
xmodelmesh,#hash_6fab45fda2ceb5f
xmodelmesh,#hash_6fc641ce5043784
xmodelmesh,#hash_7004a2ea48869f8
xmodelmesh,#hash_7043f91e970ccb3
xmodelmesh,#hash_708aea1a914606d
xmodelmesh,#hash_71427285284e12f
xmodelmesh,#hash_714d43bd97e7ca9
xmodelmesh,d#hash_71518ae270ba3e3
xmodelmesh,#hash_71b159c95a3e106
xmodelmesh,#hash_71de132249b9f69
xmodelmesh,#hash_71e9db041bf2a92
xmodelmesh,#hash_7204fa4991ba79e
xmodelmesh,#hash_724a71fc9a3125a
xmodelmesh,#hash_72608a87335b011
xmodelmesh,#hash_729568421a791e0
xmodelmesh,#hash_72ab45fe8cb08c4
xmodelmesh,#hash_72d39eb4ccceb85
xmodelmesh,#hash_72e281f2043084f
xmodelmesh,#hash_72fc706eb5e3529
xmodelmesh,#hash_73571d15a7a969a
xmodelmesh,#hash_73739a80d2b5ae7
xmodelmesh,#hash_73b4b864c429a91
xmodelmesh,#hash_74191136d788328
xmodelmesh,#hash_74cbbe61c72759e
xmodelmesh,#hash_74cfc7c195e8d88
xmodelmesh,#hash_74f58d8eb207c6c
xmodelmesh,#hash_753a04dbc075e1c
xmodelmesh,#hash_756a6c01a6669c9
xmodelmesh,#hash_75a9bb6d08b77e5
xmodelmesh,#hash_760e1a1bfca394d
xmodelmesh,#hash_760fa0e49a48964
xmodelmesh,#hash_76d99a232d01159
xmodelmesh,d#hash_76e554924d7dcb0
xmodelmesh,#hash_779572d0d115839
xmodelmesh,#hash_77c4dc4bc8e100c
xmodelmesh,#hash_786db10e1ee763d
xmodelmesh,#hash_787d08177b0d111
xmodelmesh,#hash_790ab4316bb5a82
xmodelmesh,#hash_793164b7b3472c0
xmodelmesh,#hash_794fd9aea17b3e4
xmodelmesh,#hash_7951c0dcf4ed762
xmodelmesh,#hash_7981550e2451763
xmodelmesh,#hash_7984a408050a25b
xmodelmesh,#hash_798f7c62b0e7c89
xmodelmesh,#hash_79b45cf338c109d
xmodelmesh,#hash_79bd2606f015998
xmodelmesh,d#hash_79e4331396c482b
xmodelmesh,#hash_79f6ce55ad2aac3
xmodelmesh,#hash_7a2833c4fcfb300
xmodelmesh,#hash_7b224c6cf3145c8
xmodelmesh,#hash_7bc08fc334c9c0a
xmodelmesh,#hash_7bc8abee2c27166
xmodelmesh,#hash_7bda060c18c6503
xmodelmesh,#hash_7bdefeb8c1cc2c0
xmodelmesh,#hash_7c087c32a8db047
xmodelmesh,#hash_7c1db37a52ba2f1
xmodelmesh,d#hash_7c332946bd9481d
xmodelmesh,#hash_7c464b98b9b9624
xmodelmesh,#hash_7c6ab1d901a7874
xmodelmesh,#hash_7c7e272f70368ac
xmodelmesh,#hash_7c9389120cf7441
xmodelmesh,#hash_7cda29e2f570a85
xmodelmesh,#hash_7d58ca2bb498613
xmodelmesh,#hash_7d6bb77dd13bb4a
xmodelmesh,#hash_7d7079ec2270a38
xmodelmesh,#hash_7d82e6d1e44bb1f
xmodelmesh,#hash_7de5d98eae5e36e
xmodelmesh,#hash_7df0c2c44723752
xmodelmesh,#hash_7e30b2aa4f0d39f
xmodelmesh,#hash_7e7139941926e55
xmodelmesh,#hash_7f20684aad40ede
xmodelmesh,#hash_7f6590bd66f4b11
xmodelmesh,#hash_7f8757fd511b397
xmodelmesh,#hash_7fbb9d2de407902
xmodelmesh,d#hash_7fbf0566fc46b76
xmodelmesh,#hash_8004e23ee0d4fd9
xmodelmesh,#hash_80204f614415bb9
xmodelmesh,#hash_803cd81a25c3a05
xmodelmesh,#hash_8082f3e1162bb0d
xmodelmesh,#hash_8085e23cea4667e
xmodelmesh,#hash_810fef62867931e
xmodelmesh,#hash_814a068df1dfb0a
xmodelmesh,#hash_815cf8edb4b485f
xmodelmesh,#hash_818cf24dde4d70a
xmodelmesh,#hash_81beb175f2482cb
xmodelmesh,#hash_81f46769e9afa79
xmodelmesh,#hash_82730f362c32d0f
xmodelmesh,#hash_82d8651aee824a3
xmodelmesh,#hash_82eb1cde0360a9b
xmodelmesh,#hash_82fb1ae28600866
xmodelmesh,#hash_82fd7c5398b2444
xmodelmesh,#hash_83a4c98da0cd535
xmodelmesh,#hash_84764f3fcfd98b2
xmodelmesh,#hash_849614d06719a36
xmodelmesh,#hash_84b30e280ab03e5
xmodelmesh,#hash_84b385cb22fb805
xmodelmesh,#hash_84fbf3c27f59a62
xmodelmesh,#hash_8528927911be6ca
xmodelmesh,#hash_8553b066d839d74
xmodelmesh,#hash_858c96e4ac460fa
xmodelmesh,#hash_85c98a83284dbe0
xmodelmesh,#hash_860e5530f7ca7d5
xmodelmesh,#hash_861765ed189b6a6
xmodelmesh,d#hash_86915c7d701b7c1
xmodelmesh,#hash_86b383fb4fc7cdf
xmodelmesh,#hash_86dea8603acdc82
xmodelmesh,#hash_87080f6d89964f2
xmodelmesh,#hash_8775173dbd9dcf8
xmodelmesh,#hash_877e8bfbe28aec1
xmodelmesh,#hash_87addb0866db2fb
xmodelmesh,#hash_87b093a0a9699fa
xmodelmesh,#hash_87ed956ea327901
xmodelmesh,#hash_87eda6b20fbb9c1
xmodelmesh,#hash_884787b62200f8c
xmodelmesh,#hash_886aa540b5b9663
xmodelmesh,#hash_88dd82e49b194e0
xmodelmesh,#hash_89807dc3772cf2f
xmodelmesh,d#hash_89a0da80417bff1
xmodelmesh,#hash_89d125c93460fb6
xmodelmesh,#hash_8a1b641556ec603
xmodelmesh,#hash_8a7f6c091926e78
xmodelmesh,#hash_8ac598fd954fc12
xmodelmesh,#hash_8ad1c81acd2053c
xmodelmesh,#hash_8ad48b8ad2e9689
xmodelmesh,#hash_8ae1b3c31f9bd90
xmodelmesh,#hash_8ae37e392d98d18
xmodelmesh,#hash_8b08b48dcda227e
xmodelmesh,#hash_8b5441213dc231a
xmodelmesh,#hash_8bcd0357c015c71
xmodelmesh,#hash_8c02808db1cc0ba
xmodelmesh,#hash_8c1b56254e93d3f
xmodelmesh,#hash_8c1f86b39ca805e
xmodelmesh,#hash_8c4ba6dd5e69903
xmodelmesh,#hash_8ce7ae7d0c95ba3
xmodelmesh,#hash_8e3dd08c4babcb7
xmodelmesh,#hash_8ecd43e5b1db56f
xmodelmesh,#hash_8ef22ab90392892
xmodelmesh,d#hash_8f59edb781e5514
xmodelmesh,#hash_8fa6445b081dec8
xmodelmesh,#hash_8fae8b2de4e933a
xmodelmesh,#hash_8fbf27e528a9621
xmodelmesh,#hash_90550a7ae157b94
xmodelmesh,#hash_9055565217e3440
xmodelmesh,#hash_907285dfdf8ac8c
xmodelmesh,#hash_9088f216b757635
xmodelmesh,#hash_908a6b940ecc0ad
xmodelmesh,#hash_91ac5c81334c444
xmodelmesh,#hash_91b4deaf652ebaf
xmodelmesh,#hash_91f49761245b317
xmodelmesh,#hash_927b9f00256d230
xmodelmesh,#hash_92921519a58eac0
xmodelmesh,#hash_92d7854e095b935
xmodelmesh,#hash_92dfdb31e99a657
xmodelmesh,#hash_92ed433344704f9
xmodelmesh,#hash_9384741f3cf0514
xmodelmesh,#hash_93b3fa92a07e282
xmodelmesh,#hash_93cccabcc39d14b
xmodelmesh,#hash_940ec98ab4de547
xmodelmesh,#hash_948a2cfd7bb4ca8
xmodelmesh,#hash_948e9924635d364
xmodelmesh,#hash_94a41ca62eefcf9
xmodelmesh,#hash_94d2d9ba4cb0455
xmodelmesh,d#hash_94d5cbd778b4f8a
xmodelmesh,#hash_94f7600819f9852
xmodelmesh,#hash_95952ae9c03bf21
xmodelmesh,#hash_95a35ae580a0401
xmodelmesh,#hash_95a95c2ca686e5f
xmodelmesh,#hash_95ef3f0f2363402
xmodelmesh,#hash_961aa816d4a68ce
xmodelmesh,#hash_9653dc9b25669b3
xmodelmesh,#hash_967f59c2996b810
xmodelmesh,#hash_96945098905e1dc
xmodelmesh,#hash_96addf8df9dcecb
xmodelmesh,#hash_96dc0a81464e915
xmodelmesh,#hash_96de050459b32ea
xmodelmesh,#hash_96e242be2f29ac7
xmodelmesh,#hash_96e406bb885d5b5
xmodelmesh,#hash_97175c134279850
xmodelmesh,#hash_971c8db709de768
xmodelmesh,#hash_973d3d6ac19612b
xmodelmesh,#hash_975bb07900fbb7a
xmodelmesh,#hash_97c866c2a1d02ab
xmodelmesh,#hash_9867c879e0d8474
xmodelmesh,#hash_988670382d3e45e
xmodelmesh,#hash_98f68d782522c95
xmodelmesh,#hash_99048fb432ea2be
xmodelmesh,#hash_996a893592936cf
xmodelmesh,#hash_99b3d7c4f6b0b44
xmodelmesh,#hash_99f6452328347cc
xmodelmesh,#hash_9a030967a6c1ace
xmodelmesh,#hash_9a145455545a471
xmodelmesh,#hash_9a39915489b9b99
xmodelmesh,#hash_9a5151045b3a392
xmodelmesh,#hash_9a545fa8fe51b11
xmodelmesh,#hash_9ad85183ad6a79c
xmodelmesh,#hash_9aef0d2f89e4b48
xmodelmesh,#hash_9b093806b491810
xmodelmesh,#hash_9b17ac9f4bc21fe
xmodelmesh,#hash_9b2735ae0140f71
xmodelmesh,#hash_9b448aae13f35f2
xmodelmesh,#hash_9b61d0b6661addf
xmodelmesh,#hash_9b85c0061373aa8
xmodelmesh,#hash_9b96af688df9cd9
xmodelmesh,#hash_9b98c31dfec2959
xmodelmesh,#hash_9bfa0c6535df8f2
xmodelmesh,#hash_9bfb7c9086e6683
xmodelmesh,#hash_9c07ce3503fd03b
xmodelmesh,d#hash_9c66a7f9c31aebc
xmodelmesh,#hash_9c6b4d568b87668
xmodelmesh,#hash_9c7e6d1cfc3b21c
xmodelmesh,#hash_9c86e8b0551acee
xmodelmesh,#hash_9cad8454d0382d1
xmodelmesh,#hash_9d482a1084eb20e
xmodelmesh,#hash_9d65a3024dc1b94
xmodelmesh,#hash_9d6705ba17d4454
xmodelmesh,#hash_9d6d92116790657
xmodelmesh,#hash_9d7fe967516a1c3
xmodelmesh,#hash_9dc361878c1e03b
xmodelmesh,#hash_9df4b512f6ccb24
xmodelmesh,#hash_9e54a016dfaa62f
xmodelmesh,#hash_9e6e7dbaa423c12
xmodelmesh,#hash_9eb93bd1dde3fd5
xmodelmesh,#hash_9f05dfe0a405179
xmodelmesh,#hash_9f8186cdf4ea66e
xmodelmesh,#hash_a055f47a30b1ad2
xmodelmesh,#hash_a0d1338906a14ec
xmodelmesh,#hash_a10eb0866060646
xmodelmesh,#hash_a1110a30d612970
xmodelmesh,#hash_a15679ff6ed8c5f
xmodelmesh,#hash_a1977e53f41770c
xmodelmesh,#hash_a20fc5a67e07fc1
xmodelmesh,#hash_a2d58dbabc42241
xmodelmesh,#hash_a3144c65e49b696
xmodelmesh,#hash_a3210f69023b4a9
xmodelmesh,#hash_a3299478771cbc8
xmodelmesh,#hash_a39a285b39dc507
xmodelmesh,d#hash_a3d3bff3b900cc8
xmodelmesh,#hash_a3f859289b302a4
xmodelmesh,#hash_a420e70ae1619e4
xmodelmesh,#hash_a4349bb182ba408
xmodelmesh,#hash_a4522a227a60ba8
xmodelmesh,#hash_a4753c7d2b1658f
xmodelmesh,#hash_a4eae3351fd7f9c
xmodelmesh,#hash_a5517f647d3be31
xmodelmesh,#hash_a5553755397904d
xmodelmesh,#hash_a58f8fde387fc7f
xmodelmesh,#hash_a59592dfbfbbf40
xmodelmesh,#hash_a64c7a1d4a3c922
xmodelmesh,#hash_a677e859ad5b7cb
xmodelmesh,#hash_a706106c84341f6
xmodelmesh,#hash_a73e34c6e4338d7
xmodelmesh,#hash_a740d0d8cfdb430
xmodelmesh,d#hash_a813e3bb52c0d37
xmodelmesh,#hash_a8fb1b654524928
xmodelmesh,#hash_a969e87c2d3ae52
xmodelmesh,#hash_aa5b88facbf8661
xmodelmesh,#hash_aa6182b8f8072da
xmodelmesh,#hash_aa6c6e3684c38d5
xmodelmesh,#hash_aa90b65b4445ca8
xmodelmesh,#hash_ab2fda57dfb690c
xmodelmesh,#hash_ab304ffc10893f6
xmodelmesh,#hash_ab5338d31a3b617
xmodelmesh,#hash_abd4b473fdb05b8
xmodelmesh,#hash_ac41223e531006a
xmodelmesh,#hash_ac52156659b2cec
xmodelmesh,#hash_aca0bc70ae41f1c
xmodelmesh,#hash_acae5986c2b0106
xmodelmesh,#hash_ad2ce0b83833eab
xmodelmesh,#hash_add3f30ab6a6647
xmodelmesh,#hash_add3f6cb5179fff
xmodelmesh,#hash_adebf48c6131740
xmodelmesh,#hash_ae3d42136ed8f5a
xmodelmesh,#hash_ae7a67a679e83c3
xmodelmesh,#hash_ae838b68ad9b8df
xmodelmesh,#hash_ae951db5740afe9
xmodelmesh,#hash_aea1ccf85e5f60a
xmodelmesh,#hash_aeaf306722c3dac
xmodelmesh,#hash_aeaf84834c647b6
xmodelmesh,#hash_aeb0a557626dbc0
xmodelmesh,#hash_aef3865336ffd66
xmodelmesh,#hash_afc783239b0dcc9
xmodelmesh,#hash_aff3930aecd6743
xmodelmesh,#hash_b00e18dea0ff50f
xmodelmesh,#hash_b0ba0fb04e358b6
xmodelmesh,#hash_b0ca2cf6e733ab3
xmodelmesh,#hash_b0e14b7de1885a2
xmodelmesh,#hash_b1355299d383cc8
xmodelmesh,#hash_b16fbdf1269a5d2
xmodelmesh,#hash_b1e21dbfe88c3a0
xmodelmesh,#hash_b22ca0bcde82842
xmodelmesh,#hash_b2944215b18a90a
xmodelmesh,#hash_b32ac41fa10bc12
xmodelmesh,#hash_b33af97a4ffdfd5
xmodelmesh,#hash_b33fd344060c1d7
xmodelmesh,#hash_b36a78e4cc4c100
xmodelmesh,#hash_b36d69249ef2d2d
xmodelmesh,#hash_b37797e81293f61
xmodelmesh,#hash_b38be06ffe1f675
xmodelmesh,#hash_b3e82a8fe3db26f
xmodelmesh,#hash_b43e2031f1d72ab
xmodelmesh,#hash_b48f48e442685f0
xmodelmesh,#hash_b499036bbf33a68
xmodelmesh,#hash_b4c90938c7d7da5
xmodelmesh,#hash_b4d127741ec7503
xmodelmesh,#hash_b5fc5128cadab06
xmodelmesh,d#hash_b62924d950716a3
xmodelmesh,#hash_b658f881f319cc0
xmodelmesh,#hash_b66953056b4a77d
xmodelmesh,#hash_b6b4c9f40441b89
xmodelmesh,#hash_b6cc1f844160be5
xmodelmesh,#hash_b7021d90ba92790
xmodelmesh,#hash_b770edf91fcf1fb
xmodelmesh,#hash_b791de03a2573a2
xmodelmesh,#hash_b7a00afe2ef4a76
xmodelmesh,#hash_b7e51c33c34603c
xmodelmesh,#hash_b822f0bb415b913
xmodelmesh,#hash_b8c22e42a560d7e
xmodelmesh,#hash_b8c6186c77a3b12
xmodelmesh,#hash_b92c7dbba7e4367
xmodelmesh,#hash_b948c939da76bc0
xmodelmesh,#hash_b94be3105c47c2d
xmodelmesh,#hash_b97ecef2ba1d290
xmodelmesh,#hash_b9a9cd1534a91a3
xmodelmesh,#hash_b9bcf475cf4108f
xmodelmesh,#hash_b9c2586aaae5fe9
xmodelmesh,#hash_ba4cec9ec22f60c
xmodelmesh,#hash_ba5415850726631
xmodelmesh,#hash_babff72f7423631
xmodelmesh,#hash_bb28d0fb8363357
xmodelmesh,#hash_bb3c3116331b364
xmodelmesh,#hash_bb436c65f32d046
xmodelmesh,#hash_bb5492488d9b3dc
xmodelmesh,#hash_bbbc6238e7c33d7
xmodelmesh,#hash_bbbd2d2c1ad773e
xmodelmesh,#hash_bbe409152b78529
xmodelmesh,#hash_bbfb4edcd4fedfe
xmodelmesh,#hash_bc6884794aa3d6b
xmodelmesh,d#hash_bcacba81e899e41
xmodelmesh,#hash_bcb0254ab9c36fc
xmodelmesh,#hash_bcc0a0ad249eb2b
xmodelmesh,#hash_bd27062b6c32af4
xmodelmesh,#hash_bd66212d30b7c42
xmodelmesh,#hash_bd6d5d995437615
xmodelmesh,#hash_bd72b9a2f2de6d1
xmodelmesh,#hash_bd75dfc45c1ed9c
xmodelmesh,#hash_bd8decf05579977
xmodelmesh,#hash_bda3c48b74dffd6
xmodelmesh,#hash_bdb252f3d6562c5
xmodelmesh,#hash_bdc8895f748cd15
xmodelmesh,#hash_bde6f3bbeca7d41
xmodelmesh,#hash_be14825c4718552
xmodelmesh,#hash_be5e9867610d741
xmodelmesh,#hash_be797d8018fcdb3
xmodelmesh,#hash_be7eb02119e4fd8
xmodelmesh,#hash_be8e456e7b0ab5e
xmodelmesh,#hash_be8e4df9345daf0
xmodelmesh,#hash_beb297d0b110e15
xmodelmesh,#hash_bec7ceb3a2504fc
xmodelmesh,#hash_beed0d62b9bde08
xmodelmesh,#hash_bef6207b60798d9
xmodelmesh,#hash_bf7216a81c5e994
xmodelmesh,#hash_bfa3004c4a0c7fa
xmodelmesh,#hash_bfadb4912299856
xmodelmesh,#hash_bfb5abe6a482907
xmodelmesh,#hash_bfef1bdf8faa413
xmodelmesh,#hash_c12fa01718d98ed
xmodelmesh,#hash_c1aa3f0792f286c
xmodelmesh,#hash_c209a959a11655c
xmodelmesh,#hash_c2876921a73aaf8
xmodelmesh,#hash_c2a388cf88fb2e8
xmodelmesh,#hash_c30198e545069c2
xmodelmesh,#hash_c3055f81701e696
xmodelmesh,#hash_c4aa74d22f03935
xmodelmesh,#hash_c50ced09ce67ca3
xmodelmesh,d#hash_c51908c6055708c
xmodelmesh,#hash_c57eb90d3940409
xmodelmesh,#hash_c5e2187fb80313b
xmodelmesh,#hash_c601958827d1209
xmodelmesh,#hash_c706e31e356aa53
xmodelmesh,#hash_c82fbaa2c1577f2
xmodelmesh,#hash_c87206969739e34
xmodelmesh,#hash_c942487ec1fb7ac
xmodelmesh,#hash_c94e5a19a3d4095
xmodelmesh,#hash_c9d28ea68e9be2b
xmodelmesh,#hash_c9d4cf3fa0d9e24
xmodelmesh,#hash_c9f25ac3bf7e48e
xmodelmesh,#hash_ca142f778adfd5b
xmodelmesh,#hash_ca4d1ed02103aee
xmodelmesh,#hash_ca63234440104e5
xmodelmesh,d#hash_cab57da6706fc66
xmodelmesh,#hash_cac4476fc11ea71
xmodelmesh,#hash_cb619bf242e544e
xmodelmesh,#hash_cbc39c82fd488a2
xmodelmesh,#hash_cbd2c037ccb242d
xmodelmesh,#hash_cc3b15190936c70
xmodelmesh,#hash_cc80655afd80de3
xmodelmesh,#hash_cc9fe065a2bd131
xmodelmesh,#hash_ccc127da8854c08
xmodelmesh,#hash_ccddd2e2acd0d3e
xmodelmesh,#hash_cd248f560a40ca3
xmodelmesh,#hash_cd42a58875d4d40
xmodelmesh,#hash_cd495abcd4ea352
xmodelmesh,#hash_cd911c6401398da
xmodelmesh,#hash_ce284fbd9ba6336
xmodelmesh,#hash_ce3922e13c3046d
xmodelmesh,#hash_ce73c2c57aa1938
xmodelmesh,#hash_ce94c5dd9fba868
xmodelmesh,#hash_ced19e70d41e248
xmodelmesh,#hash_cf45eec0c9532af
xmodelmesh,#hash_cf49cc7e9b3a0a4
xmodelmesh,#hash_cfb6bfc8556c785
xmodelmesh,#hash_cfeb319b70df53a
xmodelmesh,#hash_d039febb0831a5a
xmodelmesh,#hash_d0a09c6bce741e7
xmodelmesh,#hash_d0e919770d2dd13
xmodelmesh,#hash_d0f6a1a7b1cbf2b
xmodelmesh,#hash_d156f5daadc5a16
xmodelmesh,d#hash_d16f904cda2a90c
xmodelmesh,#hash_d17fa2e662b1d76
xmodelmesh,#hash_d1919d3c75e11a5
xmodelmesh,#hash_d1fbf2a2933373b
xmodelmesh,#hash_d253fda73e4bcc8
xmodelmesh,#hash_d266dc474e9e87f
xmodelmesh,#hash_d2837ab2ec0c88b
xmodelmesh,#hash_d2a4a76bc9f7149
xmodelmesh,#hash_d2c9d21d66bc7b0
xmodelmesh,#hash_d2d734f12ab1086
xmodelmesh,#hash_d2f418328db117f
xmodelmesh,#hash_d31a5ddcf0dff76
xmodelmesh,#hash_d3446757a59cb2f
xmodelmesh,#hash_d357a7f67ba7b6c
xmodelmesh,#hash_d369bdd26f6c393
xmodelmesh,#hash_d39bee81ed90b1f
xmodelmesh,#hash_d3d92319522a1df
xmodelmesh,#hash_d3daea1cb83b699
xmodelmesh,#hash_d3db4ffae36c3da
xmodelmesh,#hash_d3e9b05f54fd788
xmodelmesh,#hash_d41e596a5175fc0
xmodelmesh,#hash_d49a76631be6bfd
xmodelmesh,#hash_d4b17d1558bab9d
xmodelmesh,#hash_d4bca185339ea80
xmodelmesh,#hash_d539c1626f1b9df
xmodelmesh,#hash_d5f3cf856035a40
xmodelmesh,#hash_d66aefa589a8125
xmodelmesh,#hash_d67e051adf4200b
xmodelmesh,#hash_d69befcd258d643
xmodelmesh,#hash_d6ba96f4378e622
xmodelmesh,#hash_d71a5045d55b683
xmodelmesh,#hash_d7431a33155110f
xmodelmesh,#hash_d7475f2a9ecb878
xmodelmesh,#hash_d7975af3d9e3a4e
xmodelmesh,#hash_d7b538ad73423bb
xmodelmesh,#hash_d843a5eb311f857
xmodelmesh,#hash_d8a593ba8e78ca6
xmodelmesh,#hash_d96012637a08ebb
xmodelmesh,#hash_d991bf90ce8969e
xmodelmesh,#hash_d9b9478358194a1
xmodelmesh,#hash_d9fd8dc6de8f78b
xmodelmesh,d#hash_da0474e9d632cee
xmodelmesh,#hash_da95e37382e7774
xmodelmesh,#hash_dadbf15135c827d
xmodelmesh,#hash_dae9ab52062441c
xmodelmesh,#hash_db5e0a038df51b4
xmodelmesh,#hash_dc5d6bb53b2e15a
xmodelmesh,#hash_dca00d0de9ad715
xmodelmesh,d#hash_dd521742ef51f79
xmodelmesh,#hash_dd55a64d6220091
xmodelmesh,#hash_dd857f1e2e0a430
xmodelmesh,#hash_dd9936fe1c43971
xmodelmesh,#hash_de307f830e04a3e
xmodelmesh,#hash_de6c757d7ed2af1
xmodelmesh,#hash_de75ecb0fb26f00
xmodelmesh,#hash_dec128bb0d1a7a3
xmodelmesh,#hash_dee47864c8d2244
xmodelmesh,#hash_df2460399adf23c
xmodelmesh,#hash_df48d1ef979f41f
xmodelmesh,#hash_df49850dc3c8b84
xmodelmesh,#hash_e0281bae5b3c30f
xmodelmesh,#hash_e03920c37ae5ab8
xmodelmesh,#hash_e0bac7dcbc2023e
xmodelmesh,#hash_e0bcda55348f526
xmodelmesh,#hash_e0c432bc6e11dcf
xmodelmesh,#hash_e12cabb201147c4
xmodelmesh,#hash_e148eb0498c9878
xmodelmesh,#hash_e18363e9c806e44
xmodelmesh,#hash_e1ba6b9bed65e7a
xmodelmesh,#hash_e22a2e47e55c0b8
xmodelmesh,#hash_e232cb7bd948a5a
xmodelmesh,#hash_e277183ff6ab122
xmodelmesh,#hash_e2934e1ee9dfcf2
xmodelmesh,#hash_e2adca653f59996
xmodelmesh,#hash_e2cab6c9dfcf20f
xmodelmesh,#hash_e305e4f58d2f5a2
xmodelmesh,#hash_e30f54a5a5ae939
xmodelmesh,#hash_e3184c88d2089d4
xmodelmesh,d#hash_e3364d0a790ac8b
xmodelmesh,#hash_e382e6840affe88
xmodelmesh,#hash_e38aeadf7dd3973
xmodelmesh,#hash_e400cfbba887403
xmodelmesh,#hash_e4184e655e27b01
xmodelmesh,#hash_e41a9f1d0002560
xmodelmesh,#hash_e42829a8b839707
xmodelmesh,#hash_e44fa080407910c
xmodelmesh,#hash_e485599ad6353ea
xmodelmesh,#hash_e48dc8739419b65
xmodelmesh,#hash_e4d55422f407cbd
xmodelmesh,#hash_e4e153a00e5ff7f
xmodelmesh,#hash_e5455f3c4558651
xmodelmesh,#hash_e5ce68756fc85c7
xmodelmesh,#hash_e60fa465a610d1c
xmodelmesh,#hash_e6add78540718c6
xmodelmesh,#hash_e6b47a5d7e46295
xmodelmesh,#hash_e6ceafe77211f51
xmodelmesh,#hash_e70e7e80c1919ed
xmodelmesh,#hash_e79d71ab9c7ef54
xmodelmesh,#hash_e7e592fb0bc889b
xmodelmesh,#hash_e88316255df7219
xmodelmesh,#hash_e8cfef9bc7a0be2
xmodelmesh,#hash_e8df01f58580fa1
xmodelmesh,#hash_e8f768db6797202
xmodelmesh,#hash_e9070721e227a0d
xmodelmesh,#hash_e9091a345c64272
xmodelmesh,#hash_e9204092f67c7e0
xmodelmesh,#hash_e938aaabe6c4825
xmodelmesh,#hash_e980775bc539edc
xmodelmesh,#hash_e99772bc59de1b7
xmodelmesh,#hash_e9a651dea736643
xmodelmesh,#hash_e9c21d73704ff2f
xmodelmesh,#hash_e9e856e9c48f1a6
xmodelmesh,#hash_e9e954111a54d32
xmodelmesh,#hash_e9ed660450dfa98
xmodelmesh,#hash_e9f2714a07cedca
xmodelmesh,#hash_ea74bd5ca3c5337
xmodelmesh,#hash_eaf8cbaba545fc3
xmodelmesh,#hash_eb2218a7c58b8b7
xmodelmesh,#hash_eb5cd288c04c9ac
xmodelmesh,#hash_eb7f7226e463c98
xmodelmesh,#hash_eb911a267bd0dfc
xmodelmesh,#hash_ebcfd3520162def
xmodelmesh,#hash_ebd3114c0f01ac9
xmodelmesh,#hash_ebe9e4e0051f5d5
xmodelmesh,#hash_ecfc392e1bdf750
xmodelmesh,#hash_ed5fc9939a93c36
xmodelmesh,#hash_ed613b529be856e
xmodelmesh,#hash_edc12c4f77c7cf8
xmodelmesh,#hash_ee32f70bc5dc57d
xmodelmesh,#hash_ee4304ff87d9927
xmodelmesh,#hash_ee80d1814286ad7
xmodelmesh,#hash_ef6a2dba1d9ef4b
xmodelmesh,#hash_ef8ccabaff37599
xmodelmesh,#hash_efc5a30d69557f5
xmodelmesh,#hash_efde07c2abe75bd
xmodelmesh,#hash_eff0932076104a9
xmodelmesh,#hash_f00db428f183c00
xmodelmesh,#hash_f01a5912597d0f2
xmodelmesh,#hash_f024775f7452733
xmodelmesh,#hash_f0d02a23985ad83
xmodelmesh,#hash_f0e9fdcf5ba3068
xmodelmesh,#hash_f10cbeb9a5661ba
xmodelmesh,#hash_f18e9750ac53ede
xmodelmesh,d#hash_f1b1fba4cc90a0e
xmodelmesh,#hash_f20fc0f8d31bdb6
xmodelmesh,#hash_f272ecc1d27be78
xmodelmesh,#hash_f2bd514f32850ff
xmodelmesh,#hash_f30f6db635d9093
xmodelmesh,#hash_f314e8d589b56f5
xmodelmesh,#hash_f3cb4ddcf6cdf50
xmodelmesh,#hash_f3cf2e1429404b1
xmodelmesh,#hash_f4374a9c8c0d7e6
xmodelmesh,#hash_f470f0cfc5d1bb6
xmodelmesh,#hash_f4f02235122785b
xmodelmesh,#hash_f4fe63aa3aed4d9
xmodelmesh,#hash_f53b2dc89ed145f
xmodelmesh,#hash_f53c0c28e405baa
xmodelmesh,#hash_f55a3528af81868
xmodelmesh,#hash_f5645751afea458
xmodelmesh,#hash_f5707b283fc5ef2
xmodelmesh,#hash_f57e3735995b118
xmodelmesh,#hash_f590be9ae5207ba
xmodelmesh,#hash_f5b2b65930b0adf
xmodelmesh,#hash_f5fabd26deccc9d
xmodelmesh,#hash_f60e5ded6fa09bd
xmodelmesh,#hash_f648f45730feba8
xmodelmesh,#hash_f68fdf182ceb0d5
xmodelmesh,#hash_f6da8d017e4d265
xmodelmesh,#hash_f70096a5fa5e79f
xmodelmesh,#hash_f7373c09023b6bd
xmodelmesh,#hash_f7d74070658b82d
xmodelmesh,#hash_f82981712db5ec5
xmodelmesh,#hash_f8576611286d000
xmodelmesh,#hash_f869b0ef782dd64
xmodelmesh,#hash_f87b72d31813565
xmodelmesh,#hash_f885bfcd2a1212f
xmodelmesh,#hash_f893b6dab8e4891
xmodelmesh,d#hash_f8bebe546a3a364
xmodelmesh,#hash_f92dc1e870b8fcb
xmodelmesh,#hash_f99b0a7d9591a4c
xmodelmesh,#hash_f9a8bcb6364e140
xmodelmesh,d#hash_f9ef2faeeb18edf
xmodelmesh,#hash_fa22d436f0b245a
xmodelmesh,#hash_fa57b0cd458b005
xmodelmesh,#hash_fa6722882383b9c
xmodelmesh,#hash_faa471629c6148a
xmodelmesh,#hash_fab618efe36a7a9
xmodelmesh,#hash_fac0e9ab8ce12e3
xmodelmesh,d#hash_fad16e772313b62
xmodelmesh,#hash_fb77114e87780cc
xmodelmesh,#hash_fb84345b62fcca2
xmodelmesh,#hash_fc17da068b4874b
xmodelmesh,#hash_fc21d729741189e
xmodelmesh,#hash_fc63f6a3cec87bc
xmodelmesh,#hash_fc7835fc290f382
xmodelmesh,#hash_fcd95714aa4ecce
xmodelmesh,d#hash_fd0d6b6d5f73b0f
xmodelmesh,#hash_fd2edf18fa0d1d7
xmodelmesh,#hash_fd3215ceecc16f5
xmodelmesh,#hash_fdd28731f4f3629
xmodelmesh,#hash_fe708dd5dd3a589
xmodelmesh,#hash_fe7e5a075095b56
xmodelmesh,#hash_fed2d2fbced03ee
xmodelmesh,#hash_ff1fb542807a433
xmodelmesh,#hash_ffb7fa4edda151f
xmodelmesh,#hash_ffd6c376589160c
xmodelmesh,#hash_ffd7d51e179a9d0
xmodelmesh,#hash_ffe0172369ad812
xmodelmesh,#hash_ffe4407c37c0f2e
xmodelmesh,#hash_100b149ab29efc7c
xmodelmesh,#hash_1012b38657960bdd
xmodelmesh,#hash_101cebb0dd2dee62
xmodelmesh,#hash_101d032a53fe762a
xmodelmesh,#hash_101d84ca835d75b1
xmodelmesh,#hash_1023214edca2deff
xmodelmesh,#hash_10237bea91aa53e8
xmodelmesh,#hash_1029ae449ff2557d
xmodelmesh,#hash_102d729d13dc6cd7
xmodelmesh,#hash_1032e30552b801b9
xmodelmesh,#hash_103531c24aafcc9e
xmodelmesh,#hash_10369c10151c7465
xmodelmesh,#hash_1036b799096f2840
xmodelmesh,#hash_10399e44d159a965
xmodelmesh,#hash_1049fcb5007fa8ee
xmodelmesh,#hash_105409190c477aa4
xmodelmesh,#hash_1054e0d50ce4bb52
xmodelmesh,#hash_10591ff4b0eef1e6
xmodelmesh,#hash_1061e45eeef6406f
xmodelmesh,#hash_1068507fae6fb95e
xmodelmesh,#hash_106c3e52a02c203c
xmodelmesh,#hash_106d5a9d56051ee8
xmodelmesh,#hash_106eab2f3c47f774
xmodelmesh,#hash_106f35e1a9464398
xmodelmesh,#hash_107504b1e8b7d56e
xmodelmesh,#hash_108354f8df0ef727
xmodelmesh,#hash_1085fb1a5e6adea3
xmodelmesh,d#hash_1086276b289dee40
xmodelmesh,#hash_1088b3cf64f318b0
xmodelmesh,#hash_109b9b91ee88551d
xmodelmesh,#hash_109fe75ae8cd616e
xmodelmesh,#hash_10a08e557daf6bf4
xmodelmesh,#hash_10a61b7ee948646b
xmodelmesh,#hash_10a67e277ff8614d
xmodelmesh,d#hash_10a83c15ee506b88
xmodelmesh,#hash_10a93e497529a084
xmodelmesh,#hash_10aa50d828706a00
xmodelmesh,#hash_10af2b945462884b
xmodelmesh,#hash_10b6a2deb1b4be7c
xmodelmesh,#hash_10bec497f369ac70
xmodelmesh,#hash_10bf60de2a34cdc7
xmodelmesh,#hash_10cd02d7abfaeaca
xmodelmesh,#hash_10cdf3710bf8d765
xmodelmesh,#hash_10d032a0ca3f6c3f
xmodelmesh,#hash_10d32b8deaaa2106
xmodelmesh,#hash_10d34d8901a75768
xmodelmesh,#hash_10dcd6554bdab1c7
xmodelmesh,#hash_10e0d1d1365938c4
xmodelmesh,#hash_10e0f0140ed3b002
xmodelmesh,#hash_10e22502e249dd49
xmodelmesh,#hash_10e4ea95ce2b4f0a
xmodelmesh,#hash_10e965f85e75d872
xmodelmesh,#hash_10ecdc2d7d60376a
xmodelmesh,#hash_10effca8f8df3b71
xmodelmesh,#hash_10f5029684f87215
xmodelmesh,#hash_10f6e917acd1fd80
xmodelmesh,#hash_10f7d79888f3d662
xmodelmesh,#hash_10fad475b7d35e76
xmodelmesh,#hash_10fb787ad0ee89b3
xmodelmesh,#hash_10fe49d36516d0dd
xmodelmesh,#hash_1105a2fca42ae0de
xmodelmesh,#hash_110a313d2d26cd4d
xmodelmesh,#hash_110dbdc2a91ba61d
xmodelmesh,#hash_110e196dbc49b695
xmodelmesh,#hash_111096611523148a
xmodelmesh,#hash_1115a54621215b95
xmodelmesh,#hash_11184724be3bc8a8
xmodelmesh,#hash_111b00d1379a67ab
xmodelmesh,#hash_111ba63ee30d71db
xmodelmesh,#hash_1124f4e7e58f86b9
xmodelmesh,#hash_1128edbcafb679d0
xmodelmesh,#hash_112e8308a6d3c733
xmodelmesh,#hash_112ea37ed1c71c26
xmodelmesh,#hash_11302c5e4cbd719d
xmodelmesh,#hash_1132a6677de21c0b
xmodelmesh,#hash_1135148194a5efaa
xmodelmesh,#hash_1135f7a77d5241ea
xmodelmesh,#hash_113fd834e2328fea
xmodelmesh,#hash_114aef359b42fe57
xmodelmesh,#hash_1159ff050e78c972
xmodelmesh,#hash_115d8dac3a3ff0f8
xmodelmesh,#hash_11601b2171484433
xmodelmesh,#hash_1163e9115d29a4be
xmodelmesh,#hash_116863c1c88ed8b2
xmodelmesh,#hash_11689ab4b5324efd
xmodelmesh,#hash_116b613d55f8e450
xmodelmesh,#hash_116dfda05386d51c
xmodelmesh,#hash_117baf8e6798829e
xmodelmesh,#hash_117c41f9cf5762b7
xmodelmesh,#hash_118470e33116466e
xmodelmesh,#hash_1186c08a15fe7afe
xmodelmesh,#hash_119c4be3cf29d3e5
xmodelmesh,#hash_119e648f15b30557
xmodelmesh,#hash_11a15813ffc2d3cc
xmodelmesh,#hash_11a2da0147b47690
xmodelmesh,#hash_11afa78690190356
xmodelmesh,d#hash_11b08af3200b4f62
xmodelmesh,#hash_11b4379973df53ca
xmodelmesh,#hash_11b8d73b717950d5
xmodelmesh,#hash_11bd6c135c979c99
xmodelmesh,#hash_11bd79ee2f4172af
xmodelmesh,#hash_11c84f75f42a5717
xmodelmesh,#hash_11c8ed643b78aebd
xmodelmesh,#hash_11cdd9d1fe028017
xmodelmesh,#hash_11d02405d9805731
xmodelmesh,#hash_11d0a4b02577572f
xmodelmesh,#hash_11e67020a69011b2
xmodelmesh,#hash_11e88ba8a86dd396
xmodelmesh,#hash_11edde74d33d1127
xmodelmesh,#hash_11ef740c96bffcbc
xmodelmesh,d#hash_11f4f356b6ef2fc9
xmodelmesh,#hash_11f53763d75b03c8
xmodelmesh,#hash_11f6c61fd5ae3a5f
xmodelmesh,#hash_11f836bc669ddbb5
xmodelmesh,#hash_11f907ebb27ef47b
xmodelmesh,#hash_12053cc86722314b
xmodelmesh,#hash_12143defff73af8d
xmodelmesh,#hash_1215fb8e61b640c8
xmodelmesh,#hash_12164a6961b3f368
xmodelmesh,#hash_121baf13cdf0a38b
xmodelmesh,#hash_122c9c880b11118b
xmodelmesh,d#hash_12310ac526fc68aa
xmodelmesh,#hash_123a23c791be08fb
xmodelmesh,#hash_123b566b52f97529
xmodelmesh,#hash_123bd0752805c583
xmodelmesh,#hash_123be689661d7efe
xmodelmesh,#hash_123e6e6e76a065cf
xmodelmesh,d#hash_123fa5f27ffb318c
xmodelmesh,#hash_12496f00a668a9ee
xmodelmesh,#hash_12497dbd7241f1d4
xmodelmesh,#hash_124a09fb57b759ba
xmodelmesh,#hash_125224b8bbe5c1a9
xmodelmesh,#hash_1255566f26b440fc
xmodelmesh,#hash_1259256219c8d846
xmodelmesh,#hash_12599e75347f34bc
xmodelmesh,#hash_125e819b192e85b0
xmodelmesh,#hash_12622d88c09d4bb4
xmodelmesh,#hash_12694e813ef6173a
xmodelmesh,#hash_126b7e8d627b0181
xmodelmesh,#hash_1272b23ec6bdd83e
xmodelmesh,#hash_12773d34a9e20e6b
xmodelmesh,#hash_1277e2c87afd3040
xmodelmesh,#hash_127a581530e67041
xmodelmesh,#hash_127d82cbae3a57c9
xmodelmesh,#hash_127f358cdd42a4cb
xmodelmesh,#hash_12858b8d411260fe
xmodelmesh,#hash_12896bdf8d79bba6
xmodelmesh,#hash_1291e3bbc97aad32
xmodelmesh,#hash_12964efc48810a43
xmodelmesh,#hash_12a391294e4ce58b
xmodelmesh,#hash_12a69d5661d02117
xmodelmesh,#hash_12a774b5f34661cc
xmodelmesh,#hash_12aa921efbb2120c
xmodelmesh,d#hash_12af5f24aef380cc
xmodelmesh,#hash_12b4ca4fe7bbfaee
xmodelmesh,#hash_12be19772e27973f
xmodelmesh,#hash_12c0ba3ea2bdf700
xmodelmesh,#hash_12c4cf1a4407ff7e
xmodelmesh,#hash_12c548c5f4bea743
xmodelmesh,#hash_12cd7484ea9f849d
xmodelmesh,#hash_12d1b59075357eb3
xmodelmesh,#hash_12d4f5bd274854c6
xmodelmesh,#hash_12d4f646ba6a9aeb
xmodelmesh,#hash_12d72d72df317bc4
xmodelmesh,#hash_12d93be2bccd24fa
xmodelmesh,#hash_12da9b309f69ce9b
xmodelmesh,#hash_12dcfdaacfa31f4b
xmodelmesh,#hash_12ec9c92bb2910b1
xmodelmesh,#hash_12ed1e88960727a7
xmodelmesh,#hash_12ed7bc0f96a8df4
xmodelmesh,#hash_12f7810bac60c4f6
xmodelmesh,#hash_12f7c6095ed8a47b
xmodelmesh,#hash_12f888ca9ebfb385
xmodelmesh,#hash_12ffc7fa1064d901
xmodelmesh,#hash_1304c2a40cfcf29e
xmodelmesh,#hash_130a7a8870ea5a94
xmodelmesh,#hash_130ac2285e44d92b
xmodelmesh,#hash_130afa93e0c69882
xmodelmesh,#hash_130c47720c0ed61e
xmodelmesh,#hash_130d429c0679cfbb
xmodelmesh,#hash_130e44cf2bb8b1db
xmodelmesh,#hash_130f0708123866bb
xmodelmesh,#hash_13154689f6758c22
xmodelmesh,#hash_13184bb234b7d1c1
xmodelmesh,#hash_131a2a1f4377086c
xmodelmesh,d#hash_131ade58bfdf1431
xmodelmesh,#hash_132385431698d120
xmodelmesh,#hash_1323df72e4e51ce9
xmodelmesh,#hash_13298eb838eb989b
xmodelmesh,#hash_132bf722972cbe54
xmodelmesh,#hash_132c708bf5a4ba92
xmodelmesh,#hash_132e3c6a9af8b13d
xmodelmesh,#hash_13332a3ae263c3b4
xmodelmesh,d#hash_1333c3288c46713e
xmodelmesh,#hash_1335d5462e0f08b7
xmodelmesh,#hash_13387af35a00f67f
xmodelmesh,#hash_133ca5a0022a92c1
xmodelmesh,#hash_134106f5b1477054
xmodelmesh,#hash_1349820677f19a50
xmodelmesh,#hash_134d725ea4a4914e
xmodelmesh,#hash_1350ed24f9d757ef
xmodelmesh,#hash_1354f6f742c4fe93
xmodelmesh,#hash_135cf0528cf279aa
xmodelmesh,#hash_135fc10816bbfc1d
xmodelmesh,#hash_1360996b3db7abf7
xmodelmesh,#hash_1367a6732b41783e
xmodelmesh,#hash_136d2fc49bc29e51
xmodelmesh,#hash_136d6b4bb78c559f
xmodelmesh,#hash_13726b1b95e80f6e
xmodelmesh,#hash_1377bdcd72f65361
xmodelmesh,d#hash_137ad15d7f378929
xmodelmesh,#hash_137d1aefe4891bdb
xmodelmesh,#hash_137d684a32abeb9c
xmodelmesh,#hash_137d8b85134a8ba4
xmodelmesh,#hash_13834ff50a367526
xmodelmesh,#hash_13870027097911a8
xmodelmesh,#hash_138a87757a62d46f
xmodelmesh,#hash_138c5a023188d7e8
xmodelmesh,#hash_138c7421c8628d2b
xmodelmesh,#hash_138d8f72940e80db
xmodelmesh,#hash_138eed3aad2794c3
xmodelmesh,#hash_13904bcbf83f995f
xmodelmesh,#hash_1394d788d6733fed
xmodelmesh,#hash_13981c8f6c2c2045
xmodelmesh,#hash_139cc7bf8b00a511
xmodelmesh,#hash_139da3951081f015
xmodelmesh,#hash_13a15fe61f41e62a
xmodelmesh,#hash_13a1806c213e48e8
xmodelmesh,#hash_13a87741d8799e18
xmodelmesh,#hash_13ac558a6bc3dc40
xmodelmesh,#hash_13ae35cfb181f837
xmodelmesh,#hash_13b2695cdc9a7911
xmodelmesh,#hash_13bd4b210f74724f
xmodelmesh,#hash_13be10bc124c139a
xmodelmesh,#hash_13c37140281af19f
xmodelmesh,#hash_13c43f1c99cb4903
xmodelmesh,#hash_13c7924f40a362ab
xmodelmesh,#hash_13ce06efe28513ee
xmodelmesh,#hash_13cf810b99625a54
xmodelmesh,#hash_13cfcc045d743f9f
xmodelmesh,#hash_13cfd0e7b18b6e77
xmodelmesh,#hash_13d2b818ba81f1d3
xmodelmesh,#hash_13d57fa0f6b5b140
xmodelmesh,#hash_13daacd73d105217
xmodelmesh,#hash_13e1761717fb75ad
xmodelmesh,#hash_13e1cc87529a4a65
xmodelmesh,#hash_13e87ae246d9925b
xmodelmesh,#hash_13f10052a8a5bcf2
xmodelmesh,#hash_13f4bb9653c7126f
xmodelmesh,#hash_13f86f7f1880897c
xmodelmesh,#hash_13fa1a558dc7d8f3
xmodelmesh,#hash_13fa4097893eda29
xmodelmesh,#hash_13fb25da01457c7c
xmodelmesh,#hash_13fb86ea78dc7eda
xmodelmesh,#hash_14099ce2cd5560ea
xmodelmesh,#hash_1412476a720a0cf0
xmodelmesh,#hash_1414b0ee1fb133a6
xmodelmesh,#hash_14247121dfc015f8
xmodelmesh,#hash_1427885d251a7fcd
xmodelmesh,#hash_143137fb7a8a2dfc
xmodelmesh,#hash_1433b5da0b7dd558
xmodelmesh,#hash_1433e004436b6f05
xmodelmesh,#hash_143793e899d49cea
xmodelmesh,#hash_1440a62afaa1618f
xmodelmesh,#hash_1448d299955032f6
xmodelmesh,#hash_144d93d5501b666d
xmodelmesh,#hash_144f53b065563088
xmodelmesh,#hash_144fbd94c4d26fc0
xmodelmesh,#hash_145020b44bc5a93d
xmodelmesh,#hash_1450f45812e43d42
xmodelmesh,#hash_14549764d0746450
xmodelmesh,#hash_14572502b47ec896
xmodelmesh,#hash_1457a157a5fb6041
xmodelmesh,#hash_145b424a7f10c173
xmodelmesh,#hash_145bc39cb175ae95
xmodelmesh,#hash_145c155bde6f9fc4
xmodelmesh,#hash_145ce98e8faca4b6
xmodelmesh,#hash_146371ba9d6c02b1
xmodelmesh,#hash_1467aca0d546adc3
xmodelmesh,#hash_1475458b362e831c
xmodelmesh,#hash_147c3d878c5cb0af
xmodelmesh,#hash_147d83b4b1491997
xmodelmesh,#hash_1489365c6f4e81a4
xmodelmesh,#hash_148bd258fc382de2
xmodelmesh,#hash_148e661b26e36886
xmodelmesh,#hash_148fdb8fca50ca25
xmodelmesh,#hash_14910071304c00df
xmodelmesh,#hash_1497046b97b7748e
xmodelmesh,d#hash_149a22796717c154
xmodelmesh,#hash_149b4d8f2b4af24f
xmodelmesh,#hash_14a664d650198dde
xmodelmesh,#hash_14ac0731038d436e
xmodelmesh,#hash_14ad6381398b7aa3
xmodelmesh,#hash_14b01e0ecf3d1edf
xmodelmesh,#hash_14b1799ebe4c1c31
xmodelmesh,#hash_14c11d00ed13ee1a
xmodelmesh,#hash_14c19c9f7868e5fc
xmodelmesh,#hash_14c24b81a9b62e35
xmodelmesh,#hash_14c25efc8cc48bb8
xmodelmesh,#hash_14c3a60e79eb246c
xmodelmesh,#hash_14c65c6256feeb07
xmodelmesh,#hash_14c7602e01bc17b7
xmodelmesh,#hash_14c7ec457515788b
xmodelmesh,#hash_14d08280a4446b69
xmodelmesh,#hash_14d5ec015f624819
xmodelmesh,#hash_14d888ddbac8a8d7
xmodelmesh,#hash_14dc90c882e223ae
xmodelmesh,#hash_14e0b1a57f012040
xmodelmesh,#hash_14e4d5fc187f319f
xmodelmesh,#hash_14eb7422789c5f6e
xmodelmesh,#hash_14ee4892cd695157
xmodelmesh,#hash_14f0b44a173b0011
xmodelmesh,#hash_14f121c7f27a1705
xmodelmesh,#hash_14f22f78b1daca72
xmodelmesh,#hash_14f36d7a036fd80e
xmodelmesh,#hash_14f3978b4c3a76b4
xmodelmesh,#hash_14f7cb4f3ed7069f
xmodelmesh,#hash_150371264f243f48
xmodelmesh,#hash_150696ce86fb1905
xmodelmesh,#hash_150dfd7e5895e3c7
xmodelmesh,#hash_1515cc8f4f5ce7f2
xmodelmesh,#hash_151714543dba96bc
xmodelmesh,#hash_1517be5469cc7817
xmodelmesh,#hash_15189dd6e6659c11
xmodelmesh,#hash_151914491b0e127b
xmodelmesh,#hash_151c82a6478ca0c7
xmodelmesh,#hash_15246cb737e65117
xmodelmesh,#hash_1524ce5934c3661b
xmodelmesh,#hash_152566d639b4f24b
xmodelmesh,#hash_15338a827c7c9bfc
xmodelmesh,#hash_15453810f30027a1
xmodelmesh,#hash_154626a2080de12e
xmodelmesh,#hash_154a44b641a4926f
xmodelmesh,#hash_154dc352414d4602
xmodelmesh,#hash_154e8d12ba79eb1f
xmodelmesh,#hash_1555470cc453a5b5
xmodelmesh,#hash_1556ab958172d504
xmodelmesh,#hash_155a045055bd046a
xmodelmesh,#hash_155c7e473c85a45c
xmodelmesh,#hash_155eb68804d0dcbd
xmodelmesh,#hash_156bdb942e6082e3
xmodelmesh,#hash_156d60f5761968ab
xmodelmesh,#hash_1571c8a807457ba8
xmodelmesh,#hash_157c86a84e293732
xmodelmesh,#hash_157fddfeb5c5fff5
xmodelmesh,#hash_15892ee09bc523ee
xmodelmesh,#hash_159122839d1861a3
xmodelmesh,#hash_1591450d3688cd74
xmodelmesh,#hash_1591ac3c48ae2a15
xmodelmesh,#hash_15951a03fc7c6c35
xmodelmesh,#hash_1598c177ff7413fd
xmodelmesh,#hash_15a06da4e6413b55
xmodelmesh,#hash_15b9bb6dd2856c1e
xmodelmesh,d#hash_15bc3b7133f886a2
xmodelmesh,#hash_15c04083ec9633ed
xmodelmesh,#hash_15c39551d6ad7a02
xmodelmesh,#hash_15ce893f0c94203e
xmodelmesh,#hash_15d0ad97737c4f8a
xmodelmesh,#hash_15de1109922ba053
xmodelmesh,#hash_15e0fbc93a2a4438
xmodelmesh,#hash_15e89dee4770f372
xmodelmesh,#hash_15ea531073622f41
xmodelmesh,#hash_15ebd1e39921920b
xmodelmesh,#hash_15ec9aed43754568
xmodelmesh,#hash_15f4a2d4bd7b0886
xmodelmesh,#hash_15f4e09c51ca6039
xmodelmesh,#hash_15fcd2489126fafb
xmodelmesh,#hash_15fd5b3639b71c5e
xmodelmesh,#hash_1600ce314f874619
xmodelmesh,#hash_1601a181b5cfceda
xmodelmesh,#hash_1601f9a7a8703062
xmodelmesh,#hash_160558ae411088bd
xmodelmesh,#hash_1605f8d6b5d8cdaf
xmodelmesh,#hash_160a9ba3d6b28bad
xmodelmesh,#hash_160ba9b4359f724d
xmodelmesh,#hash_160ec95eee328347
xmodelmesh,#hash_160fb61ce43b5e32
xmodelmesh,#hash_1616cbb69c1f6be6
xmodelmesh,#hash_16174128ed96a635
xmodelmesh,#hash_1619e5014b387256
xmodelmesh,#hash_161f04888f558dd7
xmodelmesh,#hash_1621db3e1474a60d
xmodelmesh,#hash_16227693298c0a58
xmodelmesh,#hash_162a142e6c350e95
xmodelmesh,#hash_162de9444e9d543b
xmodelmesh,#hash_16322bf77ea0672e
xmodelmesh,#hash_1634820985518d82
xmodelmesh,#hash_16410181a19da003
xmodelmesh,#hash_1643b0a20bac5c73
xmodelmesh,#hash_1643e12ccbbf26d3
xmodelmesh,d#hash_1644c0ef6a557eb6
xmodelmesh,#hash_16474587b8a84005
xmodelmesh,#hash_164ecb35a5bc0e17
xmodelmesh,#hash_164fdb53cd8f5fd8
xmodelmesh,#hash_165414be0d3d2aa4
xmodelmesh,#hash_1655aa44ec2eb478
xmodelmesh,#hash_16565b904a8ef2fa
xmodelmesh,#hash_1664551e13073733
xmodelmesh,#hash_1665e4d8052b636a
xmodelmesh,#hash_166a9c71e444b15d
xmodelmesh,#hash_166e5e654d56b79c
xmodelmesh,#hash_16702a76269c7139
xmodelmesh,#hash_1677153c040ec1af
xmodelmesh,#hash_16786fba1e2bde97
xmodelmesh,#hash_167cb434c16c7027
xmodelmesh,#hash_1681728aa893971d
xmodelmesh,d#hash_1682eb4541ebb8e9
xmodelmesh,#hash_168bb24eb278411a
xmodelmesh,#hash_169702948282ccd8
xmodelmesh,#hash_169a1aa9180b4962
xmodelmesh,#hash_169ccf79c8a24b29
xmodelmesh,#hash_169cf511810ffa1e
xmodelmesh,#hash_169d761c7b162621
xmodelmesh,#hash_169fd1b9645c54b6
xmodelmesh,#hash_16a171cdb2dcdf4d
xmodelmesh,#hash_16a7e68003b64d93
xmodelmesh,#hash_16a9273e1a1cadc3
xmodelmesh,#hash_16abc0435d9f5e34
xmodelmesh,#hash_16ae46cb9d870b6b
xmodelmesh,#hash_16b1af49e7f9f4ec
xmodelmesh,#hash_16b40bb87eeb784c
xmodelmesh,#hash_16ba02b55a412590
xmodelmesh,#hash_16ba4a3b9d82bc04
xmodelmesh,#hash_16bdfa78cd784678
xmodelmesh,#hash_16c056fc44d21628
xmodelmesh,#hash_16c20121cc3f6221
xmodelmesh,#hash_16c348a286af0047
xmodelmesh,#hash_16c67a141a152824
xmodelmesh,#hash_16ce99337fe6ffca
xmodelmesh,#hash_16d1bab29e2d7348
xmodelmesh,#hash_16d40fa2a40b3788
xmodelmesh,#hash_16d725563709e7dc
xmodelmesh,#hash_16d9066746db02ab
xmodelmesh,#hash_16ded23c9a0c9680
xmodelmesh,#hash_16e5ef222077e040
xmodelmesh,#hash_16e724892d7068c7
xmodelmesh,#hash_16eb7d8e1f63721e
xmodelmesh,#hash_16f11ffff65782e3
xmodelmesh,#hash_16f88e579fb99305
xmodelmesh,#hash_16fedd6bbaf85c1c
xmodelmesh,#hash_16ff08eab9bbca22
xmodelmesh,#hash_170a778b70e7e25a
xmodelmesh,#hash_170b40a9b85fc359
xmodelmesh,#hash_170b903d7c5774f5
xmodelmesh,#hash_170f22ebaf095d80
xmodelmesh,#hash_1711c8a71f85563b
xmodelmesh,#hash_17121c37198b7cc8
xmodelmesh,d#hash_17140c17cb933b48
xmodelmesh,#hash_17179cea287c5637
xmodelmesh,#hash_1717e25feb17ff96
xmodelmesh,#hash_171c672789971a18
xmodelmesh,#hash_172350afe2463859
xmodelmesh,#hash_17338981cd199214
xmodelmesh,#hash_1733ef50d237d936
xmodelmesh,#hash_17357d65b8eeacb3
xmodelmesh,#hash_173581a06878f3f1
xmodelmesh,#hash_1739e14517fc056c
xmodelmesh,#hash_173e1f1cc1c1ac41
xmodelmesh,#hash_174526e3eaaeaf5b
xmodelmesh,#hash_174c9a384e915f3e
xmodelmesh,#hash_175c641c62cbed7f
xmodelmesh,#hash_17600efd31c66074
xmodelmesh,#hash_1762f062ccff4894
xmodelmesh,#hash_1766bca81daeaf9b
xmodelmesh,#hash_176766ec4832406b
xmodelmesh,#hash_1768679200efcad9
xmodelmesh,#hash_176c05d3564c3dff
xmodelmesh,#hash_176cf7a08222a81a
xmodelmesh,#hash_176da1729b9e04be
xmodelmesh,#hash_1770373ebc319c9c
xmodelmesh,#hash_177489c47c3a9711
xmodelmesh,#hash_1775a6194b52b7fd
xmodelmesh,#hash_177b11b9344f341f
xmodelmesh,#hash_177ce118de74a719
xmodelmesh,#hash_177d33582a49824d
xmodelmesh,#hash_1782ff840caaf3ea
xmodelmesh,#hash_178488dde30f05d3
xmodelmesh,#hash_178563706a7f3af2
xmodelmesh,d#hash_17858b1b1a2431fb
xmodelmesh,#hash_1786f38d81af64b0
xmodelmesh,#hash_178bc0c65cba5b0c
xmodelmesh,#hash_1792194f034f1c7c
xmodelmesh,#hash_17960e3a5f27dd2e
xmodelmesh,#hash_17960ec394fc9495
xmodelmesh,#hash_1796bac994719dc7
xmodelmesh,#hash_179c897512f6f440
xmodelmesh,#hash_17a08e6c1dd5ceab
xmodelmesh,#hash_17a4f6c3c5f3ac79
xmodelmesh,#hash_17a65ca29847103c
xmodelmesh,#hash_17af632d13d5b5c1
xmodelmesh,#hash_17b4de80eff6f8fc
xmodelmesh,#hash_17b964f3bb9401f1
xmodelmesh,#hash_17c0278e4647e6ab
xmodelmesh,#hash_17c034e71d78520f
xmodelmesh,#hash_17c5d377e8eb72da
xmodelmesh,#hash_17cb4ef16a5db551
xmodelmesh,#hash_17cbb2fba39351c3
xmodelmesh,#hash_17d2b759b9c621fd
xmodelmesh,#hash_17d77a95cba41fbf
xmodelmesh,#hash_17dbe64e6e301df8
xmodelmesh,#hash_17e53e876c284ac2
xmodelmesh,#hash_17e6330f9468c162
xmodelmesh,#hash_17eb4621b79e6466
xmodelmesh,#hash_17ed6223b138377d
xmodelmesh,#hash_17ed741c2baf658f
xmodelmesh,#hash_17eef6e86bb04dfa
xmodelmesh,#hash_17f906cba6bf8270
xmodelmesh,#hash_17fcac50988da96c
xmodelmesh,#hash_18042f71ba153901
xmodelmesh,#hash_18062106b215b848
xmodelmesh,d#hash_180d2090e1b1874f
xmodelmesh,#hash_181273b2a03fad4a
xmodelmesh,#hash_1812fab01cd7b887
xmodelmesh,#hash_18152ceafacab571
xmodelmesh,#hash_181b0815953407a6
xmodelmesh,#hash_181c8aa6869e0e9a
xmodelmesh,#hash_181d928bfa388e78
xmodelmesh,#hash_1825bef725f729ba
xmodelmesh,#hash_182bb0ef14d3c9f1
xmodelmesh,#hash_182cdc64313ec02f
xmodelmesh,#hash_182ded996e75c421
xmodelmesh,d#hash_182fd16d2113c249
xmodelmesh,#hash_1835a7d91047fbb9
xmodelmesh,#hash_1835ddc7662a5a12
xmodelmesh,#hash_1837e91bbedaac85
xmodelmesh,#hash_183877ad256f96ec
xmodelmesh,#hash_183a13b6ac80b4be
xmodelmesh,#hash_183aa7052e207147
xmodelmesh,#hash_183db0b037bce0aa
xmodelmesh,#hash_183df767e190f9b1
xmodelmesh,#hash_184108ad888172d8
xmodelmesh,#hash_1846f467a38f20e7
xmodelmesh,#hash_184b230fa8d82641
xmodelmesh,#hash_1851ed47a88dddb4
xmodelmesh,#hash_1852e97e58604f57
xmodelmesh,#hash_185490a6b7f0f861
xmodelmesh,#hash_185603df1602a4e8
xmodelmesh,#hash_185880ad6348c83d
xmodelmesh,#hash_18598daf374931bc
xmodelmesh,#hash_185d35f7f67f142e
xmodelmesh,#hash_185e40b9632388bf
xmodelmesh,#hash_1860a03690a9352b
xmodelmesh,#hash_1861c28eba2ce878
xmodelmesh,#hash_18621ee253912312
xmodelmesh,#hash_18684b3833d38b9c
xmodelmesh,d#hash_186a265b73103317
xmodelmesh,#hash_186a9e74a38dd4ab
xmodelmesh,#hash_186c6dd52cff458b
xmodelmesh,#hash_1871911bf62d48f3
xmodelmesh,#hash_187a4beec3a83d64
xmodelmesh,#hash_187f26d92b023583
xmodelmesh,#hash_188900f2701a7994
xmodelmesh,#hash_18891fb118c080bc
xmodelmesh,#hash_18898180c4b58e99
xmodelmesh,#hash_18973c979e47e68a
xmodelmesh,#hash_18986fca34bdead5
xmodelmesh,#hash_18994a92fcd2b314
xmodelmesh,#hash_189bf42bd9afde83
xmodelmesh,#hash_189c690baa44db22
xmodelmesh,#hash_189e006047eb76ed
xmodelmesh,#hash_18a63c45dff206d6
xmodelmesh,#hash_18b0ee7489d9e6f6
xmodelmesh,#hash_18b1a00055cae587
xmodelmesh,#hash_18b234d172bea020
xmodelmesh,#hash_18b2b90cd7028b67
xmodelmesh,#hash_18b8513ad536a3c3
xmodelmesh,#hash_18babcc70048e466
xmodelmesh,#hash_18bb4b697f9c431f
xmodelmesh,#hash_18bdba04c0edcdaa
xmodelmesh,#hash_18be03816842a551
xmodelmesh,#hash_18ca50df9d95dca2
xmodelmesh,#hash_18caa15d695d7806
xmodelmesh,#hash_18cdb1c77c403055
xmodelmesh,#hash_18d2c294008f7f7c
xmodelmesh,#hash_18d4d1fb62f29e9e
xmodelmesh,#hash_18d591ff38f3d456
xmodelmesh,#hash_18de22b83584e9df
xmodelmesh,#hash_18f07043d4542b1f
xmodelmesh,d#hash_18f37638751ef8c8
xmodelmesh,#hash_18f4b0f35850f5d3
xmodelmesh,#hash_18fa94a3dbb187dc
xmodelmesh,#hash_18fc24c3ed5516c3
xmodelmesh,#hash_190683a83ee6e6c5
xmodelmesh,d#hash_190b9d7a4f1ead8a
xmodelmesh,#hash_1912072578a42f9b
xmodelmesh,#hash_191210f87e7dc99d
xmodelmesh,#hash_19150d239005dbea
xmodelmesh,#hash_1915bd92d7db2efe
xmodelmesh,#hash_191cede1e71a0d25
xmodelmesh,#hash_191f33225d13a5bf
xmodelmesh,#hash_191f524fa2dbe99f
xmodelmesh,#hash_1920a8678e259bf0
xmodelmesh,#hash_192178d8724f2335
xmodelmesh,#hash_1932f18a31c35bde
xmodelmesh,#hash_19457692eeb912c7
xmodelmesh,d#hash_19495ae48c8e629e
xmodelmesh,#hash_194b338d995521ac
xmodelmesh,#hash_194db55f9d8147d5
xmodelmesh,#hash_19508c53e42a8881
xmodelmesh,#hash_1955fbcdeab3a78d
xmodelmesh,#hash_19563d415f84b02f
xmodelmesh,#hash_19573a746cfe92e9
xmodelmesh,#hash_195dfca99493e644
xmodelmesh,#hash_195ea940b3597f46
xmodelmesh,#hash_1962355d7e6616fb
xmodelmesh,#hash_19663a3c79f45e6d
xmodelmesh,#hash_19694c463078ecb8
xmodelmesh,#hash_196c0f64c88b0b61
xmodelmesh,#hash_1979053f24136b16
xmodelmesh,#hash_197929551b616843
xmodelmesh,#hash_197d0a69172f9337
xmodelmesh,#hash_197d16d8f8c91f4d
xmodelmesh,#hash_197f05768105fdb3
xmodelmesh,#hash_197f235334bd3e7d
xmodelmesh,#hash_19850bf35ee17d76
xmodelmesh,#hash_198752e6e5b0b91f
xmodelmesh,#hash_19887349b28b2140
xmodelmesh,#hash_1989948537dfb977
xmodelmesh,#hash_198b443824a34db8
xmodelmesh,#hash_19926c7cdfec6939
xmodelmesh,#hash_1999f00d42e41b93
xmodelmesh,#hash_199a542e0b0f6295
xmodelmesh,#hash_199d5166f9c5f11e
xmodelmesh,#hash_199d570971c8054f
xmodelmesh,#hash_199e36cae4a9702c
xmodelmesh,#hash_19aaac4654866880
xmodelmesh,#hash_19ac38b7fdd48662
xmodelmesh,#hash_19ad7bd9b258ce30
xmodelmesh,#hash_19adcc9382ab706a
xmodelmesh,#hash_19afde99146d2c15
xmodelmesh,#hash_19b179963c929d33
xmodelmesh,#hash_19b2fe93c32895fd
xmodelmesh,#hash_19bb30d60a3979b3
xmodelmesh,#hash_19c03f2881d856ed
xmodelmesh,#hash_19c04fe9cb27282e
xmodelmesh,#hash_19c1efe65cb12390
xmodelmesh,#hash_19c84d9495c12c49
xmodelmesh,#hash_19c9168df91d5100
xmodelmesh,#hash_19d23a73b418fcf9
xmodelmesh,#hash_19d31cdadfdba708
xmodelmesh,#hash_19d347bc34240764
xmodelmesh,#hash_19d549bc9710c4dd
xmodelmesh,#hash_19d91893b36d2fb0
xmodelmesh,#hash_19dc52b372fac449
xmodelmesh,#hash_19de19e062207a8f
xmodelmesh,#hash_19dfac674853bedb
xmodelmesh,#hash_19e5317aa8849be5
xmodelmesh,#hash_19ee017a3e80d34d
xmodelmesh,#hash_19f6f3cd9cc5136c
xmodelmesh,#hash_19fa46eb68d991a3
xmodelmesh,#hash_1a0122c4f5a2b3af
xmodelmesh,#hash_1a04664a7dc08e2e
xmodelmesh,#hash_1a06abf5ba79d7a6
xmodelmesh,#hash_1a0ac758bb78c956
xmodelmesh,#hash_1a16579ee3697e09
xmodelmesh,#hash_1a20d2fc63eff5b6
xmodelmesh,#hash_1a21064b6b0adcf6
xmodelmesh,#hash_1a21234b332042d2
xmodelmesh,#hash_1a2a0fa13c5e681f
xmodelmesh,d#hash_1a2b4168f372931b
xmodelmesh,#hash_1a2ca01039a4c7ed
xmodelmesh,#hash_1a2cd2078d9c7f65
xmodelmesh,#hash_1a32d89ef45411f1
xmodelmesh,#hash_1a32ebf210a7f6aa
xmodelmesh,#hash_1a338408b494f4d9
xmodelmesh,#hash_1a3ae2d40465f94b
xmodelmesh,#hash_1a3c0179f0e3083f
xmodelmesh,d#hash_1a4a903a6e24f3f6
xmodelmesh,#hash_1a4b749bd08c99dc
xmodelmesh,#hash_1a4c5abd331f35b5
xmodelmesh,#hash_1a4cfcf2a702ef44
xmodelmesh,#hash_1a4e746414c379ca
xmodelmesh,#hash_1a4ef783c4e9d556
xmodelmesh,#hash_1a4f9c6b99a10566
xmodelmesh,#hash_1a51145d48f84823
xmodelmesh,#hash_1a5938038bf6d2d4
xmodelmesh,#hash_1a5c5c6280835990
xmodelmesh,#hash_1a5c7096ad54bc30
xmodelmesh,#hash_1a5d3bc0fe834fd3
xmodelmesh,#hash_1a60bf92fbbf21ae
xmodelmesh,#hash_1a6450cebae803b8
xmodelmesh,#hash_1a65cd786daa3fb5
xmodelmesh,#hash_1a66f7ba89132fa6
xmodelmesh,#hash_1a6765bdebf16c78
xmodelmesh,#hash_1a681a15f13257fb
xmodelmesh,#hash_1a68e53a1812f556
xmodelmesh,#hash_1a6db28f8b920fd5
xmodelmesh,#hash_1a6f5b2b54d9c421
xmodelmesh,#hash_1a6f60c94409adae
xmodelmesh,#hash_1a75217f0ae3a056
xmodelmesh,#hash_1a77b60298893a5d
xmodelmesh,#hash_1a7debbb8c5739ae
xmodelmesh,#hash_1a7f4e409d7b31f1
xmodelmesh,#hash_1a80418cdba4ee31
xmodelmesh,#hash_1a8634668b99bf38
xmodelmesh,#hash_1a8f4a4ed71fca7e
xmodelmesh,#hash_1a8fa4a9399aafa1
xmodelmesh,#hash_1a909b007110c515
xmodelmesh,#hash_1a9293d8ea746222
xmodelmesh,#hash_1a96536177b0682a
xmodelmesh,#hash_1a98ba0b6b540c90
xmodelmesh,#hash_1a9bdcbf1a626a29
xmodelmesh,#hash_1a9c339a3d36816d
xmodelmesh,#hash_1a9f9f7c8472fb6f
xmodelmesh,#hash_1aa041add7eae95b
xmodelmesh,#hash_1aa3c03c2582431b
xmodelmesh,#hash_1aa5c099c7c48f2d
xmodelmesh,#hash_1aaa805cb3f925d2
xmodelmesh,#hash_1aae4d156c4a4554
xmodelmesh,#hash_1ab47c1b9cfb54f9
xmodelmesh,#hash_1ab58714c0084c5e
xmodelmesh,#hash_1ab833ce71c939a3
xmodelmesh,#hash_1abbe6e2693abe3b
xmodelmesh,#hash_1ac5aef5e4b44ae3
xmodelmesh,#hash_1ad0047602a8c519
xmodelmesh,#hash_1ad2fa47e8e574bf
xmodelmesh,#hash_1adfe17f8f15bca2
xmodelmesh,#hash_1ae52a14ba9052bd
xmodelmesh,#hash_1ae7406c0b95e6f0
xmodelmesh,#hash_1ae740bc00121007
xmodelmesh,#hash_1ae7a36bc0c66bf1
xmodelmesh,#hash_1ae7cdbc81691e87
xmodelmesh,#hash_1aef0baf6e2835ac
xmodelmesh,#hash_1af2bca996277de8
xmodelmesh,#hash_1af58bff133147c5
xmodelmesh,#hash_1af99256a5b3ba15
xmodelmesh,#hash_1afa31013d5fbe35
xmodelmesh,#hash_1afb91b8f85ba7ec
xmodelmesh,#hash_1afed7a9da3bec71
xmodelmesh,#hash_1b0afd27d7de5fce
xmodelmesh,#hash_1b0d54e7e8bda399
xmodelmesh,#hash_1b14b2778031f5d2
xmodelmesh,#hash_1b196875a41b317d
xmodelmesh,#hash_1b1c4392667963c2
xmodelmesh,#hash_1b1ebcc8ec98cec6
xmodelmesh,#hash_1b26c58c70440b63
xmodelmesh,#hash_1b2b56b88bc51f30
xmodelmesh,#hash_1b2ed1cc41ae633a
xmodelmesh,#hash_1b3152d9e8e1be8d
xmodelmesh,#hash_1b34f6147fb039c7
xmodelmesh,#hash_1b397e5a53471af9
xmodelmesh,#hash_1b3a5aa545e34710
xmodelmesh,#hash_1b3bd15e61552369
xmodelmesh,#hash_1b3c317fb8160ae2
xmodelmesh,#hash_1b3d53bd100de970
xmodelmesh,#hash_1b3dedc78156ab30
xmodelmesh,#hash_1b484a917d97558c
xmodelmesh,#hash_1b4a4b1e24c18d51
xmodelmesh,#hash_1b52ddc569f55997
xmodelmesh,#hash_1b54c5b109c0945f
xmodelmesh,#hash_1b5a44d79a2a9624
xmodelmesh,#hash_1b6cd8adf89e85f2
xmodelmesh,#hash_1b6e98c9085907f9
xmodelmesh,#hash_1b787f6db81e471f
xmodelmesh,#hash_1b7abcb199365dee
xmodelmesh,#hash_1b7c4fe13aebbabb
xmodelmesh,#hash_1b7fecf6bf30c1c4
xmodelmesh,#hash_1b8082d4912ce152
xmodelmesh,#hash_1b87115595b26773
xmodelmesh,#hash_1b8b2fb24e38fb4b
xmodelmesh,#hash_1b8ca22fee1c944c
xmodelmesh,#hash_1b933711109f7515
xmodelmesh,#hash_1b950050230da148
xmodelmesh,#hash_1b972b310857a651
xmodelmesh,#hash_1ba7b7d99c023871
xmodelmesh,#hash_1ba7d4841b80e77e
xmodelmesh,#hash_1bb0aee81fd39752
xmodelmesh,#hash_1bb24cf2f92b76f9
xmodelmesh,#hash_1bb7929974b3ce99
xmodelmesh,#hash_1bbf15ef345b0042
xmodelmesh,#hash_1bc19191c992613f
xmodelmesh,#hash_1bc4514428d5430b
xmodelmesh,#hash_1bc47c0bead4f24c
xmodelmesh,#hash_1bc8f3cd1f6708e0
xmodelmesh,#hash_1bc99f5b2f127391
xmodelmesh,#hash_1bc9c69a3cd42d88
xmodelmesh,#hash_1bccc074d618e4f2
xmodelmesh,#hash_1bce2584c40fd60f
xmodelmesh,#hash_1bcfb2f47347845b
xmodelmesh,#hash_1bd2c1577cf95238
xmodelmesh,#hash_1bd45de649837ee7
xmodelmesh,#hash_1bd4dac16cadc6ac
xmodelmesh,#hash_1bd6d1a891b8e651
xmodelmesh,#hash_1bda745da310348e
xmodelmesh,#hash_1bdbb0afc6722ec0
xmodelmesh,#hash_1bdded8b3d39cee9
xmodelmesh,#hash_1bde0062e5f9c1bf
xmodelmesh,#hash_1bdec25df7ee40dc
xmodelmesh,#hash_1bdf229cf8c7b3de
xmodelmesh,#hash_1be4729d88b6490f
xmodelmesh,#hash_1be4847a17f36c13
xmodelmesh,#hash_1becac982b2b276f
xmodelmesh,#hash_1befdea7a1150f67
xmodelmesh,#hash_1bfcebd959815280
xmodelmesh,#hash_1bfdabb603c6c533
xmodelmesh,#hash_1c04b129cd0819f1
xmodelmesh,#hash_1c0b21b81ef430ca
xmodelmesh,#hash_1c0d68771aa1e34d
xmodelmesh,#hash_1c1108bbbe2667ad
xmodelmesh,#hash_1c12871cba4def6f
xmodelmesh,#hash_1c133fe47d16cebe
xmodelmesh,#hash_1c17656ba2d1208f
xmodelmesh,#hash_1c177dcd5e498996
xmodelmesh,#hash_1c1ba2939ef2a15d
xmodelmesh,#hash_1c2a1086d1bd5119
xmodelmesh,#hash_1c39915439a42a07
xmodelmesh,#hash_1c3a1563a6da55d6
xmodelmesh,#hash_1c4d9cdef01167c8
xmodelmesh,#hash_1c4f1d91ec3d9c6a
xmodelmesh,#hash_1c5017944b37fab7
xmodelmesh,#hash_1c521bb709cdb168
xmodelmesh,#hash_1c5682d14c6b4532
xmodelmesh,#hash_1c573e5a4b641484
xmodelmesh,#hash_1c5c109f3c72eead
xmodelmesh,#hash_1c62d841136d2c48
xmodelmesh,#hash_1c69211d5ec71e03
xmodelmesh,#hash_1c69d31744e72499
xmodelmesh,#hash_1c6a17e38d1e3db6
xmodelmesh,#hash_1c6c786962e34583
xmodelmesh,#hash_1c6e59636791e8d2
xmodelmesh,#hash_1c75621ad86924a6
xmodelmesh,#hash_1c76d5edfc90b157
xmodelmesh,#hash_1c7a19f0a05e243e
xmodelmesh,#hash_1c7d5d16f92249ea
xmodelmesh,#hash_1c838ab37940c683
xmodelmesh,#hash_1c87a615b31f7971
xmodelmesh,#hash_1c8d371a9123f8d3
xmodelmesh,#hash_1c8f590bf1ae766b
xmodelmesh,#hash_1c94292538a9e1dd
xmodelmesh,#hash_1c949c4560b74555
xmodelmesh,#hash_1ca02d7c5e623273
xmodelmesh,#hash_1ca5b7158fcaddb5
xmodelmesh,#hash_1ca71f4a21e753c6
xmodelmesh,#hash_1cad982987012e8c
xmodelmesh,#hash_1cae32dfa24943d3
xmodelmesh,#hash_1cb2c1b114c9b159
xmodelmesh,#hash_1cbe914a3fef0f5b
xmodelmesh,#hash_1cc0f682a3f339c6
xmodelmesh,#hash_1cc20dcd800c2159
xmodelmesh,#hash_1cc54d8a29397284
xmodelmesh,#hash_1cc6a8ac07e928e9
xmodelmesh,#hash_1ccb9ccfc2f33e55
xmodelmesh,#hash_1ccbf86f5f8583ef
xmodelmesh,#hash_1ccddbd8ce2053b2
xmodelmesh,#hash_1cd3e3d8ddc36193
xmodelmesh,#hash_1cd5956913021b2a
xmodelmesh,#hash_1ce08467e56d8302
xmodelmesh,#hash_1ce1bf1e8873568a
xmodelmesh,#hash_1ce26bbe02cf48d5
xmodelmesh,#hash_1ce5381339ae4f9a
xmodelmesh,#hash_1ce53d60d6e87136
xmodelmesh,#hash_1ce56c34f42d8f63
xmodelmesh,#hash_1cfa2ae6c1f6334b
xmodelmesh,#hash_1cfaa50fc412cf9f
xmodelmesh,#hash_1cfe57bffc66b60e
xmodelmesh,#hash_1d0023a26824f983
xmodelmesh,#hash_1d00558c1d15e25a
xmodelmesh,#hash_1d0133767c0c8e91
xmodelmesh,#hash_1d02d92271875214
xmodelmesh,#hash_1d059132d696fc6f
xmodelmesh,d#hash_1d060e7e32251f2b
xmodelmesh,#hash_1d0cf6442f4d73b4
xmodelmesh,#hash_1d12495ba3ad4584
xmodelmesh,#hash_1d173805c1948be7
xmodelmesh,#hash_1d194064150514e9
xmodelmesh,#hash_1d1ffbf03fa814e1
xmodelmesh,#hash_1d245651e84052f7
xmodelmesh,#hash_1d2599cbee6d053d
xmodelmesh,#hash_1d25e6fa70c88e0d
xmodelmesh,#hash_1d2e7c40cea79c90
xmodelmesh,#hash_1d3a13c7a0aee782
xmodelmesh,#hash_1d3d23195c14d724
xmodelmesh,#hash_1d3d97fcf0e1e8e4
xmodelmesh,#hash_1d466a1ffcae6840
xmodelmesh,#hash_1d483de55eeeb554
xmodelmesh,#hash_1d49c696e3728c21
xmodelmesh,#hash_1d50b546dde4cdf4
xmodelmesh,#hash_1d50d6aa8d702f16
xmodelmesh,#hash_1d5570c1b19fe3be
xmodelmesh,#hash_1d55ffa52337abe2
xmodelmesh,#hash_1d5815b178d94e6e
xmodelmesh,d#hash_1d5b29c0563ef10f
xmodelmesh,#hash_1d64704eb9831e73
xmodelmesh,#hash_1d65681ea4819a96
xmodelmesh,#hash_1d662766ce9e6150
xmodelmesh,#hash_1d68c17384a3b4ee
xmodelmesh,#hash_1d68cda6b25e20b2
xmodelmesh,#hash_1d71e99c4fbb42b3
xmodelmesh,#hash_1d799acf6b3458de
xmodelmesh,#hash_1d846920a1b67416
xmodelmesh,#hash_1d85f253d9286fa1
xmodelmesh,#hash_1d88477d199aa429
xmodelmesh,#hash_1d8c3bd5bebf648c
xmodelmesh,#hash_1d9d6ddb9cf52cea
xmodelmesh,#hash_1da1abad15178f13
xmodelmesh,#hash_1da4a7fc70510e1b
xmodelmesh,#hash_1da9c3d979d5bb03
xmodelmesh,#hash_1dae4773981df8d0
xmodelmesh,#hash_1db2427e4569efbd
xmodelmesh,#hash_1dbdd83b25b6da0d
xmodelmesh,#hash_1dbfe9bb87ef3f49
xmodelmesh,#hash_1dc0ba54fb284b98
xmodelmesh,#hash_1dc468431789feb3
xmodelmesh,#hash_1dcccc480ebeb618
xmodelmesh,#hash_1dcf8c23d2496efd
xmodelmesh,#hash_1dd1b2f453c54667
xmodelmesh,#hash_1dd65b0edff12012
xmodelmesh,#hash_1dd7027c14533848
xmodelmesh,#hash_1dd8245a4685b968
xmodelmesh,#hash_1de1d8c6ff60a7b0
xmodelmesh,#hash_1de34b3a47247ccc
xmodelmesh,#hash_1de48d6e964a2b78
xmodelmesh,#hash_1de9824507969888
xmodelmesh,#hash_1def3d6c6138b96b
xmodelmesh,#hash_1defac01f8cf0e72
xmodelmesh,#hash_1df1ff70dde8d791
xmodelmesh,#hash_1df546bcf1a9f645
xmodelmesh,#hash_1e1455248637428f
xmodelmesh,#hash_1e1cc0badf5671e7
xmodelmesh,#hash_1e1fa83841a3c4b1
xmodelmesh,#hash_1e2156000777db0d
xmodelmesh,#hash_1e21dd4564e6fe3a
xmodelmesh,#hash_1e23ff43dc5cd0aa
xmodelmesh,#hash_1e25924cab1f8979
xmodelmesh,#hash_1e31d64f132a636f
xmodelmesh,#hash_1e32924b8dd16430
xmodelmesh,#hash_1e33892a70f041a4
xmodelmesh,#hash_1e3a1bcfad0d2ac6
xmodelmesh,#hash_1e4ffd8eeacea5ab
xmodelmesh,#hash_1e533f7cea098fb5
xmodelmesh,#hash_1e59b02eb3bf6792
xmodelmesh,#hash_1e5b126ada4748db
xmodelmesh,#hash_1e5e40f4238098cd
xmodelmesh,#hash_1e61b18a8dc952ac
xmodelmesh,#hash_1e685b7236295bef
xmodelmesh,#hash_1e7247f681167c2a
xmodelmesh,#hash_1e7720f6452ca318
xmodelmesh,#hash_1e7930e39279d3d8
xmodelmesh,#hash_1e7a12a6814804c5
xmodelmesh,#hash_1e85b5b3d890840f
xmodelmesh,#hash_1e8b244b73e2a731
xmodelmesh,#hash_1e8f89d99244fd75
xmodelmesh,#hash_1e90b493bf514b48
xmodelmesh,#hash_1e973ad78365bbae
xmodelmesh,#hash_1e9f79903193d926
xmodelmesh,#hash_1ea1bfebacbd67cc
xmodelmesh,#hash_1ea6eafdde6afc55
xmodelmesh,#hash_1ea70792c1efc41d
xmodelmesh,#hash_1eaa887f11792a12
xmodelmesh,#hash_1eacc6272426bfcd
xmodelmesh,#hash_1eaf1bdda3723e43
xmodelmesh,#hash_1eb9cee27c5e52a5
xmodelmesh,#hash_1eba2eb37d538e33
xmodelmesh,#hash_1ec7c799c4f21cbc
xmodelmesh,#hash_1eca2834b14e17a6
xmodelmesh,#hash_1ecce5cd7199f794
xmodelmesh,#hash_1ecff0b08eff9fbc
xmodelmesh,#hash_1edcff5ef7f58fe8
xmodelmesh,#hash_1ee1755992fcf087
xmodelmesh,#hash_1ee1e420a10f6652
xmodelmesh,#hash_1ee1e4b3016ed5ef
xmodelmesh,#hash_1ee477f2ca01b763
xmodelmesh,#hash_1ee4f7f922233b9a
xmodelmesh,d#hash_1ee8e6819a00b8a8
xmodelmesh,#hash_1eea4265497b0891
xmodelmesh,#hash_1eecddec7850057d
xmodelmesh,#hash_1ef39ae2887afe6c
xmodelmesh,#hash_1ef4251fdf1ffa5a
xmodelmesh,#hash_1ef8c0907e2c20bb
xmodelmesh,#hash_1f04d203b79d9554
xmodelmesh,#hash_1f08cf76e0937bae
xmodelmesh,#hash_1f111bdbaab88a9d
xmodelmesh,#hash_1f1c5ca21d9270cc
xmodelmesh,#hash_1f21584053355232
xmodelmesh,#hash_1f23f21b0878464d
xmodelmesh,#hash_1f24d0f94843320e
xmodelmesh,#hash_1f269229bb520bea
xmodelmesh,#hash_1f2e62c0223e8bd2
xmodelmesh,#hash_1f32f5bbd2ebb91f
xmodelmesh,#hash_1f3b987e9418055f
xmodelmesh,#hash_1f3eee06a6388b3d
xmodelmesh,#hash_1f44b5b93f2c6506
xmodelmesh,#hash_1f467bb8bed95cbe
xmodelmesh,#hash_1f53ba134b676066
xmodelmesh,#hash_1f59f7fac11dd487
xmodelmesh,#hash_1f61c5ff50fe25ca
xmodelmesh,#hash_1f64ecc764d9b852
xmodelmesh,#hash_1f6524d3cf6a6fe6
xmodelmesh,#hash_1f6c621da52f762a
xmodelmesh,#hash_1f735f827a32ef43
xmodelmesh,#hash_1f745a7f602e78c0
xmodelmesh,#hash_1f796788f72c3067
xmodelmesh,#hash_1f80e9f5f76851f9
xmodelmesh,#hash_1f86471936dfcb11
xmodelmesh,#hash_1f8a4688d582e30f
xmodelmesh,#hash_1f8e805d14d9edd0
xmodelmesh,#hash_1f9182de7e08946a
xmodelmesh,#hash_1f9185b955709cb2
xmodelmesh,#hash_1f9de82c7bd4a638
xmodelmesh,#hash_1f9fb906dbd66102
xmodelmesh,#hash_1fa92ec09b5e1df2
xmodelmesh,#hash_1fa97dfe7b35ea58
xmodelmesh,#hash_1faa21c787ee95b8
xmodelmesh,#hash_1facb03eff212e8f
xmodelmesh,#hash_1fb44f522661916e
xmodelmesh,#hash_1fb8a46e9353e713
xmodelmesh,#hash_1fbaf6f7c39156f4
xmodelmesh,d#hash_1fc3438413953969
xmodelmesh,#hash_1fc803fc07cc07fc
xmodelmesh,#hash_1fc9ece349051d23
xmodelmesh,#hash_1fca95abd4f1f377
xmodelmesh,#hash_1fcb26108785db7d
xmodelmesh,#hash_1fcc5207682c9082
xmodelmesh,#hash_1fcd63afd81af2b7
xmodelmesh,#hash_1fd2c4f9dad0e2ef
xmodelmesh,#hash_1fd4401bfad49a0a
xmodelmesh,#hash_1fd6704fe3e84216
xmodelmesh,#hash_1fda2a89496eef71
xmodelmesh,#hash_1fe421f6dcb3a957
xmodelmesh,#hash_1fe74e872a3c1696
xmodelmesh,#hash_1fe85dc6f79fdcf9
xmodelmesh,#hash_1fe8fe810a6570d7
xmodelmesh,#hash_1fe94e81e5a26ccd
xmodelmesh,#hash_1fea49154ec061f4
xmodelmesh,#hash_1feaa3fa606630ea
xmodelmesh,#hash_1fed7637af4d25e0
xmodelmesh,#hash_1feebcb4c413436d
xmodelmesh,#hash_1ff204840736c47d
xmodelmesh,#hash_1ff326e802833053
xmodelmesh,#hash_1ff8f1c045751f4b
xmodelmesh,#hash_1ff97ca090b14eda
xmodelmesh,#hash_1ffc424a7958500e
xmodelmesh,#hash_1ffc5bf8e7963700
xmodelmesh,#hash_200132c6c96c2dc6
xmodelmesh,#hash_20034b8f644aaa00
xmodelmesh,#hash_20038ab4c54a81c6
xmodelmesh,#hash_200396d861816c4e
xmodelmesh,#hash_200d8ca5dc37c38e
xmodelmesh,#hash_2011a6ba76db0510
xmodelmesh,#hash_2015a03a12a203f8
xmodelmesh,#hash_201d33d7da29d78e
xmodelmesh,#hash_201f5895759be694
xmodelmesh,#hash_20210ad24f5469ec
xmodelmesh,#hash_202457e2574455f4
xmodelmesh,#hash_202752c2247308fa
xmodelmesh,#hash_202fd2eeca1f8074
xmodelmesh,#hash_20308b727201fe39
xmodelmesh,#hash_2035e58df63c0ef2
xmodelmesh,#hash_2035ec96e9c1cf02
xmodelmesh,#hash_203e9cd35e2bf0ff
xmodelmesh,#hash_203fd8c1a486513a
xmodelmesh,#hash_204214b2aa6e141f
xmodelmesh,#hash_2047777817046ae8
xmodelmesh,#hash_204c0afdae92fa64
xmodelmesh,#hash_20508e7f0df37878
xmodelmesh,#hash_20524c2acc028b7f
xmodelmesh,#hash_2059daed6493f6bc
xmodelmesh,#hash_205aed971327cacc
xmodelmesh,#hash_205b7448a87b5459
xmodelmesh,#hash_205fbea0dce096ce
xmodelmesh,#hash_206254c38a9e4bb3
xmodelmesh,#hash_2062b9dc6519de41
xmodelmesh,#hash_20669b37fad39b66
xmodelmesh,#hash_20693e092506e5ec
xmodelmesh,#hash_206a205321768908
xmodelmesh,#hash_206dd1200f174ed7
xmodelmesh,#hash_206e5ae854acc156
xmodelmesh,#hash_207093be1be44657
xmodelmesh,#hash_20730b50c280e20c
xmodelmesh,#hash_2073a6dfd550b5b1
xmodelmesh,#hash_20776eec0b581264
xmodelmesh,#hash_207d107cb23c87c0
xmodelmesh,#hash_208029212ca99441
xmodelmesh,#hash_2083f723ad4333b6
xmodelmesh,#hash_208711ccd8a5498b
xmodelmesh,#hash_209226c2e356f99e
xmodelmesh,#hash_20942cc90dcbd287
xmodelmesh,#hash_2094e26d1b622d43
xmodelmesh,#hash_2095e16fc7602c86
xmodelmesh,d#hash_2096226458bf0959
xmodelmesh,#hash_209a0d1fe14cf599
xmodelmesh,#hash_209ad513e4967e59
xmodelmesh,#hash_20a3e6042cc6d74e
xmodelmesh,#hash_20a454b2e595b327
xmodelmesh,#hash_20a57afee804b2a4
xmodelmesh,#hash_20a5bb2756cf7179
xmodelmesh,#hash_20ab1a5cc629c668
xmodelmesh,#hash_20b126072ae0baa8
xmodelmesh,#hash_20b415eab6a874cb
xmodelmesh,#hash_20b78f5ce42f96a3
xmodelmesh,#hash_20be31724e2af90c
xmodelmesh,#hash_20c251b5af56a973
xmodelmesh,#hash_20c40b354f9134c5
xmodelmesh,#hash_20ccaf151b0759c9
xmodelmesh,#hash_20cf9d7d122f9936
xmodelmesh,#hash_20d78c226e6e530d
xmodelmesh,#hash_20d8af614a9b5885
xmodelmesh,#hash_20da4af72447649c
xmodelmesh,#hash_20deb5ff37d052e7
xmodelmesh,#hash_20decc49ee2d47f6
xmodelmesh,d#hash_20e1417bc8d94c56
xmodelmesh,#hash_20e64ebe346b3902
xmodelmesh,#hash_20e88dacfc554571
xmodelmesh,#hash_20ea9fb11ff2fbcb
xmodelmesh,#hash_20f5eb95baf8da83
xmodelmesh,#hash_20f76818677bec81
xmodelmesh,#hash_20faa6e43c76f0db
xmodelmesh,#hash_20ff76bed3d6c0e0
xmodelmesh,#hash_21021fd4a1f4bb07
xmodelmesh,#hash_210303c1c7197586
xmodelmesh,#hash_210449dea36ec1ab
xmodelmesh,#hash_2107dc3a7031eaa7
xmodelmesh,#hash_210902a009b89039
xmodelmesh,#hash_210cea651214fc6f
xmodelmesh,d#hash_211486faf837b8ea
xmodelmesh,#hash_2115c7af6e6465bb
xmodelmesh,#hash_2118a17d463ff0e9
xmodelmesh,#hash_211a25bfd1562a19
xmodelmesh,#hash_211b1ec186200427
xmodelmesh,#hash_211d3395d6370068
xmodelmesh,d#hash_21216741afda3260
xmodelmesh,#hash_2126084209216143
xmodelmesh,#hash_2126c6e5edd5787e
xmodelmesh,#hash_21336e3a0c034ee3
xmodelmesh,#hash_21340041acd70982
xmodelmesh,#hash_2139179c5f92f81f
xmodelmesh,#hash_2139eb2f33c9f43d
xmodelmesh,#hash_213a297dec5e9d58
xmodelmesh,#hash_213c59d4b4b3b01e
xmodelmesh,d#hash_214bd880a678ffa4
xmodelmesh,#hash_214fb471026ae129
xmodelmesh,#hash_21520f7dc72d36dc
xmodelmesh,#hash_215a744ae968de29
xmodelmesh,#hash_215b12c35db3b37a
xmodelmesh,#hash_215b2c9ba2880373
xmodelmesh,#hash_215c9d99aec175f5
xmodelmesh,#hash_215d674456b70b9d
xmodelmesh,#hash_215fb80ccb26beae
xmodelmesh,#hash_21652cc5d2be389c
xmodelmesh,#hash_216682fc0a67824c
xmodelmesh,#hash_216f536a8ce1b6e0
xmodelmesh,#hash_2173e40fda34d29c
xmodelmesh,#hash_2177632adba13a44
xmodelmesh,#hash_21781161d995e84c
xmodelmesh,#hash_21784c2f288591d7
xmodelmesh,#hash_2179a56f9d6b08c1
xmodelmesh,#hash_217bd42e0e48bd8f
xmodelmesh,#hash_217fc7656c3eb115
xmodelmesh,#hash_2180c9c3da4e53d0
xmodelmesh,#hash_218add74c5e07c62
xmodelmesh,#hash_218ebdf915ee562f
xmodelmesh,#hash_2192f90869bbcdba
xmodelmesh,#hash_2197196b53f5b979
xmodelmesh,#hash_219ab4ec928702f7
xmodelmesh,#hash_21a1f6b35a32d426
xmodelmesh,#hash_21b076f36366d19b
xmodelmesh,#hash_21b727138a3e8514
xmodelmesh,#hash_21b896b1bf161500
xmodelmesh,#hash_21bd7073f4fe4281
xmodelmesh,#hash_21c03af87307d484
xmodelmesh,#hash_21c7a3aee24b2a1e
xmodelmesh,#hash_21c9843122edf2cc
xmodelmesh,#hash_21cd0232aac4f78d
xmodelmesh,#hash_21ce511a948577b3
xmodelmesh,#hash_21ce56613a41bdf3
xmodelmesh,#hash_21cfa7f572a616f2
xmodelmesh,#hash_21d0e26b808996be
xmodelmesh,#hash_21d8024cd1f3ba92
xmodelmesh,#hash_21db4473b601deca
xmodelmesh,#hash_21db91b86af7d012
xmodelmesh,#hash_21e1ab5eb781d41e
xmodelmesh,#hash_21ecc7a95499a451
xmodelmesh,#hash_21ef7cf1958bdc8b
xmodelmesh,#hash_21f0f3cb51b4d57b
xmodelmesh,#hash_21f1a46fdca50946
xmodelmesh,#hash_21f646eb8b487fb9
xmodelmesh,#hash_21f825e2680cb35c
xmodelmesh,#hash_220011672a1aebce
xmodelmesh,#hash_2201ec2d4b1d6b86
xmodelmesh,#hash_22037301da143798
xmodelmesh,#hash_22050aa0b58bdee8
xmodelmesh,#hash_220bd9c51928dbde
xmodelmesh,#hash_221445827113ed75
xmodelmesh,#hash_22191584fd81aece
xmodelmesh,#hash_2219c5447ee43a73
xmodelmesh,#hash_221a1fa447612bc8
xmodelmesh,#hash_221a4aab826c6c9c
xmodelmesh,#hash_221ff12de1435d90
xmodelmesh,#hash_22220bdaa63f1071
xmodelmesh,#hash_2229a15520a49fa4
xmodelmesh,#hash_22305ea06331f2e9
xmodelmesh,#hash_2230e64e8185f033
xmodelmesh,#hash_2235bdbc33901b44
xmodelmesh,#hash_223a668d3571eb23
xmodelmesh,#hash_223c0b52edc16520
xmodelmesh,#hash_223e95cdef3490e9
xmodelmesh,#hash_2241f10e16ad025a
xmodelmesh,#hash_224431c400502b83
xmodelmesh,#hash_2248f5beaa7d9b34
xmodelmesh,#hash_224fc12483b0f6ca
xmodelmesh,#hash_2251dd05b0eea956
xmodelmesh,#hash_2252278057b02cc1
xmodelmesh,#hash_225436219e0f72a4
xmodelmesh,#hash_2258def395775f77
xmodelmesh,#hash_225a6f70ec1225ea
xmodelmesh,#hash_2263fc3b3f9e1198
xmodelmesh,#hash_226827140ae00b9b
xmodelmesh,#hash_226add3b0d16a9c9
xmodelmesh,#hash_226c3cbd1a0ba06d
xmodelmesh,#hash_226f6d8bac39a05f
xmodelmesh,#hash_227a969e4912b80a
xmodelmesh,#hash_228242c93232add2
xmodelmesh,#hash_228981eb0525dd9c
xmodelmesh,#hash_228e54253f436a22
xmodelmesh,#hash_228f71dd32c296cf
xmodelmesh,#hash_22900fd57c9dffdc
xmodelmesh,#hash_229752b99a73844b
xmodelmesh,#hash_229aa6febcffa02f
xmodelmesh,#hash_229c02ffa350139d
xmodelmesh,#hash_22a024edc8618bcc
xmodelmesh,#hash_22a190d884443db0
xmodelmesh,#hash_22ad14af1111fca1
xmodelmesh,#hash_22b0548d9dbcf948
xmodelmesh,#hash_22b63d37dc4cfba6
xmodelmesh,#hash_22bfc9264d7309a1
xmodelmesh,#hash_22c54b066f3ced38
xmodelmesh,#hash_22c72728301f8eb2
xmodelmesh,#hash_22cfb6001fec91b3
xmodelmesh,#hash_22d67fde19ae3676
xmodelmesh,#hash_22d7b5704a43bf17
xmodelmesh,#hash_22db9b60e8bdf5d1
xmodelmesh,#hash_22e0fe404115c50c
xmodelmesh,#hash_22e427f450dfe4ce
xmodelmesh,#hash_22e5b66c512c917d
xmodelmesh,#hash_22e8d5fbb3844f0e
xmodelmesh,#hash_22ed7eac527d9a8f
xmodelmesh,#hash_22edd4ecfa764bf7
xmodelmesh,#hash_22f56857fa12b7f7
xmodelmesh,#hash_22f722d35497f79c
xmodelmesh,#hash_22fac898715742e1
xmodelmesh,#hash_22fe9fe22e66676a
xmodelmesh,#hash_230d9ef56d393ba4
xmodelmesh,#hash_230ffb668fd0e40c
xmodelmesh,#hash_23117cac3c1b37ab
xmodelmesh,#hash_2313bf2308b1c437
xmodelmesh,#hash_233298ae84c11de5
xmodelmesh,#hash_2337d77f6fa8be94
xmodelmesh,d#hash_233c22256c0a7a1b
xmodelmesh,#hash_2341ec17234e384a
xmodelmesh,#hash_234a937459fc39b0
xmodelmesh,#hash_234d35fdc938a12b
xmodelmesh,#hash_234eab5b2e993412
xmodelmesh,#hash_234f9204b6a3be06
xmodelmesh,#hash_23528a0937fccf98
xmodelmesh,#hash_2352d5b8cc6bb1fd
xmodelmesh,#hash_23532c227c4968ab
xmodelmesh,#hash_23599c2bccf1b0e4
xmodelmesh,#hash_235dce94c390cc1e
xmodelmesh,#hash_235ed8a6f49169c5
xmodelmesh,#hash_2361519504506b61
xmodelmesh,#hash_2365263cf1d11f3f
xmodelmesh,#hash_23735b782d1f2d06
xmodelmesh,#hash_23742ee00465e0fa
xmodelmesh,#hash_23789e5116178fc0
xmodelmesh,#hash_23810495917872ca
xmodelmesh,#hash_2381f81eed1fd352
xmodelmesh,#hash_2388ed35b735d779
xmodelmesh,#hash_238a063e631e01c0
xmodelmesh,#hash_238c334c2a830234
xmodelmesh,#hash_2395dbec873b2cd9
xmodelmesh,#hash_2396c80f65714185
xmodelmesh,d#hash_2397e0305af785d3
xmodelmesh,#hash_239c7776b492a1f3
xmodelmesh,#hash_239e6c75398caeaa
xmodelmesh,#hash_239e7bb91c415d71
xmodelmesh,#hash_239f742b0ad4f87b
xmodelmesh,#hash_23a28b926f01ec73
xmodelmesh,#hash_23a504b63eb52eff
xmodelmesh,#hash_23a784d9b590761a
xmodelmesh,#hash_23a8d87bda1e8275
xmodelmesh,#hash_23ac4d88f0ef90d3
xmodelmesh,#hash_23b165af79521732
xmodelmesh,#hash_23b1f10d854afaf5
xmodelmesh,#hash_23b25d13d8583bb8
xmodelmesh,#hash_23b4d21dc94a32d8
xmodelmesh,#hash_23b6034b7bfecbff
xmodelmesh,#hash_23bcd7d91ae1b0ba
xmodelmesh,#hash_23d70e1af3a2acaf
xmodelmesh,#hash_23d7b159bac0af50
xmodelmesh,#hash_23d823b0eca1cc2f
xmodelmesh,#hash_23dd2837fda1350e
xmodelmesh,#hash_23ddfc0b295a0ab4
xmodelmesh,#hash_23de5ce966332fc5
xmodelmesh,#hash_23e1cc6fc7090436
xmodelmesh,#hash_23e915e3a9ad145b
xmodelmesh,#hash_23e9ee42f552230f
xmodelmesh,#hash_23edd6d9678fc05d
xmodelmesh,#hash_23f0bca4a1c97bb7
xmodelmesh,#hash_23fc06e994d4c580
xmodelmesh,#hash_23feabefb5bdb653
xmodelmesh,#hash_23fef41c7d96c97e
xmodelmesh,#hash_23fff568c6922913
xmodelmesh,#hash_240553dce2445191
xmodelmesh,#hash_24086c55c95df904
xmodelmesh,#hash_240f713606dea997
xmodelmesh,#hash_2411815d821db422
xmodelmesh,#hash_2411d49a8f85c21d
xmodelmesh,#hash_241468e398019d23
xmodelmesh,#hash_24176ae1cc58585c
xmodelmesh,#hash_24178b0268230328
xmodelmesh,#hash_2419e051522810c8
xmodelmesh,#hash_241c45929732a9b7
xmodelmesh,#hash_2420304829d4e868
xmodelmesh,#hash_2422439068b6e7e9
xmodelmesh,#hash_2423f41fff2920bd
xmodelmesh,#hash_2426f38ee1960d3c
xmodelmesh,#hash_2427a3be3098435d
xmodelmesh,#hash_24295394821fdcf5
xmodelmesh,#hash_242e852f40b25fda
xmodelmesh,#hash_24350b6ca26bfe4f
xmodelmesh,#hash_243d0ee7bf938460
xmodelmesh,#hash_243e3de49e0c41d9
xmodelmesh,#hash_2441f71f5813aac4
xmodelmesh,#hash_2447ef1948326395
xmodelmesh,#hash_244acf9cc82163f8
xmodelmesh,#hash_244ee3d3b87bc609
xmodelmesh,#hash_245a167f9efdd6f2
xmodelmesh,#hash_245f7dc9a48ffed7
xmodelmesh,#hash_246274802aae9964
xmodelmesh,#hash_2464fd5c2344ea6a
xmodelmesh,#hash_246825a47cdbdce6
xmodelmesh,#hash_246a7956efa60d17
xmodelmesh,#hash_246f7a91ac4d92b2
xmodelmesh,#hash_24732889b0d5b0a1
xmodelmesh,#hash_247b4c6d9450084e
xmodelmesh,#hash_247b85dce340cb7f
xmodelmesh,#hash_248b52a7be6e8dc2
xmodelmesh,#hash_248e5fe10c4e530e
xmodelmesh,d#hash_2497a2f257ff5954
xmodelmesh,#hash_249a3b76b1bda355
xmodelmesh,#hash_249ca7ea3fe52b98
xmodelmesh,#hash_249d2f8021e86222
xmodelmesh,#hash_24a1b39515e7573e
xmodelmesh,#hash_24a95d353c438dc2
xmodelmesh,#hash_24a9708b82423392
xmodelmesh,#hash_24b10325085de1b6
xmodelmesh,#hash_24b1be1dc5ae1e26
xmodelmesh,#hash_24b2687fd1c9dc04
xmodelmesh,#hash_24b30643603363ed
xmodelmesh,#hash_24b65df407302410
xmodelmesh,#hash_24c2ef5c7aa62cb7
xmodelmesh,d#hash_24c7df15cc67eade
xmodelmesh,#hash_24c89913c26c6822
xmodelmesh,#hash_24cdcf00ec855797
xmodelmesh,#hash_24d38068442d5647
xmodelmesh,#hash_24d54311c789f8a7
xmodelmesh,#hash_24d9098a0a90bb49
xmodelmesh,#hash_24e7c5554928ba0f
xmodelmesh,#hash_24f01a099e2e72a1
xmodelmesh,#hash_24f62f298e6969e0
xmodelmesh,#hash_24fa72d00729d3f7
xmodelmesh,#hash_24feeadf169dc406
xmodelmesh,#hash_24ffadbcaa657c26
xmodelmesh,#hash_2512a3494dcc18f1
xmodelmesh,#hash_2516a6a7b8a9761a
xmodelmesh,#hash_2517cf5112692bc9
xmodelmesh,#hash_25183d8652319ef7
xmodelmesh,#hash_25184a12b01c935b
xmodelmesh,#hash_251d4a0aaed4c244
xmodelmesh,#hash_2522ee750942f5e9
xmodelmesh,#hash_25236adf6100adb7
xmodelmesh,#hash_2529f79a99abdad3
xmodelmesh,#hash_252b3821a7eb1b8d
xmodelmesh,#hash_252b98d09a1bc2ce
xmodelmesh,d#hash_252dd654db101253
xmodelmesh,#hash_252e3344c0c36340
xmodelmesh,#hash_2530fef47b60b1d9
xmodelmesh,#hash_2534d1a1ef6c2471
xmodelmesh,#hash_253f5f5c9422a64f
xmodelmesh,#hash_2540aa219703aa3f
xmodelmesh,#hash_2552160cdf9961cf
xmodelmesh,#hash_255c90b79ffcfc56
xmodelmesh,#hash_255cb3448f150242
xmodelmesh,#hash_255e229218ec4d6e
xmodelmesh,#hash_2564cf7489961e8e
xmodelmesh,d#hash_256f13d841920a79
xmodelmesh,#hash_25714fa65b69fcec
xmodelmesh,#hash_2576c7fd2d316ce7
xmodelmesh,#hash_257708d7d535b730
xmodelmesh,#hash_258150bbd5a6132a
xmodelmesh,#hash_258727b3642e9772
xmodelmesh,#hash_258eb0bac3008f9f
xmodelmesh,#hash_2598f2943c5ef539
xmodelmesh,#hash_259bb989b4bade33
xmodelmesh,#hash_25a4922dc750d5c4
xmodelmesh,#hash_25a9d21f981ad327
xmodelmesh,#hash_25b075da52d0e8d7
xmodelmesh,#hash_25b1a43fe53d5219
xmodelmesh,#hash_25b945dee53d3153
xmodelmesh,#hash_25ba2d4c7863b0ea
xmodelmesh,#hash_25bee010da22b23a
xmodelmesh,#hash_25bf5dd98bb2e249
xmodelmesh,#hash_25c0e721a5f1e1d6
xmodelmesh,#hash_25c17505c28cd3a9
xmodelmesh,#hash_25c45b8308ff6698
xmodelmesh,#hash_25c526362e0290ec
xmodelmesh,#hash_25c589a5e367e870
xmodelmesh,#hash_25eeb48cf4156922
xmodelmesh,#hash_25efb2a184de5281
xmodelmesh,#hash_25f38042774e73c1
xmodelmesh,#hash_25f74f234ef1c786
xmodelmesh,#hash_25fc1d4fdafa4f43
xmodelmesh,#hash_25fe7db5e2d4459c
xmodelmesh,#hash_2602dafac5600dd1
xmodelmesh,#hash_260b023bbb81cb19
xmodelmesh,#hash_260b4367b7262532
xmodelmesh,#hash_260e3a4002a950b8
xmodelmesh,#hash_260ee7dc1198a47f
xmodelmesh,#hash_26115d0bdefb73a3
xmodelmesh,#hash_2616ddf94f649313
xmodelmesh,#hash_261bb4bc032c00b2
xmodelmesh,#hash_261ed5824c45a0e2
xmodelmesh,#hash_2624ec1686b9d9b6
xmodelmesh,#hash_262744abccd8bb9e
xmodelmesh,#hash_26297b403bcd56ba
xmodelmesh,#hash_262a7c6339205942
xmodelmesh,#hash_2630f08467b7cf14
xmodelmesh,#hash_2633eb5d58ec9ee5
xmodelmesh,#hash_263902de8b727496
xmodelmesh,#hash_263c388a900df03c
xmodelmesh,#hash_263e7d50f2c4bacb
xmodelmesh,#hash_264247c88fa62e4b
xmodelmesh,#hash_264797d053f12a25
xmodelmesh,#hash_264b5ecd1c3f9b03
xmodelmesh,#hash_264b7b29970ccf4a
xmodelmesh,#hash_264d98ae6e61e4fb
xmodelmesh,#hash_264e90861434b4c9
xmodelmesh,#hash_265bf89282f4dd03
xmodelmesh,#hash_265ceadddc1e7530
xmodelmesh,d#hash_265defd1c1eb8e19
xmodelmesh,#hash_265ea85c22509230
xmodelmesh,#hash_2660291e298729a6
xmodelmesh,#hash_266148fd4c724710
xmodelmesh,#hash_2663721441d60a29
xmodelmesh,#hash_26658e12c885548b
xmodelmesh,#hash_266653bea33bb8e9
xmodelmesh,#hash_266b529d9bb7d096
xmodelmesh,#hash_266c348d07f1d6e2
xmodelmesh,#hash_266d95af0bd60d16
xmodelmesh,#hash_2674b41f16e2dc40
xmodelmesh,#hash_268cc499f5ba92d8
xmodelmesh,#hash_268cd1e632deec54
xmodelmesh,#hash_268d59477b6286f4
xmodelmesh,#hash_268db2d15dc3f70d
xmodelmesh,#hash_268fdd4787dfad92
xmodelmesh,#hash_2691983deced2653
xmodelmesh,#hash_26a1e2957f1b7e3b
xmodelmesh,#hash_26a24b56bd923c25
xmodelmesh,#hash_26a9635c61d746e7
xmodelmesh,#hash_26ad10fec3045498
xmodelmesh,#hash_26b0e74242428b28
xmodelmesh,#hash_26b62d06ddf82a58
xmodelmesh,#hash_26b9978e2491ab50
xmodelmesh,#hash_26bdfe1a874740d8
xmodelmesh,#hash_26c481d555b38094
xmodelmesh,#hash_26c8184c1968f730
xmodelmesh,#hash_26ce746d5cc31ca1
xmodelmesh,#hash_26cf2fe2d3093f4b
xmodelmesh,#hash_26dc32cd720eb818
xmodelmesh,#hash_26e1ec3809906718
xmodelmesh,#hash_26e36815c52639e4
xmodelmesh,#hash_26e3d8e80bc52c00
xmodelmesh,#hash_26e5ae13194b2a6f
xmodelmesh,#hash_26e70d285846792e
xmodelmesh,#hash_26e7c4acd0cfdcf8
xmodelmesh,#hash_26e8e35fcc314599
xmodelmesh,#hash_26eea8ea307528ef
xmodelmesh,#hash_26effbb03036f8f9
xmodelmesh,#hash_26f19f1e7ae2fc5d
xmodelmesh,#hash_26f23bd0c4b20994
xmodelmesh,#hash_26f31842701c0189
xmodelmesh,#hash_26f408f2d2be177a
xmodelmesh,#hash_26fd2b64d85dd272
xmodelmesh,#hash_270244a094c6736c
xmodelmesh,#hash_2702ed7c748339bc
xmodelmesh,#hash_27034985bf3196ea
xmodelmesh,#hash_2709b49760a23fec
xmodelmesh,#hash_2710e3ef48d8c203
xmodelmesh,#hash_27143d4d6ac8c02d
xmodelmesh,#hash_2714bb3180a0268d
xmodelmesh,#hash_2718c0446799505b
xmodelmesh,#hash_27257b2edfe018db
xmodelmesh,#hash_272687aa82244432
xmodelmesh,#hash_2729cea58afb2049
xmodelmesh,#hash_272e7ebe8f1171af
xmodelmesh,#hash_272f28c11962337f
xmodelmesh,#hash_273731fe63e72edd
xmodelmesh,#hash_27395b7fa9d05569
xmodelmesh,#hash_273aeb12b38ac1c8
xmodelmesh,#hash_273ccd50076a0192
xmodelmesh,#hash_2740427c89bff22d
xmodelmesh,#hash_274eb78c9629abc5
xmodelmesh,#hash_2753c17d268b9091
xmodelmesh,#hash_27543bb4ecfab735
xmodelmesh,#hash_275e653841f36b4b
xmodelmesh,#hash_276d63c85bfe40b1
xmodelmesh,#hash_276efb2b1d9df07a
xmodelmesh,#hash_27708bdea8a91dca
xmodelmesh,#hash_277e46e1746f11fa
xmodelmesh,#hash_2782340e487ad686
xmodelmesh,#hash_278fc53d416eed1c
xmodelmesh,#hash_27903ebf1787a520
xmodelmesh,#hash_27923fb3f127f8cd
xmodelmesh,#hash_27928deaa59ea44a
xmodelmesh,#hash_279814dfa874e436
xmodelmesh,#hash_279e0a64b70fd8de
xmodelmesh,#hash_27aca7e163b4324d
xmodelmesh,#hash_27b48ffaced9092f
xmodelmesh,#hash_27b74465eae58c8f
xmodelmesh,#hash_27b880528273b534
xmodelmesh,#hash_27bb85aae42e12c7
xmodelmesh,#hash_27c38182618b518c
xmodelmesh,#hash_27c62dde1ad39c7e
xmodelmesh,#hash_27cf7df7e78b3402
xmodelmesh,#hash_27cfcffcb504378f
xmodelmesh,#hash_27d92df982dd0cba
xmodelmesh,#hash_27da49a9987f25fb
xmodelmesh,#hash_27dba8913c8ae0f9
xmodelmesh,#hash_27df4868a48135f6
xmodelmesh,#hash_27e8e04aadf95869
xmodelmesh,#hash_27e92317b3350759
xmodelmesh,#hash_27ec683e57240536
xmodelmesh,#hash_27f4164074216e74
xmodelmesh,#hash_27f6c3f7c8ef3930
xmodelmesh,#hash_280519d3757145da
xmodelmesh,#hash_2808482ef5051ccd
xmodelmesh,#hash_2808948e217c5eb7
xmodelmesh,#hash_2809d07888a2bd59
xmodelmesh,#hash_280a2dba493f631c
xmodelmesh,#hash_280ab6e1407c8320
xmodelmesh,#hash_2814e190e5822da2
xmodelmesh,#hash_281505d7eb052754
xmodelmesh,#hash_2818f24c6ad9ad26
xmodelmesh,#hash_281a5a8351122d8c
xmodelmesh,#hash_281a6f6c032fa435
xmodelmesh,#hash_2823790dcf84a3fd
xmodelmesh,#hash_282514a84c1ef7a5
xmodelmesh,#hash_28262d5a0c61717c
xmodelmesh,#hash_282e82c5021c562a
xmodelmesh,#hash_28380bb722f07527
xmodelmesh,d#hash_2838f489d2123665
xmodelmesh,#hash_28391915b2595f4a
xmodelmesh,#hash_283d076fcfb3f740
xmodelmesh,#hash_2842579f5d530175
xmodelmesh,d#hash_2843b20115e75981
xmodelmesh,#hash_28459b84971af32e
xmodelmesh,#hash_284634891189ab8b
xmodelmesh,#hash_2849d73068633919
xmodelmesh,#hash_284bfd3c66689e6b
xmodelmesh,#hash_284c6c2c9cabd6c6
xmodelmesh,#hash_284e146ff17906d1
xmodelmesh,#hash_285adc9f562fd8b6
xmodelmesh,#hash_285b6aeb4e863b1a
xmodelmesh,#hash_28650b260742ca28
xmodelmesh,#hash_286813a53e69d210
xmodelmesh,#hash_286f8e6d4985a26c
xmodelmesh,#hash_2871213c26120a2d
xmodelmesh,#hash_28712908b7c09118
xmodelmesh,#hash_2871afcc0c568198
xmodelmesh,#hash_28803042c2910da5
xmodelmesh,#hash_288394cde6cb5722
xmodelmesh,d#hash_2884d597d1f85dfc
xmodelmesh,#hash_2886e6ac7acfa3b1
xmodelmesh,#hash_28885bb03e6c1d24
xmodelmesh,#hash_288b1e8382eb5f61
xmodelmesh,#hash_288e17d64a43301c
xmodelmesh,#hash_28945be019e9a159
xmodelmesh,#hash_28949834c4d42f13
xmodelmesh,d#hash_2895615e10901720
xmodelmesh,#hash_2896091d61a08923
xmodelmesh,#hash_289bf1d6a652e220
xmodelmesh,#hash_289d7130072b3c71
xmodelmesh,#hash_28a3b1c04a31349a
xmodelmesh,d#hash_28a47a35c43768df
xmodelmesh,#hash_28a8bdaf0e68746b
xmodelmesh,d#hash_28a9b18cca86ce85
xmodelmesh,#hash_28af6ec927807e1e
xmodelmesh,#hash_28b644e3820b3bd0
xmodelmesh,#hash_28b6ea03cd091514
xmodelmesh,#hash_28bd796696d48147
xmodelmesh,#hash_28bdd9e56510e8a7
xmodelmesh,#hash_28c05719a92acc86
xmodelmesh,#hash_28c369f25bc25b10
xmodelmesh,#hash_28c47e767df1bdb2
xmodelmesh,#hash_28c8094c05c6a773
xmodelmesh,#hash_28d3a412aef5bef6
xmodelmesh,#hash_28d4f08110732e21
xmodelmesh,#hash_28d5212cc1936797
xmodelmesh,#hash_28d67fe8dd947a21
xmodelmesh,#hash_28d8b489fe9dcf7e
xmodelmesh,#hash_28da7183ef49662b
xmodelmesh,#hash_28dc7e7e34e12eaf
xmodelmesh,#hash_28e4ffcd6e52e4da
xmodelmesh,#hash_28e62e936af89a57
xmodelmesh,#hash_28e96b8271eb763b
xmodelmesh,#hash_28ea894d850ec486
xmodelmesh,d#hash_28eb37cccfc3ea4c
xmodelmesh,#hash_28f5b3bf5a85cc52
xmodelmesh,#hash_28fa200ec6d32fd8
xmodelmesh,#hash_28fceb4cc330e49b
xmodelmesh,#hash_29004907762281a3
xmodelmesh,#hash_29096bd71679a704
xmodelmesh,#hash_290e3287aaa07375
xmodelmesh,#hash_2912f669f15de3ec
xmodelmesh,#hash_2914cb8042c1b38e
xmodelmesh,#hash_291b3e444eb557d0
xmodelmesh,#hash_291c00a5ddf310c5
xmodelmesh,#hash_292230b7e20e64ec
xmodelmesh,d#hash_292335727afd43c4
xmodelmesh,#hash_29299c1589a2cc4a
xmodelmesh,#hash_2932e45c6c0d4ae6
xmodelmesh,#hash_293ca89c00905385
xmodelmesh,#hash_2940b98f119d05f9
xmodelmesh,#hash_29430a1c9c9c3b9e
xmodelmesh,#hash_2943f5e79b22d9f6
xmodelmesh,#hash_2951362f2743abaf
xmodelmesh,#hash_29515fa9afcf7aff
xmodelmesh,#hash_29534d56c0e21759
xmodelmesh,#hash_29570ae624ec74f0
xmodelmesh,#hash_29576abfb9d81b99
xmodelmesh,#hash_295c2d53f6c32b2d
xmodelmesh,#hash_295c3ff80255e568
xmodelmesh,#hash_295f657728367a96
xmodelmesh,#hash_29649db14807132b
xmodelmesh,#hash_297cba0b14a3738f
xmodelmesh,#hash_297d09f27517280e
xmodelmesh,d#hash_297d6ba40e8535bb
xmodelmesh,#hash_297e8c97da7a16fe
xmodelmesh,#hash_29806d4ac9c17679
xmodelmesh,#hash_2980911570dbbaf1
xmodelmesh,d#hash_298455b155c4a8c5
xmodelmesh,#hash_298e4e7dd04ac409
xmodelmesh,#hash_2990d0cd1a36b214
xmodelmesh,#hash_2995f3feb1cbb25b
xmodelmesh,#hash_299963eed709ec9a
xmodelmesh,d#hash_299c19382a62c0a4
xmodelmesh,#hash_299e58d3c0e4ba0e
xmodelmesh,#hash_299ed13682ebdba3
xmodelmesh,#hash_299f3be20c5a95ef
xmodelmesh,#hash_299f3c28d9a82307
xmodelmesh,#hash_299f6aadfd7ec8d3
xmodelmesh,#hash_299f6ca3cff6499f
xmodelmesh,#hash_29a071b26170a810
xmodelmesh,#hash_29a9306ebdb3023b
xmodelmesh,#hash_29aa4702774a8616
xmodelmesh,#hash_29adcab59df4f9b0
xmodelmesh,#hash_29aebcb626cf0bcf
xmodelmesh,#hash_29b39e724b7de686
xmodelmesh,#hash_29b527b02dd80d40
xmodelmesh,#hash_29b5dd8b79f56c64
xmodelmesh,#hash_29b7076e0252a077
xmodelmesh,#hash_29b7cf2010c256d0
xmodelmesh,#hash_29ba23b3cd315d0f
xmodelmesh,#hash_29c047d47e958d73
xmodelmesh,#hash_29c45bed319fde41
xmodelmesh,#hash_29ce01e20d035977
xmodelmesh,#hash_29cf858547a99514
xmodelmesh,#hash_29d2726143ca2f18
xmodelmesh,#hash_29dbf62ae0b1f375
xmodelmesh,#hash_29e0a75719e34d19
xmodelmesh,#hash_29e457532c21d104
xmodelmesh,#hash_29e61f4793855dfb
xmodelmesh,#hash_29e8e03e27dd1051
xmodelmesh,#hash_29eb0c24b65d6db7
xmodelmesh,#hash_29efec5c25ae3a5f
xmodelmesh,#hash_29f00e543ee9ad5b
xmodelmesh,#hash_29f018e979d4645a
xmodelmesh,#hash_29f3147285d8da16
xmodelmesh,#hash_29f7d5daf341fd06
xmodelmesh,#hash_29f93a7c26e44579
xmodelmesh,#hash_29fcbd644735a252
xmodelmesh,#hash_2a046f7b9c2a7dda
xmodelmesh,#hash_2a04701fe8ba7b5f
xmodelmesh,#hash_2a05e36b1ced66b9
xmodelmesh,#hash_2a06f374cb4c8b8b
xmodelmesh,#hash_2a09bc4ab1a7c4ab
xmodelmesh,#hash_2a0c77b973bc36a3
xmodelmesh,#hash_2a1311855e74eecf
xmodelmesh,#hash_2a1414fa5f7395ea
xmodelmesh,#hash_2a1f7fcfc244e9bb
xmodelmesh,#hash_2a20038ac7b75ff0
xmodelmesh,#hash_2a21575a10f211c6
xmodelmesh,#hash_2a25459e58d2bc97
xmodelmesh,#hash_2a2a44ceeb0426ff
xmodelmesh,d#hash_2a2a5ddc223d985b
xmodelmesh,#hash_2a2acfe4a495c068
xmodelmesh,#hash_2a2f70cb377f01c7
xmodelmesh,#hash_2a2f766c85442bcf
xmodelmesh,#hash_2a3165a5394f56a5
xmodelmesh,#hash_2a377f5857b5e8f3
xmodelmesh,#hash_2a3a81e1e18a21eb
xmodelmesh,#hash_2a3dc224fc15b437
xmodelmesh,#hash_2a4056e478502618
xmodelmesh,#hash_2a472d9f5e0894c6
xmodelmesh,#hash_2a4b8c93d3de5ad9
xmodelmesh,#hash_2a4bea71f62d923e
xmodelmesh,#hash_2a4eae0dfce1af31
xmodelmesh,#hash_2a5c2f592903e166
xmodelmesh,#hash_2a632718d4227301
xmodelmesh,#hash_2a684aed13d3226b
xmodelmesh,#hash_2a6d71efbabaf530
xmodelmesh,#hash_2a74169f3a00e442
xmodelmesh,#hash_2a76b5a4110e16d1
xmodelmesh,#hash_2a7a61a505547f24
xmodelmesh,#hash_2a7ac7531f17d17f
xmodelmesh,#hash_2a7e09f73394baaa
xmodelmesh,#hash_2a84fe7bbfaf37a0
xmodelmesh,#hash_2a8f372a8d1b2867
xmodelmesh,#hash_2a8fff290f674c2e
xmodelmesh,#hash_2a952f5dbc5b7264
xmodelmesh,#hash_2a96c9adb1d01f5b
xmodelmesh,#hash_2a988844b9f5cd35
xmodelmesh,#hash_2a9b308362046c8a
xmodelmesh,#hash_2a9b4eac6ef3b3f9
xmodelmesh,#hash_2aa3a82c09b26b72
xmodelmesh,#hash_2aacf59e7234c59b
xmodelmesh,#hash_2aca53a0a7c68ff1
xmodelmesh,#hash_2acbb7011c3c47fb
xmodelmesh,#hash_2ad5bc2a079edfb5
xmodelmesh,#hash_2ad8b753ad02fc16
xmodelmesh,#hash_2ad8c7fd01a55070
xmodelmesh,#hash_2adbd7a56bb92654
xmodelmesh,#hash_2adbda607dfc01f7
xmodelmesh,#hash_2ae5136aec2eeba1
xmodelmesh,#hash_2ae6b83bac61d629
xmodelmesh,#hash_2aeaf73b45128088
xmodelmesh,#hash_2aecf42b3254317f
xmodelmesh,#hash_2af16f28163a5f7b
xmodelmesh,#hash_2af1ddde4932f17d
xmodelmesh,#hash_2afe07a98386b051
xmodelmesh,#hash_2affb6f45328bbd8
xmodelmesh,#hash_2b03f1f8977d5df1
xmodelmesh,#hash_2b073a636d147445
xmodelmesh,#hash_2b093ab310ee8e05
xmodelmesh,#hash_2b0b9304d33bfe4a
xmodelmesh,#hash_2b1c2841f1dd8d13
xmodelmesh,#hash_2b1db00d3767316c
xmodelmesh,#hash_2b2453b4ca54df92
xmodelmesh,#hash_2b2715cf29b8675d
xmodelmesh,#hash_2b27245fd0a4a46b
xmodelmesh,#hash_2b2a4bfff473af97
xmodelmesh,#hash_2b2fbeb6f3527a19
xmodelmesh,#hash_2b34a47cc2a88127
xmodelmesh,#hash_2b38bff5af63dfee
xmodelmesh,#hash_2b3bb2b44c4b8c57
xmodelmesh,#hash_2b3bb3fb54616ca7
xmodelmesh,#hash_2b3bd8fdb5e4a74d
xmodelmesh,#hash_2b3f0fecbbe83249
xmodelmesh,#hash_2b44c02c631ef264
xmodelmesh,#hash_2b476cb9d507b495
xmodelmesh,#hash_2b49108d36258b18
xmodelmesh,#hash_2b505cdb0796f951
xmodelmesh,#hash_2b50748fd55e3527
xmodelmesh,#hash_2b53bcfc8c5ab2cf
xmodelmesh,#hash_2b5cbc17a1ab3a92
xmodelmesh,#hash_2b5da1c57af853f1
xmodelmesh,#hash_2b61ca774408485e
xmodelmesh,#hash_2b65f0550a091d03
xmodelmesh,#hash_2b689c61afa9a51d
xmodelmesh,#hash_2b699bab81770c13
xmodelmesh,#hash_2b6aa7c274a080e9
xmodelmesh,#hash_2b6fa71930fcdfd4
xmodelmesh,#hash_2b70d651867928cd
xmodelmesh,#hash_2b742265bcab5050
xmodelmesh,#hash_2b791aa009f18640
xmodelmesh,#hash_2b951c53c42ac4f2
xmodelmesh,#hash_2b9b8a1c79df2be5
xmodelmesh,#hash_2b9c22156e0aee5f
xmodelmesh,#hash_2b9e28ad07837645
xmodelmesh,#hash_2ba4f3648af8e1fd
xmodelmesh,#hash_2ba9a80722594977
xmodelmesh,#hash_2bb7a94b600ee131
xmodelmesh,#hash_2bbae031f771d23a
xmodelmesh,#hash_2bbca8347dbdcbfe
xmodelmesh,#hash_2bbd134d1b362baf
xmodelmesh,#hash_2bc20fda986af99d
xmodelmesh,#hash_2bd01efc8cd8aff7
xmodelmesh,#hash_2bd71f5b23336f28
xmodelmesh,#hash_2bdfb157d56c33ec
xmodelmesh,#hash_2bdfce2bf72dccfc
xmodelmesh,#hash_2be01d955ff42ea9
xmodelmesh,#hash_2be43099baafc245
xmodelmesh,d#hash_2be6668823f94783
xmodelmesh,#hash_2be75c4984523991
xmodelmesh,#hash_2bec7e6dd66580ab
xmodelmesh,#hash_2bef2345d8cff1aa
xmodelmesh,#hash_2befbaea7c0aea5e
xmodelmesh,#hash_2bf091f4c30d9f5f
xmodelmesh,#hash_2bf10ed3d203b5c1
xmodelmesh,#hash_2bf4cb55847cc133
xmodelmesh,#hash_2bf65ea753c40870
xmodelmesh,#hash_2bf84343728a8a10
xmodelmesh,#hash_2c03617dbb0f3993
xmodelmesh,#hash_2c0a3240cdebb57d
xmodelmesh,#hash_2c0c32c194e58632
xmodelmesh,#hash_2c106bd7da4b9d21
xmodelmesh,#hash_2c10ec1348633dfe
xmodelmesh,#hash_2c140e94a2cb9997
xmodelmesh,d#hash_2c165c9cd844c453
xmodelmesh,#hash_2c16ed760517328d
xmodelmesh,#hash_2c19e4629d8567a8
xmodelmesh,#hash_2c20d277a5e68498
xmodelmesh,#hash_2c225fde94ce5590
xmodelmesh,#hash_2c2534e5c2fa5c92
xmodelmesh,#hash_2c26bf5bdec26c13
xmodelmesh,#hash_2c3288e77153a566
xmodelmesh,#hash_2c35421e95017d80
xmodelmesh,#hash_2c362f77828bdbce
xmodelmesh,#hash_2c390c824b692fbb
xmodelmesh,#hash_2c3aa4cf4449f436
xmodelmesh,#hash_2c44f5a1642a9a68
xmodelmesh,#hash_2c47f7262c678f99
xmodelmesh,#hash_2c4b44b8ab0da652
xmodelmesh,#hash_2c4d1232212bc91f
xmodelmesh,#hash_2c4f07d169f8a13e
xmodelmesh,#hash_2c581481a7a14c64
xmodelmesh,#hash_2c5eb6d07575c2a7
xmodelmesh,#hash_2c5f8f5f855c2488
xmodelmesh,#hash_2c5f8fc6031ff093
xmodelmesh,#hash_2c619dfa7ec4dbd0
xmodelmesh,#hash_2c66f9fc10c8ebb1
xmodelmesh,#hash_2c6eee443ab43a5f
xmodelmesh,#hash_2c71027f8b631af2
xmodelmesh,d#hash_2c75858eac4f6a7d
xmodelmesh,#hash_2c7cc2f5e4db2b99
xmodelmesh,#hash_2c7ce98af17e382f
xmodelmesh,#hash_2c80a7d0716bd28e
xmodelmesh,#hash_2c872ce7830cf26f
xmodelmesh,#hash_2c877a420359e32d
xmodelmesh,#hash_2c87be2288dadb69
xmodelmesh,#hash_2c88d9094976329e
xmodelmesh,#hash_2c8d967ebb862ff3
xmodelmesh,#hash_2c9243adefccc741
xmodelmesh,#hash_2c9c8a25eec51dff
xmodelmesh,#hash_2c9f4819eb68b615
xmodelmesh,#hash_2c9fb1a72f56b480
xmodelmesh,#hash_2ca66a9e7b3c047b
xmodelmesh,#hash_2ca7168a0e7da499
xmodelmesh,#hash_2ca8cae68d960cd3
xmodelmesh,#hash_2cafbf8b42a4fca0
xmodelmesh,#hash_2cb1dd59512c6eec
xmodelmesh,#hash_2cb2b0156f73f611
xmodelmesh,#hash_2cb5eb68f33c9a74
xmodelmesh,#hash_2cc2cf3cc97ad051
xmodelmesh,#hash_2cc2cf929d9d61e5
xmodelmesh,#hash_2cc97542bee65527
xmodelmesh,#hash_2cca575d459ac127
xmodelmesh,#hash_2cce5043ab7417a5
xmodelmesh,#hash_2cd297488d278b32
xmodelmesh,#hash_2cd926c99eac71b5
xmodelmesh,#hash_2ce833b5da7a5d45
xmodelmesh,#hash_2ce927a19a2fe35d
xmodelmesh,#hash_2cefc844f81c0581
xmodelmesh,#hash_2cf049941aef5630
xmodelmesh,#hash_2cf23ddab172dd1c
xmodelmesh,#hash_2cf46b3ab6ab51e9
xmodelmesh,#hash_2cf5c041eef265b4
xmodelmesh,#hash_2cf6b55e859bf0d9
xmodelmesh,#hash_2cfd1efd16db929b
xmodelmesh,#hash_2cff686f0c55a7a8
xmodelmesh,#hash_2d015335f08776c4
xmodelmesh,#hash_2d09d47f89f713d7
xmodelmesh,#hash_2d0e237ea9a49cf4
xmodelmesh,#hash_2d13b4e7372f5ab7
xmodelmesh,#hash_2d14c0414887e90a
xmodelmesh,#hash_2d1618d63eca295b
xmodelmesh,#hash_2d19beb89dec2ef4
xmodelmesh,#hash_2d1a44ff19241d9e
xmodelmesh,#hash_2d1e163979fff8bd
xmodelmesh,#hash_2d22a934cb0cb28d
xmodelmesh,#hash_2d29394020854d9c
xmodelmesh,#hash_2d3996617f6e6092
xmodelmesh,#hash_2d3b5dc4a6713f58
xmodelmesh,#hash_2d3f18c759bf301e
xmodelmesh,#hash_2d3f49648454a665
xmodelmesh,#hash_2d401f5d1beec78a
xmodelmesh,#hash_2d40eeeffbd68851
xmodelmesh,#hash_2d43ca2e665ea8a6
xmodelmesh,#hash_2d455663058c6af2
xmodelmesh,#hash_2d4f4262b115b215
xmodelmesh,#hash_2d527bafb5250b29
xmodelmesh,#hash_2d52fd1a3dcab423
xmodelmesh,#hash_2d5b0b5b8db3d508
xmodelmesh,#hash_2d5cfce1c80ad362
xmodelmesh,#hash_2d5fe2154d1e9e65
xmodelmesh,#hash_2d610ee4c58bee56
xmodelmesh,#hash_2d63c446722f41b2
xmodelmesh,#hash_2d6489540fbe8aea
xmodelmesh,#hash_2d7373d0bfaa44ea
xmodelmesh,#hash_2d764708fa12792d
xmodelmesh,#hash_2d7661a540715179
xmodelmesh,#hash_2d7e4e8c36bda5cc
xmodelmesh,#hash_2d89ffe147f68db2
xmodelmesh,#hash_2d8e71507bb30e97
xmodelmesh,#hash_2d97d2da2244c945
xmodelmesh,#hash_2d994b483bce6961
xmodelmesh,#hash_2d9ea2310499f889
xmodelmesh,#hash_2d9f7993f935937e
xmodelmesh,#hash_2d9ff512ef894d13
xmodelmesh,#hash_2da1e0a4c0b49e58
xmodelmesh,#hash_2da993861c79fb73
xmodelmesh,#hash_2dac9385b6b67098
xmodelmesh,#hash_2daf865f7499e1b3
xmodelmesh,#hash_2db2fa3bcbbc4823
xmodelmesh,#hash_2dbaa250b74c0e3e
xmodelmesh,#hash_2dbbfc2fcd22c323
xmodelmesh,#hash_2dbf85a36c137a9a
xmodelmesh,#hash_2dc0d533a9d36095
xmodelmesh,#hash_2dc3fec86725f053
xmodelmesh,#hash_2dc7dbd0a9ba2517
xmodelmesh,#hash_2dccc140c21023d1
xmodelmesh,#hash_2dcefe69b3f9e349
xmodelmesh,#hash_2dd067a10b0542d7
xmodelmesh,#hash_2dd462988df1d71b
xmodelmesh,#hash_2dd9e51ece010a82
xmodelmesh,#hash_2dda75698f550ac7
xmodelmesh,#hash_2de26f5f2b5f671b
xmodelmesh,#hash_2defc22dd2bb189d
xmodelmesh,#hash_2df124a27957fc26
xmodelmesh,#hash_2df3974abec1f739
xmodelmesh,#hash_2df7c09da769f86e
xmodelmesh,#hash_2dfe2a9f6ba97eb9
xmodelmesh,#hash_2e02c8337400b795
xmodelmesh,#hash_2e046238c55a1136
xmodelmesh,#hash_2e04b4cfc08d8aaa
xmodelmesh,#hash_2e09a3e09072ebf0
xmodelmesh,#hash_2e09dc36be49a38a
xmodelmesh,#hash_2e0df6f249030b3b
xmodelmesh,#hash_2e0fb5a53effa3da
xmodelmesh,d#hash_2e17d96fd12dc508
xmodelmesh,#hash_2e1aaadc5ac0c1b7
xmodelmesh,#hash_2e1b4a2294b919f5
xmodelmesh,#hash_2e1b98b56846551b
xmodelmesh,#hash_2e1ea3b23dd5d11c
xmodelmesh,#hash_2e244928ceb7438d
xmodelmesh,#hash_2e2d323bc5c40279
xmodelmesh,#hash_2e39d874f5282055
xmodelmesh,#hash_2e3a7edd6673f74b
xmodelmesh,#hash_2e3e6d87df3a9559
xmodelmesh,#hash_2e49e3fe0b376733
xmodelmesh,#hash_2e4dbbb557c842f1
xmodelmesh,#hash_2e4dde9c0378022c
xmodelmesh,#hash_2e4ed7339fc27a26
xmodelmesh,#hash_2e514324f9fad6b7
xmodelmesh,#hash_2e53daee92e96dcf
xmodelmesh,#hash_2e594688c60ea2c5
xmodelmesh,#hash_2e67c417334859a2
xmodelmesh,#hash_2e680819eb8f1493
xmodelmesh,#hash_2e697dff986645f7
xmodelmesh,#hash_2e69afc042bbaf57
xmodelmesh,#hash_2e6f0d5c2c6ac9e3
xmodelmesh,#hash_2e78a549ee24a1d7
xmodelmesh,#hash_2e79019111c01f23
xmodelmesh,#hash_2e7f07aa62633afd
xmodelmesh,#hash_2e83815f1b93abae
xmodelmesh,#hash_2e8418eb15fb50a6
xmodelmesh,d#hash_2e8a2bec7252abae
xmodelmesh,#hash_2e98d3d4911cc82e
xmodelmesh,#hash_2e98e29741e448a0
xmodelmesh,#hash_2e9c01380c6119f3
xmodelmesh,#hash_2ea4aa69c91aa610
xmodelmesh,#hash_2ea7ef26bdc7041b
xmodelmesh,#hash_2eab2f28c858c187
xmodelmesh,d#hash_2eab7f3df534a307
xmodelmesh,#hash_2eac14ce3930ea98
xmodelmesh,#hash_2eac8d1a52f336a6
xmodelmesh,#hash_2ead27b2663b93cf
xmodelmesh,#hash_2eaf345d5ea1f4b0
xmodelmesh,#hash_2eb4c4302cf8abb6
xmodelmesh,#hash_2eb535f739a359b7
xmodelmesh,#hash_2eb93a67341f0f3a
xmodelmesh,#hash_2eb9847ae21415e9
xmodelmesh,#hash_2ebe5f356000d0e4
xmodelmesh,#hash_2ec93c8ee80fc8f0
xmodelmesh,#hash_2ecce7a2acfa0809
xmodelmesh,#hash_2ed1b8b5c06490a6
xmodelmesh,#hash_2ed45af785c2c84d
xmodelmesh,#hash_2ed66c84bcea4af8
xmodelmesh,#hash_2ed76297db9d4d32
xmodelmesh,#hash_2ee2225802ab6220
xmodelmesh,#hash_2ee2339aaa6cb191
xmodelmesh,#hash_2ee509bd1fe4aa86
xmodelmesh,#hash_2ee519639dc4c73d
xmodelmesh,#hash_2ee57669129974bb
xmodelmesh,#hash_2ee7eb9b1d3edde2
xmodelmesh,#hash_2eed82e746e77350
xmodelmesh,#hash_2eefc898ffa7e426
xmodelmesh,#hash_2ef0cd4cf1ef215f
xmodelmesh,#hash_2ef14e447f738b62
xmodelmesh,#hash_2ef4b63d028cef3c
xmodelmesh,d#hash_2ef70c7d697121df
xmodelmesh,#hash_2efbd3ef62d41849
xmodelmesh,#hash_2efd3b823a130559
xmodelmesh,#hash_2f0050fdcb10a2ab
xmodelmesh,#hash_2f01578f455b79d2
xmodelmesh,#hash_2f06521b9c06b784
xmodelmesh,#hash_2f087d1ee3bcd0b1
xmodelmesh,#hash_2f16ca1c2263319d
xmodelmesh,#hash_2f248efe392f2cec
xmodelmesh,#hash_2f28a3dd814aa622
xmodelmesh,#hash_2f2c037a45c0e334
xmodelmesh,#hash_2f2c1265b290a1d0
xmodelmesh,#hash_2f2c9561bf150f17
xmodelmesh,#hash_2f2ef4d979e9497c
xmodelmesh,#hash_2f46f7adcad2cd73
xmodelmesh,#hash_2f49b4edf5bf3c26
xmodelmesh,#hash_2f4a27faecc8e2ea
xmodelmesh,#hash_2f4b0aed65eee038
xmodelmesh,#hash_2f50a9e4af3622e2
xmodelmesh,#hash_2f519d9bfa2dfce1
xmodelmesh,#hash_2f52059d835abd0e
xmodelmesh,d#hash_2f522440690bc76e
xmodelmesh,#hash_2f53252935b8e749
xmodelmesh,#hash_2f5849c2eef39a0a
xmodelmesh,#hash_2f58abd728b4b895
xmodelmesh,#hash_2f59b17774281fb5
xmodelmesh,#hash_2f5bbfbd8f96fa2d
xmodelmesh,#hash_2f636bfc899ca8f8
xmodelmesh,#hash_2f696a709c6fd30c
xmodelmesh,#hash_2f6a4773e951f58a
xmodelmesh,#hash_2f70c9f32c93e523
xmodelmesh,#hash_2f774353dc32d8a2
xmodelmesh,#hash_2f7eda406ffc72fd
xmodelmesh,#hash_2f81217fb447d0ac
xmodelmesh,#hash_2f84fd749e5fbb69
xmodelmesh,#hash_2f89243bcd8eb52f
xmodelmesh,#hash_2f8b79cbd4e99966
xmodelmesh,#hash_2f8bc1dbc6cebac0
xmodelmesh,#hash_2f8ee65f60a56c7c
xmodelmesh,#hash_2f979f0a896da7c7
xmodelmesh,#hash_2f98188fa3c238b4
xmodelmesh,#hash_2f991606c29778e5
xmodelmesh,#hash_2f9bf841d180bbc1
xmodelmesh,#hash_2f9d7ce12c520725
xmodelmesh,#hash_2fa2968a7d5e99c0
xmodelmesh,#hash_2fa38ee7b0f150cc
xmodelmesh,#hash_2fa74984b1259d85
xmodelmesh,#hash_2fb3c4299e0255ee
xmodelmesh,#hash_2fb732bee4ce0fe4
xmodelmesh,#hash_2fbbed681567e489
xmodelmesh,#hash_2fc8c85c31942fb6
xmodelmesh,#hash_2fd9805862a2f840
xmodelmesh,#hash_2fe18c8084647068
xmodelmesh,#hash_2fe2285e748c89c8
xmodelmesh,#hash_2fe6c2c7bafdb3d8
xmodelmesh,#hash_2fea0e23b5db4dcf
xmodelmesh,#hash_2ff19fc376ee0e36
xmodelmesh,#hash_2ff69e27d4d46303
xmodelmesh,#hash_2ff77d0832e17355
xmodelmesh,#hash_2ffe61bc8eb0221b
xmodelmesh,#hash_3008b0e6fb043142
xmodelmesh,d#hash_30098cad0499ffcd
xmodelmesh,#hash_300c648f9ffbc574
xmodelmesh,#hash_300c9e11be8473ba
xmodelmesh,#hash_3012307e12afed20
xmodelmesh,#hash_301e97eefb97152e
xmodelmesh,#hash_3021ce68591e9953
xmodelmesh,#hash_302b26979a6b7e5b
xmodelmesh,d#hash_302c679a5fbda044
xmodelmesh,#hash_302ddb02c651f0ee
xmodelmesh,#hash_3030e0cf59862c92
xmodelmesh,#hash_3032a74e1090e00b
xmodelmesh,#hash_3037f3c62873c4f6
xmodelmesh,#hash_30403f4a6a56bf6d
xmodelmesh,#hash_30447c84871440cd
xmodelmesh,d#hash_304569e5dc49aacc
xmodelmesh,#hash_304836d1fb827623
xmodelmesh,#hash_304b930031463bd7
xmodelmesh,#hash_304e83483d240df7
xmodelmesh,#hash_305064ad6aca0bbf
xmodelmesh,#hash_3051969c033d089b
xmodelmesh,#hash_3053d0fc2621f6ab
xmodelmesh,#hash_3056b9573a90a015
xmodelmesh,d#hash_305ed8a40cdab2c2
xmodelmesh,#hash_305f9962be8724f1
xmodelmesh,#hash_3066c119ebe5f88f
xmodelmesh,#hash_3067e6ad60f516d6
xmodelmesh,#hash_3069fd955e59be35
xmodelmesh,#hash_306a66e59028de8b
xmodelmesh,#hash_306ba07fff58c397
xmodelmesh,#hash_306bf324101aec33
xmodelmesh,#hash_306dce82e96df91b
xmodelmesh,#hash_306f69cf9cbd869a
xmodelmesh,#hash_307286cbc79d50a0
xmodelmesh,#hash_3076b40a6c7cda62
xmodelmesh,#hash_3076d0f8c3c32d57
xmodelmesh,#hash_307bb735e59146f4
xmodelmesh,#hash_307fa6bc8a16eaf5
xmodelmesh,#hash_3081538cf0ec0d7a
xmodelmesh,#hash_3086b71d718e137c
xmodelmesh,#hash_308813304c609cad
xmodelmesh,#hash_3089d1180fb57d9f
xmodelmesh,#hash_308a22bcd032631d
xmodelmesh,#hash_308beb8f8ef5204a
xmodelmesh,#hash_308cbe2320e5f8da
xmodelmesh,#hash_30911fe8a2b50b20
xmodelmesh,#hash_3091428d45e619ce
xmodelmesh,d#hash_3092d2c4bf6c090e
xmodelmesh,#hash_3094878fe5aa8072
xmodelmesh,#hash_3095e1a2b94a40bb
xmodelmesh,#hash_3096436215a0354c
xmodelmesh,#hash_3097b8a2bcdba22e
xmodelmesh,#hash_3098a2b536c9ee63
xmodelmesh,#hash_30a1a617b314b521
xmodelmesh,#hash_30a37baf66ebf231
xmodelmesh,#hash_30a4d4441b42c595
xmodelmesh,#hash_30a678f2734c01bc
xmodelmesh,#hash_30a7a63bd8376e16
xmodelmesh,#hash_30abb15b30731089
xmodelmesh,#hash_30ad29f15dabb864
xmodelmesh,#hash_30b0b17e78e97cce
xmodelmesh,#hash_30bbaee0a7044ed1
xmodelmesh,#hash_30bead061319eb7f
xmodelmesh,#hash_30c0388240337946
xmodelmesh,#hash_30c9009311c54631
xmodelmesh,#hash_30d00a5342ca24fb
xmodelmesh,#hash_30d3107225cd724b
xmodelmesh,#hash_30d43ac0b10c13d2
xmodelmesh,#hash_30dc2e4e24ffec3a
xmodelmesh,#hash_30e15637c6929d29
xmodelmesh,#hash_30e1c401af1a37d3
xmodelmesh,#hash_30e3c31f5ed4805b
xmodelmesh,#hash_30e727e0cbe8b335
xmodelmesh,#hash_30e819d74d53dd64
xmodelmesh,#hash_30eab7a4b9100108
xmodelmesh,#hash_30eb667dfc54f47b
xmodelmesh,#hash_30ec42b751775d7a
xmodelmesh,#hash_30ee813b500a10c2
xmodelmesh,#hash_30f6ed65d09fedd8
xmodelmesh,#hash_30fb2388215900a6
xmodelmesh,#hash_3102499b9241b4e3
xmodelmesh,#hash_310ab2465ae053f6
xmodelmesh,#hash_3112432e365fb64f
xmodelmesh,#hash_3116b59ae29199a7
xmodelmesh,#hash_312bd2b430aab86f
xmodelmesh,#hash_312be934a15a675e
xmodelmesh,#hash_31303a9675e01bb3
xmodelmesh,#hash_313326ff91ee90d1
xmodelmesh,#hash_31387408f5540791
xmodelmesh,#hash_3138e3f28e53eeb5
xmodelmesh,#hash_3139e323e853eea6
xmodelmesh,#hash_313e15dfe9eb78fe
xmodelmesh,d#hash_3143b046a2b9f020
xmodelmesh,#hash_3146b5395b8c380a
xmodelmesh,#hash_3147108d202e22b7
xmodelmesh,#hash_315075a8d7debc45
xmodelmesh,#hash_3150d4f0cc497e44
xmodelmesh,#hash_3158fb73ae0b9413
xmodelmesh,#hash_315a777c80e85e40
xmodelmesh,#hash_3161736bb2f32ef1
xmodelmesh,#hash_3163893f99700c2a
xmodelmesh,#hash_3164160d2cf1d41d
xmodelmesh,#hash_31666453fb80f72c
xmodelmesh,d#hash_31686379bc913c32
xmodelmesh,#hash_31696f85b5e8fb02
xmodelmesh,#hash_316eda54c75707fb
xmodelmesh,#hash_317399fb0dc69d78
xmodelmesh,#hash_3178b60199671600
xmodelmesh,#hash_31866b8f42f9155e
xmodelmesh,#hash_318f2bc3bf7a23a0
xmodelmesh,#hash_3191304d02934a39
xmodelmesh,#hash_3194ee74c82bebf1
xmodelmesh,#hash_31982a6f755f9b15
xmodelmesh,#hash_319d762ddbdb9526
xmodelmesh,#hash_319d842e53d83c23
xmodelmesh,#hash_319dccd4c605b04d
xmodelmesh,#hash_31a17430cf53af2e
xmodelmesh,#hash_31a2b9a2c41ebccd
xmodelmesh,#hash_31a7facc8dd1abdc
xmodelmesh,#hash_31a98db93ac4c578
xmodelmesh,#hash_31b2b163901b9812
xmodelmesh,#hash_31b7387da18e2abc
xmodelmesh,#hash_31b9ca785c6bc330
xmodelmesh,#hash_31ba26fdad1b3997
xmodelmesh,#hash_31c08f234af0cc7f
xmodelmesh,#hash_31c5179909875b72
xmodelmesh,#hash_31c55f9dd43fa3f8
xmodelmesh,#hash_31c5def2fc31d8b3
xmodelmesh,#hash_31c79e8d651cbc08
xmodelmesh,#hash_31c7f4789316350a
xmodelmesh,#hash_31c9a034a8717f0d
xmodelmesh,#hash_31d0a6321b132f07
xmodelmesh,#hash_31d2edcf3853c70d
xmodelmesh,#hash_31d338d7bb4ba367
xmodelmesh,#hash_31da08ddaa6bf15f
xmodelmesh,#hash_31e04226018ce794
xmodelmesh,#hash_31e75258d81271c7
xmodelmesh,#hash_31ecc9fb1958472a
xmodelmesh,#hash_31ed1074f27e397c
xmodelmesh,#hash_31f2aef5f2236d5c
xmodelmesh,#hash_31f3a1d1f8887f56
xmodelmesh,#hash_31f52f0a14d9bd68
xmodelmesh,#hash_31f693311492bd37
xmodelmesh,#hash_31f727a327009faf
xmodelmesh,#hash_31f8f5d8a51df94a
xmodelmesh,#hash_31fc711d74200fbb
xmodelmesh,#hash_31fcde6f14344d41
xmodelmesh,#hash_31fd96708c87e67e
xmodelmesh,#hash_32004c57621f8e8c
xmodelmesh,#hash_3206db45109bf603
xmodelmesh,#hash_3208987e312398cf
xmodelmesh,#hash_320d31e869ccbba4
xmodelmesh,#hash_321019fe1c9d7a7a
xmodelmesh,#hash_3210f7a0f9808b32
xmodelmesh,#hash_321416cf94ffa970
xmodelmesh,d#hash_322440ede7da89dc
xmodelmesh,#hash_32257df3648da114
xmodelmesh,#hash_322929b0f6df1439
xmodelmesh,#hash_322d94762e9a3d5a
xmodelmesh,#hash_322f8483763aa652
xmodelmesh,#hash_322fc1489d950363
xmodelmesh,#hash_323107d4f23e0dfc
xmodelmesh,#hash_32365abe813bdc03
xmodelmesh,#hash_324a98985c462ab8
xmodelmesh,#hash_3251947a02438646
xmodelmesh,#hash_3253ff6be441eca9
xmodelmesh,#hash_32616b8a8f5dfc1b
xmodelmesh,#hash_32674dd2175f9b49
xmodelmesh,#hash_32677fd4b2b84097
xmodelmesh,#hash_326c2fd128fbb096
xmodelmesh,#hash_326d41a9bccb4a4d
xmodelmesh,#hash_3270d62152a515ed
xmodelmesh,#hash_3271847e562a4ffb
xmodelmesh,#hash_327cd849cd675e04
xmodelmesh,#hash_327cd95f9574b80b
xmodelmesh,#hash_327e02157dca5304
xmodelmesh,#hash_3282da08640dbd1e
xmodelmesh,d#hash_328c017f4f2d8e29
xmodelmesh,#hash_328c4c204a0bed34
xmodelmesh,#hash_328e3b8362990fae
xmodelmesh,#hash_328ffc34d8af2baf
xmodelmesh,#hash_3290e99538e29c71
xmodelmesh,#hash_3297159f7b1e60dc
xmodelmesh,#hash_329a099d36744962
xmodelmesh,#hash_329f9dbe7f4d2e03
xmodelmesh,d#hash_32a3bfc6d446049d
xmodelmesh,#hash_32a3cde7a642f03d
xmodelmesh,#hash_32a6c06f91e20a05
xmodelmesh,#hash_32a7b48fe8609d30
xmodelmesh,#hash_32a9b7b1f88b72e5
xmodelmesh,#hash_32b2b79b888ed3cb
xmodelmesh,#hash_32b645db437e670e
xmodelmesh,#hash_32b934773d939ab8
xmodelmesh,#hash_32b9d919f3247be8
xmodelmesh,#hash_32bd16170579f48d
xmodelmesh,#hash_32be8da8e32d2f02
xmodelmesh,#hash_32bec530dd7351e1
xmodelmesh,#hash_32c729685e6067fa
xmodelmesh,#hash_32c9670e516990c2
xmodelmesh,#hash_32caf698ad0ee683
xmodelmesh,#hash_32cd669ebf751331
xmodelmesh,#hash_32d229c29ef88423
xmodelmesh,#hash_32d44fe64b97d493
xmodelmesh,#hash_32d4736c5da5f32b
xmodelmesh,#hash_32d79c950d9c96f9
xmodelmesh,#hash_32dc5d52674c9bbc
xmodelmesh,#hash_32e04c63edf44a4f
xmodelmesh,#hash_32e1af3e42ecf08e
xmodelmesh,#hash_32e2e54d8c867632
xmodelmesh,#hash_32e753ccee81ec39
xmodelmesh,#hash_32e85299a7be377d
xmodelmesh,#hash_32ebf89f8037061f
xmodelmesh,#hash_32fbd93d95b9f2f4
xmodelmesh,#hash_32fde016dfafd2aa
xmodelmesh,#hash_330266ca50984ebe
xmodelmesh,#hash_3308106800620133
xmodelmesh,#hash_3309fa123bf3901c
xmodelmesh,#hash_330a9e08ba5616ee
xmodelmesh,#hash_330ac026fe2564b5
xmodelmesh,#hash_331375a79e5f8488
xmodelmesh,#hash_331ae7fd88bf2021
xmodelmesh,#hash_331d5bfe037ac949
xmodelmesh,#hash_331f3ceb9d5163a4
xmodelmesh,#hash_33240c1e2364c18b
xmodelmesh,#hash_332749b3588ac894
xmodelmesh,#hash_332839b869b48078
xmodelmesh,#hash_332fe168604130ff
xmodelmesh,#hash_333387f2f1c9f377
xmodelmesh,#hash_3336a6a346bb98cf
xmodelmesh,#hash_333f417d91422062
xmodelmesh,#hash_333f5326852f583b
xmodelmesh,#hash_3340b5a6635c9f67
xmodelmesh,#hash_3345ce36413dc5b7
xmodelmesh,#hash_334c3b03bc2cc523
xmodelmesh,#hash_334ded3471b9f80d
xmodelmesh,#hash_3356eb9473228f35
xmodelmesh,#hash_3360c3d3302958fc
xmodelmesh,#hash_33683f0aa205f808
xmodelmesh,#hash_33712914499581dc
xmodelmesh,#hash_3373acac5f22d02e
xmodelmesh,#hash_337ec91475f3d06f
xmodelmesh,#hash_33819e772d74b20c
xmodelmesh,#hash_3381f8bb69847c63
xmodelmesh,#hash_33836fd6a63dd960
xmodelmesh,#hash_3384eb2db9a2651e
xmodelmesh,#hash_33877a45fc2971d0
xmodelmesh,#hash_338c0d72af00c79a
xmodelmesh,#hash_339764c361b2fd00
xmodelmesh,#hash_3399821f0f32d1c7
xmodelmesh,#hash_339a2cc467c23052
xmodelmesh,#hash_339a417b1ef34df4
xmodelmesh,#hash_339aff91c301ea9a
xmodelmesh,#hash_33a4729f86651f87
xmodelmesh,#hash_33a6a292876cbf9e
xmodelmesh,#hash_33a6b3dea1d8153f
xmodelmesh,#hash_33a81bb69f72b6f3
xmodelmesh,#hash_33aecde2bf47e489
xmodelmesh,#hash_33b60fb18749ce09
xmodelmesh,#hash_33b68fad1228ef77
xmodelmesh,#hash_33b9e40fc8fe5ca5
xmodelmesh,#hash_33bf6f5826c8afd8
xmodelmesh,#hash_33c4dc899d09e55d
xmodelmesh,#hash_33c59812750f2029
xmodelmesh,#hash_33c6e6e2368d6d00
xmodelmesh,#hash_33caae948298b554
xmodelmesh,#hash_33ce24db683e4df2
xmodelmesh,#hash_33d0479139a17c0f
xmodelmesh,#hash_33d127fed6ca7429
xmodelmesh,#hash_33d92e4971738525
xmodelmesh,#hash_33dd48028de7f971
xmodelmesh,#hash_33dd94bafc1baa78
xmodelmesh,#hash_33df50e5dd2efed7
xmodelmesh,#hash_33e3cdbb9fcb2ffe
xmodelmesh,#hash_33e6fcaa8fb26158
xmodelmesh,#hash_33efad1d769fc32c
xmodelmesh,#hash_33f01a628b67f6a3
xmodelmesh,#hash_33f7d9d140a6099e
xmodelmesh,#hash_33fe1f9e3e602468
xmodelmesh,#hash_33fef0e1d74695cb
xmodelmesh,#hash_340113cf1a664120
xmodelmesh,#hash_3401a3309381588a
xmodelmesh,#hash_3403cad31215ccdb
xmodelmesh,#hash_340bffad8d9b44ae
xmodelmesh,#hash_34123e0d6443bf57
xmodelmesh,#hash_341692549f5a6863
xmodelmesh,#hash_3417a99563d30367
xmodelmesh,#hash_341f77880f3c65b7
xmodelmesh,#hash_3420ab2c79845117
xmodelmesh,#hash_34243534e8154f78
xmodelmesh,#hash_3426d1cd7840d7f8
xmodelmesh,#hash_3426e00f4bd7f1e3
xmodelmesh,#hash_342bc000907776fb
xmodelmesh,#hash_342c5cd2a31d7cb6
xmodelmesh,#hash_342d022687314424
xmodelmesh,#hash_342eaa75e1972b34
xmodelmesh,#hash_342f7e7bd78446de
xmodelmesh,#hash_3439bdfa566d39bf
xmodelmesh,#hash_34413571b4a85198
xmodelmesh,#hash_3445b48354f2f0ff
xmodelmesh,#hash_3446bb0ff59394e8
xmodelmesh,#hash_34472faa0783615a
xmodelmesh,#hash_344b509474e0476a
xmodelmesh,#hash_344ca5894c951ebf
xmodelmesh,#hash_344e9ebd520469da
xmodelmesh,#hash_345605fdaaa62599
xmodelmesh,#hash_34586c85b860239e
xmodelmesh,#hash_345c1f33522170b9
xmodelmesh,#hash_345c75f349d39417
xmodelmesh,#hash_345eb80ff352d58c
xmodelmesh,d#hash_346667a20c702dd3
xmodelmesh,#hash_34685d92c264ed7e
xmodelmesh,#hash_346e3ecc63fde0c1
xmodelmesh,#hash_346f762119cfc39e
xmodelmesh,#hash_347265959d6a22ff
xmodelmesh,#hash_3479b8e6aa831be6
xmodelmesh,#hash_347d5330c6f968cd
xmodelmesh,#hash_348480c8dfc80f69
xmodelmesh,#hash_34882bf887c9d1a5
xmodelmesh,#hash_348cabb533e50332
xmodelmesh,d#hash_34960ce983f5cc0f
xmodelmesh,#hash_349a65690857c6f1
xmodelmesh,#hash_349ea188fe110994
xmodelmesh,#hash_34a719d65c6dfdb6
xmodelmesh,#hash_34acb49b94666dff
xmodelmesh,#hash_34ae83a8ba3dfd25
xmodelmesh,d#hash_34af39accaddb1a1
xmodelmesh,#hash_34b03953d8c082e0
xmodelmesh,#hash_34b43912b341eab2
xmodelmesh,#hash_34b7009fbc78785e
xmodelmesh,#hash_34b7a63c3a7683a2
xmodelmesh,#hash_34b8cd7ab90e327b
xmodelmesh,#hash_34ba20e31171ec48
xmodelmesh,#hash_34bc5a216c3486ff
xmodelmesh,#hash_34bda5eb307bc33c
xmodelmesh,#hash_34be13dc226f7356
xmodelmesh,#hash_34c7401f43b5cadf
xmodelmesh,#hash_34cf1d7370d286a9
xmodelmesh,#hash_34d10881325cdefc
xmodelmesh,#hash_34d17fbdd3c79a5a
xmodelmesh,#hash_34d39038756aa7e9
xmodelmesh,#hash_34d7478f39a9b17b
xmodelmesh,#hash_34d8e9966f7af893
xmodelmesh,#hash_34dd1e87a4c73e29
xmodelmesh,#hash_34e185dda70ec9da
xmodelmesh,#hash_34e31e4596cf7c77
xmodelmesh,#hash_34e474e1e8c6686d
xmodelmesh,#hash_34e783b8b8151144
xmodelmesh,#hash_34eeb8de46756d2a
xmodelmesh,#hash_34fc2bb67912e09d
xmodelmesh,#hash_34fd0726140dd257
xmodelmesh,#hash_34fd41978cf799db
xmodelmesh,#hash_350161aedf641b25
xmodelmesh,#hash_350b032e8324b74f
xmodelmesh,#hash_351157229a312c6c
xmodelmesh,#hash_3516825c160e5bb1
xmodelmesh,#hash_351967d624907bf4
xmodelmesh,#hash_351b21e5accc3b66
xmodelmesh,#hash_351e42f8f11fa911
xmodelmesh,#hash_35206e31f663c2a7
xmodelmesh,#hash_3522eda621dbea8b
xmodelmesh,#hash_35282fc48619c9b0
xmodelmesh,#hash_352a4cc95762d990
xmodelmesh,#hash_3538283a37224d8e
xmodelmesh,#hash_353ca48a9b94b8fe
xmodelmesh,#hash_353d2805d0579562
xmodelmesh,#hash_35408da293b5481b
xmodelmesh,#hash_35431e492af6543f
xmodelmesh,#hash_3545b8417e84f10c
xmodelmesh,#hash_354f65413a1af53c
xmodelmesh,#hash_355029f3b0679da1
xmodelmesh,#hash_3550cbfb8dcb5f77
xmodelmesh,#hash_3556327a0a417305
xmodelmesh,#hash_3559510a64e8d811
xmodelmesh,#hash_355c0045802d5f35
xmodelmesh,#hash_355c6969361e928c
xmodelmesh,#hash_355c95d386df96b3
xmodelmesh,#hash_355f9b247380247d
xmodelmesh,#hash_356151b4458e479b
xmodelmesh,#hash_3562db218f592656
xmodelmesh,#hash_356d0e2ad169d132
xmodelmesh,#hash_3573944a0ec9dc12
xmodelmesh,#hash_35778f3401608b0a
xmodelmesh,#hash_357db1bdb4fb9042
xmodelmesh,#hash_357ec8410b3ee654
xmodelmesh,#hash_3583091181e8cf49
xmodelmesh,#hash_3583d058f0e81da4
xmodelmesh,#hash_358f2f029007c718
xmodelmesh,#hash_358fb2c631da0429
xmodelmesh,#hash_359044b2be027101
xmodelmesh,#hash_35922eb62c635666
xmodelmesh,#hash_3593b1fad24019c6
xmodelmesh,#hash_359a0b42a9cacc4e
xmodelmesh,#hash_359a93477a51d4d5
xmodelmesh,#hash_35a2663217ac88bb
xmodelmesh,#hash_35a2b006c7b4cc03
xmodelmesh,#hash_35a797b922651f2c
xmodelmesh,#hash_35a950098aeb95e5
xmodelmesh,#hash_35aa3349f50b5278
xmodelmesh,#hash_35aa3d84f6a59a1b
xmodelmesh,#hash_35af5bbdf31b0863
xmodelmesh,#hash_35b0f8b001d5d68e
xmodelmesh,#hash_35b95c31b65ac60c
xmodelmesh,#hash_35bc1b42b03554b0
xmodelmesh,#hash_35bcbb5df4c19ebf
xmodelmesh,#hash_35bd00f2c354f87b
xmodelmesh,#hash_35c24688758acd90
xmodelmesh,#hash_35c47a3fb21c40d1
xmodelmesh,#hash_35c75d1e7742fba7
xmodelmesh,#hash_35ca4fdf3137696e
xmodelmesh,#hash_35d0d1a45cab1444
xmodelmesh,#hash_35d6642d6b656194
xmodelmesh,#hash_35d7f27076cbc8bf
xmodelmesh,#hash_35dccf2d33a7854d
xmodelmesh,#hash_35dcdaf102b005ae
xmodelmesh,#hash_35e2d0c872fee46a
xmodelmesh,#hash_35e3c1e39b14f996
xmodelmesh,#hash_35ea87a5979ca88a
xmodelmesh,#hash_35eb61c54480a75e
xmodelmesh,#hash_35ec39664b5bb8aa
xmodelmesh,#hash_35ee19ab5ea2b319
xmodelmesh,#hash_35ef1b25ec2e30d4
xmodelmesh,#hash_35f8a617a2501aef
xmodelmesh,d#hash_35fbc6f5778b7138
xmodelmesh,#hash_3601b58e706992cf
xmodelmesh,#hash_3601dba3911d70a4
xmodelmesh,#hash_36047ced0dab5bc2
xmodelmesh,#hash_360768b2ee9016c9
xmodelmesh,#hash_360c262820ba05c7
xmodelmesh,#hash_360ef1fe84d2e23c
xmodelmesh,#hash_36139be03ba5a654
xmodelmesh,#hash_361b37f96d211e7f
xmodelmesh,#hash_361de3bee7b2da65
xmodelmesh,#hash_362749803f45b3ef
xmodelmesh,#hash_362a184e8839857c
xmodelmesh,#hash_362a5654b0422bec
xmodelmesh,#hash_362ca5076fb5c124
xmodelmesh,#hash_362e4542b8d19546
xmodelmesh,#hash_362ea8a8678f08bb
xmodelmesh,#hash_362f979bae1f1698
xmodelmesh,#hash_36354fde7ee3d3a1
xmodelmesh,#hash_363831e1dd625126
xmodelmesh,#hash_363bbaac8de7a167
xmodelmesh,#hash_363c33eb639eb9ba
xmodelmesh,#hash_363e1736f0735acf
xmodelmesh,#hash_364045ec11ae9f25
xmodelmesh,#hash_3642f13dc8a48954
xmodelmesh,#hash_3644c255bcccd669
xmodelmesh,#hash_364c6f114fb0039e
xmodelmesh,#hash_364f80818ac59e20
xmodelmesh,#hash_3651b4ab5a36c538
xmodelmesh,#hash_3657174e3526735e
xmodelmesh,#hash_365b327d2ede0da7
xmodelmesh,#hash_365d5d85a92fbd9f
xmodelmesh,#hash_365ecc687f8a58e7
xmodelmesh,#hash_365f1f718e2c1329
xmodelmesh,#hash_365fb8d9671368bb
xmodelmesh,#hash_36616bb53c1a03d1
xmodelmesh,#hash_3669743e6c50db0d
xmodelmesh,#hash_3669e17df628d924
xmodelmesh,#hash_366c063299e8bdf0
xmodelmesh,#hash_366de2969a6b5a1d
xmodelmesh,#hash_3671342f42d3c3f1
xmodelmesh,#hash_36745e170fe31892
xmodelmesh,#hash_367761613360dc36
xmodelmesh,d#hash_3677f08a66ccf04d
xmodelmesh,#hash_368829842f9996e1
xmodelmesh,#hash_3689a808980d76f3
xmodelmesh,#hash_368b7d9aed478f1f
xmodelmesh,#hash_368bebb1079f5d83
xmodelmesh,#hash_368e9764626c79fd
xmodelmesh,#hash_368ee43e8e62cc31
xmodelmesh,#hash_3698646d4f830ba8
xmodelmesh,d#hash_369a96fae55df6b5
xmodelmesh,#hash_369aded35477ae7f
xmodelmesh,#hash_369bb6c8a008673e
xmodelmesh,#hash_369d853168d62c72
xmodelmesh,#hash_36a8aeb3d21f0711
xmodelmesh,#hash_36add18b52a35832
xmodelmesh,#hash_36af5559caa94e32
xmodelmesh,#hash_36b48b2e7c00d462
xmodelmesh,#hash_36b56e34fa07ee48
xmodelmesh,#hash_36b5e8c3a9bd605a
xmodelmesh,#hash_36b604838530b8ad
xmodelmesh,#hash_36b67d40ead2727d
xmodelmesh,#hash_36bcda9cc0926dd9
xmodelmesh,#hash_36c97a290229bb80
xmodelmesh,#hash_36cf56ed02baa514
xmodelmesh,#hash_36d1bf1d0256c1b2
xmodelmesh,#hash_36d8eca96cc95ce5
xmodelmesh,#hash_36db400d79ac6ba2
xmodelmesh,#hash_36dc504f9643a14b
xmodelmesh,#hash_36e505205a149554
xmodelmesh,#hash_36e9a0fac91b61d7
xmodelmesh,#hash_36ea7d50fc2ab4d2
xmodelmesh,#hash_36eaaf3e5a29443f
xmodelmesh,#hash_36ef37f1df0f8218
xmodelmesh,#hash_36f15922e2489913
xmodelmesh,#hash_36ff3d6cc7f2ae76
xmodelmesh,#hash_3707a41010bd5b2b
xmodelmesh,#hash_371180249e525eef
xmodelmesh,#hash_37141ee31310e4d3
xmodelmesh,#hash_371fc144ecce838e
xmodelmesh,#hash_37224ab94b9133d9
xmodelmesh,#hash_372c934df5d430cf
xmodelmesh,#hash_3730fa6c25464492
xmodelmesh,#hash_37316aa9b83486b0
xmodelmesh,#hash_3731c4bddfe9adef
xmodelmesh,#hash_373662c3779586ba
xmodelmesh,#hash_3739113456b11b16
xmodelmesh,#hash_3740953d87c75b8a
xmodelmesh,d#hash_37420bbf94983415
xmodelmesh,#hash_374999ac6747989e
xmodelmesh,#hash_374ab5b0818be730
xmodelmesh,#hash_37542376a7fadecd
xmodelmesh,#hash_3758d018c0ca8d92
xmodelmesh,#hash_375b4a67b90bf6c4
xmodelmesh,#hash_375d2fe11e2ba914
xmodelmesh,#hash_375eedfd7bf0a1f9
xmodelmesh,#hash_376589aa720c55a9
xmodelmesh,#hash_3767cc5daa7680c1
xmodelmesh,#hash_3771eae152ddeadd
xmodelmesh,#hash_3775a065a3bef106
xmodelmesh,#hash_377b87ddde1f48d1
xmodelmesh,#hash_378146920c1df461
xmodelmesh,#hash_3784458a7889b1d4
xmodelmesh,#hash_378fe2919591a37b
xmodelmesh,#hash_3792c3acf2f44681
xmodelmesh,#hash_379afcfb5c8abcab
xmodelmesh,#hash_37a9ac5114c1daf5
xmodelmesh,#hash_37b24290c6ecc69b
xmodelmesh,#hash_37b362d590bf5760
xmodelmesh,#hash_37b40e15670c9e37
xmodelmesh,#hash_37b4174e10faaa14
xmodelmesh,#hash_37c3e089daff5701
xmodelmesh,#hash_37c937694f945469
xmodelmesh,#hash_37ca3f71fd28968a
xmodelmesh,#hash_37cb577a90ef1c8e
xmodelmesh,d#hash_37ce78e4a7839658
xmodelmesh,#hash_37d1ae580abc1127
xmodelmesh,#hash_37dcd900ae2a2473
xmodelmesh,#hash_37dd3c5f510e918e
xmodelmesh,#hash_37e65932eb4ed06b
xmodelmesh,#hash_37ff00d2d1ec70c6
xmodelmesh,#hash_3817219c8e08aefa
xmodelmesh,#hash_381a7d22a86eb2e9
xmodelmesh,#hash_381f2890330a7458
xmodelmesh,d#hash_38215e259864188d
xmodelmesh,#hash_3823cdef1ef04136
xmodelmesh,#hash_3827446a04d19eae
xmodelmesh,#hash_382e16f6036d2dc3
xmodelmesh,#hash_383160a315ab2f03
xmodelmesh,#hash_3840234ffbcc8b0a
xmodelmesh,d#hash_384718c8536604b4
xmodelmesh,#hash_3850128f7b0063be
xmodelmesh,#hash_3852faf3962f09e6
xmodelmesh,#hash_3853efb105de6e24
xmodelmesh,#hash_385428525c2cef4d
xmodelmesh,#hash_38621a68a23acd52
xmodelmesh,#hash_38658012fefa99e8
xmodelmesh,#hash_3866f965673321d7
xmodelmesh,#hash_386a657a97331c6c
xmodelmesh,#hash_38728d80934e5e04
xmodelmesh,#hash_3872f323619f8fcd
xmodelmesh,#hash_38735ec59d940e86
xmodelmesh,#hash_38741116f25f1e64
xmodelmesh,#hash_38771e773d0519d7
xmodelmesh,#hash_38809317ce34ed64
xmodelmesh,#hash_38828236c1ae8a49
xmodelmesh,#hash_388312a54643e687
xmodelmesh,#hash_38874c6aa379a6e6
xmodelmesh,#hash_388812957d86d396
xmodelmesh,#hash_388b1bd0fa434681
xmodelmesh,#hash_388d8e909a348307
xmodelmesh,#hash_388ebbbaaf0bccea
xmodelmesh,#hash_3891a2e6b2266552
xmodelmesh,#hash_389724f52db0b0c5
xmodelmesh,#hash_389cc09202d03bd7
xmodelmesh,#hash_389f3bb2abfa5343
xmodelmesh,#hash_38a08e803df90fa0
xmodelmesh,#hash_38a10e849bece7d5
xmodelmesh,#hash_38a14aef07194610
xmodelmesh,#hash_38a2dd5d91a68344
xmodelmesh,#hash_38a953109c1f821a
xmodelmesh,#hash_38affb0c43912dd7
xmodelmesh,#hash_38b5398a4e209d8b
xmodelmesh,#hash_38b5e2905f178ab2
xmodelmesh,#hash_38b78a9715ab1b8e
xmodelmesh,#hash_38b797eeec35b465
xmodelmesh,#hash_38b9d40b93e14065
xmodelmesh,#hash_38c02d743719e588
xmodelmesh,#hash_38cb388506e142a9
xmodelmesh,#hash_38cc249281a8d9a5
xmodelmesh,#hash_38d06534140a4bb5
xmodelmesh,#hash_38d6cff0f4b381ab
xmodelmesh,#hash_38dee4b5f3eb4893
xmodelmesh,#hash_38e4508955dc17d1
xmodelmesh,#hash_38ecd9f745d913ba
xmodelmesh,#hash_38f294836685b816
xmodelmesh,#hash_38f30550df1f59a8
xmodelmesh,#hash_38f594faa72b77c4
xmodelmesh,#hash_38f6f4f7b9b67dc0
xmodelmesh,#hash_38f876b119146f76
xmodelmesh,#hash_38fa6cd550d8de70
xmodelmesh,#hash_3901d6f91c315621
xmodelmesh,#hash_390380760a9e90f4
xmodelmesh,#hash_3909fe3e2236eb95
xmodelmesh,#hash_390a11530d327b49
xmodelmesh,#hash_3913f47071e63aba
xmodelmesh,#hash_39187e8cfcdb03ba
xmodelmesh,#hash_3919088635cc75af
xmodelmesh,#hash_3921069d9e45fa44
xmodelmesh,#hash_392132d98c8e1989
xmodelmesh,#hash_39228093f82e818e
xmodelmesh,#hash_3922e819ee834586
xmodelmesh,#hash_392637b9a1c8e40e
xmodelmesh,#hash_392c495d8fe8e172
xmodelmesh,#hash_392c7668a06310fa
xmodelmesh,#hash_392e8e94ff05171a
xmodelmesh,#hash_3930654059412906
xmodelmesh,#hash_3936c08b918ef502
xmodelmesh,#hash_393ad3174e569dc9
xmodelmesh,#hash_393cbe4840c3fbc9
xmodelmesh,#hash_393e0936b17b8de1
xmodelmesh,#hash_3943ec64adac9c1b
xmodelmesh,#hash_39441f7c25cdf57e
xmodelmesh,#hash_3948bcf16faca6f8
xmodelmesh,#hash_394a572093b53b80
xmodelmesh,#hash_394ed000c0920b02
xmodelmesh,#hash_394f1fbc0e999680
xmodelmesh,#hash_3956ffe742e640cf
xmodelmesh,#hash_395cb75201406063
xmodelmesh,#hash_395fc68caa498f80
xmodelmesh,#hash_396063b5cb24fd94
xmodelmesh,#hash_3962b5ed72a104be
xmodelmesh,#hash_3964356cc40506d3
xmodelmesh,#hash_3965205870bedfbd
xmodelmesh,#hash_39656cabbbf9c0c3
xmodelmesh,#hash_3965bf265f9584f0
xmodelmesh,#hash_396896469ed8420a
xmodelmesh,#hash_397181520e6c05af
xmodelmesh,#hash_39759424bdfa3f37
xmodelmesh,#hash_397f9b3acac5f984
xmodelmesh,#hash_398951afd46c2771
xmodelmesh,#hash_398d209e8248986b
xmodelmesh,#hash_398fd65a09288ad2
xmodelmesh,#hash_3990aea0087db96b
xmodelmesh,#hash_3993204362de6ae6
xmodelmesh,#hash_3993b7ab4bdb6f1a
xmodelmesh,#hash_399643e0ad746e39
xmodelmesh,#hash_39a0eaae09d86d60
xmodelmesh,#hash_39a19bbcb0c2210f
xmodelmesh,#hash_39a20750e6554dad
xmodelmesh,#hash_39abf1ea471edf93
xmodelmesh,#hash_39b128e239c9e8ec
xmodelmesh,#hash_39be99492768b722
xmodelmesh,#hash_39c07a49fc441935
xmodelmesh,#hash_39c61828fe968881
xmodelmesh,#hash_39c797b4eee17aba
xmodelmesh,#hash_39c93f09e2374737
xmodelmesh,#hash_39d1100fd6f0c686
xmodelmesh,#hash_39d7671bc6ab957d
xmodelmesh,#hash_39d90d0aa278c230
xmodelmesh,#hash_39d988fbfc16c137
xmodelmesh,#hash_39eb3c6ce2dd9870
xmodelmesh,#hash_39f1fb5db26c43ad
xmodelmesh,#hash_39f4d70628023daf
xmodelmesh,#hash_39f6d1e573c90ea7
xmodelmesh,#hash_39f92e25cdc2f1f3
xmodelmesh,#hash_3a008e2cede4e299
xmodelmesh,#hash_3a01761cc43d0e8f
xmodelmesh,#hash_3a07b9ecbea3b24c
xmodelmesh,#hash_3a0e48c27867f557
xmodelmesh,#hash_3a1184bc7053b02e
xmodelmesh,#hash_3a15478bf2f99060
xmodelmesh,#hash_3a2b6016c87cc2b9
xmodelmesh,#hash_3a32b34db94f73ac
xmodelmesh,#hash_3a34d31695235861
xmodelmesh,#hash_3a3f8cb75b0e6d8a
xmodelmesh,#hash_3a4651260d489676
xmodelmesh,#hash_3a49a51a8b85b232
xmodelmesh,#hash_3a4c90e9d3902d5c
xmodelmesh,#hash_3a4e3e44c3a46d9b
xmodelmesh,#hash_3a4f1ad2fb583a82
xmodelmesh,d#hash_3a4f8930e963800d
xmodelmesh,#hash_3a529217227f8708
xmodelmesh,#hash_3a53385541db6512
xmodelmesh,#hash_3a538b33b61b0a88
xmodelmesh,#hash_3a570a4b28552a22
xmodelmesh,#hash_3a5e36d3a3b73b82
xmodelmesh,#hash_3a63e92df69b8b81
xmodelmesh,#hash_3a66a643f772e55b
xmodelmesh,#hash_3a66df5c031f61c8
xmodelmesh,#hash_3a672bda93fbaecc
xmodelmesh,#hash_3a672d6913e40e47
xmodelmesh,#hash_3a6802b00b5ca673
xmodelmesh,#hash_3a6d95b42dd71911
xmodelmesh,#hash_3a75eb3af799a4b5
xmodelmesh,#hash_3a76c3325705d87d
xmodelmesh,#hash_3a771e26edd10868
xmodelmesh,#hash_3a7c780d4b49df62
xmodelmesh,#hash_3a7ef1c30eae2470
xmodelmesh,#hash_3a82cb1da6e5800c
xmodelmesh,#hash_3a8f68ede35743f0
xmodelmesh,#hash_3a953a8b60c35829
xmodelmesh,#hash_3a95cbd32c2a2534
xmodelmesh,#hash_3aa4bf1e99b5e95b
xmodelmesh,#hash_3aa88c1c7f56ad8c
xmodelmesh,#hash_3aa8cbbdc9c6bda5
xmodelmesh,#hash_3aaf15b178394ce5
xmodelmesh,#hash_3ab2da1f0f600d24
xmodelmesh,#hash_3ab35dc0c694c706
xmodelmesh,#hash_3ab56b3c36e74432
xmodelmesh,#hash_3ab6fd3247283f32
xmodelmesh,#hash_3abbce5b191b6a38
xmodelmesh,#hash_3abcfc0e085c60b3
xmodelmesh,#hash_3abfcfc00a880218
xmodelmesh,#hash_3ac10987ea78cb75
xmodelmesh,#hash_3ac3d067d7760e91
xmodelmesh,#hash_3ac412b229d1a660
xmodelmesh,#hash_3ac5ca0e1532dfc5
xmodelmesh,#hash_3aca6be34c068965
xmodelmesh,#hash_3ad45ab931d4fce9
xmodelmesh,#hash_3ad4e86e3e90bef7
xmodelmesh,#hash_3ad61fc746df2738
xmodelmesh,#hash_3ad6f14606a4c285
xmodelmesh,#hash_3ad8885c65663be0
xmodelmesh,#hash_3ae291e6314dbd16
xmodelmesh,#hash_3ae8bb523c5fec58
xmodelmesh,#hash_3aebed4402029f08
xmodelmesh,#hash_3aecef05e551a030
xmodelmesh,#hash_3aef9f56b2ad3de7
xmodelmesh,#hash_3af0417564c15920
xmodelmesh,#hash_3af7576d81f2bea0
xmodelmesh,#hash_3af8c5d04546cd75
xmodelmesh,#hash_3afc3319681887b2
xmodelmesh,#hash_3affcca9afd9b8e9
xmodelmesh,#hash_3b0935850467aeec
xmodelmesh,#hash_3b1074ac74beeb9f
xmodelmesh,#hash_3b15b99318c3f8ae
xmodelmesh,#hash_3b18922e1b867ece
xmodelmesh,#hash_3b1ea6058d2cbf09
xmodelmesh,#hash_3b213c3f505284e9
xmodelmesh,#hash_3b2d7ac78313efaf
xmodelmesh,#hash_3b2f2acf376ab0cd
xmodelmesh,#hash_3b2f56eb8ad95db0
xmodelmesh,#hash_3b315af6505be554
xmodelmesh,#hash_3b316a22187965db
xmodelmesh,#hash_3b398d8ee84dce49
xmodelmesh,#hash_3b3b3a3b4d10ad89
xmodelmesh,#hash_3b3bdcd1d3743496
xmodelmesh,#hash_3b41e0f7d7ec3aca
xmodelmesh,#hash_3b4234a09880e0f3
xmodelmesh,#hash_3b47c3ad8d307ee6
xmodelmesh,#hash_3b48271c9b3f9a3c
xmodelmesh,#hash_3b4887ab05320476
xmodelmesh,#hash_3b4ac2b2620e9537
xmodelmesh,#hash_3b59081a883c3ab8
xmodelmesh,#hash_3b5f3bda574c1906
xmodelmesh,#hash_3b61d1dba81923b9
xmodelmesh,#hash_3b658a72f71663ab
xmodelmesh,#hash_3b6d00afed62dd7e
xmodelmesh,#hash_3b71cd7bad4d1d61
xmodelmesh,#hash_3b7f6241845d8c76
xmodelmesh,d#hash_3b84cac6c9645ac1
xmodelmesh,#hash_3b8bbae8626b72e8
xmodelmesh,#hash_3b8e6306cc36de21
xmodelmesh,#hash_3b96311c330a3ceb
xmodelmesh,#hash_3b96b11cae733569
xmodelmesh,#hash_3b97150aabb63638
xmodelmesh,#hash_3b99ffd33ac30e44
xmodelmesh,#hash_3b9a7d24cc24787b
xmodelmesh,#hash_3b9bfed7a8fcc72b
xmodelmesh,#hash_3b9d89f30194b5a2
xmodelmesh,#hash_3b9f8a7eadf4ce03
xmodelmesh,#hash_3ba081eaca98a04c
xmodelmesh,#hash_3ba3b35d026bad75
xmodelmesh,#hash_3ba6bed3bba53769
xmodelmesh,#hash_3bac30fa647dd29b
xmodelmesh,#hash_3badcda4f5171a72
xmodelmesh,#hash_3bae43ae5fe15872
xmodelmesh,#hash_3baf60f41e4b77da
xmodelmesh,#hash_3baf631ff465ec21
xmodelmesh,#hash_3bb14cad709677c5
xmodelmesh,#hash_3bba716ef2a7302b
xmodelmesh,#hash_3bbdb1b99cfa8cb7
xmodelmesh,#hash_3bbded9ed8f81274
xmodelmesh,#hash_3bc79c40ad8cffa8
xmodelmesh,#hash_3bcbb56d86b67560
xmodelmesh,#hash_3bcce32153968324
xmodelmesh,#hash_3bd3166870fceb19
xmodelmesh,#hash_3bd472a5b4fc6b84
xmodelmesh,#hash_3bda305fbc3b486c
xmodelmesh,#hash_3bdb8ee047e44a1e
xmodelmesh,#hash_3bdc14fc0f663c9c
xmodelmesh,#hash_3bdc4cab54c0969d
xmodelmesh,#hash_3be6d6ec608b5ff3
xmodelmesh,#hash_3be80c96c7728819
xmodelmesh,#hash_3bf1bac0a98c4dee
xmodelmesh,#hash_3bf9450b4bfc675e
xmodelmesh,#hash_3bfcec288dbfa32e
xmodelmesh,#hash_3c0701eb051352e5
xmodelmesh,#hash_3c08f05e618b7dc4
xmodelmesh,#hash_3c0bdc22b102fff6
xmodelmesh,#hash_3c0cae233491bc48
xmodelmesh,#hash_3c0ccb0de423ad6b
xmodelmesh,#hash_3c0e9aa2262053fe
xmodelmesh,#hash_3c1f19ad8bd02ce4
xmodelmesh,#hash_3c20159fc3fdc055
xmodelmesh,#hash_3c216571310d1422
xmodelmesh,#hash_3c33f40d528a3d42
xmodelmesh,#hash_3c34fdb5c079cb83
xmodelmesh,#hash_3c39ae9406199f61
xmodelmesh,#hash_3c3a197d87fd9f94
xmodelmesh,#hash_3c3d58fcf0226f1d
xmodelmesh,#hash_3c473a73face7f46
xmodelmesh,#hash_3c4832ce2f586f51
xmodelmesh,#hash_3c4aaf86d49cb0d1
xmodelmesh,#hash_3c4c81d53b77e5f6
xmodelmesh,#hash_3c4e1ff8a142ce58
xmodelmesh,#hash_3c535f5fcd578a66
xmodelmesh,#hash_3c5afedb0e0ed624
xmodelmesh,#hash_3c5f6a9cc6b4745f
xmodelmesh,#hash_3c6d8ce73eba0ce6
xmodelmesh,#hash_3c6e2cca64eef5c4
xmodelmesh,#hash_3c724575dafcf7e8
xmodelmesh,#hash_3c72898c9d7f221c
xmodelmesh,#hash_3c741c552f5da069
xmodelmesh,#hash_3c74d6693340b9fb
xmodelmesh,#hash_3c769dca3a09d032
xmodelmesh,#hash_3c776334ce483570
xmodelmesh,#hash_3c7e8b090229e801
xmodelmesh,#hash_3c80a352821e2b92
xmodelmesh,#hash_3c80d15589ae7e8b
xmodelmesh,d#hash_3c8e069c82e30cb5
xmodelmesh,#hash_3c8ecba706a6dd5d
xmodelmesh,#hash_3c91c4d6816b5646
xmodelmesh,#hash_3c97e4c0b0d495a4
xmodelmesh,d#hash_3c9a59b00a7b1a01
xmodelmesh,#hash_3c9a5e1ad0e2f890
xmodelmesh,d#hash_3c9f7292a102b016
xmodelmesh,d#hash_3ca4c2eb3a74f97d
xmodelmesh,#hash_3ca66184a80a93b8
xmodelmesh,#hash_3ca68bf6d0c9640e
xmodelmesh,#hash_3cacf2705520a398
xmodelmesh,d#hash_3cad0b03efd7b181
xmodelmesh,#hash_3cb348b6a805bfda
xmodelmesh,#hash_3cb8abbbd0964249
xmodelmesh,#hash_3cbbb869979beae6
xmodelmesh,#hash_3cbdb8526fd5c926
xmodelmesh,#hash_3cc2c1bcee361b6b
xmodelmesh,#hash_3cc4c3ad637e9bf3
xmodelmesh,#hash_3cc70b4d605a9a2c
xmodelmesh,#hash_3cc76bf454ee7bd3
xmodelmesh,#hash_3cc90c644be84787
xmodelmesh,#hash_3cca970265f480e0
xmodelmesh,#hash_3ccfa91978103c4c
xmodelmesh,#hash_3cd19db1730fca32
xmodelmesh,#hash_3cd64b9b426b1f6c
xmodelmesh,#hash_3cd772f056ad7c85
xmodelmesh,#hash_3cdf233a14731546
xmodelmesh,#hash_3ce2ee7c88069214
xmodelmesh,#hash_3cea480c87ce15b8
xmodelmesh,#hash_3cebfd2aa35e16f9
xmodelmesh,#hash_3cedc66ed72ca6ad
xmodelmesh,#hash_3cf00fc2158c8cd9
xmodelmesh,#hash_3cf06b1f55840987
xmodelmesh,#hash_3cf62d9f9526d99f
xmodelmesh,#hash_3cfbf0a1f75805ad
xmodelmesh,#hash_3cffbbf5446a2099
xmodelmesh,#hash_3d03002fb8f0c480
xmodelmesh,#hash_3d05d3a95ff21973
xmodelmesh,#hash_3d0c31982bd3a0d7
xmodelmesh,#hash_3d19c15bbcf89e08
xmodelmesh,#hash_3d1e8da377962103
xmodelmesh,#hash_3d1f9a8a8ffd08d7
xmodelmesh,#hash_3d20c884f8a095fb
xmodelmesh,#hash_3d253d119dab929f
xmodelmesh,#hash_3d25e91e0ae8b311
xmodelmesh,#hash_3d26719bbb408b4b
xmodelmesh,d#hash_3d26f680cb725382
xmodelmesh,#hash_3d27b636aa326491
xmodelmesh,#hash_3d2b5147bd595cb8
xmodelmesh,#hash_3d320c4036a65d1d
xmodelmesh,#hash_3d3294a8040dc583
xmodelmesh,#hash_3d357d1bd0560630
xmodelmesh,#hash_3d3bbbbcebea8666
xmodelmesh,#hash_3d3f70df0dffe019
xmodelmesh,#hash_3d4df12a2f7ef617
xmodelmesh,#hash_3d4fc9e2447e20ab
xmodelmesh,#hash_3d5033d2fa529809
xmodelmesh,#hash_3d5081ceb241b2f7
xmodelmesh,#hash_3d5c616ec4855003
xmodelmesh,#hash_3d5c9fa57da40de3
xmodelmesh,#hash_3d6c325cb1e874ba
xmodelmesh,#hash_3d71285de40f2b54
xmodelmesh,#hash_3d808c1c0b83f053
xmodelmesh,#hash_3d83f82e97fe3cd4
xmodelmesh,#hash_3d8502b62cfccbc8
xmodelmesh,#hash_3d86ab5289ea4030
xmodelmesh,#hash_3d898fb2059e6d42
xmodelmesh,#hash_3d8fba33aeb9771c
xmodelmesh,#hash_3d8fee1c541be1af
xmodelmesh,#hash_3d91594ce08cef8c
xmodelmesh,#hash_3d93f27fd22bd19d
xmodelmesh,#hash_3d974afb17c40f56
xmodelmesh,#hash_3d99c597179df332
xmodelmesh,#hash_3d9c655275b622d0
xmodelmesh,#hash_3d9dc5e29c56dbd4
xmodelmesh,#hash_3d9df1280ad581e0
xmodelmesh,#hash_3da1ab5889a3ca51
xmodelmesh,#hash_3da822374eec01dd
xmodelmesh,#hash_3dad3d2e594fc6cf
xmodelmesh,#hash_3dad624d14f6245a
xmodelmesh,#hash_3db1d1413a5e5354
xmodelmesh,#hash_3db65fe9f75b4175
xmodelmesh,#hash_3db787c417e25760
xmodelmesh,#hash_3db90ee54a083c2f
xmodelmesh,#hash_3dc185b79ff3e38e
xmodelmesh,#hash_3dc74a93f1842789
xmodelmesh,#hash_3dce3dc2bd88c160
xmodelmesh,#hash_3dd51373b8f7d080
xmodelmesh,#hash_3ddf5be78ce7fa48
xmodelmesh,#hash_3ddfaf9375eff834
xmodelmesh,#hash_3de0d3f78e37e62f
xmodelmesh,#hash_3de0e0a6ebad9220
xmodelmesh,#hash_3de87630f5c90b8e
xmodelmesh,#hash_3defeac250181955
xmodelmesh,#hash_3df0824453b8f12c
xmodelmesh,#hash_3df22c86362d7984
xmodelmesh,#hash_3df4c1aca4b53c46
xmodelmesh,#hash_3df53294f046d638
xmodelmesh,#hash_3df798fe75d394fa
xmodelmesh,#hash_3dfcc9dd63cd16c7
xmodelmesh,#hash_3dfec976bd039aec
xmodelmesh,#hash_3dfeca59fd4ec865
xmodelmesh,#hash_3e0b003d8c23f3dc
xmodelmesh,#hash_3e13ecfbf49bbd2b
xmodelmesh,#hash_3e166007deeba0cc
xmodelmesh,#hash_3e1f063978be53bf
xmodelmesh,#hash_3e2077b43f474c8b
xmodelmesh,#hash_3e21104ee9c38879
xmodelmesh,#hash_3e22431441dd2d3d
xmodelmesh,#hash_3e25b40464c1fa00
xmodelmesh,#hash_3e286f39318226b4
xmodelmesh,#hash_3e2ef952ed6121c1
xmodelmesh,#hash_3e30caad14a07cc2
xmodelmesh,#hash_3e32c421f2e96741
xmodelmesh,#hash_3e36d01ff5682393
xmodelmesh,#hash_3e39120b95b96869
xmodelmesh,#hash_3e3be7315b89ae7e
xmodelmesh,#hash_3e3fc28ec20f58bf
xmodelmesh,#hash_3e43183fcf7bbf67
xmodelmesh,#hash_3e471f00d38c9c51
xmodelmesh,#hash_3e4866dcfbcebc04
xmodelmesh,#hash_3e48d472c3dceea8
xmodelmesh,#hash_3e4e1c751285f4a9
xmodelmesh,#hash_3e4e2d4b6555923a
xmodelmesh,#hash_3e4f60a96e14a5b9
xmodelmesh,#hash_3e4fd6f61ef07968
xmodelmesh,#hash_3e4ffaacd111e0b3
xmodelmesh,#hash_3e563d888c64db82
xmodelmesh,#hash_3e56df1a87844573
xmodelmesh,#hash_3e5ab4b5c6c31636
xmodelmesh,#hash_3e5c1256d3fc3482
xmodelmesh,#hash_3e5e16c3584d57ab
xmodelmesh,#hash_3e65ceead0446397
xmodelmesh,#hash_3e680211d39659a7
xmodelmesh,#hash_3e6b85548f54ce99
xmodelmesh,#hash_3e7102d2581a8b49
xmodelmesh,#hash_3e76b10da3b7d84a
xmodelmesh,#hash_3e79a57df3788a1e
xmodelmesh,#hash_3e7db42c7839c67e
xmodelmesh,#hash_3e803df089329b92
xmodelmesh,#hash_3e8109426c9de7f2
xmodelmesh,#hash_3e81fbcbb2110c7f
xmodelmesh,#hash_3e82e84df2c4d141
xmodelmesh,#hash_3e860e627b5283d0
xmodelmesh,#hash_3e89425e472a1eb0
xmodelmesh,#hash_3e8b818973a58dd3
xmodelmesh,#hash_3e8fb7bfaf9aa39b
xmodelmesh,#hash_3e9a1ab623f23819
xmodelmesh,#hash_3e9df8c85e21afb9
xmodelmesh,d#hash_3e9ec344caf9e5b8
xmodelmesh,#hash_3ea0908418849e3a
xmodelmesh,#hash_3ea1d318012eb8f4
xmodelmesh,#hash_3ea6096457aee141
xmodelmesh,#hash_3ea6f7f1f399ead4
xmodelmesh,#hash_3ea80edb7187d46f
xmodelmesh,#hash_3ea95fb8b9fe69e9
xmodelmesh,#hash_3eab67c6adaacab8
xmodelmesh,#hash_3eb34315e81c5305
xmodelmesh,#hash_3eb619ffcb3219fd
xmodelmesh,#hash_3eb7dee50bfdd541
xmodelmesh,#hash_3eb8a23a05fb0015
xmodelmesh,#hash_3ebb04782141cd6f
xmodelmesh,d#hash_3ebb7f5f423966ac
xmodelmesh,#hash_3ec2776e68faf522
xmodelmesh,#hash_3ec36c7ddc3333a5
xmodelmesh,#hash_3ec7e3c1da605718
xmodelmesh,#hash_3eca3734068b41d4
xmodelmesh,#hash_3ed0df6df1738fe1
xmodelmesh,#hash_3ed10f1b6e547ff7
xmodelmesh,#hash_3edad9c764b2fa52
xmodelmesh,#hash_3edd9aa625a008d3
xmodelmesh,#hash_3ee954a67f6b2b34
xmodelmesh,#hash_3eefdc7739d4627e
xmodelmesh,#hash_3ef4d1799a5ab48b
xmodelmesh,#hash_3efebbe6fc1b6698
xmodelmesh,#hash_3f02dd1ed434c4ba
xmodelmesh,#hash_3f0683621c3846d8
xmodelmesh,#hash_3f0cce401b3403a1
xmodelmesh,#hash_3f11c88119c2efc0
xmodelmesh,#hash_3f1fc3335c99d886
xmodelmesh,#hash_3f25edf89ffe4782
xmodelmesh,#hash_3f2a45eb4e52602e
xmodelmesh,#hash_3f2d578d92284746
xmodelmesh,#hash_3f385a76b78dca72
xmodelmesh,#hash_3f3963d9ded35ecc
xmodelmesh,#hash_3f3b9ca401a433e3
xmodelmesh,#hash_3f3e13c23cfda0af
xmodelmesh,#hash_3f3e6e15658e5702
xmodelmesh,#hash_3f40cd604b4f7f7b
xmodelmesh,#hash_3f4813a18a9539e5
xmodelmesh,#hash_3f5316202ef250b7
xmodelmesh,#hash_3f59782ebdc1ab71
xmodelmesh,#hash_3f6242d62e8f820e
xmodelmesh,#hash_3f63a43e478f86cf
xmodelmesh,#hash_3f63f379f9bc9e4d
xmodelmesh,#hash_3f6649651d5d3106
xmodelmesh,#hash_3f669900b913d295
xmodelmesh,#hash_3f6ac6158fafb895
xmodelmesh,#hash_3f737d96fee07808
xmodelmesh,#hash_3f74a25519bdc7c2
xmodelmesh,#hash_3f75e28c385fb272
xmodelmesh,#hash_3f86254d7fcbea44
xmodelmesh,#hash_3f87dcb3e0ee7d66
xmodelmesh,#hash_3f908c7743e690b1
xmodelmesh,#hash_3f9412a291a52c20
xmodelmesh,#hash_3f9623768fc31ad1
xmodelmesh,#hash_3f9ab1921fed16f1
xmodelmesh,d#hash_3f9ce35dddf302ae
xmodelmesh,#hash_3fa1144c72930144
xmodelmesh,#hash_3fa74559e336bb24
xmodelmesh,#hash_3fa866d7058295ef
xmodelmesh,#hash_3fa9ea407caeff37
xmodelmesh,#hash_3fad67b747fd342a
xmodelmesh,#hash_3fb0f09e3dd242c5
xmodelmesh,#hash_3fb299f2188841e1
xmodelmesh,#hash_3fbce9ad89570e07
xmodelmesh,#hash_3fbdce24b5d719e8
xmodelmesh,#hash_3fc79bfcce999894
xmodelmesh,#hash_3fcda546527cb96f
xmodelmesh,#hash_3fd18e7539a1ad35
xmodelmesh,#hash_3fd333ac0e5fbd9c
xmodelmesh,#hash_3fd4670af82f6f5b
xmodelmesh,#hash_3fdfe816bac55b64
xmodelmesh,#hash_3fe08f4877f276aa
xmodelmesh,#hash_3fe1ad0c4340fdc5
xmodelmesh,#hash_3fe314b74545f6b3
xmodelmesh,#hash_3fe36de5cc383fd6
xmodelmesh,#hash_3fe3bd823b69af18
xmodelmesh,#hash_3fede3922ed63cac
xmodelmesh,#hash_3fefdb00a8322ff5
xmodelmesh,#hash_3ff2c18ead43057e
xmodelmesh,#hash_3ffbc3915a3e1c28
xmodelmesh,#hash_40000b32f98f6f60
xmodelmesh,#hash_400c3ba5eca0d1bb
xmodelmesh,#hash_401087e86a582758
xmodelmesh,#hash_4012f4c72db81a7b
xmodelmesh,#hash_4013042b956764ad
xmodelmesh,#hash_401e4a81be60982d
xmodelmesh,#hash_402014323027a278
xmodelmesh,#hash_402f1e609c2efbf1
xmodelmesh,#hash_402f3d1880d38de7
xmodelmesh,#hash_4030af4de945acd3
xmodelmesh,#hash_4030bfd40b285451
xmodelmesh,#hash_4032bd7c2981a769
xmodelmesh,#hash_4035a1683fb0ee25
xmodelmesh,#hash_403cc8f0af8b4436
xmodelmesh,#hash_403d99a09ba37862
xmodelmesh,#hash_403e243bc197f1ea
xmodelmesh,#hash_4042e1da1935ac8f
xmodelmesh,#hash_4044ca865a956bbc
xmodelmesh,#hash_404d79ba674df478
xmodelmesh,#hash_4051c16cdd934e05
xmodelmesh,#hash_40570246f7afc9c7
xmodelmesh,#hash_4058b3fdddf7d92e
xmodelmesh,#hash_405ab6ec80d3948d
xmodelmesh,#hash_405ce95c2130597d
xmodelmesh,#hash_405d3b7b8c1419f3
xmodelmesh,#hash_405f649ad59d1e59
xmodelmesh,#hash_4065c0fb240d53b6
xmodelmesh,#hash_4068f043a1bd159c
xmodelmesh,#hash_406df251ad1dff34
xmodelmesh,#hash_4072678ade49a392
xmodelmesh,#hash_4072e1fa0f399e1c
xmodelmesh,#hash_4074cc1ab6c6f320
xmodelmesh,#hash_4076c27db6cbc2a2
xmodelmesh,#hash_40770c998dca269a
xmodelmesh,#hash_407e28f421123bc5
xmodelmesh,#hash_4086846628fab207
xmodelmesh,#hash_408b896aba3d9451
xmodelmesh,#hash_408bd9b7eb67f518
xmodelmesh,#hash_408c2b3a86880fc5
xmodelmesh,#hash_408fb4fe9845434f
xmodelmesh,#hash_4093a6ea852b12dc
xmodelmesh,#hash_409815db4c42aa6b
xmodelmesh,d#hash_409c423a506884cf
xmodelmesh,#hash_409ceffd719cff3c
xmodelmesh,#hash_40a060e8f85f0f00
xmodelmesh,#hash_40a11f49dbb0fcaa
xmodelmesh,#hash_40a5eab356b6c984
xmodelmesh,#hash_40aa8c83d0f08e45
xmodelmesh,#hash_40aefc710bc8b9a5
xmodelmesh,#hash_40b2f8f0a6f0ef8f
xmodelmesh,#hash_40b9ec3286e84313
xmodelmesh,#hash_40c44b3c9dddd019
xmodelmesh,#hash_40ce4120ae08e227
xmodelmesh,d#hash_40d071dccb0ebf21
xmodelmesh,#hash_40dfdd7f3ad4dcca
xmodelmesh,#hash_40e2d6651cc2b41f
xmodelmesh,#hash_40e8b227ec41d4fc
xmodelmesh,#hash_40edc4caa4430cf0
xmodelmesh,#hash_40f363cd9ad534b7
xmodelmesh,#hash_40fb70752731ab98
xmodelmesh,#hash_40ff062a0c018955
xmodelmesh,#hash_41028098eb8f4cc3
xmodelmesh,#hash_41079c489b4f855b
xmodelmesh,#hash_410a1134efd624d3
xmodelmesh,#hash_411587ac579fb672
xmodelmesh,#hash_411652e3ed007d61
xmodelmesh,#hash_4116ca3f97816ac6
xmodelmesh,#hash_411a51ab5869cca1
xmodelmesh,#hash_411afd4d3d53eee1
xmodelmesh,#hash_411f75f75ebacc7c
xmodelmesh,#hash_411fa573a65a7580
xmodelmesh,#hash_41200f64b67b1092
xmodelmesh,#hash_41216852d4b6a47f
xmodelmesh,#hash_412a1aa28eb6c674
xmodelmesh,#hash_4131ee232470fc81
xmodelmesh,#hash_41326b95c8dd8658
xmodelmesh,#hash_413add10845bc9c8
xmodelmesh,#hash_413e18eec0fc0a40
xmodelmesh,#hash_414b9dff7c1c33f3
xmodelmesh,#hash_414ceaa45f7c4717
xmodelmesh,#hash_415216d99163298c
xmodelmesh,#hash_415450b5fadb30c6
xmodelmesh,#hash_4155dbee3f933c96
xmodelmesh,#hash_415699300e9c98f2
xmodelmesh,#hash_4156dcc247fa3d8d
xmodelmesh,#hash_41585bfea81bfb32
xmodelmesh,#hash_415a107eced1a69f
xmodelmesh,#hash_415a867ae509f85a
xmodelmesh,#hash_415c1b187b3f9045
xmodelmesh,#hash_415c1dbfeafcb6bc
xmodelmesh,#hash_4160ed05808d9434
xmodelmesh,#hash_416509544aeaae2f
xmodelmesh,#hash_4167a7dc92c3e18d
xmodelmesh,#hash_416887489b8c6843
xmodelmesh,#hash_416acf12397b82f7
xmodelmesh,#hash_416ced5559779c0a
xmodelmesh,#hash_416ed7e18421dccf
xmodelmesh,#hash_416fa1432802362a
xmodelmesh,#hash_417492480fee4db7
xmodelmesh,#hash_417ed8b9103d2e9b
xmodelmesh,#hash_417ef71a642a43b1
xmodelmesh,#hash_417f474b7fc7f36f
xmodelmesh,#hash_41803ef3fcb9f6fe
xmodelmesh,#hash_4181cccbebf8af94
xmodelmesh,#hash_4185352f733f87ba
xmodelmesh,#hash_419480e0c0c2c93b
xmodelmesh,#hash_41969b936407dc8a
xmodelmesh,#hash_419a89b41490e156
xmodelmesh,#hash_419af5ed37990e1c
xmodelmesh,#hash_41a2cf1d4b8b2db3
xmodelmesh,#hash_41a553f9d2dbcd57
xmodelmesh,#hash_41a6caf0f270de94
xmodelmesh,#hash_41bdfbabe50b99da
xmodelmesh,#hash_41c4d7bffb0fd41d
xmodelmesh,#hash_41c71674e3bc33c2
xmodelmesh,#hash_41c798d1b4b8804a
xmodelmesh,#hash_41d0664fe2b40ea0
xmodelmesh,#hash_41d0a689ec00d589
xmodelmesh,#hash_41d1a6d44304b3c6
xmodelmesh,#hash_41d243c94a106a75
xmodelmesh,#hash_41d4bd6ce9ccad2b
xmodelmesh,#hash_41d4c07d099d7cae
xmodelmesh,#hash_41d4fd48356abfa4
xmodelmesh,#hash_41dcc0d978b0f959
xmodelmesh,#hash_41def1455d7daa88
xmodelmesh,#hash_41e36b44a86babdc
xmodelmesh,#hash_41eb8f1d85313ab5
xmodelmesh,#hash_41ee0edd6b24a48b
xmodelmesh,#hash_41f93d8204b34da7
xmodelmesh,#hash_4205d19a87113820
xmodelmesh,#hash_420cedb551b3aaf6
xmodelmesh,#hash_420fb06c893b2f7f
xmodelmesh,#hash_42114f0794d3ae64
xmodelmesh,#hash_42125fef6b2b10f0
xmodelmesh,#hash_4214b322eca259f9
xmodelmesh,#hash_42184d69b4528e04
xmodelmesh,#hash_42195d56beb71f7f
xmodelmesh,#hash_421af0256c93b187
xmodelmesh,#hash_421b688af24f97a0
xmodelmesh,#hash_421bd628d50619e1
xmodelmesh,#hash_421e5a4c86bc7799
xmodelmesh,#hash_4224041ae80e444b
xmodelmesh,#hash_422a9e9cf0fbd29e
xmodelmesh,#hash_42329da9d85b1fd7
xmodelmesh,#hash_423a815a58f6e174
xmodelmesh,#hash_423aaf5f0fc29a74
xmodelmesh,#hash_423c863fefec0237
xmodelmesh,#hash_424fb461681ed98a
xmodelmesh,#hash_4251847563f4183c
xmodelmesh,d#hash_42636fb0ddc28b5f
xmodelmesh,#hash_4264724dab5e9dcc
xmodelmesh,#hash_426859e05d22d316
xmodelmesh,#hash_426911d235f4ffd5
xmodelmesh,#hash_426c51a0bad92ae8
xmodelmesh,#hash_427324d9a2f521d1
xmodelmesh,#hash_4275537c3531d6cb
xmodelmesh,#hash_427573298d227551
xmodelmesh,#hash_42765df897be1e01
xmodelmesh,#hash_427a9afb462b5c49
xmodelmesh,#hash_427b8a6b4271ad48
xmodelmesh,#hash_427c9cc43a47a0cb
xmodelmesh,#hash_4281c388c844d51a
xmodelmesh,#hash_42828783fab19567
xmodelmesh,d#hash_4285207c8cf3f6cc
xmodelmesh,#hash_428dcad8c8717d2a
xmodelmesh,#hash_428fd8f6f4656775
xmodelmesh,#hash_4290a774c372dcd1
xmodelmesh,#hash_4293bec64ac90cb5
xmodelmesh,#hash_4298d3a47e27befa
xmodelmesh,#hash_429e7cdbc55d203b
xmodelmesh,#hash_429f860f90997607
xmodelmesh,#hash_42a851e98a18c7da
xmodelmesh,#hash_42a8df010693c3f8
xmodelmesh,#hash_42ab4fc97bc3a361
xmodelmesh,#hash_42ac2c7dccd8c129
xmodelmesh,#hash_42b913b484712cbc
xmodelmesh,#hash_42bac9537ed96606
xmodelmesh,#hash_42be20a5d767b78c
xmodelmesh,#hash_42c97515b9d4de2f
xmodelmesh,#hash_42c9acf77aaa44d7
xmodelmesh,#hash_42c9ce0cb19e9e7c
xmodelmesh,#hash_42cd61644267990e
xmodelmesh,#hash_42d3e1ab6a05ed81
xmodelmesh,#hash_42d76850ad504356
xmodelmesh,#hash_42d7ac3e85891ae9
xmodelmesh,#hash_42db2c50ca9624af
xmodelmesh,#hash_42dd3a07994cbe3b
xmodelmesh,#hash_42dd6e9574a24259
xmodelmesh,#hash_42e1cc8ce2bfe2eb
xmodelmesh,#hash_42e8e83ff4d6a9b7
xmodelmesh,#hash_42e958a80e329094
xmodelmesh,#hash_42ef9b7be95d388a
xmodelmesh,#hash_42f3512c7422bfea
xmodelmesh,#hash_42f36e81c64af616
xmodelmesh,#hash_42f597cd459e0c7f
xmodelmesh,#hash_42ff28ada8d48bff
xmodelmesh,#hash_43045b30d1c45a39
xmodelmesh,#hash_4305f1838709e5c7
xmodelmesh,#hash_4307ddbc83316fb5
xmodelmesh,#hash_430ca4ddfdd45401
xmodelmesh,#hash_430f259fa96d770d
xmodelmesh,#hash_430f36c8d8d97708
xmodelmesh,d#hash_431708d578a1a1f0
xmodelmesh,d#hash_4319db6a0a886ed6
xmodelmesh,#hash_431ac95daea4f559
xmodelmesh,#hash_431b398145acfdfa
xmodelmesh,#hash_431ce2752b831e04
xmodelmesh,#hash_431fc1a5db01f130
xmodelmesh,#hash_43200dea713e0e5c
xmodelmesh,#hash_43213fdf500aa9de
xmodelmesh,#hash_4322ce3aacc1c04d
xmodelmesh,#hash_432411eb164f2f89
xmodelmesh,#hash_43266ce030097e2e
xmodelmesh,#hash_4328aad2b691f38e
xmodelmesh,#hash_432a1b29dc7ef3f4
xmodelmesh,#hash_432cecf97fba3760
xmodelmesh,#hash_432d23a2e3dcddbf
xmodelmesh,#hash_432d4832deb655d6
xmodelmesh,#hash_433467feb8720464
xmodelmesh,#hash_433492dd148fe26d
xmodelmesh,#hash_433768f5d4f1bed9
xmodelmesh,#hash_434c00aa789e706f
xmodelmesh,#hash_434c5bc9c189a0d7
xmodelmesh,#hash_4358dcaf84596b48
xmodelmesh,#hash_4359f846929ceca9
xmodelmesh,#hash_435a580ee3c45747
xmodelmesh,#hash_435a9fd3083270eb
xmodelmesh,#hash_435f5d92514fe8a4
xmodelmesh,#hash_43627adc9fa9d4e1
xmodelmesh,#hash_4362f0be8f5ea604
xmodelmesh,#hash_4367e8bf945031af
xmodelmesh,#hash_436a1497027c9859
xmodelmesh,#hash_436a6165a7c878b3
xmodelmesh,#hash_436ccdef8390819b
xmodelmesh,#hash_436cff938788622b
xmodelmesh,#hash_436e88d43552781a
xmodelmesh,#hash_43704579151c8351
xmodelmesh,#hash_4377e48f042f2450
xmodelmesh,#hash_4379234f6f0ddb14
xmodelmesh,#hash_437e8e26ee0e33c7
xmodelmesh,#hash_4386a488c8e65af7
xmodelmesh,d#hash_4387393842043a73
xmodelmesh,#hash_4394ecfc8fb67082
xmodelmesh,#hash_43970adafbc0efa8
xmodelmesh,#hash_439a37a972a476a7
xmodelmesh,#hash_439b1ed6bdcd88b2
xmodelmesh,#hash_439b31bdeb8d2965
xmodelmesh,#hash_439de724edcd71f1
xmodelmesh,#hash_439ff97de3990526
xmodelmesh,#hash_43a854dff873397a
xmodelmesh,#hash_43ab248c8bef2a8a
xmodelmesh,#hash_43aef89f4231e64d
xmodelmesh,#hash_43af1e391633c8ab
xmodelmesh,#hash_43b770606fc13a87
xmodelmesh,#hash_43bc7d737ab4221e
xmodelmesh,#hash_43c0e62f40e9e535
xmodelmesh,#hash_43c18b2f36e17236
xmodelmesh,#hash_43c56310fd7cb832
xmodelmesh,#hash_43c7e304f0374709
xmodelmesh,#hash_43c803ed9f04f006
xmodelmesh,#hash_43c84b15b4b637f6
xmodelmesh,#hash_43cd245958553ef2
xmodelmesh,#hash_43d2c6511c21907f
xmodelmesh,#hash_43d59eb614e197ef
xmodelmesh,#hash_43d96bdef4a91c25
xmodelmesh,#hash_43daf6bcf78ee7a5
xmodelmesh,#hash_43e7db13e0a2e79f
xmodelmesh,#hash_43e91aa3b3ac203d
xmodelmesh,#hash_43ea4cb667fb55d4
xmodelmesh,#hash_43eaee4e27de853b
xmodelmesh,#hash_43efc414ca375fe3
xmodelmesh,#hash_43f00c723ea3acbb
xmodelmesh,#hash_43f3922fce6f2115
xmodelmesh,#hash_43f4fd396a725bd9
xmodelmesh,#hash_43f529d40fe5f863
xmodelmesh,#hash_4401073fde1363e2
xmodelmesh,#hash_440311c50cd357ba
xmodelmesh,#hash_441075525fc6a7d8
xmodelmesh,#hash_4411064490b4cdb8
xmodelmesh,#hash_441179f441fdc2ad
xmodelmesh,#hash_4411835932a0df40
xmodelmesh,#hash_44172810990bdb54
xmodelmesh,#hash_441e39507bcfce36
xmodelmesh,#hash_441e6dc6276d2c7f
xmodelmesh,#hash_441f8608eac61bdd
xmodelmesh,#hash_4421421803dc78b5
xmodelmesh,#hash_44214ad544bc23fe
xmodelmesh,#hash_4422f94705855771
xmodelmesh,#hash_44232ecf0868dea3
xmodelmesh,#hash_44232ecfe82003f4
xmodelmesh,#hash_442397fbe3f44d3f
xmodelmesh,#hash_4437f207b143b30e
xmodelmesh,#hash_4442f331be6d05fd
xmodelmesh,#hash_4445bc82004bddf5
xmodelmesh,#hash_444bda5240e7b31a
xmodelmesh,#hash_444bee1a34388137
xmodelmesh,#hash_444f96ef8b9c20e9
xmodelmesh,#hash_4450b537a40f2116
xmodelmesh,#hash_4454ed34b46d627b
xmodelmesh,#hash_4456bbcb0c5a41d5
xmodelmesh,#hash_445c8234ac771541
xmodelmesh,#hash_445d2c083c1aaf1f
xmodelmesh,#hash_4469b4a9fdd2ed17
xmodelmesh,#hash_4473294061df65c2
xmodelmesh,#hash_4473a377de4946e4
xmodelmesh,#hash_447680e6bf3d1904
xmodelmesh,#hash_4476aa733df7a5c7
xmodelmesh,#hash_447e050ffb46e942
xmodelmesh,#hash_44846d6f22768214
xmodelmesh,#hash_448826ff1484bbe8
xmodelmesh,#hash_44895e287f767437
xmodelmesh,#hash_448c685c9c473495
xmodelmesh,#hash_44912cbccad33b98
xmodelmesh,#hash_4493b24edbcc361e
xmodelmesh,#hash_4495f0bb87c83032
xmodelmesh,#hash_4497a4856d1bbd4c
xmodelmesh,#hash_4497b486194cc3ac
xmodelmesh,#hash_4498a00d7dde004a
xmodelmesh,#hash_44a014001d770ca9
xmodelmesh,#hash_44a138edb75b5a37
xmodelmesh,#hash_44a4faf087dc614b
xmodelmesh,#hash_44a7bd1372688991
xmodelmesh,#hash_44a7d2fd958419f6
xmodelmesh,#hash_44a8df3702cff517
xmodelmesh,#hash_44ad5b70f2ab231c
xmodelmesh,#hash_44b2fec0900b91dd
xmodelmesh,#hash_44c2429a12bebd1b
xmodelmesh,#hash_44c4e885023e1068
xmodelmesh,#hash_44c6d47d34fe7a09
xmodelmesh,#hash_44d55ec5261ae80f
xmodelmesh,#hash_44dcfe075514bd5b
xmodelmesh,#hash_44e17f399a8cac77
xmodelmesh,#hash_44e1ba8011af0c04
xmodelmesh,#hash_44e43ffe8b0a2716
xmodelmesh,#hash_44e7edf56e33e4d4
xmodelmesh,#hash_44e89548ffac2b0d
xmodelmesh,#hash_44e9b7383fd0bf1b
xmodelmesh,#hash_44f4b45f6d5941bc
xmodelmesh,#hash_44f5c3cfb572defc
xmodelmesh,#hash_44f8030f83c6a87d
xmodelmesh,#hash_44f9d3385743ed86
xmodelmesh,#hash_45003e2f5f91d112
xmodelmesh,#hash_450318b9201727a0
xmodelmesh,#hash_45037ba5a982ce3e
xmodelmesh,#hash_4505070f91a1ce36
xmodelmesh,#hash_450744646019db9e
xmodelmesh,#hash_4509022f2033f8da
xmodelmesh,#hash_450fe31832e97156
xmodelmesh,#hash_450fec18c27f8af0
xmodelmesh,#hash_4512ad7237729902
xmodelmesh,#hash_451a46e32dff7921
xmodelmesh,#hash_451bf878d4facd87
xmodelmesh,#hash_451fb24fffeec0e1
xmodelmesh,#hash_452c73b07c3b5ada
xmodelmesh,#hash_452ef0c2c363bb79
xmodelmesh,#hash_4536270560badace
xmodelmesh,#hash_4541be120e86efe5
xmodelmesh,#hash_4544540e8a7c085d
xmodelmesh,#hash_4558648aa30d9d55
xmodelmesh,#hash_455d2cdcf5b8f72d
xmodelmesh,#hash_455e6e78698161ec
xmodelmesh,#hash_455f847aeebfbbda
xmodelmesh,#hash_45696b3ccf109d0e
xmodelmesh,#hash_456d13ca40884e81
xmodelmesh,#hash_4570ecc106a27afe
xmodelmesh,#hash_457599096623d1d4
xmodelmesh,#hash_457bd05f832eb8ba
xmodelmesh,#hash_457d1817f0f67863
xmodelmesh,#hash_45802ff77c63a9ec
xmodelmesh,#hash_458c1a4a0ec39e48
xmodelmesh,#hash_45905722ea81da4b
xmodelmesh,d#hash_459181edf9846894
xmodelmesh,#hash_4593b084fcf08b10
xmodelmesh,#hash_4597f6f2fa54d56b
xmodelmesh,#hash_459d82a742854d98
xmodelmesh,#hash_45a03a4c437f6f44
xmodelmesh,#hash_45a2ad9ad44d676f
xmodelmesh,#hash_45a8ef9c5b4dd497
xmodelmesh,#hash_45ab72afc801601e
xmodelmesh,#hash_45b8d3b46112e98b
xmodelmesh,#hash_45bd17c4d9535499
xmodelmesh,#hash_45bde19266e02f14
xmodelmesh,#hash_45c3e52b7d2550d0
xmodelmesh,#hash_45c7ae8a5848296f
xmodelmesh,#hash_45cd0ec3afc76b58
xmodelmesh,#hash_45d96ef8abee09fd
xmodelmesh,#hash_45daec97e938433a
xmodelmesh,#hash_45e5b012211f890b
xmodelmesh,#hash_45e5d4eccbea0269
xmodelmesh,#hash_45e63b8b91193652
xmodelmesh,#hash_45ef04d0f72ac856
xmodelmesh,#hash_45f4cb5a7d5a48e6
xmodelmesh,#hash_45f530f9afe9cd28
xmodelmesh,#hash_45f8c4ffdf9b5c93
xmodelmesh,#hash_45f9423b80e50930
xmodelmesh,#hash_45fadb8714030b08
xmodelmesh,#hash_45fcf1c1d1242b91
xmodelmesh,#hash_45fd0e915d651a7f
xmodelmesh,#hash_46061ca4d254dc8c
xmodelmesh,#hash_460b35734f7a7b8b
xmodelmesh,#hash_460c69373f370a2d
xmodelmesh,#hash_460e9dc63baa6aea
xmodelmesh,#hash_460f73f57d097ab5
xmodelmesh,#hash_46171b7ed1563b54
xmodelmesh,#hash_461e2091b5fe9597
xmodelmesh,#hash_46297e6c576a37a8
xmodelmesh,#hash_462ca43d6af91845
xmodelmesh,#hash_462e4c8627a6d804
xmodelmesh,#hash_463263715e9a4b11
xmodelmesh,#hash_46337691a79cf6d7
xmodelmesh,#hash_463597ad6d77f8b2
xmodelmesh,#hash_4635b35d0288f911
xmodelmesh,#hash_4635ea3dc635ccb4
xmodelmesh,#hash_4636c7defd0c7590
xmodelmesh,#hash_46377fe51320c070
xmodelmesh,#hash_4639c727e31fb4f4
xmodelmesh,#hash_463c9d5fb27e09a2
xmodelmesh,#hash_464051b15c72a7cc
xmodelmesh,#hash_4640f93692948927
xmodelmesh,#hash_46496d574505f83c
xmodelmesh,#hash_4650fa11c97b21a6
xmodelmesh,#hash_465285be9adf31c5
xmodelmesh,#hash_4652ed1445f8183c
xmodelmesh,#hash_465fe0db9bf51bc3
xmodelmesh,#hash_4663aaf45f2a9199
xmodelmesh,#hash_466d338a1942c2bd
xmodelmesh,#hash_466d98dc4053754d
xmodelmesh,#hash_466e85fb0767580a
xmodelmesh,#hash_466fe54944a91b34
xmodelmesh,#hash_4672bbd618adea75
xmodelmesh,#hash_4673c0a7e90142ca
xmodelmesh,#hash_46776afcaf869c18
xmodelmesh,#hash_4678523ec3a49498
xmodelmesh,#hash_467d7c0e40f23f51
xmodelmesh,#hash_467eaf74568b68d8
xmodelmesh,#hash_468165ad09a4eb05
xmodelmesh,#hash_4682ed509f3c6827
xmodelmesh,#hash_4686a23cd96a9296
xmodelmesh,#hash_4686fd3b7b3bfb93
xmodelmesh,#hash_4692ffae5ec76ae4
xmodelmesh,#hash_46975b0b9559cd0f
xmodelmesh,#hash_469a279efffd9e25
xmodelmesh,#hash_469a61657fc3a771
xmodelmesh,#hash_46a518a8aa24be65
xmodelmesh,#hash_46ad1057a41d87f5
xmodelmesh,#hash_46ad8aa8d9ccdcce
xmodelmesh,#hash_46b4627ca4cf777b
xmodelmesh,#hash_46b70da3594ea1f0
xmodelmesh,#hash_46bb22e4f9612be3
xmodelmesh,#hash_46bf626778e1b122
xmodelmesh,#hash_46c101945a1fcc57
xmodelmesh,#hash_46c391ad8e21f089
xmodelmesh,#hash_46c49f2308a60715
xmodelmesh,#hash_46cc4c0e8a1974f5
xmodelmesh,#hash_46ccef4b4e7b3bdf
xmodelmesh,#hash_46ccf7299246f420
xmodelmesh,#hash_46cfc886b7ec7fe1
xmodelmesh,#hash_46d404887db1d66d
xmodelmesh,#hash_46d9a31d6e1cd5c8
xmodelmesh,#hash_46db63aa584ba8e6
xmodelmesh,#hash_46dede623e66c131
xmodelmesh,#hash_46e071c60fb4ba91
xmodelmesh,#hash_46e08068f5562e12
xmodelmesh,#hash_46e48a5f65553d31
xmodelmesh,#hash_46e62a4e28c17726
xmodelmesh,#hash_46e78970fcadc765
xmodelmesh,#hash_46e8627d2a7dacfb
xmodelmesh,#hash_46ea6a87cdbd5675
xmodelmesh,#hash_46edcd39b2ae83db
xmodelmesh,#hash_46faed409202edce
xmodelmesh,#hash_46fb1e6156023415
xmodelmesh,#hash_46fb7c994bb43aeb
xmodelmesh,#hash_47065f13a8849948
xmodelmesh,#hash_470ac116666f952e
xmodelmesh,#hash_470d9f5051315574
xmodelmesh,#hash_470f97419eaed802
xmodelmesh,#hash_47118340e3fe1667
xmodelmesh,#hash_47128ee47a5081fd
xmodelmesh,#hash_47146abcee3c5949
xmodelmesh,#hash_4714d2d29a10ef5a
xmodelmesh,#hash_4716cd59dc7e9d74
xmodelmesh,#hash_4717b451c02b4e73
xmodelmesh,#hash_4719eedb6cb40e7b
xmodelmesh,#hash_471b9faf5fc841ee
xmodelmesh,#hash_472174cf2bad94b1
xmodelmesh,#hash_4723d938dcd10235
xmodelmesh,#hash_472777e98c9e2789
xmodelmesh,d#hash_472884cb51449201
xmodelmesh,#hash_47291e5038794ea3
xmodelmesh,#hash_472b62696f02793e
xmodelmesh,#hash_472ddddccf3b07fb
xmodelmesh,#hash_47330555082aaa09
xmodelmesh,#hash_47333becceed9181
xmodelmesh,#hash_4742154c36a9adf3
xmodelmesh,#hash_474328fd79fa6063
xmodelmesh,#hash_4743aca2db49e482
xmodelmesh,#hash_474db7aeb968570d
xmodelmesh,#hash_4759f539bd4b3ac7
xmodelmesh,#hash_475ffa025a9ab23e
xmodelmesh,#hash_4760e264747bd698
xmodelmesh,#hash_47656a3d2f1eed71
xmodelmesh,#hash_47667a271929b2ec
xmodelmesh,#hash_4766af1c6493a5c3
xmodelmesh,#hash_476907f0e2288e73
xmodelmesh,#hash_476bb08f9748d54f
xmodelmesh,#hash_476df5e21f801c50
xmodelmesh,#hash_47702020d63aaf6c
xmodelmesh,#hash_4771e8e487c2139a
xmodelmesh,#hash_4777f768fdd95ea7
xmodelmesh,#hash_47791b8518bcc885
xmodelmesh,#hash_477c9f8bc682857f
xmodelmesh,#hash_477cea9fd71435f8
xmodelmesh,#hash_478ea63b79dcd0ca
xmodelmesh,#hash_479187670277e2eb
xmodelmesh,#hash_4791945bab7e0300
xmodelmesh,#hash_47937a46fa2670dc
xmodelmesh,#hash_4797365a84be52cb
xmodelmesh,#hash_4797b1ce34f7ef2a
xmodelmesh,#hash_479bd11e1b71389f
xmodelmesh,#hash_479cb54d6bedf87f
xmodelmesh,#hash_479e81c7db50a287
xmodelmesh,#hash_47a4c14002de72aa
xmodelmesh,#hash_47a752cd20d6f338
xmodelmesh,#hash_47a7baea42384b90
xmodelmesh,#hash_47acb2cd2aad1730
xmodelmesh,#hash_47acc6fe0d6cce6d
xmodelmesh,#hash_47ae8ee63a114eab
xmodelmesh,#hash_47aeea3b31c16fd5
xmodelmesh,#hash_47af02f21a9b8b4a
xmodelmesh,#hash_47b2e9d975a1dbe0
xmodelmesh,#hash_47b3356ccb9b18f4
xmodelmesh,#hash_47b3573bbe7d79fa
xmodelmesh,#hash_47b3eca74974c1e2
xmodelmesh,#hash_47b7099ff8753124
xmodelmesh,#hash_47bb01bdb2fa304e
xmodelmesh,#hash_47bc5487f5d96b26
xmodelmesh,#hash_47bdb64c049895f9
xmodelmesh,#hash_47c05db6bccd4dae
xmodelmesh,#hash_47c0e1335e8c2457
xmodelmesh,#hash_47cbc14f9a35cc3e
xmodelmesh,#hash_47cbfb8d07f95583
xmodelmesh,#hash_47cf5b6008c5ecf3
xmodelmesh,#hash_47d0c33c174c78e0
xmodelmesh,#hash_47dada1ea72c6b59
xmodelmesh,#hash_47dbd7be61fdd732
xmodelmesh,#hash_47ddacb1be0e7803
xmodelmesh,#hash_47e055c9dbfe89d9
xmodelmesh,#hash_47e5b863dddb9a27
xmodelmesh,#hash_47e7fcd18ac4cc6d
xmodelmesh,#hash_47e8320d2e0a54b4
xmodelmesh,#hash_47eb0593737ceb5d
xmodelmesh,#hash_47ebb0ab721485e2
xmodelmesh,#hash_47eedc6f5b398504
xmodelmesh,#hash_47f08d4a2e90d5a2
xmodelmesh,#hash_47f18b3f2d77a811
xmodelmesh,#hash_47f2125fdb590222
xmodelmesh,d#hash_47f26b4a32011119
xmodelmesh,#hash_47f49f1457c3e4d5
xmodelmesh,#hash_47fc8f71961fd56d
xmodelmesh,#hash_480c1e906ebf613e
xmodelmesh,#hash_4815583a35fe5b03
xmodelmesh,#hash_4816c8422afe8b87
xmodelmesh,#hash_481f43c013d4c04d
xmodelmesh,#hash_482205c9b505c3fb
xmodelmesh,#hash_4822589fda63878a
xmodelmesh,#hash_4826fc4ff353e842
xmodelmesh,#hash_482e1aa9adaf04e8
xmodelmesh,#hash_48360c8bb939bcdb
xmodelmesh,#hash_4838a7b18e6b2dbd
xmodelmesh,#hash_483b9429916703e1
xmodelmesh,#hash_483c5dc83746d131
xmodelmesh,#hash_483e6a32d8003055
xmodelmesh,#hash_4841b66b48b633f6
xmodelmesh,#hash_484a4836789c5e95
xmodelmesh,#hash_485423a5e117d3e4
xmodelmesh,#hash_4855e948d8e7e817
xmodelmesh,#hash_485924a574207a96
xmodelmesh,#hash_486ab658aab1c919
xmodelmesh,#hash_486f7918fc38bfa8
xmodelmesh,#hash_4876257534d82fd5
xmodelmesh,#hash_487995607faab2e9
xmodelmesh,#hash_487c6f1133025465
xmodelmesh,#hash_48955313618c2395
xmodelmesh,#hash_48995da241aa7662
xmodelmesh,#hash_489a888e236ab575
xmodelmesh,#hash_489f4f75180e223b
xmodelmesh,#hash_48a51d55cbcc4a7f
xmodelmesh,#hash_48a9a8a064b94d1d
xmodelmesh,#hash_48acb189c0b1b87c
xmodelmesh,#hash_48b377738e7beaac
xmodelmesh,#hash_48b6defa0c07ce60
xmodelmesh,#hash_48b82bf95cf6e803
xmodelmesh,#hash_48b86aa45e9b0c56
xmodelmesh,#hash_48b86cff9fbc3c07
xmodelmesh,#hash_48bd7042d51471cd
xmodelmesh,d#hash_48ca09a9561c22d4
xmodelmesh,#hash_48d0986a1dfeaf1d
xmodelmesh,#hash_48d484a10ba49338
xmodelmesh,#hash_48d49a2122c8b027
xmodelmesh,#hash_48d70f13f7837ab3
xmodelmesh,#hash_48d8937aeeabaf88
xmodelmesh,#hash_48da1451d4794d5f
xmodelmesh,#hash_48dca86c2478ae9c
xmodelmesh,#hash_48dcfc004acdf1f4
xmodelmesh,#hash_48ddf7e280627f93
xmodelmesh,#hash_48dfb038302962ca
xmodelmesh,#hash_48e7d7fbe4a98613
xmodelmesh,#hash_48f0f8c7f621b16f
xmodelmesh,#hash_48f286917fe24150
xmodelmesh,#hash_48f3f1357c3608cd
xmodelmesh,d#hash_48f8520cd267432a
xmodelmesh,#hash_48f87bf6a2720989
xmodelmesh,#hash_4902a7f61b16fd01
xmodelmesh,#hash_4904e8e30f8f3a26
xmodelmesh,#hash_490ae57de8a858b2
xmodelmesh,#hash_4918dda679797e10
xmodelmesh,#hash_491b1c6dd395f4b3
xmodelmesh,#hash_491b56000f8715f4
xmodelmesh,#hash_491d8228ae422019
xmodelmesh,#hash_4921cc4d449b663d
xmodelmesh,#hash_49225311fc1fb660
xmodelmesh,#hash_4924dc93f1d73cd7
xmodelmesh,#hash_49295210108e441b
xmodelmesh,#hash_492a31c2fa9c9ca3
xmodelmesh,#hash_492c58ff8b2f1166
xmodelmesh,#hash_492d98922e562fda
xmodelmesh,#hash_492ed0d4463354a2
xmodelmesh,#hash_492f05f5090d0bd5
xmodelmesh,#hash_4931371e3f6c3628
xmodelmesh,#hash_493efe41d5a8f750
xmodelmesh,#hash_4942cc2bc62dac89
xmodelmesh,#hash_4948cfc80c5a1295
xmodelmesh,#hash_494bbe17bc773665
xmodelmesh,#hash_494f95eb37913b9d
xmodelmesh,#hash_4950f624c96d1b01
xmodelmesh,#hash_4952bcc277f5825f
xmodelmesh,#hash_495f32ae6f32f6cf
xmodelmesh,#hash_496104efdec9cf09
xmodelmesh,#hash_49647424f80de20e
xmodelmesh,#hash_496a8df908b94b63
xmodelmesh,#hash_496b916e5af7e44e
xmodelmesh,#hash_496d10f08569886a
xmodelmesh,#hash_4971c217c9a09fbf
xmodelmesh,#hash_4977562bbfc5d87b
xmodelmesh,#hash_497e0017c75f2ac9
xmodelmesh,#hash_497e0d3518c681ee
xmodelmesh,#hash_497fbb20aa23a4cf
xmodelmesh,#hash_4990b1ed562892a1
xmodelmesh,#hash_49912f9400fe099b
xmodelmesh,#hash_4991671984ca3cc1
xmodelmesh,#hash_4997e7e4f526ec3b
xmodelmesh,#hash_4998bdaeeb021bcb
xmodelmesh,#hash_49a1c870b8454fd6
xmodelmesh,d#hash_49b35223a542fba7
xmodelmesh,#hash_49bc0135c60304c7
xmodelmesh,#hash_49c571f19b1159a5
xmodelmesh,#hash_49ca2fe963e672ca
xmodelmesh,#hash_49ccd1f37903f27b
xmodelmesh,#hash_49ce367c7176c03c
xmodelmesh,#hash_49cedb25fc749c78
xmodelmesh,#hash_49d0a3e54c835ed4
xmodelmesh,#hash_49d299a1a9d1a13e
xmodelmesh,#hash_49d6bfff76c3b31d
xmodelmesh,#hash_49d75c471e7cd256
xmodelmesh,#hash_49d9c7a95b7d2536
xmodelmesh,#hash_49df158ed89ec6ff
xmodelmesh,#hash_49e03ab3d9efae3d
xmodelmesh,#hash_49e0a63264a3594b
xmodelmesh,#hash_49e127a1d4a69c7a
xmodelmesh,#hash_49e239c6a5914cf7
xmodelmesh,#hash_49e265660e034c5f
xmodelmesh,#hash_49e3595d22d26699
xmodelmesh,#hash_49e7dbfb9d2e5577
xmodelmesh,#hash_49ecf460ba12e3ef
xmodelmesh,#hash_49ed70f389d20cd7
xmodelmesh,#hash_49f566bc86b3dc4c
xmodelmesh,#hash_49fb25c534a57b06
xmodelmesh,#hash_49ffc5c95f6d0465
xmodelmesh,#hash_4a08abfffeb7465b
xmodelmesh,#hash_4a0a809cb4054fae
xmodelmesh,#hash_4a12cd3164724a36
xmodelmesh,#hash_4a12d642f6232d65
xmodelmesh,#hash_4a14fefe2775698e
xmodelmesh,#hash_4a194a46552d735e
xmodelmesh,#hash_4a1a1ef562456a16
xmodelmesh,#hash_4a1aff772ec583c4
xmodelmesh,#hash_4a275bf298389f57
xmodelmesh,#hash_4a2c452a02bbe50c
xmodelmesh,#hash_4a2cb2695058ebf5
xmodelmesh,#hash_4a2e0370490ac959
xmodelmesh,#hash_4a32bc02a3468c57
xmodelmesh,#hash_4a36dd5920b2fb64
xmodelmesh,#hash_4a462ae9b31721a3
xmodelmesh,#hash_4a48a463c8394a83
xmodelmesh,#hash_4a4a26d92df0b2b4
xmodelmesh,#hash_4a4b015e38c34d13
xmodelmesh,d#hash_4a4c03b59343e44c
xmodelmesh,#hash_4a4cb5d4ec66222d
xmodelmesh,#hash_4a4d832b3dd3d04a
xmodelmesh,#hash_4a4f4d0f473eaadb
xmodelmesh,#hash_4a58316f7dc47730
xmodelmesh,#hash_4a5b85e64e4b2623
xmodelmesh,#hash_4a6cc6baba97b8b3
xmodelmesh,#hash_4a6e8ef650993730
xmodelmesh,#hash_4a6f6c9bfc9979d4
xmodelmesh,#hash_4a71924ecd447f7c
xmodelmesh,#hash_4a7336ea64fdd1b3
xmodelmesh,#hash_4a7bf539a22bfec4
xmodelmesh,#hash_4a7f8eb7192ad4c2
xmodelmesh,#hash_4a7fb0682eb4871f
xmodelmesh,#hash_4a809fc50d7c79f5
xmodelmesh,#hash_4a82f36a0ce1514c
xmodelmesh,#hash_4a82fb3a1b22e7f0
xmodelmesh,#hash_4a87db94f3a4dafe
xmodelmesh,#hash_4a8bbc9d2d500785
xmodelmesh,#hash_4a8d4675dbe4e9e8
xmodelmesh,#hash_4a9051a702bd910f
xmodelmesh,#hash_4a913a9256c351c2
xmodelmesh,#hash_4a91fb3779963e99
xmodelmesh,#hash_4aa2373bba49c8ff
xmodelmesh,#hash_4aa859842f3c7909
xmodelmesh,#hash_4aa9f5c80aefa88a
xmodelmesh,#hash_4aae14bd66916887
xmodelmesh,#hash_4ab50c65a5506d47
xmodelmesh,#hash_4ab5ad33dd6ab47a
xmodelmesh,#hash_4abbcf5a9f2ee9eb
xmodelmesh,#hash_4ac1041fb8ff51a8
xmodelmesh,#hash_4ac72bdf185c9d5e
xmodelmesh,#hash_4ac7ebd643acf217
xmodelmesh,#hash_4accde2f4d87dc7b
xmodelmesh,#hash_4ad2b75ae350a169
xmodelmesh,#hash_4ad51ed50c63b7ab
xmodelmesh,#hash_4adaa97f72663190
xmodelmesh,#hash_4adda3430865c236
xmodelmesh,#hash_4ae1756dff9f85e8
xmodelmesh,#hash_4ae44d6f63981284
xmodelmesh,#hash_4ae77af61496ae9a
xmodelmesh,#hash_4ae7b770ba065329
xmodelmesh,#hash_4aea3405ade99eec
xmodelmesh,#hash_4aeac03c1ec964f3
xmodelmesh,#hash_4af070d767009023
xmodelmesh,#hash_4af12df270439b3a
xmodelmesh,#hash_4af49fe8e1d014d9
xmodelmesh,#hash_4af7b77ea4affe46
xmodelmesh,#hash_4af7c1b017168d07
xmodelmesh,#hash_4b0228449200b509
xmodelmesh,#hash_4b07dd32ad3e5762
xmodelmesh,#hash_4b0a385b01d35b9d
xmodelmesh,#hash_4b0c773b5abd2de4
xmodelmesh,#hash_4b0f7cc42447d445
xmodelmesh,#hash_4b0f9c6c5fa70def
xmodelmesh,#hash_4b11c649319d10e8
xmodelmesh,#hash_4b157b1014faf9f3
xmodelmesh,#hash_4b1976ffd6cbc055
xmodelmesh,#hash_4b1c514bd5e7d123
xmodelmesh,#hash_4b1d698fbf79a46d
xmodelmesh,#hash_4b24f8f47f714ac7
xmodelmesh,#hash_4b26c7a5c0e4e44c
xmodelmesh,d#hash_4b27d8c584bf2f21
xmodelmesh,#hash_4b27df928a74d942
xmodelmesh,#hash_4b299ac56d382db6
xmodelmesh,#hash_4b2d4db037e2463b
xmodelmesh,#hash_4b3201cf5e44e9af
xmodelmesh,#hash_4b331073cfdc4661
xmodelmesh,#hash_4b3347035da3e24b
xmodelmesh,#hash_4b35e6c30f1141fe
xmodelmesh,#hash_4b399aaac3243d68
xmodelmesh,#hash_4b3c53447524a6e5
xmodelmesh,#hash_4b3cc491c27e3831
xmodelmesh,#hash_4b487f56ae57da16
xmodelmesh,#hash_4b4cdc4f04b74a47
xmodelmesh,#hash_4b4de59e32fb53f4
xmodelmesh,#hash_4b51eb0fad37708f
xmodelmesh,#hash_4b59df72d73be534
xmodelmesh,#hash_4b619751234f1d6f
xmodelmesh,#hash_4b65e58e3a4b10b3
xmodelmesh,#hash_4b6607dbab909fc4
xmodelmesh,#hash_4b6a4d9142320999
xmodelmesh,#hash_4b6fea7cabe14f49
xmodelmesh,#hash_4b7fe3f615d19272
xmodelmesh,#hash_4b8880a46b97262a
xmodelmesh,#hash_4b89903b275e1d1b
xmodelmesh,#hash_4b8c8ae51b78cba9
xmodelmesh,#hash_4b984758af524075
xmodelmesh,#hash_4b9b53c4db2b55da
xmodelmesh,#hash_4b9c969983cae8cd
xmodelmesh,#hash_4b9ca15a04d97b0a
xmodelmesh,#hash_4ba2f58a97d652e0
xmodelmesh,#hash_4ba596e333f706bd
xmodelmesh,d#hash_4ba9b5cd466cb756
xmodelmesh,#hash_4ba9d3997365d3cc
xmodelmesh,#hash_4bafdcb3ce43b64a
xmodelmesh,#hash_4bb222b26e59779d
xmodelmesh,#hash_4bba08539abd5374
xmodelmesh,#hash_4bbac0baa599705c
xmodelmesh,#hash_4bbd54f6eb2192b2
xmodelmesh,#hash_4bbeef3034fc7564
xmodelmesh,#hash_4bbf7eedfc0f36a4
xmodelmesh,#hash_4bc09cdd1dde6532
xmodelmesh,#hash_4bc58e49f4568b14
xmodelmesh,#hash_4bc7abb238b52b16
xmodelmesh,#hash_4bd3ad4f8208775d
xmodelmesh,#hash_4bd698c4c174c750
xmodelmesh,#hash_4bdad1e82233b5a5
xmodelmesh,#hash_4bf2773787dea883
xmodelmesh,#hash_4bfcafd7cdceeca7
xmodelmesh,d#hash_4bfdc8725a840cf7
xmodelmesh,#hash_4c01a6d6e9a5ca31
xmodelmesh,#hash_4c05efca1334dfe3
xmodelmesh,#hash_4c07510893ef0e7f
xmodelmesh,#hash_4c081cb14c808548
xmodelmesh,#hash_4c0c49e26c522d2e
xmodelmesh,d#hash_4c0e1d5e286032a2
xmodelmesh,#hash_4c0fdfc611252d8e
xmodelmesh,#hash_4c11fb1149ccfc88
xmodelmesh,#hash_4c1bb66cea9a72fb
xmodelmesh,#hash_4c1c06cb3317df2d
xmodelmesh,#hash_4c20e1377c2a2a85
xmodelmesh,#hash_4c2285cf1f60e432
xmodelmesh,#hash_4c237f4218e68de3
xmodelmesh,#hash_4c2c51b082ee49f4
xmodelmesh,#hash_4c2e02d377515023
xmodelmesh,#hash_4c2e6aab3cd354f3
xmodelmesh,#hash_4c336fe4fe5665d7
xmodelmesh,#hash_4c3406a6a96168ad
xmodelmesh,#hash_4c3591c8acc27815
xmodelmesh,#hash_4c359978dd90a959
xmodelmesh,#hash_4c3633bc49ade292
xmodelmesh,#hash_4c38c25d8a5bd7db
xmodelmesh,#hash_4c3bc421570dd222
xmodelmesh,#hash_4c3d0cb4328f1bdd
xmodelmesh,#hash_4c3dae948fd42229
xmodelmesh,#hash_4c3fb3dec2ae0da3
xmodelmesh,#hash_4c49ab5d2d899743
xmodelmesh,#hash_4c4c80bddd907aa8
xmodelmesh,#hash_4c4d29ea378b3ba0
xmodelmesh,d#hash_4c5300451c97a6a6
xmodelmesh,#hash_4c55d63edb77f2c6
xmodelmesh,#hash_4c5de58ed193bff2
xmodelmesh,#hash_4c5e68d95fee0c62
xmodelmesh,#hash_4c5f808f8394101a
xmodelmesh,#hash_4c61724e94cd9e25
xmodelmesh,#hash_4c6b268cf6e02022
xmodelmesh,#hash_4c6b43eeba6bafe9
xmodelmesh,#hash_4c6c744040a11beb
xmodelmesh,#hash_4c6cce1f090e3cbf
xmodelmesh,#hash_4c7e0280ea2128e6
xmodelmesh,#hash_4c830d229cf11baa
xmodelmesh,#hash_4c836282fdbfd14d
xmodelmesh,#hash_4c8e2a1c0b899c27
xmodelmesh,#hash_4c91c0e675f4a8d9
xmodelmesh,#hash_4c9d17a3eded1b8f
xmodelmesh,#hash_4ca29e0d352ff16f
xmodelmesh,#hash_4ca4625dd34c1863
xmodelmesh,#hash_4cb15c723febfe2e
xmodelmesh,#hash_4cb8b50d58089fbf
xmodelmesh,#hash_4cc16bef00f1ceba
xmodelmesh,#hash_4cc448ca93051dfc
xmodelmesh,#hash_4ccdb584405451d7
xmodelmesh,#hash_4cd41372ed188cd3
xmodelmesh,#hash_4cd680e8bdc1fc85
xmodelmesh,#hash_4cd79eeeefd7daad
xmodelmesh,#hash_4cd8f52234667bf1
xmodelmesh,#hash_4cdbf886ed9327cd
xmodelmesh,#hash_4cdf51513cc783ee
xmodelmesh,#hash_4ce0b9c8db584bab
xmodelmesh,#hash_4ce6430b6f31fd8e
xmodelmesh,#hash_4ce7b1c99e096be7
xmodelmesh,#hash_4ce976187f2e3ed6
xmodelmesh,#hash_4cebff74df67403e
xmodelmesh,#hash_4cecd177795c39af
xmodelmesh,#hash_4ced57528bf986ad
xmodelmesh,#hash_4cf5de931cca94e4
xmodelmesh,#hash_4cf883f6739b44d8
xmodelmesh,#hash_4cfbb5eac0ba05be
xmodelmesh,#hash_4cfe91689d532af8
xmodelmesh,#hash_4d0212edba9d515d
xmodelmesh,#hash_4d021b44e1017dfb
xmodelmesh,#hash_4d04249275913e9d
xmodelmesh,#hash_4d058508afe81c45
xmodelmesh,d#hash_4d0b133cf580b542
xmodelmesh,#hash_4d1019665db71faa
xmodelmesh,#hash_4d17d790c318304d
xmodelmesh,#hash_4d182f275a815a6c
xmodelmesh,#hash_4d19d8f11b9e5df5
xmodelmesh,#hash_4d1a35d524a49a9f
xmodelmesh,#hash_4d1b4ae25eacf8ca
xmodelmesh,#hash_4d1c9d673ec6669f
xmodelmesh,#hash_4d2596ecc74ed301
xmodelmesh,#hash_4d2a6f6e97047708
xmodelmesh,#hash_4d2c4748c9bc925d
xmodelmesh,#hash_4d2da74108bc520b
xmodelmesh,#hash_4d347f05c7bc7c83
xmodelmesh,#hash_4d35743a91218669
xmodelmesh,#hash_4d36cb379819ec3d
xmodelmesh,#hash_4d3ac943024b178a
xmodelmesh,#hash_4d3c3b14e9b744f8
xmodelmesh,d#hash_4d42f9d8238ed2f4
xmodelmesh,#hash_4d4cbbfc7f52f230
xmodelmesh,#hash_4d4f9ce5fa28252c
xmodelmesh,#hash_4d5316d884353e43
xmodelmesh,#hash_4d557f3f3eda2e9d
xmodelmesh,#hash_4d56959b74fbcd11
xmodelmesh,#hash_4d5cb4784c06c8bf
xmodelmesh,d#hash_4d6348d7227c45d8
xmodelmesh,#hash_4d64b586dd50d55e
xmodelmesh,#hash_4d682795bfaf1245
xmodelmesh,#hash_4d693784982fef11
xmodelmesh,#hash_4d70f1fe45a114d1
xmodelmesh,#hash_4d72a537b9d305bb
xmodelmesh,#hash_4d749481148264f0
xmodelmesh,#hash_4d79314eb9ec0aec
xmodelmesh,#hash_4d79fe21ff69c76c
xmodelmesh,#hash_4d7c687d9cba2621
xmodelmesh,#hash_4d7c874fe5abe2a6
xmodelmesh,#hash_4d838ac2ccd2d80b
xmodelmesh,#hash_4d85ac5b0c2dc338
xmodelmesh,#hash_4d863a96bcad1411
xmodelmesh,#hash_4d8c6563fa26fe0e
xmodelmesh,#hash_4d90f40b48f85b75
xmodelmesh,#hash_4d99961d71c251ed
xmodelmesh,#hash_4d9b752e5edb0331
xmodelmesh,#hash_4da40b9fcfc0856d
xmodelmesh,#hash_4da8330473fd4c25
xmodelmesh,#hash_4dace891402c2f9f
xmodelmesh,#hash_4dad6197c5bd1797
xmodelmesh,#hash_4db218cf2d555b96
xmodelmesh,#hash_4dcb369c2aea2f62
xmodelmesh,#hash_4dcc3ae1b2258552
xmodelmesh,#hash_4dcdf3c2a78269aa
xmodelmesh,#hash_4dce4627a459e742
xmodelmesh,#hash_4dd096cd097d92c6
xmodelmesh,#hash_4dd1f395ff703a7f
xmodelmesh,#hash_4dd35ee0bd9c2699
xmodelmesh,#hash_4dd43ee10550265c
xmodelmesh,#hash_4dd6fa876a71eaed
xmodelmesh,#hash_4dd7153dbb3c45d6
xmodelmesh,#hash_4de3125a27d9a05d
xmodelmesh,#hash_4de5fcc87d73ba59
xmodelmesh,#hash_4de658039eb377bb
xmodelmesh,#hash_4de76bb9224e7769
xmodelmesh,#hash_4de86025676196a2
xmodelmesh,#hash_4deda19d0d1333e7
xmodelmesh,#hash_4df128892bbb2261
xmodelmesh,#hash_4df2a02207cdecb0
xmodelmesh,#hash_4df380572d6f2fb3
xmodelmesh,#hash_4dfa65afbe987ece
xmodelmesh,#hash_4dfaebc57d1ae133
xmodelmesh,#hash_4e014581526a48cf
xmodelmesh,#hash_4e0df62adfe9a54d
xmodelmesh,#hash_4e130d11fbf78d99
xmodelmesh,#hash_4e16a51505afca53
xmodelmesh,#hash_4e17fa40947f27b3
xmodelmesh,#hash_4e1b363b8b17d794
xmodelmesh,#hash_4e1f8395ad2255b7
xmodelmesh,#hash_4e2a178154b9d606
xmodelmesh,#hash_4e355e59daeb8c3d
xmodelmesh,#hash_4e38d81bc42cb4fa
xmodelmesh,#hash_4e3df2ab0d427073
xmodelmesh,#hash_4e41e8c6f6cd09bd
xmodelmesh,#hash_4e4209d4a1d3dab8
xmodelmesh,#hash_4e42231cfde99ceb
xmodelmesh,#hash_4e43ff8b95826129
xmodelmesh,#hash_4e46a9655da6278f
xmodelmesh,#hash_4e47c93810869677
xmodelmesh,#hash_4e4d31edc5c35625
xmodelmesh,#hash_4e4f2df59faadd39
xmodelmesh,#hash_4e54d4e7aaca49db
xmodelmesh,#hash_4e5d687d1b180c14
xmodelmesh,#hash_4e5e9b6b550d16eb
xmodelmesh,#hash_4e637dd0a0e47406
xmodelmesh,#hash_4e69b6dcd7cbb0a0
xmodelmesh,#hash_4e6d8f5bcc38451f
xmodelmesh,#hash_4e70287d8db783a3
xmodelmesh,#hash_4e79fda7a9b00618
xmodelmesh,#hash_4e7ab377a91cc65e
xmodelmesh,#hash_4e7c85bd204e318a
xmodelmesh,#hash_4e7d2aa7a77d3b88
xmodelmesh,#hash_4e838120808f6ee3
xmodelmesh,#hash_4e8b38c94af412a5
xmodelmesh,#hash_4e928a55a86dd3ef
xmodelmesh,#hash_4e9524c6dc748967
xmodelmesh,d#hash_4e98fc5283d760f7
xmodelmesh,#hash_4ea57878e1ecfeb4
xmodelmesh,#hash_4ea8488ee43d86d0
xmodelmesh,#hash_4ead05cb3dd58dfe
xmodelmesh,#hash_4eb09d52967ffed3
xmodelmesh,#hash_4eb27ff35a5bd3fa
xmodelmesh,#hash_4eb4fe5c6421973b
xmodelmesh,#hash_4eb806f961cb477b
xmodelmesh,#hash_4ebcee460f943665
xmodelmesh,#hash_4ebdf1f89f465e03
xmodelmesh,#hash_4ebfcd4d37a3485e
xmodelmesh,#hash_4ec2d2dcb74cf995
xmodelmesh,#hash_4ecbb356d5f3347f
xmodelmesh,#hash_4ece96513ffc2cc6
xmodelmesh,#hash_4ecec18aba023f0f
xmodelmesh,#hash_4ed115c83092b71e
xmodelmesh,d#hash_4ed39316be902f1b
xmodelmesh,#hash_4ed719fbc3045616
xmodelmesh,#hash_4edd68002518cf6e
xmodelmesh,#hash_4ee3765b3789b256
xmodelmesh,#hash_4eecb67ca28a4cd9
xmodelmesh,#hash_4ef05f7310718ddb
xmodelmesh,#hash_4ef06c74797231b4
xmodelmesh,#hash_4ef2c7537fecb888
xmodelmesh,#hash_4ef563eb4fd20065
xmodelmesh,#hash_4ef7d522d262a8c4
xmodelmesh,#hash_4f027867847a6d2b
xmodelmesh,#hash_4f029f305bc36737
xmodelmesh,#hash_4f0586c1999a4485
xmodelmesh,#hash_4f096a5a58000f39
xmodelmesh,#hash_4f09fa7ad6a66bbd
xmodelmesh,#hash_4f0eef6e88785070
xmodelmesh,#hash_4f148e05f125528e
xmodelmesh,d#hash_4f158714ead0057e
xmodelmesh,#hash_4f1afa48f9a7e3e9
xmodelmesh,#hash_4f1c24b8bd005380
xmodelmesh,#hash_4f29d833f72b6604
xmodelmesh,#hash_4f2c2606d959f2a8
xmodelmesh,#hash_4f2c310820285c74
xmodelmesh,#hash_4f2c3ca1fe92c6ed
xmodelmesh,#hash_4f2d31cceb86396e
xmodelmesh,#hash_4f31d24c5180f720
xmodelmesh,#hash_4f32e1f3256b8243
xmodelmesh,#hash_4f3acf006e55d49a
xmodelmesh,#hash_4f4239d465653489
xmodelmesh,#hash_4f432e5d5be59b2b
xmodelmesh,d#hash_4f477bb5b7da1e97
xmodelmesh,#hash_4f48b30122da73df
xmodelmesh,#hash_4f49e6191d059b7e
xmodelmesh,#hash_4f4a451de2cab504
xmodelmesh,d#hash_4f4cc6ad453bdbf8
xmodelmesh,#hash_4f511eebec0773bd
xmodelmesh,#hash_4f52a25133b1cc54
xmodelmesh,#hash_4f57d48a226575ee
xmodelmesh,#hash_4f599f8b4c775471
xmodelmesh,#hash_4f5c83e9ac6306cf
xmodelmesh,#hash_4f5ce1448d6ced53
xmodelmesh,#hash_4f5d6420d5a5f4aa
xmodelmesh,#hash_4f60caa731d388ec
xmodelmesh,#hash_4f6378c9f793f066
xmodelmesh,#hash_4f6cdf339e85218f
xmodelmesh,#hash_4f6f7c66ce417069
xmodelmesh,#hash_4f6fce69d2d6f153
xmodelmesh,#hash_4f737b1a654ac70c
xmodelmesh,#hash_4f74cb3480850dcc
xmodelmesh,#hash_4f76516d94a97c0a
xmodelmesh,#hash_4f79d7b82fc0415a
xmodelmesh,#hash_4f870f139e7e2b71
xmodelmesh,#hash_4f8cb5419fc9613a
xmodelmesh,#hash_4f99e98ad42cbcad
xmodelmesh,#hash_4f9d45a6d450c422
xmodelmesh,d#hash_4f9ef49300216901
xmodelmesh,#hash_4fa1f7abf5d944b6
xmodelmesh,#hash_4fa54a258d67b15c
xmodelmesh,#hash_4fa9652333da9823
xmodelmesh,#hash_4fac0e1271f717f5
xmodelmesh,#hash_4fb1dfa076eef38d
xmodelmesh,#hash_4fb214c68ad39171
xmodelmesh,#hash_4fb89a10202eb2eb
xmodelmesh,#hash_4fbed3543f720920
xmodelmesh,#hash_4fc467c2d22a26f4
xmodelmesh,#hash_4fc5037fdbf6f403
xmodelmesh,#hash_4fc881e34f1bde01
xmodelmesh,#hash_4fcfe2f7967ecdc3
xmodelmesh,#hash_4fd040ac01ae039f
xmodelmesh,#hash_4fd06412d6cb9631
xmodelmesh,#hash_4fd12ed36f0715fa
xmodelmesh,#hash_4fd7b39a5488d910
xmodelmesh,#hash_4fe2912aa04f68dd
xmodelmesh,#hash_4fe36acb53f17c8f
xmodelmesh,#hash_4fe8b2264926bb48
xmodelmesh,#hash_4fed5e88edd68782
xmodelmesh,#hash_4fee5c558ff73910
xmodelmesh,#hash_4ff45872f2fca4c2
xmodelmesh,#hash_4ff516de35ca4a4a
xmodelmesh,#hash_4ff78bd1e625fd3b
xmodelmesh,#hash_4ffa8b0fcea0d719
xmodelmesh,#hash_5002eaa1c090b75d
xmodelmesh,#hash_501253286c08c32c
xmodelmesh,#hash_501450e1dd8cbb86
xmodelmesh,#hash_501eaf700594fd9f
xmodelmesh,#hash_50212740d7c8f6ab
xmodelmesh,#hash_50219e719aea00da
xmodelmesh,#hash_502a3ae4f503f86c
xmodelmesh,#hash_502aa3d5f89c955b
xmodelmesh,#hash_502d9691d2755ba3
xmodelmesh,#hash_502f867c2d8de11f
xmodelmesh,#hash_5031cb986446144e
xmodelmesh,#hash_50371fcc6d7e8f67
xmodelmesh,#hash_503b8431e2371554
xmodelmesh,#hash_503dc0479f37b278
xmodelmesh,#hash_50404f9797bd18e2
xmodelmesh,#hash_50429d03577050d7
xmodelmesh,#hash_5045bc35a3ec18e5
xmodelmesh,#hash_504c26f94dfa856e
xmodelmesh,#hash_505427fd6eda23bf
xmodelmesh,#hash_505c08d06361b255
xmodelmesh,#hash_505efa1fc61790e5
xmodelmesh,d#hash_506533554ee088fd
xmodelmesh,#hash_506567fa69fda4be
xmodelmesh,#hash_506a09c20c2c14bb
xmodelmesh,#hash_506f9592e974525a
xmodelmesh,#hash_507243518b91fea1
xmodelmesh,#hash_5076c44b7318c207
xmodelmesh,#hash_507740aa44c3add4
xmodelmesh,#hash_5088758f6c811213
xmodelmesh,#hash_50889e9aae50e901
xmodelmesh,#hash_50897c3a7159429e
xmodelmesh,d#hash_508b74f43d0a096c
xmodelmesh,#hash_508b8201d01a36e6
xmodelmesh,#hash_5090200d62cacac6
xmodelmesh,#hash_50934bdc447ad3fe
xmodelmesh,#hash_509ace19d2bbafda
xmodelmesh,#hash_509b3a5a2d569e75
xmodelmesh,#hash_509bc4d52dd26399
xmodelmesh,#hash_509bd696ea245eba
xmodelmesh,#hash_509c4bcfe663822a
xmodelmesh,#hash_50a603e9b6949bcf
xmodelmesh,#hash_50a6880303ca4d7d
xmodelmesh,#hash_50a7429e07f553d9
xmodelmesh,#hash_50a745925d4b4f77
xmodelmesh,d#hash_50a7e38427906d4e
xmodelmesh,#hash_50a88ccdea1f0fb7
xmodelmesh,#hash_50b0b0f6e79d0b42
xmodelmesh,#hash_50b462ffd85d11fc
xmodelmesh,d#hash_50b6c7a9f8af6007
xmodelmesh,#hash_50c2f00bc6f3916b
xmodelmesh,#hash_50c2f60c1b09bc0d
xmodelmesh,#hash_50c8391c35136fea
xmodelmesh,#hash_50cc0f7bb87a5568
xmodelmesh,#hash_50d09f10eb77e1e8
xmodelmesh,#hash_50d46a297cfb4f68
xmodelmesh,#hash_50d97b88ba5a0194
xmodelmesh,#hash_50da6355c3fbc280
xmodelmesh,#hash_50de87aa0a88a357
xmodelmesh,#hash_50e7086ba660225d
xmodelmesh,#hash_50e81519d11d220a
xmodelmesh,#hash_50ea46264ae09cca
xmodelmesh,#hash_50eb5651630c5d6b
xmodelmesh,#hash_50f581653362d167
xmodelmesh,#hash_50f6c7dd06339c44
xmodelmesh,#hash_50f6ebdc8c0f42e2
xmodelmesh,#hash_50fa80a84388af40
xmodelmesh,#hash_50ff5e36fe9a6acb
xmodelmesh,#hash_510c04b93b93bccc
xmodelmesh,#hash_510f8ca94b28f262
xmodelmesh,#hash_511172d668a6d287
xmodelmesh,#hash_51149f1332171131
xmodelmesh,#hash_511527e59f6ae42b
xmodelmesh,#hash_511bbe939ba40652
xmodelmesh,#hash_511c5e0a2c299d64
xmodelmesh,#hash_511de9c547bf7e73
xmodelmesh,#hash_5128f758359b3419
xmodelmesh,d#hash_512a11f96668d725
xmodelmesh,#hash_512ad97e2ab1c2b8
xmodelmesh,#hash_512b9944804e4cef
xmodelmesh,#hash_51339df4ca897c4a
xmodelmesh,#hash_5135ba39e00e197a
xmodelmesh,#hash_5135c6d34c35774a
xmodelmesh,#hash_513dcb3aa75b680c
xmodelmesh,#hash_5142f234f8748adc
xmodelmesh,#hash_514abd58472fa02c
xmodelmesh,#hash_51508055f02c4be5
xmodelmesh,#hash_51552bdfe05a0fb0
xmodelmesh,#hash_51567090a4428fea
xmodelmesh,#hash_515a1f41f36a201f
xmodelmesh,#hash_5160f439c1bb1749
xmodelmesh,#hash_5164b563b9a412c3
xmodelmesh,d#hash_5164d79a682cd297
xmodelmesh,#hash_516a2d3d84f95622
xmodelmesh,#hash_516b274e1a2f8837
xmodelmesh,#hash_516d32ab40422d9d
xmodelmesh,#hash_516f112e65ad89fc
xmodelmesh,#hash_516f7ef6f93c1cc6
xmodelmesh,#hash_5174fbea90b86012
xmodelmesh,#hash_51751c539415a3a3
xmodelmesh,#hash_517c8f98f08c43f8
xmodelmesh,#hash_517e58d090fc869e
xmodelmesh,#hash_51807dd477c4e8c5
xmodelmesh,#hash_518a28a35ae3684b
xmodelmesh,#hash_518b2575941c3b00
xmodelmesh,#hash_518f91e0a5171471
xmodelmesh,#hash_518fd55f4005660e
xmodelmesh,#hash_5193c1ecf751cb4d
xmodelmesh,#hash_51966810465b6d49
xmodelmesh,#hash_519741ebaa84bf61
xmodelmesh,#hash_5197744de1bd7e91
xmodelmesh,d#hash_519c651e5ee3167f
xmodelmesh,#hash_519dd756c709eda0
xmodelmesh,#hash_51aa44c90dcf0838
xmodelmesh,#hash_51aba57169e285a7
xmodelmesh,#hash_51add3b79e5cefa3
xmodelmesh,#hash_51aff6c928010c98
xmodelmesh,#hash_51b6f4717981773a
xmodelmesh,#hash_51bf392e67aae879
xmodelmesh,#hash_51c776ed67024501
xmodelmesh,#hash_51ceb7a5a0e43f47
xmodelmesh,#hash_51cf17a0b7e321c6
xmodelmesh,#hash_51d2e06fd06090b4
xmodelmesh,#hash_51dc94a61c1ed105
xmodelmesh,#hash_51dee0c435188641
xmodelmesh,#hash_51e1327d9a4e25d1
xmodelmesh,#hash_51f1b544528a9028
xmodelmesh,#hash_51f224ab2bd3764f
xmodelmesh,#hash_51f6df51d358f639
xmodelmesh,#hash_51f8a9630f0de59c
xmodelmesh,#hash_5200ce4bc37ecbee
xmodelmesh,#hash_5202684a9c87cd58
xmodelmesh,#hash_520268ce19833cac
xmodelmesh,#hash_5202d1e83ee71651
xmodelmesh,#hash_5204114f40389203
xmodelmesh,#hash_520a2e03d88f27ea
xmodelmesh,d#hash_5211f9454c924217
xmodelmesh,#hash_52125d233ebb3e1a
xmodelmesh,#hash_5214ef43d30306ff
xmodelmesh,#hash_521833127e6c7082
xmodelmesh,#hash_5219116f90dbfc83
xmodelmesh,#hash_521a003e2de81b8e
xmodelmesh,#hash_5224d20231d978da
xmodelmesh,#hash_5229ca01c1723324
xmodelmesh,#hash_52325fa0fa32d654
xmodelmesh,#hash_52369befe94c5d49
xmodelmesh,#hash_52379960f0f4201c
xmodelmesh,#hash_5239a7e0c6ac0249
xmodelmesh,#hash_523b412be7838976
xmodelmesh,#hash_52446b9aac6e3758
xmodelmesh,#hash_524536a8b4314cc4
xmodelmesh,#hash_52460665eaec315e
xmodelmesh,#hash_524ca6d9c3e9ceb8
xmodelmesh,#hash_52536662fae48bdf
xmodelmesh,#hash_525548489c4da307
xmodelmesh,#hash_525561b48682e4fc
xmodelmesh,#hash_5255dcdde8f343a6
xmodelmesh,#hash_5257ac334b523ae9
xmodelmesh,#hash_525a2915981da77b
xmodelmesh,#hash_525cf6a57a8aecfe
xmodelmesh,#hash_52676da127aac207
xmodelmesh,#hash_526a9e33a492610c
xmodelmesh,d#hash_526ef08f958027bd
xmodelmesh,#hash_5270bf37516726af
xmodelmesh,#hash_5277f25b23f93bfc
xmodelmesh,#hash_527a5bb018fab378
xmodelmesh,#hash_527b3fe638beca51
xmodelmesh,#hash_52881659cb9ed52c
xmodelmesh,#hash_528d1141f3f99fbc
xmodelmesh,#hash_52900bbe9b762724
xmodelmesh,#hash_5295832b6bd1a16f
xmodelmesh,#hash_529787310101ae59
xmodelmesh,#hash_529e7abba74f15a4
xmodelmesh,#hash_52a08e4e096e1f25
xmodelmesh,#hash_52a1e6b71efb8296
xmodelmesh,#hash_52a379bd32188a61
xmodelmesh,#hash_52a3bdcfa7b5b22b
xmodelmesh,#hash_52a50bc4b6bb8763
xmodelmesh,#hash_52ac8d82123aaef5
xmodelmesh,#hash_52ad3cc7f924e65b
xmodelmesh,#hash_52b53cf43ab9e3a9
xmodelmesh,#hash_52b5aa19bf2282df
xmodelmesh,#hash_52b716418b92964b
xmodelmesh,#hash_52bd327d8a0eb498
xmodelmesh,#hash_52bf14771e89c5c5
xmodelmesh,#hash_52c104d065d66380
xmodelmesh,#hash_52c2755c99245a9e
xmodelmesh,#hash_52c901ee7d088bb1
xmodelmesh,#hash_52d24133688a8646
xmodelmesh,#hash_52d5a4a377232082
xmodelmesh,#hash_52d7f62230218355
xmodelmesh,#hash_52db5a0e84569577
xmodelmesh,#hash_52dcc584c35a8d83
xmodelmesh,#hash_52e49706ce178d3e
xmodelmesh,#hash_52e5248add09fa9b
xmodelmesh,#hash_52f1712f72a25f39
xmodelmesh,#hash_52fad16019e06cec
xmodelmesh,#hash_52fae2be755adc89
xmodelmesh,#hash_52fe5ba76cfb1a10
xmodelmesh,#hash_53061d55582a86ab
xmodelmesh,#hash_530c4ac80e0831e0
xmodelmesh,#hash_530ea40543970a1c
xmodelmesh,#hash_5310f85e08dcbc4c
xmodelmesh,#hash_53143c3a080b1b27
xmodelmesh,#hash_5316592b94352797
xmodelmesh,#hash_5316ec0e7e258eb2
xmodelmesh,#hash_5319b706465670b7
xmodelmesh,#hash_531ce5e929cc3334
xmodelmesh,#hash_5325e0a970c9bf43
xmodelmesh,#hash_53292911ec0bed75
xmodelmesh,#hash_532edecb054c5ee9
xmodelmesh,#hash_533576b0d9db2d26
xmodelmesh,#hash_53365446efa4b247
xmodelmesh,#hash_533c9ed6f35fc0bc
xmodelmesh,#hash_53422fd91947f68b
xmodelmesh,#hash_53424261f91e5cfa
xmodelmesh,#hash_53426e07b27732cd
xmodelmesh,#hash_534f09aaf3dbadaa
xmodelmesh,#hash_5355be2bb30ea61d
xmodelmesh,#hash_5355f092d7fdc607
xmodelmesh,#hash_535aa649f2d7f240
xmodelmesh,#hash_535add335abf753a
xmodelmesh,#hash_5363414bf7eef4bc
xmodelmesh,#hash_53663d327b79a6d5
xmodelmesh,#hash_5373f81daffaa706
xmodelmesh,#hash_5374382436df39e8
xmodelmesh,#hash_538011c878284391
xmodelmesh,#hash_5381a7b877c3d283
xmodelmesh,#hash_538743d1e7d59ea3
xmodelmesh,#hash_5388efa3efcf8001
xmodelmesh,#hash_5388f71b92d7db11
xmodelmesh,#hash_538a0bf7e3f5cd24
xmodelmesh,#hash_538bc08f9f85d45f
xmodelmesh,#hash_538d018b1c485ebf
xmodelmesh,#hash_53a62f1e0210512f
xmodelmesh,#hash_53a9d1b94c63dc1b
xmodelmesh,#hash_53b41033aba58634
xmodelmesh,#hash_53b4d90f0d641cf5
xmodelmesh,#hash_53b56d16e90c8d54
xmodelmesh,#hash_53b59ff43cdfab56
xmodelmesh,#hash_53bbafafb0ff0701
xmodelmesh,#hash_53be3c01773d1851
xmodelmesh,#hash_53c1484e1ceb6508
xmodelmesh,#hash_53c3291a428d42f6
xmodelmesh,#hash_53c76baa24999435
xmodelmesh,d#hash_53c80942346afe25
xmodelmesh,#hash_53cb8b804e039836
xmodelmesh,#hash_53d18b35874ab539
xmodelmesh,#hash_53dbf37036bfd679
xmodelmesh,#hash_53dcaf94f16e44f0
xmodelmesh,#hash_53df3236287a5232
xmodelmesh,#hash_53e3c3263841e544
xmodelmesh,#hash_53e561db3cad011b
xmodelmesh,#hash_53e56868ebba2dea
xmodelmesh,#hash_53e6cc0332b9c39c
xmodelmesh,#hash_53f0e3be48d4adbd
xmodelmesh,#hash_53f23a3c419cb303
xmodelmesh,#hash_53fe979225f0c84c
xmodelmesh,#hash_5400328d1d3658e9
xmodelmesh,#hash_5400cae4389be84d
xmodelmesh,#hash_54051c1cf605447f
xmodelmesh,#hash_5405338b72ef5abf
xmodelmesh,#hash_5406891a6de9cd62
xmodelmesh,#hash_540740d331c9dda2
xmodelmesh,#hash_540c5aafb6fb4a6f
xmodelmesh,#hash_540ea43071364280
xmodelmesh,#hash_5410088fdb3b5213
xmodelmesh,#hash_54165d6fe34503be
xmodelmesh,#hash_541786b2855eab06
xmodelmesh,#hash_541bb3728164b9fc
xmodelmesh,#hash_541f32453ae1e9d9
xmodelmesh,#hash_541f92be15c0a8b4
xmodelmesh,#hash_542ac0f571229267
xmodelmesh,#hash_5431660b034db75d
xmodelmesh,#hash_5431c39b9429a560
xmodelmesh,#hash_543240461213e7fa
xmodelmesh,d#hash_54364b1731e776d6
xmodelmesh,#hash_54388a047cb9394d
xmodelmesh,#hash_5438e4cdb797ae95
xmodelmesh,#hash_5439508f58996df9
xmodelmesh,#hash_543973acc5d36fb1
xmodelmesh,#hash_543f8dbb1e7c46ec
xmodelmesh,#hash_544594e346a5152e
xmodelmesh,#hash_544c4a4b86f69775
xmodelmesh,#hash_544e8bf1e732c1e1
xmodelmesh,#hash_5455c4e4fa18a988
xmodelmesh,#hash_5458db0d24d1bd94
xmodelmesh,#hash_545e050d09dcb384
xmodelmesh,#hash_545f3adb1e7fdc2a
xmodelmesh,#hash_5465cdba0e7bbd80
xmodelmesh,#hash_54698873c5716724
xmodelmesh,#hash_546de45c9c7607cd
xmodelmesh,#hash_547048db56897e8d
xmodelmesh,#hash_5472bf5045da2565
xmodelmesh,#hash_5476a65bd4a0c3d5
xmodelmesh,#hash_5478feb334afbf4f
xmodelmesh,#hash_54798573904a8ffd
xmodelmesh,#hash_547db97a1f011a5a
xmodelmesh,#hash_547e8d59b90bef46
xmodelmesh,#hash_54813302181a7fb9
xmodelmesh,#hash_54875b18c54ddda9
xmodelmesh,#hash_548acb3ec7c51306
xmodelmesh,#hash_54918ce0890866d0
xmodelmesh,#hash_54922931cdd544fe
xmodelmesh,#hash_549a320548bad9c1
xmodelmesh,#hash_549bb743bd14c2af
xmodelmesh,#hash_549efd7b7b1be600
xmodelmesh,#hash_549f4e79a45903d2
xmodelmesh,#hash_54a15d1558e0cae7
xmodelmesh,#hash_54b248d766faff7e
xmodelmesh,#hash_54b3322f3bd9b316
xmodelmesh,#hash_54b4cc01c9680744
xmodelmesh,#hash_54bbdc9568a9fa65
xmodelmesh,#hash_54bc91a5cff93ef3
xmodelmesh,#hash_54bf42167069f5cd
xmodelmesh,#hash_54c0ee352f1f002a
xmodelmesh,#hash_54c410bac24237e5
xmodelmesh,#hash_54c43ca6dabefed3
xmodelmesh,#hash_54c4ed428670915b
xmodelmesh,#hash_54cb28f2c1880a62
xmodelmesh,d#hash_54cb486bd3b9c5d3
xmodelmesh,#hash_54cbe964344478a1
xmodelmesh,#hash_54d31cbe2acaf2aa
xmodelmesh,#hash_54f0d1f7bd9b09f7
xmodelmesh,#hash_54f25d49cf60ef35
xmodelmesh,#hash_54f4743a13241a5e
xmodelmesh,#hash_54fa8202be6e1752
xmodelmesh,#hash_54fe17a3c6d25712
xmodelmesh,#hash_54ffbd6805cb5713
xmodelmesh,#hash_5509b819a51bb66a
xmodelmesh,#hash_550bf70a26a1c34e
xmodelmesh,#hash_55154529dfa45bbb
xmodelmesh,#hash_5518e1e7362cbcee
xmodelmesh,d#hash_551b9d2fa95552ab
xmodelmesh,#hash_5524726280488641
xmodelmesh,#hash_5524a01da0841e3a
xmodelmesh,#hash_55282ed1ca2a8ab8
xmodelmesh,#hash_5529300c7bf45713
xmodelmesh,#hash_552ae3f4ffadbad0
xmodelmesh,#hash_552ba70461ce472b
xmodelmesh,#hash_552c755d9b8e3ee9
xmodelmesh,#hash_552e5efad34e4a8a
xmodelmesh,#hash_552fd57a0eabd9b3
xmodelmesh,#hash_5534541900cce2d5
xmodelmesh,#hash_5534da8154b249b3
xmodelmesh,#hash_55358949889481e0
xmodelmesh,#hash_55389aae4ff3c758
xmodelmesh,#hash_553cca2c714f7061
xmodelmesh,#hash_553fcfdc5a057ab2
xmodelmesh,#hash_55450442bc645d51
xmodelmesh,#hash_55459acb0e08c9cf
xmodelmesh,#hash_554beb3f7f7bbcd9
xmodelmesh,#hash_554cbf37c61586d8
xmodelmesh,#hash_55574c02904c5ec3
xmodelmesh,#hash_5559b06de9bcab72
xmodelmesh,#hash_5567119eb33e63bb
xmodelmesh,#hash_556880a986e8561b
xmodelmesh,#hash_556bb755cd9c1203
xmodelmesh,#hash_557b9a7bdabeba18
xmodelmesh,#hash_5581b8ffbf9ee55c
xmodelmesh,d#hash_5582088c5ead9ff4
xmodelmesh,#hash_55825f6e76fd27e0
xmodelmesh,#hash_5582bf54e94cb687
xmodelmesh,#hash_558fa7f7991d1283
xmodelmesh,#hash_559282d46902dd97
xmodelmesh,#hash_55936f8f48fca79f
xmodelmesh,#hash_559e11c5844327db
xmodelmesh,#hash_559f4ad63efb2465
xmodelmesh,#hash_55b38102e8ca4a0c
xmodelmesh,#hash_55b40698f2abcd4c
xmodelmesh,#hash_55b58cbcb3fa95c1
xmodelmesh,#hash_55b590b97358cbbd
xmodelmesh,#hash_55b7d0f0aaabb82b
xmodelmesh,#hash_55be8f65e5393d66
xmodelmesh,#hash_55bf1a7b4577c15e
xmodelmesh,#hash_55bf5b96e6838c7a
xmodelmesh,#hash_55c25830bc119879
xmodelmesh,#hash_55c3df315ded32d3
xmodelmesh,#hash_55c57d90aa7062d2
xmodelmesh,#hash_55c5eb5944246edf
xmodelmesh,#hash_55c6b8b3d25d7ff5
xmodelmesh,#hash_55c9985c84f4d36b
xmodelmesh,#hash_55cace2e2de937c3
xmodelmesh,#hash_55cd0ab5f5ebe903
xmodelmesh,#hash_55d5bb5ddb6551a7
xmodelmesh,#hash_55dbf5395fbfff5e
xmodelmesh,#hash_55dc1f9a6544b67d
xmodelmesh,#hash_55defe613a3a5e50
xmodelmesh,#hash_55e047d760d6f900
xmodelmesh,#hash_55e06d5d56bbb193
xmodelmesh,#hash_55e32ea891e484c4
xmodelmesh,#hash_55f16dbaa4ece03b
xmodelmesh,#hash_55fa4214ab9f5402
xmodelmesh,d#hash_5606788d3b899aff
xmodelmesh,#hash_5609692237523319
xmodelmesh,#hash_560bca2d675a93e8
xmodelmesh,#hash_561053d33e6147d4
xmodelmesh,#hash_561244b25ea40335
xmodelmesh,#hash_561885056c0af55e
xmodelmesh,#hash_561b4765207f76ef
xmodelmesh,#hash_56216757b1cdb364
xmodelmesh,#hash_562215c9897ff355
xmodelmesh,#hash_56245b5c8e504f9c
xmodelmesh,#hash_5624e022bac2a54c
xmodelmesh,#hash_562ac6ecf2caaadf
xmodelmesh,#hash_562eea1f0fe857dc
xmodelmesh,#hash_5632770b768ca228
xmodelmesh,#hash_563494215a72b7b8
xmodelmesh,#hash_56390cee5a034f60
xmodelmesh,#hash_563f08cad10529a9
xmodelmesh,#hash_56432e79448366d8
xmodelmesh,#hash_564459c7834c3287
xmodelmesh,#hash_564601e5109bdb7d
xmodelmesh,#hash_56463fdb6acde669
xmodelmesh,d#hash_56477e9e96966c39
xmodelmesh,#hash_5654ac764b196eaa
xmodelmesh,#hash_5655a75b6ad86bf8
xmodelmesh,#hash_5656ab478ce15675
xmodelmesh,#hash_5659ea652448eba7
xmodelmesh,#hash_565b7ea1ebe8522b
xmodelmesh,#hash_565cace42dbb0bdc
xmodelmesh,#hash_565d2799f0451bd5
xmodelmesh,#hash_56602565ff11d41f
xmodelmesh,#hash_56602a15118d49e7
xmodelmesh,#hash_566049b4ba49acee
xmodelmesh,#hash_56629004c617aebd
xmodelmesh,#hash_56789acd4d9a3021
xmodelmesh,#hash_567a20328a79434d
xmodelmesh,#hash_567b640b0cb3f963
xmodelmesh,#hash_567b6d8c840bcefe
xmodelmesh,#hash_567ef96db15d6f71
xmodelmesh,#hash_567f3504d47585e1
xmodelmesh,#hash_567f70d959770f85
xmodelmesh,#hash_568234d2d1d21021
xmodelmesh,#hash_56870ddb1ca91e10
xmodelmesh,#hash_568a10b90c4a105a
xmodelmesh,#hash_5691ef47e3b74c96
xmodelmesh,#hash_56981131373d4b71
xmodelmesh,#hash_569a2335e3d782e7
xmodelmesh,#hash_569efdcf9843b0a4
xmodelmesh,#hash_56a53cf01b78dce9
xmodelmesh,#hash_56b0ccd4aa3e7e42
xmodelmesh,#hash_56bd7fe1375baf76
xmodelmesh,#hash_56be3803123c4c85
xmodelmesh,#hash_56c5f12a1233e6e4
xmodelmesh,#hash_56c5f3c50803be1b
xmodelmesh,#hash_56cc717fcb8c1425
xmodelmesh,#hash_56cdf01d26513e35
xmodelmesh,#hash_56ceeb12dbb2aa3b
xmodelmesh,#hash_56d2d526f754dc37
xmodelmesh,#hash_56d55c23c1b105fc
xmodelmesh,#hash_56d9416ce310d939
xmodelmesh,#hash_56e10cde48950dd5
xmodelmesh,#hash_56e232b6f5be2b88
xmodelmesh,#hash_56f9bec1a607ae49
xmodelmesh,#hash_5701964bf49df85d
xmodelmesh,#hash_5708169dbae73a1e
xmodelmesh,#hash_570a0ff7082fc677
xmodelmesh,#hash_570af4b0abe15f22
xmodelmesh,#hash_570b10b057c22206
xmodelmesh,#hash_57115ff8a408fe1d
xmodelmesh,#hash_5713893c13c3f9d8
xmodelmesh,#hash_5717d00270616db5
xmodelmesh,#hash_571cb4014ebe1c89
xmodelmesh,#hash_571dbedc85f644e4
xmodelmesh,#hash_57248c9ea6877e4b
xmodelmesh,#hash_572939d5a1c292bd
xmodelmesh,#hash_572b4fc11f2d13c4
xmodelmesh,#hash_572bbf10ccdff02e
xmodelmesh,#hash_5733816f056ff7e3
xmodelmesh,#hash_573706cee986c322
xmodelmesh,#hash_5739e9afc1870e0b
xmodelmesh,#hash_57475a11333c8338
xmodelmesh,#hash_5749b5cd74eb9c0d
xmodelmesh,#hash_574f42fed7ca1228
xmodelmesh,#hash_5756b10913e44e57
xmodelmesh,#hash_575a629e664d9862
xmodelmesh,#hash_575ec43b2463c666
xmodelmesh,#hash_575fac70fecfbecd
xmodelmesh,#hash_57626bae9a6a4694
xmodelmesh,#hash_57678dd97b6a6f99
xmodelmesh,#hash_5767d094500e6818
xmodelmesh,#hash_5777d0b407d0640e
xmodelmesh,#hash_5778fe379f954f69
xmodelmesh,#hash_577983183c154336
xmodelmesh,#hash_577cc96f312bd582
xmodelmesh,#hash_5782f5e0e821b8fd
xmodelmesh,#hash_5784bc82f4b5ef82
xmodelmesh,#hash_578cbd8475f2891a
xmodelmesh,#hash_578cf12e7dde19c0
xmodelmesh,#hash_57970a7130518426
xmodelmesh,#hash_57975f4941ca5e4b
xmodelmesh,#hash_579c96b8b8f905b7
xmodelmesh,#hash_57a2c996f3cfe559
xmodelmesh,#hash_57a590af44b21a95
xmodelmesh,#hash_57a95bd316c4aff4
xmodelmesh,#hash_57b262dcf57e3e31
xmodelmesh,#hash_57baed3f7662b73e
xmodelmesh,#hash_57bf0823b324cfd6
xmodelmesh,#hash_57c3cc99d9554900
xmodelmesh,#hash_57c8b85c4e39cc85
xmodelmesh,#hash_57c8e91c1551a1a4
xmodelmesh,#hash_57cde4b69a2e00a6
xmodelmesh,#hash_57d0885d4a9fb6ea
xmodelmesh,#hash_57d2f36fea4ae25b
xmodelmesh,#hash_57df6d7a1c7ebdeb
xmodelmesh,#hash_57e05b74e1885da7
xmodelmesh,#hash_57e19461efec18c9
xmodelmesh,#hash_57eca0b944022f4c
xmodelmesh,#hash_57f9a0f52d81cab9
xmodelmesh,#hash_57fd1566962e75ce
xmodelmesh,#hash_57fe48103e2e665b
xmodelmesh,#hash_5802f888e8a78387
xmodelmesh,#hash_580593a0f793cf05
xmodelmesh,#hash_5807ddd04e0bc1c0
xmodelmesh,#hash_580bb7448745d253
xmodelmesh,#hash_580e27432dc08361
xmodelmesh,#hash_581dbad93ec98519
xmodelmesh,#hash_582846569481a511
xmodelmesh,#hash_5829b1394fe765f4
xmodelmesh,#hash_583a36fc258cd8da
xmodelmesh,#hash_583c745db3aa0883
xmodelmesh,#hash_58404f2aa546a342
xmodelmesh,#hash_5840c0e9b63e5aab
xmodelmesh,#hash_58410a618be683d7
xmodelmesh,#hash_58451bdd6d8274fe
xmodelmesh,#hash_58504c2f1526f0a2
xmodelmesh,#hash_58558a62395bafd6
xmodelmesh,#hash_58564a2698bc54f0
xmodelmesh,#hash_585b24fa046ad228
xmodelmesh,#hash_586aad26acdf80d4
xmodelmesh,#hash_5871c9ad7942f66e
xmodelmesh,#hash_58734abd1c54a86f
xmodelmesh,d#hash_587800cb4ddab4e2
xmodelmesh,d#hash_587d11e617d452a0
xmodelmesh,#hash_587ed5ac61149f72
xmodelmesh,#hash_588e9522d43ceef1
xmodelmesh,#hash_5895e6edc5c12c1d
xmodelmesh,#hash_5895f6ce2ef870a9
xmodelmesh,#hash_58983b0af4b62429
xmodelmesh,#hash_589d21ee4f8cd1e9
xmodelmesh,#hash_589edd65226acd51
xmodelmesh,#hash_58a2726a3b3e8640
xmodelmesh,#hash_58a40e65eac4b226
xmodelmesh,#hash_58a5cbeac833628b
xmodelmesh,#hash_58a91eaf0d86f298
xmodelmesh,#hash_58ac74a312002b24
xmodelmesh,#hash_58b06dfb8ef3ef49
xmodelmesh,#hash_58b1c5bcc4a2a9f3
xmodelmesh,#hash_58b4010209bb8ca9
xmodelmesh,#hash_58b6ccf6e1e816f1
xmodelmesh,#hash_58b9e3dd0340dae4
xmodelmesh,#hash_58bd626a74c7f5c9
xmodelmesh,#hash_58bd93b13325a3dc
xmodelmesh,#hash_58bf38dfd51d21b6
xmodelmesh,#hash_58c09455c52ff963
xmodelmesh,d#hash_58c3c85cbef755ff
xmodelmesh,#hash_58c45656d503476a
xmodelmesh,#hash_58c690eddc85f2ff
xmodelmesh,#hash_58ca789e443efe0c
xmodelmesh,#hash_58cbff0e9575cda1
xmodelmesh,d#hash_58cd0f65329c2016
xmodelmesh,#hash_58cfca562adf4954
xmodelmesh,#hash_58d11baa79db367d
xmodelmesh,#hash_58d5357dc17d933b
xmodelmesh,#hash_58d60cfe3d7c099e
xmodelmesh,d#hash_58d884ac0c0a98f3
xmodelmesh,#hash_58da753648477648
xmodelmesh,#hash_58df3c636e87882c
xmodelmesh,#hash_58e073873093efd9
xmodelmesh,#hash_58e5c1b05d3db705
xmodelmesh,#hash_58e87ff0ac39ae1c
xmodelmesh,#hash_58ebbee98fc101af
xmodelmesh,#hash_58ed7b87bb5062d3
xmodelmesh,#hash_58fb406c150dab6e
xmodelmesh,#hash_58fb525c0132e9b2
xmodelmesh,#hash_58fe8c45b12e986b
xmodelmesh,#hash_590168c5ae814ac1
xmodelmesh,#hash_59040cfe349a8506
xmodelmesh,#hash_590f81157ec208af
xmodelmesh,#hash_591700e7d759631b
xmodelmesh,#hash_591c119f4ce18a11
xmodelmesh,#hash_591d938a967833a2
xmodelmesh,#hash_592198c41855eb63
xmodelmesh,#hash_5924a722bcd77121
xmodelmesh,#hash_5929fbd90e79f626
xmodelmesh,#hash_592c2e052c6a5e3f
xmodelmesh,#hash_592e35af9b9ceb8e
xmodelmesh,#hash_5933fd39b3d4c38c
xmodelmesh,#hash_5936ea928b4aa05b
xmodelmesh,#hash_593952f28744b4b9
xmodelmesh,#hash_593a678435316d3b
xmodelmesh,#hash_593bce148affb338
xmodelmesh,#hash_593fbf3ba847b5ad
xmodelmesh,#hash_59415a205637ee6a
xmodelmesh,#hash_5941e60d6d36e3d7
xmodelmesh,#hash_594c3b230ebd0555
xmodelmesh,#hash_594d18145263a86e
xmodelmesh,#hash_5951b4ae78a43c80
xmodelmesh,#hash_5953d29199d95029
xmodelmesh,#hash_595ca6945e0adba6
xmodelmesh,#hash_59601f8ccd2689bc
xmodelmesh,#hash_59631433018e78e6
xmodelmesh,#hash_5972c446048b15ab
xmodelmesh,#hash_597b7c57a3f5561d
xmodelmesh,#hash_597ba33b14fb97d9
xmodelmesh,#hash_597d4fac4bcaf845
xmodelmesh,#hash_5988cd97c789c91e
xmodelmesh,#hash_598e9f2531d74f88
xmodelmesh,#hash_5990494ee59cba35
xmodelmesh,#hash_5993c9cdf668f3c2
xmodelmesh,#hash_5996088e6340b6c2
xmodelmesh,#hash_599a84126c740bef
xmodelmesh,#hash_599d29ceab68a84b
xmodelmesh,#hash_599d4c0e9921eced
xmodelmesh,#hash_59a0345e973a0a8e
xmodelmesh,#hash_59a4f93c31f481aa
xmodelmesh,#hash_59a5a0f42a44e635
xmodelmesh,d#hash_59a5efb175009b60
xmodelmesh,#hash_59ac5d6391ed13b7
xmodelmesh,#hash_59ac81a83bf77626
xmodelmesh,#hash_59adaf41fa25430a
xmodelmesh,#hash_59afb25768ecfa93
xmodelmesh,#hash_59b12f96b57d2991
xmodelmesh,#hash_59b48bcb52386ba7
xmodelmesh,#hash_59bbaeffe3efd5b7
xmodelmesh,#hash_59bea78d630c1f17
xmodelmesh,#hash_59bec88c15e16c17
xmodelmesh,#hash_59c04a4013e5d713
xmodelmesh,#hash_59c0f43287423cc4
xmodelmesh,#hash_59c4dfa6c1605921
xmodelmesh,#hash_59c52a1a863d3c2f
xmodelmesh,#hash_59cc7da023900ed6
xmodelmesh,#hash_59cc88b845b4d423
xmodelmesh,#hash_59d15107377f7738
xmodelmesh,#hash_59d1ceafc1df3a62
xmodelmesh,#hash_59d3f8c5f5838c27
xmodelmesh,#hash_59da672c9dfcfb99
xmodelmesh,#hash_59dd7e6b819b535f
xmodelmesh,#hash_59ded0928fd28a29
xmodelmesh,#hash_59e3ce1208b5810b
xmodelmesh,#hash_59e4c362350073f5
xmodelmesh,#hash_59e55b1ace3cb4f6
xmodelmesh,#hash_59e750f0cf561ddc
xmodelmesh,#hash_59e7dd15ce7985f5
xmodelmesh,#hash_59e8fb014036a092
xmodelmesh,#hash_59e94e646398ce05
xmodelmesh,#hash_59ef0beae6e9bb13
xmodelmesh,#hash_59f3bf8ddfc7edcc
xmodelmesh,#hash_59f7dce2ff8d59f7
xmodelmesh,#hash_59fa7fe33784d8ab
xmodelmesh,#hash_59fc1eeca678a720
xmodelmesh,#hash_5a0439f412f759ba
xmodelmesh,#hash_5a0705f2d415e8ba
xmodelmesh,#hash_5a0dc58f5df4d08e
xmodelmesh,#hash_5a0ea196a8502fdd
xmodelmesh,#hash_5a10bb091364ee15
xmodelmesh,#hash_5a10ee620264bc31
xmodelmesh,#hash_5a12d2f30bd7dda8
xmodelmesh,#hash_5a137776aa996a55
xmodelmesh,#hash_5a1390e84b17bfdc
xmodelmesh,#hash_5a147fdd320467ba
xmodelmesh,#hash_5a1b3c98948e876a
xmodelmesh,#hash_5a1f6bfc1511c84e
xmodelmesh,#hash_5a2394113aa865c3
xmodelmesh,#hash_5a2398a34a05227b
xmodelmesh,#hash_5a2dce9f985c3ea7
xmodelmesh,d#hash_5a36082519d24182
xmodelmesh,#hash_5a3ebbf4526f71d3
xmodelmesh,#hash_5a3fa0a0dfe166e1
xmodelmesh,#hash_5a3fb98aaf892201
xmodelmesh,#hash_5a3fe42e44925db8
xmodelmesh,#hash_5a4724db629a20a0
xmodelmesh,#hash_5a4c3173d0c921ee
xmodelmesh,#hash_5a4c6a24c4a4acbb
xmodelmesh,#hash_5a4e9648298fc8a6
xmodelmesh,#hash_5a4eedb159dbd87c
xmodelmesh,#hash_5a62e53c343ca2d7
xmodelmesh,#hash_5a65d970e965740c
xmodelmesh,#hash_5a65fcad76d1724c
xmodelmesh,#hash_5a68932eb66409fc
xmodelmesh,#hash_5a6da89e2127d8d4
xmodelmesh,#hash_5a6f65d7547cb7e8
xmodelmesh,d#hash_5a77f25b4c60c6b0
xmodelmesh,#hash_5a79f60cc669ed3c
xmodelmesh,#hash_5a7ae375ed3bb424
xmodelmesh,#hash_5a7be48cbb662e85
xmodelmesh,#hash_5a7c76ddc3d7bc50
xmodelmesh,#hash_5a8327b241cc65e5
xmodelmesh,#hash_5a8951f7f29600b8
xmodelmesh,#hash_5a8b5324dd4f0d1e
xmodelmesh,#hash_5a8b62a289c28192
xmodelmesh,#hash_5a8c47b8920f2cf3
xmodelmesh,#hash_5a92394fad9eaf4f
xmodelmesh,#hash_5a9d42fc103719d3
xmodelmesh,#hash_5a9ef5a17ecea7ec
xmodelmesh,#hash_5aa192cb918f90a2
xmodelmesh,#hash_5aa3ee394263d581
xmodelmesh,#hash_5aa7703b6513d599
xmodelmesh,#hash_5aa83a97d5ab35b1
xmodelmesh,#hash_5aaf718775704c80
xmodelmesh,#hash_5ab0918e40272179
xmodelmesh,#hash_5ab384ccafe3c530
xmodelmesh,#hash_5ac4e0559ce5a50b
xmodelmesh,#hash_5ac910b6e9792960
xmodelmesh,#hash_5acceee0d718241a
xmodelmesh,#hash_5aceab79d77cb7fc
xmodelmesh,#hash_5ad230b30c9b8662
xmodelmesh,#hash_5ad6a7ef7445ee75
xmodelmesh,#hash_5ad8edf9c73a2d94
xmodelmesh,#hash_5ada2d48dec3f6df
xmodelmesh,#hash_5adaa165923e489e
xmodelmesh,#hash_5adce0718076b2d6
xmodelmesh,#hash_5ae4354673c8756f
xmodelmesh,#hash_5ae61301d3977ad3
xmodelmesh,#hash_5ae8127242e0ba71
xmodelmesh,#hash_5aeaa17d6c4d4a58
xmodelmesh,#hash_5aec2f379c799860
xmodelmesh,#hash_5af0a905a4ee96cc
xmodelmesh,#hash_5af761f9fa167042
xmodelmesh,#hash_5afb2ecd56c786bb
xmodelmesh,#hash_5afda28722e1bdb0
xmodelmesh,#hash_5afdea70cf1e4064
xmodelmesh,#hash_5aff7690054b560d
xmodelmesh,#hash_5b0c9b2f68730acd
xmodelmesh,#hash_5b0ee5cf7884cfc8
xmodelmesh,#hash_5b13ba460dfecf0a
xmodelmesh,#hash_5b14f3961a461020
xmodelmesh,#hash_5b15c4089eaafac6
xmodelmesh,#hash_5b1eccc62d33445b
xmodelmesh,#hash_5b25dc68b039bbdb
xmodelmesh,#hash_5b2810b038abe636
xmodelmesh,#hash_5b296dcb2d9e334f
xmodelmesh,#hash_5b2a8df76998daad
xmodelmesh,#hash_5b2dfa463edb6e86
xmodelmesh,#hash_5b2ea507b0e4f227
xmodelmesh,#hash_5b2ffa6a9a9d63ad
xmodelmesh,#hash_5b32679a8019a567
xmodelmesh,#hash_5b37f4cd5570ec95
xmodelmesh,#hash_5b41c942f2f69abb
xmodelmesh,#hash_5b4e263a30beab2b
xmodelmesh,#hash_5b50e601c70256c1
xmodelmesh,#hash_5b52ea0261a34ce6
xmodelmesh,#hash_5b58126417b541ed
xmodelmesh,#hash_5b63361d65282f74
xmodelmesh,#hash_5b659be7c171b3b9
xmodelmesh,#hash_5b65d8ca2e5359f3
xmodelmesh,#hash_5b691318087689c9
xmodelmesh,#hash_5b6ab70ea8ff4a89
xmodelmesh,#hash_5b6c26d9fd04a141
xmodelmesh,#hash_5b6cd80d88f2d85b
xmodelmesh,#hash_5b750afd9aa370dc
xmodelmesh,#hash_5b76c66e94d8be4f
xmodelmesh,#hash_5b7aa31e201662b0
xmodelmesh,#hash_5b7bafb706af9e74
xmodelmesh,#hash_5b7fd59914e83e66
xmodelmesh,d#hash_5b86037897a4c805
xmodelmesh,#hash_5b89d1c98872a278
xmodelmesh,#hash_5b8ab2b86a390493
xmodelmesh,#hash_5b8e94ffb6b20f8f
xmodelmesh,#hash_5b9849f96b132c62
xmodelmesh,#hash_5b9d5757cc740652
xmodelmesh,#hash_5ba201352ee10794
xmodelmesh,#hash_5ba441c3f198bdb5
xmodelmesh,d#hash_5ba6244c6fdc65de
xmodelmesh,#hash_5baa31a9f24b77e7
xmodelmesh,#hash_5bab27c5c3235f3c
xmodelmesh,#hash_5bb160366d49b07c
xmodelmesh,#hash_5bb3cca0c3b53f94
xmodelmesh,#hash_5bb9c9672d5d50fb
xmodelmesh,#hash_5bbf3bafc8158ac8
xmodelmesh,#hash_5bbf56248e0982cf
xmodelmesh,#hash_5bc082b51d16fb42
xmodelmesh,#hash_5bd85630aba66961
xmodelmesh,#hash_5be091082edccb05
xmodelmesh,#hash_5be1299a057fba2f
xmodelmesh,#hash_5be82a35acfc6cbc
xmodelmesh,#hash_5bebcd7a8b7a3b75
xmodelmesh,#hash_5bf1d087908f4667
xmodelmesh,#hash_5bf72ce97dbf61cc
xmodelmesh,#hash_5bfd331f2bbc7cdf
xmodelmesh,#hash_5bffc9a6b5af799c
xmodelmesh,#hash_5bffe6a426f70b73
xmodelmesh,#hash_5c001d90ad58fcaf
xmodelmesh,#hash_5c0ca7dba78f2c31
xmodelmesh,#hash_5c1270deb2a92999
xmodelmesh,#hash_5c19a17f0f0ed370
xmodelmesh,#hash_5c1e281f84bfbd14
xmodelmesh,#hash_5c21dafa5db5439e
xmodelmesh,#hash_5c21e20d73b87c0d
xmodelmesh,#hash_5c22bd7316ce4ef7
xmodelmesh,#hash_5c26c769c20ff84e
xmodelmesh,#hash_5c282f91a0aa6a1f
xmodelmesh,#hash_5c2cc58fc41469eb
xmodelmesh,#hash_5c2d0c6d4f28b9a5
xmodelmesh,d#hash_5c344bb95629e186
xmodelmesh,#hash_5c376dce6cf5c9b7
xmodelmesh,#hash_5c37d5c073b06340
xmodelmesh,#hash_5c3848f2fd07dc34
xmodelmesh,#hash_5c3ced79800aa542
xmodelmesh,#hash_5c3d2f757b5f152c
xmodelmesh,#hash_5c435ddef86d22f9
xmodelmesh,#hash_5c4465f61eb0bf75
xmodelmesh,#hash_5c477681b62c57f9
xmodelmesh,#hash_5c4d13cccdcd6a1a
xmodelmesh,#hash_5c6367d3e0770ac4
xmodelmesh,#hash_5c684c5571fab37f
xmodelmesh,#hash_5c70c6be710a2a32
xmodelmesh,#hash_5c75a8084555b45a
xmodelmesh,#hash_5c7a897c3644e1d3
xmodelmesh,#hash_5c7cc2d0b14f1952
xmodelmesh,#hash_5c7f8e96bb56ed48
xmodelmesh,#hash_5c838d379482a2f8
xmodelmesh,#hash_5c84c715b3dc061a
xmodelmesh,#hash_5c86c7d33d4c9bfb
xmodelmesh,#hash_5c8787f96f589c1d
xmodelmesh,#hash_5c88cce0ec9cf6be
xmodelmesh,#hash_5c8ee0f2cf482141
xmodelmesh,#hash_5c9529ff4e5a7ea3
xmodelmesh,#hash_5c9546c8cf0aff4c
xmodelmesh,#hash_5c97aacf155975c5
xmodelmesh,#hash_5c9856eced686e9b
xmodelmesh,#hash_5c98f69c87c26bcf
xmodelmesh,#hash_5c9e08a0e4e35efa
xmodelmesh,#hash_5ca08814d33b2ee3
xmodelmesh,#hash_5ca481b26c5a1124
xmodelmesh,#hash_5ca5a47e6179f92d
xmodelmesh,#hash_5cad9471555d184d
xmodelmesh,#hash_5cafad7d9d0fda32
xmodelmesh,#hash_5cafbb614291870f
xmodelmesh,#hash_5cb2c1270285482e
xmodelmesh,#hash_5cb3879c61e57707
xmodelmesh,#hash_5cb607d56d891984
xmodelmesh,#hash_5cb6351ab47a5ed9
xmodelmesh,#hash_5cb68664215f6316
xmodelmesh,#hash_5cb9972517b14337
xmodelmesh,#hash_5cbd1d23264cf913
xmodelmesh,#hash_5cbf3ff9f8a27fae
xmodelmesh,#hash_5ccf1158232a8842
xmodelmesh,#hash_5cdbd581f09e3af2
xmodelmesh,#hash_5cdca48edea21f04
xmodelmesh,#hash_5cdf258e709f4fe8
xmodelmesh,#hash_5ce2a270a870e669
xmodelmesh,d#hash_5ce326ddd7e6e04b
xmodelmesh,#hash_5ce5063ebcdf4e9d
xmodelmesh,#hash_5ce6a7cce8e17288
xmodelmesh,#hash_5ceaa1217c548faa
xmodelmesh,#hash_5cf07543b83e614b
xmodelmesh,#hash_5cf19e0ede52ee8b
xmodelmesh,#hash_5cf4656d7b8b3be2
xmodelmesh,#hash_5cf4c523cb9f6ac8
xmodelmesh,#hash_5cf9818a501ed4c1
xmodelmesh,#hash_5cfa8349559f30eb
xmodelmesh,#hash_5cfd4df80ea23614
xmodelmesh,#hash_5cffde4decf3c296
xmodelmesh,#hash_5d01e82a2e08753c
xmodelmesh,#hash_5d023080ba75ee6c
xmodelmesh,#hash_5d057c07eb34ad15
xmodelmesh,#hash_5d09a04e087581e8
xmodelmesh,#hash_5d09ced4d4a9bc6f
xmodelmesh,#hash_5d0f75da86524ef7
xmodelmesh,#hash_5d10917d2d9c1520
xmodelmesh,#hash_5d17acab17ca494d
xmodelmesh,#hash_5d1b83e2ccee8007
xmodelmesh,#hash_5d205702903550dc
xmodelmesh,#hash_5d3392f76edc982d
xmodelmesh,#hash_5d3d67e197e47969
xmodelmesh,#hash_5d3df2da5b1c8b02
xmodelmesh,#hash_5d4a2e706f21968e
xmodelmesh,#hash_5d4e0e9a67f0ef63
xmodelmesh,#hash_5d57700657ad111a
xmodelmesh,#hash_5d5846885fecbfb8
xmodelmesh,#hash_5d5a12d7d0902534
xmodelmesh,#hash_5d6a3ff4615e8a75
xmodelmesh,#hash_5d71abb0a3690d59
xmodelmesh,#hash_5d71f5f4f4bb63e7
xmodelmesh,#hash_5d763e05ec643998
xmodelmesh,#hash_5d7e62dfa8669b99
xmodelmesh,#hash_5d7f35e3c1c60ecb
xmodelmesh,#hash_5d80eeaa06d04662
xmodelmesh,#hash_5d829a6b2896562e
xmodelmesh,#hash_5d8a2203f2be30d3
xmodelmesh,#hash_5d8dab6df6eb8f16
xmodelmesh,#hash_5d9809bff728183b
xmodelmesh,#hash_5d9992af6ea693ce
xmodelmesh,#hash_5dab7d924f0d26f5
xmodelmesh,#hash_5daeacdb4260124c
xmodelmesh,#hash_5db2a6c445cb1806
xmodelmesh,#hash_5db388a7cda8e2df
xmodelmesh,#hash_5db4c97c3e19b756
xmodelmesh,#hash_5db791089a9b32a9
xmodelmesh,#hash_5db80c865b3eed3f
xmodelmesh,#hash_5dba14cfaa6fc956
xmodelmesh,#hash_5dbaaa009f6a7921
xmodelmesh,#hash_5dbb840c89caf79d
xmodelmesh,#hash_5dbdd2d894efbb7d
xmodelmesh,#hash_5dbe1e782d061ce2
xmodelmesh,#hash_5dc0bbe4a930d1ca
xmodelmesh,#hash_5dc10cb0bc06d344
xmodelmesh,#hash_5dc5bb0b05c9c2cf
xmodelmesh,#hash_5dc5d1e027cf0fe1
xmodelmesh,#hash_5dd598abd44b54b6
xmodelmesh,#hash_5ddcff024ea66185
xmodelmesh,#hash_5ddd28d052cb3fc3
xmodelmesh,#hash_5de25c8c0f7b35af
xmodelmesh,#hash_5de4f7a0098eba0e
xmodelmesh,d#hash_5de6f04a06a4a5b8
xmodelmesh,#hash_5dec7c7ee81cd8b0
xmodelmesh,#hash_5dec7ca4034ac234
xmodelmesh,#hash_5dee07b3e0eb386a
xmodelmesh,#hash_5defb5a55fbf9e74
xmodelmesh,#hash_5df7f0768a79f43b
xmodelmesh,#hash_5e0439a5089dc482
xmodelmesh,#hash_5e04ef2a3917bc24
xmodelmesh,#hash_5e06b63e411225c4
xmodelmesh,#hash_5e07fede0513404d
xmodelmesh,#hash_5e09fbd53d5e68f5
xmodelmesh,#hash_5e0bd53d77032bd3
xmodelmesh,#hash_5e0f6089e39c758e
xmodelmesh,#hash_5e1380a5b351f462
xmodelmesh,#hash_5e24ca1394c9ae23
xmodelmesh,#hash_5e25fad249048392
xmodelmesh,#hash_5e283d68133f8c9a
xmodelmesh,#hash_5e35066ae4ba94eb
xmodelmesh,#hash_5e397c2b783bc7e6
xmodelmesh,#hash_5e3e9077b89b5e7a
xmodelmesh,#hash_5e3f4c3f2b03ecf0
xmodelmesh,#hash_5e41060c176e8d69
xmodelmesh,#hash_5e41560ab72ec2f2
xmodelmesh,#hash_5e41a00bfb89f55f
xmodelmesh,#hash_5e48adfd605ad9bc
xmodelmesh,#hash_5e4bc0f19ab2b7e5
xmodelmesh,#hash_5e4f7996f7476eda
xmodelmesh,#hash_5e5419eeb219d1f6
xmodelmesh,#hash_5e5aa900923cf760
xmodelmesh,#hash_5e5c1aefd3c049c9
xmodelmesh,#hash_5e60239438ce7d09
xmodelmesh,#hash_5e60527146f64b09
xmodelmesh,#hash_5e6486549006100e
xmodelmesh,#hash_5e67f13d8137754f
xmodelmesh,#hash_5e737807dcc48e5c
xmodelmesh,#hash_5e7518e568c17fee
xmodelmesh,#hash_5e766f43576fc8b8
xmodelmesh,#hash_5e76c80c125cb350
xmodelmesh,#hash_5e78fffe1c85197e
xmodelmesh,#hash_5e81fd07578cc5be
xmodelmesh,#hash_5e88f31dc7f5479f
xmodelmesh,#hash_5e8b78980b2aab90
xmodelmesh,#hash_5e8f533be04468c4
xmodelmesh,#hash_5e91f45a6dc8ac27
xmodelmesh,#hash_5e9bebd94ce20643
xmodelmesh,#hash_5ea111e1ab2d90f0
xmodelmesh,#hash_5ea438489340eb7c
xmodelmesh,#hash_5ea44a049fc4a81d
xmodelmesh,#hash_5ea6accf8b6942d8
xmodelmesh,#hash_5ea9eb8d4ff32717
xmodelmesh,#hash_5eaad59d364bddd4
xmodelmesh,d#hash_5eab01b9f58a22ad
xmodelmesh,#hash_5eb1817c3b281f4f
xmodelmesh,#hash_5eb1aea3c4bc9923
xmodelmesh,#hash_5eb4bc8fdcf2175d
xmodelmesh,#hash_5eb54935e7d0a11c
xmodelmesh,#hash_5ec18398ff3cb824
xmodelmesh,#hash_5ec7d7e307e3f827
xmodelmesh,#hash_5ec90e26fea04b44
xmodelmesh,d#hash_5ecab48f24c961d9
xmodelmesh,#hash_5ecc7933ba4d1363
xmodelmesh,#hash_5ecce9a213a881df
xmodelmesh,#hash_5ed5f6868defde6e
xmodelmesh,#hash_5edaf63217fd1357
xmodelmesh,#hash_5ee578d1181ddc08
xmodelmesh,#hash_5ee6bded815e813c
xmodelmesh,#hash_5ee75463e9e09ef8
xmodelmesh,#hash_5ee81a69d1f644a8
xmodelmesh,#hash_5ee853aca8938577
xmodelmesh,#hash_5eeb29199d79f18c
xmodelmesh,#hash_5ef034acaeffcfc3
xmodelmesh,#hash_5ef050cb72f7d03b
xmodelmesh,#hash_5ef3afbf55412226
xmodelmesh,#hash_5ef82ba544e5380f
xmodelmesh,#hash_5f0ae8e60dffba83
xmodelmesh,#hash_5f0ba95446bd01b5
xmodelmesh,#hash_5f0bdb7fca3809e4
xmodelmesh,#hash_5f0ecfd53b87607b
xmodelmesh,#hash_5f0f78d6b0149ea4
xmodelmesh,#hash_5f0fbb600fdb6215
xmodelmesh,#hash_5f137feab55495ba
xmodelmesh,#hash_5f1ec8b8181a7372
xmodelmesh,#hash_5f21b328a464673a
xmodelmesh,#hash_5f2caaf83a28fcac
xmodelmesh,#hash_5f2f9d716b326724
xmodelmesh,#hash_5f34b36dece4f635
xmodelmesh,#hash_5f3548adaaac8b48
xmodelmesh,#hash_5f39d263a466559f
xmodelmesh,#hash_5f3b86dce6c0cf43
xmodelmesh,#hash_5f416ed94971f9f6
xmodelmesh,#hash_5f41e28838707c26
xmodelmesh,#hash_5f425e44973f32d9
xmodelmesh,#hash_5f45e5ab82d7f980
xmodelmesh,#hash_5f47739d5d88d575
xmodelmesh,#hash_5f4a2c800fbb4929
xmodelmesh,#hash_5f50404119898cb4
xmodelmesh,#hash_5f54d8273f9a5c2a
xmodelmesh,#hash_5f5a63daf035723a
xmodelmesh,#hash_5f5a7cf5d0393d29
xmodelmesh,d#hash_5f5e87b6c73426e1
xmodelmesh,#hash_5f61302825bd1f41
xmodelmesh,#hash_5f6635c7694fa59c
xmodelmesh,#hash_5f6d08e403b4d3d0
xmodelmesh,#hash_5f6ec1672d50be97
xmodelmesh,#hash_5f72617f221387f9
xmodelmesh,#hash_5f72d1c2d5ecfaa2
xmodelmesh,#hash_5f744c9671b3cefe
xmodelmesh,#hash_5f75bb6cc9087b5c
xmodelmesh,#hash_5f7a927fc2b5dda0
xmodelmesh,#hash_5f7c0c2ec9c7107f
xmodelmesh,#hash_5f7dbb7f613448b3
xmodelmesh,#hash_5f8d291831b86a2a
xmodelmesh,#hash_5f8e5adf9421463e
xmodelmesh,#hash_5f8ed2d2a5281d6d
xmodelmesh,#hash_5f8f228aeb970263
xmodelmesh,#hash_5f8f9a2594058e7f
xmodelmesh,#hash_5f9596430cf8cd34
xmodelmesh,#hash_5f976e982bc8aa6a
xmodelmesh,#hash_5f9a4abcef907009
xmodelmesh,#hash_5f9cdc08836622cb
xmodelmesh,#hash_5fa222abd49b12d0
xmodelmesh,#hash_5fa333ea11c82375
xmodelmesh,#hash_5fa42f3ec6c81d13
xmodelmesh,#hash_5fa5785ba40d74f6
xmodelmesh,#hash_5fa6f79f450309fd
xmodelmesh,#hash_5facff3c0bd9e85a
xmodelmesh,#hash_5fb0b9f39d28dc5e
xmodelmesh,#hash_5fb25b6e0a35cd0c
xmodelmesh,#hash_5fb9fc880dba9f67
xmodelmesh,#hash_5fbdb8416f8420a5
xmodelmesh,#hash_5fbe7fc7c71107ee
xmodelmesh,#hash_5fc4abc85db27620
xmodelmesh,#hash_5fc93ef16e3cd1e2
xmodelmesh,#hash_5fca4008a2fe625e
xmodelmesh,#hash_5fd11d7943e60094
xmodelmesh,#hash_5fd350608b8e20a6
xmodelmesh,#hash_5fda355a3636a7b6
xmodelmesh,#hash_5fdf84a051f21aa2
xmodelmesh,#hash_5fe0c83fd3197f95
xmodelmesh,#hash_5fe5926928f5a194
xmodelmesh,#hash_5fef5161777318ed
xmodelmesh,#hash_5ff04b94b16b1f0f
xmodelmesh,#hash_5ff330ff94738d0f
xmodelmesh,#hash_5ff48a145b52160e
xmodelmesh,#hash_600101fa2bd1c21c
xmodelmesh,#hash_60034c7b45252411
xmodelmesh,#hash_600fcce11ab126b2
xmodelmesh,#hash_601211bca1be2e6e
xmodelmesh,#hash_601519c0e453f206
xmodelmesh,#hash_6016d24ff3679c50
xmodelmesh,#hash_601de1672b76081f
xmodelmesh,#hash_601fbfcce22e26c7
xmodelmesh,#hash_60200a5bc2615ea0
xmodelmesh,#hash_602154db058afe4a
xmodelmesh,#hash_60253f8e9da62565
xmodelmesh,#hash_6030939d44f64cdf
xmodelmesh,#hash_6033808dc666f2bb
xmodelmesh,#hash_6034bf790a27e4a2
xmodelmesh,#hash_603630883e7a4c80
xmodelmesh,#hash_6039f5cd4faf0d95
xmodelmesh,#hash_603a6bda1a8781d6
xmodelmesh,#hash_604319acd3719418
xmodelmesh,#hash_6046b91ef78c4630
xmodelmesh,#hash_604e2568fba76629
xmodelmesh,#hash_605790a2bb648949
xmodelmesh,d#hash_6058548912788a41
xmodelmesh,#hash_605940953edff752
xmodelmesh,#hash_6059810e18194584
xmodelmesh,#hash_605fc6022e13b0f7
xmodelmesh,#hash_60618537090edd60
xmodelmesh,#hash_6065d7f967059092
xmodelmesh,#hash_606c7a7903b15f9c
xmodelmesh,#hash_6076d13a0c58fada
xmodelmesh,#hash_6078fd61f95f954e
xmodelmesh,#hash_607954f724103269
xmodelmesh,#hash_607d18f8c7793565
xmodelmesh,#hash_6080da87ef1d579e
xmodelmesh,#hash_608d61a48272af95
xmodelmesh,#hash_608f5e2d554a759a
xmodelmesh,#hash_6092a55d0f4fc233
xmodelmesh,#hash_609c74d2f5c20197
xmodelmesh,#hash_609dec0c07079c18
xmodelmesh,#hash_60a95d2bb7219743
xmodelmesh,#hash_60b18a5f4dc608cf
xmodelmesh,#hash_60b52aecbaa5aac5
xmodelmesh,#hash_60c0b1574fc35a34
xmodelmesh,#hash_60c47338ba5c1347
xmodelmesh,#hash_60ca5f90ef02e520
xmodelmesh,#hash_60d06f37108fdc54
xmodelmesh,#hash_60d4e5d84fe7553c
xmodelmesh,#hash_60d89b5bb7ec18c6
xmodelmesh,#hash_60e1671dc7e805bb
xmodelmesh,#hash_60e560d6b288935c
xmodelmesh,#hash_60e8b2a45755d921
xmodelmesh,#hash_60ea098b136b4e64
xmodelmesh,#hash_60ea2e3b5c230b59
xmodelmesh,#hash_60ef54ff00529b6e
xmodelmesh,#hash_60efb0e1e11dec85
xmodelmesh,#hash_60f011899e73ebc0
xmodelmesh,#hash_60f4935c5e56abbc
xmodelmesh,#hash_60fb1b9406cdd548
xmodelmesh,#hash_60fda4aa036b0157
xmodelmesh,#hash_60feae54ad76cffe
xmodelmesh,#hash_610147991ffffec9
xmodelmesh,#hash_61026f76b0d50a23
xmodelmesh,#hash_61038f09a0b5cef3
xmodelmesh,#hash_610bc485abeb2cca
xmodelmesh,#hash_610cee28a445b597
xmodelmesh,#hash_610f311522328fc3
xmodelmesh,#hash_61121e00afeaea01
xmodelmesh,#hash_6126de23462258a5
xmodelmesh,#hash_612b73025278e456
xmodelmesh,#hash_612c2108acdda553
xmodelmesh,#hash_6135259564ce0768
xmodelmesh,#hash_61363b95f7bc713a
xmodelmesh,#hash_6139d8fe6ffde1b0
xmodelmesh,#hash_613ddb71d66c93bb
xmodelmesh,#hash_6140f9670eeee59e
xmodelmesh,#hash_61438bf559d9a94f
xmodelmesh,#hash_61457f54a4116e2c
xmodelmesh,#hash_61471db371267bc2
xmodelmesh,#hash_61488428fbd01a3d
xmodelmesh,#hash_614886e2cab5edf4
xmodelmesh,#hash_614eb5e217016121
xmodelmesh,#hash_614edcca3a3b30f2
xmodelmesh,#hash_614f287a968ca24a
xmodelmesh,#hash_6155e6e47eaa41d9
xmodelmesh,#hash_6157723794743f03
xmodelmesh,#hash_615c85c11b956a94
xmodelmesh,#hash_615dd1a81690698a
xmodelmesh,#hash_616534b82fc57621
xmodelmesh,#hash_616a2dad310f451c
xmodelmesh,d#hash_616d8dea7a535221
xmodelmesh,#hash_61711f011ed0d39a
xmodelmesh,#hash_61737b1bf4d70e9b
xmodelmesh,#hash_6176c8323ba999ca
xmodelmesh,#hash_6178db97f6d254b4
xmodelmesh,#hash_617a22cc4dbe8a82
xmodelmesh,d#hash_617aa917830c58cd
xmodelmesh,#hash_617cf430703b3bf5
xmodelmesh,#hash_617d6c6862c38401
xmodelmesh,#hash_617e42117c166ad2
xmodelmesh,#hash_6182a738581e2757
xmodelmesh,d#hash_6182cbb4454e0676
xmodelmesh,#hash_6183d9ef21a5f3e8
xmodelmesh,#hash_618876a89b9999cc
xmodelmesh,#hash_6192426f847eea0b
xmodelmesh,#hash_6193a213b287a5f9
xmodelmesh,#hash_61992be0677ca18e
xmodelmesh,#hash_619ab253576c0ec8
xmodelmesh,#hash_619d08644bf3d187
xmodelmesh,d#hash_61aff3f2b5f1ec88
xmodelmesh,#hash_61b7c2589479daa4
xmodelmesh,#hash_61bb67a3e30d7523
xmodelmesh,#hash_61bd62494d922d9e
xmodelmesh,#hash_61c28f8c6452c5db
xmodelmesh,#hash_61c75b3d39fb9b3d
xmodelmesh,#hash_61c8647930f0e031
xmodelmesh,#hash_61c88c6682344c12
xmodelmesh,#hash_61c8ac75d60bb1dc
xmodelmesh,#hash_61d14db68da1bb5a
xmodelmesh,#hash_61d45cb586e7e4bb
xmodelmesh,#hash_61ddb1d5d6a910b5
xmodelmesh,#hash_61e5d2938c76423f
xmodelmesh,#hash_61e61eeb60b27cdc
xmodelmesh,#hash_61e6706050792161
xmodelmesh,#hash_61eedd6f9974095b
xmodelmesh,#hash_61fd4b11f7dfe46e
xmodelmesh,#hash_61fd67399542ab77
xmodelmesh,#hash_620d21df53df1ec0
xmodelmesh,#hash_620db327d874d42f
xmodelmesh,#hash_62142c08b8777d93
xmodelmesh,#hash_62146914c3d0422f
xmodelmesh,#hash_6215ef12be17bede
xmodelmesh,#hash_6216b2fe6479b9a4
xmodelmesh,#hash_62228e987ebf4210
xmodelmesh,#hash_622351ec57bac821
xmodelmesh,d#hash_62251299ff192b77
xmodelmesh,#hash_6227363576e0c7d5
xmodelmesh,#hash_622a302734d60d86
xmodelmesh,#hash_6232064d658e1854
xmodelmesh,#hash_62364963d63fbae9
xmodelmesh,#hash_623857404a908350
xmodelmesh,#hash_623c8a4e7dec88e2
xmodelmesh,#hash_623cf494abaedb37
xmodelmesh,#hash_624238b6fa49a87c
xmodelmesh,#hash_6243c3aa1fbed437
xmodelmesh,#hash_624916daf9267df4
xmodelmesh,#hash_624d18b8190435ee
xmodelmesh,#hash_624e4d1d5dd91652
xmodelmesh,#hash_6254ab31dcb91fcc
xmodelmesh,#hash_6256619d7649156d
xmodelmesh,#hash_6257fb054d6f2a64
xmodelmesh,#hash_6258e14305214ed1
xmodelmesh,#hash_6258f4785cdd0b14
xmodelmesh,#hash_6259a7e15a75b67c
xmodelmesh,#hash_625aad1f13a3f78f
xmodelmesh,#hash_625ba5eaf1550550
xmodelmesh,#hash_625fd570b35e0f35
xmodelmesh,#hash_626c7eeb37fb91f5
xmodelmesh,#hash_626cc8e9df3eefff
xmodelmesh,#hash_62764d7164ed14c6
xmodelmesh,#hash_627acbb20897095e
xmodelmesh,#hash_627e1ca9a9fd3242
xmodelmesh,#hash_6287d6cf396dbf0a
xmodelmesh,#hash_628d0b9c98a1c8af
xmodelmesh,#hash_6291f0ddc74ec170
xmodelmesh,#hash_62956ac8cfc51873
xmodelmesh,#hash_629bdda39cbfc84c
xmodelmesh,#hash_629c5c61f0af6cd9
xmodelmesh,#hash_629cd4e666dbdc39
xmodelmesh,#hash_629d6675ac3cf7e9
xmodelmesh,#hash_62a09b428b45c248
xmodelmesh,#hash_62a24e96b643f32c
xmodelmesh,#hash_62a7a09d03f09b21
xmodelmesh,#hash_62a973aac4665e4c
xmodelmesh,#hash_62abaa1ef1a3d568
xmodelmesh,#hash_62b09af7f9703a98
xmodelmesh,#hash_62bd4efdae6a188a
xmodelmesh,#hash_62bfcdb00486378d
xmodelmesh,#hash_62c374134b3d9941
xmodelmesh,#hash_62c7e7106c1a7fb2
xmodelmesh,#hash_62cb6b2031e17595
xmodelmesh,#hash_62d1537ac959e338
xmodelmesh,#hash_62d3df3c22196752
xmodelmesh,#hash_62d5ba53f6e1b9e6
xmodelmesh,#hash_62da60687955c894
xmodelmesh,#hash_62dd7f06716ee837
xmodelmesh,#hash_62e396c0ed1e50a6
xmodelmesh,#hash_62e6ddcf0320c127
xmodelmesh,#hash_62e8b56db7ac5d6f
xmodelmesh,#hash_62f4161b39de9877
xmodelmesh,#hash_62f4eb98954c5be2
xmodelmesh,#hash_62f858b4ccbd9553
xmodelmesh,#hash_62f9c3f65efcde51
xmodelmesh,#hash_62fab896504ad62a
xmodelmesh,#hash_62fb439640334236
xmodelmesh,d#hash_62fda7e4a1b26e95
xmodelmesh,#hash_62fdd4b1aaa3323e
xmodelmesh,#hash_62fe5a15d2527858
xmodelmesh,#hash_6301c4a9a36347ec
xmodelmesh,#hash_63060752ee58587a
xmodelmesh,#hash_6306ae3a8aa97992
xmodelmesh,#hash_630a0e0919c10616
xmodelmesh,#hash_630c569a1187a3e2
xmodelmesh,#hash_631276115ed81373
xmodelmesh,#hash_6314d6156a585d07
xmodelmesh,#hash_6317f8a7045b43cf
xmodelmesh,#hash_631803a9575f3142
xmodelmesh,#hash_63189fe2bfc11c17
xmodelmesh,#hash_631bb819c4216f87
xmodelmesh,#hash_631c464688ae0f09
xmodelmesh,#hash_6330e7fd96433a37
xmodelmesh,#hash_63317b17cb8c2adb
xmodelmesh,#hash_633697d97e97fb2b
xmodelmesh,#hash_6338233898d61104
xmodelmesh,#hash_633c08905a7a4442
xmodelmesh,#hash_6341d40490dbed9f
xmodelmesh,#hash_634c92781fb46f81
xmodelmesh,#hash_634e39086c43d737
xmodelmesh,#hash_634ef4a0f7c76a60
xmodelmesh,#hash_635d67c58eee6fe0
xmodelmesh,#hash_635e4ab4242ca665
xmodelmesh,#hash_6368137fb749fff3
xmodelmesh,#hash_636a4a6c958dba75
xmodelmesh,#hash_636a80244757d33e
xmodelmesh,#hash_636d6a506278df61
xmodelmesh,#hash_63752e86c3167208
xmodelmesh,#hash_637a90f4a1b94cf8
xmodelmesh,#hash_637b888a6ad9bb58
xmodelmesh,#hash_637d199900a9fa64
xmodelmesh,#hash_637fe434210e00cb
xmodelmesh,#hash_63824c53c5a55c77
xmodelmesh,#hash_63847c3bbebf1288
xmodelmesh,#hash_638599a4210dedf2
xmodelmesh,#hash_638e18f6e75d932b
xmodelmesh,#hash_638f8ba8ffb0dffe
xmodelmesh,#hash_63905b4fd4c38802
xmodelmesh,#hash_63971d5d90c5c5e9
xmodelmesh,#hash_639cdf0682f4f060
xmodelmesh,#hash_63a37fa71cc43bce
xmodelmesh,#hash_63a55ef87df432d8
xmodelmesh,#hash_63abb14698640f96
xmodelmesh,#hash_63ad06e4f502e9d7
xmodelmesh,#hash_63ad2f347e7ca0c3
xmodelmesh,#hash_63b63d4d02b2e4bf
xmodelmesh,#hash_63bbf273caae8185
xmodelmesh,#hash_63c44b859dbc7008
xmodelmesh,#hash_63c6feb5ea03db91
xmodelmesh,#hash_63d026f4dacc8b05
xmodelmesh,#hash_63d0d2861c881462
xmodelmesh,#hash_63d0f6c351bc5434
xmodelmesh,#hash_63d21e1bd1886f3a
xmodelmesh,#hash_63d5eb9f15bfadb6
xmodelmesh,#hash_63d792d2196c26f6
xmodelmesh,#hash_63dd94d630c2a5dd
xmodelmesh,#hash_63def169f945084d
xmodelmesh,#hash_63e4a62e3f027ac1
xmodelmesh,#hash_63e73b5cf4127d7d
xmodelmesh,#hash_63e818d89841a4bf
xmodelmesh,#hash_63e962ebf18d925c
xmodelmesh,#hash_63edf9d4efbe33b3
xmodelmesh,#hash_63f657e124184e33
xmodelmesh,#hash_63fb14d84a364e80
xmodelmesh,#hash_63fcc69f849c54f6
xmodelmesh,#hash_63fffa634fab1e8b
xmodelmesh,#hash_6403afcabc264516
xmodelmesh,#hash_6410c4a728c39721
xmodelmesh,#hash_64124fe6aefd6c6a
xmodelmesh,#hash_641516c6e7b88175
xmodelmesh,#hash_641663c1e1f97feb
xmodelmesh,#hash_6418795fe5dcfdef
xmodelmesh,#hash_641ea7b874e71b41
xmodelmesh,#hash_64280f45d0a6ca56
xmodelmesh,#hash_6428f8b4631b062e
xmodelmesh,#hash_642aea8efd80a7e7
xmodelmesh,#hash_643140c2f643784e
xmodelmesh,d#hash_644382b9c1eaa0c1
xmodelmesh,#hash_64454bd52a814c72
xmodelmesh,d#hash_6449f238d3b52957
xmodelmesh,#hash_644af36f100f584d
xmodelmesh,#hash_644e3d185c5955eb
xmodelmesh,#hash_64505ba2dde3a96d
xmodelmesh,#hash_6451b0c650d78ba8
xmodelmesh,d#hash_64555765c4b0b229
xmodelmesh,#hash_64602218a2cc0b15
xmodelmesh,#hash_6462281a792288ee
xmodelmesh,#hash_6466c651d749731d
xmodelmesh,#hash_6466d6ffc4d01350
xmodelmesh,#hash_64685b5955a6a4bc
xmodelmesh,#hash_64711fd9af980c31
xmodelmesh,#hash_64734fa75337e5e4
xmodelmesh,#hash_648288304f7752e1
xmodelmesh,#hash_648400a83614cd52
xmodelmesh,#hash_648f10e13af5e1fb
xmodelmesh,#hash_6495eb9178bc8e63
xmodelmesh,#hash_6496a0bd40bd87c7
xmodelmesh,#hash_649df8d4b532014a
xmodelmesh,#hash_64a0102006033df2
xmodelmesh,#hash_64a07946df25037c
xmodelmesh,#hash_64a5021d7dd7dd2b
xmodelmesh,#hash_64b6e950a5193780
xmodelmesh,#hash_64b90bf00cfbccdc
xmodelmesh,#hash_64bbd8818248d621
xmodelmesh,#hash_64bd6e61ceb3f865
xmodelmesh,#hash_64bea24aa3b47855
xmodelmesh,#hash_64bf481bccd7455a
xmodelmesh,#hash_64c5d329d1b4c6c3
xmodelmesh,#hash_64ca650772538d21
xmodelmesh,#hash_64cac1002a4f5a31
xmodelmesh,#hash_64caca41e237fcaa
xmodelmesh,#hash_64cd73e66a26873b
xmodelmesh,#hash_64cf36f499c78c51
xmodelmesh,#hash_64d3b93a468322c6
xmodelmesh,#hash_64d43d2487ad15d5
xmodelmesh,d#hash_64d5d1fe76dc894d
xmodelmesh,#hash_64e0c74e5024140b
xmodelmesh,#hash_64e337da9dcf2add
xmodelmesh,#hash_64e35e62e5d97446
xmodelmesh,#hash_64e6e9262b057599
xmodelmesh,#hash_64ebe771b54324f6
xmodelmesh,#hash_64ee9ed4fe21fe35
xmodelmesh,#hash_64f1de510373b65a
xmodelmesh,d#hash_64f55c7d610655e9
xmodelmesh,#hash_64f759ff7f8c4e65
xmodelmesh,#hash_64f8048ebd194929
xmodelmesh,#hash_64fac4f5979a08b8
xmodelmesh,#hash_65016ee142d71784
xmodelmesh,#hash_65058b750f80ab20
xmodelmesh,#hash_650aeab0b014d4be
xmodelmesh,#hash_651343910845d7be
xmodelmesh,#hash_65141dc68a08ade0
xmodelmesh,#hash_6514b7c2978c5868
xmodelmesh,#hash_651813854157a676
xmodelmesh,#hash_651aec80731d72c5
xmodelmesh,#hash_652a0e3987b88f39
xmodelmesh,#hash_652b29a9457dbbb9
xmodelmesh,#hash_652d9ebc38df6900
xmodelmesh,#hash_653368dceb959301
xmodelmesh,#hash_653a6eef43431f57
xmodelmesh,#hash_653aa14135abbab9
xmodelmesh,#hash_65432e067f3267f2
xmodelmesh,#hash_65442f29cedca379
xmodelmesh,#hash_6548284bbae94f83
xmodelmesh,#hash_65494dc22000776f
xmodelmesh,#hash_6550d8440eae4818
xmodelmesh,#hash_6550ff11746361d1
xmodelmesh,#hash_6553e5b60ba5489d
xmodelmesh,#hash_655563af73c171ad
xmodelmesh,#hash_65598fe9df9f3262
xmodelmesh,#hash_655de438c2257e73
xmodelmesh,#hash_656d1f3f022c6fb3
xmodelmesh,#hash_656f2b13490159d1
xmodelmesh,#hash_6571708fc1307b7f
xmodelmesh,#hash_6572743fa47c31ed
xmodelmesh,#hash_65735afe660f347c
xmodelmesh,#hash_657680f2b8d4ae33
xmodelmesh,#hash_6584eb43cbf696a2
xmodelmesh,#hash_658b43690b3aa29d
xmodelmesh,#hash_658c9611cc14cb8e
xmodelmesh,#hash_6594b656ae5c02f9
xmodelmesh,#hash_65991dbf302e418e
xmodelmesh,#hash_659957c946acf6d1
xmodelmesh,#hash_659bb4e58fc2e19b
xmodelmesh,#hash_659f5e3d0bc6c7f8
xmodelmesh,#hash_65a001dc2f9d5923
xmodelmesh,#hash_65a60af558cce833
xmodelmesh,#hash_65afc320a0e77631
xmodelmesh,#hash_65b39980c1c68883
xmodelmesh,#hash_65b53455fe139783
xmodelmesh,#hash_65b7cefa67de5d47
xmodelmesh,#hash_65b99a74ede851e9
xmodelmesh,#hash_65bb99531c2c2064
xmodelmesh,#hash_65bf01cc28b289f4
xmodelmesh,#hash_65c351b00852fc88
xmodelmesh,#hash_65c40e44834cf00f
xmodelmesh,#hash_65c577d63b9030b5
xmodelmesh,#hash_65ca247da947bf37
xmodelmesh,#hash_65cbd2c7857fb13e
xmodelmesh,#hash_65cd5272abe8a863
xmodelmesh,#hash_65d563c0636ca2c8
xmodelmesh,#hash_65d973d78b861917
xmodelmesh,#hash_65dab8dc5269fb9c
xmodelmesh,#hash_65e3ea99a432c29e
xmodelmesh,#hash_65e422de90e0496f
xmodelmesh,#hash_65eb5f618985995e
xmodelmesh,#hash_65eba3a9c7f0d46b
xmodelmesh,#hash_65eed087d63f9027
xmodelmesh,#hash_65f84a762c981b31
xmodelmesh,#hash_65f9a6f822f17259
xmodelmesh,#hash_660011bf89ba96ab
xmodelmesh,#hash_6604fc0a3420a79e
xmodelmesh,#hash_660bc0afd64e0af0
xmodelmesh,#hash_660f8848d5d976d3
xmodelmesh,#hash_6611789297de842f
xmodelmesh,#hash_6612d3356902b18e
xmodelmesh,#hash_66158b85f8f114c4
xmodelmesh,#hash_661ba2c2a262ffd0
xmodelmesh,#hash_661c0a9832d7f54f
xmodelmesh,#hash_661caef85f7f8111
xmodelmesh,#hash_661d617b51eb7b5b
xmodelmesh,#hash_66212ecaf54234f6
xmodelmesh,d#hash_662265114ef5cf16
xmodelmesh,#hash_66226d36f86228ac
xmodelmesh,#hash_662768593653c2c5
xmodelmesh,#hash_662ddb0678387312
xmodelmesh,#hash_662e9efa75664e2e
xmodelmesh,#hash_66308de6412ccc99
xmodelmesh,#hash_66321bc68ccf9917
xmodelmesh,#hash_66349091a9596067
xmodelmesh,#hash_6634b98085c99e08
xmodelmesh,#hash_6635392c8b527be3
xmodelmesh,#hash_663bab4ce2055fbd
xmodelmesh,#hash_663e92dfc9185606
xmodelmesh,#hash_664285ee1b8d241d
xmodelmesh,#hash_6645bb14ef33aa91
xmodelmesh,#hash_6648269d3c540385
xmodelmesh,#hash_664c39a6d83e3fe0
xmodelmesh,#hash_664caa8f603d1e3b
xmodelmesh,#hash_664cfcd67c6ebf4f
xmodelmesh,#hash_66517e2d0f90608e
xmodelmesh,#hash_6651c91bdefe0a50
xmodelmesh,#hash_6654e42ea4b5c381
xmodelmesh,#hash_665a7242a72535a9
xmodelmesh,#hash_665cf1051f6e08ed
xmodelmesh,#hash_66660e67e1cfc536
xmodelmesh,#hash_666991f63a2d6612
xmodelmesh,#hash_666c362e735fccf9
xmodelmesh,#hash_666dfc5a6d6bb9d4
xmodelmesh,#hash_666f27a316074636
xmodelmesh,#hash_6675c8de9a60836a
xmodelmesh,#hash_667fffba088199b0
xmodelmesh,#hash_6684fef17b9db148
xmodelmesh,#hash_66862a5793a1be8d
xmodelmesh,#hash_66890e11b76a45a0
xmodelmesh,#hash_668f3d1b2559b6d9
xmodelmesh,d#hash_6690e00537d42993
xmodelmesh,#hash_669149ce7026c6e7
xmodelmesh,#hash_669739b4f721ffed
xmodelmesh,#hash_66a0c5c3a6582580
xmodelmesh,#hash_66a50fd9a88bbc99
xmodelmesh,#hash_66aa16f2c2ea3ad8
xmodelmesh,#hash_66ad7a11f2ea6c52
xmodelmesh,#hash_66b49eeb57e9bece
xmodelmesh,#hash_66b5df2d77b75a96
xmodelmesh,#hash_66b99ac3adaf53a1
xmodelmesh,#hash_66bac716181bbf71
xmodelmesh,#hash_66bbfa65dd91688c
xmodelmesh,#hash_66bfae6e9246ea63
xmodelmesh,#hash_66c2db85b57225ea
xmodelmesh,#hash_66c5e6e503c308ab
xmodelmesh,#hash_66d47f957a9c5e5f
xmodelmesh,#hash_66d9c56da7fbc7bf
xmodelmesh,#hash_66deca8cfab59f54
xmodelmesh,#hash_66dfbf590e2e32d6
xmodelmesh,#hash_66eb7b45a4074fbd
xmodelmesh,#hash_66ed60d71cdfc963
xmodelmesh,#hash_66ef6510ee07fd71
xmodelmesh,#hash_66f55cd22f051691
xmodelmesh,#hash_66f5899705ed9da8
xmodelmesh,#hash_66f5c8512380d73f
xmodelmesh,#hash_66f608833af3fa8b
xmodelmesh,#hash_66fdafb7679421bc
xmodelmesh,#hash_66fdd753fceaa8ea
xmodelmesh,#hash_6700c20555c64395
xmodelmesh,#hash_67043b71586bef71
xmodelmesh,#hash_670c69ff72b7d873
xmodelmesh,#hash_6714294f764b03f9
xmodelmesh,#hash_67181e2f3d93158d
xmodelmesh,#hash_6718a8c7c852f421
xmodelmesh,#hash_672b12fdf8a4a4a1
xmodelmesh,#hash_6733cc862da6fd65
xmodelmesh,#hash_6737b7169bfbefda
xmodelmesh,#hash_674e9782742ba1e8
xmodelmesh,#hash_674ebede49b4d7c5
xmodelmesh,#hash_6751608e071a1726
xmodelmesh,#hash_6757d2553185552e
xmodelmesh,#hash_675b1be9ca92ae14
xmodelmesh,#hash_675e3e9d5590c936
xmodelmesh,#hash_675f1ed34088f8c6
xmodelmesh,#hash_675f529ab7e1bef7
xmodelmesh,#hash_676e6c946fd05f8b
xmodelmesh,#hash_67701d9b85f9157b
xmodelmesh,#hash_6774229bfbc38532
xmodelmesh,#hash_6778f74298d410e7
xmodelmesh,#hash_677aaa8359ba351f
xmodelmesh,#hash_677cef6785dfe403
xmodelmesh,#hash_67835b90e70e95a3
xmodelmesh,#hash_6785345bbf1622af
xmodelmesh,#hash_67889c0984176fdb
xmodelmesh,#hash_678addef45e8cf7b
xmodelmesh,#hash_678b0682da09f662
xmodelmesh,#hash_67990b9b8bbfb966
xmodelmesh,#hash_679ccac083bc41eb
xmodelmesh,#hash_679edfa49e817797
xmodelmesh,#hash_67a1e7dd11afb33a
xmodelmesh,d#hash_67a477f2895eab82
xmodelmesh,#hash_67a6b815da56ecc6
xmodelmesh,#hash_67aed17d1cadb292
xmodelmesh,#hash_67b1bd496c71b8d7
xmodelmesh,#hash_67b23db1cbe46f0c
xmodelmesh,#hash_67b2d4c10d05e451
xmodelmesh,#hash_67c00a85747e81bf
xmodelmesh,#hash_67c392ae59b9d8f7
xmodelmesh,#hash_67c7745551f84cbb
xmodelmesh,#hash_67d7fa9105a869ae
xmodelmesh,#hash_67dc8f7b8ed4f1d6
xmodelmesh,#hash_67ddbe0b6749e4f5
xmodelmesh,#hash_67ddeace3f1e39f2
xmodelmesh,#hash_67e512ced5d4c210
xmodelmesh,#hash_67e7ae0be8700083
xmodelmesh,#hash_67f03cc96f24767f
xmodelmesh,#hash_67f31f7119b142f8
xmodelmesh,#hash_67f3c675689aa8d5
xmodelmesh,#hash_67f4f75881e31f2c
xmodelmesh,#hash_67f9c91bad8d3112
xmodelmesh,#hash_67fa093f3d148bd0
xmodelmesh,#hash_67fc4d0657938ffb
xmodelmesh,#hash_67fc5ed85037dec9
xmodelmesh,#hash_67fcbd765816fcd9
xmodelmesh,#hash_680879bcd9fad4a0
xmodelmesh,#hash_680d78375ed83231
xmodelmesh,#hash_680ffef3b56115e2
xmodelmesh,#hash_681217ea247e94a0
xmodelmesh,#hash_6813f98139c4fe45
xmodelmesh,#hash_681577a0847b38b2
xmodelmesh,#hash_68182da43f99f606
xmodelmesh,#hash_681dbb0e86cb15d4
xmodelmesh,#hash_681ea54c0d5a8b4e
xmodelmesh,d#hash_681ef24d3d43e887
xmodelmesh,#hash_6820f35a94a8523d
xmodelmesh,#hash_6833128b5da8f774
xmodelmesh,#hash_683bd4fc168e57e8
xmodelmesh,#hash_683ead131bd54212
xmodelmesh,#hash_6841b596254cc73b
xmodelmesh,#hash_6842e9109da0a85a
xmodelmesh,#hash_68495f9feaf28a49
xmodelmesh,#hash_684c2fa6d298a0f4
xmodelmesh,#hash_68533238a14c9aa8
xmodelmesh,#hash_6857cb2d97514c29
xmodelmesh,#hash_68595cdeb8c9f23f
xmodelmesh,#hash_685d7ea70ddf734d
xmodelmesh,#hash_685ee9586788baf4
xmodelmesh,#hash_686168f36946caf1
xmodelmesh,#hash_686ec1c04867c38f
xmodelmesh,#hash_68747f440a32994a
xmodelmesh,#hash_6875b661830fb1dd
xmodelmesh,#hash_6877d542ee815038
xmodelmesh,#hash_687b56a022c98fe6
xmodelmesh,#hash_687bfe0fb6c624fd
xmodelmesh,#hash_688121128a888818
xmodelmesh,#hash_68829f8ce82809be
xmodelmesh,#hash_688a273ed37675fb
xmodelmesh,#hash_6894e36bf17dcdbb
xmodelmesh,#hash_689842148ceab6dc
xmodelmesh,#hash_68a3c7e3dc3f6e6a
xmodelmesh,#hash_68a4d8e6da963fa8
xmodelmesh,#hash_68a794c117d46994
xmodelmesh,#hash_68a9054c53f294bd
xmodelmesh,#hash_68abe2bd190c4890
xmodelmesh,#hash_68afa6f4874eccde
xmodelmesh,#hash_68b4606f1c694879
xmodelmesh,#hash_68b96fcf733e994d
xmodelmesh,#hash_68b9a407433fc148
xmodelmesh,#hash_68b9a7db04f4e662
xmodelmesh,#hash_68bd087d89df5505
xmodelmesh,#hash_68c0dd3eda45e2d8
xmodelmesh,#hash_68ca2466fec838d9
xmodelmesh,#hash_68cb0f7ce223f560
xmodelmesh,#hash_68cc072af2998932
xmodelmesh,#hash_68d281d544cda3eb
xmodelmesh,d#hash_68d37ccddbf5d329
xmodelmesh,#hash_68d6b4249006061e
xmodelmesh,#hash_68daad09716d056f
xmodelmesh,#hash_68db76b34569f75e
xmodelmesh,#hash_68dcc437c2561037
xmodelmesh,#hash_68e4271fed40c86f
xmodelmesh,#hash_68f0232ab2847be9
xmodelmesh,#hash_68f31071eeb6a680
xmodelmesh,#hash_68fa1b1020bd1143
xmodelmesh,d#hash_68fab21bb3bbebc1
xmodelmesh,#hash_68faba4080e159e5
xmodelmesh,d#hash_69012a2f81a56f1c
xmodelmesh,#hash_69034b50bb536af6
xmodelmesh,#hash_6909e7a82cc35706
xmodelmesh,#hash_690a6aec5bea8eb7
xmodelmesh,#hash_690b3edfb258a5de
xmodelmesh,#hash_690e948964ba6bfa
xmodelmesh,#hash_690ebd3698435848
xmodelmesh,#hash_6910a47b5f3fc636
xmodelmesh,#hash_6912f28258672601
xmodelmesh,#hash_69234a1646d67424
xmodelmesh,#hash_6929dd30447c8e0c
xmodelmesh,#hash_6931cac2f3be2f32
xmodelmesh,#hash_69343c6acb85f1bc
xmodelmesh,#hash_694173ffc8a57770
xmodelmesh,#hash_694c49fb3a3732d5
xmodelmesh,#hash_695f5691feb615fd
xmodelmesh,#hash_695f8c8cb21e6cf2
xmodelmesh,#hash_6960d5b582a4122f
xmodelmesh,d#hash_69683ff9ce4c06da
xmodelmesh,#hash_696ab5f43e779046
xmodelmesh,#hash_696fa16d0a41c8d4
xmodelmesh,#hash_6972359581467c82
xmodelmesh,#hash_697235d6be85124e
xmodelmesh,#hash_697c54a273ae91b2
xmodelmesh,#hash_697d7f0584793611
xmodelmesh,d#hash_6983b8f9b9a61bae
xmodelmesh,#hash_69847ea91d2f3fac
xmodelmesh,#hash_69899644edc2186c
xmodelmesh,#hash_698bd09be3992a3f
xmodelmesh,d#hash_698d5a0591fcf56d
xmodelmesh,#hash_698dcd97717d58c4
xmodelmesh,#hash_6993ecd3f364c195
xmodelmesh,#hash_6994a89f2a0c2e77
xmodelmesh,#hash_69983c38fd60bd03
xmodelmesh,#hash_69a12fcb760d6d0f
xmodelmesh,#hash_69a32eb89431d93d
xmodelmesh,#hash_69a4250f232f8205
xmodelmesh,#hash_69a975b2524cca7b
xmodelmesh,#hash_69ae017c064c33b2
xmodelmesh,#hash_69ae254bd8251c41
xmodelmesh,#hash_69b7fc10db36c2c1
xmodelmesh,#hash_69c182ce5a7bd56d
xmodelmesh,#hash_69c4cf4abce7a263
xmodelmesh,#hash_69c669f907386912
xmodelmesh,#hash_69cf2e01af1296ed
xmodelmesh,#hash_69d410bc1ebca3fe
xmodelmesh,#hash_69ec37d95cc662db
xmodelmesh,#hash_69ed221b08db502c
xmodelmesh,#hash_69edc29f300bbee3
xmodelmesh,#hash_69ef66de49e63f01
xmodelmesh,#hash_69f63f5215e58071
xmodelmesh,#hash_69fc273bf03c378e
xmodelmesh,#hash_6a01b2c70b5acf76
xmodelmesh,#hash_6a01f219370c8c66
xmodelmesh,#hash_6a0485ea9906cbee
xmodelmesh,#hash_6a04e7e3cd22a24c
xmodelmesh,#hash_6a07362ecccb09da
xmodelmesh,#hash_6a0abbf1cd893828
xmodelmesh,#hash_6a1139261bc54c04
xmodelmesh,#hash_6a136e0f5db84a3c
xmodelmesh,#hash_6a16eab4f6a8e41f
xmodelmesh,#hash_6a18a543ee78aebe
xmodelmesh,#hash_6a1c448d5475dbe8
xmodelmesh,d#hash_6a1d18020803c32b
xmodelmesh,#hash_6a1d4d2b2f19062d
xmodelmesh,#hash_6a1df381c5c1c5ee
xmodelmesh,#hash_6a1e47dd91446a40
xmodelmesh,#hash_6a26b269812ef40a
xmodelmesh,#hash_6a2759077ffa17f3
xmodelmesh,#hash_6a27e89b6b19e997
xmodelmesh,#hash_6a294fdcc394ea54
xmodelmesh,#hash_6a318357fd72b0e3
xmodelmesh,#hash_6a3705feb686e9ae
xmodelmesh,#hash_6a375dc1ed42c440
xmodelmesh,#hash_6a3ba0aab290b216
xmodelmesh,#hash_6a3c40a744b2184f
xmodelmesh,#hash_6a3ca8da5dc9371a
xmodelmesh,#hash_6a43cbff1f67184e
xmodelmesh,#hash_6a4842c414683e82
xmodelmesh,#hash_6a4ac239e2918c96
xmodelmesh,#hash_6a518e523af66c2b
xmodelmesh,#hash_6a51c6285ce5f09a
xmodelmesh,#hash_6a54055af9df9dba
xmodelmesh,#hash_6a5a161252cbb365
xmodelmesh,#hash_6a5a70a57113c4a1
xmodelmesh,#hash_6a5b56c6865dea41
xmodelmesh,#hash_6a5c66c63dbd5d57
xmodelmesh,#hash_6a5ce3bb6f8a7a57
xmodelmesh,#hash_6a5dc7464f386a59
xmodelmesh,#hash_6a5e2c94a3d3f287
xmodelmesh,#hash_6a5fc42fc62a47ae
xmodelmesh,#hash_6a62b40564a6904f
xmodelmesh,#hash_6a67147c0dd8edd2
xmodelmesh,#hash_6a67fee3f5e040ac
xmodelmesh,#hash_6a6b3eed1b941caf
xmodelmesh,#hash_6a6dcf04918d8fa5
xmodelmesh,#hash_6a6ef87081c29654
xmodelmesh,#hash_6a727776f19705e7
xmodelmesh,#hash_6a74d0a251913a37
xmodelmesh,#hash_6a781d74c03e370b
xmodelmesh,d#hash_6a81d610ca0c3c23
xmodelmesh,#hash_6a82bdb98504b477
xmodelmesh,#hash_6a839ea58cd8b681
xmodelmesh,#hash_6a859ba7c1e00be6
xmodelmesh,#hash_6a8a84fee512e46b
xmodelmesh,#hash_6a90d8c60e612df1
xmodelmesh,#hash_6a9a17f3f24cacb5
xmodelmesh,#hash_6a9ccc8bddbcb8af
xmodelmesh,#hash_6a9fac5d0e6cc60b
xmodelmesh,#hash_6aa89ed7a3afea79
xmodelmesh,#hash_6aa994a9c89e76d1
xmodelmesh,#hash_6aafdfbba4955571
xmodelmesh,#hash_6abb0cc4edf7a974
xmodelmesh,#hash_6abe63a6dd0e23ce
xmodelmesh,#hash_6abfd63922347ca8
xmodelmesh,#hash_6ac18105c0c85d2f
xmodelmesh,#hash_6ac62e42ab473e39
xmodelmesh,#hash_6ac8443113e257d7
xmodelmesh,#hash_6acdd0bcb61dcce4
xmodelmesh,#hash_6acf16a89777d32c
xmodelmesh,#hash_6ad335386f58aa26
xmodelmesh,#hash_6adda38df49bf3b6
xmodelmesh,#hash_6addcd5426e7e8d5
xmodelmesh,#hash_6ae0f21ce46f7ddd
xmodelmesh,#hash_6ae1910882e3e97c
xmodelmesh,#hash_6ae1b9f63da4077a
xmodelmesh,d#hash_6ae2e1f69a3e6ce8
xmodelmesh,#hash_6ae2fd7e82c3b186
xmodelmesh,#hash_6ae3923f66f99d64
xmodelmesh,#hash_6ae5fb54adcc06c3
xmodelmesh,#hash_6ae8ac33cdaa2f9c
xmodelmesh,#hash_6aec46acbfbf4f0e
xmodelmesh,#hash_6af061f6e05f8ef1
xmodelmesh,#hash_6af32a3e6b03f20f
xmodelmesh,#hash_6afdc392b4fafa29
xmodelmesh,#hash_6aff4fa162a26926
xmodelmesh,#hash_6b07f4ed8f8a4fd2
xmodelmesh,#hash_6b09fdf50c97de24
xmodelmesh,#hash_6b0eb38c472e8ac7
xmodelmesh,#hash_6b128decb1a72ce6
xmodelmesh,#hash_6b199f3e377a7869
xmodelmesh,#hash_6b1cf57870596306
xmodelmesh,#hash_6b1f9fc423c61b3d
xmodelmesh,#hash_6b218b4dcc28f90c
xmodelmesh,#hash_6b26c7016ca00efd
xmodelmesh,#hash_6b28ddba61871012
xmodelmesh,#hash_6b326520bb3eb7a7
xmodelmesh,#hash_6b36dbc7d40369e4
xmodelmesh,#hash_6b3b52a4565bba5d
xmodelmesh,#hash_6b3c3ff4fd94c0c0
xmodelmesh,#hash_6b3cfc09f54d5528
xmodelmesh,#hash_6b40210bfc17b899
xmodelmesh,#hash_6b42c6998b8fb979
xmodelmesh,#hash_6b43b1510aa70a86
xmodelmesh,#hash_6b45d7c05ed6de90
xmodelmesh,#hash_6b47022d9bd176ae
xmodelmesh,#hash_6b4a3fedcd5ba97b
xmodelmesh,#hash_6b4bae0342062834
xmodelmesh,#hash_6b55b3c2b77a9074
xmodelmesh,#hash_6b55d91961fa4d92
xmodelmesh,#hash_6b565239e3f5816e
xmodelmesh,#hash_6b5e51844186cacc
xmodelmesh,#hash_6b66c2c0a817869f
xmodelmesh,#hash_6b75f28d4c8889ed
xmodelmesh,#hash_6b7edd95fc3bad28
xmodelmesh,#hash_6b812b8cbca5494c
xmodelmesh,#hash_6b868ab2db2fa4da
xmodelmesh,#hash_6b872022475854ef
xmodelmesh,#hash_6b8dd9aeda686040
xmodelmesh,#hash_6b924a544afad221
xmodelmesh,#hash_6b936c0138f0be60
xmodelmesh,#hash_6b94298564df9dec
xmodelmesh,#hash_6b9781605651a225
xmodelmesh,#hash_6b994ac418a58bcc
xmodelmesh,#hash_6ba44cf74c6bb769
xmodelmesh,#hash_6babfa5ee72e7ab6
xmodelmesh,#hash_6baf48d5df1b9dd3
xmodelmesh,#hash_6bb36de9cd15c20f
xmodelmesh,#hash_6bb9153b6d33e6a4
xmodelmesh,#hash_6bba9fc1c8828471
xmodelmesh,#hash_6bbc218c5008169e
xmodelmesh,#hash_6bbd002a4795f57d
xmodelmesh,#hash_6bc13c8298de43a7
xmodelmesh,#hash_6bda092d9c1898b5
xmodelmesh,#hash_6be1139fddef36b7
xmodelmesh,#hash_6be4c17ee413a9ee
xmodelmesh,#hash_6beae688ca516ad7
xmodelmesh,#hash_6bf0ead233a1ca3f
xmodelmesh,#hash_6bf28486fb83ca81
xmodelmesh,#hash_6bf5587922ff3e50
xmodelmesh,#hash_6bf576136218e8ea
xmodelmesh,#hash_6bf59e25853bade9
xmodelmesh,#hash_6bfc272fe76a48f1
xmodelmesh,#hash_6bfc6219c62c9c37
xmodelmesh,#hash_6c002500aa54f99e
xmodelmesh,#hash_6c035b61637814ad
xmodelmesh,#hash_6c0843c835ae6d67
xmodelmesh,#hash_6c099013c03339a1
xmodelmesh,#hash_6c0b5418becacf6e
xmodelmesh,#hash_6c0d06fc17729b83
xmodelmesh,#hash_6c0db46c8d02c6b1
xmodelmesh,#hash_6c0e60dfb64b62d6
xmodelmesh,#hash_6c1136c861e88067
xmodelmesh,#hash_6c114d0fd6ead409
xmodelmesh,#hash_6c134c204d6bf66f
xmodelmesh,#hash_6c15d3991dcc9eef
xmodelmesh,#hash_6c16ddd22d3818a5
xmodelmesh,#hash_6c1b66931011a623
xmodelmesh,#hash_6c1b9d1f6d66007f
xmodelmesh,#hash_6c1d94f28082a328
xmodelmesh,#hash_6c20c3d168e1e2ce
xmodelmesh,#hash_6c25a966d431d5d3
xmodelmesh,#hash_6c26a5f346e2a884
xmodelmesh,#hash_6c27c6300d4b63b3
xmodelmesh,#hash_6c34584533f43ae3
xmodelmesh,#hash_6c351812c78b48ed
xmodelmesh,#hash_6c360e0c49564838
xmodelmesh,#hash_6c37698c4fe7c6a5
xmodelmesh,#hash_6c4c01c5c840df08
xmodelmesh,#hash_6c4c4d39c3bb284e
xmodelmesh,#hash_6c4ce7ef395fd4da
xmodelmesh,#hash_6c4f9c4542c10e22
xmodelmesh,#hash_6c4fe97669208406
xmodelmesh,#hash_6c524d37475a515a
xmodelmesh,#hash_6c55b775bc74dbe0
xmodelmesh,#hash_6c589010adcf7103
xmodelmesh,#hash_6c59f65ebe18a770
xmodelmesh,#hash_6c5bb66bd4b191ff
xmodelmesh,#hash_6c5eac3dbf2e77a4
xmodelmesh,#hash_6c61827724273bb2
xmodelmesh,#hash_6c653a5ef4fe627d
xmodelmesh,#hash_6c6bc2bfc75be124
xmodelmesh,#hash_6c70ef8b32517b4a
xmodelmesh,#hash_6c7b3ccddaf9743b
xmodelmesh,#hash_6c7cde53f64286f5
xmodelmesh,d#hash_6c82b27340f29eb2
xmodelmesh,#hash_6c8f8367b37440f8
xmodelmesh,#hash_6c94b7e66ba310c6
xmodelmesh,#hash_6c998494b52c2bdb
xmodelmesh,#hash_6c9c92cef2c3ef72
xmodelmesh,#hash_6ca40b07b321edbb
xmodelmesh,#hash_6ca61dd32b19aae9
xmodelmesh,#hash_6ca67432b49d771e
xmodelmesh,#hash_6cab2866a0067143
xmodelmesh,#hash_6cac1876eace01da
xmodelmesh,#hash_6caff9a8faccd953
xmodelmesh,#hash_6cb731c5774832e0
xmodelmesh,#hash_6cbcedfb4501773a
xmodelmesh,#hash_6cc04470c777f3de
xmodelmesh,#hash_6cc047149f064349
xmodelmesh,#hash_6cc09fa96c31b4d6
xmodelmesh,#hash_6cc2ca127d3078f1
xmodelmesh,#hash_6cc8dd9f2d8b0fe7
xmodelmesh,#hash_6cc9ece900540b65
xmodelmesh,#hash_6cd07754f9c55925
xmodelmesh,#hash_6cd7d4eba20c108b
xmodelmesh,#hash_6cd9707f85f7b18a
xmodelmesh,#hash_6cdaca25ee2b4666
xmodelmesh,#hash_6cdad667465fafcf
xmodelmesh,#hash_6cdc2e04f34d23b6
xmodelmesh,#hash_6cdcfb2e4395a4b0
xmodelmesh,#hash_6ce148aaf75d1cd2
xmodelmesh,#hash_6ce64365d29ab6dc
xmodelmesh,#hash_6ceb0bee93c8b852
xmodelmesh,#hash_6ceca49df952eb85
xmodelmesh,#hash_6cece51d568aa507
xmodelmesh,#hash_6cee9c1c8f9a6a72
xmodelmesh,#hash_6cf4e0b8188867e7
xmodelmesh,#hash_6cff0498ccbc5bee
xmodelmesh,#hash_6d00caac623d69e7
xmodelmesh,#hash_6d08841bbf961c3a
xmodelmesh,#hash_6d0f29fc3bae8636
xmodelmesh,#hash_6d160a69aede59e1
xmodelmesh,#hash_6d220cf856cd5af6
xmodelmesh,#hash_6d22c039fb9c46e6
xmodelmesh,#hash_6d243ac4e1ffd1ea
xmodelmesh,#hash_6d2696f189b015b3
xmodelmesh,#hash_6d27c8006b0d8d5c
xmodelmesh,#hash_6d294033997a93ff
xmodelmesh,#hash_6d2ca4a0eb5d6c11
xmodelmesh,d#hash_6d303b640bb7e798
xmodelmesh,#hash_6d3318a19aea76ca
xmodelmesh,#hash_6d3526b339ef2b68
xmodelmesh,#hash_6d38ce4c6da53114
xmodelmesh,#hash_6d3b8888db33eb2d
xmodelmesh,#hash_6d3bf1f6df2419f4
xmodelmesh,#hash_6d40c34ab2d6e352
xmodelmesh,#hash_6d415b1eafdeecb1
xmodelmesh,#hash_6d4407d0b4bf4f66
xmodelmesh,#hash_6d465d532f8ff4cf
xmodelmesh,#hash_6d493bb45f8a91b3
xmodelmesh,#hash_6d4a838048a92772
xmodelmesh,#hash_6d541c069da962b8
xmodelmesh,#hash_6d54d9786f7ca139
xmodelmesh,#hash_6d5e21b671f637e4
xmodelmesh,#hash_6d5ed2c2fa68dd47
xmodelmesh,#hash_6d673f636f983b17
xmodelmesh,#hash_6d6b3ec0be3d7da7
xmodelmesh,#hash_6d6dfb8ff0fdada3
xmodelmesh,#hash_6d708bd642a24089
xmodelmesh,#hash_6d7b798eaa831a6e
xmodelmesh,#hash_6d7fc8556544bb93
xmodelmesh,#hash_6d84461ad8e4921a
xmodelmesh,#hash_6d8ad66d6ccbc717
xmodelmesh,d#hash_6d8b843b583a287a
xmodelmesh,#hash_6d8cfd1e5876662e
xmodelmesh,#hash_6d962c4162b2f0dd
xmodelmesh,#hash_6da2ba88a1065490
xmodelmesh,#hash_6da348989e802bc2
xmodelmesh,#hash_6da4123522df5305
xmodelmesh,#hash_6daf150156dec2ea
xmodelmesh,#hash_6db13be247851238
xmodelmesh,#hash_6db7d400523d69c2
xmodelmesh,#hash_6dc1163f86e5dcc2
xmodelmesh,#hash_6dcc4dfe19b6420b
xmodelmesh,#hash_6dcde5293f906657
xmodelmesh,#hash_6dd00c2933cf8290
xmodelmesh,#hash_6dd2d6de3a073708
xmodelmesh,#hash_6ddbb3f9a07eff7d
xmodelmesh,#hash_6de2974cd61dbb60
xmodelmesh,#hash_6de631f70f7586da
xmodelmesh,#hash_6de98f4e266244b9
xmodelmesh,#hash_6ded45a08a3fea67
xmodelmesh,#hash_6dedca94813c843e
xmodelmesh,#hash_6dee7a3f6d078f95
xmodelmesh,#hash_6dee7f9fea6133a2
xmodelmesh,#hash_6def43957acf6190
xmodelmesh,#hash_6df84b2b4aa93668
xmodelmesh,#hash_6df87c4ac9c841b7
xmodelmesh,#hash_6df8d21c9ff02924
xmodelmesh,#hash_6e053e9414bab47d
xmodelmesh,#hash_6e0eae17471888a4
xmodelmesh,#hash_6e1171aba3b108df
xmodelmesh,#hash_6e1182f4c5d8b89d
xmodelmesh,#hash_6e12649f9bc8af55
xmodelmesh,#hash_6e192157999a26fd
xmodelmesh,#hash_6e21faf3cc29ddd9
xmodelmesh,#hash_6e28425eea29948c
xmodelmesh,#hash_6e29fe88b606d6b0
xmodelmesh,#hash_6e35d18d2aa409e8
xmodelmesh,#hash_6e38dc76aef7e94f
xmodelmesh,#hash_6e3a1cce5055623b
xmodelmesh,#hash_6e3d328565e35147
xmodelmesh,#hash_6e3efae8bfd7a75d
xmodelmesh,d#hash_6e46f66db499a5fa
xmodelmesh,#hash_6e4819595827330c
xmodelmesh,#hash_6e4a49f1c5f31e83
xmodelmesh,#hash_6e5031ab3ad0df0b
xmodelmesh,#hash_6e504b99f593cbf4
xmodelmesh,#hash_6e5161d1224d51b4
xmodelmesh,#hash_6e526624ab2bc9a8
xmodelmesh,#hash_6e5b20431a30c8ab
xmodelmesh,#hash_6e62073c51a53161
xmodelmesh,#hash_6e63a077e2473b44
xmodelmesh,#hash_6e692ab3782d0790
xmodelmesh,#hash_6e6b5d820d79eb94
xmodelmesh,#hash_6e6cb8843ebeb4d9
xmodelmesh,#hash_6e6e68a787f409dd
xmodelmesh,#hash_6e6f679174cf41b2
xmodelmesh,#hash_6e7f7024d6b3e0df
xmodelmesh,#hash_6e7fd5bc80f72b99
xmodelmesh,#hash_6e80429534250a7e
xmodelmesh,#hash_6e836a2ac577efc0
xmodelmesh,#hash_6e879ed9a2b70b27
xmodelmesh,#hash_6e87a768de1f9d3a
xmodelmesh,#hash_6e8aeadebee20a96
xmodelmesh,#hash_6e9018bd39209404
xmodelmesh,#hash_6e94be174ace47f9
xmodelmesh,#hash_6e9602baaeb02233
xmodelmesh,#hash_6e97894010aec44f
xmodelmesh,d#hash_6e9a796460423aa9
xmodelmesh,#hash_6e9d5b94252a5a0d
xmodelmesh,#hash_6e9e5544f10285bd
xmodelmesh,#hash_6ea2f1a366987c33
xmodelmesh,#hash_6ea2fbe570e90baf
xmodelmesh,#hash_6ea7789a663a9cd5
xmodelmesh,#hash_6ead67eabc9100c0
xmodelmesh,#hash_6eadcd015bccbb3b
xmodelmesh,#hash_6eb3459b9ea8b0cd
xmodelmesh,#hash_6eb3828fe4f328d5
xmodelmesh,#hash_6ebd9f8ddfe7b20f
xmodelmesh,#hash_6ec094078480accb
xmodelmesh,#hash_6ec13421a8543fcf
xmodelmesh,#hash_6ec24f84ace10bbb
xmodelmesh,#hash_6ec28c901e6b19dc
xmodelmesh,#hash_6ec33e0d5afa075a
xmodelmesh,#hash_6ec54d9434b8b60f
xmodelmesh,#hash_6ec93609b110094b
xmodelmesh,#hash_6ecd5770e8ad75e6
xmodelmesh,#hash_6ed077a50f81ab37
xmodelmesh,#hash_6ed11910d90d7e5b
xmodelmesh,#hash_6eddaa9a200a5079
xmodelmesh,#hash_6edf52502af50b66
xmodelmesh,#hash_6edf8ab075f43056
xmodelmesh,#hash_6ee1eb33bad5f034
xmodelmesh,#hash_6ee43121932063ab
xmodelmesh,#hash_6ee7852ea9e40abc
xmodelmesh,#hash_6eea81c0ec49c899
xmodelmesh,#hash_6eecf72192884c3c
xmodelmesh,#hash_6ef081043ed201c1
xmodelmesh,#hash_6ef100b279dbe468
xmodelmesh,#hash_6ef1c56a7afcfb9f
xmodelmesh,#hash_6ef704caf56952c4
xmodelmesh,#hash_6ef7208f6215460c
xmodelmesh,#hash_6f05c63bfa3f6139
xmodelmesh,#hash_6f1c29368b6a043a
xmodelmesh,#hash_6f2265db126bfc55
xmodelmesh,#hash_6f256f9d50bb9b0f
xmodelmesh,#hash_6f27ab31d230d671
xmodelmesh,#hash_6f2c5f4ab13203e4
xmodelmesh,#hash_6f3a44faba585715
xmodelmesh,#hash_6f3b2d389c32222c
xmodelmesh,#hash_6f3c8ec160195975
xmodelmesh,#hash_6f3dc0cc7505d837
xmodelmesh,#hash_6f40b24b01c1fb0d
xmodelmesh,#hash_6f43593379a8e285
xmodelmesh,#hash_6f4400a2cc70483e
xmodelmesh,#hash_6f46d81c8e751195
xmodelmesh,#hash_6f46e722e5313404
xmodelmesh,#hash_6f47a83a76fc474e
xmodelmesh,#hash_6f488a72537b855a
xmodelmesh,#hash_6f4da2b03d3daf9a
xmodelmesh,#hash_6f5526e673cb6a2f
xmodelmesh,#hash_6f5541cc8129ef8b
xmodelmesh,#hash_6f55c000c7aea5aa
xmodelmesh,#hash_6f580c6716b9db49
xmodelmesh,#hash_6f593c61c49261cc
xmodelmesh,#hash_6f5e90295b7b86a9
xmodelmesh,#hash_6f61597073e2c89e
xmodelmesh,#hash_6f66abd287cdb65a
xmodelmesh,#hash_6f69dd92037fdf02
xmodelmesh,#hash_6f6ad68d6cabd7e1
xmodelmesh,#hash_6f6f54993ae12031
xmodelmesh,#hash_6f7197edbbabbecd
xmodelmesh,#hash_6f78fa090f956c33
xmodelmesh,#hash_6f7a4c3e27c17b8e
xmodelmesh,#hash_6f8217100db4e1c9
xmodelmesh,#hash_6f83e761d8472a4d
xmodelmesh,#hash_6f8553ce9c7e6960
xmodelmesh,#hash_6f8ff845f3ee1d51
xmodelmesh,#hash_6f91113ff317d504
xmodelmesh,#hash_6f91b858803555e3
xmodelmesh,#hash_6fa76b2c047753d2
xmodelmesh,#hash_6fa9d16bd402af15
xmodelmesh,#hash_6fb036783480c3e1
xmodelmesh,d#hash_6fb148097d8c5782
xmodelmesh,#hash_6fb9d2506838a2d7
xmodelmesh,#hash_6fbbdaebf9dfb0da
xmodelmesh,#hash_6fc2313285a87dec
xmodelmesh,#hash_6fc8c3f3f5570e8b
xmodelmesh,#hash_6fceb4b83592cdae
xmodelmesh,#hash_6fd2de8ba05c66e8
xmodelmesh,#hash_6fd368d9e1d5f6f0
xmodelmesh,#hash_6fd3c6491c7fe8de
xmodelmesh,#hash_6fd416a7d9265e77
xmodelmesh,#hash_6fd495ef48635ce2
xmodelmesh,#hash_6fda64842667168a
xmodelmesh,#hash_6fdf0dfe17735656
xmodelmesh,#hash_6fe1d8df88227496
xmodelmesh,#hash_6fe2ae36eee722cf
xmodelmesh,#hash_6fe2ced8c7538386
xmodelmesh,#hash_6fe4ca9f67db62d9
xmodelmesh,#hash_6fe7d73c23d47462
xmodelmesh,#hash_6fe8ca771fa256c3
xmodelmesh,#hash_6fec2559d3f8e384
xmodelmesh,#hash_6fef608f7ca2f2f7
xmodelmesh,#hash_6ff4daaef47791c0
xmodelmesh,#hash_6ff5b784d58c982b
xmodelmesh,#hash_7000d02ae68852ba
xmodelmesh,#hash_7002d487fc8eab21
xmodelmesh,#hash_70066b85e6041cb9
xmodelmesh,#hash_70109d9b7cff48ff
xmodelmesh,#hash_7016a190466c7469
xmodelmesh,#hash_702155ead307377b
xmodelmesh,#hash_702381b4233ae917
xmodelmesh,#hash_7023c38a2ee0c953
xmodelmesh,#hash_70264200fd393a1f
xmodelmesh,d#hash_70272917610aaec3
xmodelmesh,#hash_703025337f100969
xmodelmesh,#hash_7030692307051a90
xmodelmesh,#hash_7031758751a6126b
xmodelmesh,#hash_703b26e36b4fe991
xmodelmesh,#hash_703b4f9f1547b10a
xmodelmesh,#hash_7046a0151237346b
xmodelmesh,#hash_7046ac6a43144820
xmodelmesh,#hash_704a4e8473e36f2c
xmodelmesh,#hash_704ac0d8fef70a15
xmodelmesh,#hash_7055a21e314cdf06
xmodelmesh,#hash_7057b6c97cd174b6
xmodelmesh,#hash_70590704e8ae1261
xmodelmesh,#hash_705ccd4665939a51
xmodelmesh,#hash_705dd5b054b39d1d
xmodelmesh,#hash_705de85b5763c728
xmodelmesh,#hash_7060947b98c24823
xmodelmesh,#hash_70614c12670add72
xmodelmesh,#hash_70624a2cad2eb202
xmodelmesh,#hash_70636dc189990f5d
xmodelmesh,#hash_706478c001be4acb
xmodelmesh,#hash_706ff20c65bd0b28
xmodelmesh,#hash_70700f593799f462
xmodelmesh,#hash_7070998297cdbe6a
xmodelmesh,#hash_7078a7f3113e73f5
xmodelmesh,#hash_707dec24ec7d5a55
xmodelmesh,#hash_70899c32c1b57197
xmodelmesh,#hash_7092f67d925b71ad
xmodelmesh,#hash_7094a4123883e1c7
xmodelmesh,#hash_7096279be6d2545e
xmodelmesh,#hash_70968402a3c5334a
xmodelmesh,#hash_70991da373316d75
xmodelmesh,#hash_709f207a50f2bbde
xmodelmesh,#hash_70a5fe53d8f24ad1
xmodelmesh,#hash_70a81adf7a356cc5
xmodelmesh,#hash_70a92303ae226bc3
xmodelmesh,#hash_70a9366fee6b5b9d
xmodelmesh,#hash_70b1655c5433d9b7
xmodelmesh,#hash_70b179bc5d4b8692
xmodelmesh,#hash_70b62836891cc77c
xmodelmesh,#hash_70ba7fecd119ec30
xmodelmesh,#hash_70baf71f1509f0f8
xmodelmesh,#hash_70bd8571abb28be9
xmodelmesh,#hash_70bf5747349651dc
xmodelmesh,#hash_70c03ed968f713a4
xmodelmesh,#hash_70c2c1d45c93cbd2
xmodelmesh,#hash_70c779b832150a0f
xmodelmesh,#hash_70d51b52528be051
xmodelmesh,#hash_70d53dc6c70a02e1
xmodelmesh,#hash_70d81653cb14736c
xmodelmesh,#hash_70da952e69110084
xmodelmesh,#hash_70e183e7dc5e13b8
xmodelmesh,#hash_70e1dae471b86442
xmodelmesh,#hash_70e24c672b132e1e
xmodelmesh,#hash_70e7499b980f5b7e
xmodelmesh,d#hash_70ed649bc17292c0
xmodelmesh,#hash_70f0f12dc3549568
xmodelmesh,#hash_70f2b3143b19908d
xmodelmesh,#hash_70f8dad62d6e23b2
xmodelmesh,#hash_70fbc9f95a3721b9
xmodelmesh,#hash_71004eaec1b0e76e
xmodelmesh,#hash_7109144552e29fd8
xmodelmesh,#hash_710ed983314aebdb
xmodelmesh,d#hash_710f9b6762ea947d
xmodelmesh,#hash_711029665f26250d
xmodelmesh,#hash_71121c175af9afc7
xmodelmesh,#hash_7112f8e4d92954e5
xmodelmesh,#hash_71166993c4e043df
xmodelmesh,#hash_711d9c32e6b3a3cb
xmodelmesh,#hash_7121891a6b1e920d
xmodelmesh,#hash_7121aa69f8a2b6f3
xmodelmesh,#hash_7122ddb9781e290f
xmodelmesh,#hash_7124150bb5c83a94
xmodelmesh,#hash_712a396c7a064b2e
xmodelmesh,d#hash_712abf21129a4afc
xmodelmesh,#hash_712ceeef8a7bbfa2
xmodelmesh,#hash_713d58752a6f5554
xmodelmesh,#hash_7142f08af5a6c3cd
xmodelmesh,#hash_7159eacdd3e09b18
xmodelmesh,#hash_715a8c3cafc19052
xmodelmesh,#hash_715deae51a296485
xmodelmesh,#hash_7162233f79de83ed
xmodelmesh,#hash_71638ba62daef560
xmodelmesh,#hash_71651236b7163885
xmodelmesh,#hash_716a49ac41f722a9
xmodelmesh,#hash_716c29b5a68c96fd
xmodelmesh,#hash_7177a697720d23f9
xmodelmesh,#hash_718512fa0443af1d
xmodelmesh,#hash_719ec9773eae69aa
xmodelmesh,#hash_71ab6ca5ab7ab882
xmodelmesh,#hash_71acedaea8e06260
xmodelmesh,#hash_71c1a99350eb9f5f
xmodelmesh,#hash_71c7b5278b7777f3
xmodelmesh,#hash_71c82fd83993da67
xmodelmesh,#hash_71cba8b5ddcc6876
xmodelmesh,#hash_71ce70016f795fec
xmodelmesh,#hash_71d0149c50ff51e0
xmodelmesh,#hash_71d146d8744bd0c5
xmodelmesh,#hash_71d4da08a55517e9
xmodelmesh,#hash_71da9a571f9b2bff
xmodelmesh,#hash_71e18beabbdb9242
xmodelmesh,#hash_71e9a21a63ba1ad4
xmodelmesh,#hash_71eb33d68d73b13a
xmodelmesh,#hash_71ed9eb17bca1f12
xmodelmesh,#hash_71edf407f773b6b7
xmodelmesh,#hash_71f1352cbd7b07da
xmodelmesh,#hash_71f5e2d0550febd4
xmodelmesh,#hash_71fbee213c009407
xmodelmesh,#hash_71fcaa7fdfde39f3
xmodelmesh,#hash_72046352e0ee91d7
xmodelmesh,#hash_7205b24f8dd076fb
xmodelmesh,#hash_7208a24910659439
xmodelmesh,#hash_720e8db99d6084fc
xmodelmesh,#hash_720ed7534a7bbc25
xmodelmesh,#hash_720ede5ee59990a9
xmodelmesh,#hash_7210f34e89fdfa96
xmodelmesh,#hash_7216f6ee30996661
xmodelmesh,#hash_721d0cba4f13bc7c
xmodelmesh,#hash_72201d4dc5eba85f
xmodelmesh,#hash_7227673a64fc256c
xmodelmesh,#hash_72279d09f0b610c4
xmodelmesh,#hash_722bc091e96e8179
xmodelmesh,#hash_723a1ef5a89b200b
xmodelmesh,#hash_724512b5ccfba16e
xmodelmesh,#hash_724512f90187d90b
xmodelmesh,#hash_724bdc3937356ce4
xmodelmesh,#hash_724eff8196ab691d
xmodelmesh,#hash_7254a1776e30d73b
xmodelmesh,#hash_725596c2c6e25ea7
xmodelmesh,#hash_725cb87341946b4c
xmodelmesh,#hash_726036435ef8af4e
xmodelmesh,#hash_726094be96ee3db7
xmodelmesh,#hash_7260b62dfd581da6
xmodelmesh,#hash_726264d24f2cd166
xmodelmesh,#hash_726493613e5fd26a
xmodelmesh,#hash_7267c9ef272f88b4
xmodelmesh,#hash_72756d518cc0707a
xmodelmesh,#hash_727749774a3a41c5
xmodelmesh,#hash_727db40bf50ef173
xmodelmesh,#hash_728ee27b71762728
xmodelmesh,#hash_729ef61668c6cc89
xmodelmesh,#hash_72a0605a4401ff21
xmodelmesh,#hash_72a2f0c34569db01
xmodelmesh,d#hash_72a3f23f024d706e
xmodelmesh,#hash_72a4cc82c00eeb4d
xmodelmesh,#hash_72a665d70e26f76a
xmodelmesh,#hash_72a7274fc06fc899
xmodelmesh,#hash_72aba94c29bf68f9
xmodelmesh,#hash_72ad7b1ecc4d4d17
xmodelmesh,#hash_72b627f78f9964f5
xmodelmesh,#hash_72b6c5faf0e72c75
xmodelmesh,d#hash_72b9c2ab3dfbca70
xmodelmesh,#hash_72bade403bb4a8e9
xmodelmesh,#hash_72c5c6aa89a875ca
xmodelmesh,#hash_72d03981b5789a38
xmodelmesh,#hash_72d21088db31bae4
xmodelmesh,#hash_72d2933b91196c21
xmodelmesh,#hash_72d4437daedac4e2
xmodelmesh,#hash_72d5123b3ee2968b
xmodelmesh,#hash_72dd80b704da4046
xmodelmesh,#hash_72e37604d5363912
xmodelmesh,#hash_72e6ed906c3df8dd
xmodelmesh,#hash_72ebcb2c3ee4cf2e
xmodelmesh,d#hash_72f2397f1ea0eb19
xmodelmesh,#hash_72f845a80eaa7ca4
xmodelmesh,#hash_72faf689d99e57e4
xmodelmesh,#hash_72fb204337ce07d7
xmodelmesh,#hash_730095aeac34c8d7
xmodelmesh,#hash_7307fcab1e11f0e5
xmodelmesh,#hash_73099f3a9868ebeb
xmodelmesh,#hash_730a2c12857dc52c
xmodelmesh,#hash_730c5579604a8645
xmodelmesh,#hash_730cf3e02c63c02c
xmodelmesh,#hash_731399f01ce1c7ba
xmodelmesh,#hash_73139eb6c19c645b
xmodelmesh,#hash_7315ad2d250a3c8a
xmodelmesh,#hash_7316576b7602edd9
xmodelmesh,#hash_73180b590536b793
xmodelmesh,#hash_73190c74f5d55586
xmodelmesh,#hash_731ba70b59067a8a
xmodelmesh,#hash_731c1ae5c003e51b
xmodelmesh,#hash_731e6dd03c6bab66
xmodelmesh,#hash_732edf2e97ec0542
xmodelmesh,#hash_733d00e1f0e5b65d
xmodelmesh,#hash_733f7b84db67f575
xmodelmesh,#hash_7341981bfc1c2958
xmodelmesh,#hash_734ad953839571c9
xmodelmesh,#hash_7350cdb4839002f7
xmodelmesh,#hash_735270e344ac1dd5
xmodelmesh,#hash_7356b269c14e60c4
xmodelmesh,#hash_735a64a760ae153f
xmodelmesh,#hash_735b839b33cead9d
xmodelmesh,d#hash_735fb996ccd5c08b
xmodelmesh,#hash_73607a8b7e821ff1
xmodelmesh,#hash_736178605a83bc64
xmodelmesh,#hash_7361adcd3a4ce109
xmodelmesh,#hash_736686204d0e3d43
xmodelmesh,#hash_736994ab0a24c89f
xmodelmesh,#hash_736c85870c3933ab
xmodelmesh,#hash_736d0d80ba1e3cb6
xmodelmesh,#hash_736df1a89f87a75d
xmodelmesh,#hash_736fce9847571b32
xmodelmesh,#hash_73737d7de33c2f0c
xmodelmesh,#hash_737d2daf9c0d025b
xmodelmesh,#hash_7381dd017180a755
xmodelmesh,#hash_7385f79895d96d27
xmodelmesh,#hash_7388ea407a73273a
xmodelmesh,#hash_738a7b733f3d2fa4
xmodelmesh,#hash_7392733cfda96b88
xmodelmesh,#hash_7392fb22b7023e0f
xmodelmesh,#hash_7392fbc18e167a6b
xmodelmesh,#hash_739346d1936b5d2b
xmodelmesh,#hash_739f325e5fe28db5
xmodelmesh,d#hash_73af197ffff20d35
xmodelmesh,#hash_73b18a72e24ba4ae
xmodelmesh,#hash_73b42dff1516d654
xmodelmesh,#hash_73b7d2f2d43445d0
xmodelmesh,#hash_73bc331601b7c686
xmodelmesh,d#hash_73be1861135baa8f
xmodelmesh,#hash_73be8090f3502ab6
xmodelmesh,#hash_73c0e172eb5dffcf
xmodelmesh,#hash_73c5291f0db43211
xmodelmesh,#hash_73ccd4042f0ba3e2
xmodelmesh,#hash_73ce66c8fa3da1cf
xmodelmesh,#hash_73d03eb9b44bcdf0
xmodelmesh,#hash_73d2dc3885bbbfde
xmodelmesh,#hash_73d46620a2c4e735
xmodelmesh,#hash_73de42855e77f853
xmodelmesh,#hash_73e11526b3e2cdc2
xmodelmesh,#hash_73e47f1b2dfe9b0d
xmodelmesh,#hash_73e4f6a991244d33
xmodelmesh,#hash_73e69ebb618f90be
xmodelmesh,#hash_73eeb1a227d8e3c5
xmodelmesh,#hash_73fcee41737b48cc
xmodelmesh,#hash_7400ab85895a0ab7
xmodelmesh,#hash_740516777826f0cd
xmodelmesh,d#hash_740bd6814780b0a8
xmodelmesh,d#hash_740d08864cacbfd6
xmodelmesh,#hash_740df49315ac4881
xmodelmesh,#hash_741be3c4b5d716a4
xmodelmesh,#hash_741df7cc5b6accb9
xmodelmesh,#hash_7421f57d43527b91
xmodelmesh,#hash_742909de08847e0f
xmodelmesh,#hash_74341f801d7af854
xmodelmesh,#hash_743d3dfa2bf3748b
xmodelmesh,#hash_74467180c8c2cf3e
xmodelmesh,#hash_7447c73d621c6228
xmodelmesh,#hash_744b7f5729c4b7be
xmodelmesh,#hash_744d7932bf28d2d0
xmodelmesh,#hash_744daeedb3218f00
xmodelmesh,#hash_74528227f6b804b1
xmodelmesh,#hash_745d8670709a56fe
xmodelmesh,#hash_745ece8b83f175b7
xmodelmesh,#hash_7460ceaed0f3117c
xmodelmesh,#hash_7464abde9b4535a9
xmodelmesh,#hash_74675eae5cd2afa1
xmodelmesh,#hash_746ebfed98aff860
xmodelmesh,#hash_747234645ffb195f
xmodelmesh,#hash_747805057e27c028
xmodelmesh,#hash_747abf4ba74a2294
xmodelmesh,#hash_747beda67a6b70b7
xmodelmesh,#hash_747c9f83df4c4c97
xmodelmesh,#hash_7482e20a1e31b139
xmodelmesh,#hash_74886864a37b4a7f
xmodelmesh,#hash_748a6aea4be73d21
xmodelmesh,d#hash_748af3082afb1159
xmodelmesh,#hash_7494118dbffb2df5
xmodelmesh,#hash_7494ba4e266c60b0
xmodelmesh,#hash_7494bbd957da5d2f
xmodelmesh,#hash_74961c712fd0aacb
xmodelmesh,#hash_7496eb9c30a0d2e2
xmodelmesh,#hash_74988db59def2bfc
xmodelmesh,#hash_749a07393954fb6c
xmodelmesh,#hash_749d37a2bf6081c4
xmodelmesh,d#hash_749f2bda5fff5355
xmodelmesh,#hash_749fb67bafec0e48
xmodelmesh,#hash_74a78567e1c99661
xmodelmesh,#hash_74afc473f29e55f8
xmodelmesh,#hash_74b0dab773e792e1
xmodelmesh,#hash_74b2dcc7ba845d4f
xmodelmesh,#hash_74b504ecfd9ae2a5
xmodelmesh,#hash_74b6f7fd69425ead
xmodelmesh,#hash_74b8574c75041f2c
xmodelmesh,#hash_74c3fea9a7bc5091
xmodelmesh,#hash_74c711b6d561d1b2
xmodelmesh,#hash_74ccddf94461788c
xmodelmesh,#hash_74d36e9ce7a5a8f0
xmodelmesh,#hash_74d78680c65c5a14
xmodelmesh,d#hash_74e8c7e1086be356
xmodelmesh,#hash_74eeaaffbcefb883
xmodelmesh,#hash_74eeb0906915a258
xmodelmesh,#hash_74f4bdb71b1e2a6d
xmodelmesh,#hash_74f7b738c02f15f1
xmodelmesh,#hash_74fce2a1158126e1
xmodelmesh,#hash_7500df73af76fa7b
xmodelmesh,#hash_750bc6cca8fa923b
xmodelmesh,#hash_75145a1f3064c145
xmodelmesh,#hash_75170ae6145fe3ba
xmodelmesh,#hash_7517aafdb94d5afa
xmodelmesh,#hash_75197e4867ec4938
xmodelmesh,#hash_751de5a545d63dcb
xmodelmesh,#hash_751e78b28bcb3538
xmodelmesh,#hash_7520d73418018032
xmodelmesh,#hash_75223aa257be950a
xmodelmesh,#hash_752a2f94d5bd6171
xmodelmesh,#hash_752bb8949e4e5759
xmodelmesh,#hash_752e6b6b2acbdae8
xmodelmesh,#hash_75390d6e35189a3f
xmodelmesh,#hash_753c0cd9900f552f
xmodelmesh,#hash_75459d8cd471705e
xmodelmesh,#hash_75493c741d0205c7
xmodelmesh,#hash_754b02db507a75c4
xmodelmesh,#hash_75507d6f4f696c5f
xmodelmesh,#hash_7556b625d42a33a2
xmodelmesh,#hash_7556d448f781f33c
xmodelmesh,#hash_7558cc7bd6e4c030
xmodelmesh,#hash_75607f5cf9590346
xmodelmesh,#hash_75619f3445e11484
xmodelmesh,#hash_75633646437e1128
xmodelmesh,#hash_7564b936d5987ecb
xmodelmesh,#hash_75657d99a704873a
xmodelmesh,#hash_75668d96571c2505
xmodelmesh,#hash_756dc09d6c37a5ac
xmodelmesh,#hash_75758f91c4a2de14
xmodelmesh,#hash_757590f2e6a08c8d
xmodelmesh,#hash_757823bb77dcb9bb
xmodelmesh,#hash_757ad0da523aecf4
xmodelmesh,#hash_7582fc372b9368ed
xmodelmesh,#hash_7585d34c98ef78bc
xmodelmesh,#hash_75942ff13c379b4c
xmodelmesh,#hash_759a76d38ad76a08
xmodelmesh,#hash_759a81dc14be3426
xmodelmesh,#hash_759b577dc9f64c58
xmodelmesh,#hash_759c090c617d5a46
xmodelmesh,#hash_759c5d941e782754
xmodelmesh,#hash_759ce89f493db9f6
xmodelmesh,#hash_759dfc49f9f2f5dc
xmodelmesh,#hash_75a39f1f7c3d9be5
xmodelmesh,#hash_75a7e338c92dfa34
xmodelmesh,#hash_75aab7e6aea9c6db
xmodelmesh,#hash_75aca62031afa9b5
xmodelmesh,#hash_75af4f5b723d05a1
xmodelmesh,#hash_75b004f61a176600
xmodelmesh,#hash_75b745b61a8a977c
xmodelmesh,#hash_75bd32e30d922c7a
xmodelmesh,#hash_75c1dd84c2876e14
xmodelmesh,#hash_75c2c2ea73620ad7
xmodelmesh,#hash_75c60019ed500188
xmodelmesh,#hash_75c98989d00753fd
xmodelmesh,#hash_75ca3a5f5d192c4a
xmodelmesh,#hash_75cbbf90926c86d6
xmodelmesh,#hash_75cdbe1e1ec85754
xmodelmesh,#hash_75ce4005298f6cf5
xmodelmesh,#hash_75cf7a0d1208c926
xmodelmesh,#hash_75d00ee29789313c
xmodelmesh,#hash_75d313f23d126591
xmodelmesh,#hash_75da9fe9c3cbbe26
xmodelmesh,#hash_75dc51e1af7e21f2
xmodelmesh,#hash_75de305a6a3ad99f
xmodelmesh,#hash_75e5c5f9d70adc79
xmodelmesh,#hash_75ef4dcb67ff93c6
xmodelmesh,#hash_75f8b231e39c31d3
xmodelmesh,#hash_75fa21c35191997e
xmodelmesh,#hash_75fc1bdd2c418996
xmodelmesh,#hash_75fd3f0797cf7ef2
xmodelmesh,#hash_75fffc0c656d0d14
xmodelmesh,#hash_760128ef0c513f3d
xmodelmesh,#hash_76084fd559fc3134
xmodelmesh,#hash_760a1fc550f23c89
xmodelmesh,#hash_760a5f133b3c7554
xmodelmesh,d#hash_76193896d2e36db0
xmodelmesh,#hash_761e9868e6892087
xmodelmesh,#hash_761f2853518d1176
xmodelmesh,#hash_7620edbe03264399
xmodelmesh,#hash_7626ca8f1b921c60
xmodelmesh,#hash_76277be229258e40
xmodelmesh,#hash_762d52820cb56526
xmodelmesh,#hash_76326c4349bcfccc
xmodelmesh,#hash_763364baf1ae84b4
xmodelmesh,#hash_763989f498356473
xmodelmesh,#hash_763be0600b148ff6
xmodelmesh,#hash_763c00a6863ba474
xmodelmesh,#hash_763fee84ae79f489
xmodelmesh,#hash_7641ef7133e09b70
xmodelmesh,#hash_7644aab7bdd512af
xmodelmesh,#hash_7646f6fcff3ecf52
xmodelmesh,#hash_7648d5b57d63a724
xmodelmesh,#hash_764d60d89863bcdf
xmodelmesh,#hash_764e409d52be9d0b
xmodelmesh,#hash_764e5322c7477899
xmodelmesh,#hash_764eb91cfc7e4262
xmodelmesh,#hash_7652c6123f8f0a64
xmodelmesh,#hash_765575b71de11268
xmodelmesh,#hash_7656e9c26477afbb
xmodelmesh,#hash_765834e8568a84d9
xmodelmesh,#hash_765d53f9a1f61d48
xmodelmesh,#hash_765f1bd366ad0ef4
xmodelmesh,#hash_766f7d3760dda787
xmodelmesh,#hash_7670a8188e229b33
xmodelmesh,#hash_76744f4cf448d253
xmodelmesh,#hash_767a6f3a081fc261
xmodelmesh,#hash_767cde442213fd6a
xmodelmesh,#hash_767da3fc83f2414a
xmodelmesh,#hash_767ed538d078ebfd
xmodelmesh,#hash_768dda3fa3d735c3
xmodelmesh,#hash_76903b47c48dad89
xmodelmesh,#hash_7695eabac1f1edaf
xmodelmesh,#hash_769b480a8965989b
xmodelmesh,#hash_769be65c9e26fdde
xmodelmesh,d#hash_769c9453857f34d1
xmodelmesh,#hash_769e6ae2e7af622f
xmodelmesh,#hash_769e9da730d41a96
xmodelmesh,#hash_76a0c277d4279e62
xmodelmesh,#hash_76a75d5870fc0a64
xmodelmesh,#hash_76b1ada82a7eb072
xmodelmesh,#hash_76b1dc608c14011d
xmodelmesh,#hash_76b438d5974eeb10
xmodelmesh,#hash_76b7e52637656131
xmodelmesh,#hash_76bf2f6a13085cce
xmodelmesh,#hash_76c16040932b4de6
xmodelmesh,#hash_76c2e62eae470926
xmodelmesh,#hash_76c30c84c49ef4fb
xmodelmesh,#hash_76c3e3a42f972a40
xmodelmesh,#hash_76ca92357ac7a0ef
xmodelmesh,d#hash_76cd7b9b3447d442
xmodelmesh,#hash_76d53dbf587b8c0d
xmodelmesh,d#hash_76d71bb3386b357c
xmodelmesh,#hash_76d7618532af6656
xmodelmesh,#hash_76dbe4473ea937d2
xmodelmesh,#hash_76df0767f3c811c9
xmodelmesh,#hash_76ea9aaa6269bd7d
xmodelmesh,#hash_76ecbfa5f77d9f1e
xmodelmesh,#hash_76f5bb780251855f
xmodelmesh,#hash_76f9934bf72a46db
xmodelmesh,#hash_76fe31d28fc5f18b
xmodelmesh,#hash_770004e11a0b4086
xmodelmesh,#hash_77065cef18010255
xmodelmesh,#hash_770c52eb0bec2766
xmodelmesh,#hash_770d6d379aa50bad
xmodelmesh,#hash_7713c03ca82b6ecd
xmodelmesh,#hash_77166b01e47a46a4
xmodelmesh,#hash_771dcfbf243a87ec
xmodelmesh,d#hash_77213dec05bb7e96
xmodelmesh,#hash_7740f5fa0e237759
xmodelmesh,#hash_7742b33bc5721a91
xmodelmesh,#hash_77453d5fc1520f78
xmodelmesh,#hash_77461452e27ff83d
xmodelmesh,#hash_77461691c421efaa
xmodelmesh,d#hash_774704561fd3efda
xmodelmesh,#hash_774bd4f8193e4e72
xmodelmesh,#hash_775a285ab9b2e2b6
xmodelmesh,#hash_775b54d522fc3b8d
xmodelmesh,#hash_7760f2ed05b3c183
xmodelmesh,#hash_7763e99e9ac80c33
xmodelmesh,#hash_77674f6a1945fb7c
xmodelmesh,#hash_7768e942a96a51d3
xmodelmesh,#hash_776a4b02c874533a
xmodelmesh,#hash_776fa6502c6281eb
xmodelmesh,#hash_77729786c9b7881b
xmodelmesh,#hash_77729935848eed2d
xmodelmesh,#hash_777b1ec6d5446dd9
xmodelmesh,#hash_777f604005a4a04c
xmodelmesh,#hash_77858114496d7e3b
xmodelmesh,#hash_7788e869a7f1a0ab
xmodelmesh,#hash_778b0007766a9a64
xmodelmesh,#hash_7792d3c60aafd689
xmodelmesh,#hash_77971ee043137c06
xmodelmesh,#hash_7797ce8718138b31
xmodelmesh,#hash_779a49bd9284481c
xmodelmesh,#hash_77a048b8dc45e65d
xmodelmesh,#hash_77a5df953f84a7de
xmodelmesh,#hash_77a6bc9f0dd34437
xmodelmesh,#hash_77aaae4eeff47f2a
xmodelmesh,#hash_77ac1b76180f207f
xmodelmesh,#hash_77b359bf6edaaf41
xmodelmesh,#hash_77baae6cf8e361dc
xmodelmesh,#hash_77c26029660a15fe
xmodelmesh,#hash_77c28108b710e064
xmodelmesh,#hash_77c518f8d71b2d1d
xmodelmesh,#hash_77cac440836e340a
xmodelmesh,#hash_77cbb3dcf6e4a636
xmodelmesh,#hash_77cf2dc7fc20f3f5
xmodelmesh,#hash_77d36872a543be30
xmodelmesh,#hash_77d83a2c18ed8bbb
xmodelmesh,#hash_77d906916df8abe1
xmodelmesh,#hash_77dae1ce6b72376e
xmodelmesh,#hash_77db86a51d32f44d
xmodelmesh,#hash_77ec37d9f60ea0e4
xmodelmesh,#hash_77ff640ec2bda238
xmodelmesh,#hash_78068b735a77a6ac
xmodelmesh,#hash_7809d48b57e8efed
xmodelmesh,#hash_780a522a279b8af2
xmodelmesh,#hash_78125be43e287fe7
xmodelmesh,#hash_78144a65e7753127
xmodelmesh,#hash_781558e6f23263c0
xmodelmesh,#hash_7816bd11f4f8b731
xmodelmesh,#hash_7823de6fcf255d7f
xmodelmesh,#hash_7823f95df7483f57
xmodelmesh,#hash_7825b610e3462566
xmodelmesh,#hash_78279133b95990a5
xmodelmesh,#hash_782b33d72ff5d757
xmodelmesh,#hash_782fc2a3697c6dfa
xmodelmesh,#hash_78347bcdc273b5e6
xmodelmesh,#hash_7834d3b276d34066
xmodelmesh,d#hash_783868af6533685e
xmodelmesh,#hash_783b14171c95ea1b
xmodelmesh,#hash_783d87773ccd3b26
xmodelmesh,#hash_783ef1bb9a444ab3
xmodelmesh,#hash_7844cb67571e085a
xmodelmesh,#hash_7848667578de2d97
xmodelmesh,#hash_7854e247587a3690
xmodelmesh,#hash_7857306d10b54254
xmodelmesh,#hash_78598cd9734a4706
xmodelmesh,#hash_785fd28cfb6f5977
xmodelmesh,#hash_7866dd4e792b9b06
xmodelmesh,#hash_7868a217c9346343
xmodelmesh,#hash_7868c0014d1c4617
xmodelmesh,#hash_786960f0d3f41cd4
xmodelmesh,#hash_786b0c346b77ea64
xmodelmesh,d#hash_786e634c06e4d02b
xmodelmesh,#hash_7870049fcfeeea43
xmodelmesh,#hash_78760f46bc72b432
xmodelmesh,#hash_7878d27a680f01f3
xmodelmesh,#hash_7879240065a3db31
xmodelmesh,#hash_787aac2fefab7fff
xmodelmesh,#hash_787db1fdc90389dc
xmodelmesh,#hash_78813a8813c676ec
xmodelmesh,#hash_7884426ca5af18f4
xmodelmesh,#hash_7885f2366a9e8398
xmodelmesh,#hash_7886bd390f6601bc
xmodelmesh,#hash_788950628b08dfde
xmodelmesh,#hash_789083948b4031ad
xmodelmesh,d#hash_78908dc6b9666e78
xmodelmesh,#hash_789561b401bda7bb
xmodelmesh,#hash_7898a9777078fe93
xmodelmesh,#hash_78aa18f997722bf2
xmodelmesh,#hash_78ab241aa5f37b07
xmodelmesh,#hash_78ad14d1deb5708e
xmodelmesh,#hash_78b2b2bb57576736
xmodelmesh,#hash_78ba48e9b06b91db
xmodelmesh,#hash_78ba51360c9a361d
xmodelmesh,#hash_78bb8e62bf655036
xmodelmesh,#hash_78bf4a8168e5f3fa
xmodelmesh,#hash_78c051c9ee613e63
xmodelmesh,#hash_78c26c15e8988f25
xmodelmesh,#hash_78c3a179eabc2830
xmodelmesh,#hash_78c3c701eda2c1d9
xmodelmesh,#hash_78cd6a88dc6880bf
xmodelmesh,#hash_78cf025dc655c663
xmodelmesh,#hash_78d1b47842733b8f
xmodelmesh,#hash_78dcc60cac9c6cd7
xmodelmesh,#hash_78ddd332dd4177e1
xmodelmesh,#hash_78e0ff84661bc3ac
xmodelmesh,#hash_78e27c2361e27b8a
xmodelmesh,#hash_78e6018172830f32
xmodelmesh,#hash_78e883053d177388
xmodelmesh,#hash_78e9ba380cfeb929
xmodelmesh,#hash_78ed172657ab292c
xmodelmesh,#hash_78f100e1aac6de37
xmodelmesh,#hash_78f94352dcc64cc0
xmodelmesh,#hash_78fdd8924296cafb
xmodelmesh,#hash_78fe8d957632e189
xmodelmesh,#hash_79128b418f495444
xmodelmesh,#hash_7917a1116b56a7e0
xmodelmesh,#hash_791c67c5aa853d01
xmodelmesh,#hash_791ea29092f34a01
xmodelmesh,#hash_7922bc3102128088
xmodelmesh,#hash_7924a355b7c53bcd
xmodelmesh,#hash_792bc3548aa55c93
xmodelmesh,#hash_79324092ab9a3f51
xmodelmesh,#hash_7933778f780c4f9d
xmodelmesh,#hash_7941c71897c2a2ea
xmodelmesh,#hash_7944e83079c09efa
xmodelmesh,#hash_79470a254528cf85
xmodelmesh,#hash_7947e57e0d3e72ee
xmodelmesh,#hash_794824964f9f0e4e
xmodelmesh,#hash_794a1990f4d261b9
xmodelmesh,#hash_794a7a835cb8210a
xmodelmesh,#hash_794c52c364a1ee50
xmodelmesh,#hash_794d746b940123e6
xmodelmesh,#hash_7951621ad3599b88
xmodelmesh,#hash_7952a57fa0da99d4
xmodelmesh,#hash_7953390f98540ff1
xmodelmesh,#hash_7966c0be6a1f41bd
xmodelmesh,#hash_796890ee9c408c95
xmodelmesh,#hash_796a3f7538af9edc
xmodelmesh,#hash_796b7292ffa21df0
xmodelmesh,#hash_796bbb3d1fe8fe15
xmodelmesh,#hash_796bf8ec6ddff972
xmodelmesh,#hash_796c8ee740eec708
xmodelmesh,#hash_796cd59cf6b72867
xmodelmesh,#hash_796f3f315d8d2a92
xmodelmesh,#hash_79764850ee05ee08
xmodelmesh,#hash_797750a0b3dec08d
xmodelmesh,#hash_797c44230c946950
xmodelmesh,#hash_7990ccf111c5e203
xmodelmesh,#hash_799131d49221d482
xmodelmesh,#hash_7996cbe4632f8c52
xmodelmesh,#hash_79a4812cdbe7f811
xmodelmesh,#hash_79a7926f17092048
xmodelmesh,#hash_79aee528e8cdf89f
xmodelmesh,#hash_79af0f352c6b5f19
xmodelmesh,#hash_79b6249dd9204b70
xmodelmesh,#hash_79ba29071e12cb85
xmodelmesh,#hash_79be907bd927be7b
xmodelmesh,#hash_79c0c9f4c645456d
xmodelmesh,#hash_79cb047c122eca35
xmodelmesh,#hash_79d20646c61e4b11
xmodelmesh,#hash_79d35fe04c1171a0
xmodelmesh,#hash_79d539a458962813
xmodelmesh,#hash_79d6d06b80d82dc5
xmodelmesh,#hash_79d8fe71f7dca954
xmodelmesh,#hash_79dfa9a641cdbfe7
xmodelmesh,#hash_79e5ccf7f04abff0
xmodelmesh,#hash_79e60ec6943335db
xmodelmesh,#hash_79e65084f0fc7469
xmodelmesh,#hash_79eae614e06dd5e0
xmodelmesh,#hash_79f29b0cc4aa4aa5
xmodelmesh,#hash_79f30a48eb691168
xmodelmesh,#hash_79fefd06ef21bf78
xmodelmesh,#hash_7a07dac7852edf9c
xmodelmesh,#hash_7a0a12112f2f04ca
xmodelmesh,#hash_7a0af5b51e7d51f0
xmodelmesh,#hash_7a0cb39e50c2eab7
xmodelmesh,#hash_7a0e13b6b114bc77
xmodelmesh,#hash_7a0f1e2ef83ee89c
xmodelmesh,#hash_7a1125a38d4c15ab
xmodelmesh,#hash_7a1f0949a4178e96
xmodelmesh,#hash_7a1f1e9e9f332695
xmodelmesh,#hash_7a1f8940432b6773
xmodelmesh,#hash_7a2014b3c3542188
xmodelmesh,#hash_7a2d0c2d221929ec
xmodelmesh,#hash_7a2d1155fa2a1d24
xmodelmesh,#hash_7a2e93340cb96a76
xmodelmesh,d#hash_7a2e9e607be685a1
xmodelmesh,#hash_7a31312e6128b4a2
xmodelmesh,#hash_7a3912732f3a56de
xmodelmesh,#hash_7a3f0c5fec3eb72a
xmodelmesh,#hash_7a499bfa35cdc168
xmodelmesh,#hash_7a4d03c8a833c643
xmodelmesh,#hash_7a56e652bda99cad
xmodelmesh,#hash_7a5e835ee6c39dea
xmodelmesh,#hash_7a61475f33da155e
xmodelmesh,#hash_7a63bbf68d2ef408
xmodelmesh,#hash_7a64e3263f9445f7
xmodelmesh,#hash_7a69c32fe61a9c19
xmodelmesh,#hash_7a6be3789161ea49
xmodelmesh,#hash_7a6dabcec976d46d
xmodelmesh,#hash_7a6f1a145ed0ea03
xmodelmesh,#hash_7a6fdf39b2016228
xmodelmesh,#hash_7a7500c7f55102e6
xmodelmesh,#hash_7a77d8023334a467
xmodelmesh,#hash_7a7f30f57de68cf0
xmodelmesh,#hash_7a852c54b39398e1
xmodelmesh,#hash_7a8920112e2a70e0
xmodelmesh,#hash_7a8da6a5ecd8208b
xmodelmesh,#hash_7a931cfc1752cbce
xmodelmesh,#hash_7a969dbbe3959ce1
xmodelmesh,#hash_7a9c2873269fe4bd
xmodelmesh,#hash_7a9fa4d8fdf35cc7
xmodelmesh,#hash_7aa29fb3099224d2
xmodelmesh,#hash_7aa2d4413e8c2e97
xmodelmesh,#hash_7aa72d51b405adec
xmodelmesh,#hash_7aa99c3a61874999
xmodelmesh,#hash_7aac458a9ce7b1c5
xmodelmesh,#hash_7ab1fd8f03f36468
xmodelmesh,d#hash_7ab329e7d4c50cc2
xmodelmesh,#hash_7abd9d76d89713fc
xmodelmesh,#hash_7abd9fa59a24a4ca
xmodelmesh,#hash_7ac0b6f7cdeb33c2
xmodelmesh,#hash_7ac6cf5d93d4639c
xmodelmesh,#hash_7ad672dfa89ca3b8
xmodelmesh,#hash_7adca39b61076ca9
xmodelmesh,#hash_7adf46de79e53fea
xmodelmesh,#hash_7ae1d25830b6d75f
xmodelmesh,#hash_7aebbb75f1a84378
xmodelmesh,#hash_7aed6414f91a934d
xmodelmesh,#hash_7aed77a5e8340821
xmodelmesh,#hash_7af66014bd64e904
xmodelmesh,#hash_7afb82781f5659ad
xmodelmesh,#hash_7aff076db2717ee7
xmodelmesh,#hash_7b01da4832665c43
xmodelmesh,#hash_7b02bcfb74228f91
xmodelmesh,#hash_7b05c67b9afb8dcd
xmodelmesh,#hash_7b0aca688c52cdc1
xmodelmesh,#hash_7b0bb4d888feda18
xmodelmesh,#hash_7b0f38bb2982f914
xmodelmesh,#hash_7b1083560d945e32
xmodelmesh,#hash_7b1827858535172c
xmodelmesh,#hash_7b199c2b378b5989
xmodelmesh,#hash_7b1d15a06cbe4d7e
xmodelmesh,#hash_7b25ef2c97e7b198
xmodelmesh,#hash_7b2b651cd8a7a804
xmodelmesh,d#hash_7b2c7ed122e3e77d
xmodelmesh,#hash_7b322c50addbe6ea
xmodelmesh,#hash_7b34f6c8e53bd150
xmodelmesh,#hash_7b3950401ecfee3b
xmodelmesh,#hash_7b3a38a9b0d01a99
xmodelmesh,#hash_7b3b39c05174b3c5
xmodelmesh,#hash_7b3f0027730525d9
xmodelmesh,#hash_7b4308fd47cae7a1
xmodelmesh,#hash_7b432c381cae8009
xmodelmesh,#hash_7b441ac9c7dbbedf
xmodelmesh,#hash_7b52a6ad684442d4
xmodelmesh,#hash_7b56bcd09592fed1
xmodelmesh,#hash_7b579433d04d1ceb
xmodelmesh,#hash_7b584041db7e7f38
xmodelmesh,#hash_7b5b308e9ae70fcb
xmodelmesh,#hash_7b5debaf5ea390e2
xmodelmesh,#hash_7b604db00fac8415
xmodelmesh,#hash_7b62b92a1e3aaf6b
xmodelmesh,#hash_7b6896a76247244c
xmodelmesh,#hash_7b6b1cca61017db8
xmodelmesh,#hash_7b70dc8057af350f
xmodelmesh,#hash_7b7101001b5ebc6a
xmodelmesh,#hash_7b779caf83955646
xmodelmesh,#hash_7b7d852d65b4ab1d
xmodelmesh,#hash_7b8a6c5b222c6ea9
xmodelmesh,#hash_7b8f75e5ef6b41aa
xmodelmesh,#hash_7b9341169ba2152e
xmodelmesh,#hash_7b94c7e9f5c36d91
xmodelmesh,#hash_7b962b67d0f2570a
xmodelmesh,#hash_7b9b85406d8804ef
xmodelmesh,#hash_7b9c05b1bdb3c6f1
xmodelmesh,#hash_7b9c0b3f3338ed60
xmodelmesh,#hash_7b9fe58ddfb29b42
xmodelmesh,#hash_7ba51a3351b1db76
xmodelmesh,#hash_7ba7af48e105eeed
xmodelmesh,#hash_7ba8c63ee4fdd6fb
xmodelmesh,#hash_7baa38e77b35b8fa
xmodelmesh,#hash_7bb5569b76db4ab8
xmodelmesh,#hash_7bc60d2db55e03b0
xmodelmesh,#hash_7bc9df5ad7fad6b2
xmodelmesh,#hash_7bcc05dd577c03c7
xmodelmesh,#hash_7bcc554fcf3de18d
xmodelmesh,#hash_7bd0fee87f51130f
xmodelmesh,#hash_7bd1fb3cbb569040
xmodelmesh,#hash_7bd9cdd5ebaed6b4
xmodelmesh,#hash_7bdaf3917a054966
xmodelmesh,#hash_7bdc3999aa17dca6
xmodelmesh,#hash_7bde19a2ed473080
xmodelmesh,#hash_7be4097af9e901c0
xmodelmesh,d#hash_7bee7c11f10aace9
xmodelmesh,#hash_7bfa27f60386ad26
xmodelmesh,#hash_7bfecd93a454c0cf
xmodelmesh,d#hash_7bff65bf427bad52
xmodelmesh,#hash_7c05d5a43a4e8104
xmodelmesh,#hash_7c0e54bc0e8ec7ff
xmodelmesh,#hash_7c1528e4d952fc99
xmodelmesh,#hash_7c174ae56d730a03
xmodelmesh,#hash_7c1e47659010b011
xmodelmesh,#hash_7c3b30440843c5ae
xmodelmesh,#hash_7c448c7691d38e07
xmodelmesh,d#hash_7c45f2c422ec9704
xmodelmesh,#hash_7c50c2790ee51b85
xmodelmesh,#hash_7c52a7a9036f3bbe
xmodelmesh,#hash_7c56ac4632536ef2
xmodelmesh,#hash_7c5c9f76713af66d
xmodelmesh,#hash_7c6924df1ec2261d
xmodelmesh,#hash_7c6982f07bd1c89a
xmodelmesh,#hash_7c69fb1d2ea72370
xmodelmesh,#hash_7c76ffec2ba12023
xmodelmesh,#hash_7c7e02135fc477b1
xmodelmesh,#hash_7c7eb4b617d6abd5
xmodelmesh,#hash_7c7f16a1bf6f0c1d
xmodelmesh,#hash_7c8d2c1447d8f4fe
xmodelmesh,d#hash_7c8fd95b9c6b3a27
xmodelmesh,#hash_7c9181ad459a6542
xmodelmesh,#hash_7c91adb3f82893dc
xmodelmesh,#hash_7c93377c784b8b98
xmodelmesh,#hash_7c9339b974e70db0
xmodelmesh,#hash_7c953d38842d91b9
xmodelmesh,#hash_7c9a01347596b434
xmodelmesh,#hash_7c9aadfafc9e5c57
xmodelmesh,#hash_7ca033724e9df2d2
xmodelmesh,#hash_7ca07678151d045d
xmodelmesh,#hash_7ca19d84efaf4628
xmodelmesh,#hash_7ca3ca681aedcf5d
xmodelmesh,#hash_7ca523d6d9588ab2
xmodelmesh,#hash_7ca6076d3c6c266f
xmodelmesh,#hash_7ca6a2198afd553d
xmodelmesh,#hash_7ca6b7dc49768667
xmodelmesh,#hash_7ca8977b2684ee12
xmodelmesh,#hash_7ca9080cc34fcd10
xmodelmesh,#hash_7caa85de1b8c1039
xmodelmesh,#hash_7cadfdd9238d707c
xmodelmesh,#hash_7caf3b2e736f518c
xmodelmesh,#hash_7cbaba7db2baa582
xmodelmesh,#hash_7cbcb65e07abda9f
xmodelmesh,#hash_7cbde50136b97b14
xmodelmesh,#hash_7cbe0fea6a48bd99
xmodelmesh,#hash_7cbfd3baa9038128
xmodelmesh,#hash_7cc11d3af1fffeb7
xmodelmesh,#hash_7cc442485f2af33c
xmodelmesh,#hash_7cc7544dce48cc00
xmodelmesh,#hash_7ccaed861a0a4b66
xmodelmesh,#hash_7ccb8e8c5d898bb0
xmodelmesh,#hash_7ccfba729a014d4a
xmodelmesh,#hash_7cd2def22246f179
xmodelmesh,#hash_7cde6059a8ab0c75
xmodelmesh,#hash_7cde6e0584c6789c
xmodelmesh,#hash_7cde87fa801d147f
xmodelmesh,#hash_7cdfbd844802e393
xmodelmesh,#hash_7ce0e05047a3bd62
xmodelmesh,d#hash_7ce315830aaf5637
xmodelmesh,#hash_7ce3ee94c2ca8a77
xmodelmesh,#hash_7ce75a7aedaf936d
xmodelmesh,d#hash_7cea5dad258eed08
xmodelmesh,#hash_7cf2482c138280f0
xmodelmesh,#hash_7cf347b6f6b2efb6
xmodelmesh,#hash_7cf873b92fcca2d1
xmodelmesh,#hash_7cf910f750ef4387
xmodelmesh,#hash_7d03aa555c73e049
xmodelmesh,#hash_7d09e4cddb7e84b2
xmodelmesh,#hash_7d0a7cbfb9471b76
xmodelmesh,#hash_7d0af127657fffcf
xmodelmesh,#hash_7d0f71d12b31931b
xmodelmesh,#hash_7d0faaf136e2aea8
xmodelmesh,#hash_7d1081ca0a3c5363
xmodelmesh,#hash_7d11cde1c675be98
xmodelmesh,#hash_7d140706be0aa43b
xmodelmesh,#hash_7d1a0f88f3d8869c
xmodelmesh,#hash_7d239df642faa37c
xmodelmesh,#hash_7d261d62cc6fe5ee
xmodelmesh,#hash_7d2833d0800a910c
xmodelmesh,#hash_7d29a8dad04f7aa5
xmodelmesh,#hash_7d2d7c8f1a7e35b6
xmodelmesh,#hash_7d3030c7db48d940
xmodelmesh,#hash_7d313ba62772a53c
xmodelmesh,#hash_7d32567778f87d0a
xmodelmesh,#hash_7d39cb2accc5e02e
xmodelmesh,#hash_7d44948178b4de18
xmodelmesh,#hash_7d565b81a9a342f3
xmodelmesh,d#hash_7d584d027f3c4b16
xmodelmesh,#hash_7d60876dcf93195d
xmodelmesh,#hash_7d64ee88dc2419c3
xmodelmesh,#hash_7d66c8fe33d38a5f
xmodelmesh,#hash_7d70170c5d26cb3e
xmodelmesh,#hash_7d723ce2ed4ecc20
xmodelmesh,#hash_7d757d52d7c6b4cc
xmodelmesh,#hash_7d7806974ec536a6
xmodelmesh,d#hash_7d7ec68075f77a07
xmodelmesh,#hash_7d88ebfbb6eb1da5
xmodelmesh,#hash_7d8abffb51ad4b8a
xmodelmesh,#hash_7d8cce395d2d7c73
xmodelmesh,#hash_7d8f0b856e1556a9
xmodelmesh,#hash_7d8f293ed230687a
xmodelmesh,#hash_7d905111d2b24151
xmodelmesh,#hash_7d9432bbc19ea47a
xmodelmesh,#hash_7d9877d3712f0f8a
xmodelmesh,#hash_7d9aabdfb1e3552e
xmodelmesh,#hash_7da09f8c66507680
xmodelmesh,#hash_7da929b6098debde
xmodelmesh,#hash_7daa0327203aede9
xmodelmesh,#hash_7dac9c210fd005b4
xmodelmesh,#hash_7dacd09e53366062
xmodelmesh,#hash_7dad8dc262ed0416
xmodelmesh,#hash_7dae9b6da1cbf22d
xmodelmesh,#hash_7db1b3ca7110e1aa
xmodelmesh,d#hash_7db29c3ae33e6e2b
xmodelmesh,#hash_7dbf77cc7bddac79
xmodelmesh,d#hash_7dbfdf653abcea4d
xmodelmesh,#hash_7dc1b2acd05daab1
xmodelmesh,#hash_7dc3ee029ce5c96b
xmodelmesh,#hash_7dc8e0f7b4c409b1
xmodelmesh,#hash_7dcabcbc77d337ce
xmodelmesh,#hash_7dccaf211777af7a
xmodelmesh,#hash_7dccd64a6f654154
xmodelmesh,#hash_7dce5db647dd991a
xmodelmesh,#hash_7dd10411502ed917
xmodelmesh,#hash_7dd3b87a610bce30
xmodelmesh,#hash_7dd641344db4107c
xmodelmesh,#hash_7dd866d123b75bd3
xmodelmesh,d#hash_7de0d95e7413c7ec
xmodelmesh,#hash_7de262728c148748
xmodelmesh,#hash_7de4cb9b96d6107b
xmodelmesh,#hash_7dec5f159ebc7813
xmodelmesh,#hash_7def3d9b154975e5
xmodelmesh,#hash_7df409a23e962d29
xmodelmesh,#hash_7df4ba98c6f5793f
xmodelmesh,#hash_7dfb2c0f6ab01890
xmodelmesh,#hash_7dfb77a964344ed5
xmodelmesh,#hash_7dfc69922abedf43
xmodelmesh,#hash_7dfdd59e60967f18
xmodelmesh,#hash_7dfe10c219ad77e3
xmodelmesh,#hash_7dfe74a05584be1d
xmodelmesh,#hash_7e006a3896c994fe
xmodelmesh,#hash_7e00701f61bfda5c
xmodelmesh,#hash_7e05b59cae9e1aca
xmodelmesh,#hash_7e0dac3f86e18d74
xmodelmesh,#hash_7e0e1645de743bcf
xmodelmesh,#hash_7e0e8f8e17d49553
xmodelmesh,#hash_7e0ebda72617dd91
xmodelmesh,#hash_7e1330e4b7f446d1
xmodelmesh,#hash_7e1809d32f0269f8
xmodelmesh,#hash_7e1baa3a12be1f5b
xmodelmesh,#hash_7e26e211e172f226
xmodelmesh,#hash_7e29abddc243db1d
xmodelmesh,#hash_7e29bd7378e0026c
xmodelmesh,#hash_7e2bbe6c29bb4d7c
xmodelmesh,#hash_7e2c65d40e3987d3
xmodelmesh,#hash_7e2d9782f01c84b9
xmodelmesh,#hash_7e39fb6ebf826c10
xmodelmesh,#hash_7e3cd1bf7f034a96
xmodelmesh,#hash_7e3e3a8747affcd9
xmodelmesh,#hash_7e410e37e7069bbd
xmodelmesh,#hash_7e44f18a7ca95f9c
xmodelmesh,#hash_7e4d1b012d43f41e
xmodelmesh,#hash_7e4d28469806368d
xmodelmesh,#hash_7e5014a1f7a0b8fa
xmodelmesh,#hash_7e5229f485561f58
xmodelmesh,#hash_7e5548a1c1f388b0
xmodelmesh,#hash_7e5ae45ef684e9da
xmodelmesh,#hash_7e5cd387408c928f
xmodelmesh,#hash_7e6aba99cd451373
xmodelmesh,#hash_7e6d7b5cd5007c4f
xmodelmesh,#hash_7e72ad3dee732561
xmodelmesh,#hash_7e747a16842db9da
xmodelmesh,#hash_7e7a0032cf49f059
xmodelmesh,#hash_7e803098734a2aec
xmodelmesh,#hash_7e8090231a532ad8
xmodelmesh,#hash_7e80aeff3b2c147d
xmodelmesh,#hash_7e83f50d57c70c93
xmodelmesh,#hash_7e85c42375701c21
xmodelmesh,#hash_7e87decce1ead0db
xmodelmesh,#hash_7e8bf7b474b8cc29
xmodelmesh,#hash_7e8db37a0d507079
xmodelmesh,#hash_7e91992658962d06
xmodelmesh,#hash_7e9777633e1e6a5e
xmodelmesh,#hash_7e9f4d4f74b2e2c6
xmodelmesh,#hash_7ea0963e4b7419ff
xmodelmesh,#hash_7ea2677c0e52bd68
xmodelmesh,#hash_7ea7eba8bc1d388d
xmodelmesh,#hash_7ea9b1f27c1bb82a
xmodelmesh,#hash_7eade5629e4d3b6b
xmodelmesh,#hash_7eaed11d7d2612c6
xmodelmesh,d#hash_7eb5fb2fbec90eb4
xmodelmesh,#hash_7eb881f9f24d3239
xmodelmesh,#hash_7eb9bae724e375c9
xmodelmesh,#hash_7ec7cafb28d53c28
xmodelmesh,#hash_7ec7de57db991aa0
xmodelmesh,#hash_7ec8a48539ae353d
xmodelmesh,#hash_7eccc425c9aca642
xmodelmesh,#hash_7ecd9872ac14bb67
xmodelmesh,#hash_7ecf47183579382c
xmodelmesh,#hash_7ed064a90e11bdd2
xmodelmesh,#hash_7ed37c3e9492d0cc
xmodelmesh,#hash_7edcc900676aa8e0
xmodelmesh,#hash_7edf9eb82842068d
xmodelmesh,#hash_7ee2ceccd776df09
xmodelmesh,#hash_7ee82e81f863cbb0
xmodelmesh,#hash_7eeb9ab0afecff3e
xmodelmesh,#hash_7eefa722b595aedf
xmodelmesh,#hash_7ef5a5ee3111fca3
xmodelmesh,#hash_7efbed8308e54552
xmodelmesh,#hash_7f11408b6111f67c
xmodelmesh,#hash_7f12faa2788a41fe
xmodelmesh,#hash_7f1487ecd9703ac8
xmodelmesh,#hash_7f1673e436787acd
xmodelmesh,#hash_7f177ff8cae639a5
xmodelmesh,#hash_7f198ecb9c6c7029
xmodelmesh,#hash_7f1b8d08fc0cbde3
xmodelmesh,#hash_7f22968649257748
xmodelmesh,#hash_7f27b1f4f67a32ab
xmodelmesh,#hash_7f28b333798f036b
xmodelmesh,#hash_7f2b10e3c9b38c73
xmodelmesh,#hash_7f311207b28a6296
xmodelmesh,#hash_7f3276bc8f50e6d1
xmodelmesh,#hash_7f3c9f2a756c45db
xmodelmesh,#hash_7f3d8a0ba948e403
xmodelmesh,#hash_7f44d2e253244c3c
xmodelmesh,#hash_7f4958b9160382e4
xmodelmesh,#hash_7f5dcb21f66cbae1
xmodelmesh,#hash_7f64b60d4976d898
xmodelmesh,#hash_7f663c41d9992643
xmodelmesh,#hash_7f67e0e3c6007fdc
xmodelmesh,#hash_7f6c289a269ee60f
xmodelmesh,#hash_7f7c610d0c2d7cab
xmodelmesh,#hash_7f7ec868bb12ca13
xmodelmesh,#hash_7f7f0456a6cee007
xmodelmesh,#hash_7f88a8f92fa12682
xmodelmesh,#hash_7f899c85a0fbae1d
xmodelmesh,#hash_7f8ace5c99f3ed7f
xmodelmesh,#hash_7f8db6223c64fce8
xmodelmesh,#hash_7f95cbf38ab1b862
xmodelmesh,#hash_7f9790c7bcda15f7
xmodelmesh,d#hash_7f97d88384210a3b
xmodelmesh,#hash_7f9cd05ecb28cb11
xmodelmesh,#hash_7fa7e50536a4a88e
xmodelmesh,#hash_7fa970cf48316138
xmodelmesh,#hash_7fa984507a090d73
xmodelmesh,#hash_7faafd57e439be6b
xmodelmesh,#hash_7fae0c8f3db1d73c
xmodelmesh,#hash_7fafdd17306086db
xmodelmesh,#hash_7fb08c4053f1043d
xmodelmesh,#hash_7fb2520d73967b4c
xmodelmesh,#hash_7fb53aca2813ca1b
xmodelmesh,#hash_7fb8ca68aedddb5e
xmodelmesh,#hash_7fbc5071d8c2bb45
xmodelmesh,#hash_7fbc828e2f2ab597
xmodelmesh,#hash_7fc12a8904426617
xmodelmesh,#hash_7fc2ae34292f376a
xmodelmesh,#hash_7fcb187713d1048a
xmodelmesh,#hash_7fcdc3266a840b36
xmodelmesh,#hash_7fcf4a60c6fef64e
xmodelmesh,#hash_7fcf79bbafb8e958
xmodelmesh,#hash_7fd0decbfefb6452
xmodelmesh,#hash_7fd236af815057de
xmodelmesh,#hash_7fd4457ef458717e
xmodelmesh,#hash_7fd63a99472c6e08
xmodelmesh,#hash_7fd7634d6927a6fd
xmodelmesh,#hash_7fd7eaab72315a77
xmodelmesh,#hash_7fdadd719563bab0
xmodelmesh,#hash_7fdc17f3049d564f
xmodelmesh,#hash_7fe0bff97f536324
xmodelmesh,#hash_7feb982f00ca8532
xmodelmesh,#hash_7fed5d63308099b9
xmodelmesh,#hash_7ff141be702c04ad
xmodelmesh,#hash_7ff9c975b033546b
material,d#vd/gfx_decal_bullet_glass_03|dup
techset,d#hash_4b771c6dfc88e293
image,d#$white_reveal
material,#hash_1f4c81c50899f2
material,#hash_1c598fa46a711a2
material,d#ei/gfx_fog_slow_md_anim_lit|dup
material,#ei/gfx_gib_glass_01_lit_em_i1024|dup
material,d#ei/gfx_gas_blur_core_thick_em|dup
material,d#vd/gfx_decal_exp_blast_02|dup
material,d#hash_4805039198de144
material,d#hash_6be71ce5c519986
material,d#hash_6fa51de1bc5c8a4
material,d#hash_75933e65830ad88
material,d#hash_7a599908fc84cb5
material,d#hash_7f8f2be7640111f
techset,d#hash_37b9a0783ad98393
material,#hash_a89641745bda87f
material,d#hash_acd99a724915105
material,d#ei/gfx_fog_slow_sm_anim_em|dup
material,d#hash_b194575073b15ff
material,d#hash_cafe7dd79cee015
material,d#vdd/gfx_decal_exp_blast_01|dup
material,d#ei/gfx_exp_billow_md_anim_em|dup
material,d#vd/gfx_decal_exp_blast_01|dup
material,d#hash_eff452379ee9748
material,d#hash_100a73363b8ed4b4
material,d#hash_107470d0ef8bada6
material,d#hash_122203c18cf266a5
material,d#hash_13be75a80876ec07
material,d#hash_13c1fdf82d72fdf5
material,d#ei/gfx_gib_glass_02_em|dup
material,d#ei/gfx_smk_whisp_anim_02_high_dark_lit|dup
material,#ei/gfx_dust_heli_swirl_anim_lit|dup
material,d#hash_17096ce82588028f
material,d#hash_1745062cddf947c7
material,d#hash_17a189d29d15e5e8
material,d#ei/gfx_fog_slow_md_anim_em|dup
material,d#hash_189f09b84c162e3e
material,#hash_18c3b19ca7a48e24
material,d#hash_196c6f5ce9aeb7a6
material,d#ei/gfx_smk_tendril_2_lit|dup
material,d#hash_1c491083c124a8a0
material,#hash_1c7660ea22440ba2
material,d#vd/gfx_decal_bullet_glass_01|dup
material,d#vdd/gfx_decal_bullet_glass_01|dup
material,d#hash_1ed0a0d2c0c05c82
material,d#hash_1ef3014448db60f7
material,d#hash_1effbe283f08115d
material,d#ei/gfx_smk_puff_thin_varied_high_dark_lit|dup
material,d#ei/gfx_gib_glass_01_lit|dup
material,d#hash_2065516a5da9c455
material,#ei/gfx_smk_tendril_1_em_i8|dup
material,d#ei/gfx_fog_slow_lg_anim_em|dup
material,d#hash_234a85d3b9ad4d74
material,d#ei/gfx_spark_grind_anim_em|dup
material,d#ei/gfx_dust_fall_lg_anim_lit|dup
material,d#hash_26c764a6dfebf735
material,d#hash_270d461aaa719f4e
techset,d#hash_13de8ce77bdc818f
material,#hash_2755b07bb59027fa
material,#hash_2a62a136aa3412bb
material,d#ei/gfx_gib_metal_02_lit|dup
material,d#hash_2b093a22fc432cd5
material,d#vdd/gfx_decal_bullet_glass_02|dup
material,d#ei/gfx_dust_burst_md_anim_lit|dup
material,d#hash_2ddc7931cab5163b
material,d#ei/gfx_smk_tendril_1_lit|dup
material,#hash_31f0254987b78dec
material,d#vdd/gfx_decal_exp_blast_02|dup
material,d#ei/gfx_dust_spike_sm_anim_lit|dup
material,d#ei/gfx_dust_heli_swirl_anim_em|dup
material,d#ei/gfx_smk_whisp_anim_02_lit|dup
material,d#hash_3816aa36773e0d70
material,d#ei/gfx_gib_glass_02_lit|dup
material,d#hash_3a4f475d201a2738
material,d#hash_3df68db9a5c4a9ee
material,d#hash_3e0099b0ee399a3a
material,d#ei/gfx_exp_alpha_anim_em|dup
material,d#hash_4107638e0a706b2b
material,d#hash_424ff81c84a0f4ec
material,#hash_426f44d9037835bb
material,d#hash_4310da73e298b76b
material,d#hash_43dbc442c66f561c
material,d#hash_470583093587af51
material,d#hash_48f6f10fac9ac24c
material,d#ei/gfx_gib_concrete_01_lit|dup
material,d#ei/gfx_spark_single_em|dup
material,d#ei/gfx_gib_concrete_02_lit|dup
material,d#ei/gfx_light_phosphorous_em|dup
material,d#ei/gfx_fog_slow_sm_anim_lit|dup
material,d#hash_4d856ce81fdfa19f
material,#hash_4df7c6dc43cb2d5a
material,#ei/gfx_gib_glass_02_em_i1024|dup
material,d#ei/gfx_smk_explosion_02_anim|dup
material,d#ei/gfx_dust_swirl_md_anim_em|dup
material,d#hash_505f8c0746b1e6a7
material,d#hash_51d2b20175a6b4a6
material,d#ei/gfx_smk_puff_light_varied|dup
material,d#vdd/gfx_decal_foam|dup
material,d#ei/gfx_dust_clump_lit|dup
material,#hash_52e5a3b5ed6ae53b
material,d#hash_53fa4d799ebe01d5
material,d#hash_543b38e9b140e4c3
material,d#hash_54c0624487be9fe3
material,d#ei/gfx_smk_puff_volume_high_dark_lit|dup
material,d#hash_57676a39571ce670
material,d#ei/gfx_fog_slow_wide_lg_anim_lit|dup
material,d#ei/gfx_fog_slow_lg_anim_lit|dup
material,d#hash_58ae30b36257e10d
material,#hash_5985422655057005
material,d#hash_5a27a8c512dbef0f
material,d#ei/gfx_spark_blink_anim_em|dup
material,d#ei/gfx_dust_swirl_md_anim_lit|dup
material,d#hash_5e5c11436811509f
material,d#hash_5e6d68a6b93d8fea
material,d#ei/gfx_debris_clumps_em|dup
material,d#vd/gfx_decal_foam|dup
material,#ei/gfx_gib_concrete_02_em_low_lite_i8|dup
material,d#vdd/gfx_decal_bullet_glass_03|dup
material,d#hash_6368ad5d7decc498
material,d#hash_65c38593ebf6b090
material,d#hash_677d8abc8203fb13
material,d#hash_67d816bc7a76ddad
material,#hash_68b08b1e3abe13bc
material,d#hash_6abefb629b32c9af
material,d#hash_6c5ef4f94c086429
material,d#hash_6d0cd4374aa8deb2
material,d#hash_6d3713dbbdd90aaa
material,#hash_6e6b9789015bbdc2
material,d#ei/gfx_spark_blink_anim_em_i12000|dup
material,d#ei/gfx_debris_clump_lit|dup
material,d#hash_6fc5c02fe447191c
material,#ei/gfx_debris_clumps_em_nomip|dup
material,d#ei/gfx_gib_metal_01_lit|dup
material,#hash_75e5d9ae9cf921d0
material,d#hash_76f7a484a02a3cdb
material,d#hash_7776d60c0a35bcd6
material,d#vd/gfx_decal_bullet_glass_02|dup
material,d#hash_779f1467ea8314e1
material,d#hash_78e03deb2245f76e
material,#ei/gfx_dust_light_lit|dup
material,d#hash_792eeca423da1c40
material,d#ei/gfx_gib_concrete_02_em|dup
material,d#hash_7bd93f4f22abcb75
material,#ei/gfx_smk_gen_anim_lit|dup
material,d#hash_7d144ba78eac0b5b
material,#hash_7d39dd49122c5785
material,d#hash_7e08dd8b1e8d6985
material,d#hash_7f01811998209733
techset,d#hash_37a4428701c770
techset,d#hash_40be4d80b92bc0
techset,#hash_6e6fcea00eeff8
techset,d#hash_881a6d87d39a4d
techset,d#hash_ca8d4c13b3954c
techset,d#hash_100ec91eb6f7198
techset,d#hash_14334343f4a58da
techset,d#hash_147cc13cacb7c57
techset,d#hash_1e9c6a1b924f972
techset,#hash_2587b26d1792de9
techset,#hash_2a79489f0777435
techset,d#hash_2d99603e522a61f
techset,d#hash_33832cd9511a3ad
techset,#hash_35e156eb4e02152
techset,#hash_3764eb49f330496
techset,#hash_37dbcc788522c31
techset,#hash_3802df4c7f1448c
techset,#hash_38b651922ad2c63
techset,#hash_3db2d03efd75487
techset,#hash_3ee9b903a76a3f3
techset,d#hash_499618b0e9e37ac
techset,#hash_4a8d7f93f8b1756
techset,#hash_56ad8624086bdbe
techset,#hash_5b7aceb2833ae06
techset,#hash_60ab396471faa30
techset,d#hash_665af6a83d64fd7
techset,#hash_690e77ad0434d19
techset,#hash_767c4a846d6ea3d
techset,#hash_7b370c1d914ebf2
techset,d#hash_7e6f442645c6710
techset,d#hash_7f52a25fafe3bac
techset,d#hash_7f52c25fafe3f12
techset,#hash_81db229a53a2701
techset,#hash_85f77272d53f177
techset,#hash_8cae5a1bef3b196
techset,#hash_91db34b7a9bd810
techset,#hash_938e588a9585eeb
techset,d#hash_94ccebf3ed16d6f
techset,#hash_9869d6cd353c648
techset,d#hash_9996e7194f630af
techset,#hash_99f741a11c4b623
techset,d#hash_9d30bf17ec2c9cb
techset,#hash_9f19d37aac58cbe
techset,#hash_9f519a307af033b
techset,#hash_abbc26b095edb66
techset,#hash_b529d1bf275c2ac
techset,d#hash_c3eae6c7c289a8b
techset,#hash_c4676b589025f60
techset,#hash_cb166fc55a261fa
techset,#hash_d178b7f7fdd7012
techset,#hash_deb2a78e8962bbc
techset,#hash_e5b9f80d97771d9
techset,#hash_f7c3e2472eb3a6b
techset,#hash_fbac28a6db22cd5
techset,d#hash_10788c92d689b408
techset,#hash_10a48d6c22dba171
techset,d#hash_11980812a6cd117f
techset,d#hash_119a0e9ee9aa5dc1
techset,d#hash_13a905d0ad27a69a
techset,d#hash_148cc8966c9e80c9
techset,#hash_1494438499e0939e
techset,d#hash_14d665d575b6c5ab
techset,d#hash_15916b6543dc3378
techset,#hash_1628ee4efd5c90ae
techset,d#hash_16ca435bfef970ac
techset,d#hash_16d5e3c594c26b2a
techset,#hash_183e681bdde3e479
techset,#hash_18be14814fb9dac0
techset,#hash_19cdbadef5e5065b
techset,#hash_19f7975b8b9e5422
techset,#hash_1a0d367d59ee885f
techset,#hash_1a13ef915d9547e0
techset,#hash_1a1e7b7702a39fce
techset,d#hash_1a263d167273ca7b
techset,#hash_1b2b640a12607906
techset,d#hash_1b34ee7bcbe108d2
techset,#hash_1c6fd6c4d0c46281
techset,#hash_1ccf0ac5b3ee8f70
techset,d#hash_1d03479f6e191d78
techset,d#hash_1d07f4f5d5a58ec5
techset,d#hash_1d5292a4f12d02f2
techset,d#hash_1dc668e6ea90e9f3
techset,#hash_1e5554f60af48c93
techset,d#hash_1e57b7a230dfb01f
techset,#hash_1ecb9918e41eecf9
techset,d#hash_1eda40632dbcc792
techset,#hash_1fb4541006456dca
techset,#hash_2006a0a6eae0a07a
techset,#hash_2010a04518501860
techset,#hash_2023d0a245fdcc47
techset,#hash_2115f91647f91eae
techset,#hash_211e78ad3210ba6f
techset,#hash_213bcfa776d2fc59
techset,d#hash_214a98da4078dd3c
techset,#hash_2162a8af9000c0b3
techset,#hash_216b2ba488d92b48
techset,d#hash_216bd2eb7ba0de5c
techset,#hash_216feb0defc761bf
techset,#hash_22057379a10e71ec
techset,#hash_228925a33ab9375d
techset,d#hash_22d8e64dd095ca9b
techset,#hash_23473df3f7b49158
techset,#hash_2381c215aa64b90e
techset,#hash_23e831c6ed5b295e
techset,d#hash_243c8fe23fecaad5
techset,d#hash_2656ab69d7e5b667
techset,d#hash_26e394f6ac10475f
techset,#hash_26f73809dabe1b10
techset,#hash_272b206e935bb260
techset,d#hash_27bb29365d467c05
techset,d#hash_27dd2878d2144440
techset,d#hash_28e3488ea8338a1f
techset,#hash_291520b8d0ccde52
techset,#hash_2946d999cf257f07
techset,#hash_299a75e4b7c46f62
techset,#hash_299f14f8cd4b9192
techset,#hash_29b519b78a70a25c
techset,#hash_29f49532277e7401
techset,#hash_2a4b512592d0431e
techset,#hash_2aef0200d0d9f8a5
techset,#hash_2b499d1e3a0027eb
techset,#hash_2b99821c8121c536
techset,#hash_2bb08531ac69397b
techset,#hash_2c8903d18ea076f4
techset,#hash_2c9c2d50f89a00d7
techset,#hash_2cba525c1e0d6695
techset,d#hash_2d2acca65a886243
techset,d#hash_2d3558eb56eec5a3
techset,#hash_2d8cc2d955331015
techset,d#hash_2d9b573d2e884b1b
techset,d#hash_2db29aa67250f568
techset,d#hash_2dba6ca0636b9975
techset,d#hash_2ddc83626b74c144
techset,d#hash_2de69b04dd0d4aa1
techset,d#hash_2e9abe270a9a08b2
techset,#hash_2ed240d2a032711f
techset,#hash_2fcda7d218f8dc82
techset,d#hash_302856f53c7c9949
techset,#hash_314f1acfdeddf1d6
techset,#hash_31aeb1d005172741
techset,d#hash_321b7c3cf742feb8
techset,d#hash_321b7d3cf743006b
techset,#hash_32341fe606cbe17d
techset,d#hash_3248791161511364
techset,#hash_326c775cfd624e5f
techset,d#hash_331e85fa0bfc1145
techset,#hash_33cb671b4050281f
techset,d#hash_3440b14466945444
techset,#hash_344d9d50ccfd3154
techset,d#hash_34897e6aaec0dbd2
techset,#hash_3531b4653ba37e7e
techset,#hash_35b63d1ee31ff027
techset,#hash_35e32db1656ad3b5
techset,d#hash_35fb1328ef1687cd
techset,d#hash_36008ab972763183
techset,d#hash_3666e7e31c75d3de
techset,#hash_369235ff82224dd3
techset,#hash_3748434c925dbc9f
techset,#hash_37fcec551462d3d8
techset,#hash_38cedba129638f27
techset,d#hash_38f0f4cf847f4e8b
techset,d#hash_38f4984ba9cbb86b
techset,#hash_3971730cf4c75243
techset,#hash_39cbbc4b56ddf3ff
techset,d#hash_39dc24f77bc40c28
techset,#hash_3a1bca2469c89ea7
techset,#hash_3a7bbd0de1a0c485
techset,d#hash_3a9540cfdb6968ec
techset,d#hash_3aacb1ebcb18212d
techset,d#hash_3bdaf4e32f9080d9
techset,d#hash_3c1ee8038c65bce4
techset,d#hash_3c4a8582258476bb
techset,#hash_3c920899897ee0fa
techset,#hash_3cbd2c1db8e29d7c
techset,#hash_3cbd2f1db8e2a295
techset,#hash_3d2ead1a9fd50611
techset,d#hash_3d8b963832f365ae
techset,#hash_3dc38f6cc71bd6bd
techset,d#hash_3e0f855fb8cccdc0
techset,#hash_3e4f48d8181d6e59
techset,d#hash_3e9a99dd42e5eb48
techset,d#hash_3fd58903428b8a69
techset,#hash_3fe28228b83a6d07
techset,d#hash_4052954b3daa2e0f
techset,#hash_40dc522ddff77a30
techset,#hash_4187c2b4dc42e63d
techset,#hash_41a62a5b00511dcb
techset,d#hash_41b43a46b2a1ef81
techset,d#hash_41d06081f3f338a2
techset,#hash_421cd18ad33eb28e
techset,#hash_421e2d81076ad7c2
techset,#hash_423eecf2d5e59286
techset,#hash_42bc57ce2b5b0bc6
techset,d#hash_42ccbf572a322c5e
techset,#hash_4352e004ad804865
techset,#hash_43552d04635db6d9
techset,d#hash_43a26ea259d01f8f
techset,#hash_43b30fd7d0ad8b23
techset,#hash_43e0395fefd6b58d
techset,#hash_43e12c7f6b23ea3d
techset,d#hash_43f8a75e7e81037a
techset,#hash_4408da97b045e2d5
techset,d#hash_444e2dc1d87ca7df
techset,d#hash_44cc6406e10a18e0
techset,d#hash_44ec54fcc7765d3d
techset,#hash_454a8a65b2f5f07d
techset,#hash_45ac9cc3bc358aa8
techset,#hash_4645d472867afb63
techset,#hash_466ca50e0447022e
techset,d#hash_46eccbdeffbaa2b7
techset,#hash_4749a0216f557f21
techset,#hash_4760c552438b4835
techset,#hash_476d9c865e96e3c2
techset,d#hash_4874d3e7994a47b7
techset,#hash_496a501d2ef289f1
techset,d#hash_498693326dd6f655
techset,d#hash_49bf01e9cf876f49
techset,#hash_4a51a3460058bd5f
techset,#hash_4b229b8544b7fc10
techset,#hash_4b6b1829598556dc
techset,#hash_4b8bbff5af379f13
techset,d#hash_4bb39362a2eb8e32
techset,#hash_4bbcf2270e829806
techset,#hash_4c6eef8a396c35b4
techset,#hash_4cd998b42ea9dc86
techset,#hash_4d2d49cd75c8ead5
techset,d#hash_4dba127465028db3
techset,d#hash_4ed4c869fc4804c0
techset,#hash_4f26946bc49c983c
techset,#hash_4f4f048294e31ad1
techset,#hash_4f5683826fba680c
techset,#hash_4f67e1803aeb2fa9
techset,#hash_4f6ead60b6e18bec
techset,#hash_4f789ad4ff05988c
techset,d#hash_4fa8dae10beb80d0
techset,d#hash_4fd38f4742791831
techset,d#hash_4fd96e88feb7e426
techset,#hash_50007843c2ba76ca
techset,#hash_50d3311c7a7e3fc5
techset,#hash_51203ed96da4c051
techset,d#hash_515709195077069b
techset,#hash_52391377bc2aba11
techset,d#hash_52983bf3c4b8ea5a
techset,#hash_52b52985af35a1b9
techset,d#hash_52e48ea774960b24
techset,#hash_5307b6f5d79c1c05
techset,d#hash_537f7652a72f872c
techset,#hash_53b90ca71461541d
techset,#hash_54c87af40a30ca22
techset,#hash_54d90e769f113419
techset,d#hash_54d90f769f1135cc
techset,#hash_5598c33346e6676d
techset,#hash_56a3a29fbe3553cd
techset,d#hash_5798ed7f7d9954d0
techset,#hash_57b3b99a84918ad8
techset,#hash_57beec37478975b0
techset,#hash_57f5358841afa7cd
techset,d#hash_583d6ed96bfd464f
techset,d#hash_58d697d8fbe7b4a6
techset,#hash_58fad63f06449855
techset,d#hash_59ce91fc9291a81d
techset,#hash_5a8a3120a6c4029e
techset,#hash_5a8eff08a52a21d5
techset,#hash_5b3cd080a3ceb891
techset,#hash_5b40c7dc323fd817
techset,#hash_5b4cdda077432d88
techset,d#hash_5c45db5497678c87
techset,d#hash_5c620bec3ab6c90d
techset,#hash_5c77e8a6db373af8
techset,#hash_5ca4b55a3b56861c
techset,d#hash_5d9cbd5b0bfc8566
techset,#hash_5dca70f619bd1929
techset,#hash_5de039b1a6eeb56c
techset,d#hash_5e1e9536071bfa7a
techset,d#hash_5e8276eca49cc041
techset,d#hash_5ea2fd76e6b90c1b
techset,#hash_5ea44ddd14f03357
techset,#hash_5f625aa057f2e22a
techset,#hash_5fb5164809efa52b
techset,d#hash_600124f3d78a9d7a
techset,#hash_6013189bd6a9218e
techset,#hash_601bd092cd65cece
techset,#hash_60e42cd5f4214f28
techset,#hash_61c73822d438afbc
techset,#hash_61fd811fa7c5da47
techset,#hash_620b4ab12ac3904d
techset,#hash_625ba57fc461168e
techset,#hash_62a41e3596354caa
techset,d#hash_62e748374a459b2a
techset,d#hash_633a632cd909917e
techset,d#hash_63d0f11c837c2188
techset,#hash_63fb47bb90c61d64
techset,d#hash_6407e3646b1838b8
techset,d#hash_649e9ad2d474c8a6
techset,#hash_64a4abd084a337f4
techset,#hash_64b3808688deac9a
techset,#hash_64fa0fa270576503
techset,#hash_651e0185c77cc6e7
techset,#hash_653d11c6c75250e0
techset,#hash_658a3596483dec62
techset,#hash_6653c36edd612843
techset,#hash_66ca935e9f57a1fa
techset,#hash_671e5d77b1298232
techset,#hash_676f4ac5135149ae
techset,d#hash_67dea9eb9512a137
techset,d#hash_67f1e4cfa61c9849
techset,d#hash_68ccfe5c19d28bf1
techset,#hash_692ed6468eaa3fc7
techset,#hash_69720820b116a924
techset,#hash_6985beb3b0f45a66
techset,#hash_6990b0e77716264d
techset,#hash_6a6972c4075e75b3
techset,d#hash_6a7581f473891552
techset,#hash_6a779ebadb1d0868
techset,#hash_6aa9ce38c7c8c3c1
techset,#hash_6aad52bf9e7ca392
techset,d#hash_6aae01c8ade153ce
techset,d#hash_6ab422a02f320d69
techset,#hash_6ae50e2f06b5620f
techset,#hash_6b0a1bdcb7f56623
techset,d#hash_6b3aedab99db192e
techset,#hash_6b6ac7e812ad541c
techset,#hash_6c057eb404831704
techset,d#hash_6c0e8aeeea0470bd
techset,#hash_6c1f29bce6d9f68c
techset,#hash_6c732c5760411197
techset,d#hash_6d031e31fe36c97a
techset,#hash_6d68b3089729ea51
techset,d#hash_6e2b4ae7ccc56328
techset,#hash_6eacaf66472c2e15
techset,#hash_6f2a7afb50e0d7f3
techset,#hash_6fe71f861f2767c4
techset,#hash_6fff36fb21f77bb7
techset,#hash_7017c891e114e231
techset,d#hash_706d7e4be8e829ad
techset,#hash_706e2dc259c63df2
techset,d#hash_709398899ae9aad2
techset,d#hash_70a8aa20ff1b48f3
techset,d#hash_7133d93a162b605f
techset,d#hash_714914ff6459caef
techset,d#hash_71f5c6ae14fc9665
techset,#hash_7298827d08808e1d
techset,#hash_732c35c20ced6b06
techset,d#hash_733e4cbcb0d698c0
techset,#hash_73ab3ffa123ed84f
techset,d#hash_749d9132b52ff4e6
techset,d#hash_74b2d548ecc6f76b
techset,d#hash_7573e4242525afde
techset,#hash_759061051a62ba80
techset,#hash_75e667d86950fcf8
techset,d#hash_7615346333341f5d
techset,d#hash_767b5023728d510f
techset,#hash_775984ab0953f057
techset,#hash_77d7c5037bf2508b
techset,#hash_7813932d36d97f6c
techset,#hash_78a5eeaad02ee002
techset,#hash_78a7086d186cc764
techset,#hash_79199caa32edf278
techset,#hash_79b6a1c15b30f3bc
techset,#hash_79d76945e3888ac8
techset,d#hash_7a5629edc4596fbb
techset,#hash_7b185b1816819fab
techset,#hash_7c1a738bee1fb4fb
techset,d#hash_7c74ccec2904cee4
techset,#hash_7caf3053d575c20b
techset,d#hash_7cdf8869adc7f316
techset,d#hash_7dc19c329af8ecde
techset,d#hash_7dc19f329af8f1f7
techset,d#hash_7e5fba807526ecdf
techset,d#hash_7e67b7e4d082e54a
techset,#hash_7eb0bdd75b6870a1
techset,#hash_7eb72299f83bcce2
techset,d#hash_7eecd3b4f3aa794f
techset,d#hash_7f1752c98e2de9e8
techset,d#hash_7f1813031a257c82
techset,d#hash_7f1b8adbf5509fe8
techset,#hash_7f29c84fb68586fb
techset,d#hash_7f6b0df387aa5f10
techset,#hash_7fb871c2e23501c0
techset,#hash_7fc232d7a5df47b9
image,d#i_c_t7_reaper_body1_lights_ir
image,#i_p8_ice_wall_01_corner_outside_01_o
image,#i_p8_ice_wall_01_corner_outside_01_n
image,#i_p8_ice_wall_01_corner_outside_01_r
image,#i_p7_pro_door_security_detention_c
image,#i_veh_t8_mil_truck_hemtt_decal_interior_59_n
image,#hash_2cad3516e56051
image,#i_veh_t8_mil_truck_hemtt_decal_interior_59_c
image,#i_mtl_p8_ice_snow_plowed_03_n
image,#i_mtl_p8_ice_snow_plowed_03_o
image,#i_t8_decal_tech_detail_line_trim_12_n
image,#i_t7_plastic_panels_detail_n
image,#i_mtl_p8_missile_rack_decal_05_c
image,#i_mtl_p8_missile_rack_decal_05_m
image,#i_mtl_p7_ban_light_hanging_set_n
image,#i_mtl_p7_ban_light_hanging_set_m
image,d#hash_485424535158cc
image,d#i_mtl_veh_t8_civ_forklift_modular_cabin_door_o
image,d#i_mtl_veh_t8_civ_forklift_modular_cabin_door_n
image,d#i_mtl_veh_t8_civ_forklift_modular_decal_dent_big_n
image,d#i_mtl_p7_wall_mobile_dep_decal_details_01_normal_m
image,#i_t8_decal_tech_detail_low_tech_13_n
image,#i_t8_decal_tech_detail_low_tech_13_o
image,#i_t8_decal_tech_detail_low_tech_13_c
image,#i_t8_decal_tech_detail_low_tech_13_g
image,#i_mtl_p7_panel_door_access_01_n
image,#i_mtl_p7_panel_door_access_01_e
image,#i_mtl_p7_panel_door_access_01_c
image,#i_mtl_p7_spikes_metal_boundary_n
image,#i_mtl_p7_spikes_metal_boundary_o
image,#i_mtl_p7_spikes_metal_boundary_s
image,#i_mtl_p8_ice_mb_lift_01_engine_metal_02_n
image,#i_mtl_p8_ice_mb_lift_01_engine_metal_02_m
image,#i_t7_concrete_wall_painted_peel_01_r
image,#i_t8_ice_concrete_polished_2_c
image,#i_t8_ice_concrete_polished_2_g
image,#i_t8_ice_concrete_polished_2_n
image,d#i_veh_t8_decal_sign_triangle_01_cutout_c
image,#hash_afb79969c37b4b
image,#hash_afb89969c37cfe
image,#hash_bafeaf15acdc6c
image,#hash_bb00af15acdfd2
image,#hash_bb01af15ace185
image,#i_t7_ntx_decal_metal_vent_01_s
image,#i_t7_ntx_decal_metal_vent_01_g
image,#i_t7_ntx_decal_metal_vent_01_n
image,#i_t7_ntx_decal_metal_vent_01_o
image,#i_p8_mp_bomb_crate_whole_destroyed_trim02_n
image,d#i_mtl_p7_debris_metal_scrap_01_s
image,d#i_mtl_p7_debris_metal_scrap_01_o
image,d#i_mtl_p7_debris_metal_scrap_01_n
image,d#i_mtl_p7_debris_metal_scrap_01_g
image,#i_t7_out_rubber_ground_panel_n
image,#i_t7_out_rubber_ground_panel_o
image,#i_t7_out_rubber_ground_panel_g
image,#i_t7_out_rubber_ground_panel_c
image,d#i_t8_decal_tech_detail_high_tech_54_n
image,#i_t8_decal_tech_detail_high_tech_54_m
image,#i_t8_concrete_damaged_norebar_01_n
image,#i_t8_concrete_damaged_norebar_01_o
image,#i_t8_concrete_damaged_norebar_01_c
image,#i_t8_concrete_damaged_norebar_01_r
image,d#i_t8_decal_grunge_rust_04_c
image,#i_t8_decal_grunge_rust_04_n
image,#i_t8_decal_graphics_text_ice_2_r
image,d#hash_1184c4dc973f5d2
image,d#hash_1184d4dc973f785
image,#i_mtl_p7_cai_skybridge_roof_support_set_metal_n
image,#i_mtl_p7_zm_der_teleporter_caution_decal_c
image,#i_mtl_p8_ice_gas_console_box_01_m
image,#i_mtl_p8_ice_gas_console_box_01_n
image,#i_mtl_p8_ice_gas_console_box_01_o
image,d#fxt8_fog_slow_md_anim
image,#i_mtl_p8_chi_comm_antenna_roof_dirt_c
image,#i_t7_glass_water_stained_g
image,#i_t7_glass_water_stained_c
image,#i_veh_t8_mil_truck_hemtt_frame_01_dead_multi_m
image,#i_veh_t8_decal_leaking_01_c
image,d#hash_1848819f78066d6
image,d#i_t7_concrete_floor_painted_blend_grey_c
image,#i_t7_concrete_floor_painted_blend_grey_n
image,#i_t7_concrete_floor_painted_blend_grey_r
image,#i_mtl_p8_container_oil_tank_01c_c
image,#i_mtl_p8_container_oil_tank_01c_g
image,#i_mtl_p8_container_oil_tank_01c_n
image,d#i_mtl_p7_bucket_plastic_5_gal_m
image,d#i_mtl_p7_bucket_plastic_5_gal_n
image,#hash_19fa84f33740960
image,#hash_19fa94f33740b13
image,#hash_19fc44f337438f4
image,#i_mtl_p8_spa_shed_metal_sml_decal_02_c
image,#i_t7_decal_damage_concrete_corner_01_c
image,#i_t7_decal_damage_concrete_corner_01_n
image,d#i_mtl_p8_foliage_grass_blades_tall_set_c_c
image,d#i_mtl_p8_foliage_grass_blades_tall_set_c_n
image,d#i_mtl_p8_foliage_grass_blades_tall_set_c_t
image,#hash_1a9cfa2216500ff
image,#hash_1a9e3a2216522fb
image,#hash_1aa3da9e0d568c2
image,#hash_1aa41a9e0d56f8e
image,#hash_1aa42a9e0d57141
image,#i_veh_t8_decal_rust_04_c
image,#i_veh_t8_decal_rust_04_n
image,#hash_1bdab57d29f7b15
image,#hash_1c3732b4bf5f0fa
image,#hash_1c3742b4bf5f2ad
image,d#i_t7_metal_bare_matte_g
image,#i_c_t7_assassin_body1_knife_s
image,#i_c_t7_assassin_body1_knife_o
image,#i_c_t7_assassin_body1_knife_n
image,#i_c_t7_assassin_body1_knife_g
image,#i_c_t7_assassin_body1_knife_c
image,d#i_wpn_t8_micro_metal_gunmetal_v01_g
image,#i_t7_decal_damage_glass_shatter_03_n
image,#i_t7_decal_damage_glass_shatter_03_g
image,#i_t7_decal_damage_glass_shatter_03_c
image,#i_t7_metal_chainlink_worn_snow_c
image,#i_t7_metal_chainlink_worn_snow_n
image,#i_t7_metal_chainlink_worn_snow_m
image,#hash_2114bd53b753da2
image,d#hash_2114fd53b75446e
image,d#hash_21150d53b754621
image,d#i_t7_micro_grunge_rust_02_c
image,d#i_t7_micro_grunge_rust_02_g
image,d#i_t7_micro_grunge_rust_02_n
image,d#i_t7_detail_metal_brushed_01
image,#i_t7_decal_damage_concrete_dust_r
image,#i_t7_decal_damage_concrete_dust_c
image,#i_mtl_p7_slu_fuse_box_electric_set_n
image,#i_mtl_p7_slu_fuse_box_electric_set_m
image,#i_mtl_p8_chi_pipe_cloth_2_m
image,#i_mtl_p8_chi_pipe_cloth_2_n
image,#i_mtl_p8_chi_pipe_cloth_2_o
image,#i_t7_glass_reinforced_opaque_c
image,#i_mtl_p7_sin_box_street_electric_large_worn_concrete_n
image,#i_mtl_p7_sin_box_street_electric_large_worn_concrete_c
image,#hash_244a8161eaf223a
image,d#hash_250ee92b8489bd4
image,#i_t7_ban_rock_mineral_deposit_01_n
image,d#i_wpn_t8_eqp_briefcase_bomb_bottom_s
image,d#i_wpn_t8_eqp_briefcase_bomb_bottom_o
image,d#i_wpn_t8_eqp_briefcase_bomb_bottom_n
image,d#i_wpn_t8_eqp_briefcase_bomb_bottom_g
image,d#i_wpn_t8_eqp_briefcase_bomb_bottom_c
image,d#i_mtl_veh_t8_civ_forklift_modular_cabin_02_o
image,d#i_mtl_veh_t8_civ_forklift_modular_cabin_02_n
image,d#hash_2757045615d4706
image,#hash_284265a9c3ff657
image,#hash_284295a9c3ffb70
image,#hash_2842a5a9c3ffd23
image,#i_mtl_p8_foliage_tree_spruce_norway_small_thin_proxy_albedo
image,#i_mtl_p8_chi_comm_antenna_roof_base_metal_01_m
image,d#$black_reveal
image,#i_veh_t8_decal_edge_wear_04_c
image,d#i_veh_t8_decal_edge_wear_04_g
image,#hash_2c4345e529c51e8
image,#hash_2c4375e529c5701
image,#hash_2c7b8b38725a405
image,#hash_2c7bbb38725a91e
image,#i_mtl_p8_ice_med_rock_01_c
image,#i_mtl_p8_ice_med_rock_01_n
image,#i_mtl_p8_ice_gas_console_lrg_frame_m
image,#i_mtl_p8_ice_gas_console_lrg_frame_n
image,#i_mtl_p8_ice_gas_console_lrg_frame_o
image,#i_mtl_p7_electrical_cabinet_02_n
image,#i_mtl_p7_electrical_cabinet_02_c
image,#i_mtl_p7_electrical_cabinet_02_e
image,#i_mtl_p7_electrical_cabinet_02_g
image,#i_t7_veh_decal_bolt_09_o
image,#i_mtl_p8_wep_wall_metal_x_brace_set_decal_04_c
image,d#i_t8_decal_tech_detail_screw_05_c
image,d#i_t8_decal_tech_detail_screw_05_n
image,d#i_t8_decal_tech_detail_screw_05_o
image,d#i_t8_decal_tech_detail_screw_05_s
image,#i_mtl_p8_news_ren_keyboard_key_emissive_e
image,d#i_t7_ban_decal_grunge_rust_drips_c
image,#i_mtl_p8_zm_esc_gun_gallery_metal_plate_03_multi_m
image,d#i_veh_t8_metal_bare_worn_01_n
image,d#$half_reveal
image,d#i_t7_micro_metal_rough_01_n
image,#white_light
image,#hash_360071b20150ef0
image,#hash_360081b201510a3
image,#hash_3600a1b20151409
image,#hash_36215bb0f4abaa3
image,#i_p7_aqu_railings_set_stairs_metal_g
image,#i_p7_aqu_railings_set_stairs_metal_o
image,#i_p7_aqu_railings_set_stairs_metal_n
image,#hash_3bda1a5634e5f13
image,#i_mtl_p8_ice_control_consoles_01_labels_c
image,#i_mtl_p7_light_hanging_egyptian_01_chain_g
image,#i_mtl_p7_zm_debris_newspaper_german_n
image,#i_t7_metal_panels_painted_2x1_n
image,#i_t7_metal_panels_painted_2x1_g
image,#i_t7_metal_panels_painted_2x1_c
image,#i_mtl_p8_ice_rock_01_dark_c
image,#i_mtl_p7_debris_concrete_rubble_sm_c
image,#i_mtl_p7_debris_concrete_rubble_sm_n
image,d#i_t7_micro_wood_rough_01_n
image,d#i_t7_micro_wood_rough_01_c
image,#i_t7_glass_reinforced_wavy_n
image,#i_t7_glass_reinforced_wavy_o
image,#i_t7_glass_reinforced_wavy_c
image,#i_t7_glass_reinforced_wavy_g
image,#i_t7_glass_reinforced_wavy_s
image,#i_p8_ice_mb_cargodoorframe_01_m
image,#i_p8_ice_mb_cargodoorframe_01_n
image,#i_p8_ice_mb_cargodoorframe_01_o
image,#i_t7_zm_ctl_metal_diamond_plate_clean_n
image,#i_p8_jnt_security_electrical_cabinet_01_s
image,#i_p8_jnt_security_electrical_cabinet_01_n
image,#i_p8_jnt_security_electrical_cabinet_01_o
image,#i_p8_jnt_security_electrical_cabinet_01_c
image,#i_p8_jnt_security_electrical_cabinet_01_e
image,#i_p8_jnt_security_electrical_cabinet_01_g
image,d#i_t7_decal_labels_electrical_hazard_c
image,#i_veh_t8_decal_danger_01_c
image,d#i_t7_snow_powder_01_g
image,d#i_t7_snow_powder_01_c
image,d#i_t7_snow_powder_01_n
image,#i_t7_snow_powder_01_r
image,#i_mtl_p8_drain_round_floor_iron_c
image,#i_mtl_p8_drain_round_floor_iron_g
image,#i_mtl_p8_drain_round_floor_iron_n
image,#i_mtl_p8_drain_round_floor_iron_o
image,d#i_veh_t8_decal_grunge_plaster_stains_r
image,d#i_t7_decal_grunge_dirty_sml_c
image,#i_mtl_p8_wz_supply_stash_health_extras_o
image,#i_mtl_p8_wz_supply_stash_health_extras_n
image,#i_mtl_p8_wz_supply_stash_health_extras_g
image,#i_mtl_p8_wz_supply_stash_health_extras_c
image,#i_p8_foliage_tree_spruce_norway_snow_branch_05_c
image,#i_p8_foliage_tree_spruce_norway_snow_branch_05_m
image,#i_p8_foliage_tree_spruce_norway_snow_branch_05_n
image,#i_c_t7_techno_body1_arm_left_c
image,#i_c_t7_techno_body1_arm_left_g
image,#i_c_t7_techno_body1_arm_left_n
image,#i_mtl_p7_duct_metal_rectangle_straight_64_n
image,#i_mtl_p7_duct_metal_rectangle_straight_64_o
image,#hash_493fb459258c0a9
image,#i_veh_t8_mil_truck_hemtt_exterior_01_dead_multi_m
image,#i_t8_micro_rock_basalt_01_n
image,#i_t8_micro_rock_basalt_01_c
image,#i_c_t7_warrior_body1_arm_b1_ir
image,#i_p7_light_work_utility_flood_floor_n
image,#i_p7_light_work_utility_flood_floor_c
image,#i_p7_light_work_utility_flood_floor_g
image,#i_p7_light_work_utility_flood_floor_s
image,#i_p7_light_work_utility_flood_floor_t
image,#i_mtl_p8_ice_gas_console_handle_m
image,#i_mtl_p8_ice_gas_console_handle_o
image,#i_mtl_p8_ice_gas_console_handle_n
image,#i_t7_decal_damage_plaster_tile_01_n
image,d#i_t7_decal_damage_plaster_tile_01_c
image,d#$occlusion
image,#hash_5039e83b11275c0
image,#i_mtl_p7_zm_asc_airduct_metal_set_n
image,#i_mtl_p7_zm_asc_airduct_metal_set_m
image,#fxt_snow_hail_mask
image,#hash_531c0e18584460b
image,#hash_555a691b88a835f
image,#hash_555a991b88a8878
image,d#i_veh_t8_plaster_smooth_dirty_01_512_c
image,#i_mtl_p8_ice_rock_03_n
image,d#detail_map_rock_bumps_n
image,#i_veh_t8_mil_truck_hemtt_decal_interior_63_c
image,#hash_58c574d5534357c
image,#i_veh_t8_mil_truck_hemtt_decal_interior_63_n
image,#i_mob_ceiling_wires_n
image,#i_mob_ceiling_wires_c
image,#i_mob_ceiling_wires_g
image,#hash_594e32770f83c4e
image,d#i_mtl_veh_t8_civ_forklift_modular_decal_round_slit_n
image,d#hash_596f58a6f927c31
image,#i_mtl_p7_eth_light_wall_02_glass_n
image,#i_mtl_p7_eth_light_wall_02_glass_t
image,d#i_c_gen_detail_plastic3_n
image,d#i_mtl_veh_t8_civ_forklift_modular_decal_ring_raised_n
image,d#i_mtl_veh_t8_civ_forklift_modular_decal_ring_raised_c
image,#i_p7_ban_tunnels_wall_clamp_01_g
image,#i_p7_ban_tunnels_wall_clamp_01_c
image,#i_p7_ban_tunnels_wall_clamp_01_n
image,#i_p7_ban_tunnels_wall_clamp_01_o
image,#hash_5e66cdcb0a5e544
image,d#fxt8_liquid_drop
image,d#i_veh_t8_decal_round_slit_n
image,d#i_veh_t8_decal_round_slit_r
image,#i_t7_snow_slushy_n
image,#i_t7_snow_slushy_c
image,#i_t7_snow_slushy_g
image,#i_t7_snow_slushy_r
image,#i_t7_decal_grunge_concrete_stain_01_c
image,d#fxt8_snow_flake_flurry
image,d#i_p7_foliage_tree_elm_english_trunk_n
image,#i_mtl_p7_elevator_plastic_button_call_c
image,#i_t7_decal_signage_letters_upper_c
image,#i_mtl_p7_soc_fireplace_concrete_burnt_c
image,#i_mtl_p7_soc_fireplace_concrete_burnt_n
image,#i_mtl_p8_panel_debris_metal_set_decal_naked_g
image,#i_t7_ban_decal_signage_danger_c
image,#hash_661c5ab1f8cbca0
image,#hash_661c6ab1f8cbe53
image,d#i_t8_micro_metal_grunge_galvanized_01_g
image,d#i_mtl_p7_zm_asc_pipe_modular_set_bolt_n
image,d#i_mtl_p7_zm_asc_pipe_modular_set_bolt_m
image,#i_c_t7_warrior_body1_pants_ir
image,#i_t8_metal_corrugated_wide_01_c
image,#i_t8_metal_corrugated_wide_01_g
image,#i_t8_metal_corrugated_wide_01_o
image,#i_t8_metal_corrugated_wide_01_n
image,#i_t8_metal_corrugated_wide_01_s
image,#i_mtl_p7_door_metal_rolling_02_dirty_01_c
image,#hash_6be9f386db31936
image,#i_mtl_p8_light_spotlight_led_bolt_03_n
image,#i_mtl_p8_light_spotlight_led_bolt_03_o
image,#i_mtl_p8_light_spotlight_led_bolt_03_g
image,#i_mtl_p8_light_spotlight_led_bolt_03_c
image,#i_p8_backroom_wall_tank_module_n
image,#i_p8_backroom_wall_tank_module_o
image,#i_t7_micro_concrete_pebbles_01_n
image,#i_t7_micro_concrete_pebbles_01_c
image,#hash_6fd15f1f4941ab3
image,#hash_6fd30f1f4944894
image,#hash_6fd31f1f4944a47
image,#i_t7_metal_wall_circles_02_n
image,#i_t7_metal_wall_circles_02_c
image,#i_mtl_p8_tank_fuel_01_set_metal_rust_03_c
image,#i_mtl_p8_tank_fuel_01_set_metal_rust_03_n
image,d#i_t7_micro_metal_grunge_scratch_03_n
image,d#i_t7_micro_metal_grunge_scratch_03_g
image,#i_t8_micro_rock_surface_smooth_06_c
image,#i_t8_micro_rock_surface_smooth_06_n
image,#i_mtl_p8_ice_rock_wall_01_b_n
image,#i_mtl_p8_ice_rock_wall_01_b_o
image,#hash_728fae52f3484e0
image,d#i_c_ega_soldier_3_knife_s
image,d#i_c_ega_soldier_3_knife_c
image,#i_mtl_p7_slu_panel_electrical_metal_03_n
image,#i_mtl_p7_slu_panel_electrical_metal_03_m
image,#hash_75bc4ef8856e50b
image,#i_mtl_veh_t8_decal_grill_01_o
image,#hash_75bd0ef8856f96f
image,#i_mtl_veh_t8_decal_grill_01_g
image,#i_mtl_p7_truss_metal_128_s
image,#i_mtl_p7_truss_metal_128_o
image,#i_mtl_p7_truss_metal_128_n
image,#i_mtl_p7_truss_metal_128_m
image,#i_mtl_p7_truss_metal_128_g
image,#i_t8_plaster_rough_heavy_01_r
image,#i_mtl_p7_zm_der_utility_pole_wood_n
image,#i_mtl_p7_zm_der_utility_pole_wood_c
image,d#i_t8_micro_cloth_linen_01_n
image,d#i_veh_t8_decal_hole_01_o
image,d#i_veh_t8_decal_hole_01_n
image,d#i_veh_t8_decal_hole_01_g
image,d#i_veh_t8_decal_hole_01_r
image,d#i_mtl_p7_crate_plastic_tech_02_c
image,d#i_mtl_p7_crate_plastic_tech_02_g
image,d#i_mtl_p7_crate_plastic_tech_02_n
image,d#i_mtl_p7_crate_plastic_tech_02_o
image,#i_p8_ice_metal_pillar_01_o
image,#i_p8_ice_metal_pillar_01_n
image,d#i_t7_ban_metal_painted_scraped_n
image,#i_t7_ban_metal_painted_scraped_g
image,d#i_t7_ban_metal_painted_scraped_c
image,#i_t8_decal_tech_detail_low_tech_10_o
image,#i_t8_decal_tech_detail_low_tech_10_n
image,#i_t8_decal_tech_detail_low_tech_10_c
image,#i_t7_metal_grating_expanded_n
image,#i_t7_metal_grating_expanded_c
image,#i_t7_decal_tech_vent_sm_s
image,#i_t7_decal_tech_vent_sm_e
image,#i_t7_decal_tech_vent_sm_c
image,#i_t7_decal_tech_vent_sm_n
image,#i_mtl_p8_foliage_tree_spruce_norway_tall_proxy_specular
image,#i_t7_out_metal_base_r
image,#i_t7_out_metal_base_c
image,#i_t7_out_metal_base_g
image,#i_t7_out_metal_base_n
image,d#i_t7_metal_chainlink_s
image,#i_t7_metal_chainlink_c
image,#i_t7_metal_chainlink_o
image,#i_t7_metal_chainlink_n
image,#hash_80c7ad7f68b29ee
image,#hash_81367c22703d685
image,#hash_814d24f367c6efe
image,#hash_814d34f367c70b1
image,#hash_814df4f367c8515
image,d#i_c_gen_reveal_256_sq_r
image,#i_mtl_p8_kit_spa_cen_02_set_windows_painteredmetal_m
image,#i_mtl_p8_light_spotlight_led_dirt_02_c
image,#i_t7_metal_duct_insulation_01_c
image,#i_t7_metal_duct_insulation_01_n
image,d#hash_85c92944f05274b
image,#i_p7_light_emergency_future_s
image,#i_p7_light_emergency_future_n
image,#i_p7_light_emergency_future_c
image,#i_p7_light_emergency_future_g
image,d#i_t8_ice_icbm_metal_bare_01_c
image,#i_t8_ice_icbm_metal_bare_01_g
image,#i_t8_ice_icbm_metal_bare_01_s
image,d#i_t8_ice_icbm_metal_bare_01_t
image,#i_veh_t8_mil_truck_hemtt_decal_interior_01_n
image,#i_veh_t8_mil_truck_hemtt_decal_interior_01_c
image,d#fxt8_fire_md_lick_deplete_anim_hdr
image,#i_t7_concrete_polished_01_g
image,#i_mtl_p7_zm_bgb_button_01_s
image,#i_mtl_p7_zm_bgb_button_01_n
image,#i_mtl_p7_zm_bgb_button_01_g
image,#i_mtl_p7_zm_bgb_button_01_c
image,d#i_mtl_p7_debris_glass_shattered_sm_n
image,d#i_mtl_p7_debris_glass_shattered_sm_g
image,d#$gray_color
image,#i_mtl_p7_zm_asc_pipe_modular_set_metal_n
image,#hash_8bf362dd2f94e58
image,d#i_veh_t8_detail_char05_c
image,d#i_veh_t8_detail_char05_g
image,#i_mtl_p8_container_oil_tank_01b_n
image,#i_mtl_p8_container_oil_tank_01b_o
image,#i_mtl_p8_container_oil_tank_01b_c
image,#i_mtl_p8_container_oil_tank_01b_g
image,#hash_8fb35c28abdf296
image,#hash_9087b8e4787f680
image,#hash_9087c8e4787f833
image,#hash_9087d8e4787f9e6
image,#hash_908878e47880ae4
image,#i_caulk
image,d#hash_911be06d2c5aaca
image,#i_t8_decal_grunge_rust_02_blend_o
image,#i_mtl_p7_tank_welding_set_01_n
image,#i_mtl_p7_tank_welding_set_01_m
image,#i_p7_cai_mobile_shop_shutters_s
image,#i_p7_cai_mobile_shop_shutters_g
image,#i_p7_cai_mobile_shop_shutters_c
image,#i_p7_cai_mobile_shop_shutters_n
image,#i_mt_c_t7_battery_head1_headset_n
image,#i_mt_c_t7_battery_head1_headset_o
image,#i_mt_c_t7_battery_head1_headset_g
image,#i_mt_c_t7_battery_head1_headset_c
image,#i_t8_plaster_wall_02_n
image,#i_mtl_p7_cai_train_subway_painted_metal_g
image,#i_mtl_p8_ice_gas_console_box_02_o
image,#i_mtl_p8_ice_gas_console_box_02_n
image,#i_mtl_p8_ice_gas_console_box_02_m
image,#hash_95640feaa5a4470
image,#i_mtl_p7_eth_light_wall_02_metal2_m
image,#i_veh_t8_mil_truck_hemtt_exterior_02_multi_m
image,d#i_t8_micro_noise_01_n
image,d#i_mtl_p8_news_age_glass_worn_scratch_g
image,#i_t7_glass_dirty_streaks_512_g
image,d#i_t7_decal_damage_concrete_tile_01a_r
image,#hash_9ca2928728cbd82
image,#hash_9ca2a28728cbf35
image,#hash_9d3515aa0020168
image,#hash_9d3525aa002031b
image,#hash_9d3545aa0020681
image,#hash_9ea6fc4b56c527c
image,#hash_9ea70c4b56c542f
image,#hash_9ea72c4b56c5795
image,#hash_9edc74b1a07e6d3
image,#hash_9edc84b1a07e886
image,#hash_9edc94b1a07ea39
image,d#i_mtl_p8_crate_metal_ammo_medium_01_n
image,d#i_mtl_p8_crate_metal_ammo_medium_01_c
image,d#i_mtl_p8_crate_metal_ammo_medium_01_s
image,d#i_t7_micro_metal_rust_heavy_02_c
image,#i_t8_micro_paint_01_r
image,d#i_t8_micro_paint_01_c
image,d#i_t8_micro_paint_01_g
image,d#i_t8_micro_paint_01_n
image,#i_mtl_p7_electrical_cabinet_01_n
image,#i_mtl_p7_electrical_cabinet_01_g
image,#i_mtl_p7_electrical_cabinet_01_c
image,#hash_a3b7b1afcc7dcdc
image,#hash_a3b7e1afcc7e1f5
image,#hash_a3b801afcc7e55b
image,#hash_a400f48ff043e34
image,#hash_a401248ff04434d
image,#hash_a474168cbeeb80b
image,#i_mtl_t7_plastic_tarp_reinforced_clear_n
image,#i_mtl_t7_plastic_tarp_reinforced_clear_a
image,d#hash_a501eb282443cdb
image,#i_c_t7_techno_body1_shoulderguard_left_ir
image,#i_mtl_p8_ice_rock_wall_01_a_dark_c
image,#hash_a63e750d174fd2b
image,#hash_a63f250d1750fdc
image,#hash_a63f350d175118f
image,#i_mtl_p8_foliage_tree_spruce_norway_tall_thin_snow_proxy_depth
image,#hash_a8a66aeb71148a2
image,#hash_a8a6baeb7115121
image,#i_c_t7_warrior_body1_emissive_e
image,#i_veh_t8_mil_truck_hemtt_generator_01_dead_multi_m
image,d#i_t8_decal_tech_detail_line_trim_03_o
image,d#i_t8_decal_tech_detail_line_trim_03_n
image,d#i_t8_decal_tech_detail_line_trim_03_c
image,#i_t7_glass_led_light_01_c
image,#i_t7_glass_led_light_01_t
image,d#i_t7_glass_debris_plain_translucent_c
image,d#i_wpn_t8_eqp_briefcase_bomb_computer_decals_2_c
image,#hash_ad5ae5224f88c93
image,#i_t8_decal_grunge_water_cascading_01_n
image,d#i_veh_t7_decal_bolt_03_tint_dark_r
image,d#i_t8_decal_tech_detail_high_tech_08_n
image,d#i_t8_decal_tech_detail_high_tech_08_o
image,d#i_t8_decal_tech_detail_high_tech_08_c
image,d#i_t8_decal_tech_detail_line_trim_13_c
image,d#i_t8_decal_tech_detail_line_trim_13_n
image,d#i_t8_decal_tech_detail_line_trim_13_o
image,d#i_t8_decal_tech_detail_line_trim_13_m
image,#i_mtl_p8_col_conveyor_unit_logo_03_c
image,#i_t8_micro_rock_gneiss_01_c
image,#i_t8_micro_rock_gneiss_01_n
image,d#i_c_gen_detail_thick_synthetic_n
image,d#$height
image,#i_c_t7_warrior_body1_chrome_o
image,#i_c_t7_warrior_body1_chrome_n
image,#i_c_t7_warrior_body1_chrome_g
image,d#i_t7_rope_nylon_c
image,d#i_t7_rope_nylon_n
image,d#i_veh_t8_micro_paint_distressed_n
image,#i_t7_metal_panel_2x1_n
image,#i_t7_metal_panel_2x1_o
image,d#fxt8_spark_shower_core_hdr
image,d#i_t8_decal_tech_detail_indent_02_normal_m
image,d#i_t8_decal_tech_detail_indent_02_normal_o
image,d#i_t8_decal_tech_detail_indent_02_normal_n
image,#i_veh_t8_mil_truck_hemtt_decal_r
image,d#i_mtl_veh_t8_civ_forklift_modular_chassis_o
image,d#i_mtl_veh_t8_civ_forklift_modular_chassis_n
image,d#hash_b587bb85dfc88de
image,#i_mtl_p7_hydraulic_pump_motor_n
image,#i_mtl_p7_hydraulic_pump_motor_o
image,#i_mtl_p7_hydraulic_pump_motor_c
image,#i_mtl_p7_hydraulic_pump_motor_g
image,#i_mtl_p7_hydraulic_pump_motor_s
image,#i_t7_zm_asc_concrete_burnt_n
image,#i_veh_t8_mil_truck_hemtt_flatbed_multi_m
image,#hash_b852468a87c488f
image,#hash_b852768a87c4da8
image,#hash_b852868a87c4f5b
image,#i_t7_metal_paint_worn_large_n
image,#i_mtl_p8_server_portable_drive_n
image,#i_mtl_p8_server_portable_drive_m
image,#i_t8_concrete_spackle_01_r
image,#i_mtl_p7_suspension_bridge_bolt_01_m
image,#i_mtl_p7_suspension_bridge_bolt_01_o
image,#i_mtl_p7_suspension_bridge_bolt_01_n
image,#i_t7_mp_cry_decal_tech_details_01_c
image,#i_t7_mp_cry_decal_tech_details_01_n
image,#i_t7_mp_cry_decal_tech_details_01_s
image,#i_t7_zm_isl_decal_signage_stripe_caution_r
image,#i_t7_zm_isl_decal_signage_stripe_caution_c
image,d#i_t7_micro_metal_bare_brush_01_g
image,d#i_t7_micro_metal_bare_brush_01_n
image,d#i_mtl_veh_t8_mil_helicopter_transport_decal_dirty_01_c
image,#hash_ba9941b762163e6
image,#hash_ba9a11b762179fd
image,#hash_bb77173c1f6a4e8
image,d#i_wpn_t8_eqp_briefcase_bomb_foam_o
image,d#i_wpn_t8_eqp_briefcase_bomb_foam_n
image,#i_p7_aqu_catwalk_01_n
image,#i_p7_aqu_catwalk_01_r
image,#i_t8_decal_grunge_rust_05_n
image,#i_t8_decal_grunge_rust_05_o
image,#i_t8_decal_grunge_rust_05_c
image,#i_t8_decal_graphics_text_ice_3_r
image,#i_mtl_p7_lightswitch_metal_m_sensor_rust_s
image,#i_mtl_p7_lightswitch_metal_m_sensor_rust_n
image,#i_mtl_p7_lightswitch_metal_m_sensor_rust_o
image,#i_mtl_p7_lightswitch_metal_m_sensor_rust_g
image,#i_mtl_p7_lightswitch_metal_m_sensor_rust_c
image,#i_t8_zm_zod_trim_rubber_01_n
image,d#i_mtl_p7_jars_glass_c
image,#i_mtl_p7_jars_glass_g
image,d#i_mtl_p7_jars_glass_n
image,#i_t8_decal_graphics_camo_angular_white_dirty_n
image,#i_t8_decal_graphics_camo_angular_white_dirty_c
image,#hash_c055ba8ee82163c
image,d#fxt_dust_clump
image,#i_c_t7_techno_body1_worldhand_m
image,d#hash_c14a810c1c99d58
image,d#hash_c2ffdedbfdc63b3
image,d#$identitynormalmap
image,d#i_wpn_t8_eqp_briefcase_bomb_c4_g
image,d#i_wpn_t8_eqp_briefcase_bomb_c4_c
image,d#i_wpn_t8_eqp_briefcase_bomb_c4_o
image,d#i_wpn_t8_eqp_briefcase_bomb_c4_n
image,d#i_wpn_t8_eqp_briefcase_bomb_c4_m
image,d#i_wpn_t8_eqp_briefcase_bomb_c4_s
image,d#fxt8_spark_shower_core_sparse_alpha
image,#i_mtl_p8_industrial_scissor_lift_metal_m
image,d#i_t8_decal_tech_detail_bolt_03_n
image,#i_mtl_p7_sin_bollard_n
image,#i_mtl_p7_sin_bollard_c
image,#i_t8_zm_esc_concrete_paint_peel_old_tm
image,#core_concrete_med_c
image,d#i_t8_micro_metal_rust_01_c
image,d#i_t8_micro_metal_rust_01_n
image,d#hash_ca72a16464cfb5c
image,d#i_mtl_veh_t8_civ_forklift_modular_forklift_fork_o
image,d#i_mtl_veh_t8_civ_forklift_modular_forklift_fork_n
image,#i_veh_t8_hexo_pattern_rubber_n
image,d#i_t7_decal_metal_fasteners_o
image,d#i_t7_decal_metal_fasteners_n
image,d#i_t7_decal_metal_fasteners_g
image,d#i_t7_decal_metal_fasteners_c
image,#i_mtl_p7_pallet_truck_clean_n
image,#i_mtl_p8_foliage_tree_spruce_norway_tall_snow_proxy_specular
image,#i_t7_decal_tech_details_03_g
image,#i_t7_decal_tech_details_03_c
image,#i_t7_decal_tech_details_03_o
image,#i_t7_decal_tech_details_03_n
image,d#i_mtl_p7_barge_crane_deck_decal_welding_trace_c
image,#i_mtl_p7_signage_caution_electricity_01_c
image,#i_mtl_p8_foliage_grass_long_skinny_02_light_c
image,#i_mtl_p7_tiedown_anchor_metal_rust_m
image,d#hash_d0e61e44255b172
image,d#hash_d0e62e44255b325
image,#i_mtl_p7_road_guard_bolt_n
image,#i_mtl_p7_road_guard_bolt_o
image,#hash_d0fcd81d0659df2
image,#hash_d0fce81d0659fa5
image,#hash_d1a0c0b9f451e63
image,#hash_d1a0d0b9f452016
image,#hash_d1a0e0b9f4521c9
image,#i_t8_def_wun_concrete_wall_01_n
image,#img_trim_lut_mp_silo
image,#i_p7_ban_tunnels_wall_clamp_02_s
image,d#i_veh_t8_weathered_paint_n
image,d#i_mtl_veh_t8_metal_heavy_painted_01_512_n
image,#i_mtl_p7_blinds_bamboo_metal_s
image,d#i_mtl_p8_mp_flag_cloth_n
image,d#i_mtl_p8_mp_flag_cloth_o
image,#i_mtl_p7_zm_asc_box_electrical_02_n
image,#i_mtl_p7_zm_asc_box_electrical_02_m
image,d#fxt_gas_blur_core_thick_mask
image,#hash_d71ffd32214ef9c
image,d#i_t7_paint_shop_carbon_fiber_n
image,#hash_d87bc9b8d18a78e
image,#i_c_t7_warrior_body1_cloth_mid_n
image,#i_c_t7_warrior_body1_cloth_mid_o
image,#i_c_t7_warrior_body1_cloth_mid_c
image,#i_t7_dlc1_snow_slushy_tractor_tracks_packed_01_blend_r
image,#i_t7_dlc1_snow_slushy_tractor_tracks_packed_01_blend_n
image,#i_mtl_p8_ice_rock_wall_01_a_o
image,#i_mtl_p8_ice_rock_wall_01_a_n
image,d#i_veh_t8_metal_rust_01_s
image,#i_veh_t8_metal_rust_01_n
image,#i_veh_t8_metal_rust_01_g
image,d#i_veh_t8_metal_rust_01_c
image,d#i_veh_t8_decal_blackburn_c
image,#i_veh_t8_civ_snowcat_decal_s
image,#i_veh_t8_civ_snowcat_decal_c
image,#i_t7_shr_snow_lumpy_n
image,d#i_c_t7_outrider_body3_knife_n
image,d#i_c_t7_outrider_body3_knife_o
image,#i_c_t7_outrider_body3_knife_g
image,#hash_df87b1ecf483dec
image,#hash_dfdb82fdd73a5aa
image,#i_t8_decal_graphics_street_sign_circle_arrow_01_c
image,#i_t8_decal_graphics_street_sign_circle_arrow_01_g
image,#i_t8_decal_graphics_street_sign_circle_arrow_01_n
image,#i_mtl_p8_sewer_entrance_concrete_02_m
image,#i_p7_aqu_track_wires_metal_01_c
image,#i_p7_aqu_track_wires_metal_01_n
image,#i_t8_decal_damage_concrete_edge_01_c
image,#i_t8_decal_damage_concrete_edge_01_n
image,#i_t8_decal_damage_concrete_edge_01_r
image,#i_t7_concrete_wall_grunge_01_n
image,d#hash_e50e5aac1b7ff62
image,d#hash_e50e6aac1b80115
image,#hash_e50eaaac1b807e1
image,#i_t7_cru_metal_railing_trim_black_03_n
image,#i_c_t7_gunslinger_emissive_e
image,#i_t7_decal_signage_caution_stripes_r
image,#i_t7_decal_signage_caution_stripes_c
image,d#i_c_hro_soldier_cyberhand_world_ir
image,#hash_e8cdc66b41a05c1
image,#i_c_t7_warrior_body1_cloth_mid_ir
image,#i_mtl_p7_zm_asc_panel_06_n
image,#i_mtl_p7_zm_asc_panel_06_m
image,#hash_eb8e39fbbcd61cd
image,#i_c_t7_mp_common_pouch5_g
image,#i_c_t7_mp_common_pouch5_c
image,#i_c_t7_mp_common_pouch5_n
image,#i_c_t7_mp_common_pouch5_o
image,#i_p8_jnt_security_electrical_cabinet_02_o
image,#i_p8_jnt_security_electrical_cabinet_02_n
image,#i_p8_jnt_security_electrical_cabinet_02_g
image,#i_p8_jnt_security_electrical_cabinet_02_c
image,#i_p8_jnt_security_electrical_cabinet_02_s
image,#hash_ed1f8ae1506a3a7
image,#i_c_t7_hunter_lowerbody_armor_n
image,#i_c_t7_hunter_lowerbody_armor_o
image,#i_c_t7_hunter_lowerbody_armor_c
image,#i_c_t7_hunter_lowerbody_armor_g
image,d#fxt8_smk_tendrils_varied
image,#i_mtl_p7_crate_plastic_tech_01_g
image,#i_mtl_p7_crate_plastic_tech_01_c
image,#i_mtl_p7_crate_plastic_tech_01_o
image,#i_mtl_p7_crate_plastic_tech_01_n
image,d#i_t8_decal_tech_detail_indent_03_normal_n
image,d#i_t8_decal_tech_detail_indent_03_normal_o
image,d#i_t8_decal_tech_detail_indent_03_normal_m
image,#i_mtl_p7_duct_metal_circular_x_joint_n
image,#i_mtl_p7_duct_metal_circular_x_joint_o
image,#i_mtl_p7_cai_sign_billboard_weather_metal_tile_dull2_g
image,#i_mtl_p7_light_fluorescent_subway_c
image,#i_mtl_p7_light_fluorescent_subway_n
image,d#i_t8_decal_tech_detail_low_tech_23_g
image,d#i_t8_decal_tech_detail_low_tech_23_c
image,d#i_t8_decal_tech_detail_low_tech_23_o
image,d#i_t8_decal_tech_detail_low_tech_23_n
image,#i_p7_zm_sta_dial_selector_01_c
image,#i_p7_zm_sta_dial_selector_01_n
image,#i_veh_t8_civ_snowcat_plow_02_m
image,#i_veh_t8_civ_snowcat_plow_02_o
image,#i_veh_t8_civ_snowcat_plow_02_n
image,d#i_t8_decal_tech_detail_indent_01_normal_m
image,d#i_t8_decal_tech_detail_indent_01_normal_n
image,d#i_t8_decal_tech_detail_indent_01_normal_o
image,#i_t8_metal_grating_circular_01_o
image,#i_t8_metal_grating_circular_01_n
image,#i_t8_metal_grating_circular_01_c
image,#i_t8_metal_grating_circular_01_g
image,#i_mtl_p8_wep_ceiling_structure_beam_grunge_02
image,#i_mtl_p8_wep_ceiling_structure_beam_grunge_03
image,#i_mtl_p8_wep_ceiling_structure_beam_grunge_01
image,#i_p8_foliage_tree_spruce_norway_branch_01_c
image,#i_p8_foliage_tree_spruce_norway_branch_01_n
image,#i_p8_foliage_tree_spruce_norway_branch_01_m
image,#i_p8_foliage_tree_spruce_norway_branch_01_t
image,d#hash_f85af132d87539e
image,d#hash_f85b3132d875a6a
image,#i_t7_damage_decal_plaster_damage_01_c
image,#i_t7_damage_decal_plaster_damage_01_n
image,d#i_t8_micro_food_sugar_powdered_r
image,d#i_t8_decal_graphics_street_sign_circle_no_waiting_01_g
image,#i_t7_metal_diamond_plate_worn_s
image,#i_t7_metal_diamond_plate_worn_c
image,#i_t7_metal_diamond_plate_worn_g
image,#i_t7_metal_diamond_plate_worn_n
image,#i_t7_metal_diamond_plate_worn_o
image,#hash_fd034c41b803154
image,#hash_fd037c41b80366d
image,#i_mtl_p7_box_case_metal_02_metal_01_g
image,d#i_t8_decal_tech_detail_high_tech_70_o
image,d#i_t8_decal_tech_detail_high_tech_70_n
image,#i_t8_decal_tech_detail_high_tech_70_g
image,d#i_t8_decal_tech_detail_high_tech_70_c
image,d#fxt_lf_streak_01
image,d#fxt_lf_streak_02
image,d#fxt_lf_streak_03
image,#i_mtl_p8_ice_ceilingmoulding_metal_lgt_o
image,#i_mtl_p8_ice_ceilingmoulding_metal_lgt_n
image,#i_mtl_p8_military_electronics_case_handle_locks_01_m
image,#i_mtl_p8_military_electronics_case_handle_locks_01_o
image,#i_mtl_p8_military_electronics_case_handle_locks_01_n
image,#i_t8_decal_tech_detail_low_tech_11_r
image,#i_veh_t8_mil_truck_hemtt_decal_interior_14_r
image,#i_veh_t8_mil_truck_hemtt_decal_interior_14_c
image,#hash_ffd08563061b96e
image,#i_veh_t8_mil_truck_hemtt_decal_interior_14_n
image,#i_t8_snow_ground_grain_n
image,#i_t8_snow_ground_grain_g
image,#i_t8_snow_ground_grain_r
image,#i_mtl_p7_zm_der_utility_pole_arm_n
image,#i_mtl_p8_ice_mb_lift_01_engine_metal_04_m
image,#i_mtl_p8_ice_mb_lift_01_engine_metal_04_n
image,d#core_concrete_dark_c
image,d#$white_gloss
image,#hash_104b130b85a57108
image,#hash_104b160b85a57621
image,#i_c_t7_battery_body1_pants_g
image,#i_c_t7_battery_body1_pants_c
image,#i_c_t7_battery_body1_pants_n
image,#i_c_t7_battery_body1_pants_o
image,#i_c_t7_warrior_head1_beardcards_c
image,d#i_t7_micro_metal_painted_01_c
image,d#i_t7_micro_metal_painted_01_g
image,d#i_t7_micro_metal_painted_01_n
image,#i_mtl_p7_pipe_pvc_drain_straight_n
image,#i_mtl_p7_pipe_pvc_drain_straight_c
image,d#i_t8_micro_cloth_canvas_01_n
image,#hash_10c82691db3a5bb9
image,#i_t8_micro_wood_rough_01_r
image,#i_t7_plastic_clear_warped_c
image,#i_t8_concrete_wall_cast_bare_01_sml_c
image,#i_mtl_p7_signage_metal_exit_n
image,#i_veh_t8_mil_truck_hemtt_fuelcell_dead_multi_m
image,#i_p7_pump_water_treatment_light_green
image,#i_t8_silo_snow_footprints_slush_n
image,#i_t8_silo_snow_footprints_slush_h
image,#i_t8_silo_snow_footprints_slush_c
image,#i_t8_silo_snow_footprints_slush_r
image,#i_p8_sil_icbm_conveyor_warhead_skids
image,#hash_111c1a1f36cc6a1f
image,#i_c_t7_battery_body1_ammo_belt_o
image,#i_c_t7_battery_body1_ammo_belt_g
image,#i_t7_decal_grunge_leaking_04_g
image,#i_t7_plastic_tape_caution_clean_c
image,#i_t7_plastic_tape_caution_clean_n
image,#i_mtl_p8_ice_rock_med_02_overlay_n
image,#i_mtl_p8_ice_controlroom_wall_panel_circuit_01_n
image,#i_mtl_p8_ice_controlroom_wall_panel_circuit_01_m
image,#fxt_snow_hail
image,#i_mtl_p8_ice_snow_plowed_01_n
image,#i_mtl_p8_ice_snow_plowed_01_o
image,#i_t7_decal_signage_no_admittance_c
image,#i_c_t7_techno_body1_arm_rt_a_s
image,#i_c_t7_techno_body1_arm_rt_a_g
image,#i_c_t7_techno_body1_arm_rt_a_c
image,#i_c_t7_techno_body1_arm_rt_a_o
image,#i_c_t7_techno_body1_arm_rt_a_n
image,#i_mtl_p7_medical_gurney_02_iron_n
image,#i_t8_decal_ice_signage_letters_heavy_flat_01_c
image,#i_veh_t8_cloth_leather_01_c
image,#i_t8_grass_dry_01_g
image,#i_t7_rubber_wire_bundle_01_o
image,#i_t7_rubber_wire_bundle_01_n
image,#i_t7_rubber_wire_bundle_01_g
image,#i_mtl_p7_sgen_corridor_02_set_dirty_01_c
image,#i_t8_decal_grunge_concrete_sidewalk_01_c
image,d#i_wpn_t8_micro_metal_powder_coat_flake_n
image,#i_veh_t7_drone_siege_theia_lights_c
image,#core_snow_light_n
image,#i_t8_ice_decal_footprints_01_c
image,#i_mtl_p7_cai_street_signage_arrow_decal_01_c
image,#hash_11f0e0f3e3e9e8a1
image,#i_c_t7_warrior_body1_armor_dark_c
image,#i_c_t7_warrior_body1_armor_dark_g
image,#i_c_t7_warrior_body1_armor_dark_o
image,#i_c_t7_warrior_body1_armor_dark_n
image,#hash_1205aeb9502962a7
image,d#fxt_smk_tendril_1
image,d#fxt_smk_tendril_2
image,#hash_1210d7c21afbaa0c
image,#hash_1218ec2063601bcb
image,d#hash_122098c057392282
image,d#hash_122099c057392435
image,d#i_t7_micro_wood_varied_teak_n
image,d#i_t7_micro_wood_varied_teak_g
image,d#i_t7_micro_wood_varied_teak_c
image,#i_c_t7_techno_head1_glass_n
image,#i_c_t7_techno_head1_glass_c
image,#i_c_t7_techno_head1_glass_g
image,#i_mtl_p8_foliage_tree_spruce_norway_small_thin_proxy_depth
image,#hash_125ca801ff68a2d2
image,#i_p7_rug_cloth_rolled_lrg_01_n
image,d#i_veh_t8_sand_pebbles_fine_c
image,#i_mtl_p7_ban_north_tribe_admin_buildiing_roof_brackets_g
image,#i_mtl_p7_ban_north_tribe_admin_buildiing_roof_brackets_o
image,#i_mtl_p7_ban_north_tribe_admin_buildiing_roof_brackets_n
image,#i_mtl_p7_ban_north_tribe_admin_buildiing_roof_brackets_m
image,d#i_wpn_t8_eqp_briefcase_bomb_decals_metal_g
image,d#i_wpn_t8_eqp_briefcase_bomb_decals_metal_c
image,d#i_wpn_t8_eqp_briefcase_bomb_decals_metal_n
image,d#i_wpn_t8_eqp_briefcase_bomb_decals_metal_s
image,d#i_mtl_veh_t8_civ_forklift_vista_yellow_c
image,#i_mtl_p8_container_oil_tank_01a_o
image,#i_mtl_p8_container_oil_tank_01a_n
image,#i_mtl_p8_container_oil_tank_01a_g
image,#i_mtl_p8_container_oil_tank_01a_c
image,#hash_12c1933214a2753b
image,#hash_12c1943214a276ee
image,#hash_12ca164f3d21cd8a
image,#hash_12ca1a4f3d21d456
image,#hash_12ca1b4f3d21d609
image,d#i_t7_plaster_rough_light_01_micro_n
image,d#i_t7_plaster_rough_light_01_micro_c
image,#i_t8_decal_damage_concrete_cracks_02_c
image,#i_t8_decal_damage_concrete_cracks_02_o
image,#i_t8_decal_damage_concrete_cracks_02_n
image,#i_t8_decal_damage_concrete_cracks_02_r
image,d#i_mtl_t8_spa_statue_metal_01_micro_metal_rough_c
image,#i_veh_t8_base_paint_08_c
image,#i_mtl_p8_ice_foliage_shrub_01_set_branch_06_t
image,#i_mtl_p8_ice_foliage_shrub_01_set_branch_06_n
image,#i_mtl_p8_ice_foliage_shrub_01_set_branch_06_c
image,#i_c_t7_warrior_body1_arm_rt_a1_c
image,#i_c_t7_warrior_body1_arm_rt_a1_n
image,d#i_t8_decal_tech_detail_line_trim_14_r
image,d#i_t8_decal_tech_detail_line_trim_14_o
image,d#i_t8_decal_tech_detail_line_trim_14_n
image,d#i_t8_decal_tech_detail_line_trim_14_c
image,#i_mtl_p7_cai_hallway_blocker_dirty_c
image,#hash_132d4635d894eed7
image,#hash_1331ab0c5df92788
image,#i_mtl_p8_zm_esc_light_industrial_socket_g
image,#hash_1346b8a08bf14140
image,#i_mtl_p8_ice_gas_console_top_n
image,#i_mtl_p8_ice_gas_console_top_o
image,#i_mtl_p8_ice_gas_console_top_m
image,#i_mtl_p8_col_rail_tower_metal_m
image,#i_p8_cable_wires_01_c
image,#i_p8_cable_wires_01_g
image,#i_p8_cable_wires_01_o
image,#i_p8_cable_wires_01_n
image,#i_p8_cable_wires_01_s
image,#i_t7_decal_line_horizontal_black_clear_m
image,d#$thickness_base
image,#i_c_t7_battery_hairshell2_n
image,#i_c_t7_battery_hairshell2_c
image,d#$reveal
image,#i_mtl_p7_eth_light_hang_02_metal1_m
image,d#fxt_fog_slow_lg_anim
image,d#$camo_base_detail
image,d#i_mtl_veh_t8_decal_text_sensory_unit_c
image,#i_t8_silo_metal_diamond_plate_2_indents_s
image,#i_t8_silo_metal_diamond_plate_2_indents_g
image,#i_t8_silo_metal_diamond_plate_2_indents_c
image,#i_t8_silo_metal_diamond_plate_2_indents_o
image,#i_t8_silo_metal_diamond_plate_2_indents_n
image,#hash_13a33c673152330f
image,#hash_13a33d67315234c2
image,#hash_13a33e6731523675
image,#i_t8_decal_tech_detail_bolt_02_c
image,#i_t8_decal_tech_detail_bolt_02_n
image,#i_t8_decal_tech_detail_bolt_02_o
image,#i_t8_decal_tech_detail_bolt_02_s
image,#hash_13d0a5ca60d00952
image,d#i_t8_micro_ceiling_tile_01_n
image,d#i_ct7_blockout_battery_body1_pistol_mr6_plastic_n
image,#i_ct7_blockout_battery_body1_pistol_mr6_plastic_c
image,#i_ct7_blockout_battery_body1_pistol_mr6_plastic_g
image,d#i_veh_t8_decal_hole02_c
image,#i_t8_metal_beam_trim_02_n
image,#i_t8_metal_beam_trim_02_o
image,#i_t8_metal_beam_trim_02_g
image,#i_t8_metal_beam_trim_02_c
image,#i_t8_metal_beam_trim_02_s
image,#i_mtl_p8_ice_rock_wall_02_dark_c
image,#i_t8_ice_paint_caution_stripes_g
image,#i_t8_ice_paint_caution_stripes_c
image,#i_t8_ice_paint_caution_stripes_r
image,#fxt_smk_gen_anim
image,#i_c_t7_battery_body1_armor_ir
image,d#i_c_gen_char_c
image,d#i_c_gen_char_g
image,d#i_c_gen_char_n
image,d#hash_140acd54c66bb4ad
image,#i_t8_plaster_01_n
image,d#i_t7_mud_sludge_wet_03_n
image,d#fxt_spark_grind_anim
image,d#i_t8_micro_noise_02_c
image,#i_sky_fiberglass_reflect_white_dlc1_c
image,#i_sky_fiberglass_reflect_white_dlc1_n
image,#i_t7_plastic_building_wrap_n
image,d#i_t7_decal_grunge_charred_stain_01_c
image,#hash_144e41bae6da5d3d
image,#i_t7_decal_signage_stand_clear_01_c
image,#i_t8_decal_tech_detail_line_trim_02_c
image,#i_t8_decal_tech_detail_line_trim_02_m
image,d#i_t8_decal_tech_detail_line_trim_02_n
image,#i_t8_decal_tech_detail_line_trim_02_o
image,#i_t7_graphic_display_military_11_c
image,#i_mtl_p8_ice_large_rock_03_dark_c
image,d#i_t7_micro_metal_dent_01_n
image,#i_mtl_p8_chi_comm_antenna_roof_bolt_n
image,#i_c_t7_warrior_body1_straps_ir
image,#hash_14a1eb0617e55a06
image,#hash_14a1ec0617e55bb9
image,#hash_14a1f70617e56e6a
image,#i_mtl_p7_pipe_metal_hp_12_support_m
image,#i_mtl_p7_pipe_metal_hp_12_support_n
image,#i_t7_metal_trim_worn_iron_dark_invert_m
image,d#i_mtl_veh_t8_mil_helicopter_transport_attach_04_n
image,d#i_mtl_veh_t8_mil_helicopter_transport_attach_04_o
image,d#i_veh_t8_decal_button_round_01_t
image,#i_p7_bucket_janitor_plastic_rolling_s
image,d#i_mtl_p8_crate_metal_military_medium_decals_c
image,#i_mtl_p7_railing_concrete_01_tall_double_n
image,#i_mtl_p7_railing_concrete_01_tall_double_m
image,#i_mtl_p7_cai_trailer_cargo_military_01_dirty_03_c
image,#hash_14f4174905a783cc
image,#hash_14f41a4905a788e5
image,#i_mtl_p7_sgen_big_bld_ext_wall_dirty02_c
image,#i_mtl_p8_wep_wall_metal_x_brace_set_decal_02_c
image,#hash_14fe926d26773e24
image,#hash_14fe976d267746a3
image,#hash_14fe9e6d26775288
image,#hash_14fea26d26775954
image,#i_t7_metal_panel_2x2_o
image,#i_t7_metal_panel_2x2_n
image,d#i_t8_mud_sludge_wet_02_sml_c
image,#i_p8_jnt_security_electrical_cabinet_03_n
image,#i_mtl_p7_sgen_corridor_02_set_06_m
image,#i_mtl_p7_sgen_corridor_02_set_06_n
image,d#i_veh_t8_decal_bolt_04_o
image,d#i_veh_t8_decal_bolt_04_n
image,d#i_veh_t8_decal_bolt_04_c
image,d#hash_1540bca4b9f23aac
image,d#hash_1540bda4b9f23c5f
image,#hash_1540c1a4b9f2432b
image,d#fxt_gib_metal_02
image,d#fxt_gib_metal_01
image,#i_t7_metal_tube_01_n
image,#i_t8_decal_tech_detail_high_tech_48_g
image,#i_t8_decal_tech_detail_high_tech_48_c
image,#i_t8_decal_tech_detail_high_tech_48_m
image,#i_t8_decal_tech_detail_high_tech_48_n
image,#i_t8_decal_tech_detail_high_tech_48_o
image,#i_c_t7_techno_body1_forearm_n
image,#i_c_t7_techno_body1_forearm_g
image,#i_c_t7_techno_body1_forearm_c
image,#i_c_t7_techno_body1_forearm_s
image,#i_t7_metal_corrugated_rust_g
image,#i_t7_metal_corrugated_rust_c
image,d#i_t7_glass_dirty_streaks_02_sml_g
image,d#i_t7_snow_powder_03_r
image,#i_mtl_p8_foliage_tree_spruce_norway_tall_thin_proxy_depth
image,#i_mtl_p7_pipe_metal_hp_12_valve_01_n
image,#i_mtl_p7_pipe_metal_hp_12_valve_01_o
image,#i_mtl_p7_pipe_metal_hp_12_valve_01_m
image,#i_mtl_p7_railing_concrete_01_dirty_01_c
image,#i_mtl_p7_ban_ladder_cage_metal_m
image,#i_mtl_p7_ban_ladder_cage_metal_n
image,#i_mtl_p7_tape_masking_black_s
image,#i_mtl_p7_tape_masking_black_g
image,#i_mtl_p7_tape_masking_black_c
image,#i_mtl_p7_tape_masking_black_n
image,#i_c_t7_warrior_body1_armor_2_ir
image,#i_mtl_p8_box_electric_commercial_med_01_metal_m
image,d#i_veh_t7_dlc_grunge_rust_01_512_r
image,d#i_t8_micro_metal_rough_01_r
image,#hash_15d8b7dd1e1e4051
image,#i_t8_ice_icbm_metal_rivets_01_camo_m
image,#hash_15d8c4dd1e1e5668
image,#hash_15d8c8dd1e1e5d34
image,#i_t8_concrete_wall_cast_2x1_02_n
image,#i_t8_concrete_wall_cast_2x1_02_o
image,#i_t8_concrete_wall_cast_2x1_02_c
image,#i_t8_concrete_wall_cast_2x1_02_g
image,#i_t8_concrete_wall_cast_2x1_02_r
image,#i_mtl_p7_zm_asc_panel_07_n
image,#i_mtl_p7_zm_asc_panel_07_m
image,d#i_t7_decal_signage_cai_military_gloss_g
image,#i_mtl_p8_chi_pipe_support_04_o
image,#i_mtl_p8_chi_pipe_support_04_n
image,#i_p7_aqu_fastener_plastic_01_n
image,#i_c_t7_battery_black_ir
image,#i_mtl_p7_sgen_chair_dining_future_02_dirty_c
image,#i_t7_snow_slush_floor_large02_m
image,#hash_163ac3ac06f073d0
image,#i_mtl_p8_ice_foliage_shrub_01_set_leaf_01_c
image,#i_mtl_p8_ice_foliage_shrub_01_set_leaf_01_n
image,#i_mtl_p8_ice_foliage_shrub_01_set_leaf_01_t
image,d#fxt_spark_single_mask
image,#hash_16441088cba35e87
image,#i_veh_t8_mil_truck_hemtt_flatbed_lights_o
image,#i_veh_t8_mil_truck_hemtt_flatbed_lights_n
image,#i_c_t7_warrior_body1_hand_a1_o
image,#i_c_t7_warrior_body1_hand_a1_n
image,#i_c_t7_warrior_body1_hand_a1_g
image,#i_c_t7_warrior_body1_hand_a1_c
image,#i_mtl_p7_signage_metal_exit_screen_c
image,#i_mtl_p8_foliage_grass_blades_tall_lrg_proxy_specular
image,#i_mtl_p8_light_spotlight_led_light_n
image,#i_mtl_p8_light_spotlight_led_light_c
image,#i_c_bc_femalesoldier_straps2_g
image,#i_c_bc_femalesoldier_straps2_n
image,#i_t8_decal_grunge_water_puddle_tiling_01_128_n
image,#i_t8_decal_grunge_water_puddle_tiling_01_128_r
image,#hash_167210563369e546
image,#hash_167211563369e6f9
image,#hash_16722c56336a14da
image,d#i_t7_micro_concrete_bare_weathered_02_g
image,d#i_t7_micro_concrete_bare_weathered_02_c
image,d#i_t7_micro_concrete_bare_weathered_02_n
image,#i_p7_zm_ctl_barrel_metal_55gal_blue_snow_r
image,#i_t8_decal_tech_detail_line_trim_01b_n
image,#hash_16b00c2d40e1e4bc
image,#hash_16b00d2d40e1e66f
image,#hash_16b0152d40e1f407
image,#i_mtl_p7_zm_ctl_tesla_tower_set_06_n
image,#i_mtl_p7_zm_ctl_tesla_tower_set_06_c
image,#i_veh_t8_mil_truck_hemtt_taillights_n
image,#i_veh_t8_mil_truck_hemtt_taillights_o
image,#i_mtl_p7_ac_unit_med_s
image,#i_mtl_p7_ac_unit_med_g
image,#i_mtl_p7_ac_unit_med_c
image,#i_mtl_p7_ac_unit_med_n
image,#i_mtl_p7_ac_unit_med_o
image,#hash_16f5cb584040e9a1
image,#i_t7_decal_water_wall_running_n
image,#i_t8_decal_tech_detail_high_tech_31_n
image,#i_t8_decal_tech_detail_high_tech_31_o
image,#i_t8_decal_tech_detail_high_tech_31_c
image,#i_t8_decal_tech_detail_high_tech_31_g
image,#i_t7_metal_trim_anodized_caution_strip_s
image,#i_t7_metal_trim_anodized_caution_strip_n
image,#i_t7_metal_trim_anodized_caution_strip_o
image,#i_t7_metal_trim_anodized_caution_strip_g
image,#hash_1709369f4a3be79a
image,d#i_t8_micro_concrete_cinderblock_01_n
image,#i_t8_micro_concrete_cinderblock_01_c
image,#i_mtl_p7_wires_electrical_s
image,#i_mtl_p7_wires_electrical_c
image,#i_mtl_p7_wires_electrical_g
image,#i_mtl_p7_wires_electrical_n
image,#hash_171dbd0777059ef3
image,#hash_171dc1077705a5bf
image,#hash_171dc8077705b1a4
image,#hash_171dcd077705ba23
image,#hash_17235cc13f348372
image,#hash_172370c13f34a56e
image,#hash_172371c13f34a721
image,#i_mtl_p7_sin_box_street_electric_small_worn_d_g
image,#i_mtl_p7_sin_box_street_electric_small_worn_d_n
image,#i_mtl_p7_sin_box_street_electric_small_worn_d_o
image,d#i_c_gen_detail_wrinkles_n
image,#i_mtl_p8_chi_antenna_roof_set_m
image,#i_mtl_p8_chi_antenna_roof_set_n
image,#i_mtl_p8_ice_gas_console_lid_top_m
image,#i_mtl_p8_ice_gas_console_lid_top_n
image,#i_mtl_p8_ice_gas_console_lid_top_o
image,#i_p8_ice_hangar_4_arch_128_a_n
image,#i_mtl_p8_ice_gas_console_lid_trim_m
image,#i_mtl_p8_ice_gas_console_lid_trim_o
image,#i_mtl_p8_ice_gas_console_lid_trim_n
image,#i_veh_t8_civ_snowcat_plow_03_m
image,#i_veh_t8_civ_snowcat_plow_03_o
image,d#i_t8_micro_sand_01_n
image,#i_p8_ice_catwalk_d_r
image,#i_p8_ice_catwalk_d_o
image,#i_p8_ice_catwalk_d_n
image,#i_mtl_p7_global_chainlink_fence_kit_01_n
image,#i_mtl_p7_global_chainlink_fence_kit_01_o
image,#i_veh_t8_mil_truck_hemtt_decal_interior_65_c
image,#hash_1790894d5f9b3772
image,#i_veh_t8_mil_truck_hemtt_decal_interior_65_n
image,d#i_c_t8_detail_plastic_grainy_mr6_8_n
image,#i_mtl_p7_seal_metal_clamp_lrg_s
image,#i_mtl_p7_seal_metal_clamp_lrg_g
image,#i_mtl_p7_seal_metal_clamp_lrg_o
image,#i_mtl_p7_seal_metal_clamp_lrg_n
image,#i_veh_t8_mil_truck_hemtt_exterior_04_n
image,#i_veh_t8_mil_truck_hemtt_exterior_04_o
image,d#i_veh_t7_detail_char05_n
image,#i_c_t7_techno_head1_hood_c
image,#i_c_t7_techno_head1_hood_g
image,#i_c_t7_techno_head1_hood_n
image,#i_c_t7_techno_head1_hood_m
image,d#core_dirt_dark_n
image,#i_c_t7_warrior_body1_thighpad_ir
image,#i_mtl_p7_zm_ctl_door_sliding_set_04_n
image,#i_mtl_p7_zm_ctl_door_sliding_set_04_m
image,d#fxt8_spark_rndhit_core_hdr
image,d#i_ct7_blockout_battery_body1_shoes_o
image,d#i_ct7_blockout_battery_body1_shoes_n
image,d#i_ct7_blockout_battery_body1_shoes_g
image,d#i_ct7_blockout_battery_body1_shoes_c
image,d#i_t7_plastic_fiberglass_bench_g
image,d#i_veh_t8_detail_stucco_01
image,#i_veh_t8_dead_dents_tile_02_n
image,d#i_t7_concrete_painted_wet_white_c
image,#i_mtl_p7_satellite_dish_01_panels_c
image,#i_mtl_p8_ibeam_01_straight_01_s
image,#i_mtl_p8_ibeam_01_straight_01_n
image,#i_mtl_p8_ibeam_01_straight_01_g
image,#i_mtl_p8_ibeam_01_straight_01_c
image,#i_mtl_p8_chi_antenna_roof_01_m
image,#i_t7_cru_snow_clumps_02_reveal_r
image,d#i_t8_micro_metal_rust_chunky_01_n
image,d#i_t8_micro_metal_rust_chunky_01_c
image,#hash_18766080a0586d76
image,#i_c_t7_techno_body1_forearm_ir
image,d#i_mtl_p7_conduit_metal_parts_o
image,d#i_mtl_p7_conduit_metal_parts_n
image,d#i_mtl_p7_conduit_metal_parts_g
image,d#i_mtl_p7_conduit_metal_parts_s
image,d#i_t7_micro_cloth_tarp_n
image,#i_veh_t8_decal_damage_glass_shatter_g
image,#i_veh_t8_decal_damage_glass_shatter_c
image,d#i_t8_decal_grunge_rust_04_sml_c
image,#i_t8_decal_tech_detail_high_tech_11_c
image,#i_t8_decal_tech_detail_high_tech_11_g
image,#i_t8_decal_tech_detail_high_tech_11_n
image,#i_t8_decal_tech_detail_high_tech_11_o
image,#hash_18a9ffe6707b733e
image,#hash_18aa00e6707b74f1
image,#hash_18aa0be6707b87a2
image,#i_mtl_p7_soc_window_frame_lrg_glass_c
image,#i_mtl_p7_soc_window_frame_lrg_glass_g
image,#i_c_t7_battery_body1_webgear_ir
image,#i_mtl_p7_pipe_pvc_med_seal_c
image,#i_mtl_p7_pipe_pvc_med_seal_n
image,#i_p8_sil_icbm_conveyor_crane_motor
image,#i_mtl_p8_centrifuge_battery_s
image,#i_mtl_p8_centrifuge_battery_o
image,#i_mtl_p8_centrifuge_battery_n
image,#i_mtl_p8_centrifuge_battery_g
image,#i_mtl_p8_centrifuge_battery_e
image,#i_mtl_p8_centrifuge_battery_c
image,#i_mtl_p8_ice_gas_console_pipe_o
image,#i_mtl_p8_ice_gas_console_pipe_n
image,#i_mtl_p8_ice_gas_console_pipe_m
image,d#hash_1905efaac85cfb60
image,d#hash_1905f0aac85cfd13
image,#hash_1905fbaac85d0fc4
image,#i_mtl_p7_zur_nw_icicles_large_01_c
image,#i_mtl_p7_zur_nw_icicles_large_01_n
image,#i_t7_metal_worn_iron_dark_c
image,#i_t7_metal_worn_iron_dark_g
image,#i_t7_metal_worn_iron_dark_m
image,#i_t7_metal_worn_iron_dark_s
image,d#fxt8_debris_ember_mask
image,d#i_mtl_veh_t8_civ_forklift_modular_interior_o
image,d#i_mtl_veh_t8_civ_forklift_modular_interior_n
image,#hash_192ba4ecf807fc3e
image,#i_t7_decal_grunge_side_02_c
image,#hash_193c7ca6d811f285
image,#cookie_flicker06
image,#i_t7_out_decal_grunge_dirt_r
image,#i_t8_decal_ice_signage_letters_medium_flat_01_c
image,#i_mtl_p8_foliage_grass_blades_tall_lrg_proxy_albedo
image,#i_mtl_veh_t8_col_drill_crate_decal_rust_02_c
image,#i_veh_t8_metal_flakes_g
image,d#i_veh_t8_metal_flakes_n
image,d#i_t7_decal_grunge_wet_wall_stain_c
image,#i_t7_decal_acess_door_01_n
image,#i_t7_decal_acess_door_01_c
image,d#i_mtl_p7_blast_wall_concrete_decal_c
image,#hash_19bd5305a0c559f5
image,#i_t8_plaster_old_dirty_01_c
image,#i_mtl_p8_ice_mb_lift_01_engine_metal_painted_c
image,#i_mtl_p8_ice_mb_lift_01_engine_metal_painted_n
image,#i_c_t7_battery_body1_thrusters_ao
image,#hash_19ed948a4799f048
image,#i_t7_decal_damage_concrete_cracks_04_r
image,#i_t7_decal_damage_concrete_cracks_04_n
image,#i_t7_decal_damage_concrete_cracks_04_c
image,d#i_veh_t7_detail_char_01_c
image,#i_veh_t7_detail_char_01_g
image,#hash_19ff1f707bb20084
image,#hash_19ff20707bb20237
image,#hash_19ff21707bb203ea
image,#i_p8_ice_mb_cargodoorframe_b_rails_r
image,#i_p8_ice_mb_cargodoorframe_b_rails_o
image,#i_p8_ice_mb_cargodoorframe_b_rails_n
image,#i_mtl_p7_hook_metal_shelf_g
image,#i_mtl_p7_hook_metal_shelf_n
image,#i_mtl_p7_hook_metal_shelf_o
image,d#i_t7_detail_hexagon_01
image,#i_mtl_p8_ice_foliage_shrub_01_set_branch_05_n
image,#i_mtl_p8_ice_foliage_shrub_01_set_branch_05_c
image,#i_mtl_p8_ice_foliage_shrub_01_set_branch_05_t
image,#i_mtl_p7_mou_coiled_wire_cut_n
image,#i_mtl_p7_mou_coiled_wire_cut_c
image,#i_c_t7_warrior_body1_thighpad_n
image,#i_c_t7_warrior_body1_thighpad_o
image,#i_c_t7_warrior_body1_thighpad_c
image,d#i_t7_decal_grunge_concrete_drip_01_blend_r
image,d#i_t7_decal_grunge_bottom_02_c
image,d#i_t8_micro_stone_slate_01_c
image,d#i_t8_micro_stone_slate_01_g
image,d#i_t8_micro_stone_slate_01_n
image,#hash_1a73b974a43c7253
image,#hash_1a73ba74a43c7406
image,#hash_1a73c174a43c7feb
image,#i_t8_decal_signage_caution_pressure_r
image,d#hash_1a7e79ff17e32581
image,#hash_1a85e88e2c0327c2
image,#hash_1a85e98e2c032975
image,d#hash_1a89c9d548e32bfc
image,d#hash_1a89cad548e32daf
image,#hash_1a89ced548e3347b
image,#i_t7_ban_decal_grunge_rust_corrosion_c
image,#i_t7_ban_decal_grunge_rust_corrosion_n
image,#i_t7_ban_decal_grunge_rust_corrosion_r
image,#i_t8_metal_trim_edge_wear_beam_01_c
image,#i_t8_metal_trim_edge_wear_beam_01_n
image,d#i_t7_plastic_styrofoam_cushion_n
image,#i_p8_sil_icbm_conveyor_crane_winch_o
image,#i_p8_sil_icbm_conveyor_crane_winch_n
image,#i_p8_sil_icbm_conveyor_crane_winch_m
image,#i_p7_pipe_pvc_drain_fittings_01_g
image,#i_wpn_t7_ctf_flag_base_c
image,#i_wpn_t7_ctf_flag_base_n
image,#hash_1af695b2f9eff93f
image,#hash_1af696b2f9effaf2
image,#hash_1af697b2f9effca5
image,#i_mtl_p7_mou_militarybox_nail_02_c
image,#i_mtl_p8_chi_satellite_roof_metal_06_m
image,#i_mtl_p8_chi_satellite_roof_metal_06_n
image,#i_mtl_p7_cai_container_aid_box_c
image,#hash_1b1eaeecb327b057
image,#i_mtl_p7_yoga_mat_dirty_c
image,#i_t8_decal_grunge_rust_03_n
image,d#i_t8_decal_grunge_rust_03_c
image,#i_mtl_p7_barricade_concrete_modular_01_c
image,#i_mtl_p7_barricade_concrete_modular_01_n
image,#i_t8_decal_graphics_text_ice_1_r
image,#i_mtl_p7_light_round_spot_flat_c
image,#i_mtl_p8_ice_controlroom_wall_panel_circuit_01_red_01_n
image,#i_t7_decal_grunge_wall_stain_01_n
image,d#i_t7_decal_grunge_wall_stain_01_c
image,d#i_t7_decal_grunge_wall_stain_01_r
image,#hash_1b51e2da379163b2
image,d#fxt8_liquid_string
image,#hash_1b6579a77448ab4c
image,#hash_1b657ca77448b065
image,d#i_t7_micro_wood_worn_brown_n
image,d#i_t7_micro_wood_worn_brown_c
image,d#i_t8_micro_cloth_carpet_backing_01_n
image,#i_t7_wood_varnished_clean_white_c
image,#i_t8_decal_graphics_signage_ice_warning_02_c
image,#i_veh_t8_mil_truck_hemtt_decal_interior_47_n
image,#i_veh_t8_mil_truck_hemtt_decal_interior_47_c
image,#hash_1bb473a221115381
image,#i_t8_decal_tech_detail_line_trim_01_o
image,d#i_t8_decal_tech_detail_line_trim_01_n
image,#i_t8_decal_tech_detail_line_trim_01_m
image,#i_t8_decal_tech_detail_line_trim_01_c
image,d#i_t8_micro_sand_flat_01_n
image,d#i_t8_micro_sand_flat_01_c
image,#i_t7_metal_copper_oxidized_02_c
image,d#i_t8_decal_tech_detail_bolt_05_c
image,d#fxt8_spark_round_hdr
image,#hash_1bee9e1e654664ab
image,#i_t7_spa_linoleum_floor_c
image,#hash_1c01152cf5e23034
image,#i_mtl_p7_zm_ctl_tesla_tower_set_08_m
image,#i_mtl_p7_zm_ctl_tesla_tower_set_08_n
image,#i_t8_concrete_brushed_01_g
image,#i_t8_concrete_brushed_01_c
image,#i_t8_concrete_brushed_01_n
image,#i_p8_sil_icbm_conveyor_warhead_braces
image,#i_mtl_p7_wes_metal_pulley_o
image,#i_mtl_p7_wes_metal_pulley_n
image,#i_mtl_p7_wes_metal_pulley_m
image,#i_t8_micro_noise_03_c
image,#hash_1c452ca0aeaeb8fc
image,#hash_1c452da0aeaebaaf
image,#hash_1c452fa0aeaebe15
image,#i_c_t7_warrior_head1_skin1_c
image,#i_t8_dirt_rocky_moss_01_r
image,#i_t8_dirt_rocky_moss_01_g
image,#i_t8_dirt_rocky_moss_01_c
image,#i_t8_dirt_rocky_moss_01_n
image,d#i_t8_micro_plastic_scratched_01_g
image,#hash_1c733f81cee6be7c
image,#hash_1c734381cee6c548
image,#hash_1c734481cee6c6fb
image,#hash_1c734581cee6c8ae
image,d#i_t7_metal_grating_expanded_01_n
image,#i_t7_metal_grating_expanded_01_o
image,#i_t7_metal_grating_expanded_01_c
image,d#i_gph_t7_metal_painted_blk02_n
image,#hash_1c92a319ebb3b17e
image,#hash_1c92a419ebb3b331
image,#i_t8_moss_round_01_n
image,#i_t8_moss_round_01_o
image,#i_t8_moss_round_01_c
image,#i_t8_moss_round_01_g
image,#i_veh_t8_mil_truck_hemtt_fuelcell_o
image,#i_veh_t8_mil_truck_hemtt_fuelcell_n
image,#i_mtl_p7_zm_asc_pipes_gas_set_decal_c
image,#i_mtl_p7_mou_airduct_metal_decal_01_n
image,#hash_1caa5bf004d199f9
image,#hash_1caa5ff004d1a0c5
image,#hash_1caa60f004d1a278
image,#hash_1caa66f004d1acaa
image,#hash_1caa67f004d1ae5d
image,#hash_1caef05b229435f4
image,d#i_t7_snow_powder_02_n
image,d#i_t7_snow_powder_02_c
image,#i_t7_snow_powder_02_r
image,d#i_mtl_veh_t8_civ_forklift_modular_decal_paint_electric_dirty_c
image,d#i_veh_t8_metal_painted_01_c
image,d#i_t8_micro_moss_base_01_n
image,d#i_t8_micro_moss_base_01_g
image,d#i_t8_micro_moss_base_01_r
image,#i_mtl_p8_col_conveyor_unit_decal_rust_c
image,#i_mtl_p7_road_guard_outer_s
image,#i_mtl_p7_road_guard_outer_n
image,#i_mtl_p7_road_guard_outer_o
image,#i_mtl_p7_road_guard_outer_g
image,#i_mtl_p7_road_guard_outer_c
image,#i_mtl_p8_chi_camera_security_bubble_plastic_n
image,#i_p7_vent_wall_metal_01_s
image,#i_p7_vent_wall_metal_01_n
image,#i_p7_vent_wall_metal_01_o
image,#i_p7_vent_wall_metal_01_g
image,#i_p7_vent_wall_metal_01_c
image,d#$white_diffuse
image,d#i_mtl_veh_t8_mil_helicopter_transport_decal_dirty_01_ir
image,#i_p7_zur_train_car_warning_stripe_c
image,#i_p7_zur_train_car_warning_stripe_g
image,#i_c_t7_techno_head1_skin_o
image,d#hash_1d7ef09347ed1456
image,d#i_mtl_veh_t8_mil_helicopter_transport_decal_lock_c
image,#i_veh_t8_decal_rust_09_c
image,#i_t8_micro_wood_oak_32x32_unfinished_g
image,d#i_c_54i_assault_pouch_n
image,#i_c_54i_assault_pouch_g
image,#i_mtl_p8_ice_gas_console_panel_03_m
image,#i_mtl_p8_ice_gas_console_panel_03_o
image,#i_mtl_p8_ice_gas_console_panel_03_n
image,#hash_1dae0b1b8088db1b
image,#i_mtl_p7_ntx_mannequin_white_dirty_g
image,#i_t7_decal_grunge_brick_color_faded_r
image,#i_t7_decal_grunge_brick_color_faded_c
image,#i_t7_glass_dirty_dome_01_tile_512_c
image,#i_t7_dirt_rocky_01_r
image,#i_t7_dirt_rocky_01_n
image,d#i_t7_detail_styrofoam_01
image,#i_mtl_p7_foliage_leaves_ivy_dead3_c
image,#i_mtl_p7_electrical_box_set2_boxes_n
image,#i_mtl_p7_electrical_box_set2_boxes_c
image,#i_mtl_p7_zm_ctl_tesla_tower_set_07_n
image,#i_mtl_p7_zm_ctl_tesla_tower_set_07_m
image,#i_mtl_p8_server_portable_decal_c
image,#i_mtl_p8_vista_ac_duct_base_s
image,#i_mtl_p8_vista_ac_duct_base_n
image,#i_t7_damage_decal_stain_concrete_01_c
image,#i_veh_t8_decal_rust_14_n
image,#hash_1e436c49d245d0ce
image,#hash_1e436d49d245d281
image,#i_c_t7_warrior_body1_arm_lt_a1_ir
image,d#i_mtl_p8_mp_flag_pole_01_n
image,d#i_mtl_p8_mp_flag_pole_01_o
image,d#i_mtl_p8_mp_flag_pole_01_m
image,d#i_mtl_p8_mp_flag_pole_01_c
image,#hash_1e545d66fb4ed9d2
image,#hash_1e546166fb4ee09e
image,#hash_1e546266fb4ee251
image,#i_mtl_p7_signage_caution_back_02_g
image,#i_mtl_p7_signage_caution_back_02_c
image,#i_t8_decal_graphics_text_chi_arrow_01_c
image,#i_veh_t8_decal_rust_14b_c
image,#i_veh_t8_decal_rust_14b_n
image,#i_c_t7_battery_ammo_belt_n
image,#i_c_t7_battery_ammo_belt_c
image,#i_c_t7_techno_body1_arm_left_ir
image,d#i_t7_micro_metal_handrail_01_s
image,d#i_t7_micro_metal_handrail_01_c
image,d#i_t7_micro_metal_handrail_01_g
image,d#i_t7_micro_metal_handrail_01_n
image,#i_mtl_p8_ice_foliage_shrub_01_tall_02_proxy_distance
image,d#i_veh_t8_decal_edge_wear_03_n
image,d#i_veh_t8_decal_edge_wear_03_c
image,#i_c_t7_warrior_body1_hand_b1_n
image,#i_c_t7_warrior_body1_hand_b1_g
image,#hash_1ed47b4734072967
image,d#i_mtl_veh_t8_civ_forklift_modular_interior_seat_o
image,d#i_mtl_veh_t8_civ_forklift_modular_interior_seat_n
image,#hash_1ed7eef2a93f726a
image,#i_veh_t8_mil_truck_hemtt_exterior_03_o
image,#i_veh_t8_mil_truck_hemtt_exterior_03_n
image,d#i_veh_t7_drone_attack_rocketpods_highres_paintedmetal_g
image,d#i_mtl_p7_street_safety_cone_s
image,d#i_mtl_p7_street_safety_cone_c
image,d#i_mtl_p7_street_safety_cone_g
image,d#i_mtl_p7_street_safety_cone_n
image,d#i_mtl_p7_street_safety_cone_o
image,d#$white_diffuse_hdr
image,#hash_1f392339c625a8f9
image,#hash_1f45dd28cbe96352
image,#hash_1f45f128cbe9854e
image,#hash_1f45f228cbe98701
image,d#i_t8_decal_graphics_caution_stripe_01_m
image,d#i_t8_decal_graphics_caution_stripe_01_c
image,d#i_t8_decal_graphics_caution_stripe_01_r
image,#hash_1f52180b1d1af56d
image,#hash_1f5c888e97846f0c
image,#i_c_t7_warrior_body1_egypt_gear_6_c
image,#i_t8_decal_graphics_signage_ice_warning_rocks_01_c
image,#i_mtl_p8_metal_door_knob_simple_o
image,#i_mtl_p8_metal_door_knob_simple_n
image,#i_mtl_p8_metal_door_knob_simple_m
image,#hash_1f86ae5c7f7da333
image,#hash_1f86b25c7f7da9ff
image,#hash_1f86b95c7f7db5e4
image,#hash_1f86ba5c7f7db797
image,#i_mtl_p7_glass_shards_c
image,#i_mtl_p7_glass_shards_g
image,#i_mtl_p7_glass_shards_n
image,#i_c_t7_techno_body1_boot_ir
image,#i_t8_decal_graphics_signage_ice_extinguisher_01_c
image,#i_t8_concrete_wall_cast_bare_01_r
image,#i_t8_concrete_wall_cast_bare_01_n
image,#i_t8_concrete_wall_cast_bare_01_o
image,#i_t8_concrete_wall_cast_bare_01_g
image,#i_t8_concrete_wall_cast_bare_01_c
image,d#i_mtl_p7_substation_set_screw_m
image,#hash_1fb8d94d64157222
image,#hash_1fb8de4d64157aa1
image,#hash_1fb8e24d6415816d
image,d#i_t8_micro_metal_wall_rough_c
image,d#i_t8_micro_metal_wall_rough_g
image,d#i_t8_micro_metal_wall_rough_n
image,#i_mtl_p7_sgen_lobby_01_metal_rust_s
image,#hash_1fdc386165b9a366
image,#i_p8_boot_military_leather_o
image,#i_p8_boot_military_leather_n
image,#i_p8_boot_military_leather_c
image,#i_p8_boot_military_leather_g
image,#i_mtl_p7_sgen_corridor_02_set_07_m
image,#i_mtl_p7_sgen_corridor_02_set_07_n
image,#i_t8_decal_tech_detail_high_tech_16_o
image,#i_t8_decal_tech_detail_high_tech_16_n
image,#i_t8_decal_tech_detail_high_tech_16_c
image,#i_t8_decal_tech_detail_high_tech_16_g
image,#hash_2009ea4d4a27be4e
image,d#i_wz_t8_mp_spe_buffer_body1_syringe_pouch_n
image,d#i_wz_t8_mp_spe_buffer_body1_syringe_pouch_c
image,#i_mtl_p8_zm_zod_furniture_wicker_palm_court_wood_g
image,#i_t8_decal_grunge_leak_01_c
image,#i_mtl_p7_fan_industrial_metal_02_m
image,#i_t8_glass_smokey_streaks_01_backlit_n
image,d#i_t8_glass_smokey_streaks_01_backlit_t
image,#i_p8_sil_icbm_conveyor_01a_n
image,#hash_203a86650e5a32a6
image,#hash_203a87650e5a3459
image,#hash_203a92650e5a470a
image,d#i_t8_decal_signage_caution_stripes_slanted_sml_c
image,#i_c_gen_head_thickness_1_t
image,d#$snow
image,d#i_t8_micro_metal_galvanized_01_n
image,d#i_t8_micro_metal_galvanized_01_g
image,d#i_t8_micro_metal_galvanized_01_c
image,d#i_veh_t8_glass_pattern_10_n
image,#i_mtl_p7_cloth_drape_qt_plaza_banner_01_n
image,#i_veh_t8_mil_truck_hemtt_headlights_n
image,#i_veh_t8_mil_truck_hemtt_headlights_o
image,#i_mtl_p7_zm_asc_airduct_metal_set_01_a
image,#i_t8_decal_tech_detail_high_tech_29_g
image,#i_t8_decal_tech_detail_high_tech_29_c
image,#i_t8_decal_tech_detail_high_tech_29_o
image,#i_t8_decal_tech_detail_high_tech_29_n
image,#i_t7_glass_dirty_streaks_sml_c
image,#i_c_t7_gunslinger_body1_boots_n
image,#i_c_t7_gunslinger_body1_boots_c
image,#i_c_t7_gunslinger_body1_boots_g
image,#i_p8_sil_icbm_conveyor_warhead_braces_o
image,#i_p8_sil_icbm_conveyor_warhead_braces_n
image,d#$thickness
image,d#fxt8_snow_flake
image,#hash_20ae73b176476c25
image,#i_p8_mp_bomb_crate_whole_destroyed_burned_n
image,#i_p8_mp_bomb_crate_whole_destroyed_burned_c
image,#i_c_t7_outrider_body3_gear1_g
image,#i_c_t7_outrider_body3_gear1_c
image,#i_c_t7_outrider_body3_gear1_o
image,#i_c_t7_outrider_body3_gear1_n
image,d#i_mtl_p8_pallet_military_metal_decal_dirty_03_g
image,#i_p7_aqu_mylar_pipe_wrapped_shell_dirty_01_r
image,#i_c_t7_techno_body1_arm_rt_c_c
image,#i_c_t7_techno_body1_arm_rt_c_g
image,#i_c_t7_techno_body1_arm_rt_c_o
image,#i_c_t7_techno_body1_arm_rt_c_n
image,#i_c_t7_techno_body1_arm_rt_c_s
image,#i_t7_rock_granite_bukit_rough_n
image,#i_t8_decal_tech_detail_high_tech_32_o
image,#i_t8_decal_tech_detail_high_tech_32_n
image,#i_t8_decal_tech_detail_high_tech_32_g
image,#i_t8_decal_tech_detail_high_tech_32_c
image,#i_t8_decal_graphics_signage_ice_warning_shock_01_c
image,#i_t7_snow_slush_floor_large01_m
image,d#i_c_t7_gunslinger_fabric_n
image,#global_rope_lbrown_dark_n
image,d#global_rope_lbrown_dark_c
image,#i_mtl_p8_zm_esc_cell_bed_decal_04_c
image,#i_mtl_p8_zm_esc_cell_bed_decal_04_n
image,#i_veh_t8_mil_truck_hemtt_frame_02_dead_multi_m
image,#i_t7_ram_moss_base_breakup_r
image,d#i_p8_mp_bomb_crate_palette_no_step_caution_c
image,#hash_21173f1e890da366
image,#hash_21273a563a0f17a4
image,#hash_21273b563a0f1957
image,#hash_21273f563a0f2023
image,#i_t7_decal_grunge_leakage_01_c
image,#i_t8_metal_grate_square_02_m2
image,d#i_t7_micro_stone_jagged_n
image,#i_t7_cru_metal_railing_trim_black_01_c
image,#i_t7_decal_grunge_moss_02_n
image,#i_t7_decal_grunge_moss_02_c
image,#i_mtl_p8_spa_tarp_03_n
image,#hash_2167dfbe13785de8
image,#hash_2167e1be1378614e
image,#hash_2167e2be13786301
image,#i_mtl_p8_light_spotlight_led_dirt_01_c
image,#i_sky_fiberglass_reflect_black_s
image,#i_mtl_p8_weather_vane_iron_alpha_g
image,#i_mtl_p7_sin_signage_pole_s
image,#i_mtl_p7_sin_signage_pole_g
image,#i_mtl_p7_sin_signage_pole_c
image,#i_mtl_p7_sin_signage_pole_n
image,#i_mtl_p8_def_parking_lot_decal_paint_m
image,#i_mtl_p7_sin_antenna_track_c
image,#i_mtl_p7_sin_antenna_track_n
image,#i_mtl_p7_sin_antenna_track_o
image,#i_t7_micro_fiberglass_n
image,d#fxt8_dust_mote_bokeh
image,#i_t7_metal_perforated_small_n
image,#i_t7_rock_sgen_rough_02_r
image,#mtl_p7_zm_asc_console_config_decal_c
image,#i_t7_glass_dirty_streaks_n
image,#i_t8_moss_velvet_01_n
image,#i_mtl_p7_ac_unit_sml_01_g
image,#i_mtl_p7_ac_unit_sml_01_c
image,#i_mtl_p7_ac_unit_sml_01_n
image,#i_mtl_p7_ac_unit_sml_01_o
image,#i_mtl_p7_ac_unit_sml_01_s
image,#i_c_t7_techno_body1_gear_g
image,#i_c_t7_techno_body1_gear_c
image,#i_c_t7_techno_body1_gear_n
image,#i_c_t7_techno_body1_gear_s
image,#i_mtl_p8_ice_mb_lift_01_engine_metal_06_n
image,#i_mtl_p8_ice_mb_lift_01_engine_metal_06_m
image,#i_mtl_p7_debris_glass_shards_g
image,#i_mtl_p7_debris_glass_shards_n
image,d#fxt_exp_billow_md_anim_mask
image,#i_mtl_p8_spa_cliff_rock_lrg_01_detail_n
image,#i_mtl_p8_spa_cliff_rock_lrg_01_detail_c
image,#hash_222f7fa7a7983118
image,#hash_222f83a7a79837e4
image,#i_mtl_p7_pipe_metal_hp_12_straight_m
image,#i_veh_t8_mil_truck_hemtt_mudflaps_o
image,#i_veh_t8_mil_truck_hemtt_mudflaps_n
image,d#i_mtl_veh_t8_civ_forklift_modular_decal_engine_detail_n
image,d#i_mtl_veh_t8_civ_forklift_modular_decal_engine_detail_m
image,d#i_mtl_veh_t8_civ_forklift_modular_decal_engine_detail_c
image,d#hash_225c97cf72deede0
image,d#i_mtl_veh_t8_civ_forklift_modular_body_01_o
image,d#i_mtl_veh_t8_civ_forklift_modular_body_01_n
image,#hash_22632993ab468ddf
image,#hash_22632c93ab4692f8
image,#hash_22633693ab46a3f6
image,#i_veh_t8_civ_snowcat_thread_m
image,#i_veh_t8_civ_snowcat_thread_n
image,#i_veh_t8_civ_snowcat_thread_o
image,d#i_t7_graphic_display_keypad_03_generic_c
image,d#i_mtl_veh_t8_decal_text_7_c
image,#i_mtl_p8_kit_col_med_01_rollup_metal_box_wheel_n
image,#i_mtl_p8_kit_col_med_01_rollup_metal_box_wheel_m
image,#i_t7_decal_signage_street_lines_white_c
image,#i_p8_mp_bomb_crate_whole_destroyed_green_c
image,#i_p8_mp_bomb_crate_whole_destroyed_green_n
image,#i_mtl_p8_aus_res_fire_hose_01_s
image,#i_mtl_p8_aus_res_fire_hose_01_g
image,#i_mtl_p8_aus_res_fire_hose_01_c
image,#i_mtl_p8_aus_res_fire_hose_01_n
image,#i_mtl_p8_col_chemical_mixing_skiff_body_m
image,#hash_22ad2a5d454e0788
image,d#i_t7_decal_grunge_wall_scratch_marks_s
image,#i_t7_decal_grunge_wall_scratch_marks_r
image,d#i_t7_decal_grunge_wall_scratch_marks_c
image,d#i_t7_decal_grunge_wall_scratch_marks_g
image,d#i_t7_decal_grunge_wall_scratch_marks_n
image,d#i_t8_decal_tech_detail_line_00_o
image,d#i_t8_decal_tech_detail_line_00_n
image,#hash_22ccf561ae2ff2bb
image,#hash_22ccf661ae2ff46e
image,#hash_22ccf761ae2ff621
image,#i_mtl_p8_foliage_tree_spruce_norway_tall_thin_proxy_albedo
image,d#i_t7_decal_line_horizontal_chipped_edges_n
image,d#i_t7_decal_line_horizontal_chipped_edges_c
image,#hash_22e588849c651298
image,#hash_22e589849c65144b
image,#hash_22e595849c6528af
image,#hash_22eabe8a8820b026
image,#hash_22eabf8a8820b1d9
image,#hash_22eaca8a8820c48a
image,#i_mtl_p8_ice_med_rock_02_03_dark_c
image,d#hash_22f89d16a1cc3322
image,#i_t8_decal_tech_detail_high_tech_04_g
image,#i_t8_decal_tech_detail_high_tech_04_c
image,#i_t8_decal_tech_detail_high_tech_04_n
image,#i_t8_decal_tech_detail_high_tech_04_o
image,#i_mtl_p8_rock_wall_rough_01_m
image,#i_mtl_p8_rock_wall_rough_01_n
image,d#$black_color
image,#fxt_dust_light
image,#hash_236575cbc6c64ae6
image,#hash_236591cbc6c67a7a
image,#hash_236592cbc6c67c2d
image,#i_c_t7_techno_body1_boot_n
image,#i_c_t7_techno_body1_boot_o
image,#i_c_t7_techno_body1_boot_c
image,#i_c_t7_techno_body1_boot_g
image,#i_c_t7_techno_body1_boot_s
image,#i_mtl_p7_cup_coffee_mug_n
image,#i_mtl_p7_cup_coffee_mug_c
image,d#i_generic_filter_bubble_wash2
image,#i_p8_mp_bomb_crate_whole_destroyed_burned02_c
image,d#i_veh_t8_micro_grunge_rust_02_n
image,#i_t8_metal_panel_floor_painted_02_r
image,#i_t8_metal_panel_floor_painted_02_c
image,#i_t8_metal_panel_floor_painted_02_g
image,#i_t8_metal_panel_floor_painted_02_o
image,#i_t8_metal_panel_floor_painted_02_n
image,#i_t8_dirt_rocky_03_r
image,d#i_t8_dirt_rocky_03_n
image,#i_t8_dirt_rocky_03_c
image,#i_veh_t8_mil_truck_hemtt_generator_02_multi_m
image,#i_veh_t8_mil_truck_hemtt_decal_interior_46_c
image,#i_veh_t8_mil_truck_hemtt_decal_interior_46_n
image,#hash_23db7c3b73ac3b3d
image,d#i_mtl_p7_3arc_park_plaster_popcorn_n
image,#i_c_t7_battery_20_ir
image,d#i_c_hro_player_cyberarm_viewarm_g
image,d#i_c_hro_player_cyberarm_viewarm_o
image,d#i_c_hro_player_cyberarm_viewarm_n
image,d#i_c_hro_player_cyberarm_viewarm_s
image,#hash_240bc4830a1cc880
image,#hash_240bc7830a1ccd99
image,#i_mtl_p7_zm_ctl_monitor_display_gauge_02a_e
image,d#i_t7_plastic_polyethylene_worn_g
image,d#i_t7_plastic_polyethylene_worn_n
image,#hash_2440f71370252c34
image,#hash_2440f81370252de7
image,d#i_t8_metal_weld_painted_01_n
image,#i_t8_metal_weld_painted_01_c
image,d#fxt8_fire_md_lick_dissipate_anim_alpha
image,#i_mtl_p7_mou_foliage_brush_snow_grass_leaves_n
image,#i_mtl_p7_mou_foliage_brush_snow_grass_leaves_c
image,#i_mtl_p7_mou_foliage_brush_snow_grass_leaves_t
image,d#i_veh_t8_decal_sign_keep_clear_02_c
image,#i_mtl_p8_ice_communication_console_01_decal_n
image,d#i_t8_decal_damage_scratch_marks_01_c
image,d#i_t8_decal_damage_scratch_marks_01_g
image,d#i_t8_decal_damage_scratch_marks_01_n
image,d#i_t8_decal_damage_scratch_marks_01_s
image,d#i_veh_t8_decal_caution_stripe_c
image,#i_t7_zm_isl_metal_bare_01_rust_r
image,d#i_t7_zm_isl_metal_bare_01_rust_n
image,#i_t7_zm_isl_metal_bare_01_rust_c
image,#i_veh_t8_mil_truck_hemtt_decal_interior_29_c
image,#hash_2484856e2eb51062
image,#hash_24848d6e2eb51dfa
image,#i_veh_t8_mil_truck_hemtt_decal_interior_29_n
image,#i_t8_decal_damage_concrete_sidewalk_seam_01_gray_c
image,d#i_p7_min_beer_bottle_cap_n
image,d#i_p7_min_beer_bottle_cap_c
image,#i_mtl_p8_light_spotlight_led_glass_c
image,#i_mtl_p8_light_spotlight_led_glass_g
image,#hash_24c8da1544427e49
image,#hash_24c9f3199aed42b6
image,#hash_2506d671dfc4c1b7
image,#hash_250a30f48d9a01e0
image,#hash_250a31f48d9a0393
image,#i_t7_wood_worn_dark_oak_n
image,#i_t7_wood_worn_dark_oak_c
image,#i_t7_wood_worn_dark_oak_g
image,#i_mtl_p7_mp_bomb_stack_n
image,#i_mtl_p7_mp_bomb_stack_c
image,#i_mtl_p7_mp_bomb_stack_g
image,#i_p8_foliage_tree_spruce_norway_snow_branch_01_c
image,#i_p8_foliage_tree_spruce_norway_snow_branch_01_m
image,#i_p8_foliage_tree_spruce_norway_snow_branch_01_n
image,#i_c_t7_warrior_body1_pants_mask
image,d#i_veh_t8_metal_bare_scuffed_02_g
image,d#fxt8_light_ray_solid_wide_mask
image,#i_t7_glass_dirty_gold_opaque_g
image,d#fxt8_spark_rndhit_hdr
image,#i_t8_micro_metal_patina_01_c
image,d#i_t8_micro_metal_patina_01_n
image,#hash_2557f4211fa889a0
image,#i_mtl_p8_door_metal_iron_01_frame_m
image,#i_mtl_p8_door_metal_iron_01_frame_n
image,#i_mtl_p8_door_metal_iron_01_frame_o
image,#i_mtl_p8_ice_bunker_door_01_metal_streak_c
image,#i_t7_metal_painted_wall_dirty_grey_n
image,#hash_2595944ccc4e4846
image,#hash_2595954ccc4e49f9
image,#hash_2595b14ccc4e798d
image,#hash_25a2b0910cb1faaa
image,#hash_25a7507ea6eac16a
image,#hash_25a7547ea6eac836
image,#hash_25a7557ea6eac9e9
image,#hash_25bdc76d89fe8005
image,#i_mtl_p8_ice_med_rock_03_stone_01_o
image,#i_mtl_p8_ice_med_rock_03_stone_01_n
image,#i_mtl_p8_ice_foliage_shrub_01_tall_02_proxy_specular
image,d#i_wpn_t8_eqp_briefcase_bomb_decals_c
image,#hash_25f65cc60ecf7cec
image,#i_mtl_p7_foliage_leaves_ivy_dead2_c
image,#i_t7_metal_bare_trim_g
image,#i_t7_metal_bare_trim_n
image,#i_mtl_p8_ice_gas_console_sml_o
image,#i_mtl_p8_ice_gas_console_sml_n
image,#i_mtl_p8_ice_gas_console_sml_m
image,#hash_261e8c490f5553db
image,#hash_261e8d490f55558e
image,d#i_t7_detail_cotton_01
image,#i_mtl_p8_col_conveyor_unit_metal_electric_box_02_m
image,#i_mtl_p8_col_conveyor_unit_metal_electric_box_02_n
image,d#i_veh_t8_rust01_c
image,#i_mtl_p7_barrier_block_concrete_rusty_cap_n
image,#i_mtl_p8_foliage_tree_spruce_norway_tall_proxy_normal
image,d#fxt8_spark_streak_abnorm_alpha
image,d#hash_264cdd9129d9122e
image,#hash_26511b7be49dfd33
image,#hash_2651217be49e0765
image,#i_t7_metal_trim_stud_o
image,#i_mtl_p7_cai_stacking_cargo_crate_decal_c
image,d#i_t8_micro_cloth_burlap_01_n
image,#hash_2674f3abc441c4e9
image,#i_c_hro_rachel_egypt_pouch_3_g
image,#i_c_hro_rachel_egypt_pouch_3_n
image,#i_mtl_p7_door_metal_industrial_02_m
image,#i_mtl_p7_door_metal_industrial_02_o
image,#i_mtl_p7_door_metal_industrial_02_n
image,#i_p8_ice_mb_cargodoorframe_yellow_m
image,#i_p8_ice_mb_cargodoorframe_yellow_o
image,#i_p8_ice_mb_cargodoorframe_yellow_n
image,d#fxt_fog_slow_md_anim
image,#i_mtl_p8_kit_col_row_01_corner_dmg_03_desaturated_c
image,#i_t8_decal_tech_detail_bolt_04_s
image,#i_t8_decal_tech_detail_bolt_04_n
image,#i_t8_decal_tech_detail_bolt_04_o
image,#cuc_ies_006
image,d#i_nodraw_decal
image,#i_mtl_p7_wires_electrical_rubber_n
image,#i_mtl_p7_wires_electrical_rubber_c
image,d#i_veh_t8_decal_grunge_rust_09_c
image,d#$specular
image,#i_c_t7_warrior_body1_view_arm_b_c
image,#hash_26e48c25cc4b9f93
image,#hash_26e49025cc4ba65f
image,#hash_26e49325cc4bab78
image,d#i_wz_t8_mp_spe_buffer_body1_scisors_s
image,d#i_wz_t8_mp_spe_buffer_body1_scisors_g
image,d#i_wz_t8_mp_spe_buffer_body1_scisors_c
image,d#i_wz_t8_mp_spe_buffer_body1_scisors_n
image,d#i_veh_t8_plastic_base_clean_g
image,d#afr_dirt_clay_01_nml
image,#i_t8_decal_graphics_numbers_comsat_0_reveal_white_r
image,d#fxt8_spark_rndhit_core_alpha
image,d#hash_272c76b25c0042a6
image,#hash_273418bfc17f1bbe
image,d#i_veh_t8_lumpy03_n
image,#hash_2747ed19f2591a3c
image,#hash_2747ee19f2591bef
image,d#hash_274da6e593d13105
image,#hash_274ecf3a3b841651
image,d#i_mtl_p7_con_charging_station_grate_n
image,#i_mtl_p7_con_charging_station_grate_c
image,d#i_t8_decal_grunge_burn_01_c
image,#i_t8_decal_grunge_burn_01_r
image,#hash_2764f9ac109dd8d2
image,#i_mtl_veh_t8_decal_glassbroken_n
image,#i_mtl_veh_t8_decal_glassbroken_o
image,#i_mtl_veh_t8_decal_glassbroken_c
image,#i_mtl_veh_t8_decal_glassbroken_g
image,#i_p8_sil_icbm_conveyor_01b_o
image,#i_p8_sil_icbm_conveyor_01b_n
image,#i_mtl_p7_rope_pile_n
image,#i_mtl_p7_rope_pile_c
image,d#i_mtl_p8_mp_flag_base_01_c
image,d#i_mtl_p8_mp_flag_base_01_m
image,d#i_mtl_p8_mp_flag_base_01_o
image,d#i_mtl_p8_mp_flag_base_01_n
image,#hash_2784560473ffda3d
image,#hash_27845a0473ffe109
image,d#i_t7_metal_worn_painted_graphite_g
image,#i_mtl_p7_zm_ctl_tesla_tower_set_13_m
image,#i_mtl_p7_zm_ctl_tesla_tower_set_13_n
image,d#i_c_gen_head_thickness_2_t
image,#i_mtl_t8_metal_deck_painted_01_c
image,#i_mtl_t8_metal_deck_painted_01_g
image,#i_mtl_p8_ice_liquid_storage_tank_vertical_wall_panel_decal_1_n
image,#i_mtl_p8_ice_liquid_storage_tank_vertical_wall_panel_decal_1_c
image,#i_c_t7_warrior_body1_hand_a1_ir
image,#i_mtl_p7_dock_wood_rustic_set_decal_04_c
image,#i_mtl_p8_wz_supply_stash_decal_medical_c
image,d#i_wpn_t8_eqp_briefcase_bomb_computer_s
image,d#i_wpn_t8_eqp_briefcase_bomb_computer_g
image,d#i_wpn_t8_eqp_briefcase_bomb_computer_c
image,d#i_wpn_t8_eqp_briefcase_bomb_computer_o
image,d#i_wpn_t8_eqp_briefcase_bomb_computer_n
image,#i_p7_snow_slush_floor_c
image,#i_p7_snow_slush_floor_r
image,d#i_mtl_veh_t8_civ_forklift_modular_decal_scratch_c
image,d#i_veh_t8_decal_moulding_c
image,#i_mtl_p7_slu_meter_electric_01_base_burnt_n
image,#i_mtl_p7_slu_meter_electric_01_base_burnt_m
image,#i_veh_t8_mil_truck_hemtt_exterior_01_multi_m
image,#i_mtl_p8_foliage_branch_pile_cards_08_c
image,#i_mtl_p8_foliage_branch_pile_cards_08_n
image,#i_t7_decal_grunge_dirt_wall_01_r
image,#i_t7_decal_grunge_dirt_wall_01_n
image,#i_t7_decal_grunge_dirt_wall_01_c
image,#i_t7_zm_sha_rock_cliff_01_stain_c
image,#i_t7_zm_sha_rock_cliff_01_stain_r
image,d#i_mtl_p8_col_laptop_military_set_decal01_c
image,d#i_material_t7_steel_smooth_s
image,#i_t8_decal_tech_detail_high_tech_33_c
image,#i_t8_decal_tech_detail_high_tech_33_o
image,d#i_mtl_t8_decal_tech_detail_screw_01_n
image,#i_mtl_t8_decal_tech_detail_screw_01_o
image,d#i_mtl_veh_t8_decal_inset_rectangle_r
image,d#i_mtl_veh_t8_decal_inset_rectangle_n
image,#i_mtl_p7_satellite_dish_01_c
image,#i_mtl_p8_ice_gas_console_panel_02_m
image,#i_mtl_p8_ice_gas_console_panel_02_n
image,#i_mtl_p8_ice_gas_console_panel_02_o
image,#i_veh_t8_mil_truck_hemtt_decal_interior_33_n
image,#hash_2862af6512d42b11
image,#i_veh_t8_mil_truck_hemtt_decal_interior_33_r
image,d#i_t7_micro_metal_rust_01_g
image,d#i_t7_micro_metal_rust_01_c
image,d#i_t7_micro_metal_rust_01_n
image,d#i_t7_micro_metal_rust_01_s
image,#i_mtl_p8_wz_supply_stash_health_canvas_r
image,#i_mtl_p8_wz_supply_stash_health_canvas_g
image,#i_mtl_p8_wz_supply_stash_health_canvas_c
image,#i_mtl_p8_wz_supply_stash_health_canvas_n
image,#i_mtl_p8_wz_supply_stash_health_canvas_o
image,#i_c_t7_techno_body1_bootsole_n
image,#i_c_t7_techno_body1_bootsole_g
image,#i_c_t7_techno_body1_bootsole_c
image,#i_mtl_p7_sin_box_street_electric_large_worn_a_s
image,#i_mtl_p7_sin_box_street_electric_large_worn_a_o
image,#i_mtl_p7_sin_box_street_electric_large_worn_a_n
image,#i_mtl_p7_sin_box_street_electric_large_worn_a_g
image,d#i_t7_micro_metal_bare_02_g
image,#hash_28b95566c2fb331c
image,#hash_28b95666c2fb34cf
image,#i_mtl_p7_zm_asc_panel_01_m
image,#i_mtl_p7_zm_asc_panel_01_n
image,#i_veh_t8_mil_truck_hemtt_exterior_02_n
image,#i_veh_t8_mil_truck_hemtt_exterior_02_o
image,#i_mtl_p7_zm_ori_pipe_metal_02_m
image,#i_mtl_p7_zm_ori_pipe_metal_02_n
image,#i_c_t7_battery_head1_head
image,d#i_t8_decal_grunge_wall_lg_01_r
image,#i_t8_rubber_coated_wire_c
image,d#i_t7_metal_paint_rust_brown_n
image,#i_t7_metal_paint_rust_brown_g
image,#i_t7_metal_paint_rust_brown_c
image,d#fxt8_fire_inferno_tall_anim_hdr
image,d#i_t7_micro_paint_01_g
image,d#i_t7_micro_paint_01_c
image,d#i_t7_micro_paint_01_n
image,d#i_veh_t8_metal_heavy_painted_01_g
image,#i_veh_t8_metal_heavy_painted_01_n
image,#i_veh_t8_civ_snowcat_plow_01_n
image,#i_veh_t8_civ_snowcat_plow_01_o
image,#i_veh_t8_civ_snowcat_plow_01_m
image,#i_mtl_p7_container_cardboard_box_02_c
image,#i_mtl_p7_container_cardboard_box_02_n
image,#i_c_t7_gunslinger_body1_lights_n
image,#i_c_t7_gunslinger_body1_lights_e
image,#i_t8_snow_muddy_tracks_01_o
image,#i_t8_snow_muddy_tracks_01_n
image,#hash_296c0262ddd6a159
image,#hash_296c0662ddd6a825
image,#hash_296c0962ddd6ad3e
image,#hash_296c0a62ddd6aef1
image,#hash_296c1562ddd6c1a2
image,#i_mtl_p8_panel_debris_metal_set_metal_02_o
image,#i_mtl_p8_panel_debris_metal_set_metal_02_n
image,d#i_veh_t7_decal_bolt_10_c
image,#i_t8_snow_bumpy_02_g
image,#i_mtl_p8_ladder_metal_secured_01_o
image,#i_mtl_p8_ladder_metal_secured_01_n
image,#i_mtl_zm_al_steel_plates_c
image,d#i_t8_decal_tech_detail_indent_05_normal_m
image,d#i_t8_decal_tech_detail_indent_05_normal_n
image,#i_t8_decal_tech_detail_high_tech_07_n
image,#i_mtl_p7_glo_bomb_stack_02_n
image,#i_mtl_p7_glo_bomb_stack_02_c
image,#i_mtl_p7_glo_bomb_stack_02_g
image,d#i_p8_mp_bomb_crate_harness_m
image,d#i_p8_mp_bomb_crate_harness_n
image,#i_c_t7_techno_body1_torso_armor_s
image,#i_c_t7_techno_body1_torso_armor_c
image,#i_c_t7_techno_body1_torso_armor_g
image,#i_c_t7_techno_body1_torso_armor_n
image,d#i_t7_damage_decal_plaster_damage_02_c
image,d#i_t7_damage_decal_plaster_damage_02_n
image,#i_t8_mud_sludge_wet_01_n
image,d#i_t8_mud_sludge_wet_01_g
image,#i_t8_mud_sludge_wet_01_c
image,#i_t8_mud_sludge_wet_01_r
image,#i_mtl_p7_panels_metal_wall_exterior_vent_03_s
image,#i_mtl_p7_panels_metal_wall_exterior_vent_03_g
image,#i_mtl_p7_panels_metal_wall_exterior_vent_03_o
image,#i_mtl_p7_panels_metal_wall_exterior_vent_03_n
image,#i_mtl_p7_cai_trailer_cargo_military_01_decal_c
image,d#hash_29d5657c34dcd025
image,#i_t7_snow_powder_01_breakup_r
image,d#i_veh_t8_decal_grunge_concrete_drip_02b_blend_r
image,#i_mtl_p7_cai_monitor_wall_atrium_01_nail_c
image,#i_mtl_p7_cai_monitor_wall_atrium_01_nail_n
image,#i_c_t7_warrior_body1_plastic_ir
image,#i_p7_zm_isl_specimen_container_trims_r
image,#i_p7_zm_isl_specimen_container_trims_n
image,#i_mtl_p7_foliage_tree_birch_leaves_dead_c
image,#i_mtl_p8_hangar_scaffolding_decal_dirty_c
image,#i_mtl_p8_ice_utility_pole_metal_n
image,#i_mtl_p8_ice_utility_pole_metal_o
image,#i_mtl_p8_ice_utility_pole_metal_m
image,#i_t7_micro_stone_slate_n
image,#i_mtl_p8_ice_controlroom_wall_panel_circuit_01_metal_03_n
image,#i_mtl_p8_ice_controlroom_wall_panel_circuit_01_metal_03_m
image,#i_sky_floor_grip_matte_dlc1_n
image,#i_sky_floor_grip_matte_dlc1_c
image,#i_mtl_p7_window_glass_shard_n
image,#i_mtl_p7_window_glass_shard_g
image,#i_mtl_p7_zur_foliage_grass_small_snow_c
image,#i_c_bc_femalesoldier_grenade_ao
image,#i_t8_rock_butte_rock_cliff_desert_red_c
image,d#i_veh_t7_detail_char03_g
image,d#fxt8_spark_streak_wiggle_alpha
image,#i_c_gen_eye_battery_c
image,#i_t8_metal_grate_trim_01_s
image,#i_t8_metal_grate_trim_01_o
image,#i_t8_metal_grate_trim_01_n
image,#i_t8_metal_grate_trim_01_c
image,#i_t8_metal_grate_trim_01_g
image,#i_t7_metal_corrugated_rust_bend_n
image,#i_mtl_p7_door_cell_metal_brushed_metal_m
image,#i_mtl_p7_door_cell_metal_brushed_metal_n
image,d#i_mtl_veh_t8_civ_forklift_modular_decal_ring_n
image,d#fxt_spark_single
image,d#i_mtl_veh_t8_civ_forklift_modular_decal_ring_c
image,#i_mtl_p7_debris_concrete_rubble_bolt_n
image,#i_mtl_p7_debris_concrete_rubble_bolt_c
image,#i_t8_dirt_rocky_02_g
image,#i_t8_dirt_rocky_02_c
image,d#i_t8_dirt_rocky_02_n
image,#hash_2b18c5a692403b58
image,#hash_2b18cba69240458a
image,#hash_2b18cca69240473d
image,#i_t7_decal_signage_street_lines_yellow_n
image,#i_t7_decal_signage_street_lines_yellow_r
image,#i_mtl_p7_spl_rubber_floor_mat_g
image,#i_t8_decal_tech_detail_high_tech_28_n
image,#i_t8_decal_tech_detail_high_tech_28_o
image,#i_t8_decal_tech_detail_high_tech_28_g
image,#i_t8_decal_tech_detail_high_tech_28_c
image,#i_mtl_p7_water_filtration_system_mount_hook_n
image,d#i_mtl_t8_decal_grunge_concrete_sidewalk_01_r
image,#i_mtl_p7_railing_concrete_01_c
image,#i_mtl_p7_railing_concrete_01_n
image,#i_mtl_p7_ral_toilet_paper_dirty
image,#i_p7_zm_sta_dragon_strike_gauge_01_s
image,#i_p7_zm_sta_dragon_strike_gauge_01_c
image,#i_p7_zm_sta_dragon_strike_gauge_01_o
image,#i_p7_zm_sta_dragon_strike_gauge_01_n
image,#i_mtl_p7_zm_asc_pipe_modular_01_m
image,#hash_2b89ffd4da5bb0ce
image,#i_c_t7_techno_body1_arm_rt_b_s
image,#i_c_t7_techno_body1_arm_rt_b_n
image,#i_c_t7_techno_body1_arm_rt_b_c
image,#i_c_t7_techno_body1_arm_rt_b_g
image,d#i_mtl_veh_t8_civ_forklift_modular_decal_bare_metal_c
image,d#i_mtl_veh_t8_civ_forklift_modular_decal_bare_metal_n
image,#i_mtl_p7_stairs_metal_watch_tower_s
image,#i_mtl_p7_stairs_metal_watch_tower_n
image,#i_mtl_p7_stairs_metal_watch_tower_o
image,#i_mtl_p7_stairs_metal_watch_tower_g
image,#t7_metal_grate_flooring_c
image,#t7_metal_grate_flooring_g
image,d#t7_metal_grate_flooring_n
image,#t7_metal_grate_flooring_s
image,#metal_bumps_n
image,d#i_t7_micro_dusty_01_n
image,d#i_t7_micro_dusty_01_c
image,#hash_2bc5d9198df79730
image,#hash_2bc5db198df79a96
image,#hash_2bc5dc198df79c49
image,#hash_2bc5e7198df7aefa
image,#i_mtl_p8_foliage_tree_spruce_norway_tall_thin_snow_proxy_normal
image,#i_t7_metal_pipe_braided_01_n
image,#i_veh_t8_mil_truck_hemtt_decal_interior_28_n
image,#hash_2bd3966e3276ef45
image,#i_veh_t8_mil_truck_hemtt_decal_interior_28_c
image,#hash_2bd39e6e3276fcdd
image,d#i_veh_t8_decal_grunge_leaking_03_c
image,#i_mtl_p7_foliage_grass_dry_03_snow_proxy_albedo
image,#i_t7_concrete_floor_broken_02_c
image,#i_t7_concrete_floor_broken_02_n
image,#i_t7_concrete_floor_broken_02_r
image,#i_mtl_p8_col_signage_hazard_02_g
image,#hash_2c0abc4ccf56aa7e
image,#hash_2c0abd4ccf56ac31
image,#hash_2c0ac84ccf56bee2
image,#i_mtl_p7_debris_glass_shards_edge_n
image,#i_mtl_p7_debris_glass_shards_edge_c
image,#i_c_t7_firebreak_body2_vest_b_dng
image,#i_t7_rubber_egg_crate_foam_c
image,d#fxt8_smk_sm_thick_bulb_anim
image,#i_mtl_p7_door_metal_rolling_02_glass_g
image,d#i_wpn_t8_eqp_briefcase_bomb_computer_decal_a_e
image,#i_p8_electrical_ext_metal_m
image,#i_mtl_p8_ice_controlroom_wall_panel_circuit_01_decal_normal_n
image,#i_mtl_p8_ice_controlroom_wall_panel_circuit_01_decal_normal_m
image,d#hash_2c4c12c066189e90
image,d#hash_2c4c13c06618a043
image,#hash_2c551d71e385495c
image,#i_mtl_p7_ris_debris_concrete_rocks_lg_dark_tile_g
image,#i_mtl_p7_clipboard_set_c
image,#i_mtl_p7_clipboard_set_g
image,#i_mtl_p7_clipboard_set_s
image,d#i_t7_micro_plaster_smooth_dirty_01_c
image,#i_t8_decal_graphics_text_ice_7_r
image,#i_p8_electrical_ext_metal_details_n
image,#hash_2c9792f8a4ce1001
image,#i_mtl_p7_slu_box_electric_set_metal_m
image,#i_mtl_p7_slu_box_electric_set_metal_n
image,#i_mtl_p8_ice_liquid_storage_tank_vertical_wall_panel_grunge_c
image,#i_mtl_p8_handler_fpa_metal_scratch_m
image,#hash_2ccc042fb2107ee9
image,d#metal_bumps_2_n
image,#i_t7_white_gradient_alpha_c
image,#i_mtl_p7_aqu_support_metal_triangle_01_m
image,#i_mtl_p7_aqu_support_metal_triangle_01_n
image,#i_mtl_p7_aqu_support_metal_triangle_01_o
image,d#i_t8_decal_grunge_stain_oil_01_r
image,d#i_t8_decal_grunge_stain_oil_01_t
image,d#i_t8_decal_grunge_stain_oil_01_c
image,d#i_t8_decal_grunge_stain_oil_01_g
image,d#i_mtl_p8_zm_zod_iceberg_02_c
image,#i_mtl_p7_pipe_pvc_drain_fittings_02_n
image,#i_mtl_p7_pipe_pvc_drain_fittings_02_c
image,d#i_mtl_p7_barrel_metal_55gal_blue_c
image,d#i_mtl_p7_barrel_metal_55gal_blue_n
image,d#i_mtl_veh_t8_civ_forklift_modular_decal_paint_text_caution_dirty_c
image,d#hash_2d2ada02155408ca
image,d#hash_2d2adb0215540a7d
image,#i_mtl_p8_snow_plowed_02_n
image,#i_mtl_p7_water_container_plastic_detailmap02_n
image,#i_mtl_p7_water_container_plastic_detailmap02_c
image,#i_t7_plaster_smooth_dirty_01_wet_n
image,#hash_2d6d9349131721c0
image,#hash_2d6d9649131726d9
image,d#i_t8_decal_tech_detail_line_01_c
image,#hash_2d77ef1e75f0264b
image,#i_mtl_p8_streetpost_siren_set_steel_01_m
image,d#core_glass_plain_c
image,d#$normal
image,d#fxt_gib_concrete_01
image,d#fxt_gib_concrete_02
image,#i_mtl_p7_light_pro_armory_fluorescent_n
image,#i_mtl_p7_light_pro_armory_fluorescent_o
image,#i_veh_t8_mil_truck_hemtt_generator_01_multi_m
image,#i_mtl_p8_foliage_branch_pile_dry_leaf_01_n
image,#i_mtl_p8_foliage_branch_pile_dry_leaf_01_c
image,d#i_t8_rock_smooth_dirt_01_n
image,#i_c_t7_techno_body1_shoulderguard_left_c
image,#i_c_t7_techno_body1_shoulderguard_left_g
image,#i_c_t7_techno_body1_shoulderguard_left_n
image,#i_c_t7_techno_body1_shoulderguard_left_s
image,d#i_t8_decal_tech_detail_bolt_07_g
image,d#i_t8_decal_tech_detail_bolt_07_c
image,d#i_t8_decal_tech_detail_bolt_07_o
image,d#i_t8_decal_tech_detail_bolt_07_n
image,d#$specular_mask
image,#i_mtl_p7_tiedown_anchor_metal_n
image,#i_mtl_p7_zm_asc_wire_bundle_set_m
image,#i_mtl_p7_zm_asc_wire_bundle_set_n
image,d#i_t7_detail_acrylic_01_n
image,#i_c_t7_techno_body1_arm_rt_b_ir
image,#i_t7_damage_decal_concrete_blast_c
image,#i_t7_damage_decal_concrete_blast_n
image,#i_t7_zm_isl_metal_painted_01_r
image,#i_t7_zm_isl_metal_painted_01_n
image,d#i_t7_zm_isl_metal_painted_01_c
image,#i_t7_zm_isl_metal_painted_01_g
image,d#i_t7_veh_decal_bolt_04_c
image,#i_mtl_p7_sgen_big_bld_ext_wall_dirty01_c
image,#i_mtl_p8_foliage_tree_spruce_norway_tall_thin_proxy_specular
image,#i_mtl_p8_wep_wall_metal_x_brace_set_decal_01_c
image,#i_mtl_p8_wep_wall_metal_x_brace_set_decal_01_n
image,d#global_window_glass_g
image,d#global_window_glass_c
image,#i_mtl_p7_cable_connectors_01_c
image,#i_mtl_p7_cable_connectors_01_g
image,#i_mtl_p7_cable_connectors_01_n
image,#i_mtl_p7_cable_connectors_01_o
image,#i_mtl_p7_cable_connectors_01_s
image,d#fxt_fluid_mesh_n
image,d#hash_2e82a821603a8f96
image,d#hash_2e82a921603a9149
image,#hash_2e82b421603aa3fa
image,#i_mtl_p7_zm_asc_wires_bunker_set_n
image,#i_mtl_p7_zm_asc_wires_bunker_set_c
image,#i_mtl_p8_chi_satellite_roof_metal_screw_01_n
image,d#i_veh_t8_lumpy02_n
image,d#i_t8_decal_tech_detail_panel_03_n
image,d#i_t8_decal_tech_detail_panel_03_o
image,d#i_t8_decal_tech_detail_panel_03_c
image,d#i_t8_decal_tech_detail_panel_03_s
image,#i_mtl_t8_decal_grunge_rust_10_c
image,#i_mtl_t8_decal_grunge_rust_10_n
image,#hash_2e993c61cb03c50f
image,#hash_2ea52f4d31d06f2b
image,#hash_2ea5304d31d070de
image,#hash_2ea5314d31d07291
image,#i_t8_decal_tech_detail_line_trim_07_o
image,#i_t8_decal_tech_detail_line_trim_07_n
image,#i_t8_decal_tech_detail_line_trim_07_c
image,#i_t8_decal_tech_detail_line_trim_07_s
image,#i_p8_jnt_railing_01_set_s
image,#i_p8_jnt_railing_01_set_c
image,#i_p8_jnt_railing_01_set_g
image,#i_p8_jnt_railing_01_set_n
image,#i_t7_decal_grunge_calcium_drip_02_blend_r
image,#i_t7_decal_grunge_calcium_drip_02_blend_n
image,d#i_t7_decal_grunge_calcium_drip_02_blend_c
image,#i_t7_decal_grunge_dirt_base_02_c
image,d#fxt8_light_incandescent_hot
image,#i_t8_zm_off_panel_metal_c
image,#i_mtl_p7_zm_asc_panel_02_n
image,#i_mtl_p7_zm_asc_panel_02_m
image,#i_mtl_p7_zm_asc_panel_02_c
image,#i_t8_snow_plowed_strips_01_n
image,#i_t8_snow_plowed_strips_01_o
image,d#hash_2f3c8f2e0f37a632
image,#i_mtl_p8_box_electric_commercial_decal_burn_c
image,#hash_2f3df73d714e2229
image,#i_mtl_p8_books_office_g
image,#i_mtl_p8_books_office_c
image,#i_mtl_p8_books_office_n
image,d#i_wpn_t8_micro_metal_base_01_n
image,d#i_wpn_t8_micro_metal_base_01_g
image,d#i_wpn_t8_micro_metal_base_01_c
image,#i_p7_zm_sta_dragon_strike_letters_c
image,#i_mtl_p7_sgen_corridor_02_set_05_n
image,#i_mtl_p7_sgen_corridor_02_set_05_m
image,#i_t7_zm_isl_concrete_wall_weathered_01_c
image,#i_t7_zm_isl_concrete_wall_weathered_01_n
image,#i_c_t7_emissive_a_e
image,#hash_2f726cff4d9edac9
image,#i_veh_t8_dead_dents_02_n
image,#i_t8_decal_grunge_stain_sand_01_r
image,#i_t8_decal_grunge_stain_sand_01_c
image,d#fxt_spark_blink_anim_mask
image,#i_p8_sil_icbm_conveyor_01c_o
image,d#hash_2fb2b61fec4d0aa4
image,#i_p8_jnt_gthrml_tank_01_o
image,#i_p8_jnt_gthrml_tank_01_n
image,#i_p8_jnt_gthrml_tank_01_r
image,#i_p8_foliage_tree_spruce_norway_snow_branch_02_c
image,#i_mtl_p7_foliage_bush_snowy_03_trunktail01_n
image,#i_p8_foliage_tree_spruce_norway_snow_branch_02_n
image,#i_p8_foliage_tree_spruce_norway_snow_branch_02_m
image,#i_mtl_p7_foliage_bush_snowy_03_trunktail01_c
image,#i_mtl_p7_chain_metal_bracket_01_n
image,#i_mtl_p7_chain_metal_bracket_01_m
image,#i_mtl_p8_ice_bunker_door_01_metal_03_g
image,#i_mtl_p8_ice_bunker_door_01_metal_03_s
image,d#i_t7_micro_metal_bare_01_s
image,d#i_t7_micro_metal_bare_01_g
image,#i_t7_decal_grunge_dust_wall_01_c
image,#i_mtl_p8_kit_col_row_01_corner_dmg_02_n
image,d#i_t8_micro_cloth_leather_01_n
image,#i_mtl_t8_concrete_damaged_norebar_02_r
image,#i_mtl_p8_foliage_branch_pile_cards_09_n
image,#i_mtl_p8_foliage_branch_pile_cards_09_c
image,#i_mtl_p8_col_rock_cliff_large_01ab_dark_c
image,#i_mtl_p7_zm_tra_street_lamp_set_full_m
image,#i_mtl_p7_zm_tra_street_lamp_set_full_n
image,#i_veh_t8_mil_truck_hemtt_exterior_01_o
image,#i_veh_t8_mil_truck_hemtt_exterior_01_n
image,#i_mtl_p8_foliage_tree_spruce_norway_tall_snow_proxy_depth
image,#i_veh_t8_glass_pattern_08_n
image,#i_c_t7_battery_body1_cyberarm_viewarm_c
image,#i_t7_micro_snow_sand_n
image,#i_c_t7_warrior_head1_emissive_e
image,#hash_303e8d532d584fc9
image,d#i_veh_t8_decal_bolt_18_r
image,d#i_veh_t8_decal_bolt_18_n
image,d#i_veh_t8_decal_bolt_18_o
image,#i_mtl_veh_t8_decal_rust_08_r
image,#i_p8_com_center_vents_64_01a_o
image,#i_p8_com_center_vents_64_01a_n
image,#i_mtl_p8_ice_gas_console_panel_01_o
image,#i_mtl_p8_ice_gas_console_panel_01_n
image,#i_mtl_p8_ice_gas_console_panel_01_m
image,#i_t8_decal_grunge_puddle_01_r
image,d#hash_309478ca40ade770
image,d#i_veh_t8_metal_worn_painted_graphite_g
image,#i_veh_t8_mil_truck_hemtt_decal_interior_10_c
image,#hash_309ea456424b4082
image,#hash_309eac56424b4e1a
image,#i_veh_t8_mil_truck_hemtt_decal_interior_10_n
image,d#i_t7_micro_metal_01_g
image,#hash_30b9552ead9b4a0d
image,#i_mtl_p8_weapon_locker_01_doors_c
image,#i_mtl_p8_weapon_locker_01_doors_n
image,#i_mtl_p8_weapon_locker_01_doors_m
image,d#i_c_t7_blockout_battery_body1_armor_o
image,d#i_c_t7_blockout_battery_body1_armor_n
image,#i_c_t7_blockout_battery_body1_armor_g
image,#i_c_t7_blockout_battery_body1_armor_c
image,#hash_30ce5434e98a0616
image,#i_veh_t8_mil_truck_hemtt_decal_interior_50_n
image,#i_veh_t8_mil_truck_hemtt_decal_interior_50_c
image,#i_mtl_p7_sgen_corridor_02_set_11_m
image,#i_mtl_p7_sgen_corridor_02_set_11_n
image,#i_t8_concrete_painted_stains_01_c
image,#i_t8_concrete_painted_stains_01_r
image,#hash_30e3044d6dc2c473
image,#hash_30e3084d6dc2cb3f
image,#hash_30e30b4d6dc2d058
image,#i_mtl_p7_chair_lab_01_metal_weathered_n
image,#i_mtl_p7_chair_lab_01_metal_weathered_g
image,#i_mtl_p7_mp_flag_pole_o
image,#i_mtl_p7_mp_flag_pole_c
image,#i_mtl_p7_mp_flag_pole_g
image,d#i_veh_t8_decal_greeble_05_g
image,d#i_veh_t8_decal_greeble_05_c
image,d#i_veh_t8_decal_greeble_05_n
image,d#i_veh_t8_decal_greeble_05_s
image,#hash_310edf7c06ae2644
image,#hash_310ee07c06ae27f7
image,#hash_310ee27c06ae2b5d
image,d#i_t7_decal_grunge_dirty_tile_01_g
image,#i_t8_decal_grunge_stain_tide_01_r
image,#i_t8_decal_grunge_stain_tide_01_c
image,#i_veh_t8_base_paint_14_dead_c
image,#i_c_t7_techno_body1_pants_ir
image,#i_mtl_p7_door_metal_industrial_signage_c
image,#i_mtl_p8_zm_esc_gun_gallery_metal_beam_02_n
image,#hash_313ea39fc434d31c
image,d#hash_313ea79fc434d9e8
image,d#hash_313ea89fc434db9b
image,#hash_314a2cb0219c0cfe
image,#hash_314a2db0219c0eb1
image,#i_mtl_p7_foliage_grass_dry_03_snow_proxy_depth
image,#i_mtl_p7_tiedown_straps_01_n
image,d#i_t8_metal_deck_painted_01_n
image,#i_t8_metal_deck_painted_01_o
image,#i_t8_metal_painted_lrg_white_n
image,#i_t8_metal_painted_lrg_white_c
image,#i_t8_metal_painted_lrg_white_g
image,#i_t7_detail_rust_01
image,#hash_31ab999447b00b3c
image,#hash_31ab9a9447b00cef
image,#hash_31ab9b9447b00ea2
image,#hash_31c0f5107a111cc0
image,#i_mtl_p7_zm_zod_gatestone_set_metal02_m
image,#i_mtl_p7_mou_foliage_brush_snow_small_plants_t
image,#i_mtl_p7_mou_foliage_brush_snow_small_plants_c
image,#i_mtl_p7_mou_foliage_brush_snow_small_plants_n
image,#i_t7_decal_grunge_water_puddle_01_r
image,#i_t8_metal_container_painted_01_n
image,#i_t8_metal_container_painted_01_g
image,#i_mtl_p8_zm_esc_tools_pliers_m
image,#i_mtl_p8_zm_esc_tools_pliers_n
image,#i_mtl_p8_zm_esc_tools_pliers_o
image,#i_mtl_p8_wz_supply_stash_health_metal_m
image,#i_mtl_p8_wz_supply_stash_health_metal_o
image,#i_mtl_p8_wz_supply_stash_health_metal_n
image,#i_t7_plastic_ceiling_tile_n
image,d#i_t8_micro_cardboard_02_n
image,#i_t7_detail_carpet_01_n
image,#i_c_t7_techno_head5_face_skin4_c
image,#i_c_t7_techno_head5_face_skin4_n
image,#i_t7_decal_grunge_rust_offset_01_c
image,d#i_t7_decal_grunge_rust_offset_01_n
image,#i_t8_micro_rock_sandstone_rough_03_a_g
image,#hash_323140872556bcf6
image,#hash_323141872556bea9
image,d#i_t8_decal_tech_detail_panel_04_256_s
image,d#i_t8_decal_tech_detail_panel_04_256_m
image,d#i_t8_decal_tech_detail_panel_04_256_o
image,d#i_t8_decal_tech_detail_panel_04_256_n
image,d#i_t8_decal_tech_detail_panel_04_256_c
image,#i_t7_snow_footprints_slushy_r
image,#i_t7_snow_footprints_slushy_n
image,#i_t7_snow_footprints_slushy_c
image,#i_mtl_p7_zm_ctl_tesla_tower_set_12_m
image,#i_mtl_p7_zm_ctl_tesla_tower_set_12_n
image,d#i_t8_decal_tech_detail_indent_04_normal_o
image,d#i_t8_decal_tech_detail_indent_04_normal_n
image,d#i_t8_decal_tech_detail_indent_04_normal_m
image,#i_t7_decal_asphalt_damaged_crack_g
image,#i_t7_decal_asphalt_damaged_crack_c
image,#i_t7_decal_asphalt_damaged_crack_n
image,#hash_324d073008a838d0
image,#hash_324d083008a83a83
image,#hash_324d0f3008a84668
image,#hash_324d133008a84d34
image,#hash_3250af14660b8f79
image,#i_mtl_p7_pipe_metal_hp_54_metal_01_n
image,#i_mtl_p7_pipe_metal_hp_54_metal_01_c
image,#i_mtl_p7_pipe_metal_hp_54_metal_01_g
image,d#i_mtl_p7_decal_grunge_pool_silt_01_g
image,#hash_32969689ff9d35bc
image,#i_mtl_p8_ice_generator_metal_lrg_text_decal_01_c
image,#i_t7_ntx_micro_metal_scuffed_light_g
image,#hash_32ad0b265551577e
image,#hash_32ad0c2655515931
image,#hash_32ad172655516be2
image,#hash_32b3a2ec70372679
image,#i_t8_decal_tech_detail_high_tech_14_g
image,#i_t8_decal_tech_detail_high_tech_14_c
image,#i_t8_decal_tech_detail_high_tech_14_o
image,#i_t8_decal_tech_detail_high_tech_14_n
image,#i_mtl_p8_wep_ceiling_structure_set_weld_m
image,#i_mtl_p8_wep_ceiling_structure_set_weld_n
image,#i_mtl_p8_pallet_rack_set_metal_05_n
image,d#$i_c_gen_eye_caustic_l
image,#i_t8_decal_graphics_box_labels_c
image,d#$gray_32_one_channel
image,#hash_3317f8651979921c
image,#hash_3317f965197993cf
image,#hash_3317fc65197998e8
image,#hash_3318006519799fb4
image,#hash_3321a340700cd2a6
image,#i_mtl_p8_panel_debris_metal_set_metal_03_n
image,#i_mtl_p8_panel_debris_metal_set_metal_03_o
image,#i_mtl_p7_zm_isl_cage_trap_wire_n
image,#i_mtl_p7_zm_isl_cage_trap_wire_m
image,#hash_335411c734301dd7
image,d#i_mtl_veh_t8_decal_grunge_scorch_02_c
image,#i_c_t7_blockout_battery_head1_head_c
image,#i_t7_decal_grunge_moss_grime_r
image,d#i_t7_decal_grunge_moss_grime_c
image,#i_mtl_p8_chi_camera_security_bubble_o
image,#i_mtl_p8_chi_camera_security_bubble_n
image,#i_mtl_p8_chi_camera_security_bubble_g
image,#i_c_t7_battery_body1_collar_ir
image,d#i_mtl_veh_t8_civ_forklift_modular_body_03_o
image,d#i_mtl_veh_t8_civ_forklift_modular_body_03_n
image,d#hash_33870dcf7c8cbfa2
image,#i_mtl_p7_door_handle_chrome_01_n
image,#i_mtl_p7_door_handle_chrome_01_o
image,#i_mtl_p7_door_handle_chrome_01_g
image,#i_mtl_p7_door_handle_chrome_01_s
image,d#i_t7_decal_grunge_rust_09_c
image,d#i_t7_decal_grunge_rust_09_n
image,#hash_33a3dda45f52041e
image,d#i_t7_decal_grunge_rust_09_r
image,#i_mtl_p7_sgen_door_pushbar_set_decal_clean_n
image,#i_mtl_p7_sgen_door_pushbar_set_decal_clean_c
image,#core_rock_light_n
image,#i_c_t7_assassin_body1_grenade1_s
image,#i_c_t7_assassin_body1_grenade1_o
image,#i_c_t7_assassin_body1_grenade1_n
image,#i_c_t7_assassin_body1_grenade1_c
image,#i_c_t7_assassin_body1_grenade1_g
image,d#i_t8_micro_stone_slate_02_g
image,#i_veh_t8_mil_truck_hemtt_frame_01_n
image,#i_veh_t8_mil_truck_hemtt_frame_01_o
image,#i_p8_ice_communication_console_01_key_c
image,#hash_33cfcafba73f2474
image,#i_t7_metal_beam_trim_01_c
image,#i_t7_metal_beam_trim_01_n
image,d#i_mtl_veh_t8_decal_text_no_step_02_c
image,d#i_wpn_t8_eqp_briefcase_bomb_computer_decals_s
image,d#i_wpn_t8_eqp_briefcase_bomb_computer_decals_c
image,d#i_wpn_t8_eqp_briefcase_bomb_computer_decals_g
image,d#fxt8_water_splash_mask
image,#i_mtl_p8_spa_tarp_01_c
image,#i_mtl_p8_spa_tarp_01_n
image,#i_t7_decal_damage_concrete_cracks_01_n
image,#i_t7_decal_damage_concrete_cracks_01_r
image,#i_mtl_p8_streetpost_siren_set_metal_01_m
image,#i_mtl_p8_streetpost_siren_set_metal_01_n
image,#i_mtl_p8_streetpost_siren_set_metal_01_g
image,#i_mtl_p8_streetpost_siren_set_decal_grunge_01_c
image,#i_mtl_p8_ice_mat_floor_rubber_3x3_holes_n
image,#i_mtl_p8_ice_mat_floor_rubber_3x3_holes_r
image,#i_t8_decal_grunge_oil_01_blend_r
image,#i_t8_decal_grunge_oil_01_blend_c
image,#i_mtl_p7_pipe_pvc_drain_fittings_03_c
image,#i_mtl_p7_pipe_pvc_drain_fittings_03_n
image,#i_mtl_t7_plastic_tarp_reinforced_grey_c
image,d#i_t7_micro_plastic_rough_01_n
image,#i_c_t7_warrior_body1_webbing_o
image,#i_c_t7_warrior_body1_webbing_n
image,#i_c_t7_warrior_body1_webbing_c
image,#i_t7_con_metal_base_s
image,#i_t7_con_metal_base_n
image,#i_t7_con_metal_base_c
image,#i_mtl_t8_glass_smokey_streaks_01_backlit_g
image,#i_mtl_p7_foliage_tree_ponderosa_pine_trunk_n
image,d#i_t7_veh_decal_bolt_03_n
image,#i_mtl_p8_box_electric_commercial_decal_dmg_n
image,#i_t7_metal_planter_top_trim_large_painted_dirty_g
image,#i_t7_metal_planter_top_trim_large_painted_dirty_c
image,#hash_34dcf5783b8c2716
image,d#i_t8_micro_styrofoam_01_c
image,d#i_t8_micro_styrofoam_01_n
image,d#fxt_gib_glass_01
image,d#fxt_gib_glass_02
image,#hash_34f83b6f44eb89b8
image,#i_c_t7_battery_body1_straps_n
image,#i_c_t7_battery_body1_straps_g
image,#i_c_t7_battery_body1_straps_c
image,#i_t7_metal_rust_01_c
image,#i_t7_metal_rust_01_g
image,#i_p8_ice_beam_metal_r
image,#i_p8_ice_beam_metal_n
image,#i_p8_ice_beam_metal_o
image,d#hash_3509a008a2c796a1
image,#i_mtl_p8_col_bin_plastic_n
image,#i_mtl_p8_col_bin_plastic_g
image,#i_mtl_p8_col_bin_plastic_c
image,#i_p8_mp_bomb_crate_whole_destroyed_tech_n
image,#i_t7_concrete_bare_light_01_c
image,d#i_t8_decal_tech_detail_line_trim_06_c
image,d#i_t8_decal_tech_detail_line_trim_06_m
image,d#i_t8_decal_tech_detail_line_trim_06_n
image,d#i_t8_decal_tech_detail_line_trim_06_o
image,#i_t8_decal_tech_detail_line_trim_06_s
image,d#fxt_spark_grind_anim_mask
image,d#i_veh_t7_detail_noise_02
image,#i_mtl_p7_water_container_plastic_small_m
image,#i_mtl_p7_water_container_plastic_small_n
image,#i_mtl_p8_truss_frame_modular_01_set_m
image,#i_mtl_p8_truss_frame_modular_01_set_n
image,#i_mtl_p8_truss_frame_modular_01_set_o
image,#hash_3597750ee5a26b4c
image,#hash_3597760ee5a26cff
image,#hash_35977a0ee5a273cb
image,#hash_35977e0ee5a27a97
image,#i_mtl_p7_box_case_metal_rust_n
image,#hash_359d1afaf6e62993
image,#hash_359d1bfaf6e62b46
image,#hash_359d21faf6e63578
image,#hash_359d25faf6e63c44
image,#hash_359d35faf6e65774
image,#i_t8_decal_tech_detail_line_02_o
image,#i_t8_decal_tech_detail_line_02_n
image,#i_t8_decal_tech_detail_line_02_m
image,#i_t8_micro_rock_basalt_mossy_01_c
image,#i_t8_micro_rock_basalt_mossy_01_n
image,d#hash_35a3909ab17f7f88
image,#i_mtl_p7_electrical_box_set2_meterhead_c
image,#i_mtl_p7_electrical_box_set2_meterhead_g
image,#i_mtl_p7_electrical_box_set2_meterhead_o
image,#i_mtl_p7_electrical_box_set2_meterhead_n
image,#i_mtl_p7_electrical_box_set2_meterhead_s
image,#i_mtl_p8_news_ren_keyboard_key_c
image,#i_mtl_p7_panel_door_access_c
image,#i_mtl_p7_panel_door_access_g
image,#i_mtl_p7_panel_door_access_n
image,#i_p7_electrical_cabinet_01_e
image,#i_mtl_p7_pro_hangar_door_track_floor_c
image,#i_mtl_p7_pro_hangar_door_track_floor_g
image,#i_mtl_p7_pro_hangar_door_track_floor_o
image,#i_mtl_p7_pro_hangar_door_track_floor_n
image,#i_mtl_p7_pro_hangar_door_track_floor_s
image,#i_c_t7_gunslinger_body1_leg_gadget_c
image,#i_c_t7_gunslinger_body1_leg_gadget_g
image,#i_c_t7_gunslinger_body1_leg_gadget_n
image,#i_mtl_p8_wep_wall_reinforced_set_frame_m
image,#cookie_flicker_04
image,#hash_35e024670c86c2f1
image,#hash_35e030670c86d755
image,d#i_veh_t8_decal_sign_caution_01_c
image,#i_t8_decal_graphics_signage_chi_warning_high_volt_02_c
image,d#i_mtl_p8_mp_flag_cloth_neutral_c
image,d#i_t8_decal_tech_shipping_container_bolt_04_g
image,d#i_t8_decal_tech_shipping_container_bolt_04_c
image,d#i_t8_decal_tech_shipping_container_bolt_04_n
image,d#fxt8_lf_artifact_15
image,d#fxt8_fire_md_base_anim_alpha
image,#hash_367149a8b7cfaf08
image,#hash_36714aa8b7cfb0bb
image,#hash_36714ca8b7cfb421
image,d#i_veh_t8_weathered_paint_05_g
image,#i_mtl_p8_pipe_metal_hp_4_03_m
image,#i_mtl_p8_pipe_metal_hp_4_03_o
image,#i_mtl_p8_pipe_metal_hp_4_03_n
image,#hash_368d0785cba35ec5
image,#i_t8_decal_grunge_stain_01_c
image,#hash_369ffb520f1f75a1
image,#i_t8_metal_vent_02_c
image,#i_t8_metal_vent_02_o
image,#i_t8_metal_vent_02_n
image,#i_t8_metal_vent_02_s
image,#hash_36bffb4cd5fc008b
image,#hash_36c0064cd5fc133c
image,#hash_36c0074cd5fc14ef
image,#i_mtl_t8_decal_damage_dent_metal_thin_01_n
image,#i_mtl_p8_box_electric_commercial_metal_03_m
image,d#i_t7_micro_plastic_rough_heavy_01_c
image,d#i_t7_micro_plastic_rough_heavy_01_g
image,d#i_t7_micro_plastic_rough_heavy_01_n
image,#core_asphalt_dark_c
image,#hash_36d2d0ec33762bd0
image,#i_mtl_p7_generator_unit_01_02_m
image,#i_mtl_p7_generator_unit_01_02_n
image,#i_t7_glass_window_warehouse_m
image,#i_t7_glass_window_warehouse_n
image,#i_t7_glass_window_warehouse_c
image,#hash_36f8905184d80b45
image,#hash_36f8935184d8105e
image,#hash_36f93ccd041194c0
image,#hash_36f93ecd04119826
image,#hash_36f940cd04119b8c
image,#hash_36f945cd0411a40b
image,#hash_36f950cd0411b6bc
image,#i_c_t7_battery_hair_eyebrowshell_n
image,#i_c_t7_battery_hair_eyebrowshell_c
image,#i_t7_glass_dirty_grimes_02_wet_g
image,d#i_t7_glass_dirty_grimes_02_wet_c
image,d#fxt_spark_blink_anim
image,#i_t8_glass_transparent_dusty_panel_g
image,#i_t8_glass_transparent_dusty_panel_c
image,#i_p8_foliage_tree_spruce_norway_snow_branch_03_n
image,#i_p8_foliage_tree_spruce_norway_snow_branch_03_m
image,#i_p8_foliage_tree_spruce_norway_snow_branch_03_c
image,#i_mtl_p7_ibeam_bracket_m
image,#i_mtl_p7_ibeam_bracket_n
image,d#hash_371e111c3d0da1ea
image,#i_t8_decal_graphics_text_ice_4_r
image,d#i_mtl_p7_wall_mobile_dep_decal_details_01_c
image,d#i_mtl_p7_wall_mobile_dep_decal_details_01_n
image,#i_mtl_p7_wall_mobile_dep_decal_details_01_m
image,#i_mtl_p7_water_container_plastic_detailmap01_n
image,#i_mtl_p7_water_container_plastic_detailmap01_g
image,#i_mtl_p7_water_container_plastic_detailmap01_c
image,#i_mtl_p7_satellite_dish_01_edges_c
image,#i_mtl_p7_satellite_dish_01_edges_n
image,#i_p8_ice_backroom_metal_pipe_housing_m
image,#i_p8_ice_backroom_metal_pipe_housing_n
image,#i_p8_ice_backroom_metal_pipe_housing_o
image,#i_t7_aqu_decal_signage_floor_marking_01_r
image,#i_t7_aqu_decal_signage_floor_marking_01_n
image,#hash_376ef7c7d57a542d
image,#i_t8_decal_graphics_signage_ice_warning_01_c
image,d#i_veh_t8_glass_pattern_09_n
image,#hash_377b39eceb96fae5
image,#hash_377b3ceceb96fffe
image,#i_p8_sil_icbm_conveyor_warhead_back
image,d#$occlusion_black
image,#i_mtl_p7_cai_trailer_cargo_military_01_chassis_g
image,#i_c_bc_femalesoldier_grenade_s
image,#i_c_bc_femalesoldier_grenade_n
image,#i_c_bc_femalesoldier_grenade_g
image,#i_c_bc_femalesoldier_grenade_c
image,#hash_37b4bcbbb7c0a28b
image,#i_mtl_p7_mou_electrical_panel_set_fastener_n
image,d#hash_37b9bbf7cf9cf1f0
image,#i_veh_t8_decal_rust_14a_c
image,#i_veh_t8_decal_rust_14a_n
image,#i_mtl_p8_generator_open_01_decal_trace_01_c
image,d#i_t8_decal_tech_detail_bolt_06_n
image,#i_t8_decal_tech_detail_bolt_06_o
image,d#i_t8_decal_tech_detail_bolt_06_g
image,d#i_t8_decal_tech_detail_bolt_06_c
image,#i_mtl_p7_construction_hardhat_c
image,#i_mtl_p7_construction_hardhat_n
image,d#$gloss
image,#i_t7_fxanim_streamer_01_n
image,#i_t7_fxanim_streamer_01_c
image,#i_mtl_p8_ice_bunker_door_01_metal_02_n
image,#i_mtl_p8_snow_plowed_03_n
image,#i_p7_aqu_mylar_pipe_wrapped_shell_01_o
image,#i_p7_aqu_mylar_pipe_wrapped_shell_01_n
image,#i_mtl_p8_kit_col_row_01_corner_dmg_03_n
image,#i_t7_glass_embedded_hex_n
image,#i_t7_glass_embedded_hex_c
image,#i_t7_glass_embedded_hex_g
image,#hash_383f3385d861cd7a
image,d#i_c_bc_femalesoldier_legholster_c
image,d#i_c_bc_femalesoldier_legholster_n
image,#i_mtl_p7_bucket_shrapnel_bucket_c
image,#i_mtl_p7_bucket_shrapnel_bucket_g
image,#i_mtl_p7_bucket_shrapnel_bucket_n
image,#i_mtl_p7_bucket_shrapnel_bucket_s
image,#i_mtl_p8_pallet_rack_set_bolt_m
image,d#i_p8_mp_bomb_crate_palette_r
image,d#i_p8_mp_bomb_crate_palette_o
image,d#i_p8_mp_bomb_crate_palette_n
image,#i_p7_sky_crate_plastic_tech_02_dlc1_n
image,#i_p7_sky_crate_plastic_tech_02_dlc1_g
image,#i_p7_sky_crate_plastic_tech_02_dlc1_c
image,#i_mtl_p8_foliage_tree_spruce_norway_tall_proxy_depth
image,#i_t8_concrete_poured_old_n
image,#i_t8_concrete_poured_old_c
image,#hash_38a157ac9d202e44
image,#hash_38a15bac9d203510
image,#hash_38a15cac9d2036c3
image,#i_mtl_p7_slu_meter_electric_03_base_01_m
image,#i_mtl_p7_slu_meter_electric_03_base_01_n
image,#i_t7_dlc1_plastic_hose_ribbed_n
image,#i_t7_dlc1_plastic_hose_ribbed_o
image,#i_t7_dlc1_plastic_hose_ribbed_c
image,#i_t7_dlc1_plastic_hose_ribbed_g
image,#i_t7_concrete_trim_gutter_01_n
image,#i_t7_concrete_trim_gutter_01_c
image,#i_c_t7_techno_body1_thrusters_s
image,#i_c_t7_techno_body1_thrusters_n
image,#i_c_t7_techno_body1_thrusters_o
image,#i_c_t7_techno_body1_thrusters_g
image,#i_c_t7_techno_body1_thrusters_c
image,#i_mtl_p7_zm_ctl_light_spot_hanging_set_decal_c
image,#i_mtl_p7_zm_ctl_light_spot_hanging_set_decal_n
image,d#hash_38e8a895caafbdec
image,d#fxt8_light_phosphorous
image,d#hash_38f2f207fda50f26
image,d#hash_391e3ec433749ed3
image,d#fxt_dust_spike_sm_anim
image,#i_t7_decal_damage_paint_peeling_thick_r
image,d#$black_thickness
image,#i_mtl_p7_furn_couch_modern_01_cushion_n
image,#hash_393e4dd7256dc557
image,#i_mtl_p7_electrical_box_set_inside_s
image,#i_mtl_p7_electrical_box_set_inside_n
image,#i_mtl_p7_electrical_box_set_inside_o
image,#i_mtl_p7_electrical_box_set_inside_c
image,#i_mtl_p7_electrical_box_set_inside_g
image,#i_mtl_p8_zm_esc_gun_gallery_metal_beam_03_n
image,d#i_c_gen_detail_scratches_n
image,#hash_396adebf3f01dc9e
image,#i_mtl_p8_col_oil_pipeline_metal_panels_c
image,#i_mtl_p8_col_oil_pipeline_metal_panels_g
image,#i_mtl_p7_fence_wood_rustic_01_post_m
image,#i_mtl_p7_fence_wood_rustic_01_post_n
image,#hash_398d15651c81e1a3
image,#hash_398d20651c81f454
image,#hash_398d21651c81f607
image,#i_c_t7_warrior_body1_arm_a1_o
image,#i_c_t7_warrior_body1_arm_a1_g
image,#i_mtl_p8_news_ren_cable_supports_01_n
image,d#i_t7_decal_grunge_burnt_stain_01_c
image,d#i_t7_decal_grunge_burnt_stain_01_g
image,d#i_t7_decal_grunge_burnt_stain_01_r
image,#i_c_t7_techno_body1_shinguards_ir
image,#i_mtl_p8_zm_off_vent_wall_c
image,#i_mtl_p8_zm_off_vent_wall_g
image,#i_mtl_p8_zm_off_vent_wall_n
image,#i_t7_micro_stone_mixed_c
image,d#i_t7_micro_stone_mixed_n
image,d#i_mtl_veh_t8_civ_forklift_modular_decal_body_screen_c
image,#i_mtl_p8_foliage_tree_spruce_norway_tall_thin_proxy_distance
image,d#i_veh_t8_decal_sign_b3_c
image,#i_mtl_p8_ice_med_rock_02_01_n
image,#i_mtl_p8_ice_med_rock_02_01_o
image,#i_c_t7_techno_body1_shinguards_s
image,#i_c_t7_techno_body1_shinguards_c
image,#i_c_t7_techno_body1_shinguards_g
image,#i_c_t7_techno_body1_shinguards_n
image,#i_c_t7_techno_body1_shinguards_o
image,#i_mtl_p7_global_chainlink_fence_kit_door_01_o
image,#i_mtl_p7_global_chainlink_fence_kit_door_01_n
image,#i_detail_airplane_tire_n
image,#i_c_t7_battery_body1_uppergear_c
image,#i_c_t7_battery_body1_uppergear_g
image,#i_c_t7_battery_body1_uppergear_o
image,#i_c_t7_battery_body1_uppergear_n
image,#i_mtl_p7_zm_asc_panel_03_c
image,#i_mtl_p7_zm_asc_panel_03_n
image,#i_mtl_p7_zm_asc_panel_03_m
image,d#i_t7_micro_cloth_cotton_01_worn_c
image,d#i_t7_micro_plaster_cracked_light_01_c
image,d#i_t7_graphic_display_military_01_c
image,#i_t8_rock_gravel_mossy_03_c
image,#i_t8_rock_gravel_mossy_03_n
image,#i_t8_rock_gravel_mossy_03_r
image,#i_mtl_p8_foliage_tree_spruce_norway_small_thin_proxy_specular
image,#i_mtl_p8_spa_door_monastery_damaged_scratch_n
image,#i_mtl_p8_spa_door_monastery_damaged_scratch_c
image,#i_mtl_p7_pipe_metal_hp_54_metal_m
image,#i_t8_graphics_detail_circle_light_01_c
image,#i_t7_metal_railing_trim_02_n
image,#fxt_decal_default_01_g
image,#i_mtl_p7_duct_metal_circular_straight_128_o
image,#i_mtl_p8_pallet_rack_set_metal_02_m
image,d#i_p7_foliage_tree_elm_english_trunktile01_c
image,d#i_p7_foliage_tree_elm_english_trunktile01_n
image,d#i_t7_micro_stone_travertine_n
image,d#i_t7_detail_bumps_01_n
image,#hash_3a3e371f34ae8f83
image,#hash_3a3e381f34ae9136
image,#i_mtl_p8_foliage_tree_spruce_norway_bark_n
image,#i_mtl_p8_foliage_tree_spruce_norway_bark_c
image,#hash_3a55fbac54818bd2
image,#hash_3a55fcac54818d85
image,#i_mtl_p8_ladder_metal_secured_01_painted_rust_m
image,#i_t7_ban_metal_heavy_rust_blend_r
image,#i_c_t7_battery_head5_face_skin1_n
image,#i_mtl_p8_foliage_grass_long_skinny_02_n
image,#i_mtl_p8_foliage_grass_long_skinny_02_t
image,#i_t8_micro_plaster_drywall_01_n
image,#i_mtl_p8_foliage_tree_spruce_norway_tall_thin_snow_proxy_albedo
image,d#i_mtl_veh_t8_paint_burnt_01_s
image,d#fxt8_fire_sm_lick_short_anim_alpha
image,d#hash_3a8ea3ba36456608
image,#hash_3a99f400c32c8b6d
image,#i_veh_t8_base_paint_01_dead_c
image,#hash_3a9c5f26cfce2630
image,d#fxt8_light_core_hot
image,#i_veh_t8_mil_truck_hemtt_undercarrige_n
image,#i_veh_t8_mil_truck_hemtt_undercarrige_o
image,d#i_t7_metal_bare_polished_g
image,#i_mtl_p8_ice_communication_console_01_decal_grid_n
image,#i_mtl_p8_ice_communication_console_01_decal_grid_o
image,#i_mtl_p8_ice_communication_console_01_decal_grid_c
image,#hash_3adf22108fea2176
image,#hash_3af1c4e629968f2a
image,#hash_3af1c5e6299690dd
image,#hash_3af1c8e6299695f6
image,d#fxt_dust_burst_md_anim
image,d#i_t7_decal_damage_burn_impact_04_c
image,#i_t8_decal_grunge_rust_chunky_01_r
image,#i_t8_decal_grunge_rust_chunky_01_o
image,#i_t7_concrete_wall_dark_01_n
image,d#i_t7_decal_tech_lines_a
image,d#i_t7_decal_tech_lines_c
image,d#i_t7_decal_tech_lines_n
image,#i_t7_decal_tech_lines_o
image,#i_t7_ban_metal_rust_painted_01_m
image,#i_t7_ban_metal_rust_painted_01_n
image,#hash_3b3c190857bfcec9
image,#hash_3b3c1d0857bfd595
image,#hash_3b3c240857bfe17a
image,#hash_3b3c250857bfe32d
image,#i_mtl_p8_pallet_rack_set_decal_01_m
image,#i_mtl_p8_pallet_rack_set_decal_01_n
image,#i_mtl_p7_rock_river_n
image,#i_veh_t8_mil_truck_hemtt_decal_interior_51_c
image,#i_veh_t8_mil_truck_hemtt_decal_interior_51_n
image,#hash_3b837d34f02f36c1
image,#i_mtl_p8_streetpost_siren_set_decal_grunge_02_c
image,#i_c_t7_techno_body1_thighguard_g
image,#i_c_t7_techno_body1_thighguard_c
image,#i_c_t7_techno_body1_thighguard_n
image,d#i_mtl_veh_t8_civ_forklift_modular_body_02_n
image,d#i_mtl_veh_t8_civ_forklift_modular_body_02_o
image,d#hash_3baf36cf8106b80d
image,#i_mtl_p8_box_electric_commercial_metal_m
image,#i_mtl_p7_door_metal_rolling_02_metal_02_c
image,#i_mtl_p7_door_metal_rolling_02_metal_02_n
image,#i_mtl_p7_zm_asc_pipes_electrical_set_m
image,#i_mtl_p7_zm_asc_pipes_electrical_set_n
image,#i_p7_ris_snow_dirt_clumps_pile_64_m
image,#i_p7_ris_snow_dirt_clumps_pile_64_n
image,#i_mtl_p8_box_electric_commercial_decal_sign_02_c
image,#i_mtl_p7_vent_metal_dampers_n
image,#i_mtl_p7_vent_metal_dampers_o
image,#i_mtl_p7_vent_metal_dampers_c
image,#i_mtl_p7_vent_metal_dampers_g
image,#hash_3bf5f86bc956f0dc
image,d#fxt8_exp_alpha_anim_mask
image,d#i_c_t8_detail_metal_light_scratch_n
image,#i_t7_cry_metal_trim_safehouse_mobile_12_s
image,#i_t7_cry_metal_trim_safehouse_mobile_12_g
image,#i_t7_cry_metal_trim_safehouse_mobile_12_c
image,#i_t7_cry_metal_trim_safehouse_mobile_12_n
image,#i_t7_cry_metal_trim_safehouse_mobile_12_o
image,#i_t7_concrete_wall_weathered_01_n
image,d#i_t7_concrete_wall_weathered_01_c
image,#i_t7_concrete_wall_weathered_01_g
image,#hash_3c3caa348d4b41af
image,#i_sky_fiberglass_boat_grey_dlc1_c
image,#i_p8_sil_icbm_conveyor_bracket_b
image,#i_p8_sil_icbm_conveyor_bracket_c
image,#i_p8_sil_icbm_conveyor_bracket_a
image,d#i_t8_decal_tech_detail_high_tech_01_o
image,d#i_t8_decal_tech_detail_high_tech_01_n
image,d#i_t8_decal_tech_detail_high_tech_01_c
image,#i_t8_decal_tech_detail_high_tech_01_g
image,#hash_3c703f09275f61c5
image,#hash_3c704209275f66de
image,#hash_3c704309275f6891
image,d#fxt8_spark_streak_long_alpha
image,#rus_metal_wire_fence_256_c
image,#hash_3c86402452d56e61
image,#i_mtl_p8_box_electric_commercial_glass_g
image,#i_mtl_p8_box_electric_commercial_glass_c
image,d#detail_noise_tight
image,#i_t8_metal_rebar_rust_01_n
image,#i_t8_metal_rebar_rust_01_o
image,#i_t8_metal_rebar_rust_01_c
image,#i_t8_metal_rebar_rust_01_g
image,#i_mtl_p7_generator_unit_glass_c
image,#hash_3caa02f4958f93c5
image,#hash_3caa15f4958fb40e
image,#hash_3caa16f4958fb5c1
image,#i_veh_t8_mil_truck_hemtt_decal_interior_25_r
image,#hash_3caea16df3ed64b6
image,#i_veh_t8_mil_truck_hemtt_decal_interior_25_n
image,#i_veh_t8_mil_truck_hemtt_decal_interior_25_c
image,d#i_t7_micro_metal_grunge_pockmarks_01_s
image,d#i_t7_micro_metal_grunge_pockmarks_01_n
image,d#i_t7_micro_metal_grunge_pockmarks_01_g
image,d#i_t7_micro_metal_grunge_pockmarks_01_c
image,#i_mtl_p8_missile_rack_decal_02_n
image,#i_mtl_p8_missile_rack_decal_02_m
image,#i_mtl_veh_t7_dmg_scrapes_chips_6_s
image,#i_mtl_veh_t7_dmg_scrapes_chips_6_g
image,#i_mtl_veh_t7_dmg_scrapes_chips_6_c
image,d#fxt8_smk_md_thick_scatter_anim
image,d#i_t7_decal_grunge_epoxy_damage_08_g
image,#i_t8_decal_tech_detail_line_03_n
image,#i_t8_decal_tech_detail_line_03_o
image,#i_t8_decal_tech_detail_line_03_c
image,#i_t8_decal_tech_detail_line_03_s
image,#i_mtl_p8_ice_controlroom_wall_panel_circuit_01_decal_n
image,#i_mtl_p8_ice_controlroom_wall_panel_circuit_01_decal_e
image,#i_mtl_p7_zm_ctl_jumpsphere_set_painted_red_c
image,#i_c_hro_khalil_egypt_gear_7_n
image,#i_c_hro_khalil_egypt_gear_7_g
image,#i_mtl_p7_zm_asc_door_gantry_metal_decal_c
image,#i_mtl_p7_zm_asc_door_gantry_metal_decal_n
image,#i_p8_ice_mb_cargodoorframe_tall_m
image,#i_p8_ice_mb_cargodoorframe_tall_n
image,#i_p8_ice_mb_cargodoorframe_tall_o
image,#i_mtl_p8_foliage_branch_pile_dry_leaf_03_c
image,#i_mtl_p8_foliage_branch_pile_dry_leaf_03_n
image,#i_mtl_p8_wep_gantry_crane_line_n
image,#i_mtl_p8_wep_gantry_crane_line_o
image,#i_mtl_p8_wep_gantry_crane_line_m
image,#i_mtl_p7_foliage_tree_birch_leaves_snow_n
image,#i_mtl_p7_sewer_gate_metal_round_o
image,#i_mtl_p7_sewer_gate_metal_round_n
image,#i_mtl_p7_sewer_gate_metal_round_m
image,d#i_nodraw
image,#hash_3d7f4f71ed32a792
image,#hash_3d7f6371ed32c98e
image,#i_t8_decal_grunge_rust_11_n
image,#i_t8_decal_grunge_rust_11_c
image,#i_t8_zm_esc_ground_plate_metal_01_o
image,#i_t8_zm_esc_ground_plate_metal_01_n
image,#i_t8_zm_esc_ground_plate_metal_01_g
image,#i_t8_zm_esc_ground_plate_metal_01_c
image,#i_mtl_p8_missile_rack_metal_02_a_m
image,#hash_3d8e758a045fc312
image,#hash_3d8e768a045fc4c5
image,#hash_3d90f23794bac860
image,#hash_3d90ff3794bade77
image,#i_mtl_p8_tank_fuel_01_set_m
image,#i_mtl_p8_tank_fuel_01_set_n
image,d#i_t7_decal_damage_burned_c
image,#i_t7_decal_damage_burned_n
image,#i_t7_zm_sta_console_metal_01_n
image,#i_t7_zm_sta_console_metal_01_g
image,#i_mtl_p8_wep_gun_storage_rack_01_decal_03_c
image,#i_mtl_p7_global_chainlink_fence_kit_01_snow_m
image,#i_t7_metal_trim_weld_01_rust_c
image,d#i_mtl_p8_news_ren_beer_box_02_c
image,d#i_t8_metal_diamond_plate_worn_n
image,d#i_mtl_p7_ntx_tool_wrench_ratchet_sml_blackmetal_r
image,d#i_mtl_p7_ntx_tool_wrench_ratchet_sml_blackmetal_n
image,#i_mtl_p8_ice_communication_console_01_metal_01_n
image,d#i_t7_metal_worn_gold_g
image,#i_t7_metal_worn_gold_s
image,d#black_color
image,#i_mtl_p7_mou_foliage_brush_02_snow_proxy_specular
image,#i_mtl_p7_zm_ctl_jumpsphere_set_metal05_m
image,d#i_veh_t8_decal_bolt_01_c
image,d#i_veh_t8_decal_bolt_01_n
image,d#i_veh_t8_decal_bolt_01_o
image,#i_p7_pump_water_treatment_light_n
image,d#fxt8_dust_mote
image,d#i_mtl_veh_t8_civ_forklift_modular_decal_button_c
image,d#i_mtl_veh_t8_civ_forklift_modular_decal_button_n
image,#i_mtl_p7_signage_caution_warning_01_c
image,#i_t7_glass_plain_cracked_n
image,#i_mtl_p7_mp_flag_new_neutral_c
image,#i_mtl_p7_mp_flag_new_neutral_n
image,#hash_3e47d14694a3f8d8
image,#hash_3e47d34694a3fc3e
image,#hash_3e47d44694a3fdf1
image,#i_mtl_p7_office_cubicle_set_s
image,#i_mtl_p7_office_cubicle_set_g
image,#i_mtl_p7_office_cubicle_set_c
image,#i_mtl_p7_office_cubicle_set_o
image,#i_mtl_p7_office_cubicle_set_n
image,d#i_c_hro_soldier_cyberhand_world_s
image,d#i_c_hro_soldier_cyberhand_world_o
image,d#i_c_hro_soldier_cyberhand_world_c
image,#i_mtl_p7_medical_first_aid_case_01_decal_n
image,#i_mtl_p7_medical_first_aid_case_01_decal_c
image,#i_t8_concrete_polished_smooth_01_s
image,#i_mtl_p7_tools_screwdriver_n
image,#i_mtl_p7_tools_screwdriver_g
image,#i_mtl_p7_tools_screwdriver_c
image,#i_mtl_p7_tools_screwdriver_s
image,#i_veh_t8_mil_truck_hemtt_frame_02_o
image,#i_veh_t8_mil_truck_hemtt_frame_02_n
image,#hash_3e9473240c2be432
image,#hash_3e9478240c2becb1
image,#i_mtl_p8_pipe_metal_hp_4_02_m
image,#i_mtl_p8_chi_satellite_roof_metal_decal_01_c
image,#hash_3ea88a9ab71ed4dd
image,#i_mtl_p8_col_conveyor_unit_metal_n
image,#i_p8_ice_mb_cargodoorframe_addon_o
image,#i_p8_ice_mb_cargodoorframe_addon_n
image,#i_p8_ice_mb_cargodoorframe_addon_m
image,#i_p8_ice_mb_cargodoorframe_addon_c
image,#i_c_t7_battery_hair_fibers1_c
image,#i_c_t7_battery_hair_fibers1_n
image,#i_mtl_p7_mou_foliage_brush_02_snow_proxy_albedo
image,#i_mtl_veh_t7_dmg_scrapes_chips_9_s
image,#i_mtl_veh_t7_dmg_scrapes_chips_9_g
image,#i_mtl_veh_t7_dmg_scrapes_chips_9_c
image,d#i_wpn_t7_camo_gold_dirty_g
image,d#i_t7_metal_dark_s
image,#i_t7_metal_dark_c
image,#i_t7_metal_dark_g
image,#i_mtl_p7_generator_unit_01_03_n
image,#i_mtl_p7_generator_unit_01_03_o
image,#i_mtl_p7_generator_unit_01_03_g
image,#i_mtl_p7_generator_unit_01_03_c
image,#i_mtl_p7_generator_unit_01_03_s
image,#hash_3f15223e33672bdb
image,#i_t8_decal_tech_detail_bolt_09_g
image,#i_t8_decal_tech_detail_bolt_09_c
image,#i_t8_decal_tech_detail_bolt_09_o
image,#i_t8_decal_tech_detail_bolt_09_n
image,#i_t7_micro_metal_grunge_galvanized_03_s
image,#i_t7_micro_metal_grunge_galvanized_03_n
image,d#i_t7_micro_metal_grunge_galvanized_03_g
image,#i_c_t7_warrior_body1_armor_dark_ir
image,#hash_3f33c713b13b8183
image,#hash_3f33c813b13b8336
image,d#i_c_t7_detail_net_n
image,#i_veh_t8_mil_truck_hemtt_generator_02_dead_multi_m
image,#i_t8_decal_graphics_text_ice_5_r
image,d#i_mtl_veh_t8_mil_helicopter_transport_decal_anchor_c
image,#i_c_t7_reaper_body2_detail_map_n
image,#hash_3f64e4e1ba581c94
image,#hash_3f64e5e1ba581e47
image,#i_veh_t8_mil_truck_hemtt_flatbed_o
image,#i_veh_t8_mil_truck_hemtt_flatbed_n
image,d#i_t7_micro_concrete_c
image,d#i_t7_micro_concrete_g
image,d#i_t7_micro_concrete_n
image,#i_t8_decal_grunge_drip_water_flowing_01_r
image,#i_mtl_p8_cables_electrical_boxes_01_n
image,#i_mtl_p8_cables_electrical_boxes_01_o
image,#i_mtl_p8_cables_electrical_boxes_01_m
image,#i_veh_t8_mil_truck_hemtt_decal_interior_73_c
image,#hash_3f758f445885bbf5
image,#i_veh_t8_mil_truck_hemtt_decal_interior_73_n
image,#hash_3f8227ff50b7092b
image,#i_t8_micro_rock_pumice_01_variance_n
image,d#i_t7_wes_metal_base_g
image,#i_mtl_p7_zm_ctl_window_tower_set_concrete_m
image,#i_t8_cloth_cotton_clean_01_c
image,#i_t8_decal_tech_detail_low_tech_08c_c
image,#i_t8_decal_graphics_numbers_comsat_3_reveal_white_r
image,d#i_mtl_veh_t8_civ_forklift_modular_decal_gear_c
image,d#i_mtl_veh_t8_civ_forklift_modular_decal_gear_n
image,d#$white_ao
image,#i_t8_decal_tech_detail_line_trim_05_o
image,#i_t8_decal_tech_detail_line_trim_05_n
image,#i_t8_decal_tech_detail_line_trim_05_m
image,#i_mtl_p7_construction_netting_n
image,#i_t8_micro_dirt_01_o
image,d#i_t8_micro_dirt_01_n
image,#i_veh_t8_mil_truck_hemtt_taillights_multi_m
image,#i_mtl_p7_camera_security_n
image,#i_mtl_p7_camera_security_c
image,d#hash_40082c02207331e0
image,d#hash_40082d0220733393
image,#hash_4008380220734644
image,d#$white_specular
image,#i_t7_dlc1_snow_powder_footprints_01_r
image,#i_t7_dlc1_snow_powder_footprints_01_n
image,#i_mtl_p8_foliage_branch_pile_cards_04_n
image,#i_mtl_p8_foliage_branch_pile_cards_04_c
image,#i_mtl_p8_streetpost_siren_set_decal_grunge_c
image,d#fxt_dust_swirl_md_anim
image,#i_mtl_p7_zm_bgb_button_label_01_n
image,#i_mtl_p7_zm_bgb_button_label_01_e
image,#i_mtl_p7_zm_bgb_button_label_01_c
image,#hash_406f86bc2db4509f
image,#i_t8_metal_cross_plate_worn_01_s
image,#i_t8_metal_cross_plate_worn_01_c
image,#i_t8_metal_cross_plate_worn_01_g
image,#i_t8_metal_cross_plate_worn_01_o
image,#i_t8_metal_cross_plate_worn_01_n
image,#i_mtl_p8_zm_esc_box_electric_main_n
image,#i_mtl_p7_crate_ammo_metal_c
image,d#i_mtl_p7_crate_ammo_metal_n
image,#i_t8_decal_tech_detail_panel_01_o
image,d#hash_40a004c3af220cc2
image,#i_mtl_p8_kit_spa_cen_02_set_concrete_dmg_decal_n
image,#i_mtl_p8_kit_spa_cen_02_set_concrete_dmg_decal_c
image,#i_veh_t8_civ_snowcat_back_m
image,#i_veh_t8_civ_snowcat_back_o
image,#i_veh_t8_civ_snowcat_back_n
image,d#i_c_t7_shared_gray_one_channel_2
image,#i_mtl_p7_mou_foliage_brush_02_snow_proxy_depth
image,#i_mtl_p8_pallet_rack_set_metal_01_n_n
image,#hash_40c49cc6a8d7ce0d
image,d#i_mtl_veh_t8_civ_forklift_modular_decal_light_clean_n
image,d#i_mtl_veh_t8_civ_forklift_modular_decal_light_clean_c
image,#i_t8_silo_rubber_grip_c
image,#i_t8_silo_rubber_grip_g
image,d#i_t8_silo_rubber_grip_n
image,#i_t8_silo_rubber_grip_o
image,d#i_veh_t8_paint_burnt_04_c
image,d#i_veh_t8_paint_burnt_04_n
image,#hash_40e3fc520a888674
image,#hash_40e3fd520a888827
image,#hash_40e3fe520a8889da
image,#hash_40e8cb88d581dacc
image,#hash_40e8cc88d581dc7f
image,#hash_40e8d088d581e34b
image,#hash_40e8d488d581ea17
image,#hash_40e8e088d581fe7b
image,d#i_veh_t8_triple_grunge_01_r
image,#i_mtl_p7_slu_meter_electric_01_base_n
image,#i_mtl_p7_slu_meter_electric_01_base_m
image,#i_t7_decal_paint_diffuse_white_c
image,#hash_41184b291549b8d2
image,#hash_41184c291549ba85
image,#hash_41184f291549bf9e
image,#hash_411853291549c66a
image,d#fxt8_fire_md_base_anim_hdr
image,#i_c_t7_warrior_smallpouch_c
image,#i_c_t7_warrior_smallpouch_n
image,d#i_veh_t8_weathered_paint_04_g
image,#i_veh_t8_mil_truck_hemtt_supension_01_multi_m
image,d#i_veh_t8_pattern_perforated_holes_02_n
image,d#i_t7_decal_blast_01_n
image,d#i_t7_decal_blast_01_c
image,d#i_t8_metal_panel_trim_01b_g
image,d#i_t8_metal_panel_trim_01b_n
image,d#i_t8_metal_panel_trim_01b_o
image,d#fxt_lf_source_06
image,d#fxt_lf_source_05
image,d#fxt_lf_source_02
image,#i_mtl_p8_wz_supply_stash_decal_health_patch_c
image,#i_t7_decal_grunge_water_puddle_03_r
image,#i_mtl_p7_ban_ritual_mask_01_skull_g
image,#i_t7_decal_grunge_stain_adobe_bottom_01_c
image,#i_t7_decal_grunge_stain_adobe_bottom_01_n
image,#i_c_t7_techno_body1_monitor_s
image,#i_c_t7_techno_body1_monitor_g
image,#i_c_t7_techno_body1_monitor_c
image,#i_c_t7_techno_body1_monitor_n
image,#i_c_t7_techno_body1_monitor_o
image,#hash_4190fa910460019d
image,#hash_4190fd91046006b6
image,#hash_4190fe9104600869
image,#i_t7_dlc1_metal_painted_c
image,#i_t7_dlc1_metal_painted_g
image,#i_mtl_p7_chair_folding_wood_metal_rust_g
image,d#i_c_cyberhand_world_dni_e
image,#i_mtl_p8_ice_gas_console_panel_07_m
image,#i_mtl_p8_ice_gas_console_panel_07_o
image,#i_mtl_p8_ice_gas_console_panel_07_n
image,d#i_t7_micro_plastic_scratched_01_n
image,#i_t7_ban_metal_rust_painted_02_n
image,#i_t7_ban_metal_rust_painted_02_m
image,#i_mtl_p8_foliage_grass_long_skinny_01_n
image,#i_mtl_p8_foliage_grass_long_skinny_01_t
image,#i_mtl_p7_duct_metal_rectangle_x_joint_n
image,#i_mtl_p7_duct_metal_rectangle_x_joint_o
image,#i_p8_ice_communication_console_01_decal_grid_g
image,#i_p8_ice_communication_console_01_decal_grid_s
image,#i_c_t7_battery_hair_eyelashes_c
image,#i_c_t7_battery_hair_eyelashes_n
image,#i_mtl_p8_foliage_tree_spruce_norway_tall_thin_snow_proxy_specular
image,#i_mtl_p8_ice_med_rock_02_02_o
image,d#i_mtl_p8_ice_med_rock_02_02_n
image,#i_mtl_p8_office_papers_manilla_folder_decals_n
image,#i_mtl_p8_office_papers_manilla_folder_decals_c
image,#i_mtl_p7_wall_mounted_loud_speaker_n
image,#i_mtl_p7_wall_mounted_loud_speaker_c
image,#i_t8_snow_bumpy_01_n
image,#i_t8_snow_bumpy_01_h
image,#i_mtl_p7_plastic_tarp_torn_c
image,#i_mtl_p7_plastic_tarp_torn_n
image,#i_c_nrc_assault_3_pouch_4_c
image,#i_mtl_p8_ice_foliage_shrub_01_set_twig_02_t
image,#i_mtl_p8_ice_foliage_shrub_01_set_twig_02_n
image,#i_mtl_p8_ice_foliage_shrub_01_set_twig_02_c
image,#i_t7_dlc1_decal_signage_first_aid_c
image,d#i_mtl_veh_t8_civ_forklift_modular_decal_vent_c
image,d#i_mtl_veh_t8_civ_forklift_modular_decal_vent_n
image,#i_mtl_t7_decal_grunge_rust_04a_c
image,#i_mtl_p7_generator_unit_dirty_c
image,#hash_424e6bc5e771e20b
image,d#i_veh_t8_metal_worn_iron_dark_n
image,#hash_425a06510e8739fe
image,#i_t7_decal_signage_numbers_grungy_c
image,d#i_t7_micro_metal_rust_02_n
image,d#i_t7_micro_metal_rust_02_c
image,d#i_t7_micro_metal_rust_02_g
image,#hash_42924f6a29f219d2
image,#hash_4292506a29f21b85
image,#hash_4292536a29f2209e
image,#hash_4292576a29f2276a
image,#hash_4292636a29f23bce
image,d#hash_429cb2da1f5cb286
image,d#hash_429cb3da1f5cb439
image,#i_mtl_p8_panel_debris_metal_set_metal_01_c
image,#i_mtl_p8_panel_debris_metal_set_metal_01_g
image,#i_mtl_p8_panel_debris_metal_set_metal_01_n
image,#i_mtl_p8_panel_debris_metal_set_metal_01_o
image,d#i_mtl_p8_panel_debris_metal_set_metal_01_m
image,#hash_42cb3e7485296e90
image,#hash_42cb3f7485297043
image,#i_mtl_p8_wep_gun_storage_light_n
image,#i_mtl_p8_wep_gun_storage_light_c
image,#i_mtl_p7_sin_signage_prohibit_entry_s
image,#i_mtl_p7_sin_signage_prohibit_entry_g
image,#i_mtl_p7_sin_signage_prohibit_entry_n
image,d#i_p7_foliage_tree_heath_trunk_m
image,#i_t8_plaster_peeling_01_c
image,#i_t8_plaster_peeling_01_n
image,#i_t8_plaster_peeling_01_m
image,#i_t8_decal_tech_detail_high_tech_33_sml_g
image,#i_t8_decal_tech_detail_high_tech_33_sml_n
image,d#fxt_fog_slow_sm_anim
image,d#i_mtl_t8_spa_statue_metal_01_micro_metal_bronze_g
image,#i_mtl_t8_spa_statue_metal_01_micro_metal_bronze_n
image,#hash_43272eacf0a72908
image,#i_t7_glass_dirty_dome_01_g
image,#hash_433e25062b8dd6f6
image,#i_mtl_p7_satellite_dish_01_ribbing_c
image,#i_mtl_p7_satellite_dish_01_ribbing_n
image,#hash_436c8b4f0fc7d159
image,#hash_4379378b40b80b72
image,#hash_43793b8b40b8123e
image,#hash_43793c8b40b813f1
image,#hash_437a7f632cead554
image,#i_veh_t8_mil_truck_hemtt_exterior_03_dead_multi_m
image,#hash_4394a815cd4f5383
image,#i_c_t7_battery_body1_pants
image,#i_t7_glass_reinforced_01_c
image,#i_t7_glass_reinforced_01_g
image,#i_t7_glass_reinforced_01_n
image,d#i_mtl_veh_t8_rubber_burned_n
image,#i_mtl_p7_shr_wood_decal_grid_c
image,#i_mtl_p7_shr_wood_decal_grid_n
image,#i_t8_crate_medical_resource_bottom_01_n
image,#i_t8_crate_medical_resource_bottom_01_m
image,#i_veh_t8_mil_truck_hemtt_decal_interior_24_r
image,#i_veh_t8_mil_truck_hemtt_decal_interior_24_n
image,#hash_43fcca6df7adb961
image,#i_mtl_p8_pallet_rack_set_metal_03_m
image,#i_mtl_p8_pallet_rack_set_metal_03_n
image,#i_veh_t8_mil_truck_hemtt_generator_01_n
image,#i_veh_t8_mil_truck_hemtt_generator_01_o
image,#i_p7_tiedown_straps_01_black_c
image,#i_mtl_veh_t7_dmg_scrapes_chips_7_s
image,#i_mtl_veh_t7_dmg_scrapes_chips_7_g
image,#i_mtl_veh_t7_dmg_scrapes_chips_7_c
image,d#i_mtl_veh_t8_decal_burntstain_01_c
image,d#i_t7_metal_bare_worn_01_s
image,#i_veh_t8_mil_truck_hemtt_glass_n
image,d#core_metal_med_g
image,#i_t8_snow_ice_slushed_02_n
image,#i_t8_rock_granite_rough_01_blend_r
image,#hash_44422a652326f052
image,#hash_44422b652326f205
image,#hash_44422e652326f71e
image,#i_c_t7_techno_body1_straps_n
image,#i_c_t7_techno_body1_straps_c
image,#i_t7_metal_edge_wear_03_s
image,#i_t7_metal_edge_wear_03_n
image,#i_t7_metal_edge_wear_03_c
image,d#i_t7_metal_edge_wear_03_g
image,#i_c_t7_warrior_body1_lights_n
image,#i_c_t7_warrior_body1_lights_e
image,#i_c_t7_warrior_body1_lights_c
image,d#i_t7_decal_grunge_burnt_stain_02_g
image,#i_t7_ban_metal_perforated_panel_s
image,#i_t7_ban_metal_perforated_panel_c
image,#i_t7_ban_metal_perforated_panel_g
image,#i_t7_ban_metal_perforated_panel_o
image,#i_t7_ban_metal_perforated_panel_n
image,d#fxt8_smk_md_thick_lobe_anim
image,#i_mtl_p7_foliage_grass_dry_02_snow_proxy_albedo
image,#i_mtl_p7_spl_first_aid_box_m
image,#i_mtl_p7_spl_first_aid_box_o
image,#i_mtl_p7_spl_first_aid_box_n
image,#hash_449f1b8937fd8709
image,#i_mtl_p8_ice_rock_pile_02_n
image,#i_mtl_p8_ice_rock_pile_02_o
image,#i_t7_ban_concrete_poured_bunker_dirty_01_c
image,#i_mtl_p8_chi_comm_antenna_roof_dirt_02_c
image,#i_mtl_p7_door_metal_industrial_dent_m
image,#i_mtl_p7_door_metal_industrial_dent_n
image,#i_mtl_p7_door_metal_industrial_dent_o
image,#hash_44bd70c61519c824
image,#i_mtl_p7_zm_asc_pipe_modular_02_n
image,#i_mtl_p7_zm_asc_pipe_modular_02_m
image,#hash_44d603e3b67f2d75
image,#hash_44d6295c96d628f0
image,#i_veh_t8_mil_truck_hemtt_decal_interior_09_c
image,#hash_44d6315c96d63688
image,#i_veh_t8_mil_truck_hemtt_decal_interior_09_n
image,#i_mtl_p8_ice_signage_triangle_01_g
image,#i_mtl_p8_ice_signage_triangle_01_n
image,#i_mtl_p8_ice_signage_triangle_01_s
image,#i_mtl_p8_wep_wall_reinforced_set_frame_03_n
image,#i_t7_decal_grunge_pool_silt_01_r
image,d#i_mtl_p8_foliage_grass_blades_tall_set_d_c
image,d#i_mtl_p8_foliage_grass_blades_tall_set_d_n
image,d#i_mtl_p8_foliage_grass_blades_tall_set_d_t
image,d#i_t7_glass_reinforced_hex_n
image,#i_mtl_p8_box_electric_commercial_rust_decal_01_c
image,#i_mtl_p8_box_electric_commercial_rust_decal_01_n
image,#hash_4547f513bebfb8e0
image,#i_mtl_p8_chi_satellite_roof_metal_back_04_m
image,d#i_t8_decal_grunge_rust_01_blend_n
image,#i_t8_decal_grunge_rust_01_blend_m
image,d#i_t8_decal_grunge_rust_01_blend_g
image,d#i_t8_decal_grunge_rust_01_blend_c
image,d#i_t8_decal_grunge_rust_01_blend_r
image,#i_t8_decal_metal_trim_rivets_n
image,#i_mtl_p7_duct_metal_square_straight_64_n
image,#i_mtl_p7_duct_metal_square_straight_64_o
image,#i_mtl_p7_pipe_pvc_drain_fittings_01_c
image,#i_mtl_p7_pipe_pvc_drain_fittings_01_n
image,d#fxt_lf_grime_dusty_01
image,#i_veh_t8_mil_truck_hemtt_exterior_04_multi_m
image,#i_mtl_p7_ris_crane_tower_set_02_02_m
image,#i_mtl_p7_ris_crane_tower_set_02_02_n
image,#i_mtl_p8_ice_rock_04_dark_c
image,#i_mtl_p7_sgen_gen_lab_sink_decal_c
image,d#i_t8_micro_metal_painted_02_g
image,d#i_t7_metal_trim_no_rivets_01_m
image,d#i_t7_metal_trim_no_rivets_01_n
image,#i_t7_decal_line_horizontal_black_thin_c
image,#i_t7_decal_line_horizontal_black_thin_n
image,#i_t7_metal_beam_trim_03_n
image,#i_t7_metal_beam_trim_03_c
image,#hash_45e40a713242ec05
image,d#i_t8_micro_metal_bare_scuffed_02_g
image,#i_mtl_p8_pipe_metal_hp_4_01_m
image,#i_mtl_p8_pallet_rack_set_decal_02_c
image,#i_mtl_p8_pallet_rack_set_decal_02_r
image,#i_p8_mp_bomb_crate_whole_destroyed_trim_n
image,#i_p8_mp_bomb_crate_whole_destroyed_trim_r
image,#i_t7_micro_stone_granite_floor_tile_01_m
image,#i_t7_concrete_floor_broken_01_n
image,#i_mtl_p7_barricade_gate_metal_hinge_b_metal_n
image,#hash_463f9a9e7f5429c6
image,#i_t8_reveal_dust_01_r
image,#hash_4648b14b70f839c0
image,#i_p8_ice_metal_pillar_01_metal_r
image,#i_mtl_p7_electrical_cabinet_09_g
image,#i_mtl_p7_electrical_cabinet_09_c
image,#i_mtl_p7_electrical_cabinet_09_n
image,#i_mtl_p8_wep_gun_storage_components_n
image,#i_mtl_p8_wep_gun_storage_components_m
image,#i_c_gen_reveal_512_rec_horiz_r
image,d#i_t7_micro_metal_grunge_galvanized_02_c
image,d#hash_4670b2f2fb7ccf46
image,#hash_4671f3e86f9b01a2
image,#hash_4671f4e86f9b0355
image,#i_mtl_p7_zm_ctl_console_deathray_set_metal01_m
image,#hash_467d5102237b8eff
image,d#hash_467d5402237b9418
image,d#hash_467d5502237b95cb
image,d#i_t7_glass_dirty_grimes_01_c
image,d#i_t7_glass_dirty_grimes_01_g
image,#i_mtl_p7_medical_first_aid_case_01_metal2_n
image,#i_mtl_p7_medical_first_aid_case_01_metal2_m
image,d#fxt8_fog_slow_sm_anim
image,#i_mtl_p8_box_electric_commercial_decal_sign_01_c
image,#i_t8_glass_overlay_grunge_c
image,#i_mtl_t8_metal_lo_tech_panel_tile_02_g
image,#hash_46c498445c478d40
image,#i_veh_t8_mil_truck_hemtt_decal_interior_70_c
image,d#i_mtl_p8_col_conveyor_unit_metal_scratch_m
image,#i_t8_silo_snow_wave_r
image,#i_t8_silo_snow_wave_n
image,#i_mtl_p7_cai_back_rail_wall_aluminum_g
image,d#i_c_gen_reveal_128_sq_r
image,#i_veh_t8_decal_grunge_oil_stain_01_c
image,#i_mtl_p7_machine_pipe_module_02_n
image,#i_p7_fxanim_fray_brown_01_c
image,#i_t7_metal_worn_painted_graphite_dirty_g
image,#hash_4717d2150ee45f5d
image,#hash_4717d5150ee46476
image,#hash_4717de150ee473c1
image,#i_mtl_p8_rolled_plastic_lining_n
image,#i_mtl_p8_box_electric_commercial_metal_chain_01_n
image,#i_mtl_p8_box_electric_commercial_metal_chain_01_m
image,#i_t8_decal_tech_detail_line_trim_04_n
image,#i_t8_decal_tech_detail_line_trim_04_o
image,#i_t7_decal_grunge_ceiling_water_stain_c
image,#i_mtl_t8_decal_grunge_rust_offset_01_blend_r
image,#hash_47474f283c2fe393
image,#hash_474750283c2fe546
image,#hash_474751283c2fe6f9
image,d#i_mtl_veh_t8_civ_forklift_modular_decal_diamond_raised_c
image,d#i_mtl_veh_t8_civ_forklift_modular_decal_diamond_raised_n
image,#hash_47638933b3562e0d
image,#i_mtl_p7_pallet_plastic_01_n
image,#i_mtl_p7_pallet_plastic_01_c
image,#i_mtl_p8_snow_plowed_01_n
image,#i_t8_metal_panel_ceiling_painted_01_o
image,#i_t8_metal_panel_ceiling_painted_01_n
image,#i_t8_metal_panel_ceiling_painted_01_g
image,#i_t8_metal_panel_ceiling_painted_01_c
image,#i_t7_ntx_plastic_scuffs_g
image,#hash_479337e7cb0b2a6f
image,#hash_479338e7cb0b2c22
image,#hash_479339e7cb0b2dd5
image,d#i_mtl_t8_metal_bare_dirty_01_s
image,d#i_t7_metal_bare_brushed_2_g
image,d#i_t7_metal_bare_brushed_2_n
image,d#i_t7_decal_blast_02_n
image,d#i_t7_decal_blast_02_c
image,d#i_p8_mp_bomb_crate_stencil_c
image,#i_p7_zm_asc_panel_glass_yellow_11_c
image,#hash_47b9bd2ead93d9ca
image,#hash_47b9be2ead93db7d
image,#i_p8_sil_icbm_conveyor_warhead_skids_o
image,#i_p8_sil_icbm_conveyor_warhead_skids_n
image,#i_mtl_t7_metal_grating_expanded_n
image,#i_mtl_t7_metal_grating_expanded_c
image,#i_mtl_p7_tie_rod_metal_01_m
image,#i_mtl_p7_tie_rod_metal_01_n
image,#i_mtl_p8_ice_signage_rectangle_vert_01_s
image,#i_mtl_p8_ice_signage_rectangle_vert_01_n
image,#i_mtl_p8_ice_signage_rectangle_vert_01_g
image,#i_t7_metal_rust_03_n
image,#i_t7_metal_rust_03_c
image,#i_mtl_p7_electrical_box_set2_meterbox_n
image,#i_mtl_p7_electrical_box_set2_meterbox_c
image,d#detail_map_painted_metal_n
image,#i_mtl_p8_foliage_branch_pile_dry_leaf_02_n
image,#i_mtl_p8_foliage_branch_pile_dry_leaf_02_c
image,#i_mtl_p7_rus_foliage_grass_snow_r
image,#i_t7_concrete_bare_weathered_01_n
image,#i_t7_barrel_vintage_metal_bolts_n
image,#i_t7_barrel_vintage_metal_bolts_r
image,#i_mtl_p7_duct_metal_circular_support_n
image,#i_mtl_p7_duct_metal_circular_support_o
image,#i_mtl_p7_duct_metal_circular_support_c
image,d#tv_lookup
image,d#fxt8_light_incandescent_hot_mask
image,#i_veh_t8_mil_truck_hemtt_undercarrige_multi_m
image,#i_t8_zm_esc_concrete_slabs_dust_2x2_r
image,#i_t8_zm_esc_concrete_slabs_dust_2x2_c
image,d#i_veh_t8_decal_panel_03_o
image,d#i_veh_t8_decal_panel_03_n
image,d#hash_48311ecdf06104ad
image,d#i_veh_t8_decal_panel_03_c
image,d#i_veh_t8_decal_panel_03_g
image,d#i_veh_t8_decal_panel_03_s
image,d#i_veh_t8_decal_panel_03_r
image,d#i_veh_t8_decal_panel_03_t
image,d#i_mtl_p7_barrier_block_concrete_decal_c
image,d#hash_4833d73f70678797
image,d#i_mtl_veh_t8_civ_forklift_modular_interior_door_n
image,d#i_mtl_veh_t8_civ_forklift_modular_interior_door_o
image,#i_t7mp_cry_decal_tech_details_01_a
image,#i_t8_metal_jnt_pipe_ceiling_01_s
image,#i_t8_metal_jnt_pipe_ceiling_01_g
image,#i_t8_metal_jnt_pipe_ceiling_01_c
image,#i_t8_metal_jnt_pipe_ceiling_01_n
image,#i_t8_metal_jnt_pipe_ceiling_01_o
image,#i_t7_concrete_bare_dark_01_g
image,#i_t7_concrete_bare_dark_01_c
image,#i_t7_concrete_bare_dark_01_n
image,#i_t7_zm_sta_console_metal_02_c
image,#i_p8_sil_icbm_conveyor_crane_arm_n
image,#i_p8_sil_icbm_conveyor_crane_arm_o
image,#i_p8_sil_icbm_conveyor_crane_arm_m
image,#i_t8_silo_snow_chunky_o
image,#i_t8_silo_snow_chunky_n
image,#i_t8_silo_snow_chunky_h
image,#i_mtl_p7_fan_industrial_metal_02_mounting_m
image,#i_mtl_p7_fan_industrial_metal_02_mounting_n
image,#hash_489100a8f83a7690
image,#hash_489101a8f83a7843
image,#hash_489102a8f83a79f6
image,d#i_mtl_p8_news_ren_beer_box_01_n
image,#hash_4894fd4246074af3
image,#i_mtl_p7_bag_cement_dust_n
image,#i_t8_mylar_insulation_damaged_01_g
image,#shadow
image,#i_t7_decal_lab_monitor_01_c
image,#hash_48b3a95a51e13415
image,#i_mtl_p7_eth_light_hang_01_metal1_detailmaps1_n
image,#i_mtl_p7_eth_light_wall_02_decal2_c
image,#hash_48df2591082059ae
image,#hash_48df269108205b61
image,d#i_mtl_t8_decal_trim_weld_01_metal_n
image,d#i_mtl_t8_decal_trim_weld_01_metal_r
image,#hash_48e55c7803335b2b
image,d#i_t7_metal_paint_worn_g
image,d#i_t7_metal_paint_worn_n
image,#i_mtl_p8_ice_gas_console_panel_06_m
image,#i_mtl_p8_ice_gas_console_panel_06_n
image,#i_mtl_p8_ice_gas_console_panel_06_o
image,d#i_mtl_veh_t8_civ_forklift_modular_decal_paint_text_bax133_dirty_c
image,#i_mtl_p8_streetpost_siren_set_steel_n
image,#i_mtl_p8_streetpost_siren_set_steel_m
image,d#i_c_cyberhand_viewmodel_dni_r
image,#i_mtl_p8_centrifuge_device_dmg_rust_decal_01_c
image,#i_mtl_p8_centrifuge_device_dmg_rust_decal_01_n
image,d#i_t7_decal_grunge_dirt_base_01_c
image,#i_mtl_p8_kit_col_row_01_corner_dmg_01_c
image,#i_mtl_p8_kit_col_row_01_corner_dmg_01_n
image,#i_mtl_p8_kit_col_row_01_corner_dmg_01_m
image,d#i_veh_t8_weathered_paint_03_g
image,#i_mtl_p7_light_round_spot_n
image,d#i_mtl_p7_zm_asc_airduct_metal_set_decal_01_c
image,d#i_mtl_p7_zm_asc_airduct_metal_set_decal_01_n
image,#i_mtl_p8_ice_foliage_shrub_01_set_twig_03_t
image,#i_mtl_p8_ice_foliage_shrub_01_set_twig_03_c
image,#i_mtl_p8_ice_foliage_shrub_01_set_twig_03_n
image,#hash_49834890353742d4
image,d#i_mtl_t7_concrete_wall_damage_01_c
image,#i_t7_dlc1_decal_signage_caution_mark_c
image,#i_c_t7_warrior_body1_pants_c
image,#i_c_t7_warrior_body1_pants_g
image,#i_c_t7_warrior_body1_pants_o
image,#i_mtl_p8_ice_med_rock_02_01_dark_c
image,#hash_49c6ba1f2f962b5a
image,#i_veh_t8_mil_truck_hemtt_supension_02_n
image,#i_veh_t8_mil_truck_hemtt_supension_02_o
image,d#i_t8_micro_asphalt_new_n
image,#i_c_ega_soldier_3_grenade_s
image,#i_c_ega_soldier_3_grenade_g
image,#i_c_ega_soldier_3_grenade_c
image,#i_c_ega_soldier_3_grenade_n
image,#i_t7_micro_metal_cast_iron_n
image,#i_veh_t8_mixmap_06_r
image,d#i_t7_glass_grey_50_c
image,#i_mtl_p8_foliage_branch_pile_cards_05_c
image,#i_mtl_p8_foliage_branch_pile_cards_05_n
image,d#fxt8_fire_inferno_tall_anim_alpha
image,d#$whitetransparent_color
image,d#$black_specular
image,d#i_mtl_p7_toolbox_handheld_small_red_s
image,d#i_mtl_p7_toolbox_handheld_small_red_g
image,d#i_mtl_p7_toolbox_handheld_small_red_c
image,d#i_mtl_p7_toolbox_handheld_small_red_n
image,d#i_mtl_p7_toolbox_handheld_small_red_o
image,d#hash_4a43c3f62f79d05a
image,#i_mtl_p8_fire_extinguisher_01_dmg_decal_01_n
image,#i_mtl_p8_fire_extinguisher_01_dmg_decal_01_c
image,#hash_4a4d143d61d1099c
image,#i_mtl_veh_t8_mil_truck_cargo_bed_wheel_tire_o
image,#i_mtl_veh_t8_mil_truck_cargo_bed_wheel_tire_n
image,#i_mtl_veh_t8_mil_truck_cargo_bed_wheel_tire_m
image,#i_t7_plastic_white_worn_01_c
image,d#i_t7_plastic_white_worn_01_n
image,#i_mtl_p8_tank_fuel_01_set_screw_model_n
image,#i_mtl_p8_tank_fuel_01_set_screw_model_m
image,#i_mtl_p8_col_rock_cliff_large_01ab_o
image,#i_mtl_p8_col_rock_cliff_large_01ab_n
image,#hash_4a6259638cc386af
image,#i_c_gen_african_insidemouth_teeth_c
image,#i_mtl_p7_cai_security_room_modular_window_frame_c
image,#i_mtl_p7_cai_security_room_modular_window_frame_g
image,#i_mtl_p7_cai_security_room_modular_window_frame_n
image,#i_mtl_p7_cai_security_room_modular_window_frame_o
image,#i_mtl_p7_cai_security_room_modular_window_frame_s
image,#i_mtl_p8_zm_esc_gun_gallery_metal_beam_01_n
image,#i_mtl_p8_zm_esc_gun_gallery_metal_beam_01_o
image,#i_c_t7_techno_body1_baremetal_ir
image,#i_veh_t8_civ_snowcat_radiator_r
image,#i_veh_t8_civ_snowcat_radiator_n
image,#i_mtl_p8_ice_rock_04_n
image,d#i_t8_micro_metal_wavy_sheet_painted_n
image,#hash_4a981d71d9f8f5ef
image,#i_mtl_p7_signage_caution_flammable_02_c
image,#i_t8_decal_tech_detail_high_tech_77_n
image,#i_t8_decal_tech_detail_high_tech_77_o
image,#i_t8_decal_tech_detail_high_tech_77_g
image,#i_t8_decal_tech_detail_high_tech_77_c
image,#i_t8_zm_esc_concrete_dirty_n
image,d#i_t7_vista_decal_grunge_rust_01_c
image,d#$color_black_40
image,d#i_mtl_p8_crate_metal_military_medium_03_m
image,d#i_veh_t8_metal_paint_worn_white_c
image,#hash_4b0efdbc52580251
image,#i_veh_t8_civ_ssnowcat_plow_03_n
image,d#fxt8_light_ray_solid_wide
image,#i_mtl_p7_door_metal_rolling_02_metal_04_c
image,#i_mtl_p7_door_metal_rolling_02_metal_04_g
image,#i_mtl_p7_door_metal_rolling_02_metal_04_n
image,#i_mtl_p7_door_metal_rolling_02_metal_04_s
image,d#i_mtl_mtl_veh_t8_mil_helicopter_transport_attach_04_ir
image,#hash_4b3cc438526044ce
image,#i_c_t7_emissive_b_e
image,#i_t8_decal_damage_plaster_spread_01_c
image,#i_wpn_t8_shotgun_pump_bolt_base_c
image,d#i_mtl_veh_t8_civ_forklift_modular_decal_paint_text_nostep_clean_c
image,#hash_4bb9deec0d353283
image,#hash_4bb9e5ec0d353e68
image,#i_mtl_p8_zm_zod_cagelight_industrial_leak_c
image,#i_t8_decal_damage_asphalt_cracks_01_r
image,#i_t8_decal_damage_asphalt_cracks_01_g
image,#i_t8_decal_damage_asphalt_cracks_01_n
image,d#fxt8_spark_streak_long_hdr
image,d#i_wpn_t8_eqp_briefcase_bomb_top_o
image,d#i_wpn_t8_eqp_briefcase_bomb_top_n
image,d#i_wpn_t8_eqp_briefcase_bomb_top_c
image,d#i_wpn_t8_eqp_briefcase_bomb_top_g
image,d#i_wpn_t8_eqp_briefcase_bomb_top_s
image,#i_c_t7_warrior_head1_haircards_n
image,#i_c_t7_warrior_head1_haircards_c
image,#hash_4bec7b1088f0ad32
image,#i_mtl_p8_ice_rock_pile_01_o
image,#i_mtl_p8_ice_rock_pile_01_n
image,#i_t7_decal_grunge_water_puddle_02_r
image,#i_veh_t8_gore_01_g
image,#hash_4c2147f49dcb7dc4
image,#hash_4c2148f49dcb7f77
image,#hash_4c214cf49dcb8643
image,#i_veh_t8_mil_truck_hemtt_generator_02_o
image,#i_veh_t8_mil_truck_hemtt_generator_02_n
image,#i_t7_micro_wood_oak_unfinished_n
image,#i_t7_micro_wood_oak_unfinished_c
image,#hash_4c30982b89b51e71
image,#i_t7_glass_snow_buildup_01_backlit_g
image,#i_t7_glass_snow_buildup_01_backlit_c
image,d#i_mtl_t8_micro_metal_rust_01_n
image,#hash_4c33ed60b506b2fc
image,#hash_4c33f260b506bb7b
image,#i_mtl_p8_foliage_grass_blades_tall_lrg_proxy_distance
image,#i_mtl_p8_ice_large_rock_01_dark_c
image,#hash_4c6a476527a0d459
image,#hash_4c6a526527a0e70a
image,#hash_4c6a536527a0e8bd
image,#i_mtl_p8_zm_zod_gooseneck_grime_c
image,d#i_mtl_p8_zm_zod_gooseneck_grime_r
image,#i_t7_metal_edge_wear_02_s
image,#i_t7_metal_edge_wear_02_c
image,#i_t7_metal_edge_wear_02_g
image,d#fxt_smk_puff_light_varied
image,#i_t7_glass_smart_01_n
image,#hash_4c8d894568a3f7af
image,#hash_4c8d8c4568a3fcc8
image,#i_t7_asphalt_bleached_c
image,d#i_mtl_p8_ice_med_rock_02_03_n
image,#i_mtl_p8_ice_med_rock_02_03_o
image,#i_mtl_p8_col_conveyor_unit_logo_04_c
image,#i_mtl_p7_door_metal_security_02_decal_c
image,#i_mtl_p7_door_metal_security_02_decal_n
image,#i_mtl_p8_box_electric_commercial_decal_vent_01_drk_n
image,#i_mtl_p8_box_electric_commercial_decal_vent_01_drk_c
image,d#i_t7_micro_plastic_rough_02_n
image,d#i_t7_micro_plastic_rough_02_g
image,d#i_t7_micro_plastic_rough_02_c
image,d#hash_4cd964cf8ab40f77
image,d#i_mtl_veh_t8_civ_forklift_modular_body_04_n
image,d#i_mtl_veh_t8_civ_forklift_modular_body_04_o
image,#hash_4cd98726643289f2
image,#hash_4cd9882664328ba5
image,#hash_4cd99c266432ada1
image,#i_mtl_p8_snow_pile_01_n
image,d#fxt_smk_puff_volume_varied
image,#i_veh_t8_mil_truck_hemtt_frame_01_multi_m
image,#afr_floor_burnt_02_dec_col
image,#i_mtl_p7_lightswitch_ledl_m_sensor_n
image,#i_mtl_p7_lightswitch_ledl_m_sensor_c
image,d#i_t8_micro_plastic_tarp_01_c
image,#i_t8_micro_plastic_tarp_01_n
image,#hash_4d100babe89f57ac
image,#hash_4d100eabe89f5cc5
image,#hash_4d1e7fff22660378
image,#i_c_t7_warrior_body1_arm_c1_c
image,#i_c_t7_warrior_body1_arm_c1_g
image,#i_c_t7_warrior_body1_arm_c1_n
image,#i_c_t7_warrior_body1_arm_c1_o
image,#i_c_t7_warrior_body1_arm_c1_s
image,#i_mtl_p8_chi_circular_grating_decal_grunge_calcium_alt_blend_r
image,d#i_t8_micro_metal_bare_scuffed_01_g
image,d#i_t7_detail_threadplate_01
image,#i_t7_ra2_rock_ember_emissive_e
image,#hash_4d52205a7dc588e5
image,#hash_4d52335a7dc5a92e
image,#hash_4d52345a7dc5aae1
image,#i_mtl_p8_pallet_rack_set_decal_03_n
image,#i_mtl_p8_pallet_rack_set_decal_03_c
image,d#i_t7_micro_grunge_pool_silt_01_n
image,d#i_t7_micro_grunge_pool_silt_01_c
image,#i_t7_decal_grunge_snow_scorching_01_c
image,#i_c_t7_techno_body1_arm_rt_ir
image,#i_mtl_p7_glo_bomb_stack_06_g
image,#i_mtl_p7_glo_bomb_stack_06_c
image,#i_mtl_p7_glo_bomb_stack_06_n
image,#i_t8_decal_graphics_street_sign_circle_turn_right_01_c
image,d#i_t7_decal_grunge_brick_stain_03_r
image,d#fxt8_fire_sm_base_anim_alpha
image,#i_t7_decal_signage_numbers_c
image,#i_veh_t8_mil_truck_hemtt_decal_interior_27_n
image,#i_veh_t8_mil_truck_hemtt_decal_interior_27_c
image,#hash_4dd8db6dfd9ad084
image,#i_t7_decal_damage_burn_impact_02_n
image,#i_mtl_veh_t7_dmg_scrapes_chips_4_o
image,#i_mtl_veh_t7_dmg_scrapes_chips_4_n
image,#i_mtl_veh_t7_dmg_scrapes_chips_4_c
image,#i_mtl_veh_t7_dmg_scrapes_chips_4_g
image,#i_p8_ice_control_consoles_wall_01_n
image,#i_p8_ice_control_consoles_wall_01_o
image,d#hash_4e050f99ae18216a
image,#hash_4e069890e034c733
image,#i_mtl_p8_ice_snow_plowwall_01_o
image,#i_mtl_p8_ice_snow_plowwall_01_n
image,#hash_4e109a8735a94a24
image,#i_t7_concrete_gunite_pool_01_n
image,#i_t7_concrete_gunite_pool_01_c
image,#i_mtl_p7_ground_table_cloth_torn_n
image,#i_mtl_p7_ground_table_cloth_torn_m
image,#i_mtl_p7_ground_table_cloth_torn_c
image,#hash_4e1efccd31e89fd2
image,#hash_4e1efdcd31e8a185
image,#hash_4e1f11cd31e8c381
image,#i_p7_zm_asc_panel_glass_yellow_10_c
image,#hash_4e29ac40ce215293
image,#hash_4e383706a5b19961
image,#i_mtl_p7_machine_pipe_module_01_n
image,d#i_mtl_p7_stepladder_n
image,d#i_mtl_p7_stepladder_o
image,d#i_mtl_p7_stepladder_g
image,d#i_mtl_p7_stepladder_c
image,d#i_mtl_p7_stepladder_s
image,#hash_4e5a5c71aea92069
image,#hash_4e5a6371aea92c4e
image,#hash_4e5a6771aea9331a
image,#i_mtl_p7_pipe_metal_hp_54_metal_02_n
image,#i_mtl_p7_pipe_metal_hp_54_metal_02_g
image,#i_mtl_p7_pipe_metal_hp_54_metal_02_c
image,#i_c_t7_warrior_body1_dark_ir
image,#i_t7_metal_bare_tarnished_g
image,d#hash_4e68ae93dfda352d
image,d#i_t8_decal_tech_detail_high_tech_03_g
image,d#i_t8_decal_tech_detail_high_tech_03_c
image,d#i_t8_decal_tech_detail_high_tech_03_o
image,d#i_t8_decal_tech_detail_high_tech_03_n
image,#hash_4e79e63a3a790ee6
image,#hash_4e7a023a3a793e7a
image,#hash_4e7a033a3a79402d
image,#i_mtl_p7_mou_electrical_panel_set_metal_02_n
image,#hash_4e9771f937aa5457
image,d#i_t7_micro_metal_grunge_galvanized_01_n
image,d#i_t7_micro_metal_grunge_galvanized_01_c
image,d#i_t7_micro_metal_grunge_galvanized_01_g
image,d#i_t7_micro_metal_grunge_galvanized_01_s
image,#i_mtl_p8_ice_floorpath_01_m
image,#i_mtl_p8_ice_floorpath_01_n
image,#i_mtl_p8_ice_floorpath_01_o
image,#ch_metal_rusty_01_col
image,#hash_4ec9e84c60d0a7b9
image,#hash_4ee419c7f50e2f38
image,#hash_4ee41bc7f50e329e
image,#hash_4ee41cc7f50e3451
image,d#i_t7_detail_stucco_01
image,#jun_art_metal_paintchip_gray_c
image,#hash_4ef3844be1bf667d
image,#hash_4ef3874be1bf6b96
image,#hash_4ef3884be1bf6d49
image,#i_t8_rock_rough_01_n
image,#i_t8_rock_rough_01_c
image,d#i_mtl_veh_t8_mil_helicopter_transport_blade_blur_c
image,d#i_t8_rubber_mat_worn_02_n
image,#i_t7_metal_worn_steel_base_s
image,d#i_t7_metal_worn_steel_base_n
image,d#i_t7_metal_worn_steel_base_c
image,d#i_t7_metal_worn_steel_base_g
image,#hash_4f219cb5fdb836a8
image,#hash_4f219db5fdb8385b
image,#hash_4f219eb5fdb83a0e
image,#i_c_t7_warrior_body1_arm_a1_ir
image,d#fxt8_light_core_hot_mask
image,d#i_mtl_veh_t8_civ_forklift_modular_decal_ring_sunken_n
image,d#i_mtl_veh_t8_civ_forklift_modular_decal_ring_sunken_c
image,#i_mtl_p8_chi_satellite_roof_metal_back_05_m
image,d#i_t8_decal_trim_weld_01_normal_n
image,d#i_t8_decal_trim_weld_01_normal_m
image,#i_t8_decal_trim_weld_01_normal_c
image,#i_t8_decal_graphics_text_ice_8_r
image,#i_mtl_p8_col_rock_cliff_large_01b_dark_c
image,#i_mtl_p8_col_rock_cliff_large_01c_c
image,#i_mtl_p8_col_rock_cliff_large_01c_o
image,#i_mtl_p8_col_rock_cliff_large_01c_n
image,#i_mtl_p8_col_rock_cliff_large_01c_m
image,#hash_4f81d75515983514
image,#i_mtl_p7_cai_security_room_modular_panels_1_o
image,#i_mtl_p7_cai_security_room_modular_panels_1_n
image,#i_mtl_p7_cai_security_room_modular_panels_1_g
image,#i_mtl_p7_cai_security_room_modular_panels_1_s
image,#i_t7_plastic_accordian_rubber_c
image,#i_t7_plastic_accordian_rubber_n
image,#i_mtl_p7_toolbox_handheld_small_blue_c
image,#i_mtl_p8_ice_large_rock_05_dark_c
image,#i_t7_camo_scribe_metal_s
image,#i_c_t7_techno_body1_torso_armor_ir
image,#i_mtl_p8_box_electric_commercial_glass_01_c
image,#i_mtl_p8_box_electric_commercial_glass_01_g
image,#i_t7_dirt_fertile_r
image,#i_t7_dirt_fertile_c
image,#hash_4fe2052eb20e06e2
image,#hash_4fe2062eb20e0895
image,#i_mtl_mtl_p7_light_round_spot_e
image,#i_t7_decal_lab_monitor_02_c
image,#hash_4fff06d9b23a092f
image,#hash_4fff07d9b23a0ae2
image,#hash_4fff08d9b23a0c95
image,#i_mtl_p7_foliage_tree_ponderosa_pine_bark_snow_r
image,#i_c_hro_player_cyberarm_viewarm_ir
image,d#i_veh_t8_decal_bolt_03_n
image,d#i_veh_t8_decal_bolt_03_o
image,d#i_veh_t8_decal_bolt_03_c
image,#i_mtl_p8_streetpost_siren_set_metal_02_n
image,#i_mtl_p8_streetpost_siren_set_metal_02_m
image,#i_t7_metal_panels_2x4_n
image,#i_t7_metal_panels_2x4_o
image,#i_p8_ice_backroom_wall_tank_module_corner_n
image,#i_p8_ice_backroom_wall_tank_module_corner_o
image,d#fxt8_spark_shower_core_sparse_hdr
image,#i_c_t7_warrior_head1_headgear_n
image,#i_c_t7_warrior_head1_headgear_c
image,#i_c_t7_warrior_head1_headgear_e
image,#i_c_t7_warrior_head1_headgear_g
image,#i_mtl_p7_rus_handrail_modular_n
image,#i_mtl_p7_rus_handrail_modular_m
image,#i_mtl_p8_cell_antenna_roof_metal_02_m
image,#i_t8_water_ocean_mp_ve_n
image,d#i_c_t7_battery_10_ir
image,d#$color
image,#i_t8_decal_tech_detail_line_trim_04_metal_c
image,#i_mtl_p8_missile_rack_metal_01_m
image,#i_mtl_p7_usa_tree_bridge_connector_fence_s
image,#i_mtl_p7_usa_tree_bridge_connector_fence_c
image,#i_mtl_p7_usa_tree_bridge_connector_fence_g
image,#i_mtl_p7_usa_tree_bridge_connector_fence_n
image,d#i_veh_t8_decal_text_access_ext_c
image,#i_mtl_p8_foliage_tree_spruce_norway_tall_snow_proxy_albedo
image,#i_t8_metal_grate_trim_g
image,#i_t8_metal_grate_trim_c
image,#i_t8_metal_grate_trim_o
image,#i_t8_metal_grate_trim_n
image,#i_t8_micro_metal_painted_01_g
image,d#i_t7_micro_plastic_02_c
image,#i_t7_metal_trim_no_rivets_02_n
image,#i_c_t7_mp_common_pouch2_g
image,#i_c_t7_mp_common_pouch2_n
image,#i_mtl_p7_zm_der_trap_bracket_n
image,#i_mtl_p7_zm_der_trap_bracket_o
image,#i_mtl_p7_zm_der_trap_bracket_m
image,#i_p8_ice_communication_console_01_metal_01_g
image,#i_t8_zm_esc_stain_grunge_leaks_potassium_01_r
image,d#i_t7_detail_concrete_01
image,d#i_t7_detail_concrete_02
image,#i_veh_t8_mil_truck_hemtt_decal_interior_71_n
image,#hash_509ff14462336bbb
image,#i_veh_t8_mil_truck_hemtt_decal_interior_71_c
image,#i_p8_sil_icbm_conveyor_bracket_b_o
image,#i_p8_sil_icbm_conveyor_bracket_b_n
image,#i_c_t7_warrior_body1_armor_light_o
image,#i_c_t7_warrior_body1_armor_light_n
image,#i_c_t7_warrior_body1_armor_light_c
image,#i_c_t7_warrior_body1_armor_light_g
image,d#core_cloth_dark_n
image,d#i_t7_decal_grunge_algae_wet_r
image,#i_veh_t8_civ_snowcat_hood_n
image,#i_veh_t8_civ_snowcat_hood_o
image,#i_veh_t8_civ_snowcat_hood_m
image,d#$occlusion_50
image,#hash_50ce11538773cee2
image,d#i_mtl_veh_t7_dlc_decal_grunge_rust_01_512_r
image,d#i_t7_micro_stone_mixed_03_r
image,#i_c_t7_warrior_body1_pouch1_c
image,#i_t8_decal_tech_detail_low_tech_08a_o
image,#i_c_t7_techno_head1_visor_ir
image,#i_mtl_p7_generator_unit_01_01_n
image,#i_mtl_p7_generator_unit_01_01_m
image,#hash_510ca4fb1c907946
image,d#i_mtl_veh_t8_civ_citycar_police_japan_siren_base_o
image,d#i_mtl_veh_t8_civ_citycar_police_japan_siren_base_n
image,#i_t7_zm_sta_decal_metal_low_tech_details_05_g
image,#i_t7_zm_sta_decal_metal_low_tech_details_05_c
image,#i_t7_zm_sta_decal_metal_low_tech_details_05_o
image,#i_t7_zm_sta_decal_metal_low_tech_details_05_n
image,#i_mtl_p8_foliage_branch_pile_cards_06_n
image,#i_mtl_p8_foliage_branch_pile_cards_06_c
image,d#i_mtl_p7_microtile_plaster_g
image,d#i_mtl_p7_microtile_plaster_c
image,#i_mtl_p8_generator_open_01_paint_metal_tintable_06_n
image,#i_mtl_p8_generator_open_01_paint_metal_tintable_06_m
image,#i_mtl_p7_zm_bgb_button_press_01_t
image,#i_mtl_p7_zm_bgb_button_press_01_c
image,#i_mtl_p7_zm_bgb_button_press_01_n
image,#i_t8_decal_tech_detail_high_tech_39_n
image,d#i_t8_micro_concrete_sidewalk_01
image,#i_mtl_p7_cai_security_room_modular_grill_c
image,#i_mtl_p7_cai_security_room_modular_grill_g
image,#i_mtl_p7_cai_security_room_modular_grill_n
image,#i_mtl_p7_cai_security_room_modular_grill_o
image,#i_mtl_p7_cai_security_room_modular_grill_s
image,#i_mtl_p7_debris_newspaper_01_n
image,#i_mtl_p7_debris_newspaper_01_c
image,#i_mtl_p8_ice_large_rock_01_n
image,#i_mtl_p8_ice_large_rock_01_o
image,#i_t7_snow_slushy_01_n
image,#i_t7_snow_slushy_01_g
image,d#i_t7_snow_slushy_01_c
image,#i_t7_snow_slushy_01_r
image,#hash_51d8d68f9e6efd52
image,#hash_51d8d78f9e6eff05
image,#hash_51d8db8f9e6f05d1
image,#hash_51d8df8f9e6f0c9d
image,#hash_51d8eb8f9e6f2101
image,#i_mtl_p7_crate_lab_plastic_locking_g
image,#i_mtl_p7_crate_lab_plastic_locking_c
image,#i_mtl_p7_crate_lab_plastic_locking_n
image,#i_mtl_p7_crate_lab_plastic_locking_s
image,#i_c_t7_techno_body1_neckwrap_ir
image,d#i_c_char_gear_dark_gray_ir
image,#i_mtl_p8_col_laptop_military_set_plastic02_m
image,#i_mtl_p8_col_laptop_military_set_plastic02_n
image,#hash_5206bf2693b3605c
image,d#i_t7_glass_edge_trim_n
image,#i_t7_glass_edge_trim_c
image,#hash_523077d4206196c1
image,d#i_veh_t8_decal_bolt_13_r
image,d#i_veh_t8_decal_bolt_13_o
image,d#i_veh_t8_decal_bolt_13_n
image,d#i_veh_t8_decal_bolt_13_c
image,#hash_5261d1108bf95d94
image,d#i_t8_glass_smartglass_cubes_01_n
image,#i_c_bc_femalesoldier_straps2_ao
image,#i_c_t7_techno_body1_coat_n
image,#i_c_t7_techno_body1_coat_c
image,#i_c_t7_techno_body1_coat_g
image,#hash_526cacd13b40b0bc
image,d#i_veh_t8_metal_painted_rough_01_g
image,#i_t8_zm_fro_metal_dark_charred_c
image,d#i_veh_t8_glass_dirty_grimes_01_512_g
image,#hash_528b1b47c72bedf2
image,d#hash_5293a7ace3bf02cd
image,#i_mtl_p7_mou_electrical_panel_set_pane_m
image,#i_mtl_p7_mou_electrical_panel_set_pane_n
image,#hash_529fd81aa1fce816
image,#hash_529fd91aa1fce9c9
image,#hash_52a020e0d3b7bc48
image,d#i_veh_t8_decal_sign_square_half_01_c
image,d#i_mtl_veh_t8_civ_forklift_modular_decal_vent_ac_n
image,d#i_mtl_veh_t8_civ_forklift_modular_decal_vent_ac_c
image,#hash_52afa00de73c2322
image,#hash_52bb2f910e0d64ec
image,#hash_52bb30910e0d669f
image,#hash_52bb44910e0d889b
image,#i_p8_mp_bomb_crate_whole_destroyed_palette_c
image,#i_p8_mp_bomb_crate_whole_destroyed_palette_n
image,d#detail_map_scratches_n
image,d#i_veh_t8_decal_bolt_10_other_n
image,#hash_52dbd4d57c7056e2
image,d#hash_52dbd8d57c705dae
image,d#hash_52dbd9d57c705f61
image,d#i_mtl_veh_t8_mil_helicopter_transport_decal_close_c
image,d#i_t8_decal_tech_detail_low_tech_07_c
image,d#i_t8_decal_tech_detail_low_tech_07_o
image,d#i_t8_decal_tech_detail_low_tech_07_n
image,#i_t8_decal_grunge_rust_stain_drain_n
image,#i_t8_decal_grunge_rust_stain_drain_c
image,d#fxt8_spark_streak_abnorm_hdr
image,#i_t8_concrete_wall_cast_02_rvl_r
image,#hash_531338576f1ece07
image,#hash_531339576f1ecfba
image,#hash_53133a576f1ed16d
image,#i_mtl_p8_ice_med_rock_02_04_o
image,d#i_mtl_p8_ice_med_rock_02_04_n
image,d#i_c_gen_detail_jeans_n
image,d#$wetness_ripples
image,#i_mtl_p8_zm_esc_gun_gallery_metal_beam_01_multi_m
image,d#i_t7_micro_stone_mixed_moss_c
image,#i_t7_micro_stone_mixed_moss_n
image,d#i_t7_micro_stone_mixed_moss_r
image,d#i_mtl_veh_t8_metal_worn_painted_graphite_g
image,#i_mtl_p8_ice_foliage_shrub_01_tall_02_proxy_normal
image,#i_mtl_p7_eth_light_hang_01_metal1_detailmaps2_n
image,#i_t8_decal_tech_detail_high_tech_18_c
image,#i_t8_decal_tech_detail_high_tech_18_g
image,#i_t8_decal_tech_detail_high_tech_18_o
image,#i_t8_decal_tech_detail_high_tech_18_n
image,#i_mtl_p8_wep_wall_metal_x_brace_set_metal02_m
image,#i_mtl_p8_pallet_rack_set_metal_01_c
image,#i_mtl_p8_pallet_rack_set_metal_01_n
image,#i_mtl_p8_pallet_rack_set_metal_01_m
image,#i_mtl_p7_zm_asc_door_gantry_metal_01_m
image,#i_p7_cable_electric_coiled_01_m
image,#i_p7_cable_electric_coiled_01_n
image,#i_veh_t8_mil_truck_hemtt_exterior_04_dead_multi_m
image,#i_mtl_p7_fir_crate_wood_set_decal01_c
image,#i_mtl_p7_panel_door_access_glass_c
image,#i_mtl_p7_panel_door_access_glass_g
image,#i_t7_plaster_ground_01_n
image,#i_mtl_p8_ice_gas_console_panel_05_o
image,#i_mtl_p8_ice_gas_console_panel_05_n
image,#i_mtl_p8_ice_gas_console_panel_05_m
image,#i_veh_t8_mil_truck_hemtt_decal_interior_34_c
image,#i_veh_t8_mil_truck_hemtt_decal_interior_34_n
image,d#fxt_distort_ring_hvy
image,#hash_53c2dbafce2e808f
image,#hash_53c2dcafce2e8242
image,#hash_53d73e247aa87caa
image,#i_p7_mtl_ven_market_kiosk_door_handle_01_s
image,#i_p7_mtl_ven_market_kiosk_door_handle_01_c
image,#i_p7_mtl_ven_market_kiosk_door_handle_01_g
image,#i_p7_mtl_ven_market_kiosk_door_handle_01_n
image,#i_t7_metal_chainlink_yellow_c
image,#i_t7_decal_grunge_concrete_drip_02_blend_m
image,#hash_5407ade3916b0875
image,d#hash_540e08336b6159be
image,#i_p8_sil_icbm_conveyor_01a
image,#i_p8_sil_icbm_conveyor_01b
image,d#core_metal_rusty_s
image,d#core_metal_rusty_g
image,#i_mtl_p7_zm_isl_fire_extinguisher_set_n
image,#i_mtl_p7_zm_isl_fire_extinguisher_set_m
image,#i_mtl_p7_door_cell_metal_distressed_metal02_m
image,#i_mtl_p7_door_cell_metal_distressed_metal02_n
image,#i_mtl_p8_tank_fuel_01_set_metal_rust_05_n
image,#i_mtl_p8_tank_fuel_01_set_metal_rust_05_c
image,#i_mtl_p7_debris_paper_sheet_01_c
image,#i_mtl_p8_streetlight_solar_metal_01_n
image,#i_mtl_p8_streetlight_solar_metal_01_m
image,#i_t8_concrete_curb_angled_01_n
image,#i_t8_concrete_curb_angled_01_c
image,d#i_t7_micro_plaster_01_n
image,d#i_t7_micro_plaster_01_c
image,#i_mtl_p8_ice_mat_floor_rubber_3x3_rubber_r
image,#i_mtl_p8_ice_mat_floor_rubber_3x3_rubber_n
image,#i_veh_t8_mil_truck_hemtt_supension_01_o
image,#i_veh_t8_mil_truck_hemtt_supension_01_n
image,#i_c_t7_battery_head5_face_skin4_g
image,#hash_54a771e1dea0c199
image,#hash_54a773e1dea0c4ff
image,#hash_54a77ce1dea0d44a
image,#hash_54a881cfc32d9051
image,#hash_54a88dcfc32da4b5
image,#i_mtl_p8_signage_street_circle_arrow_01_m
image,#i_mtl_p8_signage_street_circle_arrow_01_n
image,d#i_t8_micro_snow_rough_01_n
image,#i_t8_micro_snow_rough_01_c
image,#i_mtl_p8_col_laptop_military_set_nail01_c
image,#i_veh_t8_mil_truck_hemtt_decal_interior_54_r
image,#i_veh_t8_mil_truck_hemtt_decal_interior_54_n
image,d#i_mtl_p7_refrigerator_mini_01_door_02_glass_g
image,d#i_t8_decal_tech_detail_high_tech_02_n
image,d#i_t8_decal_tech_detail_high_tech_02_o
image,d#i_t8_decal_tech_detail_high_tech_02_g
image,d#i_t8_decal_tech_detail_high_tech_02_c
image,#hash_54e7c1f63342ee53
image,#hash_54ebcf342098fb0a
image,#i_mtl_p8_fire_extinguisher_01_dmg_decal_02_n
image,d#i_t7_metal_grunge_med_01_s
image,d#i_t7_metal_grunge_med_01_c
image,d#i_t7_metal_grunge_med_01_g
image,#i_t7_rubber_roof_granular_c
image,#i_t7_rubber_roof_granular_n
image,d#i_mtl_veh_t8_decal_stripe_02_c
image,#i_c_t7_warrior_body1_lights_ir
image,#i_veh_t7_metal_bare_01_s
image,#i_veh_t7_metal_bare_01_c
image,#i_veh_t7_metal_bare_01_g
image,#i_c_t7_techno_body1_cyberhand_ir
image,#hash_5526fb6e015b15e4
image,#hash_5526fc6e015b1797
image,#hash_5526ff6e015b1cb0
image,#i_c_t7_battery_body1_lights_e
image,#i_c_t7_battery_body1_lights_c
image,#i_t8_decal_grunge_drip_water_flowing_01_flow_c
image,#i_mtl_veh_t7_dmg_scrapes_chips_5_c
image,#i_mtl_veh_t7_dmg_scrapes_chips_5_g
image,#i_mtl_veh_t7_dmg_scrapes_chips_5_s
image,#i_t8_decal_tech_detail_keyhole_c
image,#i_t8_decal_tech_detail_keyhole_o
image,#i_t8_decal_tech_detail_keyhole_n
image,#i_mtl_p8_foliage_tree_spruce_norway_small_thin_proxy_distance
image,#hash_5555b62a30c4649e
image,#hash_5555b72a30c46651
image,#i_t7_decal_grunge_dirt_wall_01_offset_c
image,#i_mtl_p8_ac_unit_sml_set_decal_pit_n
image,d#hash_5562f08c5dd10d1a
image,d#i_t7_micro_metal_grunge_lathed_01_g
image,#i_t7_micro_metal_grunge_lathed_01_c
image,d#i_t7_micro_metal_grunge_lathed_01_n
image,d#i_t7_micro_metal_grunge_lathed_01_m
image,d#i_t7_micro_metal_grunge_lathed_01_s
image,#i_c_t7_techno_body1_cyberhand_s
image,d#i_c_t7_techno_body1_cyberhand_n
image,d#i_c_t7_techno_body1_cyberhand_g
image,#i_c_t7_techno_body1_cyberhand_c
image,#hash_557e7e9f197ae419
image,d#hash_557e899f197af6ca
image,d#hash_557e8a9f197af87d
image,#i_mtl_p8_pallet_rack_set_decal_04_c
image,d#i_veh_t8_base_paint_07_c
image,#i_mtl_p7_lab_chair_01_glow_c
image,#i_mtl_p8_col_rock_cliff_large_01c_dark_c
image,#i_t8_metal_ship_exterior_wall_01_c
image,#i_veh_t8_apc_macv_decals_23_r
image,#i_mtl_p8_ice_bracket_ceiling_o
image,#i_mtl_p8_ice_bracket_ceiling_n
image,#global_window_glass_clean_n
image,#i_t8_decal_graphics_text_ice_9_r
image,#i_p8_ice_floorpath_01_caution_stripes_c
image,d#i_t7_micro_plaster_smooth_light_01_c
image,d#i_t7_micro_plaster_smooth_light_01_n
image,#hash_55c9083a3e3b0aac
image,#hash_55c90c3a3e3b1178
image,#hash_55c90d3a3e3b132b
image,#hash_55c90e3a3e3b14de
image,#i_p8_ice_long_pipes_cover_s
image,#i_p8_ice_long_pipes_cover_o
image,#i_p8_ice_long_pipes_cover_n
image,#i_p8_ice_long_pipes_cover_c
image,#i_p8_ice_long_pipes_cover_g
image,#i_t8_decal_utility_metal_cover_square_04_n
image,#i_t8_decal_utility_metal_cover_square_04_c
image,#i_t8_decal_utility_metal_cover_square_04_g
image,#hash_55ee00babc964b77
image,#hash_55ee03babc965090
image,#hash_55ee04babc965243
image,#i_t7_plastic_light_cover_t
image,#i_t7_plastic_light_cover_n
image,#i_t7_plastic_light_cover_c
image,#i_veh_t8_mil_truck_hemtt_decal_interior_07_c
image,#hash_5600635ca08394be
image,#i_veh_t8_mil_truck_hemtt_decal_interior_07_n
image,#i_veh_t8_mil_truck_hemtt_decal_interior_07_r
image,#i_t7_stone_pebbles_01_compact_n
image,#i_t7_micro_dents_01_n
image,#i_mtl_p8_ice_blinds_white_plastic_01_c
image,#i_mtl_p8_ice_blinds_white_plastic_01_n
image,d#$black_gloss
image,#i_mtl_p7_eth_light_wall_02_decal_c
image,#i_p8_ice_control_consoles_wall_02_o
image,#i_p8_ice_control_consoles_wall_02_n
image,#i_mtl_p7_mou_electrical_panel_set_parts_n
image,d#i_t7_water_sector_n
image,#hash_5649f14f1ae71c6b
image,#hash_5649fc4f1ae72f1c
image,#hash_5649fd4f1ae730cf
image,#i_c_t7_techno_head1_visor_s
image,#i_c_t7_techno_head1_visor_o
image,#i_c_t7_techno_head1_visor_n
image,#i_c_t7_techno_head1_visor_g
image,#i_c_t7_techno_head1_visor_c
image,d#i_veh_t8_paint_rough_01_n
image,d#i_mtl_p8_wz_supply_stash_ammo_s
image,d#i_mtl_p8_wz_supply_stash_ammo_o
image,d#i_mtl_p8_wz_supply_stash_ammo_n
image,d#i_mtl_p8_wz_supply_stash_ammo_g
image,d#i_mtl_p8_wz_supply_stash_ammo_c
image,#i_t7_sand_pebbles_fine_g
image,#i_t7_sand_pebbles_fine_n
image,#i_t7_sand_pebbles_fine_r
image,#i_veh_t8_mil_truck_hemtt_decal_interior_48_n
image,#i_veh_t8_mil_truck_hemtt_decal_interior_48_c
image,#i_t7_ra2_plaster_painted_r
image,#i_t7_ra2_plaster_painted_c
image,#i_t7_ra2_plaster_painted_n
image,#i_mtl_p8_chi_satellite_roof_metal_back_02_m
image,#i_mtl_p8_foliage_tree_spruce_norway_tall_thin_proxy_normal
image,#hash_56925c2d08502c49
image,d#i_t7_micro_cloth_cotton_01_n
image,#i_mtl_p8_col_rock_cliff_large_01b_n
image,#i_mtl_p8_col_rock_cliff_large_01b_o
image,#i_c_t7_techno_body1_arm_rt_c_ir
image,d#i_t8_decal_tech_detail_high_tech_63_n
image,d#i_t8_decal_tech_detail_high_tech_63_c
image,#hash_56d683f4a470ceb8
image,#i_t8_decal_grunge_rust_12_c
image,#hash_56d68ff4a470e31c
image,#hash_56d690f4a470e4cf
image,#i_t8_decal_grunge_rust_12_n
image,#i_mtl_p8_pipes_electrical_fittings_m
image,#i_mtl_p8_pipes_electrical_fittings_n
image,#i_mtl_p8_pipes_electrical_fittings_o
image,#i_t7_metal_heavy_painted_01_s
image,#i_mtl_p7_mou_electrical_panel_set_decal_c
image,d#i_mtl_veh_t8_civ_forklift_modular_interior_dashboard_n
image,d#i_mtl_veh_t8_civ_forklift_modular_interior_dashboard_o
image,#hash_57360510a5dd96f5
image,#i_c_t7_warrior_head1_haircards2_c
image,#i_c_t7_warrior_head1_haircards2_n
image,#i_mtl_p8_sign_neon_wood_decal_c
image,#i_t8_moss_lava_field_g
image,#i_t8_moss_lava_field_c
image,#i_t8_moss_lava_field_o
image,#i_t8_moss_lava_field_n
image,#i_t8_moss_lava_field_h
image,d#fxt8_fire_sm_lick_tall_anim_hdr
image,d#dimitars_phong_test_n
image,#i_mtl_p8_col_conveyor_unit_logo_05_c
image,#hash_5777c8f9a6ebd1c3
image,#hash_57852116773ae8b3
image,#i_mtl_p8_zm_cart_mail_vintage_set_decal_06_c
image,#i_mtl_p7_panels_metal_wall_exterior_access_01_g
image,#i_mtl_p7_panels_metal_wall_exterior_access_01_n
image,#i_mtl_p7_panels_metal_wall_exterior_access_01_o
image,#i_mtl_p7_panels_metal_wall_exterior_access_01_s
image,#i_mtl_p7_zm_asc_airduct_metal_set_decal_n
image,#i_mtl_p7_zm_asc_airduct_metal_set_decal_c
image,d#i_t8_concrete_floor_sealed_01_r
image,#i_t8_concrete_floor_sealed_01_n
image,#i_t8_concrete_floor_sealed_01_g
image,#i_t8_concrete_floor_sealed_01_c
image,#i_mtl_p8_col_conveyor_unit_decal_04_n
image,#i_mtl_p8_col_conveyor_unit_decal_04_m
image,#hash_57c533abef4486a4
image,#hash_57c536abef448bbd
image,#hash_57df9f251ec87fdd
image,#i_veh_t8_mil_truck_hemtt_exterior_03_multi_m
image,#i_t8_zm_esc_gravel_dust_01_r
image,#i_t8_zm_esc_gravel_dust_01_c
image,#hash_57f86b82aa1d4904
image,d#fxt8_liquid_string_mask
image,#i_mtl_p7_zm_asc_light_cage_warning_metal_n
image,#hash_5821b28b44fc7cd0
image,#hash_5821b58b44fc81e9
image,#hash_5836168412671db1
image,#hash_5836218412673062
image,#hash_5836228412673215
image,#hash_58362684126738e1
image,#hash_58362a8412673fad
image,#i_p7_electrical_box_set2_boxes_g
image,#i_mtl_p8_ice_med_rock_02_02_dark_c
image,#i_t7_decal_line_horizontal_black_pinch_c
image,#i_mtl_p8_chi_camera_security_bubble_decal_n
image,d#i_t8_gloss_noise_grunge_01_g
image,#i_mtl_p7_mov_zm_isl_boat_flag_n
image,#i_mtl_p7_mov_zm_isl_boat_flag_c
image,#i_p8_pipe_padded_01_s
image,#i_p8_pipe_padded_01_c
image,#i_p8_pipe_padded_01_n
image,#i_p8_pipe_padded_01_o
image,d#$gray
image,#i_t8_decal_tech_detail_high_tech_91_n
image,#i_t8_decal_tech_detail_high_tech_91_c
image,#i_t7_zm_isl_concrete_poured_01_n
image,#i_t7_zm_isl_concrete_poured_01_c
image,#i_p8_sil_icbm_conveyor_bracket_c_n
image,#i_p8_sil_icbm_conveyor_bracket_c_o
image,d#i_veh_t8_decal_latch_01_o
image,d#i_veh_t8_decal_latch_01_n
image,d#i_veh_t8_decal_latch_01_c
image,#i_p7_zm_asc_panel_glass_yellow_13_c
image,#i_mtl_p7_snow_chunk_trim_n
image,d#i_mtl_p8_mp_flag_base_glass_emissive_01_c
image,d#i_mtl_veh_t8_mil_helicopter_transport_decal_open_c
image,d#i_t8_rubber_mat_worn_01_c
image,d#i_t8_rubber_mat_worn_01_g
image,d#i_t8_rubber_mat_worn_01_n
image,d#$black_multimask
image,#hash_590cd2333d654ef5
image,#i_mtl_p7_slu_fuse_box_electric_set_text_c
image,#i_veh_t8_decal_panel_18_c
image,#i_veh_t8_decal_panel_18_o
image,#i_veh_t8_decal_panel_18_n
image,#i_veh_t8_decal_panel_18_r
image,#i_mtl_p8_chi_satellite_roof_metal_01_m
image,#i_t8_rubber_floor_anti_slip_01_n
image,d#hash_596867ec48529714
image,d#i_mtl_veh_t8_civ_forklift_modular_forklift_rail_03_o
image,d#i_mtl_veh_t8_civ_forklift_modular_forklift_rail_03_n
image,#i_mtl_p8_foliage_branch_pile_cards_07_c
image,#i_mtl_p8_foliage_branch_pile_cards_07_n
image,#i_t8_ice_decal_footprints_01_sml_r
image,d#i_t8_zm_zod_decal_metal_scratch_blend_n
image,#i_t8_zm_zod_decal_metal_scratch_blend_r
image,#hash_598f9ede27c01d2d
image,#hash_59910fd8b24c53dc
image,#i_mtl_p7_sin_signage_speed_limit_20_c
image,#i_t7_dlc1_metal_container_wall_o
image,#i_t7_dlc1_metal_container_wall_g
image,#i_mtl_p8_ice_med_rock_03_stone_o
image,#i_mtl_p8_ice_med_rock_03_stone_n
image,#i_t7_techno_egypt_pouch_3_c
image,#i_mtl_p7_foliage_leaves_ivy_dead_n
image,#i_mtl_p7_foliage_leaves_ivy_dead_c
image,d#i_t8_metal_bare_dirty_01_g
image,#i_t8_metal_bare_dirty_01_c
image,#i_t8_metal_bare_dirty_01_n
image,#i_t8_metal_bare_dirty_01_r
image,d#i_t7_decal_line_horizontal_black_n
image,d#i_t7_decal_line_horizontal_black_c
image,#hash_5a069fdc90cb09df
image,#hash_5a06a2dc90cb0ef8
image,#hash_5a06b3dc90cb2bdb
image,#hash_5a09579111cdb7e4
image,#hash_5a09589111cdb997
image,#hash_5a095b9111cdbeb0
image,#i_mtl_p8_ice_rock_03_dark_c
image,#i_mtl_p7_foliage_grass_dry_03_snow_proxy_specular
image,#i_p8_ice_communication_console_01_decal_screens_c
image,#i_t8_micro_concrete_aggregate_01_h
image,#i_t8_micro_concrete_aggregate_01_o
image,d#i_t8_micro_concrete_aggregate_01_n
image,d#i_t7_detail_fiberglass_02
image,#i_mtl_p8_col_laptop_military_set_plastic01_n
image,#i_mtl_p8_col_laptop_military_set_plastic01_m
image,d#i_veh_t8_paint_burnt_01_n
image,d#i_veh_t8_paint_burnt_01_c
image,d#i_veh_t8_paint_burnt_01_g
image,d#fxt8_light_phosphorous_mask
image,#i_t8_decal_grunge_stain_concrete_01_r
image,#i_c_t7_techno_head1_skin_ir
image,#i_veh_t8_civ_snowcat_tarp_o
image,#i_veh_t8_civ_snowcat_tarp_n
image,#i_veh_t8_civ_snowcat_tarp_m
image,#i_mtl_p7_conduit_rust_parts_c
image,#i_mtl_p7_conduit_rust_parts_n
image,#i_t7_metal_wall_corrugated_hor_c
image,#i_t7_metal_wall_corrugated_hor_n
image,d#$black
image,d#hash_5a770fe48ca7536b
image,d#i_veh_t8_ban_metal_painted_rusty_n
image,#i_t8_decal_grunge_color_stone_01_r
image,#i_c_zsf_supp_3_pouch1_n
image,#hash_5a89abdb2160f293
image,#hash_5a89afdb2160f95f
image,#hash_5a89b2db2160fe78
image,#hash_5a89b3db2161002b
image,#i_c_t7_warrior_body1_webbing_ir
image,#i_t7_plastic_cable_safehouse_01_n
image,#i_t7_plastic_cable_safehouse_01_c
image,d#i_t7_metal_worn_aluminum_base_g
image,#i_mtl_p8_ice_foliage_shrub_01_set_twig_01_t
image,#i_mtl_p8_ice_foliage_shrub_01_set_twig_01_n
image,#i_mtl_p8_ice_foliage_shrub_01_set_twig_01_c
image,d#$camo_base_normal
image,#i_c_t7_battery_hair_fibers2_c
image,#i_c_t7_battery_hair_fibers2_n
image,#hash_5ab411d9b8df06e0
image,#hash_5ab412d9b8df0893
image,#hash_5ab413d9b8df0a46
image,d#i_c_gen_detail_soft_fabric_n
image,d#i_t8_decal_tech_detail_high_tech_40_n
image,d#i_t8_decal_tech_detail_high_tech_40_o
image,#i_t8_decal_tech_detail_high_tech_40_g
image,d#i_t8_decal_tech_detail_high_tech_40_c
image,d#i_veh_t8_decal_sign_square_half_02_c
image,#i_mtl_p8_foliage_branch_pile_trunk_n
image,#i_mtl_p8_foliage_branch_pile_trunk_c
image,#hash_5b0205008ef7a5ec
image,#i_mtl_p8_ice_bay4_hydrolic_pump_01_metal_decal_n
image,#i_c_t7_warrior_body1_straps_n
image,#i_c_t7_warrior_body1_straps_o
image,#i_c_t7_warrior_body1_straps_c
image,d#i_t7_micro_cloth_burlap_01_n
image,d#fxt8_smk_lg_vapor_anim_loop
image,d#fxt_dust_heli_swirl_anim
image,d#hash_5b2c9ac9e30f043f
image,d#i_t7_micro_plastic_01_c
image,d#i_t7_micro_plastic_01_g
image,d#i_t7_micro_plastic_01_n
image,#i_mtl_p7_pipe_metal_hp_4_02_m
image,#i_mtl_p7_pipe_metal_hp_4_02_o
image,#i_mtl_p7_pipe_metal_hp_4_02_n
image,#i_t7_detail_ridges_n
image,#i_t8_decal_trim_seam_generic_01_n
image,#i_t8_decal_trim_seam_generic_01_c
image,#i_mtl_p7_plastic_tarp_cover_n
image,#i_mtl_p7_plastic_tarp_cover_c
image,#i_mtl_p7_sgen_corridor_02_set_red_clean_c
image,#i_p7_min_beer_bottle_label_metro_c
image,#i_mtl_p7_shr_snow_chunk_trim_n
image,d#skin_pore_detail
image,d#i_mtl_p8_centrifuge_device_glass_c
image,#hash_5bb7e4b8e98bbc3f
image,#hash_5bb7f8b8e98bde3b
image,d#fxt_smk_puff_thin_varied
image,#i_mtl_p8_ice_gas_console_panel_04_n
image,#i_mtl_p8_ice_gas_console_panel_04_o
image,#i_mtl_p8_ice_gas_console_panel_04_m
image,#hash_5bf94e1fa6cada26
image,#hash_5bf94f1fa6cadbd9
image,#hash_5bf96a1fa6cb09ba
image,#i_mtl_p7_zm_der_utility_pole_trans_n
image,#i_mtl_p7_zm_der_utility_pole_trans_o
image,#i_mtl_p7_zm_der_utility_pole_trans_c
image,#i_mtl_p7_zm_der_utility_pole_trans_g
image,#i_mtl_p7_zm_der_utility_pole_trans_s
image,#hash_5c0b6a7a2d63153d
image,#i_mtl_p8_light_spotlight_led_metal_m
image,#i_mtl_p8_light_spotlight_led_metal_n
image,d#i_mtl_p8_crate_metal_military_medium_01_n
image,d#i_mtl_p8_crate_metal_military_medium_01_o
image,#i_t7_dlc1_plastic_hose_fabric_c
image,#i_t7_dlc1_plastic_hose_fabric_n
image,#i_t8_zm_zod_metal_diamond_plate_01_n
image,#i_t8_zm_zod_metal_diamond_plate_01_r
image,#i_c_54i_assault_pouch_ao
image,#i_mtl_p8_snow_pile_03_n
image,#hash_5c52f4b38ce5d1fc
image,#hash_5c52f9b38ce5da7b
image,#hash_5c52fdb38ce5e147
image,#fxt_debris_ash_pcloud
image,d#i_veh_t8_decal_greeble_08_c
image,#fxt_lf_artifact_06
image,#fxt_lf_artifact_08
image,d#fxt_lf_artifact_15
image,#fxt_lf_artifact_14
image,d#fxt_lf_artifact_10
image,#i_mtl_p8_col_radar_dirty_med_grey_baseplastic_c
image,#i_mtl_p7_aqu_truss_metal_01_o
image,#i_mtl_p7_aqu_truss_metal_01_n
image,#i_mtl_p7_aqu_truss_metal_01_g
image,#i_mtl_p7_aqu_truss_metal_01_s
image,#i_t8_decal_graphics_signage_ice_exit_01_c
image,#i_t7_metal_trim_weld_01_a
image,#i_t7_metal_trim_weld_01_c
image,d#i_t7_metal_trim_weld_01_g
image,d#i_t7_metal_trim_weld_01_o
image,d#i_t7_metal_trim_weld_01_n
image,#i_mtl_p8_foliage_tree_spruce_norway_tall_snow_proxy_normal
image,d#i_t8_snow_sparkle_global_g
image,d#i_t8_snow_sparkle_global_c
image,#hash_5cbf084f1def61c0
image,#hash_5cbf244f1def9154
image,#hash_5cbf254f1def9307
image,d#fxt8_spark_rndhit_alpha
image,d#i_t7_decal_grunge_scratches_scrapes_01_n
image,#i_t7_decal_grunge_scratches_scrapes_01_c
image,d#i_veh_t8_base_paint_06_c
image,#i_t7_linoleum_rolled_01_n
image,#i_t7_linoleum_rolled_01_g
image,#i_t7_metal_heavy_painted_01_white_c
image,#i_t8_decal_tech_detail_line_trim_06_metal_c
image,#i_veh_t7_drone_attack_rocketpods_highres_gunmetal_n
image,#i_t7_decal_grunge_water_puddle_04_r
image,#i_t7_graphic_detail_wave_data_01_c
image,#hash_5d3f396356ab6697
image,#hash_5d3f3d6356ab6d63
image,#i_mtl_p8_shelf_shop_lrg_bolt_n
image,#i_mtl_p8_shelf_shop_lrg_bolt_o
image,#i_mtl_p8_shelf_shop_lrg_bolt_c
image,#i_mtl_p8_shelf_shop_lrg_bolt_g
image,#i_mtl_p7_light_fluorescent_subway_bulb_s
image,#i_mtl_p7_light_fluorescent_subway_bulb_t
image,#i_mtl_p7_light_fluorescent_subway_bulb_n
image,#i_mtl_p7_light_fluorescent_subway_bulb_c
image,#i_mtl_p7_light_fluorescent_subway_bulb_e
image,#i_veh_t8_mil_truck_hemtt_decal_interior_21_r
image,#hash_5d4f456e05d54662
image,#i_veh_t8_mil_truck_hemtt_decal_interior_21_n
image,#i_compass_map_mp_silo_full
image,#i_t7_decal_speaker_holes_n
image,#i_mtl_p7_zm_asc_door_gantry_metal_02_m
image,d#hash_5d67090dc0124ffe
image,#i_mtl_veh_t7_dmg_scrapes_chips_2_s
image,#i_mtl_veh_t7_dmg_scrapes_chips_2_o
image,#i_mtl_veh_t7_dmg_scrapes_chips_2_n
image,#i_mtl_veh_t7_dmg_scrapes_chips_2_c
image,#i_mtl_veh_t7_dmg_scrapes_chips_2_g
image,#hash_5d6e26f3db7f13eb
image,d#fxt8_water_splash_tall_center_anim
image,#i_mtl_p7_zm_ver_farm_tools_02_n
image,#i_mtl_p7_zm_ver_farm_tools_02_m
image,#i_c_t7_technomancer_body2_lights_screens_c
image,#i_c_t7_technomancer_body2_lights_screens_e
image,d#i_t8_micro_plastic_rough_heavy_01_g
image,#i_mtl_p7_guardrail_kit_n
image,#i_mtl_p7_guardrail_kit_o
image,#i_mtl_p7_guardrail_kit_m
image,#i_t7_metal_chain_o
image,#i_t7_metal_chain_n
image,#i_t7_metal_chain_c
image,#i_t8_metal_rebar_rust_01_cap_n
image,#i_t8_metal_rebar_rust_01_cap_g
image,#i_t8_metal_rebar_rust_01_cap_c
image,#i_c_hro_khalil_egypt_gear_3_s
image,#hash_5dc8435775c3cbb8
image,#hash_5dc8445775c3cd6b
image,#hash_5dc8455775c3cf1e
image,d#i_mtl_p7_tank_welding_set_04_c
image,#hash_5dd6c8e76740a82f
image,#i_mtl_t8_decal_grunge_rust_02_blend_n
image,#i_mtl_t8_decal_grunge_rust_02_blend_c
image,d#i_veh_t8_decal_dirt_03_c
image,#i_p8_sil_icbm_conveyor_warhead_front
image,#hash_5df1543a42b53e90
image,#hash_5df1553a42b54043
image,#hash_5e03e6266de0349f
image,#hash_5e03f9266de054e8
image,#hash_5e03fa266de0569b
image,#i_t8_metal_sheets_wall_g
image,#i_t7_metal_gunmetal_02_c
image,#i_t8_concrete_old_cracked_01_c
image,#i_t8_concrete_old_cracked_01_n
image,#i_t8_concrete_old_cracked_01_r
image,#i_t8_zm_esc_concrete_slabs_2x2_o
image,#i_t8_zm_esc_concrete_slabs_2x2_n
image,#i_t8_zm_esc_concrete_slabs_2x2_g
image,d#hash_5e25c08ad52e29e3
image,#hash_5e4e80f1f65725d3
image,#i_t7_micro_stone_granite_c
image,#i_mtl_p8_col_dolly_metal_m
image,#i_mtl_p8_col_dolly_metal_n
image,#i_mtl_p8_ice_med_rock_01_dark_c
image,#hash_5e6da46532066c60
image,#hash_5e6da56532066e13
image,#hash_5e6db16532068277
image,#i_t8_decal_grunge_lichen_rock_01_n
image,#core_dirt_light_c
image,d#i_veh_t8_decal_inset_01_r
image,d#i_veh_t8_decal_inset_01_c
image,d#i_veh_t8_decal_inset_01_n
image,d#i_veh_t8_decal_inset_01_o
image,#i_t7_wood_varnished_clean_cherry_n
image,#i_t7_wood_varnished_clean_cherry_g
image,#i_mtl_p8_chi_satellite_roof_metal_back_03_m
image,d#i_t7_decal_grunge_brick_stain_01_c
image,d#i_t7_decal_grunge_brick_stain_01_g
image,d#i_t7_decal_grunge_paint_discolored_01_c
image,d#i_t7_decal_grunge_paint_discolored_01_g
image,#i_t7_concrete_wall_painted_peel_01_blend_c
image,#i_t7_concrete_wall_painted_peel_01_blend_m
image,d#i_t7_micro_metal_bare_worn_01_n
image,d#i_t7_micro_metal_bare_worn_01_g
image,#i_mtl_p8_ice_bay4_hydrolic_pump_01_wheel_n
image,#i_mtl_p7_ris_crane_tower_set_02_01_n
image,#i_mtl_p7_ris_crane_tower_set_02_01_m
image,#hash_5ef08c68b3601b7c
image,#hash_5ef78dd826cd5a1e
image,#i_p8_sil_icbm_conveyor_crane_motor_o
image,#i_p8_sil_icbm_conveyor_crane_motor_n
image,#i_mtl_p8_weapon_locker_01_c
image,#i_mtl_p8_weapon_locker_01_m
image,#i_mtl_p8_weapon_locker_01_n
image,#i_mtl_p7_zm_bgb_button_filament_01_c
image,#i_mtl_p7_zm_bgb_button_filament_01_e
image,#i_mtl_p7_zm_bgb_button_filament_01_n
image,#i_mtl_p8_zm_cart_mail_vintage_set_decal_11_n
image,#i_mtl_p8_zm_cart_mail_vintage_set_decal_11_c
image,#i_mtl_p7_door_cell_metal_distressed_metal01_n
image,#i_mtl_p7_door_cell_metal_distressed_metal01_m
image,d#i_veh_t8_sand_med_n
image,d#i_t7_metal_vent_02_n
image,#i_t7_metal_vent_02_g
image,#i_t7_metal_vent_02_c
image,#i_mtl_veh_t8_mil_truck_cargo_bed_wheel_rims_n
image,#i_mtl_veh_t8_mil_truck_cargo_bed_wheel_rims_o
image,#i_t8_snow_drifts_windblown_01_n
image,#hash_5f675fd57acc68a9
image,#i_p8_ice_controlroom_ceiling_heat_curtain_o
image,#i_p8_ice_controlroom_ceiling_heat_curtain_n
image,#i_p8_ice_controlroom_ceiling_heat_curtain_r
image,d#i_t8_micro_carpet_shag_01_c
image,d#i_t8_micro_carpet_shag_01_n
image,#i_t8_concrete_damaged_cracked_01_r
image,#i_t8_concrete_damaged_cracked_01_n
image,#i_t8_concrete_damaged_cracked_01_o
image,#i_t8_concrete_damaged_cracked_01_g
image,#i_t8_concrete_damaged_cracked_01_c
image,#i_mtl_p7_ac_unit_extra_n
image,#i_mtl_p7_ac_unit_extra_g
image,#i_mtl_p7_ac_unit_extra_c
image,#i_mtl_p8_col_rail_tower_metal_01_m
image,#i_mtl_p7_elevator_metal_button_call_s
image,#i_mtl_p7_elevator_metal_button_call_n
image,#i_mtl_p7_elevator_metal_button_call_g
image,#i_mtl_p7_elevator_metal_button_call_c
image,d#i_mtl_t8_metal_bare_steel_worn_01_g
image,#i_mtl_p7_crate_bomb_rack_pallet_n
image,#i_mtl_p7_crate_bomb_rack_pallet_c
image,#i_t7_ban_metal_painted_rusty_light_c
image,#i_mtl_p8_ice_signage_rectangle_01_n
image,#i_mtl_p8_ice_signage_rectangle_01_g
image,#i_mtl_p8_ice_signage_rectangle_01_s
image,d#i_t8_micro_plaster_01_n
image,#i_t7_metal_panel_safehouse_moblie_01_g
image,#i_t7_metal_panel_safehouse_moblie_01_o
image,d#i_t7_metal_panel_safehouse_moblie_01_n
image,#hash_5fed7cabf3beb56f
image,#hash_5fed7dabf3beb722
image,#hash_5feda36418702e7e
image,#hash_5feda46418703031
image,d#i_t7_decal_grunge_calcium_drip_01_blend_c
image,#i_t7_decal_grunge_calcium_drip_01_blend_n
image,#i_t7_micro_metal_grunge_scratch_mask_01_m
image,#hash_60282170ff11e41f
image,#i_veh_t8_civ_snowcat_glass_n
image,#hash_6033cf9f202058bc
image,d#hash_6033d39f20205f88
image,d#hash_6033d49f2020613b
image,#i_mtl_p8_pallet_rack_set_decal_05_n
image,#i_mtl_p8_pallet_rack_set_decal_05_c
image,#hash_60403311abbafe24
image,#i_t7_metal_trim_graphite_worn_c
image,#i_t7_metal_trim_graphite_worn_g
image,#i_mtl_p7_door_cell_metal_scuffed_metal_n
image,#i_mtl_p7_door_cell_metal_scuffed_metal_m
image,#i_t7_metal_floor_perforated_01_n
image,#i_t7_metal_floor_perforated_01_c
image,#i_t8_decal_grunge_rust_08_c
image,#i_t8_decal_grunge_rust_08_o
image,#i_t8_decal_grunge_rust_08_n
image,#hash_6072f9ea34a62916
image,#i_t8_decal_tech_detail_line_trim_09_s
image,#i_t8_decal_tech_detail_line_trim_09_c
image,#i_t8_decal_tech_detail_line_trim_09_o
image,#i_t8_decal_tech_detail_line_trim_09_n
image,#i_mtl_p8_col_laptop_military_set_key01_n
image,#i_mtl_p8_col_laptop_military_set_key01_m
image,d#i_t8_micro_concrete_formed_01_g
image,d#i_t8_micro_concrete_formed_01_n
image,d#$white_thickness
image,d#hash_60b770ec4c14685f
image,d#i_mtl_veh_t8_civ_forklift_modular_forklift_rail_02_n
image,d#i_mtl_veh_t8_civ_forklift_modular_forklift_rail_02_o
image,d#i_veh_t8_base_paint_17_dead_c
image,#hash_60c08ff5bd27430e
image,#i_c_t7_gunslinger_body1_shoe_gadget_n
image,#i_c_t7_gunslinger_body1_shoe_gadget_g
image,#i_c_t7_gunslinger_body1_shoe_gadget_c
image,#i_mtl_veh_mphd_car_compact_decal_sign_r
image,#i_mtl_p7_ac_unit_lrg_o
image,#i_mtl_p7_ac_unit_lrg_n
image,#i_mtl_p7_ac_unit_lrg_g
image,#i_mtl_p7_ac_unit_lrg_c
image,#i_mtl_p7_ac_unit_lrg_s
image,#i_mtl_p8_ice_rock_wall_02_n
image,#i_mtl_p8_ice_rock_wall_02_o
image,d#fxt8_exp_alpha_anim
image,#i_mtl_p7_foliage_grass_dry_02_snow_proxy_depth
image,d#i_mtl_p7_barrier_block_concrete_m
image,d#i_mtl_p7_barrier_block_concrete_n
image,#i_c_t7_warrior_body1_armor_2_c
image,#i_c_t7_warrior_body1_armor_2_g
image,#i_c_t7_warrior_body1_armor_2_o
image,#i_c_t7_warrior_body1_armor_2_n
image,d#i_veh_t8_paint_rust_01_c
image,d#i_veh_t8_paint_rust_01_g
image,#hash_610c372ebbbb6518
image,#hash_610c382ebbbb66cb
image,#i_veh_t8_mil_truck_hemtt_exterior_02_dead_multi_m
image,#hash_6125383bfe2976fa
image,#i_mtl_p8_chair_office_swivel_metal_02_g
image,#hash_615a590c2bfea565
image,d#i_mtl_p7_box_case_metal_rubber_n
image,d#fxt8_fire_sm_lick_tall_anim_alpha
image,#hash_616c1d2b8d5feea4
image,#i_t8_dirt_road_tire_tracks_rocks_c
image,#i_t8_dirt_road_tire_tracks_rocks_n
image,#i_t8_dirt_road_tire_tracks_rocks_r
image,#hash_618d66f2f300dab1
image,#hash_61a326b826555199
image,#hash_61b1cce13954cbbc
image,d#i_veh_t8_glass_scratched_01_g
image,d#i_wpn_t8_eqp_briefcase_bomb_computer_decal_c2
image,d#i_t7_micro_metal_painted_rough_01_n
image,d#i_t7_micro_metal_painted_rough_01_c
image,d#i_t7_micro_metal_painted_rough_01_g
image,#i_t7_con_plastic_panels_detail_c
image,#i_mtl_p7_sin_sleeping_bag_zipper_teeth_o
image,#i_mtl_p7_sin_sleeping_bag_zipper_teeth_n
image,#i_mtl_t8_decal_grunge_wall_lg_02_r
image,#i_t8_micro_metal_brushed_swirl_01_n
image,#i_mtl_p7_foliage_grass_dry_02_snow_proxy_normal
image,d#i_mtl_p7_barrier_block_concrete_rusty_n
image,#hash_6215b24cee88ed80
image,#hash_62181f0c293923f9
image,d#i_veh_t8_decal_sign_square_half_03_c
image,d#i_t7_metal_worn_copper_base_s
image,d#i_t7_metal_worn_copper_base_g
image,#i_mtl_p7_seal_metal_clamp_dmg_s
image,#i_mtl_p7_seal_metal_clamp_dmg_g
image,#i_mtl_p7_seal_metal_clamp_dmg_c
image,#i_mtl_p7_seal_metal_clamp_dmg_n
image,#i_mtl_p7_seal_metal_clamp_dmg_o
image,d#i_t7_metal_bare_g
image,d#i_t7_metal_bare_n
image,#hash_623196911647d5b1
image,#hash_6231a1911647e862
image,#hash_6231a2911647ea15
image,d#i_t7_glass_dirty_grimes_02_g
image,#i_metal_trim_ext_dlc1_n
image,#i_t8_decal_tech_detail_screw_01_g
image,d#i_t8_decal_tech_detail_screw_01_c
image,d#i_t8_decal_tech_detail_screw_01_s
image,#hash_6279de17480360ea
image,#hash_62893880a234b8cb
image,#hash_628f97753098e622
image,#hash_628f98753098e7d5
image,d#i_mtl_t8_concrete_painted_stains_01_n
image,#i_p7_sin_box_street_electric_small_worn_concrete_n
image,#i_veh_t7_dlc_con_decal_grunge_ash_r
image,d#i_veh_t8_decal_ring01_a
image,d#i_t8_micro_ripple_03_n
image,#hash_62eb2c84190c2e13
image,#hash_62eb3384190c39f8
image,#hash_62eb3784190c40c4
image,#hash_62eb4784190c5bf4
image,d#hash_62fa791f874e7ee2
image,#i_t8_decal_bullet_holes_concrete_02_n
image,#i_t8_decal_bullet_holes_concrete_02_r
image,#i_t7_concrete_wall_01_c
image,#i_mtl_p8_fire_extinguisher_01_dmg_metal_02_c
image,#i_mtl_p7_zm_asc_panel_09_m
image,#i_mtl_p7_zm_asc_panel_09_n
image,#i_t8_metal_ship_hull_01_worn_n
image,#i_t8_metal_ship_hull_01_worn_o
image,#i_t8_metal_ship_hull_01_worn_g
image,#i_t8_metal_ship_hull_01_worn_c
image,#i_c_t7_techno_body1_pants_g
image,#i_c_t7_techno_body1_pants_c
image,#i_c_t7_techno_body1_pants_n
image,#i_c_t7_techno_body1_pants_o
image,#i_c_t7_techno_body1_pants_m
image,d#i_t8_micro_cloth_cotton_01_n
image,#i_mtl_p8_cables_electrical_brackets_n
image,#i_mtl_p8_cables_electrical_brackets_o
image,#i_mtl_p8_cables_electrical_brackets_m
image,d#fxt8_lf_artifact_15a
image,#i_mtl_p7_generator_unit_logo_decal_c
image,#i_mtl_p8_ice_large_rock_03_n
image,#i_mtl_p8_ice_large_rock_03_o
image,d#i_t8_decal_tech_detail_bolt_10_o
image,d#i_t8_decal_tech_detail_bolt_10_n
image,d#i_t8_decal_tech_detail_bolt_10_g
image,#i_t8_decal_tech_detail_bolt_10_c
image,#i_c_t7_warrior_head1_ir
image,#i_mtl_p8_foliage_grass_blades_tall_lrg_proxy_normal
image,d#i_mtl_p7_zm_kin_console_electric_decal_c
image,d#i_mtl_p7_zm_kin_console_electric_decal_e
image,#i_mtl_p7_street_curb_concrete_dmg_64b_n
image,#i_mtl_p7_street_curb_concrete_dmg_64b_c
image,#i_mtl_p7_foliage_grass_dry_02_snow_proxy_specular
image,d#fxt8_water_splash
image,#i_ct7_blockout_battery_body1_holster_g
image,#i_ct7_blockout_battery_body1_holster_n
image,#hash_640658eb57fe6777
image,#i_t7_cry_metal_floor_tech_trim_s
image,#i_t7_cry_metal_floor_tech_trim_g
image,#i_t7_cry_metal_floor_tech_trim_c
image,#i_t7_cry_metal_floor_tech_trim_o
image,#i_t7_cry_metal_floor_tech_trim_n
image,#i_t7_micro_wood_varied_damaged_teak_c
image,d#i_t8_decal_tech_detail_low_tech_09_g
image,d#i_t8_decal_tech_detail_low_tech_09_c
image,d#i_t8_decal_tech_detail_low_tech_09_o
image,d#i_t8_decal_tech_detail_low_tech_09_n
image,#hash_640dc0a5a3abb110
image,#hash_640dc1a5a3abb2c3
image,#hash_640dc2a5a3abb476
image,#i_mtl_p8_panel_debris_metal_set_decal_rust_n
image,#i_mtl_p8_panel_debris_metal_set_decal_rust_c
image,#i_mtl_p8_panel_debris_metal_set_decal_rust_s
image,#i_p8_foliage_tree_spruce_norway_branch_04_t
image,#i_p8_foliage_tree_spruce_norway_branch_04_c
image,#i_p8_foliage_tree_spruce_norway_branch_04_n
image,#i_p8_foliage_tree_spruce_norway_branch_04_m
image,#i_mtl_p7_barricade_metal_gate_02_black_c
image,#i_mtl_p8_ice_med_rock_03_stone_dark_c
image,d#i_veh_t8_decal_sign_moving_parts_02_c
image,#i_mtl_p7_aqu_truss_metal_x_64x96x8_01_n
image,#i_mtl_p7_aqu_truss_metal_x_64x96x8_01_o
image,#i_mtl_p7_zur_nw_foundry_set_metal_02_m
image,#i_t8_metal_bare_tarnished_c
image,#hash_6486057161e466d1
image,d#i_veh_t8_glass_dirty_grimes_extreme_g
image,d#i_mtl_veh_t8_civ_forklift_modular_decal_patch_c
image,#i_t7_dlc1_concrete_bare_ceiling_c
image,#i_t7_dlc1_concrete_bare_ceiling_n
image,#i_mtl_p8_missile_rack_nail_n
image,#i_mtl_p8_missile_rack_nail_m
image,d#i_t8_micro_rock_granite_02_g
image,d#i_t8_micro_rock_granite_02_n
image,d#i_t7_micro_metal_rust_c
image,d#i_t7_micro_metal_rust_n
image,d#i_mtl_veh_t8_civ_forklift_modular_lightglass_n
image,d#fxt_debris_clumps
image,#i_p8_ice_backroom_wall_tank_module_m
image,#i_mtl_veh_t7_dmg_scrapes_chips_10_c
image,#i_mtl_veh_t7_dmg_scrapes_chips_10_g
image,#i_mtl_veh_t7_dmg_scrapes_chips_10_s
image,#i_mtl_p7_zm_asc_panel_13_m
image,#i_mtl_p7_zm_asc_panel_13_n
image,#hash_64ebb7c2d1a589a2
image,#hash_64ebbcc2d1a59221
image,#i_t7_con_metal_heat_foil_n
image,#hash_64f24ced8352a733
image,#hash_64f251ed8352afb2
image,#hash_64f25ced8352c263
image,#hash_64f260ed8352c92f
image,#hash_64f267ed8352d514
image,#hash_64f26aed8352da2d
image,#hash_64f5243a540a98d3
image,d#i_veh_t8_slu_cup_trash_set_02_g
image,#i_t8_metal_grate_02_o
image,#i_t8_metal_grate_02_n
image,#i_t8_metal_grate_02_c
image,#i_c_t7_warrior_body1_clasps_o
image,#i_c_t7_warrior_body1_clasps_n
image,#i_c_t7_warrior_body1_clasps_c
image,#i_c_t7_warrior_body1_clasps_g
image,#i_mtl_p7_generator_unit_02_03_s
image,#i_mtl_p7_generator_unit_02_03_g
image,#i_mtl_p7_generator_unit_02_03_c
image,#i_mtl_p7_generator_unit_02_03_o
image,#i_mtl_p7_generator_unit_02_03_n
image,#i_veh_t8_weathered_paint_05b_c
image,d#i_veh_t8_weathered_paint_05b_g
image,#hash_6548f9a5b2fd6538
image,#hash_6548fba5b2fd689e
image,#hash_6548fca5b2fd6a51
image,d#i_t8_cloth_rope_01_n
image,d#i_t8_cloth_rope_01_c
image,#i_t8_cloth_rope_01_g
image,#i_mtl_p7_mou_foliage_brush_02_snow_proxy_distance
image,#i_veh_t8_mil_truck_hemtt_interior_shell_n
image,#i_veh_t8_mil_truck_hemtt_interior_shell_o
image,#hash_65732bfa0588b0f5
image,#i_c_t7_nomad_metal_pattern
image,d#i_mtl_veh_t8_civ_forklift_modular_decal_diamond_sunken_n
image,d#i_mtl_veh_t8_civ_forklift_modular_decal_diamond_sunken_c
image,#i_mtl_p8_wz_supply_stash_health_logo_n
image,#i_t7_cry_decal_grunge_burnt_metal_c
image,#i_t7_cry_decal_grunge_burnt_metal_m
image,#i_mtl_p8_box_electric_commercial_med_02_m
image,#i_mtl_p7_container_aid_box_n
image,#i_mtl_p7_container_aid_box_c
image,#i_mtl_p8_kit_col_row_01_corner_dmg_02_desaturated_c
image,#i_mtl_p7_pallet_metal_military_01_m
image,#i_mtl_p7_pallet_metal_military_01_n
image,#i_mtl_p7_pallet_metal_military_01_o
image,#i_mtl_p7_con_robot_crate_brackets_o
image,#i_mtl_p7_con_robot_crate_brackets_n
image,#i_t7_glass_dirty_streaks_cracked_c
image,d#fxt8_fire_md_lick_deplete_anim_alpha
image,#i_c_t7_warrior_body1_armor_light_ir
image,#hash_65dc42bedd34159e
image,#hash_65dc45bedd341ab7
image,#hash_65dc4fbedd342bb5
image,#hash_65dc52bedd3430ce
image,#hash_65dc56bedd34379a
image,#i_mtl_p7_railing_concrete_01_tall_bridge_n
image,#i_mtl_p7_railing_concrete_01_tall_bridge_m
image,d#afr_floor_burnt_02_dec_nml
image,#hash_65f08b577a3df8d0
image,#hash_65f08c577a3dfa83
image,#hash_65f08e577a3dfde9
image,#hash_65f1f9fb20d7968e
image,d#i_t8_micro_styrofoam_ridged_01_n
image,d#i_t8_micro_styrofoam_ridged_01_c
image,#i_mtl_p7_zm_der_conduit_box_metal_m
image,#i_mtl_p7_zm_der_conduit_box_metal_n
image,#i_mtl_p7_zm_der_conduit_box_metal_o
image,#i_mtl_p8_pallet_military_metal_decal_dirty_04_c
image,#i_p7_ris_hose_coupling_metal_s
image,#i_p7_ris_hose_coupling_metal_n
image,#i_p7_ris_hose_coupling_metal_g
image,d#hash_65fd4d7c8287fa03
image,d#i_mtl_veh_t8_decal_text_0_c
image,#hash_661687aecd3b2b12
image,#i_t7_zm_sha_rock_cliff_01_o
image,#i_t7_zm_sha_rock_cliff_01_n
image,#i_t7_zm_sha_rock_cliff_01_g
image,#i_t7_zm_sha_rock_cliff_01_c
image,#i_mtl_p7_cardboard_box_pallet_wrapping_01_n
image,d#i_t8_metal_bare_steel_worn_01_n
image,d#i_t8_metal_bare_steel_worn_01_g
image,#i_t8_metal_bare_steel_worn_01_s
image,#i_c_t7_warrior_body1_plastic_g
image,#i_c_t7_warrior_body1_plastic_c
image,#i_c_t7_warrior_body1_plastic_o
image,#i_c_t7_warrior_body1_plastic_n
image,d#$spec_simple
image,#i_p7_eth_foliage_grass_small_n
image,d#i_t7_decal_damage_burn_impact_01_c
image,#i_p8_sil_icbm_conveyor_warhead_back_n
image,#i_p8_sil_icbm_conveyor_warhead_back_o
image,#i_mtl_p7_barricade_metal_gate_02_n
image,#i_c_t7_warrior_head1_beardshell_c
image,#i_mtl_p7_signage_caution_flammable_01_c
image,d#i_c_gen_detail_noise_n
image,#i_mtl_p8_col_conveyor_unit_panel_box_decal_key_c
image,#i_mtl_p8_col_conveyor_unit_panel_box_decal_key_n
image,#hash_66d75bdf20374c0a
image,#i_veh_t8_decal_paint_peel_04_n
image,#i_c_t7_techno_pouch_duo_c
image,#i_mtl_p7_books_office_n
image,#i_mtl_p7_books_office_c
image,#i_mtl_p7_books_office_s
image,d#i_mtl_p8_snow_pile_02_n
image,#hash_67088f000984b703
image,#hash_670893000984bdcf
image,#hash_670896000984c2e8
image,#i_mtl_p7_barrier_block_concrete_long_decal01_c
image,d#i_t7_vista_decal_grunge_calcium_drip_01_c
image,d#i_veh_t8_decal_sign_shock_02_c
image,#hash_67371ce8e9079bbf
image,#hash_673c88abf7808bd3
image,#hash_673c89abf7808d86
image,#i_compass_map_mp_silo
image,d#i_t7_decal_grunge_calcium_drip_02_c
image,#i_t7_ban_sand_pebbles_fine_r
image,#i_c_t7_techno_head1_hood_ir
image,#i_t7_micro_plastic_mylar_crinkle_n
image,#hash_676b656ca9fc26df
image,#hash_676b666ca9fc2892
image,#hash_676b676ca9fc2a45
image,#i_p7_zm_asc_panel_glass_yellow_06_c
image,#hash_67742e4f24948d52
image,#hash_67742f4f24948f05
image,#hash_677a626f63612a85
image,#i_t8_dirt_soil_dry_01_r
image,d#i_t8_dirt_soil_dry_01_c
image,#i_veh_t8_decal_rust_03_n
image,#i_veh_t8_decal_rust_03_c
image,#i_mtl_p8_curb_concrete_01_damage_n
image,#i_mtl_p8_curb_concrete_01_damage_c
image,#hash_67960a938a7d7b72
image,#hash_67960f938a7d83f1
image,#hash_679615938a7d8e23
image,#i_mtl_p7_medical_first_aid_case_01_leather_detailmaps1_c
image,#i_mtl_p8_chi_camera_security_bubble_glass_g
image,d#i_mtl_p7_crate_ammo_metal_small_n
image,d#i_mtl_p7_crate_ammo_metal_small_c
image,d#i_mtl_p7_crate_ammo_metal_small_s
image,#i_t7_decal_grunge_rust_02_r
image,d#i_t7_decal_grunge_rust_02_s
image,d#i_t7_metal_paint_scratched_01_r
image,d#i_t7_metal_paint_scratched_01_c
image,#i_t8_decal_grunge_rust_09_n
image,#i_t8_decal_grunge_rust_09_c
image,#i_mtl_p7_eth_light_hang_01_metal1_n
image,#i_mtl_p7_eth_light_hang_01_metal1_m
image,#i_t8_decal_tech_detail_high_tech_21_o
image,#i_t8_decal_tech_detail_high_tech_21_n
image,#i_t8_decal_tech_detail_high_tech_21_g
image,#i_t8_decal_tech_detail_high_tech_21_c
image,#i_t8_decal_tech_detail_vent_01_c
image,#i_t8_decal_tech_detail_vent_01_n
image,d#fxt8_spark_shower_core_alpha
image,#hash_67cb5ef4635e6bac
image,#hash_67cb5ff4635e6d5f
image,#i_t7_metal_panels_painted_2x4_c
image,#i_t7_metal_panels_painted_2x4_g
image,#hash_6800c1f4ae1e4152
image,#hash_6800c2f4ae1e4305
image,#hash_6800d5f4ae1e634e
image,#i_veh_t8_mil_truck_hemtt_decal_interior_20_c
image,#i_veh_t8_mil_truck_hemtt_decal_interior_20_n
image,#hash_68046e6e0c7a770d
image,#i_mtl_veh_t7_dmg_scrapes_chips_3_s
image,#i_mtl_veh_t7_dmg_scrapes_chips_3_c
image,#i_mtl_veh_t7_dmg_scrapes_chips_3_g
image,d#i_t8_decal_tech_detail_high_tech_67_sml_c
image,d#i_t8_decal_tech_detail_high_tech_67_sml_n
image,d#i_c_t7_techno_body1_baremetal_g
image,#i_c_t7_techno_body1_baremetal_c
image,#i_c_t7_techno_body1_baremetal_o
image,#i_c_t7_techno_body1_baremetal_n
image,#i_c_t7_techno_body1_baremetal_s
image,#i_t8_dirt_road_tire_tracks_o
image,#i_t8_dirt_road_tire_tracks_n
image,#i_t8_dirt_road_tire_tracks_g
image,#i_mtl_p8_ice_generator_metal_lrg_panel_01_o
image,#i_mtl_p8_ice_generator_metal_lrg_panel_01_n
image,#hash_684df7de37b3d1f7
image,#i_p8_electrical_ext_ceramic_m
image,#i_p8_electrical_ext_ceramic_n
image,#i_t7_cru_snow_powder_ice_wall_reveal_r
image,#i_mtl_p8_box_electric_commercial_plastic_n
image,#i_mtl_p8_box_electric_commercial_plastic_m
image,d#i_mtl_veh_t8_civ_forklift_modular_decal_light_hexagon_n
image,#i_veh_t7_detail_concrete_01
image,d#i_c_gen_insidemouth_teeth_c
image,d#i_c_gen_insidemouth_teeth_g
image,d#i_c_gen_insidemouth_teeth_o
image,d#i_c_gen_insidemouth_teeth_n
image,#i_mtl_p7_roof_vents_metal_02_m
image,#i_mtl_p7_roof_vents_metal_02_n
image,#i_mtl_p7_zm_ctl_door_sliding_set_decal_01_n
image,#i_mtl_p7_zm_ctl_door_sliding_set_decal_01_c
image,#i_mtl_p7_zm_ctl_door_sliding_set_decal_01_e
image,#i_p7_zm_asc_panel_glass_yellow_09_c
image,#i_p8_ice_mb_cargodoorframe_m
image,#hash_6899d98889bf0f1f
image,#i_p8_ice_mb_cargodoorframe_n
image,#i_p8_ice_mb_cargodoorframe_o
image,#hash_6899ec8889bf2f68
image,#i_mtl_veh_t8_mil_truck_cargo_bed_wheel_rims_multi_m
image,#hash_68b8012674839a80
image,#hash_68b8022674839c33
image,#hash_68b81d267483ca14
image,#i_t7_metal_gunmetal_01_c
image,d#i_t7_metal_gunmetal_01_s
image,#i_mtl_p7_mou_electrical_panel_set_metal_01_r
image,#hash_68cf89887a3041bc
image,d#i_t7_decal_grunge_rust_orange_drips
image,d#fxt_lf_artifact_15a
image,d#i_t8_micro_snow_01_n
image,#hash_68df9c91e4e9b92b
image,d#i_mtl_veh_t8_civ_forklift_modular_forklift_rail_01_o
image,d#i_mtl_veh_t8_civ_forklift_modular_forklift_rail_01_n
image,d#hash_68dfbdec508e9df6
image,d#i_p7_foliage_tree_elm_english_set_trunktile02_c
image,d#i_p7_foliage_tree_elm_english_set_trunktile02_n
image,#i_mtl_p8_office_papers_sheets_n
image,#i_mtl_p8_office_papers_sheets_c
image,d#i_t8_metal_paint_thick_01_c
image,d#i_t8_metal_paint_thick_01_g
image,d#i_t8_metal_paint_thick_01_n
image,#i_mtl_p7_sin_box_street_electric_large_worn_decal_n
image,#i_mtl_p7_sin_box_street_electric_large_worn_decal_c
image,#i_t7_cry_metal_base_c
image,#i_t7_decal_grunge_wall_stain01_metal_c
image,d#hash_691cc294aca0e6e2
image,d#hash_691cc794aca0ef61
image,#i_mtl_p8_missile_rack_missile_lrg_m
image,#i_mtl_p8_missile_rack_missile_lrg_o
image,#i_mtl_p8_news_mod_steel_cable_01_n
image,d#i_t8_decal_grunge_burn_soot_01_r
image,d#i_t8_decal_grunge_burn_soot_01_g
image,d#i_t8_decal_grunge_burn_soot_01_c
image,d#i_t8_decal_grunge_burn_soot_01_n
image,#i_mtl_p7_yoga_mat_n
image,#i_c_t7_warrior_body1_egypt_gear_8_c
image,#hash_695adc4266f77f29
image,#i_mtl_p7_plane_airliner_wreckage_set_metal_m
image,#i_mtl_p7_hook_metal_small_01_m
image,#i_mtl_p7_hook_metal_small_01_o
image,#i_mtl_p7_hook_metal_small_01_n
image,d#i_t8_decal_tech_detail_screw_02_s
image,d#i_t8_decal_tech_detail_screw_02_r
image,d#i_t8_decal_tech_detail_screw_02_o
image,d#i_t8_decal_tech_detail_screw_02_n
image,d#i_t8_decal_tech_detail_screw_02_c
image,#i_t8_decal_tech_detail_screw_02_g
image,#i_mtl_p8_zm_esc_gun_gallery_metal_beam_03_multi_m
image,d#i_t7_micro_stone_sandstone_01_c
image,d#i_t7_micro_stone_sandstone_01_n
image,#i_mtl_p7_zm_tra_crate_metal_strap_n
image,#hash_6a25333d45cfebec
image,#hash_6a25383d45cff46b
image,#i_mtl_p8_light_spotlight_led_rust_c
image,#i_c_t7_warrior_body1_boot_soles_g
image,#i_c_t7_warrior_body1_boot_soles_c
image,#i_c_t7_warrior_body1_boot_soles_n
image,#i_c_t7_warrior_body1_boot_soles_o
image,#i_c_t7_techno_body1_leg_armor_s
image,#i_c_t7_techno_body1_leg_armor_n
image,#i_c_t7_techno_body1_leg_armor_o
image,#i_c_t7_techno_body1_leg_armor_g
image,#i_c_t7_techno_body1_leg_armor_c
image,#i_c_t7_techno_body1_chest_device_g
image,#i_c_t7_techno_body1_chest_device_c
image,#i_c_t7_techno_body1_chest_device_n
image,#i_c_t7_techno_body1_chest_device_o
image,#i_c_t7_techno_body1_chest_device_s
image,#hash_6a39850e908b8185
image,#i_mtl_p7_conduit_metal_pipes_c
image,#i_mtl_p7_conduit_metal_pipes_g
image,#i_mtl_p7_conduit_metal_pipes_n
image,#i_t7_asphalt_edge_cracked_01_n
image,#i_t7_asphalt_edge_cracked_01_c
image,#i_mtl_p7_generator_unit_01_04_n
image,#i_mtl_p7_generator_unit_01_04_m
image,#hash_6a5f4ece5fea316c
image,#i_mtl_p8_cell_antenna_roof_metal_01_n
image,#i_mtl_p8_cell_antenna_roof_metal_01_m
image,#i_p7_aqu_railings_set_metal_g
image,#i_p7_aqu_railings_set_metal_n
image,#i_p7_aqu_railings_set_metal_o
image,#i_p7_aqu_railings_set_metal_m
image,#i_t7_rubber_wire_bundle_01_dec_c
image,#i_t7_decal_damage_concrete_trim_02_n
image,#i_t7_decal_damage_concrete_trim_02_c
image,#i_mtl_p8_foliage_branch_pile_cards_01_c
image,#i_mtl_p8_foliage_branch_pile_cards_01_n
image,d#i_veh_t8_detail_treadplate_01_n
image,d#i_veh_t8_detail_treadplate_01_g
image,d#i_veh_t8_detail_treadplate_01_c
image,d#i_veh_t8_detail_treadplate_01_s
image,#i_veh_t8_detail_treadplate_01_r
image,#hash_6ab048389053f019
image,#i_mtl_p7_door_metal_rolling_02_dirty_02_c
image,#i_mtl_p7_door_metal_rolling_02_dirty_02_n
image,d#i_veh_t8_decal_bolt_10_n
image,d#i_veh_t8_decal_bolt_10_o
image,d#i_veh_t8_decal_bolt_10_c
image,#i_p8_sil_icbm_conveyor_bracket_a_n
image,#i_p8_sil_icbm_conveyor_bracket_a_o
image,d#i_p8_mp_bomb_crate_green_o
image,d#i_p8_mp_bomb_crate_green_n
image,d#i_p8_mp_bomb_crate_green_c
image,d#i_p8_mp_bomb_crate_green_g
image,#i_p8_ice_mb_cargodoorframe_b_o
image,#i_p8_ice_mb_cargodoorframe_b_n
image,#i_p8_ice_mb_cargodoorframe_b_m
image,#i_mtl_p7_3arc_park_light_deck_glass_c
image,d#fxt_decal_foam_n
image,#i_mtl_p7_zm_der_utility_pole_acc_s
image,#i_mtl_p7_zm_der_utility_pole_acc_o
image,#i_mtl_p7_zm_der_utility_pole_acc_n
image,#i_mtl_p7_zm_der_utility_pole_acc_c
image,#i_mtl_p7_zm_der_utility_pole_acc_g
image,d#i_t8_decal_tech_detail_bolt_11_r
image,d#i_t8_decal_tech_detail_bolt_11_g
image,d#i_t8_decal_tech_detail_bolt_11_c
image,d#i_t8_decal_tech_detail_bolt_11_n
image,d#i_t8_decal_tech_detail_bolt_11_o
image,#i_t7_ban_decal_paint_scratched_r
image,#i_t7_ban_decal_paint_scratched_g
image,#i_t7_ban_decal_paint_scratched_c
image,#hash_6b1c59561adcf851
image,#hash_6b1c64561add0b02
image,#hash_6b1c65561add0cb5
image,d#i_t7_micro_concrete_formed_01_n
image,d#i_t8_decal_tech_detail_line_trim_08_c
image,d#i_t7_decal_coffee_stain_01_c
image,#i_mtl_p7_foliage_grass_dry_03_snow_proxy_normal
image,d#char_base_fabric_canvas_n
image,d#fxt8_fire_sm_base_anim_hdr
image,d#i_veh_t8_decal_panel_07_g
image,d#i_veh_t8_decal_panel_07_c
image,d#i_veh_t8_decal_panel_07_o
image,d#i_veh_t8_decal_panel_07_n
image,d#i_veh_t8_decal_panel_07_s
image,d#i_veh_t8_decal_panel_07_r
image,#skybox_default_black
image,#i_t7_plastic_clear_warped_sandy_n
image,#i_t7_plastic_clear_warped_sandy_c
image,#i_mtl_p7_pipe_metal_hp_54_rust_c
image,#hash_6b7019be86cfd584
image,#hash_6b701bbe86cfd8ea
image,#hash_6b701cbe86cfda9d
image,#i_t7_metal_planter_top_trim_large_painted_g
image,#i_t7_metal_planter_top_trim_large_painted_c
image,#i_t7_metal_planter_top_trim_large_painted_n
image,#i_p8_foliage_tree_spruce_norway_branch_05_n
image,#i_p8_foliage_tree_spruce_norway_branch_05_m
image,#i_p8_foliage_tree_spruce_norway_branch_05_c
image,#i_p8_foliage_tree_spruce_norway_branch_05_t
image,d#i_t8_decal_grunge_algea_stain_01_g
image,#i_t8_decal_grunge_algea_stain_01_c
image,#i_t8_decal_grunge_algea_stain_01_n
image,#i_p8_ice_communication_console_01_decal_o
image,#i_p8_ice_communication_console_01_decal_c
image,d#fxt8_fire_sm_lick_short_anim_hdr
image,#i_mtl_p8_col_laptop_military_set_painted01_m
image,#i_mtl_p8_col_laptop_military_set_painted01_n
image,#i_mtl_p8_ice_snow_bank_01_o
image,#i_mtl_p8_ice_snow_bank_01_n
image,#i_mtl_p7_debris_newspaper_02_n
image,#i_mtl_p7_debris_newspaper_02_c
image,#hash_6bd26958ab5f9d92
image,#hash_6bd26a58ab5f9f45
image,#hash_6bd27e58ab5fc141
image,#i_mtl_p7_hinge_metal_s
image,#i_mtl_p7_hinge_metal_g
image,#i_mtl_p7_hinge_metal_o
image,#i_mtl_p7_hinge_metal_n
image,#hash_6bef4f141df9a3fd
image,#i_veh_t8_decal_tech_detail_indent_01b_n
image,#i_t8_concrete_wall_cast_03_c
image,#i_t8_concrete_wall_cast_03_n
image,d#fxt_dust_wind_md_anim
image,#i_mtl_p7_conduit_metal_outlets_c
image,#i_mtl_p7_conduit_metal_outlets_g
image,#i_mtl_p7_conduit_metal_outlets_o
image,#i_mtl_p7_conduit_metal_outlets_n
image,d#i_t7_micro_metal_brushed_01_n
image,#hash_6c36bd5029c68353
image,#hash_6c36c85029c69604
image,d#i_veh_t8_paint_burnt_03_g
image,d#i_veh_t8_paint_burnt_03_c
image,#i_mtl_p7_pipe_metal_sprinkler_straight_s
image,#i_mtl_p7_pipe_metal_sprinkler_straight_n
image,#i_mtl_p7_pipe_metal_sprinkler_straight_g
image,#i_veh_t8_civ_snowcat_cabin_m
image,#i_veh_t8_civ_snowcat_cabin_o
image,#i_veh_t8_civ_snowcat_cabin_n
image,#i_mtl_p7_duct_metal_circular_elbow_90_n
image,#i_mtl_p7_duct_metal_circular_elbow_90_o
image,#i_mtl_p8_ice_extinguisher_case_n
image,#i_mtl_p8_cell_antenna_roof_decal_01_c
image,#i_mtl_p8_cell_antenna_roof_decal_01_n
image,#i_c_t7_techno_head1_faceplate_s
image,#i_c_t7_techno_head1_faceplate_o
image,#i_c_t7_techno_head1_faceplate_n
image,#i_c_t7_techno_head1_faceplate_g
image,#i_c_t7_techno_head1_faceplate_c
image,d#fxt8_debris_ember
image,#i_c_t7_techno_body1_backpack_c
image,#i_c_t7_techno_body1_backpack_g
image,#i_c_t7_techno_body1_backpack_m
image,#i_c_t7_techno_body1_backpack_n
image,#i_c_t7_techno_body1_backpack_o
image,d#i_t7_decal_damage_glass_bullet_hit_03_c
image,d#i_t7_decal_damage_glass_bullet_hit_03_n
image,#i_t7_decal_grunge_water_puddle_06_r
image,d#i_p8_mp_bomb_crate_labels_c
image,#hash_6cb76a8ad9706570
image,#hash_6cb7c28e7b35a69a
image,#i_mtl_p8_col_light_traffic_light_c
image,#i_mtl_p8_col_light_traffic_light_g
image,#hash_6cc7cb6067d6aaf3
image,d#$gray_one_channel
image,d#fxt8_spark_omni_hdr
image,#hash_6ce6ad911cece7c6
image,#hash_6ce6c9911ced175a
image,#hash_6ce6ca911ced190d
image,#i_mtl_p7_wires_metal_recessed_s
image,#i_mtl_p7_wires_metal_recessed_o
image,#i_mtl_p7_wires_metal_recessed_n
image,#i_mtl_p7_wires_metal_recessed_c
image,#i_mtl_p7_wires_metal_recessed_g
image,#i_t8_decal_damage_concrete_sidewalk_seam_01_c
image,#i_t8_decal_damage_concrete_sidewalk_seam_01_n
image,#hash_6cf7ac5cac03da22
image,#hash_6cf7ae5cac03dd88
image,#hash_6cf7b05cac03e0ee
image,#hash_6cf7b15cac03e2a1
image,#i_mtl_p7_zm_ctl_door_sliding_set_part_01_m
image,#i_mtl_p7_zm_ctl_door_sliding_set_part_01_n
image,#hash_6d0c1f1d8e999967
image,#hash_6d0c201d8e999b1a
image,#i_mtl_p7_slu_meter_electric_01_base_part_m
image,#i_mtl_p7_slu_meter_electric_01_base_part_n
image,#hash_6d225716d4c76764
image,#hash_6d225816d4c76917
image,#hash_6d225916d4c76aca
image,#i_mtl_p8_kit_col_tal_03_standard_exterior_roof_set_decal_02_c
image,#hash_6d387487d9d210e9
image,#i_t8_metal_paint_scratched_01_rust_r
image,#i_t8_metal_paint_scratched_01_rust_n
image,#i_p8_ice_cover_crate_c
image,#i_p8_ice_cover_crate_g
image,#i_p8_ice_cover_crate_n
image,#i_p8_ice_cover_crate_o
image,d#i_veh_t7_dlc_detail_char_01_r
image,#i_mtl_p7_generator_unit_02_02_m
image,#i_mtl_p7_generator_unit_02_02_n
image,#i_mtl_p7_generator_unit_02_02_o
image,#i_t8_plaster_wall_01_c
image,#i_mtl_p8_box_electric_commercial_key_n
image,#i_mtl_p8_box_electric_commercial_key_m
image,#i_t8_zm_decal_scuffs_reveal_r
image,#i_c_t7_warrior_body1_arm_c1_ir
image,#i_c_bc_femalesoldier_legholster_albedo_c
image,#i_mtl_p8_military_container_door_brackets_o
image,#i_mtl_p8_military_container_door_brackets_n
image,#hash_6d871e3d01914b30
image,#i_veh_t8_mil_truck_hemtt_frame_02_multi_m
image,#i_mtl_p7_light_led_ceiling_01_c
image,#i_mtl_p7_light_led_ceiling_01_m
image,#i_mtl_p8_ice_foliage_shrub_01_tall_02_proxy_albedo
image,#i_mtl_p7_road_guard_inner_g
image,#i_mtl_p7_road_guard_inner_o
image,#i_mtl_p7_road_guard_inner_s
image,#i_mtl_p7_street_curb_concrete_dmg_64a_c
image,#i_mtl_p7_street_curb_concrete_dmg_64a_n
image,d#fxt8_spark_round_alpha
image,d#core_metal_dark_g
image,d#i_t8_micro_plastic_rough_01_n
image,#i_mtl_p7_light_fluorescent_subway_glass_t
image,#i_mtl_p7_light_fluorescent_subway_glass_n
image,#i_mtl_p7_light_fluorescent_subway_glass_c
image,#i_mtl_p7_ladder_metal_secured_n
image,#i_mtl_p7_ladder_metal_secured_o
image,#i_mtl_p7_ladder_metal_secured_m
image,#i_mtl_p7_signage_emergency_02_c
image,d#i_mtl_p7_crate_ammo_metal_decal_c
image,#i_t8_zm_zod_metal_painted_wall_heavy_trim_r
image,#i_mtl_p8_chi_camera_security_bubble_lens_n
image,#i_mtl_p8_chi_camera_security_bubble_lens_c
image,#hash_6e33a0b0e74e77cf
image,#ch_metal_rusty_02b_col
image,d#i_c_t8_detail_plastic_grainy_mr6_6_n
image,d#i_veh_t8_decal_gauge_26_c
image,d#hash_6e45e5c7f51bf4ee
image,#i_t8_metal_ship_hull_01_painted_c
image,#i_t8_metal_ship_hull_01_painted_g
image,#i_t8_metal_ship_hull_01_painted_o
image,#i_t8_metal_ship_hull_01_painted_n
image,d#i_veh_t8_plastic_fiberglass_bench_c
image,d#hash_6e7a7095e2e177b0
image,d#i_c_t8_mp_spe_buffer_body1_syringe_pouch_o
image,d#i_c_t8_mp_spe_buffer_body1_syringe_pouch_g
image,#i_skybox_mp_silo_override
image,d#i_c_t8_detail_plastic_grainy_chaser_3_n
image,d#fxt_decal_foam
image,#i_mtl_p7_suspension_bridge_steel_cable_01_m
image,#i_t7_decal_water_wall_running_02_r
image,#hash_6ea20ce6868c77c2
image,d#fxt8_fire_md_lick_dissipate_anim_hdr
image,d#i_t7_cloth_leather_black_n
image,#hash_6ee44c938e3dfa98
image,#hash_6ee456938e3e0b96
image,#hash_6ee463938e3e21ad
image,#hash_6ee6a41f09b906ab
image,#i_mtl_p7_tools_hammer_n
image,#i_c_t7_techno_head6_face_skin1_g
image,d#i_c_gen_detail_plastic_circle_mesh_n
image,d#i_mtl_p7_tank_welding_set_02_m
image,d#i_mtl_p7_tank_welding_set_02_n
image,#i_veh_t8_mil_truck_hemtt_mudflaps_multi_m
image,d#i_mtl_p7_cai_rock_rubble_pile_01_n
image,#i_mtl_p7_pipe_metal_hp_54_paint_c
image,#i_mtl_p7_ban_ladder_set_fence_n
image,#i_mtl_p7_ban_ladder_set_fence_c
image,#i_mtl_p7_cai_street_signage_bracket_05_m
image,#i_mtl_p7_cai_street_signage_bracket_05_o
image,#i_mtl_p7_cai_street_signage_bracket_05_n
image,#hash_6f3422078ae62096
image,#i_c_t7_techno_body1_coat_ir
image,#i_t8_concrete_wall_cast_bare_01_wet_n
image,#i_c_t7_battery_head1_dogtags_n
image,#i_c_t7_battery_head1_dogtags_g
image,d#i_mtl_veh_t8_civ_forklift_modular_wheel_n
image,d#i_mtl_veh_t8_civ_forklift_modular_wheel_o
image,d#hash_6f5042c8062d473d
image,#i_t8_decal_graphics_signage_ice_caution_slippery_01_c
image,#i_t7_concrete_dirty_quad_01_c
image,#i_p7_cry_vents_lobby_01_s
image,#i_p7_cry_vents_lobby_01_g
image,#i_p7_cry_vents_lobby_01_n
image,#i_p7_cry_vents_lobby_01_o
image,d#hash_6f62829ab5cc70d1
image,#i_p8_rock_wall_tiling_01_c
image,#i_p8_rock_wall_tiling_01_n
image,d#fxt_distort_heat
image,#hash_6f9c564f290e840a
image,#hash_6f9c574f290e85bd
image,#hash_6f9c5a4f290e8ad6
image,#i_t7_concrete_poured_bunker_dirty_01_n
image,#i_t7_aqu_decal_signage_wall_02_n
image,#i_t7_aqu_decal_signage_wall_02_c
image,#i_t7_aqu_decal_signage_wall_02_g
image,#i_mtl_p8_foliage_grass_blades_tall_lrg_proxy_depth
image,#i_t8_decal_tech_detail_high_tech_56_n
image,#i_t8_decal_tech_detail_high_tech_56_c
image,#i_mtl_p8_chi_comm_antenna_roof_base_metal_03_m
image,#i_t8_decal_grunge_rust_06_c
image,#i_t8_decal_grunge_rust_06_o
image,#i_t8_decal_grunge_rust_06_n
image,#i_veh_t8_mil_truck_hemtt_supension_02_multi_m
image,#i_mtl_p7_foliage_tree_ponderosa_pine_trunk_detail_top_n
image,#i_mtl_p7_foliage_tree_ponderosa_pine_trunk_detail_top_c
image,#hash_6ff68103b3da735f
image,#hash_6ff68203b3da7512
image,#hash_6ff68303b3da76c5
image,#i_p8_zm_zod_trashcan_copper_n
image,#i_p8_zm_zod_trashcan_copper_m
image,#i_p7_pallet_truck_metal_dirty_s
image,#i_p7_pallet_truck_metal_dirty_g
image,#i_p7_pallet_truck_metal_dirty_c
image,#i_t8_decal_grunge_asphalt_oil_stains_n
image,#i_t8_decal_grunge_asphalt_oil_stains_c
image,#i_mtl_p7_generator_unit_tube_n
image,#hash_701abe68bd0d79b2
image,#hash_701ac368bd0d8231
image,#i_mtl_p8_ice_backroom_wall_tank_metal_bare_02_m
image,#i_mtl_p8_ice_backroom_wall_tank_metal_bare_02_n
image,#hash_703a900b4d516658
image,#hash_703a930b4d516b71
image,#i_veh_t8_plastic_rough_heavy_01_n
image,#i_mtl_p7_zm_ctl_light_cage_wall_metal_m
image,#i_mtl_p7_zm_ctl_light_cage_wall_metal_n
image,#i_t8_concrete_wall_poured_02_n
image,#i_t8_concrete_wall_poured_02_o
image,#i_t8_concrete_wall_poured_02_g
image,#i_t8_concrete_wall_poured_02_c
image,#hash_705eb1b9d7110c75
image,#hash_7066d69ec453c039
image,#hash_7066dd9ec453cc1e
image,#hash_7066e19ec453d2ea
image,#i_mtl_p7_eth_light_hang_02_glass_n
image,#i_t8_decal_grunge_dirt_ice_layer_blend_c
image,#i_mtl_p8_zm_esc_gun_gallery_metal_beam_02_multi_m
image,d#i_mtl_p8_foliage_grass_blades_tall_set_a_t
image,d#i_mtl_p8_foliage_grass_blades_tall_set_a_n
image,d#i_mtl_p8_foliage_grass_blades_tall_set_a_c
image,d#fxt8_water_splash_tall_center_anim_mask
image,#hash_709ecff84ba018e2
image,#hash_70a05c154f521b32
image,d#hash_70a5046106ce90be
image,#hash_70a96b521617bafa
image,#i_mtl_p8_chi_satellite_roof_metal_back_01_m
image,d#i_t8_micro_paint_02_n
image,d#i_t8_micro_paint_02_g
image,d#i_t8_micro_paint_02_c
image,#i_mtl_p7_railway_docking_bumper_paintedmetal_g
image,d#fxt8_liquid_spurt
image,#hash_70ed7348f0dc7920
image,#hash_70ed7648f0dc7e39
image,d#detail_noise
image,#i_p8_sil_icbm_conveyor_warhead_front_n
image,#i_p8_sil_icbm_conveyor_warhead_front_o
image,#i_t7_street_concrete_curb_01a_c
image,#i_t7_street_concrete_curb_01a_n
image,#i_t7_decal_signage_laundry_6_c
image,#i_t7_decal_signage_laundry_6_r
image,#i_mtl_p7_railing_concrete_01_dirty_n
image,#i_mtl_p7_railing_concrete_01_dirty_c
image,#hash_714cde0176dbe2ed
image,#hash_71571531b78303b4
image,#hash_71571731b783071a
image,#hash_71571831b78308cd
image,#i_mtl_p8_ice_med_rock_02_04_dark_c
image,d#i_t7_veh_decal_panelcut_01_n
image,d#i_t7_veh_decal_panelcut_01_o
image,d#i_t7_veh_decal_panelcut_01_r
image,d#i_t7_micro_metal_bare_scuffed_01_n
image,d#i_t7_micro_metal_bare_scuffed_01_g
image,d#i_t7_micro_metal_bare_scuffed_01_c
image,d#hash_7183bddb63ba4f0e
image,d#i_t8_snow_sparkles_n
image,#i_mtl_p7_slu_barrel_metal_02_dmg_n
image,#i_mtl_p7_slu_barrel_metal_02_dmg_m
image,d#i_t7_micro_metal_rust_heavy_01_g
image,d#i_t7_micro_metal_rust_heavy_01_c
image,#i_t7_micro_metal_rust_heavy_01_n
image,#i_mtl_p7_generator_unit_light_n
image,#i_mtl_p7_generator_unit_light_c
image,#i_mtl_p7_generator_unit_light_e
image,#i_mtl_p7_generator_unit_01_05_n
image,#i_mtl_p7_generator_unit_01_05_m
image,#i_mtl_p7_electrical_cabinet_04_n
image,#i_mtl_p7_electrical_cabinet_04_c
image,#i_mtl_p7_electrical_cabinet_04_g
image,d#hash_71af9984106bf381
image,d#fxt_smk_billow_whisp_anim
image,d#i_t8_ice_concrete_polished_g
image,d#i_t8_ice_concrete_polished_c
image,d#i_t8_ice_concrete_polished_o
image,d#i_t8_ice_concrete_polished_n
image,d#fxt8_fog_slow_lg_anim
image,#hash_71c89bf76706e7f1
image,d#i_veh_t8_metal_grunge_galvanized_01_g
image,#i_p7_foliage_tree_elm_english_branches_dry_snow_r
image,d#$blacktransparent_color
image,#i_mtl_p8_col_conveyor_unit_decal_03_n
image,#i_mtl_p7_duct_metal_rectangle_straight_128_o
image,#i_mtl_p7_duct_metal_rectangle_straight_128_n
image,#i_c_t7_techno_body1_thighguard_ir
image,#i_c_t7_gunslinger_body1_boots_ao
image,#hash_7208a48a2447ec3f
image,#hash_7208b78a24480c88
image,#hash_7208b88a24480e3b
image,#hash_7209695e3929ffe8
image,#hash_72096c5e392a0501
image,#i_veh_t8_mil_truck_hemtt_interior_dashboard_n
image,#i_veh_t8_mil_truck_hemtt_interior_dashboard_o
image,#i_mtl_p8_wep_gun_storage_set_dirt_02_c
image,#i_mtl_p8_box_electric_commercial_lrg_01_dmg_metal_m
image,#hash_72279b01c172fd78
image,#hash_72279c01c172ff2b
image,#hash_72279e01c1730291
image,#i_c_t7_techno_body1_thrusters_ir
image,#i_c_t7_techno_body1_neckwrap_c
image,#i_c_t7_techno_body1_neckwrap_o
image,#i_c_t7_techno_body1_neckwrap_n
image,#hash_7235b41b166778a7
image,#hash_7235b51b16677a5a
image,#hash_7235b61b16677c0d
image,#i_t8_decal_tech_detail_line_trim_05_metal_c
image,#i_mtl_p8_box_electric_commercial_decal_sign_c
image,#i_mtl_p8_wz_supply_stash_decal_clip_c
image,#i_mtl_p8_wz_supply_stash_decal_clip_n
image,#fxt8_dust_mote_long
image,#hash_726408eea3df2628
image,#hash_726409eea3df27db
image,#hash_72640aeea3df298e
image,d#i_veh_t8_decal_panel_17_n
image,d#i_veh_t8_decal_panel_17_o
image,d#i_veh_t8_decal_panel_17_g
image,d#i_veh_t8_decal_panel_17_c
image,#i_veh_t8_decal_panel_17_r
image,d#i_veh_t8_decal_panel_17_s
image,#i_t7_cry_metal_panels_3x1_anodized_g
image,#i_t7_cry_metal_panels_3x1_anodized_n
image,#i_t7_cry_metal_panels_3x1_anodized_o
image,#i_t8_decal_holes_01_c
image,#i_t7_out_decal_damage_metal_scratches_n
image,#i_veh_t8_civ_snowcat_hood_grill_o
image,#i_t8_crate_medical_resource_top_01_m
image,#i_t8_crate_medical_resource_top_01_n
image,#i_mtl_p7_zm_asc_pipes_gas_set_n
image,#i_mtl_p7_zm_asc_pipes_gas_set_m
image,#i_mtl_p8_industrial_scissor_lift_nail_m
image,d#i_t8_metal_bare_steel_worn_01_512_n
image,#hash_72c49af4044b78b2
image,#hash_72c49ff4044b8131
image,#hash_72c4a3f4044b87fd
image,#hash_72c4aff4044b9c61
image,#hash_72c4b0f4044b9e14
image,d#i_mtl_veh_t8_civ_forklift_modular_decal_groove_n
image,#hash_72d5e722e49f44d9
image,#hash_72d5f722e49f6009
image,#hash_72d5fb22e49f66d5
image,#hash_72d60222e49f72ba
image,#i_mtl_p7_fence_wood_rustic_01_rungs_n
image,#i_mtl_p7_fence_wood_rustic_01_rungs_m
image,d#i_mtl_p7_cai_mobile_shops_civ_01_metal_decal_01_c
image,#i_t8_decal_graphics_signage_ice_beyond_point_01_c
image,#hash_72f1fc90dfe20e53
image,#hash_72f1fd90dfe21006
image,#i_c_t7_techno_gear_7_c
image,d#i_t7_micro_metal_grunge_scratch_fine_01_g
image,#i_t7_micro_metal_grunge_scratch_fine_01_c
image,d#i_t7_micro_metal_grunge_scratch_fine_01_n
image,d#i_mtl_p8_panel_debris_metal_set_decal_grunge_01_c
image,#i_mtl_p7_ntx_tool_wrench_ratchet_sml_decal_c
image,d#i_t8_micro_metal_rust_02_g
image,#i_mtl_p8_ice_rock_01_n
image,#i_mtl_p8_ice_rock_01_o
image,d#i_mtl_veh_t8_civ_forklift_modular_decal_paint_strip_dirty_c
image,#i_mtl_p7_slu_box_electric_set_decal_wires_c
image,#i_mtl_p7_slu_box_electric_set_decal_wires_n
image,#i_t8_concrete_wall_cast_02_g
image,#i_t8_concrete_wall_cast_02_c
image,#i_c_t7_warrior_body1_arm_b1_g
image,#i_c_t7_warrior_body1_arm_b1_o
image,#i_c_t7_warrior_body1_arm_b1_n
image,#i_p8_mp_bomb_crate_whole_destroyed_caution_c
image,#i_mtl_p7_zur_nw_foundry_set_concrete_m
image,#i_mtl_p7_signage_caution_fire_02_c
image,#i_t8_metal_grate_square_02_m
image,#i_t8_metal_grate_square_02_n
image,#i_mtl_p7_mou_foliage_brush_02_snow_proxy_normal
image,#hash_73be5806c5f70c8d
image,#i_t8_zm_esc_decal_grunge_stain_leaks_01_c
image,#i_veh_t8_mil_truck_hemtt_flatbed_lights_multi_m
image,#i_mtl_p7_monitor_arm_stand_g
image,#i_mtl_p7_monitor_arm_stand_n
image,#i_mtl_p7_monitor_arm_stand_s
image,d#i_t7_decal_grunge_scorch_03_r
image,#hash_7405db8e7ef5e015
image,d#i_veh_t8_decal_stain_07_c
image,#i_mtl_p8_ice_backroom_wall_tank_gages_o
image,#i_mtl_p8_ice_backroom_wall_tank_gages_n
image,#i_mtl_p8_ice_backroom_wall_tank_gages_m
image,#i_mtl_p8_ice_backroom_wall_tank_gages_c
image,#hash_74129eaff9e95f3e
image,d#i_c_gen_eye_blue_c
image,#i_t7_glass_screen_dirty_black_opaque_g
image,#i_t7_glass_screen_dirty_black_opaque_c
image,d#i_mtl_veh_t8_civ_forklift_modular_decal_button_text_dirty_c
image,d#fxt8_spark_omni_alpha
image,#hash_7435d39120aeea58
image,#hash_7435d49120aeec0b
image,#hash_7435e09120af006f
image,#hash_7438fe55dafeeeda
image,d#i_t7_detail_asphalt_01
image,#i_mtl_p8_box_electric_commercial_lrg_01_m
image,#i_mtl_p7_sgen_corridor_02_set_red_worn_n
image,#i_mtl_p7_light_bollard_m
image,#i_mtl_p7_light_bollard_n
image,#i_mtl_p7_slu_panel_electrical_metal_01_m
image,#i_mtl_p7_slu_panel_electrical_metal_01_n
image,d#i_veh_t8_paint_burnt_02_g
image,d#i_veh_t8_paint_burnt_02_c
image,#i_c_t7_battery_body1_collar1_n
image,#i_c_t7_battery_body1_collar1_o
image,#i_c_t7_battery_body1_collar1_c
image,#i_c_t7_battery_body1_collar1_g
image,#hash_7460b053ea441666
image,#hash_7462e54d4b881d86
image,#i_veh_t8_mil_truck_hemtt_decal_interior_61_c
image,#i_veh_t8_mil_truck_hemtt_decal_interior_61_n
image,#hash_747983f9d46dd3f8
image,#hash_747984f9d46dd5ab
image,#hash_747986f9d46dd911
image,d#i_t7_detail_carpet_04
image,#i_c_t7_blockout_battery_body1_beltwidget_c
image,#i_c_t7_blockout_battery_body1_beltwidget_g
image,#i_c_t7_blockout_battery_body1_beltwidget_n
image,#i_mtl_p7_duct_metal_rectangle_end_n
image,#i_mtl_p7_duct_metal_rectangle_end_o
image,d#i_t7_decal_grunge_dirty_tile_01_micro_c
image,d#i_t7_decal_grunge_dirty_tile_01_micro_n
image,#i_mtl_veh_t7_dlc_concrete_poured_bunker_dirty_01_512_m
image,#i_mtl_p7_zm_asc_switch_outdoor_n
image,#i_mtl_p7_zm_asc_switch_outdoor_g
image,#i_mtl_p7_zm_asc_switch_outdoor_c
image,d#i_t8_micro_plaster_stucco_01_n
image,d#i_t7_glass_dirty_streaks_02_c
image,d#i_mtl_p7_monitor_wall_safehouse_01_screen_e
image,#i_t7_cloth_carpet_solid_grey_c
image,#i_p8_sil_icbm_conveyor_01d_r
image,d#i_t7_camo_leather_black_g
image,d#i_t7_camo_leather_black_c
image,d#i_t7_camo_leather_black_n
image,#i_mtl_p7_barrier_block_concrete_long_clean02_m
image,#i_mtl_p7_barrier_block_concrete_long_clean02_n
image,d#hash_74da651f1b44bf0a
image,#i_mtl_p8_ice_large_rock_05_n
image,#i_mtl_p8_ice_large_rock_05_o
image,#i_mtl_p8_zm_esc_gun_gallery_metal_plate_03_o
image,#i_mtl_p8_zm_esc_gun_gallery_metal_plate_03_n
image,#i_t8_glass_cracked_tempered_n
image,#i_t8_glass_cracked_tempered_g
image,d#i_t8_water_puddle_basic_n
image,#i_t7_plaster_smooth_dirty_01_n
image,d#i_t7_plaster_smooth_dirty_01_g
image,d#i_mtl_p8_fire_extinguisher_01_n
image,d#i_mtl_p8_fire_extinguisher_01_m
image,#i_t7_glass_dirty_chemical_stain_c
image,d#i_t7_glass_dirty_chemical_stain_g
image,#hash_74fdd303ac9515a1
image,#hash_75050bc9afcf8b59
image,#i_t8_concrete_sidewalk_01_n
image,d#i_t8_concrete_sidewalk_01_g
image,#i_t8_concrete_sidewalk_01_c
image,#i_t8_water_ocean_mp_seaside_flow_c
image,#i_c_hro_taylor_pants_metal_g
image,d#i_veh_t8_glass_pattern_15_n
image,d#fxt_smk_explosion_02_anim
image,d#i_t7_glass_smoked_g
image,d#i_t7_glass_smoked_c
image,#i_c_t7_warrior_head1_headgear_ir
image,#i_t7_concrete_bare_01_g
image,#i_t7_concrete_bare_01_n
image,#i_mtl_t8_concrete_plain_dirty_01_c
image,#i_mtl_t8_concrete_plain_dirty_01_g
image,#i_t7_micro_grunge_wall_top_bottom_m
image,d#i_t8_micro_metal_grunge_pockmarks_01_g
image,#i_mtl_p8_foliage_branch_pile_cards_02_c
image,#i_mtl_p8_foliage_branch_pile_cards_02_n
image,#i_t7_decal_grunge_leaking_01_c
image,#i_mtl_p7_mou_electrical_panel_set_stain_02_c
image,d#i_mtl_p8_cell_antenna_roof_nail_n
image,#i_mtl_p8_cell_antenna_roof_nail_m
image,#i_t7_rubber_mat_flooring_small_c
image,d#i_t7_rubber_mat_flooring_small_n
image,#i_mtl_p7_pipe_metal_hp_4_01_n
image,#i_mtl_p7_pipe_metal_hp_4_01_o
image,#i_mtl_p7_pipe_metal_hp_4_01_m
image,d#fxt_fog_slow_wide_lg_anim
image,#i_mtl_p7_camera_security_light_c
image,#i_t8_plastic_netting_lrg_01_n
image,#i_t8_plastic_netting_lrg_01_c
image,#hash_758376a2af7820fb
image,d#i_t7_micro_metal_painted_scuffed_01_c
image,d#i_t7_micro_metal_painted_scuffed_01_n
image,d#i_veh_t8_decal_gauge_27_c
image,d#i_t8_micro_scratches_wiped_01_n
image,#hash_75ac588f5bae512c
image,#i_c_t7_warrior_head1_n
image,#i_c_t7_warrior_head1_o
image,#i_c_t7_warrior_head1_c
image,#i_c_t7_warrior_head1_g
image,d#i_t7_metal_bare_corroded_n
image,#i_t7_metal_bare_corroded_g
image,#i_t7_metal_bare_corroded_c
image,#i_t7_metal_bare_corroded_s
image,#i_veh_t8_mil_truck_hemtt_decal_interior_19_r
image,#i_veh_t8_mil_truck_hemtt_decal_interior_19_n
image,#hash_75d08d56218088ad
image,d#i_mtl_veh_t8_civ_forklift_modular_decal_paint_text_nostep_dirty_c
image,#i_mtl_p7_cage_storage_mesh_steel_map2_set_n
image,#i_c_t7_technomancer_body2_lights_e
image,d#i_mtl_p7_box_case_metal_01_metal_c
image,#i_mtl_p8_ice_med_rock_03_stone_01_dark_c
image,#i_mtl_p7_zm_asc_panel_11_n
image,#i_mtl_p7_zm_asc_panel_11_m
image,#i_p8_foliage_tree_spruce_norway_branch_02_c
image,#i_p8_foliage_tree_spruce_norway_branch_02_m
image,#i_p8_foliage_tree_spruce_norway_branch_02_n
image,#i_p8_foliage_tree_spruce_norway_branch_02_t
image,#i_t8_zm_zod_decal_trim_normal_revets_01_r
image,#i_t8_zm_zod_decal_trim_normal_revets_01_n
image,d#i_t7_micro_metal_painted_02_s
image,d#i_t7_micro_metal_painted_02_n
image,d#i_t7_micro_metal_painted_02_g
image,d#i_t7_micro_metal_painted_02_c
image,#i_mtl_p8_ice_rock_pile_02_dark_c
image,#i_mtl_p7_mou_airduct_metal_02_r
image,#hash_7689157fd47fa730
image,#i_mtl_p8_ice_rock_pile_01_dark_c
image,#i_mtl_p8_col_conveyor_unit_bolt_m
image,#i_c_t7_techno_body1_leg_armor_ir
image,#i_mtl_p7_conduit_rust_pipes_n
image,#i_mtl_p7_conduit_rust_pipes_c
image,#hash_76ce5c67fafaa0ad
image,d#i_t7_decal_snow_powder_01_c
image,#hash_76ea8d4f2ccef07f
image,#hash_76eaa04f2ccf10c8
image,#hash_76eaa14f2ccf127b
image,#hash_76ee5174080bad50
image,#hash_76ee5274080baf03
image,#hash_76ee5474080bb269
image,d#i_t7_aqu_decal_signage_wall_01_n
image,#i_t7_aqu_decal_signage_wall_01_g
image,d#i_t7_aqu_decal_signage_wall_01_c
image,d#i_t7_aqu_decal_signage_wall_01_r
image,#i_mtl_p8_ice_foliage_shrub_01_set_branch_01_t
image,#i_mtl_p8_ice_foliage_shrub_01_set_branch_01_c
image,#i_mtl_p8_ice_foliage_shrub_01_set_branch_01_n
image,d#i_mtl_p7_debris_metal_scrap_02_n
image,d#i_mtl_p7_debris_metal_scrap_02_g
image,d#i_mtl_p7_debris_metal_scrap_02_s
image,#i_t7_grass_lawn_medium_small_green_c
image,#i_t7_grass_lawn_medium_small_green_g
image,#i_t7_grass_lawn_medium_small_green_n
image,#i_t7_grass_lawn_medium_small_green_r
image,#i_mtl_p7_zm_ctl_console_deathray_set_metal08_m
image,#i_mtl_p7_zm_ctl_console_deathray_set_metal08_n
image,#i_mtl_p8_cell_antenna_roof_decal_02_n
image,#i_mtl_p8_cell_antenna_roof_decal_02_m
image,#i_mtl_p7_container_aid_box_mre_c
image,#i_mtl_p7_container_aid_box_mre_n
image,#i_t8_decal_graphics_signage_chi_high_pressure_01_c
image,#i_t7_cru_snow_clumps_02_n
image,#i_t8_snow_ice_streaks_c
image,#i_t8_snow_ice_streaks_n
image,#i_t8_snow_ice_streaks_o
image,#i_t8_snow_ice_streaks_m
image,#i_t8_decal_grunge_water_stain_01_sml_r
image,d#i_c_t7_skin_ir
image,d#i_t7_decal_damage_glass_bullet_hit_02_n
image,d#i_t7_decal_damage_glass_bullet_hit_02_c
image,#hash_775d4c078f61cdb4
image,#hash_775d4d078f61cf67
image,#i_veh_t8_mil_truck_hemtt_decal_interior_03_c
image,#hash_777b075cb3251a2a
image,#i_veh_t8_mil_truck_hemtt_decal_interior_03_n
image,#i_veh_t8_mil_truck_hemtt_decal_interior_03_r
image,#i_mtl_p8_ice_foliage_shrub_01_tall_02_proxy_depth
image,#i_mtl_p8_foliage_tree_spruce_norway_small_thin_proxy_normal
image,#i_p8_ice_mb_cargodoorframe_tall_addon_o
image,#i_p8_ice_mb_cargodoorframe_tall_addon_n
image,#i_p8_ice_mb_cargodoorframe_tall_addon_m
image,d#i_mtl_p8_foliage_grass_blades_tall_set_b_n
image,d#i_mtl_p8_foliage_grass_blades_tall_set_b_c
image,d#i_mtl_p8_foliage_grass_blades_tall_set_b_t
image,#i_mtl_p7_monitor_military_safehouse_rigging_g
image,#i_mtl_p7_monitor_military_safehouse_rigging_c
image,#i_mtl_p7_monitor_military_safehouse_rigging_o
image,#i_mtl_p7_monitor_military_safehouse_rigging_s
image,#i_t8_concrete_wall_cast_2x1_02_wet_n
image,d#hash_77e54b5ac4f0ca32
image,d#hash_77e54c5ac4f0cbe5
image,#hash_77e5505ac4f0d2b1
image,#i_mtl_p7_pipe_metal_hp_12_flange_m
image,#i_mtl_p7_pipe_metal_hp_12_flange_o
image,#i_mtl_p7_pipe_metal_hp_12_flange_n
image,#i_mtl_p7_foliage_grass_dry_snow_t
image,#i_mtl_p7_foliage_grass_dry_snow_n
image,#i_mtl_p7_foliage_grass_dry_snow_c
image,d#i_mtl_veh_t8_civ_forklift_vista_g
image,d#i_mtl_veh_t8_civ_forklift_vista_o
image,d#i_mtl_veh_t8_civ_forklift_vista_n
image,d#i_t8_metal_heavy_tile_01_n
image,#i_t8_metal_heavy_tile_01_c
image,d#i_t8_metal_heavy_tile_01_g
image,#i_t8_concrete_curb_01_paint_n
image,#i_t8_concrete_curb_01_paint_c
image,#i_t8_concrete_curb_01_paint_g
image,#i_mtl_p7_generator_unit_02_01_o
image,#i_mtl_p7_generator_unit_02_01_n
image,#i_mtl_p7_generator_unit_02_01_m
image,#i_t7_decal_damage_concrete_edge_01_c
image,#i_t7_decal_damage_concrete_edge_01_n
image,#i_t7_decal_damage_concrete_edge_01_r
image,#i_veh_t8_mil_truck_hemtt_fuelcell_multi_m
image,#i_mtl_p8_ice_rock_med_02_dark_c
image,#i_c_t7_techno_head1_faceplate_ir
image,#i_t8_mov_zm_esc_asphalt_rubble_fine_01_g
image,d#fxt_smk_whisp_anim_2
image,#hash_785753445c390110
image,#i_t7_decal_signage_terra_farms_caution_04_c
image,d#i_t7_decal_damage_metal_rust_edge_01_c
image,d#i_t7_decal_damage_metal_rust_edge_01_n
image,#i_mtl_p8_foliage_grass_long_skinny_01_light_c
image,d#i_mtl_t8_metal_stainless_wall_squares_stained_01a_s
image,#i_t7_metal_planter_top_trim_r
image,d#i_t7_metal_planter_top_trim_n
image,#i_veh_t8_dirt_grey_c
image,#i_veh_t8_mil_truck_hemtt_mudflaps_dead_multi_m
image,d#fxt_gas_blur_core_thick
image,#hash_78a8df5a96543672
image,#hash_78a8e05a96543825
image,#hash_78a8f35a9654586e
image,#i_t8_snow_flat_rough_01_r
image,#i_t8_snow_flat_rough_01_n
image,#i_t7_cru_decal_mud_water_01_r
image,#i_t7_rock_desert_rough_tan_02_n
image,#i_t7_concrete_floor_garage_cracked_g
image,d#i_t8_micro_paint_03_c
image,#i_mtl_p7_electrical_cabinet_03_c
image,#i_mtl_p7_electrical_cabinet_03_g
image,#i_mtl_p7_electrical_cabinet_03_n
image,#i_t8_concrete_wall_cast_2x1_01_wet_n
image,#i_mtl_p8_door_wood_arch_heavy_02_metal_o
image,#i_mtl_p8_door_wood_arch_heavy_02_metal_n
image,#i_mtl_p8_door_wood_arch_heavy_02_metal_m
image,#i_c_t7_warrior_body1_cloth_light_c
image,#i_c_t7_warrior_body1_cloth_light_n
image,#i_c_t7_warrior_body1_cloth_light_o
image,#i_veh_t8_mil_truck_hemtt_decal_interior_22_n
image,#hash_792ec86e1628193b
image,#i_veh_t8_mil_truck_hemtt_decal_interior_22_c
image,#hash_7939dff407540c31
image,#hash_7939e0f407540de4
image,#hash_7939e5f407541663
image,#hash_7939ecf407542248
image,#hash_7939f0f407542914
image,#i_mtl_veh_t7_dmg_scrapes_chips_1_s
image,#i_mtl_veh_t7_dmg_scrapes_chips_1_n
image,#i_mtl_veh_t7_dmg_scrapes_chips_1_g
image,#i_mtl_veh_t7_dmg_scrapes_chips_1_c
image,#i_mtl_p7_sin_signage_metal_back_c
image,#i_mtl_p7_sin_signage_metal_back_g
image,#i_mtl_p7_sin_signage_metal_back_n
image,#i_mtl_p7_sin_signage_metal_back_s
image,#i_mtl_damage_state_0
image,d#i_c_t7_reaper_body1_dark_ir
image,#hash_7984bf1b1a294d58
image,#hash_7984c01b1a294f0b
image,#hash_7984c11b1a2950be
image,#hash_7988cf8ab94cda62
image,#i_mtl_p7_slu_box_electric_set_decal_labels_c
image,#i_mtl_p7_slu_box_electric_set_decal_labels_n
image,#i_mtl_p8_pipes_electrical_m
image,d#t7_metal_bare_worn_02_s
image,d#t7_metal_bare_worn_02_g
image,#hash_7996717fbfba6032
image,#i_c_t7_techno_body1_chest_device_ir
image,d#i_t7_plastic_polyethylene_worn_grey_c
image,#hash_79b1ca90c51568fd
image,#hash_79c17242d80fa225
image,#hash_79c18242d80fbd55
image,#hash_79c18542d80fc26e
image,#hash_79c18642d80fc421
image,#i_mtl_p8_foliage_tree_spruce_norway_decals_c
image,#i_mtl_p8_foliage_tree_spruce_norway_decals_n
image,#i_c_t7_hunter_body2_back_pouch_c
image,#i_mtl_p7_sweep_dustpan_rustic_tail01_n
image,d#i_c_t8_mp_spe_buffer_body1_scisors_o
image,#i_veh_t8_decal_hinge_07_c
image,#i_veh_t8_decal_hinge_07_n
image,#i_veh_t8_decal_hinge_07_o
image,d#fxt8_spark_streak_wiggle_hdr
image,#hash_7a379d71068e12be
image,#hash_7a38763b54750322
image,d#hash_7a4ae72fe7838bd1
image,d#i_mtl_p7_light_floodlight_c
image,d#i_mtl_p7_light_floodlight_m
image,d#i_mtl_p7_light_floodlight_n
image,d#i_t7_glass_frosted_condensation_t
image,#i_mtl_p8_ice_rock_wall_01_b_dark_c
image,#i_mtl_p7_satellite_dish_01_pieces_c
image,#i_mtl_p7_satellite_dish_01_pieces_n
image,#i_veh_t8_mil_truck_hemtt_interior_seat_o
image,#i_veh_t8_mil_truck_hemtt_interior_seat_n
image,#i_mtl_p7_foliage_tree_ponderosa_pine_trunk_snow_c
image,#i_mtl_p7_foliage_tree_ponderosa_pine_trunk_snow_n
image,#i_mtl_p8_wine_press_iron_metal_01_rust_c
image,#i_mtl_p8_wine_press_iron_metal_01_rust_n
image,#i_sky_floor_grip_wet_dlc1_c
image,d#i_c_t7_techno_body1_dark_ir
image,#i_t8_decal_grunge_rust_07_n
image,#i_t8_decal_grunge_rust_07_o
image,#i_t8_decal_grunge_rust_07_c
image,#i_p8_foliage_tree_spruce_norway_snow_branch_04_m
image,#i_p8_foliage_tree_spruce_norway_snow_branch_04_n
image,#i_p8_foliage_tree_spruce_norway_snow_branch_04_c
image,d#img_wpn_t7_chaser_plastic_detail2_n
image,#hash_7ac89c48f6c8060b
image,#hash_7ac89d48f6c807be
image,#i_t7_decal_design_stripe_worn_01_c
image,#i_c_t7_battery_hairshell1_n
image,#i_c_t7_battery_hairshell1_c
image,#i_mtl_p7_sgen_pallas_hookup_handles_s
image,#i_mtl_p7_sgen_pallas_hookup_handles_n
image,#i_mtl_p7_sgen_pallas_hookup_handles_o
image,#i_mtl_p7_sgen_pallas_hookup_handles_c
image,#i_mtl_p7_sgen_pallas_hookup_handles_g
image,#i_veh_t8_glass_pattern_02_n
image,#i_mtl_p8_wz_supply_stash_decal_label_c
image,#i_mtl_p7_cover_metal_dep_decals_01_c
image,#i_mtl_p7_cover_metal_dep_decals_01_n
image,d#hash_7b2663455d9b6eef
image,d#i_mtl_veh_t8_civ_forklift_modular_cabin_01_n
image,d#i_mtl_veh_t8_civ_forklift_modular_cabin_01_o
image,d#i_wpn_t8_eqp_briefcase_bomb_foam_detail_g
image,d#i_wpn_t8_eqp_briefcase_bomb_foam_detail_n
image,d#hash_7b2d62cfd74e54c2
image,d#i_t7_decal_damage_metal_scratches_r
image,d#i_c_t8_detail_plastic_mp9_n
image,#i_t8_decal_tech_detail_bolt_01_s
image,#i_t8_decal_tech_detail_bolt_01_o
image,#i_t8_decal_tech_detail_bolt_01_n
image,d#i_t8_decal_tech_detail_bolt_01_c
image,#i_c_t7_blockout_battery_body1_beltwidget_ec
image,#hash_7b5697e17f98b920
image,#hash_7b56b4e17f98ea67
image,d#i_t7_micro_metal_bare_scuffed_02_g
image,d#i_t7_micro_cloth_leather_01_g
image,#hash_7b5e84521cbcd075
image,#hash_7b7e8977c0587709
image,#i_mtl_p7_cai_lotus_security_double_door_frame_s
image,#i_mtl_p7_cai_lotus_security_double_door_frame_o
image,#i_mtl_p7_cai_lotus_security_double_door_frame_n
image,#i_mtl_p7_cai_lotus_security_double_door_frame_c
image,d#hash_7b8d8da1990c0330
image,#i_t8_concrete_wall_cast_01_c
image,#i_t8_concrete_wall_cast_01_o
image,#i_t8_concrete_wall_cast_01_n
image,#i_mtl_p7_foliage_bush_snowy_03_branch_snow_n
image,#i_mtl_p7_foliage_bush_snowy_03_branch_snow_c
image,d#i_p8_mp_bomb_crate_leash_c
image,#i_t7_cloth_cargo_netting_01_c
image,#i_t7_cloth_cargo_netting_01_g
image,#i_t7_cloth_cargo_netting_01_o
image,#i_t7_cloth_cargo_netting_01_n
image,#i_t7_cloth_cargo_netting_01_s
image,#i_veh_t8_mil_truck_hemtt_decal_interior_60_n
image,#hash_7bb13e4d4f48c3c1
image,#i_veh_t8_mil_truck_hemtt_decal_interior_60_c
image,#i_t8_concrete_wall_cast_2x1_01_g
image,#i_t8_concrete_wall_cast_2x1_01_c
image,#i_t8_concrete_wall_cast_2x1_01_o
image,#i_t8_concrete_wall_cast_2x1_01_n
image,#i_t8_concrete_wall_cast_2x1_01_r
image,#i_mtl_p7_ris_shovel_set_n
image,#i_mtl_p7_ris_shovel_set_m
image,d#i_t7_ban_metal_light_rust_blend_n
image,#i_t7_ban_metal_light_rust_blend_c
image,#i_c_t7_techno_body1_monitor_ir
image,d#i_t7_concrete_painted_wet_white_r_cheap
image,#hash_7be8a4b6fd6d5f06
image,d#i_wpn_t8_eqp_briefcase_bomb_decals_label_s
image,d#i_wpn_t8_eqp_briefcase_bomb_decals_label_c
image,d#i_wpn_t8_eqp_briefcase_bomb_decals_label_g
image,d#i_mtl_veh_t8_decal_caution_c
image,d#i_mtl_veh_t8_decal_caution_r
image,#i_t8_ice_concrete_crack_o
image,#i_t8_ice_concrete_crack_n
image,#i_t8_ice_concrete_crack_c
image,#i_t8_ice_concrete_crack_r
image,#i_t8_zm_esc_concrete_paint_peel_old_r
image,#i_t8_zm_esc_concrete_paint_peel_old_n
image,#i_t8_zm_esc_concrete_paint_peel_old_g
image,#i_t8_zm_esc_concrete_paint_peel_old_c
image,#i_t8_metal_painted_white_c
image,d#i_t8_metal_painted_white_g
image,d#i_t8_metal_painted_white_n
image,#i_t8_metal_painted_white_r
image,#hash_7c4d629943ac4790
image,d#i_wpn_t8_eqp_briefcase_bomb_circuit_c
image,d#i_wpn_t8_eqp_briefcase_bomb_circuit_g
image,d#i_wpn_t8_eqp_briefcase_bomb_circuit_o
image,d#i_wpn_t8_eqp_briefcase_bomb_circuit_n
image,d#i_wpn_t8_eqp_briefcase_bomb_circuit_s
image,#i_mtl_p7_slu_meter_electric_decal_10_c
image,#i_mtl_p7_slu_meter_electric_decal_10_n
image,#hash_7c8cc0b6dd22e4ba
image,#hash_7c8cc1b6dd22e66d
image,#hash_7c924242b28cd14f
image,#i_p8_ice_wall_lower_o
image,#i_p8_ice_wall_lower_n
image,#i_t7_decal_metal_grid_2x1_n
image,#i_t7_decal_metal_grid_2x1_c
image,#hash_7c987d04f714921e
image,#i_mtl_p8_foliage_branch_pile_cards_03_n
image,#i_mtl_p8_foliage_branch_pile_cards_03_c
image,#i_mtl_p7_bucket_janitor_plastic_rolling_n
image,#i_mtl_p7_bucket_janitor_plastic_rolling_g
image,#i_mtl_p7_bucket_janitor_plastic_rolling_c
image,#i_mtl_p7_zm_tra_street_lamp_set_light_t
image,#i_p8_foliage_tree_spruce_norway_branch_03_t
image,#i_p8_foliage_tree_spruce_norway_branch_03_m
image,#i_p8_foliage_tree_spruce_norway_branch_03_n
image,#i_p8_foliage_tree_spruce_norway_branch_03_c
image,#hash_7cab2d1f21a2bb94
image,#i_c_t7_battery_body1_webgear_s
image,#i_c_t7_battery_body1_webgear_o
image,#i_c_t7_battery_body1_webgear_n
image,#i_c_t7_battery_body1_webgear_c
image,#i_c_t7_battery_body1_webgear_g
image,d#i_mtl_p7_zm_isl_bucket_115_liquid_backscatter_c
image,#i_mtl_p8_ice_bay4_electric_box_01_screw_n
image,d#i_veh_t8_weathered_paint_04b_c
image,#i_mtl_p7_mou_airduct_metal_03_r
image,#hash_7d1823b96f15ecb8
image,d#i_t7_plastic_base_clean_c
image,d#i_t7_metal_bare_tarnished_small_s
image,d#i_t7_micro_concrete_bare_weathered_01_c
image,d#i_t7_micro_concrete_bare_weathered_01_n
image,#i_mtl_p8_col_rail_tower_rust_01_c
image,#i_mtl_p8_news_ren_keyboard_01_n
image,#i_mtl_p7_zm_asc_panel_04_m
image,#i_mtl_p7_zm_asc_panel_04_n
image,#i_t8_metal_grate_01_n
image,#i_t8_metal_grate_01_o
image,#i_t8_metal_grate_01_m
image,#i_t8_metal_grate_01_g
image,#hash_7da57dafc2da548c
image,#i_t7_shr_snow_swept_r
image,#i_t7_shr_snow_swept_n
image,#hash_7dbb5791cbcaf3f9
image,#i_mtl_p7_ac_unit_med_long_o
image,#i_mtl_p7_ac_unit_med_long_n
image,#i_mtl_p7_ac_unit_med_long_g
image,#i_mtl_p7_ac_unit_med_long_c
image,#i_mtl_p7_ac_unit_med_long_s
image,#p7_cai_metal_angled_fence_01_g
image,#hash_7dce67b5bec75b08
image,#hash_7dce69b5bec75e6e
image,#hash_7dce6ab5bec76021
image,#i_t7_dirt_tire_tracks_01_r
image,#i_mtl_p7_duct_metal_rectangle_s_joint_o
image,#i_mtl_p7_duct_metal_rectangle_s_joint_n
image,d#i_mtl_veh_t7_dlc_decal_grunge_rust_02_512_s
image,#i_c_t7_battery_straps2_c
image,#i_t7_concrete_gray_polished_no_seam_01_n
image,#i_t7_concrete_gray_polished_no_seam_01_c
image,#i_t8_zm_zod_engine_room_yellow_rivets_g
image,#i_t8_zm_zod_engine_room_yellow_rivets_c
image,#i_t8_zm_zod_engine_room_yellow_rivets_n
image,#i_mtl_p7_zm_asc_panel_10_n
image,#i_mtl_p7_zm_asc_panel_10_m
image,#i_mtl_p7_duct_metal_circular_straight_64_n
image,d#i_veh_t8_decal_sign_moving_parts_01_c
image,d#hash_7e6727d97cba3023
image,d#i_t8_rubber_acoustic_insulation_n
image,#i_c_t7_battery_body1_thrusters_n
image,#i_c_t7_battery_body1_thrusters_g
image,#i_c_t7_battery_body1_thrusters_c
image,#i_c_t7_warrior_body1_arm_lt_a1_c
image,#i_c_t7_warrior_body1_arm_lt_a1_n
image,#i_mtl_p7_fir_air_conditioner_metal_02_m
image,#i_mtl_p7_fir_air_conditioner_metal_02_n
image,d#i_t7_glass_cracked_tempered_g
image,d#i_t7_glass_cracked_tempered_n
image,#i_p8_spa_beer_bottle_label_rey_c
image,#i_t7_decal_signage_letters_comsat_box_c
image,#hash_7ed305b15abb712f
image,#i_p8_ice_communication_console_01_light_e
image,#hash_7ed95f74d2aa223c
image,#hash_7ed96074d2aa23ef
image,d#fxt8_exp_billow_anim
image,#hash_7ee7217196f37c57
image,#i_mtl_p8_ice_controlroom_wall_panel_circuit_01_metal_04_m
image,#i_mtl_p8_ice_controlroom_wall_panel_circuit_01_metal_04_n
image,#i_mtl_p8_light_spotlight_led_decal_1_0_n
image,#i_p7_ris_bucket_plastic_5_gal_paint_m
image,#hash_7efcf377fb5e0c4e
image,#hash_7efcf777fb5e131a
image,#i_c_t7_battery_left_arm_wrap_viewarm_c
image,#i_c_t7_battery_left_arm_wrap_viewarm_g
image,#i_c_t7_battery_left_arm_wrap_viewarm_n
image,#i_mtl_p7_slu_panel_electrical_metal_02_n
image,#i_mtl_p7_slu_panel_electrical_metal_02_m
image,#i_t8_zm_esc_dirt_ground_01_r
image,#i_t8_zm_esc_dirt_ground_01_n
image,#hash_7f3d0e0d7b25166f
image,#i_mtl_p7_debris_cardboard_flat_05_n
image,#i_mtl_p7_debris_cardboard_flat_05_c
image,#hash_7f518a3864014a66
image,#hash_7f518b3864014c19
image,#hash_7f519238640157fe
image,#hash_7f51963864015eca
image,d#i_t7_decal_damage_glass_bullet_hit_01_n
image,d#i_t7_decal_damage_glass_bullet_hit_01_c
image,d#i_veh_t8_decal_hinge_09_t
image,d#i_veh_t8_decal_hinge_09_c
image,d#i_veh_t8_decal_hinge_09_n
image,d#i_veh_t8_decal_hinge_09_o
image,#i_mtl_p7_zm_asc_door_bunker_set_c
image,d#i_t8_decal_tech_detail_high_tech_66_c
image,d#i_t8_decal_tech_detail_high_tech_66_n
image,#i_mtl_p7_barrier_block_concrete_long_clean01_n
image,#i_mtl_p7_barrier_block_concrete_long_clean01_m
image,#i_mtl_p8_ice_rock_med_02_overlay_dark_c
image,#i_t8_concrete_sidewalk_2x2_01_g
image,#i_t8_concrete_sidewalk_2x2_01_n
image,#hash_7fb6776cebe52387
image,#hash_7fba448e298c6e04
image,#hash_7fba458e298c6fb7
image,#i_mtl_p8_ice_gas_console_handle_02_m
image,#i_mtl_p8_ice_gas_console_handle_02_n
image,#i_mtl_p8_ice_gas_console_handle_02_o
image,#core_metal_light_g
image,d#i_t7_micro_metal_grunge_scratch_02_g
image,#i_t7_metal_wall_panel_old_n
image,#i_mtl_p7_foliage_plant_hydro_dirt_c
image,#i_mtl_p7_door_metal_security_02_frame_s
image,#i_mtl_p7_door_metal_security_02_frame_g
image,#i_c_t7_outrider_body3_pouch1_n
image,#i_mtl_p8_foliage_tree_spruce_norway_tall_proxy_albedo
image,d#i_wpn_t8_eqp_briefcase_bomb_glass_n
image,d#i_wpn_t8_eqp_briefcase_bomb_glass_o
image,d#i_wpn_t8_eqp_briefcase_bomb_glass_g
image,d#i_wpn_t8_eqp_briefcase_bomb_glass_c
image,d#i_wpn_t8_eqp_briefcase_bomb_glass_s
image,#i_t7_metal_rust_ceiling_01_c
image,#hash_7fef57bb16c29711
streamkey,#mp_silo_all_stream
streamkey,#hash_19eca471c2c0a744
streamkey,#hash_26020bec273124cf
streamkey,#hash_1046724985bdd146
sound,#mp_silo.all
com_map,#maps/mp/mp_silo.d3dbsp
game_map,#maps/mp/mp_silo.d3dbsp
klf,#hash_232e7f899dc39f01
fx,#hash_bf15adbbf5e9148
klf,#hash_230f75899da8dd74
fx,#hash_c6d2a15322431b3
klf,d#hash_233162899dc5a391
fx,#hash_1f9000e49e993698
klf,#hash_3b0dd25675217720
fx,#hash_2cc862422b260257
fx,#hash_459b2af2b7dbc0ac
fx,#hash_45b4657cfe1eb0b0
fx,#hash_5a7dd24793c648e4
klf,#hash_7e016bf2fa26274d
fx,#hash_74be9d36ffef06f9
fx,#hash_7fabc3b5bb801ddf
klf,d#hash_f4142def90615f1
klf,#hash_1c2613af925be5fb
klf,#hash_1f540ec603a4e63a
klf,#hash_4b75ca5823194609
klf,d#hash_4fc31bd20528a937
klf,#hash_56c38862d747f055
klf,d#hash_5dceeed6b0c8d8ec
klf,d#hash_6bd6ce76794d1276
klf,d#hash_6fa77179ac54a023
klf,#hash_7f8709cac0c97120
rawfile,#gamedata/constbaselines/mp_silo/control_hc.baseline
rawfile,#gamedata/constbaselines/mp_silo/bounty.baseline
rawfile,#hash_17f787282ac69fe0
rawfile,#gamedata/constbaselines/mp_silo/conf.baseline
rawfile,#gamedata/constbaselines/mp_silo/conf_hc.baseline
rawfile,#gamedata/constbaselines/mp_silo/dom_hc.baseline
rawfile,#gamedata/constbaselines/mp_silo/dm.baseline
rawfile,#gamedata/constbaselines/mp_silo/sd.baseline
rawfile,#gamedata/constbaselines/mp_silo/koth.baseline
rawfile,#gamedata/constbaselines/mp_silo/tdm_hc.baseline
rawfile,#gamedata/constbaselines/mp_silo/sd_hc.baseline
rawfile,#gamedata/constbaselines/mp_silo/tdm.baseline
rawfile,#gamedata/constbaselines/mp_silo/control.baseline
rawfile,#gamedata/constbaselines/mp_silo/dom.baseline
stringtable,#hash_137d5c5854cce799
stringtable,#hash_16c82472d1d7531b
stringtable,#hash_284d7c3405457b42
stringtable,#hash_2894b10f25d27c8d
stringtable,#hash_2df1926e49a6ca24
stringtable,#hash_315cde7c4712a358
stringtable,#hash_3f50e54c1d0dfe1e
stringtable,#hash_57c86c4a95c2c23c
stringtable,#hash_6130181de60373b8
stringtable,#hash_619f7335d655fab3
stringtable,#hash_63c076fdfaddd102
stringtable,#hash_6a69c26801e1b928
stringtable,#hash_75631edb125b304d
stringtable,#hash_7ce2b26f1c4f8dae
material,#wc/t7_glass_smoked_dark
material,#wc/t7_glass_smoked_dark_cracked
material,#mc/t7_glass_smoked_dark_cracked_shard
material,d#ei/gfx_gib_glass_02_lit
material,d#ei/gfx_gib_glass_01_lit
material,d#ei/gfx_fog_slow_lg_anim_lit
fx,#destruct/fx_dest_window_glass_edge
glasses,#maps/mp/mp_silo.d3dbsp
scriptparsetree,#scripts/mp/mp_silo_fx.gsc
scriptparsetree,#scripts/mp/mp_silo_sound.csc
scriptparsetree,#scripts/mp/mp_silo_fx.csc
scriptparsetree,#scripts/mp/mp_silo.gsc
scriptparsetree,#scripts/core_common/elevators_shared.gsc
scriptparsetree,#scripts/mp/mp_silo.csc
scriptparsetree,#scripts/core_common/elevators_shared.csc
scriptparsetree,#scripts/mp/mp_silo_sound.gsc
keyvaluepairs,#mp_silo
surfacesounddef,#hash_10a1856d06431be9
surfacesounddef,d#hash_1a1027a18255db9b
surfacesounddef,d#surface_grenade_bounce
surfacesounddef,d#hash_3d9213dabaf08c81
surfacesounddef,d#hash_5d772ccdaa011a7f
surfacesounddef,#hash_74551b28aee5c060
surfacesounddef,#hash_77789965ad08507e
surfacesounddef,#hash_792582d6ddb6e867
surfacesounddef,d#hash_7ada1cf9d8035750
surfacesounddef,#hash_7df43ad9f11765ff
entitysoundimpacts,d#entity_bounce
rumble,#mp_silo_globe_explosion
sanim,#p8_fxanim_mp_silo_bay_wires_01_sanim
sanim,#p8_fxanim_mp_silo_truck_tarp_01_s3_sanim
sanim,#p7_fxanim_gp_wire_thin_hanging_02_s1_sanim
sanim,#p7_fxanim_gp_wire_thin_hanging_04_s1_sanim
sanim,#p8_fxanim_mp_silo_rocks_fall_02_sanim
sanim,#p8_fxanim_gp_flag_snow_s3_sanim
sanim,#p8_fxanim_mp_silo_frozen_tarp_01_s3_sanim
sanim,#p7_fxanim_mp_rise_caution_tape_02_sanim
sanim,#p7_fxanim_gp_streamer_orange_med_02_s3_sanim
sanim,#p8_fxanim_mp_silo_ceiling_wires_01_s2_sanim
sanim,#p8_fxanim_gp_furnish_caution_tape_pinned_01_s3_sanim
sanim,#p7_fxanim_gp_wire_thin_hanging_01_s1_sanim
sanim,#p8_fxanim_mp_silo_netting_orange_07_s3_sanim
sanim,#p8_fxanim_mp_silo_rocks_fall_01_sanim
sanim,#p7_fxanim_gp_streamer_orange_lrg_01_s3_sanim
sanim,#p8_fxanim_mp_silo_rocket_tarp_02_sanim
sanim,#p7_fxanim_gp_wire_thin_hanging_03_s4_sanim
sanim,#p8_fxanim_gp_furnish_caution_tape_pinned_02_s3_sanim
sanim,#p8_fxanim_mp_hacienda_torture_chain_01_sanim
sanim,#p7_fxanim_gp_streamer_orange_med_01_s3_sanim
sanim,#p7_fxanim_gp_streamer_blue_sml_02_s3_sanim
sanim,#p8_fxanim_mp_silo_netting_orange_09_s3_sanim
sanim,#p7_fxanim_gp_streamer_blue_lrg_02_s3_sanim
sanim,#p7_fxanim_gp_wire_thin_hanging_07_s1_sanim
sanim,#p8_fxanim_mp_silo_netting_orange_10_s3_sanim
sanim,#p8_fxanim_mp_silo_netting_orange_08_s3_sanim
sanim,#p8_fxanim_gp_wire_thin_hanging_04_s3_sanim
sanim,#p8_fxanim_mp_silo_rocks_fall_03_sanim
lightdescription,#hash_14b53ff14be82f3
lightdescription,#hash_8d7688706cd5fba
lightdescription,#hash_95a2ab85319297b
lightdescription,#hash_1df40bfe9f81fc0f
lightdescription,d#hash_1e62bacd52465cc2
lightdescription,#hash_1f569ac57446bc41
lightdescription,#hash_1f8721995b0b86d9
lightdescription,#hash_32305d47d72b009c
lightdescription,#hash_393c5d6f5521d10d
lightdescription,#hash_3993419536e1f2d0
lightdescription,#hash_3d95df70c96cf36d
lightdescription,#hash_486c4424a6bc1788
lightdescription,#hash_50d544b96a680a59
lightdescription,d#hash_51b9e9afbdbbc7e0
lightdescription,#hash_56b8db62282d28e4
lightdescription,#hash_65c7700b6f27facd
lightdescription,#hash_6e7c24a234b3aa59
lightdescription,#hash_70884047b1eb5089
lightdescription,#hash_743568b78984ba02
lightdescription,#hash_764090f0b51d60f8
lightdescription,#hash_79c237e9976e1407
xcam,#ui_cam_draft_common
xcam,#ui_cam_draft_common_zoom
xcam,d#ui_cam_mp_endgame_common
xcam,#ui_cam_endgame_mp_apartments
bgcache,#mp_silo
texturecombo,#mp_silo
objective,#hash_4a72ffa3664320bc
objective,#mp_interact
navmesh,#mp_silo
navvolume,#mp_silo
triggerlist,#maps/mp/mp_silo.d3dbsp
cpu_occlusion_data,#maps/mp/mp_silo.d3dbsp
streamkey,#hash_666a25edc20121c
streamkey,#hash_666a35edc2013cf
streamkey,#hash_666a65edc2018e8
streamkey,#hash_666a75edc201a9b
streamkey,#hash_666a85edc201c4e
streamkey,#hash_666a95edc201e01
streamkey,#hash_666aa5edc201fb4
streamkey,#hash_666ab5edc202167
streamkey,#hash_666ac5edc20231a
streamkey,#hash_666ad5edc2024cd
streamkey,#hash_669a75edc225072
streamkey,#hash_669a85edc225225
streamkey,#hash_669a95edc2253d8
streamkey,#hash_669aa5edc22558b
streamkey,#hash_669ab5edc22573e
streamkey,#hash_669ac5edc2258f1
streamkey,#hash_669ad5edc225aa4
streamkey,#hash_669ae5edc225c57
streamkey,#hash_669af5edc225e0a
streamkey,#hash_669b05edc225fbd
streamkey,#hash_6741a5edc2b6860
streamkey,#hash_6741b5edc2b6a13
streamkey,#hash_674225edc2b75f8
streamkey,#hash_674235edc2b77ab
streamkey,#hash_674245edc2b795e
streamkey,#hash_674255edc2b7b11
streamkey,#hash_674265edc2b7cc4
streamkey,#hash_674275edc2b7e77
streamkey,#hash_674285edc2b802a
streamkey,#hash_674295edc2b81dd
streamkey,#hash_6779f5edc2e8036
streamkey,#hash_677a05edc2e81e9
streamkey,#hash_677a55edc2e8a68
streamkey,#hash_677a65edc2e8c1b
streamkey,#hash_677a75edc2e8dce
streamkey,#hash_677a85edc2e8f81
streamkey,#hash_677a95edc2e9134
streamkey,#hash_677aa5edc2e92e7
streamkey,#hash_677ab5edc2e949a
streamkey,#hash_677ac5edc2e964d
streamkey,#hash_67aa65edc30c1f2
streamkey,#hash_67aa75edc30c3a5
streamkey,#hash_67aa85edc30c558
streamkey,#hash_67aa95edc30c70b
streamkey,#hash_67aaa5edc30c8be
streamkey,#hash_67aab5edc30ca71
streamkey,#hash_67aac5edc30cc24
streamkey,#hash_67aad5edc30cdd7
streamkey,#hash_67aae5edc30cf8a
streamkey,#hash_67aaf5edc30d13d
streamkey,#hash_67e135edc33b100
streamkey,#hash_67e145edc33b2b3
streamkey,#hash_67e155edc33b466
streamkey,#hash_67e165edc33b619
streamkey,#hash_67e175edc33b7cc
streamkey,#hash_67e185edc33b97f
streamkey,#hash_67e195edc33bb32
streamkey,#hash_67e1a5edc33bce5
streamkey,#hash_67e1b5edc33be98
streamkey,#hash_67e1c5edc33c04b
streamkey,#hash_681965edc36c570
streamkey,#hash_681975edc36c723
streamkey,#hash_681985edc36c8d6
streamkey,#hash_681995edc36ca89
streamkey,#hash_6819a5edc36cc3c
streamkey,#hash_6819b5edc36cdef
streamkey,#hash_6819c5edc36cfa2
streamkey,#hash_6819d5edc36d155
streamkey,#hash_681a25edc36d9d4
streamkey,#hash_681a35edc36db87
streamkey,#hash_685195edc39d9e0
streamkey,#hash_6851a5edc39db93
streamkey,#hash_6851b5edc39dd46
streamkey,#hash_6851c5edc39def9
streamkey,#hash_6851d5edc39e0ac
streamkey,#hash_6851e5edc39e25f
streamkey,#hash_6851f5edc39e412
streamkey,#hash_685205edc39e5c5
streamkey,#hash_685275edc39f1aa
streamkey,#hash_685285edc39f35d
streamkey,#hash_6889e5edc3cf1b6
streamkey,#hash_6889f5edc3cf369
streamkey,#hash_688a45edc3cfbe8
streamkey,#hash_688a55edc3cfd9b
streamkey,#hash_688a65edc3cff4e
streamkey,#hash_688a75edc3d0101
streamkey,#hash_688a85edc3d02b4
streamkey,#hash_688a95edc3d0467
streamkey,#hash_688aa5edc3d061a
streamkey,#hash_688ab5edc3d07cd
streamkey,#hash_68ba35edc3f300c
streamkey,#hash_68ba45edc3f31bf
streamkey,#hash_68ba75edc3f36d8
streamkey,#hash_68ba85edc3f388b
streamkey,#hash_68ba95edc3f3a3e
streamkey,#hash_68baa5edc3f3bf1
streamkey,#hash_68bab5edc3f3da4
streamkey,#hash_68bac5edc3f3f57
streamkey,#hash_68bad5edc3f410a
streamkey,#hash_68bae5edc3f42bd
streamkey,#hash_734ff4d7b3e76c0
streamkey,#hash_735004d7b3e7873
streamkey,#hash_735014d7b3e7a26
streamkey,#hash_735024d7b3e7bd9
streamkey,#hash_735034d7b3e7d8c
streamkey,#hash_735044d7b3e7f3f
streamkey,#hash_735054d7b3e80f2
streamkey,#hash_735064d7b3e82a5
streamkey,#hash_7350d4d7b3e8e8a
streamkey,#hash_7350e4d7b3e903d
streamkey,#hash_738824d7b418b30
streamkey,#hash_738834d7b418ce3
streamkey,#hash_7388a4d7b4198c8
streamkey,#hash_7388b4d7b419a7b
streamkey,#hash_7388c4d7b419c2e
streamkey,#hash_7388d4d7b419de1
streamkey,#hash_7388e4d7b419f94
streamkey,#hash_7388f4d7b41a147
streamkey,#hash_738904d7b41a2fa
streamkey,#hash_738914d7b41a4ad
streamkey,#hash_749814d7b4ffcb0
streamkey,#hash_749824d7b4ffe63
streamkey,#hash_749894d7b500a48
streamkey,#hash_7498a4d7b500bfb
streamkey,#hash_7498b4d7b500dae
streamkey,#hash_7498c4d7b500f61
streamkey,#hash_7498d4d7b501114
streamkey,#hash_7498e4d7b5012c7
streamkey,#hash_7498f4d7b50147a
streamkey,#hash_749904d7b50162d
streamkey,#hash_74d064d7b531486
streamkey,#hash_74d074d7b531639
streamkey,#hash_74d0c4d7b531eb8
streamkey,#hash_74d0d4d7b53206b
streamkey,#hash_74d0e4d7b53221e
streamkey,#hash_74d0f4d7b5323d1
streamkey,#hash_74d104d7b532584
streamkey,#hash_74d114d7b532737
streamkey,#hash_74d124d7b5328ea
streamkey,#hash_74d134d7b532a9d
streamkey,#hash_7508d4d7b562fc2
streamkey,#hash_7508e4d7b563175
streamkey,#hash_7508f4d7b563328
streamkey,#hash_750904d7b5634db
streamkey,#hash_750914d7b56368e
streamkey,#hash_750924d7b563841
streamkey,#hash_750934d7b5639f4
streamkey,#hash_750944d7b563ba7
streamkey,#hash_750954d7b563d5a
streamkey,#hash_750964d7b563f0d
streamkey,#hash_753fa4d7b591ed0
streamkey,#hash_753fb4d7b592083
streamkey,#hash_753fc4d7b592236
streamkey,#hash_753fd4d7b5923e9
streamkey,#hash_753fe4d7b59259c
streamkey,#hash_753ff4d7b59274f
streamkey,#hash_754004d7b592902
streamkey,#hash_754014d7b592ab5
streamkey,#hash_754024d7b592c68
streamkey,#hash_754034d7b592e1b
streamkey,#hash_756fd4d7b5b59c0
streamkey,#hash_756fe4d7b5b5b73
streamkey,#hash_756ff4d7b5b5d26
streamkey,#hash_757004d7b5b5ed9
streamkey,#hash_757014d7b5b608c
streamkey,#hash_757024d7b5b623f
streamkey,#hash_757034d7b5b63f2
streamkey,#hash_757044d7b5b65a5
streamkey,#hash_757094d7b5b6e24
streamkey,#hash_7570a4d7b5b6fd7
streamkey,#hash_75a804d7b5e6e30
streamkey,#hash_75a814d7b5e6fe3
streamkey,#hash_75a824d7b5e7196
streamkey,#hash_75a834d7b5e7349
streamkey,#hash_75a844d7b5e74fc
streamkey,#hash_75a854d7b5e76af
streamkey,#hash_75a864d7b5e7862
streamkey,#hash_75a874d7b5e7a15
streamkey,#hash_75a8e4d7b5e85fa
streamkey,#hash_75a8f4d7b5e87ad
streamkey,#hash_75e054d7b618606
streamkey,#hash_75e064d7b6187b9
streamkey,#hash_75e0b4d7b619038
streamkey,#hash_75e0c4d7b6191eb
streamkey,#hash_75e0d4d7b61939e
streamkey,#hash_75e0e4d7b619551
streamkey,#hash_75e0f4d7b619704
streamkey,#hash_75e104d7b6198b7
streamkey,#hash_75e114d7b619a6a
streamkey,#hash_75e124d7b619c1d
streamkey,#hash_7618a4d7b649ddc
streamkey,#hash_7618b4d7b649f8f
streamkey,#hash_7618e4d7b64a4a8
streamkey,#hash_7618f4d7b64a65b
streamkey,#hash_761904d7b64a80e
streamkey,#hash_761914d7b64a9c1
streamkey,#hash_761924d7b64ab74
streamkey,#hash_761934d7b64ad27
streamkey,#hash_761944d7b64aeda
streamkey,#hash_761954d7b64b08d
streamkey,#hash_7a47956505f86c0
streamkey,#hash_7a47a56505f8873
streamkey,#hash_7a47b56505f8a26
streamkey,#hash_7a47c56505f8bd9
streamkey,#hash_7a47d56505f8d8c
streamkey,#hash_7a47e56505f8f3f
streamkey,#hash_7a47f56505f90f2
streamkey,#hash_7a48056505f92a5
streamkey,#hash_7a48156505f9458
streamkey,#hash_7a48256505f960b
streamkey,#hash_7a7fc5650629b30
streamkey,#hash_7a7fd5650629ce3
streamkey,#hash_7a7fe5650629e96
streamkey,#hash_7a7ff565062a049
streamkey,#hash_7a800565062a1fc
streamkey,#hash_7a801565062a3af
streamkey,#hash_7a802565062a562
streamkey,#hash_7a803565062a715
streamkey,#hash_7a806565062ac2e
streamkey,#hash_7a807565062ade1
streamkey,#hash_7ab7f565065afa0
streamkey,#hash_7ab80565065b153
streamkey,#hash_7ab81565065b306
streamkey,#hash_7ab82565065b4b9
streamkey,#hash_7ab83565065b66c
streamkey,#hash_7ab84565065b81f
streamkey,#hash_7ab85565065b9d2
streamkey,#hash_7ab86565065bb85
streamkey,#hash_7ab8d565065c76a
streamkey,#hash_7ab8e565065c91d
streamkey,#hash_7af02565068c410
streamkey,#hash_7af03565068c5c3
streamkey,#hash_7af0a565068d1a8
streamkey,#hash_7af0b565068d35b
streamkey,#hash_7af0c565068d50e
streamkey,#hash_7af0d565068d6c1
streamkey,#hash_7af0e565068d874
streamkey,#hash_7af0f565068da27
streamkey,#hash_7af10565068dbda
streamkey,#hash_7af11565068dd8d
streamkey,#hash_7b20956506b05cc
streamkey,#hash_7b20a56506b077f
streamkey,#hash_7b20d56506b0c98
streamkey,#hash_7b20e56506b0e4b
streamkey,#hash_7b20f56506b0ffe
streamkey,#hash_7b21056506b11b1
streamkey,#hash_7b21156506b1364
streamkey,#hash_7b21256506b1517
streamkey,#hash_7b21356506b16ca
streamkey,#hash_7b21456506b187d
streamkey,#hash_7b58e56506e1da2
streamkey,#hash_7b58f56506e1f55
streamkey,#hash_7b59056506e2108
streamkey,#hash_7b59156506e22bb
streamkey,#hash_7b59256506e246e
streamkey,#hash_7b59356506e2621
streamkey,#hash_7b59456506e27d4
streamkey,#hash_7b59556506e2987
streamkey,#hash_7b59656506e2b3a
streamkey,#hash_7b59756506e2ced
streamkey,#hash_7b8fb5650710cb0
streamkey,#hash_7b8fc5650710e63
streamkey,#hash_7b8fd5650711016
streamkey,#hash_7b8fe56507111c9
streamkey,#hash_7b8ff565071137c
streamkey,#hash_7b900565071152f
streamkey,#hash_7b90156507116e2
streamkey,#hash_7b9025650711895
streamkey,#hash_7b9055650711dae
streamkey,#hash_7b9065650711f61
streamkey,#hash_7bc7e5650742120
streamkey,#hash_7bc7f56507422d3
streamkey,#hash_7bc805650742486
streamkey,#hash_7bc815650742639
streamkey,#hash_7bc8256507427ec
streamkey,#hash_7bc83565074299f
streamkey,#hash_7bc845650742b52
streamkey,#hash_7bc855650742d05
streamkey,#hash_7bc8a5650743584
streamkey,#hash_7bc8b5650743737
streamkey,#hash_7c68d56507c8f22
streamkey,#hash_7c68e56507c90d5
streamkey,#hash_7c68f56507c9288
streamkey,#hash_7c69056507c943b
streamkey,#hash_7c69156507c95ee
streamkey,#hash_7c69256507c97a1
streamkey,#hash_7c69356507c9954
streamkey,#hash_7c69456507c9b07
streamkey,#hash_7c69556507c9cba
streamkey,#hash_7c69656507c9e6d
streamkey,#hash_7c9fa56507f7e30
streamkey,#hash_7c9fb56507f7fe3
streamkey,#hash_7c9fc56507f8196
streamkey,#hash_7c9fd56507f8349
streamkey,#hash_7c9fe56507f84fc
streamkey,#hash_7c9ff56507f86af
streamkey,#hash_7ca0056507f8862
streamkey,#hash_7ca0156507f8a15
streamkey,#hash_7ca0256507f8bc8
streamkey,#hash_7ca0356507f8d7b
streamkey,#hash_7f53784cf4064f0
streamkey,#hash_7f53884cf4066a3
streamkey,#hash_7f53984cf406856
streamkey,#hash_7f53a84cf406a09
streamkey,#hash_7f53b84cf406bbc
streamkey,#hash_7f53c84cf406d6f
streamkey,#hash_7f53d84cf406f22
streamkey,#hash_7f53e84cf4070d5
streamkey,#hash_7f54184cf4075ee
streamkey,#hash_7f54284cf4077a1
streamkey,#hash_7f8ba84cf437960
streamkey,#hash_7f8bb84cf437b13
streamkey,#hash_7f8bc84cf437cc6
streamkey,#hash_7f8bd84cf437e79
streamkey,#hash_7f8be84cf43802c
streamkey,#hash_7f8bf84cf4381df
streamkey,#hash_7f8c084cf438392
streamkey,#hash_7f8c184cf438545
streamkey,#hash_7f8c684cf438dc4
streamkey,#hash_7f8c784cf438f77
streamkey,#hash_7fc3d84cf468dd0
streamkey,#hash_7fc3e84cf468f83
streamkey,#hash_7fc4584cf469b68
streamkey,#hash_7fc4684cf469d1b
streamkey,#hash_7fc4784cf469ece
streamkey,#hash_7fc4884cf46a081
streamkey,#hash_7fc4984cf46a234
streamkey,#hash_7fc4a84cf46a3e7
streamkey,#hash_7fc4b84cf46a59a
streamkey,#hash_7fc4c84cf46a74d
streamkey,#hash_7ff4284cf48cc26
streamkey,#hash_7ff4384cf48cdd9
streamkey,#hash_7ff4884cf48d658
streamkey,#hash_7ff4984cf48d80b
streamkey,#hash_7ff4a84cf48d9be
streamkey,#hash_7ff4b84cf48db71
streamkey,#hash_7ff4c84cf48dd24
streamkey,#hash_7ff4d84cf48ded7
streamkey,#hash_7ff4e84cf48e08a
streamkey,#hash_7ff4f84cf48e23d
streamkey,#hash_802c984cf4be762
streamkey,#hash_802ca84cf4be915
streamkey,#hash_802cb84cf4beac8
streamkey,#hash_802cc84cf4bec7b
streamkey,#hash_802cd84cf4bee2e
streamkey,#hash_802ce84cf4befe1
streamkey,#hash_802cf84cf4bf194
streamkey,#hash_802d084cf4bf347
streamkey,#hash_802d184cf4bf4fa
streamkey,#hash_802d284cf4bf6ad
streamkey,#hash_8063684cf4ed670
streamkey,#hash_8063784cf4ed823
streamkey,#hash_8063884cf4ed9d6
streamkey,#hash_8063984cf4edb89
streamkey,#hash_8063a84cf4edd3c
streamkey,#hash_8063b84cf4edeef
streamkey,#hash_8063c84cf4ee0a2
streamkey,#hash_8063d84cf4ee255
streamkey,#hash_8063e84cf4ee408
streamkey,#hash_8063f84cf4ee5bb
streamkey,#hash_809b984cf51eae0
streamkey,#hash_809ba84cf51ec93
streamkey,#hash_809bb84cf51ee46
streamkey,#hash_809bc84cf51eff9
streamkey,#hash_809bd84cf51f1ac
streamkey,#hash_809be84cf51f35f
streamkey,#hash_809bf84cf51f512
streamkey,#hash_809c084cf51f6c5
streamkey,#hash_809c584cf51ff44
streamkey,#hash_809c684cf5200f7
streamkey,#hash_80d3c84cf54ff50
streamkey,#hash_80d3d84cf550103
streamkey,#hash_80d3e84cf5502b6
streamkey,#hash_80d3f84cf550469
streamkey,#hash_80d4084cf55061c
streamkey,#hash_80d4184cf5507cf
streamkey,#hash_80d4284cf550982
streamkey,#hash_80d4384cf550b35
streamkey,#hash_80d4a84cf55171a
streamkey,#hash_80d4b84cf5518cd
streamkey,#hash_8104184cf573da6
streamkey,#hash_8104284cf573f59
streamkey,#hash_8104784cf5747d8
streamkey,#hash_8104884cf57498b
streamkey,#hash_8104984cf574b3e
streamkey,#hash_8104a84cf574cf1
streamkey,#hash_8104b84cf574ea4
streamkey,#hash_8104c84cf575057
streamkey,#hash_8104d84cf57520a
streamkey,#hash_8104e84cf5753bd
streamkey,#hash_813c684cf5a557c
streamkey,#hash_813c784cf5a572f
streamkey,#hash_813ca84cf5a5c48
streamkey,#hash_813cb84cf5a5dfb
streamkey,#hash_813cc84cf5a5fae
streamkey,#hash_813cd84cf5a6161
streamkey,#hash_813ce84cf5a6314
streamkey,#hash_813cf84cf5a64c7
streamkey,#hash_813d084cf5a667a
streamkey,#hash_813d184cf5a682d
streamkey,#hash_8821267b2ac86f0
streamkey,#hash_8821367b2ac88a3
streamkey,#hash_8821467b2ac8a56
streamkey,#hash_8821567b2ac8c09
streamkey,#hash_8821667b2ac8dbc
streamkey,#hash_8821767b2ac8f6f
streamkey,#hash_8821867b2ac9122
streamkey,#hash_8821967b2ac92d5
streamkey,#hash_8821a67b2ac9488
streamkey,#hash_8821b67b2ac963b
streamkey,#hash_8859567b2af9b60
streamkey,#hash_8859667b2af9d13
streamkey,#hash_8859767b2af9ec6
streamkey,#hash_8859867b2afa079
streamkey,#hash_8859967b2afa22c
streamkey,#hash_8859a67b2afa3df
streamkey,#hash_8859b67b2afa592
streamkey,#hash_8859c67b2afa745
streamkey,#hash_8859f67b2afac5e
streamkey,#hash_885a067b2afae11
streamkey,#hash_8891867b2b2afd0
streamkey,#hash_8891967b2b2b183
streamkey,#hash_8891a67b2b2b336
streamkey,#hash_8891b67b2b2b4e9
streamkey,#hash_8891c67b2b2b69c
streamkey,#hash_8891d67b2b2b84f
streamkey,#hash_8891e67b2b2ba02
streamkey,#hash_8891f67b2b2bbb5
streamkey,#hash_8892667b2b2c79a
streamkey,#hash_8892767b2b2c94d
streamkey,#hash_88c1b67b2b4eac0
streamkey,#hash_88c1c67b2b4ec73
streamkey,#hash_88c2367b2b4f858
streamkey,#hash_88c2467b2b4fa0b
streamkey,#hash_88c2567b2b4fbbe
streamkey,#hash_88c2667b2b4fd71
streamkey,#hash_88c2767b2b4ff24
streamkey,#hash_88c2867b2b500d7
streamkey,#hash_88c2967b2b5028a
streamkey,#hash_88c2a67b2b5043d
streamkey,#hash_88fa267b2b805fc
streamkey,#hash_88fa367b2b807af
streamkey,#hash_88fa667b2b80cc8
streamkey,#hash_88fa767b2b80e7b
streamkey,#hash_88fa867b2b8102e
streamkey,#hash_88fa967b2b811e1
streamkey,#hash_88faa67b2b81394
streamkey,#hash_88fab67b2b81547
streamkey,#hash_88fac67b2b816fa
streamkey,#hash_88fad67b2b818ad
streamkey,#hash_8932767b2bb1dd2
streamkey,#hash_8932867b2bb1f85
streamkey,#hash_8932967b2bb2138
streamkey,#hash_8932a67b2bb22eb
streamkey,#hash_8932b67b2bb249e
streamkey,#hash_8932c67b2bb2651
streamkey,#hash_8932d67b2bb2804
streamkey,#hash_8932e67b2bb29b7
streamkey,#hash_8932f67b2bb2b6a
streamkey,#hash_8933067b2bb2d1d
streamkey,#hash_8969467b2be0ce0
streamkey,#hash_8969567b2be0e93
streamkey,#hash_8969667b2be1046
streamkey,#hash_8969767b2be11f9
streamkey,#hash_8969867b2be13ac
streamkey,#hash_8969967b2be155f
streamkey,#hash_8969a67b2be1712
streamkey,#hash_8969b67b2be18c5
streamkey,#hash_8969e67b2be1dde
streamkey,#hash_8969f67b2be1f91
streamkey,#hash_89a1767b2c12150
streamkey,#hash_89a1867b2c12303
streamkey,#hash_89a1967b2c124b6
streamkey,#hash_89a1a67b2c12669
streamkey,#hash_89a1b67b2c1281c
streamkey,#hash_89a1c67b2c129cf
streamkey,#hash_89a1d67b2c12b82
streamkey,#hash_89a1e67b2c12d35
streamkey,#hash_89a2367b2c135b4
streamkey,#hash_89a2467b2c13767
streamkey,#hash_89d41c5bd9ce1ba
streamkey,#hash_8a42667b2c98f52
streamkey,#hash_8a42767b2c99105
streamkey,#hash_8a42867b2c992b8
streamkey,#hash_8a42967b2c9946b
streamkey,#hash_8a42a67b2c9961e
streamkey,#hash_8a42b67b2c997d1
streamkey,#hash_8a42c67b2c99984
streamkey,#hash_8a42d67b2c99b37
streamkey,#hash_8a42e67b2c99cea
streamkey,#hash_8a42f67b2c99e9d
streamkey,#hash_8a79367b2cc7e60
streamkey,#hash_8a79467b2cc8013
streamkey,#hash_8a79567b2cc81c6
streamkey,#hash_8a79667b2cc8379
streamkey,#hash_8a79767b2cc852c
streamkey,#hash_8a79867b2cc86df
streamkey,#hash_8a79967b2cc8892
streamkey,#hash_8a79a67b2cc8a45
streamkey,#hash_8a79b67b2cc8bf8
streamkey,#hash_8a79c67b2cc8dab
streamkey,#hash_e1aa9aab2719730
streamkey,#hash_e1aaaaab27198e3
streamkey,#hash_e1ab1aab271a4c8
streamkey,#hash_e1ab2aab271a67b
streamkey,#hash_e1ab3aab271a82e
streamkey,#hash_e1ab4aab271a9e1
streamkey,#hash_e1ab5aab271ab94
streamkey,#hash_e1ab6aab271ad47
streamkey,#hash_e1ab7aab271aefa
streamkey,#hash_e1ab8aab271b0ad
streamkey,#hash_e1e2eaab274af06
streamkey,#hash_e1e2faab274b0b9
streamkey,#hash_e1e34aab274b938
streamkey,#hash_e1e35aab274baeb
streamkey,#hash_e1e36aab274bc9e
streamkey,#hash_e1e37aab274be51
streamkey,#hash_e1e38aab274c004
streamkey,#hash_e1e39aab274c1b7
streamkey,#hash_e1e3aaab274c36a
streamkey,#hash_e1e3baab274c51d
streamkey,#hash_e21b5aab277ca42
streamkey,#hash_e21b6aab277cbf5
streamkey,#hash_e21b7aab277cda8
streamkey,#hash_e21b8aab277cf5b
streamkey,#hash_e21b9aab277d10e
streamkey,#hash_e21baaab277d2c1
streamkey,#hash_e21bbaab277d474
streamkey,#hash_e21bcaab277d627
streamkey,#hash_e21bdaab277d7da
streamkey,#hash_e21beaab277d98d
streamkey,#hash_e2522aab27ab950
streamkey,#hash_e2523aab27abb03
streamkey,#hash_e2524aab27abcb6
streamkey,#hash_e2525aab27abe69
streamkey,#hash_e2526aab27ac01c
streamkey,#hash_e2527aab27ac1cf
streamkey,#hash_e2528aab27ac382
streamkey,#hash_e2529aab27ac535
streamkey,#hash_e252aaab27ac6e8
streamkey,#hash_e252baab27ac89b
streamkey,#hash_e2825aab27cf440
streamkey,#hash_e2826aab27cf5f3
streamkey,#hash_e2829aab27cfb0c
streamkey,#hash_e282aaab27cfcbf
streamkey,#hash_e282baab27cfe72
streamkey,#hash_e282caab27d0025
streamkey,#hash_e2ba8aab28008b0
streamkey,#hash_e2ba9aab2800a63
streamkey,#hash_e2baaaab2800c16
streamkey,#hash_e2babaab2800dc9
streamkey,#hash_e2bacaab2800f7c
streamkey,#hash_e2badaab280112f
streamkey,#hash_e2baeaab28012e2
streamkey,#hash_e2bafaab2801495
streamkey,#hash_e2bb6aab280207a
streamkey,#hash_e2bb7aab280222d
streamkey,#hash_e9ba44d7f143000
streamkey,#hash_e9ba54d7f1431b3
streamkey,#hash_e9ba64d7f143366
streamkey,#hash_e9ba74d7f143519
streamkey,#hash_e9ba84d7f1436cc
streamkey,#hash_e9ba94d7f14387f
streamkey,#hash_e9baa4d7f143a32
streamkey,#hash_e9bab4d7f143be5
streamkey,#hash_e9bae4d7f1440fe
streamkey,#hash_e9baf4d7f1442b1
streamkey,#hash_e9f274d7f174470
streamkey,#hash_e9f284d7f174623
streamkey,#hash_e9f294d7f1747d6
streamkey,#hash_e9f2a4d7f174989
streamkey,#hash_e9f2b4d7f174b3c
streamkey,#hash_e9f2c4d7f174cef
streamkey,#hash_e9f2d4d7f174ea2
streamkey,#hash_e9f2e4d7f175055
streamkey,#hash_e9f334d7f1758d4
streamkey,#hash_e9f344d7f175a87
streamkey,#hash_ea2aa4d7f1a58e0
streamkey,#hash_ea2ab4d7f1a5a93
streamkey,#hash_ea2b24d7f1a6678
streamkey,#hash_ea2b34d7f1a682b
streamkey,#hash_ea2b44d7f1a69de
streamkey,#hash_ea2b54d7f1a6b91
streamkey,#hash_ea2b64d7f1a6d44
streamkey,#hash_ea2b74d7f1a6ef7
streamkey,#hash_ea2b84d7f1a70aa
streamkey,#hash_ea2b94d7f1a725d
streamkey,#hash_ea62f4d7f1d70b6
streamkey,#hash_ea6304d7f1d7269
streamkey,#hash_ea6354d7f1d7ae8
streamkey,#hash_ea6364d7f1d7c9b
streamkey,#hash_ea6374d7f1d7e4e
streamkey,#hash_ea6384d7f1d8001
streamkey,#hash_ea6394d7f1d81b4
streamkey,#hash_ea63a4d7f1d8367
streamkey,#hash_ea63b4d7f1d851a
streamkey,#hash_ea63c4d7f1d86cd
streamkey,#hash_ea9364d7f1fb272
streamkey,#hash_ea9374d7f1fb425
streamkey,#hash_ea9384d7f1fb5d8
streamkey,#hash_ea9394d7f1fb78b
streamkey,#hash_ea93a4d7f1fb93e
streamkey,#hash_ea93b4d7f1fbaf1
streamkey,#hash_ea93c4d7f1fbca4
streamkey,#hash_ea93d4d7f1fbe57
streamkey,#hash_ea93e4d7f1fc00a
streamkey,#hash_ea93f4d7f1fc1bd
streamkey,#hash_eaca34d7f22a180
streamkey,#hash_eaca44d7f22a333
streamkey,#hash_eaca54d7f22a4e6
streamkey,#hash_eaca64d7f22a699
streamkey,#hash_eaca74d7f22a84c
streamkey,#hash_eaca84d7f22a9ff
streamkey,#hash_eaca94d7f22abb2
streamkey,#hash_eacaa4d7f22ad65
streamkey,#hash_eacab4d7f22af18
streamkey,#hash_eacac4d7f22b0cb
streamkey,#hash_eb0264d7f25b5f0
streamkey,#hash_eb0274d7f25b7a3
streamkey,#hash_eb0284d7f25b956
streamkey,#hash_eb0294d7f25bb09
streamkey,#hash_eb02a4d7f25bcbc
streamkey,#hash_eb02b4d7f25be6f
streamkey,#hash_eb02c4d7f25c022
streamkey,#hash_eb02d4d7f25c1d5
streamkey,#hash_eb0324d7f25ca54
streamkey,#hash_eb0334d7f25cc07
streamkey,#hash_eb3a94d7f28ca60
streamkey,#hash_eb3aa4d7f28cc13
streamkey,#hash_eb3ab4d7f28cdc6
streamkey,#hash_eb3ac4d7f28cf79
streamkey,#hash_eb3ad4d7f28d12c
streamkey,#hash_eb3ae4d7f28d2df
streamkey,#hash_eb3af4d7f28d492
streamkey,#hash_eb3b04d7f28d645
streamkey,#hash_eb3b74d7f28e22a
streamkey,#hash_eb3b84d7f28e3dd
streamkey,#hash_eb72e4d7f2be236
streamkey,#hash_eb72f4d7f2be3e9
streamkey,#hash_eb7344d7f2bec68
streamkey,#hash_eb7354d7f2bee1b
streamkey,#hash_eb7364d7f2befce
streamkey,#hash_eb7374d7f2bf181
streamkey,#hash_eb7384d7f2bf334
streamkey,#hash_eb7394d7f2bf4e7
streamkey,#hash_eb73a4d7f2bf69a
streamkey,#hash_eb73b4d7f2bf84d
streamkey,#hash_eba334d7f2e208c
streamkey,#hash_eba344d7f2e223f
streamkey,#hash_eba374d7f2e2758
streamkey,#hash_eba384d7f2e290b
streamkey,#hash_eba394d7f2e2abe
streamkey,#hash_eba3a4d7f2e2c71
streamkey,#hash_eba3b4d7f2e2e24
streamkey,#hash_eba3c4d7f2e2fd7
streamkey,#hash_eba3d4d7f2e318a
streamkey,#hash_eba3e4d7f2e333d
streamkey,#hash_f793d5ee1613030
streamkey,#hash_f793e5ee16131e3
streamkey,#hash_f793f5ee1613396
streamkey,#hash_f79405ee1613549
streamkey,#hash_f79415ee16136fc
streamkey,#hash_f79425ee16138af
streamkey,#hash_f79435ee1613a62
streamkey,#hash_f79445ee1613c15
streamkey,#hash_f79475ee161412e
streamkey,#hash_f79485ee16142e1
streamkey,#hash_f7cc05ee16444a0
streamkey,#hash_f7cc15ee1644653
streamkey,#hash_f7cc25ee1644806
streamkey,#hash_f7cc35ee16449b9
streamkey,#hash_f7cc45ee1644b6c
streamkey,#hash_f7cc55ee1644d1f
streamkey,#hash_f7cc65ee1644ed2
streamkey,#hash_f7cc75ee1645085
streamkey,#hash_f7ccc5ee1645904
streamkey,#hash_f7ccd5ee1645ab7
streamkey,#hash_f80435ee1675910
streamkey,#hash_f80445ee1675ac3
streamkey,#hash_f804b5ee16766a8
streamkey,#hash_f804c5ee167685b
streamkey,#hash_f804d5ee1676a0e
streamkey,#hash_f804e5ee1676bc1
streamkey,#hash_f804f5ee1676d74
streamkey,#hash_f80505ee1676f27
streamkey,#hash_f80515ee16770da
streamkey,#hash_f80525ee167728d
streamkey,#hash_f83485ee1699766
streamkey,#hash_f83495ee1699919
streamkey,#hash_f834e5ee169a198
streamkey,#hash_f834f5ee169a34b
streamkey,#hash_f83505ee169a4fe
streamkey,#hash_f83515ee169a6b1
streamkey,#hash_f83525ee169a864
streamkey,#hash_f83535ee169aa17
streamkey,#hash_f83545ee169abca
streamkey,#hash_f83555ee169ad7d
streamkey,#hash_f86cf5ee16cb2a2
streamkey,#hash_f86d05ee16cb455
streamkey,#hash_f86d15ee16cb608
streamkey,#hash_f86d25ee16cb7bb
streamkey,#hash_f86d35ee16cb96e
streamkey,#hash_f86d45ee16cbb21
streamkey,#hash_f86d55ee16cbcd4
streamkey,#hash_f86d65ee16cbe87
streamkey,#hash_f86d75ee16cc03a
streamkey,#hash_f86d85ee16cc1ed
streamkey,#hash_f8a3c5ee16fa1b0
streamkey,#hash_f8a3d5ee16fa363
streamkey,#hash_f8a3e5ee16fa516
streamkey,#hash_f8a3f5ee16fa6c9
streamkey,#hash_f8a405ee16fa87c
streamkey,#hash_f8a415ee16faa2f
streamkey,#hash_f8a425ee16fabe2
streamkey,#hash_f8a435ee16fad95
streamkey,#hash_f8a445ee16faf48
streamkey,#hash_f8a455ee16fb0fb
streamkey,#hash_f8dbf5ee172b620
streamkey,#hash_f8dc05ee172b7d3
streamkey,#hash_f8dc15ee172b986
streamkey,#hash_f8dc25ee172bb39
streamkey,#hash_f8dc35ee172bcec
streamkey,#hash_f8dc45ee172be9f
streamkey,#hash_f8dc55ee172c052
streamkey,#hash_f8dc65ee172c205
streamkey,#hash_f8dcb5ee172ca84
streamkey,#hash_f8dcc5ee172cc37
streamkey,#hash_f91425ee175ca90
streamkey,#hash_f91435ee175cc43
streamkey,#hash_f91445ee175cdf6
streamkey,#hash_f91455ee175cfa9
streamkey,#hash_f91465ee175d15c
streamkey,#hash_f91475ee175d30f
streamkey,#hash_f91485ee175d4c2
streamkey,#hash_f91495ee175d675
streamkey,#hash_f91505ee175e25a
streamkey,#hash_f91515ee175e40d
streamkey,#hash_f94475ee17808e6
streamkey,#hash_f94485ee1780a99
streamkey,#hash_f944d5ee1781318
streamkey,#hash_f944e5ee17814cb
streamkey,#hash_f944f5ee178167e
streamkey,#hash_f94505ee1781831
streamkey,#hash_f94515ee17819e4
streamkey,#hash_f94525ee1781b97
streamkey,#hash_f94535ee1781d4a
streamkey,#hash_f94545ee1781efd
streamkey,#hash_f97cc5ee17b20bc
streamkey,#hash_f97cd5ee17b226f
streamkey,#hash_f97d05ee17b2788
streamkey,#hash_f97d15ee17b293b
streamkey,#hash_f97d25ee17b2aee
streamkey,#hash_f97d35ee17b2ca1
streamkey,#hash_f97d45ee17b2e54
streamkey,#hash_f97d55ee17b3007
streamkey,#hash_f97d65ee17b31ba
streamkey,#hash_f97d75ee17b336d
streamkey,#hash_10b0a256559b7770
streamkey,#hash_10b0a356559b7923
streamkey,#hash_10b0a456559b7ad6
streamkey,#hash_10b0a556559b7c89
streamkey,#hash_10b0a656559b7e3c
streamkey,#hash_10b0a756559b7fef
streamkey,#hash_10b0a856559b81a2
streamkey,#hash_10b0a956559b8355
streamkey,#hash_10b0aa56559b8508
streamkey,#hash_10b0ab56559b86bb
streamkey,#hash_10b42556559e8be0
streamkey,#hash_10b42656559e8d93
streamkey,#hash_10b42756559e8f46
streamkey,#hash_10b42856559e90f9
streamkey,#hash_10b42956559e92ac
streamkey,#hash_10b42a56559e945f
streamkey,#hash_10b42b56559e9612
streamkey,#hash_10b42c56559e97c5
streamkey,#hash_10b42f56559e9cde
streamkey,#hash_10b43056559e9e91
streamkey,#hash_10b65e84d43c66c0
streamkey,#hash_10b65f84d43c6873
streamkey,#hash_10b66084d43c6a26
streamkey,#hash_10b66184d43c6bd9
streamkey,#hash_10b66284d43c6d8c
streamkey,#hash_10b66384d43c6f3f
streamkey,#hash_10b66484d43c70f2
streamkey,#hash_10b66584d43c72a5
streamkey,#hash_10b66684d43c7458
streamkey,#hash_10b66784d43c760b
streamkey,#hash_10b7a85655a1a050
streamkey,#hash_10b7a95655a1a203
streamkey,#hash_10b7aa5655a1a3b6
streamkey,#hash_10b7ab5655a1a569
streamkey,#hash_10b7ac5655a1a71c
streamkey,#hash_10b7ad5655a1a8cf
streamkey,#hash_10b7ae5655a1aa82
streamkey,#hash_10b7af5655a1ac35
streamkey,#hash_10b7b65655a1b81a
streamkey,#hash_10b7b75655a1b9cd
streamkey,#hash_10b9e184d43f7b30
streamkey,#hash_10b9e284d43f7ce3
streamkey,#hash_10b9e384d43f7e96
streamkey,#hash_10b9e484d43f8049
streamkey,#hash_10b9e584d43f81fc
streamkey,#hash_10b9e684d43f83af
streamkey,#hash_10b9e784d43f8562
streamkey,#hash_10b9e884d43f8715
streamkey,#hash_10b9eb84d43f8c2e
streamkey,#hash_10b9ec84d43f8de1
streamkey,#hash_10baab5655a3db40
streamkey,#hash_10baac5655a3dcf3
streamkey,#hash_10bab35655a3e8d8
streamkey,#hash_10bab45655a3ea8b
streamkey,#hash_10bab55655a3ec3e
streamkey,#hash_10bab65655a3edf1
streamkey,#hash_10bab75655a3efa4
streamkey,#hash_10bab85655a3f157
streamkey,#hash_10bab95655a3f30a
streamkey,#hash_10baba5655a3f4bd
streamkey,#hash_10bd6484d4428fa0
streamkey,#hash_10bd6584d4429153
streamkey,#hash_10bd6684d4429306
streamkey,#hash_10bd6784d44294b9
streamkey,#hash_10bd6884d442966c
streamkey,#hash_10bd6984d442981f
streamkey,#hash_10bd6a84d44299d2
streamkey,#hash_10bd6b84d4429b85
streamkey,#hash_10bd7284d442a76a
streamkey,#hash_10bd7384d442a91d
streamkey,#hash_10be325655a6f67c
streamkey,#hash_10be335655a6f82f
streamkey,#hash_10be365655a6fd48
streamkey,#hash_10be375655a6fefb
streamkey,#hash_10be385655a700ae
streamkey,#hash_10be395655a70261
streamkey,#hash_10be3a5655a70414
streamkey,#hash_10be3b5655a705c7
streamkey,#hash_10be3c5655a7077a
streamkey,#hash_10be3d5655a7092d
streamkey,#hash_10c0e784d445a410
streamkey,#hash_10c0e884d445a5c3
streamkey,#hash_10c0ef84d445b1a8
streamkey,#hash_10c0f084d445b35b
streamkey,#hash_10c0f184d445b50e
streamkey,#hash_10c0f284d445b6c1
streamkey,#hash_10c0f384d445b874
streamkey,#hash_10c0f484d445ba27
streamkey,#hash_10c0f584d445bbda
streamkey,#hash_10c0f684d445bd8d
streamkey,#hash_10c1b75655aa0e52
streamkey,#hash_10c1b85655aa1005
streamkey,#hash_10c1b95655aa11b8
streamkey,#hash_10c1ba5655aa136b
streamkey,#hash_10c1bb5655aa151e
streamkey,#hash_10c1bc5655aa16d1
streamkey,#hash_10c1bd5655aa1884
streamkey,#hash_10c1be5655aa1a37
streamkey,#hash_10c1bf5655aa1bea
streamkey,#hash_10c1c05655aa1d9d
streamkey,#hash_10c3ee84d447e5cc
streamkey,#hash_10c3ef84d447e77f
streamkey,#hash_10c3f284d447ec98
streamkey,#hash_10c3f384d447ee4b
streamkey,#hash_10c3f484d447effe
streamkey,#hash_10c3f584d447f1b1
streamkey,#hash_10c3f684d447f364
streamkey,#hash_10c3f784d447f517
streamkey,#hash_10c3f884d447f6ca
streamkey,#hash_10c3f984d447f87d
streamkey,#hash_10c5245655acfd60
streamkey,#hash_10c5255655acff13
streamkey,#hash_10c5265655ad00c6
streamkey,#hash_10c5275655ad0279
streamkey,#hash_10c5285655ad042c
streamkey,#hash_10c5295655ad05df
streamkey,#hash_10c52a5655ad0792
streamkey,#hash_10c52b5655ad0945
streamkey,#hash_10c52e5655ad0e5e
streamkey,#hash_10c52f5655ad1011
streamkey,#hash_10c77384d44afda2
streamkey,#hash_10c77484d44aff55
streamkey,#hash_10c77584d44b0108
streamkey,#hash_10c77684d44b02bb
streamkey,#hash_10c77784d44b046e
streamkey,#hash_10c77884d44b0621
streamkey,#hash_10c77984d44b07d4
streamkey,#hash_10c77a84d44b0987
streamkey,#hash_10c77b84d44b0b3a
streamkey,#hash_10c77c84d44b0ced
streamkey,#hash_10c8a75655b011d0
streamkey,#hash_10c8a85655b01383
streamkey,#hash_10c8a95655b01536
streamkey,#hash_10c8aa5655b016e9
streamkey,#hash_10c8ab5655b0189c
streamkey,#hash_10c8ac5655b01a4f
streamkey,#hash_10c8ad5655b01c02
streamkey,#hash_10c8ae5655b01db5
streamkey,#hash_10c8b35655b02634
streamkey,#hash_10c8b45655b027e7
streamkey,#hash_10cae084d44decb0
streamkey,#hash_10cae184d44dee63
streamkey,#hash_10cae284d44df016
streamkey,#hash_10cae384d44df1c9
streamkey,#hash_10cae484d44df37c
streamkey,#hash_10cae584d44df52f
streamkey,#hash_10cae684d44df6e2
streamkey,#hash_10cae784d44df895
streamkey,#hash_10caea84d44dfdae
streamkey,#hash_10caeb84d44dff61
streamkey,#hash_10ce6384d4510120
streamkey,#hash_10ce6484d45102d3
streamkey,#hash_10ce6584d4510486
streamkey,#hash_10ce6684d4510639
streamkey,#hash_10ce6784d45107ec
streamkey,#hash_10ce6884d451099f
streamkey,#hash_10ce6984d4510b52
streamkey,#hash_10ce6a84d4510d05
streamkey,#hash_10ce6f84d4511584
streamkey,#hash_10ce7084d4511737
streamkey,#hash_10d87284d4596f22
streamkey,#hash_10d87384d45970d5
streamkey,#hash_10d87484d4597288
streamkey,#hash_10d87584d459743b
streamkey,#hash_10d87684d45975ee
streamkey,#hash_10d87784d45977a1
streamkey,#hash_10d87884d4597954
streamkey,#hash_10d87984d4597b07
streamkey,#hash_10d87a84d4597cba
streamkey,#hash_10d87b84d4597e6d
streamkey,#hash_10d9a65655be8350
streamkey,#hash_10d9a75655be8503
streamkey,#hash_10d9a85655be86b6
streamkey,#hash_10d9a95655be8869
streamkey,#hash_10d9aa5655be8a1c
streamkey,#hash_10d9ab5655be8bcf
streamkey,#hash_10d9ac5655be8d82
streamkey,#hash_10d9ad5655be8f35
streamkey,#hash_10d9b25655be97b4
streamkey,#hash_10d9b35655be9967
streamkey,#hash_10dbdf84d45c5e30
streamkey,#hash_10dbe084d45c5fe3
streamkey,#hash_10dbe184d45c6196
streamkey,#hash_10dbe284d45c6349
streamkey,#hash_10dbe384d45c64fc
streamkey,#hash_10dbe484d45c66af
streamkey,#hash_10dbe584d45c6862
streamkey,#hash_10dbe684d45c6a15
streamkey,#hash_10dbe784d45c6bc8
streamkey,#hash_10dbe884d45c6d7b
streamkey,#hash_10dca95655c0be40
streamkey,#hash_10dcaa5655c0bff3
streamkey,#hash_10dcab5655c0c1a6
streamkey,#hash_10dcac5655c0c359
streamkey,#hash_10dcad5655c0c50c
streamkey,#hash_10dcae5655c0c6bf
streamkey,#hash_10dcaf5655c0c872
streamkey,#hash_10dcb05655c0ca25
streamkey,#hash_10dcb75655c0d60a
streamkey,#hash_10dcb85655c0d7bd
streamkey,#hash_118e3b67b7e877a0
streamkey,#hash_118e3c67b7e87953
streamkey,#hash_118e3d67b7e87b06
streamkey,#hash_118e3e67b7e87cb9
streamkey,#hash_118e3f67b7e87e6c
streamkey,#hash_118e4067b7e8801f
streamkey,#hash_118e4167b7e881d2
streamkey,#hash_118e4267b7e88385
streamkey,#hash_118e4367b7e88538
streamkey,#hash_118e4467b7e886eb
streamkey,#hash_1191be67b7eb8c10
streamkey,#hash_1191bf67b7eb8dc3
streamkey,#hash_1191c067b7eb8f76
streamkey,#hash_1191c167b7eb9129
streamkey,#hash_1191c267b7eb92dc
streamkey,#hash_1191c367b7eb948f
streamkey,#hash_1191c467b7eb9642
streamkey,#hash_1191c567b7eb97f5
streamkey,#hash_1191c867b7eb9d0e
streamkey,#hash_1191c967b7eb9ec1
streamkey,#hash_1194c167b7edc700
streamkey,#hash_1194c267b7edc8b3
streamkey,#hash_1194c367b7edca66
streamkey,#hash_1194c467b7edcc19
streamkey,#hash_1194c567b7edcdcc
streamkey,#hash_1194c667b7edcf7f
streamkey,#hash_1194c767b7edd132
streamkey,#hash_1194c867b7edd2e5
streamkey,#hash_1194cf67b7eddeca
streamkey,#hash_1194d067b7ede07d
streamkey,#hash_11984467b7f0db70
streamkey,#hash_11984567b7f0dd23
streamkey,#hash_11984c67b7f0e908
streamkey,#hash_11984d67b7f0eabb
streamkey,#hash_11984e67b7f0ec6e
streamkey,#hash_11984f67b7f0ee21
streamkey,#hash_11985067b7f0efd4
streamkey,#hash_11985167b7f0f187
streamkey,#hash_11985267b7f0f33a
streamkey,#hash_11985367b7f0f4ed
streamkey,#hash_119bcb67b7f3f6ac
streamkey,#hash_119bcc67b7f3f85f
streamkey,#hash_119bcf67b7f3fd78
streamkey,#hash_119bd067b7f3ff2b
streamkey,#hash_119bd167b7f400de
streamkey,#hash_119bd267b7f40291
streamkey,#hash_119bd367b7f40444
streamkey,#hash_119bd467b7f405f7
streamkey,#hash_119bd567b7f407aa
streamkey,#hash_119bd667b7f4095d
streamkey,#hash_119f5067b7f70e82
streamkey,#hash_119f5167b7f71035
streamkey,#hash_119f5267b7f711e8
streamkey,#hash_119f5367b7f7139b
streamkey,#hash_119f5467b7f7154e
streamkey,#hash_119f5567b7f71701
streamkey,#hash_119f5667b7f718b4
streamkey,#hash_119f5767b7f71a67
streamkey,#hash_119f5867b7f71c1a
streamkey,#hash_119f5967b7f71dcd
streamkey,#hash_11a2bd67b7f9fd90
streamkey,#hash_11a2be67b7f9ff43
streamkey,#hash_11a2bf67b7fa00f6
streamkey,#hash_11a2c067b7fa02a9
streamkey,#hash_11a2c167b7fa045c
streamkey,#hash_11a2c267b7fa060f
streamkey,#hash_11a2c367b7fa07c2
streamkey,#hash_11a2c467b7fa0975
streamkey,#hash_11a2c767b7fa0e8e
streamkey,#hash_11a2c867b7fa1041
streamkey,#hash_11a5c067b7fc3880
streamkey,#hash_11a5c167b7fc3a33
streamkey,#hash_11a5c267b7fc3be6
streamkey,#hash_11a5c367b7fc3d99
streamkey,#hash_11a5c467b7fc3f4c
streamkey,#hash_11a5c567b7fc40ff
streamkey,#hash_11a5c667b7fc42b2
streamkey,#hash_11a5c767b7fc4465
streamkey,#hash_11a5cc67b7fc4ce4
streamkey,#hash_11a5cd67b7fc4e97
streamkey,#hash_11bdc767b810d646
streamkey,#hash_11bdc867b810d7f9
streamkey,#hash_11bdcd67b810e078
streamkey,#hash_11bdce67b810e22b
streamkey,#hash_11bdcf67b810e3de
streamkey,#hash_11bdd067b810e591
streamkey,#hash_11bdd167b810e744
streamkey,#hash_11bdd267b810e8f7
streamkey,#hash_11bdd367b810eaaa
streamkey,#hash_11bdd467b810ec5d
streamkey,#hash_11c14c67b813ee1c
streamkey,#hash_11c14d67b813efcf
streamkey,#hash_11c15067b813f4e8
streamkey,#hash_11c15167b813f69b
streamkey,#hash_11c15267b813f84e
streamkey,#hash_11c15367b813fa01
streamkey,#hash_11c15467b813fbb4
streamkey,#hash_11c15567b813fd67
streamkey,#hash_11c15667b813ff1a
streamkey,#hash_11c15767b81400cd
streamkey,#hash_175d4b4d84110b50
streamkey,#hash_175d4c4d84110d03
streamkey,#hash_175d4d4d84110eb6
streamkey,#hash_175d4e4d84111069
streamkey,#hash_175d4f4d8411121c
streamkey,#hash_175d504d841113cf
streamkey,#hash_175d514d84111582
streamkey,#hash_175d524d84111735
streamkey,#hash_175d534d841118e8
streamkey,#hash_175d544d84111a9b
streamkey,#hash_17604e4d84134640
streamkey,#hash_17604f4d841347f3
streamkey,#hash_1760504d841349a6
streamkey,#hash_1760514d84134b59
streamkey,#hash_1760524d84134d0c
streamkey,#hash_1760534d84134ebf
streamkey,#hash_1760544d84135072
streamkey,#hash_1760554d84135225
streamkey,#hash_1760584d8413573e
streamkey,#hash_1760594d841358f1
streamkey,#hash_1763d14d84165ab0
streamkey,#hash_1763d24d84165c63
streamkey,#hash_1763d34d84165e16
streamkey,#hash_1763d44d84165fc9
streamkey,#hash_1763d54d8416617c
streamkey,#hash_1763d64d8416632f
streamkey,#hash_1763d74d841664e2
streamkey,#hash_1763d84d84166695
streamkey,#hash_1763df4d8416727a
streamkey,#hash_1763e04d8416742d
streamkey,#hash_1767544d84196f20
streamkey,#hash_1767554d841970d3
streamkey,#hash_17675c4d84197cb8
streamkey,#hash_17675d4d84197e6b
streamkey,#hash_17675e4d8419801e
streamkey,#hash_17675f4d841981d1
streamkey,#hash_1767604d84198384
streamkey,#hash_1767614d84198537
streamkey,#hash_1767624d841986ea
streamkey,#hash_1767634d8419889d
streamkey,#hash_176adb4d841c8a5c
streamkey,#hash_176adc4d841c8c0f
streamkey,#hash_176adf4d841c9128
streamkey,#hash_176ae04d841c92db
streamkey,#hash_176ae14d841c948e
streamkey,#hash_176ae24d841c9641
streamkey,#hash_176ae34d841c97f4
streamkey,#hash_176ae44d841c99a7
streamkey,#hash_176ae54d841c9b5a
streamkey,#hash_176ae64d841c9d0d
streamkey,#hash_176de04d841ec8b2
streamkey,#hash_176de14d841eca65
streamkey,#hash_176de24d841ecc18
streamkey,#hash_176de34d841ecdcb
streamkey,#hash_176de44d841ecf7e
streamkey,#hash_176de54d841ed131
streamkey,#hash_176de64d841ed2e4
streamkey,#hash_176de74d841ed497
streamkey,#hash_176de84d841ed64a
streamkey,#hash_176de94d841ed7fd
streamkey,#hash_17714d4d8421b7c0
streamkey,#hash_17714e4d8421b973
streamkey,#hash_17714f4d8421bb26
streamkey,#hash_1771504d8421bcd9
streamkey,#hash_1771514d8421be8c
streamkey,#hash_1771524d8421c03f
streamkey,#hash_1771534d8421c1f2
streamkey,#hash_1771544d8421c3a5
streamkey,#hash_1771574d8421c8be
streamkey,#hash_1771584d8421ca71
streamkey,#hash_1774d04d8424cc30
streamkey,#hash_1774d14d8424cde3
streamkey,#hash_1774d24d8424cf96
streamkey,#hash_1774d34d8424d149
streamkey,#hash_1774d44d8424d2fc
streamkey,#hash_1774d54d8424d4af
streamkey,#hash_1774d64d8424d662
streamkey,#hash_1774d74d8424d815
streamkey,#hash_1774dc4d8424e094
streamkey,#hash_1774dd4d8424e247
streamkey,#hash_1778534d8427e0a0
streamkey,#hash_1778544d8427e253
streamkey,#hash_17785b4d8427ee38
streamkey,#hash_17785c4d8427efeb
streamkey,#hash_17785d4d8427f19e
streamkey,#hash_17785e4d8427f351
streamkey,#hash_17785f4d8427f504
streamkey,#hash_1778604d8427f6b7
streamkey,#hash_1778614d8427f86a
streamkey,#hash_1778624d8427fa1d
streamkey,#hash_177bd84d842af876
streamkey,#hash_177bd94d842afa29
streamkey,#hash_177bde4d842b02a8
streamkey,#hash_177bdf4d842b045b
streamkey,#hash_177be04d842b060e
streamkey,#hash_177be14d842b07c1
streamkey,#hash_177be24d842b0974
streamkey,#hash_177be34d842b0b27
streamkey,#hash_177be44d842b0cda
streamkey,#hash_177be54d842b0e8d
streamkey,#hash_183a645ee65d3200
streamkey,#hash_183a655ee65d33b3
streamkey,#hash_183a665ee65d3566
streamkey,#hash_183a675ee65d3719
streamkey,#hash_183a685ee65d38cc
streamkey,#hash_183a695ee65d3a7f
streamkey,#hash_183a6a5ee65d3c32
streamkey,#hash_183a6b5ee65d3de5
streamkey,#hash_183a6c5ee65d3f98
streamkey,#hash_183a6d5ee65d414b
streamkey,#hash_183de75ee6604670
streamkey,#hash_183de85ee6604823
streamkey,#hash_183de95ee66049d6
streamkey,#hash_183dea5ee6604b89
streamkey,#hash_183deb5ee6604d3c
streamkey,#hash_183dec5ee6604eef
streamkey,#hash_183ded5ee66050a2
streamkey,#hash_183dee5ee6605255
streamkey,#hash_183df15ee660576e
streamkey,#hash_183df25ee6605921
streamkey,#hash_18416a5ee6635ae0
streamkey,#hash_18416b5ee6635c93
streamkey,#hash_18416c5ee6635e46
streamkey,#hash_18416d5ee6635ff9
streamkey,#hash_18416e5ee66361ac
streamkey,#hash_18416f5ee663635f
streamkey,#hash_1841705ee6636512
streamkey,#hash_1841715ee66366c5
streamkey,#hash_1841785ee66372aa
streamkey,#hash_1841795ee663745d
streamkey,#hash_1844ed5ee6666f50
streamkey,#hash_1844ee5ee6667103
streamkey,#hash_1844f55ee6667ce8
streamkey,#hash_1844f65ee6667e9b
streamkey,#hash_1844f75ee666804e
streamkey,#hash_1844f85ee6668201
streamkey,#hash_1844f95ee66683b4
streamkey,#hash_1844fa5ee6668567
streamkey,#hash_1844fb5ee666871a
streamkey,#hash_1844fc5ee66688cd
streamkey,#hash_1847f45ee668b10c
streamkey,#hash_1847f55ee668b2bf
streamkey,#hash_1847f85ee668b7d8
streamkey,#hash_1847f95ee668b98b
streamkey,#hash_1847fa5ee668bb3e
streamkey,#hash_1847fb5ee668bcf1
streamkey,#hash_1847fc5ee668bea4
streamkey,#hash_1847fd5ee668c057
streamkey,#hash_1847fe5ee668c20a
streamkey,#hash_1847ff5ee668c3bd
streamkey,#hash_184b795ee66bc8e2
streamkey,#hash_184b7a5ee66bca95
streamkey,#hash_184b7b5ee66bcc48
streamkey,#hash_184b7c5ee66bcdfb
streamkey,#hash_184b7d5ee66bcfae
streamkey,#hash_184b7e5ee66bd161
streamkey,#hash_184b7f5ee66bd314
streamkey,#hash_184b805ee66bd4c7
streamkey,#hash_184b815ee66bd67a
streamkey,#hash_184b825ee66bd82d
streamkey,#hash_184ee65ee66eb7f0
streamkey,#hash_184ee75ee66eb9a3
streamkey,#hash_184ee85ee66ebb56
streamkey,#hash_184ee95ee66ebd09
streamkey,#hash_184eea5ee66ebebc
streamkey,#hash_184eeb5ee66ec06f
streamkey,#hash_184eec5ee66ec222
streamkey,#hash_184eed5ee66ec3d5
streamkey,#hash_184ef05ee66ec8ee
streamkey,#hash_184ef15ee66ecaa1
streamkey,#hash_1852695ee671cc60
streamkey,#hash_18526a5ee671ce13
streamkey,#hash_18526b5ee671cfc6
streamkey,#hash_18526c5ee671d179
streamkey,#hash_18526d5ee671d32c
streamkey,#hash_18526e5ee671d4df
streamkey,#hash_18526f5ee671d692
streamkey,#hash_1852705ee671d845
streamkey,#hash_1852755ee671e0c4
streamkey,#hash_1852765ee671e277
streamkey,#hash_185c785ee67a3a62
streamkey,#hash_185c795ee67a3c15
streamkey,#hash_185c7a5ee67a3dc8
streamkey,#hash_185c7b5ee67a3f7b
streamkey,#hash_185c7c5ee67a412e
streamkey,#hash_185c7d5ee67a42e1
streamkey,#hash_185c7e5ee67a4494
streamkey,#hash_185c7f5ee67a4647
streamkey,#hash_185c805ee67a47fa
streamkey,#hash_185c815ee67a49ad
streamkey,#hash_185fe55ee67d2970
streamkey,#hash_185fe65ee67d2b23
streamkey,#hash_185fe75ee67d2cd6
streamkey,#hash_185fe85ee67d2e89
streamkey,#hash_185fe95ee67d303c
streamkey,#hash_185fea5ee67d31ef
streamkey,#hash_185feb5ee67d33a2
streamkey,#hash_185fec5ee67d3555
streamkey,#hash_185fed5ee67d3708
streamkey,#hash_185fee5ee67d38bb
streamkey,#hash_18e76467bbb2d3d0
streamkey,#hash_18e76567bbb2d583
streamkey,#hash_18e76667bbb2d736
streamkey,#hash_18e76767bbb2d8e9
streamkey,#hash_18e76867bbb2da9c
streamkey,#hash_18e76967bbb2dc4f
streamkey,#hash_18e76a67bbb2de02
streamkey,#hash_18e76b67bbb2dfb5
streamkey,#hash_18e76c67bbb2e168
streamkey,#hash_18e76d67bbb2e31b
streamkey,#hash_18ea6767bbb50ec0
streamkey,#hash_18ea6867bbb51073
streamkey,#hash_18ea6967bbb51226
streamkey,#hash_18ea6a67bbb513d9
streamkey,#hash_18ea6b67bbb5158c
streamkey,#hash_18ea6c67bbb5173f
streamkey,#hash_18ea6d67bbb518f2
streamkey,#hash_18ea6e67bbb51aa5
streamkey,#hash_18ea7167bbb51fbe
streamkey,#hash_18ea7267bbb52171
streamkey,#hash_19026c67bbc9a920
streamkey,#hash_19026d67bbc9aad3
streamkey,#hash_19027467bbc9b6b8
streamkey,#hash_19027567bbc9b86b
streamkey,#hash_19027667bbc9ba1e
streamkey,#hash_19027767bbc9bbd1
streamkey,#hash_19027867bbc9bd84
streamkey,#hash_19027967bbc9bf37
streamkey,#hash_19027a67bbc9c0ea
streamkey,#hash_19027b67bbc9c29d
streamkey,#hash_1905f167bbccc0f6
streamkey,#hash_1905f267bbccc2a9
streamkey,#hash_1905f767bbcccb28
streamkey,#hash_1905f867bbccccdb
streamkey,#hash_1905f967bbccce8e
streamkey,#hash_1905fa67bbccd041
streamkey,#hash_1905fb67bbccd1f4
streamkey,#hash_1905fc67bbccd3a7
streamkey,#hash_1905fd67bbccd55a
streamkey,#hash_1905fe67bbccd70d
streamkey,#hash_1908f867bbcf02b2
streamkey,#hash_1908f967bbcf0465
streamkey,#hash_1908fa67bbcf0618
streamkey,#hash_1908fb67bbcf07cb
streamkey,#hash_1908fc67bbcf097e
streamkey,#hash_1908fd67bbcf0b31
streamkey,#hash_1908fe67bbcf0ce4
streamkey,#hash_1908ff67bbcf0e97
streamkey,#hash_19090067bbcf104a
streamkey,#hash_19090167bbcf11fd
streamkey,#hash_190c6567bbd1f1c0
streamkey,#hash_190c6667bbd1f373
streamkey,#hash_190c6767bbd1f526
streamkey,#hash_190c6867bbd1f6d9
streamkey,#hash_190c6967bbd1f88c
streamkey,#hash_190c6a67bbd1fa3f
streamkey,#hash_190c6b67bbd1fbf2
streamkey,#hash_190c6c67bbd1fda5
streamkey,#hash_190c6d67bbd1ff58
streamkey,#hash_190c6e67bbd2010b
streamkey,#hash_190fe867bbd50630
streamkey,#hash_190fe967bbd507e3
streamkey,#hash_190fea67bbd50996
streamkey,#hash_190feb67bbd50b49
streamkey,#hash_190fec67bbd50cfc
streamkey,#hash_190fed67bbd50eaf
streamkey,#hash_190fee67bbd51062
streamkey,#hash_190fef67bbd51215
streamkey,#hash_190ff467bbd51a94
streamkey,#hash_190ff567bbd51c47
streamkey,#hash_19136b67bbd81aa0
streamkey,#hash_19136c67bbd81c53
streamkey,#hash_19136d67bbd81e06
streamkey,#hash_19136e67bbd81fb9
streamkey,#hash_19136f67bbd8216c
streamkey,#hash_19137067bbd8231f
streamkey,#hash_19137167bbd824d2
streamkey,#hash_19137267bbd82685
streamkey,#hash_19137967bbd8326a
streamkey,#hash_19137a67bbd8341d
streamkey,#hash_1916f067bbdb3276
streamkey,#hash_1916f167bbdb3429
streamkey,#hash_1916f667bbdb3ca8
streamkey,#hash_1916f767bbdb3e5b
streamkey,#hash_1916f867bbdb400e
streamkey,#hash_1916f967bbdb41c1
streamkey,#hash_1916fa67bbdb4374
streamkey,#hash_1916fb67bbdb4527
streamkey,#hash_1916fc67bbdb46da
streamkey,#hash_1916fd67bbdb488d
streamkey,#hash_1919f567bbdd70cc
streamkey,#hash_1919f667bbdd727f
streamkey,#hash_1919f967bbdd7798
streamkey,#hash_1919fa67bbdd794b
streamkey,#hash_1919fb67bbdd7afe
streamkey,#hash_1919fc67bbdd7cb1
streamkey,#hash_1919fd67bbdd7e64
streamkey,#hash_1919fe67bbdd8017
streamkey,#hash_1919ff67bbdd81ca
streamkey,#hash_191a0067bbdd837d
streamkey,#hash_19bccb565ad76820
streamkey,#hash_19bccc565ad769d3
streamkey,#hash_19bccd565ad76b86
streamkey,#hash_19bcce565ad76d39
streamkey,#hash_19bccf565ad76eec
streamkey,#hash_19bcd0565ad7709f
streamkey,#hash_19bcd1565ad77252
streamkey,#hash_19bcd2565ad77405
streamkey,#hash_19bcd3565ad775b8
streamkey,#hash_19bcd4565ad7776b
streamkey,#hash_19c04e565ada7c90
streamkey,#hash_19c04f565ada7e43
streamkey,#hash_19c050565ada7ff6
streamkey,#hash_19c051565ada81a9
streamkey,#hash_19c052565ada835c
streamkey,#hash_19c053565ada850f
streamkey,#hash_19c054565ada86c2
streamkey,#hash_19c055565ada8875
streamkey,#hash_19c058565ada8d8e
streamkey,#hash_19c059565ada8f41
streamkey,#hash_19c28784d9785770
streamkey,#hash_19c28884d9785923
streamkey,#hash_19c28984d9785ad6
streamkey,#hash_19c28a84d9785c89
streamkey,#hash_19c28b84d9785e3c
streamkey,#hash_19c28c84d9785fef
streamkey,#hash_19c28d84d97861a2
streamkey,#hash_19c28e84d9786355
streamkey,#hash_19c28f84d9786508
streamkey,#hash_19c29084d97866bb
streamkey,#hash_19c60a84d97b6be0
streamkey,#hash_19c60b84d97b6d93
streamkey,#hash_19c60c84d97b6f46
streamkey,#hash_19c60d84d97b70f9
streamkey,#hash_19c60e84d97b72ac
streamkey,#hash_19c60f84d97b745f
streamkey,#hash_19c61084d97b7612
streamkey,#hash_19c61184d97b77c5
streamkey,#hash_19c61484d97b7cde
streamkey,#hash_19c61584d97b7e91
streamkey,#hash_19c98d84d97e8050
streamkey,#hash_19c98e84d97e8203
streamkey,#hash_19c98f84d97e83b6
streamkey,#hash_19c99084d97e8569
streamkey,#hash_19c99184d97e871c
streamkey,#hash_19c99284d97e88cf
streamkey,#hash_19c99384d97e8a82
streamkey,#hash_19c99484d97e8c35
streamkey,#hash_19c99b84d97e981a
streamkey,#hash_19c99c84d97e99cd
streamkey,#hash_19cc9084d980bb40
streamkey,#hash_19cc9184d980bcf3
streamkey,#hash_19cc9884d980c8d8
streamkey,#hash_19cc9984d980ca8b
streamkey,#hash_19cc9a84d980cc3e
streamkey,#hash_19cc9b84d980cdf1
streamkey,#hash_19cc9c84d980cfa4
streamkey,#hash_19cc9d84d980d157
streamkey,#hash_19cc9e84d980d30a
streamkey,#hash_19cc9f84d980d4bd
streamkey,#hash_19d01784d983d67c
streamkey,#hash_19d01884d983d82f
streamkey,#hash_19d01b84d983dd48
streamkey,#hash_19d01c84d983defb
streamkey,#hash_19d01d84d983e0ae
streamkey,#hash_19d01e84d983e261
streamkey,#hash_19d01f84d983e414
streamkey,#hash_19d02084d983e5c7
streamkey,#hash_19d02184d983e77a
streamkey,#hash_19d02284d983e92d
streamkey,#hash_19d39c84d986ee52
streamkey,#hash_19d39d84d986f005
streamkey,#hash_19d39e84d986f1b8
streamkey,#hash_19d39f84d986f36b
streamkey,#hash_19d3a084d986f51e
streamkey,#hash_19d3a184d986f6d1
streamkey,#hash_19d3a284d986f884
streamkey,#hash_19d3a384d986fa37
streamkey,#hash_19d3a484d986fbea
streamkey,#hash_19d3a584d986fd9d
streamkey,#hash_19d70984d989dd60
streamkey,#hash_19d70a84d989df13
streamkey,#hash_19d70b84d989e0c6
streamkey,#hash_19d70c84d989e279
streamkey,#hash_19d70d84d989e42c
streamkey,#hash_19d70e84d989e5df
streamkey,#hash_19d70f84d989e792
streamkey,#hash_19d71084d989e945
streamkey,#hash_19d71384d989ee5e
streamkey,#hash_19d71484d989f011
streamkey,#hash_19d7d3565aee3d70
streamkey,#hash_19d7d4565aee3f23
streamkey,#hash_19d7db565aee4b08
streamkey,#hash_19d7dc565aee4cbb
streamkey,#hash_19d7dd565aee4e6e
streamkey,#hash_19d7de565aee5021
streamkey,#hash_19d7df565aee51d4
streamkey,#hash_19d7e0565aee5387
streamkey,#hash_19d7e1565aee553a
streamkey,#hash_19d7e2565aee56ed
streamkey,#hash_19da8c84d98cf1d0
streamkey,#hash_19da8d84d98cf383
streamkey,#hash_19da8e84d98cf536
streamkey,#hash_19da8f84d98cf6e9
streamkey,#hash_19da9084d98cf89c
streamkey,#hash_19da9184d98cfa4f
streamkey,#hash_19da9284d98cfc02
streamkey,#hash_19da9384d98cfdb5
streamkey,#hash_19da9884d98d0634
streamkey,#hash_19da9984d98d07e7
streamkey,#hash_19db58565af15546
streamkey,#hash_19db59565af156f9
streamkey,#hash_19db5e565af15f78
streamkey,#hash_19db5f565af1612b
streamkey,#hash_19db60565af162de
streamkey,#hash_19db61565af16491
streamkey,#hash_19db62565af16644
streamkey,#hash_19db63565af167f7
streamkey,#hash_19db64565af169aa
streamkey,#hash_19db65565af16b5d
streamkey,#hash_19dedf565af47082
streamkey,#hash_19dee0565af47235
streamkey,#hash_19dee1565af473e8
streamkey,#hash_19dee2565af4759b
streamkey,#hash_19dee3565af4774e
streamkey,#hash_19dee4565af47901
streamkey,#hash_19dee5565af47ab4
streamkey,#hash_19dee6565af47c67
streamkey,#hash_19dee7565af47e1a
streamkey,#hash_19dee8565af47fcd
streamkey,#hash_19e24c565af75f90
streamkey,#hash_19e24d565af76143
streamkey,#hash_19e24e565af762f6
streamkey,#hash_19e24f565af764a9
streamkey,#hash_19e250565af7665c
streamkey,#hash_19e251565af7680f
streamkey,#hash_19e252565af769c2
streamkey,#hash_19e253565af76b75
streamkey,#hash_19e254565af76d28
streamkey,#hash_19e255565af76edb
streamkey,#hash_19e54f565af99a80
streamkey,#hash_19e550565af99c33
streamkey,#hash_19e551565af99de6
streamkey,#hash_19e552565af99f99
streamkey,#hash_19e553565af9a14c
streamkey,#hash_19e554565af9a2ff
streamkey,#hash_19e555565af9a4b2
streamkey,#hash_19e556565af9a665
streamkey,#hash_19e55b565af9aee4
streamkey,#hash_19e55c565af9b097
streamkey,#hash_19e8d2565afcaef0
streamkey,#hash_19e8d3565afcb0a3
streamkey,#hash_19e8d4565afcb256
streamkey,#hash_19e8d5565afcb409
streamkey,#hash_19e8d6565afcb5bc
streamkey,#hash_19e8d7565afcb76f
streamkey,#hash_19e8d8565afcb922
streamkey,#hash_19e8d9565afcbad5
streamkey,#hash_19e8e0565afcc6ba
streamkey,#hash_19e8e1565afcc86d
streamkey,#hash_19eb8b84d99b6350
streamkey,#hash_19eb8c84d99b6503
streamkey,#hash_19eb8d84d99b66b6
streamkey,#hash_19eb8e84d99b6869
streamkey,#hash_19eb8f84d99b6a1c
streamkey,#hash_19eb9084d99b6bcf
streamkey,#hash_19eb9184d99b6d82
streamkey,#hash_19eb9284d99b6f35
streamkey,#hash_19eb9784d99b77b4
streamkey,#hash_19eb9884d99b7967
streamkey,#hash_19ec57565affc6c6
streamkey,#hash_19ec58565affc879
streamkey,#hash_19ec5d565affd0f8
streamkey,#hash_19ec5e565affd2ab
streamkey,#hash_19ec5f565affd45e
streamkey,#hash_19ec60565affd611
streamkey,#hash_19ec61565affd7c4
streamkey,#hash_19ec62565affd977
streamkey,#hash_19ec63565affdb2a
streamkey,#hash_19ec64565affdcdd
streamkey,#hash_19ee8e84d99d9e40
streamkey,#hash_19ee8f84d99d9ff3
streamkey,#hash_19ee9084d99da1a6
streamkey,#hash_19ee9184d99da359
streamkey,#hash_19ee9284d99da50c
streamkey,#hash_19ee9384d99da6bf
streamkey,#hash_19ee9484d99da872
streamkey,#hash_19ee9584d99daa25
streamkey,#hash_19ee9c84d99db60a
streamkey,#hash_19ee9d84d99db7bd
streamkey,#hash_19efdc565b02de9c
streamkey,#hash_19efdd565b02e04f
streamkey,#hash_19efe0565b02e568
streamkey,#hash_19efe1565b02e71b
streamkey,#hash_19efe2565b02e8ce
streamkey,#hash_19efe3565b02ea81
streamkey,#hash_19efe4565b02ec34
streamkey,#hash_19efe5565b02ede7
streamkey,#hash_19efe6565b02ef9a
streamkey,#hash_19efe7565b02f14d
streamkey,#hash_1a0b4efb4af4663e
streamkey,#hash_1a0b4ffb4af467f1
streamkey,#hash_1a0b50fb4af469a4
streamkey,#hash_1a0b51fb4af46b57
streamkey,#hash_1a0ecafb4af76ec9
streamkey,#hash_1a0ecffb4af77748
streamkey,#hash_1a0ed0fb4af778fb
streamkey,#hash_1a0ed1fb4af77aae
streamkey,#hash_1a0ed2fb4af77c61
streamkey,#hash_1a0ed3fb4af77e14
streamkey,#hash_1a0ed4fb4af77fc7
streamkey,#hash_1a0ed5fb4af7817a
streamkey,#hash_1a0ed6fb4af7832d
streamkey,#hash_1c7eccab7d7b68a8
streamkey,#hash_1f4b927732c11aa0
streamkey,#hash_1f4b937732c11c53
streamkey,#hash_1f4b9a7732c12838
streamkey,#hash_1f4b9b7732c129eb
streamkey,#hash_1f4b9c7732c12b9e
streamkey,#hash_1f4b9d7732c12d51
streamkey,#hash_1f4b9e7732c12f04
streamkey,#hash_1f4b9f7732c130b7
streamkey,#hash_1f4ba07732c1326a
streamkey,#hash_1f4ba17732c1341d
streamkey,#hash_1f4f177732c43276
streamkey,#hash_1f4f187732c43429
streamkey,#hash_1f4f1d7732c43ca8
streamkey,#hash_1f4f1e7732c43e5b
streamkey,#hash_1f4f1f7732c4400e
streamkey,#hash_1f4f207732c441c1
streamkey,#hash_1f4f217732c44374
streamkey,#hash_1f4f227732c44527
streamkey,#hash_1f4f237732c446da
streamkey,#hash_1f4f247732c4488d
streamkey,#hash_1f521e7732c67432
streamkey,#hash_1f521f7732c675e5
streamkey,#hash_1f52207732c67798
streamkey,#hash_1f52217732c6794b
streamkey,#hash_1f52227732c67afe
streamkey,#hash_1f52237732c67cb1
streamkey,#hash_1f52247732c67e64
streamkey,#hash_1f52257732c68017
streamkey,#hash_1f52267732c681ca
streamkey,#hash_1f52277732c6837d
streamkey,#hash_1f558b7732c96340
streamkey,#hash_1f558c7732c964f3
streamkey,#hash_1f558d7732c966a6
streamkey,#hash_1f558e7732c96859
streamkey,#hash_1f558f7732c96a0c
streamkey,#hash_1f55907732c96bbf
streamkey,#hash_1f55917732c96d72
streamkey,#hash_1f55927732c96f25
streamkey,#hash_1f55937732c970d8
streamkey,#hash_1f55947732c9728b
streamkey,#hash_1f590e7732cc77b0
streamkey,#hash_1f590f7732cc7963
streamkey,#hash_1f59107732cc7b16
streamkey,#hash_1f59117732cc7cc9
streamkey,#hash_1f59127732cc7e7c
streamkey,#hash_1f59137732cc802f
streamkey,#hash_1f59147732cc81e2
streamkey,#hash_1f59157732cc8395
streamkey,#hash_1f591a7732cc8c14
streamkey,#hash_1f591b7732cc8dc7
streamkey,#hash_1f5c927732cf8dd3
streamkey,#hash_1f5c937732cf8f86
streamkey,#hash_1f5c947732cf9139
streamkey,#hash_1f5c957732cf92ec
streamkey,#hash_1f5c967732cf949f
streamkey,#hash_1f5c977732cf9652
streamkey,#hash_1f5c987732cf9805
streamkey,#hash_1f5c9f7732cfa3ea
streamkey,#hash_1f5ca07732cfa59d
streamkey,#hash_1f63237732d4efe4
streamkey,#hash_1f63247732d4f197
streamkey,#hash_1f63257732d4f34a
streamkey,#hash_1f63267732d4f4fd
streamkey,#hash_2068f44d894c2280
streamkey,#hash_2068f54d894c2433
streamkey,#hash_2068f64d894c25e6
streamkey,#hash_2068f74d894c2799
streamkey,#hash_2068f84d894c294c
streamkey,#hash_2068f94d894c2aff
streamkey,#hash_2068fa4d894c2cb2
streamkey,#hash_2068fb4d894c2e65
streamkey,#hash_2068fc4d894c3018
streamkey,#hash_2068fd4d894c31cb
streamkey,#hash_206c774d894f36f0
streamkey,#hash_206c784d894f38a3
streamkey,#hash_206c794d894f3a56
streamkey,#hash_206c7a4d894f3c09
streamkey,#hash_206c7b4d894f3dbc
streamkey,#hash_206c7c4d894f3f6f
streamkey,#hash_206c7d4d894f4122
streamkey,#hash_206c7e4d894f42d5
streamkey,#hash_206c814d894f47ee
streamkey,#hash_206c824d894f49a1
streamkey,#hash_206ffa4d89524b60
streamkey,#hash_206ffb4d89524d13
streamkey,#hash_206ffc4d89524ec6
streamkey,#hash_206ffd4d89525079
streamkey,#hash_206ffe4d8952522c
streamkey,#hash_206fff4d895253df
streamkey,#hash_2070004d89525592
streamkey,#hash_2070014d89525745
streamkey,#hash_2070084d8952632a
streamkey,#hash_2070094d895264dd
streamkey,#hash_20737d4d89555fd0
streamkey,#hash_20737e4d89556183
streamkey,#hash_2073854d89556d68
streamkey,#hash_2073864d89556f1b
streamkey,#hash_2073874d895570ce
streamkey,#hash_2073884d89557281
streamkey,#hash_2073894d89557434
streamkey,#hash_20738a4d895575e7
streamkey,#hash_20738b4d8955779a
streamkey,#hash_20738c4d8955794d
streamkey,#hash_2076844d8957a18c
streamkey,#hash_2076854d8957a33f
streamkey,#hash_2076884d8957a858
streamkey,#hash_2076894d8957aa0b
streamkey,#hash_20768a4d8957abbe
streamkey,#hash_20768b4d8957ad71
streamkey,#hash_20768c4d8957af24
streamkey,#hash_20768d4d8957b0d7
streamkey,#hash_20768e4d8957b28a
streamkey,#hash_20768f4d8957b43d
streamkey,#hash_207a094d895ab962
streamkey,#hash_207a0a4d895abb15
streamkey,#hash_207a0b4d895abcc8
streamkey,#hash_207a0c4d895abe7b
streamkey,#hash_207a0d4d895ac02e
streamkey,#hash_207a0e4d895ac1e1
streamkey,#hash_207a0f4d895ac394
streamkey,#hash_207a104d895ac547
streamkey,#hash_207a114d895ac6fa
streamkey,#hash_207a124d895ac8ad
streamkey,#hash_207d764d895da870
streamkey,#hash_207d774d895daa23
streamkey,#hash_207d784d895dabd6
streamkey,#hash_207d794d895dad89
streamkey,#hash_207d7a4d895daf3c
streamkey,#hash_207d7b4d895db0ef
streamkey,#hash_207d7c4d895db2a2
streamkey,#hash_207d7d4d895db455
streamkey,#hash_207d804d895db96e
streamkey,#hash_207d814d895dbb21
streamkey,#hash_2080f94d8960bce0
streamkey,#hash_2080fa4d8960be93
streamkey,#hash_2080fb4d8960c046
streamkey,#hash_2080fc4d8960c1f9
streamkey,#hash_2080fd4d8960c3ac
streamkey,#hash_2080fe4d8960c55f
streamkey,#hash_2080ff4d8960c712
streamkey,#hash_2081004d8960c8c5
streamkey,#hash_2081054d8960d144
streamkey,#hash_2081064d8960d2f7
streamkey,#hash_2091f84d896f2e60
streamkey,#hash_2091f94d896f3013
streamkey,#hash_2091fa4d896f31c6
streamkey,#hash_2091fb4d896f3379
streamkey,#hash_2091fc4d896f352c
streamkey,#hash_2091fd4d896f36df
streamkey,#hash_2091fe4d896f3892
streamkey,#hash_2091ff4d896f3a45
streamkey,#hash_2092044d896f42c4
streamkey,#hash_2092054d896f4477
streamkey,#hash_20957b4d897242d0
streamkey,#hash_20957c4d89724483
streamkey,#hash_20957d4d89724636
streamkey,#hash_20957e4d897247e9
streamkey,#hash_20957f4d8972499c
streamkey,#hash_2095804d89724b4f
streamkey,#hash_2095814d89724d02
streamkey,#hash_2095824d89724eb5
streamkey,#hash_2095894d89725a9a
streamkey,#hash_20958a4d89725c4d
streamkey,#hash_211c7a565ea713b0
streamkey,#hash_211c7b565ea71563
streamkey,#hash_211c7c565ea71716
streamkey,#hash_211c7d565ea718c9
streamkey,#hash_211c7e565ea71a7c
streamkey,#hash_211c7f565ea71c2f
streamkey,#hash_211c80565ea71de2
streamkey,#hash_211c81565ea71f95
streamkey,#hash_211c88565ea72b7a
streamkey,#hash_211c89565ea72d2d
streamkey,#hash_211ffd565eaa2820
streamkey,#hash_211ffe565eaa29d3
streamkey,#hash_212005565eaa35b8
streamkey,#hash_212006565eaa376b
streamkey,#hash_212007565eaa391e
streamkey,#hash_212008565eaa3ad1
streamkey,#hash_212009565eaa3c84
streamkey,#hash_21200a565eaa3e37
streamkey,#hash_21200b565eaa3fea
streamkey,#hash_21200c565eaa419d
streamkey,#hash_2130fc565eb899a0
streamkey,#hash_2130fd565eb89b53
streamkey,#hash_213104565eb8a738
streamkey,#hash_213105565eb8a8eb
streamkey,#hash_213106565eb8aa9e
streamkey,#hash_213107565eb8ac51
streamkey,#hash_213108565eb8ae04
streamkey,#hash_213109565eb8afb7
streamkey,#hash_21310a565eb8b16a
streamkey,#hash_21310b565eb8b31d
streamkey,#hash_213481565ebbb176
streamkey,#hash_213482565ebbb329
streamkey,#hash_213487565ebbbba8
streamkey,#hash_213488565ebbbd5b
streamkey,#hash_213489565ebbbf0e
streamkey,#hash_21348a565ebbc0c1
streamkey,#hash_21348b565ebbc274
streamkey,#hash_21348c565ebbc427
streamkey,#hash_21348d565ebbc5da
streamkey,#hash_21348e565ebbc78d
streamkey,#hash_213788565ebdf332
streamkey,#hash_213789565ebdf4e5
streamkey,#hash_21378a565ebdf698
streamkey,#hash_21378b565ebdf84b
streamkey,#hash_21378c565ebdf9fe
streamkey,#hash_21378d565ebdfbb1
streamkey,#hash_21378e565ebdfd64
streamkey,#hash_21378f565ebdff17
streamkey,#hash_213790565ebe00ca
streamkey,#hash_213791565ebe027d
streamkey,#hash_213af5565ec0e240
streamkey,#hash_213af6565ec0e3f3
streamkey,#hash_213af7565ec0e5a6
streamkey,#hash_213af8565ec0e759
streamkey,#hash_213af9565ec0e90c
streamkey,#hash_213afa565ec0eabf
streamkey,#hash_213afb565ec0ec72
streamkey,#hash_213afc565ec0ee25
streamkey,#hash_213afd565ec0efd8
streamkey,#hash_213afe565ec0f18b
streamkey,#hash_213e78565ec3f6b0
streamkey,#hash_213e79565ec3f863
streamkey,#hash_213e7a565ec3fa16
streamkey,#hash_213e7b565ec3fbc9
streamkey,#hash_213e7c565ec3fd7c
streamkey,#hash_213e7d565ec3ff2f
streamkey,#hash_213e7e565ec400e2
streamkey,#hash_213e7f565ec40295
streamkey,#hash_213e84565ec40b14
streamkey,#hash_213e85565ec40cc7
streamkey,#hash_2141fb565ec70b20
streamkey,#hash_2141fc565ec70cd3
streamkey,#hash_2141fd565ec70e86
streamkey,#hash_2141fe565ec71039
streamkey,#hash_2141ff565ec711ec
streamkey,#hash_214200565ec7139f
streamkey,#hash_214201565ec71552
streamkey,#hash_214202565ec71705
streamkey,#hash_214209565ec722ea
streamkey,#hash_21420a565ec7249d
streamkey,#hash_214580565eca22f6
streamkey,#hash_214581565eca24a9
streamkey,#hash_214586565eca2d28
streamkey,#hash_214587565eca2edb
streamkey,#hash_214588565eca308e
streamkey,#hash_214589565eca3241
streamkey,#hash_21458a565eca33f4
streamkey,#hash_21458b565eca35a7
streamkey,#hash_21458c565eca375a
streamkey,#hash_21458d565eca390d
streamkey,#hash_21468d5eeb9922b0
streamkey,#hash_21468e5eeb992463
streamkey,#hash_21468f5eeb992616
streamkey,#hash_2146905eeb9927c9
streamkey,#hash_2146915eeb99297c
streamkey,#hash_2146925eeb992b2f
streamkey,#hash_2146935eeb992ce2
streamkey,#hash_2146945eeb992e95
streamkey,#hash_2146955eeb993048
streamkey,#hash_2146965eeb9931fb
streamkey,#hash_214885565ecc614c
streamkey,#hash_214886565ecc62ff
streamkey,#hash_214889565ecc6818
streamkey,#hash_21488a565ecc69cb
streamkey,#hash_21488b565ecc6b7e
streamkey,#hash_21488c565ecc6d31
streamkey,#hash_21488d565ecc6ee4
streamkey,#hash_21488e565ecc7097
streamkey,#hash_21488f565ecc724a
streamkey,#hash_214890565ecc73fd
streamkey,#hash_214a105eeb9c3720
streamkey,#hash_214a115eeb9c38d3
streamkey,#hash_214a125eeb9c3a86
streamkey,#hash_214a135eeb9c3c39
streamkey,#hash_214a145eeb9c3dec
streamkey,#hash_214a155eeb9c3f9f
streamkey,#hash_214a165eeb9c4152
streamkey,#hash_214a175eeb9c4305
streamkey,#hash_214a1a5eeb9c481e
streamkey,#hash_214a1b5eeb9c49d1
streamkey,#hash_214d935eeb9f4b90
streamkey,#hash_214d945eeb9f4d43
streamkey,#hash_214d955eeb9f4ef6
streamkey,#hash_214d965eeb9f50a9
streamkey,#hash_214d975eeb9f525c
streamkey,#hash_214d985eeb9f540f
streamkey,#hash_214d995eeb9f55c2
streamkey,#hash_214d9a5eeb9f5775
streamkey,#hash_214da15eeb9f635a
streamkey,#hash_214da25eeb9f650d
streamkey,#hash_2150965eeba18680
streamkey,#hash_2150975eeba18833
streamkey,#hash_21509e5eeba19418
streamkey,#hash_21509f5eeba195cb
streamkey,#hash_2150a05eeba1977e
streamkey,#hash_2150a15eeba19931
streamkey,#hash_2150a25eeba19ae4
streamkey,#hash_2150a35eeba19c97
streamkey,#hash_2150a45eeba19e4a
streamkey,#hash_2150a55eeba19ffd
streamkey,#hash_21541d5eeba4a1bc
streamkey,#hash_21541e5eeba4a36f
streamkey,#hash_2154215eeba4a888
streamkey,#hash_2154225eeba4aa3b
streamkey,#hash_2154235eeba4abee
streamkey,#hash_2154245eeba4ada1
streamkey,#hash_2154255eeba4af54
streamkey,#hash_2154265eeba4b107
streamkey,#hash_2154275eeba4b2ba
streamkey,#hash_2154285eeba4b46d
streamkey,#hash_2157a25eeba7b992
streamkey,#hash_2157a35eeba7bb45
streamkey,#hash_2157a45eeba7bcf8
streamkey,#hash_2157a55eeba7beab
streamkey,#hash_2157a65eeba7c05e
streamkey,#hash_2157a75eeba7c211
streamkey,#hash_2157a85eeba7c3c4
streamkey,#hash_2157a95eeba7c577
streamkey,#hash_2157aa5eeba7c72a
streamkey,#hash_2157ab5eeba7c8dd
streamkey,#hash_215b0f5eebaaa8a0
streamkey,#hash_215b105eebaaaa53
streamkey,#hash_215b115eebaaac06
streamkey,#hash_215b125eebaaadb9
streamkey,#hash_215b135eebaaaf6c
streamkey,#hash_215b145eebaab11f
streamkey,#hash_215b155eebaab2d2
streamkey,#hash_215b165eebaab485
streamkey,#hash_215b195eebaab99e
streamkey,#hash_215b1a5eebaabb51
streamkey,#hash_215e925eebadbd10
streamkey,#hash_215e935eebadbec3
streamkey,#hash_215e945eebadc076
streamkey,#hash_215e955eebadc229
streamkey,#hash_215e965eebadc3dc
streamkey,#hash_215e975eebadc58f
streamkey,#hash_215e985eebadc742
streamkey,#hash_215e995eebadc8f5
streamkey,#hash_215e9e5eebadd174
streamkey,#hash_215e9f5eebadd327
streamkey,#hash_216f915eebbc2e90
streamkey,#hash_216f925eebbc3043
streamkey,#hash_216f935eebbc31f6
streamkey,#hash_216f945eebbc33a9
streamkey,#hash_216f955eebbc355c
streamkey,#hash_216f965eebbc370f
streamkey,#hash_216f975eebbc38c2
streamkey,#hash_216f985eebbc3a75
streamkey,#hash_216f9d5eebbc42f4
streamkey,#hash_216f9e5eebbc44a7
streamkey,#hash_2172945eebbe6980
streamkey,#hash_2172955eebbe6b33
streamkey,#hash_2172965eebbe6ce6
streamkey,#hash_2172975eebbe6e99
streamkey,#hash_2172985eebbe704c
streamkey,#hash_2172995eebbe71ff
streamkey,#hash_21729a5eebbe73b2
streamkey,#hash_21729b5eebbe7565
streamkey,#hash_2172a25eebbe814a
streamkey,#hash_2172a35eebbe82fd
streamkey,#hash_22009d67c0f96a0c
streamkey,#hash_22009e67c0f96bbf
streamkey,#hash_2200a167c0f970d8
streamkey,#hash_2200a267c0f9728b
streamkey,#hash_2200a367c0f9743e
streamkey,#hash_2200a467c0f975f1
streamkey,#hash_2200a567c0f977a4
streamkey,#hash_2200a667c0f97957
streamkey,#hash_2200a767c0f97b0a
streamkey,#hash_2200a867c0f97cbd
streamkey,#hash_22042267c0fc81e2
streamkey,#hash_22042367c0fc8395
streamkey,#hash_22042467c0fc8548
streamkey,#hash_22042567c0fc86fb
streamkey,#hash_22042667c0fc88ae
streamkey,#hash_22042767c0fc8a61
streamkey,#hash_22042867c0fc8c14
streamkey,#hash_22042967c0fc8dc7
streamkey,#hash_22042a67c0fc8f7a
streamkey,#hash_22042b67c0fc912d
streamkey,#hash_220e9567c10599d0
streamkey,#hash_220e9667c1059b83
streamkey,#hash_220e9d67c105a768
streamkey,#hash_220e9e67c105a91b
streamkey,#hash_220e9f67c105aace
streamkey,#hash_220ea067c105ac81
streamkey,#hash_220ea167c105ae34
streamkey,#hash_220ea267c105afe7
streamkey,#hash_22119a67c107d826
streamkey,#hash_22119b67c107d9d9
streamkey,#hash_2211a067c107e258
streamkey,#hash_2211a167c107e40b
streamkey,#hash_2211a267c107e5be
streamkey,#hash_2211a367c107e771
streamkey,#hash_2211a467c107e924
streamkey,#hash_2211a567c107ead7
streamkey,#hash_2211a667c107ec8a
streamkey,#hash_2211a767c107ee3d
streamkey,#hash_22152167c10af362
streamkey,#hash_22152267c10af515
streamkey,#hash_22152367c10af6c8
streamkey,#hash_22152467c10af87b
streamkey,#hash_22152567c10afa2e
streamkey,#hash_22152667c10afbe1
streamkey,#hash_22152767c10afd94
streamkey,#hash_22152867c10aff47
streamkey,#hash_22152967c10b00fa
streamkey,#hash_22152a67c10b02ad
streamkey,#hash_22188e67c10de270
streamkey,#hash_22188f67c10de423
streamkey,#hash_22189067c10de5d6
streamkey,#hash_22189167c10de789
streamkey,#hash_22189267c10de93c
streamkey,#hash_22189367c10deaef
streamkey,#hash_22189467c10deca2
streamkey,#hash_22189567c10dee55
streamkey,#hash_22189667c10df008
streamkey,#hash_22189767c10df1bb
streamkey,#hash_221c1167c110f6e0
streamkey,#hash_221c1267c110f893
streamkey,#hash_221c1367c110fa46
streamkey,#hash_221c1467c110fbf9
streamkey,#hash_221c1567c110fdac
streamkey,#hash_221c1667c110ff5f
streamkey,#hash_221c1767c1110112
streamkey,#hash_221c1867c11102c5
streamkey,#hash_221c1d67c1110b44
streamkey,#hash_221c1e67c1110cf7
streamkey,#hash_221f9467c1140b50
streamkey,#hash_221f9567c1140d03
streamkey,#hash_221f9667c1140eb6
streamkey,#hash_221f9767c1141069
streamkey,#hash_221f9867c114121c
streamkey,#hash_221f9967c11413cf
streamkey,#hash_221f9a67c1141582
streamkey,#hash_221f9b67c1141735
streamkey,#hash_221fa267c114231a
streamkey,#hash_221fa367c11424cd
streamkey,#hash_22229967c11649a6
streamkey,#hash_22229a67c1164b59
streamkey,#hash_22229f67c11653d8
streamkey,#hash_2222a067c116558b
streamkey,#hash_2222a167c116573e
streamkey,#hash_2222a267c11658f1
streamkey,#hash_2222a367c1165aa4
streamkey,#hash_2222a467c1165c57
streamkey,#hash_2222a567c1165e0a
streamkey,#hash_2222a667c1165fbd
streamkey,#hash_22261e67c119617c
streamkey,#hash_22261f67c119632f
streamkey,#hash_22262267c1196848
streamkey,#hash_22262367c11969fb
streamkey,#hash_22262467c1196bae
streamkey,#hash_22262567c1196d61
streamkey,#hash_22262667c1196f14
streamkey,#hash_22262767c11970c7
streamkey,#hash_22262867c119727a
streamkey,#hash_22262967c119742d
streamkey,#hash_29751d4d8e881330
streamkey,#hash_29751e4d8e8814e3
streamkey,#hash_29751f4d8e881696
streamkey,#hash_2975204d8e881849
streamkey,#hash_2975214d8e8819fc
streamkey,#hash_2975224d8e881baf
streamkey,#hash_2975234d8e881d62
streamkey,#hash_2975244d8e881f15
streamkey,#hash_2975254d8e8820c8
streamkey,#hash_2975264d8e88227b
streamkey,#hash_2978a04d8e8b27a0
streamkey,#hash_2978a14d8e8b2953
streamkey,#hash_2978a24d8e8b2b06
streamkey,#hash_2978a34d8e8b2cb9
streamkey,#hash_2978a44d8e8b2e6c
streamkey,#hash_2978a54d8e8b301f
streamkey,#hash_2978a64d8e8b31d2
streamkey,#hash_2978a74d8e8b3385
streamkey,#hash_2978aa4d8e8b389e
streamkey,#hash_2978ab4d8e8b3a51
streamkey,#hash_297c234d8e8e3c10
streamkey,#hash_297c244d8e8e3dc3
streamkey,#hash_297c254d8e8e3f76
streamkey,#hash_297c264d8e8e4129
streamkey,#hash_297c274d8e8e42dc
streamkey,#hash_297c284d8e8e448f
streamkey,#hash_297c294d8e8e4642
streamkey,#hash_297c2a4d8e8e47f5
streamkey,#hash_297c314d8e8e53da
streamkey,#hash_297c324d8e8e558d
streamkey,#hash_297f264d8e907700
streamkey,#hash_297f274d8e9078b3
streamkey,#hash_297f2e4d8e908498
streamkey,#hash_297f2f4d8e90864b
streamkey,#hash_297f304d8e9087fe
streamkey,#hash_297f314d8e9089b1
streamkey,#hash_297f324d8e908b64
streamkey,#hash_297f334d8e908d17
streamkey,#hash_297f344d8e908eca
streamkey,#hash_297f354d8e90907d
streamkey,#hash_2982ad4d8e93923c
streamkey,#hash_2982ae4d8e9393ef
streamkey,#hash_2982b14d8e939908
streamkey,#hash_2982b24d8e939abb
streamkey,#hash_2982b34d8e939c6e
streamkey,#hash_2982b44d8e939e21
streamkey,#hash_2982b54d8e939fd4
streamkey,#hash_2982b64d8e93a187
streamkey,#hash_2982b74d8e93a33a
streamkey,#hash_2982b84d8e93a4ed
streamkey,#hash_2986324d8e96aa12
streamkey,#hash_2986334d8e96abc5
streamkey,#hash_2986344d8e96ad78
streamkey,#hash_2986354d8e96af2b
streamkey,#hash_2986364d8e96b0de
streamkey,#hash_2986374d8e96b291
streamkey,#hash_2986384d8e96b444
streamkey,#hash_2986394d8e96b5f7
streamkey,#hash_29863a4d8e96b7aa
streamkey,#hash_29863b4d8e96b95d
streamkey,#hash_29899f4d8e999920
streamkey,#hash_2989a04d8e999ad3
streamkey,#hash_2989a14d8e999c86
streamkey,#hash_2989a24d8e999e39
streamkey,#hash_2989a34d8e999fec
streamkey,#hash_2989a44d8e99a19f
streamkey,#hash_2989a54d8e99a352
streamkey,#hash_2989a64d8e99a505
streamkey,#hash_2989a94d8e99aa1e
streamkey,#hash_2989aa4d8e99abd1
streamkey,#hash_298d224d8e9cad90
streamkey,#hash_298d234d8e9caf43
streamkey,#hash_298d244d8e9cb0f6
streamkey,#hash_298d254d8e9cb2a9
streamkey,#hash_298d264d8e9cb45c
streamkey,#hash_298d274d8e9cb60f
streamkey,#hash_298d284d8e9cb7c2
streamkey,#hash_298d294d8e9cb975
streamkey,#hash_298d2e4d8e9cc1f4
streamkey,#hash_298d2f4d8e9cc3a7
streamkey,#hash_29a4a94d8eb071d6
streamkey,#hash_29a4aa4d8eb07389
streamkey,#hash_29a4af4d8eb07c08
streamkey,#hash_29a4b04d8eb07dbb
streamkey,#hash_29a4b14d8eb07f6e
streamkey,#hash_29a4b24d8eb08121
streamkey,#hash_29a4b34d8eb082d4
streamkey,#hash_29a4b44d8eb08487
streamkey,#hash_29a4b54d8eb0863a
streamkey,#hash_29a4b64d8eb087ed
streamkey,#hash_29a82e4d8eb389ac
streamkey,#hash_29a82f4d8eb38b5f
streamkey,#hash_29a8324d8eb39078
streamkey,#hash_29a8334d8eb3922b
streamkey,#hash_29a8344d8eb393de
streamkey,#hash_29a8354d8eb39591
streamkey,#hash_29a8364d8eb39744
streamkey,#hash_29a8374d8eb398f7
streamkey,#hash_29a8384d8eb39aaa
streamkey,#hash_29a8394d8eb39c5d
streamkey,#hash_2a361f5663ee6170
streamkey,#hash_2a36205663ee6323
streamkey,#hash_2a36215663ee64d6
streamkey,#hash_2a36225663ee6689
streamkey,#hash_2a36235663ee683c
streamkey,#hash_2a36245663ee69ef
streamkey,#hash_2a36255663ee6ba2
streamkey,#hash_2a36265663ee6d55
streamkey,#hash_2a36295663ee726e
streamkey,#hash_2a362a5663ee7421
streamkey,#hash_2a39a25663f175e0
streamkey,#hash_2a39a35663f17793
streamkey,#hash_2a39a45663f17946
streamkey,#hash_2a39a55663f17af9
streamkey,#hash_2a39a65663f17cac
streamkey,#hash_2a39a75663f17e5f
streamkey,#hash_2a39a85663f18012
streamkey,#hash_2a39a95663f181c5
streamkey,#hash_2a39ae5663f18a44
streamkey,#hash_2a39af5663f18bf7
streamkey,#hash_2a3d255663f48a50
streamkey,#hash_2a3d265663f48c03
streamkey,#hash_2a3d2d5663f497e8
streamkey,#hash_2a3d2e5663f4999b
streamkey,#hash_2a3d2f5663f49b4e
streamkey,#hash_2a3d305663f49d01
streamkey,#hash_2a3d315663f49eb4
streamkey,#hash_2a3d325663f4a067
streamkey,#hash_2a3d335663f4a21a
streamkey,#hash_2a3d345663f4a3cd
streamkey,#hash_2a402a5663f6c8a6
streamkey,#hash_2a402b5663f6ca59
streamkey,#hash_2a40305663f6d2d8
streamkey,#hash_2a40315663f6d48b
streamkey,#hash_2a40325663f6d63e
streamkey,#hash_2a40335663f6d7f1
streamkey,#hash_2a40345663f6d9a4
streamkey,#hash_2a40355663f6db57
streamkey,#hash_2a40365663f6dd0a
streamkey,#hash_2a40375663f6debd
streamkey,#hash_2a43b15663f9e3e2
streamkey,#hash_2a43b25663f9e595
streamkey,#hash_2a43b35663f9e748
streamkey,#hash_2a43b45663f9e8fb
streamkey,#hash_2a43b55663f9eaae
streamkey,#hash_2a43b65663f9ec61
streamkey,#hash_2a43b75663f9ee14
streamkey,#hash_2a43b85663f9efc7
streamkey,#hash_2a43b95663f9f17a
streamkey,#hash_2a43ba5663f9f32d
streamkey,#hash_2a471e5663fcd2f0
streamkey,#hash_2a471f5663fcd4a3
streamkey,#hash_2a47205663fcd656
streamkey,#hash_2a47215663fcd809
streamkey,#hash_2a47225663fcd9bc
streamkey,#hash_2a47235663fcdb6f
streamkey,#hash_2a47245663fcdd22
streamkey,#hash_2a47255663fcded5
streamkey,#hash_2a47265663fce088
streamkey,#hash_2a47275663fce23b
streamkey,#hash_2a4aa15663ffe760
streamkey,#hash_2a4aa25663ffe913
streamkey,#hash_2a4aa35663ffeac6
streamkey,#hash_2a4aa45663ffec79
streamkey,#hash_2a4aa55663ffee2c
streamkey,#hash_2a4aa65663ffefdf
streamkey,#hash_2a4aa75663fff192
streamkey,#hash_2a4aa85663fff345
streamkey,#hash_2a4aad5663fffbc4
streamkey,#hash_2a4aae5663fffd77
streamkey,#hash_2a4e24566402fbd0
streamkey,#hash_2a4e25566402fd83
streamkey,#hash_2a4e26566402ff36
streamkey,#hash_2a4e2756640300e9
streamkey,#hash_2a4e28566403029c
streamkey,#hash_2a4e29566403044f
streamkey,#hash_2a4e2a5664030602
streamkey,#hash_2a4e2b56640307b5
streamkey,#hash_2a4e32566403139a
streamkey,#hash_2a4e33566403154d
streamkey,#hash_2a51295664053a26
streamkey,#hash_2a512a5664053bd9
streamkey,#hash_2a512f5664054458
streamkey,#hash_2a5130566405460b
streamkey,#hash_2a513156640547be
streamkey,#hash_2a51325664054971
streamkey,#hash_2a51335664054b24
streamkey,#hash_2a51345664054cd7
streamkey,#hash_2a51355664054e8a
streamkey,#hash_2a5136566405503d
streamkey,#hash_2a54ae56640851fc
streamkey,#hash_2a54af56640853af
streamkey,#hash_2a54b256640858c8
streamkey,#hash_2a54b35664085a7b
streamkey,#hash_2a54b45664085c2e
streamkey,#hash_2a54b55664085de1
streamkey,#hash_2a54b65664085f94
streamkey,#hash_2a54b75664086147
streamkey,#hash_2a54b856640862fa
streamkey,#hash_2a54b956640864ad
streamkey,#hash_2b13b867c63b61a0
streamkey,#hash_2b13b967c63b6353
streamkey,#hash_2b13ba67c63b6506
streamkey,#hash_2b13bb67c63b66b9
streamkey,#hash_2b13bc67c63b686c
streamkey,#hash_2b13bd67c63b6a1f
streamkey,#hash_2b13be67c63b6bd2
streamkey,#hash_2b13bf67c63b6d85
streamkey,#hash_2b13c267c63b729e
streamkey,#hash_2b13c367c63b7451
streamkey,#hash_2b173b67c63e7610
streamkey,#hash_2b173c67c63e77c3
streamkey,#hash_2b173d67c63e7976
streamkey,#hash_2b173e67c63e7b29
streamkey,#hash_2b173f67c63e7cdc
streamkey,#hash_2b174067c63e7e8f
streamkey,#hash_2b174767c63e8a74
streamkey,#hash_2b174867c63e8c27
streamkey,#hash_2b1a3e67c640b100
streamkey,#hash_2b1a3f67c640b2b3
streamkey,#hash_2b1a4667c640be98
streamkey,#hash_2b1a4767c640c04b
streamkey,#hash_2b1a4867c640c1fe
streamkey,#hash_2b1a4967c640c3b1
streamkey,#hash_2b1a4a67c640c564
streamkey,#hash_2b1a4b67c640c717
streamkey,#hash_2b1a4c67c640c8ca
streamkey,#hash_2b1a4d67c640ca7d
streamkey,#hash_2b1dc367c643c8d6
streamkey,#hash_2b1dc467c643ca89
streamkey,#hash_2b1dc967c643d308
streamkey,#hash_2b1dca67c643d4bb
streamkey,#hash_2b1dcb67c643d66e
streamkey,#hash_2b1dcc67c643d821
streamkey,#hash_2b1dcd67c643d9d4
streamkey,#hash_2b1dce67c643db87
streamkey,#hash_2b1dcf67c643dd3a
streamkey,#hash_2b1dd067c643deed
streamkey,#hash_2b214a67c646e412
streamkey,#hash_2b214b67c646e5c5
streamkey,#hash_2b214c67c646e778
streamkey,#hash_2b214d67c646e92b
streamkey,#hash_2b214e67c646eade
streamkey,#hash_2b214f67c646ec91
streamkey,#hash_2b215067c646ee44
streamkey,#hash_2b215167c646eff7
streamkey,#hash_2b215267c646f1aa
streamkey,#hash_2b215367c646f35d
streamkey,#hash_2b24b767c649d320
streamkey,#hash_2b24b867c649d4d3
streamkey,#hash_2b24b967c649d686
streamkey,#hash_2b24ba67c649d839
streamkey,#hash_2b24bb67c649d9ec
streamkey,#hash_2b24bc67c649db9f
streamkey,#hash_2b24bd67c649dd52
streamkey,#hash_2b24be67c649df05
streamkey,#hash_2b24bf67c649e0b8
streamkey,#hash_2b24c067c649e26b
streamkey,#hash_2b283a67c64ce790
streamkey,#hash_2b283b67c64ce943
streamkey,#hash_2b283c67c64ceaf6
streamkey,#hash_2b283d67c64ceca9
streamkey,#hash_2b283e67c64cee5c
streamkey,#hash_2b283f67c64cf00f
streamkey,#hash_2b284067c64cf1c2
streamkey,#hash_2b284167c64cf375
streamkey,#hash_2b284667c64cfbf4
streamkey,#hash_2b284767c64cfda7
streamkey,#hash_2b2b3d67c64f2280
streamkey,#hash_2b2b3e67c64f2433
streamkey,#hash_2b2b3f67c64f25e6
streamkey,#hash_2b2b4067c64f2799
streamkey,#hash_2b2b4167c64f294c
streamkey,#hash_2b2b4267c64f2aff
streamkey,#hash_2b2b4367c64f2cb2
streamkey,#hash_2b2b4b67c64f3a4a
streamkey,#hash_2b2b4c67c64f3bfd
streamkey,#hash_2b2ec867c6524488
streamkey,#hash_2b2ec967c652463b
streamkey,#hash_2b2eca67c65247ee
streamkey,#hash_2b2ecb67c65249a1
streamkey,#hash_2b2ecc67c6524b54
streamkey,#hash_2b2ecd67c6524d07
streamkey,#hash_2b2ece67c6524eba
streamkey,#hash_2b2ecf67c652506d
streamkey,#hash_2b324767c655522c
streamkey,#hash_2b324867c65553df
streamkey,#hash_2b324b67c65558f8
streamkey,#hash_2b324c67c6555aab
streamkey,#hash_2b324d67c6555c5e
streamkey,#hash_2b324e67c6555e11
streamkey,#hash_2b324f67c6555fc4
streamkey,#hash_2b325067c6556177
streamkey,#hash_2b325167c655632a
streamkey,#hash_2b325267c65564dd
streamkey,#hash_2c85e170e1a336d7
streamkey,#hash_2c905970e1ac5744
streamkey,#hash_2c96e170e1b1aa0a
streamkey,#hash_2c9a4d70e1b49765
streamkey,#hash_2c9dc970e1b79ff0
streamkey,#hash_2c9dca70e1b7a1a3
streamkey,#hash_2c9dcd70e1b7a6bc
streamkey,#hash_2c9dce70e1b7a86f
streamkey,#hash_2c9dcf70e1b7aa22
streamkey,#hash_2c9dd070e1b7abd5
streamkey,#hash_2c9dd570e1b7b454
streamkey,#hash_2c9dd670e1b7b607
streamkey,#hash_2ca14c70e1bab460
streamkey,#hash_2ca14d70e1bab613
streamkey,#hash_2ca14e70e1bab7c6
streamkey,#hash_2ca14f70e1bab979
streamkey,#hash_2ca15070e1babb2c
streamkey,#hash_2ca15170e1babcdf
streamkey,#hash_2ca15270e1babe92
streamkey,#hash_2ca15370e1bac045
streamkey,#hash_2ca15a70e1bacc2a
streamkey,#hash_2ca15b70e1bacddd
streamkey,#hash_2ca4d170e1bdcc36
streamkey,#hash_2ca4d970e1bdd9ce
streamkey,#hash_2ca4da70e1bddb81
streamkey,#hash_2ca4db70e1bddd34
streamkey,#hash_2ca4dc70e1bddee7
streamkey,#hash_2ca4dd70e1bde09a
streamkey,#hash_2ca4de70e1bde24d
streamkey,#hash_3287cc4d93c95340
streamkey,#hash_3287cd4d93c954f3
streamkey,#hash_3287ce4d93c956a6
streamkey,#hash_3287cf4d93c95859
streamkey,#hash_3287d04d93c95a0c
streamkey,#hash_3287d14d93c95bbf
streamkey,#hash_3287d24d93c95d72
streamkey,#hash_3287d34d93c95f25
streamkey,#hash_3287da4d93c96b0a
streamkey,#hash_3287db4d93c96cbd
streamkey,#hash_328b4f4d93cc67b0
streamkey,#hash_328b504d93cc6963
streamkey,#hash_328b574d93cc7548
streamkey,#hash_328b584d93cc76fb
streamkey,#hash_328b594d93cc78ae
streamkey,#hash_328b5a4d93cc7a61
streamkey,#hash_328b5b4d93cc7c14
streamkey,#hash_328b5c4d93cc7dc7
streamkey,#hash_328b5d4d93cc7f7a
streamkey,#hash_328b5e4d93cc812d
streamkey,#hash_329c4e4d93dad930
streamkey,#hash_329c4f4d93dadae3
streamkey,#hash_329c564d93dae6c8
streamkey,#hash_329c574d93dae87b
streamkey,#hash_329c584d93daea2e
streamkey,#hash_329c594d93daebe1
streamkey,#hash_329c5a4d93daed94
streamkey,#hash_329c5b4d93daef47
streamkey,#hash_329c5c4d93daf0fa
streamkey,#hash_329c5d4d93daf2ad
streamkey,#hash_329fd34d93ddf106
streamkey,#hash_329fd44d93ddf2b9
streamkey,#hash_329fd94d93ddfb38
streamkey,#hash_329fda4d93ddfceb
streamkey,#hash_329fdb4d93ddfe9e
streamkey,#hash_329fdc4d93de0051
streamkey,#hash_329fdd4d93de0204
streamkey,#hash_329fde4d93de03b7
streamkey,#hash_329fdf4d93de056a
streamkey,#hash_329fe04d93de071d
streamkey,#hash_32a35a4d93e10c42
streamkey,#hash_32a35b4d93e10df5
streamkey,#hash_32a35c4d93e10fa8
streamkey,#hash_32a35d4d93e1115b
streamkey,#hash_32a35e4d93e1130e
streamkey,#hash_32a35f4d93e114c1
streamkey,#hash_32a3604d93e11674
streamkey,#hash_32a3614d93e11827
streamkey,#hash_32a3624d93e119da
streamkey,#hash_32a3634d93e11b8d
streamkey,#hash_32a6c74d93e3fb50
streamkey,#hash_32a6c84d93e3fd03
streamkey,#hash_32a6c94d93e3feb6
streamkey,#hash_32a6ca4d93e40069
streamkey,#hash_32a6cb4d93e4021c
streamkey,#hash_32a6cc4d93e403cf
streamkey,#hash_32a6cd4d93e40582
streamkey,#hash_32a6ce4d93e40735
streamkey,#hash_32a6cf4d93e408e8
streamkey,#hash_32a6d04d93e40a9b
streamkey,#hash_32a9ca4d93e63640
streamkey,#hash_32a9cb4d93e637f3
streamkey,#hash_32a9cc4d93e639a6
streamkey,#hash_32a9cd4d93e63b59
streamkey,#hash_32a9ce4d93e63d0c
streamkey,#hash_32a9cf4d93e63ebf
streamkey,#hash_32a9d04d93e64072
streamkey,#hash_32a9d14d93e64225
streamkey,#hash_32a9d64d93e64aa4
streamkey,#hash_32a9d74d93e64c57
streamkey,#hash_32ad4d4d93e94ab0
streamkey,#hash_32ad4e4d93e94c63
streamkey,#hash_32ad4f4d93e94e16
streamkey,#hash_32ad504d93e94fc9
streamkey,#hash_32ad514d93e9517c
streamkey,#hash_32ad524d93e9532f
streamkey,#hash_32ad534d93e954e2
streamkey,#hash_32ad544d93e95695
streamkey,#hash_32ad5b4d93e9627a
streamkey,#hash_32ad5c4d93e9642d
streamkey,#hash_32b0d24d93ec6286
streamkey,#hash_32b0d34d93ec6439
streamkey,#hash_32b0d84d93ec6cb8
streamkey,#hash_32b0d94d93ec6e6b
streamkey,#hash_32b0da4d93ec701e
streamkey,#hash_32b0db4d93ec71d1
streamkey,#hash_32b0dc4d93ec7384
streamkey,#hash_32b0dd4d93ec7537
streamkey,#hash_32b0de4d93ec76ea
streamkey,#hash_32b0df4d93ec789d
streamkey,#hash_32b4574d93ef7a5c
streamkey,#hash_32b4584d93ef7c0f
streamkey,#hash_32b45b4d93ef8128
streamkey,#hash_32b45c4d93ef82db
streamkey,#hash_32b45d4d93ef848e
streamkey,#hash_32b45e4d93ef8641
streamkey,#hash_32b45f4d93ef87f4
streamkey,#hash_32b4604d93ef89a7
streamkey,#hash_32b4614d93ef8b5a
streamkey,#hash_32b4624d93ef8d0d
streamkey,#hash_32f7465668ea6340
streamkey,#hash_32f7475668ea64f3
streamkey,#hash_32f7485668ea66a6
streamkey,#hash_32f7495668ea6859
streamkey,#hash_32f74a5668ea6a0c
streamkey,#hash_32f74b5668ea6bbf
streamkey,#hash_32f74c5668ea6d72
streamkey,#hash_32f74d5668ea6f25
streamkey,#hash_32f74e5668ea70d8
streamkey,#hash_32f74f5668ea728b
streamkey,#hash_32fac95668ed77b0
streamkey,#hash_32faca5668ed7963
streamkey,#hash_32facb5668ed7b16
streamkey,#hash_32facc5668ed7cc9
streamkey,#hash_32facd5668ed7e7c
streamkey,#hash_32face5668ed802f
streamkey,#hash_32facf5668ed81e2
streamkey,#hash_32fad05668ed8395
streamkey,#hash_32fad35668ed88ae
streamkey,#hash_32fad45668ed8a61
streamkey,#hash_32fe4c5668f08c20
streamkey,#hash_32fe4d5668f08dd3
streamkey,#hash_32fe4e5668f08f86
streamkey,#hash_32fe4f5668f09139
streamkey,#hash_32fe505668f092ec
streamkey,#hash_32fe515668f0949f
streamkey,#hash_32fe525668f09652
streamkey,#hash_32fe535668f09805
streamkey,#hash_32fe5a5668f0a3ea
streamkey,#hash_32fe5b5668f0a59d
streamkey,#hash_3301cf5668f3a090
streamkey,#hash_3301d05668f3a243
streamkey,#hash_3301d75668f3ae28
streamkey,#hash_3301d85668f3afdb
streamkey,#hash_3301d95668f3b18e
streamkey,#hash_3301da5668f3b341
streamkey,#hash_3301db5668f3b4f4
streamkey,#hash_3301dc5668f3b6a7
streamkey,#hash_3301dd5668f3b85a
streamkey,#hash_3301de5668f3ba0d
streamkey,#hash_3304d65668f5e24c
streamkey,#hash_3304d75668f5e3ff
streamkey,#hash_3304da5668f5e918
streamkey,#hash_3304db5668f5eacb
streamkey,#hash_3304dc5668f5ec7e
streamkey,#hash_3304dd5668f5ee31
streamkey,#hash_3304de5668f5efe4
streamkey,#hash_3304df5668f5f197
streamkey,#hash_3304e05668f5f34a
streamkey,#hash_3304e15668f5f4fd
streamkey,#hash_33085b5668f8fa22
streamkey,#hash_33085c5668f8fbd5
streamkey,#hash_33085d5668f8fd88
streamkey,#hash_33085e5668f8ff3b
streamkey,#hash_33085f5668f900ee
streamkey,#hash_3308605668f902a1
streamkey,#hash_3308615668f90454
streamkey,#hash_3308625668f90607
streamkey,#hash_3308635668f907ba
streamkey,#hash_3308645668f9096d
streamkey,#hash_330bc85668fbe930
streamkey,#hash_330bc95668fbeae3
streamkey,#hash_330bca5668fbec96
streamkey,#hash_330bcb5668fbee49
streamkey,#hash_330bcc5668fbeffc
streamkey,#hash_330bcd5668fbf1af
streamkey,#hash_330bce5668fbf362
streamkey,#hash_330bcf5668fbf515
streamkey,#hash_330bd25668fbfa2e
streamkey,#hash_330bd35668fbfbe1
streamkey,#hash_330f4b5668fefda0
streamkey,#hash_330f4c5668feff53
streamkey,#hash_330f4d5668ff0106
streamkey,#hash_330f4e5668ff02b9
streamkey,#hash_330f4f5668ff046c
streamkey,#hash_330f505668ff061f
streamkey,#hash_330f515668ff07d2
streamkey,#hash_330f525668ff0985
streamkey,#hash_330f575668ff1204
streamkey,#hash_330f585668ff13b7
streamkey,#hash_3312ce5669021210
streamkey,#hash_3312cf56690213c3
streamkey,#hash_3312d65669021fa8
streamkey,#hash_3312d7566902215b
streamkey,#hash_3312d8566902230e
streamkey,#hash_3312d956690224c1
streamkey,#hash_3312da5669022674
streamkey,#hash_3312db5669022827
streamkey,#hash_3312dc56690229da
streamkey,#hash_3312dd5669022b8d
streamkey,#hash_3315d35669045066
streamkey,#hash_3315d45669045219
streamkey,#hash_3315d95669045a98
streamkey,#hash_3315da5669045c4b
streamkey,#hash_3315db5669045dfe
streamkey,#hash_3315dc5669045fb1
streamkey,#hash_3315dd5669046164
streamkey,#hash_3315de5669046317
streamkey,#hash_3315df56690464ca
streamkey,#hash_3315e0566904667d
streamkey,#hash_33d4df67cb376370
streamkey,#hash_33d4e067cb376523
streamkey,#hash_33d4e167cb3766d6
streamkey,#hash_33d4e267cb376889
streamkey,#hash_33d4e367cb376a3c
streamkey,#hash_33d4e467cb376bef
streamkey,#hash_33d4e567cb376da2
streamkey,#hash_33d4e667cb376f55
streamkey,#hash_33d4e767cb377108
streamkey,#hash_33d4e867cb3772bb
streamkey,#hash_33d86267cb3a77e0
streamkey,#hash_33d86367cb3a7993
streamkey,#hash_33d86467cb3a7b46
streamkey,#hash_33d86567cb3a7cf9
streamkey,#hash_33d86667cb3a7eac
streamkey,#hash_33d86767cb3a805f
streamkey,#hash_33d86867cb3a8212
streamkey,#hash_33d86967cb3a83c5
streamkey,#hash_33d86d67cb3a8a91
streamkey,#hash_33dbe567cb3d8c50
streamkey,#hash_33dbe667cb3d8e03
streamkey,#hash_33dbe767cb3d8fb6
streamkey,#hash_33dbe867cb3d9169
streamkey,#hash_33dbe967cb3d931c
streamkey,#hash_33dbea67cb3d94cf
streamkey,#hash_33dbeb67cb3d9682
streamkey,#hash_33dbec67cb3d9835
streamkey,#hash_33dbf367cb3da41a
streamkey,#hash_33dbf467cb3da5cd
streamkey,#hash_33dee867cb3fc740
streamkey,#hash_33dee967cb3fc8f3
streamkey,#hash_33def067cb3fd4d8
streamkey,#hash_33def167cb3fd68b
streamkey,#hash_33def267cb3fd83e
streamkey,#hash_33def367cb3fd9f1
streamkey,#hash_33def467cb3fdba4
streamkey,#hash_33def567cb3fdd57
streamkey,#hash_33def667cb3fdf0a
streamkey,#hash_33def767cb3fe0bd
streamkey,#hash_33e26f67cb42e27c
streamkey,#hash_33e27067cb42e42f
streamkey,#hash_33e27367cb42e948
streamkey,#hash_33e27467cb42eafb
streamkey,#hash_33e27567cb42ecae
streamkey,#hash_33e27667cb42ee61
streamkey,#hash_33e27767cb42f014
streamkey,#hash_33e27867cb42f1c7
streamkey,#hash_33e27967cb42f37a
streamkey,#hash_33e27a67cb42f52d
streamkey,#hash_33e5f467cb45fa52
streamkey,#hash_33e5f567cb45fc05
streamkey,#hash_33e5f667cb45fdb8
streamkey,#hash_33e5f767cb45ff6b
streamkey,#hash_33e5f867cb46011e
streamkey,#hash_33e5f967cb4602d1
streamkey,#hash_33e5fa67cb460484
streamkey,#hash_33e5fb67cb460637
streamkey,#hash_33e5fc67cb4607ea
streamkey,#hash_33e5fd67cb46099d
streamkey,#hash_33e96167cb48e960
streamkey,#hash_33e96267cb48eb13
streamkey,#hash_33e96367cb48ecc6
streamkey,#hash_33e96467cb48ee79
streamkey,#hash_33e96567cb48f02c
streamkey,#hash_33e96667cb48f1df
streamkey,#hash_33e96767cb48f392
streamkey,#hash_33e96867cb48f545
streamkey,#hash_33e96b67cb48fa5e
streamkey,#hash_33e96c67cb48fc11
streamkey,#hash_33ece467cb4bfdd0
streamkey,#hash_33ece567cb4bff83
streamkey,#hash_33ece667cb4c0136
streamkey,#hash_33ece767cb4c02e9
streamkey,#hash_33ece867cb4c049c
streamkey,#hash_33ece967cb4c064f
streamkey,#hash_33ecea67cb4c0802
streamkey,#hash_33eceb67cb4c09b5
streamkey,#hash_33ecf067cb4c1234
streamkey,#hash_33ecf167cb4c13e7
streamkey,#hash_33f6f367cb546bd2
streamkey,#hash_33f6f467cb546d85
streamkey,#hash_33f6f567cb546f38
streamkey,#hash_33f6f667cb5470eb
streamkey,#hash_33f6f767cb54729e
streamkey,#hash_33f6f867cb547451
streamkey,#hash_33f6f967cb547604
streamkey,#hash_33f6fa67cb5477b7
streamkey,#hash_33f6fb67cb54796a
streamkey,#hash_33f6fc67cb547b1d
streamkey,#hash_33fa6067cb575ae0
streamkey,#hash_33fa6167cb575c93
streamkey,#hash_33fa6267cb575e46
streamkey,#hash_33fa6367cb575ff9
streamkey,#hash_33fa6467cb5761ac
streamkey,#hash_33fa6567cb57635f
streamkey,#hash_33fa6667cb576512
streamkey,#hash_33fa6767cb5766c5
streamkey,#hash_33fa6867cb576878
streamkey,#hash_33fa6967cb576a2b
streamkey,#hash_35957070e6e20ab0
streamkey,#hash_35957170e6e20c63
streamkey,#hash_35957470e6e2117c
streamkey,#hash_35957570e6e2132f
streamkey,#hash_35957670e6e214e2
streamkey,#hash_35957770e6e21695
streamkey,#hash_35957a70e6e21bae
streamkey,#hash_35957b70e6e21d61
streamkey,#hash_3598f370e6e51f20
streamkey,#hash_3598f470e6e520d3
streamkey,#hash_3598f570e6e52286
streamkey,#hash_3598f670e6e52439
streamkey,#hash_3598f770e6e525ec
streamkey,#hash_3598f870e6e5279f
streamkey,#hash_3598f970e6e52952
streamkey,#hash_3598fa70e6e52b05
streamkey,#hash_3598ff70e6e53384
streamkey,#hash_35990070e6e53537
streamkey,#hash_359c7670e6e83390
streamkey,#hash_359c7770e6e83543
streamkey,#hash_359c7e70e6e84128
streamkey,#hash_359c7f70e6e842db
streamkey,#hash_359c8070e6e8448e
streamkey,#hash_359c8170e6e84641
streamkey,#hash_359c8470e6e84b5a
streamkey,#hash_359c8570e6e84d0d
streamkey,#hash_359f7b70e6ea71e6
streamkey,#hash_359f7c70e6ea7399
streamkey,#hash_359f8170e6ea7c18
streamkey,#hash_359f8270e6ea7dcb
streamkey,#hash_359f8370e6ea7f7e
streamkey,#hash_359f8470e6ea8131
streamkey,#hash_359f8570e6ea82e4
streamkey,#hash_359f8670e6ea8497
streamkey,#hash_359f8770e6ea864a
streamkey,#hash_359f8870e6ea87fd
streamkey,#hash_35a30270e6ed8d22
streamkey,#hash_35a30370e6ed8ed5
streamkey,#hash_35a30470e6ed9088
streamkey,#hash_35a30570e6ed923b
streamkey,#hash_35a30670e6ed93ee
streamkey,#hash_35a30770e6ed95a1
streamkey,#hash_35a30870e6ed9754
streamkey,#hash_35a30970e6ed9907
streamkey,#hash_35a30a70e6ed9aba
streamkey,#hash_35a30b70e6ed9c6d
streamkey,#hash_35a66f70e6f07c30
streamkey,#hash_35a67070e6f07de3
streamkey,#hash_35a67170e6f07f96
streamkey,#hash_35a67270e6f08149
streamkey,#hash_35a67370e6f082fc
streamkey,#hash_35a67470e6f084af
streamkey,#hash_35a67570e6f08662
streamkey,#hash_35a67670e6f08815
streamkey,#hash_35a67770e6f089c8
streamkey,#hash_35a67870e6f08b7b
streamkey,#hash_35a9f270e6f390a0
streamkey,#hash_35a9f370e6f39253
streamkey,#hash_35a9f470e6f39406
streamkey,#hash_35a9f570e6f395b9
streamkey,#hash_35a9f670e6f3976c
streamkey,#hash_35a9f770e6f3991f
streamkey,#hash_35a9f870e6f39ad2
streamkey,#hash_35a9f970e6f39c85
streamkey,#hash_35a9fe70e6f3a504
streamkey,#hash_35a9ff70e6f3a6b7
streamkey,#hash_35ad7570e6f6a510
streamkey,#hash_35ad7670e6f6a6c3
streamkey,#hash_35ad7770e6f6a876
streamkey,#hash_35ad7870e6f6aa29
streamkey,#hash_35ad7970e6f6abdc
streamkey,#hash_35ad7a70e6f6ad8f
streamkey,#hash_35ad7b70e6f6af42
streamkey,#hash_35ad7c70e6f6b0f5
streamkey,#hash_35ad8370e6f6bcda
streamkey,#hash_35ad8470e6f6be8d
streamkey,#hash_35b07a70e6f8e366
streamkey,#hash_35b07b70e6f8e519
streamkey,#hash_35b08070e6f8ed98
streamkey,#hash_35b08170e6f8ef4b
streamkey,#hash_35b08270e6f8f0fe
streamkey,#hash_35b08370e6f8f2b1
streamkey,#hash_35b08470e6f8f464
streamkey,#hash_35b08570e6f8f617
streamkey,#hash_35b08670e6f8f7ca
streamkey,#hash_35b08770e6f8f97d
streamkey,#hash_35b3ff70e6fbfb3c
streamkey,#hash_35b40070e6fbfcef
streamkey,#hash_35b40370e6fc0208
streamkey,#hash_35b40470e6fc03bb
streamkey,#hash_35b40570e6fc056e
streamkey,#hash_35b40670e6fc0721
streamkey,#hash_35b40770e6fc08d4
streamkey,#hash_35b40870e6fc0a87
streamkey,#hash_35b40970e6fc0c3a
streamkey,#hash_35b40a70e6fc0ded
streamkey,#hash_39e7ff4d9799df1c
streamkey,#hash_39e8004d9799e0cf
streamkey,#hash_39e8034d9799e5e8
streamkey,#hash_39e8044d9799e79b
streamkey,#hash_39e8054d9799e94e
streamkey,#hash_39e8064d9799eb01
streamkey,#hash_39e8074d9799ecb4
streamkey,#hash_39e8084d9799ee67
streamkey,#hash_39e8094d9799f01a
streamkey,#hash_39e80a4d9799f1cd
streamkey,#hash_39eb044d979c1d72
streamkey,#hash_39eb054d979c1f25
streamkey,#hash_39eb064d979c20d8
streamkey,#hash_39eb074d979c228b
streamkey,#hash_39eb084d979c243e
streamkey,#hash_39eb094d979c25f1
streamkey,#hash_39eb0a4d979c27a4
streamkey,#hash_39eb0b4d979c2957
streamkey,#hash_39eb0c4d979c2b0a
streamkey,#hash_39eb0d4d979c2cbd
streamkey,#hash_39f5774d97a53560
streamkey,#hash_39f5784d97a53713
streamkey,#hash_39f57f4d97a542f8
streamkey,#hash_39f5804d97a544ab
streamkey,#hash_39f5814d97a5465e
streamkey,#hash_39f5824d97a54811
streamkey,#hash_39f5834d97a549c4
streamkey,#hash_39f5844d97a54b77
streamkey,#hash_39f5854d97a54d2a
streamkey,#hash_39f5864d97a54edd
streamkey,#hash_39f8fc4d97a84d36
streamkey,#hash_39f8fd4d97a84ee9
streamkey,#hash_39f9024d97a85768
streamkey,#hash_39f9034d97a8591b
streamkey,#hash_39f9044d97a85ace
streamkey,#hash_39f9054d97a85c81
streamkey,#hash_39f9064d97a85e34
streamkey,#hash_39f9074d97a85fe7
streamkey,#hash_39f9084d97a8619a
streamkey,#hash_39f9094d97a8634d
streamkey,#hash_39fc034d97aa8ef2
streamkey,#hash_39fc044d97aa90a5
streamkey,#hash_39fc054d97aa9258
streamkey,#hash_39fc064d97aa940b
streamkey,#hash_39fc074d97aa95be
streamkey,#hash_39fc084d97aa9771
streamkey,#hash_39fc094d97aa9924
streamkey,#hash_39fc0a4d97aa9ad7
streamkey,#hash_39fc0b4d97aa9c8a
streamkey,#hash_39fc0c4d97aa9e3d
streamkey,#hash_39ff704d97ad7e00
streamkey,#hash_39ff714d97ad7fb3
streamkey,#hash_39ff724d97ad8166
streamkey,#hash_39ff734d97ad8319
streamkey,#hash_39ff744d97ad84cc
streamkey,#hash_39ff754d97ad867f
streamkey,#hash_39ff764d97ad8832
streamkey,#hash_39ff774d97ad89e5
streamkey,#hash_39ff784d97ad8b98
streamkey,#hash_39ff794d97ad8d4b
streamkey,#hash_3a02f34d97b09270
streamkey,#hash_3a02f44d97b09423
streamkey,#hash_3a02f54d97b095d6
streamkey,#hash_3a02f64d97b09789
streamkey,#hash_3a02f74d97b0993c
streamkey,#hash_3a02f84d97b09aef
streamkey,#hash_3a02f94d97b09ca2
streamkey,#hash_3a02fa4d97b09e55
streamkey,#hash_3a02ff4d97b0a6d4
streamkey,#hash_3a03004d97b0a887
streamkey,#hash_3a06764d97b3a6e0
streamkey,#hash_3a06774d97b3a893
streamkey,#hash_3a06784d97b3aa46
streamkey,#hash_3a06794d97b3abf9
streamkey,#hash_3a067a4d97b3adac
streamkey,#hash_3a067b4d97b3af5f
streamkey,#hash_3a067c4d97b3b112
streamkey,#hash_3a067d4d97b3b2c5
streamkey,#hash_3a06844d97b3beaa
streamkey,#hash_3a06854d97b3c05d
streamkey,#hash_3a09fb4d97b6beb6
streamkey,#hash_3a09fc4d97b6c069
streamkey,#hash_3a0a014d97b6c8e8
streamkey,#hash_3a0a024d97b6ca9b
streamkey,#hash_3a0a034d97b6cc4e
streamkey,#hash_3a0a044d97b6ce01
streamkey,#hash_3a0a054d97b6cfb4
streamkey,#hash_3a0a064d97b6d167
streamkey,#hash_3a0a074d97b6d31a
streamkey,#hash_3a0a084d97b6d4cd
streamkey,#hash_3a0d004d97b8fd0c
streamkey,#hash_3a0d014d97b8febf
streamkey,#hash_3a0d044d97b903d8
streamkey,#hash_3a0d054d97b9058b
streamkey,#hash_3a0d064d97b9073e
streamkey,#hash_3a0d074d97b908f1
streamkey,#hash_3a0d084d97b90aa4
streamkey,#hash_3a0d094d97b90c57
streamkey,#hash_3a0d0a4d97b90e0a
streamkey,#hash_3a0d0b4d97b90fbd
streamkey,#hash_3acc0a5ef9ec0cb0
streamkey,#hash_3acc0b5ef9ec0e63
streamkey,#hash_3acc0c5ef9ec1016
streamkey,#hash_3acc0d5ef9ec11c9
streamkey,#hash_3acc0e5ef9ec137c
streamkey,#hash_3acc0f5ef9ec152f
streamkey,#hash_3acc105ef9ec16e2
streamkey,#hash_3acc115ef9ec1895
streamkey,#hash_3acc145ef9ec1dae
streamkey,#hash_3acc155ef9ec1f61
streamkey,#hash_3acf8d5ef9ef2120
streamkey,#hash_3acf8e5ef9ef22d3
streamkey,#hash_3acf8f5ef9ef2486
streamkey,#hash_3acf905ef9ef2639
streamkey,#hash_3acf915ef9ef27ec
streamkey,#hash_3acf925ef9ef299f
streamkey,#hash_3acf935ef9ef2b52
streamkey,#hash_3acf945ef9ef2d05
streamkey,#hash_3acf995ef9ef3584
streamkey,#hash_3acf9a5ef9ef3737
streamkey,#hash_3ad3105ef9f23590
streamkey,#hash_3ad3115ef9f23743
streamkey,#hash_3ad3185ef9f24328
streamkey,#hash_3ad3195ef9f244db
streamkey,#hash_3ad31a5ef9f2468e
streamkey,#hash_3ad31b5ef9f24841
streamkey,#hash_3ad31c5ef9f249f4
streamkey,#hash_3ad31d5ef9f24ba7
streamkey,#hash_3ad31e5ef9f24d5a
streamkey,#hash_3ad31f5ef9f24f0d
streamkey,#hash_3ad6155ef9f473e6
streamkey,#hash_3ad6165ef9f47599
streamkey,#hash_3ad61b5ef9f47e18
streamkey,#hash_3ad61c5ef9f47fcb
streamkey,#hash_3ad61d5ef9f4817e
streamkey,#hash_3ad61e5ef9f48331
streamkey,#hash_3ad61f5ef9f484e4
streamkey,#hash_3ad6205ef9f48697
streamkey,#hash_3ad6215ef9f4884a
streamkey,#hash_3ad6225ef9f489fd
streamkey,#hash_3ad99c5ef9f78f22
streamkey,#hash_3ad99d5ef9f790d5
streamkey,#hash_3ad99e5ef9f79288
streamkey,#hash_3ad99f5ef9f7943b
streamkey,#hash_3ad9a05ef9f795ee
streamkey,#hash_3ad9a15ef9f797a1
streamkey,#hash_3ad9a25ef9f79954
streamkey,#hash_3ad9a35ef9f79b07
streamkey,#hash_3ad9a45ef9f79cba
streamkey,#hash_3ad9a55ef9f79e6d
streamkey,#hash_3add095ef9fa7e30
streamkey,#hash_3add0a5ef9fa7fe3
streamkey,#hash_3add0b5ef9fa8196
streamkey,#hash_3add0c5ef9fa8349
streamkey,#hash_3add0d5ef9fa84fc
streamkey,#hash_3add0e5ef9fa86af
streamkey,#hash_3add0f5ef9fa8862
streamkey,#hash_3add105ef9fa8a15
streamkey,#hash_3add115ef9fa8bc8
streamkey,#hash_3add125ef9fa8d7b
streamkey,#hash_3ae08c5ef9fd92a0
streamkey,#hash_3ae08d5ef9fd9453
streamkey,#hash_3ae08e5ef9fd9606
streamkey,#hash_3ae08f5ef9fd97b9
streamkey,#hash_3ae0905ef9fd996c
streamkey,#hash_3ae0915ef9fd9b1f
streamkey,#hash_3ae0925ef9fd9cd2
streamkey,#hash_3ae0935ef9fd9e85
streamkey,#hash_3ae0985ef9fda704
streamkey,#hash_3ae0995ef9fda8b7
streamkey,#hash_3ae40f5efa00a710
streamkey,#hash_3ae4105efa00a8c3
streamkey,#hash_3ae4115efa00aa76
streamkey,#hash_3ae4125efa00ac29
streamkey,#hash_3ae4135efa00addc
streamkey,#hash_3ae4145efa00af8f
streamkey,#hash_3ae4155efa00b142
streamkey,#hash_3ae4165efa00b2f5
streamkey,#hash_3ae41d5efa00beda
streamkey,#hash_3ae41e5efa00c08d
streamkey,#hash_3ae7145efa02e566
streamkey,#hash_3ae7155efa02e719
streamkey,#hash_3ae71a5efa02ef98
streamkey,#hash_3ae71b5efa02f14b
streamkey,#hash_3ae71c5efa02f2fe
streamkey,#hash_3ae71d5efa02f4b1
streamkey,#hash_3ae71e5efa02f664
streamkey,#hash_3ae71f5efa02f817
streamkey,#hash_3ae7205efa02f9ca
streamkey,#hash_3ae7215efa02fb7d
streamkey,#hash_3aea995efa05fd3c
streamkey,#hash_3aea9a5efa05feef
streamkey,#hash_3aea9d5efa060408
streamkey,#hash_3aea9e5efa0605bb
streamkey,#hash_3aea9f5efa06076e
streamkey,#hash_3aeaa05efa060921
streamkey,#hash_3aeaa15efa060ad4
streamkey,#hash_3aeaa25efa060c87
streamkey,#hash_3aeaa35efa060e3a
streamkey,#hash_3aeaa45efa060fed
streamkey,#hash_3c036f566e2653f0
streamkey,#hash_3c0370566e2655a3
streamkey,#hash_3c0371566e265756
streamkey,#hash_3c0372566e265909
streamkey,#hash_3c0373566e265abc
streamkey,#hash_3c0374566e265c6f
streamkey,#hash_3c0375566e265e22
streamkey,#hash_3c0376566e265fd5
streamkey,#hash_3c0377566e266188
streamkey,#hash_3c0378566e26633b
streamkey,#hash_3c06f2566e296860
streamkey,#hash_3c06f3566e296a13
streamkey,#hash_3c06f4566e296bc6
streamkey,#hash_3c06f5566e296d79
streamkey,#hash_3c06f6566e296f2c
streamkey,#hash_3c06f7566e2970df
streamkey,#hash_3c06f8566e297292
streamkey,#hash_3c06f9566e297445
streamkey,#hash_3c06fc566e29795e
streamkey,#hash_3c06fd566e297b11
streamkey,#hash_3c0a75566e2c7cd0
streamkey,#hash_3c0a76566e2c7e83
streamkey,#hash_3c0a77566e2c8036
streamkey,#hash_3c0a78566e2c81e9
streamkey,#hash_3c0a79566e2c839c
streamkey,#hash_3c0a7a566e2c854f
streamkey,#hash_3c0a7b566e2c8702
streamkey,#hash_3c0a7c566e2c88b5
streamkey,#hash_3c0a83566e2c949a
streamkey,#hash_3c0a84566e2c964d
streamkey,#hash_3c0d78566e2eb7c0
streamkey,#hash_3c0d79566e2eb973
streamkey,#hash_3c0d80566e2ec558
streamkey,#hash_3c0d81566e2ec70b
streamkey,#hash_3c0d82566e2ec8be
streamkey,#hash_3c0d83566e2eca71
streamkey,#hash_3c0d84566e2ecc24
streamkey,#hash_3c0d85566e2ecdd7
streamkey,#hash_3c0d86566e2ecf8a
streamkey,#hash_3c0d87566e2ed13d
streamkey,#hash_3c10ff566e31d2fc
streamkey,#hash_3c1100566e31d4af
streamkey,#hash_3c1103566e31d9c8
streamkey,#hash_3c1104566e31db7b
streamkey,#hash_3c1105566e31dd2e
streamkey,#hash_3c1106566e31dee1
streamkey,#hash_3c1107566e31e094
streamkey,#hash_3c1108566e31e247
streamkey,#hash_3c1109566e31e3fa
streamkey,#hash_3c110a566e31e5ad
streamkey,#hash_3c1484566e34ead2
streamkey,#hash_3c1485566e34ec85
streamkey,#hash_3c1486566e34ee38
streamkey,#hash_3c1487566e34efeb
streamkey,#hash_3c1488566e34f19e
streamkey,#hash_3c1489566e34f351
streamkey,#hash_3c148a566e34f504
streamkey,#hash_3c148b566e34f6b7
streamkey,#hash_3c148c566e34f86a
streamkey,#hash_3c148d566e34fa1d
streamkey,#hash_3c17f1566e37d9e0
streamkey,#hash_3c17f2566e37db93
streamkey,#hash_3c17f3566e37dd46
streamkey,#hash_3c17f4566e37def9
streamkey,#hash_3c17f5566e37e0ac
streamkey,#hash_3c17f6566e37e25f
streamkey,#hash_3c17f7566e37e412
streamkey,#hash_3c17f8566e37e5c5
streamkey,#hash_3c17fb566e37eade
streamkey,#hash_3c17fc566e37ec91
streamkey,#hash_3c1b74566e3aee50
streamkey,#hash_3c1b75566e3af003
streamkey,#hash_3c1b76566e3af1b6
streamkey,#hash_3c1b77566e3af369
streamkey,#hash_3c1b78566e3af51c
streamkey,#hash_3c1b79566e3af6cf
streamkey,#hash_3c1b7a566e3af882
streamkey,#hash_3c1b7b566e3afa35
streamkey,#hash_3c1b80566e3b02b4
streamkey,#hash_3c1b81566e3b0467
streamkey,#hash_3c2c73566e495fd0
streamkey,#hash_3c2c74566e496183
streamkey,#hash_3c2c75566e496336
streamkey,#hash_3c2c76566e4964e9
streamkey,#hash_3c2c77566e49669c
streamkey,#hash_3c2c78566e49684f
streamkey,#hash_3c2c79566e496a02
streamkey,#hash_3c2c7a566e496bb5
streamkey,#hash_3c2c7f566e497434
streamkey,#hash_3c2c80566e4975e7
streamkey,#hash_3c2f76566e4b9ac0
streamkey,#hash_3c2f77566e4b9c73
streamkey,#hash_3c2f78566e4b9e26
streamkey,#hash_3c2f79566e4b9fd9
streamkey,#hash_3c2f7a566e4ba18c
streamkey,#hash_3c2f7b566e4ba33f
streamkey,#hash_3c2f7c566e4ba4f2
streamkey,#hash_3c2f7d566e4ba6a5
streamkey,#hash_3c2f84566e4bb28a
streamkey,#hash_3c2f85566e4bb43d
streamkey,#hash_3ce10867d0735420
streamkey,#hash_3ce10967d07355d3
streamkey,#hash_3ce10a67d0735786
streamkey,#hash_3ce10b67d0735939
streamkey,#hash_3ce10c67d0735aec
streamkey,#hash_3ce10d67d0735c9f
streamkey,#hash_3ce10e67d0735e52
streamkey,#hash_3ce10f67d0736005
streamkey,#hash_3ce11067d07361b8
streamkey,#hash_3ce11167d073636b
streamkey,#hash_3ce48b67d0766890
streamkey,#hash_3ce48c67d0766a43
streamkey,#hash_3ce48d67d0766bf6
streamkey,#hash_3ce48e67d0766da9
streamkey,#hash_3ce48f67d0766f5c
streamkey,#hash_3ce49067d076710f
streamkey,#hash_3ce49167d07672c2
streamkey,#hash_3ce49267d0767475
streamkey,#hash_3ce49567d076798e
streamkey,#hash_3ce49667d0767b41
streamkey,#hash_3ce78e67d078a380
streamkey,#hash_3ce78f67d078a533
streamkey,#hash_3ce79267d078aa4c
streamkey,#hash_3ce79367d078abff
streamkey,#hash_3ce79467d078adb2
streamkey,#hash_3ce79567d078af65
streamkey,#hash_3ce79c67d078bb4a
streamkey,#hash_3ce79d67d078bcfd
streamkey,#hash_3ceb1167d07bb7f0
streamkey,#hash_3ceb1267d07bb9a3
streamkey,#hash_3ceb1967d07bc588
streamkey,#hash_3ceb1a67d07bc73b
streamkey,#hash_3ceb1b67d07bc8ee
streamkey,#hash_3ceb1c67d07bcaa1
streamkey,#hash_3ceb1d67d07bcc54
streamkey,#hash_3ceb1e67d07bce07
streamkey,#hash_3ceb1f67d07bcfba
streamkey,#hash_3ceb2067d07bd16d
streamkey,#hash_3cee9867d07ed32c
streamkey,#hash_3cee9967d07ed4df
streamkey,#hash_3cee9c67d07ed9f8
streamkey,#hash_3cee9d67d07edbab
streamkey,#hash_3cee9e67d07edd5e
streamkey,#hash_3cee9f67d07edf11
streamkey,#hash_3ceea267d07ee42a
streamkey,#hash_3ceea367d07ee5dd
streamkey,#hash_3cf21d67d081eb02
streamkey,#hash_3cf21e67d081ecb5
streamkey,#hash_3cf21f67d081ee68
streamkey,#hash_3cf22067d081f01b
streamkey,#hash_3cf22167d081f1ce
streamkey,#hash_3cf22267d081f381
streamkey,#hash_3cf22367d081f534
streamkey,#hash_3cf22467d081f6e7
streamkey,#hash_3cf22567d081f89a
streamkey,#hash_3cf22667d081fa4d
streamkey,#hash_3cf58a67d084da10
streamkey,#hash_3cf58b67d084dbc3
streamkey,#hash_3cf58c67d084dd76
streamkey,#hash_3cf58d67d084df29
streamkey,#hash_3cf58e67d084e0dc
streamkey,#hash_3cf58f67d084e28f
streamkey,#hash_3cf59067d084e442
streamkey,#hash_3cf59167d084e5f5
streamkey,#hash_3cf59467d084eb0e
streamkey,#hash_3cf59567d084ecc1
streamkey,#hash_3cf88d67d0871500
streamkey,#hash_3cf88e67d08716b3
streamkey,#hash_3cf88f67d0871866
streamkey,#hash_3cf89067d0871a19
streamkey,#hash_3cf89167d0871bcc
streamkey,#hash_3cf89267d0871d7f
streamkey,#hash_3cf89367d0871f32
streamkey,#hash_3cf89467d08720e5
streamkey,#hash_3cf89967d0872964
streamkey,#hash_3cf89a67d0872b17
streamkey,#hash_3d098c67d0958680
streamkey,#hash_3d098d67d0958833
streamkey,#hash_3d098e67d09589e6
streamkey,#hash_3d098f67d0958b99
streamkey,#hash_3d099067d0958d4c
streamkey,#hash_3d099167d0958eff
streamkey,#hash_3d099267d09590b2
streamkey,#hash_3d099367d0959265
streamkey,#hash_3d099867d0959ae4
streamkey,#hash_3d099967d0959c97
streamkey,#hash_3d0d0f67d0989af0
streamkey,#hash_3d0d1067d0989ca3
streamkey,#hash_3d0d1167d0989e56
streamkey,#hash_3d0d1267d098a009
streamkey,#hash_3d0d1367d098a1bc
streamkey,#hash_3d0d1467d098a36f
streamkey,#hash_3d0d1567d098a522
streamkey,#hash_3d0d1667d098a6d5
streamkey,#hash_3d0d1d67d098b2ba
streamkey,#hash_3d0d1e67d098b46d
streamkey,#hash_438d315efee80e80
streamkey,#hash_438d325efee81033
streamkey,#hash_438d335efee811e6
streamkey,#hash_438d345efee81399
streamkey,#hash_438d355efee8154c
streamkey,#hash_438d365efee816ff
streamkey,#hash_438d375efee818b2
streamkey,#hash_438d385efee81a65
streamkey,#hash_438d395efee81c18
streamkey,#hash_438d3a5efee81dcb
streamkey,#hash_4390b45efeeb22f0
streamkey,#hash_4390b55efeeb24a3
streamkey,#hash_4390b65efeeb2656
streamkey,#hash_4390b75efeeb2809
streamkey,#hash_4390b85efeeb29bc
streamkey,#hash_4390b95efeeb2b6f
streamkey,#hash_4390ba5efeeb2d22
streamkey,#hash_4390bb5efeeb2ed5
streamkey,#hash_4390be5efeeb33ee
streamkey,#hash_4390bf5efeeb35a1
streamkey,#hash_4394375efeee3760
streamkey,#hash_4394385efeee3913
streamkey,#hash_4394395efeee3ac6
streamkey,#hash_43943a5efeee3c79
streamkey,#hash_43943b5efeee3e2c
streamkey,#hash_43943c5efeee3fdf
streamkey,#hash_43943d5efeee4192
streamkey,#hash_43943e5efeee4345
streamkey,#hash_4394455efeee4f2a
streamkey,#hash_4394465efeee50dd
streamkey,#hash_4397ba5efef14bd0
streamkey,#hash_4397bb5efef14d83
streamkey,#hash_4397c25efef15968
streamkey,#hash_4397c35efef15b1b
streamkey,#hash_4397c45efef15cce
streamkey,#hash_4397c55efef15e81
streamkey,#hash_4397c65efef16034
streamkey,#hash_4397c75efef161e7
streamkey,#hash_4397c85efef1639a
streamkey,#hash_4397c95efef1654d
streamkey,#hash_439ac15efef38d8c
streamkey,#hash_439ac25efef38f3f
streamkey,#hash_439ac55efef39458
streamkey,#hash_439ac65efef3960b
streamkey,#hash_439ac75efef397be
streamkey,#hash_439ac85efef39971
streamkey,#hash_439ac95efef39b24
streamkey,#hash_439aca5efef39cd7
streamkey,#hash_439acb5efef39e8a
streamkey,#hash_439acc5efef3a03d
streamkey,#hash_439e465efef6a562
streamkey,#hash_439e475efef6a715
streamkey,#hash_439e485efef6a8c8
streamkey,#hash_439e495efef6aa7b
streamkey,#hash_439e4a5efef6ac2e
streamkey,#hash_439e4b5efef6ade1
streamkey,#hash_439e4c5efef6af94
streamkey,#hash_439e4d5efef6b147
streamkey,#hash_439e4e5efef6b2fa
streamkey,#hash_439e4f5efef6b4ad
streamkey,#hash_43a1b35efef99470
streamkey,#hash_43a1b45efef99623
streamkey,#hash_43a1b55efef997d6
streamkey,#hash_43a1b65efef99989
streamkey,#hash_43a1b75efef99b3c
streamkey,#hash_43a1b85efef99cef
streamkey,#hash_43a1b95efef99ea2
streamkey,#hash_43a1ba5efef9a055
streamkey,#hash_43a1bd5efef9a56e
streamkey,#hash_43a1be5efef9a721
streamkey,#hash_43a5365efefca8e0
streamkey,#hash_43a5375efefcaa93
streamkey,#hash_43a5385efefcac46
streamkey,#hash_43a5395efefcadf9
streamkey,#hash_43a53a5efefcafac
streamkey,#hash_43a53b5efefcb15f
streamkey,#hash_43a53c5efefcb312
streamkey,#hash_43a53d5efefcb4c5
streamkey,#hash_43a5425efefcbd44
streamkey,#hash_43a5435efefcbef7
streamkey,#hash_43a8b95efeffbd50
streamkey,#hash_43a8ba5efeffbf03
streamkey,#hash_43a8c15efeffcae8
streamkey,#hash_43a8c25efeffcc9b
streamkey,#hash_43a8c35efeffce4e
streamkey,#hash_43a8c45efeffd001
streamkey,#hash_43a8c55efeffd1b4
streamkey,#hash_43a8c65efeffd367
streamkey,#hash_43a8c75efeffd51a
streamkey,#hash_43a8c85efeffd6cd
streamkey,#hash_43abbe5eff01fba6
streamkey,#hash_43abbf5eff01fd59
streamkey,#hash_43abc45eff0205d8
streamkey,#hash_43abc55eff02078b
streamkey,#hash_43abc65eff02093e
streamkey,#hash_43abc75eff020af1
streamkey,#hash_43abc85eff020ca4
streamkey,#hash_43abc95eff020e57
streamkey,#hash_43abca5eff02100a
streamkey,#hash_43abcb5eff0211bd
streamkey,#hash_450f9856736244a0
streamkey,#hash_450f995673624653
streamkey,#hash_450f9a5673624806
streamkey,#hash_450f9b56736249b9
streamkey,#hash_450f9c5673624b6c
streamkey,#hash_450f9d5673624d1f
streamkey,#hash_450f9e5673624ed2
streamkey,#hash_450f9f5673625085
streamkey,#hash_450fa05673625238
streamkey,#hash_450fa156736253eb
streamkey,#hash_45131b5673655910
streamkey,#hash_45131c5673655ac3
streamkey,#hash_45131d5673655c76
streamkey,#hash_45131e5673655e29
streamkey,#hash_45131f5673655fdc
streamkey,#hash_451320567365618f
streamkey,#hash_4513215673656342
streamkey,#hash_45132256736564f5
streamkey,#hash_4513255673656a0e
streamkey,#hash_4513265673656bc1
streamkey,#hash_45161e5673679400
streamkey,#hash_45161f56736795b3
streamkey,#hash_4516205673679766
streamkey,#hash_4516215673679919
streamkey,#hash_4516225673679acc
streamkey,#hash_4516235673679c7f
streamkey,#hash_4516245673679e32
streamkey,#hash_4516255673679fe5
streamkey,#hash_45162c567367abca
streamkey,#hash_45162d567367ad7d
streamkey,#hash_4519a156736aa870
streamkey,#hash_4519a256736aaa23
streamkey,#hash_4519a956736ab608
streamkey,#hash_4519aa56736ab7bb
streamkey,#hash_4519ab56736ab96e
streamkey,#hash_4519ac56736abb21
streamkey,#hash_4519ad56736abcd4
streamkey,#hash_4519ae56736abe87
streamkey,#hash_4519af56736ac03a
streamkey,#hash_4519b056736ac1ed
streamkey,#hash_451d2856736dc3ac
streamkey,#hash_451d2956736dc55f
streamkey,#hash_451d2c56736dca78
streamkey,#hash_451d2d56736dcc2b
streamkey,#hash_451d2e56736dcdde
streamkey,#hash_451d2f56736dcf91
streamkey,#hash_451d3056736dd144
streamkey,#hash_451d3156736dd2f7
streamkey,#hash_451d3256736dd4aa
streamkey,#hash_451d3356736dd65d
streamkey,#hash_4520ad567370db82
streamkey,#hash_4520ae567370dd35
streamkey,#hash_4520af567370dee8
streamkey,#hash_4520b0567370e09b
streamkey,#hash_4520b1567370e24e
streamkey,#hash_4520b2567370e401
streamkey,#hash_4520b3567370e5b4
streamkey,#hash_4520b4567370e767
streamkey,#hash_4520b5567370e91a
streamkey,#hash_4520b6567370eacd
streamkey,#hash_45241a567373ca90
streamkey,#hash_45241b567373cc43
streamkey,#hash_45241c567373cdf6
streamkey,#hash_45241d567373cfa9
streamkey,#hash_45241e567373d15c
streamkey,#hash_45241f567373d30f
streamkey,#hash_452420567373d4c2
streamkey,#hash_452421567373d675
streamkey,#hash_452424567373db8e
streamkey,#hash_452425567373dd41
streamkey,#hash_45271d5673760580
streamkey,#hash_45271e5673760733
streamkey,#hash_45271f56737608e6
streamkey,#hash_4527205673760a99
streamkey,#hash_4527215673760c4c
streamkey,#hash_4527225673760dff
streamkey,#hash_4527235673760fb2
streamkey,#hash_4527245673761165
streamkey,#hash_45272956737619e4
streamkey,#hash_45272a5673761b97
streamkey,#hash_453f2456738aa346
streamkey,#hash_453f2556738aa4f9
streamkey,#hash_453f2a56738aad78
streamkey,#hash_453f2b56738aaf2b
streamkey,#hash_453f2c56738ab0de
streamkey,#hash_453f2d56738ab291
streamkey,#hash_453f2e56738ab444
streamkey,#hash_453f2f56738ab5f7
streamkey,#hash_453f3056738ab7aa
streamkey,#hash_453f3156738ab95d
streamkey,#hash_4542a956738dbb1c
streamkey,#hash_4542aa56738dbccf
streamkey,#hash_4542ad56738dc1e8
streamkey,#hash_4542ae56738dc39b
streamkey,#hash_4542af56738dc54e
streamkey,#hash_4542b056738dc701
streamkey,#hash_4542b156738dc8b4
streamkey,#hash_4542b256738dca67
streamkey,#hash_4542b356738dcc1a
streamkey,#hash_4542b456738dcdcd
streamkey,#hash_45e0678dc771f398
streamkey,#hash_45e0688dc771f54b
streamkey,#hash_45e0698dc771f6fe
streamkey,#hash_45e06a8dc771f8b1
streamkey,#hash_45e3e88dc77504a2
streamkey,#hash_45e3e98dc7750655
streamkey,#hash_45e3ea8dc7750808
streamkey,#hash_45e3eb8dc77509bb
streamkey,#hash_45e3ec8dc7750b6e
streamkey,#hash_45e3ed8dc7750d21
streamkey,#hash_45e3ee8dc7750ed4
streamkey,#hash_45e3ef8dc7751087
streamkey,#hash_45e3f08dc775123a
streamkey,#hash_45e3f18dc77513ed
streamkey,#hash_45e7558dc777f3b0
streamkey,#hash_45e7568dc777f563
streamkey,#hash_45e7578dc777f716
streamkey,#hash_45e7588dc777f8c9
streamkey,#hash_45e7598dc777fa7c
streamkey,#hash_45e75a8dc777fc2f
streamkey,#hash_45e75b8dc777fde2
streamkey,#hash_45e75c8dc777ff95
streamkey,#hash_45e75d8dc7780148
streamkey,#hash_45e75e8dc77802fb
streamkey,#hash_4762c070f119fd30
streamkey,#hash_4762c170f119fee3
streamkey,#hash_4762c270f11a0096
streamkey,#hash_4762c370f11a0249
streamkey,#hash_4762c470f11a03fc
streamkey,#hash_4762c570f11a05af
streamkey,#hash_47664370f11d11a0
streamkey,#hash_47664470f11d1353
streamkey,#hash_47664570f11d1506
streamkey,#hash_47664670f11d16b9
streamkey,#hash_47664770f11d186c
streamkey,#hash_47664870f11d1a1f
streamkey,#hash_47664970f11d1bd2
streamkey,#hash_47664a70f11d1d85
streamkey,#hash_47664d70f11d229e
streamkey,#hash_47664e70f11d2451
streamkey,#hash_4773d670f12895c5
streamkey,#hash_477ac670f12e9943
streamkey,#hash_4af1257c2af8df2c
streamkey,#hash_4af1267c2af8e0df
streamkey,#hash_4af1297c2af8e5f8
streamkey,#hash_4af12a7c2af8e7ab
streamkey,#hash_4af12b7c2af8e95e
streamkey,#hash_4af12c7c2af8eb11
streamkey,#hash_4af12d7c2af8ecc4
streamkey,#hash_4af12e7c2af8ee77
streamkey,#hash_4af12f7c2af8f02a
streamkey,#hash_4af1307c2af8f1dd
streamkey,#hash_4af4ae7c2afbfdce
streamkey,#hash_4af4af7c2afbff81
streamkey,#hash_4af4b07c2afc0134
streamkey,#hash_4af4b17c2afc02e7
streamkey,#hash_4af4b27c2afc049a
streamkey,#hash_4af4b37c2afc064d
streamkey,#hash_4c6f47567731f030
streamkey,#hash_4c6f48567731f1e3
streamkey,#hash_4c6f49567731f396
streamkey,#hash_4c6f4a567731f549
streamkey,#hash_4c6f4b567731f6fc
streamkey,#hash_4c6f4c567731f8af
streamkey,#hash_4c6f4d567731fa62
streamkey,#hash_4c6f4e567731fc15
streamkey,#hash_4c6f5556773207fa
streamkey,#hash_4c6f5656773209ad
streamkey,#hash_4c72ca56773504a0
streamkey,#hash_4c72cb5677350653
streamkey,#hash_4c72d25677351238
streamkey,#hash_4c72d356773513eb
streamkey,#hash_4c72d4567735159e
streamkey,#hash_4c72d55677351751
streamkey,#hash_4c72d65677351904
streamkey,#hash_4c72d75677351ab7
streamkey,#hash_4c72d85677351c6a
streamkey,#hash_4c72d95677351e1d
streamkey,#hash_4c83c95677437620
streamkey,#hash_4c83ca56774377d3
streamkey,#hash_4c83d156774383b8
streamkey,#hash_4c83d2567743856b
streamkey,#hash_4c83d3567743871e
streamkey,#hash_4c83d456774388d1
streamkey,#hash_4c83d55677438a84
streamkey,#hash_4c83d65677438c37
streamkey,#hash_4c83d75677438dea
streamkey,#hash_4c83d85677438f9d
streamkey,#hash_4c874e5677468df6
streamkey,#hash_4c874f5677468fa9
streamkey,#hash_4c87545677469828
streamkey,#hash_4c875556774699db
streamkey,#hash_4c87565677469b8e
streamkey,#hash_4c87575677469d41
streamkey,#hash_4c87585677469ef4
streamkey,#hash_4c8759567746a0a7
streamkey,#hash_4c875a567746a25a
streamkey,#hash_4c875b567746a40d
streamkey,#hash_4c8a55567748cfb2
streamkey,#hash_4c8a56567748d165
streamkey,#hash_4c8a57567748d318
streamkey,#hash_4c8a58567748d4cb
streamkey,#hash_4c8a59567748d67e
streamkey,#hash_4c8a5a567748d831
streamkey,#hash_4c8a5b567748d9e4
streamkey,#hash_4c8a5c567748db97
streamkey,#hash_4c8a5d567748dd4a
streamkey,#hash_4c8a5e567748defd
streamkey,#hash_4c8dc256774bbec0
streamkey,#hash_4c8dc356774bc073
streamkey,#hash_4c8dc456774bc226
streamkey,#hash_4c8dc556774bc3d9
streamkey,#hash_4c8dc656774bc58c
streamkey,#hash_4c8dc756774bc73f
streamkey,#hash_4c8dc856774bc8f2
streamkey,#hash_4c8dc956774bcaa5
streamkey,#hash_4c8dca56774bcc58
streamkey,#hash_4c8dcb56774bce0b
streamkey,#hash_4c914556774ed330
streamkey,#hash_4c914656774ed4e3
streamkey,#hash_4c914756774ed696
streamkey,#hash_4c914856774ed849
streamkey,#hash_4c914956774ed9fc
streamkey,#hash_4c914a56774edbaf
streamkey,#hash_4c914b56774edd62
streamkey,#hash_4c914c56774edf15
streamkey,#hash_4c915156774ee794
streamkey,#hash_4c915256774ee947
streamkey,#hash_4c94c8567751e7a0
streamkey,#hash_4c94c9567751e953
streamkey,#hash_4c94ca567751eb06
streamkey,#hash_4c94cb567751ecb9
streamkey,#hash_4c94cc567751ee6c
streamkey,#hash_4c94cd567751f01f
streamkey,#hash_4c94ce567751f1d2
streamkey,#hash_4c94cf567751f385
streamkey,#hash_4c94d6567751ff6a
streamkey,#hash_4c94d7567752011d
streamkey,#hash_4c984d567754ff76
streamkey,#hash_4c984e5677550129
streamkey,#hash_4c985356775509a8
streamkey,#hash_4c98545677550b5b
streamkey,#hash_4c98555677550d0e
streamkey,#hash_4c98565677550ec1
streamkey,#hash_4c98575677551074
streamkey,#hash_4c98585677551227
streamkey,#hash_4c985956775513da
streamkey,#hash_4c985a567755158d
streamkey,#hash_4c9b525677573dcc
streamkey,#hash_4c9b535677573f7f
streamkey,#hash_4c9b565677574498
streamkey,#hash_4c9b57567757464b
streamkey,#hash_4c9b5856775747fe
streamkey,#hash_4c9b5956775749b1
streamkey,#hash_4c9b5a5677574b64
streamkey,#hash_4c9b5b5677574d17
streamkey,#hash_4c9b5c5677574eca
streamkey,#hash_4c9b5d567757507d
streamkey,#hash_55812c84fb0ed030
streamkey,#hash_55812d84fb0ed1e3
streamkey,#hash_55812e84fb0ed396
streamkey,#hash_55812f84fb0ed549
streamkey,#hash_55813084fb0ed6fc
streamkey,#hash_55813184fb0ed8af
streamkey,#hash_55813284fb0eda62
streamkey,#hash_55813384fb0edc15
streamkey,#hash_55813a84fb0ee7fa
streamkey,#hash_55813b84fb0ee9ad
streamkey,#hash_5581fa567c73370c
streamkey,#hash_5581fb567c7338bf
streamkey,#hash_5581fe567c733dd8
streamkey,#hash_5581ff567c733f8b
streamkey,#hash_558200567c73413e
streamkey,#hash_558201567c7342f1
streamkey,#hash_558202567c7344a4
streamkey,#hash_558203567c734657
streamkey,#hash_558204567c73480a
streamkey,#hash_558205567c7349bd
streamkey,#hash_5584af84fb11e4a0
streamkey,#hash_5584b084fb11e653
streamkey,#hash_5584b784fb11f238
streamkey,#hash_5584b884fb11f3eb
streamkey,#hash_5584b984fb11f59e
streamkey,#hash_5584ba84fb11f751
streamkey,#hash_5584bb84fb11f904
streamkey,#hash_5584bc84fb11fab7
streamkey,#hash_5584bd84fb11fc6a
streamkey,#hash_5584be84fb11fe1d
streamkey,#hash_55857f567c764ee2
streamkey,#hash_558580567c765095
streamkey,#hash_558581567c765248
streamkey,#hash_558582567c7653fb
streamkey,#hash_558583567c7655ae
streamkey,#hash_558584567c765761
streamkey,#hash_558585567c765914
streamkey,#hash_558586567c765ac7
streamkey,#hash_558587567c765c7a
streamkey,#hash_558588567c765e2d
streamkey,#hash_558ff2567c7f66d0
streamkey,#hash_558ff3567c7f6883
streamkey,#hash_558ffa567c7f7468
streamkey,#hash_558ffb567c7f761b
streamkey,#hash_558ffc567c7f77ce
streamkey,#hash_558ffd567c7f7981
streamkey,#hash_558ffe567c7f7b34
streamkey,#hash_558fff567c7f7ce7
streamkey,#hash_559000567c7f7e9a
streamkey,#hash_559001567c7f804d
streamkey,#hash_5592f7567c81a526
streamkey,#hash_5592f8567c81a6d9
streamkey,#hash_5592fd567c81af58
streamkey,#hash_5592fe567c81b10b
streamkey,#hash_5592ff567c81b2be
streamkey,#hash_559300567c81b471
streamkey,#hash_559301567c81b624
streamkey,#hash_559302567c81b7d7
streamkey,#hash_559303567c81b98a
streamkey,#hash_559304567c81bb3d
streamkey,#hash_5595ae84fb205620
streamkey,#hash_5595af84fb2057d3
streamkey,#hash_5595b684fb2063b8
streamkey,#hash_5595b784fb20656b
streamkey,#hash_5595b884fb20671e
streamkey,#hash_5595b984fb2068d1
streamkey,#hash_5595ba84fb206a84
streamkey,#hash_5595bb84fb206c37
streamkey,#hash_5595bc84fb206dea
streamkey,#hash_5595bd84fb206f9d
streamkey,#hash_55967e567c84c062
streamkey,#hash_55967f567c84c215
streamkey,#hash_559680567c84c3c8
streamkey,#hash_559681567c84c57b
streamkey,#hash_559682567c84c72e
streamkey,#hash_559683567c84c8e1
streamkey,#hash_559684567c84ca94
streamkey,#hash_559685567c84cc47
streamkey,#hash_559686567c84cdfa
streamkey,#hash_559687567c84cfad
streamkey,#hash_55993384fb236df6
streamkey,#hash_55993484fb236fa9
streamkey,#hash_55993984fb237828
streamkey,#hash_55993a84fb2379db
streamkey,#hash_55993b84fb237b8e
streamkey,#hash_55993c84fb237d41
streamkey,#hash_55993d84fb237ef4
streamkey,#hash_55993e84fb2380a7
streamkey,#hash_55993f84fb23825a
streamkey,#hash_55994084fb23840d
streamkey,#hash_5599eb567c87af70
streamkey,#hash_5599ec567c87b123
streamkey,#hash_5599ed567c87b2d6
streamkey,#hash_5599ee567c87b489
streamkey,#hash_5599ef567c87b63c
streamkey,#hash_5599f0567c87b7ef
streamkey,#hash_5599f1567c87b9a2
streamkey,#hash_5599f2567c87bb55
streamkey,#hash_5599f3567c87bd08
streamkey,#hash_5599f4567c87bebb
streamkey,#hash_559c3a84fb25afb2
streamkey,#hash_559c3b84fb25b165
streamkey,#hash_559c3c84fb25b318
streamkey,#hash_559c3d84fb25b4cb
streamkey,#hash_559c3e84fb25b67e
streamkey,#hash_559c3f84fb25b831
streamkey,#hash_559c4084fb25b9e4
streamkey,#hash_559c4184fb25bb97
streamkey,#hash_559c4284fb25bd4a
streamkey,#hash_559c4384fb25befd
streamkey,#hash_559d6e567c8ac3e0
streamkey,#hash_559d6f567c8ac593
streamkey,#hash_559d70567c8ac746
streamkey,#hash_559d71567c8ac8f9
streamkey,#hash_559d72567c8acaac
streamkey,#hash_559d73567c8acc5f
streamkey,#hash_559d74567c8ace12
streamkey,#hash_559d75567c8acfc5
streamkey,#hash_559d7a567c8ad844
streamkey,#hash_559d7b567c8ad9f7
streamkey,#hash_559fa784fb289ec0
streamkey,#hash_559fa884fb28a073
streamkey,#hash_559fa984fb28a226
streamkey,#hash_559faa84fb28a3d9
streamkey,#hash_559fab84fb28a58c
streamkey,#hash_559fac84fb28a73f
streamkey,#hash_559fad84fb28a8f2
streamkey,#hash_559fae84fb28aaa5
streamkey,#hash_559faf84fb28ac58
streamkey,#hash_559fb084fb28ae0b
streamkey,#hash_55a0f1567c8dd850
streamkey,#hash_55a0f2567c8dda03
streamkey,#hash_55a0f3567c8ddbb6
streamkey,#hash_55a0f4567c8ddd69
streamkey,#hash_55a0f5567c8ddf1c
streamkey,#hash_55a0f6567c8de0cf
streamkey,#hash_55a0f7567c8de282
streamkey,#hash_55a0f8567c8de435
streamkey,#hash_55a0ff567c8df01a
streamkey,#hash_55a100567c8df1cd
streamkey,#hash_55a32a84fb2bb330
streamkey,#hash_55a32b84fb2bb4e3
streamkey,#hash_55a32c84fb2bb696
streamkey,#hash_55a32d84fb2bb849
streamkey,#hash_55a32e84fb2bb9fc
streamkey,#hash_55a32f84fb2bbbaf
streamkey,#hash_55a33084fb2bbd62
streamkey,#hash_55a33184fb2bbf15
streamkey,#hash_55a33684fb2bc794
streamkey,#hash_55a33784fb2bc947
streamkey,#hash_55a3f6567c9016a6
streamkey,#hash_55a3f7567c901859
streamkey,#hash_55a3fc567c9020d8
streamkey,#hash_55a3fd567c90228b
streamkey,#hash_55a3fe567c90243e
streamkey,#hash_55a3ff567c9025f1
streamkey,#hash_55a400567c9027a4
streamkey,#hash_55a401567c902957
streamkey,#hash_55a402567c902b0a
streamkey,#hash_55a403567c902cbd
streamkey,#hash_55a6ad84fb2ec7a0
streamkey,#hash_55a6ae84fb2ec953
streamkey,#hash_55a6af84fb2ecb06
streamkey,#hash_55a6b084fb2eccb9
streamkey,#hash_55a6b184fb2ece6c
streamkey,#hash_55a6b284fb2ed01f
streamkey,#hash_55a6b384fb2ed1d2
streamkey,#hash_55a6b484fb2ed385
streamkey,#hash_55a6bb84fb2edf6a
streamkey,#hash_55a6bc84fb2ee11d
streamkey,#hash_55a77b567c932e7c
streamkey,#hash_55a77c567c93302f
streamkey,#hash_55a77f567c933548
streamkey,#hash_55a780567c9336fb
streamkey,#hash_55a781567c9338ae
streamkey,#hash_55a782567c933a61
streamkey,#hash_55a783567c933c14
streamkey,#hash_55a784567c933dc7
streamkey,#hash_55a785567c933f7a
streamkey,#hash_55a786567c93412d
streamkey,#hash_55aa3284fb31df76
streamkey,#hash_55aa3384fb31e129
streamkey,#hash_55aa3884fb31e9a8
streamkey,#hash_55aa3984fb31eb5b
streamkey,#hash_55aa3a84fb31ed0e
streamkey,#hash_55aa3b84fb31eec1
streamkey,#hash_55aa3c84fb31f074
streamkey,#hash_55aa3d84fb31f227
streamkey,#hash_55aa3e84fb31f3da
streamkey,#hash_55aa3f84fb31f58d
streamkey,#hash_55ad3784fb341dcc
streamkey,#hash_55ad3884fb341f7f
streamkey,#hash_55ad3b84fb342498
streamkey,#hash_55ad3c84fb34264b
streamkey,#hash_55ad3d84fb3427fe
streamkey,#hash_55ad3e84fb3429b1
streamkey,#hash_55ad3f84fb342b64
streamkey,#hash_55ad4084fb342d17
streamkey,#hash_55ad4184fb342eca
streamkey,#hash_55ad4284fb34307d
streamkey,#hash_5671123524558960
streamkey,#hash_5671133524558b13
streamkey,#hash_5671143524558cc6
streamkey,#hash_5671153524558e79
streamkey,#hash_567116352455902c
streamkey,#hash_56711735245591df
streamkey,#hash_5674953524589dd0
streamkey,#hash_5674963524589f83
streamkey,#hash_567497352458a136
streamkey,#hash_567498352458a2e9
streamkey,#hash_567499352458a49c
streamkey,#hash_56749a352458a64f
streamkey,#hash_56749b352458a802
streamkey,#hash_56749c352458a9b5
streamkey,#hash_56749f352458aece
streamkey,#hash_5674a0352458b081
streamkey,#hash_568c1a35246c5eb0
streamkey,#hash_568c1b35246c6063
streamkey,#hash_568c2235246c6c48
streamkey,#hash_568c2335246c6dfb
streamkey,#hash_568c2435246c6fae
streamkey,#hash_568c2535246c7161
streamkey,#hash_568c2635246c7314
streamkey,#hash_568c2735246c74c7
streamkey,#hash_568c2835246c767a
streamkey,#hash_568c2935246c782d
streamkey,#hash_568f9f35246f7686
streamkey,#hash_568fa035246f7839
streamkey,#hash_568fa535246f80b8
streamkey,#hash_568fa635246f826b
streamkey,#hash_568fa735246f841e
streamkey,#hash_568fa835246f85d1
streamkey,#hash_568fa935246f8784
streamkey,#hash_568faa35246f8937
streamkey,#hash_568fab35246f8aea
streamkey,#hash_568fac35246f8c9d
streamkey,#hash_56932635247291c2
streamkey,#hash_5693273524729375
streamkey,#hash_5693283524729528
streamkey,#hash_56932935247296db
streamkey,#hash_56932a352472988e
streamkey,#hash_56932b3524729a41
streamkey,#hash_56932c3524729bf4
streamkey,#hash_56932d3524729da7
streamkey,#hash_56932e3524729f5a
streamkey,#hash_56932f352472a10d
streamkey,#hash_56969335247580d0
streamkey,#hash_5696943524758283
streamkey,#hash_5696953524758436
streamkey,#hash_56969635247585e9
streamkey,#hash_569697352475879c
streamkey,#hash_569698352475894f
streamkey,#hash_5696993524758b02
streamkey,#hash_56969a3524758cb5
streamkey,#hash_56969b3524758e68
streamkey,#hash_56969c352475901b
streamkey,#hash_569996352477bbc0
streamkey,#hash_569997352477bd73
streamkey,#hash_569998352477bf26
streamkey,#hash_569999352477c0d9
streamkey,#hash_56999a352477c28c
streamkey,#hash_56999b352477c43f
streamkey,#hash_56999c352477c5f2
streamkey,#hash_56999d352477c7a5
streamkey,#hash_5699a2352477d024
streamkey,#hash_5699a3352477d1d7
streamkey,#hash_569d1935247ad030
streamkey,#hash_569d1a35247ad1e3
streamkey,#hash_569d1b35247ad396
streamkey,#hash_569d1c35247ad549
streamkey,#hash_569d1d35247ad6fc
streamkey,#hash_569d1e35247ad8af
streamkey,#hash_569d1f35247ada62
streamkey,#hash_569d2035247adc15
streamkey,#hash_569d2735247ae7fa
streamkey,#hash_569d2835247ae9ad
streamkey,#hash_56a09e35247de806
streamkey,#hash_56a09f35247de9b9
streamkey,#hash_56a0a435247df238
streamkey,#hash_56a0a535247df3eb
streamkey,#hash_56a0a635247df59e
streamkey,#hash_56a0a735247df751
streamkey,#hash_56a0a835247df904
streamkey,#hash_56a0a935247dfab7
streamkey,#hash_56a0aa35247dfc6a
streamkey,#hash_56a0ab35247dfe1d
streamkey,#hash_56a423352480ffdc
streamkey,#hash_56a424352481018f
streamkey,#hash_56a42735248106a8
streamkey,#hash_56a428352481085b
streamkey,#hash_56a4293524810a0e
streamkey,#hash_56a42a3524810bc1
streamkey,#hash_56a42b3524810d74
streamkey,#hash_56a42c3524810f27
streamkey,#hash_56a42d35248110da
streamkey,#hash_56a42e352481128d
streamkey,#hash_5a1f6e7e47c89670
streamkey,#hash_5a1f6f7e47c89823
streamkey,#hash_5a1f767e47c8a408
streamkey,#hash_5a1f777e47c8a5bb
streamkey,#hash_5a1f787e47c8a76e
streamkey,#hash_5a1f797e47c8a921
streamkey,#hash_5a1f7a7e47c8aad4
streamkey,#hash_5a1f7b7e47c8ac87
streamkey,#hash_5a22f37e47cbae46
streamkey,#hash_5a22f47e47cbaff9
streamkey,#hash_5a22f97e47cbb878
streamkey,#hash_5a22fa7e47cbba2b
streamkey,#hash_5a22fb7e47cbbbde
streamkey,#hash_5a22fc7e47cbbd91
streamkey,#hash_5a22fd7e47cbbf44
streamkey,#hash_5a22fe7e47cbc0f7
streamkey,#hash_5a22ff7e47cbc2aa
streamkey,#hash_5a23007e47cbc45d
streamkey,#hash_5a267a7e47cec982
streamkey,#hash_5a267b7e47cecb35
streamkey,#hash_5a267c7e47cecce8
streamkey,#hash_5a267d7e47cece9b
streamkey,#hash_5a267e7e47ced04e
streamkey,#hash_5a267f7e47ced201
streamkey,#hash_5a26807e47ced3b4
streamkey,#hash_5a26817e47ced567
streamkey,#hash_5a26827e47ced71a
streamkey,#hash_5a26837e47ced8cd
streamkey,#hash_5a29e77e47d1b890
streamkey,#hash_5a29e87e47d1ba43
streamkey,#hash_5a29e97e47d1bbf6
streamkey,#hash_5a29ea7e47d1bda9
streamkey,#hash_5a29eb7e47d1bf5c
streamkey,#hash_5a29ec7e47d1c10f
streamkey,#hash_5a29ed7e47d1c2c2
streamkey,#hash_5a29ee7e47d1c475
streamkey,#hash_5a29ef7e47d1c628
streamkey,#hash_5a29f07e47d1c7db
streamkey,#hash_5a2cea7e47d3f380
streamkey,#hash_5a2ceb7e47d3f533
streamkey,#hash_5a2cec7e47d3f6e6
streamkey,#hash_5a2ced7e47d3f899
streamkey,#hash_5a2cee7e47d3fa4c
streamkey,#hash_5a2cef7e47d3fbff
streamkey,#hash_5a2cf07e47d3fdb2
streamkey,#hash_5a2cf17e47d3ff65
streamkey,#hash_5a2cf67e47d407e4
streamkey,#hash_5a2cf77e47d40997
streamkey,#hash_5a306f7e47d70b56
streamkey,#hash_5a30707e47d70d09
streamkey,#hash_5a30717e47d70ebc
streamkey,#hash_5a30727e47d7106f
streamkey,#hash_5a30737e47d71222
streamkey,#hash_5a30747e47d713d5
streamkey,#hash_5be93c4d62b9c9ec
streamkey,#hash_5be93d4d62b9cb9f
streamkey,#hash_5be9404d62b9d0b8
streamkey,#hash_5be9414d62b9d26b
streamkey,#hash_5be9424d62b9d41e
streamkey,#hash_5be9434d62b9d5d1
streamkey,#hash_5be9444d62b9d784
streamkey,#hash_5be9454d62b9d937
streamkey,#hash_5be9464d62b9daea
streamkey,#hash_5be9474d62b9dc9d
streamkey,#hash_5becc14d62bce1c2
streamkey,#hash_5becc24d62bce375
streamkey,#hash_5becc34d62bce528
streamkey,#hash_5becc44d62bce6db
streamkey,#hash_5becc54d62bce88e
streamkey,#hash_5becc64d62bcea41
streamkey,#hash_5becc74d62bcebf4
streamkey,#hash_5becc84d62bceda7
streamkey,#hash_5bf6b44d62c52030
streamkey,#hash_5bf6b54d62c521e3
streamkey,#hash_5bf6bc4d62c52dc8
streamkey,#hash_5bf6bd4d62c52f7b
streamkey,#hash_5bf6be4d62c5312e
streamkey,#hash_5bf6bf4d62c532e1
streamkey,#hash_5bf6c04d62c53494
streamkey,#hash_5bf6c14d62c53647
streamkey,#hash_5bf6c24d62c537fa
streamkey,#hash_5bf6c34d62c539ad
streamkey,#hash_5bfa394d62c83806
streamkey,#hash_5bfa3a4d62c839b9
streamkey,#hash_5bfa3f4d62c84238
streamkey,#hash_5bfa404d62c843eb
streamkey,#hash_5bfa414d62c8459e
streamkey,#hash_5bfa424d62c84751
streamkey,#hash_5bfa434d62c84904
streamkey,#hash_5bfa444d62c84ab7
streamkey,#hash_5bfa454d62c84c6a
streamkey,#hash_5bfa464d62c84e1d
streamkey,#hash_5bfdc04d62cb5342
streamkey,#hash_5bfdc14d62cb54f5
streamkey,#hash_5bfdc24d62cb56a8
streamkey,#hash_5bfdc34d62cb585b
streamkey,#hash_5bfdc44d62cb5a0e
streamkey,#hash_5bfdc54d62cb5bc1
streamkey,#hash_5bfdc64d62cb5d74
streamkey,#hash_5bfdc74d62cb5f27
streamkey,#hash_5bfdc84d62cb60da
streamkey,#hash_5bfdc94d62cb628d
streamkey,#hash_5c012d4d62ce4250
streamkey,#hash_5c012e4d62ce4403
streamkey,#hash_5c012f4d62ce45b6
streamkey,#hash_5c01304d62ce4769
streamkey,#hash_5c01314d62ce491c
streamkey,#hash_5c01324d62ce4acf
streamkey,#hash_5c01334d62ce4c82
streamkey,#hash_5c01344d62ce4e35
streamkey,#hash_5c01354d62ce4fe8
streamkey,#hash_5c01364d62ce519b
streamkey,#hash_5c04304d62d07d40
streamkey,#hash_5c04314d62d07ef3
streamkey,#hash_5c04324d62d080a6
streamkey,#hash_5c04334d62d08259
streamkey,#hash_5c04344d62d0840c
streamkey,#hash_5c04354d62d085bf
streamkey,#hash_5c04364d62d08772
streamkey,#hash_5c04374d62d08925
streamkey,#hash_5c043c4d62d091a4
streamkey,#hash_5c043d4d62d09357
streamkey,#hash_5c07b34d62d391b0
streamkey,#hash_5c07b44d62d39363
streamkey,#hash_5c07b54d62d39516
streamkey,#hash_5c07b64d62d396c9
streamkey,#hash_5c07b74d62d3987c
streamkey,#hash_5c07b84d62d39a2f
streamkey,#hash_5c07b94d62d39be2
streamkey,#hash_5c07ba4d62d39d95
streamkey,#hash_5c07c14d62d3a97a
streamkey,#hash_5c07c24d62d3ab2d
streamkey,#hash_5c0b384d62d6a986
streamkey,#hash_5c0b394d62d6ab39
streamkey,#hash_5c0b3e4d62d6b3b8
streamkey,#hash_5c0b3f4d62d6b56b
streamkey,#hash_5c0b404d62d6b71e
streamkey,#hash_5c0b414d62d6b8d1
streamkey,#hash_5c0b424d62d6ba84
streamkey,#hash_5c0b444d62d6bdea
streamkey,#hash_5c0b454d62d6bf9d
streamkey,#hash_5c0ebd4d62d9c15c
streamkey,#hash_5c0ebe4d62d9c30f
streamkey,#hash_5c0ec14d62d9c828
streamkey,#hash_5c0ec24d62d9c9db
streamkey,#hash_5c0ec34d62d9cb8e
streamkey,#hash_5c0ec44d62d9cd41
streamkey,#hash_5c0ec54d62d9cef4
streamkey,#hash_5c0ec64d62d9d0a7
streamkey,#hash_5c0ec74d62d9d25a
streamkey,#hash_5c0ec84d62d9d40d
streamkey,#hash_5c57e884b6767310
streamkey,#hash_5c57e984b67674c3
streamkey,#hash_5c57ea84b6767676
streamkey,#hash_5c57eb84b6767829
streamkey,#hash_5c57ec84b67679dc
streamkey,#hash_5c57ed84b6767b8f
streamkey,#hash_5c57ee84b6767d42
streamkey,#hash_5c57ef84b6767ef5
streamkey,#hash_5c57f084b67680a8
streamkey,#hash_5c57f184b676825b
streamkey,#hash_5c5aeb84b678ae00
streamkey,#hash_5c5aec84b678afb3
streamkey,#hash_5c5aed84b678b166
streamkey,#hash_5c5aee84b678b319
streamkey,#hash_5c5aef84b678b4cc
streamkey,#hash_5c5af084b678b67f
streamkey,#hash_5c5af184b678b832
streamkey,#hash_5c5af284b678b9e5
streamkey,#hash_5c5af584b678befe
streamkey,#hash_5c5af684b678c0b1
streamkey,#hash_5c5e6e84b67bc270
streamkey,#hash_5c5e6f84b67bc423
streamkey,#hash_5c5e7084b67bc5d6
streamkey,#hash_5c5e7184b67bc789
streamkey,#hash_5c5e7284b67bc93c
streamkey,#hash_5c5e7384b67bcaef
streamkey,#hash_5c5e7484b67bcca2
streamkey,#hash_5c5e7584b67bce55
streamkey,#hash_5c5e7c84b67bda3a
streamkey,#hash_5c5e7d84b67bdbed
streamkey,#hash_5c61f184b67ed6e0
streamkey,#hash_5c61f284b67ed893
streamkey,#hash_5c61f984b67ee478
streamkey,#hash_5c61fa84b67ee62b
streamkey,#hash_5c61fb84b67ee7de
streamkey,#hash_5c61fc84b67ee991
streamkey,#hash_5c61fd84b67eeb44
streamkey,#hash_5c61fe84b67eecf7
streamkey,#hash_5c61ff84b67eeeaa
streamkey,#hash_5c620084b67ef05d
streamkey,#hash_5c657884b681f21c
streamkey,#hash_5c657984b681f3cf
streamkey,#hash_5c657c84b681f8e8
streamkey,#hash_5c657d84b681fa9b
streamkey,#hash_5c657e84b681fc4e
streamkey,#hash_5c657f84b681fe01
streamkey,#hash_5c658084b681ffb4
streamkey,#hash_5c658184b6820167
streamkey,#hash_5c658284b682031a
streamkey,#hash_5c658384b68204cd
streamkey,#hash_5c687d84b6843072
streamkey,#hash_5c687e84b6843225
streamkey,#hash_5c687f84b68433d8
streamkey,#hash_5c688084b684358b
streamkey,#hash_5c688184b684373e
streamkey,#hash_5c688284b68438f1
streamkey,#hash_5c688384b6843aa4
streamkey,#hash_5c688484b6843c57
streamkey,#hash_5c688584b6843e0a
streamkey,#hash_5c688684b6843fbd
streamkey,#hash_5c6bea84b6871f80
streamkey,#hash_5c6beb84b6872133
streamkey,#hash_5c6bec84b68722e6
streamkey,#hash_5c6bed84b6872499
streamkey,#hash_5c6bee84b687264c
streamkey,#hash_5c6bef84b68727ff
streamkey,#hash_5c6bf084b68729b2
streamkey,#hash_5c6bf184b6872b65
streamkey,#hash_5c6bf484b687307e
streamkey,#hash_5c6bf584b6873231
streamkey,#hash_5c6f6d84b68a33f0
streamkey,#hash_5c6f6e84b68a35a3
streamkey,#hash_5c6f6f84b68a3756
streamkey,#hash_5c6f7084b68a3909
streamkey,#hash_5c6f7184b68a3abc
streamkey,#hash_5c6f7284b68a3c6f
streamkey,#hash_5c6f7384b68a3e22
streamkey,#hash_5c6f7484b68a3fd5
streamkey,#hash_5c6f7984b68a4854
streamkey,#hash_5c6f7a84b68a4a07
streamkey,#hash_5c72f084b68d4860
streamkey,#hash_5c72f184b68d4a13
streamkey,#hash_5c72f884b68d55f8
streamkey,#hash_5c72f984b68d57ab
streamkey,#hash_5c72fa84b68d595e
streamkey,#hash_5c72fb84b68d5b11
streamkey,#hash_5c72fc84b68d5cc4
streamkey,#hash_5c72fd84b68d5e77
streamkey,#hash_5c72fe84b68d602a
streamkey,#hash_5c72ff84b68d61dd
streamkey,#hash_5c767584b6906036
streamkey,#hash_5c767684b69061e9
streamkey,#hash_5c767b84b6906a68
streamkey,#hash_5c767c84b6906c1b
streamkey,#hash_5c767d84b6906dce
streamkey,#hash_5c767e84b6906f81
streamkey,#hash_5c767f84b6907134
streamkey,#hash_5c768084b69072e7
streamkey,#hash_5c768184b690749a
streamkey,#hash_5c768284b690764d
streamkey,#hash_5e93df850050170c
streamkey,#hash_5e93e085005018bf
streamkey,#hash_5e93e38500501dd8
streamkey,#hash_5e93e48500501f8b
streamkey,#hash_5e93e5850050213e
streamkey,#hash_5e93e685005022f1
streamkey,#hash_5e93e785005024a4
streamkey,#hash_5e93e88500502657
streamkey,#hash_5e93e9850050280a
streamkey,#hash_5e93ea85005029bd
streamkey,#hash_5e97648500532ee2
streamkey,#hash_5e97658500533095
streamkey,#hash_5e97668500533248
streamkey,#hash_5e976785005333fb
streamkey,#hash_5e976885005335ae
streamkey,#hash_5e97698500533761
streamkey,#hash_5e976a8500533914
streamkey,#hash_5e976b8500533ac7
streamkey,#hash_5e976c8500533c7a
streamkey,#hash_5e976d8500533e2d
streamkey,#hash_5ea1d785005c46d0
streamkey,#hash_5ea1d885005c4883
streamkey,#hash_5ea1df85005c5468
streamkey,#hash_5ea1e085005c561b
streamkey,#hash_5ea1e185005c57ce
streamkey,#hash_5ea1e285005c5981
streamkey,#hash_5ea1e385005c5b34
streamkey,#hash_5ea1e485005c5ce7
streamkey,#hash_5ea1e585005c5e9a
streamkey,#hash_5ea1e685005c604d
streamkey,#hash_5ea4dc85005e8526
streamkey,#hash_5ea4dd85005e86d9
streamkey,#hash_5ea4e285005e8f58
streamkey,#hash_5ea4e385005e910b
streamkey,#hash_5ea4e485005e92be
streamkey,#hash_5ea4e585005e9471
streamkey,#hash_5ea4e685005e9624
streamkey,#hash_5ea4e785005e97d7
streamkey,#hash_5ea4e885005e998a
streamkey,#hash_5ea4e985005e9b3d
streamkey,#hash_5ea863850061a062
streamkey,#hash_5ea864850061a215
streamkey,#hash_5ea865850061a3c8
streamkey,#hash_5ea866850061a57b
streamkey,#hash_5ea867850061a72e
streamkey,#hash_5ea868850061a8e1
streamkey,#hash_5ea869850061aa94
streamkey,#hash_5ea86a850061ac47
streamkey,#hash_5ea86b850061adfa
streamkey,#hash_5ea86c850061afad
streamkey,#hash_5eabd08500648f70
streamkey,#hash_5eabd18500649123
streamkey,#hash_5eabd285006492d6
streamkey,#hash_5eabd38500649489
streamkey,#hash_5eabd4850064963c
streamkey,#hash_5eabd585006497ef
streamkey,#hash_5eabd685006499a2
streamkey,#hash_5eabd78500649b55
streamkey,#hash_5eabd88500649d08
streamkey,#hash_5eabd98500649ebb
streamkey,#hash_5eaf53850067a3e0
streamkey,#hash_5eaf54850067a593
streamkey,#hash_5eaf55850067a746
streamkey,#hash_5eaf56850067a8f9
streamkey,#hash_5eaf57850067aaac
streamkey,#hash_5eaf58850067ac5f
streamkey,#hash_5eaf59850067ae12
streamkey,#hash_5eaf5a850067afc5
streamkey,#hash_5eaf5f850067b844
streamkey,#hash_5eaf60850067b9f7
streamkey,#hash_5eb2d685006ab850
streamkey,#hash_5eb2d785006aba03
streamkey,#hash_5eb2d885006abbb6
streamkey,#hash_5eb2d985006abd69
streamkey,#hash_5eb2da85006abf1c
streamkey,#hash_5eb2db85006ac0cf
streamkey,#hash_5eb2dc85006ac282
streamkey,#hash_5eb2dd85006ac435
streamkey,#hash_5eb2e485006ad01a
streamkey,#hash_5eb2e585006ad1cd
streamkey,#hash_5eb5db85006cf6a6
streamkey,#hash_5eb5dc85006cf859
streamkey,#hash_5eb5e185006d00d8
streamkey,#hash_5eb5e285006d028b
streamkey,#hash_5eb5e385006d043e
streamkey,#hash_5eb5e485006d05f1
streamkey,#hash_5eb5e585006d07a4
streamkey,#hash_5eb5e685006d0957
streamkey,#hash_5eb5e785006d0b0a
streamkey,#hash_5eb5e885006d0cbd
streamkey,#hash_5eb9608500700e7c
streamkey,#hash_5eb961850070102f
streamkey,#hash_5eb9648500701548
streamkey,#hash_5eb96585007016fb
streamkey,#hash_5eb96685007018ae
streamkey,#hash_5eb9678500701a61
streamkey,#hash_5eb9688500701c14
streamkey,#hash_5eb9698500701dc7
streamkey,#hash_5eb96a8500701f7a
streamkey,#hash_5eb96b850070212d
streamkey,#hash_6348d74d66895380
streamkey,#hash_6348d84d66895533
streamkey,#hash_6348d94d668956e6
streamkey,#hash_6348da4d66895899
streamkey,#hash_6348db4d66895a4c
streamkey,#hash_6348dc4d66895bff
streamkey,#hash_6348dd4d66895db2
streamkey,#hash_6348de4d66895f65
streamkey,#hash_6348e14d6689647e
streamkey,#hash_6348e24d66896631
streamkey,#hash_634c5a4d668c67f0
streamkey,#hash_634c5b4d668c69a3
streamkey,#hash_634c5c4d668c6b56
streamkey,#hash_634c5d4d668c6d09
streamkey,#hash_634c5e4d668c6ebc
streamkey,#hash_634c5f4d668c706f
streamkey,#hash_634c604d668c7222
streamkey,#hash_634c614d668c73d5
streamkey,#hash_634c664d668c7c54
streamkey,#hash_634c674d668c7e07
streamkey,#hash_634fdd4d668f7c60
streamkey,#hash_634fde4d668f7e13
streamkey,#hash_634fe54d668f89f8
streamkey,#hash_634fe64d668f8bab
streamkey,#hash_634fe74d668f8d5e
streamkey,#hash_634fe84d668f8f11
streamkey,#hash_634fe94d668f90c4
streamkey,#hash_634fea4d668f9277
streamkey,#hash_634feb4d668f942a
streamkey,#hash_634fec4d668f95dd
streamkey,#hash_6353624d66929436
streamkey,#hash_6353634d669295e9
streamkey,#hash_6353684d66929e68
streamkey,#hash_6353694d6692a01b
streamkey,#hash_63536a4d6692a1ce
streamkey,#hash_63536b4d6692a381
streamkey,#hash_63536c4d6692a534
streamkey,#hash_63536d4d6692a6e7
streamkey,#hash_63536e4d6692a89a
streamkey,#hash_63536f4d6692aa4d
streamkey,#hash_6356694d6694d5f2
streamkey,#hash_63566a4d6694d7a5
streamkey,#hash_63566b4d6694d958
streamkey,#hash_63566c4d6694db0b
streamkey,#hash_63566f4d6694e024
streamkey,#hash_6356704d6694e1d7
streamkey,#hash_6356714d6694e38a
streamkey,#hash_6356724d6694e53d
streamkey,#hash_6359d64d6697c500
streamkey,#hash_6359d74d6697c6b3
streamkey,#hash_6359d84d6697c866
streamkey,#hash_6359d94d6697ca19
streamkey,#hash_6359da4d6697cbcc
streamkey,#hash_6359db4d6697cd7f
streamkey,#hash_6359dc4d6697cf32
streamkey,#hash_6359dd4d6697d0e5
streamkey,#hash_6359de4d6697d298
streamkey,#hash_6359df4d6697d44b
streamkey,#hash_635d594d669ad970
streamkey,#hash_635d5a4d669adb23
streamkey,#hash_635d5b4d669adcd6
streamkey,#hash_635d5c4d669ade89
streamkey,#hash_635d5d4d669ae03c
streamkey,#hash_635d5e4d669ae1ef
streamkey,#hash_635d5f4d669ae3a2
streamkey,#hash_635d604d669ae555
streamkey,#hash_635d654d669aedd4
streamkey,#hash_635d664d669aef87
streamkey,#hash_6360dc4d669dede0
streamkey,#hash_6360dd4d669def93
streamkey,#hash_6360de4d669df146
streamkey,#hash_6360df4d669df2f9
streamkey,#hash_6360e04d669df4ac
streamkey,#hash_6360e14d669df65f
streamkey,#hash_6360e24d669df812
streamkey,#hash_6360e34d669df9c5
streamkey,#hash_6360ea4d669e05aa
streamkey,#hash_6360eb4d669e075d
streamkey,#hash_6364614d66a105b6
streamkey,#hash_6364624d66a10769
streamkey,#hash_6364674d66a10fe8
streamkey,#hash_6364684d66a1119b
streamkey,#hash_6364694d66a1134e
streamkey,#hash_63646a4d66a11501
streamkey,#hash_63646b4d66a116b4
streamkey,#hash_63646c4d66a11867
streamkey,#hash_63646d4d66a11a1a
streamkey,#hash_63646e4d66a11bcd
streamkey,#hash_6367664d66a3440c
streamkey,#hash_6367674d66a345bf
streamkey,#hash_63676a4d66a34ad8
streamkey,#hash_63676b4d66a34c8b
streamkey,#hash_63676c4d66a34e3e
streamkey,#hash_63676d4d66a34ff1
streamkey,#hash_63676e4d66a351a4
streamkey,#hash_63676f4d66a35357
streamkey,#hash_6367704d66a3550a
streamkey,#hash_6367714d66a356bd
streamkey,#hash_63dbee5ec8973e50
streamkey,#hash_63dbef5ec8974003
streamkey,#hash_63dbf05ec89741b6
streamkey,#hash_63dbf15ec8974369
streamkey,#hash_63dbf25ec897451c
streamkey,#hash_63dbf35ec89746cf
streamkey,#hash_63dbf45ec8974882
streamkey,#hash_63dbf55ec8974a35
streamkey,#hash_63dbf65ec8974be8
streamkey,#hash_63dbf75ec8974d9b
streamkey,#hash_63def15ec8997940
streamkey,#hash_63def25ec8997af3
streamkey,#hash_63def35ec8997ca6
streamkey,#hash_63def45ec8997e59
streamkey,#hash_63def55ec899800c
streamkey,#hash_63def65ec89981bf
streamkey,#hash_63def75ec8998372
streamkey,#hash_63def85ec8998525
streamkey,#hash_63defb5ec8998a3e
streamkey,#hash_63defc5ec8998bf1
streamkey,#hash_63e2745ec89c8db0
streamkey,#hash_63e2755ec89c8f63
streamkey,#hash_63e2765ec89c9116
streamkey,#hash_63e2775ec89c92c9
streamkey,#hash_63e2785ec89c947c
streamkey,#hash_63e2795ec89c962f
streamkey,#hash_63e27a5ec89c97e2
streamkey,#hash_63e27b5ec89c9995
streamkey,#hash_63e2825ec89ca57a
streamkey,#hash_63e2835ec89ca72d
streamkey,#hash_63e5f75ec89fa220
streamkey,#hash_63e5f85ec89fa3d3
streamkey,#hash_63e5ff5ec89fafb8
streamkey,#hash_63e6005ec89fb16b
streamkey,#hash_63e6015ec89fb31e
streamkey,#hash_63e6025ec89fb4d1
streamkey,#hash_63e6035ec89fb684
streamkey,#hash_63e6045ec89fb837
streamkey,#hash_63e6055ec89fb9ea
streamkey,#hash_63e6065ec89fbb9d
streamkey,#hash_63e97e5ec8a2bd5c
streamkey,#hash_63e97f5ec8a2bf0f
streamkey,#hash_63e9825ec8a2c428
streamkey,#hash_63e9835ec8a2c5db
streamkey,#hash_63e9845ec8a2c78e
streamkey,#hash_63e9855ec8a2c941
streamkey,#hash_63e9865ec8a2caf4
streamkey,#hash_63e9875ec8a2cca7
streamkey,#hash_63e9885ec8a2ce5a
streamkey,#hash_63e9895ec8a2d00d
streamkey,#hash_63ec835ec8a4fbb2
streamkey,#hash_63ec845ec8a4fd65
streamkey,#hash_63ec855ec8a4ff18
streamkey,#hash_63ec865ec8a500cb
streamkey,#hash_63ec875ec8a5027e
streamkey,#hash_63ec885ec8a50431
streamkey,#hash_63ec895ec8a505e4
streamkey,#hash_63ec8a5ec8a50797
streamkey,#hash_63ec8b5ec8a5094a
streamkey,#hash_63ec8c5ec8a50afd
streamkey,#hash_63eff05ec8a7eac0
streamkey,#hash_63eff15ec8a7ec73
streamkey,#hash_63eff25ec8a7ee26
streamkey,#hash_63eff35ec8a7efd9
streamkey,#hash_63eff45ec8a7f18c
streamkey,#hash_63eff55ec8a7f33f
streamkey,#hash_63eff65ec8a7f4f2
streamkey,#hash_63eff75ec8a7f6a5
streamkey,#hash_63effa5ec8a7fbbe
streamkey,#hash_63effb5ec8a7fd71
streamkey,#hash_63f3735ec8aaff30
streamkey,#hash_63f3745ec8ab00e3
streamkey,#hash_63f3755ec8ab0296
streamkey,#hash_63f3765ec8ab0449
streamkey,#hash_63f3775ec8ab05fc
streamkey,#hash_63f3785ec8ab07af
streamkey,#hash_63f3795ec8ab0962
streamkey,#hash_63f37a5ec8ab0b15
streamkey,#hash_63f37f5ec8ab1394
streamkey,#hash_63f3805ec8ab1547
streamkey,#hash_63f6f65ec8ae13a0
streamkey,#hash_63f6f75ec8ae1553
streamkey,#hash_63f6fe5ec8ae2138
streamkey,#hash_63f6ff5ec8ae22eb
streamkey,#hash_63f7005ec8ae249e
streamkey,#hash_63f7015ec8ae2651
streamkey,#hash_63f7025ec8ae2804
streamkey,#hash_63f7035ec8ae29b7
streamkey,#hash_63f7045ec8ae2b6a
streamkey,#hash_63f7055ec8ae2d1d
streamkey,#hash_63fa7b5ec8b12b76
streamkey,#hash_63fa7c5ec8b12d29
streamkey,#hash_63fa815ec8b135a8
streamkey,#hash_63fa825ec8b1375b
streamkey,#hash_63fa835ec8b1390e
streamkey,#hash_63fa845ec8b13ac1
streamkey,#hash_63fa855ec8b13c74
streamkey,#hash_63fa865ec8b13e27
streamkey,#hash_63fa875ec8b13fda
streamkey,#hash_63fa885ec8b1418d
streamkey,#hash_65639184bbb18a40
streamkey,#hash_65639284bbb18bf3
streamkey,#hash_65639384bbb18da6
streamkey,#hash_65639484bbb18f59
streamkey,#hash_65639584bbb1910c
streamkey,#hash_65639684bbb192bf
streamkey,#hash_65639784bbb19472
streamkey,#hash_65639884bbb19625
streamkey,#hash_65639984bbb197d8
streamkey,#hash_65639a84bbb1998b
streamkey,#hash_65671484bbb49eb0
streamkey,#hash_65671584bbb4a063
streamkey,#hash_65671684bbb4a216
streamkey,#hash_65671784bbb4a3c9
streamkey,#hash_65671884bbb4a57c
streamkey,#hash_65671984bbb4a72f
streamkey,#hash_65671a84bbb4a8e2
streamkey,#hash_65671b84bbb4aa95
streamkey,#hash_65671e84bbb4afae
streamkey,#hash_65671f84bbb4b161
streamkey,#hash_656a9784bbb7b320
streamkey,#hash_656a9884bbb7b4d3
streamkey,#hash_656a9984bbb7b686
streamkey,#hash_656a9a84bbb7b839
streamkey,#hash_656a9b84bbb7b9ec
streamkey,#hash_656a9c84bbb7bb9f
streamkey,#hash_656a9d84bbb7bd52
streamkey,#hash_656a9e84bbb7bf05
streamkey,#hash_656aa584bbb7caea
streamkey,#hash_656aa684bbb7cc9d
streamkey,#hash_656e1a84bbbac790
streamkey,#hash_656e1b84bbbac943
streamkey,#hash_656e2284bbbad528
streamkey,#hash_656e2384bbbad6db
streamkey,#hash_656e2484bbbad88e
streamkey,#hash_656e2584bbbada41
streamkey,#hash_656e2684bbbadbf4
streamkey,#hash_656e2784bbbadda7
streamkey,#hash_656e2884bbbadf5a
streamkey,#hash_656e2984bbbae10d
streamkey,#hash_65712184bbbd094c
streamkey,#hash_65712284bbbd0aff
streamkey,#hash_65712584bbbd1018
streamkey,#hash_65712684bbbd11cb
streamkey,#hash_65712784bbbd137e
streamkey,#hash_65712884bbbd1531
streamkey,#hash_65712984bbbd16e4
streamkey,#hash_65712a84bbbd1897
streamkey,#hash_65712b84bbbd1a4a
streamkey,#hash_65712c84bbbd1bfd
streamkey,#hash_6574a684bbc02122
streamkey,#hash_6574a784bbc022d5
streamkey,#hash_6574a884bbc02488
streamkey,#hash_6574a984bbc0263b
streamkey,#hash_6574aa84bbc027ee
streamkey,#hash_6574ab84bbc029a1
streamkey,#hash_6574ac84bbc02b54
streamkey,#hash_6574ad84bbc02d07
streamkey,#hash_6574ae84bbc02eba
streamkey,#hash_6574af84bbc0306d
streamkey,#hash_65781384bbc31030
streamkey,#hash_65781484bbc311e3
streamkey,#hash_65781584bbc31396
streamkey,#hash_65781684bbc31549
streamkey,#hash_65781784bbc316fc
streamkey,#hash_65781884bbc318af
streamkey,#hash_65781984bbc31a62
streamkey,#hash_65781a84bbc31c15
streamkey,#hash_65781d84bbc3212e
streamkey,#hash_65781e84bbc322e1
streamkey,#hash_657b9684bbc624a0
streamkey,#hash_657b9784bbc62653
streamkey,#hash_657b9884bbc62806
streamkey,#hash_657b9984bbc629b9
streamkey,#hash_657b9a84bbc62b6c
streamkey,#hash_657b9b84bbc62d1f
streamkey,#hash_657b9c84bbc62ed2
streamkey,#hash_657b9d84bbc63085
streamkey,#hash_657ba284bbc63904
streamkey,#hash_657ba384bbc63ab7
streamkey,#hash_6585a584bbce92a2
streamkey,#hash_6585a684bbce9455
streamkey,#hash_6585a784bbce9608
streamkey,#hash_6585a884bbce97bb
streamkey,#hash_6585a984bbce996e
streamkey,#hash_6585aa84bbce9b21
streamkey,#hash_6585ab84bbce9cd4
streamkey,#hash_6585ac84bbce9e87
streamkey,#hash_6585ad84bbcea03a
streamkey,#hash_6585ae84bbcea1ed
streamkey,#hash_65891284bbd181b0
streamkey,#hash_65891384bbd18363
streamkey,#hash_65891484bbd18516
streamkey,#hash_65891584bbd186c9
streamkey,#hash_65891684bbd1887c
streamkey,#hash_65891784bbd18a2f
streamkey,#hash_65891884bbd18be2
streamkey,#hash_65891984bbd18d95
streamkey,#hash_65891a84bbd18f48
streamkey,#hash_65891b84bbd190fb
streamkey,#hash_6833d567e8fe30a0
streamkey,#hash_6833d667e8fe3253
streamkey,#hash_6833d767e8fe3406
streamkey,#hash_6833d867e8fe35b9
streamkey,#hash_6833d967e8fe376c
streamkey,#hash_6833da67e8fe391f
streamkey,#hash_6833db67e8fe3ad2
streamkey,#hash_6833dc67e8fe3c85
streamkey,#hash_6833dd67e8fe3e38
streamkey,#hash_6833de67e8fe3feb
streamkey,#hash_68375867e9014510
streamkey,#hash_68375967e90146c3
streamkey,#hash_68375a67e9014876
streamkey,#hash_68375b67e9014a29
streamkey,#hash_68375c67e9014bdc
streamkey,#hash_68375d67e9014d8f
streamkey,#hash_68375e67e9014f42
streamkey,#hash_68375f67e90150f5
streamkey,#hash_68376267e901560e
streamkey,#hash_68376367e90157c1
streamkey,#hash_683a5b67e9038000
streamkey,#hash_683a5c67e90381b3
streamkey,#hash_683a5d67e9038366
streamkey,#hash_683a5e67e9038519
streamkey,#hash_683a5f67e90386cc
streamkey,#hash_683a6067e903887f
streamkey,#hash_683a6167e9038a32
streamkey,#hash_683a6267e9038be5
streamkey,#hash_683a6967e90397ca
streamkey,#hash_683a6a67e903997d
streamkey,#hash_683dde67e9069470
streamkey,#hash_683ddf67e9069623
streamkey,#hash_683de667e906a208
streamkey,#hash_683de767e906a3bb
streamkey,#hash_683de867e906a56e
streamkey,#hash_683de967e906a721
streamkey,#hash_683dea67e906a8d4
streamkey,#hash_683deb67e906aa87
streamkey,#hash_683dec67e906ac3a
streamkey,#hash_683ded67e906aded
streamkey,#hash_68416567e909afac
streamkey,#hash_68416667e909b15f
streamkey,#hash_68416967e909b678
streamkey,#hash_68416a67e909b82b
streamkey,#hash_68416b67e909b9de
streamkey,#hash_68416c67e909bb91
streamkey,#hash_68416d67e909bd44
streamkey,#hash_68416e67e909bef7
streamkey,#hash_68416f67e909c0aa
streamkey,#hash_68417067e909c25d
streamkey,#hash_6844ea67e90cc782
streamkey,#hash_6844eb67e90cc935
streamkey,#hash_6844ec67e90ccae8
streamkey,#hash_6844ed67e90ccc9b
streamkey,#hash_6844ee67e90cce4e
streamkey,#hash_6844ef67e90cd001
streamkey,#hash_6844f067e90cd1b4
streamkey,#hash_6844f167e90cd367
streamkey,#hash_6844f267e90cd51a
streamkey,#hash_6844f367e90cd6cd
streamkey,#hash_68485767e90fb690
streamkey,#hash_68485867e90fb843
streamkey,#hash_68485967e90fb9f6
streamkey,#hash_68485a67e90fbba9
streamkey,#hash_68485b67e90fbd5c
streamkey,#hash_68485c67e90fbf0f
streamkey,#hash_68485d67e90fc0c2
streamkey,#hash_68485e67e90fc275
streamkey,#hash_68486167e90fc78e
streamkey,#hash_68486267e90fc941
streamkey,#hash_684b5a67e911f180
streamkey,#hash_684b5b67e911f333
streamkey,#hash_684b5c67e911f4e6
streamkey,#hash_684b5d67e911f699
streamkey,#hash_684b5e67e911f84c
streamkey,#hash_684b5f67e911f9ff
streamkey,#hash_684b6067e911fbb2
streamkey,#hash_684b6167e911fd65
streamkey,#hash_684b6667e91205e4
streamkey,#hash_684b6767e9120797
streamkey,#hash_685c5967e9206300
streamkey,#hash_685c5a67e92064b3
streamkey,#hash_685c5b67e9206666
streamkey,#hash_685c5c67e9206819
streamkey,#hash_685c5d67e92069cc
streamkey,#hash_685c5e67e9206b7f
streamkey,#hash_685c5f67e9206d32
streamkey,#hash_685c6067e9206ee5
streamkey,#hash_685c6567e9207764
streamkey,#hash_685c6667e9207917
streamkey,#hash_685fdc67e9237770
streamkey,#hash_685fdd67e9237923
streamkey,#hash_685fde67e9237ad6
streamkey,#hash_685fdf67e9237c89
streamkey,#hash_685fe067e9237e3c
streamkey,#hash_685fe167e9237fef
streamkey,#hash_685fe267e92381a2
streamkey,#hash_685fe367e9238355
streamkey,#hash_685fea67e9238f3a
streamkey,#hash_685feb67e92390ed
streamkey,#hash_6a7dba7e50c8ba70
streamkey,#hash_6a7dbb7e50c8bc23
streamkey,#hash_6a7dbc7e50c8bdd6
streamkey,#hash_6a7dbd7e50c8bf89
streamkey,#hash_6a7dbe7e50c8c13c
streamkey,#hash_6a7dbf7e50c8c2ef
streamkey,#hash_6a7dc07e50c8c4a2
streamkey,#hash_6a7dc17e50c8c655
streamkey,#hash_6a7dc47e50c8cb6e
streamkey,#hash_6a7dc57e50c8cd21
streamkey,#hash_6a813d7e50cbcee0
streamkey,#hash_6a813e7e50cbd093
streamkey,#hash_6a813f7e50cbd246
streamkey,#hash_6a81407e50cbd3f9
streamkey,#hash_6a81417e50cbd5ac
streamkey,#hash_6a81427e50cbd75f
streamkey,#hash_6a81437e50cbd912
streamkey,#hash_6a81447e50cbdac5
streamkey,#hash_6a81497e50cbe344
streamkey,#hash_6a814a7e50cbe4f7
streamkey,#hash_6a84c07e50cee350
streamkey,#hash_6a84c17e50cee503
streamkey,#hash_6a84c87e50cef0e8
streamkey,#hash_6a84c97e50cef29b
streamkey,#hash_6a84ca7e50cef44e
streamkey,#hash_6a84cb7e50cef601
streamkey,#hash_6a84cc7e50cef7b4
streamkey,#hash_6a84cd7e50cef967
streamkey,#hash_6a84ce7e50cefb1a
streamkey,#hash_6a84cf7e50cefccd
streamkey,#hash_6a87c57e50d121a6
streamkey,#hash_6a87c67e50d12359
streamkey,#hash_6a87cb7e50d12bd8
streamkey,#hash_6a87cc7e50d12d8b
streamkey,#hash_6a87cd7e50d12f3e
streamkey,#hash_6a87ce7e50d130f1
streamkey,#hash_6a87cf7e50d132a4
streamkey,#hash_6a87d07e50d13457
streamkey,#hash_6a87d17e50d1360a
streamkey,#hash_6a87d27e50d137bd
streamkey,#hash_6a8b4c7e50d43ce2
streamkey,#hash_6a8b4d7e50d43e95
streamkey,#hash_6a8b4e7e50d44048
streamkey,#hash_6a8b4f7e50d441fb
streamkey,#hash_6a8b507e50d443ae
streamkey,#hash_6a8b517e50d44561
streamkey,#hash_6a8b527e50d44714
streamkey,#hash_6a8b537e50d448c7
streamkey,#hash_6a8b547e50d44a7a
streamkey,#hash_6a8b557e50d44c2d
streamkey,#hash_6a8eb97e50d72bf0
streamkey,#hash_6a8eba7e50d72da3
streamkey,#hash_6a8ebb7e50d72f56
streamkey,#hash_6a8ebc7e50d73109
streamkey,#hash_6a8ebd7e50d732bc
streamkey,#hash_6a8ebe7e50d7346f
streamkey,#hash_6a8ebf7e50d73622
streamkey,#hash_6a8ec07e50d737d5
streamkey,#hash_6a8ec17e50d73988
streamkey,#hash_6a8ec27e50d73b3b
streamkey,#hash_6a923c7e50da4060
streamkey,#hash_6a923d7e50da4213
streamkey,#hash_6a923e7e50da43c6
streamkey,#hash_6a923f7e50da4579
streamkey,#hash_6a92407e50da472c
streamkey,#hash_6a92417e50da48df
streamkey,#hash_6a92427e50da4a92
streamkey,#hash_6a92437e50da4c45
streamkey,#hash_6a92487e50da54c4
streamkey,#hash_6a92497e50da5677
streamkey,#hash_6a95bf7e50dd54d0
streamkey,#hash_6a95c07e50dd5683
streamkey,#hash_6a95c17e50dd5836
streamkey,#hash_6a95c27e50dd59e9
streamkey,#hash_6a95c37e50dd5b9c
streamkey,#hash_6a95c47e50dd5d4f
streamkey,#hash_6a95c57e50dd5f02
streamkey,#hash_6a95c67e50dd60b5
streamkey,#hash_6a95cd7e50dd6c9a
streamkey,#hash_6a95ce7e50dd6e4d
streamkey,#hash_6a98c47e50df9326
streamkey,#hash_6a98c57e50df94d9
streamkey,#hash_6a98ca7e50df9d58
streamkey,#hash_6a98cb7e50df9f0b
streamkey,#hash_6a98cc7e50dfa0be
streamkey,#hash_6a98cd7e50dfa271
streamkey,#hash_6a98ce7e50dfa424
streamkey,#hash_6a98cf7e50dfa5d7
streamkey,#hash_6a98d07e50dfa78a
streamkey,#hash_6a98d17e50dfa93d
streamkey,#hash_6a9c497e50e2aafc
streamkey,#hash_6a9c4a7e50e2acaf
streamkey,#hash_6a9c4d7e50e2b1c8
streamkey,#hash_6a9c4e7e50e2b37b
streamkey,#hash_6a9c4f7e50e2b52e
streamkey,#hash_6a9c507e50e2b6e1
streamkey,#hash_6a9c517e50e2b894
streamkey,#hash_6a9c527e50e2ba47
streamkey,#hash_6a9c537e50e2bbfa
streamkey,#hash_6a9c547e50e2bdad
streamkey,#hash_6ce7975ecdd25580
streamkey,#hash_6ce7985ecdd25733
streamkey,#hash_6ce7995ecdd258e6
streamkey,#hash_6ce79a5ecdd25a99
streamkey,#hash_6ce79b5ecdd25c4c
streamkey,#hash_6ce79c5ecdd25dff
streamkey,#hash_6ce79d5ecdd25fb2
streamkey,#hash_6ce79e5ecdd26165
streamkey,#hash_6ce79f5ecdd26318
streamkey,#hash_6ce7a05ecdd264cb
streamkey,#hash_6ceb1a5ecdd569f0
streamkey,#hash_6ceb1b5ecdd56ba3
streamkey,#hash_6ceb1c5ecdd56d56
streamkey,#hash_6ceb1d5ecdd56f09
streamkey,#hash_6ceb1e5ecdd570bc
streamkey,#hash_6ceb1f5ecdd5726f
streamkey,#hash_6ceb205ecdd57422
streamkey,#hash_6ceb215ecdd575d5
streamkey,#hash_6ceb245ecdd57aee
streamkey,#hash_6ceb255ecdd57ca1
streamkey,#hash_6cee9d5ecdd87e60
streamkey,#hash_6cee9e5ecdd88013
streamkey,#hash_6cee9f5ecdd881c6
streamkey,#hash_6ceea05ecdd88379
streamkey,#hash_6ceea15ecdd8852c
streamkey,#hash_6ceea25ecdd886df
streamkey,#hash_6ceea35ecdd88892
streamkey,#hash_6ceea45ecdd88a45
streamkey,#hash_6ceeab5ecdd8962a
streamkey,#hash_6ceeac5ecdd897dd
streamkey,#hash_6cf2205ecddb92d0
streamkey,#hash_6cf2215ecddb9483
streamkey,#hash_6cf2285ecddba068
streamkey,#hash_6cf2295ecddba21b
streamkey,#hash_6cf22a5ecddba3ce
streamkey,#hash_6cf22b5ecddba581
streamkey,#hash_6cf22c5ecddba734
streamkey,#hash_6cf22d5ecddba8e7
streamkey,#hash_6cf22e5ecddbaa9a
streamkey,#hash_6cf22f5ecddbac4d
streamkey,#hash_6cf5275ecdddd48c
streamkey,#hash_6cf5285ecdddd63f
streamkey,#hash_6cf52b5ecddddb58
streamkey,#hash_6cf52c5ecddddd0b
streamkey,#hash_6cf52d5ecddddebe
streamkey,#hash_6cf52e5ecddde071
streamkey,#hash_6cf52f5ecddde224
streamkey,#hash_6cf5305ecddde3d7
streamkey,#hash_6cf5315ecddde58a
streamkey,#hash_6cf5325ecddde73d
streamkey,#hash_6cf8ac5ecde0ec62
streamkey,#hash_6cf8ad5ecde0ee15
streamkey,#hash_6cf8ae5ecde0efc8
streamkey,#hash_6cf8af5ecde0f17b
streamkey,#hash_6cf8b05ecde0f32e
streamkey,#hash_6cf8b15ecde0f4e1
streamkey,#hash_6cf8b25ecde0f694
streamkey,#hash_6cf8b35ecde0f847
streamkey,#hash_6cf8b45ecde0f9fa
streamkey,#hash_6cf8b55ecde0fbad
streamkey,#hash_6cfc195ecde3db70
streamkey,#hash_6cfc1a5ecde3dd23
streamkey,#hash_6cfc1b5ecde3ded6
streamkey,#hash_6cfc1c5ecde3e089
streamkey,#hash_6cfc1d5ecde3e23c
streamkey,#hash_6cfc1e5ecde3e3ef
streamkey,#hash_6cfc1f5ecde3e5a2
streamkey,#hash_6cfc205ecde3e755
streamkey,#hash_6cfc235ecde3ec6e
streamkey,#hash_6cfc245ecde3ee21
streamkey,#hash_6cff9c5ecde6efe0
streamkey,#hash_6cff9d5ecde6f193
streamkey,#hash_6cff9e5ecde6f346
streamkey,#hash_6cff9f5ecde6f4f9
streamkey,#hash_6cffa05ecde6f6ac
streamkey,#hash_6cffa15ecde6f85f
streamkey,#hash_6cffa25ecde6fa12
streamkey,#hash_6cffa35ecde6fbc5
streamkey,#hash_6cffa85ecde70444
streamkey,#hash_6cffa95ecde705f7
streamkey,#hash_6d09ab5ecdef5de2
streamkey,#hash_6d09ac5ecdef5f95
streamkey,#hash_6d09ad5ecdef6148
streamkey,#hash_6d09ae5ecdef62fb
streamkey,#hash_6d09af5ecdef64ae
streamkey,#hash_6d09b05ecdef6661
streamkey,#hash_6d09b15ecdef6814
streamkey,#hash_6d09b25ecdef69c7
streamkey,#hash_6d09b35ecdef6b7a
streamkey,#hash_6d09b45ecdef6d2d
streamkey,#hash_6d0d185ecdf24cf0
streamkey,#hash_6d0d195ecdf24ea3
streamkey,#hash_6d0d1a5ecdf25056
streamkey,#hash_6d0d1b5ecdf25209
streamkey,#hash_6d0d1c5ecdf253bc
streamkey,#hash_6d0d1d5ecdf2556f
streamkey,#hash_6d0d1e5ecdf25722
streamkey,#hash_6d0d1f5ecdf258d5
streamkey,#hash_6d0d205ecdf25a88
streamkey,#hash_6d0d215ecdf25c3b
streamkey,#hash_6e6fba84c0ed7af0
streamkey,#hash_6e6fbb84c0ed7ca3
streamkey,#hash_6e6fbc84c0ed7e56
streamkey,#hash_6e6fbd84c0ed8009
streamkey,#hash_6e6fbe84c0ed81bc
streamkey,#hash_6e6fbf84c0ed836f
streamkey,#hash_6e6fc084c0ed8522
streamkey,#hash_6e6fc184c0ed86d5
streamkey,#hash_6e6fc284c0ed8888
streamkey,#hash_6e6fc384c0ed8a3b
streamkey,#hash_6e733d84c0f08f60
streamkey,#hash_6e733e84c0f09113
streamkey,#hash_6e733f84c0f092c6
streamkey,#hash_6e734084c0f09479
streamkey,#hash_6e734184c0f0962c
streamkey,#hash_6e734284c0f097df
streamkey,#hash_6e734384c0f09992
streamkey,#hash_6e734484c0f09b45
streamkey,#hash_6e734784c0f0a05e
streamkey,#hash_6e734884c0f0a211
streamkey,#hash_6e76c084c0f3a3d0
streamkey,#hash_6e76c184c0f3a583
streamkey,#hash_6e76c284c0f3a736
streamkey,#hash_6e76c384c0f3a8e9
streamkey,#hash_6e76c484c0f3aa9c
streamkey,#hash_6e76c584c0f3ac4f
streamkey,#hash_6e76c684c0f3ae02
streamkey,#hash_6e76c784c0f3afb5
streamkey,#hash_6e76ce84c0f3bb9a
streamkey,#hash_6e76cf84c0f3bd4d
streamkey,#hash_6e79c384c0f5dec0
streamkey,#hash_6e79c484c0f5e073
streamkey,#hash_6e79cb84c0f5ec58
streamkey,#hash_6e79cc84c0f5ee0b
streamkey,#hash_6e79cd84c0f5efbe
streamkey,#hash_6e79ce84c0f5f171
streamkey,#hash_6e79cf84c0f5f324
streamkey,#hash_6e79d084c0f5f4d7
streamkey,#hash_6e79d184c0f5f68a
streamkey,#hash_6e79d284c0f5f83d
streamkey,#hash_6e7d4a84c0f8f9fc
streamkey,#hash_6e7d4b84c0f8fbaf
streamkey,#hash_6e7d4e84c0f900c8
streamkey,#hash_6e7d4f84c0f9027b
streamkey,#hash_6e7d5084c0f9042e
streamkey,#hash_6e7d5184c0f905e1
streamkey,#hash_6e7d5284c0f90794
streamkey,#hash_6e7d5384c0f90947
streamkey,#hash_6e7d5484c0f90afa
streamkey,#hash_6e7d5584c0f90cad
streamkey,#hash_6e80cf84c0fc11d2
streamkey,#hash_6e80d084c0fc1385
streamkey,#hash_6e80d184c0fc1538
streamkey,#hash_6e80d284c0fc16eb
streamkey,#hash_6e80d384c0fc189e
streamkey,#hash_6e80d484c0fc1a51
streamkey,#hash_6e80d584c0fc1c04
streamkey,#hash_6e80d684c0fc1db7
streamkey,#hash_6e80d784c0fc1f6a
streamkey,#hash_6e80d884c0fc211d
streamkey,#hash_6e843c84c0ff00e0
streamkey,#hash_6e843d84c0ff0293
streamkey,#hash_6e843e84c0ff0446
streamkey,#hash_6e843f84c0ff05f9
streamkey,#hash_6e844084c0ff07ac
streamkey,#hash_6e844184c0ff095f
streamkey,#hash_6e844284c0ff0b12
streamkey,#hash_6e844384c0ff0cc5
streamkey,#hash_6e844684c0ff11de
streamkey,#hash_6e844784c0ff1391
streamkey,#hash_6e87bf84c1021550
streamkey,#hash_6e87c084c1021703
streamkey,#hash_6e87c184c10218b6
streamkey,#hash_6e87c284c1021a69
streamkey,#hash_6e87c384c1021c1c
streamkey,#hash_6e87c484c1021dcf
streamkey,#hash_6e87c584c1021f82
streamkey,#hash_6e87c684c1022135
streamkey,#hash_6e87cb84c10229b4
streamkey,#hash_6e87cc84c1022b67
streamkey,#hash_6e9f4684c115d996
streamkey,#hash_6e9f4784c115db49
streamkey,#hash_6e9f4c84c115e3c8
streamkey,#hash_6e9f4d84c115e57b
streamkey,#hash_6e9f4e84c115e72e
streamkey,#hash_6e9f4f84c115e8e1
streamkey,#hash_6e9f5084c115ea94
streamkey,#hash_6e9f5184c115ec47
streamkey,#hash_6e9f5284c115edfa
streamkey,#hash_6e9f5384c115efad
streamkey,#hash_6ea2cb84c118f16c
streamkey,#hash_6ea2cc84c118f31f
streamkey,#hash_6ea2cf84c118f838
streamkey,#hash_6ea2d084c118f9eb
streamkey,#hash_6ea2d284c118fd51
streamkey,#hash_6ea2d384c118ff04
streamkey,#hash_6ea2d484c11900b7
streamkey,#hash_6ea2d584c119026a
streamkey,#hash_6ea2d684c119041d
streamkey,#hash_6f8cfe67ecc88cd0
streamkey,#hash_6f8cff67ecc88e83
streamkey,#hash_6f8d0067ecc89036
streamkey,#hash_6f8d0167ecc891e9
streamkey,#hash_6f8d0267ecc8939c
streamkey,#hash_6f8d0367ecc8954f
streamkey,#hash_6f8d0467ecc89702
streamkey,#hash_6f8d0567ecc898b5
streamkey,#hash_6f8d0667ecc89a68
streamkey,#hash_6f8d0767ecc89c1b
streamkey,#hash_6f900167eccac7c0
streamkey,#hash_6f900267eccac973
streamkey,#hash_6f900367eccacb26
streamkey,#hash_6f900467eccaccd9
streamkey,#hash_6f900567eccace8c
streamkey,#hash_6f900667eccad03f
streamkey,#hash_6f900767eccad1f2
streamkey,#hash_6f900867eccad3a5
streamkey,#hash_6f900b67eccad8be
streamkey,#hash_6f900c67eccada71
streamkey,#hash_6f938467eccddc30
streamkey,#hash_6f938567eccddde3
streamkey,#hash_6f938667eccddf96
streamkey,#hash_6f938767eccde149
streamkey,#hash_6f938867eccde2fc
streamkey,#hash_6f938967eccde4af
streamkey,#hash_6f938a67eccde662
streamkey,#hash_6f938b67eccde815
streamkey,#hash_6f939267eccdf3fa
streamkey,#hash_6f939367eccdf5ad
streamkey,#hash_6f970767ecd0f0a0
streamkey,#hash_6f970867ecd0f253
streamkey,#hash_6f970f67ecd0fe38
streamkey,#hash_6f971067ecd0ffeb
streamkey,#hash_6f971167ecd1019e
streamkey,#hash_6f971267ecd10351
streamkey,#hash_6f971367ecd10504
streamkey,#hash_6f971467ecd106b7
streamkey,#hash_6f971567ecd1086a
streamkey,#hash_6f971667ecd10a1d
streamkey,#hash_6f9a8e67ecd40bdc
streamkey,#hash_6f9a8f67ecd40d8f
streamkey,#hash_6f9a9267ecd412a8
streamkey,#hash_6f9a9367ecd4145b
streamkey,#hash_6f9a9467ecd4160e
streamkey,#hash_6f9a9567ecd417c1
streamkey,#hash_6f9a9667ecd41974
streamkey,#hash_6f9a9767ecd41b27
streamkey,#hash_6f9a9867ecd41cda
streamkey,#hash_6f9a9967ecd41e8d
streamkey,#hash_6f9d9367ecd64a32
streamkey,#hash_6f9d9467ecd64be5
streamkey,#hash_6f9d9567ecd64d98
streamkey,#hash_6f9d9667ecd64f4b
streamkey,#hash_6f9d9767ecd650fe
streamkey,#hash_6f9d9867ecd652b1
streamkey,#hash_6f9d9967ecd65464
streamkey,#hash_6f9d9a67ecd65617
streamkey,#hash_6f9d9b67ecd657ca
streamkey,#hash_6f9d9c67ecd6597d
streamkey,#hash_6fa10067ecd93940
streamkey,#hash_6fa10167ecd93af3
streamkey,#hash_6fa10267ecd93ca6
streamkey,#hash_6fa10367ecd93e59
streamkey,#hash_6fa10467ecd9400c
streamkey,#hash_6fa10567ecd941bf
streamkey,#hash_6fa10667ecd94372
streamkey,#hash_6fa10767ecd94525
streamkey,#hash_6fa10a67ecd94a3e
streamkey,#hash_6fa10b67ecd94bf1
streamkey,#hash_6fa48367ecdc4db0
streamkey,#hash_6fa48467ecdc4f63
streamkey,#hash_6fa48567ecdc5116
streamkey,#hash_6fa48667ecdc52c9
streamkey,#hash_6fa48767ecdc547c
streamkey,#hash_6fa48867ecdc562f
streamkey,#hash_6fa48967ecdc57e2
streamkey,#hash_6fa48a67ecdc5995
streamkey,#hash_6fa48f67ecdc6214
streamkey,#hash_6fa49067ecdc63c7
streamkey,#hash_6fbc8a67ecf0eb76
streamkey,#hash_6fbc8b67ecf0ed29
streamkey,#hash_6fbc9067ecf0f5a8
streamkey,#hash_6fbc9167ecf0f75b
streamkey,#hash_6fbc9267ecf0f90e
streamkey,#hash_6fbc9367ecf0fac1
streamkey,#hash_6fbc9467ecf0fc74
streamkey,#hash_6fbc9567ecf0fe27
streamkey,#hash_6fbc9667ecf0ffda
streamkey,#hash_6fbc9767ecf1018d
streamkey,#hash_6fbf8f67ecf329cc
streamkey,#hash_6fbf9067ecf32b7f
streamkey,#hash_6fbf9367ecf33098
streamkey,#hash_6fbf9467ecf3324b
streamkey,#hash_6fbf9567ecf333fe
streamkey,#hash_6fbf9667ecf335b1
streamkey,#hash_6fbf9767ecf33764
streamkey,#hash_6fbf9867ecf33917
streamkey,#hash_6fbf9967ecf33aca
streamkey,#hash_6fbf9a67ecf33c7d
streamkey,#hash_72dba6aaa2a7c950
streamkey,#hash_72dba7aaa2a7cb03
streamkey,#hash_72dba8aaa2a7ccb6
streamkey,#hash_72dba9aaa2a7ce69
streamkey,#hash_72dbaaaaa2a7d01c
streamkey,#hash_72dbabaaa2a7d1cf
streamkey,#hash_72dbacaaa2a7d382
streamkey,#hash_72dbadaaa2a7d535
streamkey,#hash_72dbaeaaa2a7d6e8
streamkey,#hash_72dbafaaa2a7d89b
streamkey,#hash_72dea9aaa2aa0440
streamkey,#hash_72deaaaaa2aa05f3
streamkey,#hash_72deabaaa2aa07a6
streamkey,#hash_72deacaaa2aa0959
streamkey,#hash_72deadaaa2aa0b0c
streamkey,#hash_72deaeaaa2aa0cbf
streamkey,#hash_72deafaaa2aa0e72
streamkey,#hash_72deb0aaa2aa1025
streamkey,#hash_72deb3aaa2aa153e
streamkey,#hash_72deb4aaa2aa16f1
streamkey,#hash_72e22caaa2ad18b0
streamkey,#hash_72e22daaa2ad1a63
streamkey,#hash_72e22eaaa2ad1c16
streamkey,#hash_72e22faaa2ad1dc9
streamkey,#hash_72e230aaa2ad1f7c
streamkey,#hash_72e231aaa2ad212f
streamkey,#hash_72e232aaa2ad22e2
streamkey,#hash_72e233aaa2ad2495
streamkey,#hash_72e23aaaa2ad307a
streamkey,#hash_72e23baaa2ad322d
streamkey,#hash_72e5afaaa2b02d20
streamkey,#hash_72e5b0aaa2b02ed3
streamkey,#hash_72e5b7aaa2b03ab8
streamkey,#hash_72e5b8aaa2b03c6b
streamkey,#hash_72e5b9aaa2b03e1e
streamkey,#hash_72e5baaaa2b03fd1
streamkey,#hash_72e5bbaaa2b04184
streamkey,#hash_72e5bcaaa2b04337
streamkey,#hash_72e5bdaaa2b044ea
streamkey,#hash_72e5beaaa2b0469d
streamkey,#hash_72e936aaa2b3485c
streamkey,#hash_72e937aaa2b34a0f
streamkey,#hash_72e93aaaa2b34f28
streamkey,#hash_72e93baaa2b350db
streamkey,#hash_72e93caaa2b3528e
streamkey,#hash_72e93daaa2b35441
streamkey,#hash_72e93eaaa2b355f4
streamkey,#hash_72e93faaa2b357a7
streamkey,#hash_72e940aaa2b3595a
streamkey,#hash_72e941aaa2b35b0d
streamkey,#hash_72ec3baaa2b586b2
streamkey,#hash_72ec3caaa2b58865
streamkey,#hash_72ec3daaa2b58a18
streamkey,#hash_72ec3eaaa2b58bcb
streamkey,#hash_72ec3faaa2b58d7e
streamkey,#hash_72ec40aaa2b58f31
streamkey,#hash_72ec41aaa2b590e4
streamkey,#hash_72ec42aaa2b59297
streamkey,#hash_72ec43aaa2b5944a
streamkey,#hash_72ec44aaa2b595fd
streamkey,#hash_72efa8aaa2b875c0
streamkey,#hash_72efa9aaa2b87773
streamkey,#hash_72efaaaaa2b87926
streamkey,#hash_72efabaaa2b87ad9
streamkey,#hash_72efacaaa2b87c8c
streamkey,#hash_72efadaaa2b87e3f
streamkey,#hash_72efaeaaa2b87ff2
streamkey,#hash_72efafaaa2b881a5
streamkey,#hash_72efb2aaa2b886be
streamkey,#hash_72efb3aaa2b88871
streamkey,#hash_72f32baaa2bb8a30
streamkey,#hash_72f32caaa2bb8be3
streamkey,#hash_72f32daaa2bb8d96
streamkey,#hash_72f32eaaa2bb8f49
streamkey,#hash_72f32faaa2bb90fc
streamkey,#hash_72f330aaa2bb92af
streamkey,#hash_72f331aaa2bb9462
streamkey,#hash_72f332aaa2bb9615
streamkey,#hash_72f337aaa2bb9e94
streamkey,#hash_72f338aaa2bba047
streamkey,#hash_72f6aeaaa2be9ea0
streamkey,#hash_72f6afaaa2bea053
streamkey,#hash_72f6b6aaa2beac38
streamkey,#hash_72f6b7aaa2beadeb
streamkey,#hash_72f6b8aaa2beaf9e
streamkey,#hash_72f6b9aaa2beb151
streamkey,#hash_72f6baaaa2beb304
streamkey,#hash_72f6bbaaa2beb4b7
streamkey,#hash_72f6bcaaa2beb66a
streamkey,#hash_72f6bdaaa2beb81d
streamkey,#hash_72fa33aaa2c1b676
streamkey,#hash_72fa34aaa2c1b829
streamkey,#hash_72fa39aaa2c1c0a8
streamkey,#hash_72fa3aaaa2c1c25b
streamkey,#hash_72fa3baaa2c1c40e
streamkey,#hash_72fa3caaa2c1c5c1
streamkey,#hash_72fa3daaa2c1c774
streamkey,#hash_72fa3eaaa2c1c927
streamkey,#hash_72fa3faaa2c1cada
streamkey,#hash_72fa40aaa2c1cc8d
streamkey,#hash_733ee17e55c4bc40
streamkey,#hash_733ee27e55c4bdf3
streamkey,#hash_733ee37e55c4bfa6
streamkey,#hash_733ee47e55c4c159
streamkey,#hash_733ee57e55c4c30c
streamkey,#hash_733ee67e55c4c4bf
streamkey,#hash_733ee77e55c4c672
streamkey,#hash_733ee87e55c4c825
streamkey,#hash_733ee97e55c4c9d8
streamkey,#hash_733eea7e55c4cb8b
streamkey,#hash_7342647e55c7d0b0
streamkey,#hash_7342657e55c7d263
streamkey,#hash_7342667e55c7d416
streamkey,#hash_7342677e55c7d5c9
streamkey,#hash_7342687e55c7d77c
streamkey,#hash_7342697e55c7d92f
streamkey,#hash_73426a7e55c7dae2
streamkey,#hash_73426b7e55c7dc95
streamkey,#hash_73426e7e55c7e1ae
streamkey,#hash_73426f7e55c7e361
streamkey,#hash_7345e77e55cae520
streamkey,#hash_7345e87e55cae6d3
streamkey,#hash_7345e97e55cae886
streamkey,#hash_7345ea7e55caea39
streamkey,#hash_7345eb7e55caebec
streamkey,#hash_7345ec7e55caed9f
streamkey,#hash_7345ed7e55caef52
streamkey,#hash_7345ee7e55caf105
streamkey,#hash_7345f57e55cafcea
streamkey,#hash_7345f67e55cafe9d
streamkey,#hash_73496a7e55cdf990
streamkey,#hash_73496b7e55cdfb43
streamkey,#hash_7349727e55ce0728
streamkey,#hash_7349737e55ce08db
streamkey,#hash_7349747e55ce0a8e
streamkey,#hash_7349757e55ce0c41
streamkey,#hash_7349767e55ce0df4
streamkey,#hash_7349777e55ce0fa7
streamkey,#hash_7349787e55ce115a
streamkey,#hash_7349797e55ce130d
streamkey,#hash_734c757e55d04218
streamkey,#hash_734c767e55d043cb
streamkey,#hash_734c777e55d0457e
streamkey,#hash_734c787e55d04731
streamkey,#hash_734c797e55d048e4
streamkey,#hash_734c7a7e55d04a97
streamkey,#hash_734c7b7e55d04c4a
streamkey,#hash_734c7c7e55d04dfd
streamkey,#hash_734ff67e55d35322
streamkey,#hash_734ff77e55d354d5
streamkey,#hash_734ff87e55d35688
streamkey,#hash_734ff97e55d3583b
streamkey,#hash_734ffa7e55d359ee
streamkey,#hash_734ffb7e55d35ba1
streamkey,#hash_734ffc7e55d35d54
streamkey,#hash_734ffd7e55d35f07
streamkey,#hash_734ffe7e55d360ba
streamkey,#hash_734fff7e55d3626d
streamkey,#hash_7353637e55d64230
streamkey,#hash_7353647e55d643e3
streamkey,#hash_7353657e55d64596
streamkey,#hash_7353667e55d64749
streamkey,#hash_7353677e55d648fc
streamkey,#hash_7353687e55d64aaf
streamkey,#hash_73536d7e55d6532e
streamkey,#hash_73536e7e55d654e1
streamkey,#hash_7356e67e55d956a0
streamkey,#hash_7356e77e55d95853
streamkey,#hash_7356e87e55d95a06
streamkey,#hash_7356e97e55d95bb9
streamkey,#hash_7356ea7e55d95d6c
streamkey,#hash_7356eb7e55d95f1f
streamkey,#hash_7356ec7e55d960d2
streamkey,#hash_7356ed7e55d96285
streamkey,#hash_7356f27e55d96b04
streamkey,#hash_7356f37e55d96cb7
streamkey,#hash_735a697e55dc6b10
streamkey,#hash_735a6a7e55dc6cc3
streamkey,#hash_735a737e55dc7c0e
streamkey,#hash_735a747e55dc7dc1
streamkey,#hash_735a757e55dc7f74
streamkey,#hash_735a767e55dc8127
streamkey,#hash_735a777e55dc82da
streamkey,#hash_735a787e55dc848d
streamkey,#hash_735d6e7e55dea966
streamkey,#hash_735d6f7e55deab19
streamkey,#hash_735d747e55deb398
streamkey,#hash_735d757e55deb54b
streamkey,#hash_735d767e55deb6fe
streamkey,#hash_735d777e55deb8b1
streamkey,#hash_735d787e55deba64
streamkey,#hash_735d797e55debc17
streamkey,#hash_735d7a7e55debdca
streamkey,#hash_735d7b7e55debf7d
streamkey,#hash_74113928f6371ac0
streamkey,#hash_74114128f6372858
streamkey,#hash_7414c028f63a35fc
streamkey,#hash_7414c128f63a37af
streamkey,#hash_7414c628f63a402e
streamkey,#hash_7414c728f63a41e1
streamkey,#hash_74184328f63d4a6c
streamkey,#hash_74184428f63d4c1f
streamkey,#hash_74184528f63d4dd2
streamkey,#hash_74184628f63d4f85
streamkey,#hash_741ec928f64299cc
streamkey,#hash_741eca28f6429b7f
streamkey,#hash_741ecd28f642a098
streamkey,#hash_741ece28f642a24b
streamkey,#hash_741ecf28f642a3fe
streamkey,#hash_741ed028f642a5b1
streamkey,#hash_741ed128f642a764
streamkey,#hash_741ed228f642a917
streamkey,#hash_741ed328f642aaca
streamkey,#hash_741ed428f642ac7d
streamkey,#hash_74224e28f645b1a2
streamkey,#hash_74224f28f645b355
streamkey,#hash_74225028f645b508
streamkey,#hash_74225128f645b6bb
streamkey,#hash_74225228f645b86e
streamkey,#hash_74225328f645ba21
streamkey,#hash_74225428f645bbd4
streamkey,#hash_74225528f645bd87
streamkey,#hash_74225628f645bf3a
streamkey,#hash_74225728f645c0ed
streamkey,#hash_7425bb28f648a0b0
streamkey,#hash_7425bc28f648a263
streamkey,#hash_7425bd28f648a416
streamkey,#hash_7425be28f648a5c9
streamkey,#hash_7425bf28f648a77c
streamkey,#hash_7425c028f648a92f
streamkey,#hash_7425c128f648aae2
streamkey,#hash_7425c228f648ac95
streamkey,#hash_7425c528f648b1ae
streamkey,#hash_7425c628f648b361
streamkey,#hash_74294228f64bbbec
streamkey,#hash_74294328f64bbd9f
streamkey,#hash_74294528f64bc105
streamkey,#hash_75f3c05ed30e4630
streamkey,#hash_75f3c15ed30e47e3
streamkey,#hash_75f3c25ed30e4996
streamkey,#hash_75f3c35ed30e4b49
streamkey,#hash_75f3c45ed30e4cfc
streamkey,#hash_75f3c55ed30e4eaf
streamkey,#hash_75f3c65ed30e5062
streamkey,#hash_75f3c75ed30e5215
streamkey,#hash_75f3c85ed30e53c8
streamkey,#hash_75f3c95ed30e557b
streamkey,#hash_75f7435ed3115aa0
streamkey,#hash_75f7445ed3115c53
streamkey,#hash_75f7455ed3115e06
streamkey,#hash_75f7465ed3115fb9
streamkey,#hash_75f7475ed311616c
streamkey,#hash_75f7485ed311631f
streamkey,#hash_75f7495ed31164d2
streamkey,#hash_75f74a5ed3116685
streamkey,#hash_75f74d5ed3116b9e
streamkey,#hash_75f74e5ed3116d51
streamkey,#hash_75fac65ed3146f10
streamkey,#hash_75fac75ed31470c3
streamkey,#hash_75fac85ed3147276
streamkey,#hash_75fac95ed3147429
streamkey,#hash_75faca5ed31475dc
streamkey,#hash_75facb5ed314778f
streamkey,#hash_75facc5ed3147942
streamkey,#hash_75facd5ed3147af5
streamkey,#hash_75fad45ed31486da
streamkey,#hash_75fad55ed314888d
streamkey,#hash_75fdc95ed316aa00
streamkey,#hash_75fdca5ed316abb3
streamkey,#hash_75fdd15ed316b798
streamkey,#hash_75fdd25ed316b94b
streamkey,#hash_75fdd35ed316bafe
streamkey,#hash_75fdd45ed316bcb1
streamkey,#hash_75fdd55ed316be64
streamkey,#hash_75fdd65ed316c017
streamkey,#hash_75fdd75ed316c1ca
streamkey,#hash_75fdd85ed316c37d
streamkey,#hash_7601505ed319c53c
streamkey,#hash_7601515ed319c6ef
streamkey,#hash_7601545ed319cc08
streamkey,#hash_7601555ed319cdbb
streamkey,#hash_7601565ed319cf6e
streamkey,#hash_7601575ed319d121
streamkey,#hash_7601585ed319d2d4
streamkey,#hash_7601595ed319d487
streamkey,#hash_76015a5ed319d63a
streamkey,#hash_76015b5ed319d7ed
streamkey,#hash_7604d55ed31cdd12
streamkey,#hash_7604d65ed31cdec5
streamkey,#hash_7604d75ed31ce078
streamkey,#hash_7604d85ed31ce22b
streamkey,#hash_7604d95ed31ce3de
streamkey,#hash_7604da5ed31ce591
streamkey,#hash_7604db5ed31ce744
streamkey,#hash_7604dc5ed31ce8f7
streamkey,#hash_7604dd5ed31ceaaa
streamkey,#hash_7604de5ed31cec5d
streamkey,#hash_7608425ed31fcc20
streamkey,#hash_7608435ed31fcdd3
streamkey,#hash_7608445ed31fcf86
streamkey,#hash_7608455ed31fd139
streamkey,#hash_7608465ed31fd2ec
streamkey,#hash_7608475ed31fd49f
streamkey,#hash_7608485ed31fd652
streamkey,#hash_7608495ed31fd805
streamkey,#hash_76084c5ed31fdd1e
streamkey,#hash_76084d5ed31fded1
streamkey,#hash_760bc55ed322e090
streamkey,#hash_760bc65ed322e243
streamkey,#hash_760bc75ed322e3f6
streamkey,#hash_760bc85ed322e5a9
streamkey,#hash_760bc95ed322e75c
streamkey,#hash_760bca5ed322e90f
streamkey,#hash_760bcb5ed322eac2
streamkey,#hash_760bcc5ed322ec75
streamkey,#hash_760bd15ed322f4f4
streamkey,#hash_760bd25ed322f6a7
streamkey,#hash_76234c5ed336a4d6
streamkey,#hash_76234d5ed336a689
streamkey,#hash_7623525ed336af08
streamkey,#hash_7623535ed336b0bb
streamkey,#hash_7623545ed336b26e
streamkey,#hash_7623555ed336b421
streamkey,#hash_7623565ed336b5d4
streamkey,#hash_7623575ed336b787
streamkey,#hash_7623585ed336b93a
streamkey,#hash_7623595ed336baed
streamkey,#hash_7626d15ed339bcac
streamkey,#hash_7626d25ed339be5f
streamkey,#hash_7626d55ed339c378
streamkey,#hash_7626d65ed339c52b
streamkey,#hash_7626d75ed339c6de
streamkey,#hash_7626d85ed339c891
streamkey,#hash_7626d95ed339ca44
streamkey,#hash_7626da5ed339cbf7
streamkey,#hash_7626db5ed339cdaa
streamkey,#hash_7626dc5ed339cf5d
streamkey,#hash_777be384c6296ba0
streamkey,#hash_777be484c6296d53
streamkey,#hash_777be584c6296f06
streamkey,#hash_777be684c62970b9
streamkey,#hash_777be784c629726c
streamkey,#hash_777be884c629741f
streamkey,#hash_777be984c62975d2
streamkey,#hash_777bea84c6297785
streamkey,#hash_777beb84c6297938
streamkey,#hash_777bec84c6297aeb
streamkey,#hash_777f6684c62c8010
streamkey,#hash_777f6784c62c81c3
streamkey,#hash_777f6884c62c8376
streamkey,#hash_777f6984c62c8529
streamkey,#hash_777f6a84c62c86dc
streamkey,#hash_777f6b84c62c888f
streamkey,#hash_777f6c84c62c8a42
streamkey,#hash_777f6d84c62c8bf5
streamkey,#hash_777f7084c62c910e
streamkey,#hash_777f7184c62c92c1
streamkey,#hash_7796eb84c64040f0
streamkey,#hash_7796ec84c64042a3
streamkey,#hash_7796f384c6404e88
streamkey,#hash_7796f484c640503b
streamkey,#hash_7796f584c64051ee
streamkey,#hash_7796f684c64053a1
streamkey,#hash_7796f784c6405554
streamkey,#hash_7796f884c6405707
streamkey,#hash_7796f984c64058ba
streamkey,#hash_7796fa84c6405a6d
streamkey,#hash_779a7084c64358c6
streamkey,#hash_779a7184c6435a79
streamkey,#hash_779a7684c64362f8
streamkey,#hash_779a7784c64364ab
streamkey,#hash_779a7884c643665e
streamkey,#hash_779a7984c6436811
streamkey,#hash_779a7a84c64369c4
streamkey,#hash_779a7b84c6436b77
streamkey,#hash_779a7c84c6436d2a
streamkey,#hash_779a7d84c6436edd
streamkey,#hash_779df784c6467402
streamkey,#hash_779df884c64675b5
streamkey,#hash_779df984c6467768
streamkey,#hash_779dfa84c646791b
streamkey,#hash_779dfb84c6467ace
streamkey,#hash_779dfc84c6467c81
streamkey,#hash_779dfd84c6467e34
streamkey,#hash_779dfe84c6467fe7
streamkey,#hash_779dff84c646819a
streamkey,#hash_779e0084c646834d
streamkey,#hash_77a16484c6496310
streamkey,#hash_77a16584c64964c3
streamkey,#hash_77a16684c6496676
streamkey,#hash_77a16784c6496829
streamkey,#hash_77a16884c64969dc
streamkey,#hash_77a16984c6496b8f
streamkey,#hash_77a16a84c6496d42
streamkey,#hash_77a16b84c6496ef5
streamkey,#hash_77a16d84c649725b
streamkey,#hash_77a46784c64b9e00
streamkey,#hash_77a46884c64b9fb3
streamkey,#hash_77a46984c64ba166
streamkey,#hash_77a46a84c64ba319
streamkey,#hash_77a46b84c64ba4cc
streamkey,#hash_77a46c84c64ba67f
streamkey,#hash_77a46d84c64ba832
streamkey,#hash_77a46e84c64ba9e5
streamkey,#hash_77a47384c64bb264
streamkey,#hash_77a47484c64bb417
streamkey,#hash_77a7ea84c64eb270
streamkey,#hash_77a7eb84c64eb423
streamkey,#hash_77a7ec84c64eb5d6
streamkey,#hash_77a7ed84c64eb789
streamkey,#hash_77a7ee84c64eb93c
streamkey,#hash_77a7ef84c64ebaef
streamkey,#hash_77a7f084c64ebca2
streamkey,#hash_77a7f184c64ebe55
streamkey,#hash_77a7f884c64eca3a
streamkey,#hash_77a7f984c64ecbed
streamkey,#hash_77ab6f84c651ca46
streamkey,#hash_77ab7084c651cbf9
streamkey,#hash_77ab7584c651d478
streamkey,#hash_77ab7684c651d62b
streamkey,#hash_77ab7784c651d7de
streamkey,#hash_77ab7884c651d991
streamkey,#hash_77ab7984c651db44
streamkey,#hash_77ab7a84c651dcf7
streamkey,#hash_77ab7b84c651deaa
streamkey,#hash_77ab7c84c651e05d
streamkey,#hash_77aef484c654e21c
streamkey,#hash_77aef584c654e3cf
streamkey,#hash_77aef884c654e8e8
streamkey,#hash_77aef984c654ea9b
streamkey,#hash_77aefa84c654ec4e
streamkey,#hash_77aefb84c654ee01
streamkey,#hash_77aefd84c654f167
streamkey,#hash_77aefe84c654f31a
streamkey,#hash_77aeff84c654f4cd
streamkey,#hash_7be74faaa7e2e080
streamkey,#hash_7be750aaa7e2e233
streamkey,#hash_7be751aaa7e2e3e6
streamkey,#hash_7be752aaa7e2e599
streamkey,#hash_7be753aaa7e2e74c
streamkey,#hash_7be754aaa7e2e8ff
streamkey,#hash_7be755aaa7e2eab2
streamkey,#hash_7be756aaa7e2ec65
streamkey,#hash_7be757aaa7e2ee18
streamkey,#hash_7be758aaa7e2efcb
streamkey,#hash_7bead2aaa7e5f4f0
streamkey,#hash_7bead3aaa7e5f6a3
streamkey,#hash_7bead4aaa7e5f856
streamkey,#hash_7bead5aaa7e5fa09
streamkey,#hash_7bead6aaa7e5fbbc
streamkey,#hash_7bead7aaa7e5fd6f
streamkey,#hash_7bead8aaa7e5ff22
streamkey,#hash_7bead9aaa7e600d5
streamkey,#hash_7beadcaaa7e605ee
streamkey,#hash_7beaddaaa7e607a1
streamkey,#hash_7bee55aaa7e90960
streamkey,#hash_7bee56aaa7e90b13
streamkey,#hash_7bee57aaa7e90cc6
streamkey,#hash_7bee58aaa7e90e79
streamkey,#hash_7bee59aaa7e9102c
streamkey,#hash_7bee5aaaa7e911df
streamkey,#hash_7bee5baaa7e91392
streamkey,#hash_7bee5caaa7e91545
streamkey,#hash_7bee63aaa7e9212a
streamkey,#hash_7bee64aaa7e922dd
streamkey,#hash_7bf1d8aaa7ec1dd0
streamkey,#hash_7bf1d9aaa7ec1f83
streamkey,#hash_7bf1e0aaa7ec2b68
streamkey,#hash_7bf1e1aaa7ec2d1b
streamkey,#hash_7bf1e2aaa7ec2ece
streamkey,#hash_7bf1e3aaa7ec3081
streamkey,#hash_7bf1e4aaa7ec3234
streamkey,#hash_7bf1e5aaa7ec33e7
streamkey,#hash_7bf1e6aaa7ec359a
streamkey,#hash_7bf1e7aaa7ec374d
streamkey,#hash_7bf4dfaaa7ee5f8c
streamkey,#hash_7bf4e0aaa7ee613f
streamkey,#hash_7bf4e3aaa7ee6658
streamkey,#hash_7bf4e4aaa7ee680b
streamkey,#hash_7bf4e5aaa7ee69be
streamkey,#hash_7bf4e6aaa7ee6b71
streamkey,#hash_7bf4e7aaa7ee6d24
streamkey,#hash_7bf4e8aaa7ee6ed7
streamkey,#hash_7bf4e9aaa7ee708a
streamkey,#hash_7bf4eaaaa7ee723d
streamkey,#hash_7bf864aaa7f17762
streamkey,#hash_7bf865aaa7f17915
streamkey,#hash_7bf866aaa7f17ac8
streamkey,#hash_7bf867aaa7f17c7b
streamkey,#hash_7bf868aaa7f17e2e
streamkey,#hash_7bf869aaa7f17fe1
streamkey,#hash_7bf86aaaa7f18194
streamkey,#hash_7bf86baaa7f18347
streamkey,#hash_7bf86caaa7f184fa
streamkey,#hash_7bf86daaa7f186ad
streamkey,#hash_7bfbd1aaa7f46670
streamkey,#hash_7bfbd2aaa7f46823
streamkey,#hash_7bfbd3aaa7f469d6
streamkey,#hash_7bfbd4aaa7f46b89
streamkey,#hash_7bfbd5aaa7f46d3c
streamkey,#hash_7bfbd6aaa7f46eef
streamkey,#hash_7bfbd7aaa7f470a2
streamkey,#hash_7bfbd8aaa7f47255
streamkey,#hash_7bfbdbaaa7f4776e
streamkey,#hash_7bfbdcaaa7f47921
streamkey,#hash_7bff54aaa7f77ae0
streamkey,#hash_7bff55aaa7f77c93
streamkey,#hash_7bff56aaa7f77e46
streamkey,#hash_7bff57aaa7f77ff9
streamkey,#hash_7bff58aaa7f781ac
streamkey,#hash_7bff59aaa7f7835f
streamkey,#hash_7bff5aaaa7f78512
streamkey,#hash_7bff5baaa7f786c5
streamkey,#hash_7bff60aaa7f78f44
streamkey,#hash_7bff61aaa7f790f7
streamkey,#hash_7c0963aaa7ffe8e2
streamkey,#hash_7c0964aaa7ffea95
streamkey,#hash_7c0965aaa7ffec48
streamkey,#hash_7c0966aaa7ffedfb
streamkey,#hash_7c0967aaa7ffefae
streamkey,#hash_7c0968aaa7fff161
streamkey,#hash_7c0969aaa7fff314
streamkey,#hash_7c096aaaa7fff4c7
streamkey,#hash_7c096baaa7fff67a
streamkey,#hash_7c096caaa7fff82d
streamkey,#hash_7c0cd0aaa802d7f0
streamkey,#hash_7c0cd1aaa802d9a3
streamkey,#hash_7c0cd2aaa802db56
streamkey,#hash_7c0cd3aaa802dd09
streamkey,#hash_7c0cd4aaa802debc
streamkey,#hash_7c0cd5aaa802e06f
streamkey,#hash_7c0cd6aaa802e222
streamkey,#hash_7c0cd7aaa802e3d5
streamkey,#hash_7c0cd8aaa802e588
streamkey,#hash_7c0cd9aaa802e73b
streamkey,#hash_7cb79b2411e41f6d
streamkey,#hash_7e22504d75fd36b0
streamkey,#hash_7e22514d75fd3863
streamkey,#hash_7e22524d75fd3a16
streamkey,#hash_7e22534d75fd3bc9
streamkey,#hash_7e22544d75fd3d7c
streamkey,#hash_7e22554d75fd3f2f
streamkey,#hash_7e22564d75fd40e2
streamkey,#hash_7e22574d75fd4295
streamkey,#hash_7e22584d75fd4448
streamkey,#hash_7e22594d75fd45fb
streamkey,#hash_7e25d34d76004b20
streamkey,#hash_7e25d44d76004cd3
streamkey,#hash_7e25d54d76004e86
streamkey,#hash_7e25d64d76005039
streamkey,#hash_7e25d74d760051ec
streamkey,#hash_7e25d84d7600539f
streamkey,#hash_7e25d94d76005552
streamkey,#hash_7e25da4d76005705
streamkey,#hash_7e25dd4d76005c1e
streamkey,#hash_7e25de4d76005dd1
streamkey,#hash_7e3d584d76140c00
streamkey,#hash_7e3d594d76140db3
streamkey,#hash_7e3d604d76141998
streamkey,#hash_7e3d614d76141b4b
streamkey,#hash_7e3d624d76141cfe
streamkey,#hash_7e3d634d76141eb1
streamkey,#hash_7e3d644d76142064
streamkey,#hash_7e3d654d76142217
streamkey,#hash_7e3d664d761423ca
streamkey,#hash_7e3d674d7614257d
streamkey,#hash_7e40dd4d761723d6
streamkey,#hash_7e40de4d76172589
streamkey,#hash_7e40e34d76172e08
streamkey,#hash_7e40e44d76172fbb
streamkey,#hash_7e40e54d7617316e
streamkey,#hash_7e40e64d76173321
streamkey,#hash_7e40e74d761734d4
streamkey,#hash_7e40e84d76173687
streamkey,#hash_7e40e94d7617383a
streamkey,#hash_7e40ea4d761739ed
streamkey,#hash_7e44644d761a3f12
streamkey,#hash_7e44654d761a40c5
streamkey,#hash_7e44664d761a4278
streamkey,#hash_7e44674d761a442b
streamkey,#hash_7e44684d761a45de
streamkey,#hash_7e44694d761a4791
streamkey,#hash_7e446a4d761a4944
streamkey,#hash_7e446b4d761a4af7
streamkey,#hash_7e446c4d761a4caa
streamkey,#hash_7e446d4d761a4e5d
streamkey,#hash_7e47d14d761d2e20
streamkey,#hash_7e47d24d761d2fd3
streamkey,#hash_7e47d34d761d3186
streamkey,#hash_7e47d44d761d3339
streamkey,#hash_7e47d54d761d34ec
streamkey,#hash_7e47d64d761d369f
streamkey,#hash_7e47d74d761d3852
streamkey,#hash_7e47d84d761d3a05
streamkey,#hash_7e47d94d761d3bb8
streamkey,#hash_7e47da4d761d3d6b
streamkey,#hash_7e4b544d76204290
streamkey,#hash_7e4b554d76204443
streamkey,#hash_7e4b564d762045f6
streamkey,#hash_7e4b574d762047a9
streamkey,#hash_7e4b584d7620495c
streamkey,#hash_7e4b594d76204b0f
streamkey,#hash_7e4b5a4d76204cc2
streamkey,#hash_7e4b5b4d76204e75
streamkey,#hash_7e4b604d762056f4
streamkey,#hash_7e4b614d762058a7
streamkey,#hash_7e4e574d76227d80
streamkey,#hash_7e4e584d76227f33
streamkey,#hash_7e4e594d762280e6
streamkey,#hash_7e4e5a4d76228299
streamkey,#hash_7e4e5b4d7622844c
streamkey,#hash_7e4e5c4d762285ff
streamkey,#hash_7e4e5d4d762287b2
streamkey,#hash_7e4e5e4d76228965
streamkey,#hash_7e4e654d7622954a
streamkey,#hash_7e4e664d762296fd
streamkey,#hash_7e51dc4d76259556
streamkey,#hash_7e51dd4d76259709
streamkey,#hash_7e51e24d76259f88
streamkey,#hash_7e51e34d7625a13b
streamkey,#hash_7e51e44d7625a2ee
streamkey,#hash_7e51e54d7625a4a1
streamkey,#hash_7e51e64d7625a654
streamkey,#hash_7e51e74d7625a807
streamkey,#hash_7e51e84d7625a9ba
streamkey,#hash_7e51e94d7625ab6d
streamkey,#hash_7e55614d7628ad2c
streamkey,#hash_7e55624d7628aedf
streamkey,#hash_7e55654d7628b3f8
streamkey,#hash_7e55664d7628b5ab
streamkey,#hash_7e55674d7628b75e
streamkey,#hash_7e55684d7628b911
streamkey,#hash_7e55694d7628bac4
streamkey,#hash_7e556a4d7628bc77
streamkey,#hash_7e556b4d7628be2a
streamkey,#hash_7e556c4d7628bfdd
streamkey,#hash_7ee29c84c9ff46dc
streamkey,#hash_7ee29d84c9ff488f
streamkey,#hash_7ee2a084c9ff4da8
streamkey,#hash_7ee2a184c9ff4f5b
streamkey,#hash_7ee2a284c9ff510e
streamkey,#hash_7ee2a384c9ff52c1
streamkey,#hash_7ee2a484c9ff5474
streamkey,#hash_7ee2a584c9ff5627
streamkey,#hash_7ee2a684c9ff57da
streamkey,#hash_7ee2a784c9ff598d
streamkey,#hash_7ee5a184ca018532
streamkey,#hash_7ee5a284ca0186e5
streamkey,#hash_7ee5a384ca018898
streamkey,#hash_7ee5a484ca018a4b
streamkey,#hash_7ee5a584ca018bfe
streamkey,#hash_7ee5a684ca018db1
streamkey,#hash_7ee5a784ca018f64
streamkey,#hash_7ee5a884ca019117
streamkey,#hash_7ee5a984ca0192ca
streamkey,#hash_7ee5aa84ca01947d
streamkey,#hash_7ef01484ca0a9d20
streamkey,#hash_7ef01584ca0a9ed3
streamkey,#hash_7ef01c84ca0aaab8
streamkey,#hash_7ef01d84ca0aac6b
streamkey,#hash_7ef01e84ca0aae1e
streamkey,#hash_7ef01f84ca0aafd1
streamkey,#hash_7ef02084ca0ab184
streamkey,#hash_7ef02184ca0ab337
streamkey,#hash_7ef02284ca0ab4ea
streamkey,#hash_7ef02384ca0ab69d
streamkey,#hash_7ef39984ca0db4f6
streamkey,#hash_7ef39a84ca0db6a9
streamkey,#hash_7ef39f84ca0dbf28
streamkey,#hash_7ef3a084ca0dc0db
streamkey,#hash_7ef3a184ca0dc28e
streamkey,#hash_7ef3a284ca0dc441
streamkey,#hash_7ef3a384ca0dc5f4
streamkey,#hash_7ef3a484ca0dc7a7
streamkey,#hash_7ef3a584ca0dc95a
streamkey,#hash_7ef3a684ca0dcb0d
streamkey,#hash_7ef6a084ca0ff6b2
streamkey,#hash_7ef6a184ca0ff865
streamkey,#hash_7ef6a284ca0ffa18
streamkey,#hash_7ef6a384ca0ffbcb
streamkey,#hash_7ef6a484ca0ffd7e
streamkey,#hash_7ef6a584ca0fff31
streamkey,#hash_7ef6a684ca1000e4
streamkey,#hash_7ef6a784ca100297
streamkey,#hash_7ef6a884ca10044a
streamkey,#hash_7ef6a984ca1005fd
streamkey,#hash_7efa0d84ca12e5c0
streamkey,#hash_7efa0e84ca12e773
streamkey,#hash_7efa0f84ca12e926
streamkey,#hash_7efa1084ca12ead9
streamkey,#hash_7efa1184ca12ec8c
streamkey,#hash_7efa1284ca12ee3f
streamkey,#hash_7efa1384ca12eff2
streamkey,#hash_7efa1484ca12f1a5
streamkey,#hash_7efa1584ca12f358
streamkey,#hash_7efa1684ca12f50b
streamkey,#hash_7efd9084ca15fa30
streamkey,#hash_7efd9184ca15fbe3
streamkey,#hash_7efd9284ca15fd96
streamkey,#hash_7efd9384ca15ff49
streamkey,#hash_7efd9484ca1600fc
streamkey,#hash_7efd9584ca1602af
streamkey,#hash_7efd9684ca160462
streamkey,#hash_7efd9784ca160615
streamkey,#hash_7efd9c84ca160e94
streamkey,#hash_7efd9d84ca161047
streamkey,#hash_7effe95ed84a36e0
streamkey,#hash_7effea5ed84a3893
streamkey,#hash_7effeb5ed84a3a46
streamkey,#hash_7effec5ed84a3bf9
streamkey,#hash_7effed5ed84a3dac
streamkey,#hash_7effee5ed84a3f5f
streamkey,#hash_7effef5ed84a4112
streamkey,#hash_7efff05ed84a42c5
streamkey,#hash_7efff15ed84a4478
streamkey,#hash_7efff25ed84a462b
streamkey,#hash_7f011384ca190ea0
streamkey,#hash_7f011484ca191053
streamkey,#hash_7f011584ca191206
streamkey,#hash_7f011684ca1913b9
streamkey,#hash_7f011784ca19156c
streamkey,#hash_7f011884ca19171f
streamkey,#hash_7f011984ca1918d2
streamkey,#hash_7f011a84ca191a85
streamkey,#hash_7f012184ca19266a
streamkey,#hash_7f012284ca19281d
streamkey,#hash_7f036c5ed84d4b50
streamkey,#hash_7f036d5ed84d4d03
streamkey,#hash_7f036e5ed84d4eb6
streamkey,#hash_7f036f5ed84d5069
streamkey,#hash_7f03705ed84d521c
streamkey,#hash_7f03715ed84d53cf
streamkey,#hash_7f03725ed84d5582
streamkey,#hash_7f03735ed84d5735
streamkey,#hash_7f03765ed84d5c4e
streamkey,#hash_7f03775ed84d5e01
streamkey,#hash_7f049884ca1c2676
streamkey,#hash_7f049984ca1c2829
streamkey,#hash_7f049e84ca1c30a8
streamkey,#hash_7f049f84ca1c325b
streamkey,#hash_7f04a084ca1c340e
streamkey,#hash_7f04a184ca1c35c1
streamkey,#hash_7f04a284ca1c3774
streamkey,#hash_7f04a384ca1c3927
streamkey,#hash_7f04a484ca1c3ada
streamkey,#hash_7f04a584ca1c3c8d
streamkey,#hash_7f079d84ca1e64cc
streamkey,#hash_7f079e84ca1e667f
streamkey,#hash_7f07a184ca1e6b98
streamkey,#hash_7f07a284ca1e6d4b
streamkey,#hash_7f07a384ca1e6efe
streamkey,#hash_7f07a484ca1e70b1
streamkey,#hash_7f07a584ca1e7264
streamkey,#hash_7f07a684ca1e7417
streamkey,#hash_7f07a784ca1e75ca
streamkey,#hash_7f07a884ca1e777d
streamkey,#hash_7f1af15ed8610c30
streamkey,#hash_7f1af25ed8610de3
streamkey,#hash_7f1af95ed86119c8
streamkey,#hash_7f1afa5ed8611b7b
streamkey,#hash_7f1afb5ed8611d2e
streamkey,#hash_7f1afc5ed8611ee1
streamkey,#hash_7f1afd5ed8612094
streamkey,#hash_7f1afe5ed8612247
streamkey,#hash_7f1aff5ed86123fa
streamkey,#hash_7f1b005ed86125ad
streamkey,#hash_7f1e765ed8642406
streamkey,#hash_7f1e775ed86425b9
streamkey,#hash_7f1e7c5ed8642e38
streamkey,#hash_7f1e7d5ed8642feb
streamkey,#hash_7f1e7e5ed864319e
streamkey,#hash_7f1e7f5ed8643351
streamkey,#hash_7f1e805ed8643504
streamkey,#hash_7f1e815ed86436b7
streamkey,#hash_7f1e825ed864386a
streamkey,#hash_7f1e835ed8643a1d
streamkey,#hash_7f21fd5ed8673f42
streamkey,#hash_7f21fe5ed86740f5
streamkey,#hash_7f21ff5ed86742a8
streamkey,#hash_7f22005ed867445b
streamkey,#hash_7f22015ed867460e
streamkey,#hash_7f22025ed86747c1
streamkey,#hash_7f22035ed8674974
streamkey,#hash_7f22045ed8674b27
streamkey,#hash_7f22055ed8674cda
streamkey,#hash_7f22065ed8674e8d
streamkey,#hash_7f256a5ed86a2e50
streamkey,#hash_7f256b5ed86a3003
streamkey,#hash_7f256c5ed86a31b6
streamkey,#hash_7f256d5ed86a3369
streamkey,#hash_7f256e5ed86a351c
streamkey,#hash_7f256f5ed86a36cf
streamkey,#hash_7f25705ed86a3882
streamkey,#hash_7f25715ed86a3a35
streamkey,#hash_7f25725ed86a3be8
streamkey,#hash_7f25735ed86a3d9b
streamkey,#hash_7f286d5ed86c6940
streamkey,#hash_7f286e5ed86c6af3
streamkey,#hash_7f286f5ed86c6ca6
streamkey,#hash_7f28705ed86c6e59
streamkey,#hash_7f28715ed86c700c
streamkey,#hash_7f28725ed86c71bf
streamkey,#hash_7f28735ed86c7372
streamkey,#hash_7f28745ed86c7525
streamkey,#hash_7f28795ed86c7da4
streamkey,#hash_7f287a5ed86c7f57
streamkey,#hash_7f2bf05ed86f7db0
streamkey,#hash_7f2bf15ed86f7f63
streamkey,#hash_7f2bf25ed86f8116
streamkey,#hash_7f2bf35ed86f82c9
streamkey,#hash_7f2bf45ed86f847c
streamkey,#hash_7f2bf55ed86f862f
streamkey,#hash_7f2bf65ed86f87e2
streamkey,#hash_7f2bf75ed86f8995
streamkey,#hash_7f2bfe5ed86f957a
streamkey,#hash_7f2bff5ed86f972d
streamkey,#hash_7f2f755ed8729586
streamkey,#hash_7f2f765ed8729739
streamkey,#hash_7f2f7b5ed8729fb8
streamkey,#hash_7f2f7c5ed872a16b
streamkey,#hash_7f2f7d5ed872a31e
streamkey,#hash_7f2f7e5ed872a4d1
streamkey,#hash_7f2f7f5ed872a684
streamkey,#hash_7f2f805ed872a837
streamkey,#hash_7f2f815ed872a9ea
streamkey,#hash_7f2f825ed872ab9d
streamkey,#hash_7f32fa5ed875ad5c
streamkey,#hash_7f32fb5ed875af0f
streamkey,#hash_7f32fe5ed875b428
streamkey,#hash_7f32ff5ed875b5db
streamkey,#hash_7f33005ed875b78e
streamkey,#hash_7f33015ed875b941
streamkey,#hash_7f33025ed875baf4
streamkey,#hash_7f33035ed875bca7
streamkey,#hash_7f33045ed875be5a
streamkey,#hash_7f33055ed875c00d
streamkey,#hash_7f75e967ad709640
streamkey,#hash_7f75ea67ad7097f3
streamkey,#hash_7f75eb67ad7099a6
streamkey,#hash_7f75ec67ad709b59
streamkey,#hash_7f75ed67ad709d0c
streamkey,#hash_7f75ee67ad709ebf
streamkey,#hash_7f75ef67ad70a072
streamkey,#hash_7f75f067ad70a225
streamkey,#hash_7f75f167ad70a3d8
streamkey,#hash_7f75f267ad70a58b
streamkey,#hash_7f796c67ad73aab0
streamkey,#hash_7f796d67ad73ac63
streamkey,#hash_7f796e67ad73ae16
streamkey,#hash_7f796f67ad73afc9
streamkey,#hash_7f797067ad73b17c
streamkey,#hash_7f797167ad73b32f
streamkey,#hash_7f797267ad73b4e2
streamkey,#hash_7f797367ad73b695
streamkey,#hash_7f797667ad73bbae
streamkey,#hash_7f797767ad73bd61
streamkey,#hash_7f7cef67ad76bf20
streamkey,#hash_7f7cf067ad76c0d3
streamkey,#hash_7f7cf167ad76c286
streamkey,#hash_7f7cf267ad76c439
streamkey,#hash_7f7cf367ad76c5ec
streamkey,#hash_7f7cf467ad76c79f
streamkey,#hash_7f7cf567ad76c952
streamkey,#hash_7f7cf667ad76cb05
streamkey,#hash_7f7cfd67ad76d6ea
streamkey,#hash_7f7cfe67ad76d89d
streamkey,#hash_7f807267ad79d390
streamkey,#hash_7f807367ad79d543
streamkey,#hash_7f807a67ad79e128
streamkey,#hash_7f807b67ad79e2db
streamkey,#hash_7f807c67ad79e48e
streamkey,#hash_7f807d67ad79e641
streamkey,#hash_7f807e67ad79e7f4
streamkey,#hash_7f807f67ad79e9a7
streamkey,#hash_7f808067ad79eb5a
streamkey,#hash_7f808167ad79ed0d
streamkey,#hash_7f837967ad7c154c
streamkey,#hash_7f837a67ad7c16ff
streamkey,#hash_7f837d67ad7c1c18
streamkey,#hash_7f837e67ad7c1dcb
streamkey,#hash_7f837f67ad7c1f7e
streamkey,#hash_7f838067ad7c2131
streamkey,#hash_7f838167ad7c22e4
streamkey,#hash_7f838267ad7c2497
streamkey,#hash_7f838367ad7c264a
streamkey,#hash_7f838467ad7c27fd
streamkey,#hash_7f86fe67ad7f2d22
streamkey,#hash_7f86ff67ad7f2ed5
streamkey,#hash_7f870067ad7f3088
streamkey,#hash_7f870167ad7f323b
streamkey,#hash_7f870267ad7f33ee
streamkey,#hash_7f870367ad7f35a1
streamkey,#hash_7f870467ad7f3754
streamkey,#hash_7f870567ad7f3907
streamkey,#hash_7f870667ad7f3aba
streamkey,#hash_7f870767ad7f3c6d
streamkey,#hash_7f8a6b67ad821c30
streamkey,#hash_7f8a6c67ad821de3
streamkey,#hash_7f8a6d67ad821f96
streamkey,#hash_7f8a6e67ad822149
streamkey,#hash_7f8a6f67ad8222fc
streamkey,#hash_7f8a7067ad8224af
streamkey,#hash_7f8a7167ad822662
streamkey,#hash_7f8a7267ad822815
streamkey,#hash_7f8a7567ad822d2e
streamkey,#hash_7f8a7667ad822ee1
streamkey,#hash_7f8dee67ad8530a0
streamkey,#hash_7f8def67ad853253
streamkey,#hash_7f8df067ad853406
streamkey,#hash_7f8df167ad8535b9
streamkey,#hash_7f8df267ad85376c
streamkey,#hash_7f8df367ad85391f
streamkey,#hash_7f8df467ad853ad2
streamkey,#hash_7f8df567ad853c85
streamkey,#hash_7f8dfa67ad854504
streamkey,#hash_7f8dfb67ad8546b7
streamkey,#hash_7f917167ad884510
streamkey,#hash_7f917267ad8846c3
streamkey,#hash_7f917967ad8852a8
streamkey,#hash_7f917a67ad88545b
streamkey,#hash_7f917b67ad88560e
streamkey,#hash_7f917c67ad8857c1
streamkey,#hash_7f917d67ad885974
streamkey,#hash_7f917e67ad885b27
streamkey,#hash_7f917f67ad885cda
streamkey,#hash_7f918067ad885e8d
streamkey,#hash_7f947667ad8a8366
streamkey,#hash_7f947767ad8a8519
streamkey,#hash_7f947c67ad8a8d98
streamkey,#hash_7f947d67ad8a8f4b
streamkey,#hash_7f947e67ad8a90fe
streamkey,#hash_7f947f67ad8a92b1
streamkey,#hash_7f948067ad8a9464
streamkey,#hash_7f948167ad8a9617
streamkey,#hash_7f948267ad8a97ca
streamkey,#hash_7f948367ad8a997d
material,#hash_4096f71515cc6
material,#wc/t7_decal_damage_concrete_cracks_01_dark
material,#wc/t7_snow_slushy_blend
material,#hash_106986aea99d05
material,d#ei/gfx_smk_puff_thin_varied_high_dark_lit
material,#mc/mtl_p7_sewer_gate_metal_round
material,#mc/mtl_p7_zm_tra_street_lamp_set_rust
material,#hash_21d2288da17dc6
material,#mc/mtl_p7_satellite_dish_01_ribbing
material,#mc/mtl_p8_fire_extinguisher_01_dmg_rubber
material,#hash_516cf65ae4f719
material,#hash_5a6c0341b922b7
material,#mc/mtl_p7_con_charging_station_metal_grate_circles
material,#hash_6c05f6db8b0781
material,#hash_7a21692c8ea1e7
material,d#mc/mtl_veh_t8_mil_helicopter_transport_decal_anchor_dirty
material,#hash_99e6799b12c37a
material,#hash_a6a76929aab582
material,#hash_a97b94e182a4e2
material,#mc/mtl_p7_rus_handrail_modular_dbl_yellow
material,#mc/mtl_p8_cell_antenna_roof_decal_08
material,#mc/mtl_p8_cell_antenna_roof_decal_04
material,#mc/mtl_p8_cell_antenna_roof_decal_03
material,#mc/mtl_p8_cell_antenna_roof_decal_02
material,#wc/mtl_p7_suspension_bridge_metal_grate_panels_01
material,#hash_c991292750a8f3
material,#hash_ca5b55d74595d1
material,#hash_df2dcf8c3f35b2
material,#mc/mtl_p8_cables_electrical_boxes_01
material,#mc/mtl_p7_sin_bollard_concrete
material,#hash_1049d9298aef36c
material,#mc/mtl_p7_fxanim_gp_streamer_orange_01_s3
material,#hash_11113e85b66b8d7
material,d#ei/gfx_distort_ring_hvy
material,#mc/mtl_p7_mou_coiled_wire
material,#mc/mtl_p8_ice_utility_pole
material,#hash_14805d321efe25e
material,#mc/mtl_p8_col_dolly_metal_iron
material,d#hash_154c9b5f098597d
material,#hash_155491e2837ee76
material,d#mc/mtl_wpn_t8_eqp_briefcase_bomb_bottom
material,#hash_165ebf04e00baf9
material,#hash_16915a4b32c35ad
material,#hash_18ba7777fca12ee
material,#mc/mtl_p8_cell_antenna_roof_nail
material,#mc/mtl_p7_sgen_corridor_02_set_dirty_01
material,#hash_1a8362601bedacb
material,#mc/mtl_p7_generator_unit_light
material,#mc/t7_glass_reinforced_wavy
material,#hash_1c78ba2f334d7c4
material,d#hash_1ef291a56d88743
material,#hash_1f5a24b2c578185
material,#mc/mtl_p8_missile_rack_decal_paint
material,#mc/t8_metal_paint_scratched_01_rust_drk_02
material,#mc/mtl_p8_ice_rock_pile_02_dark_grime
material,#mc/mtl_p7_slu_meter_electric_01_base_02
material,#mc/t8_decal_tech_detail_bolt_07_normal
material,#hash_21dafa773136aff
material,#mc/mtl_p7_slu_box_electric_set_decal_wires
material,#hash_2278ed47554efcc
material,d#mc/t8_metal_bare_steel_worn_01
material,#hash_25773ef14abef0b
material,#mc/mtl_p7_crate_plastic_tech_01_detail
material,#hash_26448002fa6ba64
material,d#hash_26c5198c776f9f3
material,#hash_275cc88b70fa6ec
material,d#hash_288499a597f61a4
material,#wc/t7_ban_metal_heavy_rust_blend
material,#mcs/mtl_p7_hook_metal_small_01
material,#hash_2aa1b7fa919790f
material,#hash_2ab9035b7146ff8
material,d#mc/invisible
material,#mc/mtl_p7_slu_panel_electrical_plastic_01
material,#hash_2c2737f82edad63
material,#mc/mtl_p8_ice_metal_pillar_01_metal
material,#mc/mtl_p7_debris_concrete_rubble_bolt
material,#hash_2e75a862d1323e5
material,#mc/mtl_p8_tank_fuel_01_set_screw_model_yellow
material,d#hash_2fcd75fcffb3f08
material,#mc/mtl_skybox_default_day
material,#mc/mtl_p7_zm_asc_panel_metal_white
material,#hash_314373fb0601e10
material,#hash_3143a3fb0602329
material,#mc/mtl_p8_wz_supply_stash_health_extras
material,#hash_321af30a700e41b
material,#mc/mtl_p7_zm_asc_panel_metal_grey_03
material,#mc/mtl_p7_zm_asc_panel_metal_grey_02
material,#mc/mtl_p7_zm_asc_panel_metal_grey_07
material,#mc/mtl_p7_zm_asc_panel_metal_grey_06
material,#mc/mtl_p7_zm_asc_panel_metal_grey_04
material,#hash_330afa1b55691c1
material,#mc/mtl_p7_barrier_block_concrete_long_rusty
material,#mc/mtl_p8_server_portable_decal
material,#hash_36b664088ba29cf
material,#hash_38de525e890e01e
material,#hash_39be11387bd911f
material,#mc/t7_decal_tech_lines_soft
material,#mc/mtl_p7_sin_signage_speed_limit_20
material,#mc/black_40_matte
material,#mc/mtl_p7_sin_box_street_electric_large_worn_decal
material,#hash_3abebdc6f24e24c
material,#hash_3d230d3e69ddf3f
material,#hash_3e11ac24d0b37ba
material,#hash_3e3605ed8f5a884
material,#wc/t7_decal_asphalt_damaged_crack
material,#hash_3ff34492b16cd79
material,#hash_41364971949d07a
material,#hash_418b52059009bfc
material,#mc/mtl_p7_fence_wood_rustic_01_post
material,#hash_42549fd097ee032
material,#hash_429475e32c56547
material,#hash_42a8763df7bd9c6
material,#mc/mtl_p8_ice_mb_cargodoorframe
material,#hash_430505182ac53cb
material,d#hash_432e1667c022218
material,#mc/mtl_p8_wep_ceiling_structure_set_weld
material,#hash_4384dcb7eda9b50
material,#mc/mtl_p7_tiedown_anchor_metal
material,#mc/mtl_p8_ice_large_rock_03_dark_grime
material,#mc/mtl_c_t7_warrior_body1_hand_b1_skin1
material,#vd/t7_decal_water_wall_running
material,#hash_4653a84172f2b34
material,#hash_4694bede07186ad
material,#hash_4733cd8ca9696fb
material,#hash_473cd7877cfe86b
material,#mc/mtl_p8_col_rock_cliff_large_01c
material,#mc/mtl_p7_zm_bgb_button_label_01
material,#mc/mtl_p8_foliage_tree_spruce_norway_tall_thin_proxy_tiled
material,#mc/mtl_p7_light_fluorescent_subway_bulb_mobile_sh
material,#mc/mtl_p8_zm_esc_gun_gallery_metal_beam_01
material,#mc/mtl_p8_zm_esc_gun_gallery_metal_beam_03
material,#mc/mtl_p8_zm_esc_gun_gallery_metal_beam_02
material,#mc/mtl_p7_rus_foliage_grass_snow
material,#hash_4a2fdb0bb6ec09c
material,#hash_4ab67c4485901da
material,#mc/mtl_c_t7_warrior_body1_arm_rt_a1_skin1
material,#hash_4b68cfc3dc79aa5
material,#hash_4b8997b44fc808a
material,#mc/mtl_veh_t8_mil_truck_hemtt_exterior_01_rubber_dead
material,#hash_4c3eb0e52b8e01b
material,#hash_4c55ecfe65dbc39
material,#mc/mtl_p8_ice_gas_console_box_01_black
material,#hash_4d8200a5beaca23
material,#mc/t7_decal_grunge_rust_09_red
material,#mc/mtl_p8_mp_bomb_crate_whole_destroyed_floor
material,#hash_51eeef1a1093d9e
material,#hash_52ffefadfbabeba
material,#hash_53b5bef0537896d
material,#hash_5451d17045c19ff
material,#hash_5489f17045f2cbc
material,d#mc/mtl_p8_mp_bomb_crate_gray
material,#hash_55251dbd33c256d
material,#wc/metal_trim_ext_dlc1
material,#mc/mtl_c_t7_battery_body1_uppergear_skin1
material,d#mc/mtl_veh_t8_civ_forklift_modular_decal_ring_raised
material,#mc/mtl_p8_col_bin_plastic
material,#hash_576e1b44c03aebc
material,#mc/mtl_c_warrior_smallpouch_skin1
material,#hash_57cd62ceb9bdbc5
material,#wc/t7_rubber_wire_bundle_01
material,#mc/mtl_c_t7_techno_body1_knife
material,#hash_5895adf1d3ea089
material,#hash_58acae830048a7d
material,#hash_58c51b3adb68653
material,#mcs/mtl_p7_fxanim_gp_caution_tape_yellow_01_s2
material,#mcs/mtl_p7_fxanim_gp_caution_tape_yellow_01_s3
material,#hash_5af214ed1d79a5d
material,#mc/mtl_c_t7_warrior_body1_armor_2_skin1
material,#mc/mtl_p7_zm_asc_panel_glass_red
material,#mc/t7_out_metal_painted_glossy_gray_drk
material,#mc/t7_metal_worn_iron_dark
material,#mc/mtl_p7_sin_bollard_metal
material,#hash_5fee2ce9cbe29ab
material,#hash_602390a8e287b3a
material,d#hash_603bcfbf1808bc1
material,#hash_60fe09cf61aac36
material,#mc/mtl_p7_pipe_metal_hp_54_rust
material,#hash_63bb872e9ef8a54
material,#hash_63bb972e9ef8c07
material,#hash_63bba72e9ef8dba
material,#mc/mtl_p8_ice_rock_med_02_overlay_dark
material,d#hash_64afa0731264c1c
material,#mc/t7_rubber_roof_granular_wet
material,d#hash_665262519292cc2
material,#mc/mtl_p7_duct_metal_rectangle_straight_128
material,d#hash_6706e3b27992ed8
material,d#hash_6706f3b2799308b
material,d#hash_670713b279933f1
material,d#mc/mtl_p7_ntx_tool_wrench_ratchet_sml_steel
material,#hash_68722b7cf3a4cf5
material,#mc/mtl_p7_office_cubicle_set
material,#mc/t7_snow_powder_01
material,#mc/t8_decal_tech_detail_line_trim_14_metal
material,#mc/mtl_p7_sin_box_street_electric_large_worn_carbon_a
material,#mc/mtl_p7_elevator_plastic_button_call
material,#hash_6a72749275993ce
material,#hash_6b59102222070b2
material,#wc/t7_con_decal_paint_scratched_white
material,d#hash_6c22363d51e2189
material,#wc/mtl_p7_con_cargo_trains_caution_stripes_yellow
material,#hash_6c7d581641a5182
material,#hash_6dac2147a778c53
material,#mc/mtl_p7_pro_door_security_detention_decals
material,#mc/mtl_p8_ice_ceilingmoulding_glass_on
material,#mc/mtl_p8_streetpost_siren_set_metal_01
material,#mc/mtl_p8_streetpost_siren_set_metal_02
material,#mc/mtl_p8_ice_controlroom_ceiling_heat_curtain
material,#hash_712dcac02dff802
material,#hash_713e2f95001e41f
material,#hash_713e3f95001e5d2
material,#hash_713e4f95001e785
material,#mc/mtl_p8_metal_door_knob_rust
material,#hash_736c4d73b59026f
material,#mc/t7_glass_embedded_hex
material,#hash_74758e1061ba522
material,#vd/t7_snow_footprints_slushy_blend
material,#mc/mtl_p7_spl_foam_noodle_black
material,d#mc/t7_glass_clean_01_clear_scratch
material,#hash_763ff2f61b6ceec
material,#mc/mtl_p8_ice_bunker_door_01_metal_01
material,#mc/mtl_p8_ice_bunker_door_01_metal_02
material,#mc/mtl_p8_ice_bunker_door_01_metal_03
material,#hash_7898d243cb3566c
material,#hash_78bb46f36d24fc2
material,#mc/mtl_c_t7_battery_body1_armor
material,#hash_7916046387e1824
material,#mc/t7_metal_floor_perforated_01_black
material,#mc/t7_cru_metal_railing_trim_black_01
material,#wc/t7_decal_grunge_dirt_wall_01_blend_offset_dark
material,#wc/t7_plastic_wire_black_no_shadow
material,#hash_7a258823a26f954
material,#mc/mtl_p7_fxanim_gp_plastic_tarp_cover_blue_s3
material,#hash_7ae89df92b748ea
material,#mc/mtl_p7_hook_metal_shelf
material,#mc/mtl_p7_water_container_plastic_small_cap
material,#mc/t8_metal_ship_hull_01_worn
material,#hash_7f0d960f36d382b
material,#mc/mtl_p7_mou_electrical_panel_set_dirt
material,#hash_7fad952f9f61af7
material,#mc/mtl_c_t7_battery_body1_collar1
material,#mc/mtl_p8_mp_bomb_crate_whole_destroyed_palette
material,d#hash_802a49dac7da09c
material,#mc/mtl_p7_zm_asc_pipe_modular_set_decal_dirt_02
material,#hash_81b8080297f94d0
material,#mc/t8_decal_tech_detail_screw_02
material,#mc/t8_decal_grunge_stain_tide_01
material,#mc/mtl_p8_server_portable_drive
material,#mc/mtl_p7_cry_vents_lobby_01
material,#mc/mtl_p8_server_portable_case_gold
material,d#hash_857a20cc8641e92
material,#hash_85bf3cbfee19df4
material,#mc/t8_decal_damage_concrete_edge_01_wet
material,#hash_86f34eb5f7f02f8
material,#hash_8748ec06d95765c
material,#mc/mtl_p8_col_conveyor_unit_decal_11
material,#hash_87df3ba4f8a0da9
material,#hash_8805ead9487ac5c
material,#mc/mtl_p8_col_conveyor_unit_decal_08
material,#mc/mtl_p8_col_conveyor_unit_decal_04
material,#mc/mtl_p8_col_conveyor_unit_decal_06
material,#mc/mtl_p8_col_conveyor_unit_decal_03
material,#mc/mtl_p8_col_conveyor_unit_decal_02
material,d#hash_884071715a7a1e9
material,#mc/mtl_p7_zm_asc_pipes_electrical_set_metal_01
material,#mc/mtl_p7_zm_asc_pipes_electrical_set_metal_02
material,#mc/mtl_p7_zm_asc_pipes_electrical_set_metal_03
material,#hash_894982386593745
material,#mc/mtl_p7_slu_meter_electric_03_base_01
material,#mc/mtl_p7_cai_security_room_modular_window_frame
material,#hash_8a12842fc721cd1
material,#hash_8a1b35f1ca8166e
material,#mc/t8_decal_tech_detail_bolt_02_drk
material,#mc/mtl_c_t7_warrior_body1_armor_dark_skin1
material,#hash_8c18b805424fa52
material,#hash_8cb974e97d5b681
material,#mc/mtl_p8_ice_communication_console_01_decal_screens
material,#hash_8de1c5b80cca0ce
material,d#hash_8e16500d89e19b6
material,#hash_8eeba0cea90a53b
material,d#hash_8f20c01f4c2897b
material,#hash_8f20f01f4c28e94
material,d#hash_8f21101f4c291fa
material,#hash_8f21201f4c293ad
material,#mc/t7_metal_dark_gray_rusty_wet
material,#mc/mtl_p7_cai_tunnel_support_01_ibeam_green
material,#mc/mtl_p7_zm_ctl_door_sliding_set_decal_07
material,#mc/mtl_p7_zm_ctl_door_sliding_set_decal_06
material,#mc/mtl_p7_zm_ctl_door_sliding_set_decal_05
material,#mc/mtl_p7_zm_ctl_door_sliding_set_decal_04
material,#mc/mtl_p7_zm_ctl_door_sliding_set_decal_09
material,#mc/mtl_p7_railing_concrete_01_dirty_01
material,#mc/mtl_p7_tools_screwdriver
material,#mc/t7_metal_edge_wear_02
material,#mc/t7_metal_edge_wear_03
material,#mc/mtl_p8_mp_bomb_crate_whole_destroyed_tech
material,#mc/mtl_p8_spa_shed_metal_sml_decal_hole
material,#mc/mtl_p7_zm_asc_panel_plastic_green
material,#mc/mtl_p8_zm_esc_box_electric_weld
material,#hash_961b689c01ba8da
material,#mc/mtl_p8_pipe_metal_hp_4_01_painted
material,#hash_96da5249ef5c61c
material,#mc/mtl_c_t7_techno_body1_leg_armor_skin1
material,#hash_988562d128a3ad7
material,#wc/mtl_p7_con_charging_station_metal_grate_circles
material,#mc/mtl_c_t7_warrior_body1_hand_a1_skin1
material,#hash_9c2a5e44f5aef3c
material,#hash_9c6f61bcacbefbe
material,#hash_9c6f71bcacbf171
material,#hash_9c6f81bcacbf324
material,#hash_9c6f91bcacbf4d7
material,#hash_9c6fa1bcacbf68a
material,d#hash_9ddcc4611436e64
material,#mc/mtl_p8_ice_com_center_vents_64_01a
material,#mc/mtl_p7_medical_first_aid_case_01_metal2
material,#mc/mtl_p7_medical_first_aid_case_01_metal1
material,#hash_9fde0a11a6c6748
material,#mc/mtl_p7_bucket_shrapnel_bucket
material,#mc/t8_decal_graphics_street_sign_circle_arrow_01
material,#hash_a11978cb4a82f00
material,#hash_a119a8cb4a83419
material,#hash_a2c102bc9803c40
material,#hash_a2cc4f4bf1086ea
material,#mc/t8_decal_tech_detail_panel_01
material,d#hash_a38e100caaf810d
material,#mc/mtl_p7_debris_newspaper_01_wet
material,#hash_a442b54c109aa78
material,#hash_a498fc5e310ad38
material,#mc/mtl_p8_light_spotlight_led_decal_1_0
material,#mc/mtl_p8_wep_wall_metal_x_brace_set_metal02v2
material,d#mc/mtl_p7_tank_welding_set_metal_golden
material,#hash_a6d75135e55ca69
material,#mc/t7_decal_tech_details_03_dark
material,#mc/mtl_p8_fire_extinguisher_01_dmg_decal_dirt
material,#mc/mtl_p8_missile_rack_decal_04
material,#mc/mtl_p8_missile_rack_decal_05
material,#mc/mtl_p8_missile_rack_decal_06
material,#mc/mtl_p8_missile_rack_decal_07
material,#mc/mtl_p8_missile_rack_decal_01
material,#mc/mtl_p8_missile_rack_decal_02
material,#mc/mtl_p8_missile_rack_decal_03
material,#mc/mtl_p8_missile_rack_decal_14
material,#hash_aa9e75d6b276dc7
material,#mc/mtl_p8_boot_military_brown
material,#mc/mtl_p7_light_work_utility_flood_wall
material,d#mc/bullet_collision_metalhollow
material,d#hash_b0cf0ac929a5bbd
material,#ei/gfx_dust_light_lit
material,#mc/t7_decal_signage_letters_upper_black
material,#mc/mtl_p7_conduit_metal_pipes
material,#mc/mtl_p7_slu_box_electric_set_glass
material,#hash_b458df942a16693
material,#hash_b56ce861ef3afd2
material,#hash_b63011b5c368e4c
material,#hash_b63041b5c369365
material,#mc/mtl_p8_streetpost_siren_set_plastic
material,#hash_b80b7c571bb5937
material,#hash_b9749b4cff87391
material,#mc/mtl_p7_toolbox_handheld_small_blue
material,#mc/mtl_p8_ibeam_01_straight_01_gray
material,#mc/mtl_p7_electrical_box_set2_meterhead
material,#mc/t8_decal_tech_detail_line_trim_02_drk
material,#hash_bb84e9db199089f
material,#hash_bbbf07917b50c11
material,#mc/t8_concrete_wall_poured_02
material,#mc/t8_concrete_wall_poured_01
material,#mc/mtl_p8_ice_liquid_storage_tank_vertical_wall_panel_grunge_red
material,d#hash_bf9864db3ee569c
material,#mc/mtl_p7_guardrail_caution_decal
material,#hash_c13773fb4f1b297
material,#hash_c19f2bd5dd8b1f3
material,#mc/t8_metal_cross_plate_worn_01
material,#hash_c1e84800d9524f3
material,#mc/mtl_p7_shr_snow_chunk_slush_trim
material,#hash_c3816b10314c1a8
material,#mc/mtl_p7_aqu_truss_metal_x_64x96x8_01
material,#mc/mtl_p8_zm_esc_box_electric_dirt
material,#hash_c40be53199f58f6
material,#hash_c79b802427fe03d
material,#hash_c9798477bb35487
material,#hash_c9799477bb3563a
material,#mc/mtl_p7_slu_fuse_box_electric_set_decal_03
material,d#hash_c9a37640f83f488
material,#mc/mtl_p8_ice_ceilingmoulding_metal_lgt
material,d#hash_ca590f30ed9a974
material,#hash_ca8b5e4c2071a20
material,#hash_ca8b6e4c2071bd3
material,#hash_ca8b7e4c2071d86
material,#hash_ca8b9e4c20720ec
material,#hash_ca8bae4c207229f
material,#hash_ca8bbe4c2072452
material,#hash_ca8bce4c2072605
material,#hash_ca8bde4c20727b8
material,#hash_ca8bee4c207296b
material,d#hash_caa42d4eb989c14
material,#hash_cac38e4c20a2e90
material,#hash_cac39e4c20a3043
material,#hash_cac3ae4c20a31f6
material,#hash_cac3be4c20a33a9
material,#hash_cac3ce4c20a355c
material,#hash_cac3de4c20a370f
material,#hash_cac3ee4c20a38c2
material,#hash_cac3fe4c20a3a75
material,#hash_caf3ce4c20c6b33
material,#hash_caf40e4c20c71ff
material,#hash_caf42e4c20c7565
material,#hash_caf4ae4c20c82fd
material,#hash_cb2bee4c20f7df0
material,#hash_cb2bfe4c20f7fa3
material,#hash_cb2c7e4c20f8d3b
material,#hash_cb2cae4c20f9254
material,#hash_cb2cbe4c20f9407
material,#hash_cb2cde4c20f976d
material,d#hash_cb4d8713399c479
material,#hash_cb646e4c2129adf
material,#hash_cb649e4c2129ff8
material,#hash_cb64ae4c212a1ab
material,#hash_cb64be4c212a35e
material,#hash_cb64de4c212a6c4
material,#hash_cb64ee4c212a877
material,#hash_cb650e4c212abdd
material,#hash_cb9d0e4c215bb34
material,#hash_cb9d2e4c215be9a
material,#hash_cb9d3e4c215c04d
material,#hash_cbd3be4c218a6dc
material,#hash_cbd3ce4c218a88f
material,#hash_cbd41e4c218b10e
material,#hash_cc03be4c21adcb3
material,#hash_cc03ee4c21ae1cc
material,#hash_cc03fe4c21ae37f
material,#hash_cc046e4c21aef64
material,#mc/mtl_p8_foliage_grass_long_skinny_01_light
material,#hash_cc86516e01ce179
material,#hash_cccc79b726d0b98
material,#mc/mtl_p8_office_papers_sheets
material,#hash_cdb3c5b53259400
material,#hash_cdb3d5b532595b3
material,#hash_cdb415b53259c7f
material,#hash_cdb425b53259e32
material,#hash_cdb435b53259fe5
material,#mc/mtl_c_t7_battery_head1_head
material,#mc/t8_metal_corrugated_wide_01
material,#hash_cf35a1f20e32a85
material,#hash_cfdb97161598f2f
material,#mc/mtl_p7_debris_concrete_rubble_bolt_chrome
material,#hash_d1d935edebb9a46
material,#hash_d234c9fd7e16634
material,#hash_d2713da80191be8
material,#mc/t8_decal_tech_detail_line_trim_13_metal
material,#mc/t7_decal_damage_concrete_cracks_01
material,d#hash_d3a31197b2fb88f
material,#hash_d49db531415e4fa
material,#mc/mtl_p7_foliage_tree_ponderosa_pine_trunk_detail_top_grime
material,#mc/mtl_p7_zm_der_chainlink_fence_kit_door_01
material,#hash_d5c349c41ee15c3
material,#mc/mtl_c_t7_warrior_body1_boot_soles_skin1
material,#hash_d7bc1e2ae060f4d
material,#hash_d7e8b729587f5dd
material,#hash_d894a74cbb90138
material,#hash_d8a1e5ca15a697d
material,#hash_d8baa86f899247b
material,#mc/mtl_p7_zm_asc_airduct_metal_set_rust
material,#hash_da25a178bca07ca
material,#hash_da8749c57696e1f
material,#hash_db209981cddf823
material,#hash_db673efa2e0484b
material,#mc/mtl_p8_wep_gun_storage_components_black
material,#mc/mtl_p7_fxanim_gp_trash_paper_sheet_01_s3
material,#hash_dd6eadebbec9897
material,#hash_dda79fa7dc2aa4c
material,#mc/t8_rubber_coated_wire_worn
material,#mc/mtl_p8_streetpost_siren_set_steel
material,#mc/mtl_p7_mp_flag_pole_light
material,#hash_dff70abce85dd21
material,d#mc/mtl_p8_mp_bomb_crate_harness_black
material,d#mc/mtl_p7_tank_welding_set_decal_01
material,#hash_e11f4ff23262844
material,#hash_e11f7ff23262d5d
material,#mc/mtl_p8_ice_rock_basalt_rock_pile_small_01_dark_grime
material,#hash_e174832f9efad36
material,#mc/color_white
material,#hash_e1f61974cbc25c3
material,#hash_e209dbf071b9da3
material,#mc/mtl_p8_ice_med_rock_01
material,#mc/mtl_c_t7_techno_body1_copper_skin1
material,#mc/mtl_p7_generator_unit_02_01
material,#mc/mtl_p7_generator_unit_02_02
material,#mc/mtl_p7_generator_unit_02_03
material,d#mc/t8_decal_graphics_caution_stripe_01
material,#hash_e404d83e9cf5e28
material,#wc/t7_concrete_wall_01
material,#mc/mtl_p8_ice_mb_lift_01_engine_pipeline
material,d#hash_e4ec9d94ee97320
material,#mc/mtl_p8_sil_icbm_conveyor_crane_cables
material,#hash_e5824c37160ce34
material,#hash_e5a02e9f441f464
material,d#hash_e5b562461b998ea
material,#hash_e610391d1159502
material,#hash_e64f0a426924515
material,#hash_e818f4b60447105
material,#hash_e9187cf0026b747
material,#mc/mtl_p7_chain_metal_bracket_01_rusty
material,#mc/t8_decal_grunge_rust_12
material,#mc/t8_decal_grunge_rust_10
material,#mc/t8_decal_grunge_rust_11
material,#mc/t8_decal_grunge_rust_09
material,#mc/t8_decal_grunge_rust_08
material,#mc/t8_decal_grunge_rust_05
material,#mc/t8_decal_grunge_rust_04
material,#mc/t8_decal_grunge_rust_07
material,#mc/t8_decal_grunge_rust_06
material,#mc/t8_decal_grunge_rust_03
material,#hash_ea5ee55e488ff24
material,#hash_ea5f155e489043d
material,#hash_ea948a855ce6026
material,d#mc/mtl_p8_crate_metal_military_medium_05
material,d#mc/mtl_p8_crate_metal_military_medium_04
material,d#mc/mtl_p8_crate_metal_military_medium_01
material,d#mc/mtl_p8_crate_metal_military_medium_03
material,d#mc/mtl_p8_crate_metal_military_medium_02
material,#hash_ec0815e507a910f
material,#hash_ec35a305c1d201c
material,#mc/mtl_p7_zm_asc_wire_bundle_set_plastic
material,d#hash_ecf419c80dc24bd
material,#hash_ed523a441dae7b9
material,#hash_ed54c5f46b13003
material,#mc/t7_glass_snow_buildup_01_transparent
material,#hash_eef80744e792eb4
material,d#mc/t8_decal_tech_detail_low_tech_07_normal
material,#hash_f0f8d41dfee97b8
material,#mc/mtl_p7_zm_asc_pipes_electrical_set_decal_02
material,#mc/mtl_p7_zm_asc_pipes_electrical_set_decal_01
material,#hash_f17de3246a4a3c1
material,#hash_f1d782e6a875768
material,#mc/mtl_p7_monitor_military_safehouse_rigging
material,#mc/t7_snow_slushy_01
material,#hash_f29f2ec9fe55ddf
material,#mc/mtl_p8_spa_tarp_03
material,#mc/mtl_p8_spa_tarp_01
material,#wc/infinite_blackness_nogloss
material,#hash_f47b9e23364e7f1
material,#mc/mtl_p8_ice_gas_console_pipe
material,#hash_f4fcabc6082c3a7
material,#hash_f4fcbbc6082c55a
material,#hash_f5042d1f9f4b6ae
material,#mc/t7_metal_paint_worn_yellow
material,d#hash_f57732eccc80fad
material,#mc/mtl_p8_pipes_electrical_metal
material,#mc/mtl_veh_t7_dlc_decal_leak_06
material,#hash_f9e751d148eb470
material,#hash_f9e7a1d148ebcef
material,#hash_f9e7b1d148ebea2
material,#hash_f9e7c1d148ec055
material,#hash_fa2b302622b0fae
material,d#hash_fa87b787433ef51
material,#wc/t7_decal_damage_concrete_tile_01
material,#hash_fbacc7b163ba4aa
material,#mc/mtl_veh_t8_mil_truck_hemtt_mudflaps_plastic_dead
material,#hash_fc9f2883a35f12d
material,#hash_fcb4945942e4957
material,#hash_fce1a0db7fc5f37
material,#hash_fcef2a29aa53f9f
material,#hash_fed12ef8b848193
material,d#ei/gfx_fog_slow_sm_anim_lit
material,#wc/shadowcaster
material,#mc/t8_metal_ship_hull_01_painted_black
material,#mc/mtl_p8_sil_icbm_conveyor_crane_rails
material,#mc/t7_zm_isl_concrete_wall_weathered_01_wet
material,#mc/t7_concrete_painted_wet_green_blend
material,#mc/mtl_p8_ice_communication_console_01_decal_06
material,#mc/mtl_p8_ice_communication_console_01_decal_07
material,#mc/mtl_p8_ice_communication_console_01_decal_04
material,#mc/mtl_p8_ice_communication_console_01_decal_03
material,#mc/mtl_p8_ice_communication_console_01_decal_01
material,d#mc/mtl_veh_t8_civ_forklift_modular_decal_dent_dirty
material,#hash_107b83cbbaaa44e3
material,#hash_107b84cbbaaa4696
material,#hash_107b85cbbaaa4849
material,#hash_107b86cbbaaa49fc
material,#hash_107b87cbbaaa4baf
material,#hash_107c0c45bb5259bc
material,#hash_107c0e45bb525d22
material,#hash_107c0f45bb525ed5
material,#hash_10851f180f56b110
material,#mc/t8_metal_rebar_rust_01
material,#hash_10b83c4d33a5dd61
material,#hash_10b83d4d33a5df14
material,#hash_10b83e4d33a5e0c7
material,#hash_10b83f4d33a5e27a
material,#mc/mtl_p7_cai_tunnel_support_01_ibeam_red
material,#mc/mtl_p8_ice_backroom_wall_tank_metal_bare
material,#hash_10cb9b255706da6d
material,#mc/mtl_p8_ice_signage_triangle_01
material,d#hash_10d6585212022f15
material,d#hash_10ef602e7f502118
material,#mc/mtl_p7_mou_airduct_metal_03
material,#mc/mtl_p7_mou_airduct_metal_02
material,#hash_1102239cb79948a6
material,#hash_1105522b9285d776
material,#hash_111e8590c5a18ffb
material,#mc/t7_plastic_base_clean_grey_drk
material,#mc/mtl_p8_generator_open_01_decal_drip
material,#mc/mtl_p8_ice_rock_wall_01_a_dark_grime
material,#mc/t7_snow_slush_floor_large01
material,#mc/t7_snow_slush_floor_large02
material,#mc/mtl_p8_ice_electrical_cabinet_01
material,#mc/mtl_p8_ice_electrical_cabinet_02
material,#mc/mtl_p8_ice_med_rock_02_02_dark_grime
material,#mc/mtl_p8_sil_icbm_conveyor_crane_wheels
material,d#hash_113cbf3893050959
material,#mc/mtl_p7_wall_mobile_dep_metal_paint_grey_mid
material,#mc/mtl_p8_ice_bay4_hydrolic_pump_01_plastic
material,#wc/mtl_p7_cai_street_signage_arrow_decal_01
material,#mc/mtl_p7_zm_asc_panel_decal
material,#hash_115637f9766595c9
material,#mc/t7_metal_paint_worn_large_white
material,#mc/mtl_c_t7_battery_body1_webgear_skin1
material,#hash_1162342d4478d563
material,#hash_1162352d4478d716
material,#hash_1162392d4478dde2
material,#hash_11623a2d4478df95
material,#hash_11623c2d4478e2fb
material,#hash_1165b62d447be820
material,#hash_1165b72d447be9d3
material,#hash_1165b82d447beb86
material,#hash_1165b92d447bed39
material,#hash_1165ba2d447beeec
material,#hash_1165bb2d447bf09f
material,#hash_1165bc2d447bf252
material,#hash_1165bd2d447bf405
material,#hash_1165c02d447bf91e
material,#hash_1165c12d447bfad1
material,#hash_1166b313f6e5506d
material,#hash_11693b2d447efff6
material,#hash_11693c2d447f01a9
material,#hash_11693d2d447f035c
material,#hash_11693e2d447f050f
material,#hash_11693f2d447f06c2
material,#hash_1169402d447f0875
material,#hash_117f1a8826867325
material,#hash_117f3994c60b461d
material,#mc/t8_decal_tech_detail_line_trim_05_normal
material,d#hash_1198d86a4a24341f
material,#hash_11a1e668de777307
material,#hash_11b6c407af6b4ac0
material,#hash_11d3ce9b38f86c9b
material,d#mc/bullet_collision_rubber
material,#mc/mtl_p7_electrical_cabinet_09_on
material,#mc/t7_neon_blinking_01_red
material,#hash_11fac370ffb8b372
material,#mc/mtl_p7_wires_electrical
material,#hash_11fef965d9df75de
material,#mc/mtl_p8_light_spotlight_led_glass
material,#mc/mtl_p7_light_bollard
material,#hash_120efd412bfa3069
material,#mc/t8_concrete_painted_stains_01_black_blend
material,#mc/mtl_veh_t8_dmg_scrapes_chips_7_decal
material,#hash_12161e020e28138d
material,#hash_12203bf5ee1753d5
material,#hash_123ec7e6b17eccf3
material,#mc/mtl_p8_ice_com_center_vents_corner
material,#mc/t8_dirt_rocky_03_wet
material,#hash_126264ed6fedf2c6
material,#hash_1273669204aea604
material,#mc/t7_dlc1_snow_powder_footprints_01_blend
material,#mc/mtl_p7_rus_chair_folding_weld
material,d#hash_129eccc5daf7146c
material,#mc/mtl_p8_ice_gas_console_box_02_black
material,#hash_12a7f6e9d2f470e2
material,#mc/mtl_p8_foliage_tree_spruce_norway_small_thin_proxy_tiled
material,#mc/mtl_p7_ntx_tool_wrench_ratchet_sml_decal
material,#mc/mtl_c_nrc_assault_pouch4
material,#hash_12d7949a038a5439
material,#hash_12e447f589c00501
material,#mc/mtl_p7_zm_ctl_door_sliding_set_button_green
material,#mc/mtl_c_t7_battery_body1_cyberarm_viewarm
material,#mc/t7_metal_bare_iron_polished
material,#hash_130608dce301fb18
material,#mc/mtl_p7_pallet_plastic_01
material,#hash_13086638f430eb27
material,#mc/p7_lightswitch_led_m_sensor_off
material,#mc/mtl_c_t7_warrior_body1_plastic_skin1
material,#mc/mtl_p8_ice_communication_console_01_plastic_01
material,#hash_131a52b8c39db13f
material,#mc/mtl_veh_t8_mil_truck_hemtt_exterior_01_reflector_dead
material,#mc/mtl_p8_electrical_ext_metal
material,#hash_13309d8f720f1676
material,#mc/mtl_c_t7_warrior_body1_straps_skin1
material,#hash_13326b07a4319365
material,#hash_1347f3683baa8793
material,#hash_1349db4a3f127329
material,#mc/mtl_p7_mou_electrical_panel_set_painted
material,#mc/t7_plastic_light_cover
material,#hash_135f1a15a1545803
material,#hash_136131f3b6d22fb9
material,#mc/t7_zm_isl_metal_painted_01_grey_blend
material,#hash_136b2deb34ea3018
material,#hash_136b2feb34ea337e
material,#hash_136b30eb34ea3531
material,#hash_137133b70d46ef86
material,#wc/t7_snow_powder_02_blend
material,#mc/mtl_p7_aqu_fastener_plastic_01
material,#hash_137e30221e1fe372
material,#mc/mtl_p7_sin_antenna_track
material,#hash_139982025e62a255
material,#mc/t7_concrete_dirty_quad_01
material,#hash_139abd30524647b9
material,#hash_139cd5bca95a4952
material,#mc/mtl_p7_spa_trashcan_metal
material,#hash_13ab9f8679f513da
material,#ei/gfx_gib_glass_02_em_i1024
material,#hash_13af9843da38f062
material,#hash_13b12d96ec0bea2e
material,#mc/mtl_veh_t8_mil_truck_hemtt_exterior_01_emissive_off
material,#mc/mtl_p7_bucket_janitor_plastic_rolling
material,#mc/mtl_p8_chi_pipe_cloth_2_metal
material,#hash_13c160e3c0f4719d
material,#hash_13c211d489be09f8
material,#hash_13c214d489be0f11
material,d#hash_13c6434cab612cce
material,#mc/t7_glass_reinforced_opaque
material,#hash_13d1174763dc8225
material,#mc/t8_metal_painted_black
material,#hash_13e8e0a40cc5d5ca
material,#mc/t7_snow_powder_03_blend
material,#hash_141d0efad657f9dc
material,#hash_141d7e947aa04410
material,d#hash_1420421d8d4beff1
material,#hash_1423bc8365a439a1
material,#hash_142d3bb88def2777
material,#hash_142f870e262cd1e3
material,#mc/t8_decal_tech_detail_indent_01_normal
material,#mc/mtl_p7_ris_shovel_set_red
material,#mc/mtl_p7_light_pro_armory_fluorescent
material,#wc/t7_decal_damage_concrete_cracks_04
material,#mc/mtl_p7_ban_tunnels_wall_clamp_01
material,#mc/mtl_p8_missile_rack_metal_02_a
material,#mc/t8_water_ocean_mp_seaside
material,#hash_1464f13892b3d245
material,#hash_146e70aa222a5bb5
material,#hash_146fb43528c1f3ce
material,#hash_14729c2145cd1171
material,d#ei/gfx_smk_tendril_1_lit
material,#hash_1483f32d16249dd6
material,#hash_1486226042027550
material,#mc/mtl_p7_ris_snow_dirt_clumps_pile_64
material,#hash_149ab4b9081168a5
material,d#hash_149b231a26131213
material,#mc/mtl_p7_sky_crate_plastic_tech_detail_02_blue_dlc1
material,#mc/mtl_p7_usa_tree_bridge_connector_fence
material,#hash_14b71e57e7bed681
material,d#mc/bullet_collision_metalcar
material,d#hash_14d3dd08dac3ac6e
material,#mc/t8_decal_tech_detail_panel_04_drk
material,#hash_14e1c4739099af3a
material,#mc/t7_metal_trim_chrome_worn
material,#mc/mtl_p7_zm_ctl_desk_supply_pen_holder_metal_black_01
material,#mc/t8_metal_wall_corrugated_hor_black
material,#hash_14f97a780f12b5cf
material,#hash_14fd25ca4f59cc94
material,#hash_14fd28ca4f59d1ad
material,#hash_150efdd7febd9a7a
material,#hash_150efed7febd9c2d
material,#hash_1512eaa30f23d02c
material,#hash_15242a4bfa57d64c
material,#mc/t8_decal_damage_concrete_sidewalk_seam_01_gray
material,#hash_15271fb07f8dbb7b
material,#mc/mtl_p8_ice_backroom_wall_tank_module
material,#hash_153cd20aff00ebfe
material,#hash_15474c52c4abd866
material,d#hash_15497fbd569ca249
material,#hash_154a951e431c7a48
material,#hash_15627c998a51a819
material,d#mc/t8_decal_tech_detail_high_tech_66
material,#mc/t8_decal_tech_detail_high_tech_77
material,#hash_156cf8acfe2c1a22
material,#mc/mtl_p7_tie_rod_metal_01
material,#mc/t8_decal_tech_detail_high_tech_28
material,#mc/t8_decal_tech_detail_high_tech_29
material,#wc/t7_asphalt_edge_cracked_01
material,#mc/mtl_p8_zm_zod_trashcan_copper
material,#mc/t8_decal_tech_detail_high_tech_02
material,#mc/t8_decal_tech_detail_high_tech_03
material,#mc/t8_decal_tech_detail_high_tech_01
material,#mc/t8_decal_tech_detail_high_tech_04
material,#hash_158004add53f7a3b
material,#mc/t8_decal_tech_detail_high_tech_14
material,#mc/t8_decal_tech_detail_high_tech_11
material,#hash_1596d8517a635164
material,#hash_159ba92de0b6f1da
material,d#mc/t7_rubber_hex_floor_tiles_02_black
material,#hash_15b81db802c22ee2
material,#hash_15be5475393398f7
material,#mc/t8_zm_zod_metal_painted_wall_heavy_black
material,#hash_15cd92bdd11b6089
material,#hash_15d327a1b0247110
material,#mc/mtl_c_t7_techno_body1_arm_left_skin1
material,#mc/t7_decal_grunge_dirt_wall_01_blend_offset_dark
material,#mc/mtl_p8_fire_extinguisher_01_dmg_metal_02
material,#hash_15edf2d4317bb78b
material,#mc/mtl_p7_zm_asc_wires_bunker_set_dirt
material,#mc/mtl_p8_ice_mb_cargodoorframe_b
material,d#mc/mtl_veh_t8_civ_forklift_modular_decal_groove
material,d#hash_15ff0e3297252568
material,#hash_15ffc8cbfb8c5ee3
material,#mc/mtl_c_ega_soldier_3_grenade
material,#mc/mtl_p8_box_electric_commercial_decal_sign_02
material,#mc/mtl_p8_box_electric_commercial_decal_sign_01
material,#hash_160a25497e72f68f
material,#hash_160a26497e72f842
material,#mc/mtl_p8_chi_camera_security_bubble_decal
material,#mc/t7_out_metal_painted_black
material,d#mc/mtl_wpn_t8_eqp_briefcase_bomb_glass
material,#hash_1629bf410ac91e04
material,#hash_162a0ed5975ac46a
material,#mc/mtl_p8_zm_esc_tools_hammer_decal
material,#hash_1640353073706305
material,#mc/mtl_p7_zm_ctl_desk_supply_pen_plastic_01
material,d#hash_1647bb6fedcb9b66
material,#hash_16580076a1b0e37e
material,#mc/mtl_p7_wire_plastic_ground
material,#hash_16693e2977a2b51d
material,d#mc/mtl_c_t8_mp_spe_buffer_body1_syringe_pouch
material,#hash_16725f1641ce0c80
material,#mc/t8_metal_trim_edge_wear_beam_01
material,d#hash_1677f995db807d6b
material,#hash_16958626da5908a9
material,d#mc/t8_decal_trim_weld_01_normal
material,#hash_16a3c4cee7b186a8
material,#mc/mtl_p7_conduit_rust_pipes
material,#mc/mtl_p8_rock_wall_rough_01_grime
material,#hash_16b6b763b8f63fd8
material,d#mc/mtl_wpn_t8_eqp_briefcase_bomb_decals
material,#hash_16b77a956bb719b0
material,#mc/mtl_p7_glass_shards
material,#mc/mtl_p7_zm_ctl_door_sliding_set_screw
material,#hash_16cb41b3b614254c
material,d#hash_16ceca41e7a06a42
material,d#hash_16d0f1b9710af0b2
material,d#mc/mtl_p7_construction_droid_metal_aluminum
material,#hash_16dd4ca0cb79c315
material,#wc/t7_concrete_painted_blue_blend
material,#hash_16eab4d07ae58b80
material,d#ei/gfx_gib_concrete_01_lit
material,#mc/t8_concrete_painted_stains_01_green
material,#hash_1714e36ce4189578
material,#mc/t7_decal_tech_details_01_dark
material,#hash_172db128a041538d
material,d#mc/bullet_collision_cloth
material,#mc/mtl_p8_ice_rock_01_dark_grime
material,#mc/mtl_veh_t8_dmg_scrapes_chips_10_decal
material,#hash_1759e2982ccbcb7f
material,#hash_175e69392f7f2cda
material,#hash_17663923e94bfa18
material,#mc/t7_glass_window_warehouse_backlit
material,#mc/mtl_p7_spl_entrance_fence_kit_01
material,d#mc/mtl_veh_t8_decal_sign_square_half_01
material,d#mc/mtl_veh_t8_decal_sign_square_half_03
material,d#mc/mtl_veh_t8_decal_sign_square_half_02
material,#mc/t7_cry_metal_exterior_painted_green
material,#hash_17a2ccf5c9e56146
material,#mc/t8_decal_ice_signage_letters_heavy_flat_01
material,#hash_17b100cc7707eaf1
material,#mc/mtl_p8_foliage_tree_spruce_norway_bark
material,#mc/mtl_c_t7_warrior_body1_arm_b1_skin1
material,d#hash_17c9b4f2053f5a96
material,#mc/mtl_p7_door_cell_metal_scuffed_metal2
material,#mc/mtl_c_t7_techno_body1_pistol_mr6_plastic_skin1
material,#mc/t8_decal_tech_detail_line_trim_15_drk
material,#hash_17ea17f85d224159
material,#mc/mtl_p7_zm_asc_panel_glass_grey_02
material,#mc/mtl_p7_zm_asc_panel_glass_grey_03
material,#mc/mtl_p7_zm_asc_panel_glass_grey_06
material,#mc/mtl_p7_zm_asc_panel_glass_grey_04
material,#mc/t8_snow_flat_rough_01_blend
material,#hash_17eda3f85d256514
material,#mc/mtl_p7_zm_asc_panel_glass_grey_10
material,#hash_17eda5f85d25687a
material,#hash_17f23bb98cf6ca1e
material,d#hash_180a6c4f284a4ae8
material,d#hash_180ffbca396450cb
material,#mc/mtl_p8_wep_ceiling_structure_beam_grunge_01
material,#mc/mtl_p8_wep_ceiling_structure_beam_grunge_02
material,d#mc/t8_rubber_mat_worn_01
material,d#mc/t8_rubber_mat_worn_02
material,#ei/gfx_gib_glass_01_lit_em_i1024
material,#vd/t7_decal_grunge_calcium_drip_03_blend_rust
material,#hash_1824589e8f628ffd
material,#mc/mtl_p7_zm_der_conduit_box_metal_bare
material,#hash_18598abac691790e
material,#mc/mtl_p8_wep_gun_storage_rack_01_decal_04
material,#hash_186ae31bf3c1e639
material,#mc/t7_plastic_cable_safehouse_01
material,#hash_187f7e3c7ebfd25c
material,#mc/mtl_p8_ice_floorpath_01_caution_stripes
material,#hash_1893a5d1a3e2cae9
material,#hash_189c41e4aefe909d
material,#mc/mtl_veh_t8_mil_truck_hemtt_generator_01_pattern_dirty
material,#mc/mtl_p7_foliage_tree_elm_english_branches_dry_snow
material,#mc/mtl_p7_zm_asc_panel_plastic_green_02
material,#mc/mtl_p7_zm_asc_panel_plastic_green_03
material,#mc/mtl_p7_foliage_tree_elm_english_trunk_grime
material,#hash_18b7ef779d9f165c
material,#hash_18c46717269347d8
material,d#ei/gfx_exp_billow_md_anim_em
material,#hash_18c6cf69ff8bbd1d
material,#hash_18d15c5ae5b2907e
material,#mc/mtl_p7_zm_asc_box_electrical_metal_02
material,#mc/mtl_p7_zm_asc_box_electrical_metal_04
material,#mc/mtl_p7_zm_asc_box_electrical_metal_08
material,#hash_18f22aa73469168c
material,#mc/mtl_p7_zm_asc_door_gantry_metal_decal_08
material,#mc/mtl_p7_zm_asc_door_gantry_metal_decal_07
material,#mc/mtl_p7_zm_asc_door_gantry_metal_decal_06
material,#mc/mtl_p7_zm_asc_door_gantry_metal_decal_05
material,#mc/mtl_p7_zm_asc_door_gantry_metal_decal_04
material,#mc/mtl_p7_zm_asc_door_gantry_metal_decal_03
material,#mc/mtl_p7_zm_asc_door_gantry_metal_decal_02
material,#mc/mtl_p7_zm_asc_door_gantry_metal_decal_01
material,#mc/mtl_p8_ice_electrical_cabinet_dirty_01
material,#hash_190499c2f59e2d26
material,#mc/mtl_p7_sin_parkingmeter_screen_glass
material,#hash_19240469380cdad7
material,#hash_194648a870e6fcf4
material,#mc/mtl_p7_cover_metal_dep_decals_01
material,#hash_1963cde6190cea44
material,#hash_196552ea934136d0
material,#hash_1982141c0dc9c008
material,#hash_1982151c0dc9c1bb
material,#hash_1982171c0dc9c521
material,#hash_1998933e4233da0a
material,#hash_19a4748202c92edd
material,#mc/t8_metal_painted_lrg_yellow
material,#mc/mtl_p7_zm_asc_pipe_modular_set_painted_yellow
material,#hash_19c1d257a31be3fe
material,#hash_19c4cff75467bdfc
material,#mc/mtl_p7_cable_connectors_01
material,#hash_19cf5dfaea581bb0
material,#hash_19d725f730ac19fb
material,#mc/t8_concrete_floor_sealed_01
material,#hash_19df23de09a3be2f
material,#mc/mtl_c_t7_warrior_body1_arm_c1_skin1
material,#mc/mtl_p7_zm_sta_dragon_strike_screws_01
material,#hash_1a21634b87d2a8b6
material,#mc/t8_decal_tech_detail_bolt_11_normal
material,d#mc/mtl_p7_tank_welding_set_glass
material,d#hash_1a4a448722488475
material,#mc/mtl_p7_pipe_metal_hp_4_01_blue
material,#mc/mtl_p7_zm_isl_fire_extinguisher_case_metal_01
material,#mc/mtl_p7_tiedown_straps_01_black
material,#hash_1a6ab1688b05eaa6
material,#hash_1a717e51693b73fb
material,#mc/mtl_p8_box_electric_commercial_sml_01_plastic
material,#hash_1a90db1969bc28b6
material,#mc/mtl_p7_ris_sign_lobby_entrance_aluminum
material,#hash_1aa6e805acf62d47
material,#hash_1aad5f266107d0c6
material,#hash_1aafc053abe3e553
material,#mc/mtl_p7_debris_concrete_rubble_sm
material,#hash_1add0373a8d7040c
material,#mc/mtl_p7_zm_sta_dragon_strike_letters_white
material,d#mc/mtl_p7_conduit_metal_parts
material,#wc/t7_decal_grunge_water_puddle_01
material,#hash_1b0606b6846e2ce1
material,#hash_1b0608b6846e3047
material,#mc/mtl_p7_zm_asc_wire_bundle_set_decal_01
material,#mc/mtl_p7_zm_asc_wire_bundle_set_decal_02
material,#hash_1b098bb6847144b7
material,#hash_1b12944af992cbc5
material,#mc/mtl_p7_pump_water_treatment_light_green
material,#mc/mtl_p8_ice_rock_pile_01_dark_grime
material,#hash_1b4bb47e969d409a
material,#wc/t7_ban_metal_light_rust_blend
material,#mc/mtl_p7_zm_asc_airduct_metal_set_metal
material,#hash_1b5960e4e9e7cc16
material,#mc/mtl_p8_ice_metal_pillar_01_concrete
material,#hash_1b5b89b150194640
material,#hash_1b703509d13ef04d
material,#hash_1b8b914ba8f06c63
material,#mc/mtl_p8_ice_gas_console_top
material,#hash_1b9465f3099323dc
material,#hash_1ba2e027e4040fb4
material,#mc/mtl_p8_box_electric_commercial_decal_burn
material,#mc/t7_glass_reinforced_01
material,#mc/t7_out_metal_painted_white
material,#hash_1bd7fff80c41e968
material,#hash_1be2a19c80efd221
material,#hash_1bf3b9c67ce428b6
material,#mc/mtl_c_t7_battery_pouch
material,#mc/mtl_p8_wz_supply_stash_decal_medical_dark
material,#mcs/mtl_p7_fxanim_gp_streamer_orange_01_s3
material,#hash_1c1d28d2f609dda1
material,#wc/t7_cru_metal_railing_trim_black_01
material,#mc/t8_concrete_wall_cast_02_rvl
material,#hash_1c48c0226d499277
material,#hash_1c48c1226d49942a
material,#hash_1c4c3336ec252f7e
material,#hash_1c5869a8ff686111
material,#mc/mtl_p7_light_fluorescent_subway
material,#mc/mtl_c_t7_techno_body1_baremetal_skin1
material,d#mc/t8_decal_tech_detail_high_tech_01_normal
material,d#hash_1c8ae45b3741280b
material,#hash_1c905057b596979c
material,#hash_1c932644938386ef
material,#mc/mtl_p8_ice_communication_console_01_plastic
material,#hash_1ca5f740e63e66f2
material,#mc/t7_decal_damage_concrete_cracks_01_dark
material,#hash_1cb025c4e304da99
material,#hash_1cb026c4e304dc4c
material,#hash_1cb027c4e304ddff
material,#hash_1cb028c4e304dfb2
material,#mc/mtl_p7_pallet_plastic_01_detail_black
material,#hash_1cb1bd51091a5f0c
material,#hash_1cb22d6a733ef41c
material,#mc/mtl_p7_zm_ctl_door_sliding_set_light_green
material,#hash_1cd25453d7958497
material,#hash_1cd516cbd47bc86f
material,d#mc/mtl_p8_mp_bomb_crate_silver
material,#mc/mtl_p7_ris_shovel_set_metal
material,#hash_1cea6d1c3077afa6
material,#vd/t7_dirt_tire_tracks_02_water_blend
material,#hash_1d05c3b9b5064d25
material,#hash_1d0e8940851d67f8
material,#mc/mtl_p7_cru_ruin_equipment_cloth_mid
material,#hash_1d130d5432bb66da
material,d#mc/mtl_veh_t8_decal_greeble_05
material,#mc/mtl_p7_zm_asc_panel_plastic_red_03
material,#mc/mtl_p7_zm_asc_panel_plastic_red_07
material,#mc/mtl_p7_zm_asc_panel_plastic_red_04
material,#hash_1d244e5627908434
material,d#hash_1d263048c7488166
material,#hash_1d2b14673f1f2745
material,#hash_1d2c459c6d93bd20
material,#mc/mtl_p7_ban_ladder_decal_02
material,#mc/mtl_p7_ban_ladder_decal_01
material,#mc/mtl_p7_zm_tra_street_lamp_set_moss
material,#hash_1d693d03eba2cdab
material,#mc/mtl_p7_chair_lab_01_glow
material,#mc/mtl_p8_streetpost_siren_set_decal_structure
material,#mc/mtl_p7_pipe_metal_hp_12_straight_blue
material,#hash_1d879758d6f3003e
material,#hash_1d8d6d804bb9d459
material,#mc/mtl_p7_road_guard_inner
material,#mc/mtl_p8_wz_supply_stash_decal_bolt
material,#mc/mtl_p8_ice_communication_console_01_decal_dirt
material,#mc/mtl_p7_min_beer_bottle_label_metro
material,#mc/mtl_p7_crate_lab_plastic_locking_crate_blue
material,#mc/mtl_p7_debris_newspaper_02_wet
material,#hash_1dc7d1b5653c357a
material,#hash_1dd3533a48302523
material,#hash_1dd3b6604fd66caf
material,#hash_1dd4600ebfe45f6d
material,d#hash_1dd47d2869789a58
material,#hash_1dd983c47c4f02bb
material,#mc/mtl_p7_pallet_truck_metal_dirty
material,#mc/mtl_p8_light_spotlight_led_plastic
material,#mc/mtl_p8_industrial_scissor_lift_dirt_04
material,#hash_1defb40b3c62b154
material,#mc/mtl_p7_ban_north_tribe_admin_buildiing_roof_brackets
material,#mc/mtl_p7_zm_der_chainlink_fence_kit_01_snow
material,#mc/mtl_p8_box_electric_commercial_decal_dmg
material,#hash_1e3fa1d761816eb9
material,#mc/mtl_veh_t8_mil_truck_hemtt_supension_01_metal_dirty
material,#hash_1e5dad36bdfefb9b
material,#hash_1e6641fbcb624d8d
material,#hash_1e753c2e1db05561
material,#hash_1e7f3dc12365bb67
material,#mc/t8_ice_paint_caution_stripes_rvl2
material,#mc/t7_graphic_display_military_11
material,#ec/gfx_debris_ash_pcloud_lit_oo
material,#hash_1e917f4592e57fec
material,d#mc/mtl_p7_bucket_plastic_5_gal_white
material,#hash_1eac92554890b88f
material,#mc/mtl_p8_mp_bomb_crate_whole_destroyed_gray_burned
material,#hash_1ebf84f597c159de
material,#hash_1ed22f8a01f20ecd
material,#hash_1eebd27f7e1416d5
material,#hash_1ef10c7624de31b0
material,#mc/p7_lightswitch_metal_m_sensor_rust
material,#hash_1ef9bf671352ae03
material,#mc/t7_decal_grunge_water_puddle_03
material,#hash_1f0a0caba55c0b2f
material,#mc/mtl_c_t7_warrior_body1_cloth_mid_skin1
material,#mc/mtl_p7_zm_asc_door_bunker_set
material,#hash_1f30107df5549c27
material,#hash_1f30117df5549dda
material,#hash_1f330d7df556cce5
material,d#hash_1f3a496087e1e62e
material,#hash_1f422db1700fe80a
material,d#mc/mtl_p7_crate_plastic_tech_02_detail
material,#vd/t7_decal_grunge_water_puddle_04
material,#vd/t7_decal_grunge_water_puddle_06
material,#vd/t7_decal_grunge_water_puddle_01
material,#vd/t7_decal_grunge_water_puddle_02
material,#hash_1f5591455fea7c52
material,#mc/t8_concrete_wall_cast_bare_01_wet
material,#hash_1f6068677d7b8d06
material,#hash_1f685b007a4fcc7c
material,#mc/mtl_p8_pipes_electrical_fittings
material,#mc/mtl_p8_bucket_plastic_5_gal_blue
material,#mc/mtl_p7_panel_door_access_01
material,#mc/mtl_p7_panel_door_access_02
material,#mc/mtl_p7_slu_barrel_metal_02_dmg_blue
material,#hash_1f95a7db3af4afee
material,#mc/mtl_p8_ice_blinds_white_plastic_01
material,#mc/mtl_c_t7_techno_body1_pants_skin1
material,#mc/t7_metal_bare_copper_matte
material,#hash_1fb6bb14995e7b86
material,#hash_1fbb5e775a150796
material,#hash_1fc0981e7fd267b1
material,d#mc/t8_decal_tech_detail_indent_03_normal
material,#mc/t8_metal_grating_circular_01
material,#mc/mtl_p7_cru_ruin_equipment_straps
material,#mc/mtl_c_t7_techno_body1_boot_skin1
material,#mc/t8_metal_panel_ceiling_painted_01_black
material,#hash_1ff05836ce68546d
material,#hash_1ff68db5ff67b440
material,#mc/mtl_p8_server_portable_drive_plastic
material,#wc/t7_zm_isl_concrete_wall_weathered_01_wet
material,d#mc/mtl_p7_light_floodlight
material,d#hash_2018e836a4979cae
material,d#hash_2022dcb8d4686dc4
material,#mc/mtl_p7_generator_unit_tube
material,#mc/mtl_p7_slu_meter_electric_decal_10
material,#mc/mtl_p7_slu_meter_electric_decal_08
material,#mc/mtl_p7_slu_meter_electric_decal_03
material,#mc/mtl_p7_slu_meter_electric_decal_01
material,#mc/mtl_p7_slu_meter_electric_decal_06
material,#mc/mtl_p7_slu_meter_electric_decal_05
material,#mc/mtl_p7_slu_meter_electric_decal_04
material,#mc/mtl_p7_cable_electric_coiled_01_yellow
material,#mc/mtl_p7_zm_tra_street_lamp_set_bolt
material,#mc/mtl_p8_box_electric_commercial_sml_01_rubber_yellow
material,#hash_205113cdf77661e7
material,d#hash_205152c600df709a
material,d#mc/mtl_p8_mp_bomb_crate_harness
material,#mc/mtl_p7_duct_metal_circular_straight_128
material,#hash_20604d16da77c463
material,#hash_20604e16da77c616
material,#hash_2063591a0950454c
material,#hash_20635c1a09504a65
material,#hash_206ab532ec500e88
material,#hash_20723dcde882556e
material,#mc/mtl_p8_jnt_security_electrical_cabinet_02
material,#mc/mtl_p8_jnt_security_electrical_cabinet_01
material,#mc/mtl_p7_aqu_railings_set_metal
material,#hash_208ad20e341c3268
material,#hash_2091eb0fb8a1699a
material,#mc/t7_wood_varnished_clean_white
material,#hash_20a206761d5ce05f
material,#hash_20a3dbc2f670f334
material,#mc/mtl_p7_slu_panel_electrical_metal_01
material,#mc/mtl_p7_slu_panel_electrical_metal_03
material,#mc/mtl_p7_slu_panel_electrical_metal_02
material,#mc/mtl_p7_slu_panel_electrical_metal_04
material,#hash_20b09c29de64e977
material,#hash_20b4179edae165b6
material,#mc/mtl_p7_wire_plastic_ground_yellow
material,#hash_20ca39f99ae11117
material,#mc/mtl_p7_debris_concrete_rubble_bolt_dark
material,#hash_20d68c4929053a41
material,#hash_20da23dc50c7df52
material,#hash_20df6a8e40278cd2
material,#mc/mtl_p8_hangar_scaffolding_decal_dirty_03
material,#mc/t8_metal_panel_floor_painted_02_blue
material,#mc/mtl_p7_slu_fuse_box_electric_set_wire_red
material,#hash_20f5cc1641c3786f
material,#mc/t8_decal_grunge_water_puddle_tiling_01_128
material,#mc/t7_decal_grunge_brick_color_faded
material,#hash_210aab40229c821e
material,#hash_210be9372f6af710
material,#hash_210fed5521098456
material,d#hash_211b6f58cafaa1d2
material,#hash_212205a6df2fe8dd
material,#hash_2142073112a2bd5e
material,#mc/mtl_veh_t8_mil_truck_hemtt_taillights_chrome_dead
material,#mc/t8_decal_tech_detail_line_trim_06_drk
material,#mc/mtl_veh_t8_civ_snowcat_radiator
material,d#hash_216744dac143f8fb
material,#mc/mtl_p8_server_portable_drive_aluminum
material,#mc/mtl_p8_ladder_metal_secured_01_painted_rust
material,#mc/mtl_p8_wep_ceiling_structure_beam_base_01
material,d#mc/t8_decal_damage_scratch_marks_01
material,#mc/mtl_c_t7_warrior_body1_thighpad_skin1
material,#hash_21a71ab40256cc48
material,#mc/mtl_p7_pro_hangar_door_track_floor_rubber
material,#mc/t7_shr_snow_lumpy
material,#mc/mtl_p7_snow_slush_floor
material,#mc/mtl_p7_door_metal_security_02_decal
material,#mc/mtl_p7_pallet_plastic_01_gray
material,d#mc/mtl_c_hro_sarah_shoes
material,#hash_21f17a2ac6add2ff
material,#hash_21fc0dd6c5f75a5f
material,#hash_21fc0ed6c5f75c12
material,#mc/t7_aqu_decal_signage_floor_marking_red_01
material,#mc/mtl_p8_chi_satellite_roof_metal_screw_01
material,#mc/mtl_p7_zm_sta_dragon_strike_console_trims_stainless
material,d#hash_222cacae89553fa9
material,#hash_223420976db52fb6
material,#hash_2239b85197bb2dca
material,#mc/mtl_p7_foliage_global_snow_bark_decal_no_sway
material,#mc/mtl_veh_t8_civ_forklift_modular_decal_paint_strip_dirty_ylw
material,#hash_224d441dae49e43c
material,#hash_224fb5b4e64f1a59
material,#mc/mtl_p8_wep_gun_storage_light
material,#hash_228c6ef8b75c161f
material,#wc/t7_decal_grunge_brick_color_faded
material,#hash_229102cae4b0aef6
material,#mc/t7_out_decal_grunge_dirt
material,#hash_2295496807c2d580
material,#hash_229b82dafad1ca1b
material,#vd/t7_decal_damage_concrete_dust_dark
material,#hash_229ffe9dd5743c1f
material,d#mc/t8_decal_tech_detail_line_trim_14_normal
material,#hash_22a90e044b8d31fb
material,#hash_22aae55d7738b6cc
material,#hash_22aae75d7738ba32
material,#hash_22aaed5d7738c464
material,#mc/mtl_p7_zm_isl_fire_extinguisher_case_metal_red
material,#hash_22b99caba1b17a1a
material,#vd/t7_decal_damage_concrete_dust
material,#mc/mtl_p8_wep_ceiling_structure_beam_line
material,d#hash_22d4ab0d0a1bdc3b
material,#mc/mtl_veh_t8_mil_truck_hemtt_exterior_04_emissive_off
material,d#hash_22e65a95d2ad9e05
material,#mc/mtl_p7_slu_box_electric_set_plastic
material,#wc/t7_metal_beam_trim_01_gray
material,#mc/mtl_skybox_mp_silo_override
material,d#hash_23092c1d4944c4c2
material,#mc/mtl_p7_slu_box_electric_set_decal_labels
material,d#hash_230dfa072aaa2b58
material,#hash_230fa1765433785a
material,#hash_2313f575d0a4495d
material,#hash_23154e49437baced
material,#hash_2317e46d1beed27f
material,#hash_232ddb3541f690a5
material,#hash_234df77bb24f821a
material,#hash_2361f67f61151b7b
material,#hash_236806d79edb6985
material,#mc/mtl_p7_mou_electrical_panel_set_pane
material,d#mc/mtl_p8_zm_zod_ice_chunk_01
material,d#mc/mtl_p8_zm_zod_ice_chunk_03
material,d#mc/mtl_p8_zm_zod_ice_chunk_02
material,d#mc/mtl_p8_zm_zod_ice_chunk_04
material,#hash_2387723c2f42b014
material,d#mc/mtl_veh_t8_mil_helicopter_transport_decal_lock_dirty
material,#hash_23c8a7a03d0fa56d
material,#hash_23cab1024c177f95
material,#mc/mtl_p7_zm_asc_box_electrical_decal_10
material,#mc/mtl_p7_zm_asc_box_electrical_decal_03
material,#mc/mtl_p7_zm_asc_box_electrical_decal_02
material,#mc/mtl_p7_zm_asc_box_electrical_decal_05
material,#mc/mtl_p7_zm_asc_box_electrical_decal_04
material,#mc/mtl_p7_zm_asc_box_electrical_decal_07
material,#mc/mtl_p7_zm_asc_box_electrical_decal_06
material,#mc/mtl_p7_zm_asc_box_electrical_decal_09
material,#mc/mtl_p7_zm_asc_box_electrical_decal_08
material,#hash_23d52dc802b94b74
material,#mc/t8_decal_tech_detail_low_tech_10_normal
material,#hash_23f73cf0695c19de
material,#mc/mtl_p8_ice_signage_rectangle_01
material,#mc/mtl_p8_box_electric_commercial_metal_key
material,#mc/mtl_p8_ice_backroom_wall_tank_gages
material,#hash_24228559351f236d
material,#mc/t8_decal_tech_detail_high_tech_32_metal
material,#hash_243968c0dd6ca8dd
material,#hash_244832995eee7e72
material,#mc/mtl_c_t7_gunslinger_body1_shoe_gadget
material,#hash_2452cfe943480f66
material,#mc/mtl_p8_ice_mat_floor_rubber_3x3_rubber
material,#mc/mtl_p7_pipe_metal_hp_12_valve_01_white
material,#mc/mtl_p7_sin_box_street_electric_large_worn_concrete
material,#hash_246dfbb666dda8eb
material,#mc/t8_ice_concrete_polished
material,#hash_24751d9784155461
material,#mc/mtl_p8_ice_mb_cargodoorframe_weld
material,#mc/mtl_p8_ice_med_rock_01_dark_grime2x
material,#mc/mtl_p7_sky_dropship_engin_set_30
material,#hash_24bedadf0a09a6dd
material,#mc/mtl_p7_sky_dropship_engin_set_07
material,#mc/mtl_veh_t8_mil_truck_hemtt_exterior_01_reflector
material,#mc/mtl_c_t7_technomancer_body2_lights_screens
material,#hash_24d2cc034b9df985
material,#vd/t7_decal_damage_concrete_cracks_04
material,#mc/mtl_p8_ice_utility_pole_metal_drk
material,#mc/mtl_p8_ice_communication_console_01_metal
material,#mc/mtl_p7_eth_light_wall_02_metal1
material,#mc/mtl_p7_eth_light_wall_02_metal2
material,d#mc/mtl_veh_t8_civ_forklift_modular_decal_ring
material,#mc/mtl_p8_wz_supply_stash_decal_label
material,#hash_254381d5fea07150
material,#hash_254384d5fea07669
material,#mc/mtl_p8_ice_electrical_cabinet_02_on
material,#mc/mtl_c_t7_techno_body1_gear_skin1
material,#hash_256af057727c0f32
material,#hash_256f83b00961d67b
material,#mc/mtl_p8_ice_communication_console_01_metal_black
material,#mc/mtl_p7_cardboard_box_pallet_wrapping_01
material,#mc/mtl_p8_truss_frame_modular_01_set
material,#hash_25bc2e3a49af0257
material,#hash_25c2ea186d247b6a
material,#mc/mtl_p7_light_fluorescent_subway_glass
material,d#mc/mtl_veh_t8_decal_sign_keep_clear_02
material,#hash_25efa973ab86c7c3
material,#hash_25f31df2b12e6f1b
material,#mc/mtl_p7_hinge_metal
material,#mc/mtl_p8_ice_rock_pile_01_dark
material,#hash_260f281ac96343a8
material,d#mc/mtl_c_t8_mp_spe_buffer_body1_scisors
material,#hash_262da82ee380753a
material,#mc/mtl_p8_foliage_tree_spruce_norway_snow_branch_01
material,#mc/mtl_p8_foliage_tree_spruce_norway_snow_branch_03
material,#mc/mtl_p8_foliage_tree_spruce_norway_snow_branch_02
material,#mc/mtl_p8_foliage_tree_spruce_norway_snow_branch_05
material,#mc/mtl_p8_foliage_tree_spruce_norway_snow_branch_04
material,#mc/mtl_p8_light_spotlight_led_bolt_01
material,#mc/mtl_p8_light_spotlight_led_bolt_03
material,#mc/mtl_p8_light_spotlight_led_bolt_02
material,d#mc/bullet_collision_flesh
material,#hash_2641e93e6cd9b5fd
material,#mc/mtl_p7_mou_coiled_wire_text
material,#hash_268615fa67adff44
material,#mc/mtl_p7_zm_ctl_light_cage_wall_metal_02
material,d#hash_269419b6ef0407dd
material,#mc/mtl_p8_weapon_locker_01_black
material,#mc/mtl_p7_cai_skybridge_pipe
material,#hash_26a747bfaf262b10
material,#hash_26a748bfaf262cc3
material,#mc/mtl_p7_slu_panel_electrical_02_base_part_01
material,#hash_26a74dbfaf263542
material,#hash_26a74ebfaf2636f5
material,#mc/mtl_p8_wep_gun_storage_components
material,#mc/t8_decal_grunge_rust_chunky_01
material,#hash_26d344033a1133ad
material,#hash_26d5ce009ff92735
material,#mc/mtl_c_t7_warrior_body1_webbing_skin1
material,#hash_26dcad08865d3a37
material,#hash_26f7d16fe671beb1
material,d#hash_27017a9fb42a5595
material,#hash_2713bba0f686ef7b
material,#hash_272642c36721c8f7
material,#hash_272ffc2df71e42fe
material,#mc/t7_decal_grunge_rust_09
material,#mc/t7_decal_grunge_rust_04
material,#mc/t7_decal_grunge_rust_01
material,#mc/mtl_p8_foliage_grass_long_skinny_02_light
material,d#hash_273cb005e5f16dd5
material,#mc/mtl_c_t7_battery_hair_eyebrowshell
material,d#mc/mtl_veh_t8_decal_bolt_13
material,d#mc/mtl_veh_t8_decal_bolt_01
material,d#mc/mtl_veh_t8_decal_bolt_03
material,d#mc/mtl_veh_t8_decal_bolt_04
material,#hash_276635174c78142a
material,#mc/mtl_p7_zm_isl_fire_extinguisher_decal_02
material,#mc/mtl_p7_eth_light_wall_02_decal
material,#hash_278e67b2a4cda286
material,#hash_27914936d530f798
material,#mc/mtl_p8_panel_debris_metal_set_decal_scratch
material,d#hash_27b1a44aae80cb52
material,#mc/mtl_p8_wz_supply_stash_health_canvas_darker
material,#hash_27c74830e2dd2c66
material,#mc/mtl_p7_zm_ctl_door_sliding_set_part_01
material,#mc/t7_street_concrete_curb_01a_wet
material,#mc/mtl_p7_slu_fuse_box_electric_set_wire_green
material,#ei/gfx_dust_heli_swirl_anim_lit
material,#mc/mtl_p8_ice_mat_floor_rubber_3x3_holes_dust
material,#mc/mtl_veh_t8_mil_truck_hemtt_exterior_01_rubber_dirty
material,d#mc/mtl_p8_mp_flag_base_01
material,#mc/mtl_p7_zm_ctl_console_deathray_set_dirty01
material,#mc/mtl_p7_zm_ctl_console_deathray_set_dirty02
material,#mc/mtl_p7_zm_ctl_console_deathray_set_dirty03
material,#mc/mtl_p7_mou_electrical_panel_set_fastener
material,d#mc/t8_decal_tech_shipping_container_bolt_04
material,d#hash_28367170708054b5
material,#hash_285795ebef16c818
material,#hash_285796ebef16c9cb
material,#hash_285798ebef16cd31
material,#hash_28579bebef16d24a
material,#hash_285b1bfecc7d29da
material,#hash_285f33ff1591b691
material,#mc/mtl_c_t7_techno_body1_chest_device_skin1
material,#mc/mtl_p8_zm_cart_mail_vintage_set_decal_02
material,#mc/mtl_p8_zm_cart_mail_vintage_set_decal_01
material,#mc/mtl_p8_zm_cart_mail_vintage_set_decal_06
material,#mc/mtl_p8_zm_cart_mail_vintage_set_decal_11
material,#mc/mtl_p7_pipe_metal_hp_12_straight_grey_dk
material,#mc/mtl_p8_fire_extinguisher_01_dmg_metal
material,#mc/mtl_p7_zm_asc_light_cage_warning_nail
material,d#mc/mtl_veh_t8_decal_text_sensory_unitq
material,#wc/t7_ban_metal_perforated_panel
material,#hash_2904df7d4acdd2fd
material,d#hash_290db04ce6339401
material,#mc/mtl_p7_wes_metal_pulley
material,d#mc/mtl_c_bc_femalesoldier_legholster
material,#hash_2914d25d2ab7b447
material,#hash_291610c3ae993add
material,d#hash_29188b265f6a4862
material,#mc/mtl_veh_t8_mil_helicopter_transport_glass
material,#hash_294bef4701ef0c40
material,#mc/mtl_p7_sin_bio_server_room_door_metal_dirt_decal_01
material,#mc/mtl_p7_sin_bio_server_room_door_metal_dirt_decal_02
material,#mc/t8_decal_damage_asphalt_cracks_01_light
material,#hash_2964a84b813789ef
material,#mc/mtl_p7_sgen_pallas_hookup_handles
material,d#mc/t8_decal_tech_detail_line_trim_03_drk
material,#mc/mtl_c_t7_techno_body1_monitor_skin1
material,#hash_298e47c5b04b5b5e
material,#hash_298ede7ad1e0f6c4
material,#hash_29977cbe9b4a8507
material,#hash_29977dbe9b4a86ba
material,#hash_29977ebe9b4a886d
material,#mc/mtl_p7_slu_box_electric_set_brass
material,d#mc/mtl_veh_t8_civ_forklift_modular_decal_dent_big_dirty
material,#hash_29a46e742211a3ab
material,d#mc/bullet_collision_cushion
material,#mc/t8_decal_damage_concrete_cracks_02
material,#mc/mtl_p8_zm_zod_cagelight_industrial_leak_decal
material,#hash_29c27f75e9089073
material,d#hash_29ce97121a81550d
material,#mc/mtl_veh_t8_mil_truck_hemtt_undercarrige_metal_dirty
material,#mc/mtl_p8_ice_rock_med_02_overlay_dark_grime
material,#hash_29ebaf44b5fdaae8
material,#mc/t8_concrete_wall_cast_03
material,#mc/t8_concrete_wall_cast_01
material,#hash_29f766bf82ee44f5
material,#hash_2a09196142bd9384
material,d#hash_2a0f6fdd8edbe086
material,d#hash_2a16d838860dc39a
material,#hash_2a1f965d6cebd2bd
material,#mc/mtl_p7_mou_electrical_panel_set_painted_dark
material,#hash_2a32c2a124a2fb74
material,#mc/mtl_p7_zm_asc_wire_bundle_set_plastic_01
material,#mc/mtl_p7_zm_asc_wire_bundle_set_plastic_02
material,#hash_2a42270a8a11f161
material,#mc/mtl_p8_chi_camera_security_bubble
material,#hash_2a4b564d66cf1398
material,#mc/mtl_p8_mp_bomb_crate_whole_destroyed_stencil
material,d#mc/infinite_blackness
material,#hash_2a531304fc06ebcf
material,#hash_2a58d598f91d0c7e
material,#hash_2a59fb8d0e133878
material,#hash_2a5d7b8d0e1647cf
material,#mc/mtl_p7_zm_isl_switch_trap_decal_sign
material,d#hash_2a6cb1082494a009
material,#mc/t8_snow_flat_rough_01
material,#hash_2a734350f62477b3
material,#mc/mtl_c_ega_soldier_3_knife
material,#hash_2a74c9b37225cfd9
material,#hash_2a74fb9a548dcef7
material,#mc/mtl_p8_wz_supply_stash_zipper
material,#hash_2ab454d6b5a47133
material,#hash_2ab78683cb1dae5e
material,#mc/mtl_p7_duct_metal_circular_elbow_90
material,#mc/mtl_p7_zm_ctl_monitor_display_gauge_02a
material,#hash_2adfce9513fd0b63
material,#hash_2ae3ccdb67c62f4f
material,#hash_2ae92f9baa52925d
material,#mc/mtl_p7_slu_panel_electrical_decal_10
material,#hash_2af3752ace8f41c9
material,#mc/mtl_p7_slu_panel_electrical_decal_03
material,#hash_2af37e2ace8f5114
material,#hash_2af37f2ace8f52c7
material,#mc/mtl_p7_slu_panel_electrical_decal_05
material,#hash_2af3812ace8f562d
material,#hash_2b012d68c78d0cba
material,#hash_2b0db28bbe368129
material,#hash_2b0db48bbe36848f
material,#hash_2b10b78bbe38bf7f
material,#hash_2b1130204a2917af
material,#hash_2b3700fe4693f5a9
material,#mc/caulk
material,#hash_2b401ca44868b198
material,#hash_2b4021a44868ba17
material,#hash_2b4022a44868bbca
material,#hash_2b4023a44868bd7d
material,#mc/mtl_p8_ice_long_pipes_cover_snow
material,d#mc/mtl_p8_mp_bomb_crate_green
material,#hash_2b62d2acb08864a2
material,#hash_2b72d68498ef408e
material,#mc/mtl_p7_machine_pipe_module_01
material,#mc/mtl_p7_machine_pipe_module_02
material,#mc/t7_metal_gunmetal_02_dk_grey
material,#hash_2b81e0f214b105f7
material,#hash_2b84f50d8d8af7d7
material,#hash_2b9a70227651a6d9
material,#mc/mtl_p7_pipe_metal_hp_4_01_white
material,#hash_2b9f023f6a344fe8
material,#hash_2ba77d730c388bc2
material,#hash_2bacb34c70da7167
material,#mc/mtl_p8_centrifuge_battery
material,#mc/mtl_p7_ac_unit_med_long
material,#mc/mtl_p8_mp_bomb_crate_whole_destroyed_caution
material,#mc/t7_dlc1_decal_signage_first_aid
material,#hash_2bc263c246650cfa
material,#mc/mtl_p7_panels_metal_wall_exterior_access_01
material,#hash_2bde9972e123ce06
material,#hash_2be4c5b660639237
material,#hash_2bedb55f5c09cf68
material,#wc/t7_metal_edge_wear_02
material,#wc/t7_metal_edge_wear_03
material,#mc/mtl_p8_ibeam_01_straight_01
material,#hash_2bfb751e268c54a3
material,#mc/mtl_p8_sil_icbm_conveyor_01a
material,#mc/mtl_p8_sil_icbm_conveyor_01c
material,#mc/mtl_p8_sil_icbm_conveyor_01e
material,#mc/mtl_p8_sil_icbm_conveyor_01d
material,#mc/mtl_p8_sil_icbm_conveyor_01f
material,#hash_2c04915603042931
material,#mc/mtl_p7_duct_metal_circular_straight_64
material,#hash_2c1e895b5f54de3e
material,#hash_2c238a03a5a933a0
material,d#mc/mtl_veh_t8_decal_text_no_step_02
material,d#ei/gfx_debris_clumps_em
material,#hash_2c318f1dbbd1788b
material,#mc/mtl_p7_mou_electrical_panel_set_decal_01
material,#mc/mtl_p7_mou_electrical_panel_set_decal_02
material,#hash_2c3e2bc8efbf0793
material,#hash_2c48fdedd6eb4673
material,d#hash_2c4bb5561d337a3c
material,#mc/t7_decal_signage_numbers_stencil_yellow
material,#hash_2c644e10e431997e
material,d#mc/mtl_p8_mp_flag_pole_01_rubber
material,#mc/mtl_p8_mp_bomb_crate_whole_destroyed_burned
material,#mc/mtl_p7_fxanim_mp_flag_neutral
material,#hash_2c8789fa4b092f1c
material,#hash_2c89022166aaf16d
material,#wc/t7_ra2_plaster_painted_red_blend
material,#hash_2ca8e66c5c099c67
material,#mc/mtl_p8_construction_hardhat
material,#mc/t7_cloth_cargo_netting_01_green_no_cull
material,d#hash_2cdcba62fc478b46
material,#mc/mtl_p7_mou_electrical_panel_set_rubber
material,#mc/mtl_p7_seal_metal_clamp_dmg
material,#mc/mtl_p7_slu_box_electric_set_nail
material,d#mc/mtl_veh_t8_decal_sign_triangle_01_diffuse
material,#hash_2d2fd7a9d11fe7f3
material,#mc/t8_concrete_plain_dirty_01_drk
material,#mc/mtl_p7_zm_tra_street_lamp_set_metal_base
material,#hash_2d60a675686f0482
material,#hash_2d6582fc30c8e77a
material,#hash_2d6b23204303a30c
material,#hash_2d6c7adb1a3655a7
material,#mc/t7_metal_gunmetal_01
material,#mc/mtl_p8_col_conveyor_unit_metal_electric_box_02
material,#mc/mtl_p7_ral_toilet_paper_dirty
material,#mc/mtl_p8_mp_bomb_crate_whole_destroyed_trim02
material,#hash_2d896e29d401de25
material,#hash_2d9f739bfdfe4afc
material,#mc/mtl_c_t7_battery_hairshell2
material,#mc/mtl_c_t7_battery_hairshell1
material,#mc/mtl_c_t7_techno_head1_faceplate_skin1
material,#mc/mtl_p8_drain_round_floor_iron
material,#hash_2df56d2edc619dd4
material,#mc/t7_zm_sta_console_metal_03
material,#mc/mtl_p7_duct_metal_circular_straight_64_dark
material,#mc/mtl_c_t7_battery_body1_lowbod_armor
material,d#mc/mtl_veh_t8_mil_helicopter_transport_decal_dirty_01
material,#mc/mtl_p7_zm_sta_dragon_strike_letters_dark
material,#mc/t7_cru_metal_panels_painted_matte_grey_dlc1
material,#hash_2e2ee6326410108a
material,#mc/mtl_c_t7_warrior_head1_headgear
material,d#hash_2e45b654c9d49b77
material,#mc/mtl_p7_zm_asc_panel_metal_white_10
material,#hash_2e46194e5ec294ab
material,#hash_2e461b4e5ec29811
material,#hash_2e486d1b89c95cbb
material,#mc/mtl_p7_zm_asc_panel_metal_black_10
material,#hash_2e486f1b89c96021
material,#hash_2e49954e5ec59d36
material,#mc/mtl_p7_zm_asc_panel_metal_white_03
material,#mc/mtl_p7_zm_asc_panel_metal_white_02
material,#mc/mtl_p7_zm_asc_panel_metal_white_07
material,#mc/mtl_p7_zm_asc_panel_metal_white_06
material,#mc/mtl_p7_zm_asc_panel_metal_white_04
material,#hash_2e4beb1b89cc68ac
material,#mc/mtl_p7_zm_asc_panel_metal_black_04
material,#mc/mtl_p7_zm_asc_panel_metal_black_07
material,#mc/mtl_p7_zm_asc_panel_metal_black_06
material,#mc/mtl_p7_zm_asc_panel_metal_black_03
material,#mc/mtl_p7_zm_asc_panel_metal_black_02
material,#mc/mtl_p7_foliage_global_snow_bark_decal
material,#mc/t7_proto_metal_wire_fence
material,#hash_2e55cd0cc2c95f38
material,#hash_2e55d00cc2c96451
material,#hash_2e59dd91c0f67804
material,#mc/t7_decal_signage_laundry_6_blend
material,#mc/mtl_c_t7_techno_body1_arm_rt_c_skin1
material,#mc/t8_metal_painted_lrg_blue
material,#hash_2e7a7ffc69f00397
material,#mc/t7_wood_worn_dark_oak
material,#hash_2e8d17a8f3678d3e
material,#mc/mtl_p7_sky_crate_plastic_tech_02_blue_dlc1
material,#hash_2ea5dc08883eedf3
material,#hash_2ebf4c69fc76964a
material,#vd/t7_decal_damage_concrete_cracks_01_dark
material,#mc/mtl_p7_rolled_tarp_rope
material,#wc/mtl_p7_sin_bs_train_subway_chipped_edges_01
material,#mc/mtl_veh_t8_mil_helicopter_transport_attach_04_rubber
material,#hash_2eddd59dd45fc72e
material,#hash_2ee60e8b93044e30
material,#hash_2eecd52af39124ab
material,#mc/mtl_p8_ice_snow_plowed_03
material,#hash_2f18d8f6aa4d8d86
material,#mc/mtl_p7_cai_container_aid_box
material,#mc/mtl_p8_ice_mb_cargodoorframe_yellow
material,#hash_2f3530115de72cde
material,#hash_2f40b3fc65cd2884
material,#hash_2f40b4fc65cd2a37
material,#hash_2f40b5fc65cd2bea
material,#hash_2f44f6087f8d0cf8
material,#mc/mtl_p8_ice_backroom_ceiling_01
material,#mc/mtl_p7_zur_nw_lamppost_01_set_weld_dirty
material,#mc/mtl_p7_zm_asc_panel_metal_grey
material,d#mc/mtl_p7_barrier_block_concrete_decal
material,#mc/mtl_p8_wep_wall_metal_x_brace_set_metal02
material,d#hash_2f84fc7804d4cb11
material,#hash_2f852a6e01586b71
material,#hash_2f887d6632c8ae05
material,#hash_2f8ef1f4c91337c9
material,#mc/mtl_p8_box_electric_commercial_sml_01_rubber_red
material,#mc/mtl_p8_door_metal_iron_01_frame
material,#mc/mtl_p8_debris_glass_shards_edge
material,#mc/t8_decal_tech_detail_bolt_10_lgt
material,d#mc/bullet_collision_rock
material,d#hash_2fb2b5f0977355ed
material,#mc/mtl_c_t7_techno_head1_skin_skin1
material,#mc/mtl_p7_fxanim_gp_plastic_tarp_torn_blue_s3
material,#wc/t7_dlc1_snow_slushy_tractor_tracks_packed_01_blend
material,#mc/mtl_p7_foliage_leaves_ivy_dead2
material,#mc/mtl_p7_foliage_leaves_ivy_dead3
material,#hash_2fdf3b757dea2aa0
material,d#hash_2fe1de2e76230ab9
material,d#mc/bullet_collision_bark
material,#hash_2fe6ec5985e6d554
material,#hash_2fe94c3f8bf9666b
material,#mc/mtl_p7_wire_plastic_ground_grey
material,d#ei/gfx_dust_swirl_md_anim_em
material,#hash_3005658f062d670b
material,#hash_300d395fa67b094a
material,d#hash_301a1c6a5fc7b524
material,#hash_302077f472b8bfc8
material,#hash_3038424825a48cb2
material,#mc/mtl_veh_t8_civ_snowcat_hood
material,#hash_3045cccbfeb43f73
material,#mc/t8_concrete_wall_cast_bare_01_wet_blend
material,#hash_30520630a366097a
material,#hash_3052efd3dee2bedb
material,#hash_3052f0d3dee2c08e
material,d#hash_3056908634028aae
material,d#hash_305c5e398856eaad
material,#hash_306d69e456ebe24d
material,#hash_306d9009dc904954
material,#hash_3070a0892f2cb464
material,d#hash_307e45cc4cc0a372
material,#vd/t7_snow_powder_03_blend
material,#mcs/mtl_p7_fxanim_gp_streamer_blue_01_s3
material,#hash_3080c45c9604b383
material,#mc/mtl_p8_col_conveyor_unit_logo_03
material,#mc/mtl_p8_col_conveyor_unit_logo_05
material,#mc/mtl_p8_col_conveyor_unit_logo_04
material,#mc/mtl_p8_chi_comm_antenna_roof_bolt
material,#mc/mtl_p7_zm_asc_panel_plastic_black
material,#hash_30a9bdda3a1a9641
material,#hash_30adb7cb79a959c2
material,#mc/t8_concrete_wall_cast_bare_01_blend
material,#mc/t7_decal_signage_street_lines_yellow_faded
material,#mc/mtl_p7_foliage_leaves_ivy_dead
material,#mc/mtl_p7_zm_tra_pipes_metal_weld_02
material,#mc/mtl_p8_ice_mb_lift_01_rust
material,#hash_30d3ac9295b9e2d1
material,#hash_30d68389ace641ec
material,#hash_30e24c3429b12632
material,#hash_30e48a94ba22e6f4
material,#mc/mtl_p7_mou_foliage_brush_snow_small_plants_red
material,#mc/mtl_p7_mou_airduct_metal_decal_04
material,#mc/mtl_p7_mou_airduct_metal_decal_01
material,#hash_30edbd00c33d840e
material,#hash_30edbf00c33d8774
material,#hash_30edc000c33d8927
material,#hash_30edc200c33d8c8d
material,#hash_30f020c5c8a44c3e
material,d#mc/infinite_blackness_decal
material,#mc/mtl_c_t7_techno_body1_torso_armor_skin1
material,#hash_30febb278ecb6fa3
material,d#mc/mtl_p8_mp_flag_base_glass_emissive_01
material,#hash_310ccdf7ccc3d04a
material,d#hash_3111bd85c158a732
material,#mc/mtl_p7_mou_coiled_wire_dirty
material,#hash_3116e2a629b52a62
material,#hash_31197aba3c57fc19
material,#hash_31200d37cd26c8b8
material,#mc/t8_metal_vent_02
material,#mc/mtl_p8_ice_signage_rectangle_vert_01
material,#hash_317a0efe8f30199b
material,#hash_317a0ffe8f301b4e
material,#hash_318a82074d52ccc5
material,#mc/mtl_p7_zur_strip_light_01
material,d#hash_318e50144812fbcc
material,#hash_319b0d8a1fb151ae
material,#mc/mtl_p8_ice_communication_console_01_key
material,#mc/mtl_p7_books_office
material,#hash_31afa1c259dc2e84
material,#mc/mtl_p8_sil_icbm_conveyor_crane_winch
material,d#mc/mtl_veh_t8_mil_helicopter_transport_decal_close_dirty
material,#hash_31bbae7eac6f2b1f
material,#hash_31bd84249daffc8c
material,#mc/mtl_p7_mp_flag_pole
material,#hash_31c7dda7ab1f52f4
material,#hash_31dd80c920f1b67f
material,#mc/t8_decal_graphics_signage_ice_exit_01
material,#mc/t7_ban_decal_signage_danger
material,#hash_31ffc8f974f1f2de
material,#mc/t8_silo_snow_chunky
material,#mc/mtl_p7_door_metal_security_02_frame_glass
material,#mc/mtl_p7_zm_ctl_console_deathray_set_scratch2
material,#mc/mtl_p8_zm_esc_tools_hammer
material,#mc/mtl_p7_duct_metal_circular_support
material,#mc/mtl_p7_cru_ruin_black
material,d#ei/gfx_gib_metal_02_lit
material,#mc/mtl_p8_ice_med_rock_01_dark_grime
material,#mc/mtl_p7_zm_asc_airduct_metal_set_damaged
material,#mc/mtl_p7_sin_signage_pole
material,#mc/t8_decal_tech_detail_bolt_06
material,d#mc/t8_decal_tech_detail_bolt_11
material,#mc/t8_decal_tech_detail_bolt_10
material,#mc/mtl_c_t7_techno_body1_torso_armor_detail2
material,#mc/t8_metal_panel_floor_painted_02_gray_drk
material,#mc/t7_rope_nylon_brown_lt
material,#hash_3265b973e7d935f0
material,#hash_3265bb73e7d93956
material,#hash_32803c49073f684c
material,#hash_328d7efd5e60495d
material,#hash_3296678901bf57a7
material,#mc/mtl_p7_ris_duct_metal_circular_straight_clean_64
material,#hash_32accd251e5bb88f
material,#mc/t7_concrete_gunite_pool_01_drk_v2
material,#mc/mtl_p7_zm_asc_panel_metal_black
material,#mc/mtl_p8_pipe_padded_01
material,#mc/mtl_veh_t8_civ_snowcat_back
material,#mc/mtl_p7_electrical_cabinet_02
material,#mc/mtl_p7_electrical_cabinet_03
material,#mc/mtl_p7_electrical_cabinet_01
material,#mc/mtl_p7_electrical_cabinet_04
material,#mc/mtl_p7_electrical_cabinet_09
material,#hash_32c54c43c59e465c
material,#hash_32e09a62d8a92a82
material,d#mc/t8_decal_tech_detail_screw_01_black
material,#hash_32ef25062579c85f
material,#hash_32f4faf5ef5337ad
material,#mc/mtl_p8_chi_comm_antenna_roof_dirt
material,#wc/t7_cry_metal_painted_glossy_white
material,#hash_33173eac92ccc7a4
material,#hash_3339fc402bbd5000
material,#mc/t7_decal_grunge_stain_adobe_bottom_01
material,#mc/mtl_p7_zm_asc_panel_decal_nail
material,#mc/mtl_p8_streetpost_siren_set_decal_grunge
material,#hash_33568d584c999b99
material,#mc/mtl_p8_pallet_rack_set_decal_05
material,#mc/mtl_p8_pallet_rack_set_decal_04
material,#mc/mtl_p8_pallet_rack_set_decal_03
material,#mc/mtl_p8_pallet_rack_set_decal_02
material,#mc/mtl_p8_pallet_rack_set_decal_01
material,#mc/mtl_veh_t8_mil_truck_hemtt_exterior_04_reflector
material,#hash_3377a385173129d0
material,#mc/mtl_p7_zm_ctl_barrel_metal_55gal_blue_snow
material,d#mc/mtl_p7_debris_glass_shattered_sm
material,#hash_33a570e27b3b2128
material,#hash_33b8044727664961
material,#mc/mtl_p7_barricade_gate_metal_hinge_b_metal
material,d#hash_33bc6a2154619d54
material,#hash_33c0872d8d0b0124
material,#hash_33d62353d22d8264
material,#mc/mtl_p7_duct_metal_rectangle_s_joint
material,d#mc/mtl_veh_t8_mil_helicopter_transport_blade_blur
material,d#hash_33e9007cd93e45e8
material,#wc/t7_snow_powder_03_blend
material,#hash_33f5e973c7e738cb
material,#mc/mtl_p7_aqu_support_metal_triangle_01
material,#hash_3411b19c8402a87c
material,#mc/mtl_p7_container_cardboard_box_02
material,#hash_3424e169be031625
material,#hash_3429988f5f027f45
material,d#ei/gfx_smk_explosion_02_anim
material,#hash_3434e9eed7b999f7
material,#mc/mtl_p8_chi_pipe_cloth_2
material,#hash_34618b8481b54f34
material,#hash_346e812f49fae4cf
material,#hash_346eb925012550ff
material,d#hash_349308bb9d367448
material,#mc/mtl_p7_ban_light_hanging_set_metal_02
material,#hash_349eae33911cc81b
material,#mc/mtl_p7_min_beer_bottle
material,#mc/t8_decal_tech_detail_indent_05_normal
material,d#mc/mtl_wpn_t8_eqp_briefcase_bomb_circuit
material,#hash_34dfa589bc95dc5f
material,#mc/t7_metal_trim_weld_01_paint_grey_drk
material,#hash_350384ee8e89e050
material,#mc/mtl_t7_metal_grating_expanded
material,#mc/mtl_p7_bomb_stack
material,#hash_353802dd293e26c0
material,#mc/t8_decal_tech_detail_line_trim_06_normal
material,#hash_354215b1e9b01cab
material,#hash_354217c5d204dabd
material,#mc/t7_sky_metal_trim_weld_01_aluminium
material,#mc/mtl_p8_ice_mb_cargodoorframe_tall_addon
material,#mc/mtl_p7_ntx_tool_wrench_ratchet_sml_blackdecal
material,#mc/t7_metal_panel_2x1_stainless_steel_matte
material,#wc/t7_zm_sta_decal_damage_concrete_cracks_04
material,#hash_35771dd0ee6eebd1
material,#mc/mtl_p7_tv_led_flat_screen_off
material,#mc/mtl_p7_door_metal_industrial_signage
material,d#hash_358382557fdcb07d
material,#mc/mtl_p7_door_metal_industrial_02_bare
material,#hash_35a34e6bcb54e7cd
material,#mc/mtl_p8_mp_bomb_crate_whole_destroyed_gray
material,#mc/mtl_p7_mou_electrical_panel_set_painted_02
material,#hash_35c5271d88f81886
material,#mc/mtl_c_t7_warrior_body1_egypt_gear_8_skin1
material,#hash_35e926a6735cd26e
material,d#mc/nodraw
material,#mc/mtl_p7_fan_industrial_metal_02_mounting
material,#mc/mtl_p7_global_chainlink_fence_kit_01
material,#mc/mtl_p8_sil_icbm_conveyor_01d_02
material,#mc/mtl_p8_ice_gas_console_panel_04
material,#mc/mtl_p8_ice_gas_console_panel_05
material,#mc/mtl_p8_ice_gas_console_panel_06
material,#mc/mtl_p8_ice_gas_console_panel_07
material,#mc/mtl_p8_ice_gas_console_panel_01
material,#mc/mtl_p8_ice_gas_console_panel_02
material,#mc/mtl_p8_ice_gas_console_panel_03
material,#mc/mtl_p8_panel_debris_metal_set_decal_rust
material,#mc/mtl_p7_duct_metal_circular_support_dark
material,#hash_3620a1b6937ac18d
material,#hash_3625cea6bd45166f
material,#mc/mtl_p7_barrier_block_concrete_long_rusty_cap
material,d#mc/mtl_p8_mp_bomb_crate_harness_silver
material,#mc/mtl_c_t7_gunslinger_body1_lights
material,#hash_36497963339416f3
material,#mc/mtl_p7_ris_shovel_set_plastic_red
material,#mc/mtl_p8_cables_electrical_brackets
material,#hash_3656df9cd7e299b5
material,#mc/mtl_p7_foliage_grass_dry_snow
material,#mc/mtl_p7_ris_construction_ibeam_bracket_grey
material,#hash_366d146aa71fe285
material,#mc/mtl_p7_zm_asc_panel_plastic_black_06
material,#mc/mtl_p7_zm_asc_panel_plastic_black_07
material,#mc/mtl_p7_zm_asc_panel_plastic_black_04
material,#mc/mtl_p7_zm_asc_panel_plastic_black_02
material,#mc/mtl_p7_zm_asc_panel_plastic_black_03
material,#hash_3671c5486e8f3d98
material,#hash_36768df98a7800cc
material,#hash_367b9143344c0616
material,#mc/mtl_p8_foliage_branch_pile_cards_09
material,#mc/mtl_p8_foliage_branch_pile_cards_08
material,#mc/mtl_p8_foliage_branch_pile_cards_07
material,#mc/mtl_p8_foliage_branch_pile_cards_06
material,#mc/mtl_p8_foliage_branch_pile_cards_05
material,#mc/mtl_p8_foliage_branch_pile_cards_04
material,#mc/mtl_p8_foliage_branch_pile_cards_03
material,#mc/mtl_p8_foliage_branch_pile_cards_02
material,#mc/mtl_p8_foliage_branch_pile_cards_01
material,#hash_36905ae2c29b9e6f
material,#mc/t7_ban_concrete_poured_bunker_dirty_01
material,#mc/t7_dlc1_metal_painted_ovecoat_grey
material,d#hash_3697f4f1f53a3d03
material,#hash_36ade461c00997ee
material,#hash_36b159245c076b70
material,#hash_36b15a245c076d23
material,#hash_36b15e245c0773ef
material,#hash_36b15f245c0775a2
material,#hash_36b160245c077755
material,#mc/mtl_p7_pallet_metal_military_01
material,#hash_36d88a2dff34cc9c
material,#mc/mtl_p7_global_chainlink_fence_kit_door_01
material,#hash_370208dde539ca23
material,#hash_370dad8b7b4acb5c
material,#hash_371a191f7cf12299
material,#mc/t8_decal_tech_detail_high_tech_40_metal
material,d#mc/mtl_p7_min_beer_bottle_cap_small
material,#mc/t7_metal_grating_expanded
material,#hash_373bd00d27decdaf
material,#hash_373ea26be8647d69
material,#mc/t7_dlc1_plastic_hose_fabric_brown
material,#hash_374239a94d92990b
material,#hash_37423aa94d929abe
material,#hash_37423ba94d929c71
material,#mc/mtl_p7_slu_fuse_box_electric_set_fuse_metal_01
material,#hash_3744d00d2618de0e
material,#hash_375105502bfbaac8
material,#mc/mtl_p7_pallet_plastic_01_detail_gray
material,#mc/mtl_c_t7_battery_body1_straps
material,#mc/mtl_p7_tape_masking_set
material,#mc/mtl_p8_books_office
material,#hash_3777a1cf5329b118
material,#hash_378a7292379a6777
material,#mc/t7_metal_vent_02
material,#mc/mtl_p7_zm_asc_airduct_metal_set_screw
material,#mc/mtl_p7_generator_unit_dirty
material,d#hash_37adfd9cb3034d73
material,#hash_37b07e46d33eb0c4
material,#hash_37b1a2a7e7f31e76
material,#hash_37b99714e2d3f26f
material,#mc/mtl_p8_sil_icbm_conveyor_warhead_skids
material,#mc/mtl_p7_cai_security_room_modular_grill
material,d#hash_37d359bde349638e
material,#vd/t7_ban_decal_grunge_rust_corrosion
material,#hash_37d5e46ac463a907
material,d#hash_37e2c44d79b940a0
material,#hash_37ede28c41ccc90b
material,#mc/mtl_p7_pipe_metal_hp_12_flange_grey_dk
material,#mc/mtl_p7_pipe_metal_hp_12_support_grey_dk
material,#mc/t7_dlc1_plastic_hose_ribbed_yellow
material,#mc/mtl_p8_ice_rock_04_dark_grime
material,d#mc/mtl_p7_ntx_tool_wrench_ratchet_sml_blackmetal
material,d#hash_382de0b170850a1c
material,#hash_3834a70d3733d869
material,#hash_383b3467b4e348e9
material,#mc/t8_decal_graphics_signage_ice_warning_rocks_01
material,#mc/t8_decal_graphics_text_ice_7
material,#mc/t8_decal_graphics_text_ice_5
material,#mc/t8_decal_graphics_text_ice_4
material,#mc/t8_decal_graphics_text_ice_3
material,#mc/t8_decal_graphics_text_ice_2
material,#mc/t8_decal_graphics_text_ice_1
material,#mc/t8_decal_graphics_text_ice_9
material,#mc/t8_decal_graphics_text_ice_8
material,#hash_385e8ed631403c04
material,#mcs/mtl_p7_fxanim_gp_plastic_tarp_cover_blue_s3
material,d#hash_386e679ebfea9267
material,#mc/mtl_p8_ice_gas_console_lrg_frame
material,#mc/mtl_p8_ice_mb_cargodoorframe_b_rails
material,#hash_38872e656a860e57
material,#hash_3890dd70327f33b0
material,#mc/mtl_p7_pipe_metal_hp_12_flange_blue
material,#hash_389aff3d2d606c88
material,#mc/mtl_p7_zm_ctl_console_deathray_set_metal12
material,#mc/mtl_p7_zm_ctl_console_deathray_set_metal13
material,#mc/mtl_p7_zm_ctl_console_deathray_set_metal11
material,#mc/mtl_p7_pallet_plastic_01_detail
material,#mc/mtl_p7_zm_ctl_console_deathray_set_metal01
material,#mc/mtl_c_t7_battery_hair_fibers2
material,#mc/mtl_c_t7_battery_hair_fibers1
material,#mc/mtl_p8_zm_esc_box_electric_black
material,#mc/mtl_veh_t8_civ_snowcat_cabin
material,#hash_38c496ffe821e5e3
material,#hash_38c7bb581c1221bc
material,#hash_38cf26f676c2779a
material,#mc/mtl_p8_wep_wall_metal_x_brace_set_grunge02
material,#mc/mtl_p8_wep_wall_metal_x_brace_set_grunge01
material,#wc/t7_aqu_decal_signage_floor_marking_yellow_01
material,#mc/t8_zm_zod_decal_metal_scratch_blend
material,d#mc/lambert1
material,#hash_3930b6f52cdf98e3
material,#mc/mtl_p7_ibeam_bracket_patina
material,#hash_395947e62eca8642
material,#mc/mt_c_t7_battery_head1_headset
material,#hash_398799bde832c07d
material,d#hash_398ebeaea5262dd3
material,#mc/mtl_p7_zm_ver_farm_tools_decal_10
material,#mc/mtl_p7_zm_ver_farm_tools_decal_11
material,#mc/mtl_p7_zm_ver_farm_tools_decal_08
material,#mc/mtl_p7_zm_ver_farm_tools_decal_07
material,#hash_39a53616830d58ea
material,#hash_39ae19d177307813
material,#mc/mtl_p7_slu_box_electric_set_metal
material,#mc/mtl_veh_t8_mil_truck_hemtt_generator_01_plastic_dirty
material,#hash_39bb416c316b64dd
material,d#ei/gfx_fog_slow_sm_anim_em
material,#mc/mtl_p8_news_ren_keyboard_key
material,#hash_39c636820d834bd0
material,#mc/mtl_p8_ice_mb_lift_01_engine_metal_02
material,#mc/mtl_p8_ice_mb_lift_01_engine_metal_01
material,#mc/mtl_p8_ice_mb_lift_01_engine_metal_06
material,#mc/mtl_p8_ice_mb_lift_01_engine_metal_04
material,#mc/mtl_p7_eth_light_wall_02_glass
material,#hash_39db8b4b31065926
material,#mc/mtl_p7_mou_foliage_brush_snow_grass_leaves_red
material,#hash_39e5573da37ad486
material,#mc/mtl_p7_pallet_plastic_01_black
material,#hash_39ee15a657734e59
material,#mc/t8_decal_tech_detail_line_trim_02_normal
material,#wc/infinite_blackness_decal
material,d#hash_39f6c9abf90e31c8
material,#mc/mtl_p7_zm_ctl_tesla_tower_set_34
material,#mc/mtl_p7_zm_ctl_tesla_tower_set_35
material,#mc/mtl_p7_zm_ctl_tesla_tower_set_36
material,#mc/mtl_p7_zm_ctl_tesla_tower_set_31
material,#mc/t8_concrete_floor_sealed_01_drk
material,#mc/mtl_p7_zm_ctl_tesla_tower_set_12
material,#mc/mtl_p7_zm_ctl_tesla_tower_set_11
material,#mc/mtl_p7_zm_ctl_tesla_tower_set_06
material,#mc/mtl_p7_zm_ctl_tesla_tower_set_03
material,#mc/mtl_p7_zm_ctl_tesla_tower_set_08
material,#mc/mtl_p8_missile_rack_missile_yellow
material,#mc/t8_decal_grunge_concrete_sidewalk_02
material,#mc/mtl_p8_panel_debris_metal_set_decal_naked
material,d#vdd/gfx_decal_foam
material,#mc/mtl_p8_chi_satellite_roof_metal_back_05
material,#mc/mtl_p8_chi_satellite_roof_metal_back_04
material,#mc/mtl_p8_chi_satellite_roof_metal_back_01
material,#mc/mtl_p8_chi_satellite_roof_metal_back_03
material,#mc/mtl_p8_chi_satellite_roof_metal_back_02
material,#mcs/t7_metal_chain
material,#mc/mtl_p8_col_dolly_metal_rubber
material,#mc/mtl_p7_zm_asc_airduct_metal_set_dust
material,#mc/mtl_p8_ice_bay4_hydrolic_pump_01_wheel
material,#hash_3a6c65833d8fda9b
material,d#ei/gfx_smk_whisp_anim_02_high_dark_lit
material,#hash_3a82bd9c48e9e4a4
material,#mc/t7_decal_grunge_dust_wall_01_blend
material,#mc/t7_decal_coffee_stain_01
material,#mc/mtl_p8_fire_extinguisher_01_dmg_metal_trim
material,#hash_3aaff39bd19be2ee
material,#hash_3ab61e6b9f43cdf2
material,#hash_3ab68865340c6596
material,#mc/t8_decal_tech_detail_line_trim_01b_normal
material,#hash_3ad09edc7be9770d
material,#mc/mtl_p8_electrical_ext_ceramic
material,#mc/mtl_p8_sil_icbm_conveyor_crane_motor
material,#mc/mtl_p7_roof_vents_02_metal_white
material,#hash_3b0aef9afab4b4ac
material,#hash_3b1a50081e8ed6bc
material,d#mc/bullet_collision_ice
material,#hash_3b2830362244bc36
material,#mc/mtl_veh_t8_mil_truck_hemtt_supension_02_metal_dead
material,#hash_3b2a7c24b617eb2a
material,#mc/t7_metal_bare_acrylic_matte_trim
material,#hash_3b3d20ff63dc7a1c
material,#hash_3b3d21ff63dc7bcf
material,#hash_3b3eb7f6eb40ad79
material,d#mc/bullet_collision_carpet
material,#mc/t7_decal_signage_no_admittance
material,#hash_3b48e2949b4f3f0f
material,d#hash_3b6635760a0416b9
material,#hash_3b6d64536a1325b6
material,d#mc/mtl_veh_t8_decal_panel_03
material,d#mc/mtl_veh_t8_decal_panel_07
material,#mc/mtl_p8_light_spotlight_led_metal
material,d#mc/mtl_veh_t8_decal_panel_17
material,#mc/mtl_p8_ice_mat_floor_rubber_3x3_rubber_dust
material,#mc/mtl_c_t7_warrior_body1_emissive
material,#hash_3b8f1a0a6025eac1
material,#hash_3b934de4a4f51e74
material,#hash_3b9e19a074d2cc10
material,d#hash_3ba5d61725641476
material,#mc/t7_out_metal_painted_yellow_blend
material,#hash_3bc86a62be4ace5b
material,#hash_3bd7676d68563b53
material,#mc/mtl_c_t7_warrior_body1_arm_lt_a1_skin1
material,d#mc/mtl_p8_mp_flag_pole_01_aluminum
material,#hash_3bdcc7571f0da526
material,#hash_3bdecc0f587a8735
material,#mc/mtl_p7_generator_unit_01_05
material,#mc/mtl_p7_generator_unit_01_04
material,#mc/mtl_p7_generator_unit_01_01
material,#mc/mtl_p7_generator_unit_01_03
material,#mc/mtl_p7_generator_unit_01_02
material,d#hash_3bf0be0d501e8181
material,#hash_3c0c904e0929511b
material,#hash_3c0f073334af8de9
material,#mc/mtl_p8_military_electronics_case_handle_locks_01
material,#hash_3c283a0dc7f85aa4
material,d#ei/gfx_gib_concrete_02_lit
material,#mc/t7_decal_paint_diffuse_blue
material,#mc/mtl_veh_t8_mil_truck_hemtt_glass_transparency_dirty
material,#mc/mtl_p8_pipes_electrical
material,#hash_3c4794ee7beb6ac3
material,#hash_3c61028e496b066c
material,#hash_3c7c5b1f8fffa95e
material,#mc/mtl_p7_zm_ctl_console_deathray_set_painted_yellow
material,d#hash_3c83ade192ae6750
material,#mc/mtl_p7_zm_asc_pipes_gas_01_metal_01
material,#mc/mtl_p7_zm_asc_pipes_gas_01_metal_02
material,#mc/mtl_p7_zm_asc_pipes_gas_01_metal_03
material,#mc/mtl_p7_zm_asc_pipes_gas_01_metal_04
material,#hash_3c9e69b3c8839c12
material,#mc/mtl_p8_ice_gas_console_lid_trim
material,d#hash_3caaef5435b71148
material,#mc/mtl_p7_zm_ctl_console_deathray_set_snow02
material,#hash_3cc7d01d4a515884
material,#mc/t8_concrete_floor_sealed_grey_01_blend
material,#mc/mtl_p8_ice_rock_01_dark
material,#hash_3cdc4fc8ee39faa0
material,d#mc/mtl_veh_t8_decal_blackburn
material,#mc/mtl_p7_furn_couch_modern_01_cushion_green
material,#mc/mtl_p8_wz_supply_stash_tag
material,#hash_3d17888eda8f9c4f
material,#hash_3d1c1a7c0601b017
material,#wc/t7_concrete_bare_weathered_01_wet
material,#hash_3d2298fbdc5fe0fc
material,#hash_3d247039972e7e2f
material,#hash_3d29e67f73f3e021
material,#hash_3d2ed0b47e473dc0
material,#mc/mtl_c_t7_warrior_head1_notskin
material,#hash_3d340892a8527664
material,#mc/mtl_c_t7_warrior_body1_armor_light_skin1
material,#wc/t7_cru_decal_mud_water_02
material,#hash_3d4246be16833341
material,#mc/mtl_p8_ice_med_rock_02_03_dark_grime
material,#mc/t8_concrete_floor_sealed_01_blend
material,#mc/mtl_p7_aqu_fastener_plastic_dirty_01
material,#hash_3d5ce52451cb605d
material,#mc/mtl_p7_mou_coiled_wire_damage
material,#hash_3d80c543a8827ee5
material,#mc/mtl_p7_conduit_rust_parts
material,#hash_3d8e91dea648b948
material,#hash_3d93033357febff2
material,d#mc/nodraw_decal
material,#mc/t8_decal_grunge_puddle_01
material,#mc/t7_metal_grating_expanded_01
material,#hash_3dd817d85d5b412b
material,#mc/mtl_p8_ice_large_rock_05_dark_grime
material,#hash_3ddb5825ba2ccf9c
material,#mc/mtl_veh_t8_mil_truck_hemtt_taillights_chrome
material,#hash_3dea740731ab2cd4
material,#mc/mtl_p8_ice_mb_cargodoorframe_01
material,#mc/mtl_p8_box_electric_commercial_metal
material,#hash_3dedc3c26fdac8d7
material,#hash_3dedc4c26fdaca8a
material,#mc/mtl_p8_ice_control_consoles_01_labels
material,#mc/mtl_p8_box_electric_commercial_decal_dirt
material,#hash_3dfa7604089fb115
material,#hash_3dfe868614a703fc
material,#hash_3dfe898614a70915
material,#hash_3e0840f65ab23345
material,#mc/mtl_p7_eth_light_hang_02_metal1
material,#hash_3e2830344163691e
material,#mc/mtl_p7_aqu_railings_set_stairs_metal
material,#mc/t7_decal_signage_caution_stripes_yellow
material,#mc/t7_decal_damage_concrete_trim_02
material,#wc/t7_decal_grunge_wet_wall_stain
material,#mc/mtl_p7_zm_sta_dragon_strike_gauge_01
material,#mc/mtl_p8_ice_mat_floor_rubber_3x3_holes
material,#hash_3e6f61fbde3db08d
material,#mc/mtl_c_t7_techno_body1_coat_skin1
material,#mc/mtl_p7_monitor_arm_stand
material,#hash_3eaca787aa750f38
material,#hash_3eaca887aa7510eb
material,#hash_3eacaa87aa751451
material,#hash_3eacab87aa751604
material,#hash_3eacad87aa75196a
material,#mc/t8_ice_concrete_polished_2_rough
material,#hash_3ed5a123dbe46d87
material,#mc/mtl_p8_ice_backroom_wall_tank_metal_green_welds
material,#hash_3edd2cd144eb6a05
material,#hash_3edd641fa4bb3c66
material,#hash_3ee6b34a4db2ed2d
material,#hash_3ef3f5c10179deab
material,#wc/t7_metal_duct_insulation_01
material,d#hash_3f05c9ce588d35a2
material,#hash_3f05d043bf319928
material,d#hash_3f0ca097e7d58978
material,d#ei/gfx_dust_burst_md_anim_lit
material,#hash_3f208cf7f15be13e
material,d#mc/t8_decal_tech_detail_low_tech_09
material,d#mc/t8_decal_tech_detail_low_tech_23
material,#hash_3f3c685c3db5f6a5
material,#mc/t8_decal_grunge_paint
material,#mc/mtl_p8_light_spotlight_led_light_01
material,#mc/mtl_veh_t8_civ_snowcat_glass
material,#hash_3f606b395caca06b
material,#hash_3f80148972a9bff5
material,#mc/mtl_p7_duct_metal_rectangle_straight_64
material,#hash_3f94366cc2831f7b
material,#mc/mtl_p7_zm_asc_pipe_modular_set_metal
material,#hash_3fa909a11de53b85
material,#mc/mtl_p7_camera_security_light
material,d#mc/mtl_veh_t7_decal_bolt_03_tint_dark
material,#mc/t7_glass_led_light_01
material,#mc/mtl_p7_aqu_mylar_pipe_wrapped_shell_dirty_01
material,d#mc/t8_decal_tech_detail_line_trim_13_normal
material,#mc/mtl_p7_duct_metal_circular_x_joint_dark
material,#mc/mtl_p7_sin_bio_server_room_metal_titanium_worn
material,d#ei/gfx_dust_spike_sm_anim_lit
material,d#ei/gfx_dust_swirl_md_anim_lit
material,#mc/mtl_veh_t8_mil_truck_hemtt_generator_01_plastic_dead
material,#hash_3ff533f0a22940c8
material,#hash_40064eba79ea3c32
material,d#hash_401d56b559c331c4
material,#mc/t7_dlc1_concrete_bare_ceiling
material,#mc/mtl_c_t7_mp_techno_pouch_duo
material,#hash_403c0d9fae53e20b
material,d#ei/gfx_smk_billow_whisp_anim_distort
material,#mc/mtl_p7_ban_light_hanging_set_wire
material,#mc/mtl_p8_ice_gas_console_lid_top
material,d#hash_405783f79c11f820
material,#hash_4061fe0b161412e1
material,#hash_40688e5ff33478c9
material,#hash_4069eba4d4957996
material,#mc/mtl_p8_pipe_pvc_med_seal
material,#hash_408d0cadcba9ac67
material,#wc/t7_concrete_diamond_pattern
material,#hash_409d2b8f8ddfbe6a
material,#mc/mtl_p7_zm_tra_street_lamp_set_light
material,#mc/mtl_c_t7_warrior_head1_haircards2
material,#mc/t7_metal_planter_top_trim_large_painted_dirty
material,#hash_40b9ca358ef64df2
material,#mc/mtl_p7_light_round_spot_flat
material,#wc/t7_decal_damage_plaster_damage_01
material,#mc/mtl_p8_zm_esc_box_electric_pipeline
material,#hash_40eafd533785bd0e
material,#mc/mtl_p7_road_guard_bolt
material,#mc/t8_concrete_painted_stains_01_black
material,d#hash_41062cfdc80094f1
material,#hash_41102db085cf27cc
material,#mc/mtl_p7_container_aid_box
material,#wc/t7_steel_cable_01_painted_black
material,#hash_412aeaa3d5badc31
material,#hash_41396c8b4f79e5a4
material,#mc/t7_metal_bare_lead_brushed_2
material,#mc/mtl_p8_streetpost_siren_set_decal_structure_01
material,#hash_4156af6125d01b75
material,#mc/t8_concrete_wall_cast_2x1_01_wet_blend
material,#hash_4162eba3d90d1fc3
material,#wc/t7_concrete_bare_weathered_01_dark
material,#mc/t8_ice_concrete_polished_2
material,#mc/mtl_p7_stairs_metal_watch_tower
material,#mc/mtl_p8_ice_creek_spline
material,#mc/mtl_veh_t8_mil_truck_hemtt_glass_transparency_dead
material,#hash_4195ce70d8ed2676
material,#mc/mtl_p8_mp_bomb_crate_whole_destroyed_trim
material,#mc/mtl_p7_railing_concrete_01_tall_bridge_blend
material,#mc/mtl_p7_rope_pile
material,#mc/mtl_veh_t8_civ_snowcat_plow_01_b
material,#mc/mtl_veh_t8_civ_snowcat_plow_01_a
material,#mc/mtl_c_t7_warrior_body1_clasps_skin1
material,#hash_41adca60de1c6ef7
material,#hash_41adcb60de1c70aa
material,#hash_41b875b596b141d3
material,#hash_41bb7ced58228f40
material,#mc/mtl_p8_col_laptop_military_set_decal13
material,#mc/mtl_p8_col_laptop_military_set_decal10
material,#hash_41bb7fed58229459
material,#mc/mtl_p8_col_laptop_military_set_decal05
material,#mc/mtl_p8_col_laptop_military_set_decal04
material,#mc/mtl_p8_col_laptop_military_set_decal07
material,#mc/mtl_p8_col_laptop_military_set_decal06
material,#mc/mtl_p8_col_laptop_military_set_decal01
material,#mc/mtl_p8_col_laptop_military_set_decal03
material,#mc/mtl_p8_col_laptop_military_set_decal02
material,#mc/mtl_p8_col_laptop_military_set_decal09
material,#mc/mtl_p8_col_laptop_military_set_decal08
material,#hash_41cad085361851eb
material,#mc/mtl_p8_ice_backroom_metal_pipe_housing
material,d#hash_41d40e26075c3747
material,#hash_41d5c7c300bd1df7
material,#mc/mtl_p7_cai_stacking_cargo_crate_decal
material,d#hash_420a37dec34939cf
material,#mc/mtl_p7_snow_slush_floor_dirty
material,#wc/t7_metal_panel_2x2_copper_brushed
material,#mc/mtl_c_t7_techno_body1_thrusters_skin1
material,d#mc/mtl_veh_t8_decal_hole_01
material,#mc/mtl_p8_col_conveyor_unit_metal
material,#vd/t7_snow_slushy_blend
material,#mc/mtl_p8_ice_rock_wall_02_dark_grime
material,#mc/mtl_p8_container_oil_tank_01a
material,#mc/mtl_p8_container_oil_tank_01b
material,#mc/mtl_p8_container_oil_tank_01c
material,#wc/t7_glass_reinforced_wavy
material,#hash_428b85963afafbf6
material,#mc/mtl_p8_curb_concrete_01_damage
material,#mc/t7_metal_heavy_01
material,#mc/t7_dlc1_snow_powder_footprints_01
material,#mc/t8_decal_graphics_street_sign_circle_turn_right_01
material,d#hash_42cccef7b52f9f9e
material,#hash_42da2715ad7a1e41
material,#mc/mtl_p7_wall_mounted_loud_speaker
material,#vd/t7_decal_grunge_burnt_stain_01
material,d#hash_43072f35136bff09
material,#hash_4307781ffb7fbfae
material,d#hash_430982027d26f682
material,#mc/t8_decal_tech_detail_high_tech_18_metal
material,d#hash_4325a93adc3c0e31
material,d#hash_432d71e61c135395
material,#hash_4332af0dc80f951b
material,#mc/mtl_p8_missile_rack_missile_lrg
material,#mc/mtl_t7_plastic_tarp_reinforced_yellow
material,#mc/mtl_p8_foliage_tree_spruce_norway_branch_05
material,#mc/mtl_p8_foliage_tree_spruce_norway_branch_04
material,#mc/mtl_p8_foliage_tree_spruce_norway_branch_01
material,#mc/mtl_p8_foliage_tree_spruce_norway_branch_03
material,#mc/mtl_p8_foliage_tree_spruce_norway_branch_02
material,#wc/t7_metal_grate_flooring
material,d#hash_434d96d33bba5bb0
material,#hash_434da0703750936c
material,#mc/mtl_p8_sil_icbm_conveyor_warhead_front
material,#hash_436e0985dc80c879
material,#mc/mtl_c_t7_techno_body1_straps_skin1
material,#hash_437587f98beb8367
material,#mc/mtl_p8_office_papers_manilla_folder_beige
material,d#hash_43854187fd8865c9
material,#mc/t7_shr_snow_swept_blend
material,#hash_43aa2f56dc990845
material,#hash_43b45a99843fb100
material,#wc/t7_decal_acess_door_01
material,#hash_43c3b03ff21f278f
material,#mc/mtl_p7_cru_seraph_black
material,#hash_43d4bbe2599913e5
material,#mc/t7_metal_beam_trim_03_red
material,#mc/t7_ban_metal_rust_painted_01
material,#mc/t7_ban_metal_rust_painted_02
material,#mc/mtl_p7_ris_shovel_set_rubber_red
material,#hash_441e469f3f7f58b6
material,#hash_441ee68dc5824a10
material,#mc/t8_ice_paint_caution_stripes_rvl
material,#mc/t7_ban_metal_light_rust_blend
material,#ei/gfx_debris_clumps_em_nomip
material,#mc/mtl_p8_zm_esc_box_electric_screw
material,#mc/mtl_p7_railing_concrete_01_tall_double_blend
material,#mc/t7_dlc1_metal_graphite_matte_black
material,#mc/mtl_p8_ice_bay4_hydrolic_pump_01_plastic_04
material,#mc/mtl_p8_ice_bay4_hydrolic_pump_01_plastic_06
material,#mc/mtl_p8_ice_bay4_hydrolic_pump_01_plastic_03
material,#hash_4477e128b4193bde
material,#hash_447a5e732f96cae2
material,#mc/mtl_p7_zm_tra_street_lamp_set_full_white
material,#hash_44ba94d475fdc491
material,#hash_44bacfafda9de5d8
material,#mc/mtl_p7_sgen_corridor_02_set_11
material,#mc/mtl_p7_sgen_corridor_02_set_07
material,#mc/mtl_p7_sgen_corridor_02_set_06
material,#mc/mtl_p7_sgen_corridor_02_set_05
material,#hash_44d300d5a00555ec
material,#mc/mtl_p8_ice_utility_pole_metal
material,#hash_44f2bcbf6fd006d3
material,#hash_4505ca492522d9ff
material,#hash_4506c63dc410ad43
material,#mc/mtl_p8_sil_icbm_conveyor_warhead_back
material,#mc/mtl_p7_duct_metal_circular_support_dark_nocull
material,#hash_451b90a692ed9ce7
material,#hash_451b91a692ed9e9a
material,#mc/mtl_p7_zm_asc_wire_bundle_set_metal
material,d#mc/t8_decal_tech_detail_indent_04_normal
material,#mc/mtl_p8_col_conveyor_unit_panel_box_key
material,#mc/mtl_p8_panel_debris_metal_set_decal_pit
material,#mc/mtl_p8_chi_satellite_roof_metal_decal_01
material,#hash_453ab8c1de7afa6c
material,#hash_4546ef1f900daed2
material,#mc/mtl_p8_ice_rock_03_dark_grime
material,#mc/mtl_p7_pipe_metal_hp_54_metal
material,#mc/mtl_p7_zm_ctl_light_cage_wall_decal
material,d#ei/gfx_smk_puff_volume_high_dark_lit
material,#hash_4584d7c552deb8ae
material,#mc/t8_decal_tech_detail_bolt_11_normal_alpha
material,#hash_458ed9e183b84fbd
material,#mc/mtl_p8_news_ren_keyboard_01
material,#mc/mtl_veh_t8_dmg_scrapes_chips_3_decal
material,#hash_4594445a542a7887
material,#mc/t8_metal_painted_dirty_grey_drk
material,d#mc/mtl_veh_t8_decal_hinge_09
material,#hash_45a7ec4f6f5b6376
material,#mc/t8_metal_rebar_rust_01_cap
material,d#hash_45aae76d082420fe
material,#wc/t7_decal_grunge_stain_adobe_bottom_01
material,#mc/t8_snow_ground_grain_blend
material,#hash_45c385a1ed757dc3
material,#hash_45c5275640f29e89
material,#mc/mtl_c_gen_eye_battery
material,#mc/t8_decal_grunge_drip_water_flowing_01
material,#hash_45cf2dae62f5e908
material,#mc/mtl_p7_wires_metal_recessed
material,#hash_45fe1e82eba952fe
material,d#hash_4603c75be2104fb8
material,#hash_460728d3fc2b474b
material,#hash_46072bd3fc2b4c64
material,#hash_46072cd3fc2b4e17
material,#hash_460a92d3fc2e3140
material,d#mc/mtl_p8_mp_bomb_crate_keypad
material,#hash_4615eb0a7dee4c6a
material,d#mc/bullet_collision_glass
material,#mc/mtl_p8_ice_foliage_shrub_01_set_leaf_01
material,#mc/mtl_p7_zm_ctl_console_deathray_set_snow
material,d#mc/t8_decal_tech_detail_screw_05_black
material,#hash_463a84718c80aff3
material,#mc/mtl_p7_ground_table_cloth_torn_blue
material,#hash_4655783ecaa2f312
material,#vd/t7_concrete_floor_broken_02_blend
material,#hash_466263b2a39ebeae
material,#mc/mtl_p8_ice_snow_bank_01
material,d#mc/mtl_p8_mp_bomb_crate_palette
material,#mc/mtl_p8_snow_plowed_01
material,#mc/mtl_p8_snow_plowed_03
material,#mc/mtl_p8_snow_plowed_02
material,#hash_468362890a1ce586
material,#mc/mtl_p8_concrete_corner_damaged_02
material,#mc/mtl_p8_concrete_corner_damaged_01
material,#hash_468fcfa1f444ae48
material,#hash_4697b95b31974ff1
material,#hash_469831cc68dd1d76
material,#vd/t7_decal_asphalt_damaged_crack
material,#hash_46b7748307b03007
material,d#vd/gfx_decal_bullet_glass_02
material,d#vd/gfx_decal_bullet_glass_03
material,d#vd/gfx_decal_bullet_glass_01
material,#mc/mtl_p7_ban_ladder_set_fence
material,#mc/mtl_p7_debris_concrete_rubble_bolt_patina
material,#mc/mtl_c_t7_techno_head1_hood_skin1
material,#hash_46cde56c37c09777
material,#hash_46cfc81fd1288886
material,d#hash_46d7a4b114c72976
material,#mc/mtl_c_t7_warrior_head1_beardcards
material,#mc/mtl_p8_ice_communication_console_01_key_decal
material,#mc/mtl_p7_zm_asc_airduct_metal_set_dust_01
material,#mc/mtl_p8_debris_glass_shards
material,d#hash_46f1aeb346b91306
material,#mc/mtl_p8_wep_main_column_lab_set_decal_weld
material,#hash_4705827e4dbbb878
material,#hash_4707946f05201f73
material,#hash_4707b86331063950
material,#hash_470d1ab296d6a318
material,#mc/mtl_p7_zm_asc_pipes_gas_set_decal_02
material,#hash_472df5152f5180e8
material,#mc/t8_decal_tech_detail_high_tech_70_metal
material,#mc/mtl_p8_ice_gas_console_lrg_metal
material,#mc/mtl_p8_chi_satellite_roof_metal_06
material,#mc/mtl_p8_chi_satellite_roof_metal_01
material,#mc/mtl_p7_zm_bgb_button_01
material,#lut_mp_silo
material,#hash_478d70654616000d
material,#hash_4790485e90b6b4fb
material,#mc/mtl_p7_duct_metal_rectangle_x_joint
material,#mc/mtl_p7_ibeam_bracket_dark
material,#hash_47adf61dbf05211c
material,#wc/t7_decal_grunge_calcium_drip_02
material,#hash_47af8d5930fe0763
material,#hash_47b79b64c93e1d28
material,#mc/t8_decal_grunge_stain_noise
material,#mc/mtl_p8_ice_mb_cargodoorframe_addon
material,#mc/t7_cloth_cargo_netting_01_green
material,#mc/mtl_p7_barricade_metal_gate_02_black
material,#mc/mtl_p8_foliage_branch_pile_dry_leaf_01
material,#mc/mtl_p8_foliage_branch_pile_dry_leaf_02
material,#mc/mtl_p8_foliage_branch_pile_dry_leaf_03
material,d#mc/mtl_p8_fire_extinguisher_01_metal
material,#hash_47de45d66a7d9208
material,#hash_47dfd37b67932654
material,#mc/mtl_p7_zur_foliage_grass_small_snow
material,#mc/mtl_p7_zm_ctl_desk_supply_pen_holder_decal_02
material,#mc/mtl_c_t7_assassin_body1_grenade1
material,d#hash_47f31a9dc371ab23
material,#mc/mtl_p7_snow_chunk_trim_micro
material,#hash_4805057bc73d0cb2
material,#mc/mtl_p7_zm_der_utility_pole_arm
material,#hash_4812ddcf38a6cf9e
material,#hash_482fa1be54b64c71
material,#mc/mtl_p8_ice_foliage_shrub_01_set_twig_01
material,#mc/mtl_p8_ice_foliage_shrub_01_set_twig_03
material,#mc/mtl_p8_ice_foliage_shrub_01_set_twig_02
material,#mc/mtl_p8_door_wood_arch_heavy_02_metal
material,#mc/mtl_p7_zm_der_utility_pole_acc
material,#hash_484c1edf9941b48e
material,#mc/mtl_p7_door_cell_metal_scuffed_metal
material,#hash_4858978439261cb0
material,#mc/mtl_p7_glass_shards_dark
material,#mc/t7_decal_grunge_calcium_drip_01_drk
material,d#hash_486a71034ae5da88
material,#hash_486b373f6f9f1b2e
material,#hash_4871b28f87af74a1
material,#hash_4873d552804f0137
material,#mc/t8_decal_graphics_box_labels
material,#hash_48841f45eb9fdee2
material,#hash_488a920361cb8b07
material,#hash_48a3236ca91fa67d
material,#hash_48adf2fda88f3b6f
material,#hash_48af3729df5a43c9
material,#hash_48b13176d94073b4
material,#hash_48b2068808a25b74
material,#mc/mtl_p7_pipe_metal_sprinkler_straight
material,#mc/t8_decal_tech_detail_bolt_11_metal
material,d#mc/mtl_veh_t8_decal_bolt_10_dark
material,#hash_48cfa6cca9092922
material,#mc/mtl_p7_pipe_metal_hp_4_02_blue
material,#wc/t7_decal_damage_concrete_tile_01_wet
material,d#mc/mtl_p8_mp_flag_base_01_metal
material,d#mc/mtl_wpn_t8_eqp_briefcase_bomb_decals_label
material,#hash_48f4772439b1e84b
material,#hash_48fd6f334a36aa10
material,#hash_48fd70334a36abc3
material,#hash_48fd72334a36af29
material,#hash_490d03e5cab855af
material,#mc/t8_decal_grunge_rust_offset_01
material,#mc/mtl_p8_ice_communication_console_01_light
material,#mc/t7_decal_grunge_moss_02
material,d#hash_491e031ddd0c14ba
material,#hash_492212956e9d7992
material,#hash_4924fd4dbe86f2b3
material,#mc/t8_decal_tech_detail_bolt_01_normal
material,#hash_493c518e698527f5
material,#hash_495b1e318375f143
material,#mc/t8_metal_jnt_pipe_ceiling_01
material,#mc/t7_cry_metal_panels_3x1_anodized_silver
material,#hash_497c791c1ed3d956
material,d#vdd/gfx_decal_bullet_glass_01
material,d#vdd/gfx_decal_bullet_glass_02
material,d#vdd/gfx_decal_bullet_glass_03
material,#hash_499556c245b1692e
material,#mc/mtl_c_t7_warrior_body1_pants_skin1
material,#mc/mtl_p7_satellite_dish_01
material,#hash_49af9bdaf75466bc
material,#hash_49ba01bd9dbacca9
material,#hash_49bb0301ea5daa00
material,#hash_49bb0601ea5daf19
material,#mc/mtl_p8_sil_icbm_conveyor_crane_wires
material,#mc/t8_silo_snow_wave_rvl
material,#hash_49cb3572bac966d8
material,d#ei/gfx_dust_clump_lit
material,#hash_49d45ff9db662618
material,#mc/mtl_p7_cai_security_room_modular_panels_1
material,#mc/t8_concrete_curb_01_paint_white
material,#mc/t7_plastic_tape_caution_clean_blend
material,#mc/mtl_c_t7_warrior_body1_egypt_gear_6_skin1
material,d#mc/bullet_collision_metalthin
material,#mc/mtl_p8_ice_communication_console_01_decal_top
material,#mc/mtl_p7_ris_duct_metal_circular_x_joint_clean
material,#mc/t7_decal_paint_diffuse_red
material,#mc/mtl_p7_zm_bgb_button_filament_01
material,#mc/t8_silo_snow_wave
material,d#hash_4a1b3cf905c82bd7
material,#mc/mtl_p7_ban_ladder_cage_metal
material,#mc/mtl_p8_ice_backroom_wall_tank_metal_green
material,#mc/mtl_p8_streetpost_siren_set_decal_screw
material,#hash_4a5738c1eae034c9
material,#hash_4a5b23a79a7ec32e
material,#hash_4a62b29198e3ce44
material,#mc/mtl_p7_zm_asc_airduct_metal_set_scratch
material,#hash_4a7d0435f227fd82
material,#mc/t7_decal_labels_electrical_hazard
material,d#hash_4a887df8b411e00a
material,#wc/black_40_matte
material,#hash_4a984d627b6cbc64
material,#mc/mtl_p7_slu_fuse_box_electric_set_wire
material,d#ei/gfx_spark_grind_anim_em
material,#hash_4ab4a0a72642fbc8
material,#hash_4ab740f3d083d643
material,#hash_4ab741f3d083d7f6
material,#mc/mtl_p7_generator_unit_glass
material,#hash_4ac432abdb069bca
material,#hash_4aca9dc41e4b2b01
material,#mc/mtl_p8_tank_fuel_01_yellow
material,#mc/mtl_p7_mou_electrical_panel_set_metal_02
material,#mc/mtl_p7_mou_electrical_panel_set_metal_01
material,#hash_4ad7ef6187f90fd5
material,#hash_4ad9d02eb69959c1
material,#hash_4ae10984dd18f04d
material,#wc/t7_glass_water_stained
material,#hash_4af3bb146849c3f9
material,#mc/mtl_p8_aus_res_fire_hose_01
material,#mc/mtl_p8_zm_esc_box_electric_leaks
material,#mc/mtl_p7_signage_caution_flammable_01
material,#mc/mtl_p7_signage_caution_flammable_02
material,#mc/mtl_p8_pipe_metal_hp_4_03_painted
material,#mc/mtl_p7_ris_construction_ibeam_detail_decal
material,#mc/mtl_p8_col_laptop_military_set_nail02
material,#mc/mtl_p8_col_laptop_military_set_nail03
material,#mc/mtl_p8_col_laptop_military_set_nail01
material,#mc/mtl_c_t7_battery_body1_ammo_belt_skin1
material,#wc/t7_decal_grunge_wall_stain_01_blend
material,#mc/mtl_p8_military_container_door_brackets
material,#hash_4b3a1c2c1c10dd6c
material,#mc/t7_decal_damage_concrete_blast
material,#mc/mtl_c_hro_khalil_egypt_gear_3
material,#mc/t8_decal_tech_detail_line_trim_01_drk
material,#mc/mtl_p8_office_papers_manilla_folder_decals_sticker
material,#mc/mtl_p7_tiedown_anchor_metal_rust
material,#hash_4b8e3f7ef3de5bfc
material,#hash_4b9bdb9448b74e29
material,#hash_4bab49ff11e97dcf
material,d#ei/gfx_gib_glass_02_em
material,d#hash_4bcab5cbb92bc0c7
material,#hash_4bd4bf19035f700c
material,#hash_4bd4c719035f7da4
material,#hash_4bd4ca19035f82bd
material,#hash_4bdfe0b0a6538fdb
material,#mc/t8_decal_bullet_holes_concrete_02_gray
material,d#hash_4be545c1c96e007e
material,#mc/mtl_p7_zm_asc_light_cage_warning_weld
material,#hash_4bfb9dc7307cd6e2
material,#mc/metal_trim_ext_dlc1
material,#mc/mtl_p7_electrical_box_set_inside
material,#hash_4c49caaed0fe7048
material,#mc/mtl_p7_zur_nw_icicles_large_01
material,#hash_4c5d60021db2d027
material,#mc/t7_ban_metal_perforated_panel
material,#hash_4c866d52ad64a1d6
material,#mc/mtl_p8_box_electric_commercial_lrg_01_dmg_metal
material,#hash_4c93c5e766f9f456
material,#hash_4c973757742498a0
material,d#mc/t8_decal_tech_detail_indent_02_normal
material,#mc/mtl_p7_zm_asc_airduct_metal_set_01
material,#hash_4cca43c69292b666
material,d#vd/gfx_decal_exp_blast_02
material,d#vd/gfx_decal_exp_blast_01
material,#hash_4ce014ebf3707dc6
material,#mc/mtl_p7_pallet_truck_plastic_dirty
material,#mc/mtl_p7_cai_street_signage_bolt_painted_white
material,#mc/mtl_p7_zm_sta_dragon_strike_console_trims_tin
material,d#mc/mtl_veh_t8_mil_helicopter_transport_decal_open_dirty
material,#mc/mtl_p8_rolled_plastic_lining
material,#mc/mtl_p7_zm_asc_airduct_metal_set_metal_paint
material,#hash_4d0b9f05835667e2
material,#hash_4d132e781f243320
material,#mc/mtl_p7_slu_barrel_metal_snow_base
material,#mc/mtl_p8_foliage_grass_blades_tall_lrg_proxy_tiled
material,#mc/mtl_p8_ice_fuel_tank_large_pipe_hp_12_straight_bare
material,#hash_4d23d27a3e86436c
material,#mc/mtl_p8_chi_antenna_roof_wire
material,d#mc/t8_decal_tech_detail_screw_02_black
material,#mc/t7_metal_trim_weld_01_normal
material,#hash_4d5927f4d9587838
material,#hash_4d6002d3b24c96c0
material,#hash_4d6003d3b24c9873
material,#hash_4d6005d3b24c9bd9
material,#hash_4d6006d3b24c9d8c
material,#hash_4d6008d3b24ca0f2
material,#hash_4d600dd3b24ca971
material,#hash_4d638ad3b24fb3af
material,#mc/mtl_c_t7_blockout_battery_body1_holster_skin1
material,#hash_4d7b6b6955ca4cf9
material,#hash_4d80599682d54eec
material,#wc/t7_decal_damage_concrete_dust
material,#hash_4d8a113b3bcf995f
material,#hash_4d8a78f951fbb4a7
material,d#hash_4d8f2fb6ec95501a
material,#hash_4d9cca41510aa6c0
material,#hash_4da2966102ba9feb
material,#hash_4db09d4405aa425e
material,#hash_4dc3a44db9788a5c
material,#hash_4dc3a64db9788dc2
material,#mc/t7_decal_damage_concrete_edge_02_mid
material,#hash_4dce2ab46d7689bc
material,#mc/mtl_p7_zm_asc_door_gantry_metal_01
material,#mc/mtl_p7_zm_asc_door_gantry_metal_02
material,#mc/mtl_p7_aqu_truss_metal_01
material,#hash_4de59c31f1cb5944
material,#hash_4de59d31f1cb5af7
material,#mc/t8_concrete_wall_cast_bare_01
material,d#hash_4df56b939945cb57
material,#mc/mtl_p7_generator_unit_logo_decal
material,#mc/mtl_p8_ice_electrical_cabinet_01_on
material,#hash_4e0e6333269c970c
material,#hash_4e1361210c2cc964
material,#mc/t7_decal_grunge_ceiling_water_stain_drk
material,#mc/mtl_p7_pipe_metal_hp_4_02_white
material,#hash_4e303a4c83165e72
material,#hash_4e397fecde75b667
material,#mc/mtl_p7_pipe_metal_hp_12_flange_white
material,#hash_4e4a075e8a6560eb
material,d#hash_4e4d8a3ade842988
material,d#mc/mtl_p8_crate_metal_ammo_medium_01
material,#hash_4e5b8cf5e2eb3fd3
material,#hash_4e60761e602d3e89
material,#mc/t7_metal_grunge_med_01
material,#mc/mtl_p7_zm_bgb_button_filament_off
material,#mc/mtl_p7_foliage_bush_snowy_03_branch_snow
material,#mc/t8_concrete_wall_cast_2x1_01
material,#hash_4eb304e646364f80
material,#ei/gfx_smk_gen_anim_lit
material,#hash_4ec54e9109083e8e
material,#mc/mtl_p7_zm_asc_pipes_gas_02_metal_01
material,#mc/mtl_p7_zm_asc_pipes_gas_02_metal_03
material,#mc/mtl_p7_zm_asc_pipes_gas_02_metal_02
material,#mc/mtl_p7_wall_mobile_dep_decal_line
material,d#hash_4eeb316479eacdde
material,#hash_4efb5041ea85d6d7
material,#mc/mtl_p8_zm_esc_box_electric_part
material,#mc/mtl_p7_pipe_metal_hp_12_valve_01_grey_dk
material,#hash_4f34d63d4bc31f45
material,d#ei/gfx_smk_tendril_2_lit
material,#mc/t7_decal_grunge_calcium_drip_02_blend_drk
material,#hash_4f595703bb66323c
material,#mc/mtl_p7_zm_tra_street_lamp_set_full
material,#mc/mtl_p8_wep_wall_metal_x_brace_set_decal_004
material,#hash_4f641cf970938861
material,#mc/mtl_p7_zm_bgb_button_press_01_green
material,d#hash_4f721a5ad7d1d04a
material,#mc/mtl_p7_barricade_concrete_modular_01
material,#mc/mtl_veh_t8_decal_leak_15
material,#mc/mtl_veh_t8_decal_leak_13
material,#wc/t7_decal_grunge_rust_04a_wet
material,d#mc/mtl_veh_t8_decal_leak_06
material,d#mc/mtl_p8_crate_metal_military_medium_decals
material,#hash_4fa7de7582e0bcec
material,#hash_4fac08046d95f2d2
material,#mc/t7_decal_asphalt_damaged_crack
material,#hash_4fbfd6afe51efffb
material,#mc/t7_decal_grunge_leaking_03
material,d#hash_4fe436cd3d07b7f1
material,#mc/mtl_p7_water_container_plastic_small_yellow
material,#hash_4ff2faff24e673e0
material,#mc/mtl_p8_ice_med_rock_02_04_dark_grime
material,#hash_4ff62daf76ad1d46
material,#mc/t8_metal_paint_scratched_01_rust_drk
material,d#hash_50141d5f2aa9b5f8
material,#hash_5015e346beb5cde7
material,#hash_501bb91ea140eb2e
material,#hash_502389c5d6215840
material,#mc/mtl_p7_cru_ruin_equipment_armor_02
material,#hash_5031e3a110227f74
material,#hash_50377938e2ee7348
material,#hash_50377a38e2ee74fb
material,#mc/mtl_c_t7_techno_head1_visor_skin1
material,#hash_5041434664684611
material,#hash_50453b877e860ad4
material,#hash_505a6f1b5779ca59
material,#mc/mtl_p8_ice_controlroom_ceiling_heat_curtain_02
material,#mc/mtl_veh_t8_civ_snowcat_parts01
material,#mc/mtl_veh_t8_civ_snowcat_parts02
material,#mc/mtl_veh_t8_civ_snowcat_parts03
material,#wc/t7_aqu_decal_signage_floor_marking_red_01
material,#hash_50965506b772e040
material,#hash_50a00bea5c2a1c3c
material,#mc/mtl_c_t7_battery_hair_eyelashes
material,#mc/t7_metal_gunmetal_02_grey_med
material,d#mc/bullet_collision_paintedmetal
material,#mc/mtl_p8_mp_bomb_crate_whole_destroyed_burned02
material,#hash_50d7a1e3cd6909eb
material,#hash_50da0e205204e4f9
material,#hash_50dfa4b66fd80731
material,d#mc/mtl_p8_wz_supply_stash_ammo
material,d#mc/187_grey
material,#mc/t7_min_planter_soil_pebbles_01_blend
material,#mc/mtl_p8_generator_open_01_decal_impact
material,#mc/mtl_p7_cable_electric_coiled_01_iron
material,#hash_512eb0faf979ae4a
material,#mc/mtl_p8_jnt_gthrml_tank_01
material,#mc/mtl_p8_jnt_gthrml_tank_02
material,#mc/mtl_p8_jnt_gthrml_tank_03
material,d#ei/gfx_light_core_hot_em
material,#mc/mtl_p8_ice_ceilingmoulding_metal_drk
material,#mc/t8_decal_tech_detail_line_trim_13
material,#mc/t8_decal_tech_detail_line_trim_15
material,#hash_517ea5270bbb68d3
material,#mc/mtl_p8_pipe_metal_hp_4_01_metal
material,#mc/mtl_p7_zm_der_chainlink_fence_kit_01
material,#wc/t7_cry_metal_exterior_painted_yellow
material,#hash_51a6468ab67be72d
material,#mc/mtl_c_bc_femalesoldier_grenade
material,#mc/t7_metal_beam_trim_01_gray
material,d#mc/mtl_p8_crate_metal_military_medium_decals_yellow
material,#hash_51c5c95f0ff63980
material,d#mc/mtl_p7_barrier_block_concrete_rusty
material,#hash_51e8c0fd04432fc6
material,#hash_51f50ce253248f6a
material,#hash_51f6bed0a2f86a7d
material,#hash_51f8705052fd1d24
material,#mc/mtl_mob_ceiling_wires
material,#hash_52146424caed4552
material,#hash_5215db1a30c28d98
material,d#mc/mtl_p7_stepladder
material,#mc/mtl_p7_vent_metal_dampers
material,d#hash_52317f13a025073f
material,#mc/mtl_p7_door_handle_chrome_01
material,#mc/t8_ice_concrete_polished_2_darker
material,#ei/gfx_gib_concrete_02_em_low_lite_i8
material,#mc/mtl_p8_boot_military_green
material,#hash_526ca924706fab76
material,#mc/mtl_p7_conduit_metal_outlets
material,#hash_527dddcd74a9c3d8
material,#mc/mtl_p8_electrical_ext_metal_details
material,#mc/t7_decal_grunge_wall_stain_01
material,#hash_5290d4bee114ba04
material,#hash_5290d7bee114bf1d
material,#hash_52928d7534a8fa80
material,#mc/mtl_p7_fan_industrial_metal_02
material,d#hash_52a184cbfbcc8ff2
material,#mc/mtl_p7_roof_vents_02_paper_grey_dk
material,#mc/mtl_p8_ice_communication_console_01_bolt
material,#mc/t7_decal_grunge_rust_04a_wet
material,#mc/mtl_veh_t8_civ_snowcat_decal
material,#mc/mtl_c_t7_warrior_body1_cloth_light_skin1
material,#mc/mtl_p7_pipe_metal_hp_12_valve_01_red
material,#mc/mtl_p7_sky_dropship_metal_vent_01
material,d#mc/bullet_collision_glasscar
material,#hash_52f7ba87975a214e
material,#hash_52fa86f6ade2b6e4
material,#mc/mtl_p8_streetpost_siren_set_steel_01
material,#wc/t7_decal_grunge_ceiling_water_stain
material,d#mc/mtl_c_gen_insidemouth_teeth
material,d#hash_530ecb6094ec1b59
material,#mc/mtl_p7_barrier_block_concrete_long_decal01
material,#mc/mtl_p7_zm_der_conduit_box_metal
material,#hash_532ec609becc25a0
material,#hash_532ec909becc2ab9
material,#mc/t8_decal_graphics_signage_ice_warning_shock_01
material,#mc/mtl_veh_t8_mil_truck_hemtt_exterior_01_glass_dirty
material,#hash_5374e63eb382c32f
material,#hash_53777d6eef3c2afa
material,#mc/mtl_veh_t8_civ_snowcat_wiper
material,#hash_538569e3bbf13acf
material,#mc/mtl_p7_light_fluorescent_subway_bulb
material,#mc/t7_decal_signage_numbers_stencil
material,#mc/mtl_p7_electrical_box_set2_boxes
material,#hash_539b8d1c56e445f3
material,#mc/t8_decal_grunge_asphalt_oil_stains
material,#mc/mtl_p7_mou_electrical_panel_set_parts
material,#mc/mtl_p8_icbm_stage1_tarp_back_04
material,#mc/mtl_p8_icbm_stage1_tarp_back_03
material,#mc/mtl_p8_icbm_stage1_tarp_back_02
material,#mc/mtl_p8_icbm_stage1_tarp_back_01
material,#mc/mtl_p7_pipe_metal_hp_4_01_yellow
material,#mc/mtl_p7_door_cell_metal_brushed_metal
material,d#hash_53c74b54efb85786
material,#hash_53d35e58cdb4682c
material,d#hash_53d3ff5992fbb947
material,#hash_53d58babb0c7ae14
material,#hash_53d89c3da82fb0df
material,#hash_53f8de7a53e19891
material,#hash_53f914ee0c381547
material,#mc/mtl_p7_signage_metal_exit
material,#mc/mtl_p8_ice_com_center_vents_door_01b
material,#mc/mtl_p8_ice_com_center_vents_door_01a
material,#mc/mtl_p7_con_security_pannel_decal_stripes
material,#mc/mtl_p7_zm_ctl_desk_supply_pen_holder_metal_yellow_01
material,#mc/mtl_p7_cru_ruin_equipment_clasps
material,#hash_5452b9252466f14a
material,#mc/mtl_p8_cable_wires_01_blue
material,#hash_54716feeb9284cae
material,#hash_5480da0885bfd42e
material,#hash_5481435dbaad0e71
material,#mc/mtl_p8_ice_mb_rocket_tarp
material,#mc/mtl_p7_eth_light_wall_02_decal2
material,#mc/mtl_p8_missile_rack_decal_15_b
material,#mc/mtl_p7_duct_metal_rectangle_end_dark
material,d#hash_54b3094fae3bb603
material,d#mc/mtl_veh_t8_decal_caution_new_yellow
material,d#mc/t8_decal_tech_detail_line_00
material,#mc/t8_decal_tech_detail_line_03
material,#hash_54c3830896fd0bad
material,#mc/mtl_p8_streetpost_siren_set_decal_weld
material,#mc/mtl_veh_t8_mil_truck_hemtt_exterior_01_glass_dead
material,#mc/mtl_p8_col_conveyor_unit_metal_scratch
material,#mc/mtl_p7_zm_ctl_light_cage_wall_metal
material,d#hash_54ed9d2d568f448a
material,#mc/mtl_p7_sin_signage_metal_back
material,#mc/mtl_p7_cru_seraph_equipment_boot
material,#mc/t7_zm_isl_decal_signage_stripe_caution
material,#mc/mtl_p7_street_curb_concrete_dmg_64a_wet
material,#mc/mtl_p7_satellite_dish_01_panels
material,#hash_5537681165d0bea8
material,#mc/mtl_p8_col_laptop_military_set_key01
material,d#hash_55447a208c4b3bf0
material,#mc/mtl_skybox_default_black
material,#mc/mtl_p7_pipe_metal_hp_12_support_bare
material,#hash_55539dff940bc1ee
material,d#hash_556233d6551c1c28
material,#mc/mtl_p8_ice_bunker_door_01_metal_streak
material,#mc/t8_zm_esc_ground_plate_metal_01_decal
material,#mc/t7_con_decal_paint_scratched_blue
material,#hash_5593cec88f8e4a06
material,#mc/mtl_p7_slu_meter_electric_01_base_burnt_02
material,#mc/mtl_p7_slu_meter_electric_01_base_burnt_01
material,#hash_55988dad28e2cb66
material,#mc/mtl_c_t7_battery_gear_8
material,#hash_559bc7938e6028f6
material,#mc/mtl_p8_ice_fuel_tank_large_pipe_hp_12_straight
material,d#hash_55a591ca6ee613c5
material,#mc/mtl_p7_con_metal_handrail_tile_white
material,#hash_55c1f7f70db7f3a2
material,#mc/mtl_p7_zm_ctl_barrel_metal_55gal_snow_cover_01
material,#hash_55c4cec0a96b52b2
material,#hash_55c5d17a969fe609
material,#mc/mtl_p7_zm_ctl_light_warning_tesla_set_decal
material,#hash_55cbc05e4d4bd2f8
material,#hash_55d4193a78e6b09d
material,#mc/mtl_p7_medical_first_aid_case_01_leather
material,#hash_55e3bede9ee2cbdb
material,d#mc/bullet_collision_metal
material,d#mc/mtl_wpn_t8_eqp_briefcase_bomb_top
material,#hash_55ef6996fe05d75c
material,#hash_5619bf873cc92037
material,#hash_562050731883ac46
material,#mc/t7_glass_screen_dirty_black_opaque
material,#hash_563e22b963c4e1b6
material,#hash_5649f58befcbac87
material,#mc/t8_decal_tech_detail_panel_03_drk
material,#mc/t8_decal_graphics_signage_ice_caution_slippery_01
material,#hash_566d7129311efae0
material,#hash_566d7429311efff9
material,#mc/mtl_c_t7_techno_body2_lights
material,#hash_568215c9f176f2b1
material,#mc/mtl_p8_military_electronics_case_handle_locks_01_metal
material,#mc/mtl_veh_t8_mil_truck_hemtt_supension_02_metal_dirty
material,#mc/t8_ice_concrete_polished_reflective
material,#mc/mtl_p7_mou_coiled_wire_cut
material,#hash_56a93831b06581af
material,#hash_56b3adc995dc652f
material,#hash_56c087ee8485bfb8
material,d#ei/gfx_exp_alpha_anim_em
material,#hash_56d19c3e0c34c992
material,#mc/mtl_p7_window_glass_shard_dark
material,#hash_56d88a2946a9d78d
material,#mc/mtl_c_t7_techno_body1_shoulderguard_left_skin1
material,d#hash_56ef473e1a3df371
material,#mc/bullet_collision_cloth_nomarks
material,#hash_56ffa5570f81c27f
material,#wc/t7_metal_panels_painted_2x1_blue
material,d#mc/mtl_p7_tank_welding_set_plastic
material,#hash_570752fdb02e2134
material,#mc/mtl_p8_panel_debris_metal_set_decal_grunge_01
material,#hash_570a3ee94a7f2920
material,#hash_570d8363f420718d
material,#mc/mtl_p8_ice_communication_console_01_metal_01
material,#mc/mtl_p8_ice_communication_console_01_metal_02
material,#mc/mtl_p8_ice_communication_console_01_metal_03
material,#mc/mtl_p8_ice_communication_console_01_metal_04
material,#mc/mtl_p8_ice_communication_console_01_metal_05
material,#mc/mtl_p8_spa_beer_bottle_label_rey
material,#mc/mtl_p8_ice_beam_metal
material,#mc/mtl_p7_zm_asc_panel_glass_decal
material,#hash_5723a73b8ff15fab
material,#hash_5736439f29602e72
material,#mc/mtl_p8_ice_floorpath_01_grates
material,d#hash_573f344dfe2cd4ac
material,#wc/t7_rubber_mat_flooring_small_grey
material,#hash_57434d7bbbe74daf
material,#mc/mtl_p7_zm_ctl_light_cage_wall_glass
material,#mc/mtl_p7_foliage_tree_ponderosa_pine_trunk_snow_grime
material,#mc/mtl_p8_zm_esc_tools_pliers
material,#mc/mtl_p7_signage_caution_back_02
material,#mc/mtl_p7_zm_ctl_desk_supply_pen_decal_01
material,d#hash_5773ccf2680fad5f
material,#mc/mtl_c_t7_gunslinger_emissive
material,#hash_57abe6bb4d99e737
material,#hash_57af252f9cce5e1a
material,#hash_57bd14832f42bdda
material,#hash_57c7720ebfd6097b
material,#mc/mtl_p7_barrier_block_concrete_long_clean01
material,#mc/mtl_p8_sil_icbm_conveyor_crane_winch2
material,#hash_57d216c3a0c7eff2
material,#mc/mtl_p8_chi_comm_antenna_roof_base_metal_06
material,#mc/mtl_p8_chi_comm_antenna_roof_base_metal_04
material,#mc/mtl_p8_chi_comm_antenna_roof_base_metal_05
material,#mc/mtl_p8_chi_comm_antenna_roof_base_metal_02
material,#mc/mtl_p8_chi_comm_antenna_roof_base_metal_03
material,#mc/mtl_p8_chi_comm_antenna_roof_base_metal_01
material,#mc/mtl_veh_t8_civ_snowcat_plow_03
material,#mc/mtl_veh_t8_civ_snowcat_plow_02
material,#mc/mtl_veh_t8_civ_snowcat_plow_01
material,d#mc/mtl_p8_snow_pile_02
material,#mc/mtl_p8_snow_pile_03
material,#mc/mtl_p8_snow_pile_01
material,#mc/mtl_veh_t8_dmg_scrapes_chips_5_decal
material,#vd/t7_decal_grunge_wall_stain01_metal02
material,#mc/mtl_p7_satellite_dish_01_pieces
material,#hash_581a93a923c794ca
material,d#mc/bullet_collision_metalcatwalk
material,#mc/t7_concrete_wall_01
material,#wc/infinite_blackness
material,#mc/mtl_p7_hydraulic_pump_motor
material,#mc/mtl_p7_ris_construction_ibeam_grey
material,d#hash_583c2bc969ca3e87
material,#mc/t8_metal_painted_dirty_black
material,#mc/mtl_p8_sil_icbm_conveyor_warhead_pads
material,#hash_5881ef86f3ee6d1a
material,#hash_588d2b20034e39c8
material,#mc/mtl_p7_zm_der_utility_pole_trans
material,#hash_58c180ed2e47dad5
material,#mc/t8_snow_ground_grain
material,#hash_58d5de1701190151
material,#mc/t8_decal_grunge_leak_01
material,#hash_58fb47c5a4830042
material,#mc/t7_dlc1_metal_chainlink_paint_grey
material,#mc/mtl_c_t7_gunslinger_body1_leg_gadget
material,d#hash_591af579d4ed0da4
material,d#hash_591cfdf6fe9bb530
material,#mc/mtl_p7_mou_electrical_panel_set_dirt_03
material,#mc/mtl_p7_mou_electrical_panel_set_dirt_02
material,#mc/mtl_p8_light_spotlight_led_dirt_03
material,#mc/mtl_p8_light_spotlight_led_dirt_02
material,#mc/mtl_p8_light_spotlight_led_dirt_01
material,#hash_593a946ae455a1f1
material,#mc/mtl_p8_tank_fuel_01_set_decal_yellow
material,#hash_5942c36c6bbb68cb
material,#hash_5942ec9def3ab88d
material,#hash_594ba2a8c80fff80
material,#mc/mtl_p8_box_electric_commercial_sml_01_glass
material,#mc/mtl_p7_cai_lotus_security_double_door_frame
material,#mc/mtl_c_t7_techno_body1_shinguards_skin1
material,#hash_59530f8cc73b96c6
material,#hash_595a795566bcb94c
material,#mc/t8_concrete_wall_cast_2x1_01_blend
material,#hash_59663593ff8c1932
material,#hash_59681d2d0a6ba9ae
material,d#ei/gfx_fog_slow_lg_anim_em
material,#hash_59760219fea19919
material,#hash_5982d550da51de99
material,#hash_59913762fb1d5c5b
material,d#hash_59a29bab8c97af3d
material,#mc/t8_decal_tech_detail_high_tech_16_metal
material,#hash_59d71ba7e3d626dd
material,#mc/t7_decal_grunge_dirt_base_02
material,#mc/mtl_p8_col_laptop_military_set_plastic02
material,#hash_59dc93da5b643d93
material,#mc/mtl_p8_col_laptop_military_set_plastic01
material,d#hash_59fbc37d99b73143
material,#mc/t7_glass_dirty_grimes_01
material,d#hash_5a146b364538fb3b
material,d#mc/mtl_p8_mp_flag_pole_01
material,#wc/t7_shr_snow_swept_blend
material,#hash_5a1b402e8e4989fe
material,#mc/mtl_veh_t8_mil_truck_hemtt_generator_02_metal_dead
material,#mc/t8_decal_tech_detail_bolt_01_drk
material,d#hash_5a2360f366b96866
material,#mc/mtl_c_t7_battery_body1_wristwrap_skin1
material,#hash_5a32f806eeb328c3
material,#wc/t7_metal_bare_copper_polished
material,#mc/mtl_p7_suspension_bridge_bolt_01
material,#hash_5a44c53510fa7fd5
material,#hash_5a46a231b976a47f
material,#mc/mtl_p8_server_portable_decal_02
material,#mc/mtl_p8_server_portable_decal_01
material,#mc/t8_metal_painted_lrg_green
material,#mc/mtl_c_t7_warrior_head1_emissive
material,#mc/mtl_veh_t8_mil_truck_hemtt_mudflaps_plastic_dirty
material,#hash_5a919e0dec10ab47
material,#hash_5a919f0dec10acfa
material,#mc/t8_metal_beam_trim_02_gray
material,#mc/mtl_p7_construction_hardhat
material,#mc/mtl_c_t7_battery_head1_dogtags
material,#mc/t7_decal_design_stripe_worn_01
material,#mc/mtl_p7_signage_emergency_02
material,#mc/mtl_p8_vista_ac_duct_base
material,d#mc/mtl_veh_t8_decal_inset_01_normal
material,#mc/t7_decal_metal_grid_2x1
material,#mc/mtl_p8_cable_wires_01
material,#hash_5b070709be9b5495
material,d#hash_5b0e0eae111978a3
material,#mc/t8_concrete_painted_stains_01_green_dull
material,#hash_5b13313f05f9fab4
material,#hash_5b274adad7cf9728
material,#hash_5b2a8e96061c7b5e
material,#hash_5b303c27f5c8092a
material,#mc/mtl_p7_zm_asc_pipe_modular_set_decal_dirt
material,#mc/mtl_p7_pipe_metal_hp_4_02_yellow
material,#hash_5b4c5145a30d4d14
material,#mc/mtl_c_t7_warrior_body1_pouch1_skin1
material,#mc/mtl_p8_foliage_branch_pile_trunk
material,#mc/mtl_c_t7_techno_body1_cyberhand_skin1
material,#hash_5b80ff83bf43abc6
material,#mc/mtl_p8_ice_rock_wall_01_b_dark_grime
material,#hash_5b9adc90d557a66e
material,#mc/t7_metal_bare_iron_brushed_2
material,#mc/mtl_p7_foliage_bush_snowy_03_trunk_cheap_snow
material,#mc/mtl_p7_medical_first_aid_case_01_decal
material,#mc/mtl_p7_signage_caution_electricity_02
material,#mc/mtl_p7_signage_caution_electricity_01
material,#hash_5bddf6015b269f5d
material,#hash_5bde4d03bdae71a2
material,#hash_5be389bc00f92188
material,#mc/mtl_p7_panels_metal_wall_exterior_vent_03
material,#hash_5bf16b345cdee5b0
material,#mc/t8_mud_sludge_wet_01_blend
material,#hash_5c02757b19158f4d
material,#mc/t7_decal_tech_details_01
material,d#hash_5c19253a66c88839
material,#mc/t7_out_rubber_ground_panel
material,#mc/mtl_p8_news_ren_keyboard_key_emissive
material,#mc/mtl_p7_slu_box_electric_set_rubber
material,#mc/t8_silo_snow_footprints_slush_rvl
material,d#hash_5c4a0383f710de7c
material,#mc/mtl_p8_weapon_locker_01
material,d#hash_5c5d8844d54e4e3b
material,#mc/t7_rock_sgen_rough_02
material,#hash_5c6bebfc9dc24222
material,#hash_5c6db24d9be45c31
material,#hash_5c870536045e7b9e
material,#mc/t7_decal_grunge_leakage_01
material,#mc/t7_rubber_wire_bundle_01_dec
material,#mc/t7_decal_damage_plaster_damage_01
material,#hash_5cb0701af9af533c
material,#hash_5cd264719fbd3134
material,#mc/t7_decal_grunge_wall_stain_01_blend
material,#hash_5ce3c23e5f76bf6e
material,#wc/t7_decal_grunge_rust_09_red
material,#hash_5cee67ddafe01cf0
material,#hash_5cee68ddafe01ea3
material,#hash_5cee6addafe02209
material,#hash_5cee6bddafe023bc
material,#hash_5cee6dddafe02722
material,#hash_5cee6eddafe028d5
material,#mc/mtl_p8_box_electric_commercial_metal_02
material,#mc/mtl_p8_box_electric_commercial_metal_03
material,#mc/mtl_p8_box_electric_commercial_metal_04
material,#mc/mtl_p8_ice_gas_console_box_02
material,#mc/mtl_p8_ice_gas_console_box_01
material,d#hash_5d1217f9ac2ab055
material,#mc/mtl_p8_mp_bomb_crate_whole_destroyed_harness
material,#mc/mtl_p8_sil_icbm_conveyor_crane_arm
material,#hash_5d4357d01b3ebaf5
material,#mc/t8_glass_overlay_grunge
material,#hash_5d6a4a030c17fe90
material,#mc/mtl_p7_ac_unit_lrg
material,d#hash_5d76e01d6f4aa808
material,#hash_5d893d9336bbfef1
material,#hash_5d98c5dbbb756b56
material,#mc/mtl_p7_global_chainlink_fence_kit_door_01_white
material,#hash_5dc36ed2450db16b
material,#mc/mtl_p7_ris_shovel_set_snow_decal
material,#vd/t7_decal_signage_stand_clear_01_yellow
material,#hash_5df16656741554e3
material,#hash_5e01ce354ed91d1b
material,d#mc/mtl_p7_foliage_tree_elm_english_trunk
material,#hash_5e1a09351318dc18
material,d#mc/mtl_p7_street_safety_cone
material,#mc/t8_decal_grunge_rust_stain_drain
material,#mc/t7_decal_lab_monitor_02
material,#mc/t7_decal_lab_monitor_01
material,#mc/p7_mtl_ven_market_kiosk_door_handle_01
material,#mc/mtl_p7_truss_metal_128
material,#hash_5e6371614dc38737
material,#hash_5e74edd66ef4da51
material,#mc/t7_snow_slushy_01_blend
material,#mc/mtl_p8_box_electric_commercial_metal_chain_01
material,#mc/mtl_p8_box_electric_commercial_metal_chain_02
material,#mc/mtl_p8_box_electric_commercial_metal_chain_03
material,#vd/t7_decal_damage_concrete_tile_01
material,#mc/t8_decal_trim_seam_generic_01
material,#hash_5eb5025292a458ab
material,#mc/t7_cry_metal_painted_glossy_white
material,#mc/sky_floor_grip_wet_dlc1
material,#mc/mtl_p8_sil_icbm_conveyor_warhead_front_02
material,#mc/mtl_p7_jars_glass
material,#mc/t8_decal_tech_detail_panel_04_normal
material,#hash_5edbd35c3a5c0c86
material,#mc/t7_out_metal_painted_gray_drk
material,d#hash_5ef2e220533e59f8
material,#mc/mtl_p8_box_electric_commercial_metal_tiling_02
material,#mc/mtl_p8_box_electric_commercial_metal_tiling_01
material,#mc/mtl_p8_box_electric_commercial_metal_tiling_04
material,#mc/t7_decal_damage_concrete_corner_01
material,#mc/mtl_p7_electrical_box_set2_meterbox
material,#hash_5f17bb42b80aad27
material,#hash_5f2391461c45d387
material,#hash_5f27e35919ed474b
material,#hash_5f2943078a717b9f
material,#mc/mtl_p7_zm_asc_panel_glass_green
material,#mc/t7_dlc1_decal_grunge_dirt_leak_01
material,#mc/mtl_p7_machine_pipe_module_02_yellow
material,#hash_5f6c906e01e081d4
material,#hash_5f6c926e01e0853a
material,#hash_5f6c936e01e086ed
material,#vd/mtl_p7_sin_bs_train_decal_grunge_rust_04
material,#hash_5f766a7903988731
material,#mc/mtl_p8_ice_mat_floor_rubber_3x3_rubber_dirt
material,#mc/mtl_p8_ice_large_rock_03_dark_grime2x
material,#hash_5fb643e1ea650009
material,#hash_5fbc64b05faf951a
material,#mc/infinite_blackness_nogloss
material,#hash_5fc5970d9e03d30a
material,#mc/mtl_p8_missile_rack_nail
material,#mc/mtl_p7_zm_asc_switch_outdoor
material,#hash_5fe4f7b1e8d74b5e
material,#mc/mtl_p7_pipe_metal_hp_54_paint_blue
material,#mc/t7_sky_graphic_display_keypad_03_generic
material,#hash_5fe6a5a72570de7a
material,#hash_5ff278c4d99c0590
material,#mc/mtl_p7_duct_metal_circular_elbow_90_dark
material,#mc/mtl_p7_welding_arc_set_decal_01
material,#mc/mtl_p8_ice_control_consoles_wall_02
material,#mc/mtl_p8_ice_control_consoles_wall_01
material,#hash_600b9c3cf0a3344b
material,d#hash_6014d39c7fdd4b5a
material,#mc/mtl_p7_ac_unit_sml_01
material,#hash_601b1b550e44a466
material,#mc/mtl_p7_aqu_catwalk_01
material,#hash_601fe1a01c1d2e41
material,#hash_602ed5cc8707adf8
material,#mc/mtl_p8_ice_fuel_tank_large_pipe_hp_12_flange
material,#mc/mtl_p7_mou_electrical_panel_set_rust
material,#hash_6059d85dbfa872e5
material,#hash_605dc4cd750f7432
material,#mc/mtl_p7_guardrail_kit_stretch
material,#hash_6077256d4ded4d08
material,#mc/mtl_veh_t8_mil_truck_hemtt_exterior_01_emissive_dead
material,#mc/mtl_c_t7_techno_body1_arm_rt_b_skin1
material,#mc/mtl_c_t7_techno_body1_chest_device_detail
material,#mc/mtl_p7_spl_foam_noodle
material,#hash_60a163abad6446a3
material,d#vdd/gfx_decal_exp_blast_01
material,d#vdd/gfx_decal_exp_blast_02
material,#mc/mtl_p8_boot_military_rubber
material,d#hash_60af7c47879e60c9
material,#mc/mtl_p7_mou_foliage_brush_02_snow_proxy_tiled
material,#hash_60c6a30b1c904d33
material,#hash_60c6a40b1c904ee6
material,#hash_60d99476fd3b76d9
material,#mc/mtl_p7_ris_shovel_set_rubber_black
material,#hash_60eaae78011b04e9
material,#hash_60ebf17dbeb35547
material,#hash_60f1b3b873b884a0
material,#mc/mtl_p7_zm_asc_panel_metal_red
material,#mc/mtl_c_t7_techno_body1_forearm_skin1
material,#mc/mtl_c_t7_mp_techno_egypt_gear_7
material,#mc/t7_plastic_wire_black
material,#mc/mtl_p8_zm_esc_box_electric_screw_decal
material,#hash_615375eee7d5de01
material,#mc/mtl_p7_ris_crane_tower_set_02_06
material,#mc/mtl_p7_ris_crane_tower_set_02_04
material,#mc/mtl_p7_ris_crane_tower_set_02_03
material,#mc/mtl_p7_ris_crane_tower_set_02_01
material,#hash_6161b9db4394db29
material,#mc/mtl_p7_zm_bgb_button_label_01_off
material,#mc/t7_metal_grate_flooring
material,#mc/mtl_p8_chi_antenna_roof_metal
material,d#mc/mtl_p7_crate_ammo_metal_decal
material,#hash_6195888be2d0283b
material,#mc/mtl_p8_box_electric_commercial_sml_01_rubber_blue
material,#mc/mtl_p8_box_electric_commercial_decal_sign
material,#hash_619cb6c8d680b5b6
material,#mc/t7_plastic_panels_detail
material,#mc/t7_concrete_bare_weathered_01_dark
material,#hash_61b9c0ab9bf9c7e8
material,#mc/mtl_c_t7_warrior_head1_haircards
material,#mc/t7_ban_metal_rust_painted_01_grey
material,#hash_61d0d1ee47bb21f0
material,#mc/mtl_p8_pipes_electrical_fittings_metal
material,#mc/mtl_p7_aqu_mylar_pipe_wrapped_shell_01
material,#mc/t8_decal_graphics_signage_chi_warning_high_volt_02
material,#hash_61f6eafdbf9a85d1
material,#mc/mtl_p8_rock_wall_tiling_01
material,#mc/mtl_c_t7_warrior_body1_lights
material,#hash_62240c77b8d99ddf
material,d#hash_6226a1f90348dc1b
material,#mc/mtl_c_t7_blockout_battery_body1_pistol_mr6_plastic_skin1
material,#mc/mtl_p8_wep_wall_metal_x_brace_set_decal_04
material,#mc/mtl_p8_wep_wall_metal_x_brace_set_decal_03
material,#mc/mtl_p8_wep_wall_metal_x_brace_set_decal_02
material,#mc/mtl_p8_wep_wall_metal_x_brace_set_decal_01
material,#mc/mtl_p7_sin_bio_server_room_door_metal_03
material,#mc/mtl_c_t7_mp_battery_body1_lights
material,d#ei/gfx_fog_slow_md_anim_lit
material,#hash_625c103e7cebec3b
material,#hash_627118fdd9c12696
material,#mc/mtl_p7_pipe_pvc_med_seal
material,#hash_627b65141ab76aa0
material,#hash_6287ac9825277d4c
material,#mc/mtl_p8_ice_bracket_ceiling
material,#hash_6290a1977a9e58df
material,#hash_6291cc13a59a2fe2
material,#mc/mtl_p7_zm_asc_pipes_gas_set_dirty_03
material,#hash_62a8e962ead72b9b
material,#mc/mtl_p7_zm_asc_wires_bunker_set_metal
material,d#mc/mtl_p8_mp_flag_pole_01_metal
material,#mc/t8_decal_tech_detail_line_trim_06_metal
material,d#mc/mtl_c_gen_eye_blue
material,#hash_62c993006ef07020
material,#mc/mtl_p8_zm_esc_tools_hammer_wood_decal
material,#mc/mtl_p7_railing_concrete_01_dirty
material,#mc/mtl_veh_t8_civ_snowcat_glass_orange
material,#hash_6307a82f678a527d
material,#hash_63197e21ffe47b7a
material,#mc/mtl_p8_box_electric_commercial_sml_01_rubber
material,d#mc/mtl_p7_jars_glass_contents
material,#mc/mtl_p7_zm_sta_dial_selector_01
material,d#mc/mtl_p7_slu_barrel_metal_transparency
material,#mc/mtl_p8_ice_fuel_tank_large_pipe_hp_12_flange_bare
material,#mc/mtl_p8_weapon_locker_01_doors
material,#hash_63509f5c42ca134e
material,#hash_635efc27663b2b57
material,#hash_635efd27663b2d0a
material,#mc/mtl_p8_icbm_computer_decal_scratches_01
material,#mc/mtl_p8_ice_catwalk_d
material,d#mc/mtl_veh_t8_decal_latch_01
material,#mc/t7_decal_grunge_snow_scorching_01
material,d#hash_6378c6a250151ab4
material,#hash_637caa7ae79314d2
material,#hash_63825e47cbe601a0
material,#hash_63825f47cbe60353
material,#hash_63826147cbe606b9
material,#mc/mtl_p8_ice_med_rock_03_stone_01_dark_grime
material,#mc/t7_decal_grunge_rust_04b
material,#mc/mtl_p8_kit_spa_cen_02_set_concrete_dmg_decal
material,#mc/mtl_c_t7_battery_head1_headset_glass
material,#mc/mtl_p7_zm_asc_panel_decal_01
material,#mc/mtl_c_t7_warrior_head1_skin1
material,#mc/mtl_p7_debris_cardboard_flat_05
material,#hash_63b951d66870342a
material,#hash_63d5784132b455d3
material,#mc/mtl_p7_pipe_metal_hp_12_flange_bare
material,#hash_63e494948e44f679
material,d#mc/mtl_wpn_t8_eqp_briefcase_bomb_c4
material,#hash_63ec536dee3913b7
material,d#mc/mtl_veh_t8_decal_caution_stripe
material,#mc/t7_decal_damage_concrete_dust
material,#hash_640da21b1c800457
material,#hash_640fc562f71abda0
material,#mc/mtl_p7_street_curb_concrete_dmg_64b_wet
material,#mc/mtl_p7_zur_rock_river_snow
material,#hash_643e0702702e9bef
material,#hash_64412d80a948b5bd
material,#mc/mtl_p7_wall_mobile_dep_decal_details_01_grey_drk
material,#mc/mtl_p8_wz_supply_stash_decal_strap
material,#mc/mtl_p7_duct_metal_rectangle_straight_64_dark
material,d#hash_646c6884e5b2935c
material,#hash_64716430fd989ffc
material,#hash_64716730fd98a515
material,#mc/mtl_p8_chi_comm_antenna_roof_grunge
material,#mc/mtl_p8_ice_communication_console_01_decal
material,#mc/mtl_p7_ac_unit_med
material,#hash_648e3ea9e7134c5f
material,d#hash_64b3098c87c2d1db
material,#mc/mtl_p7_pro_hangar_door_track_floor_metal
material,#hash_64c47b53cae41aef
material,#hash_64c9e47f8f1a9c48
material,#mc/t8_ice_decal_footprints_01
material,#wc/t7_decal_signage_caution_stripes_yellow
material,#hash_64e3fe5f71de0c66
material,#hash_64e4005f71de0fcc
material,#hash_64eb5f20360ce487
material,#hash_64f0d22f55fa4547
material,#hash_64f1b136d3619cc5
material,#mc/mtl_p8_fire_extinguisher_01_dmg_decal_01
material,#mc/mtl_p8_fire_extinguisher_01_dmg_decal_03
material,#mc/mtl_p8_fire_extinguisher_01_dmg_decal_02
material,#hash_64f8548cef8cb611
material,d#mc/t8_decal_tech_detail_screw_02_normal
material,#hash_64fcdc8b9b89ac48
material,#hash_65117f4412992d74
material,#hash_6516292a8ba289c8
material,#hash_6522eff0be3db9e7
material,#hash_6532e404ecba9db0
material,#hash_6532e604ecbaa116
material,#hash_6532e704ecbaa2c9
material,#mc/mtl_p8_debris_concrete_rubble_01_scatter
material,#mc/mtl_p7_duct_metal_rectangle_support_dark
material,#hash_6541cc68fdd26f8d
material,#mc/mtl_veh_t8_civ_snowcat_hood_grill
material,#mc/mtl_p7_crate_bomb_rack_pallet
material,#mc/t8_concrete_plain_dirty_01
material,#mc/mtl_p8_chi_pipe_support_04
material,#hash_65628f9ce91c19cf
material,#hash_656b53697708ed38
material,#mc/mtl_p8_kit_col_med_01_rollup_metal_box_wheel_white
material,d#mc/t7_metal_bare_aluminum_matte
material,#hash_65813fb8c553994b
material,#hash_6585b659185aea4f
material,#hash_65867767ee83a6c0
material,#hash_65881780a1b0031f
material,#hash_65893023574aa68b
material,#mc/mtl_p7_ris_hose_coupling_metal
material,#mc/t7_cru_snow_powder_ice_wall_reveal
material,#vd/t7_decal_grunge_burnt_stain_01_gun_barrel_char
material,#mc/mtl_p7_wall_mobile_dep_decal_numbers_black
material,#hash_65b1cd182832ade0
material,#hash_65b4757d58cc9a1b
material,#hash_65ca1f5cd86f6f44
material,#hash_65d0551da1197114
material,d#hash_65e0deeccc9cf853
material,#mc/mtl_p7_out_ground_panel_decal_tech_details_01_grey
material,#hash_65ec24268ce82d61
material,#hash_65ff01afc90f53f0
material,d#ei/gfx_light_phosphorous_em
material,#mc/mtl_c_t7_warrior_head1_beardshell
material,#mc/mtl_c_t7_techno_head1_visor_detail
material,d#hash_661c459e8006cde0
material,#mc/mtl_c_t7_battery_body1_thrusters_skin1
material,#mc/mtl_veh_t8_mil_truck_hemtt_supension_01_metal_dead
material,#mc/mtl_p7_zm_tra_street_lamp_set_weld
material,#hash_665a1411ddf559e8
material,#hash_66619facb0700c6d
material,#hash_667b4cea9e08643f
material,#hash_667d0e7e7e2a97a3
material,#mc/mtl_p8_box_electric_commercial_rust_decal_01
material,#hash_66857a9acb11d624
material,#mc/mtl_p7_ris_duct_metal_circular_straight_clean_128
material,d#hash_66917278b432514c
material,#hash_66958a1049f0f571
material,#mc/mtl_p7_wires_electrical_rubber
material,#hash_66ad53eacd99aac9
material,d#hash_66b74ee473b426fe
material,#hash_66c1f6963b1e72e5
material,#hash_66d6b44585c57384
material,#mc/t8_metal_beam_trim_02_black
material,#mc/t7_decal_damage_stain_concrete_01
material,#hash_66fd738fe3e0a31f
material,#mc/mtl_p8_wz_supply_stash_decal_clip
material,#mc/mtl_p8_ice_backroom_wall_tank_module_corner
material,#wc/t7_concrete_bare_dark_03
material,#wc/t7_decal_paint_diffuse_blue
material,#mc/mtl_p7_zm_isl_cage_trap_wire
material,#mc/mtl_p8_box_electric_commercial_sml_01_glass_01
material,#mc/mtl_p8_box_electric_commercial_sml_01_glass_02
material,d#hash_67120b60980426e9
material,#mc/mtl_c_gen_african_insidemouth_teeth
material,#hash_6724d538c50e534e
material,#mc/mtl_p7_pipe_metal_hp_54_metal_04
material,#mc/mtl_p7_pipe_metal_hp_54_metal_01
material,#mc/mtl_p7_pipe_metal_hp_54_metal_02
material,#hash_672ce4bf6b56a1bf
material,d#hash_6735e61201420247
material,#hash_673d2eef38532608
material,#mcs/t7_plastic_wire_black
material,#wc/sky_floor_grip_matte_decal_dlc1
material,#hash_675403eba35ca60f
material,d#mc/global_invisible
material,d#ei/gfx_gib_metal_01_lit
material,#hash_6779dd421443dbea
material,#hash_677b5a7b53aa05f4
material,#hash_677c7d982424c229
material,#mc/mtl_p8_zm_esc_tools_pliers_change
material,#mc/t7_decal_damage_concrete_edge_02
material,#mc/t7_decal_damage_concrete_edge_01
material,#hash_67915eb5235cf8c0
material,#hash_67925758157ab005
material,#mc/t7_decal_grunge_side_02
material,#mc/mtl_p7_spl_entrance_fence_kit_door_01
material,#hash_67ab9eb96252c1a0
material,d#hash_67bfa823769fc56b
material,#hash_67c8f13f62515797
material,d#mc/mtl_p7_bucket_plastic_5_gal_blue
material,#mc/mtl_p7_sin_bs_train_decal_grunge_rust_04
material,#hash_67df10fe018b5295
material,#wc/t7_metal_paint_worn_large_white
material,#hash_67ecfae7d0bdcc8a
material,#mc/mtl_p7_seal_metal_clamp_lrg
material,d#hash_6804a9d7b3e79481
material,#ei/gfx_smk_tendril_1_em_i8
material,#mc/t7_cry_metal_floor_tech_trim
material,#mc/mtl_p8_mp_bomb_crate_whole_destroyed_missile_red
material,#hash_6818bb7a10f232ee
material,#hash_68251067ca3385ae
material,#mc/t7_metal_chainlink
material,#mc/mtl_p7_fence_wood_rustic_01_rungs
material,#mc/mtl_p8_ice_ceilingmoulding_glass
material,#hash_685f65143d3327af
material,#hash_6862f2143d364d1d
material,#hash_6864d2769337eb95
material,#mc/mtl_p8_ice_communication_console_01_decal_bolt
material,#mc/mtl_p8_col_laptop_military_set_painted01
material,d#ei/gfx_dust_fall_lg_anim_lit
material,#hash_688af5a57106a924
material,#hash_688dc7f3801344a8
material,#mc/t8_concrete_wall_cast_2x1_02_wet
material,#mc/mtl_p7_debris_paper_sheet_01
material,d#ei/gfx_fog_slow_wide_lg_anim_lit
material,#mc/mtl_p7_soc_window_frame_lrg_glass
material,#mc/mtl_p8_col_laptop_military_set_glass01
material,#mc/mtl_p8_news_ren_keyboard_underside
material,d#hash_68c0170361aeb305
material,#hash_68c145ad4b37eaea
material,#hash_68c29e19e4b7fa98
material,#hash_68cbb90af92da4a4
material,d#mc/mtl_veh_t8_decal_scratches_02
material,#hash_68dd5a1d29a75196
material,#hash_68e0bbe0fe3f90e4
material,#hash_68e56359108dfe87
material,#mc/mtl_p7_light_round_spot_flat_on
material,#mc/t7_metal_trim_anodized_caution_strip
material,#mc/mtl_p7_cup_coffee_mug
material,#hash_69231ca7a771c39a
material,#hash_69334d8c93d1669e
material,#hash_69414dec15b2a55a
material,#mc/mtl_p8_zm_off_vent_wall
material,d#mc/mtl_veh_t8_civ_forklift_vista_yellow
material,#mc/mtl_p8_panel_debris_metal_set_metal_03
material,#mc/mtl_p8_panel_debris_metal_set_metal_02
material,#mc/mtl_p8_panel_debris_metal_set_metal_01
material,#mc/mtl_p7_wall_mobile_decal_metal_chips
material,#mc/mtl_p7_pipe_metal_hp_54_paint
material,#mc/t8_decal_graphics_signage_chi_high_pressure_01
material,#hash_69d8f1469ab64aef
material,#vd/t7_decal_grunge_moss_grime
material,#mc/mtl_p7_slu_fuse_box_electric_set_text
material,#hash_6a0ca35f0de1f0bd
material,#mc/mtl_p8_foliage_tree_spruce_norway_decals
material,#hash_6a10d8babeaf7183
material,#hash_6a2f7447105ce3e0
material,#hash_6a3fd31deac133f8
material,#mc/mtl_p7_ac_unit_extra
material,#mc/t7_concrete_wall_painted_peel_01_blend_beige
material,#hash_6a6237f7986b43ca
material,d#mc/mtl_wpn_t8_eqp_briefcase_bomb_circuit_glass
material,#hash_6a746a0ba23aa396
material,d#ei/gfx_fog_slow_md_anim_em
material,#hash_6a7ad8e5208a4bbd
material,#mc/mtl_p8_mp_bomb_crate_whole_destroyed_missile
material,#hash_6a89fc219c110ff1
material,d#mc/t7_decal_grunge_brick_stain_03
material,#hash_6a94f4a9624a616d
material,#mc/mtl_p7_panel_door_access_plastic
material,#wc/t7_cru_metal_panels_painted_matte_grey_dlc1
material,#mc/t7_snow_slushy_blend
material,#mc/mtl_c_t7_battery_straps2
material,d#mc/mtl_p7_barrier_block_concrete
material,#hash_6ad980cb92d0363d
material,#vd/t7_decal_damage_glass_shatter_03_gray
material,d#mc/bullet_collision_wood
material,#mc/t7_metal_trim_graphite_worn
material,d#mc/mtl_p8_mp_flag_cloth_neutral
material,d#hash_6b028a4572fdbf5d
material,#hash_6b04ac91cf6a8c84
material,#mc/mtl_p7_crate_lab_plastic_locking_crate
material,#wc/t7_metal_planter_top_trim_large_painted_grey
material,#hash_6b1a8f99db36c719
material,#hash_6b1def050f865ceb
material,#mc/mtl_p8_cell_antenna_roof_metal_01
material,#mc/mtl_p8_cell_antenna_roof_metal_03
material,#mc/mtl_p8_cell_antenna_roof_metal_02
material,#hash_6b326e9c29a0b929
material,#hash_6b380c013c8095a0
material,#mc/mtl_p8_ice_med_rock_03_stone_dark_grime
material,#hash_6b538cf2107c88ab
material,#hash_6b565cef0c44b2e8
material,#hash_6b588e5b5eaa36cd
material,#hash_6b685642d8c6fc55
material,#hash_6b6c9172e99d2bee
material,#mc/mtl_p7_ral_monitor_entrance_decals_metal
material,#mc/mtl_p7_duct_metal_square_straight_64
material,#hash_6b7d3ea8db3c2f68
material,#mc/mtl_p7_zm_ori_pipe_decal_02
material,#mc/mtl_p7_zm_ori_pipe_decal_01
material,#hash_6b8418b331f18d1c
material,#mc/mtl_p7_tank_welding_set_metal_03
material,d#mc/mtl_p7_tank_welding_set_metal_02
material,d#mc/mtl_p7_tank_welding_set_metal_05
material,#hash_6b928c51186cfcc4
material,#hash_6b928f51186d01dd
material,#hash_6bb9aca898eb2e60
material,#hash_6bbbe764a660f641
material,#mc/mtl_p7_zm_moo_wire_spool
material,#mc/mtl_p7_truss_metal_128_green
material,#hash_6bc6313ae1642cf6
material,#hash_6be17d8caf13c7c9
material,#mc/mtl_p7_door_metal_security_02_frame
material,#hash_6becec2d23a57477
material,#hash_6becf4c64ea32c67
material,#hash_6bf1e372092b7f9a
material,#hash_6bfc2daf7b8465c0
material,#hash_6bfd21758c49511d
material,d#hash_6c07d44bcf318cd8
material,#mc/mtl_p7_zm_asc_airduct_metal_set_decal_01
material,d#mc/mtl_p7_light_floodlight_light
material,#hash_6c3bb6f7b1f79b45
material,#hash_6c404ae0ed3dc68b
material,#mc/mtl_p7_road_guard_outer
material,#hash_6c4d8ea1a0f15d52
material,#hash_6c5c0c827fe09fdb
material,#mc/t8_metal_grate_trim
material,#hash_6c749a8c4cc82eb7
material,#hash_6c82a378862978f1
material,#mc/mtl_p7_pipe_metal_hp_4_02_red
material,#hash_6caaa1677505c69b
material,#hash_6caaa2677505c84e
material,#hash_6caaa3677505ca01
material,#hash_6caaa4677505cbb4
material,#mc/mtl_p7_pipe_metal_hp_4_02_grey_dk
material,#mc/mtl_p7_cai_street_signage_bracket_05_rusty
material,#hash_6ce97557a1e4f8de
material,d#mc/mtl_wpn_t8_eqp_briefcase_bomb_computer
material,#hash_6cf03a1077b08f7b
material,#hash_6cfbd02ce26c319c
material,d#mc/mtl_p8_mp_flag_base_01_bronze
material,d#hash_6d0d6b21d79134a9
material,#mc/mtl_p7_zm_asc_light_cage_warning_metal02
material,#mc/mtl_p7_zm_asc_light_cage_warning_metal01
material,#hash_6d120af243d8eeff
material,#hash_6d120bf243d8f0b2
material,#mc/mtl_p7_machine_pipe_module_01_metal
material,#mc/mtl_p7_jars_glass_inside
material,d#mc/mtl_p7_crate_ammo_metal_small
material,#hash_6d2f373cf4a34eed
material,#mc/t7_decal_grunge_calcium_drip_02
material,d#hash_6d47639bedda264d
material,#mc/t7_concrete_trim_gutter_01_wet
material,#mc/mtl_p7_crate_ammo_metal
material,#mc/mtl_p7_ibeam_bracket_white
material,#mc/mtl_p8_signage_street_circle_arrow_01
material,#mc/t7_barrel_vintage_metal_bolts
material,#hash_6d6d794fc8369d09
material,#hash_6d770649d6d6dcd6
material,d#hash_6d8048352e877e8e
material,#hash_6d852c83c2ad26ec
material,d#ei/gfx_smk_puff_light_varied
material,#hash_6d8db16ff14c1d96
material,#hash_6d8e5aed25a3cc2a
material,#hash_6d8f50d9d2c1325c
material,#mc/mtl_p7_door_metal_industrial_dent_bare
material,#hash_6d9c53b2842d6a34
material,d#hash_6da55d2e2a251e14
material,#mc/mtl_p8_zm_esc_tools_hammer_wood
material,#mc/t7_shr_snow_swept
material,#hash_6dada3fa3b594090
material,#hash_6db3e3fff1263ffc
material,#mc/mtl_p7_sin_bio_server_room_scratch_decal_01
material,#mc/mtl_p7_zm_asc_wires_bunker_set_wires_tiling
material,#hash_6dca3564c6e2ac35
material,#mc/mtl_p7_ris_construction_ibeam_red
material,#mc/mtl_p8_sil_icbm_conveyor_warhead_braces
material,#mc/t7_decal_grunge_scratches_scrapes_01
material,#hash_6ddc427bb50fac0e
material,#mc/mtl_p7_ris_bucket_plastic_5_gal_paint_grey
material,#hash_6de833e2f7c36dc4
material,#hash_6df9731f4196eaab
material,#mc/mtl_c_t7_techno_body1_shinguards_detail
material,d#mc/mtl_c_hro_soldier_cyberhand_world
material,d#ei/gfx_gib_concrete_02_em
material,#hash_6e0ba365479972b9
material,#hash_6e1a95a3d59e3fd1
material,#mc/mtl_p8_ice_liquid_storage_tank_vertical_wall_panel_grunge
material,#hash_6e3820c0fe65763a
material,#mc/mtl_p8_zm_esc_box_electric_main
material,#hash_6e4f355e3e5e30eb
material,d#hash_6e5e3e94d6b64f12
material,#hash_6e5f61fb53e30ae3
material,#hash_6e612228b7936eec
material,#mc/mtl_p7_sin_bio_server_room_door_ramp_01
material,#mc/mtl_p7_eth_light_hang_01_metal1
material,#mc/mtl_p8_box_electric_commercial_decal_vent_01_drk
material,d#hash_6e7fed31acc14678
material,#hash_6e9b83e2b07ad630
material,#hash_6ea9ec6c3bc5184b
material,d#mc/mtl_wpn_t8_eqp_briefcase_bomb_glass_ends
material,#hash_6eba72a29ee37c07
material,d#ei/gfx_debris_clump_lit
material,#hash_6eca40b4aefa3d9b
material,#hash_6ecadcf50041fa9a
material,#mc/mtl_p7_pump_water_treatment_light_red
material,#hash_6ee1d72ef6c76baa
material,#mc/mtl_p7_ibeam_bracket
material,d#mc/bullet_collision_plastic
material,#mc/t8_concrete_painted_stains_01_grey_blend
material,d#mc/black_abyss
material,#mc/mtl_p7_pipe_metal_hp_4_01_bare
material,#hash_6f01ccdcbf768e29
material,d#hash_6f03af4d402b898f
material,#mc/mtl_p8_ice_communication_console_01_metal_green
material,#hash_6f090de41e86262a
material,d#ei/gfx_gas_blur_core_thick_em
material,#mc/mtl_p7_duct_metal_circular_straight_128_dark
material,#mc/mtl_p7_zm_ctl_door_sliding_set_button_red
material,#mc/mtl_p7_cai_mobile_shop_shutters
material,#mc/mtl_p8_ice_wall_lower
material,#mc/t8_rubber_coated_wire_black
material,#mc/mtl_t7_mp_techno_egypt_pouch_3
material,#mc/mtl_p7_suspension_bridge_metal_grate_panels_01
material,d#mc/mtl_p8_mp_bomb_crate_stencil
material,#mc/mtl_p7_spikes_metal_boundary
material,#hash_6fd74f9edb4b28dc
material,#mc/mtl_c_t7_techno_body1_bootsole_skin1
material,#mc/t7_cru_decal_mud_water_02
material,#hash_6ff022d4fd43dff0
material,#mc/mtl_p7_mou_electrical_panel_set_parts_03
material,#mc/mtl_p7_mou_electrical_panel_set_parts_04
material,#mc/mtl_p8_ice_foliage_shrub_01_tall_02_proxy_tiled
material,#hash_700234af77c9cdb2
material,#mc/mtl_p8_ice_large_rock_05_dark
material,#hash_700a625858665053
material,#hash_700dc6974526506a
material,#hash_700dc7974526521d
material,#hash_700dd99261c63338
material,#hash_702a9c3417070ffc
material,d#mc/bullet_collision_paper
material,#hash_705fa7f465c9b55e
material,#hash_7069dcfde0058e9e
material,#mc/mtl_p7_sin_bs_train_subway_chipped_edges_01
material,#hash_70790e4ef7d7d66a
material,#hash_7082f5f744678870
material,#mc/mtl_c_t7_warrior_body1_chrome_skin1
material,d#hash_709b4ca67002fcf5
material,#hash_709b6d29d2e75db8
material,#hash_709b6e29d2e75f6b
material,#hash_709b6f29d2e7611e
material,#hash_709e4a67fe7fced6
material,#hash_709e4d67fe7fd3ef
material,#hash_70a1199fea8e7c26
material,#hash_70a11b9fea8e7f8c
material,#hash_70a11c9fea8e813f
material,#hash_70a11e9fea8e84a5
material,d#hash_70a4d8a9f023e5e6
material,d#hash_70bef297f39ac734
material,#hash_70d69f3aab17911e
material,d#hash_70d802c3089821b3
material,d#hash_70db92c3089b4c3a
material,d#mc/mtl_p7_crate_plastic_tech_02
material,#mc/mtl_p7_crate_plastic_tech_01
material,d#hash_710ae919e082eb2a
material,#mc/mtl_p8_zm_esc_tools_pliers_rust
material,d#mc/mtl_p7_debris_metal_scrap_02
material,d#mc/mtl_p7_debris_metal_scrap_01
material,#hash_7130c04a19a1af0f
material,#mc/t7_metal_bare_chrome_polished
material,#mc/t8_metal_painted_gray
material,#mc/mtl_p8_ice_generator_metal_lrg_10
material,#mc/mtl_p8_ice_generator_metal_lrg_11
material,#mc/mtl_p8_ice_generator_metal_lrg_13
material,#hash_7141a76d87d4b442
material,#mc/mtl_p8_ice_generator_metal_lrg_09
material,#mc/mtl_p8_ice_generator_metal_lrg_07
material,#mc/mtl_p8_ice_generator_metal_lrg_06
material,#mc/mtl_p8_ice_generator_metal_lrg_05
material,#mc/mtl_p8_ice_generator_metal_lrg_04
material,#mc/mtl_p8_ice_generator_metal_lrg_03
material,#mc/mtl_p8_ice_generator_metal_lrg_02
material,#mc/mtl_p8_ice_generator_metal_lrg_01
material,d#hash_714f222be2e340e4
material,#hash_714faaad2dac10e1
material,#hash_71511abd0b7e7be5
material,#mc/mtl_p7_spl_first_aid_box
material,#hash_7162a713e510e887
material,#hash_71630e5dd7483496
material,#hash_716ea79e06e3eaf9
material,#hash_717ab81ceaa8a6f3
material,#hash_717aba1ceaa8aa59
material,#mc/mtl_p7_ladder_metal_secured_bare
material,#hash_719c86eeb8fe2ce7
material,#hash_71a9d514365d77f2
material,#mc/t7_rubber_mat_flooring_small_grey
material,#mc/mtl_c_t7_techno_body1_backpack_skin1
material,#hash_71b6a42119886f1f
material,#hash_71c5795073d41940
material,#hash_71d64340b5437b5d
material,#mc/mtl_p8_office_papers_manilla_folder_decals_lines
material,#hash_71e44e1d0068fec0
material,#hash_71e4501d00690226
material,#hash_71e4511d006903d9
material,d#mc/mtl_wpn_t8_eqp_briefcase_bomb_decals_metal
material,#mc/t8_decal_damage_concrete_sidewalk_seam_01
material,#wc/t7_metal_gunmetal_02_grey_med
material,d#hash_71fc11125da6a21f
material,#mc/mtl_p7_slu_barrel_metal_snow
material,#mc/t8_decal_damage_concrete_edge_01
material,#mc/mtl_c_t7_battery_body1_pants_skin1
material,#mc/mtl_p7_zm_ver_farm_tools_wood_02
material,#hash_7233c68a45489346
material,d#ei/gfx_spark_blink_anim_em
material,d#hash_7242d7126a1ad6e4
material,#mc/t7_metal_wall_circles_02
material,#mc/mtl_p7_ral_monitor_entrance_metal_ionized
material,#hash_726066a09efdc362
material,#mc/t7_metal_bare_aluminum_brushed_2
material,#mc/mtl_p8_ice_gas_console_handle_02
material,#hash_72b844284b668a8d
material,#mc/mtl_p7_glo_bomb_stack_02
material,#mc/mtl_p7_glo_bomb_stack_06
material,#mc/mtl_p7_signage_metal_exit_screen
material,#mc/t7_decal_metal_fasteners
material,#mc/mtl_p8_def_bar_beer_bottle
material,#hash_72ee26097019d1be
material,#hash_72fabe203fb2ce80
material,#hash_7309f0dcad6c2268
material,#hash_7309f3dcad6c2781
material,#hash_7309f7dcad6c2e4d
material,#hash_73124c984ac85e73
material,#hash_731d34503b24fdd9
material,#hash_7337d73f7f5ef390
material,d#hash_7338dfd92b8c0866
material,#mc/mtl_p7_pallet_truck_paper_clean
material,#hash_7340b439684b52c0
material,#hash_7340b739684b57d9
material,#hash_734137eeda8e6d6b
material,#hash_734138eeda8e6f1e
material,#hash_734139eeda8e70d1
material,#hash_73413aeeda8e7284
material,#hash_73413beeda8e7437
material,#hash_73472205ccac9291
material,#mc/mtl_c_t7_warrior_body1_boot_soles
material,#hash_73591a6ef8bf7e91
material,#mc/t8_decal_tech_detail_vent_01_drk
material,#hash_7363daf397988833
material,#hash_73754a83645a9448
material,#mc/mtl_c_t7_techno_head1_faceplate_detail
material,#hash_738b0074f732db03
material,#hash_738b0174f732dcb6
material,#hash_738b0274f732de69
material,#hash_738b0374f732e01c
material,#hash_738b0474f732e1cf
material,#hash_738b0574f732e382
material,#hash_738b0774f732e6e8
material,#mc/t8_metal_painted_white
material,#hash_738e0274f7351440
material,#hash_738e0374f73515f3
material,#hash_738e0974f7352025
material,#mc/mtl_p7_cable_electric_coiled_01_blue
material,#hash_739fefbc07dce149
material,#mc/mtl_veh_t8_civ_snowcat_tarp
material,#hash_73a9c957f0f11d0a
material,#hash_73ab38f11a85293c
material,#mc/mtl_p7_zm_isl_fire_extinguisher_case_glass
material,#hash_73af82ef65956862
material,#mc/mtl_p7_slu_meter_electric_01_base_part_03
material,#mc/mtl_p7_slu_meter_electric_01_base_part_02
material,#mc/mtl_p7_slu_meter_electric_01_base_part_01
material,#mc/mtl_p7_slu_meter_electric_01_base_part_06
material,#mc/mtl_p7_slu_meter_electric_01_base_part_04
material,#mc/t7_decal_wire_black_no_alpha
material,d#hash_73bd38ca8c3653ba
material,d#hash_73c1425d1b0f2fe9
material,#mc/mtl_p7_elevator_metal_button_call
material,#hash_73cf2251be91ea8b
material,#mc/mtl_p7_zm_asc_pipe_modular_set_weld_yellow
material,#mc/mtl_p7_camera_security_01
material,d#hash_73e28233f06ead8c
material,d#ei/gfx_spark_blink_anim_em_i12000
material,#mc/mtl_p7_container_aid_box_mre
material,#mc/t8_zm_esc_ground_plate_metal_01
material,d#hash_74094a71cd2a77e1
material,#hash_740f43b63e706035
material,#mc/mtl_t7_zm_sta_metal_gunmetal_01_steel_trim
material,#hash_741173d007309ea8
material,#mc/mtl_p7_zm_der_stairs_diamond_plate
material,#hash_741a231da5679094
material,#hash_7420283781e54573
material,#mc/mtl_p7_machine_pipe_module_01_yellow
material,#mc/mtl_p7_pipe_metal_hp_4_02_bare
material,#mc/t8_metal_grate_01
material,#mc/t8_metal_grate_02
material,#hash_7434ba184eab54cc
material,#hash_743d1bc8596c19f8
material,#hash_743d1cc8596c1bab
material,#hash_743d1fc8596c20c4
material,#hash_743d22c8596c25dd
material,#mc/mtl_p8_wep_gun_storage_set_dirt_02
material,#hash_7471cca38955b03f
material,#hash_74798d8cfa7bc1c3
material,#hash_74849ecda49ef45e
material,#hash_748a05ffcdd932f2
material,#hash_749afd66e159835a
material,#mc/mtl_p8_ice_med_rock_02_01_dark_grime
material,#mc/mtl_p8_missile_rack_metal_02
material,#mc/mtl_p7_satellite_dish_01_edges
material,#hash_74c0fcdb85dcece4
material,#mc/t8_metal_grate_square
material,#mc/mtl_p8_panel_debris_metal_set_decal_grunge
material,#hash_74ef20dda4471b84
material,#hash_74ef4776028025e3
material,#hash_74fd3b7f286be052
material,d#hash_75009ddf7f984610
material,#wc/t7_cru_metal_wall_cor_matte_grey_dlc1
material,#mc/t8_metal_painted_lrg_green_drk
material,#mc/mtl_p7_zm_der_trap_bracket
material,#hash_752874204d71d474
material,#hash_753aae08cfb135da
material,d#hash_7542c5aa32b7777d
material,#mc/t7_zm_sha_rock_cliff_01_wet
material,#mc/mtl_p8_ice_backroom_wall_tank_metal_bare_02
material,#mc/t7_out_metal_bare_01_rust_soft_blend
material,#mc/t7_decal_tech_details_01_normal
material,#hash_755db313e5d8f251
material,#hash_756116dc8ab5fdd7
material,#hash_758270afb287ed75
material,d#hash_7593e326f8aee43b
material,#hash_7594855b3cf8b42f
material,#hash_759fbbb9c9f2cb89
material,#mc/mtl_p8_ice_communication_console_01_decal_grid
material,#hash_75c215167c276c02
material,#hash_75c9acd0765754e5
material,#vd/t7_shr_snow_swept_blend
material,#hash_75e2d9c424b54957
material,#mc/mtl_p8_server_portable_drive_black
material,d#mc/t8_metal_painted_clean_red
material,#mc/mtl_p8_box_electric_commercial_metal_tiling
material,#mc/t7_metal_heavy_painted_01_grey_dk
material,d#hash_761e5b04a4546d90
material,#hash_7629cdca238f05aa
material,#hash_762dd38f63f2718f
material,#mc/t8_decal_graphics_signage_ice_beyond_point_01
material,#mc/mtl_p7_zm_ori_pipe_metal_02
material,d#hash_76305eefc8adb97b
material,#mc/mtl_p8_ice_backroom_wall_tank_metal_bare_strip
material,#mc/t7_glass_dirty_streaks_02
material,#hash_763b3d2b24831058
material,d#vd/gfx_decal_foam
material,#mc/t7_ban_metal_heavy_rust_blend
material,#hash_764887db66dc5724
material,#hash_76670fa12bae3bd5
material,#mc/mtl_p7_duct_metal_circular_support_plastic
material,#mc/mtl_c_t7_techno_body1_torso_armor_detail
material,#mc/mtl_p8_box_electric_commercial_decal_grunge_01
material,#mc/mtl_p7_ris_duct_metal_circular_elbow_90_clean
material,#mc/mtl_p7_zm_isl_fire_extinguisher_case_metal_white
material,#hash_76840a93c684e042
material,#mc/mtl_p7_zm_ctl_door_sliding_set_light_red
material,#hash_76a5b9a9e06ad462
material,d#hash_76b96424a1361033
material,d#mc/mtl_p7_toolbox_handheld_small_red
material,d#mc/t8_metal_panel_trim_01b
material,#hash_76f79b9e98617e26
material,#hash_76fc24f6938c0fb9
material,#mc/mtl_p8_ice_generator_metal_lrg_text_decal_01
material,#hash_7708df727941c7dd
material,#mc/mtl_p8_ice_catwalk_elevator_warning_decal_01
material,#mc/mtl_veh_t8_civ_snowcat_cabin_02
material,#mc/mtl_p7_zm_tra_street_lamp_set_line
material,#mc/mtl_p7_clipboard_set
material,d#hash_7728c8f6c6f8e7bf
material,#mc/t8_metal_trim_edge_wear_white
material,#mc/t7_metal_tube_01
material,#hash_772f13503e2f1b82
material,d#mc/t7_metal_bare_nickel_matte
material,#hash_7736799334b90d78
material,#mc/mtl_p8_ice_backroom_elevator_door_02
material,#mc/mtl_p8_ice_backroom_elevator_door_03
material,#mc/mtl_p8_ice_backroom_elevator_door_04
material,#wc/t7_decal_grunge_dust_wall_01_blend
material,#mc/mtl_p8_light_spotlight_led_light
material,#vd/t7_dlc1_decal_signage_caution_mark
material,#mc/t8_decal_metal_trim_rivets
material,#mc/mtl_p7_signage_caution_warning_01
material,#hash_77b0713316a4b8f8
material,#mc/mtl_p7_door_metal_industrial_dent_white
material,#mc/t7_metal_paint_worn_red
material,#mc/t7_cry_metal_exterior_painted_grey_drk
material,#hash_77cfc86790d4f376
material,#mc/mtl_c_t7_techno_body1_arm_rt_a_skin1
material,#hash_77f041eaf8154472
material,#hash_77f043eaf81547d8
material,#hash_77f044eaf815498b
material,#hash_77f045eaf8154b3e
material,#hash_77f046eaf8154cf1
material,#hash_77f047eaf8154ea4
material,#hash_77f048eaf8155057
material,#hash_77f04aeaf81553bd
material,#hash_77f50edaa3fb322a
material,#hash_780562b5f21ef066
material,#hash_780b263393082c1e
material,#mc/mtl_p7_pipe_metal_hp_12_valve_01_bare
material,#hash_781ec7622f286b47
material,#mc/t8_decal_grunge_burn_01
material,d#hash_7833ebad1ea1ca49
material,#mc/mtl_p8_ice_wall_01_corner_outside_01
material,#mc/mtl_p8_col_conveyor_unit_bolt
material,d#mc/bullet_collision_snow
material,#hash_785af33ef3a601e4
material,#mcs/mtl_p7_wires_electrical
material,d#mc/mtl_p8_foliage_grass_blades_tall_set_a
material,d#mc/mtl_p8_foliage_grass_blades_tall_set_c
material,d#mc/mtl_p8_foliage_grass_blades_tall_set_b
material,d#mc/mtl_p8_foliage_grass_blades_tall_set_d
material,#hash_787bdb7eaedc9e0a
material,#hash_78824966fdd1683e
material,#hash_78915f51b6f7bba2
material,#hash_7896b7e187b132fe
material,#mc/mtl_p7_panel_door_access_metal
material,#hash_7898e23974af4439
material,d#hash_789c623974b25390
material,#hash_78a2562a53fc8c91
material,#hash_78a99b92a69f1d28
material,#mc/t7_cry_linoleum_floor_grey
material,#hash_78b113a4499d4f1b
material,#mc/mtl_p8_pipe_metal_hp_4_02_painted
material,#hash_78babeaac20a76bc
material,#mc/mtl_p7_sin_box_street_electric_small_worn_d
material,#mc/mtl_p8_ice_mb_cargodoorframe_tall
material,d#ei/gfx_smk_whisp_anim_02_lit
material,#mc/mtl_p7_duct_metal_rectangle_straight_64_rust
material,#hash_78ed39db3bccbbe0
material,#hash_78ed3edb3bccc45f
material,#hash_78ed3fdb3bccc612
material,#hash_78ed40db3bccc7c5
material,#hash_7916962604a16482
material,#hash_79324d788cb68976
material,#hash_79563677078c7d90
material,d#mc/mtl_veh_t8_decal_sign_moving_parts_01
material,d#mc/mtl_veh_t8_decal_sign_moving_parts_02
material,#mc/mtl_p7_pipe_metal_hp_4_01_off_white
material,d#hash_7970c252d8c79e52
material,#mc/t8_concrete_curb_angled_01
material,#mc/t7_graphic_display_military_01_flicker_blue_dark
material,#mc/mtl_c_t7_techno_body1_thighguard_skin1
material,#hash_79890b92ae4cf564
material,#hash_79894f9413d76327
material,#hash_798eab01b29ca68c
material,#hash_799bdb40fa57bc4e
material,#mc/mtl_veh_t8_mil_truck_hemtt_generator_01_pattern_dead
material,#mc/mtl_p8_streetpost_siren_set_decal_grunge_03
material,#mc/mtl_p8_streetpost_siren_set_decal_grunge_02
material,#mc/mtl_p8_streetpost_siren_set_decal_grunge_01
material,#hash_79a9aff012f3acad
material,#mc/mtl_c_t7_techno_head1_glass
material,#mc/mtl_c_t7_blockout_battery_body1_beltwidget
material,#mc/mtl_p7_slu_barrel_metal_decal_dirt_black
material,#mc/mtl_veh_t8_mil_helicopter_transport_attach_04_chrome
material,#mc/t8_decal_tech_detail_vent_01_white
material,#hash_7a215d0a69b92322
material,#hash_7a2a5943810a5290
material,#hash_7a2cba4692b399f0
material,#hash_7a31e192b1a8773c
material,#mc/mtl_p8_sil_icbm_conveyor_bracket_c
material,#mc/mtl_p8_sil_icbm_conveyor_bracket_b
material,#mc/mtl_p8_sil_icbm_conveyor_bracket_a
material,#hash_7a3d84204a345c80
material,#hash_7a550008602c3250
material,#hash_7a6813074cad3b42
material,#hash_7a7e07bf0a56b190
material,#hash_7a7e08bf0a56b343
material,#hash_7a7e10bf0a56c0db
material,#hash_7a7e11bf0a56c28e
material,#hash_7a7e12bf0a56c441
material,#hash_7a7e13bf0a56c5f4
material,#hash_7a7e14bf0a56c7a7
material,#hash_7a7e15bf0a56c95a
material,#hash_7a7e16bf0a56cb0d
material,#hash_7a820b57569b5bd5
material,#hash_7a822126d9f38631
material,#hash_7a832d06b59717f1
material,#mc/mtl_p7_pipe_metal_hp_4_01_red
material,#hash_7a9945157eae2a00
material,#mc/mtl_p8_ice_gas_console_handle
material,#hash_7aa764dffd3ce354
material,#hash_7aa766dffd3ce6ba
material,#mc/mtl_p8_ice_liquid_storage_tank_vertical_rope
material,#hash_7aaa37da3cbec231
material,#mc/mtl_p8_chi_camera_security_bubble_lens
material,#hash_7ac7ec90da44de93
material,#hash_7acd24fa22df3aba
material,d#hash_7adebd51b19e0929
material,#hash_7ae68d3832844874
material,#hash_7af16384e06d7ba6
material,#hash_7af2caa8ef4ad873
material,#mc/t7_metal_bare_stainless_steel_brushed
material,d#ei/gfx_dust_heli_swirl_anim_em
material,#mc/mtl_p7_zm_ver_farm_tools_metal_saw
material,#mc/mtl_p7_panel_door_access_glass
material,#mc/mtl_p8_wz_supply_stash_health_canvas
material,#mc/t8_concrete_poured_old
material,#hash_7b17468556fcddbf
material,#hash_7b29ec54e35efd04
material,d#hash_7b2f531966a0eb65
material,#mc/mtl_p8_pallet_rack_set_metal_05
material,#mc/mtl_p8_pallet_rack_set_metal_04
material,#mc/mtl_p8_pallet_rack_set_metal_01
material,#mc/mtl_p8_pallet_rack_set_metal_02
material,d#mc/mtl_p8_news_ren_beer_box_02
material,#mc/mtl_p7_pipe_metal_hp_4_01_grey_dk
material,#mc/mtl_veh_t8_mil_truck_hemtt_generator_02_metal_dirty
material,#mc/mtl_p8_ice_control_consoles_01_decals_pipes
material,d#hash_7b4be1ae1c2eae46
material,d#hash_7b5420921e7526f0
material,d#mc/mtl_wpn_t8_eqp_briefcase_bomb_foam
material,#mc/mtl_p7_guardrail_kit
material,#hash_7b687769e7d59220
material,#hash_7b71f585734bbb86
material,#mc/mtl_p7_pipe_metal_hp_12_straight_white
material,#hash_7babe8d783880bb2
material,#hash_7bc45a41a562021c
material,#hash_7bca597a55165fad
material,#hash_7be73c3c2d988584
material,#hash_7bf0f0f699a3a2cf
material,#hash_7bf34d637ed76dd0
material,#hash_7bf34e637ed76f83
material,#hash_7bf34f637ed77136
material,#hash_7bf352637ed7764f
material,#hash_7bf353637ed77802
material,#hash_7bf354637ed779b5
material,#hash_7bf3c48b4b8a4601
material,d#mc/mtl_p8_mp_flag_base_01_white
material,#hash_7bf946a7d2e7333f
material,#mc/t8_zm_zod_metal_painted_wall_yellow
material,#hash_7c058cac603e0f71
material,#mc/mtl_p7_duct_metal_rectangle_s_joint_dark
material,#hash_7c170eb5d2d8dd22
material,#mc/t8_decal_tech_detail_line_trim_01_normal
material,#hash_7c19e07445f2557c
material,#mc/mtl_p7_light_fluorescent_subway_bulb_on
material,#mc/mtl_p8_ice_bunker_door_01_metal_yellow
material,#mc/mtl_c_t7_techno_body1_neckwrap_skin1
material,#vd/t7_decal_grunge_rust_09_red
material,#mc/t8_decal_graphics_text_ice_2_black
material,d#hash_7c68e5e521aa4a54
material,#mc/mtl_p8_box_electric_commercial_decal_burn_01
material,#mc/mtl_p8_mp_bomb_crate_whole_destroyed_green
material,#mc/t7_snow_powder_01_blend
material,#hash_7c7688975c871076
material,#hash_7c84515522254eb8
material,#hash_7c855bd1146e7842
material,#mc/mtl_p8_ice_cover_crate
material,d#hash_7c8e5a1756bdb981
material,#hash_7c8f1646ef793c58
material,#hash_7c8fd78da26d9491
material,#hash_7ca6130d8bb257df
material,#mc/mtl_p7_zm_tra_street_lamp_set_metal_pole
material,#mc/t7_metal_worn_steel_base_drk
material,#hash_7cc2d58218f5aca7
material,#mc/mtl_p7_shr_wood_decal_grid
material,#hash_7ccc89ed7ad5fed6
material,#mc/mtl_veh_t8_civ_snowcat_thread
material,#mc/mtl_p8_wz_supply_stash_health_metal
material,#mc/mtl_p8_mp_bomb_crate_whole_destroyed_stripe
material,#hash_7cefc386b284e446
material,#hash_7cf4c919d4605c0d
material,#mc/mtl_p7_mou_electrical_panel_set_glass
material,#wc/t7_decal_damage_concrete_edge_01
material,#wc/t7_decal_damage_concrete_edge_02
material,#hash_7d01b7dcfb63ab8f
material,#hash_7d1eaff4773e16d0
material,#mc/mtl_p8_wz_supply_stash_decal_health_patch
material,#mc/t7_cru_snow_clumps_01_reveal
material,#hash_7d51ee8ea8c34f32
material,#mc/mtl_p7_yoga_mat_dirty
material,#mc/mtl_p7_zm_ctl_console_deathray_set_rust01
material,#hash_7d60f4283161ddea
material,#mc/mtl_p7_mou_electrical_panel_set_rust_02
material,#hash_7d812d237dee329f
material,#hash_7d850ebc19000ba1
material,#hash_7d8d85ada98f5b59
material,#hash_7d92d5367aecd21a
material,#mc/mtl_p7_zm_asc_panel_glass_yellow_13
material,#mc/mtl_p7_zm_asc_panel_glass_yellow_10
material,#mc/mtl_p7_zm_asc_panel_glass_yellow_11
material,#mc/mtl_p8_ice_electrical_cabinet_01_on_b
material,#mc/mtl_p7_zm_asc_panel_glass_yellow_09
material,#mc/mtl_p7_zm_asc_panel_glass_yellow_06
material,#mc/mtl_p7_zm_asc_panel_glass_yellow_03
material,#mc/mtl_p7_zm_asc_panel_glass_yellow_02
material,#mc/mtl_p8_jnt_railing_01_set_yellow
material,#mc/mtl_p7_rus_handrail_modular_decal_yellow
material,#hash_7dd6108adf01a4c1
material,#hash_7dd685aea9e05441
material,#hash_7ddb5d69cd4d566a
material,#hash_7ddf44a020cc8324
material,#hash_7ddf5502d7b36766
material,#hash_7de48739ccf9a03a
material,#hash_7dec5534f66c76f6
material,#hash_7df34aa2636ad7eb
material,#mc/mtl_p8_ice_mat_floor_rubber_3x3_rubber_patch
material,#mc/mtl_c_t7_emissive_b
material,#mc/mtl_c_t7_emissive_a
material,#mc/mtl_p7_slu_fuse_box_electric_set_wire_white
material,#mc/t7_zm_sta_decal_signage_caution_stripes
material,#mc/mtl_p7_zm_ctl_console_deathray_set_weld_01
material,#mc/mtl_p7_door_metal_industrial_02_white
material,#hash_7e331d5944f4f1b3
material,#mc/t7_decal_tech_lines_dark
material,#hash_7e644e60820d5cfe
material,#hash_7e782d9f5ce77559
material,#hash_7e87b55646d8bc82
material,#mc/mtl_p7_door_cell_metal_decal02
material,#mc/mtl_p7_door_cell_metal_decal05
material,#mc/mtl_p7_door_cell_metal_decal06
material,#hash_7e990daa8a19597e
material,#mc/mtl_p8_chi_camera_security_bubble_glass
material,#hash_7ee5e7417c3568a2
material,#hash_7ee63db7a626b574
material,#mc/mtl_p7_vent_wall_metal_01_bare
material,#hash_7eed995b56ae933c
material,#hash_7efc16c3d35c3196
material,#hash_7f0304278e3dd33d
material,#mc/mtl_p7_zm_asc_pipes_electrical_set_decal_dirty
material,#hash_7f19dd9e1220f1c5
material,#wc/t7_metal_chainlink_worn_snow
material,#mc/mtl_veh_t8_mil_truck_hemtt_undercarrige_metal_dead
material,#mc/t8_silo_metal_diamond_plate_2_indents
material,#mc/mtl_p8_ice_mat_floor_rubber_3x3
material,#mc/mtl_p8_ice_bay4_hydrolic_pump_01_board
material,#mc/mtl_p8_chi_camera_security_bubble_plastic
material,#mc/mtl_p7_zm_tra_street_lamp_set_metal
material,#mc/mtl_p7_zm_ctl_console_deathray_set_decal_01
material,#mc/mtl_p7_suspension_bridge_cable_supports_02
material,#mc/mtl_p8_zm_esc_gun_gallery_metal_plate_03
material,#hash_7f89badae4bf36f7
material,#hash_7f89bbdae4bf38aa
material,#mc/mtl_veh_t8_mil_truck_cargo_bed_wheel_rims
material,#mc/mtl_p8_light_spotlight_led_decal
material,#hash_7fb16750fa2179c7
material,d#mc/mtl_veh_t8_civ_forklift_modular_decal_paint_strip_dirty
material,#hash_7fcb049f64601801
material,d#mc/bullet_collision_concrete
material,d#ei/gfx_spark_single_em
material,#hash_7feba6493fc72386
material,d#ei/gfx_distort_heat
material,d#hash_7ff04697b7d0086d
material,#hash_7ffa7a7c64afd055
material,#hash_7ffb7410c51de370
fx,#hash_28b19b398b27b7a
fx,#hash_fc795128e5d574a
fx,#hash_2d04626e34297893
fx,#hash_4071116725ca40dd
fx,#hash_64f8055a475a26ab
impactsoundstable,#hash_1c73bd0ca5a9739
impactsoundstable,#hash_639367118eddd2c
impactsoundstable,#phy_book
impactsoundstable,d#hash_368fb7ec6eff7aa6
impactsoundstable,#hash_3c179f6b071380af
impactsoundstable,d#phy_cardboard
impactsoundstable,d#hash_582b94a02a984e88
impactsoundstable,d#hash_695bd5aa13e21e64
impactsoundstable,#hash_6f454713be8f30ae
impactsoundstable,d#grenade_bounce
scriptbundle,#mp_gameobject_interact
scriptbundle,#gameobject_mp_silo_elevator_call_button
maptableentrylevelassets,#mp_silo
physpreset,d#p7_street_safety_cone
physpreset,#p7_water_container_plastic_small
physpreset,#p7_bucket_plastic_5_gal_closed_green
physpreset,#barrel_metal
physpreset,#wood_chunk_light
physpreset,#chair_seat
physpreset,d#p7_bucket_plastic_5_gal
physpreset,#book
physpreset,#p7_bucket_plastic_5_gal_lid
physpreset,#plastic_container_sml
physpreset,d#metal_pan
physpreset,#helmet_plastic
physpreset,#p7_container_aid_box
xmodel,#p8_zm_zod_trashcan_copper
xmodel,#hash_5950fbb9548147
xmodel,#hash_601e519bf23a8e
xmodel,#p8_ice_fuel_tank_large_pipe_hp_12_flange
xmodel,#hash_6d1ab03ac9d9fd
xmodel,#p7_pipe_metal_hp_4_cap_yellow
xmodel,#hash_a65968d3e0ecf4
xmodel,#p8_ice_fuel_tank_large_pipe_hp_12_32_bare
xmodel,#hash_ee0b6d0b4c4290
xmodel,#hash_ee0c6d0b4c4443
xmodel,#hash_ee146d0b4c51db
xmodel,#hash_ee1a6d0b4c5c0d
xmodel,#p8_ice_utility_pole_arm
xmodel,#p7_light_round_spot_flat_on
xmodel,#p7_duct_metal_circular_elbow_right_90_dark
xmodel,#p8_fxanim_mp_silo_netting_orange_10_smod
xmodel,#p7_ac_unit_metal_lrg
xmodel,#p8_ice_backroom_suport_beam_curve_02
xmodel,#p7_conduit_rust_1_elbow90_short
xmodel,#p8_ice_controlroom_wall_pillar_corner45_out_02
xmodel,#p7_global_chainlink_fence_rail_end
xmodel,#hash_1b95c609792931d
xmodel,#hash_1c75fe4d1cc2b87
xmodel,#hash_1de6177c474b960
xmodel,#p8_ice_mb_lift_01_engine
xmodel,#p7_spikes_metal_boundary_corner
xmodel,#hash_23e5a500fb67ebb
xmodel,#p8_ice_lowwall_01_base_corner_01
xmodel,#p7_fxanim_gp_trash_paper_floor_pile_01_s3_mod
xmodel,#p7_zm_isl_signage_pole_metal
xmodel,#p7_aqu_railings_set_metal_base_sm
xmodel,#p7_glass_shard_sharp
xmodel,#hash_2a25d6c70fb5c6b
xmodel,#hash_2a26b6c70fb7435
xmodel,#p7_zm_der_stair_step_8x10x88
xmodel,#hash_2ca5d6c711cae7f
xmodel,#hash_2ca736c711cd3e1
xmodel,#p7_pipe_metal_hp_4_brace_lrg_1_bare
xmodel,#p7_cai_security_room_panel_window
xmodel,#p7_rus_foliage_grass_snow_01
xmodel,#p8_ice_catwalk_elevator_warning_decal_stripe_01
xmodel,#p8_cable_wire_bundle_bend_c_02_blue
xmodel,#p8_ice_mb_cargodoorframe_04_way
xmodel,#hash_34c1a396e1590a3
xmodel,#hash_37025e26b69944d
xmodel,#hash_37aa5aaf96bf4b8
xmodel,#hash_385e2bfd17a5b6a
xmodel,#hash_3d26111c5fa12a1
xmodel,#hash_3f3a53ac94318f9
xmodel,#p7_sgen_corridor_02_ceiling_pipes
xmodel,#p7_pipe_metal_hp_4_brace_lrg_1_grey_dk
xmodel,#p8_ice_catwalk_elevator_snow_decal_01
xmodel,d#p8_mp_bomb_crate_palette
xmodel,#hash_4245f9b80ee7719
xmodel,#p8_pipe_pvc_drain_elbow_end
xmodel,#p8_ice_rock_01_dark_grime
xmodel,#p7_ral_toilet_paper_05_dirty
xmodel,#p7_pipe_metal_hp_12_flange_bare
xmodel,#p8_ice_controlroom_wall_pillar_corner45_in_02
xmodel,#p7_duct_metal_rectangle_elbow_down_90
xmodel,#p7_conduit_metal_1_straight_256
xmodel,#p7_aqu_railings_set_metal_32_painted
xmodel,#p8_weapon_locker_01
xmodel,#hash_4c923cff03b5377
xmodel,#p8_zm_cart_mail_vintage_wheel
xmodel,#p8_sil_icbm_conveyor_crane_winch
xmodel,#p7_global_chainlink_fence_door_elbow_white
xmodel,#p8_ice_rock_cliff_large_01_c_grime2x
xmodel,#p8_cable_wire_bundle_128_01_blue
xmodel,#p8_electrical_ext_insulator_sml
xmodel,#p7_conduit_metal_2_strap_med
xmodel,#p7_aqu_railings_set_metal_brace
xmodel,#p8_ice_large_rock_05_dark
xmodel,#p8_ice_generator_metal_lrg
xmodel,#p7_fxanim_gp_wire_sparking_med_thick_mod
xmodel,#p8_weapon_locker_01_doors_open
xmodel,#hash_6177d6a960676b9
xmodel,#p7_monitor_military_safehouse_rigging_post_32
xmodel,#hash_697f14d2c20ee0b
xmodel,#hash_6fbfb32c716a52d
xmodel,#p7_foliage_tree_ponderosa_pine_broken_02_snow
xmodel,#hash_737c34d5e325fba
xmodel,#p7_guardrail_kit_str_256_bendable
xmodel,#p8_ice_large_rock_05_dark_grime
xmodel,#p8_cables_electrical_single_90_02
xmodel,#p7_zm_der_chainlink_fence_door_bracket
xmodel,#p8_foliage_tree_spruce_norway_tall_thin
xmodel,#hash_7a0a29d3490c395
xmodel,#p7_pipe_metal_hp_4_coupling_blue
xmodel,#p8_zm_esc_box_electric_02
xmodel,#p7_bucket_janitor_plastic_rolling
xmodel,#hash_7fd574a5aed9019
xmodel,#hash_8253b60b9f1da6b
xmodel,#hash_82e731460858f21
xmodel,#hash_833c5adba7ca1d0
xmodel,#hash_83c22a659f9ba77
xmodel,#hash_8529108cd8de6e7
xmodel,#hash_876e476e3858ea0
xmodel,#hash_876e576e3859053
xmodel,#hash_87ef5a80ec41eef
xmodel,#hash_897ff3b4ec079a8
xmodel,#hash_898053b4ec083da
xmodel,#hash_898063b4ec0858d
xmodel,#hash_89999787e70238f
xmodel,#p7_pipe_metal_hp_4_straight_4_blue
xmodel,#p8_jnt_gthrml_tank_01
xmodel,#p8_ice_controlroom_ceiling_heat_curtain
xmodel,#p8_chi_antenna_roof_brace
xmodel,#p8_ice_foliage_shrub_01_med_02
xmodel,#p8_ice_foliage_shrub_01_med_01
xmodel,#hash_8f10449bae5bbd4
xmodel,#p7_pipe_metal_hp_12_elbow_90_blue
xmodel,#p7_window_glass_shard_10_dark
xmodel,#p7_debris_cardboard_flat_05
xmodel,#p7_duct_metal_circular_elbow_right_90_end_dark
xmodel,#hash_92de2ed29b7c56f
xmodel,#p7_conduit_metal_2_body_bend_elbow
xmodel,#p8_sil_icbm_conveyor_01_wheels
xmodel,#hash_9495429cd98b769
xmodel,#hash_974d5455869832a
xmodel,#p8_boot_military_lt_brown
xmodel,#hash_9a841d60b7234fd
xmodel,#hash_9adc885c31a4fa1
xmodel,#hash_9b78709c00ab9b3
xmodel,#p8_box_electric_commercial_lrg_01_allstates
xmodel,#p7_conduit_metal_1_coupling_screw
xmodel,#p8_pipe_metal_hp_4_coupling_02_painted
xmodel,#p8_ice_hangar_gate_right_01
xmodel,#p7_duct_metal_circular_diffuser_dark
xmodel,#veh_t8_mil_truck_hemtt_flatbed_attach_dirty_tan
xmodel,#p7_rope_hanging_mount_metal
xmodel,#p8_cable_wire_bundle_48_01_blue
xmodel,#hash_a7ed0c4f62cdd81
xmodel,#hash_aa535a867accb46
xmodel,#hash_ab0b47ec86d4395
xmodel,#p7_fxanim_gp_wire_thin_hanging_01_smod
xmodel,#p8_mp_bomb_stack
xmodel,#hash_b1e9a476c6fae70
xmodel,#p7_pipe_metal_hp_4_straight_16_grey_dk
xmodel,#p7_electrical_cabinet_01_hatch
xmodel,#hash_b98e9a1919d5946
xmodel,#p8_ice_icbm_beam_brace_06_decals
xmodel,#p8_wep_main_column_lab
xmodel,#p7_aqu_railings_set_metal_brace_end
xmodel,#hash_c028de4642b50ef
xmodel,#p8_server_rack_console_07
xmodel,#hash_c50a41fb6b70a2c
xmodel,#p7_cry_vents_lobby_single
xmodel,#p8_ice_utility_pole_clamp
xmodel,#p8_boot_military_lt_green
xmodel,d#p7_fxp_debris_metal_scrap_01
xmodel,d#p7_fxp_debris_metal_scrap_02
xmodel,#p8_ice_signage_triangle_shock_01
xmodel,#p7_pipe_metal_hp_4_straight_8_grey_dk
xmodel,#p7_electrical_box_set2_box01_pristine_door
xmodel,#hash_d109b986d56d523
xmodel,#p7_zur_rock_park_01_cluster_c_snow
xmodel,#p7_pipe_metal_hp_4_cap_grey_dk
xmodel,#p8_ice_rock_cliff_large_01_b_round_grime
xmodel,#p8_ice_rebar_straight_32_01
xmodel,#p8_pipe_metal_hp_4_straight_64_painted
xmodel,#hash_d580e6a74c48c99
xmodel,#hash_d66c3dc63cb52ce
xmodel,#hash_d7e0f908e0f1b3c
xmodel,#hash_d914374346045ec
xmodel,#hash_dd2f369593e21c4
xmodel,#p7_out_stairs_metal_01_216
xmodel,#p7_pipe_metal_hp_4_t_joint_blue
xmodel,#p8_ice_floor_plate_01b
xmodel,#hash_e7874a4c20d5a0a
xmodel,#p7_pipe_metal_hp_4_straight_4_yellow
xmodel,#hash_ea6b5c3723b68b8
xmodel,#hash_ea6b8c3723b6dd1
xmodel,#hash_eaea141e55a6d43
xmodel,#hash_ec0f3e98efbbf40
xmodel,#p7_fxanim_gp_wire_thin_hanging_02_smod
xmodel,#p7_foliage_grass_dry_03_snow
xmodel,#p8_ice_floorpath_02_base_128_01
xmodel,#hash_ef6b6046d4c942b
xmodel,#p7_eth_light_wall_02
xmodel,#p8_ice_wire_thick_link_01
xmodel,#p7_duct_metal_circular_straight_64
xmodel,#p7_duct_metal_circular_straight_32
xmodel,#p8_rollup_med_cover_box
xmodel,#p8_cable_wire_bundle_bend_c_01
xmodel,#p8_cable_wire_bundle_bend_c_02
xmodel,#p7_pipe_metal_hp_4_elbow_90_yellow
xmodel,#p8_zm_esc_tools_pliers
xmodel,d#hash_f73c7901809f3db
xmodel,#p7_cai_tunnel_support_01_ibeam_147
xmodel,#p8_office_papers_sheet_02
xmodel,#p8_office_papers_sheet_01
xmodel,#hash_fb22c7b90287a4c
xmodel,#p7_cai_mobile_shops_shutters_long_e
xmodel,#hash_fc017323380306d
xmodel,#hash_fe154e3aa98fd2e
xmodel,#hash_100d119965b5ef98
xmodel,#p8_military_electronics_case_handles_01
xmodel,#p8_ice_electrical_cabinet_02_damaged_01
xmodel,#p8_col_rail_tower_track
xmodel,#p7_truss_metal_128_green
xmodel,#p8_ice_signage_rectangle_danger_monoxide_01
xmodel,#hash_10cb0f70522a15ff
xmodel,#p8_traffic_control_utility_box_painted_metal
xmodel,#p8_ice_backroom_ceiling_01_a
xmodel,#p8_ice_backroom_ceiling_01_c
xmodel,#p8_ice_backroom_ceiling_01_b
xmodel,#p8_ice_backroom_ceiling_01_e
xmodel,#p8_ice_backroom_ceiling_01_d
xmodel,#p7_aqu_railings_set_metal_end_corner_32_painted
xmodel,#hash_1144b5c14aef8cb0
xmodel,#hash_114c2958ea2ec013
xmodel,#p7_duct_metal_circular_straight_128
xmodel,#hash_116b77413a42c60d
xmodel,#hash_1173c084afd0e2c2
xmodel,#hash_1182fd5a60cda6d4
xmodel,#hash_1194dba1522d99aa
xmodel,#p8_light_cage_warning_02
xmodel,#hash_11b887b3ab6892af
xmodel,#p7_aqu_support_metal_triangle_01
xmodel,#p7_pipe_metal_hp_4_valve_01_blue
xmodel,#p7_ac_unit_metal_sml_01_snow
xmodel,#hash_121c6b78d9fb5418
xmodel,#p8_streetpost_siren_mount
xmodel,#p7_ris_light_post_tall_01_bolt
xmodel,#p7_door_handle_chrome_01
xmodel,#veh_t8_mil_truck_hemtt_tire_tan
xmodel,#hash_1294e352e4c3ea6f
xmodel,#hash_12d13488d0696c96
xmodel,#hash_1300ebbce4eda6ff
xmodel,#hash_13478fadff3ae034
xmodel,#p8_chi_camera_security_bubble
xmodel,#hash_1367173e9149c119
xmodel,#p8_ice_rock_wall_01_dark_grime
xmodel,#p7_duct_metal_rectangle_end_dark
xmodel,#p8_ice_hangar_gate_right_half_02
xmodel,#p8_ice_hangar_gate_right_half_01
xmodel,#hash_136fc88b1c2695e9
xmodel,#p8_cables_electrical_triple_02
xmodel,#p8_cables_electrical_triple_01
xmodel,#p8_cables_electrical_triple_64
xmodel,#p8_cables_electrical_triple_90
xmodel,#hash_13d06a525551036e
xmodel,#hash_13d9dd174d05416b
xmodel,#hash_13e0b7be4052c2ec
xmodel,#p8_ice_bay4_concrete_floor_02a
xmodel,#p8_ice_bay4_concrete_floor_02b
xmodel,#p8_ice_bay4_concrete_floor_02c
xmodel,#p8_ice_bay4_concrete_floor_01a
xmodel,#p8_ice_bay4_concrete_floor_01b
xmodel,#p8_sil_icbm_conveyor_01_jack
xmodel,#p8_icbm_computer_decal_scratches_04
xmodel,#p8_icbm_computer_decal_scratches_01
xmodel,#p8_icbm_computer_decal_scratches_03
xmodel,#hash_141ea7f39900a244
xmodel,#p8_spa_tarp_03
xmodel,#p8_spa_tarp_01
xmodel,#p7_ntx_tool_wrench_ratchet_lrg
xmodel,#p7_cai_tunnel_support_01_ibeam_147_red
xmodel,#p7_fence_wood_rustic_01_post_90a_snow
xmodel,#hash_148cc022a07fb8da
xmodel,#p8_ice_snow_plowed_03
xmodel,#p7_conduit_metal_1_clamp_base_med
xmodel,#hash_15232cfb16202dcb
xmodel,#p7_satellite_dish_01
xmodel,#p7_wall_mounted_loud_speaker
xmodel,#p8_ice_crate_pallet_01
xmodel,#p8_pipe_padded_01_64_c_wall
xmodel,#p7_electrical_box_set2_box07_broken
xmodel,#veh_t8_mil_truck_hemtt_cab_decals_attach
xmodel,#p8_ice_backroom_wall_curve_01
xmodel,#p8_ice_backroom_wall_curve_02
xmodel,#p8_ice_backroom_wall_curve_03
xmodel,#p8_ice_backroom_wall_curve_04
xmodel,#p7_pipe_metal_hp_4_straight_64_bare
xmodel,#hash_161519cdf215586b
xmodel,#p7_foliage_grass_dry_06_snow
xmodel,#hash_163eaef1e438d505
xmodel,#hash_165681e2c5365943
xmodel,#p8_news_ren_beer_box_02_dmg
xmodel,#p8_cables_electrical_single_64_02
xmodel,#hash_167528d4b42bed34
xmodel,#hash_1676bbc08d45ac53
xmodel,#hash_1690105b374b8d75
xmodel,#p8_cables_electrical_bracket_lrg
xmodel,#p8_ice_foliage_shrub_01_grp
xmodel,#hash_16b7d01dd19b4f7b
xmodel,#hash_16c53e1d2dece65e
xmodel,#hash_16d7f28a16809042
xmodel,#p7_pipe_metal_hp_12_valve_01_grey_dk
xmodel,#hash_1704c59c65b57200
xmodel,#p8_ice_bunker_door_01
xmodel,d#hash_17236cba57074f30
xmodel,#p7_pipe_metal_hp_54_straight_64_blue
xmodel,#hash_176c0ba75f18e3ee
xmodel,#p7_ground_table_cloth_torn_01_blue
xmodel,#p7_spikes_metal_boundary_128
xmodel,#p8_streetpost_siren_bolt
xmodel,#p8_military_container_door_bracket_01
xmodel,#p7_glass_shard_corner_dark
xmodel,#hash_17f42b4736e6a9fd
xmodel,#hash_17fe9db86397ea48
xmodel,#p7_pipe_metal_hp_4_y_joint_bare
xmodel,#p7_duct_metal_rectangle_straight_32
xmodel,#p7_cru_ruin_equipment_boot_r
xmodel,#p7_cru_ruin_equipment_boot_l
xmodel,#hash_1831f031b63b43ad
xmodel,#p7_foliage_grass_dry_02_snow
xmodel,#p7_duct_metal_rectangle_straight_64
xmodel,#p7_fence_wood_rustic_01_rung_single_128b_snow
xmodel,#p7_hook_metal_shelf
xmodel,#p7_zm_asc_pipes_modular_straight_256_yellow
xmodel,#p8_fxanim_mp_silo_rocket_tarp_02_smod
xmodel,#hash_19064dadb4ec6f4a
xmodel,#hash_190a7b14b043c858
xmodel,#hash_1922919f09075f82
xmodel,#hash_1923e46ece7a40c3
xmodel,#p7_tie_rod_metal_01_bracket_corner
xmodel,#p7_duct_metal_circular_floor_base_dark
xmodel,#hash_198909cc1134d74e
xmodel,#c_t7_mp_battery_mpc_fb1_skin1
xmodel,#hash_199aa4e481823a3d
xmodel,d#p8_fxp_fluid_splash_water
xmodel,#p7_pipe_metal_hp_4_straight_64_white
xmodel,#p7_fxanim_mp_rise_caution_tape_02_smod
xmodel,#hash_19e8f1701b14f589
xmodel,#p8_ice_long_pipes_cover_ground_unit
xmodel,#hash_1a09425db34e03fb
xmodel,#hash_1a17a80e38a37c7f
xmodel,#hash_1a322690ef23703b
xmodel,#hash_1a3b9babc9b49b02
xmodel,#hash_1a53bebc3ee9ffce
xmodel,#hash_1a57f1c9036c1d45
xmodel,#p7_railing_concrete_01_tall_bridge
xmodel,#hash_1a8119e6794a9676
xmodel,#p8_debris_concrete_rubble_01_scatter_medium_128_01
xmodel,#p7_fxanim_cp_safehouse_cairo_papers_bunk03_mod
xmodel,#p7_mou_foliage_brush_02_winter_red
xmodel,#hash_1ac4e62cf9ec88d1
xmodel,#p7_rus_handrail_modular_64_end_yellow
xmodel,#p7_shr_snow_chunk_trim_pile_slush
xmodel,#p8_icbm_stage1_tarp_back_01
xmodel,#hash_1b4ab0edf0d44911
xmodel,#p7_ris_duct_metal_circular_t_joint_clean
xmodel,#p8_pipe_pvc_drain_128
xmodel,#p8_ice_mb_catwalk_barrier
xmodel,#hash_1bd6d2d2cd60638e
xmodel,#hash_1bdcacc19b9a0000
xmodel,#hash_1c03e311da2be613
xmodel,#p7_signage_emergency_02
xmodel,#hash_1c1456f24eba86f8
xmodel,#hash_1c172130c5aac563
xmodel,#hash_1c2d308a24484317
xmodel,#p7_pipe_metal_hp_54_elbow_45_blue
xmodel,#p8_ladder_metal_secured_32_01_painted_rust
xmodel,#hash_1c71e985e5aaacab
xmodel,#p8_rock_wall_tiling_large_01
xmodel,#p7_zm_sta_dragon_strike_console_gauges_small
xmodel,#hash_1ca6dcd30c4fbd3a
xmodel,#p7_pipe_metal_hp_4_coupling_off_white
xmodel,#hash_1cbef0af57300236
xmodel,#p8_ice_controlroom_wall_doorframe
xmodel,#p7_pipe_metal_hp_12_straight_32_grey_dk
xmodel,#p8_pipe_metal_hp_4_elbow_90_painted
xmodel,#p7_ral_toilet_paper_06_dirty
xmodel,#p7_duct_metal_circular_elbow_right_90_end
xmodel,#p8_ice_rock_cliff_large_01_c_grime
xmodel,#p8_ice_foliage_shrub_01_twigs_64
xmodel,#p8_ice_foliage_shrub_01_twigs_32
xmodel,#p7_mp_bomb_stack_destroyed
xmodel,#p8_concrete_corner_01_64_01
xmodel,#p7_pipe_metal_hp_4_brace_sml_1_blue
xmodel,#p7_glass_shard_corner
xmodel,#hash_1da1a5ca005c3c57
xmodel,#p7_duct_metal_circular_ceiling_support_long
xmodel,#p7_snow_slush_floor02
xmodel,#p7_snow_slush_floor01
xmodel,#p7_pipe_metal_hp_12_elbow_90_grey_dk
xmodel,#p8_ice_rock_basalt_rock_pile_small_01_dark_grime
xmodel,#p8_ice_mb_rocket_tarp
xmodel,#p8_ice_rock_pile_01_dark
xmodel,#p7_pipe_metal_hp_4_straight_4_grey_dk
xmodel,d#p7_tank_welding_guage
xmodel,#p7_door_metal_industrial_dent_white
xmodel,#p7_zur_nw_icicles_large_02
xmodel,#p7_conduit_rust_1_straight_128
xmodel,#p8_ice_mb_cargodoorframe
xmodel,#p8_crate_medical_resource_01_green
xmodel,#p8_ice_signage_rectangle_vert_slippery_01
xmodel,#p8_electrical_ext_bracket
xmodel,#hash_1f2bfdc03b20f4e1
xmodel,#hash_1f49dc77c4d0e323
xmodel,#p8_ice_hose_ribbed_coupling
xmodel,#p8_news_ren_ac_vent_01
xmodel,#hash_1f6a9cca7bfc1dbd
xmodel,#p7_pipe_metal_hp_4_elbow_45_bare
xmodel,#p7_tools_jar_glass_nails_screws
xmodel,#p7_wes_metal_pulley_wheel
xmodel,#p8_pipe_metal_hp_4_straight_8_painted
xmodel,#p7_conduit_metal_1_outlet_box
xmodel,#p7_sin_bollard_tall_painted
xmodel,#p7_ris_construction_ibeam_296
xmodel,#hash_2069278dbe095142
xmodel,#hash_20a0e937f2ac91b9
xmodel,#p7_pipe_metal_hp_4_coupling_grey_dk
xmodel,#p7_fxanim_gp_streamer_orange_lrg_01_s3_smod
xmodel,#hash_20ccd429c4c91236
xmodel,#hash_21092898dc39ff54
xmodel,#hash_210e38d571d51d82
xmodel,#hash_213ed4e9fb85875b
xmodel,d#hash_21472795aa002260
xmodel,#hash_214b77871d1038b9
xmodel,#p8_ice_rock_med_02_flat_dark
xmodel,#p8_pipe_metal_hp_4_coupling_painted
xmodel,#p7_snow_slush_floor01_dirty
xmodel,#p7_cable_electric_coiled_01_yellow
xmodel,#p8_pipe_metal_hp_4_straight_16_painted
xmodel,#p7_zm_asc_wire_bundle_lrg
xmodel,#hash_21b1deafe5171e51
xmodel,#p8_ice_backroom_metal_pipe_housing_attach_b
xmodel,#p7_foliage_bush_snowy
xmodel,#hash_21bd20fc55aae755
xmodel,#hash_222c69092e6abad4
xmodel,#hash_222c6b092e6abe3a
xmodel,#hash_222c6c092e6abfed
xmodel,#hash_224c80d44344d740
xmodel,d#p8_mp_bomb_crate_open
xmodel,#hash_226c9385854c3c64
xmodel,#p8_fxanim_mp_silo_bay_wires_01_smod
xmodel,#p7_fxanim_gp_streamer_orange_med_01_s3_smod
xmodel,d#p8_mp_bomb_crate_single
xmodel,#p7_pipe_metal_hp_12_flange_grey_dk
xmodel,#p8_debris_glass_shards_07
xmodel,#p8_debris_glass_shards_06
xmodel,#hash_22fb187f7108f2ee
xmodel,#hash_2309e1ad7bece546
xmodel,#p7_pipe_metal_hp_12_straight_128_grey_dk
xmodel,#hash_2348dbf62c89ee95
xmodel,#p7_duct_metal_circular_vent
xmodel,#p7_pipe_metal_drain_clamp_base
xmodel,#hash_23893b5130122685
xmodel,#p8_ice_gas_console_box_02_lt
xmodel,#p8_ice_gas_console_box_02_rt
xmodel,#hash_23ac92d14f1186fc
xmodel,#hash_23b45b97c51a607d
xmodel,#p7_pipe_metal_hp_4_elbow_90_grey_dk
xmodel,#p7_slu_meter_electric_03_base
xmodel,#p8_foliage_branch_pile_lrg
xmodel,#p8_ice_hallway_wires_corner_02
xmodel,#hash_23dd36362d8c31b6
xmodel,#p8_server_portable_drive
xmodel,#hash_23f467e21be67342
xmodel,#hash_2405be9245d41e6f
xmodel,#p8_ice_backroom_ceiling_03_b
xmodel,#p8_ice_backroom_ceiling_03_a
xmodel,#p8_drain_round_floor_iron
xmodel,#hash_241e500a9c16424a
xmodel,#p7_duct_metal_circular_ceiling_support_dark
xmodel,#p7_cai_street_signage_bracket_05
xmodel,#p7_conduit_rust_1_straight_8
xmodel,#p7_conduit_rust_1_straight_4
xmodel,#p8_pipes_electrical_conduit_box_03_metal
xmodel,#p8_ice_rock_cliff_large_01_ab_grime
xmodel,#hash_24f612ddf8069800
xmodel,#hash_24f615ddf8069d19
xmodel,#p8_ice_mb_pillar_a
xmodel,#hash_2521bd765f060261
xmodel,#p7_zm_der_chainlink_fence_tension_band
xmodel,#p7_global_chainlink_fence_door_elbow
xmodel,#p8_cable_wire_bundle_bend_s_01
xmodel,#p8_cable_wire_bundle_bend_s_02
xmodel,#p7_foliage_leaves_ivy_dead_128x64
xmodel,#hash_25ad9d453e7661ed
xmodel,#p7_truss_metal_64
xmodel,#p7_conduit_metal_1_body_end
xmodel,#p8_rock_wall_rough_01_large_top_grime
xmodel,#p7_light_fluorescent_subway_no_glass_01
xmodel,#p8_ice_floorpath_02_grid_128_01
xmodel,#skybox_mp_silo_override
xmodel,#hash_26a6314a59887f3b
xmodel,#hash_26e2782437904244
xmodel,#p8_col_liquid_storage_tank_vertical_02_decals
xmodel,#p7_pipe_metal_hp_4_straight_8_yellow
xmodel,#p8_ice_door_metal_01_yellow
xmodel,#p7_office_paper_folder_beige
xmodel,#hash_275d8099b68d32f5
xmodel,#p8_ice_backroom_elevator_door_02
xmodel,#p7_fxanim_gp_wire_thin_hanging_07_smod
xmodel,#p7_zm_bgb_button_01
xmodel,#p7_zm_asc_wires_bunker_single_corner_01
xmodel,#p7_zm_asc_wires_bunker_single_corner_02
xmodel,#p7_pipe_metal_hp_4_elbow_90_blue
xmodel,#p7_spl_entrance_fence_chainlink_gate_01_left
xmodel,#p8_ice_floor_plate_01_darker
xmodel,#hash_28992dee3b953147
xmodel,#hash_28992eee3b9532fa
xmodel,#p8_cables_electrical_double_90
xmodel,#p8_cables_electrical_double_02
xmodel,#p7_light_fluorescent_subway_01
xmodel,#p7_snow_slush_floor04_dirty
xmodel,#p8_ice_hangar_4_arch_128_b
xmodel,#p8_ice_hangar_4_arch_128_a
xmodel,#p7_light_bollard
xmodel,#veh_t8_mil_truck_hemtt_tire
xmodel,#p7_ven_market_kiosk_door_handle_01
xmodel,#p7_truss_metal_128
xmodel,#p7_conduit_rust_1_body_joint_t
xmodel,#hash_2972993575f497eb
xmodel,#p7_conduit_metal_2_body_end
xmodel,#hash_29beb2ed6100bba5
xmodel,#p8_cable_wire_bundle_64_01_blue
xmodel,#p8_sil_icbm_conveyor_warhead
xmodel,d#p8_zm_zod_ice_chunk_sml_01
xmodel,#hash_29d61ad4a75775a9
xmodel,#hash_2a2e7a9fb454f1d5
xmodel,#p8_chi_pipe_ring_exterior_whole_03
xmodel,#p7_signage_metal_exit
xmodel,#p7_pipe_metal_hp_4_straight_8_blue
xmodel,#p7_slu_barrel_metal_02_blue_dmg_snow
xmodel,d#p8_crate_metal_military_medium_01
xmodel,#p7_pipe_metal_hp_54_straight_32_blue
xmodel,#hash_2af4ef612cb82134
xmodel,#hash_2b05e7612cc686cf
xmodel,#p7_fxanim_gp_wire_thin_hanging_04_smod
xmodel,#p7_slu_panel_electrical_02_lid_01
xmodel,#hash_2b2450c5514e47bc
xmodel,#hash_2b2a5b6ced172ee6
xmodel,#p7_aqu_grate_metal_96_01
xmodel,#hash_2b32878ccf56b4ed
xmodel,#p7_duct_metal_circular_vent_dark
xmodel,#p8_pipes_electrical_pipe_32_metal
xmodel,#p8_ice_backroom_ceiling_02_a
xmodel,#hash_2b724c72d293cf73
xmodel,#p7_crate_bomb_pallet
xmodel,#hash_2c0884db652f406d
xmodel,#hash_2c0b493874dab807
xmodel,#hash_2c122ae968f26065
xmodel,#hash_2c5661810f3173e4
xmodel,#p8_jnt_railing_01_side_yellow_64
xmodel,#p7_zm_moo_wire_spool
xmodel,#p8_ice_cover_crate
xmodel,#hash_2c913395b2a59675
xmodel,#p7_electrical_box_set2_box04_broken
xmodel,#p7_electrical_cabinet_09
xmodel,#p7_electrical_cabinet_03
xmodel,#p7_electrical_cabinet_04
xmodel,#p8_cable_wire_bundle_bend90_01_blue
xmodel,#p7_mou_foliage_brush_01_snow_red
xmodel,#hash_2cd9b349201c5cc9
xmodel,#hash_2d14f5f5f3845bf3
xmodel,#hash_2d285c0979ca96d8
xmodel,#hash_2d49521ee14d4563
xmodel,#p7_conduit_rust_1_elbow45_short
xmodel,#hash_2d5541a4127d0839
xmodel,#hash_2d5db3d2fa0a27cb
xmodel,#hash_2d70f560e1aac7ff
xmodel,#p7_aqu_railings_set_metal_64_painted
xmodel,#p8_door_wood_arch_heavy_02_bolt
xmodel,#hash_2dafaa917f167e2d
xmodel,#hash_2dc8e4b74862e617
xmodel,#hash_2dc920f39cf4a19e
xmodel,#p8_weapon_locker_01_doors
xmodel,#p8_ice_main_silo_wallpanel_64_tall
xmodel,#p7_electrical_box_set2_box06
xmodel,#p7_electrical_box_set2_box07
xmodel,#p7_electrical_box_set2_box05
xmodel,#p7_zm_der_trap_bracket
xmodel,#hash_2e2d64a68c89b9a3
xmodel,#hash_2e2d67a68c89bebc
xmodel,#hash_2e2d69a68c89c222
xmodel,#hash_2e2d6aa68c89c3d5
xmodel,#p7_rus_handrail_modular_90_yellow
xmodel,#p7_ris_duct_metal_circular_straight_128_clean
xmodel,#hash_2e5c61729190eb7e
xmodel,#p7_conduit_rust_1_clamp_base_sml
xmodel,#p7_zm_asc_wires_bunker_double01_1x
xmodel,#p7_ban_tunnels_wall_clamp_01
xmodel,#hash_2ec02cead8763ccf
xmodel,#p7_zm_asc_wires_bunker_double01_2x
xmodel,#hash_2ec2bd9c62aa8e65
xmodel,#hash_2ec2cdd8fe71a949
xmodel,#p8_ice_rock_med_02_dark
xmodel,#hash_2edc23ebc9baa5bb
xmodel,#p7_aqu_railings_set_metal_end_32
xmodel,#hash_2ef77ddaf76cd3df
xmodel,#p7_out_modular_pipes_05_corner90
xmodel,#hash_2f47e15a25e98374
xmodel,#hash_2f496b45fbdf2fb5
xmodel,#p7_zm_ctl_door_sliding_button_box
xmodel,#p8_ice_fuel_tank_large_pipe_hp_12_flange_bare
xmodel,#hash_2f91e79ca3982114
xmodel,#p7_fxanim_gp_wire_sparking_ground_01_mod
xmodel,#p8_chi_comm_antenna_roof_med
xmodel,#p7_pallet_truck_dirty
xmodel,#p8_fxanim_mp_silo_netting_orange_08_smod
xmodel,#p8_ice_controlroom_wall_pillar_corner_02
xmodel,#p8_icbm_stage1_tarp_back_strap_01
xmodel,#hash_3070039615d700d0
xmodel,#p8_cable_wire_bundle_48_01
xmodel,#p7_yoga_mat_flat_dirty_grey
xmodel,#p7_zm_der_rust_angle_plate_bolt
xmodel,#p7_crate_lab_plastic_locking_lid
xmodel,#p7_spl_foam_noodle_01_black
xmodel,#p8_ice_bay4_hydrolic_pump_01
xmodel,#p7_pipe_metal_hp_4_straight_16_bare
xmodel,#hash_312ec086cfecbd52
xmodel,#p7_signage_caution_electricity_02_sml
xmodel,#p8_pipe_pvc_drain_t
xmodel,#hash_317e6353e9620ddc
xmodel,#hash_317f2ea9a3195ad0
xmodel,d#hash_31954fce9ccacbde
xmodel,#p8_zm_esc_gun_gallery_metal_plate_03
xmodel,#p8_col_bin_plastic
xmodel,#p8_ice_mb_cargodoorframe_02_way
xmodel,#p8_ice_fuel_tank_large_pipe_hp_12_32
xmodel,#p8_ice_fuel_tank_large_pipe_hp_12_16
xmodel,#p8_ice_fuel_tank_large_pipe_hp_12_64
xmodel,#hash_31d6902b9cec234c
xmodel,#p8_keypad_panel_01
xmodel,#p8_foliage_grass_blades_tall_med
xmodel,#p8_sil_icbm_conveyor_01_cable
xmodel,#p7_construction_hardhat
xmodel,#p8_pipes_electrical_elbow_90
xmodel,#p8_crate_medical_resource_01
xmodel,#hash_3280f048181065b0
xmodel,#p8_ice_ceilingmoulding_round_light_on
xmodel,#hash_3296aed8594d9248
xmodel,#p8_rock_wall_tiling_01
xmodel,#hash_32bb3950dd5c1345
xmodel,#p7_wes_metal_pulley_wheel_lrg
xmodel,#p8_foliage_tree_spruce_norway_tall_snow
xmodel,#p7_aqu_truss_metal_x_64x96x8_01
xmodel,#hash_32eede584ccdb599
xmodel,#hash_32f231d55038ba96
xmodel,#p7_pipe_metal_hp_4_coupling_bare
xmodel,#p8_ice_moss_lava_field_clump_03
xmodel,#p8_ice_moss_lava_field_clump_02
xmodel,#p8_ice_moss_lava_field_clump_01
xmodel,#p8_ice_hallway_wires_straight_03
xmodel,#p8_ice_hallway_wires_straight_04
xmodel,#p7_barricade_metal_gate_02_black
xmodel,#p7_guardrail_kit_str_end_r
xmodel,#p7_guardrail_kit_str_end_l
xmodel,#hash_3343160a754fff81
xmodel,#p8_ice_rock_cliff_large_01_c_round_grime
xmodel,#p7_zm_asc_door_bunker_sm_hinge
xmodel,#hash_33b455f21bc6562e
xmodel,#p7_debris_paper_sheet_01
xmodel,#p7_cable_electric_coiled_01_blue
xmodel,#hash_33c7e382a39d710c
xmodel,#p7_zm_tra_street_lamp_light
xmodel,#hash_34018041369389d6
xmodel,#hash_340b33e18a4c38a5
xmodel,#p8_pipes_electrical_bracket_metal
xmodel,#hash_341a072a1854a3aa
xmodel,#p7_fxanim_cp_lotus_mobile_shops_merch_int_wires_mod
xmodel,#p8_ice_wall_01_corner_outside_01
xmodel,#hash_3445fcd56ec5b0eb
xmodel,#hash_344c929ff910848a
xmodel,#p7_zm_ver_farm_tools_hammer
xmodel,#p8_ice_rock_cliff_large_01_b_round
xmodel,#p8_ice_room2_coffincase_frame_2rows
xmodel,#p8_pipe_padded_01_64_d_wall
xmodel,#p7_foliage_tree_ponderosa_pine_broken_03_snow
xmodel,#p8_ice_med_rock_01
xmodel,#p8_door_metal_industrial_push_right
xmodel,#p7_light_pro_armory_fluorescent_mobile_sh
xmodel,#hash_34dc84e5a65565fa
xmodel,#p8_ice_missile_bottompanel
xmodel,#hash_350981603a149135
xmodel,#hash_352e2320ad6f9239
xmodel,#hash_3538148473a1918c
xmodel,#hash_3538c696fd4e1785
xmodel,#p7_zm_isl_fire_extinguisher_case
xmodel,#p8_ice_room2_coffincase_frame_8rows
xmodel,#p7_truss_metal_64_green
xmodel,#hash_3557b2737f279592
xmodel,#p8_ice_liquid_storage_tank_base_wall
xmodel,#hash_356961af11521a7e
xmodel,#p8_concrete_corner_damaged_02_64_01
xmodel,#hash_35872acf5d876f40
xmodel,#p7_spl_first_aid_box
xmodel,#p7_ris_wire_hanging
xmodel,#hash_35c60641147cd72c
xmodel,#hash_35c60941147cdc45
xmodel,#p7_ris_shovel_sml_red_snow
xmodel,#p7_conduit_metal_1_strap_sml
xmodel,#p7_duct_metal_circular_straight_32_dark
xmodel,#hash_35ed33a6472633a4
xmodel,#p8_col_dolly_metal_wheel
xmodel,#p7_sky_crate_plastic_tech_02_blue_dlc2
xmodel,#p8_fire_extinguisher_01_clasp
xmodel,#p7_glass_shard_chunk
xmodel,#p7_wire_plastic_ground_01
xmodel,#p7_wire_plastic_ground_02
xmodel,#p7_wire_plastic_ground_03
xmodel,#p7_electrical_box_set2_box01_pristine
xmodel,#p7_aqu_railings_set_end_post_corner_metal
xmodel,#hash_36e7841e8b1e94a7
xmodel,#p7_duct_metal_rectangle_s_joint_dark
xmodel,d#p8_mp_flag_base_light_fixture_1
xmodel,#hash_373dc130567961e1
xmodel,#p8_streetpost_siren_bracket
xmodel,#p7_conduit_metal_1_body_bend_elbow
xmodel,#p7_panels_metal_wall_exterior_access_01
xmodel,#p7_sgen_pallas_hookup_handle_a
xmodel,#hash_3793425b899a1e34
xmodel,#hash_3797fe25203aa54c
xmodel,#hash_37980125203aaa65
xmodel,#hash_37c30fc805558194
xmodel,#p7_mou_foliage_brush_02_snow_red
xmodel,#p8_ice_control_consoles_01
xmodel,#p7_barricade_concrete_modular_01
xmodel,#p7_pipe_metal_hp_12_elbow_90_white
xmodel,#hash_382640d2f0177d51
xmodel,#p7_pipe_metal_hp_4_cap_bare
xmodel,#p7_light_floodlight
xmodel,#p7_roof_vent_chimney_02_metal_white_snow
xmodel,d#p7_light_floodlight_sml
xmodel,#hash_38b39098fec84836
xmodel,#hash_38be25311d376c1f
xmodel,#p7_pipe_metal_hp_4_elbow_45_blue
xmodel,#p8_missile_lrg
xmodel,#hash_38efceb504eafa3d
xmodel,#hash_391030a282edcd99
xmodel,#p7_aqu_railings_set_metal_base
xmodel,#p7_pipe_metal_hp_4_coupling_yellow
xmodel,#hash_396ef5c5b29218cb
xmodel,#p7_duct_metal_rectangle_straight_128
xmodel,#p7_aqu_railings_set_stairs_top_post_metal
xmodel,#hash_39e5a1b8362cb5a7
xmodel,#hash_39f2bf7dcb0a877c
xmodel,#hash_39f4f52080d2db37
xmodel,#hash_39ffd18d19c93b31
xmodel,#p7_zm_asc_pipes_electrical_long
xmodel,#hash_3a41e7bb68c176bd
xmodel,#hash_3a51d93807d9ab3e
xmodel,#hash_3a56614440d878d2
xmodel,#p7_tools_screwdriver_long
xmodel,#p7_zm_ori_pipe_end_cap
xmodel,#p8_ice_com_center_vents_door_01b
xmodel,#p8_ice_com_center_vents_door_01a
xmodel,#hash_3a7f532b90bb4283
xmodel,#p8_fxanim_mp_hacienda_torture_chain_01_smod
xmodel,#p8_ice_hangar_panels_set_01b
xmodel,#p8_chi_comm_antenna_roof_lrg
xmodel,#p7_light_fluorescent_subway_glass_broken_02
xmodel,#p8_pipes_electrical_pipe_corner_lrg_metal
xmodel,#hash_3abbdf7f0ecab8bb
xmodel,#p8_ice_rock_med_02_flat_dark_grime
xmodel,#hash_3ad28a0a2f88da1f
xmodel,#hash_3ad348870e1f9fd8
xmodel,#hash_3ad8b981089222e8
xmodel,#p7_duct_metal_square_straight_32
xmodel,#hash_3b09c0f2b7f7ac74
xmodel,#p7_ris_duct_metal_circular_straight_32_clean
xmodel,#p7_fan_industrial_metal_02
xmodel,#p8_door_metal_iron_01_frame_single
xmodel,#hash_3b641b2270dda597
xmodel,#hash_3b6444fc5ce270fe
xmodel,#p8_military_electronics_case_exterior_lock_01_grp
xmodel,#p7_ban_i_beam_bracket_32_l_01
xmodel,#p8_ice_rock_cliff_large_01_b_grime
xmodel,#p8_snow_plowed_02
xmodel,#p8_snow_plowed_03
xmodel,#p8_snow_plowed_01
xmodel,#hash_3bc7a7a236d5ac67
xmodel,#p8_container_oil_tank_01
xmodel,#p7_furn_couch_modern_01_cushion_r_green
xmodel,#p7_monitor_military_safehouse_rigging_knuckle_main
xmodel,#p7_snow_slush_floor_large02
xmodel,#p7_snow_slush_floor_large01
xmodel,#p8_ice_backroom_metal_pipe_housing
xmodel,#p8_ice_mb_catwalk_transition
xmodel,#p8_icbm_stage1_front_hatch_01
xmodel,#p8_foliage_grass_blades_tall_lrg
xmodel,#hash_3d17682996f15020
xmodel,d#p7_toolbox_handheld_small_red
xmodel,#p7_zm_asc_pipes_gas_01
xmodel,#p7_zm_asc_pipes_gas_02
xmodel,#p7_pipe_metal_hp_4_straight_8_white
xmodel,#hash_3d7f2d766c605ea6
xmodel,#p8_sil_icbm_conveyor_warhead_pads
xmodel,#p7_pipe_metal_hp_12_straight_128_blue
xmodel,#hash_3d94f25f299660cc
xmodel,#p7_slu_fuse_box_electric_pipe_01
xmodel,#p7_slu_fuse_box_electric_pipe_03
xmodel,#p7_slu_fuse_box_electric_pipe_02
xmodel,#hash_3da42357406a59ad
xmodel,#p7_pipe_metal_sprinkler_straight_256
xmodel,#p8_pipes_electrical_pipe_16_metal
xmodel,#p8_pipe_metal_hp_4_brace_sml_1_painted
xmodel,#p7_ris_hose_coupling_metal
xmodel,#p7_duct_metal_circular_elbow_right_45
xmodel,#p8_ice_wire_thin_hanging_04
xmodel,#p8_ice_wire_thin_hanging_03
xmodel,#p8_ice_fuel_tank_large_pipe_hp_12_elbow_90_bare
xmodel,#hash_3edd41e2735bbdd0
xmodel,#c_t7_mp_technomancer_mpc_fb1_skin1
xmodel,#p8_ice_rock_03_dark_grime
xmodel,#hash_3f3e2b6d05e50027
xmodel,#p7_aqu_railings_set_metal_32
xmodel,#p8_ice_mb_cargodoorframe_tall
xmodel,#p8_ice_fuel_tank_large
xmodel,#hash_3f8913d5fd79e90d
xmodel,#p7_pipe_metal_hp_4_x_joint_bare
xmodel,#hash_3fa13c8e9be94d6a
xmodel,#p8_sil_icbm_conveyor_01_brace
xmodel,#p7_ibeam_bracket_32_01
xmodel,#hash_401a3c5aff2bc6fd
xmodel,#p7_fxanim_gp_streamer_orange_med_02_s3_smod
xmodel,#p8_ice_rock_pile_02_a_dark_grime
xmodel,#p7_pipe_metal_hp_4_valve_01_bare_vld
xmodel,#hash_4043dbef30fa744d
xmodel,#p7_zm_ori_debris_concrete_rubble_scattered_03
xmodel,#hash_405fedf8e838d913
xmodel,#hash_408b5f8c47744181
xmodel,#hash_408b628c4774469a
xmodel,#p7_zur_rock_park_01_cluster_j_snow
xmodel,#p7_glass_shard_sharp_dark
xmodel,#p7_sky_panel_door_access
xmodel,#p7_pipe_metal_hp_12_straight_32_blue
xmodel,#p7_aqu_mylar_pipe_wrapped_shell_dirty_far_detail_02
xmodel,#p7_sin_bollard_tall_indents
xmodel,#p8_eth_catwalk_64
xmodel,#hash_417dcfee0c01f2cd
xmodel,#hash_41ab9e2c2efaa479
xmodel,#hash_41db20580e3483b9
xmodel,#p8_ice_pipe_set_conduit_03
xmodel,#p8_ice_pipe_set_conduit_02
xmodel,#p8_ice_pipe_set_conduit_01
xmodel,#hash_41f5561fcdac0836
xmodel,#hash_420ca6fb9960d782
xmodel,#hash_422bee71025b74f0
xmodel,#p7_sin_signage_speed_limit_20
xmodel,#hash_423f207b4b86b2ea
xmodel,#hash_423f217b4b86b49d
xmodel,#p7_pipe_metal_hp_4_elbow_90_white
xmodel,#p7_out_modular_pipes_05
xmodel,#p7_pipe_metal_hp_4_straight_32_yellow
xmodel,#p8_ice_controlroom_wall_pillar_02
xmodel,#p7_debris_newspaper_02_wet
xmodel,#p8_sil_icbm_conveyor_crane_pulley
xmodel,#p7_machine_pipe_module
xmodel,#p8_ice_generator_unit_02
xmodel,#hash_436c444e7a2756c0
xmodel,#hash_437ca2b95baaf587
xmodel,#p8_ice_wire_thick_02
xmodel,#p8_ice_wire_thick_03
xmodel,#p8_ice_wire_thick_01
xmodel,#p7_zm_asc_pipes_electrical_short
xmodel,#hash_43ab4000d7241749
xmodel,#hash_43d777bbe69f5f97
xmodel,#hash_43dc9a8aca6a5414
xmodel,#p7_pipe_metal_hp_4_elbow_45_white
xmodel,#p8_pipe_metal_hp_4_valve_01_painted
xmodel,#p7_pipe_metal_hp_4_valve_01_yellow
xmodel,#p7_zm_ctl_barrel_metal_55gal_snow_cover_02
xmodel,#p7_ris_hose_pile_fabric_01
xmodel,#p7_conduit_metal_1_elbow90_short
xmodel,#p7_ris_snow_dirt_clumps_pile_64
xmodel,#p8_ice_backroom_wall_tank_module_corner
xmodel,#c_t7_mp_warrior_mpc_fb1_skin1
xmodel,#p8_ice_hangar_gate_left_01
xmodel,#p7_monitor_military_safehouse_rigging_knuckle_t
xmodel,#p8_ice_metal_pillar_01
xmodel,#p8_ice_metal_pillar_02
xmodel,#hash_448c1a1667b6e9dd
xmodel,#p7_zm_asc_airduct_c_vent
xmodel,#p7_zm_isl_utility_pole_guard
xmodel,#p8_cables_electrical_quad_64
xmodel,#p8_cables_electrical_quad_01
xmodel,#p7_conduit_metal_1_strap_med
xmodel,#hash_44b1863488d13ecd
xmodel,#p8_ice_door_metal_01
xmodel,#p7_pipe_metal_hp_4_brace_sml_1_yellow
xmodel,#hash_44e236a7b240a6d5
xmodel,#p7_pipe_metal_hp_4_valve_01_white
xmodel,#hash_44fab6b0a5ba750e
xmodel,#p7_pipe_metal_hp_54_elbow_90_blue
xmodel,#p8_ice_floor_plate_02_panel
xmodel,#hash_451c05f17d986118
xmodel,#p8_fxanim_mp_silo_rocks_fall_01_smod
xmodel,#p8_ice_large_rock_03_dark_grime
xmodel,#hash_45aebf5465d4332e
xmodel,#hash_45b2207738673689
xmodel,#p7_pipe_metal_hp_4_coupling_red
xmodel,#p7_rus_foliage_grass_short_snow
xmodel,#p8_streetpost_siren_pole
xmodel,#hash_463ccefbc2862510
xmodel,#hash_46410b27f5bfafbc
xmodel,#p8_fxanim_mp_silo_conveyer_crane_02_mod
xmodel,#hash_4647a9721fdf420c
xmodel,#hash_4647ac721fdf4725
xmodel,#hash_464a38f0fe3e86dd
xmodel,#hash_465c93c1df622ba2
xmodel,#p7_pipe_metal_hp_4_t_joint_grey_dk
xmodel,#p7_conduit_metal_2_strap_sml
xmodel,#hash_46fe649847ab2bd3
xmodel,#p7_door_metal_security_02_frame_lt
xmodel,#hash_4758ed46171ecf63
xmodel,#hash_476553724a22de83
xmodel,#p8_ice_large_rock_03_dark_grime2x
xmodel,#hash_4783c134a6cb0b64
xmodel,#hash_47b250f1e2fb8301
xmodel,#hash_47b90ba4fb25810b
xmodel,#p8_col_rock_cliff_large_01_c
xmodel,#hash_47ff3ba332a8738c
xmodel,#p7_cargo_pallet_05
xmodel,#p7_cargo_pallet_04
xmodel,#p7_cargo_pallet_02
xmodel,#p8_cell_antenna_roof
xmodel,#hash_481a5b5752f66c68
xmodel,#hash_48210cf2f0d9532a
xmodel,#hash_4835ef5b3c3e2860
xmodel,#hash_4835f25b3c3e2d79
xmodel,#hash_483c5eb18c91cf7a
xmodel,#p7_con_crate_lab_plastic_locking_blue
xmodel,#p7_aqu_truss_metal_clamp_01
xmodel,#hash_489437cadf9c2092
xmodel,#p7_signage_caution_flammable_02
xmodel,#hash_48c19c65dea3e39b
xmodel,#p7_foliage_tree_ponderosa_pine_broken_01_snow
xmodel,#p8_cable_wire_bundle_bend_s_01_blue
xmodel,#p7_aqu_flat_tarp_01
xmodel,#p7_road_guard_metal
xmodel,#p8_mp_bomb_crate_whole_destroyed
xmodel,#hash_48ef0b88d302a426
xmodel,#p8_zm_esc_tools_hammer
xmodel,#hash_494039bbf7058b81
xmodel,#hash_4981bb08963408ee
xmodel,#p7_conduit_rust_1_straight_16
xmodel,#hash_499c35258e89836e
xmodel,#p7_conduit_rust_1_straight_32
xmodel,#p7_conduit_rust_1_straight_64
xmodel,#hash_49cf020c71864862
xmodel,#p7_pipe_pvc_med_seal_dmg
xmodel,#p7_camera_security_02
xmodel,#p7_panels_metal_wall_exterior_vent_03
xmodel,#p7_pipe_metal_hp_4_elbow_45_yellow
xmodel,#hash_4a033a520314f427
xmodel,#p8_food_beer_bottle_01_cap
xmodel,#hash_4a1edb9bfc6f9e1e
xmodel,#hash_4a4c13dcf9fd7865
xmodel,#p7_pipe_metal_hp_4_elbow_90_bare
xmodel,#p7_ris_duct_metal_circular_elbow_right_90_clean
xmodel,#p7_ibeam_bracket_32_01_white
xmodel,#p7_barrier_block_concrete_long_01_half
xmodel,#p7_street_curb_concrete_grouping_06
xmodel,#p7_street_curb_concrete_grouping_05
xmodel,#p7_street_curb_concrete_grouping_03
xmodel,#p8_fxanim_mp_silo_netting_orange_06_mod
xmodel,#p7_zm_der_conduit_box_metal
xmodel,#p8_wep_gun_storage_light
xmodel,#p7_door_metal_security_02_frame
xmodel,#p7_pipe_metal_hp_12_straight_64_grey_dk
xmodel,#p7_aqu_railings_set_metal_16_painted
xmodel,#hash_4af3a1b0776be3ea
xmodel,#p7_sin_box_street_electric_small_worn_d
xmodel,#p8_ice_beam_metal_32_01
xmodel,#p7_pipe_metal_hp_4_straight_16_yellow
xmodel,#p7_aqu_grate_metal_128_01
xmodel,#hash_4b53a201281a75e7
xmodel,#p8_foliage_branch_pile_sml
xmodel,#p7_office_cubicle_set_drawer_triple
xmodel,#hash_4ba7c30e44abd4c0
xmodel,#hash_4bae2fbf92a62954
xmodel,#p7_hydraulic_pump_motor
xmodel,#p8_sil_icbm_conveyor_crane_motor
xmodel,#p8_def_bar_beer_bottle_label
xmodel,#p8_light_cage_warning_with_bottom_01_white
xmodel,#p8_ice_mat_floor_rubber_3x3
xmodel,#p7_pipe_metal_hp_12_t_joint_grey_dk
xmodel,#hash_4c3d88f32cdc4c96
xmodel,#p8_ice_gas_console_box_01_lt
xmodel,#p8_ice_main_silo_wallpanel_32x32
xmodel,#p8_ice_main_silo_wallpanel_32x64
xmodel,#hash_4c9e18c109ce14a0
xmodel,#p8_pipes_electrical_coupler_round_metal
xmodel,#p7_pipe_metal_sprinkler_straight_32
xmodel,#p7_pipe_metal_sprinkler_straight_64
xmodel,#p8_ice_creek_spline_02
xmodel,#p7_pipe_metal_hp_4_cap_white
xmodel,#p8_ice_gas_console_box_01_rt
xmodel,#p7_pipe_metal_hp_4_brace_sml_1_grey_dk
xmodel,#hash_4d123007a2beca18
xmodel,#p7_pipe_metal_hp_4_y_joint_yellow
xmodel,#hash_4d237c4a245d6d6e
xmodel,#p8_office_papers_manilla_folder_beige
xmodel,#hash_4d4ba29b7d16b804
xmodel,#hash_4d535749b379640c
xmodel,#p8_pipe_metal_hp_4_straight_32_painted
xmodel,#p7_pipe_metal_hp_4_straight_64_yellow
xmodel,#p7_ibeam_bracket_32_thin_01_patina
xmodel,#p7_pipe_metal_hp_54_straight_128_blue
xmodel,#p8_ice_fuel_tank_large_rim_pipe_bracket
xmodel,#hash_4ddd0c95dcee165d
xmodel,#p8_ice_communication_console
xmodel,#p7_pipe_metal_hp_4_straight_64_grey_dk
xmodel,#hash_4e0ee0dac3d143f3
xmodel,#p7_pipe_metal_hp_4_valve_01_red
xmodel,#hash_4e6617b08ec57151
xmodel,#hash_4e7f78fa0450f7a6
xmodel,#p8_fxanim_mp_silo_rocks_fall_03_smod
xmodel,#p8_ice_foliage_shrub_01_tall_01
xmodel,#p8_ice_foliage_shrub_01_tall_02
xmodel,#p7_conduit_metal_1_strap_lrg
xmodel,#p7_pipe_metal_hp_4_straight_4_white
xmodel,#p7_fxanim_gp_wire_thin_hanging_03_smod
xmodel,#skybox_default_day
xmodel,#hash_4f672a934e641adf
xmodel,#p7_pipe_metal_hp_4_x_joint_blue
xmodel,#p7_conduit_rust_1_brace_support
xmodel,#p8_col_laptop_military_screen
xmodel,#p8_ice_rock_pile_01_dark_grime
xmodel,#p7_tiedown_anchor_metal_02_rust
xmodel,#p7_pipe_metal_hp_12_brace_sml_1_grey_dk
xmodel,#hash_5004238714eb9ef1
xmodel,#p8_sil_icbm_conveyor_crane_arm
xmodel,#p8_ice_foliage_shrub_01_twigs_64_full
xmodel,#p7_mou_coiled_wire
xmodel,#hash_5044ec377f23ef6a
xmodel,#hash_50825f06a02e0ebf
xmodel,#hash_50cb5056df81d206
xmodel,#p7_fxanim_gp_streamer_blue_sml_02_s3_smod
xmodel,#p7_aqu_railings_set_stairs_bottom_post_metal
xmodel,#p8_pipes_electrical_elbow_90_metal
xmodel,#p8_ice_mb_lift_01_rail
xmodel,#p8_ladder_metal_secured_cap_01_painted_rust
xmodel,#p7_debris_newspaper_corner_02_wet
xmodel,#p8_pipe_metal_hp_4_straight_64_metal
xmodel,#p7_pipe_metal_hp_12_straight_16_grey_dk
xmodel,#p8_ice_controlroom_wall_pillar_corner_02_long
xmodel,#p8_curb_concrete_01_straight_128_01_white
xmodel,#p8_pallet_rack_vertical_256
xmodel,#hash_5214450031aabb60
xmodel,#p7_duct_metal_circular_x_joint_dark
xmodel,#p7_duct_metal_rectangle_s_joint
xmodel,#p7_out_modular_pipes_05_base
xmodel,#p7_signage_caution_electricity_01
xmodel,#hash_52923b0d6a242c9a
xmodel,#p7_signage_caution_warning_01
xmodel,d#veh_t8_civ_forklift_modular_cab_decal_attach
xmodel,#hash_52b150939c993a16
xmodel,#p8_streetlight_solar_electrical_box
xmodel,#p7_pipe_metal_hp_4_straight_16_blue
xmodel,#p8_ice_rock_04_dark_grime
xmodel,#p7_conduit_rust_1_strap_sml
xmodel,#p8_wz_supply_stash_health
xmodel,#p7_chain_metal_bracket_01_rusty
xmodel,#hash_537f6e34bc120ab4
xmodel,#p7_zm_ctl_console_deathray_base_snow
xmodel,#p8_concrete_corner_damaged_01_64_01
xmodel,#hash_53beabee11cb811c
xmodel,#p8_pipe_pvc_drain_64
xmodel,#p8_pipe_pvc_drain_16
xmodel,#p7_ban_ladder_cage
xmodel,#p8_pipe_pvc_drain_32
xmodel,#hash_53f0625a70b8245d
xmodel,#p8_ice_gas_console_panel_01
xmodel,#p8_ice_electrical_cabinet_dirty_01
xmodel,#wpn_t8_eqp_briefcase_bomb_stow
xmodel,#hash_54299b9fedb22a4b
xmodel,#hash_54299c9fedb22bfe
xmodel,#hash_54299d9fedb22db1
xmodel,#veh_t8_civ_snowcat_plow
xmodel,#p8_ice_control_consoles_01_keyboard
xmodel,#p8_desk_supply_pen_black
xmodel,#hash_5460782142d07998
xmodel,#p7_pro_hangar_door_track_floor_01
xmodel,#p7_glass_shard_thin_dark
xmodel,#hash_5485ff635c371b39
xmodel,d#p8_mp_flag_pole_1
xmodel,#p8_foliage_tree_spruce_norway_tall
xmodel,#p7_pipe_metal_hp_4_valve_01_grey_dk
xmodel,#p8_chi_antenna_roof_base
xmodel,#p7_pipe_metal_hp_4_straight_16_white
xmodel,#hash_54df17dbccc71ce1
xmodel,#p7_zur_rock_park_01_cluster_e_snow
xmodel,#hash_54e62298177c9abf
xmodel,#hash_5500109f5acfc3e7
xmodel,#hash_551dfcfea4a74779
xmodel,#hash_555820938b26460c
xmodel,#p8_fxanim_gp_furnish_caution_tape_pinned_01_smod
xmodel,d#p7_tank_welding_valve
xmodel,#hash_55c1527f1e63cca4
xmodel,#hash_55c5b73afbbbb05a
xmodel,#p8_pallet_rack_floor_safety_cap_corner
xmodel,#p7_lightswitch_metal_m_sensor_off
xmodel,#p7_aqu_truss_metal_01
xmodel,#hash_562365584d46f224
xmodel,#hash_562368584d46f73d
xmodel,#p7_slu_fuse_box_electric_02
xmodel,#p7_slu_fuse_box_electric_03
xmodel,#p7_slu_fuse_box_electric_01
xmodel,#hash_56275072f3563e38
xmodel,#p7_clipboard_01_wpaper
xmodel,#p8_fxanim_mp_silo_truck_tarp_01_smod
xmodel,#hash_5661924387c091c0
xmodel,#hash_5661c479fb2688a8
xmodel,#hash_5661c779fb268dc1
xmodel,#p8_ice_rock_cliff_large_01_ab_round_grime
xmodel,#hash_567d29a0b84260b8
xmodel,#p7_guardrail_kit_str_256
xmodel,#p7_zm_asc_wire_bundle_straight_256
xmodel,#p8_ice_mb_catwalk_s
xmodel,#p8_ice_mb_catwalk_b
xmodel,#p8_ice_mb_catwalk_d
xmodel,#p8_ice_mb_catwalk_e
xmodel,#p8_ice_mb_catwalk_g
xmodel,d#p8_mp_bomb_crate_brace
xmodel,#hash_56f32c05ba2ddb06
xmodel,#p7_pipe_metal_hp_12_straight_64_blue
xmodel,#p7_counter_modern01_mid_b
xmodel,#p7_counter_modern01_mid_a
xmodel,#hash_57124da0b3e95cae
xmodel,#hash_5719c20c416ec2fe
xmodel,#p8_ice_snow_bank_01
xmodel,#hash_573b2fbec09f532f
xmodel,#p7_fir_air_conditioner_vent
xmodel,#p7_zm_asc_light_cage_wall_on
xmodel,#p8_ice_utility_pole
xmodel,#hash_5754f9683a0ee13f
xmodel,#p8_signage_street_circle_turn_right_01
xmodel,#p8_ice_fuel_tank_large_pipe_hp_12_64_bare
xmodel,#hash_5794bfbfd1825369
xmodel,#p8_boot_military_rt_green
xmodel,#hash_57be1e6d5c15a5b4
xmodel,#p8_ice_controlroom_ceiling_heat_curtain_02
xmodel,#hash_57ed626cd9c20e65
xmodel,#hash_5809859409301874
xmodel,#p8_cable_wire_bundle_bend90_02_blue
xmodel,#p8_ice_liquid_storage_tank_vertical_01_guard_decal
xmodel,#p8_eth_catwalk_128
xmodel,#p7_cup_coffee_mug
xmodel,#p7_out_modular_pipes_05_64
xmodel,#p8_ice_catwalk_elevator_warning_decal_stripe_solid_01
xmodel,#hash_58bec2a5c9707687
xmodel,#p8_pipes_electrical_coupler_metal
xmodel,#hash_58e3bc8417211051
xmodel,d#hash_58f38cb5e7d46a62
xmodel,#p7_pipe_metal_sprinkler_straight_128
xmodel,#p7_hinge_metal_straight
xmodel,#hash_5920d6a3c30782aa
xmodel,#p8_ice_room2_coffincase_frame_5rows
xmodel,#p7_aqu_brace_metal_tall_01
xmodel,#p8_ice_road_curb_concrete_128_02
xmodel,#p8_ice_mb_pillar_a_belt
xmodel,#p7_barricade_gate_metal_hinge_b
xmodel,#p8_fxanim_mp_silo_ceiling_wires_01_smod
xmodel,#p8_ice_floorpath_02_grid_128_02_thin
xmodel,#p8_ice_mb_cargodoorframe_02_large
xmodel,#p7_zm_asc_door_gantry_metal_btm
xmodel,#p7_aqu_railings_set_stairs_metal_48_painted
xmodel,#hash_5ac7dd6f37e2f85e
xmodel,#p7_generator_unit_01
xmodel,#hash_5ace51ff9f6313a5
xmodel,#hash_5ae4850e3f094bd5
xmodel,#hash_5afbfe4d688b91c4
xmodel,#hash_5b50e2a030fd72d3
xmodel,#p7_zm_asc_pipes_modular_straight_128_yellow
xmodel,#p8_ice_mb_pillar_a_support
xmodel,#p7_mou_electrical_panel_set
xmodel,#hash_5bd02d24c00b4ef9
xmodel,#p8_ice_backroom_metal_pipe_housing_attach
xmodel,#hash_5c41152ba02583c2
xmodel,#p7_ladder_metal_secured_guard
xmodel,#hash_5c5bd99af94bd66d
xmodel,#p8_pipe_pvc_drain_coupling
xmodel,#hash_5c80314c376ba17f
xmodel,#p7_snow_slush_floor_small02
xmodel,#p7_snow_slush_floor_small01
xmodel,#p8_ice_med_rock_02_dark_grime
xmodel,#p8_fxanim_mp_silo_netting_orange_07_smod
xmodel,#hash_5cde2f17bf0afbbc
xmodel,#hash_5ce99c9fec240fdc
xmodel,#hash_5d3aa267ed3cb74b
xmodel,#hash_5d4479c47c3d1961
xmodel,#hash_5d6da165db97a2ae
xmodel,#hash_5d849b9392aeeaed
xmodel,#hash_5d880fefa9f8f1ac
xmodel,#hash_5da9c339ec97c41d
xmodel,#hash_5da9c539ec97c783
xmodel,#p7_pipe_metal_hp_4_brace_lrg_2_grey_dk
xmodel,d#p8_crate_metal_ammo_medium_01
xmodel,#p7_zm_asc_wire_bundle_straight_128
xmodel,#p8_ice_wire_thick_corner_01
xmodel,#p8_ice_wire_thick_corner_02
xmodel,#p7_ris_construction_garage_support_beam_short_red
xmodel,#p7_pipe_metal_hp_4_straight_32_grey_dk
xmodel,#p7_pro_panel_metal_vent_01
xmodel,#p7_pipe_metal_hp_4_straight_32_blue
xmodel,#p7_aqu_railings_set_mid_post_metal
xmodel,#p8_foliage_tree_spruce_norway_small_thin
xmodel,#hash_5e6a6264958ef11f
xmodel,#hash_5e6a6364958ef2d2
xmodel,#hash_5e9e867e761fbf8a
xmodel,#p8_ice_electrical_cabinet_01
xmodel,#hash_5ec3807fbbbe7de6
xmodel,#p8_pipes_electrical_conduit_long_metal
xmodel,#p7_duct_metal_rectangle_vent_dark
xmodel,#hash_5f46b58dacacd736
xmodel,#p7_spl_foam_noodle_01
xmodel,#hash_5f72f575b3991cc6
xmodel,#p7_zm_asc_panel_01
xmodel,#p7_zm_asc_panel_02
xmodel,#p7_zm_asc_panel_03
xmodel,#p7_zm_asc_panel_04
xmodel,#p7_zm_asc_panel_06
xmodel,#p7_zm_asc_panel_07
xmodel,#p7_zm_asc_panel_09
xmodel,#p7_mou_foliage_brush_01_red
xmodel,#p7_zm_asc_panel_13
xmodel,#p7_zm_asc_panel_11
xmodel,#p7_zm_asc_panel_10
xmodel,#hash_5f9d8600142bccf2
xmodel,#p8_ice_floor_plate_02_v2
xmodel,#p8_ice_backroom_wall_straight_02
xmodel,#hash_5fba8e11a28c6671
xmodel,#p7_duct_metal_rectangle_straight_32_dark
xmodel,#p8_ice_catwalk_128
xmodel,#hash_5fe70fa8af2e4799
xmodel,#p8_light_spotlight_led
xmodel,#p8_ice_control_consoles_wall_01
xmodel,#p7_out_ground_panel_128x128
xmodel,#hash_605d1dcf4f36bb88
xmodel,#hash_609a3497c3525ae4
xmodel,#p7_zm_asc_box_electrical_07
xmodel,#p8_aus_res_fire_hose_02
xmodel,#p7_pipe_metal_hp_4_brace_lrg_1_blue
xmodel,#p8_ice_floor_plate_03_darker
xmodel,#p7_conduit_rust_1_coupling_screw
xmodel,d#p7_fxp_debris_car_glass_shatter_02
xmodel,d#p7_fxp_debris_car_glass_shatter_03
xmodel,d#p7_fxp_debris_car_glass_shatter_01
xmodel,#hash_6162a6e30bca4ba4
xmodel,#p8_ice_icbm_beam_brace_04
xmodel,#p8_ice_icbm_beam_brace_05
xmodel,#p8_ice_icbm_beam_brace_01
xmodel,#p8_ice_icbm_beam_brace_03
xmodel,#p8_box_electric_commercial_med_02
xmodel,#p7_fxanim_gp_streamer_blue_lrg_02_s3_smod
xmodel,#p8_ice_fuel_tank_large_top_filter
xmodel,#hash_61c933c10fa5aa35
xmodel,#p7_zm_asc_handrail_double_128_yellow
xmodel,#hash_61e4c2d80e6f6515
xmodel,#p8_fxanim_gp_furnish_caution_tape_pinned_02_smod
xmodel,#hash_61e90a0f401b0110
xmodel,#p7_slu_box_electric_02
xmodel,#hash_623b6a0c4abab6ec
xmodel,#p8_ice_mb_catwalk_s_2
xmodel,#hash_6276886ce041ff0c
xmodel,#hash_628ead0e164b1517
xmodel,#p8_ice_signage_triangle_avalanche_01
xmodel,#hash_62ce7b6d8f6a9bb1
xmodel,#hash_62e5dcf4d487a483
xmodel,d#veh_t8_civ_forklift_modular_forklift_decal_attach
xmodel,#hash_62fb0b0d7a9ee196
xmodel,#hash_62fec263dafe93b8
xmodel,#hash_63140a04809445f3
xmodel,#hash_63140b04809447a6
xmodel,#hash_63140c0480944959
xmodel,#hash_631f931bc478a8dc
xmodel,#p8_ice_controlroom_wall_panel_circuit_01
xmodel,#hash_635308ecfb253352
xmodel,#p7_pipe_metal_hp_4_cap_blue
xmodel,#p7_railing_concrete_01_tall_double
xmodel,#p7_newspaper_group_01_wet
xmodel,#p7_inf_foliage_tree_elm_english_small_02_snow
xmodel,#p8_rolled_plastic_lining
xmodel,#hash_6449edd0326dd700
xmodel,#p8_ice_mb_lift_01_wheel
xmodel,#p7_conduit_rust_1_elbow90_long
xmodel,#p8_fxanim_mp_silo_frozen_tarp_01_smod
xmodel,#p7_sin_box_street_electric_large_worn_concrete
xmodel,#hash_64b49e5fee5190cf
xmodel,#hash_64b49f5fee519282
xmodel,#p7_elevator_metal_button_call
xmodel,#p8_light_work_utility_set_wall
xmodel,#hash_6526d3cf8e25e507
xmodel,#p8_streetpost_siren_base
xmodel,#p8_ice_fuel_tank_large_rim_pipe_segment
xmodel,#p8_fxanim_mp_silo_conveyer_crane_01_mod
xmodel,#p7_foliage_grass_dry_07_snow
xmodel,#p7_conduit_metal_2_body_joint_c
xmodel,#hash_65ccdc5436419c44
xmodel,#hash_65d22da3457dd400
xmodel,#p7_mou_foliage_brush_01_winter_red
xmodel,#hash_65f8939981c4e536
xmodel,#p7_zm_asc_airduct_c_90
xmodel,#p7_pipe_metal_hp_54_x_joint_blue
xmodel,#p7_duct_metal_circular_straight_128_dark
xmodel,#hash_6657ada7db35c139
xmodel,#p8_ice_signage_triangle_rocks_01
xmodel,#p7_pipe_metal_hp_4_valve_01_bare
xmodel,#hash_66a32b7df8008ae4
xmodel,#p7_aqu_mylar_pipe_wrapped_shell_01
xmodel,#p7_aqu_mylar_pipe_wrapped_shell_03
xmodel,#p7_aqu_mylar_pipe_wrapped_shell_02
xmodel,#p7_aqu_mylar_pipe_wrapped_shell_04
xmodel,#p7_pipe_metal_hp_54_t_joint_blue
xmodel,#hash_66ceffaf48fb1f8c
xmodel,#p7_ris_construction_garage_lower_ibeam_sm_200
xmodel,#p8_ice_liquid_storage_tank_vertical_01_decals
xmodel,#p7_inf_foliage_tree_elm_english_snow_medium
xmodel,#hash_6736029f8de7b867
xmodel,#hash_677ed2b89bf34ad5
xmodel,#p8_fxanim_mp_silo_netting_orange_04_mod
xmodel,#p8_ice_long_pipes_cover_post_snow
xmodel,#p7_conduit_rust_1_body_pull_elbow
xmodel,d#p7_crate_plastic_tech_02
xmodel,#p7_crate_plastic_tech_01
xmodel,#hash_67e68d4261e9b8d5
xmodel,#p8_ice_mb_cargodoorframe_03_way
xmodel,#p7_zm_asc_wire_bundle_sml
xmodel,#p7_aqu_railings_set_metal_span_32_painted
xmodel,#p7_electrical_cabinet_02_hatch
xmodel,#p8_ice_med_rock_03_dark_grime
xmodel,#hash_686a9e2d905377eb
xmodel,#p7_mou_airduct_metal_c_long
xmodel,#p7_pipe_metal_hp_4_brace_sml_1_white
xmodel,#p7_rus_angle_plate_bolt
xmodel,#p7_light_pro_armory_fluorescent
xmodel,#p8_cable_wire_bundle_bend45_01
xmodel,#p8_cable_wire_bundle_bend45_02
xmodel,#hash_68e6ec13ebd21056
xmodel,#p7_pipe_metal_hp_12_straight_16_white
xmodel,#p8_chi_antenna_roof_battery
xmodel,#hash_691c9cca36a688f5
xmodel,#hash_693f19dd653bd9d6
xmodel,#hash_6951bd8995eb428e
xmodel,#p8_ice_ceilingmoulding_round_light
xmodel,#p7_zur_foliage_grass_small_snow
xmodel,#p8_fxanim_mp_silo_rocks_fall_02_smod
xmodel,#p7_pipe_metal_hp_4_coupling_white
xmodel,#p7_sin_cell_phone_track_corner_bracket
xmodel,#p7_cru_seraph_equipment_boot_l
xmodel,#p7_cru_seraph_equipment_boot_r
xmodel,#p7_conduit_metal_2_coupling_screw
xmodel,#hash_6a47d59961caeb5a
xmodel,#p8_ice_liquid_storage_tank_vertical_01_fusebox
xmodel,#hash_6a96381e48ac05d9
xmodel,#p7_medical_first_aid_case_01
xmodel,#hash_6ab7d16fa2330e0b
xmodel,#p7_pipe_metal_hp_4_straight_32_bare
xmodel,#p8_ice_fuel_tank_large_pipe_hp_12_128
xmodel,#hash_6af927179aa55e1a
xmodel,#p8_pipes_electrical_coupler_sml_metal
xmodel,#p7_conduit_metal_1_straight_128
xmodel,#p8_fxanim_mp_silo_netting_orange_09_smod
xmodel,#p8_ice_backroom_wall_tank_module
xmodel,#p7_zm_ver_farm_tools_pliers_02
xmodel,#p7_zm_ver_farm_tools_pliers_01
xmodel,#hash_6b5da4127455fb5a
xmodel,#skybox_default_black
xmodel,#p8_fxanim_mp_silo_netting_orange_03_mod
xmodel,#p8_pipes_electrical_pipe_corner_med
xmodel,#p7_pipe_metal_hp_4_brace_lrg_1_yellow
xmodel,#hash_6b99e5398c6d5f7c
xmodel,#p8_pallet_rack_vertical_144
xmodel,#p8_pipe_padded_01_64_b
xmodel,#p8_zm_esc_ground_plate_metal_01
xmodel,#hash_6bb739be8dafc720
xmodel,#hash_6bc6e994aebf6988
xmodel,#hash_6bc6ec94aebf6ea1
xmodel,#p7_ris_bucket_plastic_5_gal_bucket_paint_grey
xmodel,#p7_zm_asc_pipes_electrical_short_02
xmodel,#p8_ice_catwalk_elevator_warning_decal_01
xmodel,#hash_6c01a35a82c02e5c
xmodel,#p7_zm_asc_switch_outdoor
xmodel,#p8_ice_rock_pile_02_dark_grime
xmodel,#p7_pipe_metal_hp_4_elbow_45_grey_dk
xmodel,#p7_zm_tra_street_lamp_pole
xmodel,#hash_6c58d1cc6baf1e0e
xmodel,#p7_ban_light_hanging_wire
xmodel,#hash_6c98dd8ff75d9fcf
xmodel,#p7_zm_asc_wire_bundle_90_side
xmodel,#p8_cables_electrical_fitting_round
xmodel,#p7_slu_fuse_box_electric_wire_02
xmodel,#p7_slu_fuse_box_electric_wire_03
xmodel,#p8_ice_gas_console_vent_04
xmodel,#p8_ice_gas_console_vent_02
xmodel,#p8_ice_gas_console_vent_03
xmodel,#p8_ice_gas_console_vent_01
xmodel,#hash_6d63d6a30032fd1f
xmodel,#p8_ice_mb_cargodoorframe_01
xmodel,#p8_ice_mb_cargodoorframe_02
xmodel,d#p8_mp_bomb_crate_clamp
xmodel,#hash_6dce0bcac6b6ad1b
xmodel,#p8_cable_wire_bundle_128_01
xmodel,#hash_6e27925427847209
xmodel,#p8_cables_electrical_single_45
xmodel,#p8_cables_electrical_single_64
xmodel,#p8_cables_electrical_single_03
xmodel,#p8_cables_electrical_single_02
xmodel,#p8_cables_electrical_single_01
xmodel,#hash_6e443937f53254d4
xmodel,#p8_cables_electrical_single_90
xmodel,#p8_ice_icbm_stage2_frame
xmodel,#p7_pipe_metal_hp_4_t_joint_yellow
xmodel,#p8_fxanim_mp_silo_netting_orange_05_mod
xmodel,#p7_debris_newspaper_06_wet
xmodel,d#p8_fire_extinguisher_01
xmodel,#p8_ice_floor_plate_04
xmodel,#p8_ice_floor_plate_05
xmodel,#p8_ice_floor_plate_06
xmodel,#p8_ice_floor_plate_07
xmodel,#p8_ice_floor_plate_01
xmodel,#p8_ice_floor_plate_02
xmodel,#p8_ice_floor_plate_03
xmodel,#p7_duct_metal_circular_elbow_right_45_dark
xmodel,#p8_cable_wire_bundle_bend90_02
xmodel,#p8_cable_wire_bundle_bend90_01
xmodel,#p8_ice_main_silo_arch_02
xmodel,#hash_6f24034e86974302
xmodel,#p7_pipe_metal_hp_4_straight_4_bare
xmodel,#hash_6f4a64e150ae34ce
xmodel,#p8_ice_fuel_tank_large_pipe_hp_12_16_bare
xmodel,#p7_shr_snow_chunk_trim_128_slush
xmodel,#p8_ice_liquid_storage_tank_vertical_01_crown_decal
xmodel,#p7_mop_janitor
xmodel,#p8_ice_main_silo_arch
xmodel,#p8_ice_com_center_vents_corner_01
xmodel,#p8_foliage_tree_spruce_norway_tall_thin_snow
xmodel,#p8_streetpost_siren_speaker
xmodel,#p7_sewer_gate_metal_round
xmodel,#p8_electrical_ext_hook
xmodel,#hash_707cae350c14e713
xmodel,#hash_70c8672e5e61f54d
xmodel,#p8_construction_hardhat
xmodel,#p7_ris_construction_ibeam_bracket_corner
xmodel,#p8_fire_extinguisher_01_dmg_01
xmodel,#p7_conduit_metal_2_union
xmodel,#p7_guardrail_kit_str_128
xmodel,#hash_718b7a3e9ca44dac
xmodel,#p8_ice_rock_med_02_dark_grime
xmodel,#p8_ibeam_01_straight_128
xmodel,#p8_ice_signage_rectangle_vert_eye_protect_01
xmodel,#hash_7230ab162fdb67dc
xmodel,#p8_ice_mb_lift_01_rail_thin
xmodel,#p7_out_stairs_metal_01_128
xmodel,#hash_72b5401181105028
xmodel,#hash_72b54111811051db
xmodel,#hash_72b542118110538e
xmodel,#hash_72b5461181105a5a
xmodel,#p8_ice_com_center_vents_64_01a
xmodel,#hash_72e641088a3fd076
xmodel,#hash_7317cb17b21ab379
xmodel,#hash_733e14713c4335c4
xmodel,#p8_ice_vent_large_02
xmodel,#p8_ice_vent_large_01
xmodel,#p8_ice_fuel_tank_large_pipe_hp_12_128_bare
xmodel,#hash_739e8673a6c3a693
xmodel,#p8_fxanim_mp_silo_netting_orange_01_mod
xmodel,#p7_aqu_railings_set_metal_end_corner_32
xmodel,#p7_pipe_metal_hp_4_straight_64_blue
xmodel,#hash_73e0b7b24e3b253b
xmodel,#hash_73e0b8b24e3b26ee
xmodel,#hash_73e0b9b24e3b28a1
xmodel,#p8_chi_camera_security_bubble_hanging
xmodel,#p7_door_metal_security_02_frame_tall
xmodel,#p7_wall_mobile_deployable_light_single
xmodel,#p8_truss_frame_modular_01_section_128
xmodel,#hash_74799568185876d7
xmodel,#hash_74839afce5a2246c
xmodel,#p7_toolbox_handheld_small_blue
xmodel,#p8_col_conveyor_unit_electric_box_02
xmodel,#p7_duct_metal_circular_straight_64_dark
xmodel,#p7_pipe_metal_hp_12_flange_blue
xmodel,#hash_74d68a48b6bcc62a
xmodel,#p7_tools_screwdriver
xmodel,#p7_pipe_metal_sprinkler_elbow_sm
xmodel,#hash_7535cfafa22425be
xmodel,#p7_mou_airduct_metal_c_90
xmodel,#hash_754d1a3dda81e969
xmodel,#hash_754d2c3e6d9dadd1
xmodel,#hash_755ddf9dde4c8387
xmodel,#p8_ice_lowwall_01_base_128_01
xmodel,#p7_cai_skybridge_pipe_v1_512_dmg
xmodel,#hash_758831d18166bfb1
xmodel,#p7_ban_i_beam_bracket_32
xmodel,#p7_mp_flag_neutral
xmodel,#p8_cable_wire_bundle_64_01
xmodel,#p7_pipe_metal_hp_4_t_joint_white
xmodel,#p8_ice_mb_cargodoorframe_02_small
xmodel,#hash_765a8b6f5eb0a770
xmodel,#hash_7671543ccb13b633
xmodel,#hash_767aa5d96e42ef40
xmodel,#p7_pipe_metal_hp_4_straight_32_white
xmodel,#p8_ice_cover_crate_02
xmodel,#p8_ice_cover_crate_03
xmodel,#p8_ice_cover_crate_04
xmodel,#p8_rock_wall_rough_01_small_cap_grime
xmodel,#p8_boot_military_rt_brown
xmodel,#hash_775b13e0f20561d0
xmodel,#p7_pipe_metal_hp_12_elbow_45_blue
xmodel,#p7_ban_north_tribe_admin_building_roof_brackets_2
xmodel,#hash_77d5461c0c154db9
xmodel,#p8_ice_rock_01_dark
xmodel,#p8_pipe_pvc_drain_elbow_90
xmodel,#p7_aqu_railings_set_metal_128_painted
xmodel,#p7_suspension_bridge_bolt_04
xmodel,#p7_suspension_bridge_bolt_02
xmodel,#veh_t8_mil_truck_hemtt_dead_decals_attach
xmodel,#p7_snow_chunk_trim_128
xmodel,#hash_783afadae396faf7
xmodel,#p8_fxanim_gp_flag_snow_s3_smod
xmodel,#hash_784f568949561f66
xmodel,#p8_ice_mb_cargodoorframe_b
xmodel,#p7_slu_panel_electrical_02_base_pipe
xmodel,#p7_aqu_railings_set_end_post_metal
xmodel,#p7_out_modular_pipes_02a
xmodel,#hash_78a8bc67827c3fd6
xmodel,#p7_light_fluorescent_subway_bulb
xmodel,#hash_78bb287c8440d1f4
xmodel,#p8_box_electric_commercial_lrg_01
xmodel,#p8_box_electric_commercial_lrg_02
xmodel,#p8_ice_backroom_ceiling_04_d
xmodel,#p8_ice_backroom_ceiling_04_e
xmodel,#p8_ice_backroom_ceiling_04_a
xmodel,#p8_ice_backroom_ceiling_04_b
xmodel,#p8_ice_backroom_ceiling_04_c
xmodel,d#p8_mp_flag_base_boots_1
xmodel,#p7_zm_asc_airduct_s_holder_large_02
xmodel,#hash_78f86372b3df02db
xmodel,#p7_electrical_box_set2_meterhead01
xmodel,#p7_electrical_box_set2_meterhead02
xmodel,#p8_snow_pile_01
xmodel,#p8_snow_pile_03
xmodel,#p8_snow_pile_02
xmodel,#p8_ice_long_pipes_cover_plate_snow
xmodel,#p8_ice_utility_pole_attachment_01
xmodel,#p8_ice_utility_pole_attachment_02
xmodel,#p8_ice_controlroom_ceiling_structure
xmodel,#p7_conduit_metal_2_elbow90_short
xmodel,#p8_wz_supply_stash_ammo
xmodel,#p7_pipe_metal_hp_54_flange
xmodel,#p7_out_modular_pipes_05_128
xmodel,#p8_ice_metal_pillar_01_top
xmodel,#p7_global_chainlink_fence_tension_band
xmodel,#p8_ice_main_silo_wallpanel_64x64
xmodel,#p8_cables_electrical_bracket_sml
xmodel,#hash_79fa1e3a52da4ba7
xmodel,#hash_79fe36398ec69c9e
xmodel,#p7_pipe_metal_hp_12_valve_01_white
xmodel,#p7_pallet_plastic_01_gray
xmodel,#p7_ac_unit_metal_med
xmodel,#p8_ice_hangar_gate_left_half_02
xmodel,#p8_ice_hangar_gate_left_half_01
xmodel,#hash_7a441e25959117db
xmodel,#hash_7a459dff7b266e29
xmodel,#hash_7a70e3e64fc3cd6e
xmodel,#hash_7a8ca8e8e448392a
xmodel,d#p7_stepladder_lrg_closed
xmodel,#p7_glass_shard_thin
xmodel,#p7_vent_wall_metal_01_bare
xmodel,#p7_pipe_metal_hp_4_brace_lrg_1_white
xmodel,#p8_pipe_pvc_med_seal_dmg
xmodel,#p7_snow_chunk_trim_64
xmodel,#p8_signage_street_circle_arrow_01
xmodel,#p7_ibeam_bracket_32_01_patina
xmodel,#p7_con_crate_lab_plastic_locking
xmodel,#hash_7bbc158c1d56efab
xmodel,#p8_ice_mb_catwalk_light_attach_01
xmodel,#p8_ice_controlroom_wall_doorframe_small
xmodel,#hash_7bde11018466485b
xmodel,#hash_7c2eabfe62a6f1d6
xmodel,#hash_7c2eacfe62a6f389
xmodel,#hash_7c2eadfe62a6f53c
xmodel,#hash_7c2eaefe62a6f6ef
xmodel,#hash_7c2eaffe62a6f8a2
xmodel,#p8_ice_main_silo_wallpanel_16x64
xmodel,#p7_zm_der_chainlink_fence_concrete_base_snow
xmodel,#hash_7c8e9a89b4f0e322
xmodel,#p7_light_round_spot_flat
xmodel,#p7_ladder_metal_secured_128
xmodel,#p7_fxanim_gp_streamer_orange_knot_01_mod
xmodel,#p8_ibeam_01_straight_128_gray
xmodel,#p7_pipe_metal_hp_54_straight_16_blue
xmodel,#p7_duct_metal_rectangle_straight_64_open_rust
xmodel,#p8_ice_catwalk_128_half
xmodel,#hash_7d601d67c0df2a4d
xmodel,#p8_debris_concrete_rubble_01_scatter_large_128_01
xmodel,#hash_7d8b34affa26e429
xmodel,#p7_electrical_box_set2_meter08
xmodel,#p8_ice_light_ceiling_hanging_yellow
xmodel,#p7_pipe_metal_hp_54_straight_32
xmodel,#p7_office_paper_sheet_01
xmodel,#hash_7dc5541d1d1f5b93
xmodel,#p7_spikes_metal_boundary_256
xmodel,#p7_sin_bio_server_room_door_frame_ramp_01
xmodel,#hash_7e3a7e3dbd257d7e
xmodel,#p8_pipes_electrical_conduit_round_01
xmodel,#p7_pipe_metal_hp_54_elbow_90
xmodel,#hash_7e61766d3892616a
xmodel,#p8_ice_mb_catwalk_e_2
xmodel,#p7_duct_metal_circular_t_joint_dark
xmodel,#hash_7e8331a1d829aee6
xmodel,#p7_camera_security_01_turret
xmodel,#hash_7ec83d79c3d00c82
xmodel,#p7_ban_i_beam_bracket_32_t
xmodel,#p7_ban_i_beam_bracket_32_x
xmodel,#p8_chi_satellite_roof
xmodel,#p7_pipe_metal_hp_12_valve_01_bare
xmodel,#hash_7f11329ad5c49539
xmodel,#hash_7f20143bb1079e5e
xmodel,#hash_7f2352a34e54bcef
xmodel,#hash_7f5bdf561cd4b2e8
xmodel,#p7_cable_coiled_hanging
xmodel,#hash_7f77b563d76b7a1d
xmodel,#p8_vista_ac_duct_sq_sml_vent
xmodel,#p7_container_cardboard_box_02
xmodel,#hash_7fc5b065203d7f41
xmodel,d#veh_t8_civ_forklift_modular_base_decal_attach
xmodel,#hash_7fcfb938224c35cc
xmodel,#hash_7fcfbc38224c3ae5
xmodel,#hash_7fee519b76bb6bfd
xmodel,#p8_ice_backroom_wall_tank_01
fx,#dirt/fx_dust_exp_ground_shock_md
fx,#hash_38b09bb58dc4418
fx,#hash_6a6618a0130441a
fx,#hash_6b421b392e2d5a7
fx,#hash_90c71a220b40f0e
fx,#hash_f32bc97c29fa886
fx,#hash_fa5dbdf3b456f68
fx,#hash_1008bbbc9ba91883
fx,#hash_129440205394474d
fx,#hash_130feabc174eaf4e
fx,#hash_14072ff5450d4a2f
fx,#hash_14291af5452a0ce6
fx,#hash_148f792bb34cdea7
fx,#hash_1596d15d996712e3
fx,#destruct/fx_exp_tendril_emit
fx,#hash_1903089c54448fbc
fx,#hash_193dc7e789429bd4
fx,#hash_1a9fb0b9192d2b3e
fx,#hash_1d9df3f75639c2fe
fx,#hash_1e2afe4660150b30
fx,#hash_1fc062984ba539a1
fx,#hash_22932d9f686311dc
fx,#hash_232146af54dae299
fx,#hash_238545e9126b3911
fx,#hash_255051cda261a368
fx,#hash_28f7e73d7fc6cfb2
fx,#hash_29db9d7e36d385f4
fx,#hash_2c1fa62f9d393be9
fx,#hash_2c62e1b6be0aa611
fx,#hash_2d884ac050d42198
fx,#hash_304be3de503cc561
fx,d#hash_317f3a24ff92b8ca
fx,#hash_318c42e8303c420f
fx,#hash_31dd657f24c81844
fx,d#hash_31e8bec0d87ac12c
fx,#hash_32a175127f337dd2
fx,#hash_32cd6b127f58a7bf
fx,#hash_32d08a127f5b1243
fx,d#hash_34c851f779a2b914
fx,#hash_37d4aa3d52efa947
fx,#hash_3d8541eebf4a9b55
fx,#hash_41f76be97dc35d56
fx,#hash_443bd652932519b1
fx,#hash_450bb696a2b28a34
fx,#hash_452188d615464dbc
fx,#hash_4809c1a803aec7c5
fx,#hash_4d885739142015b7
fx,d#hash_5136c746fd9646fd
fx,#hash_52353cd10d37a6d7
fx,#hash_54546bf278d4adf0
fx,#hash_55dfddfc63c9d556
fx,#hash_5744a1255948c5fc
fx,#hash_5a989b64d4ad4f12
fx,#hash_5b5aec77faa7e2a9
fx,#hash_5b7c5cf1c80b8e32
fx,#hash_5c4054b59f89afbf
fx,#hash_5e70ee82208da9b5
fx,#hash_616bb1c581198a2d
fx,#hash_64683b1f1779fffc
fx,#hash_65ba2d5916b241d8
fx,#hash_66cb610a70bcc28b
fx,#hash_678d835ce722e694
fx,#hash_67a4679378e51bf7
fx,#hash_6caa95304684c2fd
fx,#hash_6cc85fd39ac12f66
fx,#hash_6d7a71e04a514aad
fx,#hash_71571c47a26604cf
fx,#hash_7655c696f42f12cd
fx,#hash_7a77d4544322891c
fx,#hash_7db84c5f3084f2b1
image,#terrain_height_maps_0
image,#hash_63f5af81676b6f1c
image,#hash_2b8ae8eb18d0c15e
image,#terrain_height_maps_1
image,#hash_63f5b081676b70cf
image,#hash_2b8ae9eb18d0c311
image,#hash_53fdb8b27b0a5f79
terraingfx,#maps/mp/mp_silo.d3dbsp
destructibledef,#p8_box_electric_commercial_lrg_01_ddef
xmodel,#p8_fxanim_mp_silo_sign_post_04_mod
xmodel,#p8_col_liquid_storage_tank_vertical_single_01
xmodel,#hash_23d0a30e9a57836
xmodel,#p8_fxanim_mp_silo_satelite_01_mod
xmodel,#p7_fence_wood_rustic_01_rung_2_128a_snow
xmodel,d#p7_street_safety_cone
xmodel,#hash_81225b5a795212c
xmodel,#hash_ac3c184db739395
xmodel,#hash_b027976fffb8c9e
xmodel,#hash_bed859b37077366
xmodel,#hash_c9f51c2b4199dd3
xmodel,#p7_book_office_lrg_red
xmodel,#hash_e0da2110dd4eb85
xmodel,#hash_e88118dfbf1eea1
xmodel,#p8_ice_liquid_storage_tank_vertical_01_crown
xmodel,#veh_t8_civ_forklift_modular_manned_forklift_dirty_yellow_dest
xmodel,#p8_def_bar_beer_bottle_02_open
xmodel,#hash_141c98bab1e6ac6a
xmodel,#veh_t8_civ_snowcat
xmodel,#hash_1831718162e21162
xmodel,d#p7_barrier_block_concrete_decal_2
xmodel,#hash_1960d58f0712eac2
xmodel,#p8_col_dolly_metal_red_full
xmodel,#p8_desk_supply_pen_black_full
xmodel,#p8_ice_catwalk_elevator
xmodel,#p8_ice_liquid_storage_tank_vertical_01
xmodel,#p8_chi_comm_antenna_roof_lrg_full
xmodel,#hash_233976ce48ec2be0
xmodel,#veh_t8_civ_forklift_modular_manned_forklift_dirty_yellow_opaque
xmodel,#p8_food_beer_bottle_02
xmodel,#p8_ice_liquid_storage_tank_base_side
xmodel,#hash_295a9ea8446e3b81
xmodel,#p7_book_office_binder_open
xmodel,#p8_ice_icbm_beam_brace_top_gap_01
xmodel,#hash_3060a28affd5ce86
xmodel,#p8_icbm_computer_server_diagnostic_04
xmodel,#p8_icbm_computer_server_diagnostic_03
xmodel,#p8_icbm_computer_server_diagnostic_01
xmodel,#p8_col_laptop_military_open
xmodel,#p7_water_container_plastic_small_yellow
xmodel,#hash_39e7c050335fe7c3
xmodel,#p7_slu_panel_electrical_02_base_full
xmodel,#p8_electrical_ext_mount_full
xmodel,#hash_3d010bc054760281
xmodel,#p8_bucket_plastic_5_gal_lid_blue
xmodel,#p8_fxanim_mp_silo_sign_post_03_mod
xmodel,#p7_cai_container_aid_box
xmodel,#p8_light_cage_warning_small_rod_01_white
xmodel,#p8_ice_liquid_storage_tank_base_legs
xmodel,#p8_ice_icbm_stage2_frame_02
xmodel,#hash_46d728c3c864cabf
xmodel,#p8_ice_liquid_storage_tank_base_corners
xmodel,#hash_4a945cc21f45d4ba
xmodel,#p8_ice_gas_console_sml
xmodel,#veh_t8_civ_snowcat_dest
xmodel,#hash_55809e05ff6e5c0c
xmodel,d#p8_mp_flag_base_1
xmodel,#p8_ice_icbm_warhead_tip
xmodel,d#p7_tank_welding_med_full
xmodel,#p8_fxanim_mp_silo_sign_post_01_mod
xmodel,#p8_panel_debris_metal_01
xmodel,#p8_panel_debris_metal_03
xmodel,#p8_panel_debris_metal_02
xmodel,#hash_60245facc921e979
xmodel,#p8_ice_icbm_beam_brace_06
xmodel,#p7_tank_welding_sml_full
xmodel,#hash_637f011b838e29c6
xmodel,#p8_fxanim_mp_silo_sign_post_02_mod
xmodel,#hash_665a396b9d7a0bfb
xmodel,#p7_bucket_plastic_5_gal_closed_white
xmodel,#p8_panel_debris_metal_03b
xmodel,#p8_panel_debris_metal_02b
xmodel,#p7_zm_ctl_barrel_metal_55gal_snow_capped_blue_2
xmodel,#p7_slu_fuse_box_electric_wire_01
xmodel,#p8_weapon_locker_01_closed
xmodel,#hash_6f30cb5bbe21e7fe
xmodel,#p8_chi_pipe_03_12_24
xmodel,#hash_73cc619530d0399f
xmodel,d#veh_t8_civ_forklift_modular_manned_forklift_dirty_yellow
xmodel,#p8_missile_rack_02_single
xmodel,#hash_7bf2476ec51bf3d6
xmodel,d#p8_mp_bomb_crate_whole
xmodel,#p7_zm_tra_street_lamp_full
xmodel,#p8_chi_antenna_roof
xmodel,#p8_book_office_binder_open
fx,#hash_3be0676ea3277f0
fx,#dirt/fx8_dust_fall_crumble_rattle
fx,#hash_ea20499cd485f2a
fx,#hash_ed6ebb3c800b3db
fx,#destruct/fx_dest_glass_shard_impact_burst
fx,#electric/fx_elec_sparks_burst_sm_orange_os
fx,#hash_1e22813c5dfaa1e8
fx,#hash_1e33826c1a410891
fx,#hash_200f622fe59abb84
fx,#hash_29ab86ddd3836bc8
fx,#hash_37a6b21cc52ea4e2
fx,#electric/fx8_sparks_burst_dir_sm_orange_os
fx,#hash_3b0d845cd3f7ce85
fx,#electric/fx_sparks_burst_line_sm_blue_random
fx,#hash_588e2d89a4587e1d
fx,#hash_59db7b4a11e7b7e6
fx,#hash_5aca3d0972d1ea05
fx,#hash_5c992b44f28563a7
fx,#hash_668e7fe36488aebb
fx,d#hash_676b71f3198293b1
fx,#destruct/fx_vdest_car_engine_fire_frnt
fx,#hash_6c2436e2b83cd9e6
fx,#hash_6fdb8c52fdf2dd85
fx,#hash_74ba3a0338c77724
fx,#hash_763467b97fe786b1
fx,#hash_778b8e81520351c7
fx,#hash_7c5381708d8b09aa
fx,#hash_7cf14795c6cf3896
fx,#hash_7f3afcaf2433995f
scriptbundle,#p8_fxanim_mp_silo_netting_orange_04_bundle
scriptbundle,#sb_mp_endgame_player_06
scriptbundle,#sb_mp_endgame_player_05
scriptbundle,#sb_mp_endgame_player_04
scriptbundle,#sb_mp_endgame_player_03
scriptbundle,#sb_mp_endgame_player_02
scriptbundle,#p8_fxanim_mp_silo_rocks_fall_02_bundle
scriptbundle,#scene_mp_endgame_player_00
scriptbundle,#scene_mp_endgame_player_01
scriptbundle,#scene_mp_endgame_player_02
scriptbundle,#scene_mp_endgame_player_03
scriptbundle,#scene_mp_endgame_player_04
scriptbundle,#scene_mp_endgame_player_05
scriptbundle,#sb_mp_draft_common_axis
scriptbundle,#p8_fxanim_mp_silo_rocks_fall_03_bundle
scriptbundle,#p8_fxanim_mp_silo_conveyer_crane_02_bundle
scriptbundle,#p8_fxanim_mp_silo_netting_orange_03_bundle
scriptbundle,#p8_fxanim_mp_silo_conveyer_crane_01_bundle
scriptbundle,#sb_mp_draft_common_allies
scriptbundle,#p8_fxanim_mp_silo_rocks_fall_01_bundle
scriptbundle,#p8_fxanim_mp_silo_netting_orange_01_bundle
scriptbundle,#p8_fxanim_mp_silo_netting_orange_05_bundle
scriptbundle,#p8_fxanim_mp_silo_netting_orange_06_bundle
image,#hash_32370433f028dd29
image,#hash_c3f22e2390f3888
image,#hash_5d7e2b0022b3b6fe
image,#hash_2a380c8cb3953d1c
image,#hash_2a380d8cb3953ecf
image,#hash_2a380e8cb3954082
image,#hash_2a380f8cb3954235
image,#hash_2a38088cb3953650
image,#hash_2a38098cb3953803
image,#hash_2a380a8cb39539b6
image,#hash_2a380b8cb3953b69
image,#hash_2a38148cb3954ab4
image,#hash_2a38158cb3954c67
image,#hash_527e0515269a0b4d
image,#hash_527e0415269a099a
image,#hash_527e0315269a07e7
image,#hash_527e0215269a0634
image,#hash_527e0115269a0481
image,#hash_527e0015269a02ce
image,#hash_527dff15269a011b
image,#hash_527dfe152699ff68
image,#hash_527dfd152699fdb5
image,#hash_527dfc152699fc02
image,#hash_52816b15269cee76
image,#hash_52816c15269cf029
image,#hash_52816915269ceb10
image,#hash_52816a15269cecc3
image,#hash_52816f15269cf542
image,#hash_52817015269cf6f5
image,#hash_52816d15269cf1dc
image,#hash_52816e15269cf38f
image,#hash_52817315269cfc0e
image,#hash_52817415269cfdc1
image,#hash_52847115269f2e7f
image,#hash_52847015269f2ccc
image,#hash_52847315269f31e5
image,#hash_52847215269f3032
image,#hash_52846d15269f27b3
image,#hash_52846c15269f2600
image,#hash_52846f15269f2b19
image,#hash_52846e15269f2966
image,#hash_52847915269f3c17
image,#hash_52847815269f3a64
image,#hash_526ce715268b6520
image,#hash_526ce815268b66d3
image,#hash_526ce915268b6886
image,#hash_526cea15268b6a39
image,#hash_526ceb15268b6bec
image,#hash_526cec15268b6d9f
image,#hash_526ced15268b6f52
image,#hash_526cee15268b7105
image,#hash_526cef15268b72b8
image,#hash_526cf015268b746b
image,#hash_52706d15268e7ea9
image,#hash_52706c15268e7cf6
image,#hash_52706b15268e7b43
image,#hash_52706a15268e7990
image,#hash_52707115268e8575
image,#hash_52707015268e83c2
image,#hash_52706f15268e820f
image,#hash_52706e15268e805c
image,#hash_52707515268e8c41
image,#hash_52707415268e8a8e
image,#hash_527373152690beb2
image,#hash_527374152690c065
image,#hash_527371152690bb4c
image,#hash_527372152690bcff
image,#hash_52736f152690b7e6
image,#hash_527370152690b999
image,#hash_52736d152690b480
image,#hash_52736e152690b633
image,#hash_52737b152690cc4a
image,#hash_52737c152690cdfd
image,#hash_5276f9152693d83b
image,#hash_5276f8152693d688
image,#hash_5276fb152693dba1
image,#hash_5276fa152693d9ee
image,#hash_5276fd152693df07
image,#hash_5276fc152693dd54
image,#hash_5276ff152693e26d
image,#hash_5276fe152693e0ba
image,#hash_5276f1152693caa3
image,#hash_5276f0152693c8f0
image,#hash_52956f1526ad9e4c
image,#hash_5295701526ad9fff
image,#hash_5295711526ada1b2
image,#hash_5295721526ada365
image,#hash_52956b1526ad9780
image,#hash_52956c1526ad9933
image,#hash_52956d1526ad9ae6
image,#hash_52956e1526ad9c99
image,#hash_5295771526adabe4
image,#hash_5295781526adad97
image,#hash_5298f51526b0b7d5
image,#hash_5298f41526b0b622
image,#hash_5298f31526b0b46f
image,#hash_5298f21526b0b2bc
image,#hash_5298f11526b0b109
image,#hash_5298f01526b0af56
image,#hash_5298ef1526b0ada3
image,#hash_5298ee1526b0abf0
image,#hash_5298fd1526b0c56d
image,#hash_5298fc1526b0c3ba
image,#hash_462e1ff097c18567
image,#hash_462e1ef097c183b4
image,#hash_462e21f097c188cd
image,#hash_462e20f097c1871a
image,#hash_462e1bf097c17e9b
image,#hash_462e1af097c17ce8
image,#hash_462e1df097c18201
image,#hash_462e1cf097c1804e
image,#hash_462e17f097c177cf
image,#hash_462e16f097c1761c
image,#hash_462a99f097be6bde
image,#hash_462a9af097be6d91
image,#hash_462a97f097be6878
image,#hash_462a98f097be6a2b
image,#hash_462a9df097be72aa
image,#hash_462a9ef097be745d
image,#hash_462a9bf097be6f44
image,#hash_462a9cf097be70f7
image,#hash_462a91f097be5e46
image,#hash_462a92f097be5ff9
image,#hash_462713f097bb5255
image,#hash_462712f097bb50a2
image,#hash_462711f097bb4eef
image,#hash_462710f097bb4d3c
image,#hash_46270ff097bb4b89
image,#hash_46270ef097bb49d6
image,#hash_46270df097bb4823
image,#hash_46270cf097bb4670
image,#hash_46271bf097bb5fed
image,#hash_46271af097bb5e3a
image,#hash_46238df097b838cc
image,#hash_46238ef097b83a7f
image,#hash_46238ff097b83c32
image,#hash_462390f097b83de5
image,#hash_462389f097b83200
image,#hash_46238af097b833b3
image,#hash_46238bf097b83566
image,#hash_46238cf097b83719
image,#hash_462395f097b84664
image,#hash_462396f097b84817
image,#hash_462087f097b5f8c3
image,#hash_462086f097b5f710
image,#hash_462089f097b5fc29
image,#hash_462088f097b5fa76
image,#hash_46208bf097b5ff8f
image,#hash_46208af097b5fddc
image,#hash_46208df097b602f5
image,#hash_46208cf097b60142
image,#hash_46208ff097b6065b
image,#hash_46208ef097b604a8
image,#hash_461d21f097b3159a
image,#hash_461d22f097b3174d
image,#hash_461d1ff097b31234
image,#hash_461d20f097b313e7
image,#hash_461d1df097b30ece
image,#hash_461d1ef097b31081
image,#hash_461d1bf097b30b68
image,#hash_461d1cf097b30d1b
image,#hash_461d19f097b30802
image,#hash_461d1af097b309b5
image,#hash_46199bf097affc11
image,#hash_46199af097affa5e
image,#hash_461999f097aff8ab
image,#hash_461998f097aff6f8
image,#hash_46199ff097b002dd
image,#hash_46199ef097b0012a
image,#hash_46199df097afff77
image,#hash_46199cf097affdc4
image,#hash_461993f097afee79
image,#hash_461992f097afecc6
image,#hash_461615f097ace288
image,#hash_461616f097ace43b
image,#hash_461617f097ace5ee
image,#hash_461618f097ace7a1
image,#hash_461619f097ace954
image,#hash_46161af097aceb07
image,#hash_46161bf097acecba
image,#hash_25ed33693897f57c
image,#hash_25ed34693897f72f
image,#hash_4b5f62a6bd71a63
image,#hash_3838ea4066ebf586
image,#hash_20e8c695eff106c9
image,#hash_62578f8bb498aa54
image,#hash_1c465eb328163149
image,#hash_36947f57e4163cf6
image,#hash_50035f0e58878d83
image,#hash_58b41a168fbb38e8
image,#hash_36e3013b961651
image,#hash_4314d4bacb9fec36
image,#hash_2df6c90aa07ab0cd
image,#hash_2b3b7e89804eb13c
image,#hash_39385f8c63f3ee89
image,#hash_7b434a7d76357ada
image,#hash_608b71b1868e60cb
image,#hash_699eedf98b6c7a94
image,#hash_6e02253b3cacf5d7
image,#hash_3c286c61f21dddfe
image,#hash_2a12fae3f8cef40
image,#hash_2a130ae3f8cf0f3
image,#hash_2a131ae3f8cf2a6
image,#hash_78959c3ac755c1b4
image,#precomputed_sky_illumination_dc
image,#precomputed_sky_illumination_y
image,#precomputed_sky_illumination_h
image,#precomputed_sky_illumination_xz
lighting,#maps/mp/mp_silo.d3dbsp
xanim,#p7_fxanim_gp_wire_sparking_ground_01_anim
xanim,#p7_fxanim_gp_wire_sparking_med_thick_s1_anim
xanim,#hash_758d0bfc0cbb93d5
xmodel,#hash_65f81ae142b8267
xmodel,#p8_ice_liquid_storage_tank_base
xmodel,#hash_1831708162e20faf
xmodel,#p8_ice_icbm_warhead_frame
xmodel,#p8_ice_gas_console_lrg
xmodel,#p8_ice_icbm_stage1_frame
xmodel,#hash_4ff3512ad068d1d7
xmodel,#hash_50d1de5021443b6b
xmodel,#p8_ice_liquid_storage_tank_vertical_01_guard
fx,#hash_374b01af8371a62
fx,#hash_3788f1af83acb26
fx,#hash_3b2951af86c4d9f
fx,#hash_20f65c3826081e75
fx,#hash_2bca709c8045932b
fx,#hash_3aa84827bcc7b7f9
fx,#hash_6c639b50324593ef
fx,#hash_7de1c86090e5715d
scriptbundle,#p8_fxanim_mp_silo_sign_post_04_bundle
scriptbundle,#p8_fxanim_mp_silo_sign_post_02_bundle
scriptbundle,#p8_fxanim_mp_silo_sign_post_01_bundle
scriptbundle,#p8_fxanim_mp_silo_sign_post_03_bundle
scriptbundle,#p8_fxanim_mp_silo_satelite_01_bundle
destructibledef,#hash_6ba61da1ac699ce
destructibledef,#destructible_veh_t8_civ_forklift_manned_forklift_dirty_yellow
destructibledef,#hash_2fef1112c810959b
xmodel,#hash_551986c1e5e11e80
xmodel,#p8_fxanim_mp_silo_missle_deploy_mod
fx,#hash_6dc1e81600b4c7d7
scriptbundle,#p8_fxanim_mp_silo_helicopter_crash_bundle
scriptbundle,#p8_fxanim_gp_wire_sparking_ground_01_bundle
scriptbundle,#p7_fxanim_gp_wire_sparking_med_thick_sbundle
image,#hash_7a2b772e4c99fcf4
image,#*cookie_array
image,#vdreveal
gfx_map,#maps/mp/mp_silo.d3dbsp
scriptbundle,#p8_fxanim_mp_silo_missle_deploy_bundle
staticlevelfxlist,#maps/mp/mp_silo.d3dbsp
entitylist,#maps/mp/mp_silo.d3dbsp
col_map,#maps/mp/mp_silo.d3dbsp
