type,name
streamerworld,#hash_118a5d7f55996c4d
physpreset,#hash_8e5ab17b8353d20
physpreset,#water_cooler_bottle
physpreset,#can_small
physpreset,d#metal_tray
physpreset,#p7_debris_trash_cup_red_02
physpreset,d#hash_2dde11734bce6259
physpreset,#helmet
physpreset,#p7_brick_worn_painted_white_01
physpreset,#wood_chunk
physpreset,#treasure_coin
physpreset,#debris_chunk_light
physpreset,#p7_debris_trash_snack_bag_06
physpreset,#p7_debris_trash_snack_bag_07
physpreset,#p7_debris_trash_snack_bag_02
physpreset,#p7_debris_trash_snack_bag_03
physpreset,#p7_debris_trash_cup_coffee_02
physpreset,#p7_debris_trash_paper_plate_01
physpreset,#p7_cigarette_pack
physpreset,#trash_paper
physpreset,d#default
physpreset,#veh_t7_citycar_mirror_physpreset
physpreset,d#hash_7f10d2bf08c8cb38
physconstraints,#hash_17eeb2ce3e0811c
physconstraints,#physcon_t7_civ_car_compact_seat_hinge_r_pc
physconstraints,#veh_t7_door_r_rear_hinge_pc
physconstraints,#veh_t7_door_l_rear_hinge_pc
physconstraints,#hash_2655236f0ef876e7
physconstraints,#hash_2a7476fa9e80f78c
physconstraints,#veh_t7_door_l_front_hinge_pc
physconstraints,#physcon_t7_civ_car_compact_seat_hinge_l_pc
physconstraints,#hash_3300eb4895d911d7
physconstraints,#hash_3330cf4896020605
physconstraints,d#hash_3dc6174bbfc0ab3b
physconstraints,d#hash_402ab258a825d477
physconstraints,#hash_41fa9b104c42337f
physconstraints,#hash_4a6cbcf01931b6cb
physconstraints,#hash_57a376b93726c748
physconstraints,#veh_t7_door_r_front_hinge_pc
physconstraints,#hash_5ac5322264127716
physconstraints,#hash_64c3ce1d1b1cbef5
physconstraints,#hash_66e387038a8b3063
physconstraints,#citycar_launch_license
physconstraints,#hash_71b9066a97244996
physconstraints,#veh_t7_trunk_hinge_pc
physconstraints,#hash_7d2785742dca72a2
xanim,#hash_273495719efdc54
xanim,#hash_74cc9c28b0f8569
xanim,#pb_rifle_endgame_2ndplace_idle
xanim,#hash_ed338a160597c69
xanim,#hash_12bed01cda085a1e
xanim,#pb_rifle_endgame_3rdplace_idle
xanim,#hash_17dd3bf518e65877
xanim,#hash_17dd41f518e662a9
xanim,#hash_17eb3bf518f295d3
xanim,#hash_17eb59f518f2c8cd
xanim,#p7_fxanim_gp_lamp_hanging_sin_lamppost_02_idle_anim
xanim,#hash_4bc6900b3355a8cd
xanim,#p7_fxanim_gp_vent_roof_fast_anim
xanim,#pb_rifle_endgame_1stplace_idle
xanim,#hash_5648e6a0b514cb07
xanim,#p7_fxanim_gp_vent_roof_wobble_anim
xanim,#o_veh_t7_civ_sedan_midsize_police_explode
xanim,#p7_fxanim_gp_vent_roof_slow_anim
xanim,#hash_7b79fb44c02e5dc7
xanim,#hash_7d793ebdf8267965
xmodelmesh,#hash_185abb56e8585b
xmodelmesh,#hash_2750b0282cc303
xmodelmesh,#hash_286768781d74d8
xmodelmesh,#hash_2e464ee3f37f8b
xmodelmesh,#hash_381799701bb217
xmodelmesh,#hash_38c1cb66eeb038
xmodelmesh,#hash_4f70d05667e219
xmodelmesh,#hash_530b2b8abbf1f9
xmodelmesh,#hash_6bd0e74054ff65
xmodelmesh,#hash_85924968f31492
xmodelmesh,#hash_91d301204d6a97
xmodelmesh,#hash_98356df7180e6c
xmodelmesh,#hash_9b9eff17cb1d17
xmodelmesh,#hash_a1e8c71fbadde8
xmodelmesh,#hash_a2076194d7bf84
xmodelmesh,#hash_a472be2a5a62e8
xmodelmesh,#hash_b928635adc8c03
xmodelmesh,#hash_b9636f20befe24
xmodelmesh,#hash_be882ede559b21
xmodelmesh,#hash_beb0fbdc0cb06a
xmodelmesh,#hash_d7d863881f5afa
xmodelmesh,#hash_de01cfdb297681
xmodelmesh,#hash_e5d0f13ae56708
xmodelmesh,#hash_f16968a1e21a39
xmodelmesh,#hash_1050050a4349fbb
xmodelmesh,#hash_105ae17afaec36c
xmodelmesh,#hash_106982ca6c2fb68
xmodelmesh,#hash_1074f0f342a3db3
xmodelmesh,#hash_10c68ec25e841a3
xmodelmesh,#hash_117ee0ab966a7ba
xmodelmesh,#hash_12f23d4de7ef449
xmodelmesh,#hash_13686b9227292ae
xmodelmesh,#hash_13955e6ab54fe93
xmodelmesh,#hash_141ddba8b799f94
xmodelmesh,#hash_15c4b649ebb40e1
xmodelmesh,#hash_16b1d2acdcaf91e
xmodelmesh,#hash_182d5b1ae2e14c4
xmodelmesh,#hash_1832d3eebec5f73
xmodelmesh,#hash_192006f17506423
xmodelmesh,#hash_198adb815566652
xmodelmesh,#hash_1a27fd086e5caa0
xmodelmesh,#hash_1a8008dcd9ee884
xmodelmesh,#hash_1a8fd9edae05c36
xmodelmesh,d#hash_1b06ee47031454f
xmodelmesh,#hash_1b1a60aab539bef
xmodelmesh,#hash_1b715fb1ff29be4
xmodelmesh,#hash_1c5eb234035ccc5
xmodelmesh,#hash_1d3901106ee8d91
xmodelmesh,#hash_1d3b988ff39c213
xmodelmesh,#hash_1dc9c12ca90d1cc
xmodelmesh,#hash_1df9732891c613a
xmodelmesh,#hash_1f10342d665aa71
xmodelmesh,#hash_204dd0fc5c5b76a
xmodelmesh,#hash_207ffce1e6a131b
xmodelmesh,#hash_20b57abfc33a902
xmodelmesh,#hash_212c191cde7d834
xmodelmesh,#hash_219505cae4da0b1
xmodelmesh,#hash_21cd5439ff5e216
xmodelmesh,#hash_2240a50c93f5237
xmodelmesh,#hash_22d39bbfb303b19
xmodelmesh,#hash_23161da7722aaba
xmodelmesh,#hash_23a06d0a6d8f77a
xmodelmesh,#hash_23b5e5af2652277
xmodelmesh,#hash_2489e3cab25f7bb
xmodelmesh,#hash_24a2bc6d2cf9f02
xmodelmesh,#hash_25416102c64c339
xmodelmesh,#hash_25576ae4cdbc1b4
xmodelmesh,#hash_258bfb9eb0a0945
xmodelmesh,#hash_272f4629f4951be
xmodelmesh,#hash_27e4a81d6e2760a
xmodelmesh,#hash_27f5c1ae9bd1f1c
xmodelmesh,#hash_2814911de37ee1e
xmodelmesh,#hash_282effbd4343f24
xmodelmesh,#hash_28c4d3df57371b1
xmodelmesh,#hash_2917f21540dc677
xmodelmesh,#hash_295809dff551b2b
xmodelmesh,#hash_29bffe64478c643
xmodelmesh,#hash_2b0eeb5b5a8d316
xmodelmesh,#hash_2b305797512cdec
xmodelmesh,#hash_2c3c831d237a08c
xmodelmesh,#hash_2c83c39c4b0cf89
xmodelmesh,#hash_2cb41aa6d5a68b4
xmodelmesh,#hash_2d58adec3b1cd3c
xmodelmesh,#hash_2ecabc55122f421
xmodelmesh,#hash_2ee00ab66919d77
xmodelmesh,#hash_2efefa569e63a98
xmodelmesh,#hash_2f3255a8d3988e6
xmodelmesh,#hash_2fabdbe6fa9715d
xmodelmesh,#hash_307ed2e4f389e20
xmodelmesh,#hash_30847faa8b6093a
xmodelmesh,d#hash_30ef18ff8c82600
xmodelmesh,#hash_313a79fbe107ada
xmodelmesh,#hash_329f330ae5410a8
xmodelmesh,#hash_32b3f00b54a119c
xmodelmesh,#hash_32e111905ef7b76
xmodelmesh,#hash_3394c75acdc8e52
xmodelmesh,#hash_33b14d582a1ac88
xmodelmesh,#hash_340ccd066436241
xmodelmesh,#hash_347c9652256b37b
xmodelmesh,#hash_34c239bf3b19049
xmodelmesh,#hash_34c4e4bbdf3c8eb
xmodelmesh,#hash_35872b00cdaa656
xmodelmesh,#hash_359ae3b09319e90
xmodelmesh,#hash_35abffe2161fefa
xmodelmesh,#hash_36f35b01b6b3b2f
xmodelmesh,#hash_372343a5c73f950
xmodelmesh,#hash_37c85a763b3095d
xmodelmesh,#hash_38eac4bee9dec90
xmodelmesh,#hash_3911aa97177040d
xmodelmesh,#hash_3a131e6e5e0bef7
xmodelmesh,#hash_3a4416af021042c
xmodelmesh,#hash_3ab20e4b20ee599
xmodelmesh,#hash_3aec197b9da76e3
xmodelmesh,#hash_3aef07a22a99ff3
xmodelmesh,d#hash_3c2404fdaf32d1f
xmodelmesh,#hash_3ca4e115ee9422b
xmodelmesh,#hash_3cf7aee9ebfbdfe
xmodelmesh,d#hash_3fdf580c60b7f12
xmodelmesh,#hash_3ffd7c9d6195c1f
xmodelmesh,#hash_402112d27d2986f
xmodelmesh,#hash_40843038eba7fd1
xmodelmesh,#hash_4176196966e7c85
xmodelmesh,#hash_41b304ed44613f9
xmodelmesh,#hash_42fcaa6b83d9726
xmodelmesh,#hash_43374b9ca16ecd2
xmodelmesh,d#hash_43cd8d7d5a54c9a
xmodelmesh,#hash_449ce102e49db68
xmodelmesh,#hash_44f1bfe3b02e768
xmodelmesh,#hash_4529fc754cf818e
xmodelmesh,#hash_4552b2f5253bc91
xmodelmesh,#hash_455d3893b40108c
xmodelmesh,#hash_45c72b73cc23e83
xmodelmesh,#hash_46e8252e32c842f
xmodelmesh,#hash_470b7bc4214b9f5
xmodelmesh,#hash_473648ccda771d6
xmodelmesh,#hash_473ee8d67c79741
xmodelmesh,#hash_47ba1e71fc93969
xmodelmesh,#hash_481131afac4ddd0
xmodelmesh,#hash_48a8e6251bd7346
xmodelmesh,#hash_4979b95144d2536
xmodelmesh,#hash_4a3eebb994cea7b
xmodelmesh,#hash_4b651fbdfbce382
xmodelmesh,d#hash_4bcd53353a7ad72
xmodelmesh,#hash_4c01d28c7a8c030
xmodelmesh,#hash_4c384be66a69419
xmodelmesh,#hash_4c4caa33c826c71
xmodelmesh,#hash_4d7fecfa31b3777
xmodelmesh,#hash_4dedfbb535cfe8e
xmodelmesh,#hash_4dfd1425211380d
xmodelmesh,d#hash_4f641f38c10e36e
xmodelmesh,#hash_4f79a4b4b40df86
xmodelmesh,#hash_4f8a92d0c32db5d
xmodelmesh,#hash_504f207ad6dffaf
xmodelmesh,#hash_5124f1af9ee65b0
xmodelmesh,#hash_514827f9cd9c489
xmodelmesh,#hash_51a77da5368dba3
xmodelmesh,#hash_51acef911659a8a
xmodelmesh,#hash_52fce80b4bf6d70
xmodelmesh,#hash_537681be9177cd7
xmodelmesh,#hash_5418a5aed9be5d5
xmodelmesh,#hash_544d62b0ef0ce49
xmodelmesh,#hash_55fa92d54d7e19c
xmodelmesh,#hash_5697373d2f37a14
xmodelmesh,#hash_57dd2018e3f972a
xmodelmesh,#hash_581e9d285cf41f1
xmodelmesh,#hash_583b5b1ec5aeeb9
xmodelmesh,#hash_588dc8dab2e2dc5
xmodelmesh,#hash_58a65c7211a4a63
xmodelmesh,#hash_5b08924071d9908
xmodelmesh,#hash_5b65a10d08f5211
xmodelmesh,#hash_5b68ca7179ba032
xmodelmesh,#hash_5bda998bac1985c
xmodelmesh,#hash_5c32b03292fb560
xmodelmesh,#hash_5cb5bf624be0177
xmodelmesh,#hash_5dac72b0bbd3f85
xmodelmesh,#hash_5e0c3e382d87bc4
xmodelmesh,#hash_5f88ae44e9f2778
xmodelmesh,#hash_602ec8990c26369
xmodelmesh,#hash_604773967ff6567
xmodelmesh,#hash_60d846c667143b1
xmodelmesh,#hash_6101f88af4d2d54
xmodelmesh,#hash_613ccc0eb0283bd
xmodelmesh,#hash_615b5484d684ed3
xmodelmesh,#hash_61619f4e720b461
xmodelmesh,#hash_617a8f60d20a95e
xmodelmesh,#hash_6217b3b988c13ce
xmodelmesh,#hash_622eaf87c6058ed
xmodelmesh,#hash_62b2490a2d7c9ca
xmodelmesh,#hash_632dd94742d203c
xmodelmesh,#hash_64b92960ce5c70a
xmodelmesh,#hash_64c2e2378af4a06
xmodelmesh,d#hash_64d7834ccdcbce9
xmodelmesh,#hash_654861f82518b65
xmodelmesh,#hash_6612e9f12c13dc8
xmodelmesh,#hash_66fc829e2254c68
xmodelmesh,#hash_670d05b6a5802cb
xmodelmesh,#hash_673f94d8175c033
xmodelmesh,#hash_684c724302f58ea
xmodelmesh,#hash_6853d269c4fd975
xmodelmesh,#hash_689203333a98641
xmodelmesh,#hash_68a94f1df640452
xmodelmesh,#hash_68b0fb98f4518dc
xmodelmesh,#hash_695cdab3fac6b9e
xmodelmesh,#hash_69cafac47ffecad
xmodelmesh,#hash_6aa839cd50fcd3b
xmodelmesh,#hash_6b511c7109e503c
xmodelmesh,#hash_6c012e18ebefef5
xmodelmesh,#hash_6d5886003d815ce
xmodelmesh,#hash_6ea35a8a6770243
xmodelmesh,#hash_6ea7724a4b8ceb2
xmodelmesh,#hash_6eff65dafd301fd
xmodelmesh,#hash_6f1ab4bd11ceade
xmodelmesh,#hash_6f221779aa4ae93
xmodelmesh,#hash_6fae5d1b58c0275
xmodelmesh,#hash_7000855e17a17b9
xmodelmesh,#hash_70371dec6af69f7
xmodelmesh,#hash_716b9c339e1f353
xmodelmesh,#hash_718eaddf7ded608
xmodelmesh,#hash_71da6a6ac33d7ad
xmodelmesh,#hash_734faaa4715699a
xmodelmesh,#hash_736ff21be4d3dd3
xmodelmesh,#hash_73934684e41c625
xmodelmesh,#hash_73df787c9ff22c3
xmodelmesh,#hash_74811021fb5bc41
xmodelmesh,#hash_74bc98a9dff3e1d
xmodelmesh,#hash_74f98294c0da6a2
xmodelmesh,#hash_768c26d35ef8047
xmodelmesh,#hash_76d216401343573
xmodelmesh,#hash_76e38f4e2bc24d0
xmodelmesh,#hash_77b24cd4cb6e93e
xmodelmesh,#hash_77e2dbb769bf0c4
xmodelmesh,#hash_7981550e2451763
xmodelmesh,d#hash_79e4331396c482b
xmodelmesh,#hash_7ae8b799679bf87
xmodelmesh,d#hash_7b2c0c3fe162245
xmodelmesh,#hash_7b3c55ac83a05fd
xmodelmesh,#hash_7c4659d31cd2a4a
xmodelmesh,#hash_7cbfc90ab411b05
xmodelmesh,#hash_7cd767df62a7848
xmodelmesh,#hash_7d1e6abb356c7cf
xmodelmesh,#hash_7dbb0dc77c7666a
xmodelmesh,#hash_7f14a794f1fd284
xmodelmesh,#hash_7f9275780b8a971
xmodelmesh,#hash_7fac6269898d2ea
xmodelmesh,d#hash_7fbf0566fc46b76
xmodelmesh,#hash_80f8161e903d91d
xmodelmesh,#hash_80fd00e62804874
xmodelmesh,#hash_81007e020148008
xmodelmesh,#hash_817a7269693d27c
xmodelmesh,#hash_81878efd4d95262
xmodelmesh,#hash_81bbbeadd9c7951
xmodelmesh,#hash_8290576ea308ff7
xmodelmesh,#hash_82f45bd4753c8a1
xmodelmesh,#hash_830fe529b98ba09
xmodelmesh,#hash_8312160b6d0f8f1
xmodelmesh,#hash_849703d2b16dbe3
xmodelmesh,#hash_858f78aaf0628b9
xmodelmesh,#hash_8613cc7fbe7f7bc
xmodelmesh,#hash_866f30e25d9bba6
xmodelmesh,#hash_86790169e4e6384
xmodelmesh,#hash_875e2d1ac88630c
xmodelmesh,#hash_877017e711018e8
xmodelmesh,#hash_87ea6aa46b8a443
xmodelmesh,#hash_8825772e5ba5b52
xmodelmesh,#hash_884787b62200f8c
xmodelmesh,#hash_8854076433ca5ea
xmodelmesh,d#hash_886fbc605a0f358
xmodelmesh,#hash_8917b6c38fe1b74
xmodelmesh,#hash_8969f62d62aaa08
xmodelmesh,#hash_896afeb12529e44
xmodelmesh,#hash_89cf2b7a0b61633
xmodelmesh,#hash_8a01bbe3fabd345
xmodelmesh,#hash_8a1e8bd8ad64759
xmodelmesh,#hash_8a51c3d67641b99
xmodelmesh,#hash_8ac738f4e52238f
xmodelmesh,#hash_8b320f0dd000fae
xmodelmesh,#hash_8b83e555d5a54e8
xmodelmesh,#hash_8c4ba6dd5e69903
xmodelmesh,#hash_8c80d9bcd4c09c8
xmodelmesh,#hash_8d18f7e63839fec
xmodelmesh,#hash_8d659ce4a660e32
xmodelmesh,#hash_8ddec4fcdae7bdf
xmodelmesh,#hash_8e8f109080b77f6
xmodelmesh,#hash_8e9eb0f6fb678c9
xmodelmesh,d#hash_8f59edb781e5514
xmodelmesh,#hash_9012754e7238c65
xmodelmesh,#hash_906149fbd2bc85f
xmodelmesh,#hash_90b5882dde1bdbb
xmodelmesh,#hash_90b5d1d7915e2d7
xmodelmesh,#hash_90f3e7c762c87df
xmodelmesh,#hash_91ac5c81334c444
xmodelmesh,#hash_9262c16873fa655
xmodelmesh,#hash_932f1922f827a37
xmodelmesh,#hash_9384741f3cf0514
xmodelmesh,d#hash_94d5cbd778b4f8a
xmodelmesh,#hash_951b12ef5e99efe
xmodelmesh,#hash_954b68935835378
xmodelmesh,#hash_961f39187d914da
xmodelmesh,#hash_96395ef0edb244e
xmodelmesh,#hash_982b2cef1541400
xmodelmesh,#hash_986c8ee54204e7a
xmodelmesh,#hash_98baef9e3a47c50
xmodelmesh,#hash_9aa261355b04cf0
xmodelmesh,#hash_9abf2bb1afc0585
xmodelmesh,#hash_9b11555a93e3546
xmodelmesh,#hash_9be519589bcb22c
xmodelmesh,#hash_9bffe1057cbb92e
xmodelmesh,#hash_9c86e8b0551acee
xmodelmesh,#hash_9ea56a9158715a9
xmodelmesh,#hash_a0090707cc7900c
xmodelmesh,#hash_a0ba62bfca90a13
xmodelmesh,#hash_a0e31aafcb69ebb
xmodelmesh,#hash_a1cbde758c6ff60
xmodelmesh,#hash_a2e502d2b0fffd1
xmodelmesh,#hash_a2f7620ba36ca5f
xmodelmesh,#hash_a3b6c75f0049d54
xmodelmesh,#hash_a3ee8f4a3b7b1fc
xmodelmesh,#hash_a4aac91517eed7a
xmodelmesh,#hash_a4e279ad68f01b8
xmodelmesh,#hash_a51d6650fc412b0
xmodelmesh,#hash_a57eb79547c95bb
xmodelmesh,#hash_a618971fb22b0a2
xmodelmesh,#hash_a6755a2e5a6d786
xmodelmesh,#hash_a67995308873d2b
xmodelmesh,#hash_a6b8ed2513632e9
xmodelmesh,#hash_a749f95bb7de7ac
xmodelmesh,#hash_a827c9cf15a82b6
xmodelmesh,#hash_a875ae232e579eb
xmodelmesh,#hash_aa8b575ce676b38
xmodelmesh,#hash_aab3c3ddb5eecbb
xmodelmesh,#hash_ac4d4708576c6f2
xmodelmesh,#hash_ad0f6e67dfd5e46
xmodelmesh,#hash_add3f6cb5179fff
xmodelmesh,#hash_ae36fd608cf8539
xmodelmesh,#hash_ae4f6cab7c78da1
xmodelmesh,#hash_aec6b49189437e8
xmodelmesh,#hash_af71f38c34e8f35
xmodelmesh,#hash_b10b48da3cd6899
xmodelmesh,#hash_b1aec4d5e7e3380
xmodelmesh,#hash_b218c4d6805176f
xmodelmesh,#hash_b31a6b7ee263a0e
xmodelmesh,#hash_b4624e9e324caa3
xmodelmesh,#hash_b5cc3557186ec72
xmodelmesh,#hash_b5df323d6dd4630
xmodelmesh,#hash_b5f2891c0152c2e
xmodelmesh,#hash_b67916ab447886a
xmodelmesh,#hash_b69b4066cbbbd92
xmodelmesh,d#hash_b909c8c87f4edee
xmodelmesh,#hash_b9e865734ff198a
xmodelmesh,#hash_ba596550b933098
xmodelmesh,#hash_badeccfcedbd0e4
xmodelmesh,#hash_bb62203ef445701
xmodelmesh,#hash_bbfb4edcd4fedfe
xmodelmesh,#hash_bd93d733b901730
xmodelmesh,#hash_be04ff5a1ff1142
xmodelmesh,#hash_be7f545119bb54c
xmodelmesh,#hash_bece4f8255ff6a4
xmodelmesh,#hash_bf673190ec90f1f
xmodelmesh,#hash_bf81f7acab6b81c
xmodelmesh,#hash_bf8c05a130a66e9
xmodelmesh,#hash_bfbc66ee7fdddcd
xmodelmesh,#hash_c12fa01718d98ed
xmodelmesh,#hash_c162fb6edfadec7
xmodelmesh,#hash_c209a959a11655c
xmodelmesh,#hash_c27edfd4c2018fc
xmodelmesh,#hash_c2ec8155cac2b5d
xmodelmesh,#hash_c31091171f71dbb
xmodelmesh,#hash_c315ea9a68d1f60
xmodelmesh,#hash_c35f96c0787a2ef
xmodelmesh,#hash_c3ead8ba920a76f
xmodelmesh,#hash_c50ced09ce67ca3
xmodelmesh,d#hash_c51908c6055708c
xmodelmesh,#hash_c5ac93d9ac1a83e
xmodelmesh,#hash_c5e8402b38091d3
xmodelmesh,#hash_c611c38b297108b
xmodelmesh,#hash_c62d163f92663d3
xmodelmesh,#hash_c65f33c43abdd8a
xmodelmesh,#hash_c6d810b2be78922
xmodelmesh,#hash_c71532864341776
xmodelmesh,#hash_c8054c3a2d26810
xmodelmesh,#hash_c99e0942dc449a3
xmodelmesh,#hash_c9db3f4a7922293
xmodelmesh,#hash_ca13546487f3e36
xmodelmesh,#hash_ca1caced4231afa
xmodelmesh,#hash_ca4d1ed02103aee
xmodelmesh,#hash_ca6b07a5e5a27f8
xmodelmesh,#hash_ca885892e2b538d
xmodelmesh,#hash_cab380363e83017
xmodelmesh,d#hash_cab57da6706fc66
xmodelmesh,d#hash_cab9176e393a521
xmodelmesh,#hash_cb342d8a9ce9609
xmodelmesh,#hash_cb3bb6a737ec005
xmodelmesh,#hash_cc9768424f869ff
xmodelmesh,#hash_cce56901f6a9ee3
xmodelmesh,#hash_cd878af52655d39
xmodelmesh,#hash_cdaa4f4867bff0e
xmodelmesh,#hash_cf45eec0c9532af
xmodelmesh,#hash_cfeb319b70df53a
xmodelmesh,#hash_d00d25976d07554
xmodelmesh,#hash_d0e3b15d35b7a9a
xmodelmesh,#hash_d1023b67332536c
xmodelmesh,#hash_d1bdbc466835e61
xmodelmesh,#hash_d225af54194ea91
xmodelmesh,#hash_d2af3f977468f07
xmodelmesh,#hash_d3dfcdb9d68399f
xmodelmesh,#hash_d3e9b05f54fd788
xmodelmesh,#hash_d445a624d0bf7c5
xmodelmesh,d#hash_d45c35b3f8a56c7
xmodelmesh,#hash_d4e420ba6207b03
xmodelmesh,#hash_d58009a3ac16e4e
xmodelmesh,#hash_d5cac3491d688bf
xmodelmesh,#hash_d60cdbe6d8963f2
xmodelmesh,#hash_d6bff547b4eb236
xmodelmesh,#hash_d72b786226e98df
xmodelmesh,#hash_d75771ca355ea78
xmodelmesh,#hash_d7a337b258ff5d7
xmodelmesh,#hash_d8058bfdfcae859
xmodelmesh,#hash_d854642ee2b51a5
xmodelmesh,#hash_d873472ac5e912c
xmodelmesh,#hash_d887563e44d3953
xmodelmesh,#hash_d90dac11acd3951
xmodelmesh,#hash_d9618c88ca2c9fa
xmodelmesh,#hash_d96646333415b61
xmodelmesh,d#hash_da0474e9d632cee
xmodelmesh,#hash_da38740f4d345aa
xmodelmesh,#hash_da8a0edb0ad53d8
xmodelmesh,#hash_db06d82ac67f306
xmodelmesh,#hash_db63334c924c3bd
xmodelmesh,#hash_db7f0b63db5da0c
xmodelmesh,#hash_dc7ffe3d9e272c9
xmodelmesh,#hash_dc82b59b256eece
xmodelmesh,#hash_ddb794d36889d2d
xmodelmesh,#hash_ddd905460452e60
xmodelmesh,#hash_dec128bb0d1a7a3
xmodelmesh,#hash_dfe891799232837
xmodelmesh,#hash_e058bcead7fa7dd
xmodelmesh,#hash_e0a12073baaf313
xmodelmesh,#hash_e148eb0498c9878
xmodelmesh,#hash_e30e69d5880d690
xmodelmesh,#hash_e503875793ff2c9
xmodelmesh,#hash_e50ffb1faf55c42
xmodelmesh,#hash_e5b8e224afc0a63
xmodelmesh,#hash_e6365bb0adb4275
xmodelmesh,#hash_e87650204f44cac
xmodelmesh,#hash_e90b216a0617501
xmodelmesh,#hash_ea1887f8d76448d
xmodelmesh,#hash_ea49705cf847344
xmodelmesh,#hash_ea519d2ffc0e348
xmodelmesh,#hash_ea6ab99cdfc562d
xmodelmesh,#hash_eb35b540f192490
xmodelmesh,#hash_ebe5ef58a7a0f44
xmodelmesh,#hash_ec4548c90197eca
xmodelmesh,#hash_ed11efc841eaa2b
xmodelmesh,#hash_ed4a6324ac20589
xmodelmesh,#hash_ed7423537960d91
xmodelmesh,#hash_ee6f78bcd778048
xmodelmesh,#hash_ee7127a57b5a1fa
xmodelmesh,#hash_ee8a3b37821707a
xmodelmesh,#hash_eec93f53b0c1859
xmodelmesh,#hash_efc5a30d69557f5
xmodelmesh,#hash_eff564db71d0143
xmodelmesh,#hash_f0981b4fc3e241a
xmodelmesh,#hash_f1ff79694480da8
xmodelmesh,#hash_f2a096e1f78604c
xmodelmesh,#hash_f402fe0c3ae3fdb
xmodelmesh,#hash_f4978ac2b446529
xmodelmesh,#hash_f4bda6a1c740cce
xmodelmesh,#hash_f53b2dc89ed145f
xmodelmesh,#hash_f55669a57dd668f
xmodelmesh,#hash_f5ba29bc41f1a79
xmodelmesh,#hash_f5c4fe01a012307
xmodelmesh,#hash_f5ca941ebe6babc
xmodelmesh,#hash_f5f0e8d3e52ceaa
xmodelmesh,#hash_f610e138563e71b
xmodelmesh,#hash_f6183339ca01b58
xmodelmesh,#hash_f62c9c9e99f5d68
xmodelmesh,#hash_f70096a5fa5e79f
xmodelmesh,#hash_f7373c09023b6bd
xmodelmesh,#hash_f7eb36ec7a5eb59
xmodelmesh,#hash_f859a976b51ba31
xmodelmesh,d#hash_f8bebe546a3a364
xmodelmesh,#hash_f90d3c12c84162b
xmodelmesh,#hash_f92df82ae4c9f3a
xmodelmesh,#hash_f9a8b978f686237
xmodelmesh,d#hash_f9ef2faeeb18edf
xmodelmesh,#hash_fa8dc3eb37a19c3
xmodelmesh,#hash_fade1843cdd8ad0
xmodelmesh,#hash_fc538959c2bf6d1
xmodelmesh,#hash_fc8d9a4b5b87f50
xmodelmesh,#hash_fcf73eb545a1535
xmodelmesh,d#hash_fd0d6b6d5f73b0f
xmodelmesh,#hash_fd71672d8bda2e9
xmodelmesh,#hash_fe1506f752f65c1
xmodelmesh,#hash_fe1b36faac9ab0b
xmodelmesh,#hash_ff82f3dd1709b39
xmodelmesh,#hash_ffa0ea462120af3
xmodelmesh,#hash_100a62b8a38ead4e
xmodelmesh,#hash_100c3905a983374c
xmodelmesh,#hash_1027ca92e9142925
xmodelmesh,#hash_102d6bb193010ebd
xmodelmesh,#hash_10399e44d159a965
xmodelmesh,#hash_103f6d5ba90f79ed
xmodelmesh,#hash_1040d1ed48d14642
xmodelmesh,#hash_1050e9c6b4abe3f9
xmodelmesh,#hash_1058872815995ea3
xmodelmesh,#hash_1058f49d51f8ee0a
xmodelmesh,#hash_105d348d889ec468
xmodelmesh,#hash_105efb0b14a4acae
xmodelmesh,#hash_1063d5324d42f973
xmodelmesh,#hash_1073299e93d27427
xmodelmesh,#hash_107592e1b4f173b7
xmodelmesh,#hash_107c229461d29889
xmodelmesh,#hash_10806843683ab2b5
xmodelmesh,#hash_1087b6b2c7c7880c
xmodelmesh,#hash_108de58d54e3ad28
xmodelmesh,#hash_10942b98ab7ca5a7
xmodelmesh,#hash_1096f5dde82b3857
xmodelmesh,#hash_109e87338d80e1e0
xmodelmesh,#hash_10b18948c22783c7
xmodelmesh,#hash_10b4f8c2aabdf535
xmodelmesh,#hash_10b98bf04c0fc34a
xmodelmesh,#hash_10c1c2c17283f614
xmodelmesh,#hash_10c305ad37240d94
xmodelmesh,#hash_10cb870a572e4c24
xmodelmesh,d#hash_10dc7f6c148eabd8
xmodelmesh,#hash_10e7f40eb004e15f
xmodelmesh,#hash_10ebbea5c030b947
xmodelmesh,#hash_10f62cb75e19d488
xmodelmesh,#hash_10f9f51e85bc17c8
xmodelmesh,#hash_110b4baddadebff0
xmodelmesh,#hash_110e32f8cd982e08
xmodelmesh,#hash_111137622cda8e93
xmodelmesh,#hash_111c85168679e0a2
xmodelmesh,#hash_111cffd1e01f6203
xmodelmesh,#hash_11204c1b0b92195b
xmodelmesh,#hash_1128d61c37050158
xmodelmesh,#hash_1129a081e41cc705
xmodelmesh,d#hash_112a573fd3081ca0
xmodelmesh,#hash_114db0b7952aede9
xmodelmesh,#hash_1162dfad14b2ca10
xmodelmesh,#hash_1173fdf072d3c7c5
xmodelmesh,#hash_117b49da50e6f766
xmodelmesh,#hash_117b4b976228ec84
xmodelmesh,#hash_118b25a8ff421624
xmodelmesh,#hash_118ddbaf361f7d5c
xmodelmesh,#hash_11934d12c80673b6
xmodelmesh,#hash_11a740738380c740
xmodelmesh,d#hash_11ae6d67160366e2
xmodelmesh,#hash_11b5641829535a67
xmodelmesh,#hash_11b6187a876b6609
xmodelmesh,#hash_11beea3311c08f2c
xmodelmesh,#hash_11ca9ffbf22942e6
xmodelmesh,#hash_11e55dc28a2b0a86
xmodelmesh,d#hash_11e90b9f51eee6cc
xmodelmesh,#hash_11ebdb81f71bbbee
xmodelmesh,#hash_11f2a84867e0c91b
xmodelmesh,#hash_11fbce180889a898
xmodelmesh,#hash_11fda122a619e630
xmodelmesh,#hash_120192de69cc432b
xmodelmesh,#hash_1205280341f0c919
xmodelmesh,#hash_121a76b1a9545bd9
xmodelmesh,#hash_121f1a4b3ba38fb5
xmodelmesh,#hash_122729df207e7a68
xmodelmesh,#hash_1229f5f4bc0a6955
xmodelmesh,#hash_122be4bd6577a941
xmodelmesh,d#hash_12310ac526fc68aa
xmodelmesh,#hash_123140a780dfa085
xmodelmesh,d#hash_123fa5f27ffb318c
xmodelmesh,#hash_1241496a7ff6470a
xmodelmesh,#hash_124ea489c70a5fb8
xmodelmesh,#hash_12550b3b198bc181
xmodelmesh,#hash_12599e75347f34bc
xmodelmesh,#hash_1263e9a885786d05
xmodelmesh,#hash_126fc00e653101d2
xmodelmesh,#hash_127d30437e480d0f
xmodelmesh,#hash_127d6bdcbd51c2c0
xmodelmesh,#hash_127f3073914cdc00
xmodelmesh,#hash_12830da4a060e5c3
xmodelmesh,#hash_1286d5c8eeff2bee
xmodelmesh,#hash_128d3150c0b20222
xmodelmesh,#hash_129373da1eaaff20
xmodelmesh,#hash_1294a9807ae18c5a
xmodelmesh,#hash_12b2c33abbc5a375
xmodelmesh,#hash_12b8d922cf02a311
xmodelmesh,#hash_12c26ac68322b75a
xmodelmesh,#hash_12c843dafc41df5b
xmodelmesh,#hash_12cb249b896829d0
xmodelmesh,#hash_12cef3673856b28e
xmodelmesh,#hash_12d0e889f08e7717
xmodelmesh,#hash_12d4126c2308560b
xmodelmesh,#hash_12d51ae63b17ee9f
xmodelmesh,d#hash_12d58f0f842da208
xmodelmesh,#hash_12f3b27fa7794836
xmodelmesh,#hash_12fb846304a964d2
xmodelmesh,#hash_13003cd0e00d3a06
xmodelmesh,#hash_13069315d30f23f7
xmodelmesh,#hash_1307abd3358e5ece
xmodelmesh,#hash_1309eb5a331f03f5
xmodelmesh,d#hash_131ade58bfdf1431
xmodelmesh,#hash_131f4d3319fab045
xmodelmesh,#hash_13221b4e89747870
xmodelmesh,#hash_1323eb2567fb2d05
xmodelmesh,#hash_13340f7684e5dc35
xmodelmesh,#hash_133c5e928391b0a1
xmodelmesh,#hash_1345230856eb84f1
xmodelmesh,#hash_13491b42e422ca89
xmodelmesh,#hash_1349820677f19a50
xmodelmesh,#hash_134c485785628105
xmodelmesh,#hash_135d678d2ddf41f1
xmodelmesh,#hash_137a1b42d1044b3e
xmodelmesh,d#hash_137ad15d7f378929
xmodelmesh,#hash_137e41ba5eab31be
xmodelmesh,#hash_137e629afbd13779
xmodelmesh,#hash_138330c61fd4a6c7
xmodelmesh,#hash_138b77d96938cdba
xmodelmesh,#hash_1394910ff4b4b0b1
xmodelmesh,#hash_13952409680ef55b
xmodelmesh,#hash_1396377d4a5513e4
xmodelmesh,#hash_139db45279006e0c
xmodelmesh,#hash_13a9f120ae861f7f
xmodelmesh,#hash_13aa629d1d7f151b
xmodelmesh,#hash_13ae83258e93e60f
xmodelmesh,#hash_13afd320112917ea
xmodelmesh,#hash_13b71508ff90f041
xmodelmesh,#hash_13bef08c93960f86
xmodelmesh,#hash_13c5a62de9b8cf5b
xmodelmesh,#hash_13c5de2cf08e73ff
xmodelmesh,#hash_13daacd73d105217
xmodelmesh,#hash_13e3969bd70b6951
xmodelmesh,#hash_13e873544e6d9160
xmodelmesh,#hash_13e8d2dccba28898
xmodelmesh,#hash_13f223f0dcdb277b
xmodelmesh,#hash_13fbb31c2abf89a8
xmodelmesh,#hash_14040adcb6e47a37
xmodelmesh,#hash_140dd53590e4e73a
xmodelmesh,#hash_14218f886c48aa66
xmodelmesh,#hash_142aefefb9b4965c
xmodelmesh,#hash_14305262bc843d19
xmodelmesh,#hash_143c005f01aea486
xmodelmesh,#hash_1450853ecf9c4ab1
xmodelmesh,#hash_145e017725bbb4ce
xmodelmesh,#hash_145e2829986520a7
xmodelmesh,#hash_1461a5090c7506b5
xmodelmesh,#hash_1461e190b99c937a
xmodelmesh,#hash_1470b73efcf7b8d8
xmodelmesh,#hash_14852756ac7b1db5
xmodelmesh,#hash_148a6e2e4e4ef906
xmodelmesh,#hash_14920bba9c4d4664
xmodelmesh,#hash_149cb6b5980162fb
xmodelmesh,#hash_149ce48770fdc97e
xmodelmesh,#hash_149fd789f0f74f5f
xmodelmesh,#hash_14a8041ecec68e1a
xmodelmesh,#hash_14adfcfef96fdaad
xmodelmesh,#hash_14b169e6f2618d6f
xmodelmesh,#hash_14b37660a161c4c3
xmodelmesh,#hash_14b3c1b131e1e458
xmodelmesh,#hash_14b5236b211d4073
xmodelmesh,#hash_14befd5549ca0d79
xmodelmesh,#hash_14cc54b14e7b423a
xmodelmesh,#hash_14d4183507ac70d4
xmodelmesh,#hash_14def4cec4b3a8ee
xmodelmesh,#hash_14fc54ea5aca223b
xmodelmesh,#hash_1504580f77950aba
xmodelmesh,#hash_150696ce86fb1905
xmodelmesh,#hash_15106ffc4095e8ce
xmodelmesh,#hash_1512df56c0d43a05
xmodelmesh,#hash_151bbdd4d4121386
xmodelmesh,d#hash_15226fa1eae58ec1
xmodelmesh,#hash_1525c10001a728fd
xmodelmesh,#hash_152ec33ee6837341
xmodelmesh,#hash_153451e8b890ade7
xmodelmesh,#hash_1534b0290c28719c
xmodelmesh,#hash_15378488b9a571fc
xmodelmesh,#hash_15414a65fe5d94bd
xmodelmesh,#hash_154898de86e677ce
xmodelmesh,#hash_15524a2a27d6b491
xmodelmesh,#hash_1553d100242af06c
xmodelmesh,#hash_1559288ee52b41f7
xmodelmesh,#hash_15629d5fcfe051f7
xmodelmesh,#hash_15aea10175f02fe3
xmodelmesh,#hash_15b53fd7f80a6fa5
xmodelmesh,#hash_15b98a2dd41eb716
xmodelmesh,#hash_15bf2f4674c9989c
xmodelmesh,#hash_15d88a57563f0a3c
xmodelmesh,#hash_15dc8e2178c65bc8
xmodelmesh,#hash_15dedb029b2d1d1f
xmodelmesh,#hash_15dfb46a7e117874
xmodelmesh,#hash_15ea531073622f41
xmodelmesh,#hash_15fb50521370ac80
xmodelmesh,#hash_1604fcbdc8539056
xmodelmesh,#hash_1605484c82abc239
xmodelmesh,#hash_1616453eb4cb18a0
xmodelmesh,#hash_16183352f97748d7
xmodelmesh,#hash_161baa67ee831176
xmodelmesh,#hash_1623a582b9177cfd
xmodelmesh,#hash_162fc109eb91b52e
xmodelmesh,#hash_1638a4045ac0d5d2
xmodelmesh,#hash_1646843247f76ddc
xmodelmesh,#hash_1652e70a7946fb84
xmodelmesh,#hash_165a00d577eb008f
xmodelmesh,#hash_165c0ae9a3c15948
xmodelmesh,#hash_165c1949f9df141e
xmodelmesh,#hash_165cfbea9b68dcc6
xmodelmesh,#hash_16633c14709334a2
xmodelmesh,#hash_1667770b6db9d5be
xmodelmesh,#hash_16710d5f76c1ea92
xmodelmesh,#hash_1678ca9cc023109b
xmodelmesh,#hash_167b4b5b6003f5f1
xmodelmesh,#hash_1683d7613e48d56d
xmodelmesh,#hash_168b2bec67d46678
xmodelmesh,#hash_169a618e46951339
xmodelmesh,#hash_169d1e4a5a928603
xmodelmesh,#hash_16a665038d4ee969
xmodelmesh,#hash_16b496bae60f3e26
xmodelmesh,#hash_16ba4a3b9d82bc04
xmodelmesh,#hash_16bcfb7d906c3cb1
xmodelmesh,#hash_16c9706faa176304
xmodelmesh,#hash_16d1bab29e2d7348
xmodelmesh,#hash_16d8b66a4e4eda7b
xmodelmesh,#hash_17007d23e2b9c265
xmodelmesh,#hash_1704527d7afea714
xmodelmesh,#hash_1707b9ae505786fa
xmodelmesh,#hash_170878afa408f92e
xmodelmesh,#hash_170ade942c7a8c5a
xmodelmesh,#hash_17152fc8f3c400cd
xmodelmesh,#hash_1717e25feb17ff96
xmodelmesh,#hash_1730f69810b53012
xmodelmesh,#hash_1738a0554722152d
xmodelmesh,#hash_17394c4fe99bd703
xmodelmesh,#hash_174be4fb5fec3fa1
xmodelmesh,#hash_1751d89d75db9938
xmodelmesh,#hash_1753b156b8c3c130
xmodelmesh,#hash_175a7a5bfebde89a
xmodelmesh,#hash_1769a187e01b9e27
xmodelmesh,#hash_176da1729b9e04be
xmodelmesh,#hash_177d33582a49824d
xmodelmesh,#hash_177dba4ea681e522
xmodelmesh,#hash_1784d268c4be8765
xmodelmesh,#hash_178bc0c65cba5b0c
xmodelmesh,#hash_1794fbe7421220ce
xmodelmesh,#hash_17a225adcdc81056
xmodelmesh,#hash_17a87a8533926246
xmodelmesh,#hash_17b32befb65571a0
xmodelmesh,#hash_17b4366f2b858671
xmodelmesh,#hash_17b43dd9fc34ff89
xmodelmesh,#hash_17da08b7770f04cf
xmodelmesh,#hash_17e1893d66d38ebf
xmodelmesh,#hash_17e83558cec01b28
xmodelmesh,#hash_17f53208afe09ee2
xmodelmesh,#hash_1806bd257ad12647
xmodelmesh,#hash_180e9888e5721fc9
xmodelmesh,#hash_1817b71a8d3dac31
xmodelmesh,#hash_181ca892529a7ead
xmodelmesh,#hash_1825d973f2bb37c8
xmodelmesh,#hash_183b7efae52894ca
xmodelmesh,#hash_18415b743abac948
xmodelmesh,#hash_185dc57d1ceeaf3f
xmodelmesh,#hash_18621c859d00402d
xmodelmesh,#hash_1863ebb104664c78
xmodelmesh,#hash_186869f04e8c72c3
xmodelmesh,#hash_186bc29cbf1ff204
xmodelmesh,#hash_186c6dd52cff458b
xmodelmesh,#hash_186cd2eb9d5ffe15
xmodelmesh,#hash_18701bb4a536998b
xmodelmesh,#hash_187123de063257e6
xmodelmesh,#hash_18810df0ec0465b5
xmodelmesh,#hash_188953e3124b4b64
xmodelmesh,#hash_188b94e175c67cf5
xmodelmesh,#hash_18a9162c463139f3
xmodelmesh,#hash_18ae09f6650a6c78
xmodelmesh,#hash_18b809fc7c227298
xmodelmesh,#hash_18c1210bb4f38094
xmodelmesh,#hash_18c73a5cc8a3d7be
xmodelmesh,#hash_18c9c3b410089e43
xmodelmesh,#hash_18ca86b1960e17a2
xmodelmesh,#hash_18ce1e52588691b7
xmodelmesh,#hash_18e170b0f788c5a5
xmodelmesh,#hash_18e189cd0e938574
xmodelmesh,#hash_18eaa34cac9ce2c5
xmodelmesh,#hash_18f21c37c26979a7
xmodelmesh,d#hash_18f37638751ef8c8
xmodelmesh,#hash_18f48db19d9e434d
xmodelmesh,d#hash_18f56dddb2ff26b0
xmodelmesh,#hash_18f5d2a1f861863b
xmodelmesh,#hash_190dba760630f88e
xmodelmesh,#hash_1910595f79f18b35
xmodelmesh,#hash_1920cd8e5e9cc0fd
xmodelmesh,#hash_19213f4d7c09a2d8
xmodelmesh,#hash_192491fec20c912e
xmodelmesh,#hash_1924a5a7dd29ab64
xmodelmesh,#hash_192ccf9eaa141bbd
xmodelmesh,d#hash_192f46ce71dde3a6
xmodelmesh,#hash_19338ee34583b106
xmodelmesh,#hash_193540b09b88005b
xmodelmesh,#hash_1935b8c2cd4a3905
xmodelmesh,#hash_193751f4e602f08e
xmodelmesh,#hash_1939b6c07f94e598
xmodelmesh,#hash_19434b8aec8d585f
xmodelmesh,#hash_195a37214769940e
xmodelmesh,#hash_1963060e55af1c9c
xmodelmesh,#hash_196e85965713627b
xmodelmesh,#hash_1973dbb50a551d40
xmodelmesh,#hash_197d4ee1ae9012e6
xmodelmesh,#hash_19818f4e721819ea
xmodelmesh,#hash_1982083efec5cabb
xmodelmesh,#hash_1984d6c463d1f890
xmodelmesh,#hash_198a2bc6d15696d7
xmodelmesh,#hash_1993a594e410bae1
xmodelmesh,#hash_1999f00d42e41b93
xmodelmesh,#hash_19ae9f26ffff0c28
xmodelmesh,#hash_19afde99146d2c15
xmodelmesh,#hash_19c398e4a8007f5b
xmodelmesh,#hash_19c43ed1b6c0ccaf
xmodelmesh,#hash_19c9a40bf8d9b88d
xmodelmesh,d#hash_19cbe0d66f0d65b6
xmodelmesh,#hash_19ce83bf556aa9c6
xmodelmesh,#hash_19d23fcaa52c4cc4
xmodelmesh,#hash_19d58e557c80656c
xmodelmesh,#hash_19dbf3d746e9c37b
xmodelmesh,#hash_19e068f0890e075c
xmodelmesh,d#hash_19e13134bc075bb3
xmodelmesh,#hash_19e3b3242492c312
xmodelmesh,#hash_19e5188cad281a46
xmodelmesh,#hash_19f4e515670af2e3
xmodelmesh,#hash_19f7c9f194395446
xmodelmesh,#hash_19ff05d12ce00167
xmodelmesh,#hash_1a0000b5738158c8
xmodelmesh,#hash_1a024810db85f7aa
xmodelmesh,#hash_1a13630f55a60a27
xmodelmesh,#hash_1a23a6e62594c78a
xmodelmesh,#hash_1a24bd8ea74ad466
xmodelmesh,#hash_1a2b2d5c547be5cc
xmodelmesh,#hash_1a32d89ef45411f1
xmodelmesh,#hash_1a3f8d149bbc14b1
xmodelmesh,#hash_1a50ebee6354e578
xmodelmesh,#hash_1a52fa331f8a44fc
xmodelmesh,#hash_1a5903435bab7352
xmodelmesh,#hash_1a59ab8899df9a53
xmodelmesh,#hash_1a5e0c9c4a01cd33
xmodelmesh,#hash_1a6048145293abc7
xmodelmesh,#hash_1a726a500f0e5d6e
xmodelmesh,#hash_1a76507b86fdb3c4
xmodelmesh,#hash_1a79004036dfb781
xmodelmesh,d#hash_1a7c216e2957fe3e
xmodelmesh,#hash_1a909b007110c515
xmodelmesh,#hash_1abe142f753d635f
xmodelmesh,#hash_1ac348121f85fb3b
xmodelmesh,#hash_1acdd79f0e4768b6
xmodelmesh,#hash_1ad259b0d4a53080
xmodelmesh,#hash_1ad64be9597ce9d4
xmodelmesh,#hash_1ae21873478ba427
xmodelmesh,#hash_1ae4948c7a06b367
xmodelmesh,#hash_1aeeacf0884ce8a6
xmodelmesh,#hash_1af6aa95ee947129
xmodelmesh,#hash_1b04c612b403796f
xmodelmesh,#hash_1b140d95e4a832c7
xmodelmesh,#hash_1b1f3d1d5bd07b02
xmodelmesh,#hash_1b341bb044f220f3
xmodelmesh,#hash_1b39da7b7d5dd02c
xmodelmesh,#hash_1b3d53bd100de970
xmodelmesh,#hash_1b3dedc78156ab30
xmodelmesh,#hash_1b40cef7c5c27c0e
xmodelmesh,#hash_1b4314a24065e6fd
xmodelmesh,#hash_1b48efb69d40da20
xmodelmesh,#hash_1b499992959502bd
xmodelmesh,#hash_1b5f2e06bcca9bba
xmodelmesh,#hash_1b627af694145e33
xmodelmesh,#hash_1b84d6286dac2e49
xmodelmesh,#hash_1b9673c0a17f04f1
xmodelmesh,#hash_1babc28607067dd7
xmodelmesh,#hash_1bb64aca7a9f02cf
xmodelmesh,#hash_1bc257ed215bbc41
xmodelmesh,#hash_1bc47c0bead4f24c
xmodelmesh,#hash_1bd8f3ffeab191ae
xmodelmesh,#hash_1bdb782de15a4ad6
xmodelmesh,#hash_1bdc5f6cfd8bbb9d
xmodelmesh,#hash_1bdf7dc973cd8cac
xmodelmesh,#hash_1be88d7af8bec026
xmodelmesh,#hash_1c084184efaa5dfd
xmodelmesh,#hash_1c284deaed59c9f9
xmodelmesh,#hash_1c519704de61ca38
xmodelmesh,#hash_1c570126a2747e5e
xmodelmesh,#hash_1c5ff353a0f68775
xmodelmesh,#hash_1c628152f6efd04f
xmodelmesh,#hash_1c64c7eeb59d1540
xmodelmesh,#hash_1c671b5285df36ba
xmodelmesh,#hash_1c696bcde1820d76
xmodelmesh,#hash_1c6a01083f2385b5
xmodelmesh,#hash_1c6af0a0759c5147
xmodelmesh,#hash_1c6e00727351a7ca
xmodelmesh,#hash_1c70547dde1f1734
xmodelmesh,#hash_1c857e1282018e3f
xmodelmesh,#hash_1c8c76824a64e57c
xmodelmesh,#hash_1c9820a215eeeff2
xmodelmesh,#hash_1c9ab6136192cb85
xmodelmesh,#hash_1ca252c8b0eb1f95
xmodelmesh,#hash_1cbf108444f813f9
xmodelmesh,#hash_1cc6a8ac07e928e9
xmodelmesh,#hash_1cebfe12a8f55276
xmodelmesh,#hash_1cf4f652692e86eb
xmodelmesh,#hash_1d0139570ce8ab97
xmodelmesh,#hash_1d09c2e621fae83b
xmodelmesh,#hash_1d0f2db8e2b39a7b
xmodelmesh,#hash_1d0f7a4e3f67d264
xmodelmesh,#hash_1d1103385030b29d
xmodelmesh,#hash_1d129bf6085fd1ad
xmodelmesh,#hash_1d1fe7791bd63cf3
xmodelmesh,#hash_1d1ffbf03fa814e1
xmodelmesh,#hash_1d36768dd799b993
xmodelmesh,#hash_1d3a13c7a0aee782
xmodelmesh,#hash_1d406dae6fcc3a94
xmodelmesh,#hash_1d4aa85467f14d42
xmodelmesh,#hash_1d51637538d68086
xmodelmesh,#hash_1d6079985dea5018
xmodelmesh,#hash_1d6db3d6859e3d63
xmodelmesh,#hash_1d72c44836b71640
xmodelmesh,#hash_1d88a278606f483b
xmodelmesh,#hash_1d92c427bbf39beb
xmodelmesh,#hash_1d9ca289c91a5fa7
xmodelmesh,#hash_1d9dd0d04f4f3ee9
xmodelmesh,#hash_1da797e0ddfa8cc2
xmodelmesh,#hash_1da8a39bcc369de7
xmodelmesh,#hash_1dbb5d1d48ab5957
xmodelmesh,#hash_1dbf9d6df056d889
xmodelmesh,#hash_1dbfe9bb87ef3f49
xmodelmesh,#hash_1deae728be20fa89
xmodelmesh,#hash_1df082c342bebde7
xmodelmesh,#hash_1df263bb62227377
xmodelmesh,#hash_1dfc76f508437246
xmodelmesh,d#hash_1dfdb7d2be3e606e
xmodelmesh,#hash_1e04e5f399048342
xmodelmesh,#hash_1e0c7536ffaaa97f
xmodelmesh,d#hash_1e0dc60d1f793c67
xmodelmesh,#hash_1e1a5cc315bc76c7
xmodelmesh,#hash_1e1e44ffb22ac6d0
xmodelmesh,#hash_1e1efc093a8cc9df
xmodelmesh,#hash_1e295d1b58230e12
xmodelmesh,d#hash_1e2ba0d5066e26f5
xmodelmesh,#hash_1e3aabf435d46dda
xmodelmesh,#hash_1e59b02eb3bf6792
xmodelmesh,#hash_1e5d5dde63b9b1b7
xmodelmesh,#hash_1e6653f956000999
xmodelmesh,#hash_1e68df3b462d53ec
xmodelmesh,#hash_1e7930e39279d3d8
xmodelmesh,#hash_1e7ae834061cd2fb
xmodelmesh,#hash_1e82096362b629bc
xmodelmesh,#hash_1e89e92d36393c2f
xmodelmesh,#hash_1e8c891f98e0a034
xmodelmesh,#hash_1e8f64d0e5d9844f
xmodelmesh,#hash_1e967d6038b3faff
xmodelmesh,#hash_1e977c061ff79437
xmodelmesh,#hash_1ea156c9ca7a09b1
xmodelmesh,#hash_1ecf49fc91fa11e0
xmodelmesh,#hash_1ed0f911cafee191
xmodelmesh,#hash_1ed71bf7c58a1a38
xmodelmesh,#hash_1edac3fb94c93938
xmodelmesh,#hash_1edcff5ef7f58fe8
xmodelmesh,#hash_1eea4265497b0891
xmodelmesh,#hash_1ef1bad72bd4153d
xmodelmesh,#hash_1f01448b1df6a201
xmodelmesh,#hash_1f02913f6eb776f9
xmodelmesh,#hash_1f121d0524544391
xmodelmesh,#hash_1f1d8350474905ca
xmodelmesh,#hash_1f1fe60000bfb970
xmodelmesh,#hash_1f24753811c1bfa5
xmodelmesh,#hash_1f25e8f535e6aae8
xmodelmesh,#hash_1f2a42bb43b8f7fb
xmodelmesh,#hash_1f2c198032ef9b84
xmodelmesh,#hash_1f2d1b519fa43fb0
xmodelmesh,#hash_1f2faa6259abc760
xmodelmesh,#hash_1f32f5bbd2ebb91f
xmodelmesh,#hash_1f3f34befd26e54d
xmodelmesh,#hash_1f4371d6d3ee3244
xmodelmesh,#hash_1f49fc5d5c3ec9c9
xmodelmesh,#hash_1f4fbcba8be7ee6f
xmodelmesh,#hash_1f548e73f6fa7549
xmodelmesh,#hash_1f58d988f02400d3
xmodelmesh,#hash_1f59800d1fc14e12
xmodelmesh,#hash_1f5b85af8e60da7c
xmodelmesh,#hash_1f5ebd0df1ae0850
xmodelmesh,#hash_1f6233ceaf65c118
xmodelmesh,d#hash_1f6b0ff730f3c8d8
xmodelmesh,#hash_1f6f006e2c941971
xmodelmesh,#hash_1f97343faa18d138
xmodelmesh,#hash_1f9e7dc133e458dc
xmodelmesh,#hash_1fa3b18bc07c79e7
xmodelmesh,#hash_1fa414a0e97c3afd
xmodelmesh,#hash_1faaf3daba4c0058
xmodelmesh,#hash_1fab98ac752cb990
xmodelmesh,#hash_1fae66a27b7d8ce7
xmodelmesh,#hash_1fbc3b72d7d28272
xmodelmesh,#hash_1fbc716abccf8b0a
xmodelmesh,d#hash_1fc3438413953969
xmodelmesh,#hash_1fcc589c7b9a2f0f
xmodelmesh,#hash_1fd6ece9c56773d0
xmodelmesh,#hash_1fd7d75c2dedeaf3
xmodelmesh,#hash_1fe2c0ba05eaaadf
xmodelmesh,#hash_1ff20292278ffe67
xmodelmesh,#hash_20059b1f3146e61c
xmodelmesh,#hash_201a373140a823df
xmodelmesh,#hash_2027a5804478abb9
xmodelmesh,#hash_20462903e9d252c2
xmodelmesh,#hash_204b45840e046dd9
xmodelmesh,#hash_20524c2acc028b7f
xmodelmesh,#hash_2053a61f320a2da5
xmodelmesh,#hash_2054f4b9c0be702b
xmodelmesh,#hash_20635852c0e719da
xmodelmesh,#hash_206b9f237f60c98d
xmodelmesh,#hash_2074908d44b2d051
xmodelmesh,#hash_2079a1c306822ee4
xmodelmesh,#hash_2084db1cacc843f6
xmodelmesh,#hash_2086070020221edd
xmodelmesh,#hash_20864a423bf77fff
xmodelmesh,#hash_2086640b0857f261
xmodelmesh,#hash_2095e16fc7602c86
xmodelmesh,#hash_20b01fcecb5d61e9
xmodelmesh,#hash_20b42f3bfd7a1176
xmodelmesh,#hash_20bc2d4cb963ede2
xmodelmesh,#hash_20be31724e2af90c
xmodelmesh,#hash_20c251b5af56a973
xmodelmesh,#hash_20da52d4a6b71275
xmodelmesh,#hash_20db03302d98efd0
xmodelmesh,#hash_20e0a0df11dbf4a0
xmodelmesh,#hash_20ebb97f56e44456
xmodelmesh,#hash_20ec4b224e0777bf
xmodelmesh,#hash_20f45f251e1b0a9e
xmodelmesh,#hash_20f5679f251d7d16
xmodelmesh,d#hash_20fd862b5b24ac90
xmodelmesh,#hash_2104d6c2caef07f1
xmodelmesh,#hash_21063303c62666b7
xmodelmesh,#hash_210e5b8e8d136011
xmodelmesh,#hash_21234c8e9980d342
xmodelmesh,#hash_213368959c99d25a
xmodelmesh,#hash_21398a8896593c4e
xmodelmesh,#hash_2139eb2f33c9f43d
xmodelmesh,d#hash_214bd880a678ffa4
xmodelmesh,#hash_215fef4630caa29c
xmodelmesh,#hash_2164b6672fd18d9b
xmodelmesh,#hash_216682fc0a67824c
xmodelmesh,#hash_218158c8c77f67be
xmodelmesh,#hash_218e80ad1755521a
xmodelmesh,#hash_218ebdf915ee562f
xmodelmesh,#hash_219155e6d7c88551
xmodelmesh,#hash_219179af1bfd3e6b
xmodelmesh,#hash_21974b4ce1213f28
xmodelmesh,#hash_2197e3c767c142c6
xmodelmesh,#hash_219c97d06325036d
xmodelmesh,#hash_21acc05cf7d44b2e
xmodelmesh,#hash_21c2bc07aaae48c7
xmodelmesh,d#hash_21cfe996a4ac31c4
xmodelmesh,#hash_21d20b6f9583406e
xmodelmesh,d#hash_21d42624ef8327fb
xmodelmesh,#hash_21dbd067077f741a
xmodelmesh,#hash_21e536370120d66b
xmodelmesh,#hash_21e6f8e5fcb9eadc
xmodelmesh,#hash_21e8617d93cba4d9
xmodelmesh,#hash_21eac482d8516de2
xmodelmesh,#hash_21f8d7ba7230c148
xmodelmesh,#hash_21f9f2a07c27ae10
xmodelmesh,#hash_220084631dac36f6
xmodelmesh,#hash_22100397c5ff8903
xmodelmesh,#hash_221902c0e20f6952
xmodelmesh,#hash_221957859bb46b55
xmodelmesh,#hash_2219c5447ee43a73
xmodelmesh,#hash_221edfe44dc4c579
xmodelmesh,#hash_222a8618d88f7070
xmodelmesh,#hash_2233a1455786ba3f
xmodelmesh,#hash_22340eb05748bc6f
xmodelmesh,#hash_22397297ab43a437
xmodelmesh,#hash_2241477472e1e5f6
xmodelmesh,#hash_2241b6c591ab7003
xmodelmesh,#hash_225210a35e823dbf
xmodelmesh,#hash_2256ade2d72e7c0b
xmodelmesh,#hash_226ffe1bcd1c7704
xmodelmesh,#hash_2275699be2ac2095
xmodelmesh,#hash_2282ffb4b237a3a4
xmodelmesh,#hash_22851f4936500372
xmodelmesh,#hash_2285b18bf939745e
xmodelmesh,#hash_22926db30ed8e7cc
xmodelmesh,#hash_22939fbe4ec9a908
xmodelmesh,#hash_22941080bcbe5d65
xmodelmesh,#hash_22986f329349d5a9
xmodelmesh,#hash_229f3947bc350f65
xmodelmesh,#hash_22b478fd516a15e0
xmodelmesh,#hash_22cdc40d3b17b688
xmodelmesh,#hash_22cfb6001fec91b3
xmodelmesh,#hash_22d03adea8f13464
xmodelmesh,#hash_22e2ccdff000a817
xmodelmesh,#hash_22f0f7567302366d
xmodelmesh,#hash_22f8c64bc3a29832
xmodelmesh,#hash_22f995744cce39cb
xmodelmesh,#hash_23089c0ee99b999d
xmodelmesh,#hash_230a36675b9b2265
xmodelmesh,#hash_23106291c6311ea6
xmodelmesh,#hash_232051a3e740498c
xmodelmesh,#hash_23219a52216965d6
xmodelmesh,#hash_232387533764126e
xmodelmesh,#hash_2325a577f942fd02
xmodelmesh,#hash_23275de8086595cc
xmodelmesh,#hash_233298ae84c11de5
xmodelmesh,#hash_23354edbc3ddc5f5
xmodelmesh,d#hash_233c22256c0a7a1b
xmodelmesh,#hash_236b0faaf7546b26
xmodelmesh,#hash_2371ef89c60ff16a
xmodelmesh,#hash_23797316cc58cb7d
xmodelmesh,#hash_237a09d53e7fb580
xmodelmesh,#hash_2389661830c06b00
xmodelmesh,#hash_238b31b4bde5c678
xmodelmesh,#hash_2392fee56242a5d7
xmodelmesh,d#hash_2397e0305af785d3
xmodelmesh,#hash_239bd1bc5f327830
xmodelmesh,#hash_239f742b0ad4f87b
xmodelmesh,#hash_23a3a6c02bb1d03a
xmodelmesh,#hash_23a9ecf61b7c8006
xmodelmesh,d#hash_23aaf3a5c27951de
xmodelmesh,#hash_23b3c0a0029661ae
xmodelmesh,#hash_23b43e7079f14259
xmodelmesh,#hash_23bc2fdbae2f46ea
xmodelmesh,#hash_23cf1d2314ab8ba6
xmodelmesh,#hash_23d7b159bac0af50
xmodelmesh,#hash_23dab2548db915d6
xmodelmesh,#hash_23e0f58ee51151d2
xmodelmesh,#hash_23e1b71b2727bb96
xmodelmesh,#hash_23e1cc6fc7090436
xmodelmesh,#hash_23fe23432c5cda7c
xmodelmesh,#hash_2408e41eecf394ca
xmodelmesh,#hash_240f713606dea997
xmodelmesh,#hash_2419e051522810c8
xmodelmesh,#hash_242eb8ccf75bfa8a
xmodelmesh,#hash_24368ee0fba249fb
xmodelmesh,#hash_243bfcda3ca0391f
xmodelmesh,#hash_244127ec609c71a7
xmodelmesh,#hash_2446f83627d045fb
xmodelmesh,#hash_2453fca7100631f3
xmodelmesh,#hash_245e0e8f903c7240
xmodelmesh,#hash_2462b531e3b824d3
xmodelmesh,#hash_2463d8368d8bafcd
xmodelmesh,#hash_246da49eb1d57e16
xmodelmesh,#hash_2470b54bf47c07aa
xmodelmesh,#hash_24711ec3d93671b5
xmodelmesh,#hash_247f3d7b477eb0b5
xmodelmesh,#hash_247fd716b2ad928e
xmodelmesh,#hash_2482223b4e5f5341
xmodelmesh,#hash_24849825addb2c5b
xmodelmesh,#hash_24983e84f018170a
xmodelmesh,#hash_249a96a98f490d43
xmodelmesh,#hash_24a9708b82423392
xmodelmesh,#hash_24aebffac408f031
xmodelmesh,#hash_24b7aece504cc70c
xmodelmesh,#hash_24bb845e4549a256
xmodelmesh,d#hash_24c7df15cc67eade
xmodelmesh,#hash_24ccca9b20e0d333
xmodelmesh,#hash_24dd7789664e8e24
xmodelmesh,#hash_24fa70beafddee53
xmodelmesh,#hash_25000d4e76948203
xmodelmesh,#hash_250ab6506ecf1d5f
xmodelmesh,#hash_2516a6a7b8a9761a
xmodelmesh,#hash_251e12c7bbb9fb6e
xmodelmesh,#hash_2524f78fcb5ad438
xmodelmesh,#hash_252b6b583283d3b4
xmodelmesh,#hash_2539ec51de7787a4
xmodelmesh,#hash_253bc2e8e892c7f6
xmodelmesh,#hash_2544969d1cfb4029
xmodelmesh,#hash_255546e2fe2b7b4c
xmodelmesh,#hash_255b49e544ace2b2
xmodelmesh,#hash_2568ba7333ac5212
xmodelmesh,#hash_256a602021e36dc3
xmodelmesh,#hash_2576c7fd2d316ce7
xmodelmesh,#hash_257a6a43e4324e75
xmodelmesh,#hash_257ca530b4eafe15
xmodelmesh,#hash_258150bbd5a6132a
xmodelmesh,#hash_2583f443c242aa2c
xmodelmesh,#hash_2586c44a285b1a64
xmodelmesh,#hash_25876241ead820cc
xmodelmesh,#hash_2589441f99953c98
xmodelmesh,#hash_2597371834207c90
xmodelmesh,#hash_25ab12464c689faa
xmodelmesh,#hash_25ab8075d96911b7
xmodelmesh,#hash_25c296f6f6dbe26a
xmodelmesh,#hash_25c5f939083851ea
xmodelmesh,#hash_25d02356a61344cf
xmodelmesh,#hash_25d8bcd243c658e2
xmodelmesh,#hash_25ddb6eac2af3a5c
xmodelmesh,#hash_25ebaae975fab283
xmodelmesh,#hash_25f1bbf6cd83ac2d
xmodelmesh,d#hash_25f859605f8ea5a9
xmodelmesh,#hash_25f9005aa950f26a
xmodelmesh,#hash_25f9b9d7655bd7a7
xmodelmesh,#hash_25faea61b1f06b94
xmodelmesh,#hash_260436facc832eef
xmodelmesh,#hash_260cbe491156ad50
xmodelmesh,#hash_260e3a4002a950b8
xmodelmesh,#hash_261672ad10438231
xmodelmesh,#hash_261bb4bc032c00b2
xmodelmesh,#hash_26297b403bcd56ba
xmodelmesh,#hash_2639d2d8f2462025
xmodelmesh,#hash_263e6d228a973b06
xmodelmesh,#hash_263e78fe34f2a1fe
xmodelmesh,#hash_2642303f67cbb0d9
xmodelmesh,#hash_26519e54fcd71ee2
xmodelmesh,#hash_2654b26a7174c0e2
xmodelmesh,#hash_2668ae047ec4d651
xmodelmesh,#hash_266c348d07f1d6e2
xmodelmesh,#hash_267075f7908c6a22
xmodelmesh,#hash_2675f2f4604a7aa2
xmodelmesh,#hash_267ae0684006e0e4
xmodelmesh,#hash_267ebf8a63d00171
xmodelmesh,#hash_268698082d1e8970
xmodelmesh,#hash_268d89ce1af2d845
xmodelmesh,#hash_268fdd4787dfad92
xmodelmesh,#hash_2691983deced2653
xmodelmesh,#hash_2692658a6c26ae71
xmodelmesh,#hash_26a0e74b4f836d3a
xmodelmesh,#hash_26a33092667dc35d
xmodelmesh,#hash_26af5f0a675adca5
xmodelmesh,#hash_26b3fc159f4a8660
xmodelmesh,#hash_26c0307edb3aa2bc
xmodelmesh,#hash_26d86eebace1350f
xmodelmesh,#hash_26da45a1eed6dfc9
xmodelmesh,#hash_26e1bcead92cfbfb
xmodelmesh,d#hash_26f56c378c01a124
xmodelmesh,#hash_26f9c73ad021f2af
xmodelmesh,#hash_2704e6c7236de73d
xmodelmesh,#hash_2705b0ff7f091812
xmodelmesh,#hash_2709b49760a23fec
xmodelmesh,#hash_272428f9e808615f
xmodelmesh,#hash_273839c2846ed654
xmodelmesh,#hash_273ecbf4c87e9a58
xmodelmesh,#hash_274a58450de519fb
xmodelmesh,#hash_2762c3b7ba2c49ab
xmodelmesh,#hash_276c94103904465b
xmodelmesh,#hash_2777f619028b1382
xmodelmesh,#hash_278a6cacf76dd5ea
xmodelmesh,#hash_278fc53d416eed1c
xmodelmesh,#hash_27903ebf1787a520
xmodelmesh,#hash_279193c181b85bb9
xmodelmesh,#hash_279dce2487bc439e
xmodelmesh,#hash_27a8cbb93b72c383
xmodelmesh,#hash_27b23678c5378a54
xmodelmesh,#hash_27b5ba6b544af851
xmodelmesh,#hash_27bf81339d198b29
xmodelmesh,#hash_27d6c42dc49fac5f
xmodelmesh,#hash_27d92df982dd0cba
xmodelmesh,#hash_27e1eba9367e96f1
xmodelmesh,#hash_27e77e0e94e155d7
xmodelmesh,#hash_27f3c968b41306e5
xmodelmesh,#hash_27f94d31215ff11a
xmodelmesh,#hash_2809c19e93dee2f9
xmodelmesh,#hash_28178392f3ad4bad
xmodelmesh,#hash_281d25a35578db67
xmodelmesh,#hash_28201c6bdb6dad01
xmodelmesh,#hash_282f843584c5f0b3
xmodelmesh,d#hash_2838f489d2123665
xmodelmesh,#hash_284634891189ab8b
xmodelmesh,#hash_28534a97fb0885e4
xmodelmesh,#hash_285481cd0692f666
xmodelmesh,d#hash_2855b0950b308d4b
xmodelmesh,#hash_2857ceeb163849a5
xmodelmesh,#hash_285a482619b47d2c
xmodelmesh,#hash_285de4fcbf0645f9
xmodelmesh,#hash_2865418eae3dee12
xmodelmesh,#hash_286b9d2ca80f9814
xmodelmesh,d#hash_286ea7a1f6433e7f
xmodelmesh,#hash_287b54a44b37de8d
xmodelmesh,#hash_287db1a38e0f2975
xmodelmesh,#hash_28a4d44cd5d9827d
xmodelmesh,#hash_28a74d63e230be2b
xmodelmesh,#hash_28aa5275d839efc4
xmodelmesh,#hash_28b3e22355d55d53
xmodelmesh,#hash_28b619a3bbee2b4c
xmodelmesh,#hash_28b644e3820b3bd0
xmodelmesh,#hash_28bc91a2ec94bb38
xmodelmesh,#hash_28bc955ce4332905
xmodelmesh,#hash_28cba17d82cf46a7
xmodelmesh,#hash_28cefa655b50a2f8
xmodelmesh,#hash_28d9c8138279985d
xmodelmesh,#hash_28e8f7ef49be1355
xmodelmesh,#hash_28ff5c386d662e22
xmodelmesh,#hash_29136b96f62031bf
xmodelmesh,#hash_2914cb8042c1b38e
xmodelmesh,#hash_2917de2d571eed4a
xmodelmesh,#hash_291ce25655c67c43
xmodelmesh,d#hash_292335727afd43c4
xmodelmesh,d#hash_2924c4db95dfe944
xmodelmesh,#hash_292743edab7ab420
xmodelmesh,#hash_292dd85b8f59aaa3
xmodelmesh,#hash_293a85195df14f4e
xmodelmesh,#hash_293e2074a9fe3753
xmodelmesh,#hash_29428b67943e3c0f
xmodelmesh,#hash_2944dd9d93c6b1f2
xmodelmesh,#hash_294c30e747b3b7e5
xmodelmesh,#hash_296710110caa7383
xmodelmesh,#hash_297cba0b14a3738f
xmodelmesh,d#hash_29817b34139012c9
xmodelmesh,#hash_2987f05d1274b19a
xmodelmesh,#hash_2990d0cd1a36b214
xmodelmesh,#hash_2992f8a0aa10c49d
xmodelmesh,d#hash_299c19382a62c0a4
xmodelmesh,#hash_299ed560bf254568
xmodelmesh,#hash_29a314c7b94fa434
xmodelmesh,#hash_29a4e0ad930d751f
xmodelmesh,#hash_29b7076e0252a077
xmodelmesh,#hash_29bb2b2927c34562
xmodelmesh,#hash_29bed9fb7e0096e3
xmodelmesh,#hash_29bf54632c2339ce
xmodelmesh,#hash_29c203b3eb611fab
xmodelmesh,#hash_29c8279da6f7548c
xmodelmesh,#hash_29cd40d45f5ead72
xmodelmesh,#hash_29cf858547a99514
xmodelmesh,#hash_29d5fc33ab846131
xmodelmesh,#hash_29db8b506b237dea
xmodelmesh,#hash_29dd797904be9dc7
xmodelmesh,d#hash_29e9fc8933cacd9b
xmodelmesh,#hash_29ea664b5ee95988
xmodelmesh,#hash_29efa99e5b89bcb2
xmodelmesh,#hash_2a04341ab53e8399
xmodelmesh,#hash_2a0a3b7cdbf014a7
xmodelmesh,d#hash_2a0e7a7d913b54ad
xmodelmesh,#hash_2a14347183fcc246
xmodelmesh,#hash_2a161ec8df28e41f
xmodelmesh,#hash_2a24b3138c5e55a8
xmodelmesh,d#hash_2a2a5ddc223d985b
xmodelmesh,#hash_2a2ead29b006f413
xmodelmesh,#hash_2a38d11e4177111f
xmodelmesh,#hash_2a570fec45201a1c
xmodelmesh,#hash_2a6136ba980ee22a
xmodelmesh,#hash_2a66079d8ae749bc
xmodelmesh,#hash_2a6801253378970e
xmodelmesh,#hash_2a68ccc761833f6e
xmodelmesh,#hash_2a7ac7531f17d17f
xmodelmesh,#hash_2a7d2a8d36412ee4
xmodelmesh,#hash_2a832a15224aabb9
xmodelmesh,#hash_2a886890fbeb32a9
xmodelmesh,#hash_2a8fff290f674c2e
xmodelmesh,#hash_2a94d9a61cd5ba21
xmodelmesh,#hash_2a988844b9f5cd35
xmodelmesh,#hash_2aac83b79fa3e8a7
xmodelmesh,d#hash_2ab5835defeb79b4
xmodelmesh,#hash_2ab94bc98e3a14f3
xmodelmesh,#hash_2ac8cd960bd64797
xmodelmesh,#hash_2acefe4ce8121559
xmodelmesh,#hash_2acf5146214206f6
xmodelmesh,#hash_2ad0081e309bec84
xmodelmesh,#hash_2adb2fa1de198670
xmodelmesh,#hash_2adc217136ceaad9
xmodelmesh,#hash_2ae3570619ff82ae
xmodelmesh,#hash_2ae5a712cd2066a2
xmodelmesh,#hash_2af383fd5c28079d
xmodelmesh,#hash_2af5b72b1f06c0c4
xmodelmesh,#hash_2b1f4605d6aad943
xmodelmesh,#hash_2b216b198412af5d
xmodelmesh,#hash_2b3cca115d90df35
xmodelmesh,#hash_2b55941561876810
xmodelmesh,#hash_2b5c808c5d0d4557
xmodelmesh,d#hash_2b6f0eaa9700d337
xmodelmesh,#hash_2b6fa71930fcdfd4
xmodelmesh,#hash_2b7a7104478ac082
xmodelmesh,#hash_2b81bc94b9e9bce6
xmodelmesh,#hash_2b9e265e3870c2d7
xmodelmesh,#hash_2b9ed243918d1c57
xmodelmesh,#hash_2ba3b557bb44711c
xmodelmesh,#hash_2ba99922f1d5ae0f
xmodelmesh,#hash_2bb1b3c325785116
xmodelmesh,#hash_2bb83f18599d2bda
xmodelmesh,#hash_2bbae031f771d23a
xmodelmesh,#hash_2bc518b21c89833d
xmodelmesh,#hash_2bc78948a71e6a32
xmodelmesh,#hash_2bd23213d200c836
xmodelmesh,#hash_2bd96b57ee30ef0e
xmodelmesh,#hash_2be959d86c097b3d
xmodelmesh,#hash_2bf723b3d8d1d066
xmodelmesh,#hash_2bf8079a041533ad
xmodelmesh,#hash_2bfa31367853ccd6
xmodelmesh,#hash_2bfc4c9d82842202
xmodelmesh,#hash_2bfce092b1f0638f
xmodelmesh,#hash_2bfeeb0d47c39095
xmodelmesh,#hash_2bff1a0d6163f390
xmodelmesh,#hash_2bff269832b1abc4
xmodelmesh,#hash_2c01ac8eb1558f63
xmodelmesh,#hash_2c0ed5e7c8f271e8
xmodelmesh,#hash_2c102391bca748fe
xmodelmesh,d#hash_2c165c9cd844c453
xmodelmesh,#hash_2c1c01dfab357804
xmodelmesh,#hash_2c26bf5bdec26c13
xmodelmesh,#hash_2c33462f8fd8e43f
xmodelmesh,#hash_2c3acef58d24e9d8
xmodelmesh,#hash_2c452d3323929f76
xmodelmesh,#hash_2c4545774ec7fda9
xmodelmesh,#hash_2c504fbebc34c2e1
xmodelmesh,#hash_2c549824e7d2ea47
xmodelmesh,d#hash_2c5cd6ec6f7c6447
xmodelmesh,#hash_2c6c5b076a698b63
xmodelmesh,#hash_2c71f10a562d7de5
xmodelmesh,#hash_2c73acc6b23858a8
xmodelmesh,d#hash_2c75858eac4f6a7d
xmodelmesh,#hash_2c789631cc3a148c
xmodelmesh,#hash_2c7cdb0ac8c4cab2
xmodelmesh,#hash_2c7dd0e1185c640f
xmodelmesh,#hash_2c851db31594515b
xmodelmesh,d#hash_2c8b3b0c7dd27188
xmodelmesh,#hash_2ca7999cf2dabc2d
xmodelmesh,#hash_2ca84941df977c3e
xmodelmesh,#hash_2ca8cae68d960cd3
xmodelmesh,#hash_2cadd5fd232be1ca
xmodelmesh,#hash_2cafb922e7b8a628
xmodelmesh,#hash_2cb7000deb7f2b83
xmodelmesh,#hash_2cb8f0a7835ec128
xmodelmesh,#hash_2cc110c52fc06e10
xmodelmesh,#hash_2cc1cc9899e009e9
xmodelmesh,#hash_2cc2cf929d9d61e5
xmodelmesh,#hash_2cc5aa2af67bfcaa
xmodelmesh,#hash_2ccdedd10c395aa0
xmodelmesh,#hash_2cd51a630eaf2325
xmodelmesh,#hash_2cd6c1208ff8d95b
xmodelmesh,#hash_2cd8511229a9ef11
xmodelmesh,#hash_2ceee6d2337d65a2
xmodelmesh,#hash_2cf14325ff322735
xmodelmesh,#hash_2cf489f9a7da2538
xmodelmesh,#hash_2d0c811c973d11c1
xmodelmesh,#hash_2d1445abfd8cec07
xmodelmesh,#hash_2d2a1d741eb36835
xmodelmesh,#hash_2d2c1eadd25d8279
xmodelmesh,#hash_2d2c2cef9c32b7b0
xmodelmesh,#hash_2d3e4416cf57fb5b
xmodelmesh,#hash_2d3ef62db4a3ed45
xmodelmesh,#hash_2d4240e104f0bc42
xmodelmesh,#hash_2d4256a987a99784
xmodelmesh,#hash_2d43ca2e665ea8a6
xmodelmesh,#hash_2d48925e7d51758e
xmodelmesh,#hash_2d4bbd7fa14455b6
xmodelmesh,#hash_2d4d2e0fabf1c100
xmodelmesh,#hash_2d4e3007c5af6b0c
xmodelmesh,#hash_2d57c91c867987a8
xmodelmesh,#hash_2d5baa5cb11f8576
xmodelmesh,#hash_2d6777741bae4112
xmodelmesh,#hash_2d6844de5293530a
xmodelmesh,#hash_2d6cee8c34e8da8f
xmodelmesh,#hash_2d92504e541207a4
xmodelmesh,#hash_2da159a06e3eaf0d
xmodelmesh,#hash_2db5e27f2aefef4e
xmodelmesh,#hash_2db6dd44710a62ae
xmodelmesh,#hash_2dd9de475ddb5bec
xmodelmesh,#hash_2de73a5a328cc85f
xmodelmesh,#hash_2de857ad76618443
xmodelmesh,#hash_2deb3c6fd806a222
xmodelmesh,#hash_2def728b1b0b309f
xmodelmesh,#hash_2e07045efffb0d3b
xmodelmesh,#hash_2e0a192f701b6e5d
xmodelmesh,#hash_2e11a58320798725
xmodelmesh,d#hash_2e17d96fd12dc508
xmodelmesh,#hash_2e1ea3b23dd5d11c
xmodelmesh,#hash_2e27cdfab232948c
xmodelmesh,#hash_2e2f8b5f6f3e24a6
xmodelmesh,#hash_2e351f9ab581af23
xmodelmesh,#hash_2e356e9f7102fe7d
xmodelmesh,#hash_2e594688c60ea2c5
xmodelmesh,#hash_2e63b06a9845af06
xmodelmesh,#hash_2e64dcf39eca8462
xmodelmesh,#hash_2e651a09267089e5
xmodelmesh,#hash_2e680d965d2d9cde
xmodelmesh,#hash_2e69faec55e41f82
xmodelmesh,#hash_2e6afd5b748f7776
xmodelmesh,#hash_2e6b7227cee0d093
xmodelmesh,#hash_2e74044f664801d5
xmodelmesh,#hash_2e76b3f95622352b
xmodelmesh,#hash_2e897941d09ea0b6
xmodelmesh,d#hash_2e8a2bec7252abae
xmodelmesh,#hash_2ea2ae83c15d3a1f
xmodelmesh,#hash_2eaf345d5ea1f4b0
xmodelmesh,#hash_2eb61047e9cd6f48
xmodelmesh,#hash_2eb8717dbc26218b
xmodelmesh,#hash_2eb959d4f4917c26
xmodelmesh,#hash_2ec17fc8b99a2485
xmodelmesh,#hash_2ec2097ec8647723
xmodelmesh,#hash_2ec348b50522f9d8
xmodelmesh,#hash_2ec6f4024534d8f7
xmodelmesh,#hash_2ed3a0b46e978a8f
xmodelmesh,#hash_2ee47152e1c78acb
xmodelmesh,#hash_2ee519639dc4c73d
xmodelmesh,#hash_2eee1b29c0ab4013
xmodelmesh,#hash_2ef47a508d78cf3d
xmodelmesh,#hash_2ef4b63d028cef3c
xmodelmesh,#hash_2f0bd6e158f255cd
xmodelmesh,#hash_2f105742226d6f96
xmodelmesh,#hash_2f16c3ca2abeba0c
xmodelmesh,d#hash_2f2aa8e63111219b
xmodelmesh,#hash_2f3a025ec6c99306
xmodelmesh,#hash_2f3bba0315f8ed5d
xmodelmesh,#hash_2f40578d24da5b1a
xmodelmesh,#hash_2f415c784887a67d
xmodelmesh,#hash_2f4564759f84a001
xmodelmesh,#hash_2f4f6ed58c6acf2b
xmodelmesh,#hash_2f50a9e4af3622e2
xmodelmesh,#hash_2f60ee201bc8c2a6
xmodelmesh,#hash_2f6bc05bd6723e96
xmodelmesh,#hash_2f80f31feaafd9bf
xmodelmesh,#hash_2f8e24b220c3cf47
xmodelmesh,#hash_2f971a3963874bcb
xmodelmesh,#hash_2fa99ede24277f4a
xmodelmesh,#hash_2faa86031cefc5eb
xmodelmesh,#hash_2faaebf4fb572d1a
xmodelmesh,#hash_2fbb9f335009a272
xmodelmesh,#hash_2fd296f34037d799
xmodelmesh,#hash_2fd626490e977aa1
xmodelmesh,#hash_2fd9805862a2f840
xmodelmesh,#hash_2ff05baf8c1e25c1
xmodelmesh,#hash_2ff54a067bff2ed9
xmodelmesh,#hash_2ff87f2cd5bb71b2
xmodelmesh,#hash_2ffb1ccf873b97eb
xmodelmesh,#hash_2ffd8539f2d0a99f
xmodelmesh,#hash_300373d8051b1846
xmodelmesh,#hash_300719db3de9ff2c
xmodelmesh,#hash_301d38c91cb53887
xmodelmesh,d#hash_302c679a5fbda044
xmodelmesh,#hash_3030518461b8b5dd
xmodelmesh,#hash_3031caee9b985bc0
xmodelmesh,d#hash_305ed8a40cdab2c2
xmodelmesh,#hash_3063cc83093eb79a
xmodelmesh,#hash_306af51fd3f64cf1
xmodelmesh,#hash_307bb735e59146f4
xmodelmesh,#hash_3086434e24793b90
xmodelmesh,#hash_309677edef29729f
xmodelmesh,#hash_30a210a29f5be272
xmodelmesh,#hash_30a45cac37d001f7
xmodelmesh,#hash_30a45d941c3755db
xmodelmesh,#hash_30a5744fa6980371
xmodelmesh,#hash_30a678f2734c01bc
xmodelmesh,#hash_30a8c3d8ea867251
xmodelmesh,#hash_30aaae9150ba2452
xmodelmesh,#hash_30cc83166da6536e
xmodelmesh,#hash_30d94b5e984d99b0
xmodelmesh,#hash_30dfc9cad96ba913
xmodelmesh,#hash_30e84b5e31ac21cf
xmodelmesh,#hash_30e869501e02f516
xmodelmesh,#hash_30f210625e701656
xmodelmesh,#hash_3105ae4491189df9
xmodelmesh,#hash_3108420134c26fe0
xmodelmesh,#hash_3111e1993adc99bd
xmodelmesh,#hash_3117b40ad04b5da0
xmodelmesh,#hash_311d8a010a396ca6
xmodelmesh,#hash_311e98ebc1c7e290
xmodelmesh,#hash_312b8aecb75b1622
xmodelmesh,#hash_3131cbe3b4080a2d
xmodelmesh,#hash_313d14a3999573c3
xmodelmesh,#hash_31522712722b4f04
xmodelmesh,#hash_31619e49782308f4
xmodelmesh,#hash_3167f75dcdef5ddc
xmodelmesh,d#hash_31686379bc913c32
xmodelmesh,#hash_316a421f5cdaf7a1
xmodelmesh,#hash_317a30181965a466
xmodelmesh,#hash_318f2bc3bf7a23a0
xmodelmesh,d#hash_31982b270b995816
xmodelmesh,#hash_319dccd4c605b04d
xmodelmesh,#hash_31b5cf995fa6850b
xmodelmesh,#hash_31b759903f982c75
xmodelmesh,#hash_31b83487ac453386
xmodelmesh,#hash_31c009ddc5774646
xmodelmesh,#hash_31ccfac2f0033c7a
xmodelmesh,#hash_31cd86e9c9e3910d
xmodelmesh,#hash_31cf10ac1f97895d
xmodelmesh,#hash_31cfe8c694881d77
xmodelmesh,#hash_31d8a303a7b7cf7a
xmodelmesh,#hash_31e1b5f121713e72
xmodelmesh,#hash_31f000eeaa882475
xmodelmesh,#hash_321c31d08d151c8f
xmodelmesh,#hash_321cb62e5cf14ed2
xmodelmesh,#hash_321fcd1fde566411
xmodelmesh,d#hash_322440ede7da89dc
xmodelmesh,#hash_322fc1489d950363
xmodelmesh,#hash_322ffdd74e947fd7
xmodelmesh,#hash_323107f5ab67edeb
xmodelmesh,#hash_323a6dc180f0c7a7
xmodelmesh,#hash_323c33e63db5d8ed
xmodelmesh,#hash_323dafb1584c1167
xmodelmesh,#hash_3242c009e9effad6
xmodelmesh,#hash_32458addaba40f53
xmodelmesh,#hash_324883d991200dd5
xmodelmesh,d#hash_3258579ffeccdaca
xmodelmesh,#hash_325dcc0700ea5564
xmodelmesh,#hash_3261c2abaf0d1f7f
xmodelmesh,#hash_3267084da935d678
xmodelmesh,#hash_326e23055b9d7460
xmodelmesh,#hash_327249b8d1ea5179
xmodelmesh,#hash_3276b35458361757
xmodelmesh,#hash_327723517ddde274
xmodelmesh,#hash_32819e0f42684bb0
xmodelmesh,#hash_3285b99407011cf2
xmodelmesh,#hash_328a2e55ae8ed6c2
xmodelmesh,#hash_328a526da60b4744
xmodelmesh,#hash_3293803b8bdea564
xmodelmesh,#hash_3297159f7b1e60dc
xmodelmesh,#hash_329dbc73f4c8c465
xmodelmesh,#hash_32affbd7a19c35da
xmodelmesh,#hash_32b4969194de4ce7
xmodelmesh,#hash_32bb025ec0e64528
xmodelmesh,#hash_32ca2d90a986b248
xmodelmesh,#hash_32d3f5dbc1a5c39d
xmodelmesh,#hash_32e1b264b2980f0a
xmodelmesh,#hash_32e524038147f30e
xmodelmesh,#hash_32e8b1dbac23ab6d
xmodelmesh,#hash_32ede907f0c6bb2b
xmodelmesh,#hash_32ee8eaa18faba4c
xmodelmesh,#hash_32f114a76f525187
xmodelmesh,#hash_32f696d748d21cc2
xmodelmesh,#hash_32f9a1dcafdadba6
xmodelmesh,#hash_32fde016dfafd2aa
xmodelmesh,#hash_32fedb78610aa6f6
xmodelmesh,#hash_3301e72d6469ccdd
xmodelmesh,#hash_33097025eb494a20
xmodelmesh,#hash_330a6bc503a1deb5
xmodelmesh,#hash_330eaa6369249ddc
xmodelmesh,#hash_3314fe74eef4545e
xmodelmesh,#hash_3319467506bbfef0
xmodelmesh,#hash_33221d2f916daa4c
xmodelmesh,#hash_3323af82e623eb7e
xmodelmesh,#hash_33245331a4999cc4
xmodelmesh,#hash_332a21b18526649a
xmodelmesh,#hash_333090c356bc1a29
xmodelmesh,#hash_33349b7a1f398853
xmodelmesh,#hash_333a66b0175cfaae
xmodelmesh,#hash_333d1b11dcbb28c8
xmodelmesh,#hash_334204b0ee9c7d71
xmodelmesh,#hash_334230580a462cbd
xmodelmesh,#hash_3345ce36413dc5b7
xmodelmesh,#hash_334e9867637a1b0c
xmodelmesh,#hash_334f63981cba07a3
xmodelmesh,#hash_3353a65a63b20e3a
xmodelmesh,#hash_33590fe307e70430
xmodelmesh,#hash_335a89ee64c9b70f
xmodelmesh,d#hash_335faf399ea0581c
xmodelmesh,#hash_3366eca7b060edd4
xmodelmesh,#hash_336f4732f2088ee4
xmodelmesh,#hash_3372b321da4d7472
xmodelmesh,#hash_337699968495f1bf
xmodelmesh,#hash_337ecd3ec99626af
xmodelmesh,#hash_3381f8bb69847c63
xmodelmesh,#hash_338e92d3d38d7164
xmodelmesh,#hash_3394f07d27a4f6d3
xmodelmesh,#hash_33a6b71ac49890b7
xmodelmesh,#hash_33a9b981297360eb
xmodelmesh,#hash_33aa0414cab578b3
xmodelmesh,#hash_33b065547ea524d6
xmodelmesh,#hash_33b405b591c70dc9
xmodelmesh,#hash_33b7b671cdf2f364
xmodelmesh,#hash_33b87ad7a4223ac7
xmodelmesh,#hash_33d1a18ec85f8e83
xmodelmesh,#hash_33d2867397e5b4f2
xmodelmesh,#hash_33ded7a86f971a2b
xmodelmesh,#hash_33ea101c14f708fb
xmodelmesh,#hash_3425016b53cd66c1
xmodelmesh,#hash_34451a383a4fb25a
xmodelmesh,#hash_34480271df664460
xmodelmesh,#hash_344b509474e0476a
xmodelmesh,#hash_344d24d0f3f7d60e
xmodelmesh,#hash_344d5edc1f828a1d
xmodelmesh,#hash_344e3dcee68858c9
xmodelmesh,#hash_3451365b3a98e5a1
xmodelmesh,d#hash_346667a20c702dd3
xmodelmesh,#hash_347f4912b021b8a3
xmodelmesh,#hash_348995a129e8bd60
xmodelmesh,d#hash_34960ce983f5cc0f
xmodelmesh,#hash_349b71eb5a29cd94
xmodelmesh,#hash_349f9146bdaae04e
xmodelmesh,#hash_34a93d8f76134e4b
xmodelmesh,#hash_34ae09b4a24e5826
xmodelmesh,#hash_34ae403fa55da823
xmodelmesh,#hash_34aeda4dcdc86ac1
xmodelmesh,#hash_34af8753f35c846b
xmodelmesh,#hash_34b3815605f111db
xmodelmesh,#hash_34b44df222d1d9f9
xmodelmesh,#hash_34c5304815123186
xmodelmesh,#hash_34c87ce3d06b1e9a
xmodelmesh,#hash_34cf35afa1b4cd79
xmodelmesh,#hash_34d7478f39a9b17b
xmodelmesh,#hash_34e0b2c1cee3560f
xmodelmesh,#hash_34e0f78062b7dd22
xmodelmesh,#hash_34e711f68a026425
xmodelmesh,#hash_34ed3e69c117d1f3
xmodelmesh,#hash_34f5987ee2eb471e
xmodelmesh,#hash_34fd35dbb57614f9
xmodelmesh,#hash_3501499f1e13a86b
xmodelmesh,#hash_35024375cbb80e16
xmodelmesh,#hash_35034e57f9b8d7b9
xmodelmesh,#hash_3504b3ac79e66393
xmodelmesh,#hash_350928ed59e65e32
xmodelmesh,#hash_350b409dd2c5f9c2
xmodelmesh,#hash_351315c2dc5e66cb
xmodelmesh,#hash_3517dde2b4527615
xmodelmesh,#hash_35181606e9cb6c25
xmodelmesh,#hash_352661478ea5104e
xmodelmesh,#hash_353ca48a9b94b8fe
xmodelmesh,#hash_353dcdafb2838569
xmodelmesh,#hash_3548e27ea749f297
xmodelmesh,#hash_355530ac9e25262b
xmodelmesh,#hash_355e6cd012104a92
xmodelmesh,#hash_35676326af9786f6
xmodelmesh,#hash_356a04dd60d6397c
xmodelmesh,#hash_356a36361a077f5d
xmodelmesh,#hash_356b2743c35d3ddc
xmodelmesh,d#hash_356c9bff8256ce3e
xmodelmesh,#hash_356d0e2ad169d132
xmodelmesh,#hash_356ef2d79523ede5
xmodelmesh,#hash_357389b8bacb27df
xmodelmesh,#hash_357698da5b012980
xmodelmesh,#hash_3578668ca4be0b2a
xmodelmesh,#hash_357b48e6b8be8ea7
xmodelmesh,#hash_35881bcf4568c4fa
xmodelmesh,#hash_3595a0ce82845b6d
xmodelmesh,#hash_35a18131e0566b4c
xmodelmesh,#hash_35a6a942baad2922
xmodelmesh,#hash_35afa3bf317750ff
xmodelmesh,#hash_35b2c736f2e786d1
xmodelmesh,#hash_35b8dc38c6a0b55a
xmodelmesh,#hash_35b95c31b65ac60c
xmodelmesh,#hash_35b9bc138218372a
xmodelmesh,#hash_35c3c468953d22e7
xmodelmesh,#hash_35d3aae54027e57b
xmodelmesh,#hash_35dccf2d33a7854d
xmodelmesh,#hash_35e54e24014f3ac2
xmodelmesh,#hash_35e65933a9f8317b
xmodelmesh,#hash_35fd32e8c211e24f
xmodelmesh,#hash_3608c58a112c01ab
xmodelmesh,#hash_36092f6b7211b21b
xmodelmesh,#hash_360af58140c97b3f
xmodelmesh,#hash_3611cd6cb7f8aa2a
xmodelmesh,#hash_361604d2e9a1e9b7
xmodelmesh,#hash_3622c0fe37f12859
xmodelmesh,#hash_3623889a246f60c0
xmodelmesh,#hash_36253be98ee66478
xmodelmesh,#hash_363186cfc88f5334
xmodelmesh,#hash_36330de5c90cc435
xmodelmesh,d#hash_363b2e7491dbe40b
xmodelmesh,#hash_364052f1ab121849
xmodelmesh,#hash_3642cded0bb21664
xmodelmesh,#hash_365149972b61acdc
xmodelmesh,#hash_365c3e7ca3c4fef3
xmodelmesh,#hash_36704bf8c346e838
xmodelmesh,#hash_36777e41d48bd198
xmodelmesh,d#hash_3677f08a66ccf04d
xmodelmesh,#hash_367de93c4e1d370e
xmodelmesh,#hash_367f7d5bc3aaff14
xmodelmesh,#hash_368149eff751c14e
xmodelmesh,#hash_3687d3062d29af78
xmodelmesh,#hash_368b8df4444b01b2
xmodelmesh,#hash_36a286f59b18ab3f
xmodelmesh,#hash_36ace1574c03aaf8
xmodelmesh,#hash_36b6f5116daae5bc
xmodelmesh,#hash_36b814accee35877
xmodelmesh,d#hash_36c22aa2b991a3dd
xmodelmesh,#hash_36c39b5c4032052e
xmodelmesh,#hash_36c781e4b45cf475
xmodelmesh,#hash_36c826dac49d62ab
xmodelmesh,#hash_36cbe4c34eecb02d
xmodelmesh,#hash_36ccbf5c9b5b3eaf
xmodelmesh,#hash_36cdf35e93891c74
xmodelmesh,#hash_36d469a422ac099b
xmodelmesh,#hash_36d8eca96cc95ce5
xmodelmesh,#hash_36db400d79ac6ba2
xmodelmesh,#hash_36e421ddf3eaf5ec
xmodelmesh,#hash_36eaaf3e5a29443f
xmodelmesh,#hash_36eb57dc0dd45c0a
xmodelmesh,#hash_36ef8af84a3d4fee
xmodelmesh,#hash_36f651d5fa3ab47d
xmodelmesh,#hash_36fba0cde3d9f843
xmodelmesh,#hash_36fcaedeacb9f1da
xmodelmesh,#hash_37121f32ba927e4c
xmodelmesh,#hash_37173b790ee4ff8e
xmodelmesh,#hash_372adf9196055583
xmodelmesh,#hash_3732e61f658f8869
xmodelmesh,#hash_3739113456b11b16
xmodelmesh,#hash_3752f6cade7090df
xmodelmesh,#hash_375849974cb75c4f
xmodelmesh,#hash_3761a8232d4ecf5e
xmodelmesh,#hash_3765b0502e605f4a
xmodelmesh,#hash_3769aad6f0b2149c
xmodelmesh,#hash_376a1c448bedf497
xmodelmesh,#hash_377480d758ff988a
xmodelmesh,#hash_37756648160de00c
xmodelmesh,#hash_377f5fbc5b674d4f
xmodelmesh,#hash_379406b7b9fd6976
xmodelmesh,#hash_37944a04ce4d7edb
xmodelmesh,#hash_37979d02b4d1d5f0
xmodelmesh,#hash_37aafea4c8b9265e
xmodelmesh,#hash_37ae0a141982e4e2
xmodelmesh,#hash_37b369a8a9b86869
xmodelmesh,#hash_37c727c158572bd7
xmodelmesh,d#hash_37ce78e4a7839658
xmodelmesh,#hash_37cf03fb7fabfe5e
xmodelmesh,#hash_37d5f0dd3f51b483
xmodelmesh,#hash_37d867524d91d482
xmodelmesh,#hash_37e4da2b2caaecf1
xmodelmesh,#hash_37e80b023527abac
xmodelmesh,#hash_37ee6b71b40fc015
xmodelmesh,#hash_37f22dfadfc72a83
xmodelmesh,#hash_37f30f8295f11a14
xmodelmesh,#hash_3801324912636282
xmodelmesh,#hash_3808c2bf6e90f7a8
xmodelmesh,#hash_38093b337eb6220f
xmodelmesh,#hash_381a7d22a86eb2e9
xmodelmesh,#hash_381f8f225cad86e4
xmodelmesh,#hash_3821c69a79a62c4f
xmodelmesh,#hash_3822928464f6c25d
xmodelmesh,#hash_3835dc314d741958
xmodelmesh,d#hash_384718c8536604b4
xmodelmesh,#hash_3856b6c3f1e5add1
xmodelmesh,#hash_3857fb890f45be8f
xmodelmesh,#hash_38621a68a23acd52
xmodelmesh,#hash_386b042a58917c89
xmodelmesh,#hash_38709846d3925006
xmodelmesh,#hash_387277d20779c455
xmodelmesh,#hash_38983b32b0f66947
xmodelmesh,#hash_389cc09202d03bd7
xmodelmesh,#hash_38a2dd5d91a68344
xmodelmesh,#hash_38abd0c2bbe07d91
xmodelmesh,#hash_38b95f3a804f4e59
xmodelmesh,#hash_38bbca33da8c6e69
xmodelmesh,#hash_38c12c5fed38de14
xmodelmesh,#hash_38c79f1b2c2717f2
xmodelmesh,d#hash_38dd009b320df3ba
xmodelmesh,#hash_3914296f45eb855e
xmodelmesh,#hash_3921069d9e45fa44
xmodelmesh,#hash_3922d60b846412dc
xmodelmesh,#hash_3922e52774b2e8ae
xmodelmesh,#hash_3923839b08eaeb66
xmodelmesh,#hash_392450d7ee5f88db
xmodelmesh,#hash_3929a059e011b7e9
xmodelmesh,#hash_392c495d8fe8e172
xmodelmesh,#hash_392dcb2584abefab
xmodelmesh,#hash_393b2d355cc533f5
xmodelmesh,#hash_39471b132fb25f58
xmodelmesh,#hash_39487d3f37efecd8
xmodelmesh,#hash_394c76f107421fca
xmodelmesh,#hash_395d9a462ace390a
xmodelmesh,#hash_395dfb1b9ee63c35
xmodelmesh,#hash_396014892b375564
xmodelmesh,#hash_39616b6caaeb1518
xmodelmesh,#hash_396455cc38a96476
xmodelmesh,#hash_396480eed5207732
xmodelmesh,#hash_3969a31d3416fd9b
xmodelmesh,#hash_3972bbbd05881a9e
xmodelmesh,#hash_3990b3f8daf53957
xmodelmesh,#hash_3994684a1732e4f4
xmodelmesh,#hash_399ce4d21d0bdeb1
xmodelmesh,#hash_399f6d0f677ad153
xmodelmesh,#hash_39a13ae73c4aff79
xmodelmesh,#hash_39aef6bf763ddb6a
xmodelmesh,#hash_39b0c8ef8924c4b2
xmodelmesh,#hash_39badee35066ea53
xmodelmesh,#hash_39beb738053b764d
xmodelmesh,#hash_39c536b94c076af3
xmodelmesh,#hash_39c9148060bec29a
xmodelmesh,#hash_39d2a8c7ce7bde06
xmodelmesh,#hash_39d7784bb154073a
xmodelmesh,#hash_39db324ba429efb9
xmodelmesh,#hash_39def8b9b0476605
xmodelmesh,#hash_39e48b191bcf91b0
xmodelmesh,#hash_39e8f3f098ca8c39
xmodelmesh,#hash_3a1e2e3279146c6d
xmodelmesh,#hash_3a2dcf6e5d6afffd
xmodelmesh,#hash_3a2f9be8aa5b974a
xmodelmesh,#hash_3a405a2dbd905d7e
xmodelmesh,#hash_3a555e0e371a065c
xmodelmesh,#hash_3a557069cb78cbfa
xmodelmesh,#hash_3a65e8ee37fc93af
xmodelmesh,#hash_3a680ebca6fde8e7
xmodelmesh,#hash_3a691285df0a58f9
xmodelmesh,#hash_3a6ef4f6aab6649f
xmodelmesh,#hash_3a6ff52f5332de8e
xmodelmesh,#hash_3a76c3325705d87d
xmodelmesh,#hash_3a7d30acc7771bba
xmodelmesh,#hash_3a82b41ee2d01ed1
xmodelmesh,d#hash_3a8be105b09676ff
xmodelmesh,#hash_3a9c6f01db5556ef
xmodelmesh,#hash_3aa291b8150af46a
xmodelmesh,#hash_3aab1c790ed027bc
xmodelmesh,#hash_3ac9763318d0401f
xmodelmesh,#hash_3ac9e4eb9646595a
xmodelmesh,#hash_3ae0961a9983fe36
xmodelmesh,#hash_3af8b0f4448cc6bb
xmodelmesh,#hash_3b00f50859866598
xmodelmesh,#hash_3b08427d434d9e06
xmodelmesh,#hash_3b10614dd9ba0d12
xmodelmesh,#hash_3b13d299c3a0f6b2
xmodelmesh,#hash_3b14a23ef785b843
xmodelmesh,#hash_3b1a76a92b664d6d
xmodelmesh,#hash_3b1c056ea5c3140f
xmodelmesh,#hash_3b1ef4406ac15383
xmodelmesh,#hash_3b3868927ae4137c
xmodelmesh,#hash_3b4f957f9819a226
xmodelmesh,#hash_3b50e7cc2d2dbac1
xmodelmesh,#hash_3b5bf11411b9a92d
xmodelmesh,#hash_3b5f5ae975bb7f2c
xmodelmesh,#hash_3b64b7f5c1d1b3e2
xmodelmesh,#hash_3b6903fc0d1a72b6
xmodelmesh,#hash_3b6b0b0b9700b6c0
xmodelmesh,#hash_3b6e1cf1e221b29d
xmodelmesh,#hash_3b734521fa8533dd
xmodelmesh,#hash_3b92e684fe2db350
xmodelmesh,#hash_3b9f8a7eadf4ce03
xmodelmesh,#hash_3ba3369b16498c67
xmodelmesh,#hash_3bb4eae02db6e59d
xmodelmesh,#hash_3bb5e8682ecb997a
xmodelmesh,#hash_3bb8c8a4b9119401
xmodelmesh,#hash_3bce1585cc87055f
xmodelmesh,#hash_3bd986e4adc91a72
xmodelmesh,#hash_3be2522c0186bc2c
xmodelmesh,#hash_3beb5aad97f8c617
xmodelmesh,#hash_3bf8072bd9357092
xmodelmesh,#hash_3c0c25fcb8c08c90
xmodelmesh,#hash_3c0c9eb697564567
xmodelmesh,#hash_3c0ca32dce58c48d
xmodelmesh,#hash_3c0e7fe8c18c3944
xmodelmesh,d#hash_3c1a01d0b8dda096
xmodelmesh,#hash_3c2f434deb7f89ba
xmodelmesh,#hash_3c33f40d528a3d42
xmodelmesh,#hash_3c3c22822c4f8726
xmodelmesh,#hash_3c3ee78a93f11843
xmodelmesh,#hash_3c44af0c6ee455c7
xmodelmesh,#hash_3c455480648c7268
xmodelmesh,#hash_3c502fdac1711e80
xmodelmesh,#hash_3c5b4a6c04574e1f
xmodelmesh,#hash_3c67a7eed334c1ba
xmodelmesh,#hash_3c77bcd1dc79baae
xmodelmesh,#hash_3c796ba6af36d3c5
xmodelmesh,#hash_3c7ce11b922dac9d
xmodelmesh,#hash_3c8029522c5e81af
xmodelmesh,#hash_3caf6946f6fef904
xmodelmesh,#hash_3cb2b408411f8559
xmodelmesh,#hash_3cb83de7a47926a6
xmodelmesh,#hash_3cc70b4d605a9a2c
xmodelmesh,#hash_3cda35d0e2a309c4
xmodelmesh,#hash_3ce5055760f23b12
xmodelmesh,#hash_3ce5e1399a6b6ca4
xmodelmesh,#hash_3cea5af3aa4b9722
xmodelmesh,#hash_3cf00fc2158c8cd9
xmodelmesh,#hash_3cf3da9fca5e6428
xmodelmesh,#hash_3d1c69c6ed60a911
xmodelmesh,#hash_3d1e4737d7ba23cf
xmodelmesh,#hash_3d216b4c4217112c
xmodelmesh,#hash_3d265cb2298675a1
xmodelmesh,d#hash_3d26f680cb725382
xmodelmesh,#hash_3d38173ee2780f77
xmodelmesh,#hash_3d406d3a43bf6689
xmodelmesh,#hash_3d4fcbef8615da80
xmodelmesh,#hash_3d5c616ec4855003
xmodelmesh,#hash_3d60a27053d5de5e
xmodelmesh,#hash_3d64ace10dcb151c
xmodelmesh,#hash_3d73155ddc35bb44
xmodelmesh,#hash_3d758b0c0dee810e
xmodelmesh,#hash_3d81c7cc512cb980
xmodelmesh,#hash_3d855c6c4e397e1c
xmodelmesh,#hash_3d8d5a4fd0fe7ac5
xmodelmesh,#hash_3d8e1f07e9378033
xmodelmesh,#hash_3d907b532427e3aa
xmodelmesh,#hash_3d9c5d4339f215b5
xmodelmesh,#hash_3dbb9f8ccd16ec33
xmodelmesh,#hash_3dcbaa376c4bf51e
xmodelmesh,#hash_3dce8e3d01297d5b
xmodelmesh,#hash_3dd2679f4bba73f9
xmodelmesh,#hash_3de60b3bac00c4ce
xmodelmesh,#hash_3dfaef98807d5661
xmodelmesh,#hash_3e015fceacad7ce0
xmodelmesh,#hash_3e02d96bad222b3f
xmodelmesh,#hash_3e09492182d61c41
xmodelmesh,#hash_3e0dd0e5ea74e8d5
xmodelmesh,#hash_3e14553532315600
xmodelmesh,#hash_3e1d58fb2164def0
xmodelmesh,#hash_3e2c27542135f302
xmodelmesh,#hash_3e32215d3d1a1b7d
xmodelmesh,#hash_3e3260ec4044acc8
xmodelmesh,#hash_3e36d01ff5682393
xmodelmesh,#hash_3e4866dcfbcebc04
xmodelmesh,#hash_3e6c4e67021d96ef
xmodelmesh,#hash_3e6f0ad3a788bb04
xmodelmesh,#hash_3e725e29dd7bcb90
xmodelmesh,#hash_3e79a57df3788a1e
xmodelmesh,#hash_3e7d89e820dfd58f
xmodelmesh,#hash_3e7e3d4470dbedc8
xmodelmesh,#hash_3e8433efa656c040
xmodelmesh,#hash_3e97633d8a624ce7
xmodelmesh,#hash_3e9c0e0f0cccbf1e
xmodelmesh,#hash_3e9d9fc2f84a0538
xmodelmesh,#hash_3eb24608997a69cb
xmodelmesh,#hash_3ebd8a99817f3edf
xmodelmesh,#hash_3ebf0c7b061a8118
xmodelmesh,#hash_3ec5a083a024b229
xmodelmesh,#hash_3ec5d19724bd12b9
xmodelmesh,#hash_3eca4b3ed80c6773
xmodelmesh,#hash_3ecfa96280a583a0
xmodelmesh,#hash_3ecfd7ede815b393
xmodelmesh,#hash_3ed0603edd9e5342
xmodelmesh,#hash_3ede18646d0dd036
xmodelmesh,#hash_3ee1d3e6aa6bb49e
xmodelmesh,#hash_3eec95303c08ce10
xmodelmesh,#hash_3ef4d5bf97de2db5
xmodelmesh,#hash_3effeb345b204b86
xmodelmesh,#hash_3f01af7766d2094c
xmodelmesh,#hash_3f0c9c95343ac871
xmodelmesh,#hash_3f1fc3335c99d886
xmodelmesh,#hash_3f2170dd2c6f9487
xmodelmesh,#hash_3f21ea063b83fed2
xmodelmesh,#hash_3f35cae33cb55687
xmodelmesh,#hash_3f3e4bb2a15fc722
xmodelmesh,#hash_3f4560c4c0b5671b
xmodelmesh,d#hash_3f45c879d6d0221a
xmodelmesh,#hash_3f48114e01b48c30
xmodelmesh,#hash_3f5264c7873d1833
xmodelmesh,#hash_3f551f293a1e0d5d
xmodelmesh,#hash_3f56009b3133e63c
xmodelmesh,#hash_3f64cd83a6ec16aa
xmodelmesh,#hash_3f65f4dcbaf9c83b
xmodelmesh,#hash_3f6fb1df1e747680
xmodelmesh,d#hash_3f743b301aea1ef0
xmodelmesh,#hash_3f754aa7dbe58c09
xmodelmesh,#hash_3f7b37ef2f450836
xmodelmesh,#hash_3f86926df6c7d6a7
xmodelmesh,#hash_3f8b7934714e2a8d
xmodelmesh,#hash_3fa0bd82b843ccba
xmodelmesh,#hash_3fa1199379bc43d3
xmodelmesh,d#hash_3fa487c6ee72b062
xmodelmesh,#hash_3faa053d1551660d
xmodelmesh,#hash_3fb245cb410e77ee
xmodelmesh,#hash_3fc60be2dbe6e1ab
xmodelmesh,#hash_3fcda546527cb96f
xmodelmesh,#hash_3fd05106dddccfff
xmodelmesh,#hash_3fd3aadda75bc26e
xmodelmesh,#hash_3fe83191d2cc1c2f
xmodelmesh,#hash_3fedd79f61ddd11e
xmodelmesh,#hash_400961764130ad7a
xmodelmesh,#hash_401087e86a582758
xmodelmesh,#hash_401a334eef84f2c0
xmodelmesh,#hash_402817d2742ed979
xmodelmesh,#hash_402e1828c0877b35
xmodelmesh,#hash_4031fb5c90311368
xmodelmesh,#hash_4046cb474d3129c4
xmodelmesh,#hash_4055fd69746ddad0
xmodelmesh,#hash_40561ed5a0e84019
xmodelmesh,#hash_405a3387ae6e3135
xmodelmesh,#hash_405ab6ec80d3948d
xmodelmesh,#hash_407243dd459f46bb
xmodelmesh,#hash_4074cc1ab6c6f320
xmodelmesh,#hash_408980d18efb8e8d
xmodelmesh,#hash_408d4d9558ed776b
xmodelmesh,#hash_4090936bdb280fbc
xmodelmesh,#hash_40979a643e0041b4
xmodelmesh,#hash_40997dc8ae5e4a99
xmodelmesh,#hash_409bef1f9fda3dbf
xmodelmesh,#hash_409ffc019eb97193
xmodelmesh,#hash_40a34d5c22444f2e
xmodelmesh,#hash_40a912d6ca872a5e
xmodelmesh,#hash_40aac2fea510434b
xmodelmesh,#hash_40ba11be7340b704
xmodelmesh,#hash_40da944c132806dc
xmodelmesh,#hash_40db441d0bd435d0
xmodelmesh,#hash_40e0e62bc1d125ae
xmodelmesh,#hash_40f02ff39eafec0e
xmodelmesh,#hash_40ff1ca39795f1b3
xmodelmesh,#hash_4104482face9fb32
xmodelmesh,#hash_410ca0c25c370a67
xmodelmesh,#hash_41130bbaf57c6c3f
xmodelmesh,#hash_4115628edc60a11d
xmodelmesh,#hash_4115ae403d999d6f
xmodelmesh,#hash_411c78808cb46fb4
xmodelmesh,#hash_411f11f5870d20bc
xmodelmesh,#hash_41209523223a4e3f
xmodelmesh,#hash_41216852d4b6a47f
xmodelmesh,#hash_41376a25ae08eb5f
xmodelmesh,#hash_413be1beb6045813
xmodelmesh,#hash_41456e9b05b915e4
xmodelmesh,#hash_41523829c2527ace
xmodelmesh,#hash_4157b622886ac74d
xmodelmesh,#hash_4157ea6d18c37a73
xmodelmesh,#hash_4158dda78f599fd9
xmodelmesh,#hash_4160ed05808d9434
xmodelmesh,#hash_41701dc9da915d90
xmodelmesh,#hash_417218c32209e57d
xmodelmesh,#hash_4185352f733f87ba
xmodelmesh,#hash_419207a77048aa08
xmodelmesh,#hash_4193585ae35586b2
xmodelmesh,#hash_419a4ece0872f3b9
xmodelmesh,#hash_41a3c9428da2acc7
xmodelmesh,#hash_41a4ef24906d3462
xmodelmesh,#hash_41a6caf0f270de94
xmodelmesh,#hash_41ac82a349ff59ab
xmodelmesh,#hash_41c8cdd3807e4c7f
xmodelmesh,#hash_41cbfcea160edeb1
xmodelmesh,#hash_41d850caf394b68f
xmodelmesh,#hash_41da2466fe3a6a1c
xmodelmesh,#hash_41e00b87c9c7efba
xmodelmesh,#hash_41e99b36c38cc28a
xmodelmesh,#hash_41eb43444abf7f0c
xmodelmesh,#hash_420d0263d2f2a8fc
xmodelmesh,#hash_4214b322eca259f9
xmodelmesh,#hash_422faf8a15539b20
xmodelmesh,#hash_42351d2c1d056dc0
xmodelmesh,#hash_4250560300389195
xmodelmesh,#hash_4257b3bae8b9ab7d
xmodelmesh,d#hash_42636fb0ddc28b5f
xmodelmesh,#hash_42735165cfcb561b
xmodelmesh,#hash_42738939ad6f005a
xmodelmesh,#hash_4277cb0502c7c22d
xmodelmesh,#hash_42857cb72e5f5537
xmodelmesh,#hash_428eba8234ba23cc
xmodelmesh,#hash_42a49cbf56cc38fd
xmodelmesh,#hash_42ac46db5757f6ea
xmodelmesh,#hash_42c219f5938a5944
xmodelmesh,#hash_42c4ccc5a542d9c4
xmodelmesh,#hash_42c4ef2026e683b2
xmodelmesh,#hash_42ca0b2cec038118
xmodelmesh,#hash_42cd61644267990e
xmodelmesh,#hash_42cd77104b648463
xmodelmesh,#hash_42d69ee2058c3843
xmodelmesh,#hash_42d8bf819e272ab2
xmodelmesh,#hash_42ec7c83adf6860a
xmodelmesh,#hash_42f0db83a26848a7
xmodelmesh,#hash_42f0f0109f144835
xmodelmesh,#hash_42f6440983fd62e4
xmodelmesh,#hash_42fc1f699fb6418d
xmodelmesh,#hash_430961f79e45c949
xmodelmesh,#hash_430f36c8d8d97708
xmodelmesh,#hash_431186df8956c975
xmodelmesh,#hash_4317bb16b5c9d74f
xmodelmesh,d#hash_4319db6a0a886ed6
xmodelmesh,#hash_4333632c0ff09944
xmodelmesh,#hash_4333a9d97de72b1c
xmodelmesh,#hash_433cabd5cb4d07b9
xmodelmesh,#hash_433dd8d09aa7cc40
xmodelmesh,#hash_434766062315acc9
xmodelmesh,#hash_43497c63af7ab321
xmodelmesh,#hash_434c5bc9c189a0d7
xmodelmesh,#hash_4366438ded8e6a2b
xmodelmesh,#hash_43697a11777c4e70
xmodelmesh,#hash_436d6252ee116728
xmodelmesh,#hash_436f898d5556b0b3
xmodelmesh,#hash_4376c1caa79c1907
xmodelmesh,#hash_4377dcf1e5f5ba5f
xmodelmesh,#hash_437d217db5ec8bd0
xmodelmesh,#hash_4392cfc7dcb7cdaa
xmodelmesh,#hash_43941d6bde98b629
xmodelmesh,#hash_4394e92736d5b462
xmodelmesh,#hash_439a37a972a476a7
xmodelmesh,#hash_439b59fcacfc5665
xmodelmesh,#hash_439c4b7feefce5a7
xmodelmesh,#hash_439eb4df489f9f69
xmodelmesh,#hash_43aef89f4231e64d
xmodelmesh,#hash_43b69fafe4cea3f9
xmodelmesh,#hash_43bd8178eb51e070
xmodelmesh,#hash_43c18b2f36e17236
xmodelmesh,#hash_43c4bf797667d332
xmodelmesh,#hash_43c803ed9f04f006
xmodelmesh,#hash_43cdfaf1da66bd12
xmodelmesh,#hash_43d1aa71bb976ed3
xmodelmesh,#hash_43d2c6511c21907f
xmodelmesh,#hash_43d8a6dbaa1aefb6
xmodelmesh,#hash_43d96bdef4a91c25
xmodelmesh,#hash_43e7fe5ec662ba30
xmodelmesh,#hash_43ea62afdf622f97
xmodelmesh,#hash_43ebd8178aca9af3
xmodelmesh,#hash_43f3e78f4180fdcc
xmodelmesh,#hash_43f7f404cda0be21
xmodelmesh,#hash_43f963004448c57d
xmodelmesh,#hash_43fc564d39b3d1b6
xmodelmesh,#hash_440ae9d326d7301b
xmodelmesh,#hash_440e651f9cec9fc5
xmodelmesh,#hash_44177bd5df996a13
xmodelmesh,#hash_4421a2bf66a6245c
xmodelmesh,#hash_4421c24f802d41ad
xmodelmesh,#hash_44232ecfe82003f4
xmodelmesh,#hash_443901b4f210b31b
xmodelmesh,#hash_4439499668b071cf
xmodelmesh,#hash_4441b9b202d97c8b
xmodelmesh,#hash_444a48eff23850ea
xmodelmesh,#hash_444b98f36c30aebc
xmodelmesh,#hash_4453e714c0a2940f
xmodelmesh,#hash_446503c15f2790f9
xmodelmesh,#hash_4474dbed833a63bf
xmodelmesh,#hash_447ba7a2e6d5be49
xmodelmesh,#hash_448456d408ee074c
xmodelmesh,#hash_448eaeb44decf47d
xmodelmesh,#hash_4490c2cba8d53953
xmodelmesh,#hash_449d24bcb8b5808a
xmodelmesh,#hash_44a25c205fece6b6
xmodelmesh,#hash_44a7bd1372688991
xmodelmesh,#hash_44a8df3702cff517
xmodelmesh,#hash_44af81462b04a096
xmodelmesh,#hash_44cb7d579c8d66bb
xmodelmesh,#hash_44fcaea0d7cb7189
xmodelmesh,#hash_44ffdfb42849d35f
xmodelmesh,#hash_45058256973e612c
xmodelmesh,#hash_45143a27d7a27540
xmodelmesh,#hash_4516026da9fdbb74
xmodelmesh,#hash_4526a5fc8537dce1
xmodelmesh,#hash_4541d8c7e3b05a82
xmodelmesh,#hash_454c96a19460cca9
xmodelmesh,#hash_4555c5063b51409f
xmodelmesh,#hash_45585985531c2efc
xmodelmesh,#hash_4558648aa30d9d55
xmodelmesh,#hash_455c5d4a3476f2d6
xmodelmesh,#hash_455e6e78698161ec
xmodelmesh,#hash_45631adfb26af7d4
xmodelmesh,#hash_456b8349dc0b95ee
xmodelmesh,#hash_456d42a419cb3513
xmodelmesh,#hash_457599096623d1d4
xmodelmesh,#hash_458718fe02cc4ca9
xmodelmesh,d#hash_458793a8b7af7d4f
xmodelmesh,d#hash_459181edf9846894
xmodelmesh,#hash_45a2c7b60ee1f8a9
xmodelmesh,#hash_45a6b1864ce2c108
xmodelmesh,#hash_45aa4bbbe67beb73
xmodelmesh,#hash_45afe48ad076fc4e
xmodelmesh,#hash_45b122a8aeee5c69
xmodelmesh,#hash_45bab16c7f3891a9
xmodelmesh,#hash_45c75a5160f38f17
xmodelmesh,#hash_45c8b75d6d3c198b
xmodelmesh,#hash_45cae45a2a31f844
xmodelmesh,#hash_45cb647fa9d753b6
xmodelmesh,#hash_45d05f00d67efde7
xmodelmesh,#hash_45daec97e938433a
xmodelmesh,#hash_45e75c617e689709
xmodelmesh,#hash_4605968ddc93a40f
xmodelmesh,#hash_4609c2dce01d7ef9
xmodelmesh,#hash_460cbbab24d1fcbf
xmodelmesh,#hash_4610fcebba82f422
xmodelmesh,#hash_461105f112979749
xmodelmesh,#hash_4614b79f2aef4c38
xmodelmesh,#hash_46171b7ed1563b54
xmodelmesh,#hash_461c3f558d2b4151
xmodelmesh,#hash_46257b8d898e7b88
xmodelmesh,#hash_4627a72566e7fd9a
xmodelmesh,#hash_4627c61c49963a6b
xmodelmesh,#hash_462952670da9f4bb
xmodelmesh,#hash_462b633acbef3217
xmodelmesh,#hash_462ed6a5e1c1ef21
xmodelmesh,#hash_46337691a79cf6d7
xmodelmesh,#hash_4635b35d0288f911
xmodelmesh,#hash_464768308a821b95
xmodelmesh,#hash_464bb67331b5afe0
xmodelmesh,#hash_465d48e8cb18ec06
xmodelmesh,#hash_466953a7ffda0c00
xmodelmesh,#hash_466ceeab6fa6bc57
xmodelmesh,#hash_46861d6763c68237
xmodelmesh,#hash_4686fd3b7b3bfb93
xmodelmesh,#hash_468d6113fe66c819
xmodelmesh,#hash_46955d60f8ba3641
xmodelmesh,#hash_46a1c7384730b7cf
xmodelmesh,#hash_46a2704ea4cf3368
xmodelmesh,#hash_46aaf14aa1f80f15
xmodelmesh,#hash_46b200a42fe074fa
xmodelmesh,#hash_46b46509319192ec
xmodelmesh,#hash_46c7e6b6af5614b6
xmodelmesh,#hash_46cc565110138ebc
xmodelmesh,#hash_46d35971a29ab1b4
xmodelmesh,d#hash_46e087ff4a678324
xmodelmesh,#hash_46e1482009e1e926
xmodelmesh,#hash_46edcd39b2ae83db
xmodelmesh,#hash_46f848921d5a0eca
xmodelmesh,#hash_46fb27bbb3289647
xmodelmesh,#hash_470577dfe32effe7
xmodelmesh,#hash_47063d5430061880
xmodelmesh,#hash_4709d2ff77b31afb
xmodelmesh,#hash_470b909e4d1730ad
xmodelmesh,#hash_470d9f5051315574
xmodelmesh,#hash_4717b451c02b4e73
xmodelmesh,#hash_471a769ea0df5986
xmodelmesh,#hash_472174cf2bad94b1
xmodelmesh,d#hash_472884cb51449201
xmodelmesh,#hash_472942878823c3e8
xmodelmesh,#hash_472a5c207f07eb70
xmodelmesh,#hash_4731be61568cc5f6
xmodelmesh,#hash_4735bb50e1deb004
xmodelmesh,#hash_4739d537ca09e187
xmodelmesh,#hash_474695a2b8f26ae9
xmodelmesh,#hash_4748072fae36621e
xmodelmesh,#hash_474dcd40501d7407
xmodelmesh,#hash_475676537edd566d
xmodelmesh,#hash_475cc6411a2a28c7
xmodelmesh,#hash_475f8eade130026c
xmodelmesh,#hash_4761c035f305912d
xmodelmesh,#hash_47636412b123255d
xmodelmesh,#hash_476989e14b3221a3
xmodelmesh,#hash_476f50ef6eca17a7
xmodelmesh,#hash_4772de5ebddd9599
xmodelmesh,#hash_478aa113eb76b89a
xmodelmesh,#hash_478e8fbca64fef8f
xmodelmesh,#hash_478f6b7fce964e05
xmodelmesh,#hash_479b86da09c7f148
xmodelmesh,#hash_47b3222214999daf
xmodelmesh,#hash_47b7099ff8753124
xmodelmesh,#hash_47b7aa093c098f30
xmodelmesh,#hash_47bca0b8d7cd264b
xmodelmesh,#hash_47bec835b643fba0
xmodelmesh,#hash_47c05db6bccd4dae
xmodelmesh,#hash_47c92cb5adeb0c63
xmodelmesh,#hash_47ca13f1cd9296c9
xmodelmesh,#hash_47cc2b59331a1b4b
xmodelmesh,#hash_47d2650db7f128d5
xmodelmesh,#hash_47d53bcfd4d3068f
xmodelmesh,#hash_47e5b863dddb9a27
xmodelmesh,#hash_47e6ef0698ead508
xmodelmesh,#hash_47f49f1457c3e4d5
xmodelmesh,#hash_480c6146f75c9ac5
xmodelmesh,#hash_4828fcd9dcf999c7
xmodelmesh,#hash_48354246fb0fe0af
xmodelmesh,#hash_4839bccc9f616534
xmodelmesh,#hash_483cff66c9e9e089
xmodelmesh,#hash_48401c68570171ae
xmodelmesh,#hash_48437dd1fdc0d2b7
xmodelmesh,#hash_4851e712f948b3e8
xmodelmesh,#hash_4875529e3c1b78ea
xmodelmesh,#hash_487948ad08884301
xmodelmesh,#hash_488cfdaf8cb022c8
xmodelmesh,#hash_4895f22e0f9de9fa
xmodelmesh,#hash_48a4b2fc3d4a723d
xmodelmesh,#hash_48a9a8a064b94d1d
xmodelmesh,#hash_48b0651d12f52865
xmodelmesh,#hash_48b73637a9f0dcb4
xmodelmesh,#hash_48b93daf612f4db4
xmodelmesh,#hash_48c42e1af2ba4a7e
xmodelmesh,d#hash_48ca09a9561c22d4
xmodelmesh,#hash_48ca6d2c9c4fd2eb
xmodelmesh,#hash_48d7ea054f782b2f
xmodelmesh,#hash_48dc816924c1b150
xmodelmesh,#hash_48dd3de2361469fb
xmodelmesh,#hash_48e129d0d030c97d
xmodelmesh,#hash_48ea159a389c5a17
xmodelmesh,d#hash_48f8520cd267432a
xmodelmesh,#hash_48f87bf6a2720989
xmodelmesh,#hash_4902a5fdc120e29c
xmodelmesh,#hash_49122635f3cb7e31
xmodelmesh,d#hash_49131cbf48dc4a93
xmodelmesh,#hash_49168eb1c5cb29b7
xmodelmesh,#hash_49187ee0219aed88
xmodelmesh,#hash_491a8439f5a0bab7
xmodelmesh,#hash_491b1c85d23546d2
xmodelmesh,#hash_493134c9a78545b2
xmodelmesh,#hash_4937d3b58ae6aee6
xmodelmesh,#hash_49457042d7e0b703
xmodelmesh,#hash_4946a745fee94543
xmodelmesh,d#hash_494d12fd31eebd7a
xmodelmesh,#hash_4957d1c9afd47c56
xmodelmesh,#hash_495ef5ef25063967
xmodelmesh,#hash_4962113d8c43c63d
xmodelmesh,#hash_4967efe66c6079b5
xmodelmesh,#hash_4977906fe4dadf5d
xmodelmesh,#hash_497c204b30f0520e
xmodelmesh,#hash_497d35baa7043c44
xmodelmesh,#hash_4980d2f060783c30
xmodelmesh,#hash_4980f445212457ef
xmodelmesh,#hash_498648e466cf8efc
xmodelmesh,#hash_49a4cdaee23eaca9
xmodelmesh,#hash_49a7a175db56011d
xmodelmesh,#hash_49a8ca1e1d88aaf8
xmodelmesh,d#hash_49b35223a542fba7
xmodelmesh,#hash_49b610f1d321b5b3
xmodelmesh,#hash_49bce798c7f87464
xmodelmesh,#hash_49c118dbec10332e
xmodelmesh,#hash_49cf24d6af304a10
xmodelmesh,#hash_49d1eefb5698934a
xmodelmesh,#hash_49d283fbc4ec45ea
xmodelmesh,#hash_49d9a635c7b47bfc
xmodelmesh,#hash_49e67ac254b44c73
xmodelmesh,#hash_49ef79d468974fd5
xmodelmesh,#hash_49f04717b626018f
xmodelmesh,#hash_49f34740cef7cc02
xmodelmesh,#hash_49f6b0edd80eb1d4
xmodelmesh,#hash_49fad5b94bfda920
xmodelmesh,#hash_4a0066f5294fdbc3
xmodelmesh,#hash_4a016d01a90ca9cd
xmodelmesh,#hash_4a0955ccfed1f451
xmodelmesh,#hash_4a24186631c1caf5
xmodelmesh,#hash_4a25429b88e7f1e7
xmodelmesh,#hash_4a2aca8077e9dbe6
xmodelmesh,#hash_4a2d912f51fbcfab
xmodelmesh,#hash_4a44da03e9bd2193
xmodelmesh,#hash_4a4f10f0f7250bb2
xmodelmesh,#hash_4a52f048aadf1200
xmodelmesh,#hash_4a6488ceebf1c644
xmodelmesh,#hash_4a6e872dfd78efe1
xmodelmesh,#hash_4a8136a160556b02
xmodelmesh,#hash_4a965a78776b7ca6
xmodelmesh,#hash_4a994c3205b97f5b
xmodelmesh,#hash_4a9d9d2320e17466
xmodelmesh,#hash_4a9e1a19cf7a7a3c
xmodelmesh,#hash_4aa8db5b04705406
xmodelmesh,#hash_4ac35da76db36ff3
xmodelmesh,#hash_4ac58356b358d91f
xmodelmesh,#hash_4ad2e227324457d7
xmodelmesh,#hash_4ad350cca75d0ecd
xmodelmesh,#hash_4ad8b94bec749e47
xmodelmesh,#hash_4ad995fa25784973
xmodelmesh,#hash_4ae2f633122e8eba
xmodelmesh,#hash_4ae500a08758867e
xmodelmesh,#hash_4ae6f4283ce481b5
xmodelmesh,#hash_4aeac03c1ec964f3
xmodelmesh,#hash_4afe63f726c123de
xmodelmesh,#hash_4b109e0dc23ecd1e
xmodelmesh,#hash_4b1152d73e1a856e
xmodelmesh,#hash_4b1d2c91cc9ea836
xmodelmesh,#hash_4b2c149f473bf5a8
xmodelmesh,#hash_4b3347ea5d32e4dc
xmodelmesh,#hash_4b35b6836779e7b2
xmodelmesh,#hash_4b39baa7c970b7e4
xmodelmesh,#hash_4b44fa7d459a8887
xmodelmesh,#hash_4b47135bc50cdae6
xmodelmesh,#hash_4b4854a70d4ea676
xmodelmesh,#hash_4b499ea01564bc7f
xmodelmesh,#hash_4b4de59e32fb53f4
xmodelmesh,#hash_4b58ca35cb694088
xmodelmesh,#hash_4b5b5ed34f52d7af
xmodelmesh,#hash_4b5d04e7e60dfe1e
xmodelmesh,#hash_4b657e67f4a2a1a6
xmodelmesh,#hash_4b66a71aea29ddb5
xmodelmesh,#hash_4b68f8357541c217
xmodelmesh,#hash_4b8a13201d863a3b
xmodelmesh,#hash_4b961f4d4449ddb8
xmodelmesh,#hash_4ba753de9791825a
xmodelmesh,#hash_4ba843936b70a6ec
xmodelmesh,d#hash_4ba9b5cd466cb756
xmodelmesh,#hash_4bb88dbfe74fa61f
xmodelmesh,#hash_4bcc2ab80b6bd3b7
xmodelmesh,#hash_4bd3e78c754eedb9
xmodelmesh,#hash_4bd66b49c8e766ef
xmodelmesh,#hash_4bd884e2af1d5553
xmodelmesh,#hash_4bdd3464bef2e142
xmodelmesh,d#hash_4be565a30caebdeb
xmodelmesh,d#hash_4bf763fef4ad6b11
xmodelmesh,d#hash_4bfdc8725a840cf7
xmodelmesh,#hash_4c0a580f37193b70
xmodelmesh,#hash_4c0a588a40fca3ed
xmodelmesh,d#hash_4c0e1d5e286032a2
xmodelmesh,#hash_4c1c3799a07d0ce9
xmodelmesh,#hash_4c1e9d250c219869
xmodelmesh,#hash_4c302ccb01f2d842
xmodelmesh,#hash_4c3777716631b712
xmodelmesh,#hash_4c39af03d5835eea
xmodelmesh,#hash_4c5097e7ae5a0e6b
xmodelmesh,#hash_4c5742ae162da879
xmodelmesh,#hash_4c5a7962777b50ce
xmodelmesh,#hash_4c653f1e679fbcab
xmodelmesh,#hash_4c80d4e83e40a755
xmodelmesh,#hash_4c82b677d4f07a35
xmodelmesh,#hash_4c880579190f31c8
xmodelmesh,#hash_4c8c8a506b658149
xmodelmesh,d#hash_4c8e3073fe0f45ad
xmodelmesh,#hash_4c9c12aacce05829
xmodelmesh,#hash_4c9f00af4d7be5a6
xmodelmesh,#hash_4ca7aad4368b2a46
xmodelmesh,#hash_4cb775838864de29
xmodelmesh,d#hash_4ccd8c1dc01013ef
xmodelmesh,#hash_4cd5b38b1cdab44a
xmodelmesh,#hash_4cd8f52234667bf1
xmodelmesh,#hash_4ce7e3b887cadb3e
xmodelmesh,#hash_4cea192c720ce031
xmodelmesh,#hash_4cf4c236c55ea05e
xmodelmesh,#hash_4d0382674f1303a1
xmodelmesh,#hash_4d0f116a064f224e
xmodelmesh,#hash_4d13fe9c531297e4
xmodelmesh,#hash_4d185c4fd53728c5
xmodelmesh,#hash_4d19c6e83c2332ca
xmodelmesh,#hash_4d24e7decf39bfcf
xmodelmesh,#hash_4d472025f62d57ab
xmodelmesh,#hash_4d4b0830a71ed6ac
xmodelmesh,#hash_4d57d266da158999
xmodelmesh,#hash_4d63ef8eb0ed7fb1
xmodelmesh,#hash_4d702866dc7e09f6
xmodelmesh,#hash_4d73912efca9b1ac
xmodelmesh,#hash_4d7480daacd36579
xmodelmesh,#hash_4d7952f78ee11b64
xmodelmesh,#hash_4d7c874fe5abe2a6
xmodelmesh,#hash_4d83adb720e236c4
xmodelmesh,#hash_4d85ca7f573424ee
xmodelmesh,#hash_4d8845d34d22b216
xmodelmesh,#hash_4d8c3931d95eaf86
xmodelmesh,#hash_4d9703cee062b5e4
xmodelmesh,#hash_4d985fb84501fa48
xmodelmesh,#hash_4da2a6a32ba2e980
xmodelmesh,#hash_4da48774c453207e
xmodelmesh,#hash_4db76f0a7dca5fcc
xmodelmesh,#hash_4dbb93c4a06d44ed
xmodelmesh,#hash_4dbc3ec2de0b70e5
xmodelmesh,#hash_4dcd93f1592fd93e
xmodelmesh,#hash_4dd065b2d1a0757c
xmodelmesh,#hash_4dd678e3f3dd6087
xmodelmesh,#hash_4de1b466371a7569
xmodelmesh,#hash_4df0e7c369436759
xmodelmesh,#hash_4df415c96eeb9a92
xmodelmesh,#hash_4dfb9d0a5a7ebf71
xmodelmesh,#hash_4e0ff9438436d4f4
xmodelmesh,d#hash_4e1499e204e7d15b
xmodelmesh,#hash_4e219bc4a482ac82
xmodelmesh,#hash_4e25073a71244f34
xmodelmesh,#hash_4e3125472c41e37b
xmodelmesh,#hash_4e39c116a6b49d8f
xmodelmesh,#hash_4e4a233c0999b832
xmodelmesh,#hash_4e4efaf8433e2779
xmodelmesh,#hash_4e6a5afeef9e89aa
xmodelmesh,#hash_4e7935a05411023f
xmodelmesh,#hash_4e95a0a4e49b55b0
xmodelmesh,d#hash_4e98fc5283d760f7
xmodelmesh,#hash_4ea12eef75cdef4e
xmodelmesh,#hash_4ea4661f7a75fd14
xmodelmesh,#hash_4eb9f174a2932f07
xmodelmesh,#hash_4ebd78fb84683dc3
xmodelmesh,#hash_4ebfb29c8620a9d3
xmodelmesh,#hash_4ecdad0f85b93596
xmodelmesh,#hash_4ece96513ffc2cc6
xmodelmesh,#hash_4ed341565b582c7e
xmodelmesh,d#hash_4ed39316be902f1b
xmodelmesh,#hash_4ed5e114508a6dd2
xmodelmesh,#hash_4edde348bf2630d2
xmodelmesh,#hash_4ee19aec9761fd05
xmodelmesh,#hash_4ee3765b3789b256
xmodelmesh,#hash_4ef4f84e74d7fd8c
xmodelmesh,#hash_4ef76f591ac8fd48
xmodelmesh,#hash_4ef7d522d262a8c4
xmodelmesh,#hash_4f07ea87ea2a57db
xmodelmesh,d#hash_4f158714ead0057e
xmodelmesh,#hash_4f24d6b96323d9bf
xmodelmesh,#hash_4f2676fdf4ec86f3
xmodelmesh,#hash_4f2852050975f68f
xmodelmesh,#hash_4f2b6aef1c1cac20
xmodelmesh,#hash_4f2bac9233921d67
xmodelmesh,#hash_4f331bfecc7a59ff
xmodelmesh,d#hash_4f380d81026a66c7
xmodelmesh,#hash_4f396ccf9aa6e233
xmodelmesh,#hash_4f39c1b972a6cbb0
xmodelmesh,#hash_4f41732bdf7f17ad
xmodelmesh,d#hash_4f477bb5b7da1e97
xmodelmesh,#hash_4f48a8ae7e45d17f
xmodelmesh,#hash_4f4a5ae515dd1f9e
xmodelmesh,#hash_4f4a84363a1fbb8b
xmodelmesh,d#hash_4f4cc6ad453bdbf8
xmodelmesh,#hash_4f5cb726b10fb8d9
xmodelmesh,#hash_4f60caa731d388ec
xmodelmesh,#hash_4f61a447868eb1a7
xmodelmesh,#hash_4f625e9ad1bca7c6
xmodelmesh,#hash_4f69a90f9a285f5e
xmodelmesh,#hash_4f785b501113cee0
xmodelmesh,#hash_4f79aab689c4fcf5
xmodelmesh,#hash_4f802a5c34555d4c
xmodelmesh,#hash_4f8a0276a72c774b
xmodelmesh,#hash_4f9b3fec3b768b9d
xmodelmesh,#hash_4f9e91faaedc2a41
xmodelmesh,#hash_4fa5b91076e5b1cb
xmodelmesh,#hash_4fa7129db89d9d10
xmodelmesh,#hash_4fbc8e30ace9c45d
xmodelmesh,#hash_4fc5037fdbf6f403
xmodelmesh,#hash_4fc6ddb4cd50328b
xmodelmesh,#hash_4fc91cf30a64a74a
xmodelmesh,#hash_4fcf1aca0ad7eefa
xmodelmesh,#hash_4fcf95b2dcd1441e
xmodelmesh,#hash_4fe417321427be5a
xmodelmesh,#hash_4fff499cc257166c
xmodelmesh,#hash_500bd7721b3d8f14
xmodelmesh,#hash_500d2c95b2ffcaad
xmodelmesh,#hash_502b782dc26f6769
xmodelmesh,d#hash_502d77a3ab655f0d
xmodelmesh,#hash_5037691a688bda16
xmodelmesh,#hash_503dc0479f37b278
xmodelmesh,d#hash_503f3122ce6cf568
xmodelmesh,#hash_5040e78720987a26
xmodelmesh,d#hash_505c4c08d27b0c47
xmodelmesh,#hash_5064bf7b592c12ec
xmodelmesh,#hash_506b53ced8902f80
xmodelmesh,#hash_5070b5f1cc27185d
xmodelmesh,#hash_5075f0ce77fa6da6
xmodelmesh,#hash_5077bf7f1669fbee
xmodelmesh,#hash_50870e9e2a44e64f
xmodelmesh,#hash_508a308c184d4578
xmodelmesh,#hash_508b8201d01a36e6
xmodelmesh,#hash_5093b9d3434f59c9
xmodelmesh,#hash_50b3b3f02b1776e0
xmodelmesh,#hash_50b4038098172d46
xmodelmesh,#hash_50c465b30c49729b
xmodelmesh,#hash_50d56f1f17826215
xmodelmesh,#hash_50dcdd5ad67a57f5
xmodelmesh,#hash_50ffe7edfaf1240c
xmodelmesh,#hash_5107081d2b2ea6d1
xmodelmesh,#hash_510d0a7c01088363
xmodelmesh,#hash_511b98515d96bfbb
xmodelmesh,#hash_5123757d1bad6ad9
xmodelmesh,#hash_512e26d4ce55bfd1
xmodelmesh,#hash_51338515d7499d2b
xmodelmesh,#hash_513565ee14564504
xmodelmesh,#hash_51471ad5e45d6fd3
xmodelmesh,#hash_515190858a336dd6
xmodelmesh,#hash_5152defc6ee9cf3a
xmodelmesh,#hash_515a91d0bb2b6edb
xmodelmesh,#hash_516a2d3d84f95622
xmodelmesh,#hash_5173e09cf2765479
xmodelmesh,#hash_518365b792a65110
xmodelmesh,#hash_519114f1ff05fc44
xmodelmesh,#hash_5197744de1bd7e91
xmodelmesh,#hash_519bc52835fd726e
xmodelmesh,d#hash_519c651e5ee3167f
xmodelmesh,#hash_51a069106e8bcc97
xmodelmesh,#hash_51aa44c90dcf0838
xmodelmesh,#hash_51aeee78076137bc
xmodelmesh,#hash_51b2be07d83cc360
xmodelmesh,#hash_51b680a0691e749c
xmodelmesh,#hash_51c94c9d36a2f1fe
xmodelmesh,#hash_51dee0c435188641
xmodelmesh,#hash_51e27e8f03113842
xmodelmesh,#hash_51f224ab2bd3764f
xmodelmesh,#hash_51f43ab34c3fa6ef
xmodelmesh,#hash_51f5645d9626026e
xmodelmesh,#hash_51f6df51d358f639
xmodelmesh,#hash_5204aa5423e5ca6f
xmodelmesh,#hash_52067825346e694f
xmodelmesh,#hash_520807e5c5cb88e6
xmodelmesh,#hash_520c8a179425734d
xmodelmesh,#hash_521d6b387b1c16d3
xmodelmesh,#hash_521e575f9353ebb1
xmodelmesh,#hash_522b65a674c25da7
xmodelmesh,#hash_522d730bf7e35fc3
xmodelmesh,#hash_5231b0c4f70d4067
xmodelmesh,#hash_524142b5654f4a57
xmodelmesh,#hash_5244ea3080392680
xmodelmesh,#hash_524738481de66312
xmodelmesh,#hash_525114a2e9826401
xmodelmesh,#hash_525967e8d7b1e4d6
xmodelmesh,#hash_5264ae996507bb14
xmodelmesh,#hash_526baf9b9e598b47
xmodelmesh,#hash_526c1ab4f9b27268
xmodelmesh,#hash_52775f85ca4d1b1f
xmodelmesh,#hash_5277f25b23f93bfc
xmodelmesh,#hash_527a5bb018fab378
xmodelmesh,#hash_5282dc93959abfb9
xmodelmesh,d#hash_528da81d09a5c45a
xmodelmesh,#hash_529787310101ae59
xmodelmesh,#hash_529cc2f6bd673588
xmodelmesh,#hash_52ab171e8fd1bf6e
xmodelmesh,#hash_52c2635b26a2f298
xmodelmesh,#hash_52c2bb06e1baf34d
xmodelmesh,#hash_52cb540db20d8f55
xmodelmesh,#hash_52d00d612a5b1768
xmodelmesh,#hash_52da95d118037f37
xmodelmesh,#hash_52e8f270e5a839f7
xmodelmesh,#hash_5304dde5e2b3e049
xmodelmesh,#hash_5310e252b0a9e68a
xmodelmesh,#hash_5312d27773d7e926
xmodelmesh,#hash_5316ec0e7e258eb2
xmodelmesh,#hash_53185fc6ba46a03e
xmodelmesh,#hash_531e663c3ad5be95
xmodelmesh,#hash_53232c5b1a0f06f2
xmodelmesh,#hash_532ed0aa4708e37a
xmodelmesh,#hash_532fa981fed6d793
xmodelmesh,#hash_533854e061095e98
xmodelmesh,#hash_533ae4460dff85f3
xmodelmesh,#hash_533f03afe726cb4d
xmodelmesh,#hash_53426e07b27732cd
xmodelmesh,#hash_535e98d68b5b62d9
xmodelmesh,#hash_5375c1637e2c2892
xmodelmesh,#hash_537ca6bdb82e06ee
xmodelmesh,#hash_537f9a51dd679130
xmodelmesh,#hash_538dd0216a4447d8
xmodelmesh,#hash_53937f2b8a1bbc08
xmodelmesh,#hash_539ad1cd526c56bf
xmodelmesh,#hash_539bc4e0f0513233
xmodelmesh,#hash_539bd269cf5f0336
xmodelmesh,#hash_53ae6752a2cab736
xmodelmesh,#hash_53b4b4bad83cffbb
xmodelmesh,#hash_53b7420ed60ffcb0
xmodelmesh,#hash_53bb07884574b653
xmodelmesh,#hash_53bb0b76211d416e
xmodelmesh,#hash_53bbafafb0ff0701
xmodelmesh,d#hash_53c80942346afe25
xmodelmesh,#hash_53ced1bfa82ecc09
xmodelmesh,#hash_53cf3a43b8d83039
xmodelmesh,#hash_53d06cf148ec5836
xmodelmesh,#hash_53ddfac30a210165
xmodelmesh,#hash_53e05f6b10ab2445
xmodelmesh,#hash_53e9b45eac26f4ff
xmodelmesh,#hash_53f0ed327795cc15
xmodelmesh,#hash_53fa9dfea873cec8
xmodelmesh,#hash_53fcb8b742de0c93
xmodelmesh,#hash_54098424e724a0d9
xmodelmesh,#hash_540cdf3b1c958f55
xmodelmesh,#hash_540d219f9644470d
xmodelmesh,#hash_541011773a08e258
xmodelmesh,#hash_5410d1abd88f9381
xmodelmesh,#hash_5426cf58569043fc
xmodelmesh,#hash_542e99fce86c7efe
xmodelmesh,#hash_544e049ee22d7897
xmodelmesh,#hash_545b5a733c19ce84
xmodelmesh,#hash_547006f9603cbee1
xmodelmesh,#hash_547225c0e4237e01
xmodelmesh,#hash_547ffefd482373e3
xmodelmesh,#hash_5486f9dd1ce349e1
xmodelmesh,#hash_548d7a04b583cd23
xmodelmesh,#hash_54917b477b18a1ec
xmodelmesh,#hash_54a80c7fe326ea44
xmodelmesh,#hash_54a8354f06fff24c
xmodelmesh,#hash_54aeb1849e8cc660
xmodelmesh,#hash_54b3d0bb86626ee5
xmodelmesh,#hash_54bc14b7f523464a
xmodelmesh,#hash_54c5061a7e0cb868
xmodelmesh,#hash_54caad74f05d1de2
xmodelmesh,d#hash_54cb486bd3b9c5d3
xmodelmesh,#hash_54cb6571458bbd75
xmodelmesh,#hash_54d5c32a7689fc5e
xmodelmesh,d#hash_54d9072997fd3f4a
xmodelmesh,#hash_54ea0163790e8f44
xmodelmesh,#hash_54f0f2b87c930bb7
xmodelmesh,#hash_54f3161a8b1e1679
xmodelmesh,d#hash_54f57bb04a78c429
xmodelmesh,#hash_54fc8f2f892aac10
xmodelmesh,#hash_54fe17a3c6d25712
xmodelmesh,#hash_5507703065a08c52
xmodelmesh,#hash_550d492fa075c091
xmodelmesh,#hash_5510e06f80e183e8
xmodelmesh,#hash_551989f80ff6b054
xmodelmesh,#hash_552094b34076d295
xmodelmesh,#hash_55362156ec451a65
xmodelmesh,#hash_553f41ff6d8c82ca
xmodelmesh,#hash_5540439d73474894
xmodelmesh,#hash_5540ce4ce2a116f7
xmodelmesh,#hash_5552b97530951cdb
xmodelmesh,#hash_555c3630e58f8767
xmodelmesh,#hash_55613137ae802292
xmodelmesh,#hash_5565bc2bdd984f22
xmodelmesh,#hash_556a6befa906031a
xmodelmesh,#hash_556f15adc270dc37
xmodelmesh,#hash_557f462c55b5405e
xmodelmesh,d#hash_5582088c5ead9ff4
xmodelmesh,#hash_5587a8906e45d226
xmodelmesh,#hash_559a2d51e27167b0
xmodelmesh,#hash_559ead35e975c97c
xmodelmesh,#hash_55a56797f59dc170
xmodelmesh,#hash_55a5c3949c53fe0b
xmodelmesh,#hash_55a7f78488c5ebd0
xmodelmesh,#hash_55ab47ccf011b402
xmodelmesh,#hash_55b709252df57861
xmodelmesh,#hash_55ba6d6d3f2e3ba6
xmodelmesh,d#hash_55c131c19ee8e83c
xmodelmesh,#hash_55c32ac1f5df77ca
xmodelmesh,#hash_55c3664d8a628699
xmodelmesh,#hash_55c3df315ded32d3
xmodelmesh,#hash_55d1a41591d4606d
xmodelmesh,#hash_55e357ac2940d324
xmodelmesh,#hash_55e7575f93db1ff2
xmodelmesh,#hash_560fd6799c81ee3f
xmodelmesh,#hash_561306755aa583da
xmodelmesh,#hash_56245b5c8e504f9c
xmodelmesh,#hash_5624a7e3f4fc01a9
xmodelmesh,#hash_563b4366063e42f7
xmodelmesh,d#hash_56477e9e96966c39
xmodelmesh,#hash_565b7ea1ebe8522b
xmodelmesh,#hash_56648a494018d32f
xmodelmesh,#hash_567585aeb493f665
xmodelmesh,#hash_5679b5f148894ebd
xmodelmesh,#hash_567f70d959770f85
xmodelmesh,#hash_56849ca693231d2c
xmodelmesh,#hash_568b6eb1e001adb2
xmodelmesh,#hash_568b86d9554f076c
xmodelmesh,#hash_5693fef35525ea32
xmodelmesh,#hash_56996465f9dfe48f
xmodelmesh,#hash_56a8645aceae55a0
xmodelmesh,#hash_56ad16322fdcdd2f
xmodelmesh,#hash_56adfa363a65cd02
xmodelmesh,#hash_56ae601eb27ab89b
xmodelmesh,#hash_56c99232f6d4c722
xmodelmesh,#hash_56caf61cf79dbc5b
xmodelmesh,d#hash_56e004b4f1dedf9f
xmodelmesh,#hash_56fa40e8791ffa1f
xmodelmesh,#hash_56fb7f7fa6d44130
xmodelmesh,#hash_56ffda2bbc529401
xmodelmesh,#hash_5708d684deb4e975
xmodelmesh,#hash_570e546eff673420
xmodelmesh,#hash_571071c0d0a392f0
xmodelmesh,#hash_57115ff8a408fe1d
xmodelmesh,#hash_57199c6a8c8539e9
xmodelmesh,#hash_571a148bc69401f7
xmodelmesh,#hash_571adf6d11a874a4
xmodelmesh,#hash_5725e5672df1d8b8
xmodelmesh,#hash_57294545a2550ce1
xmodelmesh,d#hash_57303289668922d6
xmodelmesh,#hash_5733ee05f7f9180a
xmodelmesh,#hash_57373016c0e0d058
xmodelmesh,#hash_5740a4b058e6c26c
xmodelmesh,#hash_574b9bc9286bfcf7
xmodelmesh,#hash_575498503b46c0e4
xmodelmesh,#hash_5755ad28a17daa5d
xmodelmesh,#hash_57572a9d7ecfa961
xmodelmesh,#hash_575eb1e4ac8cd8c1
xmodelmesh,#hash_576856fe8545ee3c
xmodelmesh,#hash_5772229874866ec0
xmodelmesh,#hash_5778fe379f954f69
xmodelmesh,#hash_5792b9826b28c585
xmodelmesh,#hash_57932046642666cf
xmodelmesh,#hash_5793db793023e01b
xmodelmesh,#hash_579849ec08f5a6ed
xmodelmesh,#hash_579a46928fd27496
xmodelmesh,#hash_579c96b8b8f905b7
xmodelmesh,#hash_579e740d9ac367e6
xmodelmesh,#hash_57a844dbc6d6f647
xmodelmesh,#hash_57b12ae05976594a
xmodelmesh,#hash_57c2091b8ea1dbe6
xmodelmesh,#hash_57c3cc99d9554900
xmodelmesh,#hash_57c7f517bdb142f3
xmodelmesh,#hash_57c8b85c4e39cc85
xmodelmesh,#hash_57d176bf1ceb6918
xmodelmesh,#hash_57de2b4098b6c1a0
xmodelmesh,#hash_57e0334f4644f050
xmodelmesh,#hash_57e9933b500f92b8
xmodelmesh,#hash_57fae33eeada6057
xmodelmesh,#hash_580745f9b35e46fe
xmodelmesh,#hash_58150499bdcb9f33
xmodelmesh,#hash_581bf0846f321c12
xmodelmesh,#hash_581d52dda8283508
xmodelmesh,#hash_581e6b9086c5bc2b
xmodelmesh,#hash_5833621731dadb3c
xmodelmesh,#hash_583379e352d22d27
xmodelmesh,#hash_5844d620eace6a3f
xmodelmesh,#hash_58606d5463d2e0b8
xmodelmesh,#hash_586509ca5e30f47f
xmodelmesh,d#hash_586aedf10048d3ba
xmodelmesh,#hash_587566c8d5279f5a
xmodelmesh,#hash_5878549e5281b314
xmodelmesh,d#hash_587d11e617d452a0
xmodelmesh,#hash_587ed876ae74c284
xmodelmesh,#hash_5885b09d59325ff8
xmodelmesh,#hash_58888de99e8bed7f
xmodelmesh,#hash_588b2a4455e9b33f
xmodelmesh,#hash_589ed02fa4bb7a64
xmodelmesh,#hash_58a0bfecdfa31d5c
xmodelmesh,#hash_58a1593364dbf1ba
xmodelmesh,#hash_58b22bfacd828d5b
xmodelmesh,#hash_58bd93b13325a3dc
xmodelmesh,#hash_58bf38dfd51d21b6
xmodelmesh,#hash_58cdaaced4de60d2
xmodelmesh,#hash_58cf3f085d8506e6
xmodelmesh,#hash_58cfa6ed84035339
xmodelmesh,#hash_58d60cfe3d7c099e
xmodelmesh,#hash_58d7b340b5772310
xmodelmesh,#hash_58d9b57f8118b27c
xmodelmesh,#hash_58de71018885709e
xmodelmesh,#hash_58df0d9edc10da93
xmodelmesh,#hash_58e073873093efd9
xmodelmesh,#hash_58e831d41c779135
xmodelmesh,#hash_58fe8c45b12e986b
xmodelmesh,#hash_5901a0c958a9ed31
xmodelmesh,#hash_590e7077ffc10842
xmodelmesh,#hash_591d5ce6173781c6
xmodelmesh,#hash_591e65e190ec25cf
xmodelmesh,#hash_592278ccdbb461dc
xmodelmesh,d#hash_59234fba500abc41
xmodelmesh,#hash_592f02cd47ffb350
xmodelmesh,#hash_5930d025cd23a968
xmodelmesh,#hash_59450e720bc5d3e9
xmodelmesh,#hash_5949ac32c0a8ca77
xmodelmesh,#hash_5960e293a521f71d
xmodelmesh,#hash_5966526b6e4678f3
xmodelmesh,#hash_5969281a17de3917
xmodelmesh,#hash_596f2e89f1b43a38
xmodelmesh,#hash_597798988cc1f3a2
xmodelmesh,#hash_597fcc48b8f055b0
xmodelmesh,#hash_598d2892347cd77b
xmodelmesh,#hash_59a2cb538af55372
xmodelmesh,#hash_59dba821108155ed
xmodelmesh,#hash_59e83fae5d0e0661
xmodelmesh,#hash_59e92691976d2826
xmodelmesh,#hash_59ee371351bbfb2e
xmodelmesh,#hash_59eff683b1be0146
xmodelmesh,#hash_59f158801dc78c8e
xmodelmesh,#hash_59f1a82c31cf252f
xmodelmesh,#hash_59f5f79430929259
xmodelmesh,#hash_59fdd123db11122b
xmodelmesh,#hash_5a021bc198026aba
xmodelmesh,#hash_5a0345cb01c4ad50
xmodelmesh,#hash_5a0df81babdb6c3d
xmodelmesh,#hash_5a0e80730c3081a7
xmodelmesh,#hash_5a1605a1b4e77b61
xmodelmesh,#hash_5a1b3c98948e876a
xmodelmesh,#hash_5a275069c9771030
xmodelmesh,#hash_5a2c09d9ce7f4ca0
xmodelmesh,#hash_5a35916383fed967
xmodelmesh,#hash_5a3e138c71665fbe
xmodelmesh,#hash_5a4ee4e7d615acae
xmodelmesh,#hash_5a503a31a0197641
xmodelmesh,#hash_5a57f8ac97020dba
xmodelmesh,#hash_5a5bb5d6979d561c
xmodelmesh,#hash_5a6efab356243520
xmodelmesh,#hash_5a7ae375ed3bb424
xmodelmesh,#hash_5a86c83d4c480c05
xmodelmesh,#hash_5a8b62a289c28192
xmodelmesh,#hash_5a8dcd4459f26579
xmodelmesh,#hash_5a94d43367351bd6
xmodelmesh,#hash_5a9868c0a275ae32
xmodelmesh,#hash_5a9cf8358f077d17
xmodelmesh,#hash_5aa02242a2e4fdb8
xmodelmesh,d#hash_5aa283a2d73759d1
xmodelmesh,#hash_5aa9aedc1650da02
xmodelmesh,#hash_5ab1c0befcebbe29
xmodelmesh,#hash_5ab828d8bf2d3ba9
xmodelmesh,#hash_5abb20f5c9ce2cd1
xmodelmesh,#hash_5aefdd32ea9b0706
xmodelmesh,#hash_5af5a2ef8adb860c
xmodelmesh,#hash_5b13ba460dfecf0a
xmodelmesh,#hash_5b1bbf82b9ded17e
xmodelmesh,#hash_5b1cd673330d4202
xmodelmesh,#hash_5b1fb6ff73f56f10
xmodelmesh,#hash_5b2285a2bf5ac9b2
xmodelmesh,#hash_5b37d3fcac457d5a
xmodelmesh,#hash_5b39053f170c8adf
xmodelmesh,#hash_5b39c36c12c06be3
xmodelmesh,#hash_5b49f7d0ede8a51b
xmodelmesh,#hash_5b4ee5b33f5236e4
xmodelmesh,#hash_5b508a43583b3a2e
xmodelmesh,#hash_5b51330292a43493
xmodelmesh,#hash_5b5158b1844a5ea0
xmodelmesh,#hash_5b5933ce6781a0ea
xmodelmesh,#hash_5b5c59e61664ddad
xmodelmesh,#hash_5b6f80d2bba13c3b
xmodelmesh,#hash_5b774dee84fab4ee
xmodelmesh,#hash_5b81b76f81fe45e1
xmodelmesh,#hash_5b852e03abb92b01
xmodelmesh,#hash_5b94b9c671cb0d80
xmodelmesh,#hash_5b98e72db8b5a89f
xmodelmesh,#hash_5b9e98e7f040ba46
xmodelmesh,#hash_5baaebf4543a80ef
xmodelmesh,#hash_5bae07467f2990bf
xmodelmesh,#hash_5bb3cca0c3b53f94
xmodelmesh,#hash_5bb4bf37453af302
xmodelmesh,#hash_5bbe6ecf8ba705a5
xmodelmesh,#hash_5bc119fd65739aea
xmodelmesh,#hash_5bc7a86358067566
xmodelmesh,#hash_5bca9a7db0ece672
xmodelmesh,#hash_5bcc7040711f1fbb
xmodelmesh,#hash_5bcfcd9766713817
xmodelmesh,#hash_5bd06e978a0e61e6
xmodelmesh,#hash_5bd411b261dd4252
xmodelmesh,#hash_5bd62e141e545199
xmodelmesh,#hash_5bebebb482b651b9
xmodelmesh,#hash_5bef7151311cb703
xmodelmesh,#hash_5bf1ebdbaa373841
xmodelmesh,#hash_5bf393984f47e548
xmodelmesh,#hash_5bfaf5f666ab5e3a
xmodelmesh,#hash_5bff1b91453d3f18
xmodelmesh,#hash_5c05ce5e65cf5c7d
xmodelmesh,#hash_5c13aab2f3cb9016
xmodelmesh,#hash_5c14dfda1c9b2919
xmodelmesh,#hash_5c23292c50eb4b72
xmodelmesh,#hash_5c2e5990dec74073
xmodelmesh,d#hash_5c385e7fc70d4bab
xmodelmesh,#hash_5c390b0303107913
xmodelmesh,#hash_5c4c7b2f5702791b
xmodelmesh,#hash_5c5427d360d7322a
xmodelmesh,#hash_5c640f9306817e0e
xmodelmesh,#hash_5c693dfd299450cb
xmodelmesh,#hash_5c695f235e4cb472
xmodelmesh,#hash_5c6f61db967cc9e0
xmodelmesh,#hash_5c73c1dea982740f
xmodelmesh,#hash_5c744393a4a540a8
xmodelmesh,#hash_5c7c5797b44c8f14
xmodelmesh,#hash_5c7cc2d0b14f1952
xmodelmesh,#hash_5c8437e7f3ab7812
xmodelmesh,#hash_5c85556fc9af25d4
xmodelmesh,#hash_5c9143bfed588b37
xmodelmesh,#hash_5ca102e896c1840c
xmodelmesh,#hash_5ca59f6ea01ffb07
xmodelmesh,#hash_5cbefbfc1f1506bb
xmodelmesh,#hash_5ccab4e3fbdacaba
xmodelmesh,#hash_5cdc3bac81189893
xmodelmesh,#hash_5cdd4c86495bd8b5
xmodelmesh,d#hash_5cee0bb84b36802f
xmodelmesh,#hash_5cf4656d7b8b3be2
xmodelmesh,#hash_5d09d355e590111a
xmodelmesh,#hash_5d116ea5649d1c82
xmodelmesh,#hash_5d17cc7bea1bbc38
xmodelmesh,#hash_5d1b264ef64a143d
xmodelmesh,#hash_5d1cc7955e1fd636
xmodelmesh,#hash_5d286ac0029f193a
xmodelmesh,#hash_5d3256040f75a150
xmodelmesh,#hash_5d4d49973b7b093d
xmodelmesh,#hash_5d4de2df912e1254
xmodelmesh,#hash_5d56d62d0670793e
xmodelmesh,#hash_5d6a1f2cdd43c3bd
xmodelmesh,#hash_5d6cc1f0d16f227a
xmodelmesh,#hash_5d735eb56195274e
xmodelmesh,#hash_5d99c52f247f4e55
xmodelmesh,#hash_5d9d5bffb01b4525
xmodelmesh,#hash_5da0af17eff0f44e
xmodelmesh,#hash_5da7d31b33bebc4b
xmodelmesh,#hash_5daaa4e123925797
xmodelmesh,#hash_5db0e02a9f9447ad
xmodelmesh,#hash_5dc10cb0bc06d344
xmodelmesh,#hash_5dc1b2ec1fab3c39
xmodelmesh,#hash_5dc784d7bb54cf39
xmodelmesh,#hash_5dd102288d82f0c4
xmodelmesh,#hash_5ddd28d052cb3fc3
xmodelmesh,#hash_5de25c8c0f7b35af
xmodelmesh,#hash_5de3ef90efb7a28f
xmodelmesh,#hash_5de5da8d5ac41a18
xmodelmesh,d#hash_5de6f04a06a4a5b8
xmodelmesh,#hash_5df90b0f985045a3
xmodelmesh,#hash_5e08ec5b504f1e88
xmodelmesh,#hash_5e0ed069639ded0e
xmodelmesh,#hash_5e0f4c3d9829f010
xmodelmesh,#hash_5e0f6089e39c758e
xmodelmesh,#hash_5e202a78ab5ef01b
xmodelmesh,#hash_5e204e9df6d9bebc
xmodelmesh,#hash_5e2207402dbff37b
xmodelmesh,#hash_5e27bf774c6f1655
xmodelmesh,#hash_5e2884abfa85b3ce
xmodelmesh,#hash_5e301f8b42b61a59
xmodelmesh,#hash_5e35b3f27ef06ca9
xmodelmesh,#hash_5e3feebda98e0c60
xmodelmesh,#hash_5e53471a334e2bdb
xmodelmesh,#hash_5e57895bc622f3fe
xmodelmesh,#hash_5e5948db7f2e0b98
xmodelmesh,#hash_5e6fc50dad774100
xmodelmesh,#hash_5e76c80c125cb350
xmodelmesh,#hash_5e788e1848320178
xmodelmesh,#hash_5ead72d8d42ebec8
xmodelmesh,#hash_5ead84ad7cf31910
xmodelmesh,#hash_5eb2575e0eb8e598
xmodelmesh,#hash_5eb427a175f21425
xmodelmesh,#hash_5eb54f2ac8b933c4
xmodelmesh,#hash_5eb92d959fcb279f
xmodelmesh,#hash_5eca618817114fd9
xmodelmesh,#hash_5ecfa4152807671d
xmodelmesh,#hash_5ed50f512de0f598
xmodelmesh,#hash_5ed5ab67f8dde686
xmodelmesh,#hash_5ed9212f31c5068a
xmodelmesh,#hash_5edd7114cf45f811
xmodelmesh,#hash_5edf96017a64d776
xmodelmesh,#hash_5ee39c7dd41b0dd2
xmodelmesh,#hash_5ee3bb4b848574ac
xmodelmesh,#hash_5ee6bded815e813c
xmodelmesh,#hash_5ee80d6e8101630e
xmodelmesh,#hash_5eeb159cd3945787
xmodelmesh,#hash_5ef43a56ee0217f6
xmodelmesh,#hash_5efbaca10461d9f3
xmodelmesh,#hash_5f05ca32824714d8
xmodelmesh,#hash_5f1ec8b8181a7372
xmodelmesh,#hash_5f34220da0ade84d
xmodelmesh,#hash_5f3dace0ce44926f
xmodelmesh,#hash_5f3e2776f6cf4955
xmodelmesh,#hash_5f3f2731111a236f
xmodelmesh,#hash_5f45e5ab82d7f980
xmodelmesh,d#hash_5f4ab4af33e901a5
xmodelmesh,#hash_5f5a7cf5d0393d29
xmodelmesh,d#hash_5f5e87b6c73426e1
xmodelmesh,#hash_5f5eaf4e88eb0658
xmodelmesh,#hash_5f6626087fbcc8e4
xmodelmesh,#hash_5f694bf62e8c6936
xmodelmesh,d#hash_5f6fb0d79abe90ed
xmodelmesh,#hash_5f760185f1a00901
xmodelmesh,#hash_5f85be19486cf55b
xmodelmesh,#hash_5f8663be3614a3a8
xmodelmesh,#hash_5f8b6700f38fefbb
xmodelmesh,#hash_5f954316bbd05f66
xmodelmesh,#hash_5f9f2f95a8ffb611
xmodelmesh,#hash_5fa46b2cb5ea5fe0
xmodelmesh,#hash_5fa5785ba40d74f6
xmodelmesh,d#hash_5fa9a618bda1b197
xmodelmesh,#hash_5faec639caf240f3
xmodelmesh,#hash_5fc76dd296d764af
xmodelmesh,#hash_5fcc54ff733c59a6
xmodelmesh,#hash_5fdc91c072c463ce
xmodelmesh,#hash_5fe5003e485fa370
xmodelmesh,#hash_5fee07309fc8e812
xmodelmesh,#hash_5ff37d550c5ac996
xmodelmesh,#hash_6003bf456ab954a1
xmodelmesh,#hash_600fcce11ab126b2
xmodelmesh,#hash_6010c83e29883a5c
xmodelmesh,#hash_6013d6e894f4bea1
xmodelmesh,#hash_60146edb8389cf91
xmodelmesh,#hash_601fb935bca0925b
xmodelmesh,#hash_603b939d0a97844e
xmodelmesh,#hash_603d44711da3ef8d
xmodelmesh,#hash_603eb3d8a62eb8e1
xmodelmesh,d#hash_604f349fb59ffe6a
xmodelmesh,#hash_60514d4fbadd1967
xmodelmesh,#hash_605af1909597687b
xmodelmesh,#hash_606a138cea49e47f
xmodelmesh,#hash_606d049e77249f6b
xmodelmesh,#hash_606edbc132ada24e
xmodelmesh,#hash_607635af9446c28f
xmodelmesh,#hash_60780507d37852b3
xmodelmesh,#hash_607cb96db839911d
xmodelmesh,#hash_608f4b6a2fd28c43
xmodelmesh,#hash_609d9ad543745868
xmodelmesh,#hash_60a1b1c09e1c1797
xmodelmesh,#hash_60af707a61f04c35
xmodelmesh,#hash_60b3fb641abcaf49
xmodelmesh,#hash_60b94397f79276eb
xmodelmesh,#hash_60c0537a205bfcc0
xmodelmesh,d#hash_60c0b7bb264155da
xmodelmesh,#hash_60df135cf8b96772
xmodelmesh,#hash_60e4d4b9bf077f9a
xmodelmesh,#hash_60efb0e1e11dec85
xmodelmesh,#hash_60ffaf0ecd752fb9
xmodelmesh,#hash_61026f76b0d50a23
xmodelmesh,#hash_6107f566554a5caf
xmodelmesh,#hash_610feb37dd58e34e
xmodelmesh,#hash_61110a075b3c409a
xmodelmesh,#hash_611a0adcf1f312f4
xmodelmesh,#hash_6124329cdf42983d
xmodelmesh,#hash_6126de23462258a5
xmodelmesh,#hash_613021287c398c86
xmodelmesh,#hash_6136f6704d6f951c
xmodelmesh,#hash_61548032d4d3c6e8
xmodelmesh,#hash_61586c2baed70f9c
xmodelmesh,#hash_615dcb84f9c3b803
xmodelmesh,d#hash_616d8dea7a535221
xmodelmesh,d#hash_617aa917830c58cd
xmodelmesh,#hash_617f4a4acff7b977
xmodelmesh,#hash_618a540a814bf051
xmodelmesh,#hash_6192ceecd01381d7
xmodelmesh,#hash_619af0be66ef2b1d
xmodelmesh,#hash_619b984da77256f4
xmodelmesh,#hash_61a6a0d7e8da7789
xmodelmesh,d#hash_61ab437e9df42eca
xmodelmesh,#hash_61ab57cad4aeb76f
xmodelmesh,#hash_61b9bd23a56bcc06
xmodelmesh,#hash_61c46317d2d92ab0
xmodelmesh,#hash_61c803ed3b6a4317
xmodelmesh,#hash_61cd8a3d94c57859
xmodelmesh,#hash_61d0f05f8dfa6dea
xmodelmesh,#hash_61d6337a800cf1f4
xmodelmesh,#hash_61ddfffead131db2
xmodelmesh,#hash_61dfc96337b4c18b
xmodelmesh,#hash_61e136e2264c2162
xmodelmesh,#hash_61fa9bd76a516a4e
xmodelmesh,#hash_6211631e3170980f
xmodelmesh,#hash_621af01adb92aa00
xmodelmesh,#hash_621b7195f1a49d01
xmodelmesh,#hash_62228e987ebf4210
xmodelmesh,#hash_6223feb65961a882
xmodelmesh,d#hash_62251299ff192b77
xmodelmesh,#hash_6227dc5a61245e0f
xmodelmesh,#hash_622ca6d1b44d2177
xmodelmesh,#hash_623b245958692a00
xmodelmesh,#hash_624091cc16650bac
xmodelmesh,#hash_625899203886ad56
xmodelmesh,#hash_625c2d3f8a2d3898
xmodelmesh,#hash_626453c26c8e2510
xmodelmesh,#hash_626ce6b9f6b2ba40
xmodelmesh,#hash_628cc516d3509cbf
xmodelmesh,#hash_629f64d795f62765
xmodelmesh,#hash_62b7d5851ed9eb59
xmodelmesh,#hash_62bff62273565a1c
xmodelmesh,#hash_62c6b76e18c55b84
xmodelmesh,#hash_62d931fdc14a659c
xmodelmesh,#hash_62e05ea796a4544c
xmodelmesh,#hash_62e8b56db7ac5d6f
xmodelmesh,#hash_62fbe862abe01e07
xmodelmesh,#hash_6301c4a9a36347ec
xmodelmesh,#hash_6304da5096914d5d
xmodelmesh,#hash_6311a13a110326f3
xmodelmesh,#hash_6313ee2599adbdb3
xmodelmesh,#hash_631e3b5775707b4d
xmodelmesh,#hash_631ec2bec07b1423
xmodelmesh,#hash_632862ffdf2d218e
xmodelmesh,#hash_6338233898d61104
xmodelmesh,#hash_633b231ab719b4a6
xmodelmesh,#hash_6341daa664780d03
xmodelmesh,#hash_63473b82a83fd125
xmodelmesh,#hash_634748b876255600
xmodelmesh,#hash_63578ffdd2fa8be1
xmodelmesh,#hash_636114bcd16587c0
xmodelmesh,#hash_636d8eb8d262fd56
xmodelmesh,#hash_6372bfdddf6407d5
xmodelmesh,#hash_6386cf79a38df4ae
xmodelmesh,#hash_639237d8845cad2b
xmodelmesh,#hash_63a1fe7a0251338c
xmodelmesh,d#hash_63a345c78cab237e
xmodelmesh,#hash_63a55ef87df432d8
xmodelmesh,#hash_63baf730c10467b5
xmodelmesh,#hash_63d2df371e50641d
xmodelmesh,#hash_63d3317b59e5ecfb
xmodelmesh,#hash_63d5e11521f3ba3d
xmodelmesh,d#hash_63d9994715252ff2
xmodelmesh,#hash_63db412b4dfad241
xmodelmesh,#hash_63e962ebf18d925c
xmodelmesh,#hash_63eb5038c5fa5400
xmodelmesh,#hash_63efb2f79663ca47
xmodelmesh,#hash_63f04cb5c32caae4
xmodelmesh,#hash_63f4a7ac4c0b0df1
xmodelmesh,#hash_63f8315941ba634b
xmodelmesh,#hash_63fcb3fc4d0ab958
xmodelmesh,#hash_641094ea8c5d7239
xmodelmesh,#hash_64113b2bf96e13e1
xmodelmesh,#hash_6412c4185d5ab058
xmodelmesh,#hash_6415f1d16e7ba366
xmodelmesh,#hash_641eeb32cc130cf5
xmodelmesh,#hash_6438a38ed2d1d2d5
xmodelmesh,#hash_643cc8602977bce1
xmodelmesh,#hash_64488afb527729bc
xmodelmesh,d#hash_6449f238d3b52957
xmodelmesh,#hash_644c2d1ff985c4b4
xmodelmesh,#hash_645d95dab12177d2
xmodelmesh,#hash_6466d6ffc4d01350
xmodelmesh,#hash_646a32b0ed553b2d
xmodelmesh,#hash_64748106297f5122
xmodelmesh,#hash_647a584956b59a74
xmodelmesh,#hash_64815f7eb0e029fa
xmodelmesh,#hash_64926216bed24e5b
xmodelmesh,#hash_6497a174720d8388
xmodelmesh,#hash_649fcbbf62c31eaa
xmodelmesh,#hash_64a8a1367350087c
xmodelmesh,#hash_64aa34846420e59b
xmodelmesh,#hash_64ba6c80118c2557
xmodelmesh,#hash_64c42dad9373fb7e
xmodelmesh,#hash_64d216745b12b7da
xmodelmesh,#hash_64e337da9dcf2add
xmodelmesh,d#hash_64ea19d390f99803
xmodelmesh,#hash_64f13bfcb98412d8
xmodelmesh,#hash_64f52478dea76289
xmodelmesh,d#hash_64f55c7d610655e9
xmodelmesh,#hash_64fd01eb5107203d
xmodelmesh,d#hash_65040986f8527b02
xmodelmesh,#hash_651199e3db40c03b
xmodelmesh,#hash_651c3299dfe697ea
xmodelmesh,#hash_651d152c7aba4bd3
xmodelmesh,#hash_651ee9e902fc8583
xmodelmesh,#hash_652583e4400d0f33
xmodelmesh,#hash_65268b0171c6d695
xmodelmesh,#hash_652f35b7a8764873
xmodelmesh,#hash_653368dceb959301
xmodelmesh,#hash_653689f11b9ff9b4
xmodelmesh,#hash_653d945bbb30c4bb
xmodelmesh,#hash_6548e3a52d1241eb
xmodelmesh,#hash_654b0ba41f153e8c
xmodelmesh,#hash_654e701c992e8769
xmodelmesh,#hash_6552b5a2fed391b3
xmodelmesh,#hash_655c22769a5849fe
xmodelmesh,#hash_6564e2462c7a543a
xmodelmesh,#hash_6567a90fa8bce968
xmodelmesh,#hash_65777fa495319a24
xmodelmesh,#hash_657fe2bb24a8893f
xmodelmesh,#hash_658343c45dd58f30
xmodelmesh,#hash_658681beff08b9e6
xmodelmesh,#hash_6596f451eea3d435
xmodelmesh,#hash_65979c3f3571587d
xmodelmesh,#hash_659930fe772dd6ec
xmodelmesh,#hash_659bed94fd35f309
xmodelmesh,#hash_65a5e73d05908272
xmodelmesh,#hash_65ad49923d5c9ac7
xmodelmesh,#hash_65b4afcf3c0fcf4d
xmodelmesh,d#hash_65b52cb3b7159b4d
xmodelmesh,#hash_65bfdd1cd194e757
xmodelmesh,#hash_65c4259fb0c567bf
xmodelmesh,#hash_65d3874da103fdcf
xmodelmesh,#hash_65d48b019d5ad08c
xmodelmesh,#hash_65e422de90e0496f
xmodelmesh,#hash_65f744ae28fcf56d
xmodelmesh,#hash_65f853341227e2d2
xmodelmesh,#hash_65f8a64b97fdfbc6
xmodelmesh,#hash_65ff18db0dcea36c
xmodelmesh,#hash_6603efab6c3ce8fd
xmodelmesh,#hash_6609582665df94a3
xmodelmesh,#hash_6611789297de842f
xmodelmesh,#hash_66158b85f8f114c4
xmodelmesh,#hash_66182115820b23a4
xmodelmesh,#hash_661bf000f8d616aa
xmodelmesh,d#hash_662265114ef5cf16
xmodelmesh,#hash_663932e3f401e838
xmodelmesh,#hash_663c3d2ae44b3d1d
xmodelmesh,#hash_663fc46e253ed4b2
xmodelmesh,#hash_66408c39a44b4504
xmodelmesh,#hash_6648e40c3fce7616
xmodelmesh,#hash_66506637a1fb8fc0
xmodelmesh,#hash_66521f2edcb7e2e9
xmodelmesh,#hash_6659dd21424cf483
xmodelmesh,#hash_6683cef8cebc76de
xmodelmesh,#hash_668585700781e09a
xmodelmesh,#hash_66867187703d37de
xmodelmesh,d#hash_668922d89da3c632
xmodelmesh,#hash_668c2839f9fbb8b1
xmodelmesh,#hash_668f3d1b2559b6d9
xmodelmesh,#hash_66a317e200f09504
xmodelmesh,#hash_66bfb55ae17021e5
xmodelmesh,#hash_66cc8df01e4cb8fa
xmodelmesh,#hash_66d54defa94570cc
xmodelmesh,#hash_66ef6510ee07fd71
xmodelmesh,#hash_66f2303040e37462
xmodelmesh,#hash_66f5c8512380d73f
xmodelmesh,#hash_66fc0906bc216b04
xmodelmesh,#hash_67067d345c74c242
xmodelmesh,#hash_671c99d4eaaf139e
xmodelmesh,#hash_67386ec9fe3da4a5
xmodelmesh,#hash_67529c69ff403b5a
xmodelmesh,#hash_675a53945d731978
xmodelmesh,#hash_675e3a4e9d03505b
xmodelmesh,#hash_67701d9b85f9157b
xmodelmesh,#hash_677394f7714fb501
xmodelmesh,#hash_6774229bfbc38532
xmodelmesh,#hash_677634b5ba295ba3
xmodelmesh,#hash_6779fcde49a46f76
xmodelmesh,#hash_677dc8a59a6092eb
xmodelmesh,#hash_6782373cfee19ce2
xmodelmesh,#hash_6789393beaff1041
xmodelmesh,d#hash_678b1cf773047fed
xmodelmesh,#hash_67915e0113bf9d36
xmodelmesh,#hash_679af19f15e52e06
xmodelmesh,#hash_679b7b3d13907654
xmodelmesh,#hash_679dbd3eb9e5518b
xmodelmesh,#hash_679f7b5c76072ea3
xmodelmesh,d#hash_67c373ee28bce055
xmodelmesh,#hash_67e011d5315755d5
xmodelmesh,#hash_67e43a61828b97e7
xmodelmesh,#hash_67e519967202f144
xmodelmesh,#hash_67f172b278e516e8
xmodelmesh,#hash_67fc1a26c7898415
xmodelmesh,#hash_6804a510acb8dca4
xmodelmesh,#hash_6817d0443c85b7aa
xmodelmesh,d#hash_681ef24d3d43e887
xmodelmesh,#hash_682180e36865945d
xmodelmesh,#hash_682b6e2c35384e75
xmodelmesh,#hash_6838ed24255686e6
xmodelmesh,#hash_683bd3f1be52c871
xmodelmesh,#hash_6845e7b86b238a0f
xmodelmesh,#hash_68519e941c058eb4
xmodelmesh,#hash_6856f88990e11c00
xmodelmesh,#hash_68606f9884293b73
xmodelmesh,#hash_68747f440a32994a
xmodelmesh,#hash_687ae72c670f97c6
xmodelmesh,#hash_68829f8ce82809be
xmodelmesh,#hash_68930aaca18fc630
xmodelmesh,#hash_689d7a8bc0cad704
xmodelmesh,#hash_689dc4b637cc851b
xmodelmesh,#hash_68a84aaa21195d2a
xmodelmesh,#hash_68aa723f17493527
xmodelmesh,#hash_68bd3f5e1712c0a0
xmodelmesh,#hash_68c7e05b8924f89a
xmodelmesh,#hash_68c9ad6734cdec0e
xmodelmesh,#hash_68cb0f7ce223f560
xmodelmesh,#hash_68d7e1c8a0a90150
xmodelmesh,#hash_68e6e253e1ad3224
xmodelmesh,#hash_68f7b897683cbe99
xmodelmesh,#hash_68fb9c73cf002808
xmodelmesh,#hash_68fc2e87c9820db5
xmodelmesh,#hash_69198c9d957d7920
xmodelmesh,#hash_691b5de5b184beb3
xmodelmesh,#hash_692ca6a0a3ecca27
xmodelmesh,d#hash_692eed123530b4a4
xmodelmesh,#hash_69330fd9c90ad8d1
xmodelmesh,#hash_6938ac4df8ff29aa
xmodelmesh,#hash_6938e13f8a87adc7
xmodelmesh,#hash_69423b8093985d7b
xmodelmesh,#hash_6946af76e5214808
xmodelmesh,#hash_694ae6e1e5d497dd
xmodelmesh,#hash_69521cc98b5241e0
xmodelmesh,#hash_695b7070b2efd17d
xmodelmesh,#hash_695f5691feb615fd
xmodelmesh,#hash_697632f7f6905da0
xmodelmesh,#hash_6977982d75e75b5b
xmodelmesh,d#hash_698c222f8d0e6a9d
xmodelmesh,#hash_698ef46a2cb9622c
xmodelmesh,#hash_6991f65323c0fdae
xmodelmesh,#hash_69987967e77353a9
xmodelmesh,#hash_699b72467175bf95
xmodelmesh,#hash_699c8bded95f399c
xmodelmesh,#hash_699d9fc1a78ceae7
xmodelmesh,#hash_699f38caed22079c
xmodelmesh,#hash_69a684daad1208c4
xmodelmesh,#hash_69a98184cf5223df
xmodelmesh,#hash_69b061fe436620de
xmodelmesh,#hash_69b54ea183a4482f
xmodelmesh,#hash_69c9008c23b075db
xmodelmesh,#hash_69cb1db9f91dd8b6
xmodelmesh,#hash_69e96611ad3f4ced
xmodelmesh,#hash_69edc29f300bbee3
xmodelmesh,#hash_69f1ad3cd4935a04
xmodelmesh,#hash_69f749892040955a
xmodelmesh,#hash_6a0f796f367ebfba
xmodelmesh,#hash_6a116a65516feaec
xmodelmesh,#hash_6a132cb3ff37ea7a
xmodelmesh,#hash_6a1609d489837cae
xmodelmesh,#hash_6a19441a118b1379
xmodelmesh,#hash_6a1a9f412bd62fdb
xmodelmesh,d#hash_6a1d18020803c32b
xmodelmesh,#hash_6a211f89ce04eb76
xmodelmesh,#hash_6a2e69ada2993097
xmodelmesh,d#hash_6a303c159d231096
xmodelmesh,#hash_6a34d692d95102e4
xmodelmesh,#hash_6a35311549b4293c
xmodelmesh,#hash_6a367177a35e5c3c
xmodelmesh,#hash_6a3c59e7ee1ebc0a
xmodelmesh,d#hash_6a4dfbb1e3bd6f9e
xmodelmesh,#hash_6a51490293197498
xmodelmesh,#hash_6a51dbc92ad3c61a
xmodelmesh,#hash_6a554e36527f928b
xmodelmesh,#hash_6a5a161252cbb365
xmodelmesh,#hash_6a5eea4a86759d11
xmodelmesh,#hash_6a6da24dd2f3ea4c
xmodelmesh,#hash_6a71c987945bd62b
xmodelmesh,#hash_6a751cff76e4a14c
xmodelmesh,#hash_6a89a28c5f9819b2
xmodelmesh,#hash_6a8d102da9a90c44
xmodelmesh,#hash_6a91eca30b8ff663
xmodelmesh,#hash_6aa1a8e8f99e2970
xmodelmesh,#hash_6aa4c953dca5b2e8
xmodelmesh,#hash_6aafeec2f6b8356b
xmodelmesh,#hash_6ab04915b83e2fa8
xmodelmesh,#hash_6ab243ff0760f334
xmodelmesh,#hash_6ab59a9f6f9e2e8d
xmodelmesh,#hash_6ab623518af713ab
xmodelmesh,#hash_6ab8a32ad9c101bd
xmodelmesh,#hash_6ac0c3677d8b9a18
xmodelmesh,#hash_6ac2ca1784fbbfce
xmodelmesh,#hash_6ac4a14e90f2831e
xmodelmesh,#hash_6ac5a7ea68e2cd9e
xmodelmesh,d#hash_6ae2e1f69a3e6ce8
xmodelmesh,#hash_6aed81fd8da5645a
xmodelmesh,#hash_6af45cc3f0369322
xmodelmesh,#hash_6b056c4c45c6c885
xmodelmesh,#hash_6b0e7d35126b1efe
xmodelmesh,#hash_6b14ecf76c905a72
xmodelmesh,#hash_6b1863f6df31b96a
xmodelmesh,#hash_6b199f3e377a7869
xmodelmesh,#hash_6b1a0aa4f9e027d2
xmodelmesh,#hash_6b2077f5fe336d10
xmodelmesh,#hash_6b28ddba61871012
xmodelmesh,#hash_6b33c59b89ce2553
xmodelmesh,#hash_6b352639f3e1626d
xmodelmesh,#hash_6b3c3ff4fd94c0c0
xmodelmesh,#hash_6b534927c7247500
xmodelmesh,#hash_6b56d42f12c9a85f
xmodelmesh,#hash_6b57b9c7326548d3
xmodelmesh,#hash_6b67cfeeb482c3c7
xmodelmesh,#hash_6b699587034a6b00
xmodelmesh,#hash_6b786b8b77642187
xmodelmesh,#hash_6b8e2a0b5e8207d9
xmodelmesh,#hash_6b9b2c65e0872f30
xmodelmesh,d#hash_6b9f0f259ec150e9
xmodelmesh,#hash_6ba2a4fb537a0c55
xmodelmesh,#hash_6ba403fc744eb2b8
xmodelmesh,#hash_6bad2e0c0129ee41
xmodelmesh,#hash_6bb96eb76f241b5f
xmodelmesh,#hash_6bc445576918dc85
xmodelmesh,d#hash_6bd42da9ee4c454a
xmodelmesh,#hash_6bd44eceed0cf8eb
xmodelmesh,#hash_6bd9c52360832587
xmodelmesh,#hash_6bde28f852a597b0
xmodelmesh,#hash_6be0dc221cd43450
xmodelmesh,#hash_6bf1a48062de33bb
xmodelmesh,#hash_6bf27dec55b00429
xmodelmesh,#hash_6c035b61637814ad
xmodelmesh,#hash_6c19769e206c3b69
xmodelmesh,#hash_6c20dc2a62db67be
xmodelmesh,#hash_6c25a966d431d5d3
xmodelmesh,d#hash_6c28bb65ba521272
xmodelmesh,#hash_6c32ed7abcd69497
xmodelmesh,#hash_6c351812c78b48ed
xmodelmesh,#hash_6c374c26ffa83905
xmodelmesh,#hash_6c3a8ffded7d3921
xmodelmesh,#hash_6c455458d5726a95
xmodelmesh,#hash_6c4a2eb573acefe5
xmodelmesh,#hash_6c62f0f2966cf904
xmodelmesh,#hash_6c65b09bcbd69ad7
xmodelmesh,#hash_6c6a47f57c1346c8
xmodelmesh,#hash_6c6fc990c9d97d9d
xmodelmesh,#hash_6c769eee004a77ad
xmodelmesh,#hash_6c8b159cc6ad4bff
xmodelmesh,#hash_6c8b897013601774
xmodelmesh,#hash_6c936bbe81d8549a
xmodelmesh,#hash_6c954b41e63d61c8
xmodelmesh,#hash_6ca5d0abd1516469
xmodelmesh,#hash_6ca7b41fb2878b4e
xmodelmesh,#hash_6cb128bac1990175
xmodelmesh,#hash_6cb4e0a2a88da5f9
xmodelmesh,#hash_6cbd3e0f5fb8d8a1
xmodelmesh,#hash_6cc5fac4879c913e
xmodelmesh,#hash_6cc73373b01648c6
xmodelmesh,#hash_6cce4388a9e0a874
xmodelmesh,#hash_6cd07754f9c55925
xmodelmesh,#hash_6cd724704351b4b9
xmodelmesh,#hash_6cd8f3bd08329f37
xmodelmesh,#hash_6cda405af89eedbd
xmodelmesh,#hash_6ce1d66b33f3ccd1
xmodelmesh,#hash_6ce2d0ed1391dcb0
xmodelmesh,#hash_6ce65e814840d8f4
xmodelmesh,#hash_6cf0a2517beb1d11
xmodelmesh,#hash_6d0a67d606f4811c
xmodelmesh,#hash_6d0dca9f2262226d
xmodelmesh,#hash_6d1750870403d2f0
xmodelmesh,#hash_6d22878a6cd1eef9
xmodelmesh,#hash_6d36a310405f87e8
xmodelmesh,#hash_6d3c975cb9a55e2c
xmodelmesh,#hash_6d3e6b09e5b3846d
xmodelmesh,#hash_6d3f09dcf14100fe
xmodelmesh,#hash_6d57fee4e2f5b918
xmodelmesh,#hash_6d5e723b4cadf647
xmodelmesh,#hash_6d61b1feecfecad5
xmodelmesh,#hash_6d6daa2420e659bb
xmodelmesh,#hash_6d7e4c3e31d9a67e
xmodelmesh,#hash_6d8264bbd0779769
xmodelmesh,#hash_6d851878989f4e8a
xmodelmesh,#hash_6d8c4be4a643fe52
xmodelmesh,#hash_6d9bd88f406966c3
xmodelmesh,#hash_6d9d795f69d33340
xmodelmesh,#hash_6db592b86de3f136
xmodelmesh,#hash_6db7ae4484a925d3
xmodelmesh,#hash_6dbb0b04a6a2acb0
xmodelmesh,#hash_6dbd887b8d3fed46
xmodelmesh,#hash_6dc00b0476bada39
xmodelmesh,#hash_6dd3e05632b8fcd7
xmodelmesh,#hash_6dd443c5eb75df62
xmodelmesh,#hash_6dda542b4182a1d2
xmodelmesh,#hash_6dddc98ca055a14a
xmodelmesh,#hash_6de8bae061a6788c
xmodelmesh,#hash_6def43957acf6190
xmodelmesh,#hash_6df1eae5f818aff6
xmodelmesh,#hash_6dfdca678cb27418
xmodelmesh,#hash_6dffabdf974b3be5
xmodelmesh,#hash_6e0bbd312ddc6aae
xmodelmesh,#hash_6e0c37bcf860cd25
xmodelmesh,#hash_6e10969183caba62
xmodelmesh,#hash_6e10e76c6b7047ef
xmodelmesh,#hash_6e1b79bac212c7e4
xmodelmesh,#hash_6e21d20e1012ab99
xmodelmesh,#hash_6e23ada668505a6c
xmodelmesh,#hash_6e24c571e6ccf577
xmodelmesh,#hash_6e5b20431a30c8ab
xmodelmesh,#hash_6e5d62d07f7a02c6
xmodelmesh,#hash_6e692ab3782d0790
xmodelmesh,#hash_6e69409757b85e09
xmodelmesh,#hash_6e6b100d134b5adc
xmodelmesh,#hash_6e8174d90528eabb
xmodelmesh,#hash_6e92d5c546200525
xmodelmesh,#hash_6ea4c133ef344c71
xmodelmesh,#hash_6eaae5ba0d6385c7
xmodelmesh,#hash_6eadd63789d1769f
xmodelmesh,#hash_6eb0583255b88b50
xmodelmesh,#hash_6eb20f9f798bafdc
xmodelmesh,#hash_6eb325a7baa72174
xmodelmesh,#hash_6eb5d9d29552ca03
xmodelmesh,d#hash_6ed185e4e5dd4d2e
xmodelmesh,#hash_6eda51a57942a5c2
xmodelmesh,#hash_6ee300c247153780
xmodelmesh,d#hash_6eeb1b3da29e0f42
xmodelmesh,#hash_6eebb645ab03498e
xmodelmesh,#hash_6ef60d59cedf3fc6
xmodelmesh,#hash_6efc46059b6b0885
xmodelmesh,#hash_6efce2f6f2b9f0e3
xmodelmesh,#hash_6f075d44fdc643e0
xmodelmesh,#hash_6f0843a58222b7d0
xmodelmesh,#hash_6f105f4cfe9619fd
xmodelmesh,#hash_6f2225fae002fb34
xmodelmesh,#hash_6f2dea417438b43b
xmodelmesh,#hash_6f3224875c898f18
xmodelmesh,#hash_6f3bd7552942a929
xmodelmesh,#hash_6f47a83a76fc474e
xmodelmesh,#hash_6f48695d1763ea1d
xmodelmesh,#hash_6f48f3cf2ea61a84
xmodelmesh,d#hash_6f4edd97a735ef06
xmodelmesh,#hash_6f4ef14e0debe717
xmodelmesh,#hash_6f5a1e6900288a20
xmodelmesh,#hash_6f5c094e9dcc1f39
xmodelmesh,#hash_6f5cc4b32625691a
xmodelmesh,d#hash_6f5ee0c0cc9b12bc
xmodelmesh,#hash_6f635393008d5e26
xmodelmesh,#hash_6f6f1321440c06aa
xmodelmesh,#hash_6f8cb205d670a0f6
xmodelmesh,#hash_6f8e6e129d55ab5e
xmodelmesh,#hash_6f9b7d2f305aecaf
xmodelmesh,#hash_6fa41be3b3094ac3
xmodelmesh,#hash_6fa9abb0fd8aa85b
xmodelmesh,#hash_6fad7fa09ce856cc
xmodelmesh,d#hash_6fb148097d8c5782
xmodelmesh,#hash_6fca277767e894f1
xmodelmesh,#hash_6fd416a7d9265e77
xmodelmesh,#hash_6fdc59d5e9927be9
xmodelmesh,#hash_6fe649b81175c28e
xmodelmesh,#hash_6fee63289c3270e7
xmodelmesh,#hash_6ff68b5a791e2e68
xmodelmesh,#hash_7004e1c3d7e9ee16
xmodelmesh,#hash_70098c516c66b482
xmodelmesh,#hash_7010c078d2dad742
xmodelmesh,#hash_702364949e8b639e
xmodelmesh,#hash_70339741bf3addff
xmodelmesh,#hash_70371d709bf38a34
xmodelmesh,#hash_7039c4a80890155a
xmodelmesh,#hash_706b91c7c756b72b
xmodelmesh,#hash_70805b7a36a2cb60
xmodelmesh,#hash_7088ac1fcdb475ec
xmodelmesh,#hash_7091835cf58db5ab
xmodelmesh,#hash_70a16f36e38ea080
xmodelmesh,#hash_70a3ee2e2cb69cd8
xmodelmesh,#hash_70a6f519db09cd5d
xmodelmesh,#hash_70a8121b0f2b718d
xmodelmesh,#hash_70b0805366827d2e
xmodelmesh,#hash_70b733f9a5c6967e
xmodelmesh,#hash_70b84d82e720033b
xmodelmesh,#hash_70bf5b6abfbffe11
xmodelmesh,#hash_70c2176d08114e26
xmodelmesh,#hash_70c729ffa8e51f65
xmodelmesh,#hash_70cf0258af9d0ad9
xmodelmesh,#hash_70d8967266c4b5f7
xmodelmesh,d#hash_70e435150e3419b8
xmodelmesh,#hash_70e557490cf0b123
xmodelmesh,#hash_70e60c7efda05545
xmodelmesh,#hash_70e6ee388ea81a16
xmodelmesh,#hash_70e85458484309eb
xmodelmesh,#hash_70e902f7f1f4543c
xmodelmesh,#hash_70ea6af5420cc9a7
xmodelmesh,#hash_70f5592d40d7e9ec
xmodelmesh,#hash_70f6601446dbb9a3
xmodelmesh,#hash_70f9d0779af070f1
xmodelmesh,#hash_7102e854ff1e2020
xmodelmesh,#hash_71054a187cb11ed0
xmodelmesh,#hash_710cb21fcb2a0163
xmodelmesh,#hash_710cf95c1e9d4c02
xmodelmesh,#hash_710e328585cf5ede
xmodelmesh,d#hash_710f9b6762ea947d
xmodelmesh,#hash_710fea5d6c9a5cb0
xmodelmesh,#hash_7112f8e4d92954e5
xmodelmesh,#hash_7117ef6754933736
xmodelmesh,#hash_7121d26ac87bb9e2
xmodelmesh,d#hash_712abf21129a4afc
xmodelmesh,#hash_712b2433a6ca79e5
xmodelmesh,#hash_712f4d92204faed5
xmodelmesh,#hash_71318115fd9ad771
xmodelmesh,#hash_7132e2a179d4ecc0
xmodelmesh,#hash_713645aec45c33f6
xmodelmesh,#hash_713bb7e80d2cf2af
xmodelmesh,#hash_7147f95b34fe2738
xmodelmesh,#hash_714822f9be80a5c2
xmodelmesh,#hash_7152d6d209ffb0cf
xmodelmesh,d#hash_71546eb6fbdbe1ca
xmodelmesh,#hash_716cfd1d7de6996f
xmodelmesh,#hash_7179f342a6c8e610
xmodelmesh,#hash_718bc3d029741d6a
xmodelmesh,#hash_719c6fba197e911d
xmodelmesh,#hash_719dd2abc843fae7
xmodelmesh,#hash_71a84342b1f25bd1
xmodelmesh,#hash_71b5f65ccf6cbd3e
xmodelmesh,#hash_71c286f5f84bade6
xmodelmesh,#hash_71c7487d69ec36d7
xmodelmesh,#hash_71dd82f11ce307cb
xmodelmesh,#hash_71ea6e4c536de23b
xmodelmesh,#hash_71ed9eb17bca1f12
xmodelmesh,#hash_71f2784b303e5a8e
xmodelmesh,d#hash_7208abbef8d91fb0
xmodelmesh,#hash_720956c1c3f6d5d0
xmodelmesh,#hash_721f0058e55fca28
xmodelmesh,#hash_7220ac0b74a919cf
xmodelmesh,#hash_7223b1ad2d6ecd00
xmodelmesh,#hash_7223fe668f28a366
xmodelmesh,#hash_7234013209229c3a
xmodelmesh,#hash_723459e8c43a3a80
xmodelmesh,#hash_723cea96cbd6390c
xmodelmesh,#hash_7240e34befcae145
xmodelmesh,#hash_72431b08a08c314d
xmodelmesh,#hash_724512b5ccfba16e
xmodelmesh,#hash_7253c2da036c6400
xmodelmesh,#hash_72599ef946977da0
xmodelmesh,#hash_725cb87341946b4c
xmodelmesh,#hash_725ee0e5b2048f12
xmodelmesh,#hash_7260a101bf5f66a6
xmodelmesh,#hash_7275f49bae2c6288
xmodelmesh,#hash_7278aee5a4fef0e4
xmodelmesh,#hash_72896497247415e6
xmodelmesh,#hash_728a3ebaf9258e4b
xmodelmesh,#hash_728cf4b8d3a10764
xmodelmesh,#hash_7293dbabf4f5914d
xmodelmesh,#hash_72a09dde88084e6c
xmodelmesh,d#hash_72a3f23f024d706e
xmodelmesh,#hash_72a7274fc06fc899
xmodelmesh,#hash_72a764a178ec3fc1
xmodelmesh,#hash_72b05d409f0bd749
xmodelmesh,#hash_72b194a5339fef32
xmodelmesh,d#hash_72b9c2ab3dfbca70
xmodelmesh,#hash_72bbc8a2adeb0bca
xmodelmesh,#hash_72bcce9fffee0562
xmodelmesh,#hash_72bf1df87f8ce73c
xmodelmesh,#hash_72c802e011e0cf01
xmodelmesh,d#hash_72d435484ae50aee
xmodelmesh,d#hash_72f2397f1ea0eb19
xmodelmesh,#hash_730ab6d7443ce830
xmodelmesh,#hash_7313feefb42aa4a1
xmodelmesh,#hash_7315f2b454514917
xmodelmesh,#hash_731b3e8af6bd5f75
xmodelmesh,#hash_73208c32ad459ca6
xmodelmesh,#hash_733dbf0c28ac787b
xmodelmesh,#hash_7346036d2f9bf3c4
xmodelmesh,#hash_7346c67591c6b74b
xmodelmesh,#hash_7347a99175d8a9cc
xmodelmesh,#hash_73497ba443e1e689
xmodelmesh,#hash_734a7c722a0b3f1c
xmodelmesh,#hash_7356b269c14e60c4
xmodelmesh,#hash_735b839b33cead9d
xmodelmesh,#hash_7364ba7ac4d29ea8
xmodelmesh,#hash_7372e0810d8a63cf
xmodelmesh,#hash_73876faf5d94037b
xmodelmesh,#hash_738e53d9cb1e8162
xmodelmesh,#hash_7392fbc18e167a6b
xmodelmesh,#hash_7392fcbdf4b8bcb4
xmodelmesh,#hash_739899492eefadd6
xmodelmesh,#hash_73a41cf570b7a18c
xmodelmesh,#hash_73b789f824a036af
xmodelmesh,d#hash_73be1861135baa8f
xmodelmesh,#hash_73c26f3c758f40d7
xmodelmesh,#hash_73c74036a22b7284
xmodelmesh,#hash_73cb0bc938cdfaf4
xmodelmesh,#hash_73d2510401527c0f
xmodelmesh,#hash_73e148bde1332320
xmodelmesh,#hash_73f21ea57f95960c
xmodelmesh,#hash_73f9c2421bf9a491
xmodelmesh,#hash_740690837ecbea8a
xmodelmesh,#hash_7406b090a3358e33
xmodelmesh,#hash_741246af16aaea14
xmodelmesh,#hash_7413c6c24367665b
xmodelmesh,#hash_741618a3381a2db5
xmodelmesh,#hash_741e04f9bcf2b300
xmodelmesh,#hash_7424305982068ab9
xmodelmesh,#hash_742d475147bcda91
xmodelmesh,#hash_742e6d15e1a802b3
xmodelmesh,#hash_7430971112bcd24e
xmodelmesh,#hash_743182cb251bb6e8
xmodelmesh,#hash_7431e188e62afcb5
xmodelmesh,#hash_7432238b5369d397
xmodelmesh,#hash_74341f801d7af854
xmodelmesh,#hash_74481df575278b72
xmodelmesh,#hash_745270500dd19d6c
xmodelmesh,#hash_745ece8b83f175b7
xmodelmesh,#hash_7460dd1c498a1053
xmodelmesh,#hash_747c17f6174228a2
xmodelmesh,#hash_74890db3818db339
xmodelmesh,#hash_748a0e89995171bd
xmodelmesh,#hash_748a8301b7e5153a
xmodelmesh,d#hash_748af3082afb1159
xmodelmesh,#hash_7495645ed4dfc5c0
xmodelmesh,#hash_7499730c3998d55e
xmodelmesh,#hash_7499e2a5c3ee47b9
xmodelmesh,#hash_74a22f38d7748252
xmodelmesh,#hash_74ba6cb0dcf57a92
xmodelmesh,#hash_74be617c02e865c9
xmodelmesh,#hash_74c3c5347e1c54ab
xmodelmesh,#hash_74cbbf4436bd853d
xmodelmesh,#hash_74e480d81853b918
xmodelmesh,#hash_74e6894367f44e5a
xmodelmesh,d#hash_74e8c7e1086be356
xmodelmesh,#hash_74f4bfe58af65140
xmodelmesh,#hash_74f95145e49f7a3d
xmodelmesh,#hash_74fc342896da13ad
xmodelmesh,#hash_750e2e9073edd757
xmodelmesh,#hash_750f0b509a21b9bc
xmodelmesh,#hash_75145a1f3064c145
xmodelmesh,#hash_7516002adaed0d4d
xmodelmesh,#hash_751f6b1ed8fc285f
xmodelmesh,#hash_7537533fe3509230
xmodelmesh,#hash_753a1b12e533ef85
xmodelmesh,#hash_75513a9ebf68062e
xmodelmesh,#hash_7554b819c90b8f9c
xmodelmesh,#hash_755f66003dae976b
xmodelmesh,#hash_75607f5cf9590346
xmodelmesh,#hash_75657d99a704873a
xmodelmesh,#hash_75758f91c4a2de14
xmodelmesh,#hash_7578404145689327
xmodelmesh,#hash_7578d175705ebc6d
xmodelmesh,#hash_757e8090629bbb59
xmodelmesh,#hash_757eb85f8d504aa3
xmodelmesh,d#hash_757f5929f7037499
xmodelmesh,#hash_758233e4630f0123
xmodelmesh,#hash_75903fa621ca7438
xmodelmesh,#hash_7595114aed611e26
xmodelmesh,#hash_7597c168b048c1db
xmodelmesh,#hash_759cf28f62a7f07e
xmodelmesh,#hash_75a44dd4ead3c618
xmodelmesh,#hash_75b0bf6eb1d633d5
xmodelmesh,#hash_75b60df034fc3d9a
xmodelmesh,#hash_75b64ebc68e9b6f8
xmodelmesh,d#hash_75b97c07469806e5
xmodelmesh,d#hash_75ba36874c4210c0
xmodelmesh,#hash_75c15bdcd18449c3
xmodelmesh,#hash_75c3685d14dd006b
xmodelmesh,#hash_75cd14cb5c0e701d
xmodelmesh,#hash_75cf331b636fe390
xmodelmesh,#hash_75d859a9f756d616
xmodelmesh,#hash_75eb48d85a4a7771
xmodelmesh,#hash_75ee110ce6958f7b
xmodelmesh,#hash_75eec469a42d5450
xmodelmesh,#hash_75f3e1a0889dfebc
xmodelmesh,#hash_75fd5a9ebf667f53
xmodelmesh,#hash_7609c6fc19f34890
xmodelmesh,#hash_760ca89b5f7c2b6f
xmodelmesh,#hash_761299ff874029f2
xmodelmesh,d#hash_76193896d2e36db0
xmodelmesh,#hash_762457437927d013
xmodelmesh,#hash_762a236c3d138689
xmodelmesh,#hash_762d5b4fa90bbd05
xmodelmesh,d#hash_76307d01b016c44e
xmodelmesh,#hash_7633d9cae6df6ffb
xmodelmesh,#hash_7644aab7bdd512af
xmodelmesh,#hash_7649870b62981b33
xmodelmesh,#hash_764a6d1c0393d19a
xmodelmesh,#hash_764bf855bf96305f
xmodelmesh,#hash_764c01d20f4a9022
xmodelmesh,#hash_76552c241cb497fb
xmodelmesh,#hash_7661b9b2c0e02372
xmodelmesh,#hash_766aab314ef7d0b1
xmodelmesh,#hash_767c90ceceace253
xmodelmesh,#hash_767cde442213fd6a
xmodelmesh,#hash_76890b7437ba274f
xmodelmesh,#hash_76914e8afcf1618f
xmodelmesh,#hash_76951528745a0037
xmodelmesh,#hash_76a6903b9ff8afa3
xmodelmesh,#hash_76b53d351dddf804
xmodelmesh,#hash_76b9e08e495ac024
xmodelmesh,#hash_76ca6e7366f63f1b
xmodelmesh,#hash_76ccf8c2a0f2c0cc
xmodelmesh,#hash_76d2dafd92e4f52f
xmodelmesh,#hash_76d536e2b69a6208
xmodelmesh,#hash_76de9dd38a29c88a
xmodelmesh,#hash_76e2248facc53e98
xmodelmesh,#hash_76e562935c9eeaae
xmodelmesh,#hash_76e9a42558e6de0f
xmodelmesh,#hash_76f9aa53a99826fa
xmodelmesh,#hash_7702639803bc47bc
xmodelmesh,#hash_77097fcd86dc5509
xmodelmesh,#hash_770cafb22e9724b2
xmodelmesh,#hash_771500c195c9ea5e
xmodelmesh,#hash_771f3b36d2517dba
xmodelmesh,d#hash_77213dec05bb7e96
xmodelmesh,#hash_7725578c0bc834c9
xmodelmesh,#hash_772af8f126c15435
xmodelmesh,#hash_772e4151c993a88d
xmodelmesh,#hash_774327e185af6e23
xmodelmesh,#hash_774332966c2e68be
xmodelmesh,#hash_7748b8786b9fae13
xmodelmesh,#hash_774d23a908358a20
xmodelmesh,#hash_7752bfcb14cbade2
xmodelmesh,#hash_775d55be8a276980
xmodelmesh,#hash_776392a3ec5a9161
xmodelmesh,#hash_776e4c8eb0d1a7d2
xmodelmesh,#hash_777462d5c3a5d6c8
xmodelmesh,#hash_777a109e622ea53c
xmodelmesh,#hash_777bbf7ce9490c3e
xmodelmesh,#hash_77968418cdb588b7
xmodelmesh,#hash_77971ee043137c06
xmodelmesh,#hash_77a4e7915acda2ee
xmodelmesh,#hash_77ac3218e8ff05a9
xmodelmesh,#hash_77dcf085135e3a17
xmodelmesh,#hash_77e0637868911c38
xmodelmesh,#hash_77e182ffaede1b2a
xmodelmesh,#hash_77f18f58de610976
xmodelmesh,#hash_77f1d874fd1260aa
xmodelmesh,d#hash_77f6544fdce64505
xmodelmesh,#hash_77fa4f8133ddf7bb
xmodelmesh,#hash_7808f2be5eea4109
xmodelmesh,#hash_781d4fd8e2266905
xmodelmesh,#hash_782785823d28d419
xmodelmesh,#hash_782b92fc3efe06c2
xmodelmesh,d#hash_783868af6533685e
xmodelmesh,#hash_784392a51851b79e
xmodelmesh,d#hash_78458a1694012de9
xmodelmesh,#hash_7853f31c8b621ae2
xmodelmesh,#hash_7857306d10b54254
xmodelmesh,#hash_786e348d3300f76a
xmodelmesh,d#hash_786e634c06e4d02b
xmodelmesh,#hash_78710818716cdc75
xmodelmesh,#hash_787648c4b8197dce
xmodelmesh,#hash_787dc0b93787d697
xmodelmesh,#hash_78808e5902c2d8fd
xmodelmesh,#hash_788193d41f7c9e2a
xmodelmesh,#hash_7882539ee039455c
xmodelmesh,#hash_788690419c672760
xmodelmesh,#hash_78894f0be1c35b36
xmodelmesh,#hash_7889c87b44af8be3
xmodelmesh,d#hash_78908dc6b9666e78
xmodelmesh,#hash_7898bb59a7a24f15
xmodelmesh,#hash_789c4b44955d2190
xmodelmesh,#hash_789fab3af933bf6d
xmodelmesh,#hash_78a200b9b40ae0aa
xmodelmesh,#hash_78b1fa036fc1a778
xmodelmesh,#hash_78b82f0747d52ce9
xmodelmesh,#hash_78bf4a8168e5f3fa
xmodelmesh,#hash_78bff6471009b8c6
xmodelmesh,#hash_78c26c15e8988f25
xmodelmesh,#hash_78d4b5d300a05896
xmodelmesh,#hash_78d597c6552cce74
xmodelmesh,#hash_78dabb852b275cac
xmodelmesh,#hash_78df45fb37be7328
xmodelmesh,#hash_78eab0029e0ff450
xmodelmesh,#hash_7900356218c5d17e
xmodelmesh,#hash_7902246780098f9b
xmodelmesh,#hash_79065b324b4a66d5
xmodelmesh,#hash_792126331ab788e5
xmodelmesh,#hash_79245fd151ba7de6
xmodelmesh,#hash_7925fc28cb81b9c6
xmodelmesh,#hash_7926424d1668d941
xmodelmesh,#hash_7928fdee46f2c987
xmodelmesh,#hash_792c7c412c2dd089
xmodelmesh,#hash_792dedbdf6a01133
xmodelmesh,#hash_793264f09382cb1d
xmodelmesh,#hash_79465cc9fd015d13
xmodelmesh,#hash_7957fb4d4421f370
xmodelmesh,#hash_795cf445e7665637
xmodelmesh,#hash_795ed711b15344cd
xmodelmesh,#hash_7964a96d164fc512
xmodelmesh,#hash_79766b6742907879
xmodelmesh,#hash_797aa03a2420ce5d
xmodelmesh,#hash_7980ca3cceb64664
xmodelmesh,#hash_79903d42b4af7642
xmodelmesh,#hash_799c59bbe216dd18
xmodelmesh,#hash_79ade3a8700732b4
xmodelmesh,#hash_79c42aa80d896d63
xmodelmesh,#hash_79e3eea19704e9f1
xmodelmesh,#hash_79e5d91174d0e48f
xmodelmesh,#hash_79e91345433ab45b
xmodelmesh,#hash_79ed4d86d9bb7dd6
xmodelmesh,#hash_79edaba6a8ebc86e
xmodelmesh,#hash_79f1ee1a43ce192e
xmodelmesh,#hash_79f42da3398e8269
xmodelmesh,#hash_7a04490d589e893a
xmodelmesh,#hash_7a06d78180750291
xmodelmesh,#hash_7a20ad294c87cd8e
xmodelmesh,#hash_7a25435cec542100
xmodelmesh,#hash_7a295d275b94a898
xmodelmesh,#hash_7a2c61e331a86f1a
xmodelmesh,#hash_7a2efde182605f94
xmodelmesh,#hash_7a32b4e165b770e3
xmodelmesh,#hash_7a3e49b3075e6a81
xmodelmesh,#hash_7a3f604129c1f633
xmodelmesh,#hash_7a4509921eda8d54
xmodelmesh,#hash_7a4510fad0d9d8db
xmodelmesh,#hash_7a4d8bef99c67224
xmodelmesh,#hash_7a64f5667ab1b095
xmodelmesh,#hash_7a6e0e761a3a2b25
xmodelmesh,#hash_7a70efd5e2133b1f
xmodelmesh,#hash_7a759807ee264813
xmodelmesh,#hash_7a82048901834220
xmodelmesh,#hash_7a85e24faa4c5494
xmodelmesh,#hash_7a9226ae33297c9f
xmodelmesh,#hash_7a9df67fd408d379
xmodelmesh,#hash_7ab62c696f5f33df
xmodelmesh,#hash_7ac02b0bb6cf2ca0
xmodelmesh,d#hash_7ac2f6b979e06fd0
xmodelmesh,#hash_7ac5a7d161d8b8e4
xmodelmesh,#hash_7acd04a159172c09
xmodelmesh,#hash_7acf301c3b328ed0
xmodelmesh,#hash_7ae600b47e2fc8fd
xmodelmesh,#hash_7ae7322b30a088ae
xmodelmesh,#hash_7af1022109130241
xmodelmesh,#hash_7b079a4ecfeceb6e
xmodelmesh,#hash_7b0df55d89ac9f18
xmodelmesh,#hash_7b19a48be5700c30
xmodelmesh,#hash_7b1ce37ffc5f8958
xmodelmesh,#hash_7b1eb8a5b77faf00
xmodelmesh,d#hash_7b1f7bf0a8ba81e3
xmodelmesh,d#hash_7b3002660d1fc92b
xmodelmesh,#hash_7b3188ceb9d11c3b
xmodelmesh,#hash_7b322c50addbe6ea
xmodelmesh,#hash_7b350a95d567ec96
xmodelmesh,#hash_7b43cf3dd7c59e87
xmodelmesh,#hash_7b479bd7c791e4ba
xmodelmesh,d#hash_7b54cd02787f77ce
xmodelmesh,#hash_7b58e73cd808e1ba
xmodelmesh,#hash_7b5aeae9c36fe469
xmodelmesh,#hash_7b62ea7ffe2b13c1
xmodelmesh,#hash_7b6e21878a7be24e
xmodelmesh,#hash_7b71c8f9dac55771
xmodelmesh,#hash_7b775dd2b2165e5b
xmodelmesh,d#hash_7b7bc0aae92b3212
xmodelmesh,#hash_7b859c30497b2172
xmodelmesh,#hash_7b86d88b1492342b
xmodelmesh,#hash_7b8a6c5b222c6ea9
xmodelmesh,#hash_7b8cb4b0c4e5a5c8
xmodelmesh,#hash_7b8fa34b7de82eb0
xmodelmesh,#hash_7b902284e3b2f693
xmodelmesh,#hash_7ba8d6a722cba57c
xmodelmesh,#hash_7bc0925698461f9d
xmodelmesh,#hash_7bc28dc54f9770b1
xmodelmesh,#hash_7bc5a800ab9b0dad
xmodelmesh,#hash_7bd55427bf241b20
xmodelmesh,#hash_7be5e221ef3e47dc
xmodelmesh,#hash_7be69a73e05e0dc8
xmodelmesh,#hash_7bebca88948c9c83
xmodelmesh,d#hash_7bed3418e931c6fd
xmodelmesh,#hash_7bf3962625ace024
xmodelmesh,#hash_7bf60fc99c487235
xmodelmesh,#hash_7c00d735e9cb6164
xmodelmesh,#hash_7c1e47659010b011
xmodelmesh,#hash_7c36701d7aa67dcd
xmodelmesh,#hash_7c37b70f52467276
xmodelmesh,#hash_7c43980751bff15c
xmodelmesh,#hash_7c4560b8b657096f
xmodelmesh,d#hash_7c45f2c422ec9704
xmodelmesh,#hash_7c471ceae07da912
xmodelmesh,#hash_7c4ecfa7e7b561d7
xmodelmesh,#hash_7c4fe2759d5d517d
xmodelmesh,#hash_7c5490ea44f79415
xmodelmesh,#hash_7c572aedf854446d
xmodelmesh,#hash_7c64be7bcf371bcd
xmodelmesh,#hash_7c6cfe6bef6be23a
xmodelmesh,#hash_7c7388b78f1f88ff
xmodelmesh,#hash_7c797b509e594f88
xmodelmesh,#hash_7c83ae8d9e4a95a4
xmodelmesh,#hash_7c914d4948774e05
xmodelmesh,#hash_7ca9080cc34fcd10
xmodelmesh,#hash_7ca919c151afaf23
xmodelmesh,#hash_7ca9aef8dc854d25
xmodelmesh,#hash_7cb13bb7f85396de
xmodelmesh,#hash_7cc442485f2af33c
xmodelmesh,#hash_7cd0762b309f959e
xmodelmesh,#hash_7cd4bf4c98a0d255
xmodelmesh,d#hash_7ce315830aaf5637
xmodelmesh,#hash_7ce4a1db19fe448b
xmodelmesh,#hash_7ce75a7aedaf936d
xmodelmesh,d#hash_7cea5dad258eed08
xmodelmesh,#hash_7cf286daa69ffd5b
xmodelmesh,#hash_7d0f71d12b31931b
xmodelmesh,#hash_7d179b60fb5c31ce
xmodelmesh,#hash_7d2174e2107996a7
xmodelmesh,#hash_7d232976520b0dcf
xmodelmesh,#hash_7d29747aeebd7159
xmodelmesh,#hash_7d2b1e7be559f91a
xmodelmesh,d#hash_7d44941547e7840d
xmodelmesh,#hash_7d46ed9ef7f16fec
xmodelmesh,#hash_7d4bab422e3d6cf7
xmodelmesh,#hash_7d550ee3d4921025
xmodelmesh,#hash_7d56f70913892649
xmodelmesh,#hash_7d5744a3f100c6dc
xmodelmesh,#hash_7d6b8d07facf94df
xmodelmesh,#hash_7d6e6ac84cc4c2ec
xmodelmesh,#hash_7d717559f694f193
xmodelmesh,#hash_7d8abffb51ad4b8a
xmodelmesh,#hash_7d911aa57e18674d
xmodelmesh,#hash_7d94eeeb0584972e
xmodelmesh,#hash_7dabcc8ce6daa89d
xmodelmesh,#hash_7dac7bc1f04c7afa
xmodelmesh,#hash_7dac9c210fd005b4
xmodelmesh,#hash_7db48f8b20a0e555
xmodelmesh,#hash_7db79ed18b6d502f
xmodelmesh,#hash_7dd69ae95d429f23
xmodelmesh,#hash_7dde3724a513f23e
xmodelmesh,#hash_7de04e164a5d0f07
xmodelmesh,d#hash_7de0d95e7413c7ec
xmodelmesh,#hash_7df50b3059a5fba2
xmodelmesh,#hash_7df6b2a550cfd1eb
xmodelmesh,#hash_7e024a1234a90df8
xmodelmesh,#hash_7e08cbd2dbdc7889
xmodelmesh,#hash_7e0b95d0991fa013
xmodelmesh,#hash_7e0ce21d82deea65
xmodelmesh,#hash_7e160526893bbe45
xmodelmesh,#hash_7e19c8fc27c95936
xmodelmesh,#hash_7e211ed0fb1abd2a
xmodelmesh,#hash_7e2be8e43ba2fa3b
xmodelmesh,#hash_7e31f77de201d9bd
xmodelmesh,#hash_7e499f4c6f0237a2
xmodelmesh,#hash_7e56ca95dd1b59b1
xmodelmesh,#hash_7e58a49496ea0df6
xmodelmesh,#hash_7e5b1351db4918cf
xmodelmesh,#hash_7e5b491db049986d
xmodelmesh,#hash_7e5d1ac25900fdbd
xmodelmesh,#hash_7e5e7f3f292f3149
xmodelmesh,#hash_7e714bd837d46649
xmodelmesh,#hash_7e722c04d382326e
xmodelmesh,#hash_7e7a0032cf49f059
xmodelmesh,#hash_7e86b8c4d5bbb874
xmodelmesh,#hash_7e871fe7f2c3d584
xmodelmesh,#hash_7e87cd92f0dc6b14
xmodelmesh,#hash_7e92277bf3a9c2be
xmodelmesh,#hash_7e96d76ff9fc0a78
xmodelmesh,#hash_7ea214775f3a2ce7
xmodelmesh,#hash_7ea60de99423787c
xmodelmesh,#hash_7eab6741e241f0fb
xmodelmesh,#hash_7eb1e7b588de8efe
xmodelmesh,d#hash_7eb5fb2fbec90eb4
xmodelmesh,#hash_7eb881f9f24d3239
xmodelmesh,#hash_7ec136be0c44e5ef
xmodelmesh,#hash_7ec5a1754c64f8f0
xmodelmesh,#hash_7ecf038b8f7146e7
xmodelmesh,#hash_7ed6f3116f40ae09
xmodelmesh,#hash_7ed75bdc80fef299
xmodelmesh,#hash_7ed7713ed6a0b881
xmodelmesh,#hash_7edb5022dd1b8e7b
xmodelmesh,#hash_7edd84cd526abfe9
xmodelmesh,#hash_7edef1c2880d1c62
xmodelmesh,#hash_7ee0d92c02aaf810
xmodelmesh,#hash_7ee62689af8c7b38
xmodelmesh,#hash_7ee6861bd8184242
xmodelmesh,#hash_7ee82e81f863cbb0
xmodelmesh,#hash_7eea062bbc18a758
xmodelmesh,#hash_7ef1e3d3dc616aca
xmodelmesh,#hash_7f014709335b63b6
xmodelmesh,#hash_7f0705d66e3c191b
xmodelmesh,#hash_7f09e456a61895af
xmodelmesh,#hash_7f0fc5cfed10d19d
xmodelmesh,#hash_7f17864a71449a38
xmodelmesh,#hash_7f2071f5f21330ee
xmodelmesh,#hash_7f26bac8f34f3c12
xmodelmesh,#hash_7f33cd3de4ffc1f9
xmodelmesh,#hash_7f4958b9160382e4
xmodelmesh,#hash_7f4e367961b8c878
xmodelmesh,#hash_7f68d3e02508c718
xmodelmesh,#hash_7f6c289a269ee60f
xmodelmesh,#hash_7f73c17138462764
xmodelmesh,#hash_7f84c07630840223
xmodelmesh,#hash_7f908592d98b86e7
xmodelmesh,#hash_7f978c2a288c4bd3
xmodelmesh,d#hash_7f97d88384210a3b
xmodelmesh,d#hash_7f9b9b7a08246938
xmodelmesh,#hash_7f9c8b83570c2c88
xmodelmesh,#hash_7f9dd165303364db
xmodelmesh,#hash_7f9eac342e441a18
xmodelmesh,#hash_7fa7b07cf78062e2
xmodelmesh,#hash_7fa7ddb0352e0102
xmodelmesh,#hash_7faea903e311c2b4
xmodelmesh,#hash_7fc48bde9ad9711d
xmodelmesh,#hash_7fcfcc1542613200
xmodelmesh,#hash_7fd9ea09ca51895a
xmodelmesh,#hash_7fdc01209698e019
xmodelmesh,#hash_7fe26c428e56ec5d
xmodelmesh,#hash_7fefd9b85f1e6147
xmodelmesh,#hash_7ff946df1b03d6ab
material,d#vd/gfx_decal_bullet_glass_03|dup
techset,d#hash_4b771c6dfc88e293
image,d#$white_reveal
material,#ei/gfx_bio_bird_bottom_anim_em|dup
material,d#hash_1c5ab24924b87dc
material,d#ei/gfx_fog_slow_md_anim_lit|dup
material,#ei/gfx_gib_glass_01_lit_em_i1024|dup
material,d#vd/gfx_decal_exp_blast_02|dup
techset,d#hash_37b9a0783ad98393
material,#hash_467c654af1a997d
material,d#hash_4805039198de144
material,d#hash_6be71ce5c519986
material,#hash_6f05766820bc3ab
material,d#hash_6fa51de1bc5c8a4
material,d#hash_75933e65830ad88
material,#ei/gfx_smk_puff_volume_varied_em|dup
material,d#hash_acd99a724915105
material,d#ei/gfx_fog_slow_sm_anim_em|dup
material,d#hash_b194575073b15ff
material,d#hash_cafe7dd79cee015
material,d#vdd/gfx_decal_exp_blast_01|dup
material,d#ei/gfx_exp_billow_md_anim_em|dup
material,d#vd/gfx_decal_exp_blast_01|dup
material,d#hash_100a73363b8ed4b4
material,d#hash_107470d0ef8bada6
material,d#ei/gfx_spark_rndhit_em|dup
material,d#hash_13be75a80876ec07
material,d#hash_13c1fdf82d72fdf5
material,d#ei/gfx_gib_glass_02_em|dup
material,d#ei/gfx_smk_puff_volume_varied_lit|dup
material,d#ei/gfx_smk_whisp_anim_02_high_dark_lit|dup
material,d#hash_15061f8aa2f3cccd
material,d#hash_17096ce82588028f
material,d#hash_1745062cddf947c7
material,#hash_179e85ab6737c26a
material,d#hash_17a189d29d15e5e8
material,d#ei/gfx_fog_slow_md_anim_em|dup
material,d#hash_189f09b84c162e3e
material,d#hash_196c6f5ce9aeb7a6
material,d#ei/gfx_fol_flower_petal_single_lit|dup
material,d#ei/gfx_smk_tendril_2_lit|dup
material,d#hash_1c491083c124a8a0
material,d#ei/gfx_water_droplet_lit|dup
material,d#vd/gfx_decal_bullet_glass_01|dup
material,d#vdd/gfx_decal_bullet_glass_01|dup
material,d#hash_1ef3014448db60f7
material,d#hash_1effbe283f08115d
material,d#ei/gfx_smk_puff_thin_varied_high_dark_lit|dup
material,d#ei/gfx_gib_glass_01_lit|dup
material,d#hash_2065516a5da9c455
material,d#hash_215e2ddf895d4bd3
material,#ei/gfx_smk_tendril_1_em_i8|dup
material,d#ei/gfx_fog_slow_lg_anim_em|dup
material,d#hash_234a85d3b9ad4d74
material,d#ei/gfx_smk_billow_thick_anim_high_dark_lit|dup
material,#ei/gfx_bio_butterfly_top_lit|dup
material,d#ei/gfx_dust_fall_lg_anim_lit|dup
material,d#hash_270d461aaa719f4e
material,d#hash_2811c0b84d77ddb3
material,#hash_2a62a136aa3412bb
material,d#ei/gfx_gib_metal_02_lit|dup
material,d#hash_2b093a22fc432cd5
material,d#vdd/gfx_decal_bullet_glass_02|dup
material,d#ei/gfx_debris_trash_multiple_lit|dup
material,d#hash_2ddc7931cab5163b
material,d#ei/gfx_smk_tendril_1_lit|dup
material,d#vdd/gfx_decal_exp_blast_02|dup
material,d#ei/gfx_dust_spike_sm_anim_lit|dup
material,d#ei/gfx_water_splash_cone_anim_lit|dup
material,d#ei/gfx_smk_whisp_anim_02_lit|dup
material,d#ei/gfx_gib_glass_02_lit|dup
material,d#hash_3a4f475d201a2738
material,#hash_3c7ca85bcea3d95d
material,d#hash_3e2612554cf0d02c
material,d#hash_4189a2dbaaf36dc5
material,d#hash_424ff81c84a0f4ec
material,d#hash_43dbc442c66f561c
material,#hash_454352ab37d6bdcd
material,#hash_459e18d622303766
material,d#hash_47adeaa4f608c4d8
material,d#hash_48f6f10fac9ac24c
material,d#ei/gfx_spark_single_em|dup
material,d#ei/gfx_gib_concrete_02_lit|dup
material,d#ei/gfx_light_phosphorous_em|dup
material,d#ei/gfx_fog_slow_sm_anim_lit|dup
material,d#ei/gfx_smk_puff_thin_varied|dup
material,d#ei/gfx_light_incandescent_hot_em|dup
material,#hash_4df7c6dc43cb2d5a
material,#ei/gfx_gib_glass_02_em_i1024|dup
material,d#ei/gfx_dust_swirl_md_anim_em|dup
material,d#hash_505f8c0746b1e6a7
material,d#hash_51d2b20175a6b4a6
material,d#vdd/gfx_decal_foam|dup
material,d#ei/gfx_dust_clump_lit|dup
material,d#hash_543b38e9b140e4c3
material,d#hash_54c0624487be9fe3
material,d#hash_57676a39571ce670
material,d#ei/gfx_fog_slow_lg_anim_lit|dup
material,d#hash_58ae30b36257e10d
material,d#hash_5a6a7dde410e8adc
material,d#ei/gfx_spark_blink_anim_em|dup
material,d#ei/gfx_dust_swirl_md_anim_lit|dup
material,d#ei/gfx_smk_billow_whisp_anim_high_dark_lit|dup
material,d#hash_5e5c11436811509f
material,d#hash_5e6d68a6b93d8fea
material,d#ei/gfx_water_ripple_anim_lit_nocull|dup
material,d#vd/gfx_decal_foam|dup
material,#hash_62d0e5cf03fca8f0
material,d#vdd/gfx_decal_bullet_glass_03|dup
material,d#hash_6368ad5d7decc498
material,d#hash_677d8abc8203fb13
material,d#hash_67d816bc7a76ddad
material,d#hash_6abefb629b32c9af
material,d#ei/gfx_water_splash_lit|dup
material,d#hash_6c5ef4f94c086429
material,#hash_6d0a33b5115f906c
material,d#hash_6d3713dbbdd90aaa
material,d#ei/gfx_spark_blink_anim_em_i12000|dup
material,d#ei/gfx_debris_clump_lit|dup
material,#ei/gfx_bio_fly_top_lit|dup
material,d#hash_7001694422f724d4
material,d#ei/gfx_debris_grass_lit|dup
material,d#hash_745fbbe8d5eaba9d
material,d#ei/gfx_gib_metal_01_lit|dup
material,#ei/gfx_fol_leaves_vine_lit|dup
material,d#hash_76f7a484a02a3cdb
material,d#hash_7776d60c0a35bcd6
material,d#vd/gfx_decal_bullet_glass_02|dup
material,d#hash_779f1467ea8314e1
material,d#hash_78e03deb2245f76e
material,#ei/gfx_smk_gen_anim_lit|dup
material,d#hash_7d144ba78eac0b5b
material,d#hash_7e08dd8b1e8d6985
material,d#hash_7f01811998209733
techset,#hash_293375a8079d3e
techset,d#hash_37a4428701c770
techset,d#hash_40be4d80b92bc0
techset,d#hash_881a6d87d39a4d
techset,d#hash_ca8d4c13b3954c
techset,d#hash_147cc13cacb7c57
techset,d#hash_2310e509cbed120
techset,#hash_23a771fe47df47b
techset,#hash_2587b26d1792de9
techset,d#hash_2d99603e522a61f
techset,d#hash_33832cd9511a3ad
techset,#hash_35e156eb4e02152
techset,#hash_3802df4c7f1448c
techset,#hash_56ad8624086bdbe
techset,#hash_614e45700ddb6a9
techset,#hash_635739a5fab2382
techset,#hash_66679e6b7d1be32
techset,#hash_690e77ad0434d19
techset,#hash_767c4a846d6ea3d
techset,#hash_7b370c1d914ebf2
techset,d#hash_7e6f442645c6710
techset,d#hash_7f52c25fafe3f12
techset,#hash_9f519a307af033b
techset,d#hash_a1dd9c28ed116f5
techset,d#hash_c3eae6c7c289a8b
techset,#hash_cb166fc55a261fa
techset,#hash_d178b7f7fdd7012
techset,#hash_f496a08925c0e93
techset,#hash_f7c3e2472eb3a6b
techset,d#hash_f99eee7891ef19b
techset,#hash_fbac28a6db22cd5
techset,#hash_ff3720f02fd8086
techset,#hash_1052629a41a15cda
techset,d#hash_11980812a6cd117f
techset,d#hash_119a0e9ee9aa5dc1
techset,#hash_13075c8dca23915c
techset,d#hash_13a905d0ad27a69a
techset,#hash_142599476d130a56
techset,d#hash_148cc8966c9e80c9
techset,d#hash_15916b6543dc3378
techset,#hash_163b9b7a5d8c2eb3
techset,#hash_167fa1304c9411bc
techset,d#hash_16ca435bfef970ac
techset,#hash_18e01e31812175a8
techset,#hash_19cdbadef5e5065b
techset,#hash_1a0d367d59ee885f
techset,#hash_1a13ef915d9547e0
techset,d#hash_1a263d167273ca7b
techset,#hash_1a6864e4358471e4
techset,d#hash_1b34ee7bcbe108d2
techset,d#hash_1d03479f6e191d78
techset,d#hash_1d07f4f5d5a58ec5
techset,d#hash_1d5292a4f12d02f2
techset,d#hash_1d8638ac7f8fac48
techset,d#hash_1dc668e6ea90e9f3
techset,#hash_1e5554f60af48c93
techset,d#hash_1e57b7a230dfb01f
techset,d#hash_1eda40632dbcc792
techset,#hash_1fbf63281bbcfe61
techset,#hash_2023d0a245fdcc47
techset,#hash_213bcfa776d2fc59
techset,d#hash_214a98da4078dd3c
techset,#hash_2162a8af9000c0b3
techset,#hash_216b2ba488d92b48
techset,d#hash_216bd2eb7ba0de5c
techset,#hash_2279f4ec68c5f195
techset,#hash_228925a33ab9375d
techset,#hash_228f74af6f73dbb1
techset,d#hash_22d8e64dd095ca9b
techset,#hash_23e831c6ed5b295e
techset,d#hash_243c8fe23fecaad5
techset,d#hash_2656ab69d7e5b667
techset,d#hash_26e394f6ac10475f
techset,#hash_26f73809dabe1b10
techset,d#hash_27bb29365d467c05
techset,d#hash_27dd2878d2144440
techset,#hash_28092e5ebd1bfe2a
techset,#hash_280fff466fda31c3
techset,d#hash_28e3488ea8338a1f
techset,#hash_291520b8d0ccde52
techset,#hash_2915f805b55001f5
techset,#hash_299a75e4b7c46f62
techset,#hash_29b519b78a70a25c
techset,#hash_2a707d5c7c05df23
techset,#hash_2ad343b0a3022da0
techset,d#hash_2b811638c8fa5b7d
techset,#hash_2c2701aca3b6e295
techset,d#hash_2d2acca65a886243
techset,d#hash_2d3558eb56eec5a3
techset,#hash_2d4e813f2a93c265
techset,d#hash_2d9b573d2e884b1b
techset,d#hash_2db29aa67250f568
techset,d#hash_2dba6ca0636b9975
techset,d#hash_2ddc83626b74c144
techset,d#hash_2e9abe270a9a08b2
techset,#hash_2ed240d2a032711f
techset,#hash_2f4b1e5a52b9c1cc
techset,d#hash_302856f53c7c9949
techset,d#hash_321b7c3cf742feb8
techset,d#hash_321b7d3cf743006b
techset,d#hash_32d27045539c6d91
techset,d#hash_34897e6aaec0dbd2
techset,#hash_352157070f1d23c3
techset,#hash_3531b4653ba37e7e
techset,#hash_35b63d1ee31ff027
techset,d#hash_35fb1328ef1687cd
techset,d#hash_3666e7e31c75d3de
techset,#hash_377a3382a637d8c2
techset,#hash_37fcec551462d3d8
techset,#hash_380f8b16bccfc90c
techset,#hash_387dc8ba75a67e2f
techset,d#hash_38f0f4cf847f4e8b
techset,d#hash_38f4984ba9cbb86b
techset,#hash_395d3eb90398bc1f
techset,#hash_39a66c85ccadaa34
techset,#hash_39d68fd298d63d03
techset,d#hash_3a10922ea1e83c8f
techset,d#hash_3aacb1ebcb18212d
techset,d#hash_3bcf8e8b3be92d64
techset,d#hash_3c1ee8038c65bce4
techset,#hash_3cbd2c1db8e29d7c
techset,#hash_3d1b0f0aedf5ec86
techset,#hash_3dc38f6cc71bd6bd
techset,#hash_3e4f48d8181d6e59
techset,d#hash_3e9a99dd42e5eb48
techset,#hash_3f426a1d196664e7
techset,d#hash_3fd58903428b8a69
techset,d#hash_4052954b3daa2e0f
techset,#hash_40dc522ddff77a30
techset,#hash_41a62a5b00511dcb
techset,d#hash_41d06081f3f338a2
techset,#hash_42bc57ce2b5b0bc6
techset,#hash_43552d04635db6d9
techset,d#hash_43a26ea259d01f8f
techset,#hash_4408da97b045e2d5
techset,d#hash_444e2dc1d87ca7df
techset,d#hash_44cc6406e10a18e0
techset,d#hash_44ec54fcc7765d3d
techset,d#hash_453844711c593781
techset,d#hash_463e30cbcb31457f
techset,#hash_466ca50e0447022e
techset,d#hash_46eccbdeffbaa2b7
techset,d#hash_4874d3e7994a47b7
techset,d#hash_49bf01e9cf876f49
techset,d#hash_49f3564f29c66eb6
techset,#hash_4afc67f4448df3d2
techset,#hash_4b229b8544b7fc10
techset,#hash_4b852224bbad0212
techset,#hash_4b8bbff5af379f13
techset,d#hash_4bb39362a2eb8e32
techset,#hash_4c4ca1e0b5150e9c
techset,#hash_4cfb8773852b0eac
techset,d#hash_4ed4c869fc4804c0
techset,#hash_4f789ad4ff05988c
techset,#hash_4fa86e1c2ef2dc9d
techset,d#hash_4fa8dae10beb80d0
techset,d#hash_4fd38f4742791831
techset,d#hash_4fd96e88feb7e426
techset,#hash_50007843c2ba76ca
techset,#hash_50368250bdb0933f
techset,d#hash_515709195077069b
techset,d#hash_521355b1672edf34
techset,#hash_52391377bc2aba11
techset,d#hash_52983bf3c4b8ea5a
techset,#hash_529dddf280777b5a
techset,#hash_5307b6f5d79c1c05
techset,d#hash_537f7652a72f872c
techset,#hash_53b90ca71461541d
techset,d#hash_54d90f769f1135cc
techset,#hash_55fa1eaaf9038b8b
techset,d#hash_568cf0ea4eb52659
techset,#hash_56cc503cbc800789
techset,d#hash_5798ed7f7d9954d0
techset,d#hash_583d6ed96bfd464f
techset,d#hash_58d697d8fbe7b4a6
techset,d#hash_59ce91fc9291a81d
techset,d#hash_59f9982a2047607c
techset,d#hash_5c620bec3ab6c90d
techset,#hash_5c77e8a6db373af8
techset,d#hash_5d9cbd5b0bfc8566
techset,d#hash_5e8276eca49cc041
techset,d#hash_5ea2fd76e6b90c1b
techset,#hash_5ea44ddd14f03357
techset,d#hash_600124f3d78a9d7a
techset,#hash_603902a7e052f325
techset,#hash_62a41e3596354caa
techset,d#hash_633a632cd909917e
techset,d#hash_63d0f11c837c2188
techset,#hash_63d68fa07748836f
techset,d#hash_649e9ad2d474c8a6
techset,#hash_64a4abd084a337f4
techset,#hash_658a3596483dec62
techset,d#hash_6615bf1f417e6433
techset,#hash_671e5d77b1298232
techset,#hash_676f4ac5135149ae
techset,d#hash_67dea9eb9512a137
techset,d#hash_68ccfe5c19d28bf1
techset,#hash_692ed6468eaa3fc7
techset,#hash_69720820b116a924
techset,#hash_6985beb3b0f45a66
techset,#hash_69f8fc95ccafdd63
techset,#hash_6a6972c4075e75b3
techset,d#hash_6aae01c8ade153ce
techset,#hash_6ae50e2f06b5620f
techset,d#hash_6b3aedab99db192e
techset,#hash_6b6ac7e812ad541c
techset,#hash_6c732c5760411197
techset,d#hash_6d031e31fe36c97a
techset,#hash_6d1dfd65e43c6fd1
techset,d#hash_6e2b4ae7ccc56328
techset,#hash_6eacaf66472c2e15
techset,#hash_6fe71f861f2767c4
techset,d#hash_709398899ae9aad2
techset,#hash_70a1e5dc94e731aa
techset,d#hash_70a8aa20ff1b48f3
techset,d#hash_7133d93a162b605f
techset,d#hash_714914ff6459caef
techset,#hash_7298827d08808e1d
techset,d#hash_733e4cbcb0d698c0
techset,d#hash_737c0eb68bc5aebf
techset,#hash_73a1b3de19c32673
techset,#hash_75004f1afddd9e8b
techset,d#hash_7573e4242525afde
techset,#hash_759061051a62ba80
techset,#hash_760a0b00e09f57e4
techset,d#hash_7615346333341f5d
techset,d#hash_76184d265d619e7e
techset,d#hash_76a7ed741fbb523d
techset,#hash_77d7c5037bf2508b
techset,#hash_78a5eeaad02ee002
techset,#hash_78bab93a54f8e522
techset,#hash_79199caa32edf278
techset,d#hash_7933697506ee311c
techset,#hash_79b6a1c15b30f3bc
techset,d#hash_79e2ca8a1f720a77
techset,#hash_7a034ad0401036d6
techset,d#hash_7a5629edc4596fbb
techset,d#hash_7a662220ebf5c6c2
techset,#hash_7c6498e9870dd738
techset,d#hash_7c74ccec2904cee4
techset,#hash_7caf3053d575c20b
techset,d#hash_7cdf8869adc7f316
techset,d#hash_7dc19f329af8f1f7
techset,d#hash_7e5fba807526ecdf
techset,d#hash_7e67b7e4d082e54a
techset,#hash_7eb72299f83bcce2
techset,d#hash_7f1752c98e2de9e8
techset,d#hash_7f1813031a257c82
techset,d#hash_7f1b8adbf5509fe8
image,#i_t7_decal_grunge_leaking_02_n
image,#i_t7_decal_grunge_leaking_02_c
image,#i_t7_decal_grunge_leaking_02_g
image,d#i_c_t7_reaper_body1_lights_ir
image,#i_mtl_p7_jun_foliage_palm_tropic_proxy_specular
image,d#i_mtl_p7_wall_mobile_dep_decal_details_01_normal_m
image,#hash_8fcce028dc8d67
image,#i_p8_mp_bomb_crate_whole_destroyed_trim02_n
image,#hash_ec81f7ed4b538f
image,#hash_ec84f7ed4b58a8
image,d#i_mtl_p7_debris_metal_scrap_01_s
image,d#i_mtl_p7_debris_metal_scrap_01_o
image,d#i_mtl_p7_debris_metal_scrap_01_n
image,d#i_mtl_p7_debris_metal_scrap_01_g
image,#hash_f0a2878cd6badc
image,#hash_f0a7878cd6c35b
image,#i_t7_decal_grunge_rust_blend_r
image,#i_t7_decal_grunge_rust_blend_c
image,#i_t7_decal_grunge_rust_blend_g
image,#i_t8_concrete_damaged_norebar_01_n
image,#i_t8_concrete_damaged_norebar_01_c
image,#i_t8_concrete_damaged_norebar_01_g
image,#hash_10dccb21ed460bf
image,d#i_t8_decal_grunge_rust_04_c
image,#hash_10f799cdd4296dc
image,#hash_110f05de79a750c
image,#hash_110f55de79a7d8b
image,#i_mtl_veh_t7_dlc_decal_edge_wear_01b_c
image,#hash_125ae098c0be0fd
image,d#fxt8_fog_slow_md_anim
image,#i_mtl_p8_slu_crate_wood_main_g
image,#i_t7_brick_worn_red_heavy_grout_r2
image,d#i_t7_concrete_floor_painted_blend_grey_c
image,#i_t7_concrete_floor_painted_blend_grey_n
image,#i_t7_concrete_floor_painted_blend_grey_r
image,#i_mtl_p7_slu_dirt_pile_set_decal_m
image,d#i_mtl_p7_bucket_plastic_5_gal_m
image,d#i_mtl_p7_bucket_plastic_5_gal_n
image,#i_mtl_p7_slu_gate_fence_segment_02_proxy_albedo
image,#hash_1aa76111c488c79
image,#i_t7_decal_damage_concrete_ground_01_c
image,#i_t7_decal_damage_concrete_ground_01_n
image,#i_mtl_p7_slu_dirt_pile_set_02_n
image,#i_mtl_p7_slu_dirt_pile_set_02_m
image,#i_mtl_p7_debris_trash_snack_bag_05_n
image,#i_mtl_p7_debris_trash_snack_bag_05_c
image,#i_mtl_p7_fir_foliage_tree_vista_set_foliage_n
image,#i_mtl_p7_fir_foliage_tree_vista_set_foliage_c
image,#i_mtl_p7_fir_foliage_tree_vista_set_foliage_t
image,#i_mtl_veh_mphd_van_button01_n
image,#i_mtl_veh_mphd_van_button01_c
image,#i_c_t7_assassin_body1_knife_s
image,#i_c_t7_assassin_body1_knife_o
image,#i_c_t7_assassin_body1_knife_n
image,#i_c_t7_assassin_body1_knife_g
image,#i_c_t7_assassin_body1_knife_c
image,#i_t7_spa_stone_granite_floor_01_c
image,d#i_wpn_t8_micro_metal_gunmetal_v01_g
image,#hash_1fb8785f80d729b
image,#hash_1fe757a45f94ae6
image,#hash_1fe7e7a45f95a31
image,#hash_1fe827a45f960fd
image,#i_mtl_p7_fir_foliage_tree_vista_03_proxy_normal
image,#hash_2078791551f4e72
image,#hash_2078c91551f56f1
image,d#i_t7_micro_grunge_rust_02_c
image,d#i_t7_micro_grunge_rust_02_g
image,d#i_t7_micro_grunge_rust_02_n
image,d#i_t7_detail_metal_brushed_01
image,#i_t7_decal_damage_concrete_dust_r
image,#i_t7_decal_damage_concrete_dust_c
image,#i_mtl_p7_slu_fuse_box_electric_set_n
image,#i_mtl_p7_slu_fuse_box_electric_set_m
image,#i_mtl_p7_slu_bucket_plastic_decal_c
image,#i_p8_slu_gravestone_03_n
image,#i_p8_slu_gravestone_03_o
image,#i_p8_slu_gravestone_03_m
image,d#i_wpn_t8_eqp_briefcase_bomb_bottom_s
image,d#i_wpn_t8_eqp_briefcase_bomb_bottom_o
image,d#i_wpn_t8_eqp_briefcase_bomb_bottom_n
image,d#i_wpn_t8_eqp_briefcase_bomb_bottom_g
image,d#i_wpn_t8_eqp_briefcase_bomb_bottom_c
image,#i_mtl_veh_mphd_van_brakelightglass_dead_c
image,#i_t7_grass_scrub_n
image,#i_t7_grass_scrub_c
image,#i_t7_grass_scrub_r
image,d#i_veh_t8_concrete_bare_light_01_512_n
image,#i_t7_decal_crack_asphalt_02_c
image,#i_t7_decal_crack_asphalt_02_n
image,d#$black_reveal
image,#hash_2e04ba59a443697
image,#hash_2e04ca59a44384a
image,#hash_2e04da59a4439fd
image,#hash_2e40e121aeb8242
image,#hash_2e413121aeb8ac1
image,#i_mtl_p7_jun_foliage_ivy_ground_01_proxy_albedo
image,#i_mtl_t7_decal_signage_street_arrow_n
image,#i_mtl_t7_decal_signage_street_arrow_r
image,#i_t7_decal_signage_54i_graffiti_12_c
image,#i_mtl_p7_zm_ctl_cryo_chamber_decal_paint_c
image,#hash_32d29cb3060589d
image,d#i_t7_ban_decal_grunge_rust_drips_c
image,#i_t7_concrete_wall_damaged_01_bare_c
image,#i_t7_concrete_wall_damaged_01_bare_n
image,d#$half_reveal
image,d#i_t7_micro_metal_rough_01_g
image,d#i_t7_micro_metal_rough_01_n
image,#white_light
image,#i_mtl_p7_debris_concrete_rubble_lg_02_light_c
image,#i_t7_zm_tra_trash_01_dry_blend_n
image,#i_t7_zm_tra_trash_01_dry_blend_g
image,#i_t7_jun_wall_stone_r
image,#i_mtl_p7_slu_alarm_fire_metal_m
image,d#hash_398de313b0470f9
image,#i_mtl_p7_slu_foliage_tree_birch_trunk_decals03_c
image,#i_mtl_p7_slu_foliage_tree_birch_trunk_decals03_n
image,#hash_3bb52ade59b2f79
image,#hash_3bb5dade59b422a
image,#hash_3be14dfc23cee33
image,#hash_3be18dfc23cf4ff
image,#hash_3be1fdfc23d00e4
image,#i_t7_decal_grunge_stain_01_g
image,#i_t7_decal_grunge_stain_01_c
image,#i_t7_decal_grunge_stain_01_n
image,#i_mtl_p7_zm_debris_newspaper_german_n
image,#i_mtl_p7_slu_foliage_flower_garden_red_proxy_specular
image,#i_mtl_p7_debris_concrete_rubble_sm_c
image,#i_mtl_p7_debris_concrete_rubble_sm_n
image,#i_t7_decal_damage_concrete_trim_01_c
image,#i_t7_decal_damage_concrete_trim_01_n
image,d#i_t7_micro_wood_rough_01_n
image,#i_t7_micro_wood_rough_01_g
image,d#i_t7_micro_wood_rough_01_c
image,#i_mtl_p7_crate_wood_01_c
image,#i_mtl_p7_crate_wood_01_n
image,#hash_3e9c5ea9e4e7e23
image,#hash_3e9c9ea9e4e84ef
image,#hash_3e9d0ea9e4e90d4
image,#i_mtl_p7_slu_table_round_cloth_normal_n
image,#i_mtl_p7_roof_vent_turbine_metal_s
image,#i_mtl_p7_roof_vent_turbine_metal_c
image,#i_mtl_p7_roof_vent_turbine_metal_g
image,#i_mtl_p7_roof_vent_turbine_metal_n
image,#i_p8_water_cooler_digital_body_dirty_coloredplastic_c
image,#i_p8_water_cooler_digital_body_dirty_coloredplastic_n
image,d#i_t7_decal_labels_electrical_hazard_c
image,#i_mtl_p7_slu_plate_dirty_decal_n
image,#i_mtl_p7_slu_plate_dirty_decal_c
image,#hash_4395fc8c4c1bcb9
image,#i_t7_ntx_stone_travertine_4x1_c
image,d#i_t7_decal_grunge_dirty_sml_c
image,#i_mtl_p7_cai_apart_fence_post_n
image,#i_mtl_p7_cai_apart_fence_post_m
image,#i_mtl_p8_wz_supply_stash_health_extras_o
image,#i_mtl_p8_wz_supply_stash_health_extras_n
image,#i_mtl_p8_wz_supply_stash_health_extras_g
image,#i_mtl_p8_wz_supply_stash_health_extras_c
image,#i_c_t7_techno_body1_arm_left_c
image,#i_c_t7_techno_body1_arm_left_g
image,#i_c_t7_techno_body1_arm_left_n
image,#hash_47d6e63d0880ead
image,#i_mtl_p7_duct_metal_rectangle_straight_64_n
image,#i_mtl_p7_duct_metal_rectangle_straight_64_o
image,#i_t7_mud_sludge_wet_01_r
image,#i_t7_mud_sludge_wet_01_n
image,#i_t7_mud_sludge_wet_01_c
image,#i_c_t7_warrior_body1_arm_b1_ir
image,#i_mtl_p7_debris_trash_cup_coffee_02_n
image,#i_mtl_p7_debris_trash_cup_coffee_02_c
image,#hash_4c3e66a8a63f308
image,#hash_4c3e86a8a63f66e
image,#hash_4c3e96a8a63f821
image,d#i_veh_t8_glass_pattern_03_n
image,#cookie_flicker
image,#i_t7_decal_damage_plaster_tile_01_r
image,#i_t7_decal_damage_plaster_tile_01_n
image,d#i_t7_decal_damage_plaster_tile_01_c
image,#hash_4eb20d8a1cc4e3b
image,d#$occlusion
image,#hash_50a584ecd42826e
image,#i_t7_wood_beam_worn_oak_bleached_c
image,#hash_52e97f65209bfb5
image,#i_t7_ra2_decal_grunge_plaster_stains_c
image,#i_t7_ra2_decal_grunge_plaster_stains_r
image,#i_mtl_p7_jun_sheet_metal_4x4_n
image,#i_mtl_p7_jun_sheet_metal_4x4_o
image,#i_mtl_p7_jun_sheet_metal_4x4_m
image,d#i_veh_t8_plaster_smooth_dirty_01_512_c
image,#i_t7_brick_trim_worn_heavy_grout_brown_c
image,d#i_t7_mud_sludge_wet_01_reveal_g
image,#i_p8_water_cooler_digital_body_dirty_paintedmetal_n
image,#i_p8_water_cooler_digital_body_dirty_paintedmetal_c
image,#i_mtl_p7_slu_cabinet_metal_01_m
image,d#i_t7_micro_wood_fine_01_c
image,#i_t7_micro_wood_fine_01_n
image,#hash_5af7e6f3c056ed4
image,#hash_5afbbe780936c93
image,#i_mtl_p7_slu_foliage_fern_bamboo_m
image,#i_mtl_p7_slu_foliage_fern_bamboo_n
image,#hash_5c7cb78bac1d928
image,#hash_5c7cc78bac1dadb
image,#hash_5c7cd78bac1dc8e
image,#hash_5e6539f5ba0b128
image,d#fxt8_liquid_drop
image,d#i_veh_t8_decal_round_slit_c
image,d#i_veh_t8_decal_round_slit_n
image,d#i_veh_t8_decal_round_slit_o
image,d#i_veh_t8_decal_round_slit_r
image,#hash_5f2d45e23dd53a6
image,#i_t7_decal_grunge_concrete_stain_01_c
image,#i_t7_concrete_bare_wet_warm_c
image,#i_t7_concrete_bare_wet_warm_n
image,#i_mtl_p7_slu_gate_fence_segment_01_proxy_albedo
image,#i_mtl_p7_soc_fireplace_concrete_burnt_c
image,#i_mtl_p7_soc_fireplace_concrete_burnt_n
image,#i_t7_plaster_rough_light_01_wet_n
image,#i_veh_t8_civ_car_badge_nimotsu_logo_n
image,#i_veh_t8_civ_car_badge_nimotsu_logo_c
image,#i_t7_metal_aged_ceiling_01_g
image,#i_mtl_p7_slu_pole_utility_base_metal_n
image,#hash_66e0cc20b7cd151
image,#i_mtl_p7_slu_chair_sofa_dmg_decal01_c
image,#i_mtl_p7_slu_chair_sofa_dmg_decal01_n
image,#i_mtl_veh_mphd_van_brakelightglass_o
image,#i_mtl_veh_mphd_van_brakelightglass_n
image,#i_veh_mphd_van_decal_scrapes_11_c
image,#i_veh_mphd_van_decal_scrapes_11_n
image,d#i_mtl_p7_zm_asc_pipe_modular_set_bolt_n
image,d#i_mtl_p7_zm_asc_pipe_modular_set_bolt_m
image,#i_c_t7_warrior_body1_pants_ir
image,d#hash_6a40a4ae9e5bed8
image,d#hash_6a40d4ae9e5c3f1
image,#i_mtl_p7_slu_collapsible_metal_door_m
image,#i_mtl_p7_slu_collapsible_metal_door_n
image,d#hash_6d2c90d3974c8f7
image,d#hash_6d2ca0d3974caaa
image,#hash_6d5210ed1c225c0
image,#i_mtl_p7_foliage_distictis_hanging_ledge_32_long_proxy_albedo
image,#i_mtl_p7_foliage_flower_bougainvillea_leaves_snow_c
image,#i_mtl_p7_zm_asc_box_electrical_01_m
image,#i_mtl_p7_zm_asc_box_electrical_01_n
image,#hash_6e7ae66772a8919
image,#i_mtl_p7_slu_goal_post_soccer_metal_m
image,#i_t7_zm_isl_stone_block_ceiling_01_moss_r
image,#i_t7_micro_concrete_pebbles_01_n
image,#i_t7_micro_concrete_pebbles_01_c
image,#i_t7_micro_concrete_pebbles_01_g
image,#i_t7_shr_wood_beam_worn_m
image,d#i_t7_micro_metal_grunge_scratch_03_n
image,d#i_t7_micro_metal_grunge_scratch_03_g
image,d#fxt8_spark_shower_radial_sparse_alpha
image,d#i_c_ega_soldier_3_knife_s
image,d#i_c_ega_soldier_3_knife_c
image,#i_mtl_veh_mphd_van_wheel_decal_n
image,#i_mtl_veh_mphd_van_wheel_decal_c
image,#i_mtl_p7_slu_panel_electrical_metal_03_n
image,#i_mtl_p7_slu_panel_electrical_metal_03_m
image,#i_mtl_p7_slu_computer_monitor_decal_01_n
image,#i_mtl_p7_slu_computer_monitor_decal_01_c
image,d#i_mtl_p7_slu_bag_cement_pallet_m
image,d#i_mtl_p7_slu_bag_cement_pallet_n
image,#i_p8_usa_oc_wood_planks_03_r
image,#hash_77ac04596c615ab
image,#i_mtl_p8_slu_plaque_metal_dirt_01_s
image,#i_mtl_p8_slu_plaque_metal_dirt_01_c
image,#i_mtl_p8_slu_plaque_metal_dirt_01_g
image,#i_mtl_p8_slu_plaque_metal_dirt_01_n
image,#i_mtl_p7_debris_trash_bottle_water_01_n
image,#i_mtl_p7_debris_trash_bottle_water_01_c
image,d#i_t8_micro_cloth_linen_01_n
image,#i_veh_t7_dmg_dents_001_n
image,d#i_t7_ban_metal_painted_scraped_n
image,d#i_t7_ban_metal_painted_scraped_c
image,#i_mtl_p7_fir_foliage_tree_vista_05_proxy_depth
image,#i_t7_ram_stone_trim_02_g
image,#i_t7_ram_stone_trim_02_c
image,#i_t7_ram_stone_trim_02_n
image,#i_t7_ram_stone_trim_02_o
image,#i_mtl_p7_eth_vista_water_n
image,#hash_7dc65c3632b6e8f
image,#hash_7dc66c3632b7042
image,#i_mtl_p7_curtain_hanging_72x122_n
image,#i_mtl_p7_curtain_hanging_72x122_m
image,#i_mtl_p7_zur_rock_boulder_large_02_snowtop_m
image,#i_mtl_p7_foliage_plant_meskel_flower_n
image,#i_mtl_p7_foliage_plant_meskel_flower_c
image,#i_mtl_p7_foliage_plant_meskel_flower_t
image,#i_mtl_p7_foliage_plant_meskel_flower_r
image,#i_t7_out_metal_base_c
image,#i_t7_out_metal_base_g
image,#i_t7_out_metal_base_n
image,#i_t7_metal_chainlink_o
image,#i_t7_metal_chainlink_n
image,#i_mtl_p7_slu_cinder_block_n
image,#i_mtl_p7_slu_cinder_block_m
image,d#i_c_gen_reveal_256_sq_r
image,#i_mtl_veh_t7_dlc_paint_burnt_03_c
image,#i_mtl_t8_license_sing_zurich_decal_digits_2_c
image,#i_mtl_p7_slu_gate_fence_segment_01_proxy_depth
image,#hash_853373b44250a65
image,#i_mtl_p7_slu_wire_m
image,#i_mtl_p7_slu_wire_n
image,#i_t7_concrete_slabs_01_r
image,#fxt8_water_fall_beads_anim_mask
image,#hash_89eecd123fb22c0
image,#hash_89eefd123fb27d9
image,d#fxt8_fire_md_lick_deplete_anim_hdr
image,d#i_mtl_p7_debris_glass_shattered_sm_n
image,d#i_mtl_p7_debris_glass_shattered_sm_g
image,#i_t7_decal_fixture_door_wood_02_o
image,#i_t7_decal_fixture_door_wood_02_n
image,#i_t7_decal_fixture_door_wood_02_c
image,#i_t7_decal_fixture_door_wood_02_g
image,d#$gray_color
image,#i_mtl_p7_slu_plank_wood_set_n
image,#i_mtl_p7_slu_plank_wood_set_m
image,#i_p7_foliage_hedge_set_01_g
image,#hash_8c8e5a3af757dfb
image,#hash_8d9132387575184
image,#i_mtl_p7_fxanim_gp_vine_strand_ivy_64_smod_proxy_normal
image,d#i_t8_decal_grunge_rust_02_blend_n
image,d#i_t8_decal_grunge_rust_02_blend_c
image,#i_mtl_p7_slu_corkboard_set02_c
image,#i_mtl_p7_slu_corkboard_set02_n
image,#i_t7_wes_wood_paint_thick_blend_r
image,#i_mt_c_t7_battery_head1_headset_n
image,#i_mt_c_t7_battery_head1_headset_o
image,#i_mt_c_t7_battery_head1_headset_g
image,#i_mt_c_t7_battery_head1_headset_c
image,d#i_t8_plaster_wall_02_r
image,#i_t7_zm_ctl_stone_wall_smooth_c
image,#i_t7_zm_ctl_stone_wall_smooth_o
image,#i_t7_zm_ctl_stone_wall_smooth_n
image,#i_t7_decal_grunge_water_stain_04_g
image,#i_t7_asphalt_damaged_dark_desert_c
image,#i_t7_asphalt_damaged_dark_desert_n
image,#i_mtl_p7_slu_table_round_metal_02_m
image,#i_mtl_p7_foliage_grass_02_proxy_depth
image,#i_mtl_p7_slu_debris_trash_pile_edge_n
image,#i_mtl_p7_slu_debris_trash_pile_edge_c
image,d#i_t8_micro_noise_01_t
image,#i_t7_brick_trim_worn_heavy_grout_n
image,#i_mtl_p7_slu_dish_satellite_01_n
image,#hash_995aa9f9ccd7a5e
image,#i_t7_rubble_dirt_01_n
image,#i_t7_rubble_dirt_01_c
image,#i_t7_rubble_dirt_01_r
image,#i_t7_wes_brick_wall_01_grout_c
image,#i_t7_glass_dirty_streaks_512_g
image,#i_mtl_p7_slu_door_wood_teal_wood02_c
image,#i_mtl_p7_slu_door_wood_teal_wood02_n
image,#hash_9c75db26328fee3
image,d#i_t7_decal_damage_concrete_tile_01a_r
image,#i_mtl_p7_zm_shi_barrel_metal_rusty_m
image,#i_mtl_p7_slu_grill_body_charcoal_c
image,#i_mtl_p7_slu_grill_body_charcoal_n
image,#i_t7_zm_asc_linoleum_floor_g
image,#i_mtl_veh_mphd_van_decal_03_g
image,#i_mtl_veh_mphd_van_decal_03_c
image,#i_mtl_veh_mphd_van_decal_03_o
image,#i_mtl_veh_mphd_van_decal_03_n
image,#i_mtl_veh_mphd_van_decal_03_s
image,#white_diffuse_albedo
image,#hash_a00d9ffe25d9910
image,#hash_a04bda628def1d8
image,#hash_a04bea628def38b
image,#hash_a04c0a628def6f1
image,#i_mtl_p8_slu_crate_wood_metal_n
image,#i_mtl_p8_slu_crate_wood_metal_c
image,d#i_mtl_p8_slu_crate_wood_metal_g
image,#i_mtl_p8_slu_crate_wood_metal_s
image,#i_mtl_p8_slu_crate_wood_metal_r
image,d#i_t7_micro_metal_rust_heavy_02_c
image,#i_mtl_p7_eth_rock_wallrun_01a_m
image,#i_mtl_p7_eth_rock_wallrun_01a_n
image,#i_t7_plaster_rows_smooth_01_n
image,d#hash_a501eb282443cdb
image,#i_c_t7_techno_body1_shoulderguard_left_ir
image,#i_mtl_p8_panel_debris_metal_set_decal_grunge_n
image,d#i_mtl_p8_panel_debris_metal_set_decal_grunge_c
image,#i_t7_stone_pebbles_01_n
image,#i_mtl_p7_slu_foliage_tree_birch_trunk_n
image,#i_mtl_p7_slu_foliage_tree_birch_trunk_m
image,#hash_a853fe5b44f9c2b
image,#i_c_t7_warrior_body1_emissive_e
image,d#i_t8_decal_tech_detail_line_trim_03_m
image,d#i_t8_decal_tech_detail_line_trim_03_n
image,#i_mtl_p7_ra2_treasury_stone_wall_shelf_m
image,#i_mtl_p7_slu_foliage_dandelion_weed_proxy_depth
image,#asphalt_cracked01_n
image,d#i_wpn_t8_eqp_briefcase_bomb_computer_decals_2_c
image,#hash_ad0064c7109db68
image,d#i_veh_t7_decal_bolt_03_tint_dark_r
image,d#i_t8_decal_tech_detail_line_trim_13_n
image,d#i_t8_decal_tech_detail_line_trim_13_o
image,d#i_t8_decal_tech_detail_line_trim_13_m
image,#hash_aec3c5ded863d70
image,#hash_aec495ded865387
image,#i_p7_debris_trash_cup_coffee_02_g
image,d#i_c_gen_detail_thick_synthetic_n
image,#hash_b0aa3ade95d7b1c
image,#hash_b0aa8ade95d839b
image,d#$height
image,#i_c_t7_warrior_body1_chrome_o
image,#i_c_t7_warrior_body1_chrome_n
image,#i_c_t7_warrior_body1_chrome_g
image,d#i_t7_rope_nylon_c
image,d#i_t7_rope_nylon_n
image,#i_t8_micro_cloth_carpet_looped_c
image,d#i_t8_micro_cloth_carpet_looped_n
image,#i_t7_micro_wood_rough_02_c
image,d#i_t7_micro_wood_rough_02_g
image,d#i_t7_micro_wood_rough_02_n
image,#i_mtl_p7_slu_sign_electronic_n
image,#i_mtl_p7_slu_sign_electronic_m
image,#hash_b38ef6a8d6c2093
image,#hash_b38f06a8d6c2246
image,#hash_b38f16a8d6c23f9
image,d#fxt8_spark_shower_core_hdr
image,#hash_b3e3cedfc64b3d6
image,#hash_b3e40edfc64baa2
image,d#i_t8_decal_tech_detail_indent_02_normal_m
image,d#i_t8_decal_tech_detail_indent_02_normal_o
image,d#i_t8_decal_tech_detail_indent_02_normal_n
image,#hash_b3e49edfc64c9ed
image,#i_mtl_p7_slu_box_accessory_plastic_c
image,#hash_b50048ea42bec70
image,#hash_b50118ea42c0287
image,#i_mtl_p7_bottle_plastic_cleaner_n
image,#hash_b761511894c96da
image,#i_t7_zm_asc_concrete_burnt_n
image,#i_t8_concrete_spackle_01_n
image,#i_mtl_p7_slu_foliage_tree_palm_fan
image,#i_mtl_p7_suspension_bridge_bolt_01_m
image,#i_mtl_p7_suspension_bridge_bolt_01_n
image,#i_t7_mp_cry_decal_tech_details_01_n
image,#i_mtl_p7_zur_train_wreckage_set_scratch_c
image,#i_mtl_p7_zur_train_wreckage_set_scratch_n
image,d#i_t7_micro_metal_bare_brush_01_g
image,d#i_t7_micro_metal_bare_brush_01_n
image,#i_mtl_p7_slu_camera_security_set_decal_glass_c
image,#i_mtl_p7_slu_camera_security_set_decal_glass_n
image,d#i_wpn_t8_eqp_briefcase_bomb_foam_o
image,d#i_wpn_t8_eqp_briefcase_bomb_foam_n
image,#i_t7_ban_decal_signage_graffiti_scribble_03_c
image,#i_mtl_p7_slu_bucket_plastic_orange_lrg_plastic_n
image,#i_mtl_p7_slu_bucket_plastic_orange_lrg_plastic_m
image,d#i_mtl_intro_ground_dirt_gravel_01_nml
image,#hash_bf111ac82a67357
image,d#fxt_dust_clump
image,#i_c_t7_techno_body1_worldhand_m
image,d#hash_c14a810c1c99d58
image,#i_mtl_veh_t7_dlc_base_paint_01_c
image,d#$identitynormalmap
image,d#i_wpn_t8_eqp_briefcase_bomb_c4_g
image,d#i_wpn_t8_eqp_briefcase_bomb_c4_c
image,d#i_wpn_t8_eqp_briefcase_bomb_c4_o
image,d#i_wpn_t8_eqp_briefcase_bomb_c4_n
image,d#i_wpn_t8_eqp_briefcase_bomb_c4_m
image,d#i_wpn_t8_eqp_briefcase_bomb_c4_s
image,d#fxt8_spark_shower_core_sparse_alpha
image,#i_mtl_p7_eth_rock_boulder_detail_02_n
image,#i_mtl_p7_eth_rock_boulder_detail_02_c
image,#i_mtl_p8_industrial_scissor_lift_metal_m
image,#i_mtl_p7_debris_trash_snack_bag_06_n
image,#i_mtl_p7_debris_trash_snack_bag_06_c
image,#hash_c8afeb8f28ff9c7
image,#hash_c8affb8f28ffb7a
image,#i_door_wood_window_white_n
image,#i_door_wood_window_white_c
image,d#i_t8_micro_metal_rust_01_c
image,d#i_t8_micro_metal_rust_01_n
image,d#i_mtl_p8_zm_esc_shock_box_decal_rough_01_m
image,d#i_mtl_p8_zm_esc_shock_box_decal_rough_01_n
image,#i_t7_ban_metal_painted_rusty_g
image,d#i_t7_decal_metal_fasteners_o
image,d#i_t7_decal_metal_fasteners_n
image,d#i_t7_decal_metal_fasteners_g
image,d#i_t7_decal_metal_fasteners_c
image,#hash_ccb80e503cd8762
image,d#i_t7_decal_grunge_scratch_pockmark_r
image,d#i_mtl_p7_barge_crane_deck_decal_welding_trace_c
image,#i_t7_ban_decal_grunge_calcium_01_c
image,#i_mtl_p7_slu_cooler_refrigerator_inside_c
image,#i_mtl_p7_slu_cooler_refrigerator_inside_o
image,#i_mtl_p7_slu_cooler_refrigerator_inside_n
image,#i_mtl_p8_slu_pallet_wood_02_brown_decal_01_n
image,#i_mtl_p8_slu_pallet_wood_02_brown_decal_01_c
image,#i_t7_water_foam_r
image,d#i_mtl_veh_t8_metal_heavy_painted_01_512_n
image,#i_mtl_p7_corrugated_sheet_metal_rust_03_proxy_normal
image,d#i_mtl_p8_mp_flag_cloth_n
image,d#i_mtl_p8_mp_flag_cloth_o
image,#hash_d5a2d881e6a8c6b
image,#i_mtl_p7_zm_asc_box_electrical_02_n
image,#i_mtl_p7_zm_asc_box_electrical_02_m
image,#i_mtl_p7_debris_trash_paperbag_02_n
image,#i_mtl_p7_debris_trash_paperbag_02_c
image,#hash_d7ac39c76a1c6e3
image,#hash_d7ac49c76a1c896
image,#i_mtl_p7_zm_tra_bike_destroyed_spoked_n
image,#i_mtl_p7_zm_tra_bike_destroyed_spoked_c
image,#i_t7_wood_plywood_01_n
image,#i_t7_wood_plywood_01_c
image,#i_c_t7_warrior_body1_cloth_mid_n
image,#i_c_t7_warrior_body1_cloth_mid_o
image,#i_c_t7_warrior_body1_cloth_mid_c
image,d#i_t7_cloth_silk_wallpaper_01_n
image,#hash_d950555345c7726
image,#hash_d951255345c8d3d
image,#hash_d9f7f4f415ade98
image,#i_t7_brick_worn_red_c
image,#i_t7_decal_foliage_moss_small_c
image,#i_t7_decal_foliage_moss_small_n
image,#i_t7_decal_foliage_moss_small_m
image,#i_t7_decal_foliage_moss_small_r
image,#hash_dbe0d29fa71b9b0
image,#hash_dbe0f29fa71bd16
image,#hash_dbe1029fa71bec9
image,#fxt8_water_fall_crumble_anim_mask
image,d#i_c_t7_outrider_body3_knife_n
image,d#i_c_t7_outrider_body3_knife_o
image,#i_c_t7_outrider_body3_knife_g
image,#i_mtl_p7_slu_gate_fence_segment_02_proxy_normal
image,#i_t7_zm_isl_stone_block_deco_trim_05_c
image,#i_t7_zm_isl_stone_block_deco_trim_05_o
image,#i_t7_zm_isl_stone_block_deco_trim_05_n
image,d#fxt_water_droplet
image,d#i_mtl_p7_chair_folding_wood_inside_c
image,#i_mtl_p8_sewer_entrance_concrete_02_m
image,#i_t7_zm_ctl_stone_cobblestone_square_g
image,#i_mtl_p7_slu_gate_fence_segment_01_proxy_normal
image,#i_t7_concrete_wall_grunge_01_c
image,#i_t7_concrete_wall_grunge_01_n
image,#i_t7_cru_metal_railing_trim_black_03_n
image,#i_mtl_p7_slu_vent_panel_n
image,#i_mtl_p7_slu_foliage_tree_birch_trunk_decals02_c
image,d#i_c_hro_soldier_cyberhand_world_ir
image,#i_mtl_p7_fir_foliage_tree_vista_02_proxy_depth
image,#hash_e8ca24192ba7f57
image,#i_c_t7_warrior_body1_cloth_mid_ir
image,#i_mtl_p7_fir_foliage_tree_vista_01_group_proxy_depth
image,#i_mtl_p7_bottle_plastic_shampoo02_dmg_c
image,#hash_ea96da0962a06c2
image,#hash_eba62aa41a05983
image,#hash_eba63aa41a05b36
image,#i_c_t7_mp_common_pouch5_g
image,#i_c_t7_mp_common_pouch5_c
image,#i_c_t7_mp_common_pouch5_n
image,#i_c_t7_mp_common_pouch5_o
image,#i_c_t7_hunter_lowerbody_armor_n
image,#i_c_t7_hunter_lowerbody_armor_o
image,#i_c_t7_hunter_lowerbody_armor_c
image,#i_c_t7_hunter_lowerbody_armor_g
image,#i_mtl_p7_foliage_grass_02_light_n
image,#i_mtl_p7_foliage_grass_02_light_c
image,#i_mtl_p7_fir_foliage_tree_vista_05_proxy_distance
image,d#fxt8_smk_tendrils_varied
image,#i_mtl_p7_barber_pole_vintage_stripe_c
image,#i_mtl_p7_light_fluorescent_subway_c
image,#i_mtl_p7_light_fluorescent_subway_n
image,#i_mtl_p7_fire_sprinkler_interior_n
image,#i_mtl_p7_fire_sprinkler_interior_o
image,#i_mtl_p7_fire_sprinkler_interior_c
image,#i_mtl_p7_fire_sprinkler_interior_g
image,d#i_t7_metal_grunge_light_01_s
image,d#i_veh_t8_detail_char06_n
image,#i_mtl_p7_slu_gate_iron_wood_set_m
image,#i_mtl_p7_slu_gate_iron_wood_set_n
image,#hash_f4d728ca75d2d7d
image,#i_mtl_p7_slu_building_apartment_balcony_03_m
image,#i_mtl_p7_slu_building_apartment_balcony_03_n
image,#hash_f6d6666d524e606
image,#i_p8_water_cooler_digital_body_dirty_darkmetal_n
image,#i_t7_metal_diamond_plate_worn_s
image,#i_t7_metal_diamond_plate_worn_c
image,#i_t7_metal_diamond_plate_worn_g
image,#i_t7_metal_diamond_plate_worn_n
image,#i_mtl_p7_eth_rock_cluster_04_n
image,#i_mtl_p7_eth_rock_cluster_04_m
image,#i_t7_concrete_bunker_layered_02_n
image,#i_t7_concrete_bunker_layered_02_c
image,#i_mtl_p7_fir_foliage_tree_vista_08_proxy_depth
image,#i_t7_glass_dirty_dome_01_512_c
image,d#fxt_lf_streak_02
image,d#fxt_lf_streak_03
image,#hash_ffe14919d3f8f82
image,#i_mtl_p7_slu_bench_wood_ornate_decal_g
image,#i_mtl_p7_slu_bench_wood_ornate_decal_c
image,#i_mtl_p7_slu_bench_wood_ornate_decal_n
image,d#core_concrete_dark_c
image,d#i_mtl_p7_slu_refrigerator_modern_btm_m
image,d#i_mtl_p7_slu_refrigerator_modern_btm_n
image,#hash_1039304c063af0cb
image,d#$white_gloss
image,d#i_mtl_t8_license_sing_zurich_decal_digits_1_c
image,#hash_105825a90becac7b
image,#hash_105826a90becae2e
image,#hash_105c30083f6fce9f
image,#hash_106b6dc9374832c2
image,#i_mtl_p7_corrugated_sheet_metal_rust_06_proxy_albedo
image,#i_c_t7_battery_body1_pants_g
image,#i_c_t7_battery_body1_pants_c
image,#i_c_t7_battery_body1_pants_n
image,#i_c_t7_battery_body1_pants_o
image,#i_c_t7_warrior_head1_beardcards_c
image,d#i_t7_micro_metal_painted_01_c
image,d#i_t7_micro_metal_painted_01_n
image,#i_mtl_p7_slu_ac_unit_01_m
image,d#i_mtl_veh_t8_zur_nw_foundry_set_metal_01_m
image,d#i_t8_micro_wood_rough_01_c
image,d#i_t8_micro_wood_rough_01_g
image,d#i_t8_micro_wood_rough_01_n
image,#i_wpn_t7_zmb_perk_bottle_metal_g
image,#i_wpn_t7_zmb_perk_bottle_metal_o
image,#i_wpn_t7_zmb_perk_bottle_metal_n
image,d#hash_10d9bf452853c281
image,#i_t7_wes_wood_cedar_worn_c
image,#i_mtl_p7_slu_foliage_fern_sml_proxy_specular
image,#hash_110acf1b151cd688
image,#hash_110ad01b151cd83b
image,#hash_110ad11b151cd9ee
image,#hash_111e8f4aa791607c
image,#i_c_t7_battery_body1_ammo_belt_o
image,#i_c_t7_battery_body1_ammo_belt_g
image,#fxt_bio_bird_bottom_anim
image,#hash_112c1b0023e644a4
image,#hash_112e949115227fc9
image,#hash_112e9f911522927a
image,d#i_t7_decal_grunge_leaking_04_c
image,#i_mtl_p7_jun_foliage_tree_bunch_vista_group_proxy_depth
image,#hash_113f4cd1d9d0b7d3
image,#hash_11517bc0dc30a4e9
image,#i_mtl_p7_foliage_plant_fern_sword_c
image,#i_mtl_p7_foliage_plant_fern_sword_n
image,#i_mtl_p7_foliage_plant_fern_sword_t
image,#i_c_t7_techno_body1_arm_rt_a_s
image,#i_c_t7_techno_body1_arm_rt_a_g
image,#i_c_t7_techno_body1_arm_rt_a_c
image,#i_c_t7_techno_body1_arm_rt_a_o
image,#i_c_t7_techno_body1_arm_rt_a_n
image,#hash_1168d08099ee862d
image,#i_mtl_p7_fxanim_gp_vine_strand_ivy_64_smod_proxy_specular
image,#i_t7_zm_kin_pile_trash_blend_c
image,d#i_mtl_veh_t7_dlc_weathered_paint_02_c
image,#i_mtl_veh_t7_dlc_weathered_paint_02_g
image,#i_t7_decal_signage_graffiti_05_c
image,d#i_t8_decal_grunge_concrete_sidewalk_01_r
image,#i_mtl_p7_sin_vista_foliage_bark_n
image,#i_mtl_p7_sin_vista_foliage_bark_c
image,#i_mtl_p7_ra2_foliage_rose_bloom_t
image,#i_mtl_p7_ra2_foliage_rose_bloom_m
image,#i_mtl_p7_ra2_foliage_rose_bloom_n
image,#i_mtl_p7_ra2_foliage_rose_bloom_c
image,#i_mtl_p7_ra2_foliage_rose_bloom_g
image,#i_t7_glass_dirty_grimes_01_cracked_c
image,#i_t7_glass_dirty_grimes_01_cracked_g
image,d#i_t7_glass_dirty_grimes_01_cracked_n
image,#i_mtl_p8_mphd_rollup_door_decal_chain_01_s
image,#i_mtl_p8_mphd_rollup_door_decal_chain_01_c
image,#i_mtl_p8_mphd_rollup_door_decal_chain_01_g
image,#i_mtl_p8_mphd_rollup_door_decal_chain_01_n
image,#hash_11d6ba8fab796b5b
image,#hash_11f08ab267a4b11a
image,#fxt_model_newspaper_c
image,#i_c_t7_warrior_body1_armor_dark_c
image,#i_c_t7_warrior_body1_armor_dark_g
image,#i_c_t7_warrior_body1_armor_dark_o
image,#i_c_t7_warrior_body1_armor_dark_n
image,d#i_t7_decal_damage_paint_peeling_n
image,#i_t7_decal_damage_paint_peeling_c
image,d#fxt_smk_tendril_1
image,d#fxt_smk_tendril_2
image,#i_t7_decal_signage_graffiti_18_c
image,d#i_t7_micro_wood_varied_teak_n
image,d#i_t7_micro_wood_varied_teak_g
image,d#i_t7_micro_wood_varied_teak_c
image,#i_mtl_p7_foliage_banana_tree_main_m
image,#i_mtl_p7_foliage_banana_tree_main_n
image,#hash_123b23de74a9178b
image,#i_c_t7_techno_head1_glass_n
image,#i_c_t7_techno_head1_glass_c
image,#i_c_t7_techno_head1_glass_g
image,#hash_125b8a6d27d95f4c
image,#hash_125b8d6d27d96465
image,#i_mtl_p7_wes_hotel_window_02_r
image,d#i_veh_t8_sand_pebbles_fine_c
image,#i_mtl_p7_sin_vista_foliage_cluster_a_proxy_normal
image,#hash_12999b0be5a3a3f3
image,d#i_wpn_t8_eqp_briefcase_bomb_decals_metal_g
image,d#i_wpn_t8_eqp_briefcase_bomb_decals_metal_c
image,d#i_wpn_t8_eqp_briefcase_bomb_decals_metal_n
image,d#i_wpn_t8_eqp_briefcase_bomb_decals_metal_s
image,#hash_12a0136de91d4219
image,#i_t7_zm_sta_decal_metal_low_tech_details_20_n
image,#i_t7_zm_sta_decal_metal_low_tech_details_20_c
image,#i_mtl_p7_zm_ctl_bell_clock_tower_metal01_n
image,#i_mtl_p7_zm_ctl_bell_clock_tower_metal01_m
image,d#i_t7_plaster_rough_light_01_micro_n
image,d#i_t7_plaster_rough_light_01_micro_c
image,#i_mtl_veh_mphd_van_button03_n
image,#i_mtl_veh_mphd_van_button03_c
image,#i_c_t7_warrior_body1_arm_rt_a1_c
image,#i_c_t7_warrior_body1_arm_rt_a1_n
image,d#hash_13026f64ec978262
image,d#i_t8_decal_tech_detail_line_trim_14_r
image,d#i_t8_decal_tech_detail_line_trim_14_o
image,d#i_t8_decal_tech_detail_line_trim_14_n
image,d#i_t8_decal_tech_detail_line_trim_14_c
image,#i_mtl_p7_cai_hallway_blocker_dirty_c
image,#hash_1331f6915ecd144f
image,#hash_1331f9915ecd1968
image,d#i_t8_metal_painted_dirty_03_c
image,#i_facade_glass_window_pak_01_c
image,#i_facade_glass_window_pak_01_n
image,d#i_veh_t8_metal_grill_radiator_n
image,d#$thickness_base
image,#i_c_t7_battery_hairshell2_n
image,#i_c_t7_battery_hairshell2_c
image,d#$reveal
image,d#fxt_fog_slow_lg_anim
image,d#$camo_base_detail
image,#i_mtl_p7_slu_rollup_door_02_m
image,#i_mtl_p7_foliage_grass_tall_n
image,#i_mtl_p7_foliage_grass_tall_c
image,#i_mtl_p7_fir_foliage_tree_vista_06_proxy_depth
image,#i_mtl_p7_foliage_distictis_hanging_ledge_32_long_proxy_normal
image,#i_t7_wes_wood_paint_thick_n
image,#i_t7_wes_wood_paint_thick_c
image,#i_t7_wes_wood_paint_thick_g
image,d#i_ct7_blockout_battery_body1_pistol_mr6_plastic_n
image,#i_ct7_blockout_battery_body1_pistol_mr6_plastic_c
image,#i_ct7_blockout_battery_body1_pistol_mr6_plastic_g
image,#i_mtl_veh_mphd_van_roof_outside_n
image,#i_mtl_veh_mphd_van_roof_outside_o
image,#i_mtl_veh_mphd_van_roof_outside_m
image,#fxt_smk_gen_anim
image,#i_mtl_veh_t8_glass_pattern_10_t
image,#i_c_t7_battery_body1_armor_ir
image,d#i_c_gen_char_c
image,d#i_c_gen_char_g
image,d#i_c_gen_char_n
image,#hash_140400e823d98fdf
image,#hash_140401e823d99192
image,#hash_140402e823d99345
image,#hash_14057883e08066d5
image,#i_t7_mud_sludge_wet_03_c
image,d#i_t7_mud_sludge_wet_03_n
image,#i_t7_mud_sludge_wet_03_r
image,#i_mtl_veh_mphd_van_frontlightglass_n
image,d#i_t7_decal_grunge_charred_stain_01_c
image,#i_t7_metal_worn_chrome_base_g
image,#i_veh_t7_dlc_decal_sun_damage_01_r
image,#i_veh_t7_dlc_decal_sun_damage_01_m
image,#hash_1469d6431105aee1
image,#i_t7_decal_damage_crack_line_c
image,#i_t7_decal_damage_crack_line_n
image,#i_t7_decal_damage_crack_line_r
image,#hash_14913abe6fb07596
image,#hash_149146be6fb089fa
image,#hash_149147be6fb08bad
image,#hash_14984cd5a2b364d7
image,#hash_14984dd5a2b3668a
image,#i_mtl_p7_debris_trash_snack_bag_07_c
image,#i_mtl_p7_debris_trash_snack_bag_07_n
image,#i_p7_debris_trash_cup_red_02_g
image,#i_c_t7_warrior_body1_straps_ir
image,#i_mtl_veh_mphd_van_decal_02_c
image,#hash_14a959f5ab13ee5c
image,#nt_2020_house_04_plasterf_c
image,#i_mtl_p7_sgen_big_bld_ext_wall_dirty02_c
image,#i_mlt_p7_zm_zod_cobblestone_chunks_c
image,#i_mlt_p7_zm_zod_cobblestone_chunks_n
image,#hash_1500b3441cf70cf5
image,#i_plaster_ceiling_acoustic_dirty01_c
image,#i_plaster_ceiling_acoustic_dirty01_n
image,#hash_15201f2bdba35934
image,#hash_1520202bdba35ae7
image,#hash_1520222bdba35e4d
image,#i_t7_decal_signage_54i_graffiti_10_c
image,#i_mtl_p7_cigarette_n
image,#i_mtl_p7_cigarette_c
image,#i_mtl_p7_cigarette_e
image,d#fxt_gib_metal_02
image,d#fxt_gib_metal_01
image,#hash_15475902f36261d6
image,#i_mtl_p7_foliage_flower_bougainvillea_bushyvarient_proxy_specular
image,#i_mtl_p7_water_cooler_digital_bottle_dirty_c
image,#i_c_t7_techno_body1_forearm_n
image,#i_c_t7_techno_body1_forearm_g
image,#i_c_t7_techno_body1_forearm_c
image,#i_c_t7_techno_body1_forearm_s
image,#i_mtl_p7_jun_foliage_ivy_ground_foliage_t
image,#i_mtl_p7_jun_foliage_ivy_ground_foliage_n
image,#i_mtl_p7_jun_foliage_ivy_ground_foliage_g
image,#i_mtl_p7_jun_foliage_ivy_ground_foliage_c
image,#i_mtl_p7_jun_foliage_ivy_ground_01_proxy_specular
image,#i_veh_t8_concrete_bare_01_c
image,#i_t7_zm_ori_mud_slow_01_g
image,#i_t7_metal_corrugated_rust_s
image,#i_t7_metal_corrugated_rust_o
image,#i_t7_metal_corrugated_rust_n
image,#i_t7_metal_corrugated_rust_g
image,#i_t7_metal_corrugated_rust_c
image,d#i_t7_glass_dirty_streaks_02_sml_g
image,d#i_t7_snow_powder_03_r
image,#i_mtl_p7_debris_trash_wrapper_01_c
image,#i_mtl_p7_debris_trash_wrapper_01_n
image,#ch_rooftiles_3_col
image,#i_t7_zm_isl_decal_foliage_clovers_01_r
image,#i_p7_foliage_vines_distictis_flower_yellow_c
image,#i_mtl_p7_tape_masking_black_s
image,#i_mtl_p7_tape_masking_black_g
image,#i_mtl_p7_tape_masking_black_c
image,#i_mtl_p7_tape_masking_black_n
image,#i_mtl_p7_slu_window_building_02_n
image,#i_mtl_p7_slu_window_building_02_m
image,#i_c_t7_warrior_body1_armor_2_ir
image,#hash_15beafadf000c780
image,#hash_15bebcadf000dd97
image,#i_mtl_p7_slu_building_apartment_balcony_02_m
image,#i_mtl_p7_slu_building_apartment_balcony_02_n
image,#hash_15d18b582329dcb0
image,#hash_15d18e582329e1c9
image,d#i_t7_micro_wood_rough_03_n
image,d#i_t7_micro_wood_rough_03_c
image,d#i_t7_micro_wood_rough_03_g
image,d#i_t7_decal_signage_cai_military_gloss_g
image,#hash_15ee1a6a941154a4
image,#hash_15ee1b6a94115657
image,#hash_15ee1c6a9411580a
image,#i_c_t7_battery_black_ir
image,#hash_1620fc903fce89ba
image,d#hash_1639a773cd2eea03
image,d#hash_1639a873cd2eebb6
image,d#fxt_spark_single_mask
image,#hash_164ef5b25ea9246e
image,#i_c_t7_warrior_body1_hand_a1_o
image,#i_c_t7_warrior_body1_hand_a1_n
image,#i_c_t7_warrior_body1_hand_a1_g
image,#i_c_t7_warrior_body1_hand_a1_c
image,#i_mtl_p7_slu_alarm_fire_decal_c
image,#i_t7_kfu_plaster_trowelled_base_c
image,#i_c_bc_femalesoldier_straps2_g
image,#i_c_bc_femalesoldier_straps2_n
image,#i_mtl_t8_license_colombia_o
image,#i_mtl_t8_license_colombia_n
image,#i_mtl_veh_mphd_van_body_interior_rear_m
image,#i_mtl_veh_mphd_van_body_interior_rear_n
image,#i_mtl_veh_mphd_van_body_interior_rear_o
image,#hash_1682162c8e3dae1c
image,#hash_16821b2c8e3db69b
image,d#i_t7_micro_concrete_bare_weathered_02_g
image,d#i_t7_micro_concrete_bare_weathered_02_c
image,d#i_t7_micro_concrete_bare_weathered_02_n
image,#i_t7_plaster_paint_peel_c
image,#hash_16b00c2d40e1e4bc
image,#hash_16b00d2d40e1e66f
image,#hash_16b0152d40e1f407
image,#i_t7_asphalt_dirty_dark_desert_n
image,#hash_16c89352bdaa083e
image,#hash_16dca28fda75a638
image,#hash_16dca38fda75a7eb
image,#hash_16df35bac92a6d5e
image,#hash_16df46bac92a8a41
image,#hash_16df4abac92a910d
image,#i_mtl_p7_ac_unit_med_s
image,#i_mtl_p7_ac_unit_med_g
image,#i_mtl_p7_ac_unit_med_c
image,#i_mtl_p7_ac_unit_med_n
image,#i_mtl_p7_ac_unit_med_o
image,d#i_t8_micro_concrete_cinderblock_01_n
image,#i_t8_micro_concrete_cinderblock_01_c
image,#hash_1711f5eb40a3d1b9
image,#i_mtl_p7_wires_electrical_s
image,#i_mtl_p7_wires_electrical_c
image,#i_mtl_p7_wires_electrical_g
image,#i_mtl_p7_wires_electrical_n
image,#i_t7_micro_concrete_formed_32x32_01_n
image,#i_t7_micro_concrete_formed_32x32_01_g
image,#i_t7_micro_concrete_formed_32x32_01_c
image,#hash_171dbd0777059ef3
image,#hash_171dc1077705a5bf
image,#hash_171dc8077705b1a4
image,#hash_171dcd077705ba23
image,#i_mtl_p7_blast_wall_concrete_worn_n
image,#i_mtl_p7_blast_wall_concrete_worn_c
image,#i_t7_metal_panels_2x16_trim_c
image,#i_t7_metal_panels_2x16_trim_n
image,#i_t7_metal_panels_2x16_trim_o
image,#i_mtl_p7_debris_trash_paperbag_01_c
image,#i_mtl_p7_debris_trash_paperbag_01_n
image,#hash_174d9bedf363a020
image,#hash_174da5edf363b11e
image,#i_mtl_p7_zm_der_light_set_m
image,#i_mtl_p7_zm_der_light_set_n
image,#hash_1764eb3a1fa139fe
image,#i_mtl_p7_cai_vista_antenna_tall_c
image,#i_mtl_p7_global_chainlink_fence_kit_01_n
image,#i_mtl_p7_global_chainlink_fence_kit_01_o
image,#hash_17887c73f7675140
image,d#fxt_sparks_rndhit
image,#i_mtl_p7_slu_sign_apartment_n
image,#i_mtl_p7_slu_sign_apartment_m
image,#i_mtl_t8_license_sing_zurich_decal_digits_0_c
image,#i_mtl_veh_mphd_van_chassis_pipe_o
image,#i_mtl_veh_mphd_van_chassis_pipe_n
image,#i_mtl_veh_mphd_van_chassis_pipe_m
image,d#i_veh_t7_detail_char05_c
image,#i_c_t7_techno_head1_hood_c
image,#i_c_t7_techno_head1_hood_g
image,#i_c_t7_techno_head1_hood_n
image,#i_c_t7_techno_head1_hood_m
image,#i_mtl_p7_zm_ori_concrete_wall_damaged_01_bare_n
image,#i_c_t7_warrior_body1_thighpad_ir
image,#hash_17cc6cfba3cf0faf
image,#i_mtl_p7_foliage_plant_chalk_blue_t
image,#i_mtl_p7_foliage_plant_chalk_blue_c
image,#i_mtl_p7_foliage_plant_chalk_blue_n
image,#i_mtl_p7_shelf_industrial_vintage_wood_c
image,#i_mtl_p7_shelf_industrial_vintage_wood_n
image,d#fxt8_spark_rndhit_core_hdr
image,d#i_ct7_blockout_battery_body1_shoes_o
image,d#i_ct7_blockout_battery_body1_shoes_n
image,d#i_ct7_blockout_battery_body1_shoes_g
image,d#i_ct7_blockout_battery_body1_shoes_c
image,d#i_t7_plastic_fiberglass_bench_g
image,d#i_veh_t8_detail_stucco_01
image,d#i_t7_concrete_painted_wet_white_c
image,#i_mtl_p7_zm_kin_data_reel_set_metal_m
image,#i_mtl_p7_zm_kin_data_reel_set_metal_n
image,#i_mtl_p7_zm_kin_data_reel_set_metal_g
image,#i_mtl_p7_towels_folded_01_n
image,#i_mtl_p7_table_dining_cafe_wicker_01_02_n
image,#i_mtl_p7_table_dining_cafe_wicker_01_02_c
image,#i_mtl_p7_slu_window_metal_set_glass_n
image,#i_mtl_p7_slu_window_metal_set_glass_c
image,#i_t7_concrete_sidewalk_01_n
image,#i_t7_concrete_sidewalk_01_c
image,#i_mtl_p7_crate_wood_02_nail_c
image,#i_mtl_p7_crate_wood_02_nail_n
image,#hash_183279b74c3b1bdb
image,d#i_t8_concrete_plain_dirty_01_c
image,#i_veh_t8_oilslick_desat_tile_c
image,#i_c_t7_techno_body1_forearm_ir
image,d#i_mtl_p7_conduit_metal_parts_o
image,d#i_mtl_p7_conduit_metal_parts_n
image,d#i_mtl_p7_conduit_metal_parts_g
image,d#i_mtl_p7_conduit_metal_parts_s
image,d#i_t8_decal_grunge_rust_04_sml_c
image,#i_c_t7_battery_body1_webgear_ir
image,#i_mtl_p7_jun_foliage_bush_desert_a_proxy_normal
image,#i_t7_stone_marble_light_01_c
image,#i_mtl_veh_mphd_van_body_bottom_dead_m
image,#i_t7_decal_signage_54i_graffiti_08_c
image,#i_t7_metal_worn_iron_dark_c
image,#i_t7_metal_worn_iron_dark_g
image,#i_t7_metal_worn_iron_dark_m
image,#i_t7_metal_worn_iron_dark_s
image,d#i_t7_micro_wood_oak_32x32_unfinished_c
image,d#i_t7_micro_wood_oak_32x32_unfinished_g
image,d#i_t7_micro_wood_oak_32x32_unfinished_n
image,d#fxt8_debris_ember_mask
image,#hash_1925c18faf3b3940
image,#i_t7_zm_ctl_wood_rough_01_n
image,#i_t7_zm_ctl_wood_rough_01_c
image,#hash_19431406d1a6f4b0
image,#hash_19432106d1a70ac7
image,#cookie_flicker03
image,#i_t7_out_decal_grunge_dirt_r
image,#hash_19572f6f52142a77
image,#i_mtl_p8_slu_whiteboard_n
image,d#i_t7_decal_grunge_wet_wall_stain_c
image,#i_t7_decal_acess_door_01_n
image,#i_t7_decal_acess_door_01_c
image,#i_mtl_p7_corrugated_sheet_metal_rust_03_proxy_specular
image,#i_mtl_p7_slu_foliage_flower_garden_red_proxy_normal
image,d#i_mtl_p7_blast_wall_concrete_decal_c
image,d#i_mtl_p7_slu_stool_swivel_n
image,d#i_mtl_p7_slu_stool_swivel_m
image,#hash_19be2c0a69840686
image,#hash_19be390a69841c9d
image,#i_t7_sand_eroded_c
image,#i_mtl_p7_ra2_office_walkway_keystone_1_n
image,#i_mtl_p7_ra2_office_walkway_keystone_1_o
image,#i_mtl_p7_ra2_office_walkway_keystone_1_m
image,#i_mtl_p7_ra2_office_walkway_keystone_1_c
image,#i_mtl_p7_ra2_office_walkway_keystone_1_g
image,#i_c_t7_battery_body1_thrusters_ao
image,#i_t7_decal_damage_concrete_cracks_04_r
image,#i_t7_decal_damage_concrete_cracks_04_n
image,#i_t7_decal_damage_concrete_cracks_04_c
image,d#i_veh_t7_detail_char_01_c
image,d#i_veh_t7_detail_char_01_n
image,#i_mtl_p7_street_manhole_cover_03_c
image,#i_mtl_p7_street_manhole_cover_03_n
image,#i_p8_mphd_towel_a_n_3
image,#i_p8_mphd_towel_a_n_4
image,#hash_1a243c998defa220
image,#i_mtl_veh_t7_dlc_paint_burnt_01_c
image,d#i_t7_detail_hexagon_01
image,#i_mtl_p7_ra2_treasury_stone_wall_shelf_stone_n
image,d#i_t8_decal_nail_01_s
image,d#i_t8_decal_nail_01_n
image,d#i_t8_decal_nail_01_g
image,d#i_t8_decal_nail_01_c
image,#i_c_t7_warrior_body1_thighpad_n
image,#i_c_t7_warrior_body1_thighpad_o
image,#i_c_t7_warrior_body1_thighpad_c
image,#i_mtl_p7_foliage_plant_agrostistachys_t
image,#i_mtl_p7_foliage_plant_agrostistachys_n
image,#i_mtl_p7_foliage_plant_agrostistachys_c
image,d#i_t7_decal_grunge_concrete_drip_01_blend_r
image,d#i_mtl_p8_slu_plaque_metal_dirt_03_r
image,#hash_1a6c8320e84d8693
image,#hash_1a6c8a20e84d9278
image,#hash_1a6c8e20e84d9944
image,d#i_t7_decal_grunge_bottom_02_c
image,d#i_t8_micro_stone_slate_01_c
image,d#i_t8_micro_stone_slate_01_g
image,d#i_t8_micro_stone_slate_01_n
image,#i_t8_glass_smartglass_diamonds_01_n
image,#i_p8_slu_wire_hanging_attachment_n
image,#i_t7_ban_decal_grunge_rust_corrosion_c
image,#i_t7_ban_decal_grunge_rust_corrosion_n
image,#i_p8_water_cooler_digital_body_dirty_rubber_n
image,#i_mtl_p7_cai_butcher_meat_hooks_g
image,#i_mtl_p7_cai_butcher_meat_hooks_n
image,#i_mtl_p7_cai_butcher_meat_hooks_s
image,#i_p7_foliage_vines_distictis_lod_ledge_128_c
image,d#i_t7_plastic_styrofoam_cushion_n
image,#hash_1ac14b1485977a96
image,#hash_1ac14c1485977c49
image,#hash_1ac15814859790ad
image,#i_mtl_p7_zm_ori_church_columns_n
image,#i_t7_rock_gravel_varied_r
image,#i_t7_rock_gravel_varied_n
image,#i_t7_rock_gravel_varied_c
image,#i_p7_eth_comm_tower_antenna_01_m
image,#i_p7_eth_comm_tower_antenna_01_n
image,#i_t7_slu_stone_trim_bevel_01_c
image,#i_t7_slu_stone_trim_bevel_01_n
image,#i_t7_slu_stone_trim_bevel_01_o
image,#i_t8_decal_grunge_rust_03_n
image,d#i_t8_decal_grunge_rust_03_c
image,#hash_1b49a579033042ca
image,#i_t7_decal_grunge_wall_stain_01_n
image,d#i_t7_decal_grunge_wall_stain_01_c
image,d#i_t7_decal_grunge_wall_stain_01_r
image,d#fxt8_liquid_string
image,d#i_t7_micro_wood_worn_brown_n
image,d#i_t7_micro_wood_worn_brown_c
image,#i_t7_micro_wood_worn_brown_g
image,d#i_t8_micro_cloth_carpet_backing_01_c
image,d#i_t8_micro_cloth_carpet_backing_01_n
image,#hash_1b7d3d9a550674b4
image,#hash_1b7d409a550679cd
image,#hash_1b9f13b455f1f2be
image,#hash_1b9f1eb455f2056f
image,#hash_1bbc61e290141b00
image,d#i_t8_decal_tech_detail_line_trim_01_n
image,#i_t7_metal_copper_oxidized_02_c
image,#i_t7_concrete_trim_01_c
image,#i_t7_concrete_trim_01_n
image,#i_t7_decal_grunge_concrete_wall_block_stain_01_r
image,#hash_1be3b8911bc7a7f5
image,#hash_1be3bb911bc7ad0e
image,#i_t7_brick_worn_dirty_tan_c
image,d#fxt8_spark_round_hdr
image,#hash_1bf500fc9eff7db7
image,#i_t7_spa_linoleum_floor_c
image,#hash_1bfd67a50e3f92d4
image,#hash_1bfd6aa50e3f97ed
image,#hash_1c0b294c2a7d07ce
image,#i_mtl_p7_zm_ctl_bell_clock_tower_wood01_m
image,#i_mtl_p7_zm_ctl_bell_clock_tower_wood01_n
image,#hash_1c2c4be82853c210
image,#hash_1c2c4ce82853c3c3
image,#hash_1c2c4de82853c576
image,d#i_t7_veh_decal_bolt_06_o
image,#i_c_t7_warrior_head1_skin1_c
image,#i_mtl_p7_rebar_01_rusty_c
image,#i_t8_dirt_rocky_moss_01_c
image,d#i_t7_decal_grunge_charred_stain_02_c
image,#i_mtl_p7_3arc_lobby_desk_rubber_n
image,#i_mtl_p7_rebar_cap_01_rusty_c
image,#i_mtl_p7_slu_cooler_refrigerator_decal_n
image,#i_mtl_p7_slu_cooler_refrigerator_decal_c
image,#i_mtl_p7_slu_lift_car_lowered_metal_m
image,#hash_1ca493b26e47f865
image,#i_mtl_p7_zm_asc_pipes_gas_set_decal_c
image,#i_mtl_p8_slu_crate_wood_main_twin2_c
image,#i_mtl_p8_slu_crate_wood_main_twin2_n
image,d#hash_1caed373d0375307
image,d#hash_1caed473d03754ba
image,#i_mtl_p7_chinese_temple_door_metal_g
image,#i_mtl_p7_chinese_temple_door_metal_n
image,#i_mtl_p7_chinese_temple_door_metal_s
image,#i_mtl_p7_jun_foliage_palm_tropic_proxy_depth
image,#hash_1ceba195f50dd63c
image,#i_mtl_p7_slu_door_knob_01_m
image,#i_mtl_p7_slu_door_knob_01_n
image,#i_mtl_p7_slu_door_knob_01_o
image,#i_mtl_p7_foliage_flower_bougainvillea_flowers_snow_m
image,#i_mtl_p7_foliage_flower_bougainvillea_flowers_snow_c
image,#i_mtl_veh_mphd_van_bumper_m
image,#i_mtl_veh_mphd_van_bumper_o
image,#i_mtl_veh_mphd_van_bumper_n
image,#hash_1cf2473a091059c8
image,#i_t7_brick_worn_tan_heavy_grout_c
image,d#i_t8_micro_moss_base_01_r
image,#i_mtl_p7_foliage_vines_distictis_leaves_c
image,#i_mtl_p7_slu_table_military_wood_m
image,#i_mtl_p7_slu_table_military_wood_n
image,#i_mtl_p7_foliage_vines_distictis_leaves_n
image,#i_mtl_p7_foliage_vines_distictis_leaves_t
image,#i_mtl_p7_barbed_wire_01_n
image,#i_mtl_p7_barbed_wire_01_c
image,#i_mtl_p7_fir_foliage_tree_vista_06_proxy_specular
image,#hash_1d2faea1c5b0af70
image,#hash_1d2fbba1c5b0c587
image,#hash_1d312aaeecf44f98
image,#i_mtl_p7_jun_foliage_tree_bunch_vista_group_proxy_normal
image,d#$white_diffuse
image,#i_c_t7_techno_head1_skin_o
image,#i_mtl_p7_slu_pole_chainlink_fence_metal_m
image,#i_mtl_p7_slu_pole_chainlink_fence_metal_n
image,#i_mtl_p7_sin_vista_foliage_cluster_a_proxy_albedo
image,#i_mtl_veh_mphd_van_chassis_undercarriage_dead_m
image,d#i_c_54i_assault_pouch_n
image,#i_c_54i_assault_pouch_g
image,#i_mtl_veh_mphd_van_button02_c
image,#i_mtl_veh_mphd_van_button02_n
image,#i_t7_decal_grunge_brick_color_faded_r
image,#i_t7_decal_grunge_brick_color_faded_c
image,#i_t7_dirt_rocky_01_r
image,#i_t7_dirt_rocky_01_c
image,#i_t7_dirt_rocky_01_n
image,d#i_t7_detail_styrofoam_01
image,#i_t7_shr_wood_wall_weathered_c
image,#i_t7_shr_wood_wall_weathered_n
image,#i_t7_shr_wood_wall_weathered_o
image,#i_mtl_p7_dock_wood_rustic_set_decal_05_n
image,d#i_mtl_p7_dock_wood_rustic_set_decal_05_c
image,#hash_1de790aaa332b4ed
image,#i_mtl_p7_electrical_box_set2_boxes_n
image,#i_mtl_p7_electrical_box_set2_boxes_c
image,#hash_1df84d4cc14f9fad
image,#hash_1e01e5b90188c1cb
image,#hash_1e028d45b77dc9d0
image,#i_mtl_p7_debris_trash_cup_coffee_01_c
image,#i_mtl_p7_debris_trash_cup_coffee_01_n
image,#i_decal_signage_panama_graffiti_stack_c
image,#hash_1e1b9bee0783f303
image,#hash_1e1b9cee0783f4b6
image,#i_t7_damage_decal_stain_concrete_01_c
image,#i_c_t7_warrior_body1_arm_lt_a1_ir
image,#i_mtl_p7_slu_foliage_tree_palm_leaves_c
image,#i_mtl_p7_slu_foliage_tree_palm_leaves_n
image,d#i_mtl_p8_mp_flag_pole_01_n
image,d#i_mtl_p8_mp_flag_pole_01_o
image,d#i_mtl_p8_mp_flag_pole_01_m
image,d#i_mtl_p8_mp_flag_pole_01_c
image,#i_mtl_veh_mphd_van_dashboard02_c
image,#hash_1e6547b137ad8c27
image,#i_c_t7_battery_ammo_belt_n
image,#i_c_t7_battery_ammo_belt_c
image,#i_mtl_p7_foliage_flower_bougainvillea_stem_n
image,#i_mtl_p7_foliage_flower_bougainvillea_stem_c
image,#i_c_t7_techno_body1_arm_left_ir
image,d#i_t7_micro_metal_handrail_01_s
image,d#i_t7_micro_metal_handrail_01_c
image,d#i_t7_micro_metal_handrail_01_g
image,#i_mtl_p7_debris_drywall_chunks_n
image,#i_mtl_p7_debris_drywall_chunks_c
image,#i_t7_glass_tile_small_white_n
image,#i_t7_ban_decal_signage_graffiti_scribble_01_c
image,#i_mtl_p7_fxanim_gp_vine_strand_ivy_64_long_smod_proxy_specular
image,#hash_1eb0a0dd0274ac9c
image,#hash_1eb0a1dd0274ae4f
image,#hash_1eb0a3dd0274b1b5
image,#i_c_t7_warrior_body1_hand_b1_n
image,#i_c_t7_warrior_body1_hand_b1_g
image,#i_mtl_p7_zm_ctl_suit_armor_decal_01_n
image,#i_mtl_p7_zm_ctl_suit_armor_decal_01_c
image,#hash_1ed47b4734072967
image,#i_t7_zm_ctl_wood_plank_wide_01_worn_n
image,#i_t7_zm_isl_decal_foliage_moss_01_n
image,#i_t7_zm_isl_decal_foliage_moss_01_c
image,#i_mtl_p7_zm_foliage_palm_fan_bark_01_c
image,#i_mtl_p7_zm_foliage_palm_fan_bark_01_n
image,d#i_veh_t7_drone_attack_rocketpods_highres_paintedmetal_g
image,d#i_veh_t7_drone_attack_rocketpods_highres_paintedmetal_n
image,#hash_1f1f942c8056a8c5
image,#hash_1f208b94a0dff36b
image,#i_t7_wood_worn_dark_brown_c
image,#i_mtl_p7_slu_solar_panel_n
image,#i_mtl_p7_slu_solar_panel_m
image,d#$white_diffuse_hdr
image,d#i_t8_decal_graphics_caution_stripe_01_m
image,d#i_t8_decal_graphics_caution_stripe_01_c
image,d#i_t8_decal_graphics_caution_stripe_01_r
image,#hash_1f4b20085c639d0d
image,#hash_1f5d8461be166c77
image,#i_c_t7_warrior_body1_egypt_gear_6_c
image,#i_t7_concrete_trim_moulding_02_o
image,#i_t7_concrete_trim_moulding_02_n
image,#i_mtl_p7_glass_shards_c
image,#i_mtl_p7_glass_shards_g
image,#i_mtl_p7_glass_shards_n
image,#i_p8_slu_gravestone_01_rip_n
image,#i_p8_slu_gravestone_01_rip_c
image,#i_c_t7_techno_body1_boot_ir
image,#i_mtl_p7_slu_building_apartment_lrg_01_m
image,#i_mtl_p7_slu_building_apartment_lrg_01_n
image,d#i_t8_micro_metal_wall_rough_c
image,d#i_t8_micro_metal_wall_rough_g
image,d#i_t8_micro_metal_wall_rough_n
image,#hash_1fe65eae00e09c0a
image,#i_mtl_veh_mphd_van_brakelight_o
image,#i_mtl_veh_mphd_van_brakelight_n
image,#i_mtl_veh_mphd_van_brakelight_m
image,#i_mtl_p7_slu_pole_utility_set_pole_m
image,#i_mtl_p7_slu_pole_utility_set_pole_n
image,#hash_2012b7c082ef3120
image,#hash_2012bac082ef3639
image,d#i_wz_t8_mp_spe_buffer_body1_syringe_pouch_n
image,d#i_wz_t8_mp_spe_buffer_body1_syringe_pouch_c
image,d#fxt8_spark_shower_radial_sparse_hdr
image,#i_t8_decal_grunge_leak_01_c
image,#i_mtl_p7_debris_trash_wrapper_02_c
image,#i_mtl_p7_debris_trash_wrapper_02_n
image,#i_t8_glass_smokey_streaks_01_backlit_g
image,#i_mtl_veh_mphd_van_body_interior_rear_dead_m
image,#i_c_gen_head_thickness_1_t
image,d#$snow
image,d#i_t8_micro_metal_galvanized_01_n
image,#i_mtl_p7_slu_window_building_03_n
image,#i_mtl_p7_slu_window_building_03_m
image,d#i_mtl_p7_slu_refrigerator_modern_01_m
image,d#i_mtl_p7_slu_refrigerator_modern_01_n
image,#i_t7_micro_wood_plank_01_c
image,#i_t7_micro_wood_plank_01_n
image,#i_mtl_p7_slu_food_container_foam_n
image,#i_mtl_p7_slu_food_container_foam_m
image,d#i_veh_t8_glass_pattern_10_n
image,d#i_mtl_p7_street_manhole_cover_skirt_c
image,d#i_mtl_p7_street_manhole_cover_skirt_n
image,#i_t7_glass_dirty_streaks_sml_c
image,d#$thickness
image,#i_p8_mp_bomb_crate_whole_destroyed_burned_n
image,#i_p8_mp_bomb_crate_whole_destroyed_burned_c
image,#i_c_t7_outrider_body3_gear1_g
image,#i_c_t7_outrider_body3_gear1_c
image,#i_c_t7_outrider_body3_gear1_o
image,#i_c_t7_outrider_body3_gear1_n
image,#i_t7_glass_dirty_green_c
image,#hash_20cdf583e227d8fb
image,#i_c_t7_techno_body1_arm_rt_c_c
image,#i_c_t7_techno_body1_arm_rt_c_g
image,#i_c_t7_techno_body1_arm_rt_c_o
image,#i_c_t7_techno_body1_arm_rt_c_n
image,#i_c_t7_techno_body1_arm_rt_c_s
image,#i_t7_rock_granite_bukit_rough_n
image,#fxt_bio_fly_top
image,#i_t7_ban_dirt_cracked_c
image,#i_t7_ban_dirt_cracked_n
image,#i_t7_ban_dirt_cracked_r
image,d#i_c_t7_gunslinger_fabric_n
image,#i_mtl_p8_zm_esc_cell_bed_decal_04_c
image,#i_mtl_p8_zm_esc_cell_bed_decal_04_n
image,#i_mtl_p7_zm_ctl_stone_wall_block_m
image,#i_mtl_p7_zm_ctl_stone_wall_block_n
image,#i_mtl_p7_zm_ctl_stone_wall_block_o
image,#i_t7_rubble_concrete_sm_blend_r
image,#i_t7_rubble_concrete_sm_blend_n
image,#i_t7_rubble_concrete_sm_blend_c
image,d#i_p8_mp_bomb_crate_palette_no_step_caution_c
image,#i_mtl_p7_sin_vista_foliage_trees_02_c
image,d#i_t7_micro_stone_jagged_n
image,#i_mtl_p7_corrugated_sheet_metal_rust_dmg_01_proxy_specular
image,#i_mtl_p7_slu_crate_plastic_red_n
image,#i_mtl_p7_slu_crate_plastic_red_m
image,#hash_214dec8fb3b53511
image,#i_mtl_p7_fir_foliage_tree_vista_01_group_proxy_distance
image,#i_mtl_p7_corrugated_sheet_metal_rust_dmg_01_proxy_normal
image,#i_mtl_t8_license_sing_zurich_decal_digits_7_c
image,#i_t7_micro_ceramic_tile_4x1_g
image,#i_t7_micro_ceramic_tile_4x1_c
image,#i_t7_micro_ceramic_tile_4x1_n
image,d#i_t7_wes_wood_micro_01_c
image,d#i_t7_wes_wood_micro_01_n
image,#i_mtl_p7_jun_foliage_palm_tropic_proxy_normal
image,#hash_21bdcb820adf2ea0
image,#hash_21bdcc820adf3053
image,#hash_21bdce820adf33b9
image,#hash_21c85d416dbc67a2
image,#hash_21c85e416dbc6955
image,d#i_mtl_p8_mphd_tool_chest_rolling_lrg_b_handles_m
image,d#i_mtl_p8_mphd_tool_chest_rolling_lrg_b_handles_n
image,#hash_21e1bca2599f938c
image,#hash_21e1bda2599f953f
image,#hash_21e6e6fbcd04085d
image,#i_t7_glass_dirty_streaks_n
image,#i_mtl_p7_foliage_vines_roots_c
image,#i_mtl_p7_foliage_vines_roots_n
image,#i_c_t7_techno_body1_gear_g
image,#i_c_t7_techno_body1_gear_c
image,#i_c_t7_techno_body1_gear_n
image,#i_c_t7_techno_body1_gear_s
image,#i_mtl_p7_debris_glass_shards_n
image,d#fxt_exp_billow_md_anim_mask
image,#hash_224a496dd3614d0f
image,d#i_t7_graphic_display_keypad_03_generic_c
image,#hash_22736856c19440a2
image,#i_t7_slu_stone_trim_bevel_02_c
image,#i_t7_slu_stone_trim_bevel_02_o
image,#i_t7_slu_stone_trim_bevel_02_n
image,d#i_mtl_p8_mphd_tool_chest_decal_03_c
image,d#i_mtl_p8_mphd_tool_chest_decal_03_n
image,#i_t7_decal_signage_street_lines_white_c
image,#i_t7_wes_dirt_chunky_01_c
image,#i_t7_wes_dirt_chunky_01_n
image,#i_t7_wes_dirt_chunky_01_r
image,#i_p8_mp_bomb_crate_whole_destroyed_green_c
image,#i_p8_mp_bomb_crate_whole_destroyed_green_n
image,#i_mtl_p7_slu_table_round_metal_01_n
image,#i_mtl_p7_slu_table_round_metal_01_m
image,#hash_22a7ee5dd652a8f2
image,d#i_t7_detail_drywall_01
image,d#i_t7_decal_grunge_wall_scratch_marks_s
image,d#i_t7_decal_grunge_wall_scratch_marks_c
image,d#i_t7_decal_grunge_wall_scratch_marks_g
image,d#i_t7_decal_grunge_wall_scratch_marks_n
image,#i_mtl_p7_cemetary_gravestone_decal03_n
image,#i_mtl_p7_cemetary_gravestone_decal03_c
image,d#hash_22c799f6daba4985
image,d#hash_22c79cf6daba4e9e
image,d#hash_22c7a0f6daba556a
image,#i_t7_glass_plain_opaque_c
image,d#i_t7_decal_line_horizontal_chipped_edges_n
image,d#i_t7_decal_line_horizontal_chipped_edges_c
image,#i_decal_damage_concrete04_n
image,#i_decal_damage_concrete04_c
image,#i_mtl_veh_mphd_van_wheel_rubber_dead_m
image,#i_mtl_p7_cai_path_stone_slab_smooth_e_m
image,#i_mtl_p7_cai_path_stone_slab_smooth_e_n
image,d#$black_color
image,#hash_23352d67b9fbd7c8
image,#hash_2339dd4b62f4572b
image,#i_mtl_p7_jun_foliage_bush_branches_03_t
image,#i_mtl_p7_jun_foliage_bush_branches_03_c
image,#i_mtl_p7_jun_foliage_bush_branches_03_n
image,#i_t7_decal_signage_graffiti_16_c
image,#i_c_t7_techno_body1_boot_n
image,#i_c_t7_techno_body1_boot_o
image,#i_c_t7_techno_body1_boot_c
image,#i_c_t7_techno_body1_boot_g
image,#i_c_t7_techno_body1_boot_s
image,d#i_generic_filter_bubble_wash2
image,d#i_mtl_veh_t7_dlc_weathered_paint_04_c
image,#i_p8_mp_bomb_crate_whole_destroyed_burned02_c
image,#i_mtl_p7_fxanim_gp_vine_strand_ivy_64_long_smod_proxy_normal
image,#concrete_base02_n
image,#i_t8_dirt_rocky_03_c
image,d#i_t7_micro_carbon_fiber_01_g
image,#hash_23e8de30178491a3
image,#hash_23e8e9301784a454
image,#hash_23f7eab5517bd86f
image,#hash_23f7edb5517bdd88
image,#i_c_t7_battery_20_ir
image,d#i_c_hro_player_cyberarm_viewarm_g
image,d#i_c_hro_player_cyberarm_viewarm_o
image,d#i_c_hro_player_cyberarm_viewarm_n
image,d#i_c_hro_player_cyberarm_viewarm_s
image,#hash_242614221dfcbf3d
image,#hash_24331f0e1dbe8aa0
image,#hash_2433230e1dbe916c
image,#hash_2433280e1dbe99eb
image,#i_t7_concrete_brushed_02_n
image,#i_t7_concrete_brushed_02_c
image,#i_t7_zm_shi_wood_planks_worn_wide_01_n
image,#i_t7_zm_shi_wood_planks_worn_wide_01_c
image,#i_t7_zm_shi_wood_planks_worn_wide_01_g
image,d#fxt8_fire_md_lick_dissipate_anim_alpha
image,#i_t7_dlc1_concrete_trim_moulding_01_o
image,#i_t7_dlc1_concrete_trim_moulding_01_n
image,#i_t7_dlc1_concrete_trim_moulding_01_c
image,#concrete_base02_dark_c
image,d#i_t8_decal_damage_scratch_marks_01_c
image,d#i_t8_decal_damage_scratch_marks_01_g
image,d#i_t8_decal_damage_scratch_marks_01_n
image,d#i_t8_decal_damage_scratch_marks_01_s
image,#i_t7_decal_signage_graffiti_07_c
image,#i_t7_zm_isl_metal_bare_01_rust_r
image,d#i_t7_zm_isl_metal_bare_01_rust_n
image,#hash_2489bea5e26c450b
image,#hash_2489bfa5e26c46be
image,#i_mtl_p8_mphd_rollup_door_metal_01_m
image,#i_mtl_p8_mphd_rollup_door_metal_01_n
image,d#i_t7_cloth_leather_white_c
image,#i_mtl_p7_barrier_block_concrete_02_n
image,#i_mtl_p7_barrier_block_concrete_02_c
image,#i_mtl_p7_slu_gate_door_rusty_m
image,#i_mtl_p7_slu_gate_door_rusty_n
image,d#i_mtl_p7_slu_bag_cement_c
image,d#i_mtl_p7_slu_bag_cement_n
image,d#fxt_debri_trash_multiple
image,#i_t7_zm_isl_stone_block_base_01_n
image,#i_c_t7_warrior_body1_pants_mask
image,d#fxt_water_ripple_anim
image,#hash_2541b8d48ff0d37c
image,#hash_254209d70822009f
image,#i_t7_micro_metal_steel_cable_n
image,#i_t7_glass_dirty_gold_opaque_g
image,d#fxt8_spark_rndhit_hdr
image,d#i_t8_micro_metal_patina_01_n
image,#hash_2569c2ee0b444448
image,#hash_257a55b45bddaa24
image,#hash_257a5cb45bddb609
image,#hash_257eb73ec2a54e57
image,#hash_257eb83ec2a5500a
image,d#i_veh_t8_decal_greeble_21_r
image,d#i_veh_t8_decal_greeble_21_o
image,d#i_veh_t8_decal_greeble_21_n
image,#i_t7_metal_painted_wall_dirty_grey_n
image,#i_t7_zm_ctl_stone_wall_medieval_n
image,#i_t7_zm_ctl_stone_wall_medieval_o
image,#i_t7_zm_ctl_stone_wall_medieval_c
image,#hash_25910d4b22c74b7c
image,#hash_2591124b22c753fb
image,#i_mtl_p7_zm_ctl_door_frame_rock_decal_n
image,#i_mtl_veh_mphd_van_dashboard01_c
image,#hash_25ae5c8fa79a5f99
image,#hash_25ae608fa79a6665
image,#i_mtl_p7_slu_refrigerator_vintage_set_door_btm_02_m
image,#i_mtl_p7_slu_refrigerator_vintage_set_door_btm_02_n
image,#i_t7_concrete_tiles_2x2_dirty_01_n
image,#i_t7_concrete_tiles_2x2_dirty_01_c
image,#i_mtl_p7_slu_scaffold_metal_m
image,#i_mtl_p7_slu_scaffold_metal_n
image,#i_mtl_veh_mphd_van_button05_n
image,#i_mtl_veh_mphd_van_button05_c
image,#i_mtl_p7_rus_box_cardboard_plastic_n
image,d#i_p7_foliage_tree_birch_leaves_03_t
image,d#i_veh_t7_dlc_decal_damage_glass_broken_02_c
image,d#i_wpn_t8_eqp_briefcase_bomb_decals_c
image,#hash_260797f53afecf79
image,#hash_260cbfb8702363b3
image,d#i_t7_detail_cotton_01
image,#i_mtl_p7_zm_nac_bucket_decal_r
image,d#i_veh_t8_rust01_c
image,#i_mtl_p7_slu_sign_hanging_metal_m
image,#i_mtl_p7_slu_sign_hanging_metal_n
image,#i_mtl_p7_barrier_block_concrete_rusty_cap_n
image,d#fxt8_spark_streak_abnorm_alpha
image,#i_mtl_veh_mphd_car_compact_dead_decal_broken_glass_n
image,#i_mtl_veh_mphd_car_compact_dead_decal_broken_glass_c
image,d#hash_2679b7ee48a06ef1
image,#i_mtl_p7_chinese_temple_door_wood_n
image,#i_mtl_p7_chinese_temple_door_wood_o
image,#i_c_hro_rachel_egypt_pouch_3_g
image,#i_c_hro_rachel_egypt_pouch_3_n
image,d#fxt_fog_slow_md_anim
image,#i_mtl_p7_debris_trash_wrapper_03_n
image,#i_mtl_p7_debris_trash_wrapper_03_c
image,#i_mtl_p7_slu_sign_hanging_soda_c
image,#i_mtl_p7_slu_sign_parking_traffic_decal_01_c
image,d#i_nodraw_decal
image,d#$specular
image,#hash_26d0fc96deb48aed
image,#i_c_t7_warrior_body1_view_arm_b_c
image,d#i_wz_t8_mp_spe_buffer_body1_scisors_s
image,d#i_wz_t8_mp_spe_buffer_body1_scisors_g
image,d#i_wz_t8_mp_spe_buffer_body1_scisors_c
image,d#i_wz_t8_mp_spe_buffer_body1_scisors_n
image,#i_mtl_p7_slu_gate_iron_wood_set_wood_n
image,#i_mtl_p7_slu_gate_iron_wood_set_wood_m
image,#i_mtl_p7_fxanim_gp_vine_strand_ivy_32_smod_proxy_albedo
image,d#i_veh_t8_plastic_base_clean_g
image,#hash_27093f7a9282c745
image,d#afr_dirt_clay_01_nml
image,#i_mtl_p7_corrugated_sheet_metal_rust_06_proxy_specular
image,#i_t7_zm_ori_dirt_fertile_c
image,#hash_271457c109347724
image,d#fxt8_spark_rndhit_core_alpha
image,#i_mtl_veh_t8_rally_logo_ctrlparts_c
image,#i_t7_decal_grunge_charred_stain_03_c
image,#i_t7_wood_beam_worn_oak_c
image,#i_t7_wood_beam_worn_oak_n
image,#i_mtl_p7_slu_door_wood_set_red_n
image,#i_mtl_p7_slu_door_wood_set_red_m
image,#i_mtl_p7_jun_barricade_heli_set_metal_01_m
image,d#hash_2763da73d6dc49ec
image,d#hash_2763dd73d6dc4f05
image,d#i_mtl_p8_mp_flag_base_01_c
image,d#i_mtl_p8_mp_flag_base_01_m
image,d#i_mtl_p8_mp_flag_base_01_o
image,d#i_mtl_p8_mp_flag_base_01_n
image,#i_t7_metal_worn_painted_graphite_c
image,#i_mtl_p7_corrugated_sheet_metal_rust_03_proxy_depth
image,d#i_c_gen_head_thickness_2_t
image,#i_mtl_t8_metal_deck_painted_01_g
image,#i_mtl_p8_mphd_tool_chest_metal_red_03_m
image,#i_c_t7_warrior_body1_hand_a1_ir
image,#hash_27a10cd796c00036
image,#hash_27a115d796c00f81
image,#hash_27a119d796c0164d
image,#i_veh_t8_decal_paint_damaged_01_c
image,#i_mtl_p8_slu_plaque_metal_n
image,#i_mtl_p8_slu_plaque_metal_m
image,#i_mtl_p7_dock_wood_rustic_set_decal_04_c
image,#i_mtl_p8_wz_supply_stash_decal_medical_c
image,d#i_wpn_t8_eqp_briefcase_bomb_computer_s
image,d#i_wpn_t8_eqp_briefcase_bomb_computer_g
image,d#i_wpn_t8_eqp_briefcase_bomb_computer_c
image,d#i_wpn_t8_eqp_briefcase_bomb_computer_o
image,d#i_wpn_t8_eqp_briefcase_bomb_computer_n
image,d#fxt8_water_ripple_anim_mask
image,#i_mtl_p7_slu_meter_electric_01_base_burnt_n
image,#i_mtl_p7_slu_meter_electric_01_base_burnt_m
image,#hash_27fb24337fbc65a0
image,#hash_27fb31337fbc7bb7
image,#i_t7_plaster_trowelled_base_n
image,#i_t7_plaster_trowelled_base_c
image,#i_mtl_p7_slu_cabinet_metal_n
image,#i_mtl_p7_slu_cabinet_metal_m
image,#i_t7_decal_grunge_dirt_wall_01_r
image,#i_t7_decal_grunge_dirt_wall_01_n
image,#i_t7_decal_grunge_dirt_wall_01_c
image,#i_t7_zm_sha_rock_cliff_01_stain_c
image,#i_t7_zm_sha_rock_cliff_01_stain_r
image,#hash_280e77ae055a7945
image,#i_mtl_p7_eth_rock_cluster_03_m
image,#i_mtl_p7_eth_rock_cluster_03_n
image,#hash_282817a3916e9c28
image,d#i_mtl_t8_decal_tech_detail_screw_01_n
image,#i_mtl_t8_decal_tech_detail_screw_01_o
image,#i_mtl_p7_table_dining_cafe_wicker_01_c
image,#i_mtl_p7_table_dining_cafe_wicker_01_n
image,#i_mtl_p7_jun_foliage_bush_desert_a_proxy_albedo
image,d#i_veh_t8_decal_greeble_18_c
image,#i_mtl_p8_slu_bag_laundry_bundle_dirt_m
image,#i_mtl_p8_slu_bag_laundry_bundle_dirt_g
image,#hash_2863320c02aaf368
image,#hash_2863350c02aaf881
image,d#i_t7_micro_metal_rust_01_g
image,d#i_t7_micro_metal_rust_01_c
image,d#i_t7_micro_metal_rust_01_n
image,d#i_t7_micro_metal_rust_01_s
image,#i_mtl_p8_wz_supply_stash_health_canvas_r
image,#i_mtl_p8_wz_supply_stash_health_canvas_g
image,#i_mtl_p8_wz_supply_stash_health_canvas_c
image,#i_mtl_p8_wz_supply_stash_health_canvas_n
image,#i_mtl_p8_wz_supply_stash_health_canvas_o
image,#i_veh_t8_decal_panel_11_r
image,#i_veh_t8_decal_panel_11_g
image,#i_veh_t8_decal_panel_11_c
image,#i_veh_t8_decal_panel_11_n
image,#i_veh_t8_decal_panel_11_o
image,#i_c_t7_techno_body1_bootsole_n
image,#i_c_t7_techno_body1_bootsole_g
image,#i_c_t7_techno_body1_bootsole_c
image,#hash_287cf3ec9dec0776
image,#hash_287d00ec9dec1d8d
image,d#i_t7_micro_metal_bare_02_g
image,#i_veh_t8_civ_car_badge_maars_m
image,#i_veh_t8_civ_car_badge_maars_n
image,#i_veh_t8_civ_car_badge_maars_c
image,#hash_28bfec66e34c85b8
image,#hash_28bfef66e34c8ad1
image,d#i_mtl_t8_license_sing_zurich_decal_digits_6_c
image,#i_c_t7_battery_head1_head
image,d#i_t8_decal_grunge_wall_lg_01_r
image,d#i_t7_metal_paint_rust_brown_n
image,#i_t7_metal_paint_rust_brown_c
image,d#fxt8_fire_inferno_tall_anim_hdr
image,#i_mtl_p8_slu_ver_bed_vintage_mattress_bent_cloth_03_n
image,#i_t7_decal_line_horizontal_chipped_edges_clear_m
image,#i_mtl_p7_slu_light_arm_metal_m
image,#i_mtl_p7_slu_light_arm_metal_n
image,#i_mtl_p7_slu_box_accessory_01_n
image,#i_mtl_p7_slu_box_accessory_01_c
image,#i_mtl_p7_slu_box_accessory_01_g
image,#i_mtl_p7_fir_foliage_tree_vista_01_group_proxy_normal
image,#i_t7_concrete_trim_beveled_02_c
image,#i_t7_concrete_trim_beveled_02_n
image,#i_mtl_veh_t7_dlc_alpha_50_c
image,d#i_t7_micro_paint_01_g
image,d#i_t7_micro_paint_01_c
image,d#i_t7_micro_paint_01_n
image,#i_mtl_p8_slu_memorial_post_chain_n
image,#i_mtl_p7_container_cardboard_box_02_c
image,#i_mtl_p7_container_cardboard_box_02_n
image,#hash_2994aad888f118f4
image,#hash_2994abd888f11aa7
image,#i_mtl_p7_cai_table_vendor_wood_baremetal_n
image,#i_mtl_p7_cai_table_vendor_wood_baremetal_g
image,d#i_p8_mp_bomb_crate_harness_m
image,d#i_p8_mp_bomb_crate_harness_n
image,#eb_dec_metal_chain_n
image,#eb_dec_metal_chain_c
image,#i_c_t7_techno_body1_torso_armor_s
image,#i_c_t7_techno_body1_torso_armor_c
image,#i_c_t7_techno_body1_torso_armor_g
image,#i_c_t7_techno_body1_torso_armor_n
image,#hash_29ae18445424e832
image,d#i_t7_damage_decal_plaster_damage_02_c
image,d#i_t7_damage_decal_plaster_damage_02_n
image,#hash_29bdc5c9456f844a
image,d#i_mtl_p7_slu_sofa_dmg_body_m
image,d#i_mtl_p7_slu_sofa_dmg_body_n
image,d#i_mtl_p7_slu_sofa_dmg_body_c
image,#i_mtl_p7_foliage_banana_tree_01_vista_proxy_depth
image,#hash_29d381c15bf59589
image,#i_p7_slu_terracota_tile_01_c
image,#i_p7_slu_terracota_tile_01_n
image,#hash_2a06964e8a509da1
image,#i_c_t7_warrior_body1_plastic_ir
image,#hash_2a13d15625bff7ed
image,#i_t7_micro_stone_slate_c
image,#i_t7_micro_stone_slate_n
image,d#i_mtl_p7_foliage_tree_birch_leaves_01_r
image,#i_mtl_p7_window_glass_shard_n
image,#i_mtl_p7_window_glass_shard_g
image,#i_mtl_p7_window_glass_shard_c
image,#i_c_bc_femalesoldier_grenade_ao
image,#i_t7_decal_grunge_waterfall_stain_01_c
image,#i_t7_decal_grunge_waterfall_stain_01_n
image,d#fxt8_spark_streak_wiggle_alpha
image,#i_mtl_p7_jun_sheet_metal_2x8_2_m
image,#hash_2aa35b7607693d1f
image,#hash_2aa3687607695336
image,#hash_2aa375760769694d
image,#i_t7_zm_gen_mud_slow_01_n
image,#i_p8_water_cooler_digital_body_dirty_roughplastic_c
image,#i_p8_water_cooler_digital_body_dirty_roughplastic_n
image,d#$white
image,#i_t7_stone_gravel_01_c
image,#i_c_gen_eye_battery_c
image,d#i_t7_concrete_wall_damaged_01_blend_m
image,#i_t7_metal_corrugated_rust_bend_n
image,#i_mtl_p7_slu_foliage_dandelion_weed_proxy_albedo
image,d#fxt_spark_single
image,#i_mtl_p8_slu_whiteboard_plastic_02_m
image,#i_t7_decal_signage_street_lines_yellow_n
image,#i_t7_decal_signage_street_lines_yellow_r
image,#i_mtl_p7_foliage_tree_ohia_set_bark_n
image,#i_mtl_p7_foliage_tree_ohia_set_bark_c
image,#i_t7_decal_signage_54i_graffiti_komunity_c
image,#i_mtl_t8_license_california_decal_digits_m_c
image,#i_mtl_t8_license_california_decal_digits_m_n
image,#i_t7_dlc1_concrete_poured_01_n
image,#hash_2b8283d4f7404b38
image,#hash_2b8285d4f7404e9e
image,#hash_2b8286d4f7405051
image,#hash_2b88f8aa58bac8b0
image,#hash_2b8905aa58badec7
image,#i_c_t7_techno_body1_arm_rt_b_s
image,#i_c_t7_techno_body1_arm_rt_b_n
image,#i_c_t7_techno_body1_arm_rt_b_c
image,#i_c_t7_techno_body1_arm_rt_b_g
image,#i_t7_brick_regular_painted_white_01_c
image,#hash_2bb265a13c3339b2
image,d#i_t7_micro_dusty_01_n
image,d#i_t7_micro_dusty_01_c
image,#i_mtl_p7_foliage_flower_bougainvillea_bushyvarient_proxy_depth
image,#i_mtl_p7_slu_foliage_tree_palm_fan_n
image,#i_mtl_p7_slu_foliage_tree_palm_fan_c
image,#i_mtl_p7_barbed_wire_g
image,#i_mtl_p7_barbed_wire_c
image,#i_mtl_p7_barbed_wire_n
image,#i_mtl_p7_barbed_wire_o
image,#i_t7_zm_isl_ceramic_tile_01_c
image,#i_t7_zm_isl_ceramic_tile_01_n
image,d#i_veh_t8_decal_grunge_leaking_03_c
image,#i_mtl_p8_mphd_rollup_door_metal_02_n
image,#i_mtl_p8_mphd_rollup_door_metal_02_m
image,#i_t7_concrete_floor_broken_02_c
image,#i_t7_concrete_floor_broken_02_n
image,#i_t7_concrete_floor_broken_02_r
image,#hash_2c03338fba5a98b6
image,#i_mtl_p7_sin_vista_foliage_cluster_a_proxy_depth
image,#i_mtl_p7_debris_glass_shards_edge_n
image,#i_mtl_p7_debris_glass_shards_edge_c
image,#i_mtl_p7_slu_building_apartment_sml_03_m
image,#i_mtl_p7_slu_building_apartment_sml_03_n
image,#i_t7_metal_garage_door_rollup_01_bare_m
image,#i_t7_metal_garage_door_rollup_01_bare_n
image,#i_t7_metal_garage_door_rollup_01_bare_o
image,d#i_wpn_t8_eqp_briefcase_bomb_computer_decal_a_e
image,#i_mtl_p7_zm_nac_bucket_metal_m
image,#i_mtl_p7_zm_nac_bucket_metal_n
image,#i_veh_t7_dlc_decal_leak_08_c
image,#i_veh_t7_dlc_decal_leak_08_g
image,d#i_t7_micro_plaster_smooth_dirty_01_c
image,d#i_t7_micro_plaster_smooth_dirty_01_g
image,#hash_2c7a41a04b41adfb
image,#hash_2c7a42a04b41afae
image,#hash_2c7a43a04b41b161
image,#i_t7_ban_decal_signage_graffiti_st_flames_c
image,#i_t7_concrete_detail_n
image,#hash_2c9a0fa7c398df7f
image,#i_mtl_p7_slu_box_electric_set_metal_m
image,#i_mtl_p7_slu_box_electric_set_metal_n
image,d#i_mtl_p7_slu_cooler_plastic_01_m
image,d#i_mtl_p7_slu_cooler_plastic_01_n
image,#hash_2caa6e421d2e7d6f
image,#i_mtl_p7_ban_south_tribe_banner_dice_c
image,#i_mtl_p7_ban_south_tribe_banner_dice_o
image,#i_mtl_p7_ban_south_tribe_banner_dice_n
image,#i_mtl_veh_t7_dlc_decal_sticker_02_c
image,d#i_mtl_p7_zm_sta_couch_destroyed_set_decal_04_c
image,#hash_2ccd023ec665dcc8
image,#hash_2ccd033ec665de7b
image,#hash_2ccd043ec665e02e
image,#i_mtl_p7_fir_foliage_tree_vista_04_proxy_depth
image,#i_mtl_p7_bottle_plastic_2litre_cola_dmg_c
image,#hash_2d12f729bb1c0d9b
image,#i_mtl_veh_mphd_van_button04_c
image,#i_mtl_veh_mphd_van_button04_n
image,#hash_2d3a8f5023276100
image,#hash_2d3a9050232762b3
image,#hash_2d3a9c5023277717
image,#hash_2d46302f28fb6f33
image,#hash_2d463b2f28fb81e4
image,#hash_2d463c2f28fb8397
image,#hash_2d4b29210619e5b5
image,#i_t7_rock_desert_gravel_tan_01_c
image,#i_t7_rock_desert_gravel_tan_01_n
image,d#core_glass_plain_c
image,d#core_glass_plain_g
image,#i_t7_ven_glass_window_vista_01_g
image,d#$normal
image,d#fxt_gib_concrete_02
image,#i_mtl_p7_light_pro_armory_fluorescent_n
image,#i_mtl_p7_light_pro_armory_fluorescent_o
image,d#i_mtl_p7_zur_train_wreckage_set_dmg_n
image,#i_mtl_p7_bottle_plastic_cleaner_dmg_c
image,#hash_2ddaf49eff280752
image,#i_c_t7_techno_body1_shoulderguard_left_c
image,#i_c_t7_techno_body1_shoulderguard_left_g
image,#i_c_t7_techno_body1_shoulderguard_left_n
image,#i_c_t7_techno_body1_shoulderguard_left_s
image,d#i_veh_t8_ntx_decal_circle_sml_n
image,d#i_veh_t8_ntx_decal_circle_sml_c
image,d#i_t8_decal_tech_detail_bolt_07_c
image,d#i_t8_decal_tech_detail_bolt_07_n
image,d#i_veh_t8_cloth_canvas_dirty_01_c
image,d#i_veh_t8_cloth_canvas_dirty_01_n
image,#i_mtl_p7_jun_foliage_bush_desert_a_proxy_specular
image,#hash_2e02638628c9d9ea
image,#i_mtl_p7_corrugated_sheet_metal_rust_06_proxy_depth
image,#i_p7_slu_iron_railing_fence_side_g
image,#i_p7_slu_iron_railing_fence_side_c
image,#i_p7_slu_iron_railing_fence_side_n
image,#i_p7_slu_iron_railing_fence_side_o
image,#i_t7_decal_signage_graffiti_17_c
image,d#$specular_mask
image,d#i_t7_detail_acrylic_01_n
image,#i_c_t7_techno_body1_arm_rt_b_ir
image,d#i_t7_veh_decal_bolt_04_c
image,#i_mtl_veh_mphd_car_compact_decal_gauge_06_r
image,#i_mtl_veh_mphd_car_compact_decal_gauge_06_n
image,#i_mtl_veh_mphd_car_compact_decal_gauge_06_c
image,#i_mtl_p7_sgen_big_bld_ext_wall_dirty01_c
image,d#fxt_fol_flower_petal_single
image,d#global_window_glass_g
image,d#global_window_glass_c
image,#i_mtl_p7_foliage_tree_palm_coconut_trunktile01_n
image,#i_mtl_p7_foliage_tree_palm_coconut_trunktile01_c
image,#i_mtl_p7_zm_foliage_palm_fan_bark_03_c
image,#i_mtl_p7_zm_foliage_palm_fan_bark_03_n
image,#hash_2e7751d10e785363
image,#i_t7_decal_signage_54i_graffiti_15_r
image,#i_t7_decal_signage_54i_graffiti_15_c
image,d#i_t8_rubber_tread_tiles_01_n
image,d#i_veh_t8_lumpy02_n
image,#i_mtl_p7_slu_door_white_01_o
image,#i_mtl_p7_slu_door_white_01_n
image,#i_mtl_p7_slu_door_white_01_m
image,d#hash_2eb20273da9c9ce4
image,d#hash_2eb20573da9ca1fd
image,#hash_2ebaba87457f1505
image,#hash_2ed063b171ea8f1c
image,#hash_2ed064b171ea90cf
image,#hash_2ed065b171ea9282
image,#hash_2ede44f4b6d3a1ef
image,#i_t7_decal_grunge_calcium_drip_02_blend_r
image,#i_t7_decal_grunge_calcium_drip_02_blend_n
image,d#i_t7_decal_grunge_calcium_drip_02_blend_c
image,#hash_2ee59faa3064ad7e
image,d#i_mtl_p8_mphd_tool_chest_metal_red_02_m
image,#i_t7_rock_barnacles_cluster_01_blend_n
image,#i_mtl_p7_slu_plywood_old_01_m
image,#i_mtl_p7_slu_plywood_old_01_n
image,#i_mtl_p7_slu_box_electric_set_metal_01_n
image,#i_mtl_p7_slu_box_electric_set_metal_01_m
image,d#hash_2f030f95ee52a016
image,#i_mtl_p7_dock_wood_rustic_set_decal_03_c
image,d#fxt8_light_incandescent_hot
image,#i_mtl_p7_slu_debris_trash_pile_c
image,#i_mtl_p7_slu_debris_trash_pile_g
image,#i_mtl_p7_slu_debris_trash_pile_n
image,#i_mtl_p7_fxanim_gp_vine_strand_ivy_32_smod_proxy_normal
image,#i_mtl_p7_trashcan_street_metal_n
image,#i_mtl_p7_trashcan_street_metal_m
image,#i_mtl_p8_slu_whiteboard_plastic_m
image,#i_t7_zm_isl_concrete_wall_weathered_01_c
image,#i_t7_zm_isl_concrete_wall_weathered_01_n
image,#i_c_t7_emissive_a_e
image,#i_mtl_p7_slu_rollup_door_01_m
image,#i_t8_decal_grunge_stain_sand_01_r
image,d#fxt_spark_blink_anim_mask
image,#i_mtl_p7_jun_sheet_metal_4x4_2_m
image,#i_mtl_p7_slu_gate_fence_set_m
image,#i_mtl_p7_slu_gate_fence_set_n
image,#i_mtl_veh_mphd_van_body_front_m
image,#i_mtl_veh_mphd_van_body_front_n
image,#i_mtl_veh_mphd_van_body_front_o
image,#hash_2f9b4bb8397a2688
image,#hash_2f9b4cb8397a283b
image,d#hash_2fb2b61fec4d0aa4
image,#hash_2fcd3edc7bbcf28e
image,d#i_mtl_p7_slu_refrigerator_modern_03_n
image,d#i_mtl_p7_slu_refrigerator_modern_03_m
image,#i_t7_wood_plywood_trim_n
image,d#i_t7_micro_metal_bare_01_s
image,d#i_t7_micro_metal_bare_01_g
image,#i_t7_decal_grunge_dust_wall_01_c
image,#i_mtl_p7_slu_building_apartment_balcony_07_m
image,#i_mtl_p7_slu_building_apartment_balcony_07_n
image,#hash_3001adf8088b0df9
image,#hash_30028f4482acbba7
image,#i_t7_slu_stone_trim_blocks_c
image,#i_t7_slu_stone_trim_blocks_n
image,#i_t7_slu_stone_trim_blocks_o
image,#i_mtl_t8_concrete_damaged_norebar_02_r
image,#i_mtl_p7_slu_statue_piazza_statue_m
image,#i_mtl_p7_slu_statue_piazza_statue_n
image,#i_c_t7_battery_body1_cyberarm_viewarm_c
image,#i_veh_t7_dlc_decal_stain_01_c
image,#hash_302a8608bea56a0c
image,#hash_302a8b08bea5728b
image,#i_c_t7_warrior_head1_emissive_e
image,#i_mtl_veh_mphd_van_wheel_rubber_n
image,#i_mtl_veh_mphd_van_wheel_rubber_o
image,#i_mtl_veh_mphd_van_wheel_rubber_m
image,#i_mtl_p8_slu_ver_bed_vintage_mattress_bent_cloth_02_c
image,#i_mtl_p8_slu_ver_bed_vintage_mattress_bent_cloth_02_n
image,#window_facade_trailer_7_col
image,#hash_304b358fc7b601c9
image,#hash_304c02c5ec7fa9ac
image,#i_mtl_p7_slu_foliage_fern_leaves_n
image,#i_mtl_p7_slu_foliage_fern_leaves_c
image,#i_mtl_p7_slu_foliage_fern_leaves_t
image,#hash_307bf5fb46cdde4f
image,#hash_307bf8fb46cde368
image,#hash_30a2118c08249d2f
image,#hash_30a2148c0824a248
image,#hash_30bc5d60ddde05b0
image,#hash_30bc5e60ddde0763
image,#hash_30bf9cfbd1082809
image,d#hash_30bfa7fbd1083aba
image,d#i_c_t7_blockout_battery_body1_armor_o
image,d#i_c_t7_blockout_battery_body1_armor_n
image,#i_c_t7_blockout_battery_body1_armor_g
image,#i_c_t7_blockout_battery_body1_armor_c
image,#hash_30ca23d530ebbf1c
image,#hash_30ca24d530ebc0cf
image,#i_t7_zm_ctl_plaster_int_01_r
image,#i_t7_zm_ctl_plaster_int_01_n
image,#i_t7_zm_ctl_plaster_int_01_c
image,#i_mtl_p7_zm_gen_proto_column_rebar_r
image,d#i_veh_t7_detail_char02_c
image,#hash_3101739def361ef8
image,#i_mtl_p7_mp_flag_pole_o
image,#i_mtl_p7_mp_flag_pole_c
image,#i_mtl_p7_mp_flag_pole_g
image,#i_c_t7_techno_body1_pants_ir
image,#fxt_bio_butterfly_top
image,#i_mtl_p7_foliage_flower_bougainvillea_bushyvarient_proxy_albedo
image,#hash_31563fb63e7e1fb0
image,#hash_315640b63e7e2163
image,#hash_315641b63e7e2316
image,#i_t7_concrete_trim_beveled_03_n
image,#i_t7_concrete_trim_beveled_03_c
image,#i_veh_t8_decal_gasdoor_03_r
image,#i_veh_t8_decal_gasdoor_03_n
image,#hash_316537e243368d16
image,#hash_316544e24336a32d
image,d#i_t8_metal_deck_painted_01_g
image,d#i_t8_metal_deck_painted_01_n
image,#i_t7_micro_wood_plank_03_g
image,#i_t7_micro_wood_plank_03_n
image,#i_t7_detail_rust_01
image,#i_p7_foliage_distictis_hanging_ledge_64_c
image,#i_mtl_p7_inf_rock_boulder_large_01_snowbottom_m
image,d#concrete_edges01_n
image,#i_mtl_veh_mphd_van_glass_c
image,#hash_31df707c4c2f1fa8
image,#i_mtl_p8_wz_supply_stash_health_metal_m
image,#i_mtl_p8_wz_supply_stash_health_metal_o
image,#i_mtl_p8_wz_supply_stash_health_metal_n
image,#i_t7_sand_chunky_01_n
image,#i_c_t7_techno_head5_face_skin4_c
image,#i_c_t7_techno_head5_face_skin4_n
image,#i_t7_zm_isl_stone_block_wall_01_o
image,#i_t7_zm_isl_stone_block_wall_01_n
image,#i_t7_zm_isl_stone_block_wall_01_c
image,#i_t7_decal_asphalt_damaged_crack_g
image,#i_t7_decal_asphalt_damaged_crack_c
image,#i_t7_decal_asphalt_damaged_crack_n
image,#i_mtl_veh_mphd_van_frontlight_o
image,#i_mtl_veh_mphd_van_frontlight_n
image,#i_mtl_veh_mphd_van_frontlight_m
image,#hash_324ffd0a4b16e3c7
image,#i_t7_glass_smart_02_g
image,#hash_3268211701bc1832
image,#hash_326fecaa00c222f9
image,#i_mtl_p7_foliage_grass_02_proxy_specular
image,#hash_32785e8fbd630007
image,#hash_328a7c8688f43195
image,#hash_328a7f8688f436ae
image,#i_mtl_p7_zm_ctl_light_spot_hanging_set_m
image,d#i_t7_wood_panel_blonde_c
image,d#i_t7_wood_panel_blonde_n
image,#i_mtl_p7_slu_sign_neon_open_label_c
image,#i_t8_concrete_wall_damage_grey_c
image,#i_mtl_p7_foliage_plant_heliconia_t
image,#i_mtl_p7_foliage_plant_heliconia_c
image,#i_mtl_p7_foliage_plant_heliconia_n
image,#i_mtl_p7_zm_asc_cabinet_electronic_decal_n
image,#i_mtl_p7_zm_asc_cabinet_electronic_decal_c
image,#hash_32c2bdaeec89f2a1
image,#hash_32d80caa5c7cacac
image,#hash_32d811aa5c7cb52b
image,d#$i_c_gen_eye_caustic_l
image,#i_t7_kfu_wood_trim_decorative_03_c
image,#i_t7_kfu_wood_trim_decorative_03_n
image,#i_t7_kfu_wood_trim_decorative_03_o
image,#i_mtl_p7_zm_ori_wood_fence_burnt_decal_01_c
image,#i_mtl_p7_zm_ori_wood_fence_burnt_decal_01_n
image,#i_mtl_p7_soc_fence_post_metal_rusty_n
image,#i_mtl_p7_soc_fence_post_metal_rusty_c
image,#i_mtl_p7_soc_fence_post_metal_rusty_g
image,#i_mtl_p7_planter_ceramic_01_n
image,#i_mtl_p7_planter_ceramic_01_c
image,#i_mtl_p7_slu_meter_electric_decal_07_c
image,#i_mtl_p7_slu_foliage_flower_leaf_n
image,#i_mtl_p7_slu_foliage_flower_leaf_c
image,#i_mtl_p7_slu_foliage_flower_leaf_t
image,d#$gray_32_one_channel
image,#i_mtl_p7_zm_ori_wood_fence_burnt_burned_n
image,#i_mtl_p7_zm_ori_wood_fence_burnt_burned_c
image,#i_mtl_p7_debris_concrete_rubble_sm_02_c
image,d#i_mtl_p7_slu_barrel_metal_01_m
image,d#i_mtl_p7_slu_barrel_metal_01_n
image,d#i_mtl_p7_3arc_park_leafy_ground_n
image,#i_c_t7_blockout_battery_head1_head_c
image,#hash_33666fcfbfb3a253
image,#i_t7_decal_grunge_moss_grime_r
image,d#i_t7_decal_grunge_moss_grime_c
image,#i_mtl_p7_zur_rock_boulder_medium_01_snowbottom_m
image,#i_c_t7_battery_body1_collar_ir
image,#i_mtl_p7_sin_biodome_vista_water_far_flow_c
image,#i_mtl_p7_slu_support_awning_metal_m
image,#i_mtl_p7_slu_support_awning_metal_n
image,#i_mtl_p7_cai_mobile_shops_civ_01_metal_01_c
image,#i_mtl_p7_cai_mobile_shops_civ_01_metal_01_n
image,#hash_33969f9fc9579b2a
image,#i_mtl_p7_foliage_grass_tall_02_c
image,d#i_t7_decal_grunge_rust_09_c
image,d#i_t7_decal_grunge_rust_09_n
image,d#i_t7_decal_grunge_rust_09_r
image,#i_c_t7_assassin_body1_grenade1_s
image,#i_c_t7_assassin_body1_grenade1_o
image,#i_c_t7_assassin_body1_grenade1_n
image,#i_c_t7_assassin_body1_grenade1_c
image,#i_c_t7_assassin_body1_grenade1_g
image,#i_compass_map_mp_slums2_full
image,d#i_t7_decal_grunge_bottom_01_c
image,d#i_t8_micro_stone_slate_02_g
image,d#i_t8_micro_stone_slate_02_c
image,#i_t8_micro_stone_slate_02_n
image,#i_decal_graffiti_la_04_c
image,#hash_33ef761a2c70aa1f
image,#hash_33ef771a2c70abd2
image,d#i_wpn_t8_eqp_briefcase_bomb_computer_decals_s
image,d#i_wpn_t8_eqp_briefcase_bomb_computer_decals_c
image,d#i_wpn_t8_eqp_briefcase_bomb_computer_decals_g
image,d#fxt8_water_splash_mask
image,#i_mtl_p7_zm_debris_newspaper_german_burnt_c
image,#i_mtl_veh_t7_dmg_scrapes_chips_8_s
image,#i_mtl_veh_t7_dmg_scrapes_chips_8_c
image,#i_t7_decal_damage_concrete_cracks_01_c
image,#i_t7_decal_damage_concrete_cracks_01_n
image,#i_t7_decal_damage_concrete_cracks_01_r
image,#i_t7_metal_panels_2x16_trim_worn_g
image,#i_t7_metal_panels_2x16_trim_worn_s
image,#hash_3425c8823c4ff299
image,#i_p7_foliage_vines_distictis_flower_t
image,d#i_t7_micro_plastic_rough_01_n
image,#i_c_t7_warrior_body1_webbing_o
image,#i_c_t7_warrior_body1_webbing_n
image,#i_c_t7_warrior_body1_webbing_c
image,#hash_347078db045da935
image,#ch_rooftiles_3_nml
image,#i_t7_con_metal_base_s
image,#i_t7_con_metal_base_n
image,#i_t7_brick_worn_red_heavy_grout_n
image,#i_t7_brick_worn_red_heavy_grout_o
image,#i_t7_brick_worn_red_heavy_grout_c
image,#i_t7_brick_worn_red_heavy_grout_g
image,#i_t7_brick_worn_red_heavy_grout_r
image,#i_mtl_veh_mphd_van_body_front_dead_m
image,#i_t7_micro_metal_bronze_interior_g
image,d#i_t7_veh_decal_bolt_03_n
image,#i_mtl_p7_barrier_block_concrete_long_worn01_n
image,#i_mtl_p7_barrier_block_concrete_long_worn01_m
image,d#i_t8_micro_styrofoam_01_c
image,d#i_t8_dirt_rocky_01_r
image,d#fxt_gib_glass_01
image,d#fxt_gib_glass_02
image,#i_c_t7_battery_body1_straps_n
image,#i_c_t7_battery_body1_straps_g
image,#i_c_t7_battery_body1_straps_c
image,#i_t7_zm_kin_decal_stain_drain_c
image,#i_t7_metal_rust_01_c
image,#i_t7_metal_rust_01_g
image,#i_t7_decal_signage_cai_graffiti_10_c
image,#i_t7_decal_signage_cai_graffiti_10_m
image,#i_p8_mp_bomb_crate_whole_destroyed_tech_n
image,#i_t7_concrete_bare_light_01_c
image,#i_mtl_t8_license_california_decal_digits_j_n
image,#i_mtl_t8_license_california_decal_digits_j_c
image,#i_t7_dlc1_metal_rebar_01_rusty_g
image,#i_t7_dlc1_metal_rebar_01_rusty_c
image,#i_t7_dlc1_metal_rebar_01_rusty_o
image,#i_t7_dlc1_metal_rebar_01_rusty_n
image,#i_mtl_p7_foliage_flower_bougainvillea_flowers_c
image,#i_mtl_p7_foliage_flower_bougainvillea_flowers_n
image,#i_mtl_p7_foliage_flower_bougainvillea_flowers_r
image,d#i_veh_t7_detail_noise_01
image,#hash_3562f98bea031707
image,#hash_3562fa8bea0318ba
image,#hash_356df09f02c0eabf
image,d#i_mtl_p7_slu_refrigerator_modern_decal_n
image,d#i_mtl_p7_slu_refrigerator_modern_decal_c
image,#i_t8_micro_rock_basalt_mossy_01_c
image,#i_t7_decal_signage_54i_graffiti_14_r
image,#i_t7_decal_signage_54i_graffiti_14_c
image,#hash_35cce109c8a29848
image,#i_decal_darkstain_02_c
image,#i_mtl_p7_jun_foliage_ivy_ground_01_proxy_depth
image,#i_mtl_p7_jun_corrugated_metal_base_03_n
image,#i_mtl_p7_jun_corrugated_metal_base_03_c
image,#i_mtl_p7_jun_corrugated_metal_base_03_g
image,#i_mtl_p7_slu_building_apartment_sml_02_m
image,#i_mtl_p7_slu_building_apartment_sml_02_n
image,#i_mtl_p7_jun_sheet_metal_2x8_m
image,#i_mtl_p7_jun_sheet_metal_2x8_n
image,#i_mtl_p7_jun_sheet_metal_2x8_o
image,d#i_mtl_p8_mp_flag_cloth_neutral_c
image,#hash_3628e3a51d1f1248
image,#hash_3628e6a51d1f1761
image,d#i_t8_decal_tech_shipping_container_bolt_04_g
image,d#i_t8_decal_tech_shipping_container_bolt_04_c
image,d#i_t8_decal_tech_shipping_container_bolt_04_n
image,d#fxt8_lf_artifact_15
image,#hash_364d84de590046f3
image,d#fxt8_fire_md_base_anim_alpha
image,#i_p7_food_fruit_banana_bunch_g
image,#i_t7_ra2_stone_wall_limestone_c
image,#i_t7_ra2_stone_wall_limestone_n
image,#i_mtl_p7_fir_foliage_tree_vista_04_proxy_distance
image,#i_t7_decal_damage_drywall_a_c
image,#i_t7_decal_damage_drywall_a_n
image,#i_t7_decal_damage_drywall_a_r
image,#hash_36c0c662e60e2530
image,#hash_36c0ca62e60e2bfc
image,#hash_36c0d362e60e3b47
image,#i_mtl_t8_decal_damage_dent_metal_thin_01_n
image,#hash_36c1e7b9ad8f1731
image,#hash_36c1f3b9ad8f2b95
image,d#i_t7_micro_plastic_rough_heavy_01_g
image,d#i_t7_micro_plastic_rough_heavy_01_n
image,d#i_veh_t8_scratches_01_n
image,d#hash_36da4b73df16cbaf
image,d#hash_36da4c73df16cd62
image,d#hash_36da5173df16d5e1
image,d#hash_36da5573df16dcad
image,#i_mtl_veh_mphd_van_radiator_n
image,#i_mtl_veh_mphd_van_radiator_o
image,#i_mtl_veh_mphd_van_radiator_m
image,#i_t7_glass_window_warehouse_m
image,#i_t7_glass_window_warehouse_n
image,#i_t7_glass_window_warehouse_c
image,#hash_36eba4a7b47d0353
image,#hash_36eba5a7b47d0506
image,#i_mtl_p7_slu_container_gas_n
image,#i_mtl_p7_ris_barrel_water_set_01_n
image,#i_mtl_p7_ris_barrel_water_set_01_m
image,#hash_36f8905184d80b45
image,#hash_36f8935184d8105e
image,#i_c_t7_battery_hair_eyebrowshell_n
image,#i_c_t7_battery_hair_eyebrowshell_c
image,d#fxt_spark_blink_anim
image,#i_t7_ban_decal_signage_graffiti_scribble_04_c
image,#i_mtl_p7_eth_bird_spikes_m
image,#plaster_whitewall01bump
image,#i_t7_concrete_floor_trim_01_c
image,#i_t7_concrete_floor_trim_01_n
image,d#i_mtl_p7_jun_door_hut_bamboo_rope_c
image,d#i_mtl_p7_jun_door_hut_bamboo_rope_n
image,d#i_mtl_p7_wall_mobile_dep_decal_details_01_c
image,d#i_mtl_p7_wall_mobile_dep_decal_details_01_n
image,#i_mtl_p7_wall_mobile_dep_decal_details_01_m
image,#i_t7_mud_footprints_n
image,#i_t7_mud_footprints_r
image,#ch_trim_wood01_nml
image,#i_mtl_p7_decal_ctl_grunge_stain_dark_01_c
image,#i_mtl_p7_decal_ctl_grunge_stain_dark_01_n
image,#hash_37869794a0a085a2
image,d#i_mtl_p7_chair_folding_wood_m
image,d#i_mtl_p7_chair_folding_wood_n
image,#hash_378bab355e2faf97
image,d#$occlusion_black
image,#hash_37958e2ca0ce1bf3
image,#i_c_bc_femalesoldier_grenade_s
image,#i_c_bc_femalesoldier_grenade_n
image,#i_c_bc_femalesoldier_grenade_g
image,#i_c_bc_femalesoldier_grenade_c
image,#i_mtl_p7_fir_foliage_tree_vista_04_proxy_specular
image,#hash_37bdaa8e01be3e3f
image,d#i_t8_decal_tech_detail_bolt_06_s
image,d#i_t8_decal_tech_detail_bolt_06_n
image,d#i_t8_decal_tech_detail_bolt_06_g
image,d#i_t8_decal_tech_detail_bolt_06_c
image,#i_mtl_veh_mphd_van_button07_c
image,#i_mtl_veh_mphd_van_button07_n
image,#i_mtl_p7_construction_hardhat_c
image,#i_mtl_p7_construction_hardhat_n
image,d#$gloss
image,#i_t7_fxanim_streamer_01_n
image,#i_t7_fxanim_streamer_01_c
image,#hash_37edb08d21f3ed7c
image,#hash_37edb28d21f3f0e2
image,#hash_37edb38d21f3f295
image,#i_t7_decal_grunge_wall_01_c
image,d#i_t7_decal_grunge_wall_01_r
image,#i_t7_ceramic_tile_diamond_tan_n
image,#i_mtl_p7_slu_window_bars_metal_02_metal_m
image,#i_mtl_p7_jun_foliage_bush_desert_a_proxy_depth
image,#i_t7_decal_signage_graffiti_3arc_c
image,d#i_c_bc_femalesoldier_legholster_c
image,d#i_c_bc_femalesoldier_legholster_n
image,#i_mtl_p7_bucket_shrapnel_bucket_c
image,#i_mtl_p7_bucket_shrapnel_bucket_g
image,#i_mtl_p7_bucket_shrapnel_bucket_n
image,#i_mtl_p7_bucket_shrapnel_bucket_s
image,#i_t7_dlc1_concrete_greek_moulding_trim_g
image,#i_t7_dlc1_concrete_greek_moulding_trim_n
image,#i_t7_dlc1_concrete_greek_moulding_trim_o
image,#i_mtl_veh_mphd_van_body_rear_dead_m
image,#i_mtl_p7_fxanim_gp_vine_strand_ivy_64_smod_proxy_depth
image,d#i_p8_mp_bomb_crate_palette_r
image,d#i_p8_mp_bomb_crate_palette_o
image,d#i_p8_mp_bomb_crate_palette_n
image,#i_t7_decal_damage_concrete_patch_02_n
image,#hash_38819df6ec7e2e93
image,#hash_38937f3df258c9b6
image,#hash_3893833df258d082
image,#hash_38938c3df258dfcd
image,#i_mtl_p7_slu_meter_electric_03_base_01_m
image,#i_mtl_p7_slu_meter_electric_03_base_01_n
image,#i_mtl_veh_mphd_van_stage_dead_m
image,#i_t7_rock_porous_rubble_pile_n
image,#i_t7_concrete_trim_gutter_01_n
image,#i_t7_concrete_trim_gutter_01_c
image,#i_c_t7_techno_body1_thrusters_s
image,#i_c_t7_techno_body1_thrusters_n
image,#i_c_t7_techno_body1_thrusters_o
image,#i_c_t7_techno_body1_thrusters_g
image,#i_c_t7_techno_body1_thrusters_c
image,#i_mtl_p7_zm_ctl_light_spot_hanging_set_decal_c
image,#i_mtl_p7_zm_ctl_light_spot_hanging_set_decal_n
image,d#fxt8_light_phosphorous
image,d#i_mtl_p7_slu_sofa_dmg_cloth_n
image,d#i_mtl_p7_slu_sofa_dmg_cloth_m
image,#i_mtl_p8_slu_crate_wood_main_twin_c
image,#i_mtl_p8_slu_crate_wood_main_twin_n
image,d#hash_391e3ec433749ed3
image,d#i_mtl_p7_slu_refrigerator_modern_top_n
image,d#i_mtl_p7_slu_refrigerator_modern_top_m
image,d#fxt_dust_spike_sm_anim
image,#i_t7_decal_damage_paint_peeling_thick_n
image,#i_mtl_p7_slu_door_frame_wood_m
image,#i_mtl_p7_slu_door_frame_wood_n
image,d#$black_thickness
image,#i_mtl_p7_fir_foliage_tree_vista_04_proxy_albedo
image,#mtl_i_p7_zm_sta_wall_light_n
image,#mtl_i_p7_zm_sta_wall_light_m
image,#hash_3938e1ae0f0836a3
image,#i_t7_drywall_decal_cream_damage_n
image,d#i_c_gen_detail_scratches_n
image,#hash_396553c09116f634
image,#hash_396556c09116fb4d
image,#i_t7_metal_panel_horizontal_painted_n
image,#i_t7_metal_panel_horizontal_painted_c
image,#i_mtl_p7_zm_nac_couch_victorian_beige_lint_n
image,#i_mtl_p7_zm_nac_couch_victorian_beige_lint_c
image,#i_c_t7_warrior_body1_arm_a1_o
image,#i_c_t7_warrior_body1_arm_a1_g
image,#hash_39a65eb0081eab56
image,d#i_t7_decal_grunge_burnt_stain_01_c
image,d#i_t7_decal_grunge_burnt_stain_01_g
image,d#i_t7_decal_grunge_burnt_stain_01_r
image,#i_c_t7_techno_body1_shinguards_ir
image,#i_t7_micro_stone_mixed_g
image,#i_t7_micro_stone_mixed_c
image,d#i_t7_micro_stone_mixed_n
image,#i_t5_foliage_palm_coco_card_c
image,#i_c_t7_techno_body1_shinguards_s
image,#i_c_t7_techno_body1_shinguards_c
image,#i_c_t7_techno_body1_shinguards_g
image,#i_c_t7_techno_body1_shinguards_n
image,#i_c_t7_techno_body1_shinguards_o
image,#i_mtl_p7_slu_window_bldg_electronic_m
image,#i_mtl_p7_slu_window_bldg_electronic_n
image,#hash_39d1a4b34fca8012
image,#hash_39d1a9b34fca8891
image,#i_mtl_p7_slu_building_apartment_balcony_06_m
image,#i_mtl_p7_slu_building_apartment_balcony_06_n
image,#i_mtl_veh_mphd_van_bumper_dead_m
image,#i_c_t7_battery_body1_uppergear_c
image,#i_c_t7_battery_body1_uppergear_g
image,#i_c_t7_battery_body1_uppergear_o
image,#i_c_t7_battery_body1_uppergear_n
image,#hash_39e6b17a9da226bb
image,d#i_t7_micro_plaster_cracked_light_01_c
image,#i_t7_zm_isl_concrete_rebar_02_n
image,#i_t7_zm_isl_concrete_rebar_02_c
image,#i_t7_zm_isl_concrete_rebar_02_r
image,#i_mtl_p7_slu_box_accessory_03_g
image,#i_mtl_p7_slu_box_accessory_03_c
image,#i_mtl_p7_slu_box_accessory_03_n
image,d#i_t7_micro_stone_travertine_c
image,d#i_t7_micro_stone_travertine_n
image,#i_mtl_p7_foliage_flower_bougainvillea_basewallvarient_proxy_normal
image,#i_t7_ban_metal_heavy_rust_blend_r
image,#i_c_t7_battery_head5_face_skin1_n
image,#i_mtl_p7_foliage_tree_ohia_set_n
image,#i_mtl_p7_sin_vista_foliage_trees_01_c
image,#i_mtl_p7_sin_vista_foliage_trees_01_n
image,d#i_mtl_p7_slu_refrigerator_modern_02_n
image,d#i_mtl_p7_slu_refrigerator_modern_02_m
image,d#fxt8_fire_sm_lick_short_anim_alpha
image,#i_t7_glass_dark_opaque_n
image,#i_t7_wood_plank_floor_02_g
image,#i_t7_wood_plank_floor_02_c
image,#i_t7_wood_plank_floor_02_n
image,d#i_t7_metal_bare_polished_g
image,#i_mtl_p7_slu_foliage_fern_sml_proxy_albedo
image,#i_mtl_p7_zm_asc_machinery_industrial_big_things_m
image,#i_mtl_p7_fir_foliage_tree_vista_06_proxy_normal
image,#i_mtl_p8_slu_pallet_wood_02_brown_m
image,#i_t7_concrete_base_warm_n
image,#i_t7_concrete_base_warm_c
image,#i_mtl_p7_slu_vent_panel_metal_m
image,#i_t7_decal_damage_burn_impact_04_n
image,d#i_t7_decal_damage_burn_impact_04_c
image,#i_mtl_p7_shr_pillar_wood_scratches_c
image,#i_mtl_p7_shr_pillar_wood_scratches_n
image,#i_t8_decal_grunge_rust_chunky_01_r
image,#hash_3b1531981dcf503f
image,#hash_3b1532981dcf51f2
image,d#i_t7_decal_tech_lines_a
image,d#i_t7_decal_tech_lines_c
image,d#i_t7_decal_tech_lines_n
image,#i_t7_decal_tech_lines_o
image,#i_t7_glass_dirty_streaks_02_512_n
image,#i_t7_glass_edge_damage_trim_n
image,#i_mtl_p7_slu_door_wood_teal_handles_m
image,#hash_3b697f84165f3f40
image,#hash_3b698284165f4459
image,#i_mtl_p7_rock_river_c
image,#i_mtl_p7_rock_river_n
image,#i_t7_zm_sha_stone_temple_c
image,#i_t7_zm_sha_stone_temple_n
image,d#i_t7_micro_wood_01_g
image,d#i_t7_micro_wood_01_c
image,d#i_t7_micro_wood_01_n
image,#i_mtl_p7_ban_foliage_tree_juniper_lrg_decals01_c
image,#i_mtl_p7_ban_foliage_tree_juniper_lrg_decals01_n
image,#hash_3b80ea0bf6cabd86
image,#hash_3b9022ffa31b43ca
image,d#i_mtl_t8_license_sing_zurich_decal_digits_4_c
image,#i_c_t7_techno_body1_thighguard_g
image,#i_c_t7_techno_body1_thighguard_c
image,#i_c_t7_techno_body1_thighguard_n
image,#hash_3ba732b7741387c7
image,#hash_3ba733b77413897a
image,#hash_3ba734b774138b2d
image,#i_mtl_p7_fir_foliage_tree_vista_02_proxy_albedo
image,#i_t7_concrete_floor_garage_n
image,#i_t7_concrete_floor_garage_c
image,d#i_t7_micro_glass_micro_c
image,#hash_3bebc1885e5240ec
image,#i_veh_t8_dead_dents_tile_06_n
image,d#fxt8_exp_alpha_anim_mask
image,d#i_c_t8_detail_metal_light_scratch_n
image,#hash_3c048b6f93dc7672
image,#hash_3c08b1f600248554
image,#i_mtl_p7_slu_sign_neon_open_metal_n
image,#i_mtl_p7_slu_sign_neon_open_metal_m
image,#i_t7_concrete_wall_weathered_01_n
image,d#i_t7_concrete_wall_weathered_01_c
image,#i_t7_concrete_wall_weathered_01_g
image,#hash_3c2d57a287723595
image,#hash_3c2d5aa287723aae
image,#i_t7_concrete_trim_inset_01_n
image,#i_t7_concrete_trim_inset_01_o
image,#i_t7_concrete_trim_inset_01_m
image,#i_t7_micro_wood_plank_02_n
image,d#i_t7_micro_wood_plank_02_c
image,#i_mtl_p7_slu_telephone_decal_c
image,#i_mtl_p7_slu_telephone_decal_m
image,#i_mtl_p7_slu_telephone_decal_n
image,#hash_3c6ac159967031b3
image,#i_t7_ven_damage_decal_posters_01_n
image,d#fxt8_spark_streak_long_alpha
image,#i_mtl_t8_license_california_decal_digits_k_c
image,#i_mtl_t8_license_california_decal_digits_k_n
image,d#hash_3c88db760bb9cc19
image,d#detail_noise_tight
image,#i_t8_asphalt_rough_01_n
image,#i_t8_asphalt_rough_01_c
image,d#i_t7_micro_metal_grunge_pockmarks_01_s
image,d#i_t7_micro_metal_grunge_pockmarks_01_n
image,d#i_t7_micro_metal_grunge_pockmarks_01_g
image,d#i_t7_micro_metal_grunge_pockmarks_01_c
image,#i_mtl_veh_t7_dmg_scrapes_chips_6_s
image,#i_mtl_veh_t7_dmg_scrapes_chips_6_g
image,#i_mtl_veh_t7_dmg_scrapes_chips_6_c
image,#hash_3cd0330ae90af0ab
image,d#fxt8_smk_md_thick_scatter_anim
image,#hash_3d07af63d49ac4f0
image,#i_c_hro_khalil_egypt_gear_7_n
image,#i_c_hro_khalil_egypt_gear_7_g
image,#i_t7_zm_moo_terrain_dirt_rocky_01_r
image,#i_t7_zm_moo_terrain_dirt_rocky_01_c
image,#i_t7_zm_moo_terrain_dirt_rocky_01_n
image,#i_mtl_p7_zm_asc_bracket_awning_m
image,#i_mtl_p7_zm_asc_bracket_awning_n
image,#i_t7_plaster_rough_worn_02_r
image,#i_mtl_p7_slu_box_electric_set_glass_01_c
image,#i_mtl_p7_slu_box_electric_set_glass_01_g
image,d#i_nodraw
image,#i_t8_decal_grunge_rust_11_c
image,#hash_3d90f23794bac860
image,#hash_3d90ff3794bade77
image,#i_t7_concrete_bare_dark_02_n
image,d#i_t7_decal_damage_burned_c
image,#i_t7_decal_damage_burned_n
image,#hash_3dc215641e034007
image,#hash_3dc216641e0341ba
image,#i_mtl_p7_slu_street_lamp_set_m
image,#i_mtl_p7_slu_street_lamp_set_n
image,#i_t8_metal_diamond_plate_worn_c
image,d#i_t7_metal_worn_gold_g
image,#i_t7_metal_worn_gold_s
image,d#black_color
image,d#i_veh_t8_decal_bolt_01_c
image,d#i_veh_t8_decal_bolt_01_n
image,d#i_veh_t8_decal_bolt_01_o
image,d#i_veh_t8_decal_bolt_01_r
image,d#fxt8_dust_mote
image,d#fxt_water_stream_anim
image,#i_t7_glass_plain_cracked_n
image,#i_mtl_p7_mp_flag_new_neutral_c
image,#i_mtl_p7_mp_flag_new_neutral_n
image,#i_mtl_veh_mphd_van_button06_n
image,#i_mtl_veh_mphd_van_button06_c
image,#ch_metal_rusty_01_nml
image,d#i_c_hro_soldier_cyberhand_world_s
image,d#i_c_hro_soldier_cyberhand_world_o
image,d#i_c_hro_soldier_cyberhand_world_c
image,d#i_t7_decal_grunge_rust_08_n
image,d#i_t7_decal_grunge_rust_08_c
image,#i_t7_ra2_stone_bare_n
image,#i_t7_ra2_stone_bare_c
image,#i_mtl_veh_mphd_van_brakelight_dead_m
image,#hash_3e86768b5eef6dd2
image,#hash_3e86778b5eef6f85
image,#hash_3e867b8b5eef7651
image,#hash_3e867f8b5eef7d1d
image,#i_mtl_p8_slu_ver_bed_vintage_mattress_bent_seam_c
image,#i_mtl_p8_slu_ver_bed_vintage_mattress_bent_seam_n
image,#hash_3eaa0ab351b04fe1
image,#i_c_t7_battery_hair_fibers1_c
image,#i_c_t7_battery_hair_fibers1_n
image,#i_mtl_veh_t7_dmg_scrapes_chips_9_s
image,#i_mtl_veh_t7_dmg_scrapes_chips_9_g
image,#i_mtl_veh_t7_dmg_scrapes_chips_9_c
image,#i_mtl_p8_wz_graveyard_fence_set_metal_tiling_n
image,#i_mtl_p8_wz_graveyard_fence_set_metal_tiling_m
image,#hash_3ee8ff2e83cc4cfb
image,#hash_3ee9002e83cc4eae
image,d#hash_3ee9f286e5fb766c
image,d#hash_3ee9f586e5fb7b85
image,#i_mtl_p7_ban_armory_building_crane_decal_02_c
image,#i_mtl_p7_slu_tarp_plastic_decal_n
image,#i_mtl_p7_slu_tarp_plastic_decal_c
image,d#i_mtl_p8_food_fruit_banana_bunch_c
image,#hash_3f1ab150f3f77aff
image,#hash_3f1ab250f3f77cb2
image,#hash_3f1ab850f3f786e4
image,#i_t7_plaster_trowelled_base_white_c
image,#i_t7_micro_metal_grunge_galvanized_03_n
image,#hash_3f28f99c45dd0d00
image,#hash_3f28fd9c45dd13cc
image,#hash_3f29069c45dd2317
image,#hash_3f29099c45dd2830
image,#i_c_t7_warrior_body1_armor_dark_ir
image,d#i_c_t7_detail_net_n
image,#i_t7_decal_grunge_water_stain_02_c
image,#i_c_t7_reaper_body2_detail_map_n
image,#hash_3f5e313ee10a58b3
image,d#i_t7_micro_concrete_c
image,d#i_t7_micro_concrete_g
image,d#i_t7_micro_concrete_n
image,#hash_3f6f8d8a3fa082f6
image,d#i_t7_wes_metal_base_g
image,#hash_3f9e97afeee73a0a
image,#i_mtl_p7_bottle_plastic_2litre_cola_c
image,d#$white_ao
image,#i_mtl_p7_construction_netting_n
image,#i_mtl_p7_slu_refrigerator_vintage_set_door_btm_01_n
image,#i_mtl_p7_slu_refrigerator_vintage_set_door_btm_01_m
image,d#i_t8_micro_dirt_01_n
image,#i_mtl_p7_sin_vista_foliage_cluster_a_proxy_specular
image,#i_t7_wes_wood_wall_siding_01_o
image,#i_t7_wes_wood_wall_siding_01_n
image,#i_t7_wes_wood_wall_siding_01_g
image,d#i_t7_micro_cloth_wool_01_n
image,#hash_40139d4cc0cfc9cf
image,#hash_40139e4cc0cfcb82
image,#hash_40139f4cc0cfcd35
image,d#$white_specular
image,#i_t8_asphalt_gravel_worn_01_n
image,d#fxt_dust_swirl_md_anim
image,#i_mtl_p7_fir_foliage_tree_vista_03_proxy_albedo
image,#i_mtl_p7_zur_metro_train_base_03_m
image,#i_t7_wes_wood_wall_siding_thick_01_g
image,#i_t7_wes_wood_wall_siding_thick_01_c
image,#i_t7_wes_wood_wall_siding_thick_01_o
image,#i_t7_wes_wood_wall_siding_thick_01_n
image,#hash_407824fea6259a00
image,#hash_407825fea6259bb3
image,#hash_407826fea6259d66
image,#hash_407830fea625ae64
image,#i_mtl_p7_slu_antenna_set_metal02_m
image,#i_mtl_p7_slu_antenna_set_metal02_n
image,#hash_407d2752828b02f8
image,#i_mtl_p7_slu_camera_security_set_metal_m
image,#i_mtl_p7_slu_camera_security_set_metal_n
image,d#hash_40a004c3af220cc2
image,d#i_c_t7_shared_gray_one_channel_2
image,#i_mtl_p7_slu_sign_hanging_hair_c
image,#i_mtl_p7_slu_chair_sofa_dmg_cloth01_m
image,#i_mtl_p7_slu_chair_sofa_dmg_cloth01_n
image,d#i_t8_silo_rubber_grip_n
image,d#i_veh_t8_triple_grunge_01_r
image,#i_t7_ram_stone_block_base_n
image,#i_t7_ram_stone_block_base_c
image,#i_mtl_p7_slu_meter_electric_01_base_n
image,#i_mtl_p7_slu_meter_electric_01_base_m
image,#i_p7_slu_foliage_fern_bamboo_dirt_n
image,#i_p7_slu_foliage_fern_bamboo_dirt_c
image,#i_p7_slu_foliage_fern_bamboo_dirt_r
image,#hash_4101531a3adc2477
image,#hash_4112fd8f2532ba8f
image,#hash_4112fe8f2532bc42
image,#i_t7_decal_trim_seam_clean_n
image,#i_t7_decal_trim_seam_clean_c
image,d#fxt8_fire_md_base_anim_hdr
image,#i_mtl_veh_mphd_car_compact_decal_gauge_04_n
image,#i_mtl_veh_mphd_car_compact_decal_gauge_04_c
image,#i_c_t7_warrior_smallpouch_c
image,#i_c_t7_warrior_smallpouch_n
image,#hash_4135b87aa163f4a0
image,d#i_t7_decal_blast_01_n
image,d#i_t7_decal_blast_01_c
image,d#i_t8_metal_panel_trim_01b_g
image,d#i_t8_metal_panel_trim_01b_n
image,d#i_t8_metal_panel_trim_01b_o
image,d#fxt_lf_source_07
image,d#fxt_lf_source_06
image,d#fxt_lf_source_05
image,#i_mtl_p8_wz_supply_stash_decal_health_patch_c
image,#i_t7_wes_metal_old_rusty_iron_r
image,#i_t7_wes_metal_old_rusty_iron_n
image,#i_mtl_p7_fir_foliage_tree_vista_02_proxy_distance
image,#i_mtl_p7_rebar_cap_01_n
image,#i_decal_signage_panama_beer_logo_faded_c
image,#i_t7_decal_grunge_stain_adobe_bottom_01_c
image,#i_t7_decal_grunge_stain_adobe_bottom_01_n
image,#i_mtl_p7_foliage_palm_lipstick_fronds_t
image,#i_mtl_p7_foliage_palm_lipstick_fronds_n
image,#i_mtl_p7_foliage_palm_lipstick_fronds_c
image,#i_c_t7_techno_body1_monitor_s
image,#i_c_t7_techno_body1_monitor_g
image,#i_c_t7_techno_body1_monitor_c
image,#i_c_t7_techno_body1_monitor_n
image,#i_c_t7_techno_body1_monitor_o
image,d#hash_418f5773e5bbcb13
image,d#hash_418f6273e5bbddc4
image,d#i_mtl_p7_chair_folding_wood_metal_rust_n
image,d#i_c_cyberhand_world_dni_e
image,d#i_t7_micro_plastic_scratched_01_n
image,#i_mtl_p7_duct_metal_rectangle_x_joint_n
image,#i_mtl_p7_duct_metal_rectangle_x_joint_o
image,#hash_41c9fea9b3d29289
image,#i_c_t7_battery_hair_eyelashes_c
image,#i_c_t7_battery_hair_eyelashes_n
image,#hash_41e383dfaf181958
image,#hash_41f71804e8e13983
image,#hash_41f71904e8e13b36
image,#i_t7_wood_particle_worn_c
image,#i_t7_wood_particle_worn_n
image,#i_t7_wes_wood_beech_rustic_white_c
image,#i_c_nrc_assault_3_pouch_4_c
image,d#i_mtl_p7_slu_trash_bag_standing_plastic01_n
image,d#i_mtl_p7_slu_trash_bag_standing_plastic01_m
image,#i_mtl_t7_decal_grunge_rust_04a_c
image,#i_mtl_p7_slu_garage_door_metal_04_n
image,#i_mtl_p7_slu_garage_door_metal_04_m
image,#i_mtl_p7_slu_dispenser_bathroom_decal_c
image,#i_mtl_p7_slu_dispenser_bathroom_decal_n
image,d#i_veh_t8_metal_worn_iron_dark_n
image,#hash_425a968c4f61766f
image,#hash_425a998c4f617b88
image,#i_mtl_p8_slu_bag_laundry_bundle_tear_c
image,#i_mtl_p7_fir_foliage_tree_vista_03_proxy_distance
image,d#i_t7_micro_metal_rust_02_n
image,d#i_t7_micro_metal_rust_02_c
image,d#i_t7_micro_metal_rust_02_g
image,#i_intro_wall_edgeworn01_decal_c
image,#i_intro_wall_edgeworn01_decal_n
image,#i_mtl_p7_slu_barrier_concrete_rusty_s
image,#i_mtl_p7_slu_barrier_concrete_rusty_g
image,#i_mtl_p7_slu_barrier_concrete_rusty_c
image,#i_mtl_p7_slu_barrier_concrete_rusty_n
image,#i_mtl_p7_slu_barrier_concrete_rusty_o
image,#hash_42c5f37d3da7b40c
image,#i_t7_wes_wood_beech_rustic_n
image,#i_t7_wes_wood_beech_rustic_c
image,#i_t7_wes_wood_beech_rustic_g
image,#i_mtl_p7_debris_trash_cup_red_02_n
image,#i_mtl_p7_debris_trash_cup_red_02_c
image,#i_t7_decal_grunge_brick_stain_02_r
image,#hash_42f463bc189a95f7
image,#i_mtl_p7_slu_door_white_decal_03_n
image,#i_mtl_p7_slu_door_white_decal_03_m
image,d#fxt_fog_slow_sm_anim
image,#i_mtl_t8_spa_statue_metal_01_micro_metal_bronze_n
image,#i_veh_t8_civ_car_badge_nimotsu_n
image,#i_veh_t8_civ_car_badge_nimotsu_c
image,#i_t7_glass_dirty_dome_01_g
image,#dirt_rocky05_c
image,#i_mtl_p7_slu_chair_restaurant_m
image,#i_mtl_p7_slu_chair_restaurant_n
image,#i_mtl_p7_foliage_flower_bougainvillea_basewallvarient_proxy_albedo
image,#i_c_t7_battery_body1_pants
image,#i_mtl_p7_slu_plate_dirty_n
image,#i_mtl_p7_slu_plate_dirty_m
image,#i_t7_glass_reinforced_01_c
image,#i_p7_foliage_distictis_ground_128x32_c
image,#i_mtl_p7_zm_der_window_warehouse_lattice_02_n
image,#hash_43e2fc9def89bbe8
image,#hash_43e2fd9def89bd9b
image,#hash_43e2ff9def89c101
image,#i_mtl_veh_t7_dmg_scrapes_chips_7_s
image,#hash_4416f6c698ce26eb
image,#hash_4416f7c698ce289e
image,#i_mtl_veh_t7_dmg_scrapes_chips_7_g
image,#i_mtl_veh_t7_dmg_scrapes_chips_7_c
image,#i_veh_t8_decal_hinge_01_n
image,#i_veh_t8_decal_hinge_01_o
image,#i_veh_t8_decal_hinge_01_c
image,d#i_t7_metal_bare_worn_01_s
image,#i_t7_metal_bare_worn_01_g
image,#hash_442679408117e845
image,#i_mtl_p7_zm_tra_bike_destroyed_part_n
image,#i_mtl_p7_zm_tra_bike_destroyed_part_m
image,#i_t8_rock_granite_rough_01_blend_r
image,#i_c_t7_techno_body1_straps_n
image,#i_c_t7_techno_body1_straps_c
image,#i_mtl_veh_mphd_van_roof_outside_dead_m
image,#i_mtl_p7_zm_tra_bike_destroyed_frame_m
image,#i_c_t7_warrior_body1_lights_n
image,#i_c_t7_warrior_body1_lights_e
image,#i_c_t7_warrior_body1_lights_c
image,#i_t7_decal_grunge_burnt_stain_02_r
image,d#i_t7_decal_grunge_burnt_stain_02_g
image,d#i_t7_decal_grunge_burnt_stain_02_c
image,d#fxt8_smk_md_thick_lobe_anim
image,#hash_447b908fc7c84efd
image,#i_mtl_p7_slu_foliage_dandelion_plants_c
image,#i_mtl_p7_slu_foliage_dandelion_plants_n
image,#i_mtl_p7_slu_foliage_dandelion_plants_t
image,#hash_449a998342c7b214
image,#hash_44a0338cb817acd3
image,#i_t7_ban_concrete_poured_bunker_dirty_01_c
image,#i_t7_zm_ver_wire_barbed_single_c
image,#i_mtl_p7_slu_box_accessory_02_n
image,#i_mtl_p7_slu_box_accessory_02_g
image,#i_mtl_p7_slu_box_accessory_02_c
image,#hash_44f5f8cbb6b0c7a6
image,#hash_44f605cbb6b0ddbd
image,#hash_44fc166c09794634
image,#hash_44fc186c0979499a
image,#hash_44fc196c09794b4d
image,#i_t7_brick_worn_red_heavy_grout_dirty_c
image,#i_t7_decal_grunge_pool_silt_01_r
image,#i_mtl_t8_license_panama_decal_c
image,#i_mtl_p7_slu_computer_monitor_n
image,d#i_veh_t8_decal_ac_vent03_s
image,d#i_veh_t8_decal_ac_vent03_n
image,d#i_veh_t8_decal_ac_vent03_o
image,d#i_veh_t8_decal_ac_vent03_g
image,d#i_veh_t8_decal_ac_vent03_c
image,#i_t8_concrete_floor_damaged_overlay_01_c
image,#i_mtl_p7_slu_bench_wood_ornate_n
image,#i_mtl_p7_slu_bench_wood_ornate_m
image,#i_mtl_p7_fir_foliage_tree_vista_01_group_proxy_albedo
image,#hash_456d3e91f37c2320
image,#hash_456d3f91f37c24d3
image,d#i_t8_decal_grunge_rust_01_blend_r
image,#i_t7_wood_plywood_dirty_c
image,#hash_4578d1ee0ee238dd
image,d#fxt_lf_grime_dusty_01
image,#i_t7_decal_fixture_drain_c
image,#i_t7_decal_fixture_drain_n
image,#i_t7_decal_fixture_drain_o
image,#i_t7_decal_grunge_painted_01_c
image,#i_mtl_veh_t7_dlc_banzai_hauler_pintmetal_m
image,#i_t7_metal_corrugated_rust_dmg_s
image,#i_t7_metal_corrugated_rust_dmg_c
image,#i_t7_metal_corrugated_rust_dmg_n
image,#i_t7_dlc1_dirt_fertile_c
image,#hash_45c20572b6b33b4c
image,#hash_45c20e72b6b34a97
image,#hash_45c20f72b6b34c4a
image,#i_mtl_p7_sgen_gen_lab_sink_decal_c
image,d#i_t8_micro_metal_painted_02_g
image,#hash_45c9062e9a04ab8d
image,d#i_t7_metal_trim_no_rivets_01_m
image,d#i_t7_metal_trim_no_rivets_01_n
image,#i_t7_decal_line_horizontal_black_thin_c
image,#i_t7_decal_line_horizontal_black_thin_n
image,#hash_45e678198cfabcdb
image,#i_t7_zm_isl_concrete_wall_panel_1x2_01_n
image,#i_t7_zm_isl_concrete_wall_panel_1x2_01_c
image,#i_veh_t8_decal_defroster_01_c
image,#i_mtl_veh_t7_dlc_glass_pattern_10_n
image,#i_veh_t7_vtol_nrc_general_m
image,#i_p8_mp_bomb_crate_whole_destroyed_trim_n
image,#i_p8_mp_bomb_crate_whole_destroyed_trim_r
image,#i_t7_concrete_floor_broken_01_n
image,#i_t7_concrete_floor_broken_01_c
image,#i_t7_concrete_floor_broken_01_r
image,#hash_463941434970c772
image,#hash_463946434970cff1
image,#i_mtl_p7_corrugated_sheet_metal_rust_dmg_01_proxy_depth
image,#i_c_gen_reveal_512_rec_horiz_r
image,#hash_467d4b757b8c42a8
image,#hash_467d4e757b8c47c1
image,d#i_t7_glass_dirty_grimes_01_c
image,d#fxt8_fog_slow_sm_anim
image,#hash_468b319c72ac8c1c
image,#hash_468b349c72ac9135
image,#i_mtl_p7_light_emergency_a_light_s
image,#i_mtl_p7_light_emergency_a_light_o
image,#i_mtl_p7_light_emergency_a_light_n
image,#i_mtl_p7_light_emergency_a_light_m
image,#i_mtl_p7_light_emergency_a_light_c
image,#i_mtl_p7_light_emergency_a_light_g
image,#i_mtl_p7_slu_airduct_metal_set_n
image,#i_mtl_p7_slu_airduct_metal_set_m
image,#hash_46aec08b63699e50
image,#hash_46aec18b6369a003
image,#hash_46aec88b6369abe8
image,#hash_46aecc8b6369b2b4
image,#i_mtl_p8_slu_crate_wood_main_mend_c
image,#i_mtl_p8_slu_crate_wood_main_mend_n
image,#i_mtl_p8_slu_crate_wood_main_mend_r
image,#hash_46ba5efaec8d69d5
image,#i_mtl_veh_t7_dlc_decal_logo_nhar_vehicle_c
image,#i_t7_concrete_pebbles_cracked_n
image,#i_t7_concrete_pebbles_cracked_c
image,#i_mtl_p7_foliage_tree_palm_coconut_trunktile02_n
image,#i_mtl_p7_foliage_tree_palm_coconut_trunktile02_c
image,d#i_c_gen_reveal_128_sq_r
image,#i_veh_t8_decal_grunge_oil_stain_01_c
image,#i_mtl_p7_fxanim_gp_vine_strand_ivy_64_long_smod_proxy_albedo
image,#i_mtl_p7_slu_foliage_fern_sml_proxy_normal
image,#hash_46f9e1447a0d29f8
image,#hash_46f9e3447a0d2d5e
image,#hash_46f9e4447a0d2f11
image,#i_p7_fxanim_fray_brown_01_c
image,#hash_4701ae10c10f4ed3
image,#hash_4701b910c10f6184
image,#i_t7_decal_grunge_asphalt_puddle_03_c
image,#i_t7_decal_grunge_asphalt_puddle_03_n
image,#i_mtl_p7_jun_crate_ammo_wood_decal_06_c
image,#i_mtl_p7_jun_crate_ammo_wood_decal_06_g
image,#i_t7_decal_grunge_ceiling_water_stain_c
image,#hash_472f156901eafcc0
image,#hash_472f176901eb0026
image,#hash_472f186901eb01d9
image,#i_mtl_t8_decal_grunge_rust_offset_01_blend_r
image,#i_mtl_p7_slu_chair_wood_folding_set_m
image,#i_mtl_p7_slu_chair_wood_folding_set_n
image,#hash_475ce1b2142581c2
image,#i_t7_ntx_plastic_scuffs_g
image,d#i_mtl_t8_metal_bare_dirty_01_s
image,#i_mtl_p7_slu_door_wood_frame_nails_c
image,#i_mtl_p7_slu_door_wood_frame_nails_n
image,d#i_t7_decal_blast_02_n
image,d#i_t7_decal_blast_02_c
image,d#i_p8_mp_bomb_crate_stencil_c
image,#i_mtl_p7_fir_foliage_tree_vista_07_proxy_normal
image,#i_t7_stone_wall_varied_blocks_n
image,#i_t7_stone_wall_varied_blocks_c
image,d#i_veh_t7_dlc_decal_damage_glass_broken_n
image,#hash_47d4efe963e62c57
image,#i_t7_metal_rust_03_n
image,#i_t7_metal_rust_03_g
image,#i_t7_metal_rust_03_c
image,d#detail_map_painted_metal_n
image,#i_t7_concrete_bare_weathered_01_n
image,d#tv_lookup
image,d#fxt8_light_incandescent_hot_mask
image,#i_mtl_p7_slu_cup_trash_set_c
image,#i_mtl_p7_slu_cup_trash_set_n
image,#i_t7mp_cry_decal_tech_details_01_a
image,#i_t7_zm_gen_decal_damage_paint_peeling_r
image,#hash_484a54ef5759f7b3
image,#i_t7_concrete_bare_dark_01_g
image,#i_t7_concrete_bare_dark_01_c
image,#i_t7_concrete_bare_dark_01_n
image,#i_t8_micro_rock_gravel_01_n
image,#i_t8_micro_rock_gravel_01_c
image,#i_mtl_p7_slu_ladder_metal_n
image,#i_mtl_p7_slu_ladder_metal_m
image,#hash_486c4404ebe9a287
image,#hash_486c4504ebe9a43a
image,#i_mtl_veh_mphd_car_compact_decal_gauge_05_c
image,#i_mtl_veh_mphd_car_compact_decal_gauge_05_n
image,#i_mtl_veh_mphd_car_compact_decal_gauge_05_r
image,#hash_4877216424a83f6b
image,#hash_4877226424a8411e
image,#i_t7_rock_sand_crumbled_medium_n
image,#rus_roof_brick_ceramic_c
image,#rus_roof_brick_ceramic_n
image,#hash_48989cd212d04043
image,#shadow
image,d#i_t7_micro_stone_mixed_02_c
image,#i_mtl_p7_slu_gate_fence_segment_02_proxy_depth
image,#hash_48d1fc23af1ae2d8
image,#hash_48d6c5928ace80aa
image,#hash_48d6c6928ace825d
image,d#i_t7_metal_paint_worn_g
image,#i_mtl_veh_mphd_van_button09_c
image,#i_mtl_veh_mphd_van_button09_n
image,#i_mtl_p8_ice_bay4_hydrolic_pump_01_rust_decal_02_n
image,#i_mtl_p8_ice_bay4_hydrolic_pump_01_rust_decal_02_c
image,d#i_c_cyberhand_viewmodel_dni_r
image,#hash_492b4f4ae5281964
image,#hash_492b524ae5281e7d
image,#i_mtl_p8_centrifuge_device_dmg_rust_decal_01_c
image,#i_mtl_p8_centrifuge_device_dmg_rust_decal_01_n
image,#i_mtl_p7_slu_sign_hanging_food_c
image,d#i_t7_decal_grunge_dirt_base_01_c
image,#i_mtl_p7_debris_trash_cup_red_01_n
image,#i_mtl_p7_debris_trash_cup_red_01_c
image,#i_mtl_p7_zm_asc_bracket_awning_screw_c
image,#i_mtl_p7_zm_asc_bracket_awning_screw_g
image,#i_mtl_p7_zm_asc_bracket_awning_screw_n
image,#hash_4959e6fc14de4a26
image,#hash_4968fbd164817de6
image,d#i_mtl_t7_concrete_wall_damage_01_c
image,#i_c_t7_warrior_body1_pants_c
image,#i_c_t7_warrior_body1_pants_g
image,#i_c_t7_warrior_body1_pants_o
image,#i_mtl_p8_coffee_table_rectangle_wood_decal_02_c
image,#i_mtl_p8_coffee_table_rectangle_wood_decal_02_n
image,#i_t7_ban_decal_signage_graffiti_nt_abandon_hope_2_v2_c
image,#i_mtl_p7_fir_foliage_tree_vista_02_proxy_specular
image,d#i_t8_micro_asphalt_new_n
image,#i_mtl_p7_clothes_hanging_01_n
image,#i_mtl_p7_clothes_hanging_01_c
image,#i_c_ega_soldier_3_grenade_s
image,#i_c_ega_soldier_3_grenade_g
image,#i_c_ega_soldier_3_grenade_c
image,#i_c_ega_soldier_3_grenade_n
image,#i_t7_micro_metal_cast_iron_n
image,d#i_t7_glass_grey_50_c
image,d#fxt8_fire_inferno_tall_anim_alpha
image,d#$black_specular
image,#hash_4a13ae8bd3241027
image,d#i_mtl_p7_toolbox_handheld_small_red_s
image,d#i_mtl_p7_toolbox_handheld_small_red_g
image,d#i_mtl_p7_toolbox_handheld_small_red_n
image,d#i_mtl_p7_toolbox_handheld_small_red_o
image,#i_t7_micro_wood_plywood_white_c
image,d#i_t7_rock_granite_smooth_dark_n
image,#i_t7_plastic_white_worn_01_c
image,d#i_t7_plastic_white_worn_01_n
image,#i_mtl_p7_slu_door_white_decal_02_n
image,#i_mtl_p7_slu_door_white_decal_02_m
image,#i_c_gen_african_insidemouth_teeth_c
image,#i_mtl_p8_slu_ver_bed_vintage_mattress_bent_line_c
image,#i_mtl_p8_slu_ver_bed_vintage_mattress_bent_line_n
image,#i_c_t7_techno_body1_baremetal_ir
image,#hash_4a88e13b60141fb0
image,#hash_4a88e23b60142163
image,#i_mtl_p7_ban_light_headlight_light_n
image,#i_t7_ceramic_tile_shower_white_n
image,#i_t7_ceramic_tile_shower_white_g
image,#i_t7_ceramic_tile_shower_white_c
image,d#i_t7_vista_decal_grunge_rust_01_c
image,d#$color_black_40
image,#i_t7_decal_signage_cai_graffiti_26_c
image,d#i_t8_micro_cloth_cotton_02_n
image,d#i_t8_micro_cloth_cotton_02_c
image,#i_mtl_p7_slu_airduct_metal_set_dirt_n
image,d#i_veh_t8_metal_paint_worn_white_c
image,d#i_mtl_p7_chair_folding_wood_metal_n
image,#i_c_t7_emissive_b_e
image,#i_mtl_p7_fir_foliage_tree_vista_02_proxy_normal
image,#hash_4b69591e3349647f
image,#i_mtl_veh_mphd_van_chassis_undercarriage_o
image,#i_mtl_veh_mphd_van_chassis_undercarriage_n
image,#i_mtl_veh_mphd_van_chassis_undercarriage_m
image,#i_mtl_p7_slu_door_white_metal_03_m
image,#i_mtl_p7_slu_door_white_metal_03_n
image,#hash_4b8ef0f078eddd8c
image,#i_mtl_p7_ceramic_tile_shower_loose_n
image,#i_mtl_p7_ceramic_tile_shower_loose_c
image,d#fxt8_spark_streak_long_hdr
image,d#i_wpn_t8_eqp_briefcase_bomb_top_o
image,d#i_wpn_t8_eqp_briefcase_bomb_top_n
image,d#i_wpn_t8_eqp_briefcase_bomb_top_c
image,d#i_wpn_t8_eqp_briefcase_bomb_top_g
image,d#i_wpn_t8_eqp_briefcase_bomb_top_s
image,#i_mtl_veh_mphd_van_seat_o
image,#i_mtl_veh_mphd_van_seat_n
image,#i_mtl_veh_mphd_van_seat_m
image,#i_t7_dirt_grassy_forest_ground_n
image,#i_t7_dirt_grassy_forest_ground_c
image,#i_c_t7_warrior_head1_haircards_n
image,#i_c_t7_warrior_head1_haircards_c
image,#i_mtl_p7_zm_der_window_warehouse_lattice_01_n
image,#i_t7_zm_gen_stone_wall_medieval_dirty_c
image,#i_t7_zm_gen_stone_wall_medieval_dirty_n
image,#hash_4c03bc1689d15beb
image,#hash_4c03bd1689d15d9e
image,#hash_4c03be1689d15f51
image,#i_t7_micro_wood_oak_unfinished_n
image,#i_t7_micro_wood_oak_unfinished_c
image,#i_t7_micro_wood_oak_unfinished_g
image,#i_mtl_t8_micro_metal_rust_01_c
image,d#i_mtl_t8_micro_metal_rust_01_n
image,d#i_mtl_p7_chair_folding_wood_wood_c
image,#i_mtl_p7_fxanim_gp_vine_strand_ivy_32_smod_proxy_depth
image,#i_mtl_p7_blast_wall_concrete_decal_03_c
image,#i_mtl_p7_planter_ceramic_02_c
image,#i_mtl_p7_planter_ceramic_02_n
image,d#fxt_debris_grass
image,d#i_mtl_p8_zm_zod_gooseneck_grime_r
image,#hash_4ca3d78fcc427a62
image,#hash_4cb63a3fe1c3d3a9
image,#hash_4cb63e3fe1c3da75
image,#hash_4cb6413fe1c3df8e
image,#i_t7_decal_damage_crack_line_02_n
image,#i_t7_decal_damage_crack_line_02_c
image,#i_t7_decal_damage_crack_line_02_r
image,d#i_t7_micro_plastic_rough_02_n
image,d#i_t7_micro_plastic_rough_02_g
image,d#i_t7_micro_plastic_rough_02_c
image,d#fxt_smk_puff_volume_varied
image,#afr_floor_burnt_02_dec_col
image,#i_mtl_p7_slu_garage_door_metal_03_m
image,#i_mtl_p7_slu_garage_door_metal_03_n
image,#i_t7_fxanim_cracked_shader_test_cracks_n
image,#i_t7_fxanim_cracked_shader_test_cracks_c
image,#i_c_t7_warrior_body1_arm_c1_c
image,#i_c_t7_warrior_body1_arm_c1_g
image,#i_c_t7_warrior_body1_arm_c1_n
image,#i_c_t7_warrior_body1_arm_c1_o
image,#i_c_t7_warrior_body1_arm_c1_s
image,d#i_t7_decal_grunge_calcium_drip_01_n
image,d#i_t7_micro_grunge_pool_silt_01_n
image,d#i_t7_micro_grunge_pool_silt_01_c
image,d#i_t7_micro_grunge_pool_silt_01_g
image,#hash_4d6ce661bf13d4de
image,#i_c_t7_techno_body1_arm_rt_ir
image,#hash_4d847b8e40b432e4
image,#hash_4d8a7ad66477c43b
image,d#i_t7_decal_grunge_brick_stain_03_r
image,#hash_4d9fff0984b74fac
image,d#fxt8_fire_sm_base_anim_alpha
image,d#i_veh_t8_detail_char_01_g
image,#i_mtl_p7_zm_ori_wood_fence_burnt_wood_01_n
image,#i_mtl_p7_zm_ori_wood_fence_burnt_wood_01_m
image,#hash_4dce6dd82eb6a34f
image,#hash_4dddb7e00e5c1dda
image,#fx_decal_burnt_paper_c
image,#i_mtl_veh_t7_dmg_scrapes_chips_4_o
image,#i_mtl_veh_t7_dmg_scrapes_chips_4_n
image,#i_mtl_veh_t7_dmg_scrapes_chips_4_c
image,#i_mtl_veh_t7_dmg_scrapes_chips_4_g
image,#i_t7_concrete_gunite_pool_01_n
image,#i_t7_concrete_gunite_pool_01_c
image,#i_mtl_p7_ris_barrel_water_set_01_dirty_n
image,#i_mtl_p7_ris_barrel_water_set_01_dirty_m
image,#hash_4e46f484217ea3cf
image,#i_mtl_p7_slu_booth_chair_worn_m
image,#i_c_t7_warrior_body1_dark_ir
image,#i_t7_metal_bare_tarnished_g
image,#hash_4e6de724c62486ad
image,d#i_t8_mud_footprints_01_c
image,#i_mtl_p7_fir_foliage_tree_vista_05_proxy_normal
image,d#i_t7_micro_metal_grunge_galvanized_01_n
image,d#i_t7_micro_metal_grunge_galvanized_01_c
image,d#i_t7_micro_metal_grunge_galvanized_01_g
image,#i_mtl_p7_foliage_flower_bougainvillea_basewallvarient_proxy_distance
image,#i_t7_plaster_wall_01_n
image,#i_t7_plaster_wall_01_c
image,#i_mtl_p7_slu_window_bars_metal_n
image,#i_mtl_p7_slu_window_bars_metal_m
image,#hash_4ea90b7cabddd763
image,#hash_4ea9167cabddea14
image,#hash_4eab5888cc418220
image,#hash_4eab5988cc4183d3
image,#hash_4eab5b88cc418739
image,#i_mtl_p8_slu_bag_laundry_bundle_wear_c
image,#i_mtl_p8_slu_bag_laundry_bundle_wear_m
image,#i_mtl_p7_fir_foliage_tree_vista_06_proxy_distance
image,#i_mtl_p7_zm_der_window_warehouse_frame_01_m
image,#i_mtl_p7_zm_der_window_warehouse_frame_01_n
image,#jun_art_metal_paintchip_gray_c
image,#i_rus_concrete_dirtyfloor_n
image,d#i_t8_rubber_mat_worn_02_n
image,#i_c_t7_warrior_body1_arm_a1_ir
image,#i_t7_ram_stone_block_base_light_c
image,#i_mtl_veh_mphd_van_wheel_rim_dead01_m
image,#i_mtl_veh_mphd_van_wheel_rim_dead01_n
image,d#i_t8_decal_trim_weld_01_normal_n
image,d#i_t8_decal_trim_weld_01_normal_m
image,#i_t8_decal_trim_weld_01_normal_c
image,#hash_4f94adc4a08fbc06
image,#hash_4f94c9c4a08feb9a
image,#i_mtl_p7_slu_grill_body_decal_g
image,#i_mtl_p7_slu_grill_body_decal_c
image,#i_mtl_p7_slu_grill_body_decal_n
image,#i_mtl_p7_slu_grill_body_decal_s
image,#i_mtl_p7_jun_foliage_palm_tropic_proxy_albedo
image,#i_mtl_p7_toolbox_handheld_small_blue_c
image,#i_c_t7_techno_body1_torso_armor_ir
image,#i_mtl_p7_slu_door_wood_frame_decal_c
image,#i_mtl_p7_slu_door_wood_frame_decal_n
image,#i_mtl_p7_slu_door_wood_frame_decal_m
image,#hash_4fcf9c5c751cc40c
image,#i_t7_dirt_fertile_r
image,#i_t7_dirt_fertile_g
image,#i_t7_dirt_fertile_n
image,#i_t7_decal_damage_dent_01_n
image,#i_c_hro_player_cyberarm_viewarm_ir
image,d#fxt8_spark_shower_core_sparse_hdr
image,#i_c_t7_warrior_head1_headgear_n
image,#i_c_t7_warrior_head1_headgear_c
image,#i_c_t7_warrior_head1_headgear_e
image,#i_c_t7_warrior_head1_headgear_g
image,#i_mtl_p7_slu_foliage_fern_sml_proxy_depth
image,#i_t7_wes_brick_wall_01_r
image,#i_t7_wes_brick_wall_01_n
image,#i_t7_wes_brick_wall_01_c
image,d#i_c_t7_battery_10_ir
image,#hash_505460ca8d3b5ff0
image,#hash_505464ca8d3b66bc
image,#hash_50546dca8d3b7607
image,d#$color
image,d#i_mtl_p7_slu_toilet_bathroom_n
image,d#i_mtl_p7_slu_toilet_bathroom_m
image,d#i_t8_micro_wood_ply_03_g
image,#i_p7_eth_foliage_grass_tall_n
image,#i_p7_eth_foliage_grass_tall_c
image,#i_t7_decal_grunge_droppings_bird_n
image,#i_t7_decal_grunge_droppings_bird_c
image,d#i_t7_micro_plastic_02_c
image,#i_mtl_p7_brick_broken_clean_03_n
image,#i_t7_metal_trim_no_rivets_02_n
image,#i_mtl_p7_sgen_gen_lab_autopsy_table_dirty_decal_c
image,#i_c_t7_mp_common_pouch2_g
image,#i_c_t7_mp_common_pouch2_n
image,#i_mtl_p7_slu_alarm_fire_n
image,d#i_t7_detail_concrete_01
image,d#i_t7_detail_concrete_02
image,#ch_trim_wood01_col
image,#hash_50b3a3a2a65278c7
image,#hash_50b3a4a2a6527a7a
image,#i_c_t7_warrior_body1_armor_light_o
image,#i_c_t7_warrior_body1_armor_light_n
image,#i_c_t7_warrior_body1_armor_light_c
image,#i_c_t7_warrior_body1_armor_light_g
image,d#core_cloth_dark_n
image,d#i_t7_decal_grunge_algae_wet_r
image,#i_t7_decal_grunge_algae_wet_c
image,d#i_t7_decal_grunge_algae_wet_n
image,d#$occlusion_50
image,#i_mtl_p7_slu_street_lamp_set_light_t
image,#i_mtl_p7_foliage_vines_distictis_flower_r
image,#i_mtl_p7_foliage_vines_distictis_flower_c
image,#i_mtl_p7_foliage_vines_distictis_flower_n
image,d#i_mtl_veh_t7_dlc_decal_grunge_rust_01_512_r
image,d#i_mtl_p7_zod_booth_couch_arm_rest_dirty_n
image,d#i_mtl_p7_zod_booth_couch_arm_rest_dirty_c
image,#i_t7_rubble_brick_shingles_c
image,#i_t7_rubble_brick_shingles_n
image,#i_t7_rubble_brick_shingles_r
image,d#i_t7_micro_stone_mixed_03_r
image,#hash_50e317434ca6efa8
image,#hash_50e31a434ca6f4c1
image,#i_mtl_p7_cemetary_gravestone_decal_c
image,#i_c_t7_warrior_body1_pouch1_c
image,#i_c_t7_techno_head1_visor_ir
image,#i_mtl_p7_slu_dispenser_bathroom_m
image,#i_mtl_p7_slu_dispenser_bathroom_n
image,#i_t7_glass_dirty_streaks_half_opaque_c
image,#i_mtl_veh_mphd_van_button08_n
image,#i_mtl_veh_mphd_van_button08_c
image,#hash_51625bebe8e5d6b4
image,#hash_51625eebe8e5dbcd
image,d#i_mtl_p7_microtile_plaster_n
image,d#i_mtl_p7_microtile_plaster_g
image,#i_t7_micro_stone_sandstone_02_n
image,#mtl_p7_slu_corkboard_papers_c
image,#mtl_p7_slu_corkboard_papers_n
image,#mtl_p7_slu_corkboard_papers_m
image,#hash_5180c882cbdc9da0
image,#hash_5180cc82cbdca46c
image,#hash_5180d182cbdcaceb
image,#i_t7_stone_travertine_c
image,#i_p7_trash_bag_n
image,#i_p7_trash_bag_c
image,d#i_t8_micro_concrete_sidewalk_01
image,#i_mtl_p7_debris_newspaper_01_n
image,#i_mtl_p7_debris_newspaper_01_c
image,#i_t5_foliage_aerial_view_leaves_c
image,d#i_veh_t8_plaster_paint_peel_n
image,#i_mtl_veh_mphd_van_oil_r
image,#i_mtl_veh_mphd_van_oil_n
image,#i_mtl_veh_mphd_van_oil_g
image,#i_t7_plaster_rows_smooth_01_dirty_c
image,#i_p8_water_cooler_digital_body_dirty_transparentmaterial_c
image,#i_p8_water_cooler_digital_body_dirty_transparentmaterial_n
image,#i_c_t7_techno_body1_neckwrap_ir
image,d#i_c_char_gear_dark_gray_ir
image,#i_mtl_p7_fir_foliage_tree_vista_07_proxy_depth
image,#hash_5214167627961a79
image,#hash_5214217627962d2a
image,#hash_521fab3e55b2c633
image,#hash_52223af8c2243c23
image,d#i_t7_glass_edge_trim_n
image,#i_t7_glass_edge_trim_c
image,#i_mtl_veh_mphd_car_compact_decal_gauge_02_n
image,#i_mtl_veh_mphd_car_compact_decal_gauge_02_c
image,#i_mtl_p7_slu_trash_bin_n
image,#i_mtl_p7_slu_trash_bin_m
image,d#i_t8_glass_smartglass_cubes_01_n
image,#i_c_bc_femalesoldier_straps2_ao
image,#i_mtl_p7_sin_light_lamppost_china_set_glass_t
image,#i_mtl_p7_sin_light_lamppost_china_set_glass_n
image,#i_mtl_p7_sin_light_lamppost_china_set_glass_c
image,#i_c_t7_techno_body1_coat_n
image,#i_c_t7_techno_body1_coat_c
image,#i_c_t7_techno_body1_coat_g
image,#i_t8_zm_fro_metal_dark_charred_n
image,#i_t8_zm_fro_metal_dark_charred_g
image,#i_t8_zm_fro_metal_dark_charred_c
image,d#i_veh_t8_glass_dirty_grimes_01_512_g
image,#hash_527e65bf0617baa0
image,#i_t7_stalingrad_glass_dirty_green_c_inside
image,#i_t7_glass_dark_translucent_c
image,d#i_veh_t7_metal_paint_scratched_02_g
image,#i_t7_street_concrete_curb_01a_yellow_solid_c
image,#i_t7_brick_regular_painted_red_01_n
image,#hash_52ac135b1b2505d0
image,#i_p8_mp_bomb_crate_whole_destroyed_palette_c
image,#i_p8_mp_bomb_crate_whole_destroyed_palette_n
image,#hash_52c41d660b9f8898
image,d#fxt8_spark_streak_abnorm_hdr
image,#i_mtl_p7_fir_foliage_tree_vista_05_proxy_albedo
image,d#i_c_gen_detail_jeans_n
image,#i_mtl_p7_slu_building_apartment_balcony_m
image,#i_mtl_p7_slu_building_apartment_balcony_n
image,#i_t7_micro_stone_mixed_moss_g
image,d#i_t7_micro_stone_mixed_moss_c
image,#i_t7_micro_stone_mixed_moss_n
image,d#i_t7_micro_stone_mixed_moss_r
image,d#i_mtl_veh_t8_metal_worn_painted_graphite_g
image,#i_mtl_p7_inf_rock_boulder_medium_01_n
image,d#i_mtl_p8_mphd_tool_chest_metal_m
image,d#i_mtl_p8_mphd_tool_chest_metal_n
image,#i_mtl_p7_foliage_banana_tree_01_vista_proxy_normal
image,#i_mtl_p7_slu_garage_door_metal_02_m
image,#i_mtl_p7_slu_garage_door_metal_02_n
image,#i_veh_t7_dlc_decal_dirt_02_c
image,#i_mtl_p7_slu_door_white_metal_02_m
image,#i_mtl_p7_slu_door_white_metal_02_n
image,#i_t7_plaster_ground_01_n
image,#i_mtl_veh_t7_dlc_decal_edge_wear_01_n
image,#i_mtl_p7_slu_debris_trash_pile_black_g
image,#i_mtl_p7_slu_debris_trash_pile_black_c
image,#i_mtl_p7_slu_debris_trash_pile_black_n
image,d#fxt_distort_ring_hvy
image,#i_mtl_veh_mphd_van_wheel_rim_dead_m
image,#i_mtl_p7_slu_telephone_n
image,#i_p8_mphd_towel_a_m
image,#i_p8_mphd_towel_a_n
image,#i_t7_metal_chainlink_yellow_c
image,#i_mtl_p7_bottle_glass_liquor_01_g
image,#i_mtl_p7_bottle_glass_liquor_01_c
image,#i_mtl_p7_bottle_glass_liquor_01_n
image,#i_mtl_p7_bottle_glass_liquor_01_o
image,#i_mtl_p7_bottle_glass_liquor_01_s
image,#i_t7_decal_grunge_concrete_drip_02_blend_m
image,#hash_540e89b25c081fac
image,#hash_540e8ab25c08215f
image,#i_mtl_p7_debris_trash_paper_07_n
image,#i_mtl_p7_debris_trash_paper_07_c
image,#i_t7_rock_gravel_compact_c
image,#i_t7_rock_gravel_compact_g
image,#i_mtl_t8_license_sing_zurich_decal_digits_9_c
image,#i_t8_dirt_gravel_01_n
image,d#core_metal_rusty_c
image,#hash_542c3f8a8751d410
image,#hash_542c4d8a8751ebda
image,d#i_mtl_p7_slu_refrigerator_modern_btm_01_n
image,d#i_mtl_p7_slu_refrigerator_modern_btm_01_m
image,#i_mtl_p7_inf_rock_boulder_large_01_n
image,#i_mtl_p7_corrugated_sheet_metal_rust_04_proxy_normal
image,#hash_545426a733a04b33
image,#hash_545431a733a05de4
image,#i_t7_decal_damage_burn_impact_03_c
image,#i_t7_min_decal_signage_surf_stickers_02_r
image,#i_t7_min_decal_signage_surf_stickers_02_c
image,d#i_veh_t7_decal_bolt_06_c
image,d#i_veh_t7_decal_bolt_06_n
image,#hash_5477de7aeb62a9b8
image,d#i_t7_micro_plaster_01_c
image,#i_c_t7_battery_head5_face_skin4_g
image,#i_t7_dlc1_decal_damage_sidewalk_seam_n
image,#i_t7_dlc1_decal_damage_sidewalk_seam_o
image,#i_t7_dlc1_decal_damage_sidewalk_seam_r
image,#i_mtl_p7_debris_concrete_rubble_lg_02_c
image,#i_mtl_p7_debris_concrete_rubble_lg_02_n
image,#hash_54bc1b8424870454
image,#i_t8_micro_snow_rough_01_c
image,#i_t7_decal_signage_cai_graffiti_25_c
image,d#i_t7_metal_grunge_med_01_s
image,d#i_t7_metal_grunge_med_01_c
image,d#i_t7_metal_grunge_med_01_g
image,#i_c_t7_warrior_body1_lights_ir
image,#img_trim_lut_mp_slums2
image,#i_c_t7_techno_body1_cyberhand_ir
image,#i_c_t7_battery_body1_lights_e
image,#i_c_t7_battery_body1_lights_c
image,#i_mtl_veh_t7_dmg_scrapes_chips_5_c
image,#i_mtl_veh_t7_dmg_scrapes_chips_5_g
image,#i_mtl_veh_t7_dmg_scrapes_chips_5_s
image,#hash_5542518139bad6ce
image,#hash_55554f3ce93dda15
image,#hash_5555956cc4707cc6
image,#hash_5555b62a30c4649e
image,#hash_5555b72a30c46651
image,#i_t7_decal_grunge_dirt_wall_01_offset_c
image,d#i_t7_micro_metal_grunge_lathed_01_g
image,#i_t7_micro_metal_grunge_lathed_01_c
image,d#i_t7_micro_metal_grunge_lathed_01_n
image,d#i_t7_micro_metal_grunge_lathed_01_m
image,d#i_t7_micro_metal_grunge_lathed_01_s
image,#i_c_t7_techno_body1_cyberhand_s
image,d#i_c_t7_techno_body1_cyberhand_n
image,d#i_c_t7_techno_body1_cyberhand_g
image,#i_c_t7_techno_body1_cyberhand_c
image,#hash_55810ab5759b6c53
image,#hash_55810bb5759b6e06
image,#hash_55810cb5759b6fb9
image,d#i_p7_sin_ship_container_mask_rust_c
image,#i_t7_concrete_wall_blocks_c
image,#i_t7_concrete_wall_blocks_n
image,#i_t7_micro_plaster_smooth_light_01_g
image,d#i_t7_micro_plaster_smooth_light_01_c
image,d#i_t7_micro_plaster_smooth_light_01_n
image,d#i_mtl_t7_decal_grunge_dirty_matte_tile_01_g
image,#i_mtl_p7_slu_light_hanging_n
image,#i_mtl_p7_slu_light_hanging_m
image,#i_mtl_p7_ra2_office_walkway_keystone_dmg_1_n
image,#hash_55fad62f9252dfff
image,#hash_55fad92f9252e518
image,#i_mtl_veh_t7_dlc_base_paint_07_c
image,d#$black_gloss
image,d#i_t8_micro_wood_01_c
image,d#i_t8_micro_wood_01_n
image,#i_mtl_p7_blast_wall_concrete_decal_02_c
image,#hash_5631712c0afcba30
image,#hash_5631742c0afcbf49
image,#hash_56340d236b081c52
image,#i_mtl_p7_slu_foliage_ivy_branches_c
image,#i_mtl_p7_slu_foliage_ivy_branches_n
image,#i_mtl_p7_slu_foliage_ivy_branches_t
image,#i_c_t7_techno_head1_visor_s
image,#i_c_t7_techno_head1_visor_o
image,#i_c_t7_techno_head1_visor_n
image,#i_c_t7_techno_head1_visor_g
image,#i_c_t7_techno_head1_visor_c
image,#hash_5657f821db222eb0
image,#hash_56580521db2244c7
image,#hash_5659159c56a37550
image,#hash_565c95015502c07d
image,d#i_mtl_p8_wz_supply_stash_ammo_s
image,d#i_mtl_p8_wz_supply_stash_ammo_o
image,d#i_mtl_p8_wz_supply_stash_ammo_n
image,d#i_mtl_p8_wz_supply_stash_ammo_g
image,d#i_mtl_p8_wz_supply_stash_ammo_c
image,#i_t7_sand_pebbles_fine_g
image,#i_t7_sand_pebbles_fine_c
image,#i_t7_sand_pebbles_fine_n
image,#i_t7_sand_pebbles_fine_r
image,#i_mtl_p7_zm_sha_glyph_stone_01_m
image,#i_mtl_p7_zm_sha_glyph_stone_01_n
image,#i_t7_ra2_plaster_painted_c
image,#i_t7_ra2_plaster_painted_n
image,#i_mtl_p7_fir_foliage_tree_vista_05_proxy_specular
image,#i_t7_dlc1_concrete_greek_moulding_trim_gray_c
image,#ch_concrete02_col
image,#i_mtl_p7_slu_ac_unit_russian_grid01_m
image,#i_mtl_p7_slu_ac_unit_russian_grid01_n
image,d#i_t7_micro_cloth_cotton_01_n
image,#i_t7_micro_cloth_cotton_01_c
image,d#i_t7_micro_cloth_cotton_01_g
image,#i_c_t7_techno_body1_arm_rt_c_ir
image,#i_t7_jun_rock_cobblestone_brick_n
image,#i_t7_jun_rock_cobblestone_brick_o
image,#i_t7_jun_rock_cobblestone_brick_g
image,#i_t7_jun_rock_cobblestone_brick_c
image,#i_t7_jun_rock_cobblestone_brick_r
image,#i_mtl_p7_fir_foliage_tree_vista_04_proxy_normal
image,#i_mtl_p7_slu_sign_hanging_coffee_c
image,#hash_56e4012d518defab
image,#i_mtl_p7_slu_booth_chair_n
image,#hash_57143b84ef53e377
image,#hash_57143c84ef53e52a
image,#hash_572138b8b9875a9d
image,#i_caulk_shadow_primary
image,#i_p7_foliage_vines_distictis_flower_blue_c
image,#i_mtl_p7_shelf_industrial_vintage_metal_s
image,#i_mtl_p7_shelf_industrial_vintage_metal_n
image,#i_mtl_p7_shelf_industrial_vintage_metal_c
image,#i_mtl_p7_shelf_industrial_vintage_metal_g
image,#i_c_t7_warrior_head1_haircards2_c
image,#i_c_t7_warrior_head1_haircards2_n
image,#hash_5758e28fd2e77813
image,d#fxt8_fire_sm_lick_tall_anim_hdr
image,#i_t7_shr_wood_wall_worn_c
image,#i_t7_shr_wood_wall_worn_n
image,d#dimitars_phong_test_n
image,#i_t7_plaster_rough_worn_01_c
image,#hash_57807998baeec6eb
image,#hash_57807a98baeec89e
image,#hash_57807b98baeeca51
image,#i_mtl_p7_foliage_tree_palm_decal_c
image,#i_mtl_p7_foliage_tree_palm_decal_n
image,#i_mtl_p7_fir_foliage_tree_vista_01_group_proxy_specular
image,#i_mtl_veh_mphd_van_frontlightglass_outer_g
image,#i_t8_concrete_floor_sealed_01_n
image,#i_t8_concrete_floor_sealed_01_g
image,#i_t8_concrete_floor_sealed_01_c
image,#i_t8_metal_painted_sheet_tan_no_ridges_g
image,#i_mtl_t8_license_cali_c
image,#i_mtl_t8_license_cali_n
image,#i_mtl_t8_license_cali_o
image,#hash_57f18f6fb69a589e
image,#hash_57fe4d6eac718e4b
image,#i_t7_decal_signage_cai_graffiti_06_c
image,d#fxt8_liquid_string_mask
image,#i_p7_electrical_box_set2_boxes_g
image,#i_mtl_p7_slu_meter_electric_02_base_01_m
image,#i_mtl_p7_slu_meter_electric_02_base_01_n
image,#hash_584e59164d7883ff
image,d#i_mtl_p7_jun_crate_ammo_wood_decal_04_c
image,#i_mtl_p8_slu_crate_wood_metal_02_n
image,#hash_5859204739d8f319
image,#i_mtl_p7_debris_trash_fabsoft_01_n
image,#i_mtl_p7_debris_trash_fabsoft_01_c
image,#hash_587b4ec91ee97d10
image,#hash_588d809a244c392f
image,#hash_588d819a244c3ae2
image,#hash_588d829a244c3c95
image,#hash_58959222dce76dcd
image,#hash_589822f828f85b68
image,#hash_589825f828f86081
image,d#$gray
image,#i_mtl_p7_brick_broken_clean_02_n
image,#i_t7_zm_isl_concrete_poured_01_n
image,#i_t7_zm_isl_concrete_poured_01_c
image,#i_t7_glass_reinforced_g
image,#i_mtl_p7_foliage_grass_02_proxy_albedo
image,d#i_mtl_p8_mp_flag_base_glass_emissive_01_c
image,#i_mtl_p7_zm_ori_wagon_vintage_decal_nail_n
image,#i_mtl_p7_zm_ori_wagon_vintage_decal_nail_c
image,d#i_t8_rubber_mat_worn_01_g
image,d#i_t8_rubber_mat_worn_01_n
image,#hash_5904534b3a5c590c
image,#hash_5904564b3a5c5e25
image,#hash_59045d4b3a5c6a0a
image,d#$black_multimask
image,#hash_590b20435120b1b3
image,#hash_590b21435120b366
image,#i_mtl_p7_slu_fuse_box_electric_set_text_c
image,#i_t7_decal_damage_bullet_holes_02_c
image,#i_t7_decal_damage_bullet_holes_02_n
image,#hash_5923e55b0832b184
image,#hash_5923e75b0832b4ea
image,#hash_5923e85b0832b69d
image,#fxt8_water_fall_beads_anim
image,#i_t8_rubber_floor_anti_slip_01_n
image,#i_mtl_p7_slu_foliage_dandelion_weed_proxy_normal
image,#hash_5958d09986143048
image,#i_t7_decal_signage_graffiti_10_c
image,#i_mtl_p7_fir_foliage_tree_vista_07_proxy_distance
image,#hash_596445ed59c5146f
image,#i_mtl_p7_cai_store_door_keyhole_c
image,#i_mtl_p7_cai_store_door_keyhole_n
image,#i_mtl_p7_zm_der_window_warehouse_frame_02_n
image,#i_mtl_p7_zm_der_window_warehouse_frame_02_m
image,#i_mtl_veh_mphd_car_compact_decal_gauge_03_r
image,#i_mtl_veh_mphd_car_compact_decal_gauge_03_c
image,#i_mtl_veh_mphd_car_compact_decal_gauge_03_n
image,#i_t7_techno_egypt_pouch_3_c
image,#i_mtl_p7_slu_antenna_set_metal01_n
image,#i_mtl_p7_slu_antenna_set_metal01_m
image,#i_mtl_veh_t7_dmg_scrapes_chips_8_g_s
image,d#i_t7_decal_line_horizontal_black_n
image,d#i_t7_decal_line_horizontal_black_c
image,#hash_5a132b2b1e48c838
image,d#i_t8_micro_concrete_aggregate_01_n
image,d#fxt8_light_phosphorous_mask
image,#i_c_t7_techno_head1_skin_ir
image,#i_mtl_p7_conduit_rust_parts_c
image,#i_mtl_p7_conduit_rust_parts_n
image,#i_t7_shr_wood_rough_n
image,#i_t7_shr_wood_rough_c
image,d#$black
image,d#hash_5a770fe48ca7536b
image,#i_mtl_p7_slu_gate_rod_iron_n
image,#i_mtl_p7_slu_gate_rod_iron_m
image,d#i_veh_t8_ban_metal_painted_rusty_c
image,d#i_veh_t8_ban_metal_painted_rusty_n
image,#i_t8_decal_grunge_color_stone_01_r
image,#i_c_zsf_supp_3_pouch1_n
image,#i_mtl_p7_slu_ac_unit_window_lable_c
image,#i_c_t7_warrior_body1_webbing_ir
image,#hash_5a93c92caf55ff5f
image,#i_mtl_p7_inf_church_steeple_n
image,#i_mtl_p7_inf_church_steeple_m
image,#i_t7_plastic_cable_safehouse_01_n
image,d#$camo_base_normal
image,#i_c_t7_battery_hair_fibers2_c
image,#i_c_t7_battery_hair_fibers2_n
image,#i_mtl_veh_mphd_van_chassis_pipe_dead_m
image,d#i_c_gen_detail_soft_fabric_n
image,#hash_5ac432671e9a3b8c
image,#hash_5ad0202852a45775
image,#i_t7_min_decal_signage_surf_stickers_01_c
image,#i_t7_min_decal_signage_surf_stickers_01_r
image,#i_t7_sand_riverbed_rocky_01_n
image,#i_mtl_p7_slu_foliage_flower_garden_red_proxy_albedo
image,#hash_5afd627f5936388f
image,#hash_5afd637f59363a42
image,#hash_5afd647f59363bf5
image,#i_mtl_p7_slu_chair_sofa_dmg_cloth02_n
image,#i_mtl_p7_slu_chair_sofa_dmg_cloth02_m
image,#i_t7_kfu_stone_trim_path_edge_o
image,#i_t7_kfu_stone_trim_path_edge_n
image,#i_t7_kfu_stone_trim_path_edge_c
image,#i_t7_kfu_stone_trim_path_edge_g
image,#i_t7_min_wood_base_n
image,#i_t7_min_wood_base_c
image,#i_c_t7_warrior_body1_straps_n
image,#i_c_t7_warrior_body1_straps_o
image,#i_c_t7_warrior_body1_straps_c
image,d#i_t7_micro_cloth_burlap_01_n
image,d#i_t7_micro_cloth_burlap_01_c
image,d#fxt8_smk_lg_vapor_anim_loop
image,#i_mtl_p7_fxanim_gp_vine_strand_ivy_32_smod_proxy_specular
image,d#hash_5b2c95c9e30efbc0
image,d#hash_5b2c97c9e30eff26
image,d#hash_5b2c9ac9e30f043f
image,d#hash_5b2c9bc9e30f05f2
image,#i_t7_ntx_stone_granite_floor_01_n
image,#i_t7_ntx_stone_granite_floor_01_c
image,d#i_t7_micro_plastic_01_c
image,d#i_t7_micro_plastic_01_g
image,d#i_t7_micro_plastic_01_n
image,#i_t7_zm_isl_grass_scrub_r
image,#i_t7_zm_isl_grass_scrub_o
image,#i_t7_zm_isl_grass_scrub_n
image,#i_t7_zm_isl_grass_scrub_g
image,#i_t7_zm_isl_grass_scrub_c
image,#hash_5b576fa99535c469
image,#i_mtl_p7_plastic_tarp_cover_n
image,#i_mtl_p7_plastic_tarp_cover_c
image,#hash_5b6229de4af2efb4
image,#i_mtl_p7_debris_trash_paper_06_c
image,#i_mtl_p7_debris_trash_paper_06_n
image,d#skin_pore_detail
image,#i_veh_mphd_van_body_interior_mat_dead_n
image,#i_veh_t7_dlc_decal_dirt_01_c
image,d#fxt_smk_puff_thin_varied
image,#i_mtl_p7_slu_building_apartment_awning_metal02_m
image,#i_mtl_p7_slu_building_apartment_awning_metal02_n
image,#hash_5bbf6205c55a6833
image,#i_t7_plastic_panels_exterior_g
image,#i_t7_zm_gen_ver_concrete_decorative_trim_01_m
image,#i_t7_zm_gen_ver_concrete_decorative_trim_01_n
image,#i_mtl_p7_slu_foliage_flower_garden_red_proxy_distance
image,#i_mtl_p7_ban_armory_building_crane_cab_metal_03_m
image,#hash_5c0152fbc078c5aa
image,#i_t7_wood_worn_painted_white_g
image,#i_t7_decal_signage_cai_graffiti_24_c
image,#hash_5c314d623de204fa
image,#i_c_54i_assault_pouch_ao
image,#i_mtl_p7_slu_ac_unit_window_metal_n
image,#i_mtl_p7_slu_ac_unit_window_metal_m
image,d#i_veh_t8_decal_greeble_08_c
image,#fxt_lf_artifact_04
image,#fxt_lf_artifact_08
image,d#fxt_lf_artifact_15
image,#fxt_lf_artifact_14
image,#fxt_lf_artifact_11
image,#i_mtl_p8_col_radar_dirty_med_grey_baseplastic_c
image,#i_mtl_p7_jun_foliage_palm_tropic_proxy_distance
image,#i_p7_slu_terracota_tile_damaged_01_rvl_r
image,#i_p7_slu_terracota_tile_damaged_01_rvl_c
image,#i_p7_slu_terracota_tile_damaged_01_rvl_n
image,d#i_mtl_p7_slu_stool_swivel_decal_c
image,d#i_mtl_p7_slu_stool_swivel_decal_n
image,#i_t7_metal_trim_weld_01_c
image,d#i_t7_metal_trim_weld_01_g
image,d#i_t7_metal_trim_weld_01_n
image,#i_mtl_p7_water_cooler_digital_bottle_n
image,#hash_5ca4206559d10911
image,#i_t7_metal_panel_trainstation_roof_trim_c
image,#i_t7_metal_panel_trainstation_roof_trim_n
image,#hash_5cb1895f5a7034fd
image,#i_mtl_p7_zm_asc_fire_bell_metal02_g
image,#i_mtl_p7_zm_asc_fire_bell_metal02_c
image,#i_mtl_p7_zm_asc_fire_bell_metal02_n
image,#hash_5cc2c5eada6e5714
image,#hash_5cc2c8eada6e5c2d
image,d#fxt8_spark_rndhit_alpha
image,d#i_t7_decal_grunge_scratches_scrapes_01_n
image,#i_t7_decal_grunge_scratches_scrapes_01_c
image,#i_t7_linoleum_rolled_01_n
image,#i_mtl_p7_corrugated_sheet_metal_rust_06_proxy_normal
image,#i_mtl_p7_fir_foliage_tree_vista_07_proxy_albedo
image,#hash_5d0b5d492730099e
image,#i_cru_jungle_dead_leaves_01_n
image,#i_cru_jungle_dead_leaves_01_c
image,#i_mtl_p7_foliage_hedge_set_01_n
image,#i_mtl_p7_foliage_hedge_set_01_t
image,#i_mtl_p7_slu_computer_monitor_metal_m
image,#i_t7_vista_plastic_tarp_blue_creased_n
image,#i_t7_vista_plastic_tarp_blue_creased_c
image,#i_t7_decal_grunge_water_puddle_04_r
image,#i_p7_foliage_vines_ground_cover_32_card_c
image,#i_mtl_p7_light_fluorescent_subway_bulb_s
image,#i_mtl_p7_light_fluorescent_subway_bulb_t
image,#i_mtl_p7_light_fluorescent_subway_bulb_n
image,#i_mtl_p7_light_fluorescent_subway_bulb_c
image,#i_t7_micro_metal_charred_01_s
image,#i_t7_metal_painted_white_01_c
image,#i_mtl_veh_t7_dmg_scrapes_chips_2_s
image,#i_mtl_veh_t7_dmg_scrapes_chips_2_o
image,#i_mtl_veh_t7_dmg_scrapes_chips_2_n
image,#i_mtl_veh_t7_dmg_scrapes_chips_2_c
image,#i_mtl_veh_t7_dmg_scrapes_chips_2_g
image,#hash_5d71c3c546b44431
image,#i_mtl_p7_curtain_hanging_yarn_worn_n
image,#i_mtl_p7_curtain_hanging_yarn_worn_c
image,#i_mtl_p8_slu_ver_bed_vintage_mattress_bent_water_r
image,#hash_5d7961b1641f20fe
image,#hash_5d796eb1641f3715
image,d#fxt8_water_splash_tall_center_anim
image,#i_mtl_p7_pallet_wood_splinters_n
image,#i_mtl_p7_pallet_wood_splinters_c
image,#i_c_t7_technomancer_body2_lights_screens_c
image,#i_c_t7_technomancer_body2_lights_screens_e
image,#i_p7_foliage_distictis_hanging_ledge_64_long_c
image,#i_veh_t7_dlc_decal_leak_14_c
image,#hash_5da238997dd0eb3c
image,#hash_5da23b997dd0f055
image,#hash_5da92919f02fd5f0
image,#hash_5da93719f02fedba
image,#i_t7_metal_chain_o
image,#i_t7_metal_chain_n
image,#i_t7_metal_chain_c
image,#i_c_hro_khalil_egypt_gear_3_s
image,#i_p7_vld_wood_rustic_white_c
image,#i_p7_vld_wood_rustic_white_n
image,#hash_5dce098fd5efd898
image,#i_mtl_p7_foliage_banana_tree_01_vista_proxy_distance
image,#i_mtl_p7_slu_ac_unit_window_decal02_c
image,#i_mtl_p7_slu_ac_unit_window_decal02_n
image,#i_t7_wood_clean_painted_red_r
image,#i_t7_wood_clean_painted_red_c
image,#i_t7_metal_gunmetal_02_c
image,#i_mtl_p7_slu_debris_trash_pile_cardboard_02_n
image,#i_mtl_p7_slu_debris_trash_pile_cardboard_02_c
image,#i_mtl_p7_slu_debris_trash_pile_cardboard_02_g
image,#i_mtl_p7_slu_garage_door_metal_01_n
image,#i_mtl_p7_slu_garage_door_metal_01_m
image,#i_t7_micro_stone_granite_c
image,#i_t7_micro_stone_granite_g
image,#i_t7_micro_stone_granite_n
image,#hash_5e52869648ac7033
image,#i_mtl_p7_slu_door_white_metal_01_n
image,#i_mtl_p7_slu_door_white_metal_01_m
image,d#i_t8_micro_cloth_denim_01_n
image,d#i_t8_micro_cloth_denim_01_c
image,#hash_5e903be1a773b4b7
image,#hash_5e903ce1a773b66a
image,#hash_5ec33158cc917336
image,d#i_t7_decal_grunge_brick_stain_01_c
image,d#i_t7_decal_grunge_brick_stain_01_g
image,#i_t7_decal_grunge_brick_stain_01_r
image,d#i_t7_decal_grunge_paint_discolored_01_c
image,#i_t7_concrete_wall_painted_peel_01_blend_c
image,#i_t7_concrete_wall_painted_peel_01_blend_m
image,#hash_5ecec498beaf555c
image,#hash_5ecec598beaf570f
image,#hash_5ecec698beaf58c2
image,#hash_5ecfde8849a76abb
image,d#i_t7_micro_metal_bare_worn_01_n
image,d#i_t7_micro_metal_bare_worn_01_g
image,#hash_5edc7712061edaad
image,d#i_veh_t8_noise_g
image,d#i_veh_t8_sand_med_n
image,#i_mtl_p7_slu_foliage_flower_garden_red_proxy_depth
image,#i_mtl_p7_fir_foliage_tree_vista_06_proxy_albedo
image,#hash_5f678a72f373e392
image,#hash_5f678b72f373e545
image,#i_mtl_p7_cinder_block_n
image,#i_mtl_p7_cinder_block_c
image,#i_t7_stone_wall_blocks_01_c
image,d#i_t8_micro_carpet_shag_01_c
image,#i_t8_micro_carpet_shag_01_g
image,d#i_t8_micro_carpet_shag_01_n
image,#i_t7_decal_damage_mold_01_r
image,#i_t7_brick_worn_rounded_n
image,#i_t7_brick_worn_rounded_c
image,#i_glass_window_door1_n
image,#i_glass_window_door1_c
image,#i_t7_out_brick_wall_01_n
image,#i_t7_out_brick_wall_01_c
image,#i_mtl_p7_ac_unit_extra_n
image,#i_mtl_p7_ac_unit_extra_g
image,#i_mtl_p7_ac_unit_extra_c
image,d#i_mtl_t8_metal_bare_steel_worn_01_g
image,#hash_5fb3c80551b3d537
image,d#i_t8_micro_plaster_01_n
image,#hash_5fffc4335afc098f
image,#hash_5fffc5335afc0b42
image,d#hash_600a19385c884981
image,#i_t7_decal_grunge_calcium_drip_01_blend_r
image,d#i_t7_decal_grunge_calcium_drip_01_blend_c
image,#i_t7_decal_grunge_calcium_drip_01_blend_n
image,#i_mtl_p7_slu_pole_utility_set_m
image,#i_mtl_p7_slu_pole_utility_set_n
image,#i_mtl_veh_mphd_van_element_external_dead_m
image,#i_mtl_p7_zm_sha_foliage_tree_jungle_bark_n
image,#i_mtl_p7_zm_sha_foliage_tree_jungle_bark_c
image,#i_mtl_veh_mphd_van_door_middle_external_dead_m
image,d#i_t7_micro_coir_01_n
image,#i_mtl_p7_slu_table_round_cloth_c
image,#i_mtl_p7_slu_table_round_cloth_n
image,#i_mtl_p7_slu_gate_fence_alpha_c
image,#i_mtl_p7_slu_gate_fence_alpha_n
image,#hash_60786ef2d00473a7
image,#i_mtl_p8_slu_crate_wood_leaks_c
image,d#i_t8_micro_concrete_formed_01_g
image,d#i_t8_micro_concrete_formed_01_n
image,#hash_609a9c8a0a0a64b3
image,#hash_609aa78a0a0a7764
image,#hash_60a8e370ed8f2aec
image,d#$white_thickness
image,#i_mtl_veh_mphd_car_compact_decal_led_c
image,#i_mtl_veh_mphd_car_compact_decal_led_o
image,#i_t7_glass_reinforced_01_opaque_c
image,#i_mtl_veh_mphd_car_compact_decal_sign_c
image,#i_mtl_veh_mphd_car_compact_decal_sign_g
image,#i_mtl_veh_mphd_car_compact_decal_sign_r
image,#hash_60d10c79e4b1ade3
image,#hash_60d11779e4b1c094
image,d#fxt8_exp_alpha_anim
image,d#i_mtl_p8_mphd_tool_chest_sml_tools_wheel_m
image,d#i_mtl_p8_mphd_tool_chest_sml_tools_wheel_n
image,#i_c_t7_warrior_body1_armor_2_c
image,#i_c_t7_warrior_body1_armor_2_g
image,#i_c_t7_warrior_body1_armor_2_o
image,#i_c_t7_warrior_body1_armor_2_n
image,#i_mtl_veh_mphd_van_door_rear_o
image,#i_mtl_veh_mphd_van_door_rear_n
image,#i_mtl_veh_mphd_van_door_rear_m
image,#i_mtl_p7_foliage_banana_tree_tile02_n
image,#i_mtl_p7_foliage_banana_tree_tile02_c
image,#i_mtl_p7_debris_trash_snack_bag_01_n
image,#i_mtl_p7_debris_trash_snack_bag_01_c
image,#hash_6135a739efb9e300
image,d#fxt8_fire_sm_lick_tall_anim_alpha
image,#i_t7_wes_wood_wall_siding_01_white_c
image,#i_t7_decal_signage_graffiti_11_c
image,d#i_t8_decal_tech_shipping_container_bolt_01_m
image,#i_mtl_p7_zm_der_window_warehouse_frame_03_n
image,#i_mtl_p7_zm_der_window_warehouse_frame_03_m
image,#hash_61c59e33b9311a27
image,d#i_mtl_veh_t7_dlc_weathered_paint_g
image,d#i_wpn_t8_eqp_briefcase_bomb_computer_decal_c2
image,#i_mtl_p7_zm_sha_wire_barbed_curvy_c
image,#i_mtl_p7_slu_airduct_metal_set_dmg_c
image,#i_mtl_p7_slu_airduct_metal_set_dmg_n
image,d#i_t7_micro_metal_painted_rough_01_n
image,d#i_t7_micro_metal_painted_rough_01_c
image,d#i_t7_micro_metal_painted_rough_01_g
image,d#i_t8_decal_grunge_rust_offset_01_blend_r
image,#i_mtl_p7_sin_sleeping_bag_zipper_teeth_o
image,#i_mtl_p7_sin_sleeping_bag_zipper_teeth_n
image,#i_mtl_p7_food_fruit_banana_bunch_n
image,#hash_62119dc0becdd3e5
image,d#i_t7_metal_worn_copper_base_n
image,d#i_t7_metal_worn_copper_base_g
image,d#i_t7_metal_bare_g
image,d#i_t7_metal_bare_n
image,#hash_62546cfb8d20c7b9
image,d#i_mtl_p7_food_fruit_pinapple_c
image,#i_mtl_p7_food_fruit_pinapple_n
image,d#i_t7_glass_dirty_grimes_02_g
image,d#i_t7_glass_dirty_grimes_02_c
image,#i_mtl_p7_rebar_01_n
image,#hash_6267b565bdf0d7b3
image,d#fxt8_liquid_streak_anim
image,d#i_t8_decal_tech_detail_screw_01_c
image,d#i_t8_decal_tech_detail_screw_01_n
image,d#i_t8_decal_tech_detail_screw_01_s
image,#hash_627dc44af34f9c33
image,#hash_627dc84af34fa2ff
image,#hash_627dcb4af34fa818
image,#hash_628ee2c6d22dc6b0
image,#hash_628eefc6d22ddcc7
image,#hash_62938542a93eb0c3
image,#hash_62938642a93eb276
image,#i_t7_wood_plywood_trim_dirty_c
image,#i_mtl_p7_fir_foliage_tree_vista_03_proxy_depth
image,#i_veh_t7_dlc_con_decal_grunge_ash_r
image,#i_mtl_p7_foliage_banana_tree_01_vista_proxy_albedo
image,#i_t7_wood_roof_tiles_01_n
image,#i_t7_wood_roof_tiles_01_c
image,#i_t7_ra2_stone_trim_blocks_c
image,#i_t7_ra2_stone_trim_blocks_o
image,#i_t7_ra2_stone_trim_blocks_n
image,#i_mtl_p7_inf_church_window_large_trim_m
image,#i_mtl_p7_inf_church_window_large_trim_n
image,#i_mtl_p7_light_emergency_a_c
image,#i_mtl_p7_light_emergency_a_g
image,#i_mtl_p7_light_emergency_a_n
image,#i_mtl_p7_light_emergency_a_o
image,#i_mtl_p7_light_emergency_a_s
image,#i_mtl_p7_bottle_plastic_16oz_water_dmg_c
image,#i_mtl_p7_slu_tire_dirty_rubber_n
image,#i_mtl_p7_slu_tire_dirty_rubber_m
image,#i_t7_brick_irregular_worn_01_n
image,#i_mtl_p7_brick_broken_clean_01_n
image,#i_mtl_p7_brick_broken_clean_01_m
image,#i_c_t7_techno_body1_pants_g
image,#i_c_t7_techno_body1_pants_c
image,#i_c_t7_techno_body1_pants_n
image,#i_c_t7_techno_body1_pants_o
image,#i_c_t7_techno_body1_pants_m
image,d#i_mtl_p7_jun_crate_ammo_wood_m
image,d#i_mtl_p7_jun_crate_ammo_wood_n
image,d#i_t8_micro_cloth_cotton_01_c
image,d#i_t8_micro_cloth_cotton_01_n
image,d#fxt8_lf_artifact_15a
image,#i_mtl_p7_debris_trash_paper_01_n
image,#i_mtl_p7_debris_trash_paper_01_c
image,#i_mtl_p7_food_fruit_watermelon_n
image,#i_mtl_p7_food_fruit_watermelon_g
image,#i_mtl_p7_food_fruit_watermelon_c
image,#i_c_t7_warrior_head1_ir
image,#i_mtl_p7_slu_column_hostel_set_rock_01_m
image,#i_mtl_p7_slu_column_hostel_set_rock_01_n
image,d#fxt8_water_splash
image,#i_ct7_blockout_battery_body1_holster_g
image,#i_ct7_blockout_battery_body1_holster_n
image,#i_t7_micro_wood_varied_damaged_teak_c
image,#hash_640ea8936d145c70
image,#i_mtl_p7_kfu_chinese_temple_door_wood_m
image,#i_veh_t8_mixmap_03_r
image,d#i_mtl_p7_mov_zm_isl_boat_main_09_c
image,#i_mtl_veh_mphd_van_element_external_n
image,#i_mtl_veh_mphd_van_element_external_o
image,#i_mtl_veh_mphd_van_element_external_m
image,#i_mtl_p7_wes_wash_laundry_decal_07_c
image,#i_mtl_p7_wes_wash_laundry_decal_07_n
image,#i_t8_metal_bare_tarnished_c
image,#i_mtl_p7_slu_can_gas_metal_n
image,#i_mtl_p7_slu_can_gas_metal_m
image,#hash_6494b51b460f4f5c
image,#hash_6494b81b460f5475
image,#i_mtl_p7_debris_trash_can_cola_01_s
image,#i_mtl_p7_debris_trash_can_cola_01_g
image,#i_mtl_p7_debris_trash_can_cola_01_o
image,#i_mtl_p7_debris_trash_can_cola_01_n
image,#i_mtl_p7_slu_barrel_water_n
image,#i_mtl_p7_slu_barrel_water_m
image,#i_t8_micro_rock_granite_02_r
image,d#i_t7_micro_metal_rust_c
image,d#i_t7_micro_metal_rust_n
image,#i_t7_zm_ctl_stone_wall_loose_r
image,#i_t7_zm_ctl_stone_wall_loose_o
image,#i_t7_zm_ctl_stone_wall_loose_n
image,#i_t7_zm_ctl_stone_wall_loose_c
image,#hash_64d027016e60fa74
image,#hash_64d02a016e60ff8d
image,#i_mtl_veh_t7_dmg_scrapes_chips_10_c
image,#i_mtl_veh_t7_dmg_scrapes_chips_10_g
image,#i_mtl_veh_t7_dmg_scrapes_chips_10_s
image,#hash_650263c6112231a9
image,#hydro_car_glass_c
image,#hash_6515954a02301dd8
image,#i_c_t7_warrior_body1_clasps_o
image,#i_c_t7_warrior_body1_clasps_n
image,#i_c_t7_warrior_body1_clasps_c
image,#i_c_t7_warrior_body1_clasps_g
image,#hash_65499501bf37d122
image,#hash_65499601bf37d2d5
image,#i_t7_wood_beam_worn_oak_splintered_02_m
image,#i_t7_wood_clean_painted_offwhite_n
image,#hash_6580098c134def46
image,#i_mtl_p7_slu_dispenser_bathroom_paper_c
image,#i_mtl_p7_slu_dispenser_bathroom_paper_n
image,#i_mtl_p8_wz_supply_stash_health_logo_n
image,#i_t7_cry_decal_grunge_burnt_metal_r
image,#i_t7_cry_decal_grunge_burnt_metal_c
image,#i_mtl_p7_foliage_grass_02_proxy_normal
image,#i_t7_glass_dirty_streaks_cracked_c
image,#i_t7_glass_dirty_streaks_cracked_g
image,d#fxt8_fire_md_lick_deplete_anim_alpha
image,#i_c_t7_warrior_body1_armor_light_ir
image,#hash_65d6a82e15865ba0
image,#hash_65d6a92e15865d53
image,#hash_65d6ab2e158660b9
image,#hash_65d8a590fc9533ac
image,#hash_65d8aa90fc953c2b
image,d#afr_floor_burnt_02_dec_nml
image,#i_mtl_p8_pallet_military_metal_decal_dirty_04_s
image,#i_mtl_p7_fir_foliage_tree_vista_03_proxy_specular
image,#i_p8_mphd_towel_a_g_2
image,#i_p8_mphd_towel_a_g_3
image,#i_t7_brick_worn_painted_white_c
image,#i_t7_zm_isl_dirt_fertile_footprints_n
image,#i_t7_zm_isl_dirt_fertile_footprints_r
image,#i_mtl_p7_slu_bucket_plastic_pallet_wood01_n
image,#i_mtl_p7_slu_bucket_plastic_pallet_wood01_m
image,d#i_t8_metal_bare_steel_worn_01_n
image,d#i_t8_metal_bare_steel_worn_01_g
image,#i_t8_metal_bare_steel_worn_01_c
image,#i_t8_metal_bare_steel_worn_01_s
image,#hash_662a688950c8b93b
image,#hash_662a698950c8baee
image,#i_t7_zm_ori_concrete_trim_damaged_n
image,#i_t7_zm_ori_concrete_trim_damaged_c
image,#i_mtl_p8_slu_pallet_wood_02_brown_01_m
image,#hash_66445312fa4c1a08
image,#i_c_t7_warrior_body1_plastic_g
image,#i_c_t7_warrior_body1_plastic_c
image,#i_c_t7_warrior_body1_plastic_o
image,#i_c_t7_warrior_body1_plastic_n
image,#hash_6652324c50c4d5e0
image,d#$spec_simple
image,d#i_t7_decal_damage_burn_impact_01_n
image,d#i_t7_decal_damage_burn_impact_01_c
image,#i_c_t7_warrior_head1_beardshell_c
image,#i_t7_zm_sta_metal_robot_panel_trim_05_c
image,#i_t7_zm_sta_metal_robot_panel_trim_05_g
image,#i_t7_zm_sta_metal_robot_panel_trim_05_o
image,#i_t7_zm_sta_metal_robot_panel_trim_05_n
image,#hash_668f00ebbae3b693
image,#hash_668f01ebbae3b846
image,#i_mtl_p7_zm_asc_fire_bell_metal01_n
image,#i_mtl_p7_zm_asc_fire_bell_metal01_m
image,#i_t7_decal_crack04_c
image,#i_t7_decal_crack04_n
image,#i_mtl_p7_debris_trash_food_box_01_c
image,#i_mtl_p7_debris_trash_food_box_01_n
image,#i_p8_slu_wire_hanging_decal_c
image,#i_t8_concrete_damaged_norebar_02_r
image,#i_c_t7_techno_pouch_duo_c
image,#i_mtl_p7_books_office_n
image,#i_mtl_p7_books_office_c
image,#i_mtl_p7_books_office_s
image,#i_mtl_p7_signage_caution_biohazard_02_c
image,#i_mtl_p7_debris_trash_drink_carrier_01_n
image,#i_mtl_p7_debris_trash_drink_carrier_01_c
image,#i_mtl_p7_barrier_block_concrete_long_decal01_c
image,#hash_6721000d876f7a99
image,#hash_6721040d876f8165
image,#hash_67210b0d876f8d4a
image,#i_mtl_p7_slu_vent_exhaust_m
image,#i_mtl_p7_slu_vent_exhaust_n
image,d#i_t7_vista_decal_grunge_calcium_drip_01_c
image,#i_skybox_mp_slums2
image,d#i_t7_decal_grunge_calcium_drip_02_c
image,#hash_675e32a0144026eb
image,#i_c_t7_techno_head1_hood_ir
image,#i_mtl_p7_foliage_flower_bougainvillea_basewallvarient_proxy_specular
image,#hash_67781ad07add228c
image,#hash_67781bd07add243f
image,#hash_67781cd07add25f2
image,d#i_t8_dirt_soil_dry_01_c
image,#i_t7_decal_grunge_rust_02_r
image,d#i_t7_decal_grunge_rust_02_g
image,#i_mtl_p7_foliage_palm_lipstick_trunk_n
image,#i_mtl_p7_foliage_palm_lipstick_trunk_c
image,d#i_t7_metal_paint_scratched_01_r
image,#i_mtl_p7_slu_ac_unit_window_decal03_n
image,#i_mtl_p7_slu_ac_unit_window_decal03_c
image,d#fxt8_spark_shower_core_alpha
image,#i_mtl_p7_corrugated_sheet_metal_rust_04_proxy_albedo
image,#hash_67db0191463e0b00
image,#hash_67db0e91463e2117
image,#hash_67e66ef0a0f8efdb
image,d#i_mtl_p7_blast_wall_concrete_n
image,#i_mtl_p7_blast_wall_concrete_c
image,#i_mtl_veh_t7_dmg_scrapes_chips_3_s
image,#i_mtl_veh_t7_dmg_scrapes_chips_3_c
image,#i_mtl_veh_t7_dmg_scrapes_chips_3_g
image,#i_mtl_p7_corrugated_sheet_metal_rust_04_proxy_specular
image,d#i_t7_zm_ori_mud_chunky_noise_n
image,#i_t7_dlc1_concrete_greek_mid_trim_o
image,#i_t7_dlc1_concrete_greek_mid_trim_n
image,#i_t7_dlc1_concrete_greek_mid_trim_c
image,#i_t7_dlc1_concrete_greek_mid_trim_g
image,#i_compass_map_mp_slums2
image,#i_mtl_p7_zm_foliage_palm_fan_leaf_02_c
image,d#i_c_t7_techno_body1_baremetal_g
image,#i_c_t7_techno_body1_baremetal_c
image,#i_c_t7_techno_body1_baremetal_o
image,#i_c_t7_techno_body1_baremetal_n
image,#i_c_t7_techno_body1_baremetal_s
image,#i_t7_decal_signage_54i_graffiti_01_c
image,#hash_6865c97a3c46aeab
image,#i_t7_glass_window_generic_backlit_c
image,#i_t7_glass_window_generic_backlit_g
image,#i_veh_t7_detail_concrete_01
image,d#i_c_gen_insidemouth_teeth_c
image,d#i_c_gen_insidemouth_teeth_g
image,d#i_c_gen_insidemouth_teeth_o
image,d#i_c_gen_insidemouth_teeth_n
image,#i_mtl_p7_foliage_flower_bougainvillea_bushyvarient_proxy_distance
image,#hash_68a9ec98c49ae094
image,#hash_68a9ed98c49ae247
image,#hash_68a9ef98c49ae5ad
image,#i_t7_metal_gunmetal_01_c
image,d#i_t7_metal_gunmetal_01_s
image,#i_mtl_p7_dock_wood_rustic_set_03_n
image,#i_mtl_p7_dock_wood_rustic_set_03_m
image,d#i_t7_decal_grunge_rust_orange_drips
image,d#fxt_lf_artifact_15a
image,d#i_veh_t8_decal_panel_20_n
image,d#i_veh_t8_decal_panel_20_o
image,d#i_veh_t8_decal_panel_20_c
image,d#i_veh_t8_decal_panel_20_r
image,#i_mtl_p7_bucket_shrapnel_chunks_n
image,#i_mtl_p7_bucket_shrapnel_chunks_c
image,#i_mtl_p7_bucket_shrapnel_chunks_g
image,#i_mtl_p7_bucket_shrapnel_chunks_s
image,#hash_68edae0c2bae5ef5
image,d#i_t8_metal_paint_thick_01_c
image,d#i_t8_metal_paint_thick_01_g
image,#i_t5_foliage_aerial_view_leaves2_c
image,#hash_690cf13d2c3e28b3
image,#hash_690cfc3d2c3e3b64
image,#i_t7_decal_grunge_wall_stain01_metal_c
image,#i_mtl_p7_slu_cooler_refrigerator_pipeline_c
image,#i_mtl_p7_slu_cooler_refrigerator_pipeline_n
image,#i_mtl_p7_fir_foliage_tree_vista_08_proxy_normal
image,#hash_692fe2d955d94436
image,#i_mtl_p7_corrugated_sheet_metal_rust_dmg_01_proxy_albedo
image,#i_mtl_p7_slu_refrigerator_vintage_set_door_top_m
image,#i_mtl_p7_slu_refrigerator_vintage_set_door_top_n
image,#i_mtl_p7_debris_trash_snack_bag_02_c
image,#i_mtl_p7_debris_trash_snack_bag_02_n
image,#i_t7_stone_sandstone_block_med_01_c
image,#i_t7_stone_sandstone_block_med_01_n
image,#hash_694fa6984d652af2
image,#i_c_t7_warrior_body1_egypt_gear_8_c
image,#i_mtl_p7_plane_airliner_wreckage_set_metal_m
image,#i_mtl_p7_cai_lantern_moroccan_support_s
image,#i_mtl_p7_cai_lantern_moroccan_support_o
image,#i_mtl_p7_cai_lantern_moroccan_support_n
image,#i_mtl_p7_cai_lantern_moroccan_support_c
image,#i_mtl_p7_cai_lantern_moroccan_support_g
image,#i_mtl_p7_jun_foliage_tree_bunch_vista_group_proxy_albedo
image,#com_glass_opaque_dirty_01_col
image,#i_mtl_p7_slu_window_metal_set_01_n
image,#i_mtl_p7_slu_window_metal_set_01_m
image,#i_mtl_p7_debris_clothing_pants_02_n
image,#i_mtl_p7_debris_clothing_pants_02_c
image,#i_mtl_p7_corrugated_sheet_metal_rust_03_proxy_albedo
image,d#i_t8_decal_tech_detail_screw_02_s
image,d#i_t8_decal_tech_detail_screw_02_c
image,#i_mtl_veh_mphd_van_body_interior_front_m
image,#i_mtl_veh_mphd_van_body_interior_front_o
image,#i_mtl_veh_mphd_van_body_interior_front_n
image,#i_t7_micro_stone_sandstone_01_g
image,d#i_t7_micro_stone_sandstone_01_c
image,d#i_t7_micro_stone_sandstone_01_n
image,d#i_veh_t8_decal_greeble_11_n
image,d#i_veh_t8_decal_greeble_11_o
image,d#i_veh_t8_decal_greeble_11_r
image,#i_mtl_p7_cinder_block_detail_n
image,#i_mtl_p7_zm_tra_crate_metal_strap_n
image,#i_t7_decal_damage_mold_02_r
image,#i_t7_decal_damage_mold_02_c
image,#i_c_t7_warrior_body1_boot_soles_g
image,#i_c_t7_warrior_body1_boot_soles_c
image,#i_c_t7_warrior_body1_boot_soles_n
image,#i_c_t7_warrior_body1_boot_soles_o
image,#i_c_t7_techno_body1_leg_armor_s
image,#i_c_t7_techno_body1_leg_armor_n
image,#i_c_t7_techno_body1_leg_armor_o
image,#i_c_t7_techno_body1_leg_armor_g
image,#i_c_t7_techno_body1_leg_armor_c
image,#i_c_t7_techno_body1_chest_device_g
image,#i_c_t7_techno_body1_chest_device_c
image,#i_c_t7_techno_body1_chest_device_n
image,#i_c_t7_techno_body1_chest_device_o
image,#i_c_t7_techno_body1_chest_device_s
image,#i_mtl_p7_conduit_metal_pipes_c
image,#i_mtl_p7_conduit_metal_pipes_g
image,#i_mtl_p7_conduit_metal_pipes_n
image,#hash_6a5f6d2903117a54
image,#i_mtl_p7_slu_foliage_dandelion_weed_proxy_specular
image,#hash_6a84f62a492780aa
image,#hash_6a84f72a4927825d
image,d#i_veh_t8_detail_treadplate_01_n
image,#hash_6aab4ca5ca36ba9c
image,#i_mtl_p7_foliage_grass_02_proxy_distance
image,#hash_6ac2e9cb0e91f80f
image,#i_p7_slu_iron_railing_fence_front_c
image,#i_p7_slu_iron_railing_fence_front_g
image,#i_p7_slu_iron_railing_fence_front_n
image,#i_p7_slu_iron_railing_fence_front_o
image,d#i_p8_mp_bomb_crate_green_o
image,d#i_p8_mp_bomb_crate_green_n
image,d#i_p8_mp_bomb_crate_green_c
image,d#i_p8_mp_bomb_crate_green_g
image,#i_t7_detail_leather_01_n
image,#hash_6ae9eaac1a8b05b6
image,#i_mtl_p7_foliage_tree_palm_coconut_trunk_m
image,#i_mtl_p7_foliage_tree_palm_coconut_trunk_n
image,#hash_6b03402ced55803b
image,d#fxt_decal_foam_n
image,#i_p7_debris_trash_paperbag_01
image,#i_mtl_p7_sgen_gen_lab_autopsy_table_05_g
image,#hash_6b0f93435b88221c
image,#hash_6b0f96435b882735
image,#i_t7_zm_isl_dirt_fertile_g
image,#i_t7_zm_isl_dirt_fertile_c
image,d#i_t7_micro_concrete_formed_01_n
image,d#i_t7_micro_concrete_formed_01_g
image,d#i_t7_micro_concrete_formed_01_c
image,d#i_t7_decal_coffee_stain_01_c
image,#i_t7_zm_sta_stone_cobblestone_01_c
image,d#fxt8_fire_sm_base_anim_hdr
image,#skybox_default_black
image,#i_t7_plastic_clear_warped_sandy_n
image,#i_t7_plastic_clear_warped_sandy_c
image,d#i_t7_detail_wood_01
image,#hash_6b83f4316f4998b4
image,#hash_6b83f7316f499dcd
image,d#i_mtl_p7_spl_weapon_toy_hat_felt_n
image,#i_mtl_p7_slu_table_bench_metal_m
image,#i_mtl_p7_slu_table_bench_metal_n
image,#i_mtl_t7_plastic_tarp_reinforced_grunge_grey_n
image,#i_mtl_t7_plastic_tarp_reinforced_grunge_grey_c
image,#i_mtl_t7_plastic_tarp_reinforced_grunge_grey_a
image,d#fxt8_fire_sm_lick_short_anim_hdr
image,#i_mtl_p7_debris_newspaper_02_n
image,#i_mtl_p7_debris_newspaper_02_c
image,#i_mtl_p7_cai_street_vendor_02_dirty_c
image,#hash_6be3de1b49d15707
image,#hash_6be3df1b49d158ba
image,#i_mtl_veh_t8_civ_truck_pickup_light_glass_detail_n
image,#i_t7_ram_stone_trim_01_c
image,#i_t7_ram_stone_trim_01_g
image,#i_t7_ram_stone_trim_01_o
image,#i_t7_ram_stone_trim_01_n
image,#i_mtl_p7_jun_foliage_tree_bunch_vista_group_proxy_specular
image,d#fxt_dust_wind_md_anim
image,#i_t7_spl_wood_plank_wide_01_c
image,d#i_veh_t8_paint_burnt_03_g
image,d#i_veh_t8_paint_burnt_03_c
image,#i_mtl_p7_foliage_vines_leaves_t
image,#i_mtl_p7_foliage_vines_leaves_c
image,#i_mtl_p7_foliage_vines_leaves_n
image,d#i_t7_linoleum_rolled_03_c
image,#i_t7_glass_window_vista_01_c
image,#i_t7_glass_window_vista_01_n
image,#i_c_t7_techno_head1_faceplate_s
image,#i_c_t7_techno_head1_faceplate_o
image,#i_c_t7_techno_head1_faceplate_n
image,#i_c_t7_techno_head1_faceplate_g
image,#i_c_t7_techno_head1_faceplate_c
image,#hash_6c70737e1f9decd6
image,#hash_6c70777e1f9df3a2
image,#hash_6c707f7e1f9e013a
image,#hash_6c70807e1f9e02ed
image,d#fxt8_debris_ember
image,#i_mtl_p7_bottle_glass_liquor_04_n
image,#i_mtl_p7_bottle_glass_liquor_04_c
image,#i_mtl_p7_bottle_glass_liquor_04_g
image,#i_mtl_veh_mphd_car_compact_decal_gauge_01_r
image,#i_mtl_veh_mphd_car_compact_decal_gauge_01_n
image,#i_mtl_p7_slu_building_apartment_balcony_08_n
image,#i_mtl_p7_slu_building_apartment_balcony_08_m
image,#i_c_t7_techno_body1_backpack_c
image,#i_c_t7_techno_body1_backpack_g
image,#i_c_t7_techno_body1_backpack_m
image,#i_c_t7_techno_body1_backpack_n
image,#i_c_t7_techno_body1_backpack_o
image,#decal_grunge_painted02_c
image,d#i_t7_decal_damage_glass_bullet_hit_03_c
image,d#i_t7_decal_damage_glass_bullet_hit_03_n
image,d#i_p8_mp_bomb_crate_labels_c
image,d#$gray_one_channel
image,#hash_6cd2a16ba222965b
image,#hash_6cd2a56ba2229d27
image,#hash_6cd400548670fac3
image,#i_mtl_p7_cloth_drape_06_c
image,#i_mtl_p7_cloth_drape_06_n
image,#i_t7_concrete_wall_poured_thick_01_n
image,#i_t7_concrete_wall_poured_thick_01_c
image,d#fxt8_spark_omni_hdr
image,#i_mtl_p7_slu_meter_electric_01_base_part_m
image,#i_mtl_p7_slu_meter_electric_01_base_part_n
image,#i_t7_wood_trim_16x128_01_n
image,#hash_6d1b8dc1fd553d84
image,#i_mtl_p7_jun_sheet_metal_4x8_n
image,#i_mtl_p7_jun_sheet_metal_4x8_o
image,#i_mtl_p7_jun_sheet_metal_4x8_m
image,#i_mtl_p7_bottle_plastic_detergent_2_c
image,#i_mtl_p7_bottle_plastic_detergent_2_n
image,#i_t8_metal_paint_scratched_01_rust_r
image,#i_t8_metal_paint_scratched_01_rust_n
image,d#i_veh_t7_dlc_detail_char_01_r
image,d#i_t7_glass_dirty_streaks_03_c
image,#i_c_t7_warrior_body1_arm_c1_ir
image,#i_c_bc_femalesoldier_legholster_albedo_c
image,#i_mtl_p8_slu_pallet_wood_02_brown_02_m
image,#i_mtl_p7_jun_foliage_ivy_ground_01_proxy_normal
image,d#fxt8_spark_round_alpha
image,d#core_metal_dark_g
image,#hash_6dcd8cd52e9f1ff7
image,#hash_6dde84146f4236de
image,#i_mtl_p7_light_fluorescent_subway_glass_t
image,#i_mtl_p7_light_fluorescent_subway_glass_n
image,#i_mtl_p7_light_fluorescent_subway_glass_c
image,#i_mtl_p7_slu_dish_satellite_set_01_m
image,#i_t7_cai_stone_block_wall_01_n
image,#i_t7_cai_stone_block_wall_01_c
image,#hash_6e12fbc094e73c0a
image,#i_t7_micro_wood_rough_c
image,#i_mtl_p7_slu_sign_neon_open_green_e
image,#i_t7_metal_panel_rust_trim_n
image,#i_t7_metal_panel_rust_trim_c
image,#i_veh_t7_dlc_decal_stain_06_c
image,d#i_veh_t8_plastic_fiberglass_bench_c
image,d#i_t7_detail_towels_01
image,d#i_t7_rope_nylon_02_n
image,d#i_t7_rope_nylon_02_c
image,#i_mtl_p7_inf_rock_boulder_large_02_n
image,#i_t7_ban_decal_signage_graffiti_nt_abandon_hope_2_m
image,#i_p7_foliage_vines_ledge_128_c
image,#i_mtl_veh_mphd_van_seat_dead_m
image,d#i_c_t8_mp_spe_buffer_body1_syringe_pouch_o
image,d#i_c_t8_mp_spe_buffer_body1_syringe_pouch_g
image,d#i_c_t8_detail_plastic_grainy_chaser_3_n
image,#i_mtl_p7_slu_column_hostel_set_rock_02_n
image,#i_mtl_p7_slu_column_hostel_set_rock_02_m
image,d#fxt_decal_foam
image,d#fxt8_fire_md_lick_dissipate_anim_hdr
image,#i_mtl_p7_fxanim_gp_vine_strand_ivy_64_long_smod_proxy_depth
image,#i_mtl_p7_sin_vista_foliage_cluster_a_proxy_distance
image,#i_t7_decal_signage_54i_graffiti_02_c
image,d#i_t7_cloth_leather_black_n
image,#i_c_t7_techno_head6_face_skin1_g
image,d#i_c_gen_detail_plastic_circle_mesh_n
image,#hash_6f04df35ebfec340
image,#hash_6f04e235ebfec859
image,#hash_6f0cc35ddd337b95
image,#hash_6f0cc65ddd3380ae
image,#i_mtl_p7_zm_ver_sink_vanity_set_decal_01_c
image,#hash_6f38cad678799522
image,#hash_6f38cbd6787996d5
image,#hash_6f38cfd678799da1
image,#hash_6f38d3d67879a46d
image,#i_c_t7_techno_body1_coat_ir
image,#hash_6f400d2f11cdd7f0
image,#hash_6f400e2f11cdd9a3
image,#hash_6f40102f11cddd09
image,#i_mtl_veh_mphd_van_body_interior_front_dead_m
image,#i_c_t7_battery_head1_dogtags_n
image,#i_c_t7_battery_head1_dogtags_g
image,#i_mtl_p7_3arc_park_leaves_s
image,#i_t7_asphalt_damaged_dark_n
image,#i_t7_asphalt_damaged_dark_r
image,#i_mtl_p7_fir_foliage_tree_vista_08_proxy_specular
image,d#i_mtl_p7_slu_chair_lawn_plastic_01_n
image,d#fxt_distort_heat
image,#hash_6f9afc9ccdd224a1
image,#i_t7_ban_rock_cave_wall_n
image,#i_t7_ban_rock_cave_wall_r
image,#i_t7_concrete_poured_bunker_dirty_01_n
image,#i_t7_concrete_poured_bunker_dirty_01_c
image,#i_mtl_p7_slu_door_wood_teal_window_c
image,#i_mtl_p7_slu_door_wood_teal_window_g
image,#i_mtl_p7_slu_door_wood_teal_window_n
image,#hash_6fa56d9988363f4b
image,#hash_6fa56e99883640fe
image,#hash_6fc634878328f6b2
image,#hash_6fc635878328f865
image,#hash_6fc638878328fd7e
image,#fxt_fol_leaves_vine
image,#i_mtl_veh_mphd_van_wheel_rim_n
image,#i_mtl_veh_mphd_van_wheel_rim_o
image,#i_mtl_veh_mphd_van_wheel_rim_m
image,#i_mtl_p7_debris_coal_loose_n
image,#i_mtl_p7_slu_camera_security_set_decal_c
image,#i_mtl_p7_slu_camera_security_set_decal_n
image,#i_t7_ceramic_roof_tiles_01_n
image,#i_t7_ceramic_roof_tiles_01_c
image,#i_t7_drywall_decal_cream_damage_drk_c
image,#i_t7_decal_damage_glass_shatter_01_n
image,#hash_6ff8f498c85cb02c
image,#hash_6ff8f698c85cb392
image,#hash_6ff8f798c85cb545
image,#i_t7_concrete_rough_layered_01_n
image,#i_t7_concrete_rough_layered_01_c
image,#i_mtl_p7_wes_basin_metal_set_decal_rust
image,#i_p8_slu_gravestone_01_m
image,#i_p8_slu_gravestone_01_n
image,#i_p8_slu_gravestone_01_o
image,d#i_t7_decal_metal_nails_c
image,d#i_t7_decal_metal_nails_n
image,#i_veh_t8_decal_ac_vent04_o
image,#i_veh_t8_decal_ac_vent04_n
image,#i_veh_t8_decal_ac_vent04_g
image,#i_veh_t8_decal_ac_vent04_c
image,#i_veh_t8_decal_ac_vent04_s
image,#i_mtl_p7_slu_crate_plastic_red_decal_n
image,#i_mtl_p7_slu_crate_plastic_red_decal_c
image,#i_mtl_p7_slu_clothes_pile_muddy_c
image,#i_mtl_p7_slu_clothes_pile_muddy_n
image,d#fxt8_water_splash_tall_center_anim_mask
image,#hash_709101e1ec1e6dbb
image,#hash_7093bbdb712fa3bc
image,#hash_7093bcdb712fa56f
image,#hash_7093bfdb712faa88
image,#hash_7093c3db712fb154
image,#i_mtl_p7_debris_trash_snack_bag_03_n
image,#i_mtl_p7_debris_trash_snack_bag_03_c
image,#i_t7_slu_stone_trim_bevel_04_o
image,#i_t7_slu_stone_trim_bevel_04_n
image,#i_t7_slu_stone_trim_bevel_04_c
image,#i_mtl_p7_ra2_foliage_rose_leaf_t
image,#i_mtl_p7_ra2_foliage_rose_leaf_n
image,#i_mtl_p7_ra2_foliage_rose_leaf_g
image,#i_mtl_p7_ra2_foliage_rose_leaf_c
image,d#i_t8_micro_paint_02_n
image,d#i_t8_micro_paint_02_g
image,d#i_t8_micro_paint_02_c
image,d#i_t7_micro_cloth_cotton_02_n
image,d#i_t7_micro_cloth_cotton_02_c
image,#i_mtl_p7_sin_light_lamppost_china_set_c
image,#i_mtl_p7_sin_light_lamppost_china_set_n
image,#hash_70e7a763b2b981f4
image,#i_t7_decal_signage_graffiti_01_c
image,#hash_70f74488aa6e2fac
image,#hash_70f74788aa6e34c5
image,d#detail_noise
image,#hash_710ece367c6df01e
image,#hash_710ecf367c6df1d1
image,#hash_7114dc26e57530ae
image,d#i_t8_decal_grunge_fingerprint_smudge_01_r
image,#i_t7_street_concrete_curb_01a_c
image,#i_t7_street_concrete_curb_01a_n
image,#hash_71312e5af289d55e
image,#i_mtl_p7_slu_door_wood_teal_wood01_n
image,#i_mtl_p7_slu_door_wood_teal_wood01_c
image,#hash_71442cebc188ec57
image,#hash_71442debc188ee0a
image,#i_mtl_p7_cemetary_gravestone_a_m
image,#i_mtl_p7_cemetary_gravestone_a_n
image,d#i_t7_veh_decal_panelcut_01_c
image,d#i_t7_veh_decal_panelcut_01_n
image,#i_t7_plaster_peeling_01_c
image,#i_t7_plaster_peeling_01_n
image,d#i_t7_micro_metal_bare_scuffed_01_n
image,d#i_t7_micro_metal_bare_scuffed_01_g
image,d#i_t7_micro_metal_bare_scuffed_01_c
image,#hash_718188f07d6bd65c
image,#hash_718189f07d6bd80f
image,#hash_71818bf07d6bdb75
image,#i_mtl_p7_slu_foliage_ivy_bark_c
image,#i_mtl_p7_slu_foliage_ivy_bark_n
image,#i_mtl_p7_slu_barrel_metal_02_dmg_n
image,#i_mtl_p7_slu_barrel_metal_02_dmg_m
image,d#i_t7_micro_metal_rust_heavy_01_g
image,d#i_t7_micro_metal_rust_heavy_01_c
image,#i_t7_micro_metal_rust_heavy_01_n
image,d#fxt_smk_billow_whisp_anim
image,#i_t7_ra2_stone_marble_01_n
image,#i_t7_ra2_stone_marble_01_c
image,d#fxt8_fog_slow_lg_anim
image,#i_t8_wood_worn_varnished_g
image,d#i_t8_wood_worn_varnished_c
image,d#i_t8_wood_worn_varnished_n
image,#i_mtl_p7_foliage_tree_acacia_xlrg_01_bark_tilable_n
image,#i_mtl_p7_foliage_tree_acacia_xlrg_01_bark_tilable_c
image,#i_mtl_veh_t7_dlc_decal_bolt_01_r
image,#i_mtl_veh_t7_dlc_decal_bolt_01_c
image,#i_mtl_veh_t7_dlc_decal_bolt_01_o
image,#i_mtl_veh_t7_dlc_decal_bolt_01_n
image,d#$blacktransparent_color
image,#i_t8_zm_esc_dirt_rocky_04_r
image,#i_mtl_p7_slu_light_switch_plastic_m
image,#i_mtl_p7_slu_light_switch_plastic_n
image,#i_c_t7_techno_body1_thighguard_ir
image,d#fxt8_water_ripple_anim
image,#hash_7201ee1753da58b1
image,#hash_7205748fe75ec5e2
image,#hash_7207c29ac6017a04
image,#i_c_t7_techno_body1_thrusters_ir
image,#i_c_t7_techno_body1_neckwrap_c
image,#i_c_t7_techno_body1_neckwrap_o
image,#i_c_t7_techno_body1_neckwrap_n
image,#i_mtl_p8_wz_supply_stash_decal_clip_c
image,#i_mtl_p8_wz_supply_stash_decal_clip_n
image,#i_t7_ceramic_tile_shower_white_cracks_n
image,#i_t7_ceramic_tile_shower_white_cracks_r
image,#i_t7_slu_decal_damage_asphalt_pothole_01_r
image,#i_t7_slu_decal_damage_asphalt_pothole_01_c
image,#i_t7_slu_decal_damage_asphalt_pothole_01_g
image,#i_t7_slu_decal_damage_asphalt_pothole_01_n
image,#i_t7_slu_decal_damage_asphalt_pothole_01_o
image,#i_mtl_p7_slu_street_curb_set_n
image,#i_mtl_p7_slu_street_curb_set_c
image,#i_mtl_veh_t8_decal_rally_logo_hammer_c
image,d#i_veh_t8_detail_leather_01
image,#i_mtl_p7_zm_asc_pipes_gas_set_n
image,#i_mtl_p7_zm_asc_pipes_gas_set_m
image,#i_mtl_p8_slu_fountain_rock_r
image,#i_mtl_p8_slu_fountain_rock_c
image,d#i_t8_metal_bare_steel_worn_01_512_n
image,d#i_t8_decal_tech_shipping_container_bolt_03_n
image,#hash_72ce321aef59d5cf
image,#hash_72ce391aef59e1b4
image,#hash_72ce3a1aef59e367
image,d#i_mtl_p7_cai_mobile_shops_civ_01_metal_decal_01_c
image,#i_mtl_p7_foliage_banana_tree_01_vista_proxy_specular
image,#i_mtl_p7_zm_foliage_palm_fan_leaf_01_c
image,#i_mtl_p7_zm_foliage_palm_fan_leaf_01_n
image,#hash_7306390787ab180b
image,#i_mtl_p7_slu_building_apartment_awning_metal_03_n
image,#i_mtl_p7_slu_building_apartment_awning_metal_03_m
image,#i_mtl_p7_curtain_hanging_yarn_n
image,#i_mtl_p7_curtain_hanging_yarn_c
image,#i_c_t7_techno_gear_7_c
image,#i_mtl_p7_bottle_plastic_shampoo02_clean_n
image,#i_mtl_veh_mphd_van_door_middle_interior_o
image,#i_mtl_veh_mphd_van_door_middle_interior_n
image,#i_mtl_veh_mphd_van_door_middle_interior_m
image,#i_p7_slu_window_laundromat_wood_m
image,d#i_t7_micro_metal_grunge_scratch_fine_01_s
image,d#i_t7_micro_metal_grunge_scratch_fine_01_g
image,#i_t7_micro_metal_grunge_scratch_fine_01_c
image,d#i_t7_micro_metal_grunge_scratch_fine_01_n
image,#hash_7353788eaa5a52fd
image,#i_t7_micro_wood_plywood_red_n
image,#i_mtl_p7_slu_box_electric_set_decal_wires_c
image,#i_mtl_p7_slu_box_electric_set_decal_wires_n
image,#hash_736dd67ba92fc531
image,#i_c_t7_warrior_body1_arm_b1_g
image,#i_c_t7_warrior_body1_arm_b1_o
image,#i_c_t7_warrior_body1_arm_b1_n
image,#i_p8_mp_bomb_crate_whole_destroyed_caution_c
image,#i_mtl_p7_zur_nw_foundry_set_concrete_m
image,#hash_737eb1b23d39eabc
image,#hash_737eb6b23d39f33b
image,#i_mtl_p7_slu_booth_chair_leather_worn_n
image,#hash_7397aea5e99b8b6f
image,#hash_7397b1a5e99b9088
image,#i_mtl_p7_fir_foliage_tree_vista_07_proxy_specular
image,#i_mtl_p7_planters_modern_decals_n
image,#i_mtl_p7_planters_modern_decals_c
image,#i_mtl_p7_slu_window_laundromat_n
image,#i_t7_zm_isl_stone_block_base_01_moss_c
image,#i_mtl_p7_usa_vista_water_far_m
image,#i_t7_jun_moss_wood_cedar_worn_blend_r
image,#i_t7_jun_moss_wood_cedar_worn_blend_n
image,#i_t7_jun_moss_wood_cedar_worn_blend_c
image,#i_mtl_p7_slu_cooler_refrigerator_external_n
image,#i_mtl_p7_slu_cooler_refrigerator_external_c
image,#i_mtl_p7_eth_rock_boulder_detail_01_n
image,#i_mtl_p7_eth_rock_boulder_detail_01_c
image,#hash_73fb8ffdf397e84c
image,#i_mtl_p7_fir_foliage_tree_vista_08_proxy_albedo
image,d#i_c_gen_eye_blue_c
image,#i_mtl_p8_slu_whiteboard_decal_c
image,d#fxt8_spark_omni_alpha
image,#i_mtl_p7_zm_ctl_sarcophagus_wall_set_04_c
image,#i_mtl_veh_mphd_van_body_bottom_m
image,#i_mtl_veh_mphd_van_body_bottom_n
image,#i_mtl_veh_mphd_van_body_bottom_o
image,#i_mtl_p7_slu_panel_electrical_metal_01_m
image,#i_mtl_p7_slu_panel_electrical_metal_01_n
image,d#i_veh_t8_paint_burnt_02_g
image,d#i_veh_t8_paint_burnt_02_c
image,#i_c_t7_battery_body1_collar1_n
image,#i_c_t7_battery_body1_collar1_o
image,#i_c_t7_battery_body1_collar1_c
image,#i_c_t7_battery_body1_collar1_g
image,#i_mtl_veh_mphd_van_frontlight_dead_m
image,#i_mtl_veh_mphd_van_door_middle_interior_dead_m
image,#hash_7485593ac45bd2fd
image,#i_t7_detail_carpet_03
image,d#i_t7_detail_carpet_04
image,#i_c_t7_blockout_battery_body1_beltwidget_c
image,#i_c_t7_blockout_battery_body1_beltwidget_g
image,#i_c_t7_blockout_battery_body1_beltwidget_n
image,#hash_7494e60e2f2319c2
image,d#i_t7_decal_grunge_dirty_tile_01_micro_c
image,d#i_t7_decal_grunge_dirty_tile_01_micro_n
image,#i_mtl_veh_t7_dlc_concrete_poured_bunker_dirty_01_512_m
image,#hash_74a57c8a083e3221
image,#hash_74c2c9a5b57cae9f
image,d#i_t7_glass_dirty_streaks_02_c
image,#i_t8_glass_cracked_tempered_n
image,#i_t7_plaster_smooth_dirty_01_n
image,d#i_t7_plaster_smooth_dirty_01_g
image,d#i_t7_glass_dirty_chemical_stain_g
image,d#i_t8_concrete_sidewalk_01_g
image,#i_t7_damage_decal_cracks_02_c
image,#i_t7_damage_decal_cracks_02_n
image,d#i_veh_t8_glass_pattern_15_n
image,#i_t7_ra2_stone_trim_rope_c
image,#i_t7_ra2_stone_trim_rope_o
image,#i_t7_ra2_stone_trim_rope_n
image,#i_c_t7_warrior_head1_headgear_ir
image,#i_t7_concrete_bare_01_n
image,#i_mtl_p7_slu_dish_satellite_set_02_n
image,#i_mtl_p7_slu_dish_satellite_set_02_m
image,#i_t7_decal_grunge_leaking_01_c
image,#hash_75596051717e6f87
image,#i_mtl_p7_pipe_metal_hp_4_01_n
image,#i_mtl_p7_pipe_metal_hp_4_01_m
image,#hash_757129747bfdf439
image,#hash_757134747bfe06ea
image,#hash_75820fdef3b1b616
image,#hash_75821cdef3b1cc2d
image,d#i_t7_micro_metal_painted_scuffed_01_c
image,d#i_t7_micro_metal_painted_scuffed_01_n
image,d#i_t8_micro_scratches_wiped_01_n
image,#i_c_t7_warrior_head1_n
image,#i_c_t7_warrior_head1_o
image,#i_c_t7_warrior_head1_c
image,#i_c_t7_warrior_head1_g
image,#i_mtl_p7_slu_vent_roof_set_01_m
image,#i_mtl_p7_slu_vent_roof_set_01_n
image,#i_t7_decal_foliage_redwood_sorrel_c
image,#i_t7_decal_foliage_redwood_sorrel_n
image,#i_mtl_p7_cup_coffee_paper_c
image,#i_mtl_p7_cup_coffee_paper_n
image,d#i_veh_t8_detail_char03_n
image,#i_t7_stone_marble_tile_4x1_two_tone_g
image,d#i_t8_micro_plastic_rough_02_g
image,#i_c_t7_technomancer_body2_lights_e
image,#i_t7_stone_cobblestone_01_r
image,#i_t7_stone_cobblestone_01_c
image,#i_t7_stone_cobblestone_01_n
image,#i_t7_stone_cobblestone_01_o
image,#i_mtl_p7_slu_refrigerator_vintage_set_body_01_m
image,#i_mtl_p7_slu_refrigerator_vintage_set_body_01_n
image,#hash_761ab4998b3ed630
image,#hash_761ab7998b3edb49
image,#hash_763c51878632f939
image,#hash_763c5c8786330bea
image,#hash_76421025cbc6a18f
image,#hash_76462fcb5a519839
image,#hash_76463acb5a51aaea
image,#i_mtl_veh_mphd_van_stage_m
image,#i_mtl_veh_mphd_van_stage_n
image,#i_mtl_veh_mphd_van_stage_o
image,d#i_t7_micro_metal_painted_02_s
image,d#i_t7_micro_metal_painted_02_n
image,d#i_t7_micro_metal_painted_02_g
image,d#i_t7_micro_metal_painted_02_c
image,#i_mtl_p7_slu_ac_unit_02_n
image,#i_mtl_p7_slu_ac_unit_02_c
image,#hash_767419847a6791b4
image,#hash_76741c847a6796cd
image,#i_mtl_p7_foliage_banana_tree_leaf_t
image,#i_mtl_p7_foliage_banana_tree_leaf_n
image,#i_mtl_p7_foliage_banana_tree_leaf_c
image,#hash_7689157fd47fa730
image,#i_mtl_p7_zm_ctl_fireplace_01_decal_grout_01_n
image,#i_c_t7_techno_body1_leg_armor_ir
image,#i_mtl_p7_conduit_rust_pipes_n
image,#i_mtl_p7_conduit_rust_pipes_c
image,d#i_t7_decal_snow_powder_01_c
image,#hash_76e6bc27dd419ec6
image,#i_mtl_veh_mphd_van_frontlight_dead01_n
image,#i_mtl_veh_mphd_van_frontlight_dead01_m
image,d#i_mtl_p7_debris_metal_scrap_02_n
image,d#i_mtl_p7_debris_metal_scrap_02_g
image,d#i_mtl_p7_debris_metal_scrap_02_s
image,#i_t7_grass_lawn_medium_small_green_c
image,#i_t7_grass_lawn_medium_small_green_g
image,#i_t7_grass_lawn_medium_small_green_n
image,#i_t7_brick_worn_dirty_red_c
image,#i_t7_brick_worn_dirty_red_n
image,#i_t7_brick_worn_dirty_red_r
image,d#i_c_t7_skin_ir
image,d#i_t7_decal_damage_glass_bullet_hit_02_n
image,d#i_t7_decal_damage_glass_bullet_hit_02_c
image,#hash_776041e7f011585f
image,#i_mtl_p7_crate_wood_02_long_n
image,#i_mtl_p7_crate_wood_02_long_m
image,#i_mtl_p7_slu_building_apartment_awning_metal01_n
image,#i_mtl_p7_slu_building_apartment_awning_metal01_m
image,#i_p8_slu_gravestone_02_o
image,#i_p8_slu_gravestone_02_n
image,#i_p8_slu_gravestone_02_m
image,#i_t7_ceramic_tile_diamond_orange_c
image,#i_mtl_p7_zm_tra_bike_destroyed_tyre_n
image,#i_mtl_p7_zm_tra_bike_destroyed_tyre_m
image,#i_mtl_p7_bottle_plastic_detergent_3_n
image,#i_mtl_p7_bottle_plastic_detergent_3_c
image,#i_mtl_p7_tiedown_hook_metal_01_n
image,#i_mtl_p7_tiedown_hook_metal_01_o
image,d#i_t8_metal_heavy_tile_01_g
image,#i_mtl_p7_debris_trash_food_box_03_c
image,#i_mtl_p7_debris_trash_food_box_03_n
image,#i_mtl_p7_slu_foliage_flower_petals_t
image,#i_mtl_p7_slu_foliage_flower_petals_c
image,#i_mtl_p7_slu_foliage_flower_petals_n
image,#i_mtl_p7_fir_foliage_tree_vista_08_proxy_distance
image,#i_t7_decal_damage_concrete_edge_01_c
image,#i_t7_decal_damage_concrete_edge_01_n
image,#i_t7_decal_damage_concrete_edge_01_r
image,#hash_7825f983d02d9ac8
image,#i_mtl_p7_zm_der_light_set_bulb_small_s
image,#i_mtl_p7_zm_der_light_set_bulb_small_n
image,#i_mtl_p7_zm_der_light_set_bulb_small_m
image,#i_mtl_p7_zm_der_light_set_bulb_small_g
image,#i_mtl_p7_zm_der_light_set_bulb_small_c
image,#i_c_t7_techno_head1_faceplate_ir
image,#i_t7_plaster_cracked_light_01_n
image,#i_t7_plaster_cracked_light_01_c
image,d#fxt_smk_whisp_anim_2
image,d#i_t7_decal_damage_metal_rust_edge_01_c
image,d#i_t7_decal_damage_metal_rust_edge_01_n
image,#i_mtl_p7_foliage_flower_bougainvillea_bushyvarient_proxy_normal
image,d#i_mtl_t8_metal_stainless_wall_squares_stained_01a_s
image,#hash_78994077ee60eb2f
image,#hash_78ab49c10b7e3965
image,#i_mtl_p7_foliage_hedge_vibrant_set_01_c
image,#hash_78bfc9f8df26feda
image,d#i_t7_decal_crack06_n
image,d#i_t7_decal_crack06_c
image,#i_t7_wood_plywood_brown_n
image,#i_mtl_p7_slu_sign_parking_traffic_metal_01_m
image,#i_mtl_p7_slu_sign_parking_traffic_metal_01_n
image,#i_t7_concrete_floor_garage_cracked_n
image,#i_t7_concrete_floor_garage_cracked_c
image,#i_t7_concrete_floor_garage_cracked_g
image,#hash_78eafc6489565d47
image,d#i_t8_micro_paint_03_c
image,#i_t7_drywall_base_cream_damage_r
image,#i_t8_dirt_granular_n
image,#i_t5_foliage_aerial_tree_group_c
image,#i_c_t7_warrior_body1_cloth_light_c
image,#i_c_t7_warrior_body1_cloth_light_n
image,#i_c_t7_warrior_body1_cloth_light_o
image,#hash_792a38f2a3f766e2
image,#hash_792a3df2a3f76f61
image,#i_mtl_veh_t8_glass_pattern_03_t
image,d#fxt_smk_billow_thick_anim
image,#i_t7_decal_signage_54i_graffiti_13_r
image,#i_t7_decal_signage_54i_graffiti_13_c
image,#i_mtl_veh_t7_dmg_scrapes_chips_1_s
image,#i_mtl_veh_t7_dmg_scrapes_chips_1_n
image,#i_mtl_veh_t7_dmg_scrapes_chips_1_g
image,#i_mtl_veh_t7_dmg_scrapes_chips_1_c
image,#i_mtl_p7_slu_gate_fence_segment_02_proxy_specular
image,#i_mtl_p7_fxanim_gp_vine_strand_ivy_64_smod_proxy_albedo
image,#i_t7_ra2_stone_rough_limestone_c
image,#i_mtl_p7_slu_awning_sheetmetal_sml_01_n
image,#i_mtl_p7_slu_awning_sheetmetal_sml_01_m
image,#i_t7_brick_ground_squares_01_n
image,#i_t7_brick_ground_squares_01_c
image,#i_mtl_damage_state_0
image,d#i_c_t7_reaper_body1_dark_ir
image,#i_mtl_p7_slu_dirt_pile_set_01_m
image,#i_mtl_p7_slu_dirt_pile_set_01_n
image,#i_p7_debris_trash_bottle_water_01
image,#i_t7_decal_signage_54i_graffiti_03_c
image,#i_mtl_p7_slu_box_electric_set_decal_labels_c
image,#i_mtl_p7_slu_box_electric_set_decal_labels_n
image,#i_mtl_p7_wes_railing_clock_tower_n
image,#i_mtl_p7_wes_railing_clock_tower_m
image,d#t7_metal_bare_worn_02_s
image,d#t7_metal_bare_worn_02_g
image,#i_c_t7_techno_body1_chest_device_ir
image,d#hash_79a63a870585e15c
image,#i_mtl_p8_slu_bag_laundry_bundle_m
image,#i_mtl_p8_slu_bag_laundry_bundle_n
image,#i_c_t7_hunter_body2_back_pouch_c
image,d#fxt_sparks_rndhit_mask
image,#i_t7_rubber_track_c
image,#i_mtl_p7_bottle_plastic_2litre_lime_c
image,#i_mtl_p7_foliage_distictis_hanging_ledge_32_long_proxy_specular
image,d#i_c_t8_mp_spe_buffer_body1_scisors_o
image,#hash_7a0e7af2e6d3880e
image,d#fxt8_spark_streak_wiggle_hdr
image,#hash_7a264b5b311e0af0
image,#hash_7a264e5b311e1009
image,#i_mtl_p7_foliage_tree_birch_trunk_detailmap01_n
image,#i_mtl_p7_foliage_banana_tree_tile01_c
image,#i_mtl_p7_foliage_banana_tree_tile01_n
image,#i_mtl_p7_slu_cooler_refrigerator_inside_metal_n
image,#i_mtl_p7_slu_cooler_refrigerator_inside_metal_c
image,d#i_c_t7_techno_body1_dark_ir
image,#i_mtl_p7_slu_refrigerator_vintage_set_decal_net_01_n
image,#i_mtl_p7_slu_refrigerator_vintage_set_decal_net_01_c
image,#i_t7_decal_damage_glass_shatter_02_n
image,d#i_mtl_veh_t7_dlc_hav_dropship_dmg_set_ext_burned_512_r
image,#hash_7aceffd8dd138069
image,#i_mtl_p7_slu_debris_trash_pile_cardboard_g
image,#i_mtl_p7_slu_debris_trash_pile_cardboard_c
image,#i_mtl_p7_slu_debris_trash_pile_cardboard_n
image,#i_c_t7_battery_hairshell1_n
image,#i_c_t7_battery_hairshell1_c
image,#i_mtl_p8_wz_supply_stash_decal_label_c
image,#i_t7_kfu_wood_painted_wall_c
image,#i_t7_kfu_wood_painted_wall_n
image,#i_mtl_p7_jun_foliage_ivy_ground_01_proxy_distance
image,d#i_wpn_t8_eqp_briefcase_bomb_foam_detail_g
image,d#i_wpn_t8_eqp_briefcase_bomb_foam_detail_n
image,d#hash_7b2d62cfd74e54c2
image,d#i_t8_concrete_mortar_r
image,#i_c_t7_blockout_battery_body1_beltwidget_ec
image,d#i_t7_micro_metal_bare_scuffed_02_g
image,d#i_t7_micro_cloth_leather_01_n
image,d#i_t7_micro_cloth_leather_01_g
image,d#i_t7_micro_cloth_leather_01_c
image,#hash_7b60b7e287731f84
image,#hash_7b66cc275bf20b05
image,#hash_7b66e0275bf22d01
image,#hash_7b766f92046274df
image,#i_t8_concrete_wall_cast_01_g
image,#i_mtl_veh_mphd_van_body_rear_o
image,#i_mtl_veh_mphd_van_body_rear_n
image,#i_mtl_veh_mphd_van_body_rear_m
image,#i_t7_wood_beam_worn_oak_splintered_c
image,#i_t7_wood_beam_worn_oak_splintered_o
image,#i_t7_wood_beam_worn_oak_splintered_n
image,d#i_p8_mp_bomb_crate_leash_c
image,#hash_7bbeff2f2bc7202e
image,#i_t7_stone_cobblestone_grout_01_n
image,#i_t7_stone_cobblestone_grout_01_c
image,#i_t7_stone_cobblestone_grout_01_r
image,#i_c_t7_techno_body1_monitor_ir
image,#i_t7_zm_ctl_stone_wall_cut_o
image,#i_t7_zm_ctl_stone_wall_cut_n
image,#i_t7_zm_ctl_stone_wall_cut_c
image,#i_mtl_p7_planters_modern_dirt_n
image,#i_mtl_p7_planters_modern_dirt_c
image,d#i_t7_concrete_painted_wet_white_r_cheap
image,#i_mtl_p7_box_copy_paper_c
image,#i_mtl_p7_box_copy_paper_n
image,d#i_wpn_t8_eqp_briefcase_bomb_decals_label_s
image,d#i_wpn_t8_eqp_briefcase_bomb_decals_label_c
image,d#i_wpn_t8_eqp_briefcase_bomb_decals_label_g
image,#hash_7bfca29a1a4a9a70
image,#hash_7bfca59a1a4a9f89
image,#i_mtl_p7_foliage_distictis_hanging_ledge_32_long_proxy_depth
image,#i_t7_dlc1_stone_marble_veined_c
image,#i_t7_dlc1_stone_marble_veined_n
image,#i_mtl_p7_slu_box_electric_set_decal_02_n
image,#i_mtl_p7_slu_box_electric_set_decal_02_c
image,d#i_wpn_t8_eqp_briefcase_bomb_circuit_c
image,d#i_wpn_t8_eqp_briefcase_bomb_circuit_g
image,d#i_wpn_t8_eqp_briefcase_bomb_circuit_o
image,d#i_wpn_t8_eqp_briefcase_bomb_circuit_n
image,d#i_wpn_t8_eqp_briefcase_bomb_circuit_s
image,#hash_7c66d0f0d770eeec
image,#hash_7c66d1f0d770f09f
image,#i_mtl_p7_slu_meter_electric_decal_10_c
image,#i_mtl_p7_slu_meter_electric_decal_10_n
image,#i_mtl_p7_slu_barrier_concrete_concrete01_n
image,#i_mtl_p7_slu_barrier_concrete_concrete01_m
image,#hash_7c8d3064cc9208e9
image,#i_mtl_p7_pottery_terracotta_e_n
image,#i_mtl_p7_pottery_terracotta_e_c
image,#i_t7_zm_ctl_wood_plank_wide_01_g
image,#i_t7_zm_ctl_wood_plank_wide_01_c
image,#i_t7_zm_ctl_wood_plank_wide_01_n
image,#i_t7_zm_ctl_wood_plank_wide_01_o
image,#hash_7c99b8d269a47b21
image,#i_mtl_p7_zm_shi_dock_post_wood_cap_n
image,#i_mtl_p7_zm_shi_dock_post_wood_cap_g
image,#i_mtl_p7_zm_shi_dock_post_wood_cap_c
image,#i_t7_plastic_panel_cables_n
image,#i_t7_plastic_panel_cables_c
image,#i_mtl_p7_foliage_flower_bougainvillea_leaves_c
image,#i_mtl_p7_foliage_flower_bougainvillea_leaves_n
image,#i_mtl_p7_foliage_flower_bougainvillea_leaves_t
image,#i_c_t7_battery_body1_webgear_s
image,#i_c_t7_battery_body1_webgear_o
image,#i_c_t7_battery_body1_webgear_n
image,#i_c_t7_battery_body1_webgear_c
image,#i_c_t7_battery_body1_webgear_g
image,d#i_mtl_p7_zm_isl_bucket_115_liquid_backscatter_c
image,#hash_7cc3e8623c62cd90
image,#i_mtl_p7_bottle_plastic_2litre_n
image,#i_mtl_p7_debris_trash_bottle_water_02_n
image,#i_mtl_p7_debris_trash_bottle_water_02_c
image,#hash_7cef77b53b9e5c7e
image,#i_p7_foliage_distictis_hanging_ledge_192_long_c
image,#hash_7d070d09c00e7830
image,#hash_7d180fd14986b037
image,d#i_t7_plastic_base_clean_c
image,#hash_7d2f219cd8d666f5
image,#i_mtl_p7_ra2_foliage_rose_bud_t
image,#i_mtl_p7_ra2_foliage_rose_bud_n
image,#i_mtl_p7_ra2_foliage_rose_bud_c
image,#i_mtl_p7_ra2_foliage_rose_bud_g
image,d#i_t7_micro_concrete_bare_weathered_01_c
image,d#i_t7_micro_concrete_bare_weathered_01_n
image,#hash_7d41ab4434b7314f
image,#i_mtl_p7_cai_train_subway_exterior_decal_02_n
image,#i_mtl_p7_slu_refrigerator_vintage_set_body_02_n
image,#i_mtl_p7_slu_refrigerator_vintage_set_body_02_m
image,d#i_mtl_t8_license_sing_zurich_decal_digits_3_c
image,d#i_t7_glass_snow_buildup_02_backlit_g
image,#hash_7d7ca7a3ebb8f0d5
image,#hash_7d7caaa3ebb8f5ee
image,#i_mtl_p7_jun_foliage_palm_tropic_n
image,#i_mtl_p7_jun_foliage_palm_tropic_c
image,#i_mtl_p7_jun_foliage_palm_tropic_t
image,#i_t7_mud_ground_dirt_wet_01_n
image,#i_t7_mud_ground_dirt_wet_01_c
image,#hash_7dbc7d6463b3b841
image,#i_mtl_p7_foliage_grass_01_t
image,#i_mtl_p7_foliage_grass_01_c
image,d#i_mtl_veh_t7_dlc_decal_grunge_rust_02_512_s
image,#hash_7deb7365002eb052
image,#i_mtl_p7_slu_door_white_frame_01_m
image,#i_mtl_p7_slu_door_white_frame_01_n
image,#i_mtl_veh_mphd_van_door_rear_dead_m
image,#i_c_t7_battery_straps2_c
image,#hash_7e44e3c2070125e6
image,#i_mtl_p7_slu_foliage_flower_foliage_c
image,#i_mtl_p7_slu_foliage_flower_foliage_n
image,#i_mtl_p7_slu_foliage_flower_foliage_t
image,#i_mtl_p7_zm_sha_can_beer_treyarch_n
image,#i_mtl_p7_zm_sha_can_beer_treyarch_c
image,#i_mtl_p7_zm_sha_can_beer_treyarch_g
image,#i_wpn_t7_zmb_perk_bottle_glass_g
image,#i_wpn_t7_zmb_perk_bottle_glass_c
image,#i_wpn_t7_zmb_perk_bottle_glass_n
image,#i_wpn_t7_zmb_perk_bottle_glass_s
image,#hash_7e6e6fd8b8820d86
image,#i_t7_metal_aluminum_siding_vertical_c
image,#i_t7_metal_aluminum_siding_vertical_n
image,d#i_t7_decal_damage_wood_edge_01_n
image,d#i_t7_decal_damage_wood_edge_01_c
image,#i_t7_shr_wood_rough_02_c
image,#i_t7_shr_wood_rough_02_n
image,#i_c_t7_battery_body1_thrusters_n
image,#i_c_t7_battery_body1_thrusters_g
image,#i_c_t7_battery_body1_thrusters_c
image,#i_c_t7_warrior_body1_arm_lt_a1_c
image,#i_c_t7_warrior_body1_arm_lt_a1_n
image,#hash_7e9ae7cef46a8aaa
image,#i_t7_glass_cracked_tempered_c
image,d#i_t7_glass_cracked_tempered_g
image,d#i_t7_glass_cracked_tempered_n
image,#i_t7_ram_stone_floor_slab_3x2_r
image,#hash_7ec1311b54f081d0
image,#hash_7ec1341b54f086e9
image,d#i_mtl_p7_foliage_tree_birch_leaves_c
image,d#i_mtl_p7_foliage_tree_birch_leaves_n
image,#i_mtl_p7_rus_foliage_grass_c
image,#i_mtl_p7_rus_foliage_grass_n
image,#i_mtl_p7_rus_foliage_grass_t
image,d#fxt8_exp_billow_anim
image,#i_mtl_p7_slu_airduct_metal_set_tiling_m
image,#fxt8_water_fall_crumble_anim
image,#hash_7ef74cda2db2ab81
image,#i_c_t7_battery_left_arm_wrap_viewarm_c
image,#i_c_t7_battery_left_arm_wrap_viewarm_g
image,#i_c_t7_battery_left_arm_wrap_viewarm_n
image,#i_mtl_p7_slu_panel_electrical_metal_02_n
image,#i_mtl_p7_slu_panel_electrical_metal_02_m
image,#i_mtl_veh_mphd_van_door_middle_external_n
image,#i_mtl_veh_mphd_van_door_middle_external_o
image,#i_mtl_veh_mphd_van_door_middle_external_m
image,#hash_7f3555dae94de726
image,#i_mtl_p7_foliage_flower_bougainvillea_basewallvarient_proxy_depth
image,#i_t7_ram_stone_block_med_o
image,#i_t7_ram_stone_block_med_c
image,#i_t7_ram_stone_block_med_g
image,#hash_7f5e547a0db5382a
image,d#i_mtl_p8_tool_sawhorse_wood_03_n
image,d#i_mtl_p8_tool_sawhorse_wood_03_c
image,d#i_t7_decal_damage_glass_bullet_hit_01_n
image,d#i_t7_decal_damage_glass_bullet_hit_01_c
image,d#i_t8_decal_tech_detail_high_tech_66_c
image,d#i_t8_decal_tech_detail_high_tech_66_n
image,#i_mtl_p7_barrier_block_concrete_long_clean01_n
image,#i_mtl_p7_barrier_block_concrete_long_clean01_m
image,#i_t7_concrete_sidewalk_02_n
image,#i_t7_concrete_sidewalk_02_c
image,#i_t8_concrete_sidewalk_2x2_01_g
image,d#i_t7_micro_metal_grunge_scratch_02_g
image,#i_t7_damage_decal_cracks_01_c
image,#i_t7_damage_decal_cracks_01_n
image,#i_c_t7_outrider_body3_pouch1_n
image,d#i_wpn_t8_eqp_briefcase_bomb_glass_n
image,d#i_wpn_t8_eqp_briefcase_bomb_glass_o
image,d#i_wpn_t8_eqp_briefcase_bomb_glass_g
image,d#i_wpn_t8_eqp_briefcase_bomb_glass_c
image,d#i_wpn_t8_eqp_briefcase_bomb_glass_s
image,#i_t7_metal_rust_ceiling_01_n
image,#hash_7ff0795ae24e93cf
streamkey,#mp_slums2_all_stream
streamkey,#hash_5276e052de0c9703
streamkey,#hash_255a327dbd691a48
streamkey,#hash_78e8b30008a87565
sound,#mp_slums2.all
com_map,#maps/mp/mp_slums2.d3dbsp
game_map,#maps/mp/mp_slums2.d3dbsp
fx,d#tools/fx_null
klf,#hash_7e016bf2fa26274d
fx,#hash_512c23b987e92117
klf,#hash_15ec014ceb226027
fx,#hash_58a8d16afa3c1a70
klf,d#hash_a8c7b9314df87de
klf,d#hash_17851669aaf7b331
klf,#hash_1b8cf163daeefabc
klf,d#hash_233162899dc5a391
klf,#hash_39c7192a9c1a1db9
klf,d#hash_4fc31bd20528a937
klf,d#hash_514e7c0c2929762c
klf,d#hash_6fa77179ac54a023
rawfile,#gamedata/constbaselines/mp_slums2/dom.baseline
rawfile,#gamedata/constbaselines/mp_slums2/dom_hc.baseline
rawfile,#gamedata/constbaselines/mp_slums2/control.baseline
rawfile,#gamedata/constbaselines/mp_slums2/koth.baseline
rawfile,#gamedata/constbaselines/mp_slums2/tdm_hc.baseline
rawfile,#gamedata/constbaselines/mp_slums2/tdm.baseline
rawfile,#gamedata/constbaselines/mp_slums2/conf.baseline
rawfile,#gamedata/constbaselines/mp_slums2/bounty.baseline
rawfile,#gamedata/constbaselines/mp_slums2/sd_hc.baseline
rawfile,#gamedata/constbaselines/mp_slums2/dm.baseline
rawfile,#gamedata/constbaselines/mp_slums2/control_hc.baseline
rawfile,#gamedata/constbaselines/mp_slums2/sd.baseline
rawfile,#hash_6ee83c49e614840f
rawfile,#gamedata/constbaselines/mp_slums2/conf_hc.baseline
stringtable,#hash_7172843f4d005db
stringtable,#hash_ad4f47fc49a3345
stringtable,#hash_cc9aa7029069bbf
stringtable,#hash_197b63c25ba2462f
stringtable,#hash_4108f42009dfe352
stringtable,#hash_44af6632a43ed1a0
stringtable,#hash_537c9f72e5d4bc12
stringtable,#hash_5a8665efc9443287
stringtable,#hash_5b780a365d2faacb
stringtable,#hash_5d4dcd0afe501e56
stringtable,#hash_60ab598b3442ed73
stringtable,#hash_620193b47ae8195f
stringtable,#hash_665c74a677bd2b4c
stringtable,#hash_7511b19b10249729
material,#hash_885caf715a6aa99
material,#hash_687dfe8c8af66a3
material,#mc/t7_glass_dirty_streaks_shard
xmodel,d#p7_fxp_debris_car_glass_shatter_01
xmodel,d#p7_fxp_debris_car_glass_shatter_02
xmodel,d#p7_fxp_debris_car_glass_shatter_03
material,d#hash_33e9007cd93e45e8
material,d#hash_67120b60980426e9
material,d#ei/gfx_gib_glass_01_lit
material,d#ei/gfx_gib_glass_02_lit
material,d#ei/gfx_gib_glass_02_em
material,#mc/mtl_p7_window_glass_shard
xmodel,#p7_window_glass_shard_06
xmodel,#p7_window_glass_shard_01
fx,#hash_2db2ddc4dd22eaf7
material,d#ei/gfx_fog_slow_lg_anim_lit
fx,#destruct/fx_dest_window_glass_edge
glasses,#maps/mp/mp_slums2.d3dbsp
scriptparsetree,#scripts/mp/mp_slums2.gsc
scriptparsetree,#scripts/mp/mp_slums2_fx.csc
scriptparsetree,#scripts/mp/mp_slums2.csc
scriptparsetree,#scripts/mp/mp_slums2_fx.gsc
scriptparsetree,#scripts/mp/mp_slums2_scripted.csc
scriptparsetree,#scripts/mp/mp_slums2_sound.csc
scriptparsetree,#scripts/mp/mp_slums2_scripted.gsc
scriptparsetree,#scripts/mp/mp_slums2_sound.gsc
keyvaluepairs,#mp_slums2
surfacesounddef,d#hash_2c191e6284ce597
surfacesounddef,d#hash_3d9213dabaf08c81
surfacesounddef,#hash_4aac53656d2ff9bc
surfacesounddef,d#hash_5d772ccdaa011a7f
surfacesounddef,d#hash_68ba3f82b9e9d979
surfacesounddef,#hash_6a9264c7627e1b73
surfacesounddef,#hash_77789965ad08507e
surfacesounddef,d#hash_7ada1cf9d8035750
sanim,#p8_fxanim_gp_foliage_distictis_hanging_ledge_32_s2_sanim
sanim,#p7_fxanim_gp_streamer_orange_sml_01_s3_sanim
sanim,#p8_fxanim_gp_foliage_distictis_hanging_ledge_128_long_s2_sanim
sanim,#p7_fxanim_gp_trash_newspaper_04_s3_sanim
sanim,#p7_fxanim_gp_streamer_orange_sml_02_s3_sanim
sanim,#p7_fxanim_gp_vine_strand_ivy_32_sanim
sanim,#p8_fxanim_gp_tarp_scaffold_02_s3_sanim
sanim,#p7_fxanim_mp_slums_sheet_draped_01_sanim
sanim,#p8_fxanim_gp_foliage_distictis_hanging_ledge_192_long_s2_sanim
sanim,#p7_fxanim_gp_vine_strand_ivy_128_sanim
sanim,#p8_fxanim_slu_memorial_post_chain_s2_sanim
sanim,#p7_fxanim_mp_slums_banner_multi_sanim
sanim,#p8_fxanim_slu_cables_sanim
sanim,#p8_fxanim_gp_wire_straight_med_thick_s3_sanim
sanim,#p7_fxanim_gp_streamer_orange_med_02_s3_sanim
sanim,#p7_fxanim_gp_streamer_blue_med_01_s3_sanim
sanim,#p8_fxanim_gp_foliage_distictis_hanging_ledge_64_s2_sanim
sanim,#p7_fxanim_gp_trash_newspaper_08_s3_sanim
sanim,#p8_fxanim_gp_flag_hanging_blue_01_s3_sanim
sanim,#p7_fxanim_gp_streamer_orange_lrg_01_s3_sanim
sanim,#p7_fxanim_gp_trash_newspaper_05_s3_sanim
sanim,#p7_fxanim_mp_slums_banner_yellow_beer_sanim
sanim,#p7_fxanim_gp_wire_thin_hanging_03_s4_sanim
sanim,#p8_fxanim_mp_slu_machine_washing_blue_tumble_sanim
sanim,#p7_fxanim_gp_vine_strand_ivy_192_long_sanim
sanim,#p7_fxanim_gp_vine_strand_ivy_128_long_sanim
sanim,#p7_fxanim_gp_streamer_blue_lrg_01_s3_sanim
sanim,#p7_fxanim_gp_vine_strand_ivy_64_long_s1_sanim
sanim,#p7_fxanim_gp_streamer_orange_lrg_02_s3_sanim
sanim,#p7_fxanim_gp_streamer_orange_med_01_s3_sanim
sanim,#p7_fxanim_gp_streamer_blue_sml_02_s3_sanim
sanim,#p7_fxanim_gp_streamer_blue_lrg_02_s3_sanim
sanim,#p8_fxanim_gp_foliage_distictis_hanging_ledge_64_long_s2_sanim
sanim,#p7_fxanim_gp_vine_strand_ivy_64_sanim
sanim,#p7_fxanim_gp_vine_strand_ivy_32_long_sanim
sanim,#p8_fxanim_gp_foliage_distictis_hanging_ledge_64_top_s2_sanim
sanim,#p7_fxanim_gp_vine_strand_ivy_64_long_sanim
sanim,#p7_fxanim_gp_trash_newspaper_07_s3_sanim
sanim,#p8_fxanim_gp_foliage_distictis_hanging_ledge_128_s2_sanim
sanim,#p7_fxanim_gp_streamer_blue_sml_01_s3_sanim
sanim,#p8_fxanim_gp_rollup_door_60_sanim
sanim,#p7_fxanim_gp_streamer_blue_med_02_s3_sanim
sanim,#p8_fxanim_gp_rollup_door_120_sanim
sanim,#p8_fxanim_gp_foliage_distictis_hanging_ledge_32_long_s2_sanim
lightdescription,#hash_6ef888a022ca7c0
lightdescription,d#hash_1e62bacd52465cc2
lightdescription,#hash_1f569ac57446bc41
lightdescription,#hash_1f8721995b0b86d9
lightdescription,#hash_20d5e5f70c2fc9ca
lightdescription,#hash_22e9076c0468e0ad
lightdescription,#hash_2f33c796a54bbe05
lightdescription,#hash_366eee175aeea6e5
lightdescription,#hash_3d95df70c96cf36d
lightdescription,#hash_3dc51935852e4183
lightdescription,#hash_44fd8f3af06034bb
lightdescription,#hash_4d8b9b3a28b549c6
lightdescription,d#hash_4d95c9b5cde12170
lightdescription,d#hash_51b9e9afbdbbc7e0
lightdescription,d#hash_5a07fe3eb6bb9c50
lightdescription,#hash_5b8065363f09c9ec
lightdescription,#hash_743568b78984ba02
lightdescription,#hash_764090f0b51d60f8
xcam,#ui_cam_draft_common
xcam,#ui_cam_draft_common_zoom
xcam,#ui_cam_endgame_mp_apartments
bgcache,#mp_slums2
texturecombo,#mp_slums2
navmesh,#mp_slums2
navvolume,#mp_slums2
triggerlist,#maps/mp/mp_slums2.d3dbsp
cpu_occlusion_data,#maps/mp/mp_slums2.d3dbsp
image,#hash_53fdb8b27b0a5f79
terraingfx,#maps/mp/mp_slums2.d3dbsp
streamkey,#hash_35ca1ade077fa71b
streamkey,#hash_379bc284d48f0d7c
streamkey,#hash_4273074efc80ea57
material,#wc/t7_decal_damage_concrete_cracks_01_dark
material,#hash_d9db9040fb066
material,d#ei/gfx_smk_puff_thin_varied_high_dark_lit
material,#wc/t7_ra2_stone_wall_cut
material,#mc/mtl_p7_slu_box_accessory_plastic
material,#mc/mtl_veh_mphd_van_frontlight_plastic
material,#mc/mtl_p7_slu_cooler_refrigerator_decal
material,#hash_4cc2861471dbfb
material,#hash_52568c2a701c33
material,#mc/mtl_p7_slu_door_frame_wood
material,#mc/mtl_p7_slu_ac_unit_window_lable02
material,#mc/mtl_p8_slu_bag_laundry_bundle_cloth_blue
material,#mc/mtl_p8_slu_bag_laundry_bundle_dirt_yellow_blue
material,#mc/mtl_veh_mphd_van_chassis_undercarriage_paint_dead
material,#hash_91f6bbcd4fde2b
material,#hash_91f7bbcd4fdfde
material,#hash_91fcbbcd4fe85d
material,#hash_95ab2dc2d63c18
material,#hash_976652f491bd6e
material,#mc/mtl_p8_slu_whiteboard_decal
material,#hash_b90772f3754a41
material,#mc/mtl_p7_zm_ctl_stone_wall
material,#hash_cb0626899a9ab7
material,#mc/mtl_p7_barbed_wire
material,d#mc/mtl_p7_street_manhole_cover_skirt
material,#wc/t7_wes_brick_wall_01
material,#hash_f1044a6eaea8c3
material,#mc/mtl_veh_mphd_van_frontlight_glass
material,#mc/mtl_p7_slu_refrigerator_vintage_set_decal_net_01
material,#hash_1072b14d7d4ec0e
material,#mc/mtl_p8_slu_memorial_post_leaks
material,d#ei/gfx_distort_ring_hvy
material,#hash_1131009660099eb
material,#hash_11cb806ed7852ec
material,#hash_11ffea073f9a823
material,#wc/t7_ntx_stone_granite_floor_01
material,#mc/mtl_p7_fir_foliage_tree_vista_03_proxy_tiled
material,#hash_130a7540f9011ce
material,#hash_14514c5923bbf98
material,#hash_145656c43e56d68
material,#mc/mtl_veh_mphd_van_stage_rubber_dead
material,d#hash_15b855aa4058f2b
material,d#mc/mtl_wpn_t8_eqp_briefcase_bomb_bottom
material,#mc/mtl_veh_mphd_van_wheel_rim_paint
material,#wc/t7_concrete_floor_garage_cracked
material,#hash_198f892b218ddeb
material,#hash_198f992b218df9e
material,#hash_198fa92b218e151
material,#mc/mtl_p7_zm_ori_concrete_trim_damaged
material,#mc/mtl_p7_slu_beam_metal_dmg
material,#mc/mtl_p7_slu_wire_decal_line
material,#mc/mtl_p7_fir_foliage_tree_vista_07_proxy_tiled
material,#hash_1c34d8f201b85f4
material,#mc/mtl_p7_slu_debris_trash_pile_edge
material,#hash_1de4b37f745562c
material,#mc/mtl_p7_slu_plank_wood_set
material,#hash_1fb98a4ee390d45
material,#hash_20076b64c365ca5
material,d#hash_200c9cd8ea8b220
material,#mc/mtl_p7_slu_meter_electric_01_base_02
material,#mc/mtl_p7_slu_meter_electric_01_base_01
material,#hash_2187455b4450bad
material,#mc/mtl_p7_slu_box_electric_set_decal_wires
material,d#mc/t8_metal_bare_steel_worn_01
material,#mc/mtl_p7_slu_ladder_metal_bolt
material,#wc/t7_ram_stone_trim_02
material,#wc/t7_ram_stone_trim_01
material,#hash_27c4ff06cc2b6e8
material,d#ei/gfx_water_splash_cone_anim_lit
material,#wc/t7_brick_trim_worn_heavy_grout_brown
material,#wc/t7_ban_metal_heavy_rust_blend
material,#mc/mtl_p7_slu_rollup_door_metal
material,#hash_2a9f77670c81a98
material,#hash_2ab9035b7146ff8
material,d#mc/invisible
material,#hash_2bbef0f905e70b5
material,#mc/mtl_p7_slu_panel_electrical_plastic_01
material,#hash_2cf6db4d9900904
material,#hash_2d41f0b4266701a
material,#hash_2d92a13ec313747
material,#mc/mtl_p7_slu_wire_metal
material,#hash_2e4436ff8808a31
material,#hash_2f4f573b93bbef2
material,d#hash_2fcd75fcffb3f08
material,#mc/mtl_skybox_default_day
material,#mc/mtl_p7_zm_sha_wire_barbed_curvy
material,#mc/mtl_p8_wz_supply_stash_health_extras
material,#hash_32db31a399a2bf1
material,#hash_330a4efd8a304b3
material,#mc/mtl_p7_slu_gate_iron_wood_set_decal_03
material,#mc/mtl_p7_slu_gate_iron_wood_set_decal_02
material,#hash_33d1612096114ee
material,#mc/mtl_p7_slu_gate_iron_wood_set_decal_04
material,#wc/t7_dlc1_concrete_trim_moulding_01
material,#wc/t7_ra2_decal_grunge_plaster_stains
material,#mc/mtl_p7_barrier_block_concrete_long_rusty
material,#mc/mtl_p8_slu_bag_laundry_bundle_green
material,#mc/mtl_p7_slu_alarm_fire_metal_02
material,#mc/mtl_p7_slu_alarm_fire_metal_03
material,#mc/mtl_p7_slu_alarm_fire_metal_01
material,#mc/mtl_p7_bottle_plastic_16oz_water_dmg
material,#mc/mtl_p7_food_fruit_watermelon
material,#hash_3bf7654ce46a137
material,#mc/mtl_p7_foliage_vines_distictis_leaves
material,#wc/t7_decal_asphalt_damaged_crack
material,d#mc/mtl_p7_chair_folding_wood_metal_blend
material,#hash_41f9f02736e3c36
material,#mc/mtl_p7_slu_computer_monitor_plastic
material,#mc/mtl_p7_slu_foliage_ivy_bark
material,#hash_44682bc5d41fba4
material,#mc/mtl_veh_mphd_car_compact_decal_gauge_03_dead
material,#hash_454a17dc9eeacb2
material,#mc/mtl_c_t7_warrior_body1_hand_b1_skin1
material,#mc/mtl_veh_mphd_van_door_middle_external_dead
material,#hash_465036f45d25612
material,#hash_4757e0fcef02444
material,#mc/mtl_p7_light_fluorescent_subway_bulb_mobile_sh
material,#mc/mtl_p7_zm_ori_wood_fence_burnt_wood_01
material,#hash_4a21b2f39293a1d
material,#hash_4a7ec080d670858
material,#mc/mtl_c_t7_warrior_body1_arm_rt_a1_skin1
material,#hash_4b2010418675e93
material,#mc/mtl_p8_mp_bomb_crate_whole_destroyed_floor
material,#hash_5111d890de6ae3b
material,#mc/mtl_p7_slu_telephone_decal02
material,#wc/t7_concrete_wall_blocks
material,#mc/mtl_p7_slu_debris_trash_pile_wood
material,#mc/mtl_p7_slu_door_wood_teal_handles
material,d#mc/mtl_p8_mp_bomb_crate_gray
material,#hash_556b988d0a46c74
material,#hash_55bb857874ceb91
material,#mc/mtl_c_t7_battery_body1_uppergear_skin1
material,#mc/mtl_p7_fir_foliage_tree_vista_06_proxy_tiled
material,#hash_564f3f9f319d68d
material,#mc/mtl_p7_zm_asc_bracket_awning_decal02
material,#mc/mtl_p7_zm_asc_bracket_awning_decal01
material,#hash_577148879821279
material,#mc/mtl_c_warrior_smallpouch_skin1
material,#hash_582b08217779473
material,#mc/mtl_c_t7_techno_body1_knife
material,#hash_59ade757a2d3ed5
material,#hash_5a6822ef155704f
material,#mc/mtl_c_t7_warrior_body1_armor_2_skin1
material,#mc/mtl_p8_water_cooler_digital_body_dirty_paintedmetal
material,#mc/mtl_p8_slu_plaque_metal_dirt_03
material,#mc/mtl_p8_slu_plaque_metal_dirt_01
material,#hash_5d62a12898cc7f8
material,#mc/mtl_p7_zm_kin_data_reel_set_metal01_d
material,#hash_5e03c615c5e2b0c
material,#vd/t7_decal_grunge_algae_wet
material,#hash_5e6aab59491be16
material,#hash_60fe09cf61aac36
material,d#hash_618bf0333907806
material,#hash_61b96fc70948fcf
material,#hash_61d1057df496698
material,#hash_61d1157df49684b
material,#hash_61d1357df496bb1
material,#hash_61d1657df4970ca
material,#hash_61d1757df49727d
material,#hash_61f153f272f4e0b
material,#hash_61f193f272f54d7
material,#hash_61f1a3f272f568a
material,#hash_620f30853c83e0d
material,#mc/mtl_veh_mphd_van_stage_metal_dead
material,#hash_63f381e43d4a7a4
material,#wc/t7_stone_marble_light_01
material,#hash_66a5531069945e7
material,d#hash_6706e3b27992ed8
material,d#hash_6706f3b2799308b
material,d#hash_670713b279933f1
material,#mc/mtl_p7_water_cooler_digital_bottle_dirty
material,#hash_6835bee3115d431
material,#mc/mtl_veh_t8_metal_bare_05
material,#wc/t7_metal_corrugated_rust
material,#mc/mtl_p7_slu_sign_hanging_metal03
material,#mc/mtl_p7_slu_sign_hanging_metal02
material,#hash_6ee12dee68d0c87
material,#mc/mtl_p7_pottery_terracotta_e_tan
material,#hash_6eea05702d7ad68
material,#hash_6f2049dc1140b77
material,d#hash_6f795f682d179ec
material,#vd/t7_decal_signage_cai_graffiti_24
material,#vd/t7_decal_signage_cai_graffiti_25
material,#vd/t7_decal_signage_cai_graffiti_26
material,#vd/t7_decal_signage_cai_graffiti_10
material,#hash_70372c83e1fc82c
material,#mc/mtl_veh_mphd_van_stage_metal
material,#mc/mtl_p7_eth_comm_tower_antenna_01_lights
material,#mc/mtl_veh_mphd_car_compact_decal_gauge_04_dead
material,#hash_7444cbb1ce24657
material,#hash_75b70031ad9a7c4
material,#hash_75b73031ad9acdd
material,#mc/mtl_p7_zm_foliage_palm_fan_bark_01
material,#mc/mtl_p7_zm_foliage_palm_fan_bark_03
material,#hash_776791fa2538011
material,#mc/mtl_veh_t8_dead_decal_blast_05
material,#mc/mtl_p7_foliage_hedge_set_01_vibrant
material,#mc/mtl_c_t7_battery_body1_armor
material,#hash_7a3c3ecaf4d4c04
material,#mc/mtl_p7_slu_grill_body_dirt
material,#hash_7cef68a10eca317
material,#hash_7cef78a10eca4ca
material,#mc/mtl_p7_slu_cooler_refrigerator_inside_metal
material,#mc/mtl_p7_foliage_flower_bougainvillea_flowers_snow
material,#mc/mtl_c_t7_battery_body1_collar1
material,#mc/mtl_p8_mp_bomb_crate_whole_destroyed_palette
material,#hash_8307415d83c689b
material,#hash_83c9137ed5a1f3d
material,#hash_83f0ea0659d783a
material,d#hash_8411434acf4e931
material,#mc/mtl_p7_bottle_glass_liquor_04
material,#mc/mtl_p7_bottle_glass_liquor_01
material,#mc/mtl_p7_slu_wire_decal_line_01
material,d#hash_857a20cc8641e92
material,#mc/mtl_p7_slu_crate_plastic_red_plastic
material,#hash_88ca779df842103
material,#hash_88da3646c104014
material,#hash_88e3b5a0a16fe80
material,#hash_89264fa5622b5b0
material,#mc/t7_wood_beam_worn_oak_bleached_dark
material,#hash_895c4faf02dca88
material,#hash_895c7faf02dcfa1
material,#mc/mtl_p7_slu_meter_electric_03_base_03
material,#hash_8a7ba53ddd70200
material,#hash_8ae26e8acd5fdda
material,#mc/mtl_c_t7_warrior_body1_armor_dark_skin1
material,d#hash_8e16500d89e19b6
material,#hash_8ee466d9b5478b3
material,#hash_8f00d6f323ec71e
material,#wc/t7_rock_gravel_varied_blend
material,#hash_91e2b60ed780cc6
material,#hash_92c50678703970e
material,#mc/mtl_p8_mp_bomb_crate_whole_destroyed_tech
material,#hash_9343f48116a0a8b
material,#mc/mtl_p8_water_cooler_digital_body_dirty_coloredplastic
material,#mc/mtl_p7_wes_railing_clock_tower
material,#hash_9732f100bd1703b
material,#hash_97641057fc48907
material,#mc/mtl_c_t7_techno_body1_leg_armor_skin1
material,#hash_989328ab5d1c1af
material,#wc/t7_decal_grunge_moss_grime_dark
material,#wc/t7_cai_stone_block_wall_01
material,#mcs/mtl_p7_fxanim_gp_tarp_blue_grunge_01_s3
material,#mc/mtl_c_t7_warrior_body1_hand_a1_skin1
material,#mc/mtl_p7_trashcan_street_metal_decal_03
material,#mc/mtl_p7_trashcan_street_metal_decal_02
material,#mc/mtl_p7_trashcan_street_metal_decal_05
material,#mc/mtl_p7_trashcan_street_metal_decal_04
material,#mc/mtl_veh_t7_dlc_decal_stain_06
material,#mc/t7_brick_worn_red
material,#hash_9cf418ce2352859
material,#hash_9e2ec1723cf0801
material,#hash_9f2406a7de0973f
material,#mc/t7_concrete_wall_weathered_01
material,#hash_9fe8c65fbb6475f
material,#mc/mtl_p7_bucket_shrapnel_bucket
material,#hash_a088967f4178a51
material,#wc/t7_street_concrete_curb_01a_yellow_solid
material,#vd/t7_decal_signage_54i_graffiti_komunity
material,#hash_a1e46d22bd92e5e
material,#hash_a20685fa39f2626
material,d#hash_a38e100caaf810d
material,#mc/mtl_p7_table_dining_cafe_wicker_01
material,#hash_a460533321868f2
material,#mc/mtl_p8_slu_fountain
material,#hash_a79f3f36511d44a
material,#wc/t7_brick_worn_heavy_grout_tan
material,#wc/t7_stone_cobblestone_grout_01
material,#mc/mtl_veh_mphd_van_body_interior_mat_dead
material,#hash_aaa7b3769ba2850
material,#hash_aad230048dd2504
material,#hash_aad260048dd2a1d
material,#wc/t7_brick_worn_heavy_grout_plaster_r02
material,#vd/t7_decal_grunge_bottom_02
material,#vd/t7_decal_grunge_bottom_01
material,#wc/t7_zm_shi_wood_planks_worn_wide_01
material,#hash_add2f2f78fc1869
material,#wc/t7_ram_stone_floor_slab_3x2_grout_blend
material,d#mc/bullet_collision_dirt
material,d#mc/bullet_collision_metalhollow
material,#wc/t7_plaster_rows_smooth_01_dirty
material,#hash_afe4fd037c2265b
material,#wc/t7_concrete_trim_01
material,#mcs/mtl_p7_foliage_vines_roots
material,#mc/c_mtl_p7_foliage_plant_chalk_blue
material,#wc/t7_stone_wall_varied_blocks
material,#hash_b2cac224361be60
material,#mc/mtl_p7_conduit_metal_pipes
material,#mc/mtl_p7_slu_box_electric_set_glass
material,#mc/mtl_p7_zm_ori_rebar_01_rusty_concrete
material,#hash_b6026dd38ef2fe6
material,#hash_b6e8471632e1119
material,#hash_b7087080de34360
material,#mc/mtl_p7_foliage_grass_tall_dry_02
material,#mc/mtl_p7_toolbox_handheld_small_blue
material,#mc/mtl_p8_slu_wire_hanging_attachment
material,#hash_ba7a7fafc02655e
material,#hash_bc988cbc04fbd02
material,#mc/mtl_p7_ra2_foliage_rose_bloom_yellow
material,#hash_be2d3a7f4e840dc
material,#hash_bf3c89ce68dcdc8
material,#vd/t7_ra2_decal_grunge_plaster_stains
material,#hash_c2f00f098e1ca3d
material,#hash_c315cd153668871
material,#hash_c33069cbf1f4664
material,#hash_c35583b69ff07fb
material,#mc/mtl_p7_cai_store_door_keyhole
material,#hash_c3ef3c9d2cb549d
material,#hash_c4336ed06bff4d2
material,#hash_c462d7ec815ebf0
material,#mc/mtl_p8_slu_bag_laundry_bundle_tear
material,#hash_c4f3d4767e5f8ed
material,#hash_c5a500f102d2c5b
material,#hash_c67a1f3176d1578
material,#hash_c6c42cfde046cfc
material,#mc/mtl_p7_slu_foliage_fern_leaves
material,#mc/t7_ram_stone_block_base
material,#hash_c7dde0e6d3d17eb
material,#hash_c85fce9fd80e9f9
material,#hash_c85ffc7f1748f01
material,#wc/t7_cry_decal_grunge_burnt_metal_black
material,#hash_c9155852da2a628
material,#hash_c921c3ceea08226
material,#hash_c93d72764e425e9
material,#hash_c9799477bb3563a
material,#mc/mtl_p7_slu_fuse_box_electric_set_decal_03
material,#hash_cb18bc285edbe3c
material,d#hash_cd5955ffeaa53db
material,d#hash_cd5995ffeaa5aa7
material,#mc/mtl_c_t7_battery_head1_head
material,#hash_cfcb68ffb8518d0
material,#hash_d0598a638920a55
material,#hash_d082160a6289a81
material,#hash_d0a24a3772cc17d
material,d#hash_d0de5fc4c77227d
material,#wc/t7_decal_grunge_burnt_stain_02
material,#wc/t7_decal_grunge_burnt_stain_01
material,#mc/mtl_p7_slu_plate_dirty_decal
material,#hash_d3b658e1b94c16d
material,#mc/mtl_p7_ban_south_tribe_decor_rim_a_parts
material,#mc/mtl_p7_ra2_treasury_stone_wall_shelf
material,#wc/t7_ceramic_tile_shower_white_cracks
material,#hash_d56443bbed9a01f
material,#hash_d593779310945ee
material,#hash_d598d26dafb9825
material,#vd/mtl_p7_decal_ctl_grunge_stain_dark_01
material,#mc/mtl_c_t7_warrior_body1_boot_soles_skin1
material,#hash_d6ff1de68b48121
material,#mc/mtl_p8_slu_plaque_metal_03
material,#mc/mtl_p8_slu_plaque_metal_02
material,#hash_d88236b1fd37b0d
material,d#hash_d9ae616b57e70c7
material,#mc/mtl_p7_slu_box_accessory_metal
material,#hash_dae4b25bf95f8dc
material,#hash_db01aa947ba8bda
material,#hash_dc7439aa9a2c9de
material,#hash_dd6eadebbec9897
material,#hash_ddc8267e80e26f3
material,#hash_de324e2a21f226e
material,#mc/mtl_p7_mp_flag_pole_light
material,#hash_df9311b908f2e92
material,#hash_df9321b908f3045
material,d#hash_e02b0fe6b661d8d
material,#hash_e06bdd66e532fc0
material,d#mc/mtl_p8_mp_bomb_crate_harness_black
material,#hash_e1444f03f168c0f
material,#wc/t7_wes_brick_wall_01_grout_dark_blend
material,#wc/t7_zm_sta_plaster_floor_sealed_01
material,#mc/mtl_c_t7_techno_body1_copper_skin1
material,d#mc/t8_decal_graphics_caution_stripe_01
material,#vd/t7_decal_damage_crack_line
material,#hash_e58315ad8d668ec
material,#hash_e64f0a426924515
material,#mc/t7_ra2_stone_trim_rope
material,#mc/mtl_p7_light_emergency_a_light
material,#hash_e7a4287d2d9da52
material,#hash_e7ab188c6aaf8ef
material,#mc/mtl_p7_cemetary_gravestone_decal03
material,#hash_e9ed3667eed9b21
material,#hash_eb62aabc7aabf40
material,#hash_eb62babc7aac0f3
material,#hash_eb62cabc7aac2a6
material,#hash_eb62dabc7aac459
material,#hash_eb62fabc7aac7bf
material,#hash_eb9b1abc7adda7c
material,#hash_eb9b2abc7addc2f
material,#hash_eb9b3abc7addde2
material,#hash_eb9b4abc7addf95
material,#mc/mtl_p7_crate_wood_01
material,#hash_ebec06a519c9fdd
material,d#hash_ecf419c80dc24bd
material,#mc/mtl_p7_slu_pole_utility_set_transformerl_01
material,#mc/mtl_p7_fxanim_gp_vine_strand_ivy_64_smod_proxy_flat
material,#hash_ef3d27a39637b98
material,#mc/mtl_p7_slu_wire_plastic_red
material,#hash_f076631dd85fba3
material,#hash_f2c33de2b7c6861
material,#wc/t7_plaster_smooth_dirty_01_green
material,#hash_f38bc98b18ba4a8
material,#hash_f38bf98b18ba9c1
material,#wc/infinite_blackness_nogloss
material,#hash_f458d7e823976dc
material,#hash_f497af4caa0f08f
material,#hash_f4d00f91a83c3ec
material,#hash_f58f26c19343d70
material,#mc/mtl_veh_t7_dlc_decal_leak_06
material,#mc/mtl_veh_t7_dlc_decal_leak_08
material,#mc/mtl_veh_mphd_car_compact_tire_dead
material,#hash_f7b4ca1c23a2e03
material,#hash_f8db3432cee0cb3
material,#mc/mtl_p7_bottle_plastic_2litre_cola_dmg_opaque
material,d#hash_fa87b787433ef51
material,#wc/t7_decal_damage_concrete_tile_01
material,#wc/t7_decal_signage_street_lines_white
material,#mc/mtl_p8_slu_crate_wood_main
material,#hash_fbacc7b163ba4aa
material,d#hash_fd397db6d76f98f
material,#mc/mtl_p7_zm_ctl_stone_wall_grout_01
material,d#ei/gfx_fog_slow_sm_anim_lit
material,#hash_ff7d91102fb520b
material,#wc/shadowcaster
material,#mc/mtl_p7_debris_trash_bottle_water_01
material,#mc/mtl_p7_debris_trash_bottle_water_02
material,#wc/t7_ceramic_roof_tiles_01
material,#mc/mtl_p7_slu_wire_plastic_black
material,#mc/mtl_p7_dock_wood_rustic_set_03
material,#hash_10299b68e38a2138
material,#hash_10299c68e38a22eb
material,#hash_10299e68e38a2651
material,#hash_102c72cece4a96de
material,#mc/mtl_p8_slu_fountain_rock
material,#hash_1036db40758df3c2
material,#mc/mtl_p7_slu_foliage_fern_bamboo
material,#mc/mtl_p7_slu_wire_plastic_green
material,#mc/mtl_veh_mphd_van_seat_glass
material,#hash_10889cadd6d280da
material,#hash_109511c9997b0ec1
material,#hash_1096959db07b19f0
material,#hash_1096969db07b1ba3
material,#hash_1096999db07b20bc
material,#hash_10969b9db07b2422
material,#hash_10969c9db07b25d5
material,#hash_10c145a55e5e56bf
material,#vd/t7_zm_kin_decal_stain_drain
material,#hash_10d2874ce10359c7
material,d#hash_10d6585212022f15
material,#hash_10d92d2917946e61
material,#wc/t7_decal_damage_mold_02
material,#mc/t7_ra2_limestone_top_trim
material,#mcs/mtl_p7_fxanim_gp_streamer_red_01_s3
material,#hash_1114d13c02007392
material,#hash_111cc342bf4f0330
material,#hash_1135a1117206721d
material,#mc/mtl_p7_bottle_plastic_2litre_lime
material,#mc/mtl_c_t7_battery_body1_webgear_skin1
material,#mc/mtl_p7_jun_foliage_palm_tropic
material,#mc/mtl_p7_slu_box_electric_set_brass_01
material,#hash_116946b36de5958a
material,#hash_117ec6683e5534b3
material,#hash_1181d3c04bfc3af2
material,#mc/mtl_p7_inf_fountain_01_decal_cracks
material,#mc/mtl_p7_eth_comm_tower_antenna_01
material,d#mc/mtl_p8_mphd_tool_chest_metal
material,#hash_11b265616a4a018c
material,#hash_11b4726520efebfd
material,#mc/mtl_p7_slu_foliage_ivy_branches
material,#hash_11c7f3ddf4cd3723
material,#hash_11d1178f52c53d9e
material,#vd/t7_decal_grunge_calcium_drip_02_drk
material,d#mc/bullet_collision_rubber
material,#mc/mtl_p7_slu_bucket_plastic_pallet_decal
material,#mc/mtl_p7_slu_cooler_refrigerator_shader
material,#hash_11f99d9aea6e8540
material,#mc/mtl_p7_wires_electrical
material,#hash_11feea58563cf0a3
material,#hash_11feeb58563cf256
material,#mc/mtl_veh_mphd_car_compact_decal_led_dead
material,#hash_1205d145de6c63b2
material,#mc/mtl_p7_slu_cabinet_metal_decal_dirt
material,#mc/mtl_p7_slu_foliage_flower_stem
material,#hash_1215458d28647c61
material,#mc/mtl_veh_t8_dmg_scrapes_chips_7_decal
material,#hash_1220dea2cf51cead
material,d#mc/bullet_collision_foliage
material,#mc/mtl_p7_slu_chair_sofa_dmg_decal01
material,#mc/mtl_p7_slu_chair_sofa_dmg_decal02
material,#hash_12436f245637dc85
material,#hash_124d8e7ba7df976a
material,#mc/mtl_p8_slu_whiteboard_screw
material,#hash_128e9abb96f16082
material,#wc/t7_metal_panels_2x16_trim_worn_copper
material,#wc/t7_drywall_base_cream_damage_blend
material,#mc/mtl_p7_slu_sign_hanging_metal
material,d#mc/mtl_p7_slu_sofa_dmg_sponge_white
material,d#mc/mtl_p8_mphd_tool_chest_decal_dirt
material,#mc/t7_decal_damage_burn_impact_04
material,#mc/mtl_c_nrc_assault_pouch4
material,#hash_12d93c01fe5bcda3
material,#mc/mtl_c_t7_battery_body1_cyberarm_viewarm
material,#hash_130496b7f8456ff7
material,#hash_130497b7f84571aa
material,#mc/mtl_c_t7_warrior_body1_plastic_skin1
material,#mc/mtl_p7_slu_telephone_dirt
material,#mc/mtl_p7_foliage_grass_01
material,#mc/mtl_p7_foliage_grass_02
material,#mc/mtl_c_t7_warrior_body1_straps_skin1
material,#hash_13375da3f14f76c4
material,#mc/mtl_p7_shelf_industrial_vintage_wood
material,#wc/t7_concrete_floor_trim_01_wet
material,#hash_136b2deb34ea3018
material,#hash_136b2feb34ea337e
material,#hash_136b30eb34ea3531
material,d#hash_138e72a98557e3ac
material,d#hash_138e74a98557e712
material,d#hash_138e75a98557e8c5
material,#ei/gfx_gib_glass_02_em_i1024
material,#hash_13bc75d93ed2027c
material,#hash_13c3b3b32b59c899
material,#hash_13c5e1f02c790491
material,#hash_13ce4d7f1ba7a9e2
material,#hash_13ceb51ea0fd9499
material,#mc/mtl_p7_fir_foliage_tree_vista_02_proxy_tiled
material,#mc/mtl_p7_ban_foliage_tree_juniper_lrg_decals01
material,#hash_13efd8959bb9ffd9
material,#mc/mtl_p7_slu_door_wood_teal_glass01
material,d#hash_1420421d8d4beff1
material,#hash_142b4b75b7190b4d
material,#hash_1442c68870e7098a
material,#mc/mtl_p7_light_pro_armory_fluorescent
material,#mc/mtl_p7_slu_trash_bin_rubber
material,#wc/t7_decal_damage_concrete_cracks_01
material,#wc/t7_decal_damage_concrete_cracks_04
material,d#mc/mtl_p7_slu_sofa_dmg_body
material,#hash_1464b103c42ba221
material,#hash_146a76482cd5deab
material,#hash_146a77482cd5e05e
material,#mc/mtl_p7_fir_foliage_tree_vista_05_proxy_tiled
material,#hash_147ac98179273a73
material,d#ei/gfx_smk_tendril_1_lit
material,#hash_14a5548216e9b4b6
material,#hash_14a66c0f9db4c4b0
material,#hash_14a66d0f9db4c663
material,#hash_14a66e0f9db4c816
material,#mc/mtl_p7_slu_table_military_wood
material,#hash_14af681940fb98a9
material,#wc/t7_dirt_rocky_02_blend
material,d#hash_14b2ad93a95f3be7
material,#vd/t7_decal_grunge_charred_stain_03
material,#hash_14bcd59e181ccba2
material,#mc/mtl_p7_debris_trash_paperbag_01
material,#mc/mtl_p7_debris_trash_paperbag_02
material,#hash_14d2b1809e5d8254
material,d#mc/bullet_collision_metalcar
material,#hash_14f377b10ea0fa74
material,#hash_14fe5c1272318503
material,#hash_14fe5d12723186b6
material,#mc/mtl_p7_slu_ac_unit_window_lable
material,#mc/mtl_p7_slu_wire_decal
material,#wc/p7_vld_wood_rustic_white
material,#hash_155456fad3c7c850
material,#wc/t7_decal_grunge_wall_stain01_metal02
material,d#mc/t8_decal_tech_detail_high_tech_66
material,#hash_15698a01e49bf472
material,#hash_1576d29d139cb6ba
material,#mc/mtl_p8_slu_pallet_wood_02_brown_decal_wood_04
material,#mc/mtl_p8_slu_pallet_wood_02_brown_decal_wood_03
material,#mc/mtl_p8_slu_pallet_wood_02_brown_decal_wood_02
material,#mc/mtl_p8_slu_pallet_wood_02_brown_decal_wood_01
material,#mc/mtl_p7_fxanim_gp_plastic_tarp_cover_blue_02_s3
material,#hash_1597d2d49a833059
material,d#mc/t7_rubber_hex_floor_tiles_02_black
material,#wc/t7_grass_scrub_blend
material,#hash_15ba4e549b7f7db7
material,#vd/t7_ban_decal_signage_graffiti_scribble_04_white
material,#mc/mtl_c_t7_techno_body1_arm_left_skin1
material,#hash_15d9fef9a87bd249
material,#hash_15d9fff9a87bd3fc
material,#hash_15da00f9a87bd5af
material,#hash_15da01f9a87bd762
material,#mc/mtl_p7_foliage_tree_palm_trunk
material,#hash_15f15583665e78ed
material,#hash_15f4e69dfb5d60c0
material,#hash_15f5886d180b3ef5
material,d#hash_15ff0e3297252568
material,#mc/mtl_c_ega_soldier_3_grenade
material,d#mc/mtl_wpn_t8_eqp_briefcase_bomb_glass
material,#hash_16246020aef7ec66
material,#hash_162e5f5a3a307368
material,#hash_162e625a3a307881
material,d#hash_1647bb6fedcb9b66
material,d#hash_164c31643557fdd7
material,#wc/t7_decal_fixture_drain
material,d#mc/mtl_c_t8_mp_spe_buffer_body1_syringe_pouch
material,#mc/mtl_p7_planter_ceramic_01_top
material,#hash_16958626da5908a9
material,#hash_16a4a5c24e5cee0c
material,#hash_16a4a8c24e5cf325
material,#mc/mtl_p7_conduit_rust_pipes
material,d#mc/mtl_wpn_t8_eqp_briefcase_bomb_decals
material,#mc/mtl_p7_glass_shards
material,#hash_16cb1e9c7dbbeee9
material,d#hash_16ceca41e7a06a42
material,d#hash_16d0f1b9710af0b2
material,#hash_16dd6c8f1c6e8d00
material,#hash_16e7ff0d5354fed7
material,#hash_16e8000d5355008a
material,#mc/mtl_p7_slu_antenna_set_nail01
material,#hash_171d4537613c52b0
material,#hash_171d4637613c5463
material,#hash_171d4e37613c61fb
material,#hash_171d4f37613c63ae
material,#hash_171d5037613c6561
material,#hash_171d5137613c6714
material,#hash_171d5237613c68c7
material,#hash_171d5337613c6a7a
material,#hash_171d5437613c6c2d
material,d#mc/bullet_collision_cloth
material,#mc/mtl_veh_t8_dmg_scrapes_chips_10_decal
material,#wc/p7_zm_sta_debris_wood_lath_grunge_burnt_stain
material,#mc/t7_glass_window_warehouse_backlit
material,#wc/t7_dlc1_decal_damage_sidewalk_seam
material,#mc/mtl_p7_table_dining_cafe_wicker_01_02
material,#hash_178d63e8ec007db5
material,#hash_17941b50cc631675
material,#hash_179825be423e5a5c
material,#hash_179ce1438cebbf62
material,#mc/mtl_c_t7_warrior_body1_arm_b1_skin1
material,#hash_17c457fb8ec52ed7
material,d#hash_17c9b4f2053f5a96
material,#hash_17e0d98007211854
material,#mc/mtl_c_t7_techno_body1_pistol_mr6_plastic_skin1
material,#hash_17ec13c8faab20f9
material,#mc/mtl_p7_street_manhole_cover_03
material,#vd/t7_decal_damage_crack_04
material,#mc/mtl_p7_slu_sign_neon_open_green
material,d#mc/t8_rubber_mat_worn_01
material,d#mc/t8_rubber_mat_worn_02
material,#ei/gfx_gib_glass_01_lit_em_i1024
material,#vd/t7_decal_grunge_calcium_drip_03_blend_rust
material,#hash_182b94adad0660d5
material,#hash_1836749f00b84261
material,#ei/gfx_bio_fly_top_lit
material,#mc/mtl_veh_t7_dmg_scrapes_chips_6_decal
material,#hash_18629572dee9b5a5
material,#wc/t7_decal_trim_seam_clean
material,#hash_186e2edc151965c6
material,#hash_1895a74da1cf4a9b
material,#hash_1895a84da1cf4c4e
material,#hash_18a35d2f90ba84bf
material,#hash_18a35e2f90ba8672
material,#hash_18a35f2f90ba8825
material,#hash_18b1aed1a1667500
material,#hash_18c42e58b7491a33
material,#hash_18c453b60a026677
material,#hash_18c6447793837ed1
material,d#ei/gfx_exp_billow_md_anim_em
material,#wc/t7_ceramic_tile_diamond_orange
material,#hash_18deebbb487caa70
material,#hash_18deecbb487cac23
material,#hash_18deeebb487caf89
material,#hash_18e04ce1fd6b1289
material,#mc/mtl_p7_zm_asc_box_electrical_metal_06
material,#mc/mtl_p7_zm_asc_box_electrical_metal_08
material,#hash_18e3cfe1fd6e26f9
material,#hash_18ee8e7e870cfbe0
material,d#ei/gfx_smk_puff_volume_varied_lit
material,#hash_193f2e6a2e06501a
material,#mc/mtl_p7_slu_bucket_plastic_pallet_wood01
material,#mc/mtl_p7_slu_bucket_plastic_pallet_wood02
material,#hash_1953a5c8a08c30b1
material,#mc/mtl_p7_corrugated_sheet_metal_rust_06_proxy_flat
material,d#hash_195bd78cf111bce7
material,#mc/mtl_p7_slu_gate_door_rusty_metal
material,#hash_19735fb765acd45f
material,#hash_197360b765acd612
material,#hash_197361b765acd7c5
material,#hash_198c8381211fce96
material,#hash_19a33e448206c8fe
material,#hash_19a69e8bfee4f8c6
material,d#mc/mtl_p7_slu_barrel_metal_01
material,#mc/mtl_veh_mphd_van_brakelight_metal_dead
material,#hash_19cf014421b7bca8
material,#hash_19cf044421b7c1c1
material,#mc/mtl_p7_fire_sprinkler_interior
material,#mc/mtl_p7_zm_ctl_bell_clock_tower_dirt02
material,#mc/mtl_c_t7_warrior_body1_arm_c1_skin1
material,#hash_19ef38afc7cf357d
material,#mc/mtl_veh_t7_dmg_scrapes_chips_7_decal
material,#hash_1a327aca0db257a4
material,d#hash_1a4a448722488475
material,#wc/t7_dlc1_concrete_poured_01
material,d#mc/mtl_p7_slu_refrigerator_modern_decal_spalling_01
material,#wc/t7_zm_isl_concrete_poured_01
material,#mc/t7_zm_ctl_stone_wall_smooth
material,#wc/t7_dlc1_decal_grunge_dirt_leak_01
material,#mc/com_glass_opaque
material,#mc/mtl_p7_slu_beam_metal_decal
material,#hash_1aab9b0ae05403dd
material,#hash_1aabd7bf9113c083
material,#hash_1aafc053abe3e553
material,#mc/mtl_p7_debris_concrete_rubble_sm
material,#mc/mtl_p7_eth_comm_tower_antenna_01_yellow
material,d#mc/mtl_p7_conduit_metal_parts
material,#wc/t7_decal_grunge_water_puddle_04
material,#mc/mtl_p7_zm_tra_bike_destroyed_wheel
material,#wc/t7_concrete_rough_layered_01
material,#hash_1b27d354b4727a08
material,#mc/mtl_p7_jun_sheet_metal_2x8_2
material,#mc/mtl_p8_slu_gravestone_03_stone
material,#hash_1b6d6569776577e2
material,#mc/mtl_p8_slu_bag_laundry_bundle_dust_blue
material,#hash_1b87c217e70a020c
material,#mc/mtl_p7_zm_kin_data_reel_set_weld
material,#mc/mtl_veh_mphd_van_body_bottom
material,#mc/mtl_p7_zm_shi_dock_post_wood_cap
material,#hash_1bef43a455019bdf
material,#mc/mtl_c_t7_battery_pouch
material,#mc/mtl_p8_wz_supply_stash_decal_medical_dark
material,#mcs/mtl_p7_fxanim_gp_streamer_orange_01_s3
material,#mc/mtl_p7_slu_window_glass_dmg_01
material,#hash_1c14cd10917e1c01
material,d#hash_1c15db4d4e799c4e
material,#hash_1c178dc11279e019
material,#mc/mtl_p8_mphd_rollup_door_metal_01
material,#mc/mtl_p8_mphd_rollup_door_metal_02
material,#vd/t7_decal_damage_concrete_ground_01
material,#hash_1c31d3e7546c162c
material,#hash_1c3db1410050fa7a
material,#mc/mtl_p7_fir_foliage_tree_vista_01_group_proxy_tiled
material,d#mc/mtl_p7_slu_refrigerator_modern_metal_06
material,d#mc/mtl_p7_slu_refrigerator_modern_metal_07
material,d#mc/mtl_p7_slu_refrigerator_modern_metal_04
material,d#mc/mtl_p7_slu_refrigerator_modern_metal_05
material,d#mc/mtl_p7_slu_refrigerator_modern_metal_02
material,d#mc/mtl_p7_slu_refrigerator_modern_metal_03
material,d#mc/mtl_p7_slu_refrigerator_modern_metal_01
material,#mc/mtl_p7_light_fluorescent_subway
material,#hash_1c668f427fb691ef
material,#mc/mtl_c_t7_techno_body1_baremetal_skin1
material,#wc/t7_brick_worn_heavy_grout_dirty_blend
material,#mc/mtl_p7_fir_foliage_tree_vista_set_foliage
material,#hash_1c78c0c99c0633bf
material,#hash_1c78c1c99c063572
material,#mc/mtl_veh_mphd_van_door_rear_rubber_dead
material,d#hash_1c8ae45b3741280b
material,#wc/t7_brick_worn_rounded
material,#wc/t7_decal_grunge_wall_stain_01
material,#mc/mtl_p7_slu_meter_electric_02_base_01
material,#hash_1cc4e5123d52aa49
material,#mc/mtl_veh_mphd_van_glass_dead
material,#hash_1cc9d01a91dab035
material,d#mc/mtl_p8_mp_bomb_crate_silver
material,#hash_1cdf91bd9e65ca53
material,#hash_1ce6a2d17fee246d
material,#hash_1cfaa944ad9343b7
material,#hash_1d1536b651198e1e
material,#mc/mtl_p7_slu_table_bench_breakage_01
material,#mc/mtl_p7_slu_table_bench_breakage_02
material,#mc/mtl_p7_eth_rock_cluster_04
material,#mc/mtl_p7_eth_rock_cluster_03
material,#hash_1d3babc4a0c60537
material,d#mc/mtl_p7_slu_fire_hydrant_metal_grunge_decal
material,#mc/bullet_collision_metal_nomarks
material,#wc/t7_con_metal_painted_black
material,#hash_1d9d228ec598bcb3
material,#mc/mtl_p8_wz_supply_stash_decal_bolt
material,#mc/mtl_p7_zm_tra_bike_destroyed_chain
material,#hash_1dacb459c2f8ca83
material,#hash_1db315ff1f2c4f03
material,#mc/mtl_p7_slu_door_wood_frame_dirt
material,#mc/mtl_veh_mphd_van_body_interior_front_dead
material,#vd/t7_drywall_base_cream_damage_blend
material,#hash_1e141dcee63ab88f
material,#hash_1e1baa4f3ea4ebee
material,#hash_1e293b7800952711
material,#hash_1e3d66996946d995
material,#mc/mtl_p7_zm_kin_data_reel_set_metal01
material,#mc/mtl_veh_mphd_van_body_front_dead
material,#mc/mtl_p7_food_fruit_banana_bunch
material,#mc/mtl_p7_debris_trash_food_box_03
material,#mc/mtl_p7_debris_trash_food_box_01
material,#hash_1e74a32f33a5acf6
material,#hash_1e8a1de8dcfa3728
material,#hash_1e9f046a68115503
material,d#mc/mtl_p7_bucket_plastic_5_gal_white
material,#mc/mtl_p8_mp_bomb_crate_whole_destroyed_gray_burned
material,#hash_1ec40c3403f6cf2b
material,#hash_1ec4e197d0a7824c
material,#hash_1eebd24365a97ae9
material,#hash_1eeddde67d215d71
material,#wc/t7_decal_wire_black_no_alpha
material,#mc/mtl_p7_zm_sha_can_beer_treyarch
material,#mc/mtl_c_t7_warrior_body1_cloth_mid_skin1
material,#hash_1f3af99212c9c97b
material,#mc/mtl_p7_sin_chinese_temple_door_metal_v1
material,#vd/t7_decal_grunge_water_puddle_04
material,#hash_1f5512b70a807107
material,#hash_1f685d5f12f8d1eb
material,#vd/t7_dirt_rocky_02_blend
material,#hash_1f761ed8790fa11f
material,#mc/mtl_p8_slu_pallet_wood_02_brown_decal
material,#mc/mtl_c_t7_techno_body1_pants_skin1
material,#vd/t7_decal_damage_bullet_holes_02
material,#wc/t7_street_concrete_curb_01a
material,#mc/mtl_c_t7_techno_body1_boot_skin1
material,#hash_1fe58b5a37a06173
material,#hash_1fe6791f56c0c6a7
material,#hash_1fe7d3d43e52d3de
material,d#mc/mtl_p7_slu_sofa_dmg_cloth
material,#hash_1fefe501da67e440
material,#hash_1fefe701da67e7a6
material,#hash_1fefe801da67e959
material,#hash_1fefe901da67eb0c
material,#hash_1fefea01da67ecbf
material,#hash_1fefeb01da67ee72
material,#hash_1fefec01da67f025
material,#hash_1ff6c897abce9621
material,#hash_20025acf5ab2c698
material,#hash_20025bcf5ab2c84b
material,#hash_20025dcf5ab2cbb1
material,#hash_200260cf5ab2d0ca
material,#hash_200261cf5ab2d27d
material,#hash_201c76215abaa168
material,#mc/mtl_p7_slu_meter_electric_decal_10
material,#mc/mtl_p7_slu_meter_electric_decal_03
material,#mc/mtl_p7_slu_meter_electric_decal_01
material,#mc/mtl_p7_slu_meter_electric_decal_07
material,#mc/mtl_p7_slu_meter_electric_decal_06
material,#mc/mtl_p7_slu_meter_electric_decal_05
material,#mc/mtl_p7_slu_meter_electric_decal_04
material,#mc/mtl_p7_slu_refrigerator_vintage_set_body_02
material,#mc/mtl_p7_slu_refrigerator_vintage_set_body_01
material,#hash_2043ccdbc8bfa547
material,#hash_2046f3f404889607
material,d#mc/mtl_p8_mp_bomb_crate_harness
material,#mc/mtl_veh_mphd_van_wheel_rubber_dead
material,#hash_206a1fe54fcdfedf
material,#mc/mtl_p7_slu_plywood_old_01
material,d#hash_20788517151a7e0c
material,#hash_209821df18cf2057
material,#hash_20a609f2c9312030
material,#mc/mtl_p7_slu_panel_electrical_metal_01
material,#mc/mtl_p7_slu_panel_electrical_metal_03
material,#wc/t7_ban_metal_painted_rusty
material,#mc/mtl_p7_slu_fuse_box_electric_set_wire_red
material,#hash_20f7e6434d2a11ba
material,#mc/mtl_p8_slu_memorial_post
material,#vd/mtl_p7_cai_street_grunge_stain_bottom_01_decal
material,#hash_212022de341209ed
material,#mc/mtl_p7_zm_tra_bike_destroyed_part_02
material,#hash_2130299accc80392
material,#hash_2134d95e8dec229d
material,#hash_213cfac52df4b1ca
material,#hash_2147540d5a3db180
material,#mc/mtl_veh_t7_shattered_glass_tinted_5
material,#hash_2165c7653fcd9827
material,#mc/mtl_p7_slu_debris_trash_pile_bamboo
material,#wc/t7_con_decal_grunge_dirty_tile_01
material,#hash_218be5ec48638584
material,d#hash_2192ddd1ec9bca79
material,d#mc/t8_decal_damage_scratch_marks_01
material,#hash_21a10cd6b88bc198
material,#wc/t7_decal_grunge_oil_stain_01
material,#mc/mtl_c_t7_warrior_body1_thighpad_skin1
material,#hash_21c7a322c86aff3d
material,#hash_21dc153dd206a7b9
material,#mc/mtl_p7_zm_ori_church_columns
material,#mc/mtl_p7_slu_door_wood_teal_nail
material,#mc/mtl_p7_slu_bench_wood_ornate_decal
material,d#mc/mtl_c_hro_sarah_shoes
material,d#mc/mtl_p7_slu_sofa_dmg_sponge_1
material,#hash_220a7a3c23bb2cb8
material,#hash_220d7f2c30c80900
material,#hash_221565f62ea91cab
material,#hash_224443d26f67abaa
material,#mc/mtl_p7_slu_wire_metal_white
material,#mc/mtl_p7_debris_concrete_rubble_slab_cracks
material,#mc/mtl_p8_mphd_rollup_door_decal_chain_01
material,#hash_227048e7b431cbed
material,#hash_22798e02df736215
material,#mc/mtl_p7_duct_metal_rectangle_x_joint_rust
material,#wc/t7_decal_grunge_brick_color_faded
material,#vd/t7_decal_damage_concrete_dust_dark
material,#hash_22a11ba9f5e3c809
material,d#mc/t8_decal_tech_detail_line_trim_14_normal
material,#hash_22a7d1aa43431f56
material,#wc/t7_stone_moss_lichen_blend
material,#hash_22aa1e3d15eb64b0
material,#mc/mtl_p7_zm_zod_cobblestone_chunks_dark_wet
material,#mc/mtl_p7_slu_wire_decal_dirt
material,#mc/mtl_p7_slu_foliage_tree_palm_fan
material,d#hash_22e08947a0edd727
material,#hash_22e229f15558b242
material,#mc/mtl_p7_slu_box_electric_set_plastic
material,#hash_22ea76ebe105f286
material,#mc/mtl_p7_slu_cinder_block_torn
material,#mc/mtl_veh_mphd_van_stage
material,#mc/mtl_p7_slu_box_electric_set_decal_labels
material,#wc/t7_shr_wood_wall_weathered
material,#mc/mtl_p8_slu_whiteboard_metal
material,#hash_2319b72a00641258
material,#mc/mtl_p7_slu_door_wood_teal_wood01
material,#mc/mtl_p7_slu_door_wood_teal_wood02
material,#mc/mtl_p7_slu_door_wood_teal_wood03
material,#mc/mtl_p7_zm_tra_bike_destroyed_frame_01
material,#hash_23395cba77a5ea4c
material,#wc/t7_plaster_rough_worn_02_teal
material,#hash_235c658649df3495
material,#hash_236496ded12fe23e
material,#wc/t7_decal_damage_stain_concrete_01
material,#mc/mtl_p7_slu_barrier_concrete_concrete02
material,#mc/mtl_p7_slu_barrier_concrete_concrete03
material,#mc/mtl_p7_slu_barrier_concrete_concrete01
material,#hash_237d0a4d086f1000
material,#mc/mtl_p7_jun_sheet_metal_4x4
material,#mc/mtl_p7_jun_sheet_metal_4x8
material,#mc/mtl_veh_mphd_van_brakelight_outer
material,#vd/t7_decal_signage_graffiti_07
material,#vd/t7_decal_signage_graffiti_05
material,#vd/t7_decal_signage_graffiti_18
material,#vd/t7_decal_signage_graffiti_11
material,#vd/t7_decal_signage_graffiti_10
material,#vd/t7_decal_signage_graffiti_16
material,#hash_23a8bb9755cb0234
material,#hash_23abdca2849d51fa
material,#hash_23b7e7b0bd7ce9e1
material,#mc/t7_zm_ctl_wood_plank_wide_01_clean
material,#hash_23c892e65b60b956
material,#mc/mtl_p7_zm_asc_box_electrical_decal_03
material,#mc/mtl_p7_zm_asc_box_electrical_decal_02
material,#mc/mtl_p7_zm_asc_box_electrical_decal_05
material,#mc/mtl_p7_zm_asc_box_electrical_decal_04
material,#mc/mtl_p7_zm_asc_box_electrical_decal_06
material,#mc/mtl_p7_zm_asc_box_electrical_decal_08
material,#mc/mtl_p7_debris_trash_cup_red_02
material,#mc/mtl_p7_debris_trash_cup_red_01
material,#mc/mtl_p7_slu_box_electric_set_rubber_05
material,#mc/mtl_p7_slu_box_electric_set_rubber_04
material,#mc/mtl_p7_slu_box_electric_set_rubber_03
material,#mc/mtl_p7_slu_box_electric_set_rubber_02
material,#mc/mtl_p7_slu_box_electric_set_rubber_01
material,#mc/mtl_p7_zm_isl_foliage_plant_fern_sword
material,#hash_23fcccdf3d274a54
material,#hash_2413d3962819e43c
material,#hash_2416a2c836412251
material,#mc/mtl_p8_slu_plaque_metal_leaks
material,#mc/mtl_p7_slu_collapsible_metal_door
material,#mc/mtl_p7_slu_grill_body_wheel_metal
material,d#hash_24570e15aac516b1
material,#hash_245b05d08c4f9794
material,#hash_2464370882349a23
material,#wc/t7_decal_grunge_dirt_wall_01_blend_offset
material,d#hash_2472cb78b033f5b8
material,#hash_24879f768e0bc586
material,#mc/mtl_p7_jun_corrugated_metal_base_03
material,#hash_24995707902e38c2
material,#hash_249dac295ef086a4
material,#hash_24a208272121f73b
material,#hash_24a44b4a868b2d8d
material,#hash_24b821203d50db84
material,#hash_24b824203d50e09d
material,#wc/t7_rubble_concrete_sm_blend
material,#mc/mtl_c_t7_technomancer_body2_lights_screens
material,#hash_24ce417eaeb8e26a
material,#mc/mtl_p7_kfu_chinese_temple_door_wood
material,#vd/t7_decal_damage_concrete_cracks_01
material,#vd/t7_decal_damage_concrete_cracks_04
material,#hash_24dd0290e23058ab
material,#mc/mtl_veh_mphd_van_brakelight_glass
material,#vd/t7_decal_grunge_moss_grime_dark
material,#mc/mtl_p7_jun_foliage_bush_desert_a_proxy_tiled
material,#mc/mtl_p7_slu_gate_door_rusty
material,#hash_251d113c6b6c5406
material,#hash_251f94ccf8248fea
material,#wc/t7_asphalt_old_dark
material,#mc/mtl_p7_debris_trash_drink_carrier_01
material,#mc/mtl_p8_wz_supply_stash_decal_label
material,#mc/bullet_collision_brick
material,#mc/mtl_c_t7_techno_body1_gear_skin1
material,#mc/mtl_p7_food_fruit_pinapple
material,#hash_256104f688639dc1
material,#hash_25677218464467b7
material,#hash_256867ab34ce39cf
material,#mc/mtl_p7_slu_door_white_metal_02
material,#mc/mtl_p7_slu_door_white_metal_03
material,#mc/mtl_p7_slu_door_white_metal_01
material,#hash_25a8bb1f2cce8d01
material,#mc/mtl_p7_light_fluorescent_subway_glass
material,#hash_25c8d6b5d0e0c932
material,#hash_25d890a88c5dbdd2
material,#hash_25db2a9693a41672
material,#hash_25dc9a13c1855e0f
material,#hash_25dc9b13c1855fc2
material,#hash_25f8ccb2e0eb7758
material,#hash_25f8ceb2e0eb7abe
material,#hash_25f8cfb2e0eb7c71
material,#hash_2607818ca9b72ed2
material,d#mc/mtl_c_t8_mp_spe_buffer_body1_scisors
material,#mc/mtl_p7_debris_trash_wrapper_01
material,#mc/mtl_p7_debris_trash_wrapper_03
material,#mc/mtl_p7_debris_trash_wrapper_02
material,#hash_2634aa8a6e18f779
material,#wc/t7_ceramic_tile_shower_red
material,#hash_266acc6f8182aa21
material,#mc/t7_brick_worn_dirty_red_blend
material,d#mc/mtl_p7_slu_bag_cement
material,#hash_268d8481c134b2bb
material,#hash_268f9a46c72c4a98
material,#hash_269f6a4745d47e41
material,#mc/mtl_p7_slu_panel_electrical_02_base_part_01
material,#mc/mtl_p7_slu_panel_electrical_02_base_part_06
material,#hash_26b3557dc93c2f79
material,#hash_26cee5ebd05088c3
material,#mc/mtl_c_t7_warrior_body1_webbing_skin1
material,#hash_26e1dbc57c24f84e
material,#mc/mtl_veh_mphd_van_seat_metal_dead
material,#vd/t7_ban_decal_signage_graffiti_st_flames
material,#wc/t7_zm_ctl_plaster_int_01_white
material,#mc/t7_decal_grunge_rust_04
material,#hash_273a07bc31f231c5
material,#mc/mtl_p8_slu_fountain_moss
material,#mc/mtl_c_t7_battery_hair_eyebrowshell
material,#hash_276525c1affa3967
material,#hash_2783632f41e2a146
material,#mc/mtl_p8_slu_crate_wood_main_twin2
material,#mc/t7_glass_dirty_dome_01
material,d#mc/mtl_p7_slu_refrigerator_modern_plastic
material,#mc/mtl_p8_wz_supply_stash_health_canvas_darker
material,#mc/mtl_p7_slu_fuse_box_electric_set_wire_green
material,#hash_27d7e3b847775fa9
material,#hash_27e178d7821dfd6d
material,#hash_27e2692e0f3e3bf1
material,#mc/mtl_veh_mphd_van_seat_metal
material,#hash_280e10bda659abdf
material,#hash_28155d2aad5adbd7
material,d#mc/mtl_p8_mp_flag_base_01
material,#mc/mtl_veh_mphd_van_element_external_rubber_dead
material,#hash_283515d7553b853c
material,d#mc/t8_decal_tech_shipping_container_bolt_04
material,#wc/t7_plaster_rough_worn_01_wet
material,d#hash_28367170708054b5
material,#hash_283b76e9b9cee40a
material,#hash_285caa837f15b580
material,#hash_285caf837f15bdff
material,#hash_285cb0837f15bfb2
material,#hash_285cb1837f15c165
material,#mc/mtl_veh_mphd_car_compact_decal_gauge_01
material,#mc/mtl_veh_mphd_car_compact_decal_gauge_03
material,#mc/mtl_veh_mphd_car_compact_decal_gauge_02
material,#mc/mtl_veh_mphd_car_compact_decal_gauge_05
material,#mc/mtl_veh_mphd_car_compact_decal_gauge_04
material,#mc/mtl_veh_mphd_car_compact_decal_gauge_06
material,#hash_2863ff91966a2418
material,#mc/mtl_c_t7_techno_body1_chest_device_skin1
material,#hash_2866e2c8ce5bde73
material,#mc/mtl_p7_planter_ceramic_dirt
material,#mc/mtl_p7_slu_building_apartment_balcony_07
material,#mc/mtl_p7_slu_building_apartment_balcony_03
material,#mc/mtl_p7_slu_ac_unit_window_decal03
material,#mc/mtl_p7_slu_ac_unit_window_decal02
material,#mc/mtl_p7_slu_ac_unit_window_decal01
material,#mc/mtl_p7_debris_newspaper_01
material,#mc/mtl_p7_debris_newspaper_02
material,#mc/mtl_p7_slu_refrigerator_vintage_set_door_top
material,#hash_28d0f8fc10ca77ee
material,#hash_28fafc910375b5f1
material,#mc/mtl_p7_zm_ori_church_vault_cracks_decal
material,#hash_29057b4a185c5a4f
material,#hash_290c2f2e825f5998
material,d#mc/mtl_c_bc_femalesoldier_legholster
material,#mc/mtl_p7_slu_terracota_tile_damaged_01_rvl
material,#hash_29284aa6e0151c8c
material,#wc/t7_decal_grunge_bottom_02b
material,#vd/t7_decal_grunge_wall_stain_01_blend
material,#hash_29579bd25a3d037e
material,#hash_29605ad5415652d2
material,#hash_297264074b339d90
material,#hash_297267074b33a2a9
material,d#mc/mtl_p7_slu_refrigerator_modern_decal_dirt_04
material,d#mc/mtl_p7_slu_refrigerator_modern_decal_dirt_05
material,d#mc/mtl_p7_slu_refrigerator_modern_decal_dirt_02
material,d#mc/mtl_p7_slu_refrigerator_modern_decal_dirt_03
material,d#mc/mtl_p7_slu_refrigerator_modern_decal_dirt_01
material,#hash_297a47f301d0b582
material,#hash_297aab3f767be94b
material,#hash_298a6f9f183ad599
material,#mc/mtl_c_t7_techno_body1_monitor_skin1
material,#mc/mtl_p7_slu_box_electric_set_brass
material,#mc/mtl_p7_slu_bench_wood_ornate_wood
material,#hash_29ab11c7e4d243a8
material,d#mc/bullet_collision_cushion
material,d#mc/bullet_collision_ceramic
material,#hash_29c9fa9116bdaffc
material,#mc/mtl_p7_slu_cooler_refrigerator_screw
material,#mc/mtl_p7_slu_bench_wood_ornate_decal_01
material,#hash_29f88b975fb7ff50
material,#mc/mtl_p7_slu_building_apartment_balcony
material,#mc/mtl_p7_cemetary_gravestone_a
material,#hash_29fe874c666ff89f
material,#hash_29fe884c666ffa52
material,#hash_2a0badea6f17b029
material,#mc/mtl_p8_slu_memorial_post_rust
material,#mc/mtl_p7_slu_telephone_light
material,#mc/mtl_veh_mphd_van_door_rear_metal_dead
material,#wc/t7_decal_grunge_dirt_wall_01_blend
material,#mc/mtl_p8_mp_bomb_crate_whole_destroyed_stencil
material,#mc/mtl_p7_debris_clothing_pants_02
material,#hash_2a587aec955d1bf2
material,#hash_2a588cec955d3a88
material,#hash_2a596cfea9d0e9c0
material,#hash_2a596ffea9d0eed9
material,#hash_2a62471f060c9f02
material,#mc/t7_decal_metal_nails
material,#hash_2a713abef7561032
material,#mc/mtl_c_ega_soldier_3_knife
material,#hash_2a74bcea183708cc
material,#wc/t7_wes_dirt_chunky_01_dark_blend
material,#hash_2a7f48c4175aeec9
material,#hash_2a8354368a4a54cb
material,#mc/mtl_p7_fir_foliage_tree_vista_set_wood
material,#hash_2aa37e670ff44c63
material,#mc/mtl_p8_wz_supply_stash_zipper
material,#hash_2ab55123e040968b
material,#hash_2abfdea40155d696
material,#hash_2adaf493c31c9371
material,#wc/t7_decal_grunge_pool_silt_01
material,#mc/mtl_p7_slu_panel_electrical_decal_10
material,#mc/mtl_p7_slu_panel_electrical_decal_11
material,#mc/mtl_p7_slu_panel_electrical_decal_09
material,#mc/mtl_p7_slu_panel_electrical_decal_03
material,#mc/mtl_p7_slu_panel_electrical_decal_05
material,#mc/mtl_p7_planters_modern_decals
material,#mc/t7_glassware_broken_dirty_grimes_01
material,#mc/mtl_p7_slu_door_wood_frame_nails
material,#mc/mtl_veh_mphd_van_body_interior_mat
material,#hash_2b1329fb97ead59d
material,#mc/mtl_p7_slu_refrigerator_vintage_set_door_btm_01
material,#mc/mtl_p7_slu_refrigerator_vintage_set_door_btm_02
material,#mc/mtl_p7_slu_debris_trash_pile_black
material,#wc/t7_zm_isl_concrete_wall_panel_1x2_01
material,#hash_2b48d50c1b373bbd
material,d#mc/mtl_p8_mp_bomb_crate_green
material,#hash_2b66e77a5916419e
material,#mc/mtl_p8_wz_graveyard_fence_set_metal_tiling
material,#mc/mtl_p7_slu_shelf_wall_metal_weld
material,#mc/mtl_p8_slu_bag_laundry_bundle_tear_blue
material,#mc/mtl_p7_wes_hotel_window_02
material,#hash_2b925235e3b47bf7
material,#mc/mtl_p7_slu_refrigerator_vintage_set_decal_dmg
material,#mc/mtl_p8_mp_bomb_crate_whole_destroyed_caution
material,#hash_2bcecc2214c9426b
material,#mc/mtl_p7_slu_sign_neon_open_nail_02
material,d#hash_2bfb2085c66224f2
material,#hash_2bfb3fdaaaf840db
material,#hash_2c0527c892793ebe
material,#hash_2c1fd909058d09d7
material,#hash_2c243cc9187828c0
material,#hash_2c31428e403dfa8e
material,#wc/t7_shr_wood_wall_weathered_dark
material,#hash_2c5032d7ee28009e
material,#hash_2c53148842d6968a
material,#hash_2c5518d8ceec2713
material,d#mc/mtl_p8_mp_flag_pole_01_rubber
material,#hash_2c67832fc080bd7e
material,#mc/mtl_p7_slu_debris_trash_pile_cardboard_02
material,#hash_2c6fd920cdfb496b
material,#hash_2c6fda20cdfb4b1e
material,#mc/mtl_p8_mp_bomb_crate_whole_destroyed_burned
material,#mc/mtl_p7_fxanim_mp_flag_neutral
material,#hash_2c8c5969f669a1a3
material,#mc/mtl_veh_mphd_van_body_interior_front
material,d#hash_2cdcba62fc478b46
material,#mc/mtl_veh_mphd_van_frontlight_metal_dead
material,#mc/t7_decal_grunge_burnt_stain_01
material,#mc/t7_decal_grunge_burnt_stain_02
material,#hash_2cf05d0f33ea613c
material,#hash_2cfd7d2f0ec96183
material,#hash_2d018e9b7428d145
material,#hash_2d0baf4e2a0b0676
material,#mc/mtl_p7_slu_box_electric_set_nail
material,#hash_2d1bf36a9a58f682
material,#hash_2d3c1059fc668881
material,#hash_2d43a06030ab31f8
material,#hash_2d43a26030ab355e
material,#hash_2d43a36030ab3711
material,#hash_2d54e77d47c56521
material,#hash_2d59291fbb8e0398
material,#mc/mtl_p8_mp_bomb_crate_whole_destroyed_trim02
material,#mc/mtl_p7_slu_building_apartment_balcony_metal
material,#mc/mtl_c_t7_battery_hairshell2
material,#mc/mtl_c_t7_battery_hairshell1
material,#hash_2dbb9af88632e4fb
material,#hash_2dbdd69b510f622a
material,#mc/mtl_veh_t7_dmg_scrapes_chips_10_decal
material,#mc/mtl_p7_slu_awning_sheetmetal_sml_metal
material,#mc/mtl_c_t7_techno_head1_faceplate_skin1
material,#mc/mtl_p7_slu_dish_satellite_set_02_plus
material,#mc/mtl_veh_mphd_van_brakelight_plastic_dead
material,#mc/mtl_p7_slu_antenna_set_metal03
material,#mc/mtl_p7_slu_antenna_set_metal02
material,#mc/mtl_p7_slu_antenna_set_metal01
material,#hash_2ded1978b930dcd0
material,#hash_2df2a74034a63991
material,#hash_2df56d2edc619dd4
material,#hash_2df92b24c13cee23
material,#hash_2e0109471fcc27b8
material,#mc/mtl_p7_zm_tra_bike_destroyed_string
material,#hash_2e08e8e4cded27b3
material,#wc/t7_ram_metal_old_rusty_iron
material,#mc/mtl_c_t7_battery_body1_lowbod_armor
material,#hash_2e2896d4e622af47
material,#hash_2e2abf335ab47527
material,#mc/mtl_c_t7_warrior_head1_headgear
material,#wc/t7_asphalt_damaged_dark_desert
material,#wc/t7_plaster_smooth_dirty_01_brown
material,#wc/t7_decal_grunge_calcium_drip_02_drk
material,#mc/mtl_veh_mphd_car_compact_decal_sign
material,#mc/mtl_p7_slu_door_white_frame_01
material,#mc/mtl_c_t7_techno_body1_arm_rt_c_skin1
material,#hash_2e655cde3797f2c7
material,#hash_2e887a5c68cc9526
material,#wc/t7_metal_painted_dirty_red
material,#hash_2e95f71a4a2fef23
material,#mc/mtl_p8_slu_crate_wood_metal
material,#hash_2ec279809ed3325a
material,#vd/t7_decal_damage_concrete_cracks_01_dark
material,#wc/mtl_p7_sin_bs_train_subway_chipped_edges_01
material,#hash_2ed5654e333f0d4d
material,d#mc/mtl_p7_slu_refrigerator_modern_decal_rust
material,#hash_2ef5ca0fa006797c
material,#hash_2ef5cb0fa0067b2f
material,#hash_2ef5cd0fa0067e95
material,#hash_2f0428784b75a6e3
material,#hash_2f0429784b75a896
material,#hash_2f042a784b75aa49
material,#hash_2f042b784b75abfc
material,#hash_2f18825a8ac134cc
material,#mc/mtl_veh_t7_dmg_scrapes_chips_3_decal
material,d#ei/gfx_smk_billow_whisp_anim_high_dark_lit
material,#mc/mtl_p7_zm_sha_glyph_stone_01
material,#hash_2f3dd7a5114684fb
material,#hash_2f4ad0b96ab43889
material,#mc/mtl_p7_slu_barrel_metal_02_dmg_green
material,#mc/mtl_p8_slu_bag_laundry_bundle_cloth_green
material,#mc/mtl_p7_slu_barrier_concrete_decal02
material,#mc/mtl_p7_slu_barrier_concrete_decal03
material,#mc/mtl_p7_slu_barrier_concrete_decal01
material,#hash_2f73324215c6cd35
material,#wc/t7_rubble_dirt_01_blend
material,#hash_2f7b38a3230d6f91
material,#hash_2f7f347d021de31f
material,#vd/t7_decal_grunge_concrete_stain_01
material,#wc/t7_glass_window_vista_01
material,#mc/mtl_p7_slu_iron_railing_fence_front
material,d#mc/bullet_collision_rock
material,#mc/mtl_c_t7_techno_head1_skin_skin1
material,#mc/mtl_p7_cai_apart_fence_post
material,#mc/mtl_p7_slu_grill_body_wheel
material,#hash_2fc3179fbf299967
material,d#hash_2fe1de2e76230ab9
material,#hash_2fe2db981a82b116
material,d#mc/bullet_collision_bark
material,#hash_2fef594c9a38d4bc
material,d#ei/gfx_dust_swirl_md_anim_em
material,d#ei/gfx_debris_grass_lit
material,#hash_2ff4a62e3e3331ab
material,#mc/mtl_veh_mphd_van_seat_plastic_dead
material,#mc/mtl_p7_slu_telephone
material,#hash_300e39004b831765
material,#wc/t7_jun_moss_wood_cedar_worn_blend
material,#wc/t7_brick_worn_dirty_tan_wet_blend
material,#hash_30267a02d9b1cf08
material,#hash_30267b02d9b1d0bb
material,#hash_30267c02d9b1d26e
material,#hash_30268002d9b1d93a
material,#hash_30268102d9b1daed
material,#hash_303c73ab0ef20eb4
material,d#hash_304b513a36f27a43
material,#wc/t7_decal_signage_54i_graffiti_komunity
material,d#ei/gfx_smk_puff_thin_varied
material,#hash_306d77be1128da31
material,#mc/mtl_veh_mphd_van_wheel_rubber
material,#hash_306ffbfa3e742fb8
material,#hash_306ffcfa3e74316b
material,#hash_306ffefa3e7434d1
material,d#hash_307e45cc4cc0a372
material,#hash_307eff72fc010d2c
material,#mcs/mtl_p7_fxanim_gp_streamer_blue_01_s3
material,#hash_308443ece462d7bd
material,#mc/mtl_veh_mphd_van_string
material,#mc/mtl_p7_foliage_flower_bougainvillea_leaves_snow
material,#mc/mtl_p7_slu_dirt_pile_set_02
material,#mc/mtl_p7_slu_dirt_pile_set_01
material,#hash_30a7e96359934843
material,#hash_30adb7cb79a959c2
material,#hash_30ba3aac7e8824d5
material,#hash_30bff8889204c189
material,#wc/t7_zm_isl_dirt_fertile_footprints_blend
material,#hash_30f65f617f4860c1
material,#mc/mtl_c_t7_techno_body1_torso_armor_skin1
material,#vd/t7_brick_worn_heavy_grout_white_blend_wet
material,#vd/t7_rubble_concrete_sm_blend
material,d#mc/mtl_p8_mp_flag_base_glass_emissive_01
material,#mc/mtl_p7_slu_beam_metal_dirty
material,#hash_310ccdf7ccc3d04a
material,#mc/mtl_p7_slu_sign_hanging_food
material,#hash_31271696d7de7bb9
material,#hash_31271796d7de7d6c
material,#hash_31271896d7de7f1f
material,#hash_31271996d7de80d2
material,#wc/t7_concrete_floor_painted_blend_light_blue
material,#mc/mtl_p7_slu_shelf_wall_metal
material,d#mc/bullet_collision_fruit
material,#hash_31634e5eb055961d
material,#wc/t7_zm_gen_decal_damage_crack_line
material,#hash_317c968dc9507947
material,#wc/t7_zm_tra_trash_01_dry_blend
material,d#hash_318e50144812fbcc
material,#vd/t7_zm_gen_decal_damage_crack_line
material,#mc/t7_brick_worn_dirty_red
material,#mc/mtl_p7_books_office
material,#hash_31a3852edb227d57
material,#mc/mtl_p7_mp_flag_pole
material,#hash_31cc3cb423288249
material,#hash_31d40894a20dd303
material,#hash_31ef49599525597b
material,#hash_31ef4a5995255b2e
material,#mc/mtl_p7_slu_grill_body_decal_02
material,#mc/mtl_p7_slu_door_wood_frame_rut
material,#hash_31fe6b0512549e4f
material,#hash_321485523f033931
material,#hash_3220569fa5737f85
material,d#ei/gfx_gib_metal_02_lit
material,#hash_323741327f0a048a
material,#wc/t7_decal_signage_street_arrow
material,#mc/mtl_c_t7_techno_body1_torso_armor_detail2
material,#mc/t7_rope_nylon_brown_lt
material,#hash_325117972804054d
material,#mc/mtl_veh_mphd_van_element_external_glass_dead
material,#mc/mtl_p7_slu_gate_fence_alpha
material,#mc/mtl_p7_slu_cabinet_metal_metal
material,#hash_326bb7a0866b3297
material,#hash_32734bfb1080a24d
material,#hash_3276640e2f747a30
material,#hash_3276650e2f747be3
material,#hash_3276680e2f7480fc
material,#hash_32766a0e2f748462
material,#hash_32766b0e2f748615
material,#hash_32772a2d596fa3c0
material,#hash_32772d2d596fa8d9
material,#wc/t7_spl_pirate_wood_plank_wide_01_black
material,#mc/mtl_p8_slu_whiteboard_plastic_02
material,#ei/gfx_bio_bird_bottom_anim_em
material,#hash_3297b92a7782a81b
material,#hash_3297ba2a7782a9ce
material,#hash_3297bb2a7782ab81
material,#hash_3297bc2a7782ad34
material,#hash_3297bd2a7782aee7
material,#hash_32b21e115a9780e2
material,#hash_32cd67628010f2fa
material,#hash_32d32a8011b4cea0
material,#hash_32e70613ab3e77de
material,#mc/mtl_p7_slu_camera_security_set_decal
material,#hash_330df9cd1387fc0f
material,#mc/mtl_p8_slu_crate_wood_leaks
material,#hash_331cd982ced1c4e8
material,#hash_3324c3d596085b42
material,#hash_3329dfd2e8501c69
material,#hash_332cec7a4933c0c8
material,#hash_3330c6306616adfd
material,#mc/mtl_veh_t7_dmg_scrapes_chips_8_decal
material,#mc/mtl_p7_slu_shelf_wall_metal_rust
material,#hash_334bc636c9403797
material,#mc/mtl_p7_eth_comm_tower_antenna_01_plastic
material,d#mc/mtl_p7_jun_crate_ammo_wood_metal
material,#hash_335b4fc976aa69e8
material,#hash_335b54c976aa7267
material,#hash_335b55c976aa741a
material,#hash_335b56c976aa75cd
material,#hash_335c80be6acd3e0f
material,#hash_33612f4691a13730
material,d#hash_3369676b73e0c8ce
material,#hash_336f44d6eee19d26
material,#mc/mtl_p7_slu_plywood_old_01_a
material,#hash_33814e205352b4da
material,#mc/mtl_p7_zm_tra_bike_destroyed_spoked
material,#mc/mtl_p7_slu_cabinet_metal_metal_02
material,#mc/mtl_p7_slu_cabinet_metal_metal_01
material,d#mc/mtl_p7_debris_glass_shattered_sm
material,d#hash_33adc8f0c44f6ca3
material,d#hash_33add1f0c44f7bee
material,d#hash_33add2f0c44f7da1
material,d#hash_33add3f0c44f7f54
material,d#hash_33add4f0c44f8107
material,d#hash_33add5f0c44f82ba
material,d#hash_33add6f0c44f846d
material,#mc/mtl_p8_slu_bag_laundry_bundle
material,#hash_33b7c806924edc86
material,#mc/mtl_p7_slu_street_lamp_set_light
material,#hash_33d5fba3b0b6ea45
material,#mc/mtl_p7_slu_door_wood_teal_dirty01
material,#mc/mtl_p7_slu_door_wood_teal_dirty03
material,#mc/mtl_p7_slu_door_wood_teal_dirty02
material,#hash_33dfd454f4c1b5a4
material,#hash_33dfd554f4c1b757
material,#hash_3408838810cfcb1a
material,#mc/mtl_veh_t7_dmg_scrapes_chips_4_decal
material,#mc/mtl_p7_container_cardboard_box_02
material,#mc/mtl_p7_zm_ori_wood_fence_burnt_decal_01
material,#mc/mtl_p7_zm_ori_wood_fence_burnt_decal_03
material,#mc/mtl_p7_zm_ori_wood_fence_burnt_decal_02
material,#mc/mtl_p7_zm_ori_wood_fence_burnt_decal_05
material,#mc/mtl_p7_zm_ori_wood_fence_burnt_decal_04
material,#hash_342719c797da7f2a
material,#mc/t7_concrete_trim_beveled_03
material,#wc/decal_damage_concrete04
material,#hash_344ace8140d18230
material,#hash_3483f68d675fa3f2
material,#mc/mtl_p7_slu_panel_electrical_01_base_part_02
material,#mc/mtl_p7_slu_panel_electrical_01_base_part_01
material,#mc/mtl_p8_slu_bag_laundry_bundle_wear_blue
material,#mc/mtl_p7_debris_rocks_loose
material,#mc/mtl_p8_slu_pallet_wood_02_brown_decal_dirt_03
material,#mc/mtl_p8_slu_pallet_wood_02_brown_decal_dirt_01
material,#mc/t7_slu_stone_trim_blocks
material,#hash_34a2c92a75469a2a
material,#hash_34a528848c29b5cc
material,d#mc/mtl_wpn_t8_eqp_briefcase_bomb_circuit
material,#vd/t7_decal_signage_54i_graffiti_10
material,#hash_34c213020521f0ce
material,#vd/t7_decal_signage_54i_graffiti_13
material,#vd/t7_decal_signage_54i_graffiti_14
material,#vd/t7_decal_signage_54i_graffiti_15
material,#vd/t7_decal_signage_54i_graffiti_08
material,#vd/t7_decal_signage_54i_graffiti_02
material,#vd/t7_decal_signage_54i_graffiti_01
material,#hash_34cb61c087dbaeae
material,#hash_34d75c3c3ce92362
material,#wc/t7_brick_worn_dirty_red
material,d#hash_34f240446c7b03b0
material,#mc/mtl_p7_brick_worn_red_lt_02
material,#mc/mtl_p7_brick_worn_red_lt_03
material,#mc/mtl_p7_brick_worn_red_lt_01
material,#mc/mtl_p7_brick_worn_red_lt_04
material,#hash_351beb3fbdd39f3b
material,#hash_352089eec7f985aa
material,#mc/mtl_p7_slu_airduct_metal_set_tiling
material,#hash_3538bfecc0b804d7
material,#mc/mtl_p7_eth_comm_tower_antenna_01_piece1
material,#mc/mtl_p7_eth_comm_tower_antenna_01_piece2
material,#mc/mtl_p7_fxanim_gp_trash_bag_white_s3
material,#mc/mtl_p7_slu_table_military_decal
material,d#mc/mtl_p7_slu_refrigerator_modern_rubber
material,#wc/t7_zm_sta_decal_damage_concrete_cracks_04
material,#mc/mtl_p8_mp_bomb_crate_whole_destroyed_gray
material,#mc/mtl_p7_slu_box_electric_set_glass_01
material,#hash_35cbb8824c1c5fb8
material,#hash_35cc69bf9e8b6d5b
material,#mc/mtl_p7_slu_cabinet_metal_decal_01
material,#mc/mtl_p7_slu_camera_security_set_wire
material,#hash_35d8687b46db543d
material,#mc/mtl_c_t7_warrior_body1_egypt_gear_8_skin1
material,d#mc/nodraw
material,#mc/mtl_p7_slu_alarm_fire_decal
material,#mc/mtl_p7_global_chainlink_fence_kit_01
material,#hash_3609c794f4c9f7f1
material,d#hash_361a0437f64f3a88
material,d#hash_361a0637f64f3dee
material,d#hash_361a0737f64f3fa1
material,d#hash_361a0837f64f4154
material,d#hash_361a0937f64f4307
material,d#hash_361a0b37f64f466d
material,#hash_36212e43f6ee2ab5
material,#mc/mtl_veh_mphd_van_wheel_rim_paint_dead
material,#hash_3636ee837b80c544
material,#mc/mtl_p7_barrier_block_concrete_long_rusty_cap
material,#mc/mtl_p8_slu_ver_bed_vintage_mattress_bent_line
material,d#mc/mtl_p8_mp_bomb_crate_harness_silver
material,#mc/mtl_p7_slu_cooler_refrigerator_dirt
material,#mc/mtl_p7_fxp_debris_newspaper
material,#hash_364db5b21988b5b8
material,#hash_3658b4a98b1b1b98
material,#hash_3658b5a98b1b1d4b
material,#hash_3658b6a98b1b1efe
material,#hash_3658b7a98b1b20b1
material,#hash_3658b9a98b1b2417
material,#hash_3658baa98b1b25ca
material,#hash_3658bba98b1b277d
material,#mc/t7_glass_dirty_streaks_backlit
material,d#hash_3697f4f1f53a3d03
material,#hash_36aadb843e4738a9
material,#hash_36aadc843e473a5c
material,#hash_36aadd843e473c0f
material,#hash_36aade843e473dc2
material,#hash_36c3c92ca788a017
material,#hash_36ca5d0299e7de6f
material,#mc/mtl_p7_slu_sign_neon_open_on
material,#mc/mtl_veh_mphd_van_door_middle_interior
material,#mc/mtl_veh_mphd_van_stage_vinyl
material,d#hash_36df894724160208
material,d#hash_36df8a47241603bb
material,d#hash_36df8c4724160721
material,d#hash_36df8d47241608d4
material,d#hash_36df8f4724160c3a
material,#mc/mtl_veh_mphd_van_button02
material,#mc/mtl_veh_mphd_van_button03
material,#mc/mtl_veh_mphd_van_button01
material,#mc/mtl_veh_mphd_van_button06
material,#mc/mtl_veh_mphd_van_button07
material,#mc/mtl_veh_mphd_van_button04
material,#mc/mtl_veh_mphd_van_button05
material,#mc/mtl_veh_mphd_van_button08
material,#mc/mtl_veh_mphd_van_button09
material,#hash_36f487ec45759a75
material,#wc/t7_dirt_rocky_01_blend
material,#wc/t7_ra2_stone_bare
material,#wc/t7_ban_dirt_cracked_blend
material,#mc/mtl_p7_slu_fuse_box_electric_set_fuse_metal_01
material,#hash_3744d00d2618de0e
material,#mc/mtl_c_t7_battery_body1_straps
material,#mc/mtl_p7_tape_masking_set
material,#hash_377a0817530e8333
material,#wc/t7_decal_grunge_rust_orange_drips
material,#hash_3784e90d918974ee
material,#hash_378c31b1aea25f60
material,#hash_378c32b1aea26113
material,#hash_378c33b1aea262c6
material,#hash_378c34b1aea26479
material,#hash_378c36b1aea267df
material,#hash_378c37b1aea26992
material,#hash_378c38b1aea26b45
material,#hash_378e82738d4c6d89
material,#hash_3798d1613410fb7a
material,#hash_379ba90529079ac2
material,#mc/mtl_veh_t8_decal_inset_rectangle_rounded
material,#hash_37a8fb4d7c5e1b3c
material,#hash_37afe02c9c9c15aa
material,#hash_37b4375907fc970a
material,#hash_37d7c47781e23e6f
material,#hash_37d86efffe61f074
material,#hash_37db06bc63532883
material,#mc/mtl_p7_sin_vista_foliage_trees_01
material,#mc/mtl_p7_sin_vista_foliage_trees_02
material,#mc/mtl_p7_slu_rollup_door_chain
material,#hash_3813439dac56b9e6
material,#hash_381ac3cf95b657fb
material,#hash_381e5cb8e8e733bc
material,#hash_38251c0704e64179
material,#hash_382ef2e45ddd95f5
material,#mc/mtl_p7_slu_tire_dirty_rubber
material,#wc/t7_concrete_brushed_02
material,#hash_38685f8e2e2e4f87
material,#hash_386fbf1425db7bdd
material,d#ei/gfx_smk_billow_thick_anim_high_dark_lit
material,#mc/mtl_p7_foliage_vines_roots
material,#mc/mtl_p7_cai_lantern_moroccan_support
material,#hash_389cc98fe93cbe4e
material,#hash_38aa717c463e55ba
material,#mc/mtl_c_t7_battery_hair_fibers2
material,#mc/mtl_c_t7_battery_hair_fibers1
material,#wc/t7_concrete_trim_gutter_01
material,#mc/mtl_p7_slu_booth_chair_leather_worn
material,#hash_38b5cc3e77af62ea
material,#mc/mtl_veh_mphd_van_chassis_undercarriage_plastic_dead
material,#mc/mtl_p7_slu_dish_satellite_set_01_plus
material,#hash_38ee86090bd048c6
material,#hash_38f981468df40038
material,#hash_38f986468df408b7
material,#hash_38f987468df40a6a
material,d#hash_38fbfb41fbc71249
material,#mc/mtl_p7_jun_foliage_ivy_ground_01_proxy_tiled
material,#wc/t7_wood_roof_tiles_01
material,#hash_3916f95744e5c4eb
material,#wc/t7_ban_concrete_poured_bunker_dirty_01
material,#mc/mtl_p7_slu_door_frame_wood_nail
material,#wc/t7_concrete_painted_wet_white_blend
material,#hash_395491473aaf4778
material,#mc/mt_c_t7_battery_head1_headset
material,#mc/mtl_p7_slu_door_white_01
material,#hash_395fd6d2f3d182a5
material,d#hash_398ebeaea5262dd3
material,#hash_399bae806ea2f0bc
material,#hash_39a383ddafc6b313
material,#hash_39a384ddafc6b4c6
material,#hash_39a385ddafc6b679
material,#hash_39a386ddafc6b82c
material,#hash_39a388ddafc6bb92
material,#hash_39a389ddafc6bd45
material,#hash_39a38addafc6bef8
material,#hash_39a38bddafc6c0ab
material,#hash_39aa3c15f402b64c
material,#mc/mtl_p7_slu_box_electric_set_metal
material,#hash_39b89b9c36d66d48
material,#mc/mtl_p7_slu_vent_exhaust_dirt
material,d#ei/gfx_fog_slow_sm_anim_em
material,#mc/mtl_p7_zm_ori_church_columns_drip_decal
material,#hash_39dbb34745cb0360
material,#hash_39dbb44745cb0513
material,#hash_39dbb54745cb06c6
material,#hash_39dbb74745cb0a2c
material,#hash_39dbb84745cb0bdf
material,#hash_39dbb94745cb0d92
material,#hash_39dbba4745cb0f45
material,#mc/mtl_fx_decal_burnt_paper
material,#mc/mtl_p7_slu_box_electric_set_metal_03
material,#mc/mtl_p7_slu_box_electric_set_metal_01
material,#mc/mtl_p7_slu_box_electric_set_metal_04
material,#mc/mtl_p7_zm_asc_fire_bell_nail02
material,#mc/mtl_p7_zm_asc_fire_bell_nail01
material,#mc/mtl_p7_foliage_distictis_hanging_ledge_128_long
material,#hash_3a18f21cee50b406
material,#mc/mtl_p7_bottles_plastic_shampoo02_dmg
material,#mc/mtl_p8_slu_bag_laundry_bundle_tear_green
material,d#vdd/gfx_decal_foam
material,#mc/mtl_p7_soc_fence_post_metal_rusty
material,#hash_3a332e1fc14573a6
material,#hash_3a3b52eae3317ca9
material,#mc/mtl_p7_slu_door_white_decal_08
material,#mc/mtl_p7_slu_door_white_decal_01
material,#mc/mtl_p7_slu_door_white_decal_02
material,#mc/mtl_p7_slu_door_white_decal_04
material,#mc/mtl_p7_slu_door_white_decal_05
material,#mc/mtl_p7_slu_door_white_decal_07
material,#mc/mtl_p7_zm_foliage_palm_fan_leaf_02
material,#mc/mtl_p7_zm_foliage_palm_fan_leaf_01
material,d#hash_3a6301251bfc8b29
material,#hash_3a7665b6af93a426
material,#hash_3a793076bb53eeb8
material,#hash_3a793176bb53f06b
material,#hash_3a793376bb53f3d1
material,d#ei/gfx_smk_whisp_anim_02_high_dark_lit
material,#hash_3a807c335318e273
material,#mc/t7_zm_sha_stone_rubble_sm_blend
material,#hash_3a86e5e94e4faf28
material,#hash_3ac5d6e36e92bc9a
material,#hash_3ac968a74e7c01ea
material,#mc/mtl_p7_slu_beam_metal
material,#vd/t7_zm_isl_decal_foliage_moss_01
material,#mc/mtl_p8_mphd_tool_chest_metal_01
material,#hash_3af35c129b37df9f
material,d#hash_3b117148235434b4
material,#hash_3b17a477535e2d91
material,#mc/mtl_p8_slu_wire_hanging_decal_02
material,#hash_3b35583a77774c24
material,#hash_3b35593a77774dd7
material,#hash_3b355b3a7777513d
material,#hash_3b42a3947c2a78a7
material,d#mc/bullet_collision_carpet
material,#mc/mtl_p7_bottle_plastic_cleaner_dmg
material,d#hash_3b6635760a0416b9
material,d#mc/mtl_veh_t8_decal_panel_25
material,d#mc/mtl_veh_t8_decal_panel_20
material,#vd/t7_decal_fixture_drain
material,#mc/mtl_veh_t8_decal_panel_38
material,#mc/mtl_veh_t8_decal_panel_11
material,#hash_3b7429132c56860c
material,#mc/mtl_p7_slu_pole_chainlink_fence_metal
material,d#ei/gfx_debris_trash_multiple_lit
material,#mc/mtl_c_t7_warrior_body1_emissive
material,#hash_3bac302a32d2b582
material,#hash_3bb4f03a0c8ad70b
material,#mc/mtl_c_t7_warrior_body1_arm_lt_a1_skin1
material,d#mc/mtl_p8_mp_flag_pole_01_aluminum
material,#mc/mtl_p7_zm_zod_cobblestone_chunks_wet
material,d#hash_3bf0be0d501e8181
material,#hash_3bfd2df10f5acdfa
material,#mc/mtl_p8_slu_ver_bed_vintage_mattress_bent_dirty
material,#mc/mtl_veh_mphd_van_decal_02
material,#mc/mtl_veh_mphd_van_decal_03
material,d#ei/gfx_gib_concrete_02_lit
material,#mc/mtl_p7_slu_gate_fence_set_dirt
material,#hash_3c403f8e1c07a242
material,#wc/t7_decal_signage_graffiti_07
material,#wc/t7_decal_signage_graffiti_01
material,#wc/t7_decal_signage_graffiti_11
material,#wc/t7_decal_signage_graffiti_10
material,#wc/t7_decal_signage_graffiti_17
material,#hash_3c4eb5fe9eb0d3e7
material,#mc/mtl_p7_slu_camera_security_set_decal_glass
material,#vd/t7_decal_grunge_painted_01
material,#mc/mtl_p7_sin_vista_foliage_cluster_a_proxy_tiled
material,#mc/mtl_p7_zm_asc_pipes_gas_01_metal_01
material,#mc/mtl_p7_zm_asc_pipes_gas_01_metal_02
material,#mc/mtl_p7_zm_asc_pipes_gas_01_metal_03
material,#mc/mtl_p7_zm_asc_pipes_gas_01_metal_04
material,#wc/mp_m_vista_bldgs_01
material,#hash_3caf17b11a757aa8
material,#hash_3cb188a94205ce00
material,#vd/t7_decal_signage_cai_graffiti_10_yellow
material,d#hash_3ccc7c53443ae2f3
material,#mc/mtl_p7_slu_gate_door_rusty_bolt
material,#hash_3cd98785b4cf2603
material,#mc/mtl_p7_zm_ver_wall_custom_tear_in_plaster_peel_blend
material,#hash_3cfa0ad173ee9cfd
material,#mc/mtl_p7_slu_booth_chair_metal_worn
material,#mc/mtl_p8_wz_supply_stash_tag
material,#hash_3d073f6bfb25c604
material,#hash_3d15d27e3b55046b
material,#wc/t7_ra2_plaster_painted_yellow
material,#mc/t7_ram_stone_block_base_light
material,#mc/mtl_p7_slu_telephone_scrn_white
material,#mc/mtl_veh_mphd_van_door_rear_metal
material,#mc/mtl_veh_mphd_van_wheel_rim_metal
material,#mc/mtl_c_t7_warrior_head1_notskin
material,#hash_3d3ad6ab126d18a7
material,#mc/mtl_c_t7_warrior_body1_armor_light_skin1
material,#mc/mtl_p7_slu_gate_fence_set_dmg
material,d#mc/mtl_p7_slu_refrigerator_modern_plastic_01
material,d#mc/mtl_p7_slu_refrigerator_modern_plastic_02
material,#mc/mtl_p7_eth_bird_spikes
material,#hash_3d785c90f5d0874a
material,#hash_3d7cf08ef9b98d48
material,#mc/mtl_p7_conduit_rust_parts
material,d#mc/nodraw_decal
material,#mc/mtl_p7_ra2_planter_box
material,#hash_3da68c5c3183ff40
material,#hash_3da839303ab732af
material,#hash_3dd924795f5505d3
material,#hash_3dd925795f550786
material,#hash_3ddb5825ba2ccf9c
material,#wc/mtl_fxanim_gp_plaster_smooth_dirty_01_crack
material,#hash_3dee55c0dbeb3d12
material,#hash_3dfb7b6d6c450cac
material,d#mc/mtl_p7_slu_bag_cement_decal
material,#mc/mtl_p8_slu_pallet_wood_02_gray_02
material,#mc/mtl_p8_slu_pallet_wood_02_gray_01
material,#mc/mtl_p7_foliage_vines_leaves
material,#mc/mtl_p7_fire_sprinkler_interior_glass_red
material,#hash_3e24ba4994ec3510
material,#hash_3e24bc4994ec3876
material,#mc/mtl_p7_slu_cooler_refrigerator_external
material,d#mc/mtl_p7_slu_bag_cement_pallet_01
material,d#mc/mtl_p7_slu_bag_cement_pallet_02
material,d#mc/mtl_p7_slu_bag_cement_pallet_03
material,#wc/t7_stone_wall_blocks_01
material,#hash_3e40c48df4f9a126
material,#hash_3e44ab2234cb252e
material,#hash_3e452482c02c806e
material,#wc/t7_zm_isl_stone_block_deco_trim_05
material,#hash_3e4a4afa4f3f4e07
material,#hash_3e51a54e25f5ec03
material,#wc/t7_decal_grunge_wet_wall_stain
material,#mc/mtl_p7_eth_foliage_grass_tall
material,#mc/mtl_p7_zm_tra_bike_destroyed_dirtboard
material,#mc/mtl_p7_slu_collapsible_metal_panels
material,#mc/mtl_p8_slu_fountain_leak
material,#mc/mtl_c_t7_techno_body1_coat_skin1
material,#mc/mtl_p7_planters_modern_dirt
material,#hash_3e9bb8937d094797
material,#mc/mtl_p7_slu_bucket_plastic_orange_lrg_plastic
material,#hash_3eb20a7239840501
material,#mc/mtl_p7_slu_sign_neon_open_box
material,#hash_3eb56afd2f94820d
material,#wc/t7_zm_ctl_stone_wall_loose_blend
material,#hash_3ec6064ad853a82d
material,#hash_3ec7b8d40809b541
material,#hash_3ec9e4599a8c9f2f
material,#mc/mtl_p7_zm_tra_bike_destroyed_dirt
material,d#mc/mtl_p7_slu_refrigerator_modern_metal
material,#mc/mtl_p7_slu_sign_hanging_hair
material,#mc/mtl_p7_debris_concrete_rubble_sm_warm
material,d#mc/mtl_p7_jun_crate_ammo_wood_02
material,d#mc/mtl_p7_jun_crate_ammo_wood_01
material,d#hash_3f0ca097e7d58978
material,#mc/mtl_p8_mphd_rollup_door_metal_01_dark
material,#hash_3f38044c643b3a25
material,#hash_3f486da4403ce8c4
material,#mc/mtl_p7_slu_lift_car_lowered_metal
material,d#hash_3f4bcb3d8d5430a8
material,d#hash_3f4bcd3d8d54340e
material,d#hash_3f4bce3d8d5435c1
material,#mc/mtl_veh_mphd_van_roof_outside_dead
material,#hash_3f68c12bf4c3963b
material,d#hash_3f745e30f95f76e8
material,d#hash_3f745f30f95f789b
material,d#hash_3f746030f95f7a4e
material,#hash_3f779a0060a9dadf
material,#hash_3f82337d340784f2
material,#mc/mtl_p7_slu_clothes_pile_muddy
material,#mc/mtl_p7_slu_building_apartment_balcony_wood
material,#wc/t7_wood_clean_painted_offwhite_red_decal
material,#wc/t7_concrete_floor_broken_01_blend
material,#hash_3f9f5a6f14fdcab3
material,d#hash_3fa5c60e0d31bb2a
material,#hash_3fa834e948628ee4
material,#mc/mtl_p8_mphd_rollup_door_metal_02_dark
material,d#mc/mtl_veh_t7_decal_bolt_03_tint_dark
material,d#hash_3fd0ce83a77c2ad3
material,#hash_3fd11d923b2306bb
material,#hash_3fd86120c7fae9c3
material,#hash_3fd86220c7faeb76
material,#hash_3fd86320c7faed29
material,d#ei/gfx_dust_spike_sm_anim_lit
material,#mc/mtl_veh_mphd_van_bumper_alum_dead
material,#mc/mtl_p7_slu_cooler_refrigerator_pipeline
material,#mc/mtl_p7_slu_wire_decal_spalling_01
material,#hash_3fdb60404f1339be
material,d#ei/gfx_dust_swirl_md_anim_lit
material,#mc/mtl_p7_foliage_flower_bougainvillea_leaves
material,#mc/mtl_p7_bottle_plastic_2litre_cola
material,#mc/mtl_p7_slu_shelf_wall_metal_blot
material,#hash_401a48ef60865b76
material,#hash_401d4a9a4e7846e2
material,#hash_4025730bf58d5cba
material,#mc/mtl_c_t7_mp_techno_pouch_duo
material,#hash_403c64cf15c0c33c
material,d#ei/gfx_smk_billow_whisp_anim_distort
material,#vd/t7_mud_sludge_wet_01_reveal
material,#mc/mtl_p7_slu_chair_wood_folding_set
material,#mc/mtl_p7_slu_iron_railing_fence_side
material,#hash_40688e5ff33478c9
material,#wc/t7_decal_damage_crack_06
material,#wc/t7_decal_damage_crack_04
material,#wc/t7_concrete_wall_blocks_worn
material,#hash_408c4c79c2fdbeec
material,#hash_4093064f6a2fc14f
material,#mc/mtl_p7_slu_cabinet_metal_decal_dirt_01
material,#wc/t7_glass_plain_opaque
material,#mc/mtl_c_t7_warrior_head1_haircards2
material,#hash_40b3dc551677bcee
material,d#mc/mtl_p8_mphd_tool_chest_decal_dirt_01
material,#mc/mtl_veh_t7_dmg_dents_001_decal
material,#mc/mtl_p7_slu_window_bars_metal_weld
material,#hash_40dcee44a1934440
material,#hash_40e0fb8fafef1d8a
material,#mc/mtl_p7_foliage_tree_palm_trunk_decal
material,#vd/t7_zm_sha_decal_damage_concrete_cracks_01_dark
material,#hash_40e99d8fa93f89cf
material,#mc/mtl_p7_jun_sheet_metal_4x4_white
material,#hash_40ec0599922532e7
material,#hash_40f3771bc3ebbc57
material,#hash_40f90afa91eb51e2
material,#wc/t7_concrete_floor_sealed_01
material,#hash_4109d7d55613821c
material,#wc/t7_decal_line_horizontal_chipped_edges
material,#hash_410a81c2f9145c66
material,#hash_410df77935a4168a
material,#wc/t7_concrete_trim_01_wet
material,#mc/mtl_p7_foliage_banana_tree_leaf
material,#mc/mtl_p8_water_cooler_digital_body_dirty_roughplastic
material,#hash_4146089e21f86321
material,d#hash_4150dcdb0a6e9cfe
material,#hash_416b06af1ff910a0
material,#hash_416b07af1ff91253
material,#hash_416b09af1ff915b9
material,#hash_416b0aaf1ff9176c
material,#hash_416b0baf1ff9191f
material,#hash_416b0caf1ff91ad2
material,#hash_416b0daf1ff91c85
material,#hash_416b10af1ff9219e
material,#mc/mtl_p7_foliage_palm_lipstick_trunk
material,#mc/mtl_p7_food_fruit_banana_mush
material,#mc/mtl_p8_slu_ver_bed_vintage_mattress_bent_cloth_02
material,#mc/mtl_p8_slu_ver_bed_vintage_mattress_bent_cloth_03
material,#mc/mtl_p8_slu_ver_bed_vintage_mattress_bent_cloth_01
material,#mc/mtl_p8_slu_ver_bed_vintage_mattress_bent_cloth_04
material,#mc/mtl_p8_slu_ver_bed_vintage_mattress_bent_cloth_05
material,#hash_418d21fd91b8c9de
material,#mc/mtl_p8_mp_bomb_crate_whole_destroyed_trim
material,d#hash_419d19b33dd6b8cd
material,#mc/mtl_veh_mphd_van_element_external_rubber
material,#mc/mtl_p7_jun_sheet_metal_4x8_white
material,#mc/mtl_c_t7_warrior_body1_clasps_skin1
material,#hash_41d8db4b0e8a684f
material,#hash_41dce47af9aea6c6
material,#hash_41dce77af9aeabdf
material,#mc/mtl_p7_slu_street_lamp_pole
material,d#hash_41e52d5fefa74841
material,#mc/mtl_p8_water_cooler_digital_body_dirty_darkmetal
material,#hash_41e6d049312cbf98
material,#hash_41fb532b24b4de31
material,#mc/mtl_veh_mphd_van_wheel_decal
material,d#hash_420a37dec34939cf
material,#hash_42116783798fa8f9
material,d#mc/mtl_p7_slu_refrigerator_modern_decal_dirt
material,#mc/mtl_c_t7_techno_body1_thrusters_skin1
material,#hash_4233bac3bf0236a8
material,#hash_4233bdc3bf023bc1
material,d#hash_4256b0f7d8b4249b
material,#mc/mtl_p7_foliage_grass_02_proxy_tiled
material,#hash_426b41889c1fc1be
material,#hash_426dc3c977380410
material,#hash_426dc4c9773805c3
material,#hash_426dc9c977380e42
material,#hash_426dcac977380ff5
material,#mc/mtl_p7_slu_corkboard_wood_light
material,#mc/mtl_p7_slu_grill_body_charcoal
material,#hash_428326569cad19eb
material,#hash_428327569cad1b9e
material,#hash_428be8cfe66df6d5
material,#hash_4293ccd70dde6ab9
material,#mc/mtl_p7_slu_sign_neon_open_label
material,#mc/mtl_p7_slu_chair_sofa_dmg_cloth04
material,#mc/mtl_p7_slu_chair_sofa_dmg_cloth02
material,#mc/mtl_p7_slu_chair_sofa_dmg_cloth03
material,#mc/mtl_p7_slu_chair_sofa_dmg_cloth01
material,#mc/mtl_wpn_t7_zmb_perk_bottle_glass
material,#vd/t7_decal_grunge_burnt_stain_02
material,#vd/t7_decal_grunge_burnt_stain_01
material,#hash_42ee8f0151deaf63
material,#hash_42ee900151deb116
material,#hash_42ffc2d05b8f1c49
material,#mc/mtl_p7_zm_ctl_bell_clock_tower_decal
material,#hash_43110724533577e9
material,#wc/t7_ntx_stone_travertine_4x1
material,#hash_4323774fd6941738
material,d#hash_432d71e61c135395
material,#hash_4336a0f76c849318
material,#hash_433c6d5e42b743a1
material,d#mc/mtl_p7_slu_refrigerator_modern_metal_black
material,d#hash_4349d4524e73dd09
material,#hash_436c3e9074aa72d0
material,#mc/mtl_c_t7_techno_body1_straps_skin1
material,#mc/t7_wood_beam_worn_oak_splintered
material,#mc/mtl_p7_zm_sta_wall_light
material,#mc/mtl_p7_slu_corkboard_cork_light
material,#hash_438dc53cf1ede0eb
material,#wc/t7_ram_wood_wall_siding_thick_01
material,#hash_43b987d6e1404c2e
material,#wc/t7_decal_acess_door_01
material,#mc/mtl_p7_slu_plank_wood_set_decal
material,#hash_43dbc26843ed3cb9
material,#mc/mtl_p7_slu_airduct_metal_set_dmg
material,#hash_4416d1c942d0b7ac
material,#mc/t7_zm_ctl_stone_wall_medieval
material,#mc/mtl_veh_mphd_van_oil
material,#hash_442b7c854749ba35
material,#mc/mtl_p7_slu_gate_fence_set_metal_tiling
material,d#hash_443f204fcfe01df9
material,d#hash_443f224fcfe0215f
material,d#hash_443f234fcfe02312
material,#hash_44430342dec607be
material,#hash_44430442dec60971
material,#hash_44430542dec60b24
material,#hash_44430642dec60cd7
material,#hash_44430842dec6103d
material,#mc/mtl_p7_fxanim_gp_trash_bag_blue_s3
material,#mc/mtl_p7_slu_ac_unit_window_metal02
material,#wc/mtl_nt_2020_plaster_whitewall_01
material,#hash_447d693caf6a581f
material,#wc/mtl_fxanim_gp_concrete_wall_weathered_01_crack
material,#wc/ac_prs_ter_grass_mud_a
material,#hash_4496bf439a608f6e
material,#hash_44a00c1dd7961667
material,#hash_44a00d1dd796181a
material,#mc/mtl_p7_slu_airduct_metal_set_decal_normal
material,#mc/mtl_p7_fir_foliage_tree_vista_set_foliage_group_02
material,#hash_44b506f1b09e544c
material,#mc/mtl_p7_rebar_cap_01_rusty
material,#hash_44bffc985bfc28ef
material,#mc/mtl_p7_slu_telephone_decal
material,#wc/t7_zm_ori_mud_slow_01_blend
material,#mc/mtl_p7_fxanim_gp_plastic_tarp_blue_creased_nogloss_s3
material,#wc/t7_concrete_wall_weathered_01_dark
material,#wc/mtl_p7_decal_ctl_grunge_stain_dark_01
material,#hash_45100675f77974e7
material,#hash_45236b8f77e2a805
material,#hash_454033b9c956d6ea
material,#hash_455fa4d8852fbc6a
material,#hash_456c1383ba1fc6bc
material,#hash_456c1683ba1fcbd5
material,#mc/mtl_p7_slu_iron_railing_fence_alphatest
material,d#ei/gfx_water_ripple_anim_lit_nocull
material,#mc/mtl_p7_slu_wire_plastic
material,#mc/mtl_veh_t8_dmg_scrapes_chips_3_decal
material,#wc/t7_wes_wood_floor_thick_01_bare
material,#hash_45a0bd87be5d2adb
material,#hash_45a0be87be5d2c8e
material,#hash_45a0bf87be5d2e41
material,#mc/mtl_p7_slu_ladder_metal_metal
material,#mc/mtl_veh_t8_decal_hinge_01
material,#wc/t7_decal_grunge_waterfall_stain_01
material,#wc/t7_decal_grunge_stain_adobe_bottom_01
material,#wc/t7_zm_gen_decal_damage_paint_peeling
material,#hash_45b813d2e6cf2ba1
material,#hash_45b870a1b14d7959
material,#mc/mtl_p7_fxanim_gp_vine_strand_ivy_64_long_smod_proxy_flat
material,#mc/mtl_c_gen_eye_battery
material,#mc/mtl_veh_mphd_van_decal_scrapes_11
material,#mc/mtl_p8_slu_whiteboard_dirt_02
material,#hash_45fd2fae664cd897
material,d#mc/mtl_p8_mp_bomb_crate_keypad
material,#mc/mtl_p7_slu_dish_satellite_set_01_advance
material,d#mc/bullet_collision_glass
material,#mc/mtl_veh_t7_dmg_scrapes_chips_2_decal
material,#mc/mtl_p7_slu_computer_monitor_metal
material,#mc/mtl_p8_slu_gravestone_02_stone
material,#vd/t7_concrete_floor_broken_02_blend
material,#hash_465d560125256037
material,d#mc/mtl_p8_mp_bomb_crate_palette
material,#hash_4684011378210d6e
material,#hash_469ef6cfd083772f
material,#hash_469f55d1942e0b8f
material,#vd/t7_decal_asphalt_damaged_crack
material,d#vd/gfx_decal_bullet_glass_02
material,d#vd/gfx_decal_bullet_glass_03
material,d#vd/gfx_decal_bullet_glass_01
material,#hash_46bd5b94547e55b5
material,#mc/mtl_c_t7_techno_head1_hood_skin1
material,#mc/mtl_p8_slu_ver_bed_vintage_mattress_bent_seam
material,#hash_46d507b20c615757
material,#mc/mtl_c_t7_warrior_head1_beardcards
material,#mc/mtl_p7_slu_foliage_fern_bamboo_dirt
material,#hash_46f7dd99b44ac250
material,#mc/mtl_p7_foliage_vines_distictis_flower_blue
material,#mc/mtl_p7_zm_asc_pipes_gas_set_decal_02
material,#hash_4712bdf8ca31eddc
material,#mc/mtl_p7_slu_telephone02
material,#wc/t7_plaster_smooth_dirty_01_yellow
material,#mc/mtl_p7_slu_airduct_metal_set_dirt
material,#mc/mtl_veh_t8_dmg_scrapes_chips_8_decal
material,#mc/mtl_p7_slu_cinder_block
material,#wc/t7_metal_panel_rust_trim_brown
material,#hash_472b0f4da8acdd43
material,#mc/mtl_p7_slu_window_bars_metal
material,#mc/mtl_veh_mphd_van_stage_rubber
material,#hash_47602d44ea25ea70
material,#hash_4761fa19b6afd958
material,#hash_4761fb19b6afdb0b
material,#hash_4761fd19b6afde71
material,#hash_47620019b6afe38a
material,d#hash_476c4dfcd400ea0c
material,#hash_47777378ce93cbe3
material,#mc/mtl_p7_sin_vista_foliage_bark
material,#wc/t7_decal_grunge_leaking_04
material,#wc/t7_decal_grunge_leaking_03
material,#wc/t7_decal_grunge_leaking_02
material,#wc/t7_decal_grunge_leaking_01
material,#wc/t7_decal_grunge_calcium_drip_01
material,#wc/t7_plaster_smooth_dirty_01
material,#mc/mtl_veh_mphd_van_brakelight_plastic
material,#hash_47df5e796707521e
material,#vd/t7_decal_grunge_rust_orange_drips_dark
material,#wc/t7_con_metal_chainlink_worn
material,#mc/mtl_c_t7_assassin_body1_grenade1
material,d#mc/mtl_p7_slu_refrigerator_modern_decal_spalling
material,#hash_4800af4d6ee23405
material,#hash_48097e4b5869d64b
material,#hash_48097f4b5869d7fe
material,#mc/mtl_p7_zm_der_window_warehouse_lattice_01
material,#mc/mtl_p7_zm_der_window_warehouse_lattice_02
material,#hash_4839b56eaee31c81
material,#hash_4840fba2892dc507
material,#hash_4840fca2892dc6ba
material,#mc/mtl_veh_t7_dmg_scrapes_chips_1_decal
material,#mc/mtl_p7_slu_ac_unit_window_plastic
material,#mc/mtl_p7_glass_shards_dark
material,#hash_48611e65d395f2c4
material,#mc/mtl_p7_slu_sign_neon_open_metal
material,#hash_48715f67061085fc
material,#vd/t7_zm_isl_dirt_fertile_footprints_blend
material,#hash_487f2a1a5d6d504f
material,#mc/mtl_p7_slu_window_bars_metal_rust
material,d#hash_489002ae64ef6d04
material,#hash_4892a01cb3ef6822
material,#mc/mtl_p7_slu_debris_trash_pile
material,#mc/mtl_p8_water_cooler_digital_body_dirty_transparentmaterial
material,#hash_48a8d5c95ba273ad
material,#hash_48a9d104d9741ac3
material,#hash_48b28fcf29ac6976
material,#hash_48b618c723495198
material,#mc/mtl_p7_slu_wire_decal_dirt_02
material,#mc/mtl_p7_slu_wire_decal_dirt_01
material,#hash_48bfcde09263748a
material,#mc/mtl_p7_slu_cabinet_metal_decal_rust
material,#mc/mtl_p7_slu_door_wood_frame_glass
material,d#mc/mtl_p7_slu_refrigerator_modern_decal_nail
material,#mc/mtl_p7_slu_foliage_dandelion_plants
material,#mc/mtl_p7_slu_foliage_tree_palm_leaves
material,d#mc/mtl_p8_mp_flag_base_01_metal
material,#hash_48dfb09de2af387b
material,d#mc/mtl_wpn_t8_eqp_briefcase_bomb_decals_label
material,#mc/mtl_p7_light_emergency_a
material,#hash_490ad00c7a2e6332
material,#hash_49373527750307ee
material,#mc/mtl_veh_mphd_car_compact_decal_keyhole
material,d#hash_49598288a0c4e06f
material,d#hash_49598488a0c4e3d5
material,#hash_495fecb5652de8f1
material,#hash_49612007a286c930
material,#hash_49612307a286ce49
material,#hash_497babe45578db46
material,#mc/mtl_p7_box_copy_paper_nocull
material,#mc/mtl_p7_slu_computer_monitor_decal_01
material,#hash_498cf3073381e0bb
material,#hash_498cf4073381e26e
material,#hash_498d9cc1c13c4599
material,#hash_4993ec031237cbca
material,d#vdd/gfx_decal_bullet_glass_01
material,d#vdd/gfx_decal_bullet_glass_02
material,d#vdd/gfx_decal_bullet_glass_03
material,#mc/mtl_c_t7_warrior_body1_pants_skin1
material,#mc/mtl_p7_slu_foliage_tree_birch_trunk_decals
material,#wc/t7_zm_ver_concrete_decorative_trim
material,#mc/mtl_p8_slu_bag_laundry_bundle_wear_green
material,#hash_49caf796a85c87e8
material,d#ei/gfx_dust_clump_lit
material,#hash_49da4c4b3abd335a
material,#hash_49dd077229c52e99
material,#hash_49de0d1b52643307
material,#mc/mtl_c_t7_warrior_body1_egypt_gear_6_skin1
material,d#mc/bullet_collision_metalthin
material,#hash_49f17b2bfb42195a
material,#hash_49fc69dbd5ac5a04
material,#hash_49fc6bdbd5ac5d6a
material,#hash_49fc6cdbd5ac5f1d
material,#wc/t7_concrete_bunker_layered_02
material,#mc/mtl_p7_debris_concrete_rubble_lg_02
material,#wc/t7_out_brick_wall_01
material,#mc/mtl_p7_foliage_plant_heliconia
material,#mc/mtl_p8_slu_crate_wood_main_mend
material,#wc/t7_decal_grunge_wall_01_dark
material,#hash_4a4ed61989da3e10
material,#mc/mtl_p7_slu_telephone_line
material,#hash_4a701b085116ca61
material,d#hash_4a887df8b411e00a
material,#hash_4aa2ccb851d6457f
material,#mc/mtl_p7_slu_fuse_box_electric_set_wire
material,#hash_4aadb0c4f4ce4be4
material,#hash_4acbfa3756525993
material,#vd/t7_dirt_fertile_dark_blend
material,d#mc/mtl_p8_mphd_tool_chest_rolling_lrg_b_handles
material,#hash_4aefa417604c240a
material,#wc/p7_zm_shi_barrel_metal_rusty
material,#mc/mtl_p7_zm_der_light_set_paint_green_drk
material,#hash_4b0e08408f63b8e5
material,#mc/mtl_c_t7_battery_body1_ammo_belt_skin1
material,#mc/t7_brick_worn_heavy_grout_red
material,#hash_4b1b68376ae5662b
material,#wc/t7_decal_grunge_wall_stain_01_blend
material,#hash_4b2a32745fea2288
material,#mc/mtl_p7_slu_street_lamp_set_weld
material,#hash_4b47f52aee96ebec
material,#hash_4b4af0ac8f6d6476
material,#wc/t7_decal_signage_graffiti_17_green
material,#hash_4b758f576cd92392
material,#mc/mtl_p7_debris_trash_paper_06
material,#mc/mtl_p7_debris_trash_paper_07
material,#mc/mtl_p7_debris_trash_paper_01
material,#mc/mtl_p7_foliage_flower_bougainvillea_basewallvarient_proxy_tiled
material,#mc/mtl_c_hro_khalil_egypt_gear_3
material,#mc/mtl_p7_slu_box_electric_set_decal_04
material,#mc/mtl_p7_slu_box_electric_set_decal_05
material,#mc/mtl_p7_slu_box_electric_set_decal_06
material,#mc/mtl_p7_slu_box_electric_set_decal_07
material,#mc/mtl_p7_slu_box_electric_set_decal_01
material,#mc/mtl_p7_slu_box_electric_set_decal_02
material,#mc/mtl_p7_slu_box_electric_set_decal_03
material,#mc/mtl_p7_slu_gate_door_rusty_lock
material,#hash_4b9a7d85858a9d56
material,#hash_4b9cbf27576335e4
material,#hash_4b9cc1275763394a
material,#hash_4b9cc22757633afd
material,#hash_4b9d9018d61f3596
material,#hash_4b9f839fa9924b8b
material,#mc/mtl_p7_fxanim_gp_vine_strand_ivy_32_smod_proxy_flat
material,#mc/t7_concrete_wall_damaged_01_bare
material,d#hash_4bc17fdf85a31274
material,d#hash_4bc181df85a315da
material,#hash_4bc8b5057010f852
material,#wc/t7_decal_signage_54i_graffiti_13
material,#wc/t7_decal_signage_54i_graffiti_14
material,#wc/t7_decal_signage_54i_graffiti_15
material,#wc/t7_decal_signage_54i_graffiti_01
material,#wc/t7_decal_signage_54i_graffiti_08
material,d#hash_4be545c1c96e007e
material,#ei/gfx_smk_puff_volume_varied_em
material,#wc/t7_decal_grunge_water_stain_02
material,#mc/mtl_p7_ra2_foliage_rose_wilted_yellow
material,#hash_4c2e1868d73641c1
material,#mc/mtl_wpn_t7_zmb_perk_bottle_metal
material,#mc/mtl_p7_slu_wire_plastic_02
material,#mc/mtl_p7_slu_wire_plastic_01
material,#hash_4c3ae759114441e4
material,#wc/t7_decal_damage_concrete_trim_01
material,#hash_4c4b713a91095564
material,#vd/t7_mud_footprints_blend
material,#mc/mtl_p7_slu_vent_panel_blot
material,#hash_4c54890d824c2f5f
material,#hash_4c7db425f7bec5de
material,#wc/t7_shr_wood_beam_worn
material,#mc/mtl_veh_mphd_van_element_external_metal
material,#mc/mtl_p7_cemetary_gravestone_decal
material,#hash_4c9e7310677895a5
material,#hash_4ca2c9bc05f8e91b
material,#mc/mtl_p7_slu_ac_unit_window_metal
material,#hash_4caa736009b6e122
material,#wc/mtl_p7_sin_bs_train_decal_grunge_rust_04
material,#wc/t7_concrete_floor_broken_02_blend
material,d#vd/gfx_decal_exp_blast_02
material,d#vd/gfx_decal_exp_blast_01
material,#mc/mtl_p7_slu_vent_panel_screw02
material,#hash_4cd500182bafc873
material,#hash_4cd9eaf7f0911ef4
material,#mc/mtl_p7_barrier_block_concrete_long_worn01
material,#hash_4cdeb10d264f8855
material,#mc/mtl_p7_cai_street_signage_bolt_painted_white
material,#hash_4ce78f86e7c84ee7
material,#hash_4cee3b13e9f2eef0
material,#hash_4cef298dd94b4911
material,#hash_4d0ca1756dbbfbf7
material,#mc/mtl_p8_slu_pallet_wood_02_brown_01
material,#mc/mtl_p8_slu_pallet_wood_02_brown_02
material,#mc/mtl_p7_slu_corkboard_wood_decal
material,#hash_4d1fe05ef769815c
material,#wc/t7_zm_isl_concrete_painted_yellow_blend
material,#hash_4d2c5ae311625b20
material,#hash_4d37114fd7da23f3
material,#hash_4d37124fd7da25a6
material,#hash_4d37134fd7da2759
material,#hash_4d37144fd7da290c
material,#hash_4d37154fd7da2abf
material,#hash_4d37164fd7da2c72
material,#hash_4d37174fd7da2e25
material,#hash_4d37184fd7da2fd8
material,#hash_4d37194fd7da318b
material,#hash_4d3ae2239745bdcb
material,#wc/t7_metal_worn_iron_dark
material,#mc/mtl_c_t7_blockout_battery_body1_holster_skin1
material,#hash_4d6b9262c47311dc
material,#mc/mtl_p7_tiedown_hook_metal_01
material,#hash_4d7338199c645fc4
material,#hash_4d733b199c6464dd
material,#mc/t7_brick_worn_heavy_grout_red_blend
material,#hash_4d7be607935d2a31
material,d#hash_4d8f2fb6ec95501a
material,#hash_4d9be710d48436ce
material,#hash_4d9be810d4843881
material,#hash_4d9be910d4843a34
material,#hash_4d9bea10d4843be7
material,#hash_4d9beb10d4843d9a
material,#hash_4d9bec10d4843f4d
material,#hash_4daacb4c4a30e31a
material,#hash_4db09d4405aa425e
material,#vd/t7_decal_signage_54i_graffiti_green_03
material,#hash_4dbee361b764a0ac
material,#mc/mtl_p7_slu_computer_monitor_screen
material,#vd/t7_ban_decal_signage_graffiti_scribble_01
material,d#hash_4df56b939945cb57
material,#mc/mtl_veh_mphd_van_door_rear_int_dead
material,#mc/mtl_p7_slu_shelf_wall_metal_decal
material,#hash_4e1854cb721dd797
material,#mc/mtl_p7_eth_rock_boulder_large_02_moss_up
material,#mc/mtl_p7_slu_vent_panel_screw
material,#mc/mtl_p8_slu_whiteboard_dirt
material,#mc/mtl_p7_curtain_hanging_72x122_bld
material,#mc/mtl_p8_slu_pallet_wood_02_brown
material,#hash_4e81a8beaf19ec1d
material,#hash_4e8a2ea5a8cd478a
material,#hash_4e9139ed977334d2
material,#hash_4ea97907b0792c1a
material,#mc/mtl_p8_slu_fountain_soil
material,#mc/mtl_p7_slu_antenna_set_rope
material,#hash_4eb57db753ad5f72
material,#ei/gfx_smk_gen_anim_lit
material,#hash_4ebb22514b4bc129
material,#hash_4ec59bef7e79d4a2
material,#mc/mtl_p7_slu_foliage_tree_birch_trunk_decals02
material,#mc/mtl_p7_slu_foliage_tree_birch_trunk_decals03
material,#hash_4ed1542be4cf8e6e
material,d#hash_4eeb316479eacdde
material,#hash_4effff93493af34e
material,#mc/mtl_p8_slu_bag_laundry_bundle_dirt_yellow
material,#mc/mtl_p7_slu_table_bench_rivrt
material,#mc/mtl_p7_foliage_vines_distictis_leaves_vibrant
material,#mc/mtl_p7_slu_debris_trash_pile_cardboard
material,#hash_4f2a7364a793d28f
material,#hash_4f45235723834429
material,d#ei/gfx_smk_tendril_2_lit
material,#hash_4f65214e02709fd3
material,#hash_4f65224e0270a186
material,#mc/mtl_p7_foliage_vines_ground_cover_32
material,#mc/mtl_veh_mphd_van_seat_glass_dead
material,#hash_4f9d78ab5df9bdd8
material,#hash_4fc15581e4fcf74c
material,#wc/t7_concrete_floor_trim_01
material,#hash_4fc9d00c1059b7ca
material,#mc/mtl_veh_mphd_van_door_rear_int
material,#mc/mtl_p8_slu_pallet_wood_02_brown_decal_wood
material,#hash_4fef6b0edf26646f
material,#mc/mtl_veh_mphd_van_glass
material,#hash_4ff34177cdc919a3
material,#hash_4ff34277cdc91b56
material,#hash_4ff34377cdc91d09
material,#hash_4ff614597be28c39
material,d#hash_4ffa61e45873e732
material,#mc/mtl_veh_mphd_van_body_interior_rear
material,#hash_500756df5760f6e8
material,#wc/global_black
material,#hash_501c7836ad3ff2e3
material,#wc/t7_metal_garage_door_rollup_01_bare
material,#mc/mtl_c_t7_techno_head1_visor_skin1
material,#hash_503cb6ccd286cd1e
material,#hash_503cb7ccd286ced1
material,d#mc/mtl_t8_decal_grunge_drip_02
material,#hash_506e71886a74f527
material,#mc/mtl_p7_jun_foliage_bush_bark
material,#mc/mtl_p8_slu_memorial_post_solder
material,#mc/mtl_c_t7_battery_hair_eyelashes
material,#hash_50ae16532e9658ef
material,#hash_50b456bf8c4d8fed
material,#hash_50b4952fe619faf0
material,d#mc/bullet_collision_paintedmetal
material,#hash_50b9390080d9bcb0
material,#hash_50bebd4932a5fd49
material,#hash_50bf7f3d7b731b89
material,#mc/mtl_p8_mp_bomb_crate_whole_destroyed_burned02
material,#mc/mtl_veh_mphd_van_element_external_plastic_dead
material,#mc/mtl_p8_slu_pallet_wood_02_brown_decal_dirt
material,d#mc/mtl_p8_wz_supply_stash_ammo
material,d#mc/187_grey
material,#hash_51053899382ac283
material,#mc/mtl_p7_zm_tra_bike_destroyed_cushion
material,#hash_510ad8737094989e
material,#mc/mtl_p7_slu_gate_fence_set_black
material,#mc/mtl_p7_foliage_flower_bougainvillea_stem
material,#hash_5128d7f2bcef4c23
material,#vd/t7_decal_foliage_moss_small_blend
material,#hash_5144cbe941b46689
material,#mc/mtl_p7_slu_light_switch_plastic_decal
material,#mc/mtl_p7_slu_gate_fence_set_groove
material,#mc/mtl_p7_slu_pole_utility_set_metal_02
material,#mc/mtl_p7_slu_pole_utility_set_metal_03
material,#mc/mtl_p7_slu_pole_utility_set_metal_01
material,#hash_517722fc245611ea
material,#hash_518779bc88c9986c
material,#hash_518b13d1241c7d8e
material,#hash_518f33495d9694bf
material,#hash_51974c07d0c2e4ad
material,#mc/mtl_veh_mphd_van_brakelight_glass_dead
material,#hash_51992b5205a542e5
material,#mc/mtl_p7_slu_light_switch_plastic_dmg
material,#wc/t7_concrete_floor_broken_02
material,#wc/t7_concrete_floor_broken_01
material,#hash_51a6468ab67be72d
material,#mc/mtl_c_bc_femalesoldier_grenade
material,#hash_51ab124e647525eb
material,#hash_51f988efd404df97
material,d#mc/mtl_p7_jun_crate_ammo_wood_rope
material,#mc/mtl_veh_t7_dmg_scrapes_chips_5_decal
material,#vd/t7_decal_grunge_rust_blend_red
material,#hash_5227ea8d6375d244
material,#wc/t7_plaster_trowelled_white
material,#wc/caulk_shadow_primary
material,#mc/mtl_p7_slu_support_awning_metal
material,#mc/mtl_p7_zm_asc_bracket_awning_dirty
material,#mc/mtl_p7_slu_window_laundromat
material,#mc/mtl_p7_slu_bucket_plastic_metal
material,#hash_5280cdf4b237acc7
material,#wc/t7_plaster_paint_peel
material,#mc/mtl_veh_mphd_van_body_interior_rear_dead
material,#hash_52a6276dd4842097
material,#hash_52a7239ce03cf01b
material,#mc/mtl_p7_slu_building_apartment_awning_metal03
material,#mc/mtl_p7_slu_building_apartment_awning_metal02
material,#mc/mtl_p7_slu_building_apartment_awning_metal01
material,#mc/mtl_p7_corrugated_sheet_metal_rust_dmg
material,#mc/mtl_c_t7_warrior_body1_cloth_light_skin1
material,#mc/mtl_p7_slu_foliage_fern_bamboo_mid
material,#hash_52d8e5864dafba73
material,#hash_52db9ae7d5aaf009
material,d#hash_52e01fda50feff68
material,d#hash_52e022da50ff0481
material,d#mc/bullet_collision_glasscar
material,#hash_5300979feb27802f
material,#hash_5306260a4a5c3ef2
material,#wc/t7_decal_grunge_ceiling_water_stain
material,d#mc/mtl_p7_slu_cooler_plastic_decal
material,d#mc/mtl_c_gen_insidemouth_teeth
material,d#hash_530ecb6094ec1b59
material,#mc/mtl_p7_barrier_block_concrete_long_decal01
material,#vd/t7_decal_signage_graffiti_3arc
material,#hash_5324fb359c2ac3e0
material,#wc/t7_decal_damage_plaster_tile_01
material,#hash_5352bdd9585ad4f0
material,#hash_535d292b730d8d8d
material,#hash_5372603cb6f462b2
material,#wc/t7_decal_signage_graffiti_3arc
material,#hash_537d4c731c9300f9
material,#mc/mtl_p7_slu_sign_neon_open_wire
material,#mc/mtl_p7_light_fluorescent_subway_bulb
material,#mc/mtl_p7_electrical_box_set2_boxes
material,#hash_539d3d691ecaf102
material,#hash_53a62b2d9734463b
material,#hash_53ba4432d701d7cf
material,#hash_53bc4904e843e630
material,d#hash_53d3ff5992fbb947
material,#vd/t7_decal_grunge_wall_01_dark
material,#mc/mtl_veh_mphd_van_body_rear_dead
material,#hash_53e74a670b620570
material,#mc/mtl_p7_cup_coffee_paper
material,#mc/mtl_p7_dock_wood_rustic_set_decal_03
material,#mc/mtl_p7_dock_wood_rustic_set_decal_06
material,#mc/mtl_p7_dock_wood_rustic_set_decal_04
material,#mc/mtl_p7_dock_wood_rustic_set_decal_05
material,#hash_53ef41927e101d2a
material,#mc/mtl_p7_slu_table_bench_dirt_02
material,#mc/mtl_p7_slu_table_bench_dirt_01
material,#hash_5401c149e632beb2
material,#hash_54116b3ad909fb7b
material,#wc/mtl_fxanim_gp_brick_worn_dirty_red_crack
material,#mc/mtl_p7_zm_sta_cobblestone_chunks
material,#mc/mtl_p7_foliage_vines_distictis_lod_ledge_128
material,#hash_544c160f8908094d
material,#mc/mtl_p7_eth_rock_boulder_medium_01_moss_down
material,d#mc/mtl_p7_slu_sofa_dmg_sponge
material,#wc/t7_kfu_wood_trim_decorative_03
material,#wc/t7_dlc1_marble_trim_moulding_01
material,#hash_545db007b40197e2
material,#hash_5460e823ff7dbed0
material,#hash_546923c2e95b62d8
material,#hash_546926c2e95b67f1
material,#hash_54716feeb9284cae
material,#mc/mtl_veh_t7_shattered_glass
material,#mc/mtl_p7_slu_cooler_refrigerator_rust
material,#hash_548d8a85451d77fa
material,#hash_549cbdc22f74b706
material,#hash_549cbec22f74b8b9
material,#hash_549cbfc22f74ba6c
material,#hash_549cc0c22f74bc1f
material,#hash_549cc1c22f74bdd2
material,#vd/t7_decal_grunge_calcium_drip_01_drk
material,#hash_54a2422e57eb6f21
material,d#hash_54b3094fae3bb603
material,#hash_54e7e460c87b88d3
material,#wc/t7_plaster_peeling_01
material,#hash_550311950b8e8f8e
material,#hash_55032c6d37291df1
material,#mc/mtl_p8_slu_gravestone_01_stone
material,#hash_550f632bec344027
material,#mc/mtl_p7_zm_nac_bucket_metal
material,#hash_5519beec55144e44
material,#hash_552ce011a4e4f3d7
material,#hash_55333ff7b3926395
material,#mc/t7_slu_stone_trim_bevel_01_tan
material,#hash_554892ab4e2fe231
material,#mc/mtl_skybox_default_black
material,d#hash_556233d6551c1c28
material,#hash_556c3cc27bd317a3
material,#mc/t7_zm_gen_stone_wall_medieval_dirty
material,#hash_5579dc3d3388a256
material,#mc/mtl_p7_slu_wire_decal_rust
material,#mc/mtl_p7_slu_meter_electric_01_base_burnt_02
material,#mc/mtl_p7_slu_meter_electric_01_base_burnt_01
material,#mc/mtl_p7_slu_camera_security_set_shot
material,#wc/t7_decal_grunge_bottom_02
material,#wc/t7_decal_grunge_bottom_01
material,#mc/mtl_c_t7_battery_gear_8
material,#mc/mtl_veh_mphd_van_body_bottom_dead
material,#hash_55b0b9326d07bec6
material,#mcs/mtl_p7_foliage_vines_leaves
material,#mc/mtl_p7_food_fruit_pinapple_inside
material,#hash_55cb4d3dd0a5b770
material,#hash_55dc71f7520cf700
material,#hash_55dc73f7520cfa66
material,#hash_55dc75f7520cfdcc
material,#hash_55dc76f7520cff7f
material,#hash_55dc78f7520d02e5
material,#hash_55dc7bf7520d07fe
material,#hash_55dc7cf7520d09b1
material,d#mc/bullet_collision_metal
material,d#mc/mtl_wpn_t8_eqp_briefcase_bomb_top
material,#mc/mtl_p7_zm_tra_bike_destroyed_decal_02
material,#hash_55f6ad02e490e8b8
material,#mc/mtl_p8_slu_bag_laundry_bundle_dust
material,#mc/mtl_veh_mphd_van_wheel_rim_metal_dead
material,#mc/mtl_p7_cai_vista_antenna_tall
material,#hash_561a04ab4881950e
material,d#hash_561bc21fa41f66a3
material,#wc/t7_decal_damage_crack_line_02
material,#hash_562dd6122685d981
material,#hash_5636a63e3f19194a
material,d#mc/mtl_veh_t8_decal_panel_line_circle_01
material,#hash_564e5fcf572cad3d
material,#mc/mtl_p7_zm_asc_bracket_awning_decal
material,#wc/t7_brick_worn_heavy_grout_white_blend_wet
material,#mc/mtl_c_t7_techno_body2_lights
material,#mc/mtl_p7_slu_gate_iron_wood_set_metal
material,#hash_5689f497d93aed7a
material,#mc/mtl_veh_mphd_van_seat_plastic
material,#hash_56c6cbdf49a22006
material,#hash_56c9ae76fdcac50c
material,#hash_56cb126eb61062b3
material,#mc/mtl_c_t7_techno_body1_shoulderguard_left_skin1
material,#hash_5707be46a5514b3a
material,#mc/mtl_p8_slu_crate_wood_main_broken
material,d#mc/mtl_p7_slu_chair_lawn_plastic_red
material,#hash_57364deb6ef7b752
material,#wc/t7_decal_grunge_rust_blend_red
material,d#hash_5758bd25062bb9e6
material,#mc/mtl_veh_mphd_van_chassis_undercarriage_paint
material,#mc/mtl_p7_slu_pole_utility_set_decal_04
material,#hash_575fd6ab70fcf54b
material,#mc/mtl_p7_slu_pole_utility_set_decal_06
material,#mc/mtl_p7_slu_pole_utility_set_decal_07
material,#mc/mtl_p7_slu_pole_utility_set_decal_01
material,#mc/mtl_p7_slu_pole_utility_set_decal_02
material,#mc/mtl_p7_slu_pole_utility_set_decal_03
material,#hash_576f27eaa318461c
material,#hash_577163531cf5c697
material,#mc/mtl_p7_slu_door_wood_frame_metal
material,#hash_5782b72775c8e1c6
material,d#hash_5795ac8c277045a7
material,#vd/t7_decal_grunge_asphalt_puddle_03
material,#hash_57aecf4b0fa3f4f4
material,#mc/mtl_p7_towels_folded_01_clean
material,#mc/mtl_veh_mphd_van_seat_fabric
material,#hash_57cba94287b1838f
material,#mc/mtl_p7_barrier_block_concrete_long_clean01
material,#wc/t7_kfu_plaster_trowelled_white
material,#mc/mtl_p7_slu_vent_exhaust_moss
material,#mc/mtl_p8_slu_crate_wood_main_twin
material,#hash_58068067304de241
material,#mc/mtl_veh_t8_dmg_scrapes_chips_5_decal
material,#mc/mtl_p7_slu_ladder_metal_metal_01
material,#mc/mtl_p7_slu_ladder_metal_metal_02
material,#hash_58197497a3642109
material,#hash_582ad13c23f8ec58
material,#hash_582ad23c23f8ee0b
material,#wc/infinite_blackness
material,#hash_582fb5af0d59eae8
material,d#hash_583c2bc969ca3e87
material,#mc/mtl_p7_slu_support_awning_metal_dirty_02
material,#hash_58625aed574de364
material,#hash_586a1b39b990dfb2
material,#hash_58703799f8c57b9a
material,d#mc/mtl_p7_slu_cooler_plastic_nail
material,#mc/mtl_p7_slu_camera_security_set_screw
material,#mc/mtl_p7_zm_debris_newspaper_german_burnt
material,#mc/mtl_p7_light_fluorescent_subway_bulb_off
material,#mc/t7_street_concrete_curb_01a
material,#hash_58e559e835517eb4
material,#hash_58e55ce8355183cd
material,#mc/mtl_p7_slu_plate_dirty
material,#mc/mtl_p7_debris_concrete_rubble_lg_02_light
material,#hash_58fb67ac394849e8
material,#mc/mtl_p7_slu_sign_hanging_soda
material,#hash_590f5db27593dfc5
material,#mc/mtl_p7_slu_vent_panel_rust
material,#mc/mtl_p7_debris_glass_shards_edge
material,#hash_594157a2cfc0b450
material,#mc/mtl_p7_slu_computer_monitor_plastic_02
material,#mc/mtl_veh_mphd_van_frontlight_metal
material,#mc/mtl_c_t7_techno_body1_shinguards_skin1
material,#hash_5952350d46ed890f
material,#hash_59663593ff8c1932
material,#mc/mtl_p7_slu_door_wood_frame_metal_decal
material,d#ei/gfx_fog_slow_lg_anim_em
material,#wc/t7_plaster_trowelled_red
material,#mc/mtl_p7_debris_glass_shards
material,#mc/mtl_p7_slu_foliage_tree_birch_trunk
material,#mc/mtl_p7_inf_church_steeple_cross
material,#wc/t7_concrete_wall_poured_thick_01
material,d#hash_5a1316104e434a95
material,d#hash_5a146b364538fb3b
material,d#mc/mtl_p8_mp_flag_pole_01
material,#mc/mtl_veh_mphd_van_wheel_rim_dead
material,#mc/mtl_c_t7_battery_body1_wristwrap_skin1
material,#mc/mtl_p7_slu_dirt_pile_set_decal
material,#mc/mtl_p7_slu_foliage_flower_foliage
material,#mc/mtl_p7_slu_vent_exhaust
material,#mc/mtl_p7_zm_tra_bike_destroyed_plastic
material,#mc/mtl_p7_zm_tra_bike_destroyed_part
material,#mc/mtl_c_t7_warrior_head1_emissive
material,#vd/t7_decal_signage_graffiti_17_green
material,#hash_5aa48cafc27f81ed
material,#hash_5aa5632738bfbf17
material,#hash_5abffcb271e349f7
material,#mc/mtl_p7_construction_hardhat
material,#mc/mtl_c_t7_battery_head1_dogtags
material,#hash_5ad6065daf6ebf80
material,#mc/mtl_p7_slu_wire_rubber
material,#hash_5afe8e5c99436aa8
material,#hash_5b0329a45e4349e7
material,#mc/mtl_p7_foliage_plant_fern_sword
material,#hash_5b29d42b6c76438c
material,#mc/mtl_c_t7_warrior_body1_pouch1_skin1
material,#vd/t7_decal_damage_cracks_01
material,#hash_5b6c56218272786d
material,#mc/mtl_c_t7_techno_body1_cyberhand_skin1
material,d#mc/mtl_p7_slu_refrigerator_modern_bronze
material,#wc/t7_concrete_bare_01
material,#hash_5b843e0308ab5a07
material,#hash_5b84400308ab5d6d
material,#vd/t7_decal_grunge_wall_stain_01
material,#mc/mtl_p7_ban_south_tribe_banner_dice
material,#hash_5b894f7429e5962e
material,#wc/t7_rock_gravel_compact
material,#hash_5b8f68b648307c0a
material,#mc/mtl_p7_jun_foliage_bush_branches_03
material,#hash_5b9ac2fe7900a7a0
material,#hash_5b9b9b5b04113234
material,#hash_5ba6a38e9d22ad5a
material,#wc/t7_wood_plank_floor_02
material,#mc/mtl_p7_ra2_foliage_rose_bloom_white
material,#hash_5bacd86e5e7bdcc1
material,#hash_5baef5e6d6fae992
material,#mc/mtl_p7_slu_support_awning_metal_dirty
material,#hash_5bb43ccee98e93e9
material,#hash_5bc24cf149f61c7b
material,#hash_5bc24df149f61e2e
material,#hash_5bc24ef149f61fe1
material,#hash_5bc24ff149f62194
material,#hash_5bc250f149f62347
material,#mc/mtl_p7_slu_grill_body_decal
material,#mc/mtl_p8_slu_bag_laundry_bundle_dust_green
material,#mc/mtl_p7_shelf_industrial_vintage_metal
material,#mc/t8_concrete_damaged_norebar_01
material,#mc/mtl_p7_slu_box_electric_set_rubber
material,#wc/t7_zm_kin_decal_stain_drain
material,#hash_5c406befc0b1e9d5
material,#wc/t7_decal_damage_cracks_01
material,#mc/mtl_veh_mphd_car_compact_wheel_dead
material,d#hash_5c5d8844d54e4e3b
material,#mc/mtl_p7_slu_sign_neon_open_metal_02
material,#mc/mtl_p7_slu_cabinet_metal_decal_trace
material,#mc/mtl_p7_slu_garage_door_metal_01
material,#mc/mtl_p7_slu_garage_door_metal_02
material,#mc/mtl_p7_slu_garage_door_metal_03
material,#mc/mtl_p7_slu_garage_door_metal_04
material,#mc/mtl_veh_mphd_van_dashboard02
material,#mc/mtl_veh_mphd_van_dashboard01
material,#wc/t7_out_metal_bare_01_rust_soft_blend
material,#hash_5c9a8f61dee2186e
material,#mc/mtl_p7_ra2_foliage_rose_leaf
material,#mc/mtl_p7_slu_vent_panel_metal
material,#hash_5cb458732c1530bb
material,#mc/mtl_p7_slu_grill_body_dirt_02
material,#wc/t7_decal_grunge_rust_09_red
material,#hash_5d06fffd39361727
material,#hash_5d26d901433b00db
material,#mc/mtl_p8_mp_bomb_crate_whole_destroyed_harness
material,#mc/mtl_p8_slu_crate_wood_dirty
material,#mc/mtl_p7_slu_foliage_flower_petals
material,#mc/mtl_p7_slu_telephone_scrn_black
material,#mc/mtl_p7_slu_vent_exhaust_nail
material,d#hash_5dae5c7be7f6a8ef
material,#mc/mtl_p7_foliage_distictis_hanging_ledge_64
material,d#mc/mtl_p7_slu_trash_bag_standing_plastic01
material,#vd/t7_decal_signage_54i_graffiti_03_white
material,#wc/mtl_p7_shr_pillar_wood_scratches_decal
material,#hash_5e0da9f5ff83a3c6
material,#hash_5e193d58cb2ac288
material,#mc/mtl_p7_zm_tra_bike_destroyed_tyre
material,#hash_5e20a61fdeea15e0
material,#hash_5e34708564e6981e
material,#hash_5e469619bff4aeba
material,#hash_5e473b41df5fbd78
material,#hash_5e5559ff1741692a
material,#mc/mtl_p7_debris_trash_can_cola_01
material,#hash_5e8c3105c36fc91a
material,#wc/t7_rubble_brick_shingles
material,#hash_5ea66d7ac9f41dac
material,#mc/mtl_p7_rock_river
material,#vd/t7_decal_damage_concrete_tile_01
material,#hash_5eb0f9435eff22de
material,#mc/mtl_veh_mphd_car_compact_decal_sign_dead
material,#mc/mtl_p8_slu_bag_laundry_bundle_cloth_red
material,#wc/p7_zm_sta_wood_oak_damaged
material,#hash_5ecb3c70fc91156e
material,#wc/t7_wes_dirt_chunky_01_dark
material,d#hash_5ef2e220533e59f8
material,#mc/mtl_p7_slu_ac_unit_window_plastic02
material,#mc/mtl_p7_corrugated_sheet_metal_rust
material,#mc/mtl_p7_bucket_shrapnel_chunks
material,#mcs/mtl_p7_clothes_hanging_01
material,#hash_5f1711a4787d3eeb
material,#hash_5f33e9be9807cf39
material,#hash_5f5305dba096aa32
material,#hash_5f541df7fe62ad3a
material,#hash_5f5d0459d190946e
material,#hash_5f6792b2c33452a4
material,#vd/mtl_p7_sin_bs_train_decal_grunge_rust_04
material,#mc/mtl_veh_mphd_car_compact_glass_dark
material,#mc/mtl_p7_foliage_distictis_hanging_ledge_64_long
material,#hash_5fb0e71943f5a47f
material,#wc/t7_dlc1_concrete_trim_moulding_01_beige
material,#hash_5fe0f69735156820
material,#hash_5fe9f25b1b3385ae
material,#hash_5fe9f35b1b338761
material,#hash_5fe9f45b1b338914
material,#hash_60062011ead2cfc0
material,#hash_60062111ead2d173
material,#hash_60062311ead2d4d9
material,#mc/mtl_p7_trashcan_street_metal
material,#hash_602a636ad6577731
material,#hash_6047b046454ebeb5
material,#hash_605c87a5dc21ed96
material,#mc/mtl_p8_water_cooler_digital_body_dirty_rubber
material,#wc/t7_decal_damage_crack_line
material,#hash_60887e5ede078881
material,#mc/mtl_c_t7_techno_body1_arm_rt_b_skin1
material,#mc/mtl_c_t7_techno_body1_chest_device_detail
material,d#vdd/gfx_decal_exp_blast_01
material,d#vdd/gfx_decal_exp_blast_02
material,#hash_60a87c1cf31bfa09
material,#mc/mtl_p7_slu_can_gas_metal
material,#hash_60ad899e4cfbd455
material,#hash_60b1fedd2268d823
material,#mc/mtl_p7_slu_food_container_foam
material,#hash_60c54f5e820d0e2d
material,#hash_60ce350e87b4b10f
material,#hash_60e878600695452b
material,#hash_60e87960069546de
material,#hash_60e87a6006954891
material,#mc/mtl_veh_t7_dmg_scrapes_chips_9_decal
material,#hash_61048e4902d2d197
material,#hash_61048f4902d2d34a
material,#hash_6104904902d2d4fd
material,#mc/mtl_c_t7_techno_body1_forearm_skin1
material,#hash_610fd9ddff5d11ea
material,#mc/mtl_p8_slu_fountain_dirt
material,#hash_6115e2eb2a6a8599
material,#mc/mtl_c_t7_mp_techno_egypt_gear_7
material,#hash_612e76848418fc65
material,#hash_6141c1e241098782
material,#wc/t7_decal_grunge_calcium_drip_02_blend_rust
material,#mc/mtl_p7_debris_drywall_chunks
material,#mc/t7_slu_stone_trim_bevel_04
material,#mc/t7_slu_stone_trim_bevel_02
material,#hash_6166f432ec778495
material,#hash_61762bd1a0da1aee
material,#mc/mtl_p7_zm_isl_foliage_plant_agro
material,#mc/mtl_p7_slu_camera_security_set_metal
material,#mc/mtl_p7_slu_trash_bin_plastic
material,#hash_6186fcd273fdcbe5
material,#mc/mtl_p7_slu_gate_fence_set_metal
material,#mc/mtl_p8_slu_bag_laundry_bundle_dust_white
material,#mc/mtl_c_t7_warrior_head1_haircards
material,#mc/mtl_veh_mphd_car_compact_decal_led
material,#mc/mtl_p7_planter_ceramic_02
material,#mc/mtl_p7_planter_ceramic_01
material,#wc/t7_decal_grunge_rust_04b
material,#hash_61e6757a1eefcc2c
material,#mc/mtl_p7_slu_gate_door_rusty_lock_brown
material,#hash_61fea13fd05e5ea6
material,d#hash_620870327319f12f
material,d#hash_620871327319f2e2
material,#wc/t7_zm_isl_concrete_rebar_02_blend
material,#mc/mtl_c_t7_warrior_body1_lights
material,#wc/t7_decal_signage_cai_graffiti_06_yellow
material,d#hash_6226a1f90348dc1b
material,#mc/mtl_c_t7_blockout_battery_body1_pistol_mr6_plastic_skin1
material,#mc/mtl_c_t7_mp_battery_body1_lights
material,#hash_624058a64579eb4a
material,#hash_62530a96978dffd3
material,#hash_62585574bbf1da7c
material,d#ei/gfx_fog_slow_md_anim_lit
material,#mc/mtl_p7_debris_trash_fabsoft_01
material,#mc/mtl_p7_zm_asc_pipes_gas_set_dirty_03
material,#hash_629f17c6bf706cb5
material,#mc/mtl_p7_slu_sign_neon_open_orange
material,#hash_62b36002ce06e532
material,d#mc/mtl_p8_mp_flag_pole_01_metal
material,#hash_62bc45f09d89c818
material,#hash_62bc46f09d89c9cb
material,#hash_62bc47f09d89cb7e
material,#wc/t7_zm_sha_decal_damage_concrete_cracks_01_dark
material,d#mc/mtl_c_gen_eye_blue
material,#hash_62cbed418938e8da
material,#wc/t7_ban_decal_signage_graffiti_scribble_01
material,#mc/mtl_p7_planter_ceramic_decal
material,#hash_62fbf76c504b18f9
material,#hash_631cc0de03d9bf50
material,#hash_631cc1de03d9c103
material,#hash_631cc2de03d9c2b6
material,#hash_631cc6de03d9c982
material,#hash_631cc7de03d9cb35
material,#hash_6331101129a7b4bb
material,d#mc/mtl_p7_slu_barrel_metal_transparency
material,#hash_634df7eea7959b6c
material,#hash_635e1f8ccb8025f2
material,#mc/mtl_p7_ceramic_tile_shower_loose_red
material,#hash_63857223c04e2718
material,#mc/mtl_p7_debris_trash_snack_bag_05
material,#mc/mtl_p7_debris_trash_snack_bag_07
material,#mc/mtl_p7_debris_trash_snack_bag_06
material,#mc/mtl_p7_debris_trash_snack_bag_01
material,#mc/mtl_p7_debris_trash_snack_bag_03
material,#mc/mtl_p7_debris_trash_snack_bag_02
material,d#mc/mtl_p7_slu_cooler_plastic_01
material,d#mc/mtl_p7_slu_cooler_plastic_02
material,#mc/mtl_c_t7_battery_head1_headset_glass
material,#mc/mtl_c_t7_warrior_head1_skin1
material,#hash_63b2c5efd043123f
material,#hash_63c6a4c68ccdf48a
material,#hash_63c6ddc8fc6a053a
material,#mc/mtl_veh_mphd_van_seat_fabric_dead
material,#mc/mtl_p7_slu_cooler_refrigerator_inside
material,d#mc/mtl_wpn_t8_eqp_briefcase_bomb_c4
material,#hash_63eb058c6abf1865
material,#mc/mtl_p7_fxanim_gp_tarp_blue_grunge_01_s3
material,#hash_6447a36d800dac39
material,#mc/mtl_p8_wz_supply_stash_decal_strap
material,#hash_64798d2464fc5129
material,#mc/mtl_p7_ac_unit_med
material,#hash_648939f6f1892251
material,#hash_648b8f7d555b768b
material,#mc/mtl_veh_mphd_van_frontlightglass_inner
material,#hash_64b49919da074bff
material,#hash_64d3e892cd1ae2a4
material,#mc/mtl_p7_zm_asc_bracket_awning_metal01
material,#mc/mtl_p7_zm_asc_bracket_awning_metal02
material,#hash_64dc9a454ef6bb80
material,#hash_64dc9b454ef6bd33
material,#hash_64dc9c454ef6bee6
material,#hash_64dca1454ef6c765
material,#hash_64e12042fa308283
material,#mc/mtl_p8_slu_pallet_wood_02_gray_2
material,#mc/mtl_p8_slu_pallet_wood_02_gray_1
material,d#ei/gfx_light_incandescent_hot_em
material,#mc/mtl_p7_box_copy_paper
material,#hash_6532e404ecba9db0
material,#hash_6532e604ecbaa116
material,#hash_6532e704ecbaa2c9
material,#mc/mtl_p7_duct_metal_rectangle_support_dark
material,#hash_6541dc9403bc09eb
material,#hash_654353bbd59415d9
material,#mc/mtl_p7_slu_wire_decal_spalling
material,#hash_654b406854a0cf37
material,#wc/t7_decal_grunge_painted_01
material,#hash_656ae37c52f686ba
material,#mc/mtl_p7_foliage_vines_leaves_sway
material,#mc/mtl_p7_slu_foliage_fern_bark
material,d#hash_657ae7ecee4eb2e8
material,d#hash_657ae8ecee4eb49b
material,d#hash_657aeaecee4eb801
material,d#hash_657aedecee4ebd1a
material,d#mc/t7_metal_bare_aluminum_matte
material,#mc/mtl_p7_slu_airduct_metal_set_rust
material,#hash_6587ecceec7c3aff
material,#hash_65ade4a775c7e56a
material,#mc/mtl_p8_slu_wire_hanging_hose
material,#wc/t7_cru_metal_trim_02_matte_grey_dlc1
material,#mc/mtl_p7_foliage_flower_bougainvillea_flowers
material,#mc/mtl_p7_slu_crate_plastic_red_decal_01
material,#mc/mtl_p7_slu_crate_plastic_red_decal_02
material,#hash_66021613636a6f96
material,d#ei/gfx_light_phosphorous_em
material,#mc/mtl_c_t7_warrior_head1_beardshell
material,#hash_6611b55c2fbd9a99
material,#mc/mtl_c_t7_techno_head1_visor_detail
material,#hash_6614b3153eba4106
material,#mc/mtl_veh_t7_dlc_decal_dirt_01
material,d#hash_661c459e8006cde0
material,#wc/t7_dirt_grassy_forest_ground
material,#hash_66213a08df77f49f
material,#hash_6621848bac7ae65f
material,#mc/mtl_c_t7_battery_body1_thrusters_skin1
material,d#hash_662bc93a34e2f918
material,d#hash_662bcb3a34e2fc7e
material,d#hash_662bcc3a34e2fe31
material,d#hash_662bcd3a34e2ffe4
material,d#hash_662bce3a34e30197
material,d#hash_662bd03a34e304fd
material,#wc/t7_brick_worn_painted_white
material,#hash_665c371083086a1d
material,#wc/t7_decal_damage_drywall_a
material,#hash_66703138938b759e
material,#hash_66703338938b7904
material,#hash_66703438938b7ab7
material,#hash_66739c55a349bf7b
material,#mc/mtl_p7_slu_pole_chainlink_fence_metal_decal
material,#mc/mtl_p7_slu_sign_hanging_coffee
material,#mc/mtl_p8_slu_memorial_post_ball
material,d#hash_66b74ee473b426fe
material,#mc/mtl_p7_ra2_foliage_rose_bloom_red
material,#hash_66c1f6963b1e72e5
material,#hash_66de3e7d52428b29
material,#mc/mtl_p8_wz_supply_stash_decal_clip
material,#wc/t7_concrete_bare_dark_01
material,#wc/t7_concrete_bare_dark_02
material,#mc/mtl_p7_corrugated_sheet_metal_rust_03_proxy_flat
material,#mc/mtl_c_gen_african_insidemouth_teeth
material,#wc/t7_decal_signage_cai_graffiti_24
material,#mc/mtl_p7_foliage_grass_tall
material,#mcs/t7_plastic_wire_black
material,#mc/mtl_p7_slu_plank_wood_board
material,d#mc/global_invisible
material,#mc/mtl_p7_roof_vent_turbine_metal
material,d#ei/gfx_gib_metal_01_lit
material,#hash_67735439b071ed1a
material,#hash_6776d8914c24c068
material,#mc/mtl_p8_slu_bag_laundry_bundle_cloth
material,#mc/mtl_p7_slu_can_gas_metal_01
material,#hash_679d5d4434c3e410
material,#hash_67a0755885782cc2
material,#wc/t7_decal_grunge_concrete_stain_01
material,d#mc/mtl_p7_bucket_plastic_5_gal_blue
material,#wc/t7_wes_wood_door_02
material,#mc/mtl_p7_zm_der_light_set_bulb_small
material,#mc/mtl_p7_cai_butcher_meat_hooks
material,#ei/gfx_smk_tendril_1_em_i8
material,#mc/mtl_p8_mp_bomb_crate_whole_destroyed_missile_red
material,#hash_68156789bcbefe20
material,#hash_68156a89bcbf0339
material,#hash_682cc15e78538076
material,d#mc/mtl_p7_slu_chair_lawn_plastic_01
material,#hash_683a3daef8227bb8
material,#vd/t7_decal_grunge_burnt_stain_01_gun_barrel_char_notile
material,#mc/mtl_p7_sin_light_lamppost_china_set
material,#hash_6861e8e1559783a1
material,d#hash_68675212bc3df138
material,d#hash_686da62fd3acfd33
material,d#hash_686da82fd3ad0099
material,#mc/mtl_p7_slu_barrier_concrete_rusty
material,d#ei/gfx_dust_fall_lg_anim_lit
material,#hash_688c05cc5a69d34a
material,#wc/t7_rubble_brick_shingles_blend
material,#mc/mtl_p7_zm_asc_bracket_awning_decal_02
material,#mc/mtl_p7_barbed_wire_01
material,#mc/mtl_p8_slu_ver_bed_vintage_mattress_bent_water
material,#mc/mtl_p7_slu_gate_iron_wood_set_wood
material,d#hash_68c0170361aeb305
material,#hash_68c33278f6c10f0b
material,#mc/mtl_veh_mphd_van_door_rear_rubber
material,#hash_68fb5f465311be94
material,#wc/t7_zm_isl_grass_scrub
material,d#mc/mtl_p7_slu_refrigerator_modern_rubber_02
material,d#mc/mtl_p7_slu_refrigerator_modern_rubber_01
material,#hash_6903b583dd243e20
material,#hash_6903b683dd243fd3
material,#hash_6903b883dd244339
material,#hash_6903bb83dd244852
material,#hash_690b3eede88091fe
material,d#hash_691075f34fb407e8
material,#hash_6911994a70b819e6
material,#mc/mtl_skybox_mp_slums2_override
material,#hash_6925c010afdf800b
material,#hash_693b29e3af4641b4
material,#hash_693dd715125a8ecc
material,#mc/mtl_veh_mphd_car_compact_tire
material,#mc/mtl_p7_slu_terracota_tile_01
material,#hash_69a21a2abe1bd3a6
material,#hash_69b379b6ea047ffb
material,#wc/t7_water_clean_01_dec
material,#mc/mtl_p7_foliage_distictis_hanging_ledge_192_long
material,#hash_69c64160bf012b53
material,#mc/mtl_p7_slu_fuse_box_electric_set_text
material,#mc/mtl_p7_foliage_vines_hanging_ledge_128_long
material,#hash_6a156d899fbf342f
material,#hash_6a4d82e2e343b954
material,#hash_6a5757b0076b318f
material,#hash_6a59afb49c6df8ad
material,#mc/mtl_p7_ac_unit_extra
material,#mc/mtl_veh_mphd_van_seat_leather_dead
material,d#mc/mtl_wpn_t8_eqp_briefcase_bomb_circuit_glass
material,#hash_6a7562f836eb4a7f
material,d#ei/gfx_fog_slow_md_anim_em
material,#hash_6a86cbcea653689b
material,#mc/mtl_p8_mp_bomb_crate_whole_destroyed_missile
material,#hash_6a8ad7d333a56d66
material,d#mc/t7_decal_grunge_brick_stain_03
material,#mc/mtl_p7_slu_camera_security_set_plastic
material,#mc/mtl_p7_foliage_plant_meskel_flower_orange
material,#mc/mtl_veh_mphd_van_frontlightglass_outer
material,#mc/mtl_c_t7_battery_straps2
material,#wc/t7_ral_concrete_bare_warm
material,#ei/gfx_fol_leaves_vine_lit
material,d#mc/bullet_collision_wood
material,#hash_6ae5ad8c14d60be6
material,#mc/mtl_p7_zm_kin_data_reel_set_nail
material,#mc/mtl_p8_slu_pallet_wood_02_brown_2
material,#mc/mtl_p8_slu_pallet_wood_02_brown_1
material,#mc/mtl_p7_zm_ctl_stone_wall_block
material,#hash_6af6a896e28c464b
material,d#mc/mtl_p8_mp_flag_cloth_neutral
material,#mc/mtl_p7_slu_chair_wood_folding_set_02
material,#wc/t7_concrete_bare_weathered_01
material,#hash_6b030df7e0d599aa
material,#hash_6b030ef7e0d59b5d
material,#hash_6b08e3de2e5d5e73
material,#wc/t7_ban_metal_painted_scraped
material,#hash_6b226b6b03940a99
material,d#hash_6b2a6d144e35172b
material,#hash_6b2da031d4de0095
material,#hash_6b434655c94e7926
material,#vd/t7_decal_grunge_waterfall_stain_01
material,#mc/mtl_p8_slu_bag_laundry_bundle_wear
material,#hash_6b5cbf109d38b927
material,d#mc/mtl_p7_slu_refrigerator_modern_decal
material,#hash_6b6d64966e559b84
material,#wc/t7_zm_asc_concrete_worn
material,#hash_6b723c0797d680e8
material,#hash_6b7a61fb6d3146d5
material,#hash_6b92f70ae60cb842
material,#mc/mtl_veh_mphd_van_element_external_metal_dead
material,#hash_6bbe4ec5fafc7a75
material,#hash_6bc0bef7a90d4f44
material,#mcs/mtl_p7_fxanim_gp_trash_newspaper_01_s3
material,#hash_6bce9551e46b6618
material,#hash_6bced0aed40f01e7
material,#hash_6bced1aed40f039a
material,#hash_6bd1afe5b50e206d
material,#hash_6beb42a467fe6aae
material,#mc/mtl_veh_mphd_car_compact_glass
material,#hash_6bf8300617dd6f0e
material,#hash_6c01639909bd2b2c
material,#hash_6c0401fa5c0652e5
material,d#hash_6c07d44bcf318cd8
material,#hash_6c1360e193ada161
material,#hash_6c33d0cf3b6b066e
material,#mc/mtl_p7_jun_sheet_metal_4x4_2
material,#hash_6c67baf1363fbdc6
material,#hash_6c68eec968b123a0
material,#mc/mtl_p7_slu_telephone_scrn
material,#hash_6c990ac13a6875a2
material,#mc/mtl_veh_mphd_van_chassis_pipe_plastic_dead
material,#hash_6cccebed57697e10
material,#hash_6cd07e724d82de15
material,#hash_6cd4289b5c6f98c4
material,#hash_6cd4fdbdd088146c
material,d#hash_6cd8aad754d1841b
material,d#hash_6cd8abd754d185ce
material,#mc/t7_zm_ver_wire_barbed_single
material,#hash_6ce7d3c5b1f537e9
material,#hash_6ce80494b07bea40
material,#mc/mtl_p7_slu_scaffold_metal_dity
material,d#mc/mtl_wpn_t8_eqp_briefcase_bomb_computer
material,#mc/t7_zm_sha_stone_temple
material,#mc/mtl_p7_slu_table_bench_metal
material,d#mc/mtl_p8_mp_flag_base_01_bronze
material,#hash_6d041aaedf471cf0
material,#wc/t7_mud_footprints_blend
material,#mc/t7_ra2_stone_trim_blocks
material,#hash_6d11aab7d08594c4
material,#hash_6d351407d39006a2
material,d#hash_6d47639bedda264d
material,#hash_6d517cc92df05dd6
material,#vd/t7_decal_grunge_ceiling_water_stain_drk
material,#vd/t7_decal_grunge_brick_stain_01_wet
material,#mc/mtl_p7_slu_window_metal_01
material,#wc/concrete_base02_dark
material,#hash_6d9c31a5262829dd
material,#hash_6da1acd8655efede
material,#hash_6da85e3da998d110
material,#hash_6da8613da998d629
material,#mc/mtl_p7_zm_der_light_set_metal_worn
material,#mc/mtl_p7_slu_wire_metal_01
material,#mc/mtl_p7_slu_wire_metal_03
material,#mc/mtl_p7_slu_wire_metal_02
material,#mc/mtl_p7_slu_wire_metal_04
material,#hash_6dea5302290b2e28
material,#hash_6df0c5bb42f98429
material,#hash_6df25796e67ac6ef
material,#wc/t7_decal_grunge_brick_stain_01
material,#wc/t7_decal_grunge_brick_stain_03
material,#wc/t7_decal_grunge_brick_stain_02
material,#mc/mtl_c_t7_techno_body1_shinguards_detail
material,d#mc/mtl_c_hro_soldier_cyberhand_world
material,#hash_6e1f5fd5496eac6e
material,#wc/t7_decal_grunge_calcium_drip_01_drk
material,#hash_6e2f72705f03cf90
material,#hash_6e30eea26b7760b4
material,#hash_6e3c043ca961616a
material,#hash_6e41e601daacd857
material,#hash_6e41e701daacda0a
material,#hash_6e41e801daacdbbd
material,d#hash_6e5db13ae924702b
material,d#hash_6e5db23ae92471de
material,#mc/mtl_p7_slu_street_lamp_set_top
material,#hash_6e6a552e60259b68
material,#hash_6e6b47d94e80c9c0
material,#wc/t7_concrete_sidewalk_01
material,#mc/mtl_veh_mphd_van_door_middle_interior_dead
material,#mc/mtl_p7_slu_scaffold_metal
material,#hash_6eb859918a7f2264
material,d#mc/mtl_wpn_t8_eqp_briefcase_bomb_glass_ends
material,d#ei/gfx_debris_clump_lit
material,#hash_6ed05959c974cd75
material,#mc/mtl_p7_jun_crate_ammo_wood_decal_08
material,d#mc/mtl_p7_jun_crate_ammo_wood_decal_01
material,#mc/mtl_p7_jun_crate_ammo_wood_decal_03
material,d#mc/mtl_p7_jun_crate_ammo_wood_decal_02
material,#mc/mtl_p7_jun_crate_ammo_wood_decal_05
material,d#mc/mtl_p7_jun_crate_ammo_wood_decal_04
material,#mc/mtl_p7_jun_crate_ammo_wood_decal_07
material,#mc/mtl_p7_jun_crate_ammo_wood_decal_06
material,d#mc/bullet_collision_plastic
material,d#mc/black_abyss
material,#hash_6f090de41e86262a
material,#mc/mtl_p7_slu_cabinet_metal_metal_door
material,#mc/mtl_p7_slu_camera_security_set_rust
material,#hash_6f22a0c5b79cbf06
material,#wc/t7_dlc1_plaster_rough_light_brown_01
material,#mc/mtl_veh_t7_dlc_civ_delivery_decal_dirt_02
material,#hash_6f5a2a01a119ff07
material,#hash_6f682e49a7e87fb8
material,d#mc/mtl_p7_chair_folding_wood_wood_blend
material,#hash_6f9d2fc2fbadddca
material,#mc/mtl_t7_mp_techno_egypt_pouch_3
material,d#mc/mtl_p8_mp_bomb_crate_stencil
material,#mc/mtl_p7_slu_table_bench_wood
material,d#hash_6fda3c8fc3eb446b
material,#mc/mtl_c_t7_techno_body1_bootsole_skin1
material,#wc/t7_zm_ver_decal_damage_concrete_edge_01_dark
material,#mc/mtl_p7_slu_airduct_metal_set_weld
material,#hash_6ff47fa59c85b5f5
material,#hash_6ffacf14f79fa447
material,#mc/mtl_p7_debris_trash_cup_coffee_01
material,#mc/mtl_p7_debris_trash_cup_coffee_02
material,#hash_703a74a78d5ce756
material,#hash_704b4eef9fc6de97
material,d#mc/bullet_collision_paper
material,#vd/t7_jun_moss_wood_cedar_worn_blend
material,#hash_707bf579be25ed75
material,#wc/t7_plaster_wall_01
material,#hash_708851705447f6c1
material,#mc/mtl_c_t7_warrior_body1_chrome_skin1
material,#mc/mtl_p8_slu_pallet_wood_02_gray
material,#mc/mtl_p7_slu_support_awning_metal_decal
material,#hash_70aaaa581c64117f
material,#hash_70c24d3876d45451
material,#mc/mtl_p7_jun_foliage_palm_tropic_proxy_tiled
material,#mc/mtl_p7_crate_wood_02_nail
material,#hash_70c9e08ad46ce0ab
material,#wc/t7_metal_trim_no_rivets_01_blue
material,d#hash_70d802c3089821b3
material,#mc/mtl_p7_jun_sheet_metal_2x8
material,#mc/mtl_p7_zm_ctl_bell_clock_tower_metal02
material,#mc/mtl_p7_zm_ctl_bell_clock_tower_metal01
material,#hash_71060e9cb4c0d450
material,#hash_7106e8962d855261
material,d#hash_710ae919e082eb2a
material,#hash_710f513d8fcf138d
material,#hash_71146064ef162fa3
material,#mc/mtl_p8_slu_bag_laundry_bundle_dirt_yellow_white
material,d#mc/mtl_p7_debris_metal_scrap_02
material,d#mc/mtl_p7_debris_metal_scrap_01
material,#hash_712861cdf4ec5858
material,#mc/mtl_p7_bottle_plastic_detergent_3
material,#mc/mtl_p7_bottle_plastic_detergent_2
material,#mc/mtl_p7_slu_chair_wood_folding_set_metal
material,#mc/t7_metal_bare_chrome_polished
material,#wc/t7_zm_isl_grass_scrub_blend
material,#hash_714675c77f05907a
material,d#hash_714f222be2e340e4
material,#hash_715f8b62f1124d1b
material,#hash_715fcb5f3fe18feb
material,#mc/mtl_p7_slu_door_knob_01
material,#hash_719679ac1b0ec78e
material,#hash_71a5f65ed40ef8c7
material,#hash_71aaa3f6a9827027
material,#mc/mtl_p7_slu_sign_neon_open_nail
material,#mc/mtl_c_t7_techno_body1_backpack_skin1
material,#mc/t7_decal_grunge_charred_stain_02
material,#hash_71b6a7c4d5fbf172
material,#hash_71bbc3aaf234bef9
material,#hash_71c5795073d41940
material,#hash_71e3a7c814294993
material,d#mc/mtl_wpn_t8_eqp_briefcase_bomb_decals_metal
material,#hash_71e8d0da5abae1df
material,#hash_71f3ea0ebccde63e
material,d#hash_71fc11125da6a21f
material,#hash_7223a06f984a8c09
material,#hash_722ab56803285a59
material,#mc/mtl_c_t7_battery_body1_pants_skin1
material,#hash_7233e18906e73fea
material,d#ei/gfx_spark_blink_anim_em
material,#mc/mtl_p7_slu_panel_electrical_glass_01
material,#mc/mtl_p7_fir_foliage_tree_vista_04_proxy_tiled
material,#mc/mtl_veh_mphd_van_door_rear_dead
material,#hash_7260fd712fb47bd7
material,#mc/mtl_p7_signage_caution_biohazard_02
material,#hash_7292152dfedece41
material,#hash_729225f41158067b
material,#wc/mtl_p7_cai_street_grunge_stain_bottom_01_decal
material,#mc/mtl_p7_ra2_foliage_rose_wilted_red
material,#mc/mtl_p7_slu_airduct_metal_set_decal
material,#hash_72faa314f1fb7e3e
material,#hash_7301fd8294852101
material,#mc/mtl_p7_slu_window_laundromat_wood
material,#hash_73208220ea941172
material,#mc/mtl_p7_foliage_vines_distictis_flower
material,d#ei/gfx_water_splash_lit
material,#wc/t7_decal_foliage_moss_small_blend
material,#mc/mtl_p7_slu_light_switch_plastic_flow
material,#wc/t7_brick_regular_painted_white_01
material,#mc/mtl_c_t7_techno_head1_faceplate_detail
material,#mc/mtl_veh_mphd_van_stage_dead
material,#wc/t7_zm_ctl_wood_trim_rough_01
material,#mc/mtl_p7_slu_gate_fence_set_weld
material,#mc/mtl_p7_slu_awning_sheetmetal_sml_wood
material,d#ei/gfx_spark_rndhit_em
material,#hash_73a43562402bf263
material,#hash_73a9c957f0f11d0a
material,#mc/mtl_p7_slu_meter_electric_01_base_part_03
material,#mc/mtl_p7_slu_meter_electric_01_base_part_02
material,#mc/mtl_p7_slu_meter_electric_01_base_part_01
material,#mc/mtl_p7_slu_meter_electric_01_base_part_06
material,#mc/mtl_p7_slu_meter_electric_01_base_part_05
material,#mc/mtl_p7_slu_meter_electric_01_base_part_04
material,d#hash_73bd38ca8c3653ba
material,#hash_73be052eafb77420
material,#hash_73c0b14b4c5edaa5
material,#mc/t7_grass_lawn_medium_small_green_vibrant
material,#wc/t7_decal_grunge_calcium_drip_03_blend_rust
material,#hash_73e146d872659f99
material,d#ei/gfx_spark_blink_anim_em_i12000
material,#hash_73ebb15c2f04eb1a
material,#mc/mtl_veh_mphd_van_seat_leather
material,#mc/mtl_p7_inf_church_window_large_trim
material,#hash_742bc83c2c85589c
material,#hash_743084c6fdcbd95b
material,#hash_743085c6fdcbdb0e
material,#hash_7448e30f70b70167
material,#wc/t7_con_metal_base_grey_dk
material,#mc/mtl_veh_mphd_van_bumper_alum
material,#mc/mtl_p8_slu_crate_wood_main_broken_change
material,#wc/t7_decal_damage_concrete_dust_dark
material,#hash_74a31ccb1c87a9ee
material,#mc/mtl_p7_slu_street_lamp_set_metal
material,#hash_74b669a78f8db2ef
material,#hash_74c18c3a7344b534
material,#hash_74c18d3a7344b6e7
material,#hash_74c18f3a7344ba4d
material,#hash_74c300005f4f8595
material,#hash_74d2fcfffd573060
material,#mc/mtl_p7_slu_window_arched_door_glass
material,#wc/t7_concrete_trim_inset_01
material,#hash_74fc687c1db48475
material,#hash_74fd3b7f286be052
material,#wc/t7_decal_grunge_rust_04
material,#hash_7522cf3b01bbd45e
material,#mc/mtl_p7_slu_window_glass_03
material,#mc/mtl_p7_slu_window_glass_02
material,#mc/mtl_p7_slu_window_glass_01
material,#wc/t7_concrete_tiles_2x2_dirty_01
material,#hash_755ac977e82893ba
material,#hash_7568f35972726d5c
material,#hash_7568f65972727275
material,#hash_757ada4b7d9c33da
material,d#hash_7593e326f8aee43b
material,#hash_7595da7f7bf81a3a
material,#mc/mtl_veh_mphd_car_compact_decal_gauge_05_dead
material,#hash_75b02218d17c53a8
material,#hash_75bb55c43a7ef32c
material,d#hash_75c150f30da1e94b
material,#vd/t7_decal_damage_plaster_tile_01
material,#mc/mtl_p8_slu_plaque_metal_text
material,#mc/mtl_p7_ra2_foliage_rose_wilted_white
material,#hash_76033b85f1aa7c3f
material,d#mc/t8_metal_painted_clean_red
material,#mc/mtl_p7_ram_path_stone_slab_smooth_e
material,#hash_7625bf43ed57b7f7
material,#hash_762f6eac6c63ac30
material,#hash_76321cec2fd29122
material,d#vd/gfx_decal_foam
material,#mc/mtl_veh_mphd_van_element_external_glass
material,#hash_765ac8571a0ca5e7
material,#mc/mtl_p7_eth_rock_wallrun_01a
material,#mc/mtl_c_t7_techno_body1_torso_armor_detail
material,#hash_768aafb87261813f
material,#hash_7697de6038afc5b6
material,#mc/mtl_p7_cigarette_set
material,#hash_76b19278d51ae4ad
material,#mc/mtl_p7_slu_foliage_flower_leaf
material,#hash_76b766e5fff12c2d
material,#mc/mtl_p7_zm_ctl_bell_clock_tower_dirt
material,#hash_76c4242521adf6d8
material,#hash_76dff9a2011eaf53
material,d#mc/t8_metal_panel_trim_01b
material,#vd/t7_ban_dirt_cracked_blend
material,#lut_mp_slums2
material,#mc/mtl_veh_t7_dlc_decal_char_burnt_metal
material,d#hash_7708f26288a94870
material,d#hash_7708f56288a94d89
material,#hash_770d5059555adfb9
material,#mc/mtl_p7_ris_barrel_water_set_16
material,#hash_771306597e6f2c1a
material,#mc/mtl_p7_ris_barrel_water_set_07
material,#hash_7722ae83239360bd
material,#mc/mtl_p8_slu_bag_laundry_bundle_dirt_yellow_green
material,#mc/mtl_veh_mphd_van_element_external_plastic
material,#wc/t7_decal_grunge_dust_wall_01_blend
material,#wc/t7_decal_grunge_charred_stain_03
material,#hash_776856ebf048f483
material,d#mc/mtl_p8_mphd_tool_chest_metal_red_02
material,#mc/mtl_p8_mphd_tool_chest_metal_red_03
material,d#mc/mtl_p8_mphd_tool_chest_metal_red_05
material,#mc/mtl_p8_mphd_tool_chest_metal_red_06
material,#hash_776ed6459255f6e5
material,#wc/t7_brick_worn_heavy_grout_damaged_red_blend
material,d#mc/mtl_p8_mphd_tool_chest_decal_04
material,d#mc/mtl_p8_mphd_tool_chest_decal_02
material,d#mc/mtl_p8_mphd_tool_chest_decal_03
material,d#mc/mtl_p8_mphd_tool_chest_decal_01
material,#wc/t7_rock_gravel_varied
material,#hash_77abe9081ef9d2f6
material,#hash_77c7baf9b126a22d
material,#hash_77d5e23f9af022fa
material,#mc/mtl_c_t7_techno_body1_arm_rt_a_skin1
material,d#ei/gfx_fol_flower_petal_single_lit
material,#mc/mtl_p7_zm_asc_fire_bell_metal01
material,#mc/mtl_p7_zm_asc_fire_bell_metal02
material,#mc/mtl_p7_zm_asc_fire_bell_metal03
material,#mc/mtl_p7_slu_column_hostel_set_rock_01
material,#mc/mtl_p7_slu_column_hostel_set_rock_02
material,#hash_78175b68b29d4377
material,#hash_783351d39852e4bf
material,#mc/mtl_p7_slu_rollup_door_01
material,#mc/mtl_p7_slu_rollup_door_02
material,#hash_7857b411c77f3810
material,#mcs/mtl_p7_wires_electrical
material,#vd/t7_rubble_dirt_01_blend
material,#mc/mtl_p7_slu_sign_hanging_metal_weld
material,d#hash_789c623974b25390
material,#mc/mtl_veh_mphd_van_chassis_undercarriage_plastic
material,#hash_78a52ed53de2be11
material,d#hash_78c812f306315b22
material,#hash_78cec1d514f5f98e
material,d#ei/gfx_smk_whisp_anim_02_lit
material,#mc/mtl_p7_slu_ac_unit_window_decal01_yellow
material,d#hash_78e1ed5dd8479b41
material,#mc/mtl_p7_duct_metal_rectangle_straight_64_rust
material,#hash_78f4f1a8637c9cd0
material,#mc/mtl_veh_mphd_van_chassis_pipe_plastic
material,#mc/ceramic_roof
material,#mc/mtl_p7_slu_wire_decal_01
material,#wc/t7_decal_grunge_brick_stain_01_wet
material,#mc/mtl_veh_mphd_van_glass_dark
material,#mc/mtl_p7_sin_light_lamppost_china_set_glass
material,#mc/mtl_p7_zm_nac_bucket_decal
material,#hash_793d32d2afd6106e
material,#mc/mtl_p8_mphd_tool_chest_sml_rack
material,#hash_79471b958a12bc63
material,#hash_794beb817c0cd4f1
material,#wc/t7_decal_grunge_ceiling_water_stain_drk
material,d#hash_7970c252d8c79e52
material,#mc/mtl_c_t7_techno_body1_thighguard_skin1
material,#hash_798815f7d650a14a
material,#hash_79a9f73ced9d42d0
material,#hash_79a9fa3ced9d47e9
material,#hash_79a9fd3ced9d4d02
material,#mc/mtl_p7_slu_box_accessory_02
material,#mc/mtl_p7_slu_box_accessory_03
material,#mc/mtl_p7_slu_box_accessory_01
material,#hash_79c148d831b7c424
material,#mc/mtl_c_t7_techno_head1_glass
material,#hash_79e1beb11566b3e7
material,#mc/mtl_c_t7_blockout_battery_body1_beltwidget
material,#wc/t7_zm_moo_terrain_dirt_rocky_01_blend
material,#mc/mtl_p7_zm_der_light_set_metal_aluminum
material,#mc/mtl_p8_slu_bag_laundry_bundle_dirt
material,#mc/mtl_p7_slu_barrel_metal_decal_dirt_black
material,#hash_79ed5eb5183b14c1
material,#hash_7a05ebb859a7b974
material,#mc/mtl_p7_zm_zod_cobblestone_chunks
material,#mc/mtl_p7_slu_scaffold_metal_decal
material,#hash_7a29d08bb9d6be50
material,#hash_7a29d18bb9d6c003
material,#hash_7a29d28bb9d6c1b6
material,#wc/t7_decal_grunge_concrete_wall_block_stain_01
material,#mc/mtl_veh_mphd_van_chassis_pipe_paint
material,#mc/mtl_p7_jun_foliage_ivy_ground_foliage
material,#mc/mtl_p7_cinder_block
material,#hash_7a6b69856ad27592
material,#mc/mtl_p7_foliage_flower_bougainvillea_bushyvarient_proxy_tiled
material,#hash_7a8209207d10ad1b
material,#hash_7a821f71fce1d228
material,#hash_7a831ef68e3bfb60
material,#wc/t7_zm_ori_wood_wall_decal_grunge_drip_01_blend
material,#mc/mtl_p7_slu_airduct_metal_set_screw
material,#hash_7a927ddd0a9607a0
material,#mc/mtl_p7_slu_window_bars_metal_02_metal
material,#hash_7a9a2c6659718cc8
material,#ei/gfx_bio_butterfly_top_lit
material,#hash_7ab99574d0eeb3f9
material,d#hash_7ac092e8be6aa6bc
material,#hash_7ac8a5af68e23433
material,#hash_7acf4c6818130143
material,d#hash_7adebd51b19e0929
material,#mc/mtl_p7_foliage_palm_lipstick_fronds
material,#mc/mtl_veh_mphd_van_frontlight_plastic_dead
material,#mc/mtl_p7_slu_barrel_metal_02_dmg
material,#wc/t7_dirt_fertile_dark_blend
material,#mc/mtl_p7_foliage_distictis_ground_128x32
material,#mc/mtl_p8_wz_supply_stash_health_canvas
material,#hash_7b10048367847047
material,#mc/mtl_veh_mphd_van_frontlight_glass_dead
material,d#hash_7b2f531966a0eb65
material,#hash_7b3786ecabde8455
material,#hash_7b388378e3c57cac
material,#mc/mtl_veh_mphd_van_chassis_pipe_paint_dead
material,#mc/mtl_p7_pipe_metal_hp_4_01_grey_dk
material,d#hash_7b5420921e7526f0
material,d#mc/mtl_wpn_t8_eqp_briefcase_bomb_foam
material,#hash_7b661907f4f827ad
material,#mc/mtl_p7_foliage_banana_tree
material,#mc/mtl_p8_slu_crate_wood_main_change
material,#hash_7b8a1e7d07423e1e
material,#wc/t7_concrete_trim_beveled_03
material,#wc/t7_concrete_trim_beveled_02
material,#hash_7babc377098214c2
material,#mc/mtl_p7_slu_airduct_metal_set_metal
material,#hash_7bcf318cda80bb13
material,#hash_7bd2d359b993e281
material,#wc/t7_plaster_cracked_light_01
material,#vd/t7_ban_metal_heavy_rust_blend
material,#hash_7bdfcd7c983512d3
material,#mc/mtl_p7_foliage_banana_tree_01_vista_proxy_tiled
material,#hash_7be5d318394e5c9c
material,#hash_7be5d618394e61b5
material,#hash_7bf0f0f699a3a2cf
material,#mc/mtl_p7_zm_der_window_warehouse_frame_03
material,#mc/mtl_p7_zm_der_window_warehouse_frame_02
material,#mc/mtl_p7_zm_der_window_warehouse_frame_01
material,d#mc/mtl_p8_mp_flag_base_01_white
material,#wc/t7_decal_crack_asphalt_02
material,#wc/t7_metal_panel_horizontal_painted
material,#hash_7c1d42f6a8b8c90b
material,#wc/t7_ra2_stone_rough_limestone_blend
material,#mc/mtl_p7_slu_foliage_tree_palm_leaves_stem
material,#hash_7c354c341806dd77
material,#hash_7c366a2ea2c214be
material,#mc/mtl_c_t7_techno_body1_neckwrap_skin1
material,#hash_7c505954291235b7
material,#hash_7c505a542912376a
material,#hash_7c55d1d611e1e8ec
material,#hash_7c67dd79ce1c5d94
material,#mc/mtl_p8_mp_bomb_crate_whole_destroyed_green
material,#mc/mtl_p7_bottle_plastic_2litre_cola_dmg
material,#hash_7c768900cc64691c
material,#mc/mtl_p7_slu_foliage_flower_garden_red_proxy_tiled
material,#hash_7cb21481fb59b7b6
material,#mc/mtl_p8_wz_supply_stash_health_metal
material,#mc/mtl_p8_mp_bomb_crate_whole_destroyed_stripe
material,#hash_7cfa97b769893919
material,#wc/t7_decal_damage_concrete_edge_01
material,#wc/t7_decal_damage_concrete_edge_02
material,#hash_7d097b9da4d5ca24
material,#hash_7d097c9da4d5cbd7
material,#hash_7d097e9da4d5cf3d
material,#hash_7d2ce14531632de6
material,#mc/mtl_p8_wz_supply_stash_decal_health_patch
material,#mc/mtl_p7_slu_light_switch_plastic
material,#wc/t7_metal_chainlink_worn
material,#mc/mtl_veh_mphd_van_brakelight_metal
material,#hash_7d53a964c4522368
material,#wc/t7_decal_grunge_stain_01
material,#mc/mtl_p7_slu_window_decal_04
material,#mc/mtl_p7_slu_window_decal_05
material,#mc/mtl_p7_slu_window_decal_02
material,#mc/mtl_p7_slu_window_decal_03
material,#mc/mtl_p7_slu_window_decal_01
material,#hash_7d90ca93a40c50a8
material,#hash_7d90cb93a40c525b
material,#hash_7d90cd93a40c55c1
material,#hash_7d90cf93a40c5927
material,#hash_7d90d093a40c5ada
material,#hash_7d90d193a40c5c8d
material,#hash_7d9d8fdfe8f924d1
material,#hash_7daf02a65f228aa1
material,#hash_7dc5c15a8560fb77
material,#mc/mtl_cru_jungle_dead_leaves_01
material,#mc/mtl_p8_slu_whiteboard_plastic
material,#hash_7dddfa922106f2ee
material,#mc/mtl_p8_slu_bag_laundry_bundle_white
material,#mc/mtl_p7_bottle_plastic_2litre_cola_backlit
material,#hash_7dff6468cc76407c
material,#hash_7dff6768cc764595
material,#mc/mtl_p7_slu_door_wood_teal_window
material,#mc/t7_metal_tarnished_dark
material,#hash_7e10b882f2f6b479
material,#mc/mtl_c_t7_emissive_b
material,#mc/mtl_c_t7_emissive_a
material,#mc/mtl_p7_slu_fuse_box_electric_set_wire_white
material,#mc/mtl_veh_mphd_car_compact_decal_gauge_06_dead
material,#hash_7e317a5f6a210f55
material,#wc/t7_wood_plywood_trim_dirty_wet
material,#hash_7e36c3de6554a25a
material,#hash_7e3d5a89f8c96489
material,#hash_7e40edde502b583b
material,#vd/t7_decal_grunge_brick_color_faded
material,#mc/mtl_p7_slu_ladder_metal_rubber
material,d#hash_7e5323383cc3817f
material,d#hash_7e5325383cc384e5
material,#wc/t7_metal_panel_trainstation_roof_trim
material,#wc/t7_zm_isl_concrete_wall_weathered_01
material,#hash_7e7d9bb8d6d69cca
material,#hash_7e7e6c11813e0336
material,#hash_7e7e6d11813e04e9
material,#hash_7e7e6e11813e069c
material,#hash_7e7e6f11813e084f
material,#hash_7e7e7111813e0bb5
material,#hash_7e867160d77f9069
material,#hash_7e9329e6fee33ed4
material,d#hash_7e953e685bfa7655
material,#hash_7ea1355448a201ad
material,#hash_7ea3366be1f1ea0c
material,#hash_7eac12a553e8dfe3
material,#mc/mtl_p7_rebar_01_rusty
material,#hash_7ecae5403019e187
material,#hash_7ecd85c38a832098
material,#hash_7ed19d6167847d19
material,#mc/mtl_veh_mphd_car_compact_decal_gauge_01_dead
material,#mc/mtl_p7_zm_ctl_bell_clock_tower_wood01
material,#mc/mtl_p7_slu_ac_unit_window_decal02_red
material,#hash_7eefa77e08b0a272
material,#mc/mtl_p7_slu_rollup_door_rubber
material,#hash_7ef841575d278ec7
material,#hash_7ef842575d27907a
material,#hash_7ef843575d27922d
material,#hash_7efbefb07d43839a
material,#hash_7f0334f37095804b
material,#hash_7f1782af5ea7c089
material,#hash_7f1783af5ea7c23c
material,#hash_7f1784af5ea7c3ef
material,#hash_7f1785af5ea7c5a2
material,#mc/mtl_p8_slu_bag_laundry_bundle_blue
material,#hash_7f3039eff623980a
material,#hash_7f30cacbcb9ee5f3
material,#wc/t7_plaster_rough_worn_02
material,#hash_7f637ee6b10ee67e
material,#mc/mtl_p7_debris_concrete_rubble_slab_trim
material,#mc/mtl_veh_mphd_car_compact_decal_gauge_02_dead
material,#mc/mtl_p7_slu_door_wood_frame_metal_dirt
material,#hash_7f89badae4bf36f7
material,#hash_7f89bbdae4bf38aa
material,#hash_7f8e89096c6a2008
material,#mc/mtl_veh_mphd_car_compact_wheel
material,#hash_7f9e18267dcd8b72
material,#mc/mtl_p7_fir_foliage_tree_vista_08_proxy_tiled
material,d#hash_7faf91af9c3fb769
material,#hash_7fb92042f159a1a5
material,#vd/t7_zm_ori_wood_wall_decal_grunge_drip_01_blend
material,#hash_7fc621da61061f30
material,#hash_7fc624da61062449
material,#hash_7fc830847183329b
material,#hash_7fc88e2c8d28d653
material,#hash_7fc88f2c8d28d806
material,d#ei/gfx_water_droplet_lit
material,#hash_7fd6dca09c4d60f9
material,d#mc/bullet_collision_concrete
material,d#ei/gfx_spark_single_em
material,#hash_7fe30e591a4f4645
material,#mc/mtl_p7_zm_tra_bike_destroyed_decal
material,d#ei/gfx_distort_heat
material,#wc/t7_hey_wood_plank_wide_01_wet
material,#mc/mtl_p7_eth_rock_boulder_large_01_moss_down
fx,#hash_5a7dd24793c648e4
fx,#hash_74be9d36ffef06f9
impactsoundstable,#hash_d698a0c5be3e240
impactsoundstable,d#hash_1f8c37cb2cf6c55c
impactsoundstable,d#hash_368fb7ec6eff7aa6
impactsoundstable,#hash_3c179f6b071380af
impactsoundstable,d#phy_cardboard
impactsoundstable,d#hash_581e7127a50d1b3e
impactsoundstable,d#hash_695bd5aa13e21e64
impactsoundstable,#phy_fruit
maptableentrylevelassets,#mp_slums2
physpreset,#p7_bucket_plastic_5_gal_closed_green
physpreset,#p7_pottery_terracotta_e_orange_soil
physpreset,d#p7_bucket_plastic_5_gal
physpreset,#p7_cinder_block
physpreset,#bottle_plastic
physpreset,#p7_bottle_glass_liquor_01
physpreset,#cardboardbox_empty
physpreset,#plastic_container_sml
physpreset,d#metal_pan
physpreset,#ceramic_tile_small
physpreset,#p7_food_fruit
xmodel,#hash_11ae877457c40
xmodel,#p7_slu_antenna_02
xmodel,#p7_slu_antenna_01
xmodel,#veh_mphd_police_car_dead
xmodel,#hash_e55992f61b987d
xmodel,#p7_slu_plank_wood_rustic_2x8x108
xmodel,#p7_zm_sha_foliage_tree_palm_fan_vista
xmodel,#hash_18cf63cba55047e
xmodel,#p7_conduit_rust_1_elbow90_short
xmodel,#p7_global_chainlink_fence_rail_end
xmodel,#hash_1eb20bc9909ad03
xmodel,#p7_slu_building_apartment_balcony_support
xmodel,#p7_global_chainlink_fence_wire_arm
xmodel,#p7_slu_light_arm_metal
xmodel,#p7_slu_building_apartment_awning_04
xmodel,#p7_slu_building_apartment_awning_03
xmodel,#p7_slu_building_apartment_awning_02
xmodel,#p7_street_curb_concrete_64a
xmodel,#p7_debris_concrete_rubble_sm_01_warm
xmodel,#p7_slu_cabinet_metal_upper
xmodel,#p7_dock_wood_rustic_board_single_dmg1_01
xmodel,#p7_dock_wood_rustic_board_single_dmg1_02
xmodel,#p7_towels_single_01_clean
xmodel,d#p8_mp_bomb_crate_palette
xmodel,#p7_fxanim_mp_slums_wire_control_mod
xmodel,#p7_zm_zod_cobblestone_chunks_01_dark_wet
xmodel,#p7_fire_sprinkler_interior
xmodel,#p7_slu_panel_electrical_01_lid_02
xmodel,#p7_slu_panel_electrical_01_lid_01
xmodel,#p7_fxanim_gp_wire_sparking_med_thick_mod
xmodel,#p7_slu_meter_electric_01_base
xmodel,#p8_slu_bag_laundry_bundle_sml_blue
xmodel,#p7_wes_railing_clock_tower_post
xmodel,#hash_65e3c10436d7663
xmodel,#p7_slu_barrel_water
xmodel,#p7_slu_flag_02
xmodel,#p8_slu_bag_laundry_bundle_sml
xmodel,#p8_slu_memorial_post_ring
xmodel,#p7_slu_sign_hanging_hair
xmodel,#p7_zm_gen_undercroft_stone_door_frame
xmodel,#p7_slu_door_wood_frame_arched_sml
xmodel,#p7_slu_foliage_dandelion_seeds
xmodel,#p7_jun_sheet_metal_4x8_bd_01
xmodel,d#p8_slu_table_booth_worn
xmodel,#hash_7b54f9236671336
xmodel,d#p7_slu_bag_cement_stack
xmodel,#p7_slu_beam_metal
xmodel,#p7_slu_dirt_pile_trim_64
xmodel,d#p7_slu_cooler_plastic
xmodel,#p7_inf_church_steeple_cross
xmodel,#p7_slu_gate_fence_chain
xmodel,#p7_slu_bucket_plastic_orange_sml
xmodel,#p7_slu_vent_exhaust
xmodel,#hash_9b7d49cf1a2ea44
xmodel,#hash_9b7d69cf1a2edaa
xmodel,#veh_t8_civ_license_plate_back_panama_truck_red
xmodel,#p7_slu_bucket_plastic_orange_lrg
xmodel,#hash_afe643fb71b5225
xmodel,#p7_slu_gate_fence_segment_end
xmodel,#p7_slu_debris_paper_03
xmodel,#p7_slu_debris_paper_02
xmodel,#veh_mphd_van_dest_attach
xmodel,#p7_sin_vista_foliage_cluster_a
xmodel,#p7_slu_support_awning_metal
xmodel,d#p7_fxp_debris_metal_scrap_01
xmodel,d#p7_fxp_debris_metal_scrap_02
xmodel,#p7_slu_door_wood_frame_arched_lrg
xmodel,#p7_slu_iron_railing_fence
xmodel,#p7_brick_hvy_grout_01
xmodel,#p7_slu_bottle_plastic_dmg_01
xmodel,#p7_slu_bottle_plastic_dmg_02
xmodel,#p7_jun_foliage_ivy_ground_01
xmodel,#p7_tiedown_i_hook_metal_01
xmodel,#p7_slu_solar_panel
xmodel,#p8_fxanim_mp_slu_machine_washing_blue_tumble_smod
xmodel,#veh_t8_civ_license_plate_front_panama_truck_red
xmodel,#hash_10a5816ad8ef9d16
xmodel,#p7_foliage_plant_heliconia_stalk_a
xmodel,#p7_soc_fence_post_metal_rusty
xmodel,#intro_window_wood_3_arch_01
xmodel,#p7_slu_window_frame_wood_44x57
xmodel,#hash_11ffb4f2d87fcc38
xmodel,#p7_slu_rack_laundry
xmodel,#p7_slu_building_apartment_awning_support
xmodel,d#p7_slu_trash_bag_standing
xmodel,#p7_fxanim_gp_streamer_red_lrg_01_s3_smod
xmodel,#p7_debris_concrete_rubble_lg_03_no_metal_flat_edge_02
xmodel,#p7_foliage_plant_heliconia_cluster_a
xmodel,#hash_1373f9fccb0f394a
xmodel,#p8_fxanim_slu_cables_smod
xmodel,#p7_hd_slums_vista_mountain_01_alt
xmodel,#p7_foliage_vines_hanging_ledge_32
xmodel,#p7_sin_rock_park_01_cluster_b
xmodel,#p7_slu_food_container_foam_05
xmodel,#p7_slu_food_container_foam_01
xmodel,#p7_zm_tra_light_wall_deco
xmodel,#p7_slu_church_front
xmodel,#p7_slu_plywood_old
xmodel,#p7_foliage_distictis_flowers_ledge_64
xmodel,#p7_slu_door_wood_teal
xmodel,d#p7_slu_stool_swivel
xmodel,#p8_slu_pallet_wood_04_brown
xmodel,#p7_slu_cup_trash_short_03
xmodel,#p7_slu_frame_sign_vista
xmodel,#p8_slu_column_concrete_hostel_arch
xmodel,#veh_t8_civ_license_plate_back_panama_truck_blu
xmodel,#p7_ban_south_tribe_decor_nail_b
xmodel,#hash_17b662bdab8cdb86
xmodel,#p7_glass_shard_corner_dark
xmodel,d#p7_slu_fire_hydrant
xmodel,#p7_foliage_grass_flowers
xmodel,#p7_slu_cinder_block
xmodel,#p7_slu_cabinet_metal_door_rt
xmodel,#p7_slu_fire_hydrant_allstates
xmodel,#hash_187b3a82d76b1a5e
xmodel,#p7_barrier_block_concrete_long_01_low_worn_half
xmodel,#p7_slu_cabinet_metal_door_lt
xmodel,#p7_light_fluorescent_subway_bulb_off
xmodel,#p7_slu_dispenser_bathroom
xmodel,#hash_190f0620af6dd61e
xmodel,#p7_slu_window_arched_frame
xmodel,#p7_zm_perk_bottle_broken
xmodel,#p7_slu_sign_hanging_food
xmodel,#p7_slu_clothes_pile_muddy
xmodel,#veh_t8_civ_license_plate_front_panama_truck_blu
xmodel,#c_t7_mp_battery_mpc_fb1_skin1
xmodel,#p8_slu_wire_hanging
xmodel,#p7_slu_tire_debris
xmodel,#p8_mphd_towel_a_white
xmodel,#p7_debris_glass_shards_06
xmodel,#p8_fxanim_gp_rollup_door_60_smod
xmodel,#hash_1ac4e62cf9ec88d1
xmodel,#p8_mphd_tool_chest_sml_rack
xmodel,#p7_slu_foliage_ivy_ctr_02
xmodel,#skybox_mp_slums2_override
xmodel,#p7_zm_zod_cobblestone_chunks_06_dark_wet
xmodel,#p7_foliage_distictis_ground_128x32
xmodel,#p7_conduit_metal_1_elbow45_short
xmodel,#p7_crate_wood_01_tall
xmodel,#p7_slu_building_apartment_support_01
xmodel,#p7_cru_jungle_dead_leaves_01
xmodel,#p7_zm_ctl_stone_wall_medieval_dmg_01
xmodel,#p7_zm_ctl_stone_wall_medieval_dmg_03
xmodel,#p7_zm_ctl_stone_wall_medieval_dmg_02
xmodel,#hash_1dacbabaa5d9ad48
xmodel,#hash_1dacbbbaa5d9aefb
xmodel,#hash_1dacbcbaa5d9b0ae
xmodel,#hash_1dacc1baa5d9b92d
xmodel,#p7_slu_ac_unit
xmodel,d#p7_chair_folding_wood
xmodel,#p7_barbed_wire
xmodel,#p7_foliage_vines_hanging_flat_32
xmodel,#p7_fxanim_market_stand_tarp_blue_corner_s3_mod_pale
xmodel,#p7_slu_panel_electrical_01_base
xmodel,#p7_fxanim_gp_trash_newspaper_05_s3_smod
xmodel,#p7_zm_gen_sin_vista_foliage_cluster_b_lod
xmodel,#p7_debris_concrete_rubble_lg_03_no_metal_flat
xmodel,#hash_201ae5dfad4e328a
xmodel,#p7_slu_cabinet_metal_lower
xmodel,#p7_fxanim_gp_streamer_orange_lrg_01_s3_smod
xmodel,#fx_decal_burnt_paper
xmodel,#hash_20f5330dcfe77752
xmodel,#p7_slu_bag_cement
xmodel,#p7_foliage_hedge_box_48_48_60_vibrant
xmodel,#hash_216c7d5cc4982d8e
xmodel,#p7_foliage_palm_lipstick_sml
xmodel,#p7_rebar_straight_32_01
xmodel,#p7_slu_vent_roof_sml
xmodel,#hash_223f070bbf50566a
xmodel,#p7_fxanim_gp_streamer_blue_med_01_s3_smod
xmodel,#p7_zm_zod_cobblestone_chunks_05_dark_wet
xmodel,d#p8_mp_bomb_crate_open
xmodel,#p7_slu_gate_fence_segment_02
xmodel,#p7_slu_gate_fence_segment_03
xmodel,#p7_slu_gate_fence_segment_01
xmodel,#p7_fxanim_gp_streamer_orange_med_01_s3_smod
xmodel,d#p8_mp_bomb_crate_single
xmodel,#p7_brick_broken_worn_dirty_pile_02_red_lt
xmodel,#p7_zm_sha_glyph_stone_blank
xmodel,#p7_zm_sta_wall_light
xmodel,#p7_slu_building_apartment_awning_01_lrg
xmodel,#p6_la_scattered_rubble
xmodel,#p7_shelf_industrial_vintage_96
xmodel,#hash_249aa86cfae8772e
xmodel,#p7_slu_fire_hydrant_top_dmg
xmodel,#p7_jun_sheet_metal_4x4_2
xmodel,#hash_24a72c51b15bb84c
xmodel,#p7_slu_can_gas_metal
xmodel,#p7_slu_foliage_flower_garden_red
xmodel,#p7_eth_bird_spikes_curved
xmodel,#p7_slu_door_wood_frame
xmodel,#p6_ceramic_roof_tiles_top_edge_64
xmodel,#p6_ceramic_roof_tiles_top_edge_32
xmodel,#p7_light_fluorescent_subway_no_glass_01
xmodel,#p6_ceramic_roof_tiles_top_edge_128
xmodel,#p7_slu_booth_chair_worn
xmodel,#hash_277206086c1dfe8e
xmodel,#p7_slu_debris_trash_pile
xmodel,#p7_slu_pole_chainlink_fence_metal
xmodel,#p8_slu_pallet_wood_02_brown
xmodel,#p8_mphd_tool_chest_sml_tools
xmodel,#p7_zm_ori_church_columns_short
xmodel,#p7_jun_sheet_metal_4x8_white
xmodel,#p7_slu_street_lamp_pole_lrg
xmodel,#p7_light_fluorescent_subway_01
xmodel,#p7_jun_foliage_bush_desert_a
xmodel,#p8_fxanim_gp_rollup_door_120_smod
xmodel,#p7_debris_wood_plank_old_128_dark
xmodel,#p7_conduit_metal_2_body_joint_tb
xmodel,#p7_foliage_flower_bougainvillea_bushyvarient
xmodel,#hash_2a29d0db7598200e
xmodel,#p7_foliage_vines_hanging_flat_32_sway
xmodel,#hash_2a5d07c88341c4cc
xmodel,#p7_slu_barrier_concrete
xmodel,#p7_fxanim_gp_wire_thin_hanging_04_smod
xmodel,#p7_zm_kin_data_reel_rack_sml
xmodel,#p7_fxanim_mp_slums_banner_multi_smod
xmodel,#p7_foliage_plant_chalk_blue_03
xmodel,#p7_slu_goal_post_soccer_02
xmodel,#p7_debris_wood_plank_old_96_splintered
xmodel,#p7_slu_door_storefront_02_noglass
xmodel,#p7_zm_zod_cobblestone_single_01_wet
xmodel,#p7_fxanim_mp_slums_tarp_plastic_wall_01_mod
xmodel,#p7_slu_door_wood_vista
xmodel,#p7_slu_trash_bin
xmodel,#p7_debris_trash_cup_red_02
xmodel,#p7_debris_trash_cup_red_01
xmodel,#p7_electrical_box_set2_box05
xmodel,#hash_2eb4916f1e8d3d9d
xmodel,#p7_zm_debris_newspaper_german_01_burnt
xmodel,#hash_2ef77ddaf76cd3df
xmodel,#p7_zm_sha_stone_wall_block_02
xmodel,#p7_fxanim_gp_vine_strand_ivy_32_smod
xmodel,#p7_trashcan_street_metal_open
xmodel,#p7_debris_concrete_rubble_lg_03_no_metal_light
xmodel,#p6_ceramic_roof_tiles_top_edge_256
xmodel,#p7_jun_sheet_metal_4x8
xmodel,#p7_jun_sheet_metal_4x4
xmodel,#p7_zm_ori_light_shade
xmodel,#p7_ram_path_stone_slab_smooth_e
xmodel,#p7_street_manhole_cover_03
xmodel,#hash_3063b7e54081fcdf
xmodel,#p7_jun_corrugated_metal_4x8_dmg
xmodel,#p8_slu_fountain
xmodel,#p7_zm_der_rust_angle_plate_bolt
xmodel,#p7_jun_foliage_palm_tropic
xmodel,d#p7_slu_chair_lawn_plastic_white
xmodel,#hash_3101b550d7469f9b
xmodel,d#p7_slu_barrel_metal_01
xmodel,#p8_fxanim_gp_foliage_distictis_hanging_ledge_64_smod
xmodel,#p7_zm_ori_concrete_rubble_rebar_02_cracks_decal
xmodel,#p7_zm_sta_cobblestone_chunks_08
xmodel,#p7_zm_sta_cobblestone_chunks_09
xmodel,#p7_zm_sta_cobblestone_chunks_05
xmodel,#p7_zm_sta_cobblestone_chunks_06
xmodel,#p7_zm_sta_cobblestone_chunks_07
xmodel,#p7_zm_sta_cobblestone_chunks_01
xmodel,#p7_zm_sta_cobblestone_chunks_02
xmodel,#p7_zm_sta_cobblestone_chunks_03
xmodel,#p7_fxanim_gp_trash_bag_large_03_white_s3_mod
xmodel,#p7_construction_hardhat
xmodel,d#p7_slu_dumpster_trash
xmodel,#p7_jun_sheet_metal_4x4_bd_01
xmodel,#p7_zm_asc_bracket_awning
xmodel,d#p7_slu_toilet_bathroom
xmodel,#p7_slu_building_apartment_balcony_07
xmodel,#p7_slu_building_apartment_balcony_06
xmodel,#p7_slu_building_apartment_balcony_05
xmodel,#p7_slu_building_apartment_balcony_03
xmodel,#p7_slu_building_apartment_balcony_02
xmodel,#p7_slu_building_apartment_balcony_01
xmodel,#p7_slu_building_apartment_balcony_08
xmodel,#p7_slu_iron_railing_fence_half
xmodel,#hash_32e277c169f5e4e9
xmodel,#p7_corrugated_sheet_metal_rust_01
xmodel,#p7_corrugated_sheet_metal_rust_03
xmodel,#p7_corrugated_sheet_metal_rust_02
xmodel,#p7_corrugated_sheet_metal_rust_04
xmodel,#p7_corrugated_sheet_metal_rust_06
xmodel,#hash_33240968135bf3aa
xmodel,#p7_slu_church_front_arch
xmodel,#p8_slu_whiteboard
xmodel,#p7_slu_building_apartment_awning_01_med_vista
xmodel,#p7_aqu_debris_metal_scattered_01
xmodel,#hash_34a12589b2a1cea0
xmodel,#p8_water_cooler_digital_body_dirty
xmodel,#p7_slu_camera_security
xmodel,#p7_debris_trash_paper_01
xmodel,#p7_debris_trash_paper_06
xmodel,#p7_light_pro_armory_fluorescent_mobile_sh
xmodel,#p7_foliage_distictis_hanging_ledge_128_vibrant
xmodel,#hash_35f70fb67998490c
xmodel,#p7_slu_ladder_metal
xmodel,d#p7_slu_dumpster_wheel
xmodel,#p7_debris_drywall_chunks_01
xmodel,#p7_debris_drywall_chunks_07
xmodel,#p7_slu_window_bars_metal_02
xmodel,d#p8_mp_flag_base_light_fixture_1
xmodel,#p7_conduit_metal_1_body_bend_elbow
xmodel,#p7_zm_ori_concrete_rubble_rebar_01_edge_decal
xmodel,#p8_fxanim_gp_foliage_distictis_hanging_ledge_192_long_smod
xmodel,#p7_zm_gen_foliage_vines_floor_clump_128
xmodel,#p7_jun_sheet_metal_4x4_white
xmodel,#p8_mphd_rollup_door_120
xmodel,#p7_fxanim_mp_slums_sheet_draped_01_smod
xmodel,#p7_foliage_vines_ground_cover_32
xmodel,#p7_curtain_hanging_72x122
xmodel,#p7_ban_debris_trash_can_cola_01
xmodel,#p7_slu_foliage_tree_palm
xmodel,#p7_slu_chair_sofa_dmg
xmodel,#p7_slu_barrel_metal_02_dmg
xmodel,#p7_slu_wire_control
xmodel,#hash_39aa31cdbd7716ea
xmodel,#p8_fxanim_gp_foliage_distictis_hanging_ledge_64_top_smod
xmodel,#p7_slu_sign_apartment
xmodel,#p7_slu_sign_neon_open
xmodel,#p7_slu_iron_railing_fence_end
xmodel,#p7_light_fluorescent_subway_glass_broken_01
xmodel,#p7_light_fluorescent_subway_glass_broken_02
xmodel,#p7_light_fluorescent_subway_glass_broken_03
xmodel,#p8_slu_bag_laundry_bundle_sml_white
xmodel,#p7_ra2_wall_inset_top_arch
xmodel,#p7_slu_door_white_plain_60
xmodel,#veh_mphd_van_red_dead
xmodel,#p7_slu_table_round
xmodel,#p7_slu_plank_wood_rustic_2x12x96
xmodel,#p7_fxanim_gp_streamer_blue_med_02_s3_smod
xmodel,#p7_slu_foliage_tree_palm_fan
xmodel,#p7_slu_grill_wheel
xmodel,#hash_3b7bcaac496336cf
xmodel,#p7_slu_building_apartment_lrg_04
xmodel,#p7_brick_dirty_02
xmodel,#p7_brick_dirty_03
xmodel,#p7_brick_dirty_01
xmodel,#p7_brick_dirty_04
xmodel,#hash_3c405c4ac007a530
xmodel,#p7_foliage_vines_hanging_ledge_128_long
xmodel,#p7_window_glass_shard_08
xmodel,#p7_window_glass_shard_07
xmodel,#p7_window_glass_shard_02
xmodel,#p7_window_glass_shard_03
xmodel,#p7_slu_bucket_plastic_white_lrg
xmodel,#p7_slu_pipe_rusty_03
xmodel,#p7_slu_pipe_rusty_02
xmodel,#p7_slu_pipe_rusty_01
xmodel,#p7_fxanim_mp_slums_banner_yellow_beer_smod
xmodel,#p7_zm_asc_pipes_gas_01
xmodel,#p7_slu_sign_hanging_soda
xmodel,#hash_3d774e2fd1714967
xmodel,#p7_slu_building_apartment_lrg_02_vista
xmodel,#p7_fxanim_gp_vine_strand_ivy_192_long_smod
xmodel,#p7_slu_fuse_box_electric_pipe_01
xmodel,#p7_slu_fuse_box_electric_pipe_02
xmodel,#p7_slu_sign_bar
xmodel,#hash_3e1dcd04f0643c9a
xmodel,#p7_slu_building_apartment_lrg_01_vista
xmodel,#p7_zm_ctl_bell_clock_tower
xmodel,#p7_jun_sheet_metal_2x8
xmodel,#p7_slu_concrete_cinder_block_half
xmodel,#c_t7_mp_technomancer_mpc_fb1_skin1
xmodel,#p7_fxanim_mp_slums_tarp_plastic_roof_01_mod
xmodel,#p7_fxanim_gp_vine_strand_ivy_64_smod
xmodel,#p7_fxanim_gp_streamer_orange_med_02_s3_smod
xmodel,#p7_slu_foliage_flower_garden_square
xmodel,#p7_slu_table_military_wood
xmodel,#p7_cup_coffee_paper
xmodel,#p7_duct_metal_rectangle_elbow_down_90_rust
xmodel,#p7_slu_foliage_fern_sml
xmodel,#p7_conduit_metal_1_straight_8
xmodel,#p7_table_dining_cafe_wicker_01
xmodel,#p7_kfu_chinese_temple_door_v1
xmodel,#p7_rebar_patch_64x64_01
xmodel,#p7_rebar_patch_64x64_02
xmodel,#p7_rebar_patch_64x64_03
xmodel,#p8_fxanim_gp_flag_hanging_blue_01_smod
xmodel,#hash_42af69912ff1ddb4
xmodel,#p7_slu_window_building_02
xmodel,#p7_slu_window_building_03
xmodel,#p7_slu_gate_iron_wood_frame_rt
xmodel,#p7_slu_window_bldg_electronic
xmodel,#hash_430e14a3ac0c80d5
xmodel,#hash_4314719218bf8318
xmodel,#p7_slu_scaffold_metal
xmodel,#p7_debris_newspaper_03
xmodel,#p7_debris_newspaper_04
xmodel,#hash_43b6f1d0882ee689
xmodel,#p7_foliage_flower_bougainvillea_basewallvarient
xmodel,#p7_zm_zod_cobblestone_single_03
xmodel,#p7_zm_zod_cobblestone_single_01
xmodel,#c_t7_mp_warrior_mpc_fb1_skin1
xmodel,#p7_slu_antenna_rooftop
xmodel,#veh_mphd_car_compact_grey_dead
xmodel,#p7_slu_light_street_short
xmodel,#p7_slu_sign_restaurant_logo
xmodel,#p7_ra2_treasury_stone_wall_shelf_decor
xmodel,#p7_bucket_shrapnel_base
xmodel,#p7_slu_building_apartment_awning_01_lrg_vista
xmodel,#p7_foliage_distictis_hanging_ledge_64
xmodel,#p7_slu_roof_sheet_metal_frame_narrow
xmodel,#p7_foliage_distictis_hanging_ledge_32
xmodel,#p7_jun_sheet_metal_2x8_2
xmodel,#hash_4627f5e00bc61891
xmodel,#p7_slu_railing_quarter
xmodel,#p7_foliage_distictis_hanging_ledge_32_long_vibrant
xmodel,#p7_eth_rock_large_14
xmodel,#p7_slu_pole_utility_transformer_sml
xmodel,#p6_ceramic_roof_tiles_edge_8
xmodel,#p6_ceramic_roof_tiles_edge_1
xmodel,#p6_ceramic_roof_tiles_edge_2
xmodel,#p6_ceramic_roof_tiles_edge_4
xmodel,#p7_slu_metal_corrugated_holes_8x2
xmodel,#p7_zm_asc_fire_bell
xmodel,#p7_slu_roof_sheet_metal_frame
xmodel,#p7_slu_chair_lawn_plastic_red_02
xmodel,#p8_slu_column_concrete_hostel_170
xmodel,#p8_slu_column_concrete_hostel_118
xmodel,#p8_slu_column_concrete_hostel_104
xmodel,#p7_zm_ori_light_bulb_small
xmodel,#p7_slu_table_bench
xmodel,#p7_zm_ori_concrete_rubble_rebar_01_cracks_decal
xmodel,#p8_mp_bomb_crate_whole_destroyed
xmodel,#p7_debris_trash_paperbag_02
xmodel,#p8_slu_bag_laundry_bundle
xmodel,#p7_conduit_rust_1_straight_64
xmodel,#p7_slu_frame_painting_03
xmodel,#p7_slu_frame_painting_02
xmodel,#p7_slu_frame_painting_01
xmodel,#p7_slu_pole_utility_conductor_02
xmodel,#p7_slu_pole_utility_conductor_01
xmodel,#hash_49c460fdaab8ae57
xmodel,#p7_zm_ctl_stone_wall_medieval_single_thick_02
xmodel,#p7_barrier_block_concrete_long_01_half
xmodel,#p7_zm_tra_bike_destroyed
xmodel,#p7_foliage_grass_02
xmodel,#p7_debris_trash_snack_bag_06
xmodel,#p7_debris_trash_snack_bag_07
xmodel,#p7_debris_trash_snack_bag_02
xmodel,#p7_debris_trash_snack_bag_03
xmodel,#hash_4b6f6368a30f7bc9
xmodel,#p7_slu_concrete_rebar
xmodel,#p7_zm_ori_light_socket
xmodel,#p7_slu_meter_electric_01_lid
xmodel,#hash_4c4de1ad88a49f3f
xmodel,#p7_slu_camera_security_mount
xmodel,#p7_zm_ctl_bell_clock_tower_yoke
xmodel,#p7_slu_stained_glass_window_half_round
xmodel,d#p7_slu_refrigerator_modern_closed_dirty
xmodel,#p7_slu_pole_utility_wires
xmodel,#p8_fxanim_gp_tarp_scaffold_02_smod
xmodel,#p7_slu_dish_satellite_01
xmodel,#p7_debris_trash_cup_coffee_02
xmodel,#p7_slu_window_frame_reinforced
xmodel,#p7_slu_vent_panel
xmodel,#p7_pipe_metal_hp_4_straight_64_grey_dk
xmodel,#hash_4df68ec94764cccb
xmodel,#hash_4df68fc94764ce7e
xmodel,#hash_4df690c94764d031
xmodel,#p7_slu_window_metal_01
xmodel,#p7_slu_window_metal_02
xmodel,#p7_slu_door_frame_wood
xmodel,#p7_slu_ac_unit_window
xmodel,#p7_zm_zod_cobblestone_chunks_02_dark_wet
xmodel,#p7_fxanim_gp_wire_thin_hanging_03_smod
xmodel,#skybox_default_day
xmodel,#p7_debris_clothing_pants_02
xmodel,#p7_slu_sign_mechanic
xmodel,#hash_508a81cf9d53cebf
xmodel,#p7_slu_window_arched_wall_01
xmodel,#p7_slu_window_arched_wall_02
xmodel,#p7_slu_airduct_metal_hanger_dirty
xmodel,#p7_fxanim_gp_streamer_blue_sml_02_s3_smod
xmodel,#p8_fxanim_gp_foliage_distictis_hanging_ledge_128_smod
xmodel,#hash_51f466e25179f47d
xmodel,#p7_slu_airduct_metal_32_dirty
xmodel,#p7_fxanim_mp_chinatown_tarp_blue_truck_02_s3_smod
xmodel,#hash_529d6df1c53bc287
xmodel,#p7_slu_sign_tool
xmodel,#p7_eth_bird_spikes
xmodel,#p7_slu_foliage_shrubs_03_b
xmodel,#p7_slu_foliage_shrubs_03_a
xmodel,#p7_conduit_rust_1_strap_sml
xmodel,#p8_wz_supply_stash_health
xmodel,#p7_slu_window_bars_metal
xmodel,#p7_foliage_vines_hanging_ledge_64_sway
xmodel,#hash_53fedd28e92f907b
xmodel,#wpn_t8_eqp_briefcase_bomb_stow
xmodel,#p7_slu_tire_dirty
xmodel,d#p7_slu_sofa_dmg
xmodel,#p7_slu_sign_parking_traffic
xmodel,#hash_5482d0f643fb23b0
xmodel,d#p8_mp_flag_pole_1
xmodel,d#p8_slu_machine_washing_blue
xmodel,#hash_54a67475d8186cc5
xmodel,#p7_mou_corkboard_light_3
xmodel,#p7_slu_window_laundromat
xmodel,#p7_fxanim_gp_trash_newspaper_07_s3_smod
xmodel,#p7_zm_ctl_stone_wall_smooth_stone_brick_02
xmodel,#p7_zm_ctl_stone_wall_smooth_stone_brick_04
xmodel,#p7_brick_hvy_grout_breakout_11
xmodel,#p7_slu_fuse_box_electric_02
xmodel,#p7_slu_fuse_box_electric_03
xmodel,#p7_slu_fuse_box_electric_01
xmodel,#hash_564764b9326b446b
xmodel,#hash_564765b9326b461e
xmodel,#p7_slu_door_white_frame_single_right
xmodel,d#p8_mp_bomb_crate_brace
xmodel,#p7_slu_debris_trash_pile_town
xmodel,#p7_slu_sign_electronic
xmodel,#p7_fxanim_gp_vent_roof_mod
xmodel,#p7_zm_isl_foliage_plant_agro_med
xmodel,#p7_slu_gate_fence_segment_short_end
xmodel,#p7_slu_building_apartment_awning_01_sml
xmodel,#hash_58488ccb15e9637b
xmodel,#p7_zm_zod_cobblestone_chunks_09_dark_wet
xmodel,#hash_586a3e0c40ecb804
xmodel,#p7_slu_container_gas
xmodel,#p7_slu_railing
xmodel,#p7_slu_bucket_plastic_white_sml
xmodel,#hash_5920d6a3c30782aa
xmodel,#p8_slu_pallet_wood_03_brown
xmodel,#p7_dock_wood_rustic_board_single_dmg2_01
xmodel,#p7_dock_wood_rustic_board_single_dmg2_03
xmodel,#p7_slu_arch_wide_concrete
xmodel,#p7_slu_plank_wood_scaffold_04
xmodel,#p7_zm_zod_cobblestone_chunks_08_dark_wet
xmodel,#hash_5a59538fb9880fa8
xmodel,#hash_5a59548fb988115b
xmodel,#hash_5a59578fb9881674
xmodel,#hash_5a59598fb98819da
xmodel,#hash_5a595a8fb9881b8d
xmodel,#p8_fxanim_gp_foliage_distictis_hanging_ledge_32_smod
xmodel,#p7_slu_plate_dirty
xmodel,#p7_fxanim_gp_trash_newspaper_04_s3_smod
xmodel,#p8_slu_pallet_wood_03_gray
xmodel,#p7_slu_light_hanging
xmodel,#hash_5c31126519bc134b
xmodel,#fx_decal_burnt_paper2
xmodel,#fx_decal_burnt_paper3
xmodel,#p7_slu_building_highrise_floor_vista
xmodel,#hash_5d04273911e6ae86
xmodel,#hash_5d21f3686b4695ef
xmodel,#hash_5d21f4686b4697a2
xmodel,#p7_slu_chair_wood_folding_open
xmodel,#p7_zm_isl_foliage_plant_fern_sword
xmodel,#p7_cigarette_pack
xmodel,#p7_zm_ori_concrete_rubble_rebar_02_edge_decal
xmodel,#p7_fxanim_gp_vine_strand_ivy_32_long_smod
xmodel,#p7_crate_wood_01_short
xmodel,#p7_debris_rocks_loose_03
xmodel,#hash_5ebc3d8dd7e5ed56
xmodel,#p7_slu_window_building_01a
xmodel,#p8_slu_plaque_metal
xmodel,#p7_slu_sign_meat
xmodel,#p7_duct_metal_rectangle_vent_dark
xmodel,#p7_fxanim_gp_trash_bag_large_empty_white_s3_mod
xmodel,#veh_mphd_car_compact_dest_attach
xmodel,#p8_fxanim_slu_memorial_post_chain_smod
xmodel,#p7_slu_telephone
xmodel,#p7_slu_concrete_cinder_block
xmodel,#p7_fxanim_gp_streamer_orange_lrg_02_s3_smod
xmodel,#p7_zm_asc_box_electrical_04
xmodel,#p8_fxanim_gp_wire_straight_med_thick_smod
xmodel,#p7_slu_garage_door_metal_01
xmodel,#p7_slu_foliage_shrubs_02
xmodel,#p7_slu_sign_hanging_coffee
xmodel,#p7_fxanim_gp_streamer_blue_lrg_02_s3_smod
xmodel,d#p8_mphd_tool_chest_rolling_lrg_wheel
xmodel,#p7_slu_box_electric_01
xmodel,#p7_slu_box_electric_02
xmodel,#p7_slu_box_electric_03
xmodel,#p7_slu_metal_corrugated_8x2
xmodel,#p7_fxanim_gp_streamer_orange_sml_01_s3_smod
xmodel,#p7_brick_dirty_breakout_06
xmodel,#p7_brick_dirty_breakout_07
xmodel,#p7_brick_dirty_breakout_08
xmodel,#p7_brick_dirty_breakout_09
xmodel,#p7_brick_dirty_breakout_10
xmodel,#hash_63140a04809445f3
xmodel,#hash_63140b04809447a6
xmodel,#hash_63140c0480944959
xmodel,#p7_slu_refrigerator_vintage_dmg
xmodel,#p7_slu_foliage_flower_06
xmodel,#p7_slu_foliage_flower_04
xmodel,#p7_slu_foliage_flower_05
xmodel,#p7_slu_cup_trash_tall_02
xmodel,#p7_slu_cup_trash_tall_03
xmodel,#p7_foliage_flower_bougainvillea_bushyvarient_snow
xmodel,#p7_zm_ctl_stone_wall_block_single_02
xmodel,#hash_63ccdff1b0e049b4
xmodel,#hash_63cce2f1b0e04ecd
xmodel,#hash_6410dfbf16804eae
xmodel,#p7_foliage_vines_hanging_flat_64_sway
xmodel,#p7_slu_door_white_plain_right
xmodel,#p7_fxanim_gp_lamp_hanging_sin_lamppost_02_mod
xmodel,#p7_ra2_foliage_rose_bush_01_white
xmodel,#p7_ra2_foliage_rose_bush_01_red
xmodel,#p7_slu_gate_rod_iron_rt
xmodel,#p7_window_glass_shard_07_no_col
xmodel,#p7_debris_trash_can_cola_01
xmodel,#p7_slu_bench_wood_ornate
xmodel,#p7_slu_building_apartment_lrg_04_vista
xmodel,#veh_mphd_car_compact_dead
xmodel,#p7_fxanim_gp_vine_strand_ivy_128_long_smod
xmodel,#p7_slu_gate_fence_padlock
xmodel,#p7_slu_building_apartment_balcony_04_a
xmodel,#p7_foliage_vines_hanging_ledge_32_long
xmodel,#p7_box_copy_paper_sheet
xmodel,#p7_slu_door_white_frame_60
xmodel,#p7_zm_moo_window_industrial_01
xmodel,#hash_68023bf0ecf61ca0
xmodel,#p7_zm_ori_wood_fence_burnt_single_03
xmodel,#p7_zm_ori_wood_fence_burnt_single_02
xmodel,#p7_zm_ori_wood_fence_burnt_single_01
xmodel,#p7_fxanim_gp_streamer_blue_lrg_01_s3_smod
xmodel,#p8_slu_column_concrete_hostel_170_dmg
xmodel,#p7_jun_crate_ammo_wood_01
xmodel,#hash_68dd0a2a6ee41965
xmodel,#p7_zm_gen_stone_wall_medieval_single_thick_05
xmodel,#p7_foliage_vines_hanging_ledge_64_top_sway
xmodel,#p7_slu_meter_electric_01_door_lt
xmodel,#p7_slu_gate_door_rusty
xmodel,#p7_slu_meter_electric_01_door_rt
xmodel,#p7_cai_apart_fence_post_tall
xmodel,#p7_eth_foliage_grass_line_01
xmodel,#hash_6a9ccf237d5497ab
xmodel,#hash_6a9cd0237d54995e
xmodel,#p7_slu_computer_monitor_02
xmodel,#p8_slu_pallet_wood_01_brown
xmodel,#p7_foliage_distictis_hanging_ledge_192_long
xmodel,#skybox_default_black
xmodel,#p7_slu_lift_car_lowered
xmodel,#p8_slu_column_concrete_hostel_170_worn
xmodel,#p7_zm_zod_cobblestone_chunks_03_dark_wet
xmodel,#p7_slu_door_knob_01
xmodel,#hash_6cad0d5c5e8b775d
xmodel,#p7_slu_airduct_metal_vent_dirty
xmodel,#p8_slu_ver_bed_vintage_mattress_bent
xmodel,#p7_slu_fuse_box_electric_wire_02
xmodel,#p7_slu_fuse_box_electric_wire_03
xmodel,#p7_slu_light_sconce_01
xmodel,#p7_slu_street_lamp_light_lrg
xmodel,#p7_ra2_foliage_rose_bush_01_yellow
xmodel,d#p8_mp_bomb_crate_clamp
xmodel,#p7_foliage_distictis_flowers_ledge_64_blue
xmodel,#hash_6dcf4cbc961e0f14
xmodel,#p7_zm_nac_bucket_metal_handle
xmodel,#p7_fxanim_gp_trash_bag_large_03_blue_s3_mod
xmodel,#p7_conduit_metal_2_elbow90_long
xmodel,#p7_slu_light_switch_plastic
xmodel,#hash_6f06213ebf3d96eb
xmodel,#p7_ra2_planter_box
xmodel,#p7_slu_foliage_tree_birch
xmodel,#p8_slu_bag_laundry_bundle_green
xmodel,#hash_6fef346d3dc688b7
xmodel,#hash_6fef366d3dc68c1d
xmodel,#p7_bottle_glass_vodka_broken_01
xmodel,#p7_fir_foliage_tree_vista_02
xmodel,#p7_fir_foliage_tree_vista_03
xmodel,#p7_fir_foliage_tree_vista_06
xmodel,#p7_fir_foliage_tree_vista_07
xmodel,#p7_fir_foliage_tree_vista_04
xmodel,#p7_fir_foliage_tree_vista_05
xmodel,#p7_fir_foliage_tree_vista_08
xmodel,#p7_slu_door_wood_lt
xmodel,#p7_foliage_plant_fern_sword
xmodel,#p7_debris_concrete_rubble_sm_06_warm
xmodel,#p7_fxp_debris_newspaper_02
xmodel,#p7_fxp_debris_newspaper_03
xmodel,#p7_fxp_debris_newspaper_01
xmodel,#hash_71d5ccade9272587
xmodel,#p7_slu_airduct_metal_t_dirty
xmodel,#p7_fxanim_gp_streamer_blue_sml_01_s3_smod
xmodel,#p7_slu_collapsible_metal_door
xmodel,#p7_slu_box_accessory_01
xmodel,#p7_slu_box_accessory_03
xmodel,#p7_slu_box_accessory_02
xmodel,#p7_foliage_banana_tree_01_vista
xmodel,#p7_eth_rock_cluster_03
xmodel,#p7_eth_rock_cluster_04
xmodel,#p7_light_emergency_a
xmodel,#p7_zm_sha_foliage_tree_palm_fan
xmodel,#p7_planter_ceramic_01
xmodel,#p7_planter_ceramic_02
xmodel,#hash_739e8673a6c3a693
xmodel,#p7_zm_ctl_stone_wall_medieval_single_thin_03
xmodel,#p7_zm_ctl_stone_wall_medieval_single_thin_07
xmodel,#veh_mphd_car_compact_red_dead
xmodel,#p7_slu_door_frame_01_dirt
xmodel,#p7_fxanim_gp_vine_strand_ivy_64_long_smod
xmodel,#p7_slu_gate_fence_lt
xmodel,#p7_slu_cooler_refrigerator_noglass
xmodel,#hash_7453c4784ff7e4e4
xmodel,#p7_toolbox_handheld_small_blue
xmodel,#p7_slu_foliage_ivy_btm_01
xmodel,#p7_zm_ver_wall_custom_tear_in_chunk_02_bicolor
xmodel,#p7_slu_wire_pipe
xmodel,#fx_glass_piece02
xmodel,#fx_glass_piece01
xmodel,#p7_foliage_vines_hanging_ledge_64_long_detail_lod
xmodel,#p7_mp_flag_neutral
xmodel,#hash_75f20a830bd7ac0d
xmodel,#p7_corrugated_sheet_metal_rust_dmg_02
xmodel,#p7_corrugated_sheet_metal_rust_dmg_01
xmodel,#p7_corrugated_sheet_metal_rust_dmg_06
xmodel,#p7_zm_ctl_debris_wood_plank_old_32
xmodel,#p7_slu_vent_roof_lrg
xmodel,#p7_slu_pole_chainlink_fence_metal_tall
xmodel,#p7_slu_awning_sheetmetal_sml
xmodel,#p7_slu_gate_iron_wood_door_lt
xmodel,#p7_cai_vista_antenna_tall
xmodel,#p7_slu_gate_iron_wood_door_rt
xmodel,#p7_cai_butcher_meat_hooks_07
xmodel,#p7_debris_concrete_rubble_scattered_01
xmodel,#p7_fxanim_gp_vine_strand_ivy_128_smod
xmodel,#p8_slu_crate_wood
xmodel,#p7_slu_shelf_wall_metal
xmodel,#p8_slu_column_concrete_hostel_72
xmodel,#p7_slu_sign_restaurant
xmodel,#p8_fxanim_gp_foliage_distictis_hanging_ledge_128_long_smod
xmodel,#p7_foliage_grass_tall_cluster_sml_dry
xmodel,#veh_mphd_van_blue_dead
xmodel,#p7_zm_ctl_stone_wall_medieval_corner_90_128
xmodel,#p7_light_fluorescent_subway_bulb
xmodel,d#p8_mp_flag_base_boots_1
xmodel,#p7_slu_wire_pipe_wall
xmodel,#p8_wz_supply_stash_ammo
xmodel,#p7_global_chainlink_fence_tension_band
xmodel,#p7_slu_foliage_dandelion_weed
xmodel,#p8_slu_gravestone_01
xmodel,#p8_slu_gravestone_02
xmodel,#p8_slu_gravestone_03
xmodel,#p8_slu_light_column
xmodel,#p7_ac_unit_metal_med
xmodel,#veh_mphd_van_decor
xmodel,#p7_fxanim_gp_streamer_orange_sml_02_s3_smod
xmodel,#p7_fxanim_gp_trash_newspaper_08_s3_smod
xmodel,#p7_glass_shard_thin
xmodel,#p7_slu_sign_ice_cream
xmodel,#p7_slu_railing_half
xmodel,#p7_eth_comm_tower_antenna_01
xmodel,#p7_slu_crate_plastic_red
xmodel,#hash_7c7261a8aaa013f8
xmodel,#p7_debris_trash_wrapper_01
xmodel,#p7_debris_trash_wrapper_03
xmodel,#p7_foliage_distictis_hanging_ledge_128_long
xmodel,#p7_slu_alarm_fire
xmodel,#p7_jun_foliage_tree_bunch_vista_group
xmodel,#p7_duct_metal_rectangle_straight_64_open_rust
xmodel,#p7_foliage_plant_lion_ear_flower_large
xmodel,#p7_office_paper_sheet_10
xmodel,#p7_office_paper_sheet_12
xmodel,#p7_office_paper_sheet_08
xmodel,#p7_office_paper_sheet_02
xmodel,#p7_slu_door_storefront_02
xmodel,#p7_slu_door_storefront_03
xmodel,#p7_slu_chair_restaurant
xmodel,#p7_hd_slums_vista_mountain_02_alt
xmodel,#hash_7ed99b37d92221f8
xmodel,#hash_7f9b8c5c823c2222
xmodel,#p7_slu_airduct_metal_64_dirty
xmodel,#p7_container_cardboard_box_02
xmodel,#hash_7fc5b065203d7f41
fx,#dirt/fx_dust_exp_ground_shock_md
fx,#hash_e1b4ea934af016
fx,#hash_6369fa1565fcc03
fx,#hash_7b5181f22e85dfa
fx,#hash_8527a0c86c114ad
fx,d#hash_8beb8761231f7f9
fx,#hash_9e70b4e9d4f2728
fx,#hash_c66f3108894a5c1
fx,#hash_ccce6da12af146b
fx,#hash_fa5dbdf3b456f68
fx,#hash_1074ba56ffcde9f7
fx,#hash_129440205394474d
fx,#hash_130feabc174eaf4e
fx,#hash_15b6e8cb6b48187f
fx,#hash_16ea964f28e6dfbf
fx,#destruct/fx_exp_tendril_emit
fx,#hash_19915541760576bc
fx,#hash_1ae00e8028cfd32f
fx,#hash_216a80d318575efb
fx,#hash_232146af54dae299
fx,#hash_32a175127f337dd2
fx,#hash_32cd6b127f58a7bf
fx,d#hash_34c851f779a2b914
fx,#hash_369d909200058cb9
fx,#hash_3b9537ef1ee1d345
fx,d#hash_3bcf9e29be800d33
fx,#hash_3e2c7b2492ce6568
fx,#hash_3e458eae66076701
fx,#hash_41b29604ece529b3
fx,#hash_42eff21d79ef4f2d
fx,#hash_455690a96b4048b5
fx,#destruct/fx_vdest_car_engine_fire_side
fx,#hash_4f907f26f9ffeb96
fx,d#hash_5136c746fd9646fd
fx,#hash_54a3a194a65affd8
fx,#hash_587e35a553e99d3a
fx,#hash_5a989b64d4ad4f12
fx,#hash_5a9b6fd0b175be2e
fx,#hash_5b7c5cf1c80b8e32
fx,#hash_5bac925a75b9d6be
fx,#hash_5e45de3a08793637
fx,#hash_66eaf26947e8edb2
fx,#hash_68469ad62df4fdc9
fx,#hash_6e85ab113a3dc5f2
fx,#hash_70c8555ba2a29037
fx,#hash_76af05e74166eb9a
fx,#hash_78b079bb5ec85baf
fx,#destruct/fx_vdest_car_engine_oil_impact
fx,#hash_79c36074b734a67e
fx,#hash_7b2e4176bb94d5e8
fx,#hash_7eed6644a26d4433
xanim,#p7_fxanim_gp_wire_sparking_med_thick_anim
xmodel,#p7_slu_bucket_plastic_white_sml_row
xmodel,#hash_30596043f0babf3
xmodel,#p7_slu_foliage_dandelion_weed_seeds
xmodel,#p7_debris_trash_fabsoft_01
xmodel,#veh_mphd_van_red
xmodel,#hash_ccc7f96cb364a45
xmodel,#veh_mphd_car_compact_red
xmodel,d#p7_slu_dumpster_full
xmodel,#p7_bottle_plastic_cleaner_dmg
xmodel,#p7_slu_bucket_plastic_white_lrg_row
xmodel,#hash_11897e706157caaf
xmodel,#p7_ceramic_tile_shower_loose_01_red
xmodel,#hash_1398039d5ae3972c
xmodel,#p7_food_fruit_banana_bunch_dmg_01a
xmodel,#hash_1498c9af6a4b8fc8
xmodel,#p7_bottle_plastic_shampoo02_dmg
xmodel,#hash_1663d3c1c15f0aa2
xmodel,#p7_bottle_plastic_2litre_cola_dmg
xmodel,#p7_slu_foliage_fern_full
xmodel,#veh_mphd_van_blue
xmodel,#p7_slu_street_lamp_base_lrg_full
xmodel,#p7_debris_trash_food_box_01
xmodel,#hash_1c14c63a6a61cd97
xmodel,#p7_zm_nac_bucket_metal_full
xmodel,#p8_mphd_tool_chest_sml_full
xmodel,#p7_slu_gate_iron_wood_frame_lt_full
xmodel,d#p8_mphd_tool_chest_rolling_lrg_b_wheel
xmodel,#p7_zm_ori_concrete_rubble_rebar_01
xmodel,#p7_zm_ori_concrete_rubble_rebar_02
xmodel,#p7_bottle_plastic_16oz_blue_dmg
xmodel,#p7_debris_trash_bottle_water_02
xmodel,#hash_25c58b6228064bbc
xmodel,#p7_bottle_plastic_2litre_cola
xmodel,#p7_bottle_plastic_16oz_cola_dmg
xmodel,#p7_slu_building_apartment_lrg_01_full
xmodel,#p7_slu_bucket_plastic_orange_lrg_row
xmodel,#hash_3027dd327598daa7
xmodel,#p7_ban_pottery_terracotta_e_tan_soil
xmodel,#p7_slu_building_apartment_sml_03_full
xmodel,#p7_slu_door_white_02
xmodel,#p7_bucket_plastic_5_gal_closed_blue
xmodel,#p7_slu_building_apartment_lrg_01_full_vista
xmodel,#p7_slu_bucket_plastic_orange_sml_row
xmodel,#p7_slu_building_apartment_med_01_full
xmodel,#p8_slu_memorial_post
xmodel,#p7_slu_building_apartment_sml_01_full
xmodel,#p7_zm_shi_lamp_post_wood_light
xmodel,#p7_slu_debris_paper_01_full
xmodel,#p7_slu_grill_body_full
xmodel,#p7_food_fruit_pineapple_01b_dmg
xmodel,#hash_4a32417f1f096cf2
xmodel,#p7_slu_pole_utility_full
xmodel,#p7_fir_foliage_tree_vista_01_group
xmodel,#p7_bottle_glass_liquor_01
xmodel,#p7_slu_roof_sheet_metal
xmodel,#veh_mphd_car_compact_grey
xmodel,#p7_slu_pipe_rusty_01_full
xmodel,#p7_bottle_plastic_2litre_lime
xmodel,d#p8_mp_flag_base_1
xmodel,d#p7_slu_bag_cement_pallet_full
xmodel,#hash_57c98f689305aa31
xmodel,#hash_587870cb161257a9
xmodel,#p7_ceramic_tile_shower_loose_04_red
xmodel,#p7_food_fruit_watermelon_dmg_01b
xmodel,#p7_food_fruit_watermelon_dmg_01c
xmodel,#p7_food_fruit_watermelon_dmg_01a
xmodel,#p8_slu_memorial_post_single
xmodel,#p7_slu_building_apartment_lrg_02_full_vista
xmodel,#hash_65722d7cc7f471bb
xmodel,#hash_6604449aa2068c0e
xmodel,#p7_bucket_plastic_5_gal_closed_white
xmodel,#hash_6a3cdb9359996307
xmodel,#p7_slu_fuse_box_electric_wire_01
xmodel,#p7_slu_building_apartment_lrg_02_full
xmodel,#p7_slu_building_apartment_sml_02_full
xmodel,#p7_fxanim_mp_slums_table_round_mod
xmodel,#p7_ceramic_tile_shower_loose_03_red
xmodel,#p8_slu_memorial_post_corner
xmodel,#p7_slu_roof_sheet_metal_narrow
xmodel,#p7_food_fruit_pineapple_01c_dmg
xmodel,#p7_bottle_plastic_detergent_2
xmodel,#p7_bottle_plastic_detergent_3
xmodel,d#p8_mp_bomb_crate_whole
xmodel,#p7_ceramic_tile_shower_loose_02_red
fx,#hash_6a4fd70bf3fd366
fx,#dirt/fx8_dust_fall_crumble_rattle
fx,#hash_ea20499cd485f2a
fx,#destruct/fx_dest_glass_shard_impact_burst
fx,#hash_16bd23e2a3faf249
fx,#electric/fx_elec_sparks_burst_sm_orange_os
fx,#hash_1f327385059044f4
fx,#hash_1f41a2bd4eb2cbb3
fx,#hash_27e529faf1995f84
fx,#hash_2bd8234adfb68688
fx,#destruct/fx_dest_paper_flat
fx,#hash_35ae471440e2eaaf
fx,#hash_37a6b21cc52ea4e2
fx,#hash_3826b4ba3964f119
fx,#electric/fx8_sparks_burst_dir_sm_orange_os
fx,#hash_4630811a7c061dce
fx,#hash_5331dcc8ce526988
fx,#hash_55154e634b43132a
fx,#hash_5518448f35e004cc
fx,#destruct/fx_vdest_car_engine_smk
fx,#hash_588e2d89a4587e1d
fx,#hash_59db7b4a11e7b7e6
fx,#hash_5aca3d0972d1ea05
fx,#hash_668e7fe36488aebb
fx,#destruct/fx_vdest_car_engine_fire_frnt
fx,#hash_6f443620a2e3cf2b
fx,#hash_77406b03df2d732a
fx,#hash_7c5381708d8b09aa
fx,#hash_7e68dfc1a77f9f59
scriptbundle,#p7_fxanim_mp_slums_tarp_plastic_wall_01_bundle
scriptbundle,#sb_mp_endgame_player_06
scriptbundle,#sb_mp_endgame_player_05
scriptbundle,#sb_mp_endgame_player_04
scriptbundle,#sb_mp_endgame_player_03
scriptbundle,#sb_mp_endgame_player_02
scriptbundle,#p7_fxanim_gp_vent_roof_fast_bundle
scriptbundle,#p8_fxanim_mp_slu_car_powerline_bundle
scriptbundle,#p7_fxanim_mp_slums_wire_control_s1_bundle
scriptbundle,#p7_fxanim_mp_slums_tarp_plastic_roof_01_bundle
scriptbundle,#sb_mp_draft_common_axis
scriptbundle,#p7_fxanim_mp_slums_wire_control_bundle
scriptbundle,#p7_fxanim_gp_vent_roof_slow_bundle
scriptbundle,#p7_fxanim_gp_vent_roof_wobble_bundle
scriptbundle,#p7_fxanim_gp_lamp_hanging_sin_lamppost_02_bundle
scriptbundle,#sb_mp_draft_common_allies
image,#hash_220d50916e514672
image,#hash_455d078f48c8d233
image,#hash_3d9935f186ddbf9f
image,#hash_22802f1b2f6d5469
image,#hash_22802e1b2f6d52b6
image,#hash_22802d1b2f6d5103
image,#hash_22802c1b2f6d4f50
image,#hash_2280331b2f6d5b35
image,#hash_2280321b2f6d5982
image,#hash_2280311b2f6d57cf
image,#hash_2280301b2f6d561c
image,#hash_2280371b2f6d6201
image,#hash_2280361b2f6d604e
image,#hash_d20de3196c339b2
image,#hash_d20df3196c33b65
image,#hash_d20dc3196c3364c
image,#hash_d20dd3196c337ff
image,#hash_d20da3196c332e6
image,#hash_d20db3196c33499
image,#hash_d20d83196c32f80
image,#hash_d20d93196c33133
image,#hash_d20e63196c3474a
image,#hash_d20e73196c348fd
image,#hash_d1dd83196c0f9a9
image,#hash_d1dd73196c0f7f6
image,#hash_d1dd63196c0f643
image,#hash_d1dd53196c0f490
image,#hash_d1ddc3196c10075
image,#hash_d1ddb3196c0fec2
image,#hash_d1dda3196c0fd0f
image,#hash_d1dd93196c0fb5c
image,#hash_d1de03196c10741
image,#hash_d1ddf3196c1058e
image,#hash_d1a523196bde020
image,#hash_d1a533196bde1d3
image,#hash_d1a543196bde386
image,#hash_d1a553196bde539
image,#hash_d1a563196bde6ec
image,#hash_d1a573196bde89f
image,#hash_d1a583196bdea52
image,#hash_d1a593196bdec05
image,#hash_d1a5a3196bdedb8
image,#hash_d1a5b3196bdef6b
image,#hash_d31dc3196d1a97f
image,#hash_d31db3196d1a7cc
image,#hash_d31de3196d1ace5
image,#hash_d31dd3196d1ab32
image,#hash_d31d83196d1a2b3
image,#hash_d31d73196d1a100
image,#hash_d31da3196d1a619
image,#hash_d31d93196d1a466
image,#hash_d31e43196d1b717
image,#hash_d31e33196d1b564
image,#hash_d2ed63196cf6976
image,#hash_d2ed73196cf6b29
image,#hash_d2ed43196cf6610
image,#hash_d2ed53196cf67c3
image,#hash_d2eda3196cf7042
image,#hash_d2edb3196cf71f5
image,#hash_d2ed83196cf6cdc
image,#hash_d2ed93196cf6e8f
image,#hash_d2ede3196cf770e
image,#hash_d2edf3196cf78c1
image,#hash_d2b703196cc864d
image,#hash_d2b6f3196cc849a
image,#hash_d2b6e3196cc82e7
image,#hash_d2b6d3196cc8134
image,#hash_d2b6c3196cc7f81
image,#hash_d2b6b3196cc7dce
image,#hash_d2b6a3196cc7c1b
image,#hash_d2b693196cc7a68
image,#hash_d2b683196cc78b5
image,#hash_d2b673196cc7702
image,#hash_d27ea3196c96cc4
image,#hash_d27eb3196c96e77
image,#hash_d27ec3196c9702a
image,#hash_d27ed3196c971dd
image,#hash_d27e63196c965f8
image,#hash_d27e73196c967ab
image,#hash_d27e83196c9695e
image,#hash_d27e93196c96b11
image,#hash_d27e23196c95f2c
image,#hash_d27e33196c960df
image,#hash_d3fd43196ddd943
image,#hash_d3fd33196ddd790
image,#hash_d3fd63196dddca9
image,#hash_d3fd53196dddaf6
image,#hash_d3fd83196dde00f
image,#hash_d3fd73196ddde5c
image,#hash_d3fda3196dde375
image,#hash_d3fd93196dde1c2
image,#hash_d3fdc3196dde6db
image,#hash_d3fdb3196dde528
image,#hash_d3c6e3196daf61a
image,#hash_d3c6f3196daf7cd
image,#hash_d3c6c3196daf2b4
image,#hash_d3c6d3196daf467
image,#hash_d3c6a3196daef4e
image,#hash_d3c6b3196daf101
image,#hash_d3c683196daebe8
image,#hash_d3c693196daed9b
image,#hash_d3c663196dae882
image,#hash_d3c673196daea35
image,#hash_121310432dbab7e6
image,#hash_121311432dbab999
image,#hash_12130e432dbab480
image,#hash_12130f432dbab633
image,#hash_121314432dbabeb2
image,#hash_121315432dbac065
image,#hash_121312432dbabb4c
image,#hash_121313432dbabcff
image,#hash_121318432dbac57e
image,#hash_121319432dbac731
image,#hash_70c5d7b95c813149
image,#hash_70c5d6b95c812f96
image,#hash_f28133f19f23efe
image,#hash_93393fa0d289ef
image,#hash_7f3d9c86cc117d58
image,#hash_3829acb9da909ba9
image,#hash_7a9b34a40436a7d8
image,#hash_3f2914fb4e1b5c7f
image,#hash_7d192ad8a73b001e
image,#hash_676791e038dff86d
image,#hash_66da630754dcb950
image,#hash_6f5e3f06a2d7173f
image,#hash_70b0aa8da7607e0c
image,#hash_2587752ee19dbee1
image,#hash_da293c2c78bbb98
image,#hash_510eb3bdbb43e673
image,#hash_75997b648700d556
image,#hash_5fa4df1b6225be69
image,#hash_a5c0e9dfefa60c2
image,#hash_5632e4d1c8c42af7
image,#hash_2a12fae3f8cef40
image,#hash_2a130ae3f8cf0f3
image,#hash_2a131ae3f8cf2a6
image,#hash_428b856206b4a6f3
image,#precomputed_sky_illumination_dc
image,#precomputed_sky_illumination_y
image,#precomputed_sky_illumination_h
image,#precomputed_sky_illumination_xz
lighting,#maps/mp/mp_slums2.d3dbsp
destructibledef,#hash_5a96b33de0e80723
xmodel,#p7_slu_door_frame_01
xmodel,#p7_slu_bucket_plastic_pallet_sml
xmodel,#p7_slu_bucket_plastic_pallet_lrg
xmodel,#p7_debris_trash_curb_clump_02
fx,#hash_3788f1af83acb26
fx,#hash_3b2951af86c4d9f
fx,#hash_b8816c07beabbf2
fx,#hash_1ab8f534ee794927
fx,#hash_1b11d034eec5331e
fx,#hash_1be7426c6b531db1
fx,#hash_2bca709c8045932b
fx,#hash_44fbfc51290ce53e
fx,#hash_5a5b6af179915ab1
fx,#hash_790c297b53eebc04
scriptbundle,#p8_fxanim_mp_slu_cop_car_explosion_bundle
scriptbundle,#p8_fxanim_gp_wire_sparking_med_thick_bundle
destructibledef,#hash_3ff41882ab743f4d
destructibledef,#hash_4066561738d2e712
destructibledef,#hash_538240801935a95e
destructibledef,#hash_5389a1fae2815b0f
destructibledef,#hash_610be216143c59cc
image,#hash_7a2b772e4c99fcf4
image,#*cookie_array
image,#vdreveal
gfx_map,#maps/mp/mp_slums2.d3dbsp
staticlevelfxlist,#maps/mp/mp_slums2.d3dbsp
entitylist,#maps/mp/mp_slums2.d3dbsp
physpreset,#p7_slu_bottle_plastic_dmg_02
physpreset,#p7_slu_panel_electrical_01_lid_02
physpreset,#p7_slu_panel_electrical_01_lid_01
col_map,#maps/mp/mp_slums2.d3dbsp
