type,name
techset,#hash_f8fb3ea8b88536
techset,#hash_102108fdac71e39
techset,#hash_23da71a94275836
techset,#hash_254ab0bafea767a
techset,#hash_327162ff8491585
techset,#hash_4071af35fecb86b
techset,#hash_48124e98025fcec
techset,d#hash_53eb429ce8fe79a
techset,#hash_54cbd2faf9f39d9
techset,#hash_583b7bc6e668c2b
techset,#hash_697543a918728a3
techset,#hash_77e3f2f84d13e83
techset,#hash_7a3187f5e6796d9
techset,#hash_93d9194bb1a9764
techset,#hash_942f759f1db60a6
techset,#hash_a386a3f2663e1c6
techset,#hash_afb5033aef88721
techset,#hash_b273edffb9acbbe
techset,#hash_c3efe599e8bccf1
techset,#hash_c9826fc16da442c
techset,#hash_d2e6db00e7f5ada
techset,#hash_dba4f1bfc02ec4f
techset,#hash_ebd3e71ba85654c
techset,#hash_f361e7c1fbeca96
techset,#hash_10dc219b3fb96217
techset,#hash_110cc19c991369c4
techset,#hash_1158ddc020aa5cff
techset,#hash_116e5f8ddbd83900
techset,#hash_11841818ee764743
techset,#hash_11be2789aef7d32f
techset,#hash_12034bd8d827a854
techset,d#hash_13b5e1db9658f56c
techset,#hash_1469c0acaa2aed58
techset,#hash_14ad8082aee23ef9
techset,#hash_14ea64e822c92eb9
techset,#hash_152af8c325168a82
techset,#hash_15856e8ee8373b8e
techset,#hash_16547a9f6395e35b
techset,#hash_165cc52c33ef0fa1
techset,#hash_18b0dd16243739cf
techset,#hash_197d3c8cb9558172
techset,#hash_19b01e91ffb98e32
techset,#hash_1ac21681c9049270
techset,#hash_1aebbae422ac1e1e
techset,#hash_1b27c5e0aa458902
techset,#hash_1bd296bab6f39384
techset,#hash_1bd40bacf9ce03e9
techset,#hash_1cf157878910027e
techset,#hash_1cf3e5c304c44ee8
techset,#hash_1d498e87655f01bf
techset,#hash_1e03d2477d3d513b
techset,#hash_1f213b23979cf2ac
techset,#hash_1f605b07e601f214
techset,#hash_1f708788ffa01354
techset,#hash_1f75d2d9d076ecae
techset,#hash_222fa7e91ce846e6
techset,#hash_2244334495561031
techset,#hash_22d470d2baaa64aa
techset,#hash_24eaccd7165e193a
techset,#hash_252f5924277b95e5
techset,#hash_259c0c5c1a1bdbf1
techset,#hash_27469e35e814f5bb
techset,#hash_286668b2856eb233
techset,#hash_2868225c843f1af4
techset,#hash_291987362bd554ef
techset,#hash_297e098b8bf0b716
techset,#hash_29ab5893860cb09e
techset,#hash_29f89106e8684e31
techset,#hash_2aa34879395938bb
techset,#hash_2ad2d29b437b6585
techset,#hash_2b478836bcc55382
techset,#hash_2bfa06a7fb4b535d
techset,#hash_2dbfc8b1311323c1
techset,#hash_2f7c79df2726d020
techset,#hash_2fcf81a9684b668e
techset,#hash_315c04adcbf321ff
techset,#hash_31d645ab501fb2b7
techset,#hash_32ba8ca125a407c1
techset,#hash_32f2884770e383be
techset,#hash_33650086fca0a65b
techset,#hash_34256083a7eecf93
techset,#hash_346370638c22fc2c
techset,#hash_34c80898a8a427a7
techset,#hash_36c719711b4151d2
techset,#hash_37b0d4c520abffeb
techset,#hash_37d6115c59f6d588
techset,#hash_37e6fe6878e13b02
techset,#hash_382d8e02da52001e
techset,#hash_3a138a6baf8ae015
techset,#hash_3a7e1028f817923a
techset,#hash_3abf6a24c13cf8e0
techset,#hash_3af4b0f3819efd18
techset,#hash_3b1d6abc8fdc685e
techset,#hash_3b61d5752d2a7d36
techset,#hash_3b6df6a2d17b1781
techset,#hash_3d9d5911fcdd43e0
techset,d#hash_3e39389eb4cab177
techset,#hash_3ff28fa31d2ae0f3
techset,#hash_417222df35a82d28
techset,#hash_42dddf7ad1c1bdf1
techset,#hash_43cab01f04282d9d
techset,#hash_448871549fbad7bb
techset,#hash_449bd6f12c7c36c5
techset,#hash_45f57ff2d872359f
techset,#hash_4753e351200cf985
techset,#hash_492f2860a8f6830e
techset,#hash_4aa1a7670c87bc0f
techset,#hash_4cb82f0b385967c0
techset,#hash_4ea0e6aeeedbfefc
techset,#hash_4ec0006e03cb8b85
techset,#hash_4f5712757d26dbfb
techset,#hash_500df9f7161970e7
techset,#hash_509c938900e70234
techset,#hash_539f64835e907712
techset,#hash_53c5d9ff13703e46
techset,#hash_53e22b2d68286648
techset,#hash_543d5d4a43b70db7
techset,#hash_55eb6f68d0c6c51b
techset,#hash_561ee337f4c17453
techset,#hash_574d0a8e962a2044
techset,#hash_57daa5449cb53981
techset,#hash_5a81e45db4983c0a
techset,#hash_5b0a828adbaed7ab
techset,#hash_5be502a42e93bbfd
techset,#hash_5c62e521abfdcd4b
techset,#hash_5d0719b97d1b57a1
techset,#hash_5e4092abc627f32a
techset,#hash_5e90e126ad1fbb0a
techset,#hash_5edab29c9732be74
techset,#hash_601fa6794e4139f2
techset,#hash_60a805f7be061eec
techset,#hash_614f3b1268741085
techset,#hash_6240970455a4ccb2
techset,#hash_6395711f47f60627
techset,#hash_63bff90df3105d61
techset,#hash_6462ff873c42823b
techset,#hash_64b4fa9e58c1c27b
techset,#hash_669eedeb76a3478a
techset,d#hash_6709c6b496a396b4
techset,#hash_672922a5a1416edd
techset,#hash_67a4a60f077cb9cd
techset,#hash_68229be6a32fc576
techset,#hash_6a62b10d1099af1a
techset,#hash_6b1a938480899b82
techset,#hash_6b61e56af02c98aa
techset,#hash_6c17a3036efcd65f
techset,#hash_6c5dccd26d8e40a6
techset,#hash_6ce2371b399986f9
techset,#hash_6d15fe573e8198b6
techset,#hash_6d32537bfaf4a28f
techset,#hash_6dfd8e7c00fcba33
techset,#hash_6e24e549e0496abd
techset,#hash_6ea18699f6c2235a
techset,#hash_6f17b074923a5f01
techset,#hash_6f2b60df40d58e56
techset,#hash_7098d0913823ec6c
techset,#hash_70bc8e780879684e
techset,#hash_71a6b5767bca8482
techset,#hash_72282ec209235a24
techset,#hash_72f8df66797d388c
techset,#hash_73c1ae9671183c2e
techset,#hash_77bbe1ed09a777f4
techset,#hash_77eab5b23c89913d
techset,#hash_7825488833124266
techset,#hash_78d81c9b9c67b6ef
techset,#hash_792df80673a3d443
techset,#hash_7c2ae437cd3e5a2f
techset,#hash_7c47fc6112b06441
techset,#hash_7c7acfd7ad3799cd
techset,#hash_7cc374119dc1b3e4
techset,#hash_7db7f0d237a0d94c
techset,#hash_7f41a45c23e5118b
techset,#hash_7f6b4b42ba5c3579
techset,#hash_7fcf501094401ef8
image,d#hash_33c07d775e94a
image,d#loot_ui_icon_stickers_skate_6_large
image,#hash_15e00cf3b3acba
image,d#img_t8_menu_mp_loadscreen_arsenal
image,d#tr_flechette_t8_camo_foxtrot_zm_icon
image,d#ar_accurate_t8_camo_active_dlc2_party_rock_wrapper_icon
image,#em_diamond_cards_full
image,#ui_icon_perk_scavenger_large
image,d#melee_stopsign_t8_camo_echo_icon
image,d#hash_2bb99a52c1022e
image,d#ui_icon_callingcards_zm_gauntlet_unsinkable_diamond
image,d#hash_33573dbe2a5d1b
image,d#uie_ui_menu_cac_text_bg01
image,d#shotgun_pump_t8_camo_alfa_icon
image,d#hash_3e3d7776adae2f
image,d#melee_amuletfist_t8_camo_echo_icon
image,d#smg_folding_t8_camo_echo_icon
image,d#ui_icon_2xp_warzone
image,#hash_5579564c9cbf71
image,d#melee_demohammer_t8_camo_bravo_zm_icon
image,d#ui_icon_attachment_dualoptic
image,#menu_camo_jungle_cat_pattern
image,d#hash_7e3ee71bfe9bfd
image,d#ui_icon_zm_calling_tasks_doorbuys
image,d#hash_845cb9600307d6
image,d#sniper_quickscope_t8_camo_delta_icon
image,#em_silverback_full
image,d#smg_standard_t8_camo_kilo_wz_icon
image,d#uie_ui_hud_core_waypoint_arrow_02
image,d#loot_ui_icon_stickers_random_21_large
image,d#uie_dust_flow
image,#t7_icon_emblem_girlhelmet
image,d#smg_fastburst_t8_camo_juliett_wz_icon
image,d#uie_ui_icon_callingcards_zombies_100percent_earth_live
image,#ps4_controller_top
image,d#ui_icon_scorestreaks_helicopter_light_transport
image,#uie_t7_menu_cac_buttonboxlrgstrokefull
image,d#hash_c63b60cc162545
image,d#ar_doublebarrel_t8_camo_foxtrot_icon
image,#t7_icon_emblem_robot
image,d#melee_actionfigure_t8_camo_alfa_icon
image,d#ui_icon_mp_league_08_04_large
image,d#hash_e516a93bdf76eb
image,d#sniper_powersemi_t8_camo_hotel_icon
image,d#launcher_standard_t8_camo_india_zm_icon
image,d#hash_105520d5f257c70
image,d#hash_10f87d8d1ea279b
image,d#ar_accurate_t8_camo_active_dlc1_plasma_drive_wrapper_icon
image,d#ar_accurate_t8_camo_india_icon
image,#t7_loot_decal_crab
image,d#sniper_quickscope_t8_camo_dlc3_board_shorts_icon
image,d#tr_midburst_t8_camo_echo_wz_icon
image,d#hash_125f8128ba012ea
image,d#ar_stealth_t8_camo_alfa_zm_icon
image,d#uie_ui_icon_callingcards_wz_insigniaechelons_master_skulls_closed
image,#menu_camo_artofwar_animation_pattern
image,d#smg_vmp_t8_camo_hotel_wz_icon
image,d#tr_damageburst_t8_camo_alfa_zm_icon
image,d#hash_1420eb4f76d03dd
image,d#melee_coinbag_t8_camo_bravo_icon
image,d#menu_camo_promo_sourcherry_pattern
image,d#tr_damageburst_t8_camo_india_wz_icon
image,d#hash_14baab8f4ed0903
image,d#melee_coinbag_t8_camo_kilo_icon
image,d#ar_doublebarrel_t8_camo_hotel_wz_icon
image,d#tr_longburst_t8_camo_dlc3_assassin_icon
image,d#melee_demohammer_t8_camo_delta_wz_icon
image,d#ar_modular_t8_camo_foxtrot_icon
image,d#loot_ui_icon_stickers_spaceshuttle_01
image,d#loot_ui_icon_stickers_spaceshuttle_02
image,d#hash_17c95226b5887b3
image,d#pistol_burst_t8_camo_charlie_icon
image,d#smg_minigun_t8_camo_india_wz_icon
image,d#uie_ui_icon_callingcards_mp_prestige_prestige_badass_body_glow
image,d#loot03_ui_icon_blackmarket_item_shop_wingsuit_benjamins
image,d#hash_18f0e8517c970df
image,#t7_icon_emblem_decal_bolt
image,d#ui_icon_callingcards_mp_operations_precision_hardstop
image,#t7_loot_decal_dino_trex
image,d#uie_ui_icon_callingcards_zm_weapons_equipment_debri
image,d#ar_fastfire_t8_camo_india_zm_icon
image,d#smg_folding_t8_camo_hotel_zm_icon
image,d#ui_icon_callingcards_mp_weapon_proficiency_melee
image,d#ui_icon_gear_c_t8_spe_gear_awareness
image,d#loot_ui_icon_stickers_aliens_03
image,d#loot_ui_icon_stickers_aliens_02
image,d#loot_ui_icon_stickers_aliens_01
image,d#loot_ui_icon_stickers_aliens_06
image,d#loot_ui_icon_stickers_aliens_05
image,d#loot_ui_icon_stickers_aliens_04
image,d#sniper_locus_t8_camo_juliett_zm_icon
image,d#pistol_revolver_t8_camo_november_wz_icon
image,d#pistol_fullauto_t8_camo_november_wz_icon
image,d#melee_club_t8_camo_november_wz_icon
image,d#hash_1cf165bed50167a
image,d#melee_club_t8_camo_charlie_wz_icon
image,#hash_1da2b4bb5a974a0
image,d#sniper_locus_t8_camo_hotel_wz_icon
image,d#ui_icon_mp_league_18_03_large
image,d#uie_callingcards_survivalist_master_background
image,d#uie_ui_icon_callingcards_assassin_attacker
image,#uie_ui_menu_director_grain_bg01
image,d#lmg_heavy_t8_camo_echo_wz_icon
image,d#uie_ui_menu_contracts_ring_glow
image,d#ar_fastfire_t8_camo_charlie_icon
image,d#ui_icon_callingcards_mp_career_game_heroics_conquest
image,d#ui_icon_callingcards_mp_prestige_perks_ghost
image,d#lmg_standard_t8_camo_echo_zm_icon
image,d#sniper_quickscope_t8_camo_lima_icon
image,d#ar_damage_t8_camo_golf_wz_icon
image,d#hash_21a5cbeb4a68faf
image,d#ar_standard_t8_camo_india_zm_icon
image,#em_material_t7_camo_loot_flecktarn_purple
image,d#sniper_powersemi_t8_camo_charlie_icon
image,d#hash_235526a2100e0ef
image,d#ui_icon_callingcards_wz_vehicular_water_rat
image,d#hash_2399efac4b561f2
image,d#hash_23ebab5892af9e5
image,d#ui_icon_blackmarket_reserves_crate_large
image,d#sniper_damagesemi_t8_camo_november_wz_icon
image,d#ui_icon_callingcards_mp_prestige_wildcards_perk_3_gluttony
image,d#uie_ui_icon_callingcards_marksman_master_background_cover
image,d#loot_ui_icon_stickers_dystopian3_05
image,d#loot_ui_icon_stickers_dystopian3_04
image,d#loot_ui_icon_stickers_dystopian3_06
image,d#loot_ui_icon_stickers_dystopian3_01
image,d#loot_ui_icon_stickers_dystopian3_03
image,d#loot_ui_icon_stickers_dystopian3_02
image,#t7_hud_waypoints_neutral_new_a_mini
image,d#ar_damage_t8_camo_juliett_zm_icon
image,d#uie_ui_icon_callingcards_wz_vehicular_master_body
image,#t7_icon_emblem_0
image,#t7_icon_emblem_1
image,#t7_icon_emblem_2
image,#t7_icon_emblem_3
image,#t7_icon_emblem_4
image,#t7_icon_emblem_5
image,#t7_icon_emblem_6
image,#t7_icon_emblem_7
image,#t7_icon_emblem_8
image,#t7_icon_emblem_9
image,d#melee_secretsanta_t8_camo_india_icon
image,d#tr_damageburst_t8_camo_november_zm_icon
image,d#shotgun_fullauto_t8_camo_darkmatter_icon
image,d#hash_27b0f28e5be8b84
image,d#uie_ui_menu_callingcards_steampunk_fogtubes
image,d#special_crossbow_t8_camo_echo_icon
image,d#tr_damageburst_t8_camo_darkmatter_02_icon
image,d#hash_28ba5b8f1c13f60
image,d#ar_stealth_t8_camo_charlie_zm_icon
image,#uie_social_friendrequest_glow
image,d#hash_299b05b8fd65032
image,d#loot_ui_icon_sticker_firebreak_dragon_warrior_04
image,d#loot_ui_icon_sticker_firebreak_dragon_warrior_05
image,d#loot_ui_icon_sticker_firebreak_dragon_warrior_02
image,d#loot_ui_icon_sticker_firebreak_dragon_warrior_01
image,#t7_loot_decal_icon_stash
image,d#hash_2a235cef5326f65
image,d#uie_mecha_lights
image,d#hash_2add9bd11cb1516
image,d#shotgun_pump_t8_camo_lima_zm_icon
image,d#uie_ui_icon_callingcards_fairytale_wrist
image,d#hash_2b11959f3fa25f8
image,d#ui_icon_callingcards_code_cc_static
image,d#hash_2b874af506cea6f
image,d#hash_2ba186e8d0518eb
image,d#ar_galil_t8_camo_hotel_wz_icon
image,#em_streak_cancelled_out
image,d#ui_icon_callingcards_zm_gauntlet_red_bronze
image,d#hash_2c0bae2fad0e89a
image,d#hash_2cb98f0803a5a9b
image,d#smg_handling_t8_camo_bravo_icon
image,#41_vanquisher
image,#hash_2d24fb6b50944e1
image,d#lmg_heavy_t8_camo_kilo_zm_icon
image,d#uie_grey_plane
image,d#launcher_standard_t8_camo_active_dlc3_mystic_01_icon
image,#ui_icon_emblems_diamond
image,d#ui_icon_callingcards_mp_humiliation_thekingisdead
image,#hash_2e3e30e8169ebc0
image,d#hash_2f564387625b802
image,#ui_icon_perk_flakjacket_large
image,d#hash_2f73f0d2dd7e330
image,d#launcher_standard_t8_camo_india_wz_icon
image,#em_soldier_gunfighter01
image,d#special_ballisticknife_t8_dw_camo_juliett_zm_icon
image,d#hash_311c12becb0ce14
image,d#hash_312425fc8396717
image,d#ui_icon_callingcards_zm_gauntlet_five_gold
image,d#loot_ui_icon_sticker_crash_muertos_01_large
image,d#hash_32210f7ab6b4e86
image,d#uie_ui_icon_callingcards_pirates_arm2
image,d#uie_ui_icon_callingcards_pirates_arm1
image,d#melee_secretsanta_t8_camo_india_zm_icon
image,d#hash_329b5502840506c
image,#hash_32b99382952dd71
image,d#hash_33a07d97f97202e
image,#hash_33e064d86c5548f
image,d#ui_icon_callingcards_wz_heroics_destroyer_of_vehicles
image,d#ui_icon_mp_league_20_04_large
image,d#uie_ghostpirate_bg
image,d#loot_ui_icon_stickers_cute_monsters_4_large
image,d#sniper_powerbolt_t8_camo_hotel_zm_icon
image,d#pistol_burst_t8_camo_juliett_wz_icon
image,d#ar_stealth_t8_camo_kilo_wz_icon
image,d#uie_callingcards_game_victories_diver_right
image,d#ar_galil_t8_camo_golf_wz_icon
image,d#loot_ui_icon_stickers_sergei_specialorder
image,d#melee_coinbag_t8_camo_diamond_icon
image,d#ar_doublebarrel_t8_camo_juliett_wz_icon
image,d#hash_37c238ad4f2452c
image,d#hash_37c6c928de9205a
image,d#hash_387b540fc492649
image,d#loot_ui_icon_stickers_cute_creepy_4_large
image,#t7_loot_decal_icon_wing
image,d#ui_icon_callingcards_zm_default_pap
image,d#ar_accurate_t8_camo_active_rapid_kills_wrapper_icon
image,d#hash_390d9b7b08ca36f
image,d#hash_394bade17416e5b
image,#em_material_t7_camo_loot_scorch_green
image,d#melee_cutlass_t8_camo_kilo_wz_icon
image,d#sniper_fastrechamber_t8_camo_kilo_zm_icon
image,#hash_3a56e59e26da077
image,#menu_camo_integer_emissive_pattern
image,d#hash_3ac68d796ab6f7a
image,d#melee_cutlass_t8_camo_delta_wz_icon
image,d#ui_icon_callingcards_mp_marksman_master
image,#uie_voice_stop
image,#em_shape_star02
image,#em_shape_star03
image,#em_shape_star01
image,d#hash_3c750bd534e8edc
image,d#hash_3c9af6890064158
image,d#hash_3ce75aac4eee27d
image,#t7_loot_decal_icon_shark2
image,d#shotgun_semiauto_t8_camo_dlc3_assassin_icon
image,d#hash_3d530ab86d3ef60
image,d#hash_3d6f049c39172d8
image,#em_cleaver01
image,d#hash_3e13a8a688fa9c5
image,d#loot_ui_icon_stickers_afterglow
image,d#melee_amuletfist_t8_camo_alfa_icon
image,d#hash_3e8624621f43099
image,#em_lizard01
image,d#uie_cc_toproad
image,d#ui_icon_callingcards_wz_heroics_nope
image,d#uie_st_patricks_frame_02_bg2
image,d#smg_capacity_t8_camo_echo_zm_icon
image,#t7_hud_waypoints_neutral_new
image,#hash_40a041c8b5978a7
image,#em_material_t7_camo_loot_dante_crazy
image,#t7_loot_decal_icon_samurai
image,d#hash_41590af0581bfbd
image,d#hash_41b4d8f991c0ef9
image,d#hash_41b5961efefa151
image,d#ar_modular_t8_camo_lima_icon
image,d#hash_4209330d57edcd3
image,d#melee_actionfigure_t8_camo_foxtrot_icon
image,d#smg_standard_t8_camo_mike_wz_icon
image,d#ar_doublebarrel_t8_camo_charlie_zm_icon
image,d#smg_handling_t8_camo_darkmatter_icon
image,d#uie_ui_icon_callingcards_bootcamp_master_background
image,#uie_footerbutton_segmentbacking
image,d#tr_flechette_t8_camo_lima_zm_icon
image,#t7_icon_options_overlays
image,d#ar_peacekeeper_t8_camo_mike_zm_icon
image,#hash_45c5bc832f5db0e
image,d#ar_standard_t8_camo_delta_zm_icon
image,d#ui_icon_callingcards_mp_support_scorestreak_kills
image,d#uie_ui_menu_common_button_bracket
image,d#sniper_quickscope_t8_camo_india_icon
image,d#hash_47aaa9d8acf3435
image,d#hash_47d5e60d25df2fc
image,d#sniper_powersemi_t8_camo_delta_zm_icon
image,d#uie_ui_menu_callingcards_crimewave_criminalcar_rearwheel1
image,d#uie_ui_menu_callingcards_crimewave_criminalcar_rearwheel2
image,d#ui_icon_wildcard_primarygunfighter02_large
image,d#uie_ui_icon_callingcards_operations_precision_master_hair
image,d#ui_icon_callingcards_zm_gauntlet_ix_silver
image,d#sniper_mini14_t8_camo_alfa_wz_icon
image,d#melee_actionfigure_t8_camo_gold_icon
image,d#uie_ui_menu_store_repeat_dot_pattern
image,d#ui_icon_mp_league_15_02_large
image,d#uie_ui_menu_cac_allocation_pip_empty
image,d#pistol_burst_t8_camo_kilo_wz_icon
image,d#melee_coinbag_t8_camo_alfa_zm_icon
image,d#hash_4d58077097c37b9
image,d#smg_minigun_t8_camo_alfa_icon
image,#hash_4e5009e0668b9f8
image,d#uie_ui_icon_master_overlays_bkg
image,d#pistol_fullauto_t8_camo_bravo_zm_icon
image,d#ar_an94_t8_camo_darkmatter_02_icon
image,d#hash_4fba321174dff83
image,d#hash_4fe91b6f0833b56
image,d#hash_50a62b627107110
image,d#hash_512d9963bd17744
image,d#tr_powersemi_t8_camo_november_icon
image,d#ar_an94_t8_camo_golf_wz_icon
image,d#uie_ui_icon_callingcards_bootcamp_master_dude
image,d#loot_ui_icon_stickers_robot_06_large
image,d#ui_icon_attachment_quickdraw
image,d#lmg_standard_t8_camo_november_zm_icon
image,d#sniper_quickscope_t8_camo_lima_wz_icon
image,d#uie_captain
image,d#melee_amuletfist_t8_camo_india_zm_icon
image,d#sniper_mini14_t8_camo_echo_wz_icon
image,d#tr_longburst_t8_camo_hotel_icon
image,#hash_55053a6754fe715
image,d#smg_folding_t8_camo_hotel_wz_icon
image,d#smg_folding_t8_camo_mike_zm_icon
image,d#hash_55d07f1bed9d86c
image,d#sniper_mini14_t8_camo_delta_icon
image,d#hash_5630b307ce22923
image,d#loot_ui_icon_sticker_recon_warrior_02_large
image,d#smg_handling_t8_camo_dlc3_stealth_seal_icon
image,d#ar_damage_t8_camo_kilo_icon
image,d#uie_ui_icon_callingcards_zm_elixirs_talismans_wires
image,d#loot_ui_icon_stickers_random_43_large
image,d#hash_582b60a944a5e45
image,d#uie_ui_icon_callingcards_mp_100percent_sword_shine
image,d#hash_58cd337c5d2125b
image,d#hash_5947883ecc75021
image,d#melee_demohammer_t8_camo_golf_zm_icon
image,d#hash_5986f5700bd23c6
image,#hash_59cb393c807c705
image,d#ui_icon_callingcard_mcfarlane_seraph
image,d#launcher_standard_t8_camo_charlie_wz_icon
image,#t7_hud_waypoints_compassping_enemydirectional
image,d#ui_icon_equipment_gadget_radiation_field
image,d#uie_ui_menu_callingcards_warriorcreatures_helmet
image,d#loot_ui_icon_callingcards_muertos_crash
image,d#smg_fastfire_t8_camo_dlc3_shark_plaque_icon
image,d#hash_5ca0556edc05406
image,d#tr_midburst_t8_camo_foxtrot_zm_icon
image,d#ui_icon_callingcards_mp_bootcamp_marksman_master
image,d#ar_fastfire_t8_camo_echo_icon
image,#uie_t7_loot_callingcard_cutie_animals_master_chicks2
image,d#melee_stopsign_t8_camo_hotel_icon
image,d#hash_5dd26f2b473a5ac
image,#em_snake01_full
image,d#knife_loadout_camo_mike_zm_icon
image,d#hash_5e1a4ed36f78c49
image,#hash_5e513505cb1b253
image,#uie_optionswidgets_arrow
image,d#smg_folding_t8_camo_alfa_icon
image,d#pistol_fullauto_t8_camo_delta_wz_icon
image,#hash_5f46b0f75308639
image,d#lmg_spray_t8_camo_alfa_zm_icon
image,d#zm_calling_tasks_repacked
image,d#uie_ui_menu_chooseface_gradation01
image,d#uie_ui_icon_callingcards_loot_cowboysandmonsters_fishtail
image,d#ar_galil_t8_camo_juliett_zm_icon
image,d#hash_602b2b02bb7fcb3
image,d#hash_604e79e9445d653
image,d#ui_icon_callingcards_mp_operations_precision_deathrace
image,d#tr_longburst_t8_camo_november_zm_icon
image,d#smg_vmp_t8_camo_delta_icon
image,d#tr_midburst_t8_camo_bravo_wz_icon
image,d#sniper_quickscope_t8_camo_charlie_icon
image,d#ar_an94_t8_camo_kilo_zm_icon
image,#t7_loot_decal_icon_eye
image,d#hash_61e2184d0656316
image,d#hash_61f4a521d2954b6
image,d#uie_ui_icon_callingcard_zombie_hunter_trunkcharge
image,d#knife_loadout_camo_juliett_icon
image,d#ar_fastfire_t8_camo_active_dlc2_apb_wrapper_icon
image,d#ar_doublebarrel_t8_camo_charlie_wz_icon
image,d#uie_skelly_highlight
image,d#sniper_mini14_t8_camo_dlc3_board_shorts_icon
image,d#sniper_locus_t8_camo_lima_wz_icon
image,#hash_639b582de378673
image,#hash_639b682de378826
image,#hash_639b782de3789d9
image,#hash_639b882de378b8c
image,#hash_639b982de378d3f
image,#hash_639ba82de378ef2
image,#hash_639bb82de3790a5
image,#hash_639bc82de379258
image,#hash_63d2d87aaa58b65
image,d#ar_accurate_t8_camo_golf_wz_icon
image,d#ui_icon_callingcards_mp_career_game_heroics_superstar
image,d#smg_vmp_t8_camo_bravo_wz_icon
image,d#shotgun_pump_t8_camo_hotel_icon
image,d#lmg_stealth_t8_camo_mike_icon
image,d#ui_icon_callingcards_zm_prestige_grailandwreath
image,#menu_social_friendlist_warcraft3_icon
image,d#shotgun_semiauto_t8_camo_delta_zm_icon
image,#t7_decal_pattern_tiger
image,d#ui_icon_meansofdeath_explosive_death
image,#49_mp_101
image,d#ar_accurate_t8_camo_none_icon
image,d#smg_folding_t8_camo_dlc3_board_shorts_icon
image,d#smg_standard_t8_camo_echo_icon
image,d#hash_68472d1f188c4b7
image,d#hash_684eb7ac24b8f7e
image,d#tr_longburst_t8_camo_dlc2_blue_up_icon
image,d#melee_demohammer_t8_camo_november_icon
image,d#special_ballisticknife_t8_dw_camo_foxtrot_icon
image,d#hash_6a6631d07861ebb
image,d#hash_6a717f0d3d96d66
image,d#loot_ui_icon_sticker_seraph_muertos_03
image,d#loot_ui_icon_sticker_seraph_muertos_02
image,d#loot_ui_icon_sticker_seraph_muertos_01
image,d#loot_ui_icon_sticker_seraph_muertos_05
image,d#loot_ui_icon_sticker_seraph_muertos_04
image,d#hash_6accb69427a5ef8
image,d#shotgun_semiauto_t8_camo_india_icon
image,d#uie_grunt_gun_light
image,d#lmg_standard_t8_camo_mike_icon
image,d#loot_ui_icon_stickers_barbarians_04
image,d#loot_ui_icon_stickers_barbarians_05
image,d#loot_ui_icon_stickers_barbarians_06
image,d#loot_ui_icon_stickers_barbarians_01
image,d#loot_ui_icon_stickers_barbarians_02
image,d#loot_ui_icon_stickers_barbarians_03
image,d#hash_6be84c28c53e91f
image,d#special_crossbow_t8_camo_diamond_icon
image,d#uie_ui_icon_callingcards_zm_survivalist_dude_grimace
image,#em_football_full
image,#em_material_t7_camo_arctic
image,d#ui_icon_callingcards_zm_gauntlet_red_silver
image,d#uie_callingcards_global_master_firebreath
image,d#smg_vmp_t8_camo_lima_icon
image,d#hash_6dba21160d93832
image,d#uie_ui_menu_cursor_outer_ring
image,d#smg_fastburst_t8_camo_hotel_icon
image,d#hash_6fdee7013745218
image,d#melee_zombiearm_t8_camo_delta_zm_icon
image,d#melee_actionfigure_t8_camo_mike_icon
image,d#ui_icon_callingcards_mp_scorestreak_airassault_lightningstrikekills
image,d#hash_70708e2eed0344d
image,d#smg_minigun_t8_camo_charlie_zm_icon
image,d#sniper_powersemi_t8_camo_active_dlc3_mystic_01_icon
image,d#launcher_standard_t8_camo_charlie_zm_icon
image,d#special_crossbow_t8_camo_golf_wz_icon
image,d#ar_stealth_t8_camo_juliett_zm_icon
image,#uie_pc_igrevent_progression_separator
image,d#lmg_standard_t8_camo_dlc2_blue_up_icon
image,#hash_7310f0728260b3a
image,d#ui_icon_callingcards_mp_ground_assault_strike_team
image,d#loot_ui_icon_stickers_steampunk_warriors_01
image,d#loot_ui_icon_stickers_steampunk_warriors_03
image,d#loot_ui_icon_stickers_steampunk_warriors_02
image,d#loot_ui_icon_stickers_steampunk_warriors_05
image,d#loot_ui_icon_stickers_steampunk_warriors_04
image,d#loot_ui_icon_stickers_steampunk_warriors_06
image,d#ui_icon_meansofdeath_headshot
image,d#ar_stealth_t8_camo_active_dlc3_mystic_01_icon
image,d#hash_75482f955d3efca
image,d#uie_ui_menu_callingcards_safarihunter_lion3
image,d#uie_ui_menu_callingcards_safarihunter_lion2
image,d#uie_ui_menu_callingcards_safarihunter_lion1
image,d#lmg_spray_t8_camo_delta_wz_icon
image,d#melee_zombiearm_t8_camo_bravo_wz_icon
image,d#uie_callingcards_mp_loot_master_lightening
image,d#tr_powersemi_t8_camo_lima_zm_icon
image,d#pistol_revolver_t8_camo_none_icon
image,d#melee_slaybell_t8_camo_bravo_wz_icon
image,d#uie_hero_background
image,d#hash_787474cb7676e6f
image,d#hash_788b1f09e83ab5d
image,#uie_pc_igrevent_weekprogression_star
image,d#uie_ui_menu_store_focus_pips
image,d#ar_an94_t8_camo_india_wz_icon
image,d#ui_icon_zm_calling_tasks_rndssurvived
image,d#smg_capacity_t8_camo_echo_wz_icon
image,#hash_79fda6795137590
image,d#loot_ui_icon_stickers_afterburner
image,#menu_camo_zod_pap_pattern
image,d#special_ballisticknife_t8_dw_camo_charlie_zm_icon
image,d#ar_damage_t8_camo_delta_zm_icon
image,d#tr_powersemi_t8_camo_kilo_wz_icon
image,#hash_7b35b6295d9f19b
image,d#ar_modular_t8_camo_delta_icon
image,d#pistol_fullauto_t8_camo_charlie_icon
image,d#lmg_spray_t8_camo_bravo_wz_icon
image,#hash_7ce9fd4dcc6149e
image,d#hash_7d47d54878e779f
image,d#uie_ui_icon_callingcard_zombie_hunter_blackhole
image,d#ui_icon_mp_league_01_02_large
image,d#ar_peacekeeper_t8_camo_charlie_wz_icon
image,d#ui_icon_callingcards_zm_erasers_card2
image,d#ui_icon_callingcards_wz_vehicular_water_raids
image,d#uie_ui_menu_cac_primary_button_top_bar_focused
image,d#hash_7f3de30ba6c398e
image,d#hash_7f4668bf86801de
image,d#ui_icon_callingcards_wz_survivalist_tbd
image,d#melee_secretsanta_t8_camo_november_zm_icon
image,d#lmg_spray_t8_camo_echo_zm_icon
image,d#hash_80e6eb020e60531
image,d#sniper_locus_t8_camo_india_icon
image,d#ui_icon_wildcard_gluttony01_large
image,d#tr_damageburst_t8_camo_mike_zm_icon
image,d#hash_81dd2989a85a772
image,d#smg_capacity_t8_camo_dlc3_assassin_icon
image,#ui_icon_emblems_moon
image,d#uie_black_bear
image,d#sniper_damagesemi_t8_camo_india_zm_icon
image,d#shotgun_pump_t8_camo_hotel_wz_icon
image,d#melee_amuletfist_t8_camo_diamond_icon
image,d#lmg_spray_t8_camo_india_wz_icon
image,d#uie_boat_highlights
image,d#launcher_standard_t8_camo_november_zm_icon
image,#menu_camo_battle_pattern
image,#em_shape_trap01
image,d#ui_icon_scorestreaks_dart
image,d#pistol_revolver_t8_camo_dlc3_board_shorts_icon
image,d#uie_ui_menu_callingcards_crimewave_criminalcar_frontwheel2
image,d#uie_ui_menu_callingcards_crimewave_criminalcar_frontwheel1
image,#hash_86141b175043f6a
image,#ui_icon_callingcards_default
image,d#hash_86943ffde786626
image,d#special_crossbow_t8_camo_november_zm_icon
image,d#hash_871c7dcb7d53851
image,d#uie_ui_icon_callingcards_dystopian_bodyhighlight
image,d#uie_ui_menu_social_popup_menu_bar
image,d#ui_icon_callingcards_mp_scorestreak_airassault_hellstorm
image,d#tr_flechette_t8_camo_golf_icon
image,#em_ffa_just_a_gun
image,d#loot_ui_icon_stickers_random_37_large
image,d#tr_damageburst_t8_camo_bravo_icon
image,d#melee_cutlass_t8_camo_november_icon
image,d#hash_88c45fef53df909
image,d#smg_folding_t8_camo_echo_zm_icon
image,d#shotgun_precision_t8_camo_echo_icon
image,d#hash_89e0e884bc4175a
image,d#ar_galil_t8_camo_charlie_zm_icon
image,#uie_error_icon
image,d#hash_8a7037152920b58
image,d#smg_standard_t8_camo_india_zm_icon
image,#em_material_t7_camo_loot_jungle_emissive
image,d#melee_demohammer_t8_camo_bravo_icon
image,d#sniper_powersemi_t8_camo_charlie_wz_icon
image,d#melee_zombiearm_t8_camo_juliett_icon
image,#uie_fractal_dot_tile
image,d#pistol_burst_t8_camo_golf_wz_icon
image,#ui_icon_emblems_shades
image,d#uie_ui_icon_callingcards_zm_prestige_allseeingeye_pyramid_monks
image,d#tr_flechette_t8_camo_hotel_icon
image,d#launcher_standard_t8_camo_dlc3_blowfish_icon
image,d#lmg_heavy_t8_camo_hotel_zm_icon
image,#t7_decal_icon_gasmask
image,d#ar_an94_t8_camo_alfa_icon
image,d#melee_stopsign_t8_camo_alfa_icon
image,d#uie_ui_menu_common_focus_glow_large
image,d#smg_handling_t8_camo_charlie_wz_icon
image,d#sniper_damagesemi_t8_camo_darkmatter_02_icon
image,d#melee_stopsign_t8_camo_delta_zm_icon
image,d#ar_stealth_t8_camo_india_zm_icon
image,d#ar_galil_t8_camo_echo_zm_icon
image,#em_combat_axe01
image,d#smg_handling_t8_camo_alfa_zm_icon
image,d#smg_vmp_t8_camo_golf_wz_icon
image,d#special_crossbow_t8_camo_mike_zm_icon
image,d#hash_91ee9a0ec022c5e
image,d#ar_damage_t8_camo_kilo_wz_icon
image,d#melee_stopsign_t8_camo_kilo_zm_icon
image,d#tr_midburst_t8_camo_dlc3_assassin_icon
image,d#ar_an94_t8_camo_lima_wz_icon
image,#hash_9320ae308326938
image,d#uie_st_patricks_frame_02_ruin2
image,d#uie_st_patricks_frame_02_ruin1
image,d#smg_capacity_t8_camo_bravo_wz_icon
image,d#uie_grunt_bullet_shot
image,d#pistol_revolver_t8_camo_golf_wz_icon
image,d#hash_93c0fbe0114c333
image,d#hash_93c10be0114c4e6
image,d#hash_93c11be0114c699
image,d#hash_93c12be0114c84c
image,d#hash_93c13be0114c9ff
image,d#hash_93c14be0114cbb2
image,d#ui_icon_zm_calling_tasks_sniperrifle
image,d#ui_icon_camonotification_darkmatter
image,d#smg_fastburst_t8_camo_november_wz_icon
image,d#shotgun_pump_t8_camo_juliett_icon
image,d#smg_folding_t8_camo_charlie_icon
image,d#tr_midburst_t8_camo_india_wz_icon
image,d#smg_folding_t8_camo_lima_wz_icon
image,d#hash_96a9683dd64a5cc
image,d#sniper_mini14_t8_camo_mike_wz_icon
image,d#ui_icon_weapon_tr_midburst_render_xl
image,d#hash_971e2a2dd921c3d
image,d#hash_97293a661abc564
image,d#uie_ui_menu_callingcards_vikingbattles_char2righthand
image,d#uie_ui_icon_callingcards_summer_background
image,#hash_980e18f89ebeab9
image,d#ar_damage_t8_camo_bravo_wz_icon
image,d#smg_fastfire_t8_camo_delta_icon
image,d#sniper_locus_t8_camo_bravo_wz_icon
image,d#uie_ui_menu_aar_common_progress_boxes
image,d#ar_accurate_t8_camo_india_wz_icon
image,d#ar_doublebarrel_t8_camo_november_wz_icon
image,d#sniper_quickscope_t8_camo_dlc3_shark_plaque_icon
image,d#hash_9b2502cb538f7e9
image,d#loot_ui_icon_sticker_ruin_muertos_03_large
image,#hash_9c8e5c457ed5880
image,d#hash_9c96af372ad57f2
image,#em_shape_star03_half
image,d#ar_fastfire_t8_camo_alfa_icon
image,d#hash_9d5922f0eec6a68
image,#em_koth_crush_victory
image,d#sniper_powerbolt_t8_camo_lima_zm_icon
image,d#ar_an94_t8_camo_kilo_icon
image,d#sniper_quickscope_t8_camo_golf_icon
image,d#ui_icon_mp_league_27_01_large
image,#uie_close_icon
image,d#uie_callingcards_mp_loot_master_debris
image,d#sniper_powerbolt_t8_camo_foxtrot_zm_icon
image,#hash_9fdc334957e2944
image,d#ar_damage_t8_camo_charlie_wz_icon
image,#uie_t7_loot_callingcard_cutie_animals_master_bg
image,d#melee_stopsign_t8_camo_mike_zm_icon
image,d#hash_a0e84e74ba48844
image,d#sniper_locus_t8_camo_golf_icon
image,d#hash_a20511057a195dc
image,#t7_decal_pattern_scales
image,d#ar_an94_t8_camo_bravo_icon
image,d#ar_an94_t8_camo_juliett_wz_icon
image,d#shotgun_fullauto_t8_camo_foxtrot_icon
image,#hash_a25222112fce2f2
image,d#uie_ui_menu_callingcards_surrealistlandscape_bg
image,d#uie_st_patricks_frame_02_rainbow
image,d#ui_icon_attachment_pistol_revolver_opmod_skullsplitter
image,d#sniper_quickscope_t8_camo_juliett_wz_icon
image,#hash_a2cea3b47d5e04a
image,d#shotgun_precision_t8_camo_charlie_wz_icon
image,d#melee_amuletfist_t8_camo_kilo_icon
image,d#ar_peacekeeper_t8_camo_kilo_wz_icon
image,d#hash_a55db12ca50fac2
image,d#hash_a59e59bbb546409
image,d#ar_damage_t8_camo_india_zm_icon
image,d#ui_icon_mp_league_11_02_large
image,d#ui_icon_weapon_ar_accurate_render_xl
image,d#uie_ui_menu_callingcards_heavymetal_glass3
image,d#uie_ui_menu_callingcards_heavymetal_glass2
image,d#uie_ui_menu_callingcards_heavymetal_glass1
image,d#uie_ui_menu_callingcards_heavymetal_glass4
image,d#ui_icon_zm_calling_tasks_specialweapon
image,d#pistol_burst_t8_camo_november_icon
image,d#ui_icon_callingcards_mp_prestige_tacticalkits_downrange
image,d#ui_icon_equipment_gadget_spawnbeacon
image,d#loot04_ui_icon_blackmarket_itemdetail_bundle_deep_voyage
image,d#ui_icon_wildcard_primaryopperatormod_large
image,#hash_a91524afb1a9a8f
image,d#hash_a955b2aa21920d2
image,d#ar_stealth_t8_camo_dlc3_blowfish_icon
image,#t7_icon_emblem_monster
image,#mp_cac_grad_stretch
image,d#uie_ui_icon_callingcards_prestige_master_racoon_tail
image,d#hash_ab234872557f547
image,d#hash_ab4915593a37294
image,d#melee_amuletfist_t8_camo_mike_zm_icon
image,#uie_t7_hud_enemysatellite_diamond_top_small
image,d#loot07_ui_icon_blackmarket_itemshop_afterglow
image,d#ui_icon_stickers_gauntlet_hellcatraz
image,d#ar_modular_t8_camo_dlc3_assassin_icon
image,#hash_ac8842ab6ddf0c3
image,d#launcher_standard_t8_camo_lima_icon
image,d#launcher_standard_t8_camo_dlc3_board_shorts_icon
image,#uie_fractal_trimask
image,#hash_ada378ce3881410
image,d#hash_adb32db5cd832db
image,d#launcher_standard_t8_camo_hotel_zm_icon
image,d#loot_ui_icon_stickers_random_03_large
image,d#loot_ui_icon_callingcards_summerbreak_01
image,d#loot_ui_icon_callingcards_summerbreak_02
image,d#loot_ui_icon_callingcards_summerbreak_03
image,d#loot_ui_icon_callingcards_summerbreak_04
image,d#loot_ui_icon_callingcards_summerbreak_05
image,d#loot_ui_icon_callingcards_summerbreak_06
image,d#loot_ui_icon_callingcards_summerbreak_07
image,d#loot04_ui_icon_blackmarket_itemshop_bundle_bacon
image,d#smg_fastfire_t8_camo_bravo_wz_icon
image,d#shotgun_precision_t8_camo_foxtrot_icon
image,d#loot_ui_icon_stickers_survival_tools_05
image,d#loot_ui_icon_stickers_survival_tools_04
image,d#loot_ui_icon_stickers_survival_tools_06
image,d#loot_ui_icon_stickers_survival_tools_01
image,d#loot_ui_icon_stickers_survival_tools_03
image,d#loot_ui_icon_stickers_survival_tools_02
image,d#lmg_heavy_t8_camo_juliett_zm_icon
image,d#loot_ui_icon_sticker_ruin_warrior_01_large
image,d#hash_af56dbbae371da2
image,d#smg_accurate_t8_camo_juliett_wz_icon
image,d#melee_stopsign_t8_camo_foxtrot_icon
image,#hash_b0051468c8fa60d
image,d#hash_b0072971b83c900
image,d#ui_icon_callingcards_mp_operations_humiliation_surprise
image,#t7_loot_decal_black_ops
image,d#tr_midburst_t8_camo_active_dlc3_mystic_01_icon
image,d#sniper_locus_t8_camo_diamond_icon
image,d#sniper_locus_t8_camo_mike_icon
image,d#smg_fastburst_t8_camo_charlie_wz_icon
image,d#hash_b21d5e09695a371
image,d#pistol_fullauto_t8_camo_november_icon
image,d#smg_minigun_t8_camo_mike_wz_icon
image,d#ui_icon_mp_league_30_02b
image,d#ar_stealth_t8_camo_delta_zm_icon
image,d#ui_icon_callingcards_mp_bootcamp_spotter
image,d#loot_ui_icon_stickers_grigoriweaver
image,d#hash_b46abbd4e14a544
image,d#pistol_fullauto_t8_camo_alfa_icon
image,d#pistol_standard_t8_camo_foxtrot_icon
image,d#tr_longburst_t8_camo_charlie_wz_icon
image,d#ui_icon_callingcards_mp_scorestreak_airassault_threatneutralized
image,d#hash_b5152f43fd65862
image,d#hash_b521f544d700aba
image,d#ar_accurate_t8_camo_active_dlc1_masks_wrapper_icon
image,d#loot_ui_icon_stickers_random_set_2_9_seraph
image,d#shotgun_fullauto_t8_camo_bravo_icon
image,d#pistol_fullauto_t8_camo_lima_icon
image,d#ar_damage_t8_camo_dlc3_shark_plaque_icon
image,d#knife_loadout_camo_none_icon
image,d#smg_vmp_t8_camo_kilo_zm_icon
image,d#pistol_burst_t8_camo_echo_icon
image,d#smg_vmp_t8_camo_november_zm_icon
image,#em_crosshair01
image,d#launcher_standard_t8_camo_mike_icon
image,#hash_b9fb9844ab3c7f5
image,#t7_loot_decal_pirate
image,d#smg_minigun_t8_camo_juliett_zm_icon
image,d#ui_icon_callingcards_solo_woods_quote
image,#t7_decal_pattern_polkadots_sm
image,d#uie_ui_icon_callingcards_summer_legs
image,d#loot_ui_icon_stickers_random_39_large
image,d#ar_modular_t8_camo_echo_wz_icon
image,d#tr_midburst_t8_camo_foxtrot_icon
image,d#loot_ui_icon_callingcards_muertos_seraph
image,d#melee_amuletfist_t8_camo_delta_zm_icon
image,d#special_crossbow_t8_camo_november_icon
image,d#hash_bcea7b6022c5bbc
image,#uie_t7_menu_frontend_helptag
image,#hash_bd94235a783f750
image,d#smg_standard_t8_camo_charlie_wz_icon
image,d#hash_bdec6b5dc526280
image,d#hash_be13fc523d74bb3
image,d#sniper_powersemi_t8_camo_none_icon
image,d#shotgun_precision_t8_camo_delta_zm_icon
image,d#uie_hubcaps
image,#hash_bf81085f8ce51b5
image,d#ar_doublebarrel_t8_camo_delta_zm_icon
image,d#melee_club_t8_camo_mike_wz_icon
image,d#loot_ui_icon_callingcards_viking_battles_master
image,d#melee_secretsanta_t8_camo_juliett_zm_icon
image,d#ar_accurate_t8_camo_foxtrot_wz_icon
image,d#ui_icon_callingcards_wz_darkops_zombies
image,#hash_c0bc7a99737bd47
image,d#ar_accurate_t8_camo_dlc3_board_shorts_icon
image,d#loot_ui_icon_stickers_safari_animals_1_large
image,d#loot_ui_icon_stickers_chromedout_6_large
image,d#melee_club_t8_camo_mike_icon
image,d#ui_icon_callingcards_mp_mode_killer_merciless_killer
image,d#ui_icon_callingcards_mp_dark_ops_brutal_killer
image,d#loot_ui_icon_sticker_recon_warrior_01_large
image,d#ui_icon_weapon_smg_folding_mk2_render
image,d#ar_an94_t8_camo_charlie_zm_icon
image,d#pistol_standard_t8_camo_delta_wz_icon
image,d#sniper_quickscope_t8_camo_charlie_wz_icon
image,#ui_icon_perk_tracker_large
image,d#hash_c2f806eea645e44
image,d#uie_ui_icon_callingcards_assassin_arm
image,#t7_icon_save_overlays_bkg
image,d#melee_stopsign_t8_camo_delta_icon
image,#menu_camo_bliss_pattern
image,d#ui_icon_callingcards_mp_prestige_wildcards_master
image,d#hash_c49b0c8991a541f
image,#menu_camo_ice_pattern
image,d#shotgun_fullauto_t8_camo_juliett_zm_icon
image,d#sniper_mini14_t8_camo_hotel_wz_icon
image,d#uie_callingcards_game_victories_kraken
image,d#sniper_powerbolt_t8_camo_dlc3_board_shorts_icon
image,d#sniper_fastrechamber_t8_camo_bravo_icon
image,d#ui_icon_callingcards_mp_operations_humiliation_fromthegrave
image,d#shotgun_semiauto_t8_camo_lima_wz_icon
image,d#uie_ui_icon_callingcards_dystopian_bgglow
image,d#hash_c948c82f0635d61
image,d#shotgun_semiauto_t8_camo_lima_zm_icon
image,d#ar_modular_t8_camo_kilo_zm_icon
image,d#lmg_spray_t8_camo_juliett_wz_icon
image,d#hash_c9a5e23968d8272
image,d#hash_ca043918f41b2ff
image,d#smg_standard_t8_camo_hotel_zm_icon
image,d#smg_accurate_t8_camo_dlc3_shark_plaque_icon
image,d#uie_ui_menu_store_focus_frame
image,d#special_ballisticknife_t8_dw_camo_alfa_zm_icon
image,d#uie_ui_menu_start_menu_grid
image,d#launcher_standard_t8_camo_bravo_icon
image,#t7_loot_decal_fish
image,d#ar_fastfire_t8_camo_dlc3_shark_plaque_icon
image,d#sniper_locus_t8_camo_gold_icon
image,#em_sd_crush_victory
image,d#uie_callingcards_survivalist_master_dude1
image,d#uie_callingcards_survivalist_master_dude2
image,d#lmg_heavy_t8_camo_mike_zm_icon
image,d#tr_flechette_t8_camo_golf_wz_icon
image,d#uie_ui_menu_blackmarket_popup_image
image,d#loot_ui_icon_stickers_random_07_large
image,#hash_ce15720aa5b8999
image,d#melee_demohammer_t8_camo_charlie_zm_icon
image,d#smg_capacity_t8_camo_alfa_icon
image,d#sniper_fastrechamber_t8_camo_charlie_wz_icon
image,d#hash_cf26eeb6ccdb764
image,d#hash_cf429f23b97cac7
image,#img_uie_match_begins_in_solid
image,d#ui_icon_callingcards_wz_heroics_fist_fighter
image,d#smg_accurate_t8_camo_lima_zm_icon
image,#menu_camo_artofwar_gem_pattern
image,d#hash_d1251c3a9e1c92e
image,d#ui_icon_mp_league_11_04_large
image,d#hash_d1ad8084fc1b60f
image,#uie_borderbutton2_9s
image,#t7_loot_decal_icon_dragonfly
image,d#ar_modular_t8_camo_november_icon
image,#ui_icon_emblems_skull_left
image,#em_streak_guide_dogs
image,#uie_t7_menu_frontend_iconjoinable
image,#t7_decal_pattern_warpcheckers_center
image,d#hash_d381cd35adc66c8
image,#t7_loot_decal_icon_unicorn
image,d#shotgun_semiauto_t8_camo_juliett_wz_icon
image,d#smg_handling_t8_camo_mike_icon
image,d#smg_fastfire_t8_camo_alfa_zm_icon
image,d#hash_d4f1884269f3284
image,d#smg_vmp_t8_camo_golf_icon
image,d#loot_ui_icon_stickers_random_12_large
image,#t7_decal_icon_creature
image,d#smg_vmp_t8_camo_echo_icon
image,d#ui_icon_mp_league_14_01_large
image,d#smg_capacity_t8_camo_kilo_wz_icon
image,#mouse
image,#t7_loot_decal_jester
image,d#sniper_mini14_t8_camo_diamond_icon
image,d#tr_powersemi_t8_camo_hotel_wz_icon
image,d#sniper_fastrechamber_t8_camo_none_icon
image,d#ui_icon_mp_league_15_01_large
image,d#hash_d7a912a2b4a1c6a
image,d#hash_d7cb4b318651691
image,d#ar_accurate_t8_camo_lima_zm_icon
image,d#ui_icon_callingcards_zm_gauntlet_unsinkable_darkmatter
image,d#ar_accurate_t8_camo_dlc3_assassin_icon
image,d#ui_icon_callingcards_mp_dark_ops_obtained_fin
image,d#uie_grunt_body
image,d#ar_fastfire_t8_camo_echo_zm_icon
image,d#ui_icon_weapon_tr_flechette_sig02_render
image,d#sniper_damagesemi_t8_camo_juliett_wz_icon
image,#menu_camo_redhex_pattern
image,#hash_dae99c512361be4
image,d#hash_dbb47d9a3b8bf5c
image,d#hash_dbbaf85a57a0f14
image,d#ui_icon_callingcards_mp_bootcamp_master
image,d#ar_doublebarrel_t8_camo_gold_icon
image,d#smg_capacity_t8_camo_dlc3_blowfish_icon
image,d#ar_accurate_t8_camo_charlie_zm_icon
image,d#ui_icon_eq_gravityslam_mp
image,d#ui_icon_mp_league_30_04
image,d#ui_icon_mp_league_30_02
image,d#ui_icon_mp_league_30_03
image,d#ui_icon_mp_league_30_01
image,#menu_em_material_bronze
image,d#ui_icon_weapon_ar_peacekeeper_mk2_render
image,d#shotgun_pump_t8_camo_echo_icon
image,d#ui_icon_callingcards_mp_ground_assault_drive_by
image,d#loot04_ui_icon_blackmarket_itemshop_bundle_venom
image,d#tr_midburst_t8_camo_india_icon
image,d#ar_standard_t8_camo_alfa_icon
image,#ui_icon_emblems_crest
image,d#ar_peacekeeper_t8_camo_bravo_icon
image,d#ui_icon_weapon_smg_fastburst_mk2_render
image,d#smg_fastburst_t8_camo_delta_zm_icon
image,d#melee_zombiearm_t8_camo_gold_icon
image,d#loot_ui_icon_sticker_ajax_muertos_03_large
image,d#uie_color_overlay
image,#em_sd_targets_down
image,d#pistol_revolver_t8_camo_juliett_icon
image,d#ui_icon_callingcards_mp_marksman_shotgun_marksman
image,d#ui_icon_mp_league_08_02b_large
image,d#uie_ui_icon_callingcards_zm_prestige_allseeingeye_pyramid_torch_flame
image,d#launcher_standard_t8_camo_delta_zm_icon
image,d#hash_e4525338a0f713a
image,#menu_camo_ce_cyborg_pattern
image,d#hash_e554ede8a0d787b
image,d#hash_e58c9a645266897
image,d#smg_fastfire_t8_camo_echo_wz_icon
image,d#pistol_revolver_t8_camo_dlc3_blowfish_icon
image,#uie_mute_icon
image,d#sniper_locus_t8_camo_golf_zm_icon
image,d#hash_e64051a527c9269
image,d#uie_ui_icon_callingcards_wz_darkops_master_bulletdrop2
image,d#uie_ui_icon_callingcards_wz_darkops_master_bulletdrop1
image,d#launcher_standard_t8_camo_foxtrot_icon
image,d#hash_e7bfd1c1e4ceca3
image,d#ui_icon_mp_league_25_01_large
image,d#uie_ui_menu_callingcards_robbery_hero
image,d#hash_e8dfe06491652e0
image,d#hash_e9ce32f92c16fe1
image,d#hash_ea1798592df7f4e
image,d#ui_icon_blackmarket_contracts_completed
image,d#hash_ead4db8c602e862
image,#t7_loot_decal_robber
image,d#tr_powersemi_t8_camo_charlie_wz_icon
image,d#lmg_heavy_t8_camo_dlc3_board_shorts_icon
image,#hash_eba377c4a6b7db5
image,d#hash_ebb44a8f9e272be
image,#menu_camo_jungletek_pattern
image,#hash_ecc3636f0adb379
image,d#ar_accurate_t8_camo_active_kill_counter_wrapper_icon
image,d#ui_icon_mp_league_02_02b
image,d#pistol_revolver_t8_camo_juliett_wz_icon
image,d#shotgun_fullauto_t8_camo_lima_icon
image,d#hash_ef4129b86108085
image,d#pistol_revolver_t8_camo_foxtrot_zm_icon
image,d#ar_standard_t8_camo_bravo_zm_icon
image,d#uie_mecha
image,d#hash_f0545d9de478319
image,d#ui_icon_mp_league_09_02b
image,d#ui_icon_weapon_camo_active_sig_pistol_revolver_cyberpunk
image,#uie_img_t7_menu_startmenu_option_lines_orbis_theater
image,d#tr_damageburst_t8_camo_hotel_wz_icon
image,d#loot_ui_icon_callingcards_zombiediner_06
image,d#loot_ui_icon_callingcards_zombiediner_07
image,d#loot_ui_icon_callingcards_zombiediner_04
image,d#loot_ui_icon_callingcards_zombiediner_05
image,d#loot_ui_icon_callingcards_zombiediner_02
image,d#loot_ui_icon_callingcards_zombiediner_03
image,d#loot_ui_icon_callingcards_zombiediner_01
image,d#ui_icon_callingcards_mp_scorestreak_airassault_dartkill
image,#menu_em_material_green_anodized
image,#uie_t7_menu_frontend_iconpartymemberlarge
image,#uie_aspectratiofix_gunshipbacking
image,#em_streak_focus_fire
image,#em_sniper_perfect
image,d#loot_ui_icon_sticker_firebreak_muertos_03_large
image,d#sniper_fastrechamber_t8_camo_mike_wz_icon
image,d#uie_pc_bnetstore_beenoxlogo
image,d#hash_f63b04bc0aa5720
image,d#smg_fastfire_t8_camo_november_zm_icon
image,d#uie_explosion02
image,d#uie_explosion03
image,d#uie_explosion01
image,d#uie_explosion04
image,d#sniper_mini14_t8_camo_juliett_icon
image,#t7_decal_icon_hornet
image,d#ui_icon_weapon_smg_handling_mk2_render
image,d#hash_f8134f89700dcc0
image,d#launcher_standard_t8_camo_mike_wz_icon
image,d#ui_icon_callingcard_codesalute
image,d#loot_ui_icon_stickers_zsquad_06
image,d#loot_ui_icon_stickers_zsquad_05
image,d#loot_ui_icon_stickers_zsquad_04
image,d#loot_ui_icon_stickers_zsquad_03
image,d#loot_ui_icon_stickers_zsquad_02
image,d#loot_ui_icon_stickers_zsquad_01
image,d#uie_dropshadow_9s
image,#t7_store_featured_seasonpass
image,#menu_camo_loyalty_pattern
image,d#knife_loadout_camo_echo_wz_icon
image,d#elo_20
image,d#elo_21
image,d#elo_22
image,d#elo_23
image,d#elo_24
image,d#elo_25
image,d#elo_26
image,d#elo_11
image,d#elo_10
image,d#elo_13
image,d#elo_12
image,d#elo_15
image,d#elo_14
image,d#elo_17
image,d#elo_16
image,d#elo_19
image,d#elo_18
image,d#loot_ui_icon_callingcards_seraph_cop
image,d#lmg_stealth_t8_camo_diamond_icon
image,d#hash_fad8466e5874fd4
image,d#ui_icon_mp_league_26_02b
image,d#loot_ui_icon_sticker_ruin_muertos_01_large
image,d#pistol_standard_t8_camo_kilo_zm_icon
image,d#ui_icon_callingcard_asus
image,d#hash_fbb8bae83651449
image,d#ui_icon_callingcards_mp_gamevictories_conquest
image,d#sniper_powerbolt_t8_camo_hotel_wz_icon
image,d#sniper_locus_t8_camo_alfa_wz_icon
image,d#loot_ui_icon_stickers_monsters1_05
image,d#loot_ui_icon_stickers_monsters1_04
image,d#loot_ui_icon_stickers_monsters1_06
image,d#loot_ui_icon_stickers_monsters1_01
image,d#loot_ui_icon_stickers_monsters1_03
image,d#loot_ui_icon_stickers_monsters1_02
image,d#ui_icon_weapon_shotgun_fullauto_mk2_render
image,#hash_fcdcee1c49452aa
image,d#ar_stealth_t8_camo_lima_wz_icon
image,d#loot_ui_icon_sticker_ruin_warrior_03_large
image,d#melee_secretsanta_t8_camo_bravo_wz_icon
image,d#shotgun_precision_t8_camo_echo_wz_icon
image,d#ui_icon_callingcards_mp_gamevictories_teamdeathmatchwins
image,d#pistol_revolver_t8_camo_delta_icon
image,#em_material_t7_camo_burnt
image,d#ui_icon_callingcards_wz_survivalist_equip_it_and_mint_it
image,#em_happyface_outline
image,d#smg_minigun_t8_camo_golf_zm_icon
image,d#smg_standard_t8_camo_echo_wz_icon
image,#em_broom01
image,d#hash_1001c055245c6fed
image,d#smg_standard_t8_camo_juliett_wz_icon
image,d#smg_minigun_t8_camo_bravo_icon
image,d#shotgun_pump_t8_camo_alfa_wz_icon
image,d#sniper_quickscope_t8_camo_november_zm_icon
image,d#shotgun_pump_t8_camo_lima_icon
image,d#hash_1033bed995477163
image,d#ar_stealth_t8_camo_mike_zm_icon
image,#menu_camo_ash_pattern
image,d#tr_longburst_t8_camo_echo_wz_icon
image,d#melee_actionfigure_t8_camo_alfa_wz_icon
image,d#uie_ui_menu_callingcards_warriorcreatures_char
image,d#special_crossbow_t8_camo_lima_icon
image,d#uie_callingcards_game_victories_reflection
image,#menu_camo_jungle_emissive_pattern
image,d#ar_an94_t8_camo_delta_icon
image,d#shotgun_fullauto_t8_camo_gold_icon
image,d#hash_105d6beb30d91f7c
image,d#loot_ui_icon_stickers_retro_media_2_large
image,d#melee_stopsign_t8_camo_india_icon
image,d#hash_1070bb555fb764ef
image,d#hash_1072ed50a19b2248
image,#uie_ui_menu_common_tab_restriction_warning
image,d#launcher_standard_t8_camo_juliett_icon
image,#hash_108551ebbe206016
image,#menu_camo_integer_pattern
image,d#smg_capacity_t8_camo_lima_wz_icon
image,d#ar_galil_t8_camo_gold_icon
image,#hash_1091d6cd05135a40
image,#hash_1091d8cd05135da6
image,#hash_1091d9cd05135f59
image,d#uie_ui_menu_callingcards_circusclown_leftarm
image,d#ar_fastfire_t8_camo_bravo_icon
image,#hash_109d06020d7b000c
image,d#uie_ui_icon_callingcards_zm_zombie_hunter_08_background
image,#menu_em_material_purple_anodized
image,d#melee_coinbag_t8_camo_bravo_wz_icon
image,d#shotgun_precision_t8_camo_foxtrot_zm_icon
image,d#sniper_powerbolt_t8_camo_dlc3_stealth_seal_icon
image,d#hash_10c8afa4d0bfa620
image,d#uie_ui_menu_store_bg_grid
image,#img_t7_hud_noise_urand
image,d#ui_icon_mp_league_24_02_large
image,d#sniper_fastrechamber_t8_camo_delta_zm_icon
image,d#melee_actionfigure_t8_camo_bravo_wz_icon
image,d#ui_icon_callingcards_mp_bootcamp_survivor
image,#t7_store_preview
image,#hash_10db394556912cea
image,#menu_social_friendlist_hearthstone_icon
image,#uie_t8_icon_restriction_warning
image,d#pistol_revolver_t8_camo_bravo_wz_icon
image,d#loot_ui_icon_callingcards_muertos_grim_reaper
image,#uie_t7_icons_controller_orbis_l1_glow
image,d#uie_ui_icon_callingcards_professional_master_soldier_eyeglow
image,d#knife_loadout_camo_hotel_wz_icon
image,d#uie_callingcards_mp_loot_master_lionmouth_hot
image,#uie_t7_menu_cac_glow
image,#faction_allies
image,d#hash_11182e57beaa72e1
image,d#ui_icon_hero_flamethrower_mp
image,d#special_ballisticknife_t8_dw_camo_bravo_icon
image,d#loot_ui_icon_stickers_random_20_large
image,d#hash_11370c409a982d7e
image,d#hash_113939c84f47dd6c
image,d#uie_headlights_car
image,d#sniper_quickscope_t8_camo_active_dlc3_mystic_01_icon
image,d#hash_114e6122e55692c8
image,d#melee_stopsign_t8_camo_foxtrot_wz_icon
image,d#hash_11540f98137fe3ef
image,d#melee_actionfigure_t8_camo_delta_icon
image,d#loot07_ui_icon_blackmarket_itemshop_hudson
image,d#hash_1164a0045c4e92bc
image,d#special_ballisticknife_t8_dw_camo_juliett_icon
image,d#ar_fastfire_t8_camo_charlie_zm_icon
image,d#ar_peacekeeper_t8_camo_hotel_zm_icon
image,d#ar_damage_t8_camo_alfa_zm_icon
image,d#knife_loadout_camo_november_wz_icon
image,d#hash_118382efaaccec10
image,d#hash_118898fc6ac8037d
image,d#hash_118cf1c5bd779432
image,#headicon_dead
image,d#smg_fastfire_t8_camo_active_dlc1_dogfight_wrapper_icon
image,d#tr_longburst_t8_camo_dlc3_shark_plaque_icon
image,d#uie_plane_parts
image,d#ar_an94_t8_camo_diamond_icon
image,d#hash_11b991558cfc4f31
image,d#ui_icon_blackmarket_promos_shamrock_and_awe_preview
image,d#melee_zombiearm_t8_camo_foxtrot_wz_icon
image,#t7_icon_emblem_wolf
image,d#loot07_ui_icon_blackmarket_itemshop_afterburner
image,d#smg_capacity_t8_camo_november_wz_icon
image,d#hash_11e029bd169645f7
image,d#hash_11e02abd169647aa
image,d#smg_fastfire_t8_camo_golf_zm_icon
image,d#hash_11e6ee9299746f18
image,d#hash_11e9f2f0cfc349d4
image,d#ar_stealth_t8_camo_november_wz_icon
image,d#hash_11fac93b04109c04
image,d#hash_11fd42428fa3d74f
image,d#hash_1204f3c96f9254af
image,d#ar_damage_t8_camo_hotel_wz_icon
image,d#ui_icon_mp_league_14_02_large
image,d#uie_ui_menu_common_tab_glow
image,d#ui_icon_equipment_eq_molotov
image,d#hash_122aa7239d32261e
image,d#lmg_spray_t8_camo_mike_icon
image,d#hash_12324d8de14e6d58
image,d#ui_icon_meansofdeath_unknown
image,d#tr_flechette_t8_camo_charlie_wz_icon
image,d#loot_ui_icon_stickers_misty_02
image,d#loot_ui_icon_stickers_misty_01
image,d#pistol_fullauto_t8_camo_lima_wz_icon
image,d#tr_flechette_t8_camo_foxtrot_icon
image,d#ui_icon_callingcards_mp_dark_ops_ultra_killer
image,#hash_1251496c64c39a50
image,d#uie_ui_menu_item_shop_glow_border
image,d#hash_125e8118af1ad83e
image,d#uie_ui_icon_callingcards_mp_prestige_prestige_badass_mouth_open
image,d#ar_galil_t8_camo_hotel_icon
image,d#uie_strippedback
image,#em_tdm_triple_kill
image,d#uie_ui_icon_callingcards_mp_100percent_armor_shine
image,d#sniper_powersemi_t8_camo_diamond_icon
image,d#uie_ui_icon_callingcard_zombie_hunter_tail
image,d#ar_an94_t8_camo_juliett_icon
image,#hash_12a042155f37db1c
image,d#sniper_mini14_t8_camo_bravo_wz_icon
image,#t7_store_featured_message
image,d#ui_icon_callingcards_mp_prestige_perks_dexterity
image,d#pistol_revolver_t8_camo_alfa_wz_icon
image,d#uie_ui_icon_callingcards_pirates_background
image,d#ui_icon_attachment_advancedmags
image,d#smg_accurate_t8_camo_echo_wz_icon
image,d#smg_fastburst_t8_camo_alfa_icon
image,#hash_12c025cc138d6127
image,d#hash_12c11f482d55b0d9
image,d#tr_midburst_t8_camo_bravo_icon
image,#hash_12d3235678082508
image,#t7_decal_pattern_oriental
image,d#ui_icon_callingcards_mp_prestige_tacticalkits_precision
image,d#hash_12de93ee266b1981
image,d#uie_ui_hud_core_waypoint_domination_fill_02
image,d#lmg_standard_t8_camo_none_icon
image,d#smg_handling_t8_camo_dlc3_board_shorts_icon
image,d#hash_12f11097e75467bf
image,d#sniper_powerbolt_t8_camo_mike_zm_icon
image,d#sniper_quickscope_t8_camo_dlc3_stealth_seal_icon
image,d#uie_ui_icon_callingcards_operations_precision_master_swords
image,d#hash_12fed9984b8ed628
image,#t7_loot_decal_icon_anchor2
image,#em_material_t7_camo_loot_dante_emissive
image,d#uie_ui_hud_notifications_pixelpattern
image,d#melee_secretsanta_t8_camo_echo_wz_icon
image,d#melee_secretsanta_t8_camo_dlc3_assassin_icon
image,d#smg_capacity_t8_camo_mike_icon
image,d#uie_ui_icon_callingcards_prestige_master_racoon_head
image,d#loot_ui_icon_callingcards_superheroes_03
image,d#loot_ui_icon_callingcards_superheroes_02
image,d#loot_ui_icon_callingcards_superheroes_01
image,d#loot_ui_icon_callingcards_superheroes_07
image,d#loot_ui_icon_callingcards_superheroes_06
image,d#loot_ui_icon_callingcards_superheroes_05
image,d#loot_ui_icon_callingcards_superheroes_04
image,d#ui_icon_mp_league_16_02b
image,d#hash_132fedddf8539a0d
image,d#ui_icon_mp_league_29_04
image,d#ui_icon_mp_league_29_01
image,d#ui_icon_mp_league_29_02
image,d#ui_icon_mp_league_29_03
image,d#tr_powersemi_t8_camo_delta_zm_icon
image,d#hash_13350c88bb81abc4
image,d#sniper_locus_t8_camo_india_wz_icon
image,d#uie_ui_icon_callingcards_zm_elixirs_talismans_beakers_glow
image,d#hash_134bec72aab52806
image,d#hash_135397e5cc9d55b5
image,d#loot03_ui_icon_blackmarket_item_shop_wingsuit_elvis
image,#ui_icon_perk_resistance_large
image,d#smg_folding_t8_camo_india_wz_icon
image,d#ar_damage_t8_camo_delta_icon
image,d#special_crossbow_t8_camo_darkmatter_02_icon
image,d#ui_icon_mp_league_15_02b_large
image,d#ui_icon_callingcards_wz_heroics_tbd_2
image,d#uie_ui_menu_callingcards_spacecowboy_bg
image,#hash_1373010acc48d62c
image,d#hash_139752350db6b310
image,d#ar_modular_t8_camo_foxtrot_wz_icon
image,d#melee_actionfigure_t8_camo_juliett_icon
image,d#lmg_standard_t8_camo_hotel_icon
image,d#ui_icon_weapon_special_ballistic_knife_render
image,d#special_ballisticknife_t8_dw_camo_mike_zm_icon
image,d#ui_icon_wildcard_secondarygunfighter01_large
image,d#uie_ui_menu_callingcards_circusclown_bg
image,#uie_t8_mp_scorestreaks
image,d#ar_peacekeeper_t8_camo_juliett_zm_icon
image,d#smg_capacity_t8_camo_hotel_icon
image,d#smg_fastfire_t8_camo_charlie_zm_icon
image,d#lmg_spray_t8_camo_golf_icon
image,d#loot_ui_icon_stickers_random_22_large
image,#hash_13c9b0809e7b21b9
image,d#launcher_standard_t8_camo_charlie_icon
image,d#pistol_standard_t8_camo_dlc3_board_shorts_icon
image,d#ar_fastfire_t8_camo_sig02_icon
image,d#tr_longburst_t8_camo_alfa_icon
image,d#hash_13e4fe04761094d0
image,d#hash_13e4ff0476109683
image,d#hash_13e5000476109836
image,d#hash_13e5030476109d4f
image,d#hash_13e5040476109f02
image,d#hash_13e505047610a0b5
image,d#sniper_damagesemi_t8_camo_alfa_icon
image,d#hash_13e89e55bb91be2d
image,d#sniper_powersemi_t8_camo_november_zm_icon
image,d#pistol_fullauto_t8_camo_delta_icon
image,d#sniper_quickscope_t8_camo_november_wz_icon
image,d#loot04_ui_icon_blackmarket_itemshop_bundle_dogfight
image,d#ui_icon_blackmarket_contracts_preview_triple_play_tall
image,d#pistol_burst_t8_camo_bravo_zm_icon
image,d#hash_1403790827ced775
image,d#sniper_damagesemi_t8_camo_november_icon
image,#menu_zm_popup
image,d#uie_car_smoke
image,d#shotgun_precision_t8_camo_gold_icon
image,d#uie_cc_vehicle01anim
image,d#shotgun_pump_t8_camo_mike_icon
image,d#pistol_standard_t8_camo_lima_zm_icon
image,d#ui_icon_mp_league_16_04_large
image,d#ui_icon_callingcards_mp_support_counter_intelligence
image,d#launcher_standard_t8_camo_juliett_zm_icon
image,d#melee_coinbag_t8_camo_echo_wz_icon
image,d#smg_fastburst_t8_camo_foxtrot_icon
image,d#hash_142c35485d2c5d0d
image,#em_material_t7_camo_loot_chameleon_shiny
image,d#uie_callingcards_mp_loot_master_background
image,d#ui_icon_meansofdeath_death_circle
image,d#hash_143b7c0b6824b957
image,d#ui_icon_callingcards_mp_dark_ops_nuked_out
image,d#ui_icon_callingcards_mp_bootcamp_marksman_stalkingprey
image,d#sniper_mini14_t8_camo_juliett_wz_icon
image,d#uie_ui_icon_callingcards_wz_darkops_master_background
image,d#ui_icon_callingcards_solo_raul_menenedez_savannah
image,d#ui_icon_mp_league_expert_gold
image,d#ar_fastfire_t8_camo_mike_zm_icon
image,d#hash_14766fcf28d00c1d
image,d#knife_loadout_camo_alfa_wz_icon
image,d#hash_1485d11a5c33346b
image,d#hash_14960fcec83c03ba
image,d#sniper_damagesemi_t8_camo_charlie_wz_icon
image,#uie_ui_icon_controller_radial_backer_hud
image,#t7_icon_emblem_decal_mech
image,d#ar_doublebarrel_t8_camo_lima_wz_icon
image,d#sniper_powersemi_t8_camo_mike_zm_icon
image,d#sniper_damagesemi_t8_camo_charlie_zm_icon
image,d#ui_icon_callingcards_mp_gamevictories_search_destroywins
image,d#tr_powersemi_t8_camo_india_zm_icon
image,d#hash_14ade80addae4c34
image,d#melee_cutlass_t8_camo_kilo_icon
image,d#tr_flechette_t8_camo_alfa_wz_icon
image,d#uie_ui_menu_callingcards_stpatricks_f1_bg
image,d#ar_doublebarrel_t8_camo_hotel_icon
image,d#sniper_quickscope_t8_camo_echo_icon
image,d#ui_icon_attachment_extendedmags2
image,d#smg_handling_t8_camo_foxtrot_zm_icon
image,d#knife_loadout_camo_foxtrot_wz_icon
image,#hash_14e3174a8b1a8fd5
image,d#melee_cutlass_t8_camo_bravo_zm_icon
image,d#hash_14ea14dbba8d15cd
image,d#smg_capacity_t8_camo_alfa_wz_icon
image,d#hash_14f28c79e92221d7
image,d#launcher_standard_t8_camo_bravo_wz_icon
image,d#uie_ui_icon_callingcards_zm_darkops_monks
image,d#hash_15045d1f77d432c9
image,d#sniper_quickscope_t8_camo_hotel_icon
image,d#sniper_powerbolt_t8_camo_november_zm_icon
image,d#ar_standard_t8_camo_dlc3_board_shorts_icon
image,d#special_crossbow_t8_camo_kilo_icon
image,d#smg_handling_t8_camo_golf_wz_icon
image,d#ui_icon_callingcards_mp_prestige_prestige_knight
image,d#tr_damageburst_t8_camo_hotel_icon
image,d#ui_icon_callingcards_mp_bootcamp_marksman_survivor
image,d#ui_icon_callingcards_mp_operations_killjoys_lightsout
image,d#ar_damage_t8_camo_golf_zm_icon
image,#hash_1539299a87814468
image,d#ar_standard_t8_camo_juliett_wz_icon
image,d#melee_actionfigure_t8_camo_india_icon
image,d#ar_damage_t8_camo_juliett_wz_icon
image,d#sniper_quickscope_t8_camo_mike_zm_icon
image,d#lmg_standard_t8_camo_echo_wz_icon
image,d#ui_icon_callingcards_zm_gauntlet_five_silver
image,d#melee_actionfigure_t8_camo_kilo_wz_icon
image,d#ui_icon_callingcards_wz_darkops_baller
image,d#sniper_damagesemi_t8_camo_november_zm_icon
image,#hash_15792e1f72128798
image,d#melee_zombiearm_t8_camo_kilo_icon
image,d#ui_icon_callingcards_wz_vehicular_road_trippin
image,#menu_social_friendlist_bnet_icon
image,#t7_loot_decal_icon_x1
image,#t7_loot_decal_icon_x2
image,#t7_loot_decal_icon_x3
image,#t7_loot_decal_icon_x4
image,#t7_loot_decal_icon_x5
image,d#uie_ui_menu_callingcards_postapocalyptic_light
image,d#ar_galil_t8_camo_juliett_wz_icon
image,d#smg_accurate_t8_camo_none_icon
image,d#hash_15a0a5b14987ec13
image,d#tr_powersemi_t8_camo_alfa_icon
image,d#loot_ui_icon_stickers_random_08_large
image,d#ar_doublebarrel_t8_camo_delta_icon
image,d#ar_damage_t8_camo_alfa_icon
image,d#pistol_revolver_t8_camo_charlie_zm_icon
image,d#sniper_quickscope_t8_camo_hotel_zm_icon
image,d#ui_icon_callingcards_mp_dark_ops_shrug_it_off
image,d#hash_15ce9ac6d61b640b
image,d#tr_flechette_t8_camo_lima_wz_icon
image,d#uie_ui_menu_callingcards_prestigemaster_effects
image,d#ar_accurate_t8_camo_active_kills_without_dying_wrapper_icon
image,d#ar_stealth_t8_camo_bravo_zm_icon
image,d#loot_ui_icon_stickers_cute_monsters_3_large
image,d#melee_amuletfist_t8_camo_hotel_wz_icon
image,d#melee_slaybell_t8_camo_hotel_wz_icon
image,d#ui_icon_callingcards_mp_marksman_pistol_marksman
image,d#ar_modular_t8_camo_kilo_icon
image,d#ar_peacekeeper_t8_camo_foxtrot_zm_icon
image,d#tr_midburst_t8_camo_golf_wz_icon
image,d#hash_15fa9918feccbf2d
image,d#shotgun_precision_t8_camo_golf_zm_icon
image,#hash_1604e507f17eda3f
image,#t7_loot_decal_viking_helmet
image,d#tr_damageburst_t8_camo_lima_wz_icon
image,d#ui_icon_mp_league_05_02b
image,d#ui_icon_callingcards_wz_survivalist_team_player
image,d#loot_ui_icon_sticker_torque_warrior_03_large
image,d#melee_zombiearm_t8_camo_hotel_icon
image,d#uie_grunt_radio
image,d#ar_standard_t8_camo_mike_wz_icon
image,d#hash_163c6d038498a987
image,#menu_camo_speed6_pattern
image,d#uie_ui_menu_common_stripes01
image,d#ui_icon_wildcard_secondaryopperatormod_large
image,#em_gold
image,d#melee_cutlass_t8_camo_echo_icon
image,#hash_1662c658bacc7f64
image,d#lmg_standard_t8_camo_dlc3_blowfish_icon
image,d#smg_standard_t8_camo_bravo_wz_icon
image,d#hash_167f9efe4b56d67f
image,d#ar_stealth_t8_camo_delta_icon
image,#t7_icons_controller_ltwhite
image,#em_material_t7_camo_loot_snowblo_green
image,d#ui_icon_attachment_burstfire
image,d#ui_icon_mp_league_11_04
image,d#ui_icon_mp_league_11_03
image,d#ui_icon_mp_league_11_02
image,d#ui_icon_mp_league_11_01
image,d#ar_modular_t8_camo_mike_zm_icon
image,d#loot_ui_icon_stickers_random_26_large
image,d#hash_16a21fa8b9005f90
image,d#hash_16a222a8b90064a9
image,d#hash_16a7faee68094ad8
image,#hash_16ad3928981f6ac2
image,d#lmg_heavy_t8_camo_delta_wz_icon
image,#uie_t7_blackmarket_keyglow_gold
image,d#smg_folding_t8_camo_delta_icon
image,d#sniper_damagesemi_t8_camo_foxtrot_zm_icon
image,#ui_icon_emblems_droplet
image,#ui_icon_emblems_capsule
image,d#hash_16df30d801dcd28d
image,#uie_ui_hud_vehicle_hellstorm_repeat_plusgrid
image,d#ui_icon_callingcards_mp_specialized_nice
image,d#melee_demohammer_t8_camo_lima_zm_icon
image,d#uie_dragon_flame
image,d#ar_peacekeeper_t8_camo_kilo_zm_icon
image,d#hash_16f8b4a8b0da9df5
image,d#ui_icon_callingcards_solo_dr_savanna_meyer
image,d#melee_demohammer_t8_camo_echo_icon
image,d#ui_icon_callingcards_wz_professional_master
image,#ui_icon_perk_engineer_large
image,d#ui_icon_meansofdeath_hit_by_object_xl
image,d#melee_amuletfist_t8_camo_november_zm_icon
image,d#pistol_revolver_t8_camo_charlie_icon
image,d#hash_170ce4ca33f53d1e
image,d#melee_actionfigure_t8_camo_november_zm_icon
image,d#uie_ui_icon_callingcards_mp_bootcamp_marksman_master_dude
image,d#hash_1716e09453438b42
image,#uie_pc_igrevent_weekprogression_week_bg
image,d#tr_powersemi_t8_camo_active_dlc3_mystic_01_icon
image,d#loot_ui_icon_sticker_ruin_warrior_02_large
image,d#ui_icon_hero_annihilator_mp
image,d#lmg_stealth_t8_camo_golf_wz_icon
image,#hash_172313200982ae75
image,d#smg_vmp_t8_camo_echo_zm_icon
image,#t7_icon_emblem_skullwings
image,d#smg_folding_t8_camo_bravo_zm_icon
image,d#smg_accurate_t8_camo_mike_icon
image,d#hash_17378747fae53f4e
image,d#hash_17378d69a5538539
image,d#hash_1737f2a72f2f649b
image,d#ui_icon_mp_league_25_02_large
image,d#lmg_standard_t8_camo_delta_wz_icon
image,d#uie_ui_icon_callingcards_loot_cowboysandmonsters_fish
image,d#ar_fastfire_t8_camo_active_dlc3_mystic_01_icon
image,d#smg_minigun_t8_camo_india_icon
image,d#melee_coinbag_t8_camo_foxtrot_wz_icon
image,d#sniper_powerbolt_t8_camo_hotel_icon
image,#ui_icon_emblems_arrow
image,d#hash_1763c7f913d1ad0f
image,d#melee_secretsanta_t8_camo_dlc3_board_shorts_icon
image,d#melee_cutlass_t8_camo_hotel_zm_icon
image,#uie_t7_menu_frontend_barfocussolidfull
image,d#hash_176d43b8de19f9b0
image,d#tr_midburst_t8_camo_lima_wz_icon
image,d#hash_177d46cf3e0b5135
image,d#hash_1784f7b76cd28d67
image,d#pistol_standard_t8_camo_charlie_zm_icon
image,d#uie_streetlights_flipbook
image,d#pistol_fullauto_t8_camo_echo_zm_icon
image,d#smg_fastfire_t8_camo_dlc3_blowfish_icon
image,d#melee_slaybell_t8_camo_delta_zm_icon
image,d#hash_17a079eddb52a8c7
image,d#ui_icon_callingcards_league_rank_5
image,d#hash_17a6a4df5c3cfd11
image,d#hash_17b294cc9a5a3bab
image,d#uie_callingcards_mp_loot_master_lionwing
image,d#smg_vmp_t8_camo_charlie_zm_icon
image,d#hash_17bb8a78af5b0e9b
image,#ui_icon_bo4_overlay
image,d#melee_coinbag_t8_camo_juliett_icon
image,d#sniper_damagesemi_t8_camo_kilo_icon
image,d#hash_17c6b1c62e3535dc
image,d#uie_ui_menu_callingcards_warriorcreatures_shield
image,d#ui_icon_callingcards_wz_heroics_master
image,d#hash_17ce5eebb16b2e6c
image,d#ui_icon_mp_league_05_02_large
image,d#sniper_powersemi_t8_camo_delta_wz_icon
image,d#hash_17d374b3e0e8deee
image,d#ui_icon_callingcards_mp_prestige_prestige_samurai
image,#uie_t7_icon_network_packet1
image,#uie_t7_icon_network_packet2
image,#uie_t7_icon_network_packet3
image,d#smg_accurate_t8_camo_echo_icon
image,d#ar_galil_t8_camo_kilo_icon
image,#em_tin_star01
image,d#pistol_revolver_t8_camo_november_icon
image,d#tr_powersemi_t8_camo_mike_zm_icon
image,d#hash_180efb3b1f2be228
image,d#sniper_powersemi_t8_camo_lima_wz_icon
image,#menu_social_friendlist_diablo3_icon
image,d#ar_fastfire_t8_camo_india_wz_icon
image,d#pistol_fullauto_t8_camo_mike_wz_icon
image,d#hash_1825d591a54fac81
image,d#ui_icon_callingcards_mp_bootcamp_field_specialist
image,d#special_ballisticknife_t8_dw_camo_darkmatter_02_icon
image,d#ui_icon_mp_league_21_02_large
image,d#pistol_burst_t8_camo_foxtrot_wz_icon
image,d#ui_icon_callingcard_mcfarlane_ruin
image,d#hash_183d05d18a224bed
image,d#lmg_standard_t8_camo_charlie_icon
image,#uie_t7_menu_cacselection_checkbox_empty
image,d#ui_icon_callingcards_mp_operations_precision_farsighted
image,d#hash_1862623754b7908b
image,d#lmg_heavy_t8_camo_charlie_wz_icon
image,d#melee_actionfigure_t8_camo_echo_zm_icon
image,d#hash_186d825547b2f9d7
image,d#lmg_spray_t8_camo_bravo_icon
image,d#ui_icon_callingcards_mp_career_game_heroics_master
image,#ui_icon_perk_coldblooded_large
image,d#ui_icon_callingcards_mp_specialized_double_time
image,#hash_188b45f385d83689
image,#em_phone01
image,d#uie_blood_spray2
image,d#special_crossbow_t8_camo_foxtrot_wz_icon
image,#em_ninja_mask01
image,d#sniper_mini14_t8_camo_gold_icon
image,d#hash_189ba7728bd30896
image,d#ui_icon_callingcards_zm_prestige_infinitysnake
image,d#ar_galil_t8_camo_foxtrot_icon
image,d#smg_handling_t8_camo_dlc2_blue_up_icon
image,d#melee_amuletfist_t8_camo_golf_zm_icon
image,d#uie_callingcards_survivalist_master_particles
image,d#uie_ui_icon_callingcards_wz_darkops_master_char_bullet_ups
image,#t7_loot_decal_icon_pharaoh
image,#hash_18c2b690056d5a99
image,d#pistol_fullauto_t8_camo_foxtrot_zm_icon
image,d#hash_18c848bd8e5b3912
image,d#uie_godrays
image,#uie_img_t7_menu_startmenu_option_lines_durango_theater
image,d#ui_icon_weapon_ar_fastfire_view_xl
image,d#uie_ui_icon_callingcards_bootcamp_master_moon
image,#t7_loot_decal_zombie
image,d#shotgun_precision_t8_camo_bravo_zm_icon
image,d#ar_accurate_t8_camo_active_dlc2_apb_wrapper_icon
image,d#hash_18f14609d5578644
image,d#ui_icon_callingcards_zm_gauntlet_unsinkable_silver
image,d#shotgun_semiauto_t8_camo_india_zm_icon
image,d#ar_an94_t8_camo_echo_zm_icon
image,d#ui_icon_callingcards_mp_gamevictories_shutout
image,d#lmg_heavy_t8_camo_bravo_icon
image,d#uie_city_lights
image,#em_material_copper
image,d#hash_19150616872a7dbc
image,d#uie_ui_menu_social_common_arrow
image,d#hash_191cb6bfcf284694
image,d#sniper_quickscope_t8_camo_dlc3_assassin_icon
image,d#shotgun_pump_t8_camo_november_wz_icon
image,d#smg_fastfire_t8_camo_november_icon
image,d#hash_193a00ab5bacb658
image,d#sniper_powersemi_t8_camo_mike_icon
image,d#hash_1942fb4c6b8d5665
image,d#hash_194414e3405b163e
image,d#ui_icon_mp_league_27_04_large
image,d#hash_1950d171e4f910f9
image,d#hash_1953ba08f3bc6f5a
image,d#tr_longburst_t8_camo_november_wz_icon
image,d#ui_icon_zm_calling_tasks_grenade
image,d#sniper_locus_t8_camo_foxtrot_zm_icon
image,#em_material_blue_anodized
image,d#loot_ui_icon_stickers_synth_6_large
image,#em_shape_tube01_half
image,d#loot_ui_icon_callingcards_shamrockandawe_01
image,d#hash_197bbb0a109e986a
image,d#sniper_mini14_t8_camo_charlie_zm_icon
image,d#sniper_powerbolt_t8_camo_juliett_icon
image,d#uie_ui_icon_callingcards_backout_100percent_helicopter
image,d#ui_icon_callingcards_zm_gauntlet_mansion_gold
image,d#special_crossbow_t8_camo_charlie_zm_icon
image,d#tr_longburst_t8_camo_kilo_icon
image,d#hash_1998d47e2118766a
image,#t7_decal_icon_neweye
image,d#hash_199c31094c2783c0
image,d#hash_19a415d7ae531245
image,d#ui_icon_callingcards_mp_prestige_equipment_insurancepolicy
image,d#sniper_powerbolt_t8_camo_alfa_icon
image,d#ui_icon_callingcards_loot_cowboysandmonsters_card6
image,d#ui_icon_callingcards_loot_cowboysandmonsters_card7
image,d#ui_icon_callingcards_loot_cowboysandmonsters_card4
image,d#ui_icon_callingcards_loot_cowboysandmonsters_card5
image,d#ui_icon_callingcards_loot_cowboysandmonsters_card2
image,d#ui_icon_callingcards_loot_cowboysandmonsters_card3
image,d#ui_icon_callingcards_loot_cowboysandmonsters_card1
image,d#ui_icon_callingcards_mp_support_incognito
image,d#sniper_locus_t8_camo_juliett_wz_icon
image,d#smg_capacity_t8_camo_mike_zm_icon
image,d#ar_peacekeeper_t8_camo_alfa_zm_icon
image,d#shotgun_precision_t8_camo_kilo_wz_icon
image,d#hash_19d54448f892cf77
image,d#ui_icon_weapon_special_crossbow_render
image,d#ui_icon_callingcards_wz_vehicular_scaundrel
image,d#hash_19e4eeff9d420c85
image,#menu_social_friendlist_s1_icon
image,d#loot_ui_icon_stickers_cop_crash
image,d#special_crossbow_t8_camo_foxtrot_zm_icon
image,d#melee_demohammer_t8_camo_golf_wz_icon
image,d#hash_1a08a41b4ceba2e0
image,d#uie_ui_menu_contracts_ring_complete
image,#51_centennial
image,d#ui_icon_callingcards_mp_bootcamp_stalkingprey
image,d#hash_1a13e755daa137d0
image,d#hash_1a15336cfb3ae9ce
image,d#ar_accurate_t8_camo_active_dlc2_zombie_flick_wrapper_icon
image,d#smg_fastburst_t8_camo_mike_wz_icon
image,d#hash_1a1d101ec68940f6
image,d#hash_1a20f7263fb1d44b
image,d#uie_ui_icon_callingcards_marksman_master_background
image,#hash_1a26db0ca8e3cae0
image,d#pistol_standard_t8_camo_none_icon
image,d#shotgun_semiauto_t8_camo_echo_zm_icon
image,d#ui_icon_callingcards_mp_prestige_efficiency_shredded
image,#hash_1a29576a956948a7
image,d#pistol_burst_t8_camo_juliett_zm_icon
image,d#ui_icon_callingcards_mp_career_game_heroics_the_best_around
image,#hash_1a3894fd56265e13
image,d#sniper_fastrechamber_t8_camo_lima_zm_icon
image,d#ui_icon_callingcards_wz_heroics_this_is_just_cruel
image,d#ui_icon_mp_league_13_01
image,d#ui_icon_mp_league_13_03
image,d#ui_icon_mp_league_13_02
image,d#ui_icon_mp_league_13_04
image,d#hash_1a4671a6da211c5b
image,d#ui_icon_callingcards_betawarrior
image,d#lmg_stealth_t8_camo_juliett_icon
image,d#uie_ui_icon_callingcards_mp_prestige_prestige_badass_background
image,d#hash_1a63ad76a07b5bb5
image,d#hash_1a63bb8fcafccb84
image,d#ar_stealth_t8_camo_mike_icon
image,d#ui_icon_mp_league_28_03_large
image,#hash_1a70c28e430688e5
image,d#melee_zombiearm_t8_camo_lima_zm_icon
image,d#ar_galil_t8_camo_bravo_zm_icon
image,d#ui_icon_callingcards_mp_support_actionable_intel
image,d#melee_coinbag_t8_camo_juliett_zm_icon
image,d#hash_1a9144915a4e89b0
image,d#hash_1a9145915a4e8b63
image,d#hash_1a9147915a4e8ec9
image,d#pistol_burst_t8_camo_gold_icon
image,d#hash_1a994c621186678c
image,d#shotgun_precision_t8_camo_alfa_icon
image,d#ui_icon_attachment_elo
image,d#pistol_fullauto_t8_camo_kilo_wz_icon
image,#em_pistol_perfect
image,d#loot_ui_icon_stickers_pixel_warriors_6_large
image,d#ar_galil_t8_camo_delta_wz_icon
image,d#hash_1ab22bb976f73eda
image,d#sniper_powersemi_t8_camo_gold_icon
image,d#smg_capacity_t8_camo_dlc2_street_race_icon
image,d#hash_1ab8019de1534d28
image,d#ui_icon_callingcards_loot_ancientmonsters_03
image,d#ui_icon_callingcards_loot_ancientmonsters_02
image,d#ui_icon_callingcards_loot_ancientmonsters_01
image,d#ui_icon_callingcards_loot_ancientmonsters_06
image,d#ui_icon_callingcards_loot_ancientmonsters_05
image,d#ui_icon_callingcards_loot_ancientmonsters_04
image,d#smg_standard_t8_camo_dlc3_assassin_icon
image,d#smg_minigun_t8_camo_darkmatter_02_icon
image,d#sniper_fastrechamber_t8_camo_mike_icon
image,#hash_1acbdc051d85f4a8
image,d#hash_1acfc0046503e008
image,d#tr_damageburst_t8_camo_foxtrot_icon
image,d#ui_icon_mp_league_gem_expert
image,d#melee_actionfigure_t8_camo_november_wz_icon
image,d#lmg_stealth_t8_camo_juliett_wz_icon
image,d#uie_light_blur
image,d#ar_doublebarrel_t8_camo_bravo_icon
image,d#hash_1af59e5b25050589
image,d#ui_icon_callingcards_mp_gamevictories_baseassaultwins
image,d#lmg_stealth_t8_camo_juliett_zm_icon
image,d#ar_standard_t8_camo_golf_zm_icon
image,d#ui_icon_mp_league_14_02b_large
image,d#lmg_standard_t8_camo_india_zm_icon
image,d#ui_icon_mp_league_24_04_large
image,d#smg_standard_t8_camo_alfa_icon
image,d#hash_1b1300f59d64684e
image,#uie_t7_mp_menu_startflow_meterfill
image,d#melee_secretsanta_t8_camo_india_wz_icon
image,d#hash_1b2646160d590579
image,#em_shape_scribble01
image,d#knife_loadout_camo_juliett_wz_icon
image,d#smg_fastburst_t8_camo_juliett_zm_icon
image,d#hash_1b34ee29dbbf61ad
image,d#lmg_heavy_t8_camo_lima_icon
image,d#uie_ui_menu_callingcards_steampunk_lefthand
image,d#ar_stealth_t8_camo_lima_icon
image,d#knife_loadout_camo_charlie_wz_icon
image,d#uie_ui_menu_common_tab_end_right
image,d#ui_icon_mp_league_elite_gold_large
image,d#hash_1b5fb461775ae76e
image,d#melee_stopsign_t8_camo_golf_icon
image,#em_biohazard_full
image,d#smg_capacity_t8_camo_active_dlc3_mystic_01_icon
image,d#sniper_powerbolt_t8_camo_bravo_wz_icon
image,d#ui_menu_popups_toastnotification_icon_fail
image,d#uie_vortex_background
image,d#ar_standard_t8_camo_bravo_wz_icon
image,#uie_t7_menu_frontend_listsubheadpanelfull
image,d#ar_accurate_t8_camo_alfa_wz_icon
image,d#hash_1b8d576bd3ea244f
image,d#ui_icon_stickers_gauntlet_deathconfive
image,d#melee_stopsign_t8_camo_juliett_icon
image,#menu_camo_heatstroke_emissive_pattern
image,d#ar_damage_t8_camo_november_wz_icon
image,d#uie_ui_icon_callingcards_mp_prestige_prestige_badass_skull
image,d#lmg_heavy_t8_camo_india_zm_icon
image,d#sniper_damagesemi_t8_camo_mike_zm_icon
image,#em_shape_diamond02
image,d#special_ballisticknife_t8_dw_camo_juliett_wz_icon
image,d#uie_ui_icon_callingcards_wz_darkops_master_char_shoot
image,d#melee_demohammer_t8_camo_juliett_icon
image,d#loot_ui_icon_stickers_misc_9
image,d#loot_ui_icon_stickers_misc_8
image,d#loot_ui_icon_stickers_misc_5
image,d#loot_ui_icon_stickers_misc_4
image,d#loot_ui_icon_stickers_misc_7
image,d#loot_ui_icon_stickers_misc_6
image,d#loot_ui_icon_stickers_misc_1
image,d#loot_ui_icon_stickers_misc_3
image,d#loot_ui_icon_stickers_misc_2
image,d#shotgun_semiauto_t8_camo_hotel_zm_icon
image,d#tr_longburst_t8_camo_charlie_icon
image,d#ui_icon_callingcards_mp_weapon_proficiency_assault_rifle_kills
image,d#sniper_mini14_t8_camo_darkmatter_icon
image,#menu_camo_fear_pattern
image,d#ui_icon_mp_league_13_04_large
image,d#hash_1bde5e574e960b37
image,d#hash_1be1215aa6404df4
image,d#pistol_standard_t8_camo_juliett_icon
image,d#hash_1be7378562712a50
image,#uie_t7_menu_frontend_barfocusfull
image,d#knife_loadout_camo_bravo_zm_icon
image,d#shotgun_fullauto_t8_camo_golf_wz_icon
image,d#melee_club_t8_camo_bravo_wz_icon
image,d#ui_icon_callingcards_zm_elixirs_talismans_08
image,d#ui_icon_callingcards_zm_elixirs_talismans_09
image,d#ui_icon_callingcards_zm_elixirs_talismans_04
image,d#ui_icon_callingcards_zm_elixirs_talismans_05
image,d#ui_icon_callingcards_zm_elixirs_talismans_06
image,d#ui_icon_callingcards_zm_elixirs_talismans_07
image,d#ui_icon_callingcards_zm_elixirs_talismans_01
image,d#ui_icon_callingcards_zm_elixirs_talismans_02
image,d#ui_icon_callingcards_zm_elixirs_talismans_03
image,d#sniper_damagesemi_t8_camo_lima_wz_icon
image,#em_dem_synch_attack
image,d#ui_icon_callingcards_zm_elixirs_talismans_13
image,d#ui_icon_callingcards_zm_elixirs_talismans_12
image,d#ui_icon_callingcards_zm_elixirs_talismans_11
image,d#ui_icon_callingcards_zm_elixirs_talismans_10
image,d#hash_1bf5b8e66281677a
image,d#hash_1c0baa4a400e5ffb
image,#t7_icons_controller_rtwhite
image,d#shotgun_pump_t8_camo_juliett_zm_icon
image,d#uie_dino
image,d#uie_callingcards_global_master_placeholder_dragonmouth_open
image,d#tr_powersemi_t8_camo_bravo_icon
image,d#shotgun_precision_t8_camo_mike_icon
image,d#sniper_powersemi_t8_camo_echo_zm_icon
image,d#tr_damageburst_t8_camo_juliett_zm_icon
image,d#hash_1c35333ea3472c3a
image,#voice_on_dim
image,d#ui_icon_callingcards_mp_weapon_proficiency_career_headshots
image,d#sniper_fastrechamber_t8_camo_gold_icon
image,d#melee_cutlass_t8_camo_alfa_wz_icon
image,#uie_tooltipborder_9s
image,d#ui_icon_blackmarket_store_tile_focus_01
image,d#ui_icon_blackmarket_store_tile_focus_02
image,d#ui_icon_blackmarket_store_tile_focus_03
image,d#ui_icon_blackmarket_store_tile_focus_04
image,d#ui_icon_blackmarket_store_tile_focus_05
image,d#ui_icon_blackmarket_store_tile_focus_06
image,d#ui_icon_blackmarket_store_tile_focus_08
image,d#ui_icon_blackmarket_store_tile_focus_09
image,d#smg_fastburst_t8_camo_bravo_icon
image,#uie_t7_toast_backer_top
image,d#ar_an94_t8_camo_gold_icon
image,#uie_t7_icon_menu_options_arrow
image,d#special_crossbow_t8_camo_delta_wz_icon
image,d#uie_ui_icon_callingcards_mp_bootcamp_marksman_master_background
image,#uie_t7_menu_frontend_iconmodemp
image,d#ui_icon_meansofdeath_melee
image,d#melee_secretsanta_t8_camo_mike_icon
image,d#melee_slaybell_t8_camo_charlie_icon
image,d#ar_galil_t8_camo_mike_zm_icon
image,d#tr_powersemi_t8_camo_dlc3_stealth_seal_icon
image,d#uie_ui_icon_callingcards_zm_darkops_background
image,d#pistol_standard_t8_camo_mike_wz_icon
image,d#hash_1c8756afa4400233
image,d#melee_zombiearm_t8_camo_november_wz_icon
image,d#hash_1c8e95e77518e7b1
image,d#hash_1c905cc4ebf687bd
image,d#ui_icon_callingcards_mp_scorestreak_airassault_warthogkills
image,#uie_t7_menu_frontend_iconmodecp
image,d#smg_vmp_t8_camo_juliett_icon
image,d#ar_fastfire_t8_camo_kilo_zm_icon
image,d#special_ballisticknife_t8_dw_camo_kilo_zm_icon
image,d#hash_1c9eadc72e9c342d
image,d#ui_icon_mp_league_11_02b_large
image,d#hash_1ca2448ea62f942c
image,d#ar_peacekeeper_t8_camo_darkmatter_02_icon
image,d#ar_an94_t8_camo_hotel_zm_icon
image,d#melee_slaybell_t8_camo_india_icon
image,#uie_t7_menu_frontend_iconmodezm
image,d#melee_cutlass_t8_camo_darkmatter_02_icon
image,d#uie_ui_icon_callingcards_operations_precision_master_bg
image,d#melee_zombiearm_t8_camo_mike_wz_icon
image,d#loot_ui_icon_stickers_random_23_large
image,d#ui_icon_attachment_smg_accurate_opmod_wildfire
image,#em_material_t7_camo_ashcraft
image,d#uie_ui_icon_callingcards_operations_humiliation_unforgiving_bandanna
image,d#melee_coinbag_t8_camo_alfa_icon
image,d#smg_fastfire_t8_camo_alfa_wz_icon
image,d#hash_1cf636b90247add2
image,d#hash_1cfc92e66d9012f2
image,d#ui_icon_zm_calling_tasks_lmg
image,#t7_loot_decal_lion_crest
image,d#melee_coinbag_t8_camo_darkmatter_icon
image,d#ar_an94_t8_camo_lima_icon
image,d#ui_icon_attachment_iron_sights
image,#hash_1d3059b58147283c
image,d#tr_flechette_t8_camo_november_icon
image,d#melee_secretsanta_t8_camo_charlie_icon
image,d#pistol_burst_t8_camo_golf_icon
image,#hash_1d368657d89e60eb
image,d#uie_ui_icon_callingcards_dystopian_arm
image,d#hash_1d3d54b1e19a13c0
image,d#hash_1d42f2e8e8884dd8
image,d#ar_modular_t8_camo_dlc3_board_shorts_icon
image,d#ui_icon_mp_league_20_04
image,d#ui_icon_mp_league_20_03
image,d#ui_icon_mp_league_20_02
image,d#ui_icon_mp_league_20_01
image,#t7_loot_decal_icon_crest
image,d#hash_1d4c178162c7ad94
image,d#ar_accurate_t8_camo_foxtrot_icon
image,#menu_camo_ardent_pattern
image,d#smg_vmp_t8_camo_golf_zm_icon
image,d#hash_1d608fb48d6b1a05
image,d#hash_1d70a437d97c9dfc
image,d#smg_vmp_t8_camo_foxtrot_icon
image,#t7_decal_icon_ufo
image,d#ui_icon_mp_league_20_02_large
image,d#melee_secretsanta_t8_camo_bravo_icon
image,d#ui_icon_callingcards_wz_vehicular_tbd
image,d#tr_powersemi_t8_camo_none_icon
image,d#ui_icon_attachment_adsreloader
image,d#sniper_quickscope_t8_camo_dlc2_street_race_icon
image,d#smg_standard_t8_camo_dlc3_stealth_seal_icon
image,d#hash_1dadc6b5277b5dd2
image,#em_streak_hikacked_kills
image,#dots_top_bottom_fade
image,d#ui_icon_callingcards_mp_dark_ops_fire_with_fire
image,d#hash_1dbf605644f91518
image,d#hash_1dc4de8214c726c4
image,d#hash_1dc5cd4588e7626a
image,d#melee_demohammer_t8_camo_foxtrot_icon
image,d#ar_galil_t8_camo_india_wz_icon
image,d#ar_stealth_t8_camo_active_dlc2_retro_vegas_neon_wrapper_icon
image,#hash_1dce55629d1a30bc
image,d#tr_damageburst_t8_camo_kilo_zm_icon
image,d#smg_capacity_t8_camo_india_wz_icon
image,#t7_icons_controller_ls
image,d#ar_standard_t8_camo_delta_icon
image,d#ui_icon_mp_league_08_04
image,d#ui_icon_mp_league_08_01
image,d#ui_icon_mp_league_08_03
image,d#ui_icon_mp_league_08_02
image,d#ar_stealth_t8_camo_gold_icon
image,#t7_icons_controller_rs
image,d#melee_coinbag_t8_camo_lima_icon
image,d#hash_1de963d728da84c1
image,#53_sleuth
image,d#smg_accurate_t8_camo_mike_wz_icon
image,d#tr_flechette_t8_camo_india_icon
image,d#sniper_mini14_t8_camo_india_icon
image,d#uie_rock_float
image,d#hash_1df2f1e66d22cfb7
image,d#hash_1df39bd0a44a03d1
image,d#ar_standard_t8_camo_charlie_wz_icon
image,d#melee_amuletfist_t8_camo_charlie_wz_icon
image,d#shotgun_fullauto_t8_camo_dlc3_board_shorts_icon
image,d#uie_callingcards_global_master_dragonbackwing
image,d#ui_icon_callingcards_mp_career_gamevictories_teamdeathmacthwin
image,d#ui_icon_callingcards_mp_prestige_wildcards_perk_1_gluttony
image,d#ui_icon_callingcards_mp_prestige_equipment_concussion
image,d#melee_amuletfist_t8_camo_charlie_zm_icon
image,#hash_1e10410bf5dabaea
image,d#hash_1e14350e911e5526
image,d#lmg_heavy_t8_camo_dlc3_stealth_seal_icon
image,d#tr_damageburst_t8_camo_golf_zm_icon
image,d#uie_ui_icon_global_lock
image,d#loot_ui_icon_stickers_skate_1_large
image,d#smg_fastfire_t8_camo_lima_wz_icon
image,#menu_cac_none
image,#hash_1e2cd55260853fa0
image,#ui_icon_perk_skulker_large
image,d#tr_powersemi_t8_camo_charlie_icon
image,d#special_crossbow_t8_camo_echo_wz_icon
image,d#smg_accurate_t8_camo_bravo_icon
image,d#uie_ui_menu_callingcards_surrealistlandscape_stairs
image,d#knife_loadout_camo_dlc2_blue_up_icon
image,d#ar_an94_t8_camo_hotel_icon
image,d#smg_minigun_t8_camo_hotel_wz_icon
image,d#hash_1e59303d6c27796a
image,d#hash_1e5ba786f58d8a47
image,d#ui_icon_callingcards_mp_prestige_perks_master
image,d#sniper_damagesemi_t8_camo_echo_wz_icon
image,d#hash_1e651ed39e161a2a
image,d#ar_doublebarrel_t8_camo_kilo_icon
image,d#melee_zombiearm_t8_camo_juliett_zm_icon
image,d#uie_plane_fx_03
image,d#uie_plane_fx_02
image,d#uie_plane_fx_04
image,d#ui_icon_attachment_smgcapacity_opmod_beltfed
image,d#ar_galil_t8_camo_alfa_wz_icon
image,d#ar_an94_t8_camo_juliett_zm_icon
image,d#shotgun_fullauto_t8_camo_kilo_zm_icon
image,d#tr_powersemi_t8_camo_kilo_zm_icon
image,d#ar_accurate_t8_camo_dlc3_blowfish_icon
image,d#pistol_revolver_t8_camo_lima_icon
image,#hash_1e9665946f4d5738
image,d#ui_icon_attachment_bayonet
image,d#special_crossbow_t8_camo_gold_icon
image,d#hash_1ea828874302f33d
image,d#tr_longburst_t8_camo_foxtrot_icon
image,d#ar_damage_t8_camo_golf_icon
image,d#loot02_ui_icon_stickers_voodoodolls_6
image,d#loot02_ui_icon_stickers_voodoodolls_5
image,d#loot02_ui_icon_stickers_voodoodolls_4
image,d#loot02_ui_icon_stickers_voodoodolls_3
image,d#loot02_ui_icon_stickers_voodoodolls_2
image,d#loot02_ui_icon_stickers_voodoodolls_1
image,d#melee_coinbag_t8_camo_mike_zm_icon
image,d#smg_handling_t8_camo_none_icon
image,d#special_ballisticknife_t8_dw_camo_alfa_wz_icon
image,d#lmg_heavy_t8_camo_kilo_wz_icon
image,d#hash_1ec85236b997c587
image,#hash_1ec977124bba1a7e
image,d#melee_coinbag_t8_camo_delta_zm_icon
image,d#pistol_standard_t8_camo_alfa_icon
image,d#hash_1ed269daa83bec80
image,d#smg_handling_t8_camo_bravo_wz_icon
image,d#smg_fastfire_t8_camo_lima_icon
image,d#hash_1ee0a755f92830af
image,d#shotgun_pump_t8_camo_dlc2_blue_up_icon
image,d#loot_ui_icon_stickers_pixel_warriors_5_large
image,d#sniper_fastrechamber_t8_camo_november_zm_icon
image,d#melee_cutlass_t8_camo_golf_wz_icon
image,#hash_1efb1460673a658d
image,d#ui_icon_callingcards_wz_vehicular_daring_exploits
image,d#loot_ui_icon_stickers_random_41_large
image,d#hash_1f065a72f884e80a
image,d#uie_ui_menu_store_focus_frame_white
image,d#ar_galil_t8_camo_charlie_wz_icon
image,#faction_axis_sm
image,d#loot_ui_icon_stickers_monsterjunkfood_6_large
image,d#tr_powersemi_t8_camo_delta_icon
image,d#tr_longburst_t8_camo_foxtrot_wz_icon
image,d#smg_fastfire_t8_camo_mike_icon
image,#uie_pc_igrevent_progression_time_background
image,d#hash_1f31d5fdbada0473
image,d#ui_icon_mp_league_09_01_large
image,d#uie_ui_icon_callingcards_prestige_master_racoon_rarm
image,d#sniper_damagesemi_t8_camo_delta_wz_icon
image,d#sniper_damagesemi_t8_camo_lima_zm_icon
image,d#smg_fastburst_t8_camo_golf_wz_icon
image,d#melee_slaybell_t8_camo_kilo_zm_icon
image,d#hash_1f46284b7f61debe
image,d#loot_ui_icon_stickers_cute_creepy_6_large
image,d#ui_icon_callingcards_mp_specialized_dueces
image,d#hash_1f67c5a735a7c316
image,#t7_decal_icon_fox
image,d#ui_icon_weapon_pistol_burst_render_xl
image,d#loot_ui_icon_callingcards_steampunk_warriors_01
image,d#loot_ui_icon_callingcards_steampunk_warriors_02
image,d#loot_ui_icon_callingcards_steampunk_warriors_03
image,d#loot_ui_icon_callingcards_steampunk_warriors_04
image,d#loot_ui_icon_callingcards_steampunk_warriors_05
image,d#loot_ui_icon_callingcards_steampunk_warriors_06
image,d#ar_fastfire_t8_camo_hotel_zm_icon
image,#em_material_t7_camo_loot_integer_purple
image,#hash_1fa2283fa1a27106
image,d#ui_icon_callingcards_solo_savannah_angle_of_death
image,d#hash_1fac7f2b9b614095
image,d#hash_1fbd8677e7f97679
image,d#ar_peacekeeper_t8_camo_india_wz_icon
image,#hash_1fc5c06afcae7380
image,d#uie_ui_icon_callingcards_mp_prestige_prestige_badass_mouth_closed
image,d#ar_accurate_t8_camo_active_dlc3_mystic_01_icon
image,d#ui_icon_mp_league_06_03
image,d#ui_icon_mp_league_06_02
image,d#ui_icon_mp_league_06_01
image,d#ui_icon_callingcards_mp_ground_assault_ground_kills
image,d#tr_powersemi_t8_camo_charlie_zm_icon
image,d#ui_icon_mp_league_17_01_large
image,#hash_1fdfa6ea3cbe57c4
image,d#ui_icon_attachment_grip
image,#uie_accept_icon
image,d#ui_icon_meansofdeath_death_circle_xl
image,d#ui_icon_zm_calling_tasks_wallbuys
image,d#uie_ufo
image,d#hash_1ff35e5f3948f398
image,d#hash_1ff4709110480270
image,d#hash_1ff4719110480423
image,d#hash_1ff47291104805d6
image,d#hash_1ff4739110480789
image,d#hash_1ff474911048093c
image,d#hash_1ff4759110480aef
image,d#hash_1ff4769110480ca2
image,d#melee_demohammer_t8_camo_delta_icon
image,d#sniper_mini14_t8_camo_november_zm_icon
image,d#uie_ui_menu_callingcards_surrealistlandscape_glow
image,d#ui_icon_mp_league_26_02b_large
image,d#sniper_fastrechamber_t8_camo_dlc3_blowfish_icon
image,d#smg_folding_t8_camo_gold_icon
image,#hash_200f0950c9a409f6
image,#96_fetch
image,d#smg_accurate_t8_camo_lima_icon
image,d#sniper_powerbolt_t8_camo_kilo_icon
image,d#uie_ui_menu_customgame_indicator_focused
image,d#pistol_burst_t8_camo_foxtrot_icon
image,#hash_202d460c157233c8
image,d#uie_bear
image,d#loot_ui_icon_stickers_cute_creepy_3_large
image,d#loot_ui_icon_sticker_ajax_warrior_01_large
image,d#loot_ui_icon_sticker_recon_muertos_04
image,d#loot_ui_icon_sticker_recon_muertos_03
image,d#ui_icon_callingcard_food
image,d#uie_ui_icon_callingcards_mp_prestige_prestige_badass_blast_glow
image,d#loot_ui_icon_stickers_synth_5_large
image,d#melee_stopsign_t8_camo_juliett_wz_icon
image,d#hash_204e77c02588ccad
image,d#uie_ui_menu_aar_common_square
image,d#melee_stopsign_t8_camo_bravo_wz_icon
image,d#hash_205647bd40020046
image,#uie_t7_callingcard_goldframe
image,d#uie_ui_icon_callingcards_operations_humiliation_unforgiving_gang1
image,d#uie_ui_icon_callingcards_operations_humiliation_unforgiving_gang3
image,d#uie_ui_icon_callingcards_operations_humiliation_unforgiving_gang2
image,d#ui_icon_callingcards_mp_prestige_tacticalkits_rapidresponse
image,d#ui_icon_weapon_ar_stealth_render_xl
image,#hash_2070e41136ffe949
image,d#hash_2072be6e9adfae51
image,d#hash_20768a52ba1603b4
image,d#ui_icon_mp_league_14_04_large
image,#uie_warning_small
image,d#uie_ui_menu_callingcards_warriorcreatures_char2
image,d#shotgun_precision_t8_camo_darkmatter_02_icon
image,d#smg_standard_t8_camo_active_dlc3_mystic_01_icon
image,d#pistol_burst_t8_camo_india_zm_icon
image,d#hash_20a15728d6bb265b
image,d#hash_20a6182f38f24203
image,d#ui_icon_attachment_tr_midburst_opmod_burstaccelerator
image,d#ui_icon_meansofdeath_bleed_out_xl
image,d#pistol_burst_t8_camo_lima_wz_icon
image,d#sniper_quickscope_t8_camo_golf_wz_icon
image,d#sniper_powersemi_t8_camo_bravo_icon
image,#hash_20c3902fc1ab898e
image,d#loot_ui_icon_stickers_synth_1_large
image,d#uie_arena_ladder_down
image,d#ui_icon_wildcard_overkill_large
image,d#hash_20d0127b706b68c0
image,d#smg_handling_t8_camo_lima_wz_icon
image,d#ui_icon_callingcards_mp_career_tour_of_duty_events_veteran
image,d#hash_20e377b681c15c6a
image,d#tr_midburst_t8_camo_charlie_zm_icon
image,d#hash_20ee83883ec8d08f
image,d#uie_ui_menu_cac_allocation_pip_full
image,d#melee_stopsign_t8_camo_charlie_icon
image,d#uie_badcape
image,d#ui_icon_mp_league_22_01
image,d#ui_icon_mp_league_22_03
image,d#ui_icon_mp_league_22_02
image,d#ui_icon_mp_league_22_04
image,d#loot_ui_icon_sticker_battery_muertos_01_large
image,d#hash_20fd362da5c2025d
image,d#ui_icon_mp_league_19_04
image,d#ui_icon_mp_league_19_03
image,d#ui_icon_mp_league_19_02
image,d#ui_icon_mp_league_19_01
image,d#hash_2100a9412b811109
image,d#melee_zombiearm_t8_camo_charlie_zm_icon
image,d#hash_21125fff1803da36
image,#em_material_titanium
image,d#hash_211a6e3f4c81cd15
image,d#knife_loadout_camo_dlc3_shark_plaque_icon
image,d#ar_accurate_t8_camo_juliett_zm_icon
image,d#tr_longburst_t8_camo_bravo_wz_icon
image,d#hash_211fe337f0bdc517
image,d#ui_icon_callingcards_mp_career_game_heroics_top_dog
image,d#hash_2126542c29ebf182
image,d#hash_2127aae7139504a7
image,d#shotgun_semiauto_t8_camo_gold_icon
image,d#shotgun_precision_t8_camo_bravo_wz_icon
image,#t7_loot_decal_lion
image,d#smg_vmp_t8_camo_juliett_wz_icon
image,d#tr_powersemi_t8_camo_foxtrot_wz_icon
image,d#ar_galil_t8_camo_echo_wz_icon
image,#ui_icon_startmenu_option_credits
image,d#uie_ui_icon_callingcards_pirates_sword
image,d#hash_2153da8b2bb17122
image,d#ui_icon_stickers_gauntlet_vinividizombie
image,d#hash_215712d49db315dc
image,d#tr_longburst_t8_camo_dlc3_blowfish_icon
image,d#hash_21680c3241254663
image,d#hash_21680d3241254816
image,d#hash_21680e32412549c9
image,d#hash_21680f3241254b7c
image,d#hash_2168103241254d2f
image,d#hash_2168113241254ee2
image,d#uie_ui_icon_blackmarket_tier_token
image,d#sniper_powersemi_t8_camo_alfa_wz_icon
image,#t7_decal_icon_claw
image,d#lmg_spray_t8_camo_mike_wz_icon
image,d#loot07_ui_icon_blackmarket_itemshop_dempsey
image,d#hash_217969e88e8b88d7
image,d#ui_icon_mp_league_08_02_large
image,d#tr_longburst_t8_camo_juliett_zm_icon
image,#em_shape_odd_008
image,#em_shape_odd_009
image,#em_shape_odd_004
image,#em_shape_odd_005
image,#em_shape_odd_006
image,#em_shape_odd_007
image,#em_shape_odd_001
image,#em_shape_odd_002
image,#em_shape_odd_003
image,#em_shape_odd_019
image,#em_shape_odd_018
image,#em_shape_odd_017
image,#em_shape_odd_016
image,#em_shape_odd_015
image,#em_shape_odd_014
image,#em_shape_odd_013
image,#em_shape_odd_012
image,#em_shape_odd_011
image,#em_shape_odd_010
image,d#hash_21984fea4010fae8
image,#em_shape_odd_022
image,#em_shape_odd_023
image,#em_shape_odd_020
image,#em_shape_odd_021
image,#em_shape_odd_026
image,#em_shape_odd_027
image,#em_shape_odd_024
image,#em_shape_odd_025
image,#em_shape_odd_028
image,#em_shape_odd_029
image,#em_shape_odd_035
image,#em_shape_odd_034
image,#em_shape_odd_037
image,#em_shape_odd_036
image,#em_shape_odd_031
image,#em_shape_odd_030
image,#em_shape_odd_033
image,#em_shape_odd_032
image,#em_shape_odd_038
image,d#loot_ui_icon_stickers_aquatic_animals_01
image,d#loot_ui_icon_stickers_aquatic_animals_03
image,d#loot_ui_icon_stickers_aquatic_animals_02
image,d#loot_ui_icon_stickers_aquatic_animals_05
image,d#loot_ui_icon_stickers_aquatic_animals_04
image,d#loot_ui_icon_stickers_aquatic_animals_06
image,d#hash_21a2ec9d13b8fa97
image,d#smg_handling_t8_camo_dlc3_assassin_icon
image,d#smg_accurate_t8_camo_india_wz_icon
image,d#ui_icon_equipment_eq_sensor
image,#xenon_stick_turn
image,d#ar_fastfire_t8_camo_alfa_wz_icon
image,d#smg_accurate_t8_camo_india_zm_icon
image,d#ui_icon_callingcards_mp_specialized_team_work
image,d#uie_ui_icon_callingcards_backout_100percent_cigar_smoke
image,#popup_stretch
image,d#uie_fog
image,d#hash_21d979751787bcd1
image,d#uie_ui_icon_callingcard_zombie_hunter_right_ear
image,#em_material_t7_camo_dante
image,d#tr_flechette_t8_camo_gold_icon
image,d#smg_minigun_t8_camo_mike_icon
image,d#melee_cutlass_t8_camo_diamond_icon
image,d#uie_ui_icon_callingcards_dystopian_head
image,d#melee_coinbag_t8_camo_hotel_icon
image,d#shotgun_precision_t8_camo_november_icon
image,#uie_t7_menu_control_checkbox
image,d#melee_cutlass_t8_camo_charlie_zm_icon
image,d#smg_standard_t8_camo_india_icon
image,#t7_icon_info_overlays_bkg
image,#hash_22078c904be178ca
image,d#hash_221207f35e4a7eb6
image,d#hash_22120e883a5574c0
image,d#uie_st_patricks_frame_02_goldcoin
image,#t7_loot_decal_phoenix
image,d#ar_fastfire_t8_camo_dlc2_street_race_icon
image,d#hash_222a7e46f9eefadc
image,d#melee_actionfigure_t8_camo_juliett_zm_icon
image,#em_koth_shutout
image,d#ar_damage_t8_camo_bravo_zm_icon
image,d#ar_modular_t8_camo_dlc2_blue_up_icon
image,d#tr_flechette_t8_camo_november_zm_icon
image,#hash_2253d920231e2cf4
image,#hash_2253dc20231e320d
image,d#ar_stealth_t8_camo_bravo_wz_icon
image,d#ui_icon_attachment_fmj
image,#xenon_stick_move_look
image,d#lmg_heavy_t8_camo_dlc2_street_race_icon
image,d#melee_actionfigure_t8_camo_november_icon
image,d#hash_2275c3fe3954c5a7
image,#hash_2276056fd9609233
image,#hash_2276066fd96093e6
image,#hash_2276076fd9609599
image,#hash_2276086fd960974c
image,#hash_2276096fd96098ff
image,#hash_22760a6fd9609ab2
image,#hash_227938edafa1f35d
image,d#melee_demohammer_t8_camo_november_zm_icon
image,d#tr_flechette_t8_camo_delta_zm_icon
image,d#melee_secretsanta_t8_camo_charlie_zm_icon
image,d#smg_handling_t8_camo_golf_icon
image,#hash_22905ccac0ca2cf8
image,d#sniper_mini14_t8_camo_mike_icon
image,d#hash_229abfdf0035cdfe
image,d#special_crossbow_t8_camo_golf_icon
image,d#tr_longburst_t8_camo_golf_icon
image,d#hash_22b02633b7037b96
image,d#hash_22b523ba6cbc9666
image,d#ui_icon_callingcards_mp_career_gamevictories_supremacy
image,d#smg_minigun_t8_camo_lima_icon
image,d#ar_fastfire_t8_camo_golf_icon
image,#em_streak_dog_pound
image,d#melee_secretsanta_t8_camo_none_icon
image,d#ar_standard_t8_camo_dlc3_stealth_seal_icon
image,d#melee_actionfigure_t8_camo_delta_wz_icon
image,d#ui_icon_zm_calling_tasks_shotgun
image,d#smg_vmp_t8_camo_gold_icon
image,d#melee_cutlass_t8_camo_bravo_icon
image,#uie_pc_igrevent_progress_fill
image,d#hash_22e4afe328323618
image,d#loot_ui_icon_stickers_random_16_large
image,d#loot_ui_icon_sticker_seraph_warrior_01
image,d#loot_ui_icon_sticker_seraph_warrior_02
image,d#loot_ui_icon_sticker_seraph_warrior_03
image,d#smg_vmp_t8_camo_lima_wz_icon
image,#menu_camo_ardent_emissive_pattern
image,d#melee_demohammer_t8_camo_echo_wz_icon
image,d#uie_callingcards_global_master_rocks
image,d#hash_230a19cbecd211d8
image,d#uie_pc_bnetstore_digitaldeluxeenhancededition
image,d#smg_accurate_t8_camo_golf_zm_icon
image,d#hash_2315719ceff9a168
image,#em_snowflake_full
image,d#lmg_standard_t8_camo_alfa_icon
image,#em_streak_max_payload
image,d#uie_jetwave
image,d#ui_icon_stickers_mp_league_15_03
image,d#ui_icon_stickers_mp_league_15_00
image,d#ui_icon_stickers_mp_league_15_01
image,d#ui_icon_stickers_mp_league_15_04
image,d#hash_232aeda78dfceefb
image,d#hash_232aeea78dfcf0ae
image,d#hash_232aefa78dfcf261
image,d#hash_232af0a78dfcf414
image,d#hash_232af1a78dfcf5c7
image,d#hash_232af2a78dfcf77a
image,d#hash_2334d8b17774d598
image,d#ui_icon_weapon_camo_active_sig_pistol_burst_render
image,d#sniper_locus_t8_camo_november_wz_icon
image,d#uie_ui_icon_callingcards_loot_cowboysandmonsters_backgrounds
image,d#melee_cutlass_t8_camo_lima_zm_icon
image,d#hash_233f4c79c077e29b
image,#uie_pc_igrevent_progression_tier
image,d#ui_icon_meansofdeath_drowned_xl
image,d#sniper_powersemi_t8_camo_golf_zm_icon
image,d#ui_icon_callingcards_mp_dark_ops_get_outta_here
image,d#tr_powersemi_t8_camo_echo_wz_icon
image,d#ar_damage_t8_camo_echo_wz_icon
image,d#sniper_quickscope_t8_camo_none_icon
image,d#hash_2354f5505327ccf0
image,d#hash_235572ca2598640c
image,d#ui_icon_callingcards_mp_prestige_wildcards_secondary_gunfighter
image,#em_ffa_hard_to_kill
image,d#hash_235b04bd70254080
image,d#smg_fastburst_t8_camo_none_icon
image,d#tr_powersemi_t8_camo_echo_zm_icon
image,d#ar_an94_t8_camo_bravo_zm_icon
image,d#hash_236767ff4d5669f9
image,d#melee_cutlass_t8_camo_india_icon
image,d#hash_236c429057f0798d
image,d#ar_fastfire_t8_camo_mike_icon
image,#em_explode01
image,d#hash_237f99e0f741dd4c
image,d#ui_icon_callingcards_mp_marksman_launcher_marksman
image,d#ar_doublebarrel_t8_camo_alfa_wz_icon
image,d#tr_longburst_t8_camo_lima_zm_icon
image,d#lmg_stealth_t8_camo_hotel_zm_icon
image,d#smg_handling_t8_camo_delta_wz_icon
image,d#ui_icon_mp_league_expert_silver_large
image,d#special_ballisticknife_t8_dw_camo_bravo_wz_icon
image,#hash_239ac5091c991445
image,d#ui_icon_weapon_tr_powersemi_render_xl
image,d#ui_icon_callingcards_mp_prestige_gear_persistent_final
image,d#melee_amuletfist_t8_camo_juliett_icon
image,d#tr_powersemi_t8_camo_dlc3_blowfish_icon
image,#hash_23a7f9ab454191ed
image,d#loot_ui_icon_stickers_vegas_05
image,d#loot_ui_icon_stickers_vegas_04
image,d#loot_ui_icon_stickers_vegas_06
image,d#loot_ui_icon_stickers_vegas_01
image,d#loot_ui_icon_stickers_vegas_03
image,d#loot_ui_icon_stickers_vegas_02
image,d#ui_icon_callingcards_mp_prestige_wildcards_perk_2_gluttony
image,#hash_23ab4f49f17730c6
image,d#hash_23bcd96e888917cc
image,d#melee_stopsign_t8_camo_bravo_icon
image,d#hash_23c041f47f055db1
image,d#tr_longburst_t8_camo_charlie_zm_icon
image,d#hash_23c51811f0dda462
image,d#loot_ui_icon_callingcards_misty
image,d#ui_icon_mp_league_18_01_large
image,#xenon_controller_top
image,d#hash_23dc6565e1ff0015
image,#t7_decal_icon_zombiehand
image,d#smg_fastfire_t8_camo_gold_icon
image,d#ui_icon_callingcards_mp_humiliation_boink
image,d#loot_ui_icon_callingcards_mode_monkey_signature_4
image,d#loot_ui_icon_callingcards_mode_monkey_signature_5
image,d#loot_ui_icon_callingcards_mode_monkey_signature_6
image,d#loot_ui_icon_callingcards_mode_monkey_signature_7
image,d#loot_ui_icon_callingcards_mode_monkey_signature_1
image,d#loot_ui_icon_callingcards_mode_monkey_signature_2
image,d#loot_ui_icon_callingcards_mode_monkey_signature_3
image,d#uie_ui_icon_callingcards_zm_elixirs_talismans_zombies
image,d#melee_coinbag_t8_camo_gold_icon
image,d#tr_flechette_t8_camo_darkmatter_02_icon
image,#uie_director_main_quit_icon
image,d#hash_240e71d0a2b0b9ca
image,d#hash_240f7e1511d8549a
image,d#ui_icon_callingcards_mp_bootcamp_goodmedicine
image,d#hash_24161a58e7101525
image,d#ar_accurate_t8_camo_kilo_wz_icon
image,d#sniper_fastrechamber_t8_camo_delta_wz_icon
image,d#uie_ui_menu_cac_primary_button_top_bar
image,d#ui_icon_callingcards_mp_gamevictories_card13
image,d#ui_icon_callingcards_mp_prestige_equipment_master
image,d#hash_2434f191e7edfdef
image,d#ui_menu_arena_firestreakflipbook_purple
image,d#melee_slaybell_t8_camo_kilo_icon
image,d#lmg_standard_t8_camo_juliett_wz_icon
image,d#uie_ui_menu_callingcards_steampunk_bg
image,d#hash_245088dc10ce4451
image,d#ar_damage_t8_camo_charlie_icon
image,#hash_245954b2187c4133
image,d#ui_icon_mp_league_18_04
image,d#ui_icon_mp_league_18_01
image,d#ui_icon_mp_league_18_02
image,d#ui_icon_mp_league_18_03
image,d#uie_ui_icon_callingcards_fairytale_fire2
image,d#uie_ui_icon_callingcards_fairytale_fire3
image,d#uie_ui_icon_callingcards_fairytale_fire4
image,d#ui_icon_mp_league_02_01_large
image,d#ui_icon_mp_league_21_01_large
image,#hash_246316644c60cb6c
image,d#lmg_standard_t8_camo_golf_wz_icon
image,#hash_246b72d02aed837b
image,d#ar_fastfire_t8_camo_golf_wz_icon
image,d#smg_fastburst_t8_camo_lima_wz_icon
image,d#tr_longburst_t8_camo_hotel_zm_icon
image,d#smg_fastfire_t8_camo_hotel_zm_icon
image,d#ui_icon_callingcards_mp_scorestreak_airassault_maximumpayload
image,d#sniper_damagesemi_t8_camo_golf_zm_icon
image,d#shotgun_precision_t8_camo_delta_wz_icon
image,d#ui_icon_wildcard_gluttony02_large
image,d#hash_24a75274f5c3fa8f
image,d#hash_24ad9cf7ec149080
image,d#melee_slaybell_t8_camo_november_zm_icon
image,d#uie_ui_icon_callingcards_professional_master_soldier_gun
image,d#hash_24caa7867c84aec7
image,d#tr_longburst_t8_camo_india_zm_icon
image,d#hash_24dba0cdbf4e794c
image,d#hash_24df94f20f8b9a2d
image,d#ui_icon_camonotification_diamond_tactical
image,d#hash_24e09b7d29a3dc85
image,d#ui_icon_callingcards_mp_prestige_tacticalkits_upclose
image,d#melee_secretsanta_t8_camo_delta_wz_icon
image,d#pistol_standard_t8_camo_dlc3_shark_plaque_icon
image,#em_ha_ha01
image,d#ui_icon_callingcards_mp_weapon_proficiency_career_kills
image,d#hash_24fab485e6118431
image,d#ui_icon_meansofdeath_bleed_out
image,d#sniper_locus_t8_camo_november_icon
image,d#ui_icon_callingcards_wz_professional_duo_conquest
image,d#smg_capacity_t8_camo_juliett_zm_icon
image,d#hash_250bc3b4ed5cbeab
image,d#uie_ui_menu_callingcards_robbery_lasers
image,d#sniper_quickscope_t8_camo_alfa_zm_icon
image,d#melee_actionfigure_t8_camo_charlie_zm_icon
image,d#shotgun_pump_t8_camo_november_icon
image,d#ui_icon_callingcards_zm_darkops_10
image,d#ui_icon_callingcards_zm_darkops_11
image,d#ui_icon_callingcards_zm_darkops_12
image,d#ui_icon_callingcards_zm_darkops_13
image,d#ui_icon_callingcards_zm_darkops_14
image,d#ui_icon_callingcards_zm_darkops_03
image,d#ui_icon_callingcards_zm_darkops_02
image,d#ui_icon_callingcards_zm_darkops_01
image,d#ui_icon_callingcards_zm_darkops_07
image,d#ui_icon_callingcards_zm_darkops_05
image,d#ui_icon_callingcards_zm_darkops_04
image,d#ui_icon_callingcards_zm_darkops_09
image,d#ui_icon_callingcards_zm_darkops_08
image,d#ui_icon_mp_league_07_02_large
image,d#lmg_spray_t8_camo_november_wz_icon
image,d#hash_254ba497ff72c798
image,d#melee_amuletfist_t8_camo_bravo_zm_icon
image,d#ui_icon_mp_league_advanced_silver
image,d#special_ballisticknife_t8_dw_camo_delta_icon
image,d#ui_icon_mp_league_26_04
image,d#ui_icon_mp_league_26_01
image,d#ui_icon_mp_league_26_03
image,d#ui_icon_mp_league_26_02
image,d#hash_25538e426308c011
image,d#smg_minigun_t8_camo_gold_icon
image,d#hash_255c2d746805ca10
image,#t7_loot_decal_icon_rhino
image,#hash_2561cf47bcd032c9
image,#hash_25644b4f51b9e40f
image,d#hash_25656f201f13edd3
image,d#shotgun_semiauto_t8_camo_bravo_wz_icon
image,d#loot_ui_icon_stickers_random_13_large
image,d#ui_icon_mp_league_02_03
image,d#ui_icon_mp_league_02_02
image,d#ui_icon_mp_league_02_01
image,#t7_hud_waypoints_neutral_new_b_mini
image,d#melee_zombiearm_t8_camo_charlie_icon
image,d#smg_vmp_t8_camo_foxtrot_wz_icon
image,d#hash_25974dcdc6cec877
image,d#lmg_standard_t8_camo_november_icon
image,d#shotgun_semiauto_t8_camo_bravo_icon
image,d#hash_25aaaa61b9653067
image,d#hash_25b081ef25253c37
image,d#uie_callingcards_mp_loot_master_lionstinger
image,d#smg_handling_t8_camo_echo_zm_icon
image,#uie_t7_core_hud_mapwidget_panelglow
image,d#sniper_powersemi_t8_camo_hotel_wz_icon
image,d#hash_25cd50c9f9c48fac
image,d#uie_ui_menu_cac_vertical_pattern_bg
image,d#ar_accurate_t8_camo_hotel_wz_icon
image,d#melee_actionfigure_t8_camo_hotel_icon
image,d#ar_modular_t8_camo_bravo_icon
image,d#smg_folding_t8_camo_dlc3_stealth_seal_icon
image,d#smg_folding_t8_camo_juliett_wz_icon
image,#hash_25e775dd3e187c49
image,d#loot_ui_icon_callingcards_heavymetal_01
image,d#loot_ui_icon_callingcards_heavymetal_02
image,d#loot_ui_icon_callingcards_heavymetal_03
image,d#loot_ui_icon_callingcards_heavymetal_04
image,d#loot_ui_icon_callingcards_heavymetal_05
image,d#loot_ui_icon_callingcards_heavymetal_06
image,d#loot_ui_icon_callingcards_heavymetal_07
image,#t7_loot_decal_battle_axe
image,d#loot07_ui_icon_blackmarket_itemshop_stuhlinger
image,d#hash_25f54b6d2e086c77
image,d#ui_icon_meansofdeath_melee_weapon_butt_xl
image,d#hash_260d8da853f1e724
image,#ui_icon_startmenu_option_icon_ps4
image,d#ui_icon_weapon_ar_damage_mk2_render
image,d#melee_cutlass_t8_camo_juliett_wz_icon
image,d#tr_midburst_t8_camo_november_wz_icon
image,d#ar_peacekeeper_t8_camo_alfa_wz_icon
image,d#uie_ui_menu_callingcards_invasion_noise
image,d#ui_icon_meansofdeath_downed
image,d#ui_icon_mp_league_13_02b_large
image,d#ui_icon_mp_league_05_01_large
image,d#uie_ui_icon_callingcards_operations_humiliation_unforgiving_animated_clouds
image,d#hash_2646d60c981b6a30
image,d#pistol_revolver_t8_camo_dlc3_shark_plaque_icon
image,d#loot_ui_icon_callingcards_spaceshuttle
image,#ui_icon_perk_lightweight_large
image,#uie_img_t7_menu_startmenu_option_lines_durango
image,d#ui_icon_mp_league_22_04_large
image,#hash_265955a7886624fd
image,d#special_ballisticknife_t8_dw_camo_delta_zm_icon
image,d#ui_icon_camonotification_diamond_launchers
image,d#ar_galil_t8_camo_bravo_icon
image,d#tr_flechette_t8_camo_india_zm_icon
image,d#uie_ui_icon_callingcards_zm_zombie_hunter_08_bird_body
image,d#sniper_powerbolt_t8_camo_india_zm_icon
image,d#melee_slaybell_t8_camo_echo_wz_icon
image,d#sniper_quickscope_t8_camo_active_dlc1_masks_wrapper_icon
image,d#smg_accurate_t8_camo_alfa_zm_icon
image,d#loot_ui_icon_stickers_tedd
image,d#ui_icon_mp_league_26_01_large
image,d#hash_268d77ce8e6914d0
image,d#melee_coinbag_t8_camo_november_icon
image,d#uie_ui_icon_callingcards_dystopian_bg
image,d#pistol_burst_t8_camo_charlie_zm_icon
image,d#pistol_standard_t8_camo_delta_zm_icon
image,#faction_axis
image,d#loot_ui_icon_stickers_pirates_01
image,d#loot_ui_icon_stickers_pirates_03
image,d#loot_ui_icon_stickers_pirates_02
image,d#loot_ui_icon_stickers_pirates_05
image,d#loot_ui_icon_stickers_pirates_04
image,d#loot_ui_icon_stickers_pirates_06
image,#em_material_t7_camo_snowblo
image,d#hash_26b89c404ee1c020
image,d#melee_zombiearm_t8_camo_alfa_zm_icon
image,d#hash_26c6fda4919245ad
image,d#hash_26cb4c3a992c529a
image,d#ar_stealth_t8_camo_mike_wz_icon
image,d#hash_26d4d474451b2e5e
image,d#hash_26d7a869ae051d38
image,d#hash_26ddc2beddc2a216
image,d#pistol_fullauto_t8_camo_hotel_icon
image,d#pistol_burst_t8_camo_bravo_wz_icon
image,d#tr_midburst_t8_camo_charlie_icon
image,d#pistol_burst_t8_camo_hotel_wz_icon
image,d#smg_accurate_t8_camo_juliett_icon
image,#em_streak_hard_counter
image,#uie_korea_violence_icon
image,#hash_2702b171986ea871
image,d#special_crossbow_t8_camo_juliett_icon
image,d#ui_icon_callingcards_mp_operations_killjoys_crashlanding
image,#uie_t8_icons_controller_orbis_rs_no_arrows
image,d#sniper_fastrechamber_t8_camo_dlc3_stealth_seal_icon
image,d#smg_folding_t8_camo_foxtrot_wz_icon
image,#em_material_purple_anodized
image,d#ui_icon_callingcards_mp_operations_killjoys_crymeariver
image,#menu_camo_snowblo_green_pattern
image,d#melee_zombiearm_t8_camo_diamond_icon
image,d#ar_accurate_t8_camo_hotel_zm_icon
image,d#shotgun_pump_t8_camo_kilo_zm_icon
image,d#hash_27239f76052aeeee
image,d#shotgun_fullauto_t8_camo_delta_icon
image,#hash_272ebc1b4c066567
image,d#ar_doublebarrel_t8_camo_kilo_zm_icon
image,d#loot_ui_icon_sticker_prophet_muertos_01_large
image,d#shotgun_semiauto_t8_camo_lima_icon
image,d#hash_274a662d099dbbf2
image,d#hash_274c2af5dd18ff9f
image,d#uie_ui_icon_callingcards_wz_vehicular_master_fireballs
image,d#uie_ui_icon_startmenu_option_graphics
image,d#uie_callingcards_mp_loot_master_debris2
image,d#hash_27572d57ba66db91
image,d#ar_fastfire_t8_camo_mike_wz_icon
image,d#loot_ui_icon_sticker_battery_muertos_03_large
image,d#ui_icon_callingcards_wz_insigniaechelons_wzlevel80
image,d#pistol_fullauto_t8_camo_november_zm_icon
image,d#pistol_revolver_t8_camo_bravo_icon
image,d#ui_icon_callingcards_wz_insigniaechelons_wzlevel20
image,d#ui_icon_callingcards_zm_default_magic_box
image,d#hash_2779d62a5bac44f5
image,#hash_277ac427071187d7
image,d#hash_277c877992192a3e
image,d#ui_icon_callingcards_wz_insigniaechelons_wzlevel60
image,d#hash_2780a930013fc2c9
image,d#loot_ui_icon_callingcards_survivors_07
image,d#loot_ui_icon_callingcards_survivors_06
image,d#loot_ui_icon_callingcards_survivors_05
image,d#loot_ui_icon_callingcards_survivors_04
image,d#loot_ui_icon_callingcards_survivors_03
image,d#loot_ui_icon_callingcards_survivors_02
image,d#loot_ui_icon_callingcards_survivors_01
image,d#smg_vmp_t8_camo_bravo_zm_icon
image,d#shotgun_fullauto_t8_camo_echo_zm_icon
image,d#ui_icon_callingcards_wz_insigniaechelons_wzlevel40
image,d#smg_vmp_t8_camo_alfa_zm_icon
image,d#uie_3row_speedlines
image,d#sniper_mini14_t8_camo_november_icon
image,d#uie_ui_menu_callingcards_postapocalyptic_smoke
image,d#hash_27a515b2e5bc0c78
image,d#pistol_standard_t8_camo_golf_icon
image,d#hash_27ae63ce68535f9a
image,d#melee_cutlass_t8_camo_charlie_icon
image,#hash_27b23e8b1acf3472
image,#ui_icon_emblems_octagon
image,d#hash_27b9150675c7c8c2
image,d#uie_spin_star
image,d#ui_icon_mp_league_28_04_large
image,#hash_27cdc4821e264f12
image,d#ui_icon_callingcards_mp_humiliation_knuklduster
image,d#hash_27d6e241e67e3b94
image,#hash_27dca20fdc58bedb
image,d#special_crossbow_t8_camo_alfa_wz_icon
image,d#loot_ui_icon_callingcards_enforcer
image,d#uie_callingcards_mp_loot_master_lionmouth
image,d#uie_ui_menu_callingcards_invasion_mailbox
image,d#tr_midburst_t8_camo_foxtrot_wz_icon
image,d#melee_amuletfist_t8_camo_bravo_wz_icon
image,#hash_2815ccfb4bce5470
image,#hash_2815cdfb4bce5623
image,#hash_2815cefb4bce57d6
image,#hash_2815cffb4bce5989
image,#hash_2815d0fb4bce5b3c
image,#hash_2815d1fb4bce5cef
image,#hash_2815d3fb4bce6055
image,d#ui_icon_equipment_hatchet
image,d#uie_ui_menu_callingcards_invasion_ufo
image,d#uie_ui_menu_specialist_hub_info_bracket
image,d#launcher_standard_t8_camo_gold_icon
image,d#ui_icon_callingcards_mp_prestige_efficiency_laser_sight
image,d#ui_icon_callingcard_kontrolfreek
image,d#tr_longburst_t8_camo_alfa_zm_icon
image,d#hash_282aab878f642b1a
image,d#loot_ui_icon_stickers_cute_monsters_2_large
image,d#uie_ui_hud_core_player_widget_led_status
image,d#hash_2837bc5ccc705249
image,d#uie_smoke
image,d#hash_283e8558ead20353
image,d#lmg_standard_t8_camo_sig02_icon
image,d#hash_283fe4a2070c233d
image,d#ui_icon_mp_league_29_03_large
image,d#ui_icon_mp_league_02_02_large
image,d#smg_minigun_t8_camo_foxtrot_icon
image,d#uie_code_wheel_shadow
image,d#uie_ui_icon_callingcards_backout_100percent_front_gear
image,d#ui_icon_nebulium_2x
image,d#melee_stopsign_t8_camo_darkmatter_02_icon
image,d#hash_284ff13e96a2a5fe
image,d#sniper_damagesemi_t8_camo_bravo_wz_icon
image,d#knife_loadout_camo_lima_icon
image,d#pistol_standard_t8_camo_echo_wz_icon
image,d#hash_28620eb61317d384
image,d#hash_28661b9ceee03937
image,#t7_loot_decal_turtle
image,d#hash_2869b008a65618bb
image,#hash_286a012b8f0a2cff
image,#voice_off_mute_xboxlive
image,d#ui_icon_callingcards_mp_prestige_gear_stim_shot
image,#menu_social_friendlist_wow_icon
image,d#ar_accurate_t8_camo_november_zm_icon
image,d#tr_longburst_t8_camo_kilo_wz_icon
image,d#melee_demohammer_t8_camo_delta_zm_icon
image,d#smg_fastburst_t8_camo_golf_icon
image,d#ar_modular_t8_camo_kilo_wz_icon
image,d#uie_background
image,d#ui_icon_mp_league_23_02b
image,#hash_28938357e15aceb9
image,d#hash_2893d383a26d4598
image,d#lmg_heavy_t8_camo_dlc2_blue_up_icon
image,d#ar_accurate_t8_camo_november_icon
image,d#hash_28bace52db8cfac4
image,d#shotgun_precision_t8_camo_bravo_icon
image,d#lmg_spray_t8_camo_bravo_zm_icon
image,d#melee_slaybell_t8_camo_alfa_zm_icon
image,#em_material_t7_camo_loot_integer_emissive
image,d#hash_28c6bddb80ae9358
image,d#hash_28c9a231816028ca
image,d#ui_icon_callingcards_mp_operations_humiliation_nicegun
image,d#uie_ui_menu_specialist_hub_window_corner
image,d#sniper_damagesemi_t8_camo_mike_icon
image,d#ar_fastfire_t8_camo_foxtrot_zm_icon
image,d#pistol_standard_t8_camo_active_dlc3_mystic_01_icon
image,d#pistol_standard_t8_camo_bravo_zm_icon
image,#hash_28eb901aae424a2b
image,d#ar_modular_t8_camo_india_wz_icon
image,d#ui_icon_camonotification_diamond_pistols
image,d#ui_icon_callingcards_mp_marksman_lmg_marksman
image,d#melee_coinbag_t8_camo_dlc3_assassin_icon
image,d#tr_flechette_t8_camo_juliett_icon
image,d#uie_ui_icon_callingcards_marksman_master_background_bg_glow
image,d#hash_290803f5b09bdd34
image,d#hash_2908d91f021d0943
image,d#hash_2909a88256c55f38
image,d#uie_ui_icon_callingcards_wz_darkops_master_helicopter
image,d#hash_2912e9ec8da5726f
image,d#ar_doublebarrel_t8_camo_golf_icon
image,d#ar_fastfire_t8_camo_bravo_wz_icon
image,d#lmg_spray_t8_camo_kilo_wz_icon
image,d#uie_ui_icon_callingcards_pirates_body
image,d#sniper_locus_t8_camo_bravo_icon
image,d#hash_292ca1cbdcb4e55b
image,d#shotgun_fullauto_t8_camo_india_zm_icon
image,d#hash_2934433a976bcc3c
image,d#melee_stopsign_t8_camo_alfa_wz_icon
image,d#sniper_fastrechamber_t8_camo_india_icon
image,#hash_29500caa14c59bb7
image,d#hash_29502d03942e009a
image,d#sniper_mini14_t8_camo_golf_zm_icon
image,#ui_icon_perk_teamlink_large
image,d#ar_galil_t8_camo_india_zm_icon
image,d#ui_icon_callingcards_mp_career_tour_of_duty_core_veteran
image,d#hash_2976acc433c2ac92
image,d#tr_damageburst_t8_camo_bravo_zm_icon
image,d#melee_amuletfist_t8_camo_charlie_icon
image,d#lmg_spray_t8_camo_india_zm_icon
image,d#loot_ui_icon_callingcards_muertos_firebreak
image,d#ui_icon_callingcards_mp_prestige_gear_equipment_charge
image,d#smg_handling_t8_camo_echo_icon
image,d#loot_ui_icon_sticker_torque_warrior_02_large
image,d#sniper_mini14_t8_camo_bravo_zm_icon
image,#ui_icon_emblems_ping
image,d#hash_299d76d5a206d50e
image,d#smg_folding_t8_camo_lima_icon
image,d#ui_icon_attachment_sniper_quickrechamber_opmod
image,d#smg_minigun_t8_camo_india_zm_icon
image,d#smg_folding_t8_camo_alfa_wz_icon
image,d#hash_29aa19c587127898
image,d#uie_ui_icon_callingcards_dystopian_armhighlight
image,d#hash_29add4aca6ec5a1b
image,d#pistol_burst_t8_camo_dlc3_blowfish_icon
image,d#uie_ui_icon_callingcards_mp_prestige_prestige_badass_body
image,d#knife_loadout_camo_kilo_wz_icon
image,d#hash_29c6ae37780c1bce
image,d#pistol_standard_t8_camo_echo_zm_icon
image,d#uie_ui_menu_mp_scoreboard_map_topbox2
image,d#uie_ui_icon_callingcards_zm_zombie_hunter_08_bird_topwing
image,d#melee_demohammer_t8_camo_mike_zm_icon
image,d#uie_ui_icon_callingcards_operations_killjoys_background
image,d#ar_damage_t8_camo_delta_wz_icon
image,d#sniper_powersemi_t8_camo_alfa_icon
image,d#uie_eye_flare
image,d#hash_29ec4c8d09e45746
image,d#ui_icon_mp_league_01_02
image,d#ui_icon_mp_league_01_03
image,d#ui_icon_mp_league_01_01
image,d#sniper_mini14_t8_camo_dlc3_assassin_icon
image,d#tr_flechette_t8_camo_juliett_wz_icon
image,d#hash_29f3005e43dae770
image,d#smg_capacity_t8_camo_kilo_icon
image,d#pistol_fullauto_t8_camo_dlc3_board_shorts_icon
image,d#hash_2a06d8f351902716
image,d#ui_icon_callingcards_mp_mode_killer_rejection
image,d#tr_midburst_t8_camo_none_icon
image,#menu_social_friendlist_hots_icon
image,d#hash_2a12498d0a05216a
image,#hash_2a16f29efd38e823
image,#uie_img_t7_menu_startmenu_option_lines_orbis
image,d#hash_2a21929421557cb8
image,d#lmg_stealth_t8_camo_kilo_wz_icon
image,d#melee_zombiearm_t8_camo_bravo_icon
image,d#ar_accurate_t8_camo_kilo_icon
image,d#hash_2a2a7585223fbb2e
image,d#hash_2a2fd1f0875c7195
image,d#hash_2a375a8d0a245a8a
image,d#hash_2a37648d0a246b88
image,d#ar_fastfire_t8_camo_november_icon
image,d#ar_galil_t8_camo_foxtrot_zm_icon
image,d#hash_2a4fdfc88d8a5715
image,d#hash_2a521705d884c359
image,d#ui_icon_callingcards_mp_mode_killer_triple_killer
image,d#ui_icon_callingcards_wz_professional_big_squad_contest
image,d#smg_handling_t8_camo_dlc3_shark_plaque_icon
image,d#loot07_ui_icon_blackmarket_itemshop_incandescent
image,d#ar_damage_t8_camo_active_dlc1_cyberpunk_wrapper_icon
image,#ui_icon_perk_gungho_large
image,d#special_crossbow_t8_camo_mike_icon
image,d#ar_peacekeeper_t8_camo_foxtrot_wz_icon
image,d#sniper_powerbolt_t8_camo_none_icon
image,d#melee_club_t8_camo_kilo_wz_icon
image,d#hash_2a78043adfae6b2b
image,d#melee_actionfigure_t8_camo_echo_wz_icon
image,d#pistol_revolver_t8_camo_india_icon
image,d#loot02_ui_icon_stickers_random_set1_20
image,d#loot02_ui_icon_stickers_random_set1_21
image,d#loot02_ui_icon_stickers_random_set1_22
image,d#loot02_ui_icon_stickers_random_set1_26
image,d#loot02_ui_icon_stickers_random_set1_29
image,d#tr_powersemi_t8_camo_juliett_zm_icon
image,d#loot02_ui_icon_stickers_random_set1_33
image,d#loot02_ui_icon_stickers_random_set1_32
image,d#loot02_ui_icon_stickers_random_set1_31
image,d#loot02_ui_icon_stickers_random_set1_38
image,d#hash_2a9b92cbf0190f90
image,d#loot02_ui_icon_stickers_random_set1_06
image,d#loot02_ui_icon_stickers_random_set1_04
image,d#loot02_ui_icon_stickers_random_set1_01
image,d#loot02_ui_icon_stickers_random_set1_08
image,d#loot02_ui_icon_stickers_random_set1_15
image,d#loot02_ui_icon_stickers_random_set1_14
image,d#loot02_ui_icon_stickers_random_set1_17
image,d#loot02_ui_icon_stickers_random_set1_16
image,d#ar_standard_t8_camo_charlie_zm_icon
image,#menu_em_material_gold
image,d#loot02_ui_icon_stickers_random_set1_43
image,d#loot02_ui_icon_stickers_random_set1_46
image,d#loot02_ui_icon_stickers_random_set1_45
image,d#sniper_powersemi_t8_camo_dlc3_blowfish_icon
image,d#ui_icon_mp_league_18_02_large
image,d#tr_flechette_t8_camo_alfa_icon
image,d#hash_2aba9ada860b8435
image,d#shotgun_semiauto_t8_camo_mike_zm_icon
image,d#smg_accurate_t8_camo_kilo_wz_icon
image,#ui_icon_emblems_ninety
image,d#shotgun_pump_t8_camo_golf_icon
image,d#ui_icon_weapon_smg_fastburst_sig_02_render
image,#t7_icon_connect_overlays_bkg
image,d#smg_vmp_t8_camo_delta_wz_icon
image,d#special_crossbow_t8_camo_echo_zm_icon
image,d#hash_2aeb834d1a73ff56
image,d#ar_accurate_t8_camo_echo_zm_icon
image,d#uie_ui_icon_callingcards_zm_miscellaneous_01_lightburst
image,d#uie_callingcards_global_master_placeholder_dragonneck_forward2
image,d#uie_callingcards_global_master_placeholder_dragonneck_forward3
image,d#hash_2afb58350cc3ba2e
image,d#ar_standard_t8_camo_hotel_zm_icon
image,d#ar_standard_t8_camo_mike_icon
image,d#melee_secretsanta_t8_camo_golf_icon
image,d#smg_vmp_t8_camo_charlie_wz_icon
image,d#launcher_standard_t8_camo_foxtrot_wz_icon
image,d#melee_amuletfist_t8_camo_darkmatter_02_icon
image,d#loot_ui_icon_sticker_firebreak_muertos_01_large
image,d#ui_icon_mp_league_elite_silver
image,#hash_2b17a13306bbf9a4
image,d#pistol_fullauto_t8_camo_dlc3_assassin_icon
image,d#hash_2b1e983ebf8ddb27
image,d#melee_cutlass_t8_camo_india_wz_icon
image,#hash_2b272322bc9a0b97
image,d#sniper_powersemi_t8_camo_dlc3_stealth_seal_icon
image,d#special_crossbow_t8_camo_charlie_wz_icon
image,d#launcher_standard_t8_camo_dlc3_assassin_icon
image,d#pistol_standard_t8_camo_juliett_zm_icon
image,d#loot_ui_icon_stickers_swordfish_mastercraft
image,#t7_icon_emblem_decal_8
image,#t7_icon_emblem_decal_6
image,#t7_icon_emblem_decal_7
image,#t7_icon_emblem_decal_4
image,#t7_icon_emblem_decal_5
image,#t7_icon_emblem_decal_2
image,#t7_icon_emblem_decal_3
image,#t7_icon_emblem_decal_0
image,#t7_icon_emblem_decal_1
image,d#pistol_revolver_t8_camo_golf_icon
image,d#uie_ui_menu_callingcards_spacecowboy_clouds
image,d#ar_stealth_t8_camo_foxtrot_wz_icon
image,#menu_camo_prestige_emissive_pattern
image,d#hash_2b48f6b8dbdd2fa5
image,#em_skull01_full
image,d#ui_icon_callingcards_mp_prestige_perks_resistance
image,d#tr_longburst_t8_camo_dlc3_board_shorts_icon
image,#hash_2b558732e71a2509
image,d#ui_icon_callingcard_beautypack
image,d#hash_2b62cf6a2ae00130
image,d#uie_ui_icon_callingcards_zm_survivalist_spiderjaw
image,d#sniper_fastrechamber_t8_camo_alfa_icon
image,d#sniper_powerbolt_t8_camo_juliett_zm_icon
image,#hash_2b668c7446348f03
image,d#sniper_locus_t8_camo_hotel_icon
image,d#ui_icon_callingcards_mp_humiliation_nicegun
image,d#tr_midburst_t8_camo_alfa_zm_icon
image,d#melee_actionfigure_t8_camo_golf_zm_icon
image,d#sniper_fastrechamber_t8_camo_active_dlc3_mystic_01_icon
image,d#smg_handling_t8_camo_india_wz_icon
image,d#smg_accurate_t8_camo_alfa_icon
image,d#melee_stopsign_t8_camo_golf_wz_icon
image,d#ar_damage_t8_camo_india_icon
image,#t7_decal_pattern_starburst
image,#uie_icon_locks_lock_01
image,d#ui_icon_stickers_mp_league_20_03
image,d#ui_icon_stickers_mp_league_20_00
image,d#ui_icon_stickers_mp_league_20_01
image,d#ui_icon_stickers_mp_league_20_04
image,#em_material_t7_camo_flecktarn
image,d#pistol_revolver_t8_camo_mike_wz_icon
image,d#tr_powersemi_t8_camo_juliett_icon
image,d#hash_2b9891672da8068f
image,d#ar_stealth_t8_camo_golf_zm_icon
image,d#ui_icon_mp_league_master_gold_large
image,d#uie_birdflap_white
image,d#hash_2ba869e2a27bac04
image,d#hash_2bb02b5c9a2df4cf
image,d#hash_2bb551aa87b27cc9
image,d#pistol_revolver_t8_camo_kilo_zm_icon
image,d#lmg_heavy_t8_camo_dlc3_shark_plaque_icon
image,#hash_2bc36b6ec1d1dd90
image,d#ar_peacekeeper_t8_camo_alfa_icon
image,#hash_2bcdf33ef144b552
image,#t7_icons_controller_rbwhite
image,#hash_2bd2888acd1cf5f1
image,d#ui_icon_callingcards_mp_prestige_efficiency_hot_lead
image,d#ar_standard_t8_camo_lima_icon
image,d#sniper_powersemi_t8_camo_november_wz_icon
image,d#ui_icon_callingcards_mp_operations_presicion_ambidexterous
image,d#melee_cutlass_t8_camo_mike_icon
image,d#smg_minigun_t8_camo_delta_zm_icon
image,#t7_loot_decal_icon_deer
image,d#knife_loadout_camo_november_zm_icon
image,d#tr_midburst_t8_camo_golf_icon
image,d#uie_ui_menu_store_price_bg
image,d#hash_2c0eb9ef5c5ffd70
image,d#smg_fastburst_t8_camo_india_zm_icon
image,d#hash_2c1a9c66ce460cd6
image,d#ui_icon_callingcards_wz_professional_my_participation_reward
image,d#tr_damageburst_t8_camo_lima_icon
image,d#shotgun_semiauto_t8_camo_bravo_zm_icon
image,d#uie_ui_menu_store_element_frame
image,d#ar_damage_t8_camo_dlc3_blowfish_icon
image,d#uie_arena_rank_banner_bronze
image,#menu_em_material_titanium
image,d#hash_2c3fb94b33630981
image,d#ar_stealth_t8_camo_dlc2_street_race_icon
image,d#smg_minigun_t8_camo_echo_wz_icon
image,d#shotgun_pump_t8_camo_charlie_icon
image,d#hash_2c4bb161a71106b4
image,d#pistol_revolver_t8_camo_charlie_wz_icon
image,d#ar_accurate_t8_camo_lima_wz_icon
image,d#uie_callingcards_global_master_dragonbody
image,d#melee_actionfigure_t8_camo_kilo_zm_icon
image,#menu_em_material_steel_dark
image,d#shotgun_semiauto_t8_camo_golf_zm_icon
image,d#ui_icon_mp_league_12_02_large
image,d#loot_ui_icon_stickers_mastercraft_vaprxkg
image,#menu_camo_burnt_pattern
image,d#melee_actionfigure_t8_camo_mike_wz_icon
image,d#pistol_standard_t8_camo_hotel_zm_icon
image,d#hash_2c71ef0aeb8bd997
image,d#uie_ui_menu_callingcards_safarihunter_grass
image,d#hash_2c7a051f5efc70e5
image,d#loot_ui_icon_stickers_monkey_crazy_large
image,d#ui_icon_attachment_laser2
image,d#smg_fastfire_t8_camo_kilo_wz_icon
image,d#ui_icon_callingcards_mp_prestige_perks_flak_jacket
image,d#uie_ui_menu_callingcards_warriorcreatures_tail
image,d#ui_icon_wildcard_greed01_large
image,#uie_t7_loot_callingcard_cutie_animals_master_rays
image,d#uie_ui_icon_callingcards_summer_duck
image,d#hash_2c8cf00fd9f3ebc3
image,d#hash_2c8e1781482b410b
image,d#ui_icon_callingcards_mp_mode_killer_bloodthirsty_killer
image,d#smg_standard_t8_camo_alfa_zm_icon
image,d#shotgun_precision_t8_camo_charlie_icon
image,d#ui_icon_mp_league_04_01_large
image,#hash_2c9facc4ff85995d
image,d#ar_modular_t8_camo_dlc3_stealth_seal_icon
image,d#hash_2cb141081b6c0fa1
image,d#hash_2cb1adec0ad4d836
image,d#melee_amuletfist_t8_camo_hotel_zm_icon
image,#t7_decal_pattern_flower
image,d#ui_icon_callingcards_solo_frank_woods_alex_mason
image,#ui_arrow_left
image,d#ar_accurate_t8_camo_alfa_icon
image,d#melee_demohammer_t8_camo_foxtrot_zm_icon
image,d#hash_2cc9d0c5a5421370
image,d#hash_2cd0298a1253fb74
image,d#lmg_stealth_t8_camo_alfa_wz_icon
image,d#ui_icon_mp_league_10_04_large
image,d#uie_future_car
image,d#loot_ui_icon_sticker_crash_snake_02
image,d#loot_ui_icon_sticker_crash_snake_03
image,#ui_icon_emblems_burst
image,d#hash_2ceaa611e5a90b43
image,d#ar_accurate_t8_camo_echo_wz_icon
image,d#lmg_heavy_t8_camo_kilo_icon
image,d#loot_ui_icon_stickers_synth_3_large
image,d#pistol_fullauto_t8_camo_delta_zm_icon
image,d#smg_fastfire_t8_camo_delta_wz_icon
image,d#hash_2d1c22b47b70bc50
image,d#tr_flechette_t8_camo_alfa_zm_icon
image,#em_dom_crush_victory
image,d#ui_icon_scorestreaks_drone_recon
image,d#ui_icon_callingcards_wz_professional_solo_conquest
image,d#loot_ui_icon_sticker_ajax_muertos_01_large
image,d#hash_2d42d3d9d2ebd9da
image,d#loot_ui_icon_sticker_prophet_muertos_03_large
image,#ui_icon_emblems_hexagon
image,#em_shrunk_head01
image,d#uie_1row_speedlines
image,d#hash_2d5988298fbc628b
image,d#shotgun_semiauto_t8_camo_foxtrot_icon
image,d#uie_pc_bnetstore_footerbtnbg
image,d#ui_icon_mp_league_15_02b
image,d#melee_cutlass_t8_camo_alfa_zm_icon
image,d#melee_slaybell_t8_camo_alfa_icon
image,d#shotgun_precision_t8_camo_golf_icon
image,d#shotgun_fullauto_t8_camo_delta_wz_icon
image,#uie_korea_stronglanguage
image,d#shotgun_fullauto_t8_camo_delta_zm_icon
image,d#hash_2d8ae38ca91f8031
image,d#loot_ui_icon_stickers_random_11_large
image,d#ui_icon_callingcards_mp_career_tour_of_duty_hardcore_veteran
image,d#ui_icon_scorestreaks_cuav
image,d#hash_2da480202fdae444
image,d#hash_2da5e8c6e419554e
image,d#loot_ui_icon_stickers_consequences_01
image,d#loot_ui_icon_stickers_consequences_03
image,d#loot_ui_icon_stickers_consequences_02
image,d#loot_ui_icon_stickers_consequences_05
image,d#loot_ui_icon_stickers_consequences_04
image,d#loot_ui_icon_stickers_consequences_06
image,d#ui_icon_callingcards_mp_prestige_gear_job_done
image,d#ui_icon_attachment_stock2
image,d#smg_fastburst_t8_camo_alfa_zm_icon
image,d#ui_icon_callingcards_mp_operations_precision_firstblood
image,d#loot_ui_icon_stickers_vampire_hunter_01
image,d#uie_ui_menu_callingcards_vikingbattles_char1
image,d#uie_ui_menu_callingcards_vikingbattles_char2
image,d#ui_icon_callingcards_wz_heroics_massochist
image,d#hash_2dcbefcc6fadbca7
image,d#melee_slaybell_t8_camo_bravo_icon
image,d#uie_ui_menu_blackmarket_triple_play_frame_01
image,d#ui_icon_weapon_smg_minigun_render
image,d#sniper_quickscope_t8_camo_bravo_zm_icon
image,d#hash_2dd89d11e5a6d3ad
image,d#ui_icon_callingcards_mp_career_game_heroics_bomb_squad
image,d#sniper_powerbolt_t8_camo_dlc3_shark_plaque_icon
image,d#hash_2dee4e8e138df81d
image,d#ar_galil_t8_camo_hotel_zm_icon
image,#hash_2df7c456981b11df
image,d#hash_2df87ce295d670ef
image,d#loot_ui_icon_stickers_random_14_large
image,d#tr_damageburst_t8_camo_november_wz_icon
image,d#melee_zombiearm_t8_camo_juliett_wz_icon
image,d#pistol_standard_t8_camo_mike_zm_icon
image,#em_lips01_full
image,d#melee_slaybell_t8_camo_dlc3_board_shorts_icon
image,d#hash_2e0f7461fb53785d
image,d#smg_handling_t8_camo_delta_icon
image,d#reflex_13
image,d#reflex_12
image,d#reflex_11
image,d#reflex_10
image,d#reflex_17
image,d#reflex_16
image,d#reflex_15
image,d#reflex_14
image,d#reflex_19
image,d#reflex_18
image,d#reflex_26
image,d#reflex_27
image,d#reflex_24
image,d#reflex_25
image,d#reflex_22
image,d#reflex_23
image,d#reflex_20
image,d#reflex_21
image,d#reflex_28
image,d#reflex_29
image,d#ui_icon_callingcards_atvi_ambassador_tier03
image,d#ui_icon_callingcards_atvi_ambassador_tier02
image,d#reflex_39
image,d#reflex_31
image,d#reflex_30
image,d#reflex_33
image,d#reflex_32
image,d#reflex_35
image,d#reflex_34
image,d#reflex_36
image,d#reflex_48
image,d#reflex_49
image,d#reflex_44
image,d#reflex_45
image,d#reflex_46
image,d#reflex_47
image,d#reflex_40
image,d#reflex_41
image,d#reflex_42
image,d#reflex_43
image,d#reflex_59
image,d#reflex_58
image,d#reflex_57
image,d#reflex_56
image,d#reflex_55
image,d#reflex_54
image,d#reflex_53
image,d#reflex_52
image,d#reflex_51
image,d#reflex_50
image,d#uie_ui_menu_inspection_bg_element_box_selected
image,d#hash_2e25f6c5384b40f2
image,d#reflex_62
image,d#reflex_63
image,d#reflex_60
image,d#reflex_61
image,d#reflex_66
image,d#reflex_67
image,d#reflex_64
image,d#reflex_65
image,d#ui_icon_mp_league_19_02b_large
image,d#tr_powersemi_t8_camo_golf_wz_icon
image,d#lmg_standard_t8_camo_dlc3_assassin_icon
image,d#ui_icon_callingcards_mp_prestige_wildcalrds_primarygunfighter
image,d#uie_ui_menu_contracts_ring_empty
image,d#tr_powersemi_t8_camo_juliett_wz_icon
image,#uie_t7_menu_frontend_iconpartyleaderlarge
image,d#ar_modular_t8_camo_none_icon
image,#em_material_t7_camo_loot_flecktarn_stealth
image,d#melee_slaybell_t8_camo_dlc3_assassin_icon
image,d#special_crossbow_t8_camo_india_wz_icon
image,#em_material_t7_camo_loot_jungle_earth
image,d#lmg_stealth_t8_camo_charlie_icon
image,d#shotgun_precision_t8_camo_mike_zm_icon
image,#hash_2e59f5c095a7b161
image,#menu_camo_transgression_pattern
image,d#melee_stopsign_t8_camo_echo_zm_icon
image,d#ui_icon_callingcards_mp_operations_precision_intheflow
image,d#uie_ui_icon_callingcards_zm_strategist_front_dust
image,d#lmg_standard_t8_camo_foxtrot_wz_icon
image,d#pistol_standard_t8_camo_november_zm_icon
image,d#ui_icon_callingcards_mp_prestige_equipment_combataxe
image,d#melee_demohammer_t8_camo_golf_icon
image,d#ui_icon_weapon_ar_damage_render_xl
image,#hash_2e71bae06f24e874
image,d#ar_standard_t8_camo_gold_icon
image,d#sniper_mini14_t8_camo_alfa_zm_icon
image,#hash_2e7bcdc34dafe6e9
image,d#pistol_standard_t8_camo_kilo_icon
image,d#tr_damageburst_t8_camo_charlie_zm_icon
image,d#pistol_revolver_t8_camo_kilo_icon
image,d#sniper_fastrechamber_t8_camo_foxtrot_icon
image,d#sniper_damagesemi_t8_camo_india_icon
image,d#ui_icon_callingcards_solo_battery
image,d#uie_air_fx_02
image,d#uie_air_fx_01
image,d#sniper_locus_t8_camo_kilo_zm_icon
image,#ui_icon_startmenu_option_network
image,d#hash_2e97a703c9046a0e
image,d#loot_ui_icon_stickers_random_01_large
image,d#hash_2e9f03f857c34bc3
image,#em_material_t7_camo_loot_jungle_cat
image,d#shotgun_precision_t8_camo_golf_wz_icon
image,d#ui_icon_callingcards_mp_dark_ops_relentless_killer_f
image,d#ar_damage_t8_camo_juliett_icon
image,d#ui_icon_callingcards_wz_darkops_closetheblastdoorsopen
image,d#pistol_revolver_t8_camo_lima_zm_icon
image,d#melee_amuletfist_t8_camo_juliett_zm_icon
image,d#dualoptic_1
image,d#dualoptic_0
image,d#dualoptic_3
image,d#dualoptic_2
image,d#dualoptic_5
image,d#dualoptic_4
image,d#dualoptic_7
image,d#dualoptic_6
image,d#dualoptic_9
image,d#dualoptic_8
image,d#uie_carbackgroud_flipbook
image,d#ui_icon_callingcards_mp_prestige_wildcards_perk_1_greed
image,d#smg_standard_t8_camo_active_take_it_personally_wrapper_icon
image,#em_boltcutter01
image,d#melee_secretsanta_t8_camo_foxtrot_icon
image,d#special_crossbow_t8_camo_bravo_zm_icon
image,d#hash_2ee24125007f67dd
image,d#loot_ui_icon_stickers_cute_monsters_1_large
image,d#ui_icon_callingcards_mp_dark_ops_gemmed_out
image,d#uie_code_bg
image,d#uie_arena_rank_banner_silver
image,d#ui_icon_callingcard_lovesack
image,d#uie_ui_icon_callingcards_signature_weapon_master_teethshines
image,d#ui_icon_zm_calling_tasks_perksused
image,d#special_ballisticknife_t8_dw_camo_india_zm_icon
image,d#ui_icon_callingcards_mp_dark_ops_mega_killer
image,d#ui_icon_callingcards_mp_prestige_equipment_snackattack
image,d#uie_propeller
image,d#hash_2f14bbca9ac0bb48
image,d#hash_2f1f0aacd3567f3e
image,d#hash_2f21502d8c9413e1
image,d#uie_dragon_background
image,d#hash_2f2364b0acdf1940
image,d#smg_minigun_t8_camo_diamond_icon
image,d#special_crossbow_t8_camo_juliett_zm_icon
image,d#ui_icon_callingcards_atvi_ambassador_tier_01
image,#hash_2f313581d28cd1d1
image,#ui_icon_emblems_corner
image,d#hash_2f384027de380f64
image,d#ar_standard_t8_camo_juliett_zm_icon
image,d#hash_2f41fcf86f5f7be0
image,d#ui_icon_callingcards_zm_hunter_13
image,d#hash_2f41fef86f5f7f46
image,d#hash_2f41fff86f5f80f9
image,d#hash_2f457ff86f629050
image,d#hash_2f4580f86f629203
image,d#hash_2f4581f86f6293b6
image,d#hash_2f4582f86f629569
image,d#hash_2f4583f86f62971c
image,d#hash_2f4585f86f629a82
image,d#hash_2f4586f86f629c35
image,d#hash_2f458bf86f62a4b4
image,d#hash_2f458cf86f62a667
image,#menu_em_material_blue_anodized
image,d#melee_club_t8_camo_lima_wz_icon
image,d#ui_icon_zm_calling_tasks_wpnspacked
image,d#knife_loadout_camo_golf_wz_icon
image,d#uie_ui_menu_specialist_hub_selectbox_empty
image,#hash_2f58cf10b0216df2
image,d#hash_2f617c327f60c367
image,d#sniper_powerbolt_t8_camo_alfa_zm_icon
image,d#hash_2f7074caf9658fde
image,d#ui_icon_meansofdeath_melee_xl
image,d#tr_powersemi_t8_camo_golf_zm_icon
image,#uie_success_icon
image,d#ui_icon_gear_c_t8_spe_gear_scorestreak
image,d#smg_minigun_t8_camo_november_wz_icon
image,#hash_2f8f8cbb0f00cadf
image,d#pistol_standard_t8_camo_dlc3_blowfish_icon
image,d#hash_2f95e432c508b0a5
image,d#hash_2f98c463a02c871c
image,d#ui_icon_mp_league_23_03_large
image,d#hash_2f9b9c2a73617522
image,d#shotgun_semiauto_t8_camo_echo_icon
image,#t7_decal_pattern_warpcheckers
image,d#uie_ui_icon_frontend_helptag_glow
image,#hash_2fa68c4d70b31652
image,d#hash_2fa699f5d0b9948c
image,d#loot_ui_icon_stickers_chromedout_1_large
image,d#ui_icon_callingcards_mp_prestige_gear_comsec_device
image,d#launcher_standard_t8_camo_lima_zm_icon
image,d#sniper_fastrechamber_t8_camo_dlc2_street_race_icon
image,#hash_2fb5b1a183f3796d
image,d#sniper_powerbolt_t8_camo_golf_wz_icon
image,d#hash_2fb8a1f8f4805c42
image,#hash_2fb8b390d1ef4514
image,d#sniper_fastrechamber_t8_camo_dlc2_blue_up_icon
image,d#smg_minigun_t8_camo_foxtrot_wz_icon
image,d#hash_2fc61de4c5d0b290
image,d#hash_2fc620e4c5d0b7a9
image,d#hash_2fc93a78541b61f2
image,d#ui_icon_gear_c_t8_spe_gear_medic
image,d#ar_damage_t8_camo_hotel_zm_icon
image,d#hash_2fe332bb652fb3da
image,d#uie_ui_icon_callingcards_mp_bootcamp_marksman_master_bandanna
image,d#shotgun_semiauto_t8_camo_november_icon
image,d#ui_icon_callingcards_zm_gauntlet_escape_gold
image,d#ui_icon_callingcards_mp_prestige_perks_engineer
image,d#tr_midburst_t8_camo_mike_zm_icon
image,d#uie_ui_menu_callingcards_robbery_bg
image,d#ui_icon_callingcards_mp_prestige_equipment_masterchef
image,d#ar_accurate_t8_camo_hotel_icon
image,d#hash_300b0df8a49f1cff
image,d#melee_stopsign_t8_camo_lima_zm_icon
image,d#sniper_damagesemi_t8_camo_charlie_icon
image,d#loot_ui_icon_stickers_cute_monsters_5_large
image,d#hash_301fe784d25a9f78
image,d#hash_301fea84d25aa491
image,d#lmg_spray_t8_camo_hotel_zm_icon
image,d#hash_3025fd1219c67099
image,d#tr_longburst_t8_camo_dlc3_stealth_seal_icon
image,#em_bolt02_full
image,d#loot_ui_icon_callingcards_zombiecamp_01
image,d#loot_ui_icon_callingcards_zombiecamp_03
image,d#loot_ui_icon_callingcards_zombiecamp_02
image,d#loot_ui_icon_callingcards_zombiecamp_05
image,d#loot_ui_icon_callingcards_zombiecamp_04
image,d#loot_ui_icon_callingcards_zombiecamp_07
image,d#loot_ui_icon_callingcards_zombiecamp_06
image,d#tr_damageburst_t8_camo_golf_wz_icon
image,d#smg_handling_t8_camo_active_dlc2_party_rock_wrapper_icon
image,d#tr_powersemi_t8_camo_kilo_icon
image,d#ui_icon_zm_callings_tacticalrifle
image,d#loot_ui_icon_sticker_torque_muertos_03_large
image,#hash_303a0c5f2daca6bf
image,#hash_3043160b992233d7
image,d#ui_icon_equipment_eq_seeker_mine
image,d#uie_ui_menu_start_menu_emblem
image,#em_material_t7_camo_bliss
image,d#hash_305ebf583f2d19cb
image,d#ui_icon_stickers_mp_league_05_04
image,d#ui_icon_stickers_mp_league_05_03
image,d#ui_icon_stickers_mp_league_05_01
image,d#ui_icon_stickers_mp_league_05_00
image,d#hash_306c399819b0ede9
image,d#lmg_spray_t8_camo_foxtrot_zm_icon
image,d#special_ballisticknife_t8_dw_camo_echo_icon
image,d#ui_icon_callingcards_mp_humiliation_master
image,d#ui_icon_callingcards_mp_weapon_proficiency_launcher
image,d#ar_damage_t8_camo_active_dlc3_mystic_01_icon
image,#t7_loot_decal_icon_king
image,d#ui_icon_callingcards_mp_bootcamp_comando
image,d#loot_ui_icon_stickers_retro_media_5_large
image,d#lmg_heavy_t8_camo_november_zm_icon
image,d#hash_30946045ed7b76c0
image,d#ui_icon_mp_league_10_01_large
image,d#uie_ui_menu_callingcards_prestigemaster_victim
image,d#loot_ui_icon_stickers_random_35_large
image,d#smg_fastfire_t8_camo_india_wz_icon
image,d#hash_30a2fc2ca9c0ef1a
image,d#melee_demohammer_t8_camo_gold_icon
image,d#pistol_fullauto_t8_camo_juliett_zm_icon
image,d#hash_30adeb7263eb8ca8
image,d#melee_cutlass_t8_camo_gold_icon
image,d#ar_damage_t8_camo_mike_icon
image,d#tr_flechette_t8_camo_echo_zm_icon
image,d#special_crossbow_t8_camo_hotel_icon
image,d#uie_ui_menu_social_popup_list_frame_box
image,d#loot_ui_icon_sticker_nomad_muertos_01_large
image,d#ui_icon_callingcards_mp_mode_killer_onslaught
image,d#special_ballisticknife_t8_dw_camo_hotel_wz_icon
image,d#melee_zombiearm_t8_camo_november_zm_icon
image,d#uie_ui_icon_callingcards_fairytale_smoke
image,d#hash_30f114e4477d4482
image,#img_comms_dashes
image,d#smg_handling_t8_camo_active_dlc3_mystic_01_icon
image,d#melee_demohammer_t8_camo_alfa_zm_icon
image,#uie_t7_menu_frontend_buttonfocusfull
image,d#lmg_stealth_t8_camo_foxtrot_zm_icon
image,d#sniper_damagesemi_t8_camo_golf_wz_icon
image,d#ui_icon_mp_league_26_04_large
image,d#smg_capacity_t8_camo_charlie_icon
image,d#sniper_powersemi_t8_camo_bravo_wz_icon
image,d#shotgun_pump_t8_camo_bravo_icon
image,d#tr_powersemi_t8_camo_dlc3_assassin_icon
image,d#uie_cc_bottomroad
image,d#hash_3136981b758bd87a
image,d#ar_standard_t8_camo_november_icon
image,d#hash_313cae24f58df612
image,d#shotgun_fullauto_t8_camo_hotel_icon
image,d#hash_31405336232311aa
image,d#hash_3140c152368d8c01
image,d#ar_doublebarrel_t8_camo_foxtrot_wz_icon
image,#menu_em_material_steel
image,d#smg_folding_t8_camo_diamond_icon
image,d#shotgun_pump_t8_camo_alfa_zm_icon
image,d#uie_ui_hud_core_waypoint_led
image,d#hash_315ef2f10a03c099
image,d#ui_icon_callingcards_wz_vehicular_pirate
image,d#hash_31604aa9b7b913f7
image,d#uie_ui_icon_callingcards_mp_bootcamp_marksman_master_dudehands
image,#hash_31675dd2bcf8bcbd
image,d#smg_capacity_t8_camo_echo_icon
image,d#ar_accurate_t8_camo_mike_icon
image,d#hash_316df571581b9b12
image,d#tr_midburst_t8_camo_lima_zm_icon
image,d#ui_icon_callingcards_mp_operations_killjoys_debuffed
image,d#hash_317c60de9eb34aee
image,d#smg_capacity_t8_camo_juliett_wz_icon
image,d#lmg_standard_t8_camo_juliett_icon
image,d#uie_ui_menu_store_common_frame
image,d#ui_icon_mp_league_26_02_large
image,d#uie_ui_icon_callingcards_zm_survivalist_backwebbing
image,d#melee_cutlass_t8_camo_foxtrot_icon
image,#hash_31b08016b8d82ca5
image,d#ui_icon_callingcards_mp_marksman_primary_expert
image,d#hash_31b9c1182175e75d
image,d#hash_31bc10fda1a80f6e
image,#t7_store_product
image,d#pistol_standard_t8_camo_sig02_icon
image,d#tr_damageburst_t8_camo_echo_wz_icon
image,d#uie_ui_icon_callingcards_professional_master_background
image,d#pistol_fullauto_t8_camo_golf_zm_icon
image,d#ar_stealth_t8_camo_hotel_zm_icon
image,d#ui_icon_mp_league_19_02b
image,d#ui_icon_attachment_reflex
image,d#uie_ui_hud_wz_hud_revive_bar_empty
image,d#tr_midburst_t8_camo_juliett_icon
image,d#lmg_heavy_t8_camo_foxtrot_wz_icon
image,d#ui_icon_mp_league_expert_bronze
image,d#launcher_standard_t8_camo_echo_wz_icon
image,d#uie_ui_icon_callingcard_zombie_hunter_elephant
image,d#sniper_fastrechamber_t8_camo_kilo_wz_icon
image,d#tr_powersemi_t8_camo_foxtrot_zm_icon
image,d#lmg_spray_t8_camo_india_icon
image,d#hash_321351efb3c14c16
image,d#hash_321855155002c9b5
image,d#sniper_mini14_t8_camo_foxtrot_zm_icon
image,d#sniper_fastrechamber_t8_camo_hotel_wz_icon
image,d#pistol_standard_t8_camo_dlc2_blue_up_icon
image,d#hash_322074856f63c7f3
image,d#uie_ui_icon_callingcard_zombie_hunter_rocks
image,d#hash_3236162fab3d4671
image,d#shotgun_precision_t8_camo_lima_zm_icon
image,#ui_icon_startmenu_option_muting
image,d#ar_galil_t8_camo_golf_zm_icon
image,d#pistol_burst_t8_camo_mike_wz_icon
image,d#lmg_standard_t8_camo_charlie_wz_icon
image,#t7_loot_decal_icon_icecream
image,d#uie_gunfire_highlight
image,d#tr_longburst_t8_camo_delta_zm_icon
image,d#loot_ui_icon_sticker_torque_warrior_01_large
image,d#uie_st_patricks_frame_02_clover1
image,d#uie_st_patricks_frame_02_clover2
image,#uie_korea_ratinglogo_15
image,#uie_korea_ratinglogo_18
image,#hash_325ad97a74f6c58d
image,d#uie_ui_menu_callingcards_crimewave_backdust
image,#hash_326542c611ff5397
image,d#hash_32664ad15411759a
image,d#ui_icon_callingcards_mp_mode_killer_greedy
image,d#hash_32746783ded043b2
image,d#ar_doublebarrel_t8_camo_diamond_icon
image,d#smg_fastfire_t8_camo_lima_zm_icon
image,d#pistol_standard_t8_camo_mike_icon
image,d#hash_32799da8610f3b1b
image,d#hash_32799ea8610f3cce
image,d#hash_327a4adce2d60323
image,d#loot07_ui_icon_blackmarket_itemshop_bundle_tedd
image,#hash_3285ce171e8bb994
image,#em_circle02_full
image,d#shotgun_semiauto_t8_camo_charlie_icon
image,d#smg_standard_t8_camo_hotel_icon
image,d#ui_icon_callingcards_mp_prestige_equipment_molotov
image,d#hash_329556e9764de4de
image,d#uie_fire_glow
image,d#loot_ui_icon_sticker_zero_persian_raider_03
image,d#loot_ui_icon_sticker_zero_persian_raider_01
image,d#pistol_fullauto_t8_camo_juliett_wz_icon
image,d#smg_accurate_t8_camo_hotel_zm_icon
image,#menu_camo_huntsman_pattern
image,d#sniper_quickscope_t8_camo_delta_zm_icon
image,d#hash_32c6d2c4f5302aef
image,#hash_32c7945b56eb1091
image,d#sniper_mini14_t8_camo_bravo_icon
image,d#special_ballisticknife_t8_dw_camo_india_wz_icon
image,d#loot_ui_icon_stickers_monsterjunkfood_3_large
image,d#ui_icon_callingcards_mp_career_gamevictories_bountyhunter
image,d#uie_ui_menu_callingcards_snake_gods_snakehead
image,d#ui_icon_mp_league_21_03_large
image,#hash_32db5c2e6deede4e
image,d#hash_32e1b6efdc75bbc5
image,d#melee_demohammer_t8_camo_hotel_icon
image,d#hash_32f34216c71bef02
image,d#hash_32f80af66c054f97
image,d#hash_32fae4967b6b3dd1
image,d#smg_fastburst_t8_camo_lima_icon
image,d#ui_icon_mp_league_06_02b
image,#t7_decal_pattern_camo_lrg
image,d#tr_damageburst_t8_camo_delta_icon
image,d#melee_secretsanta_t8_camo_juliett_wz_icon
image,d#hash_3327bf2f86887aa7
image,d#hash_3327cc44f9337eef
image,#t7_loot_decal_icon_lotus
image,d#melee_amuletfist_t8_camo_gold_icon
image,d#loot_ui_icon_stickers_vacation_hotels_04
image,d#loot_ui_icon_stickers_vacation_hotels_05
image,d#loot_ui_icon_stickers_vacation_hotels_06
image,d#loot_ui_icon_stickers_vacation_hotels_01
image,d#loot_ui_icon_stickers_vacation_hotels_02
image,d#loot_ui_icon_stickers_vacation_hotels_03
image,d#melee_zombiearm_t8_camo_kilo_wz_icon
image,d#lmg_spray_t8_camo_lima_wz_icon
image,d#ui_icon_mp_league_27_02b
image,d#ui_icon_callingcards_zm_strategist_12
image,d#ui_icon_callingcards_zm_strategist_13
image,d#ui_icon_callingcards_zm_strategist_10
image,d#ui_icon_callingcards_zm_strategist_11
image,d#ui_icon_mp_league_17_04_large
image,d#ui_icon_callingcards_zm_strategist_09
image,d#ui_icon_callingcards_zm_strategist_08
image,d#ui_icon_callingcards_zm_strategist_01
image,d#ui_icon_callingcards_zm_strategist_03
image,d#ui_icon_callingcards_zm_strategist_02
image,d#ui_icon_callingcards_zm_strategist_05
image,d#ui_icon_callingcards_zm_strategist_04
image,d#ui_icon_callingcards_zm_strategist_07
image,d#ui_icon_callingcards_zm_strategist_06
image,#uie_pc_igrevent_weekprogression_star_empty
image,d#uie_ui_menu_contracts_ring_glow_complete
image,d#uie_ui_menu_callingcards_invasion_beam
image,d#pistol_burst_t8_camo_dlc2_blue_up_icon
image,d#ar_standard_t8_camo_foxtrot_icon
image,d#lmg_standard_t8_camo_active_dlc3_mystic_01_icon
image,d#sniper_powerbolt_t8_camo_charlie_wz_icon
image,d#hash_3365fce9119c3713
image,d#hash_3365fde9119c38c6
image,d#hash_3365fee9119c3a79
image,d#hash_3365ffe9119c3c2c
image,d#shotgun_fullauto_t8_camo_kilo_wz_icon
image,d#hash_3373ae7ca3db4b97
image,d#shotgun_semiauto_t8_camo_hotel_icon
image,d#loot_ui_icon_stickers_monkey_brainy_large
image,d#sniper_quickscope_t8_camo_lima_zm_icon
image,d#lmg_heavy_t8_camo_november_icon
image,d#hash_33875e468dc9b38d
image,d#hash_3388b9917cc76f16
image,d#hash_3393f090a0e3269d
image,d#tr_longburst_t8_camo_juliett_wz_icon
image,d#uie_soldier
image,d#hash_33a1f2a5fd863e86
image,d#tr_damageburst_t8_camo_mike_wz_icon
image,d#hash_33ad201166965b8c
image,d#ar_stealth_t8_camo_golf_icon
image,d#hash_33b528ed9c56cdc1
image,d#zm_calling_tasks_xkills
image,d#special_crossbow_t8_camo_hotel_wz_icon
image,#hash_33bdfc80485d608b
image,d#lmg_stealth_t8_camo_echo_wz_icon
image,d#smg_capacity_t8_camo_foxtrot_icon
image,d#tr_powersemi_t8_camo_november_wz_icon
image,d#hash_33cbfd485760083e
image,#em_male_full
image,d#lmg_spray_t8_camo_dlc2_street_race_icon
image,d#tr_flechette_t8_camo_mike_icon
image,#hash_33dabd602d9957b6
image,d#tr_longburst_t8_camo_dlc2_street_race_icon
image,d#tr_midburst_t8_camo_mike_icon
image,#em_prestige02a_full
image,d#ui_icon_callingcards_mp_support_streak_inbound
image,d#tr_flechette_t8_camo_mike_zm_icon
image,d#sniper_powersemi_t8_camo_juliett_icon
image,d#ui_icon_weapon_tr_flechette_render
image,d#hash_33fa774fe4aa0a52
image,d#melee_coinbag_t8_camo_golf_zm_icon
image,d#ui_icon_callingcards_wz_survivalist_ex_pert
image,d#pistol_fullauto_t8_camo_charlie_wz_icon
image,#hash_34184c5f82db45ae
image,d#smg_accurate_t8_camo_active_dlc3_mystic_01_icon
image,d#smg_accurate_t8_camo_lima_wz_icon
image,#em_curvedline_full
image,d#hash_34276dacaf96bc73
image,d#hash_342e6847e07cd581
image,d#lmg_standard_t8_camo_hotel_wz_icon
image,d#sniper_powerbolt_t8_camo_active_dlc3_mystic_01_icon
image,d#uie_ui_icon_callingcards_wz_insigniaechelons_master_snake_sheen
image,d#ar_peacekeeper_t8_camo_golf_wz_icon
image,d#hash_34464f7b7dc299c6
image,d#hash_345224032b2e48b5
image,#hash_345635678969b61e
image,d#ui_icon_callingcards_zm_prestige_dragon
image,d#ui_icon_callingcards_mp_career_game_heroics_preventative_measures
image,d#hash_345f43cfa8e592d0
image,d#ui_icon_callingcards_mp_ground_assault_on_point
image,d#pistol_burst_t8_camo_alfa_icon
image,d#hash_34685c20f2a52b3b
image,d#loot_ui_icon_stickers_nomad_robber_02
image,d#loot_ui_icon_stickers_nomad_robber_01
image,d#ar_accurate_t8_camo_active_take_it_personally_wrapper_icon
image,d#melee_amuletfist_t8_camo_delta_icon
image,d#hash_347a0a3b39581bb6
image,d#ar_fastfire_t8_camo_hotel_wz_icon
image,d#hash_3489edbc14fb1ab8
image,d#ui_icon_mp_league_24_02b_large
image,d#hash_3497e3faea3f47d4
image,d#smg_fastfire_t8_camo_juliett_icon
image,#safe_area_arrow
image,d#melee_coinbag_t8_camo_mike_icon
image,d#uie_ui_menu_callingcards_steampunk_glow
image,d#hash_349f397a9a5bb7c1
image,d#hash_34a51039d0ba2444
image,d#hash_34a908f13e12b138
image,d#lmg_spray_t8_camo_golf_wz_icon
image,d#uie_ui_icon_callingcards_zm_darkops_light_ghost
image,d#smg_capacity_t8_camo_bravo_zm_icon
image,d#ui_icon_scorestreaks_air_razorback
image,d#melee_slaybell_t8_camo_juliett_zm_icon
image,d#ui_icon_weapon_ar_stealth_mk2_render
image,d#ui_icon_mp_league_advanced_gold
image,#hash_34ceaae9448af3c3
image,d#tr_midburst_t8_camo_echo_zm_icon
image,d#ui_icon_mp_league_10_02_large
image,d#smg_fastburst_t8_camo_november_zm_icon
image,d#hash_34d88f7b856f9c57
image,d#tr_flechette_t8_camo_echo_icon
image,d#lmg_stealth_t8_camo_charlie_wz_icon
image,d#special_crossbow_t8_camo_lima_wz_icon
image,d#uie_pc_bnetstore_treyarchlogo
image,d#uie_gang
image,#hash_350884220c57690c
image,d#ar_accurate_t8_camo_active_dlc3_mystic_wrapper_icon
image,d#ui_icon_meansofdeath_crushed_xl
image,#hash_3511dc956cdedec5
image,d#sniper_damagesemi_t8_camo_echo_icon
image,d#ui_icon_mp_league_18_02b_large
image,d#lmg_stealth_t8_camo_november_icon
image,d#knife_loadout_camo_dlc3_assassin_icon
image,#hash_35254846f6a4b52e
image,d#ar_modular_t8_camo_active_dlc1_plasma_drive_wrapper_icon
image,d#uie_st_patricks_frame_02_bg
image,d#shotgun_semiauto_t8_camo_kilo_icon
image,#hash_35317fd2d3a2befc
image,d#ui_icon_mp_league_04_02b_large
image,d#ar_fastfire_t8_camo_kilo_wz_icon
image,d#smg_standard_t8_camo_india_wz_icon
image,#hash_353fb5cce53f79c8
image,d#special_ballisticknife_t8_dw_camo_lima_zm_icon
image,d#hash_3543d441f2a7f0f3
image,d#pistol_standard_t8_camo_dlc2_street_race_icon
image,d#uie_ui_icon_callingcards_operations_humiliation_unforgiving_background
image,#hash_3551ecb1872d4924
image,d#ui_icon_equipment_gadget_supplypod
image,d#ui_icon_mp_league_advanced_silver_large
image,#uie_t7_menu_frontend_featuredframeum
image,d#ui_icon_attachment_rapidfire
image,#hash_356c05dafcdcebb7
image,d#sniper_locus_t8_camo_mike_zm_icon
image,d#melee_slaybell_t8_camo_foxtrot_icon
image,d#hash_3571da81e7dba8c9
image,d#loot_ui_icon_callingcards_post_apocalyptic_02
image,d#loot_ui_icon_callingcards_post_apocalyptic_03
image,d#loot_ui_icon_callingcards_post_apocalyptic_01
image,d#loot_ui_icon_callingcards_post_apocalyptic_06
image,d#loot_ui_icon_callingcards_post_apocalyptic_04
image,d#loot_ui_icon_callingcards_post_apocalyptic_05
image,#ui_icon_emblems_teeth
image,d#shotgun_semiauto_t8_camo_dlc3_board_shorts_icon
image,d#ui_icon_wildcard_secondarygunfighter03_large
image,d#ar_accurate_t8_camo_active_dlc3_celestial_wrapper_icon
image,d#loot_ui_icon_callingcards_fairytales_01
image,d#loot_ui_icon_callingcards_fairytales_02
image,d#loot_ui_icon_callingcards_fairytales_03
image,d#loot_ui_icon_callingcards_fairytales_04
image,d#loot_ui_icon_callingcards_fairytales_05
image,d#loot_ui_icon_callingcards_fairytales_06
image,d#loot_ui_icon_callingcards_fairytales_07
image,d#shotgun_semiauto_t8_camo_hotel_wz_icon
image,d#ui_icon_attachment_bandolier
image,d#hash_359562be581b17a4
image,d#uie_ui_menu_inspection_bg_element_boxes01
image,d#ui_icon_callingcards_mp_support_uav_support
image,d#hash_359ec7f1df895c57
image,d#ui_icon_callingcards_mp_career_tour_of_duty_hardcore_superior
image,#keyarrowdown
image,d#ar_doublebarrel_t8_camo_golf_wz_icon
image,d#launcher_standard_t8_camo_alfa_wz_icon
image,d#shotgun_fullauto_t8_camo_mike_icon
image,d#hash_35b7fc5462ce5487
image,d#ar_peacekeeper_t8_camo_lima_icon
image,d#knife_loadout_camo_alfa_zm_icon
image,d#smg_minigun_t8_camo_kilo_zm_icon
image,#uie_t7_cp_hud_vehicle_ground_vignette2
image,d#hash_35dc278d139a7c8a
image,d#hash_35dce0b6d140d15a
image,d#tr_longburst_t8_camo_active_dlc3_mystic_01_icon
image,d#hash_35e34df2a00f2169
image,d#ui_icon_callingcards_mp_operations_humiliation_boink
image,d#hash_35ec0439b6855569
image,#xenon_stick_move_turn
image,d#ar_modular_t8_camo_charlie_zm_icon
image,d#hash_35f62cb25ed87a2e
image,d#ui_icon_mp_league_expert_silver
image,d#sniper_powersemi_t8_camo_echo_wz_icon
image,d#uie_ui_icon_callingcards_backout_100percent_bg
image,d#hash_360085279a89449d
image,d#loot_ui_icon_callingcards_twistedcircus_master
image,d#sniper_damagesemi_t8_camo_delta_zm_icon
image,#hash_3616e17ce921ae9b
image,d#hash_36263423bc867f64
image,#t7_loot_decal_icon_lips
image,d#hash_362cb51a2fc53990
image,d#melee_club_t8_camo_alfa_zm_icon
image,d#ui_icon_callingcards_mp_prestige_prestige_modernsoldier
image,d#uie_warrior
image,d#hash_36403640ca02a823
image,d#smg_accurate_t8_camo_india_icon
image,d#ui_icon_callingcards_wz_survivalist_armored_up
image,d#smg_folding_t8_camo_dlc3_assassin_icon
image,d#melee_secretsanta_t8_camo_november_icon
image,d#uie_ui_menu_loadingbar_fill_zm
image,d#hash_365f88087bdd6d71
image,#uie_pc_igrevent_tieracquired_token_glow
image,d#ui_icon_attachment_saug_opmod_dual_wield
image,d#melee_secretsanta_t8_camo_kilo_icon
image,d#uie_ui_icon_callingcards_operations_humiliation_unforgiving_rays
image,d#smg_minigun_t8_camo_bravo_zm_icon
image,#hash_36918d5be4904425
image,d#ar_galil_t8_camo_november_icon
image,d#sniper_powersemi_t8_camo_golf_wz_icon
image,d#uie_ui_icon_callingcards_zm_elixirs_talismans_mist
image,d#uie_plane
image,d#ui_icon_callingcards_mp_prestige_efficiency_position_secure
image,d#ui_icon_callingcards_mp_prestige_gear_master_final
image,d#hash_36ac4a17a0dc3dc5
image,d#lmg_heavy_t8_camo_juliett_icon
image,d#launcher_standard_t8_camo_foxtrot_zm_icon
image,d#ui_icon_callingcards_wz_survivalist_hard_end
image,d#hash_36c062b1e7386f72
image,d#uie_arena_rank_banner_platinum
image,d#tr_midburst_t8_camo_kilo_zm_icon
image,#em_material_steel_dark
image,d#hash_36d5922057fe8762
image,d#uie_lazer_flipbook
image,d#uie_ui_icon_callingcards_dystopian_eyeglow
image,#em_ar_perfect
image,d#hash_36e236d3e8f03afb
image,#voice_off
image,d#lmg_standard_t8_camo_dlc3_board_shorts_icon
image,d#uie_green_mist
image,d#hash_36ed8b10ee5ac7e2
image,d#loot07_ui_icon_blackmarket_itemshop_brutus
image,d#sniper_fastrechamber_t8_camo_november_wz_icon
image,d#ui_icon_attachment_holo
image,d#lmg_spray_t8_camo_dlc3_blowfish_icon
image,d#ui_icon_weapon_smg_fastburst_render
image,d#ui_icon_callingcards_zm_survivalist_20
image,d#ui_icon_callingcards_zm_survivalist_14
image,d#ui_icon_callingcards_zm_survivalist_15
image,d#ui_icon_callingcards_zm_survivalist_12
image,d#ui_icon_callingcards_zm_survivalist_13
image,d#ui_icon_callingcards_zm_survivalist_10
image,d#ui_icon_callingcards_zm_survivalist_19
image,d#melee_club_t8_camo_charlie_zm_icon
image,d#ui_icon_callingcards_zm_survivalist_08
image,d#ui_icon_callingcards_zm_survivalist_01
image,d#ui_icon_callingcards_zm_survivalist_03
image,d#ui_icon_callingcards_zm_survivalist_02
image,d#ui_icon_callingcards_zm_survivalist_05
image,d#ui_icon_callingcards_zm_survivalist_06
image,#em_material_t7_camo_loot_dante_hallucination
image,d#sniper_powerbolt_t8_camo_bravo_icon
image,d#smg_folding_t8_camo_juliett_zm_icon
image,d#smg_vmp_t8_camo_foxtrot_zm_icon
image,d#ui_icon_callingcards_solo_jessica_dead
image,#t7_decal_icon_eyeball
image,d#hash_37146fac7c03a7d8
image,d#hash_37152f23233b0cdf
image,d#ar_accurate_t8_camo_sig02_icon
image,d#ui_icon_attachment_2roundburst
image,d#ui_icon_mp_league_19_04_large
image,d#ui_icon_callingcards_mp_prestige_prestige_badass
image,d#ar_doublebarrel_t8_camo_juliett_zm_icon
image,d#sniper_mini14_t8_camo_kilo_wz_icon
image,d#tr_midburst_t8_camo_dlc3_board_shorts_icon
image,d#smg_standard_t8_camo_foxtrot_icon
image,d#hash_373d2755b0aade15
image,d#knife_loadout_camo_echo_icon
image,d#melee_cutlass_t8_camo_golf_icon
image,d#smg_vmp_t8_camo_bravo_icon
image,d#hash_374e8b32f52987a3
image,d#ar_standard_t8_camo_echo_wz_icon
image,d#ui_icon_callingcards_league_rank_30
image,d#ui_icon_callingcards_league_rank_20
image,d#ui_icon_callingcards_league_rank_25
image,d#ui_icon_callingcards_league_rank_15
image,d#ui_icon_callingcards_league_rank_10
image,d#lmg_standard_t8_camo_lima_zm_icon
image,d#smg_accurate_t8_camo_bravo_wz_icon
image,d#smg_folding_t8_camo_golf_zm_icon
image,d#uie_glows
image,d#smg_capacity_t8_camo_golf_wz_icon
image,d#loot_ui_icon_callingcards_muertos_outrider
image,d#ui_icon_mp_league_18_04_large
image,d#melee_zombiearm_t8_camo_charlie_wz_icon
image,d#pistol_burst_t8_camo_lima_zm_icon
image,d#hash_379167a282a093c5
image,d#lmg_heavy_t8_camo_charlie_icon
image,d#hash_37abdf0a6e70131b
image,d#tr_powersemi_t8_camo_golf_icon
image,d#uie_ui_icon_callingcards_assassin_bg
image,d#uie_ui_icon_callingcards_zm_survivalist_spiderteeth
image,d#smg_minigun_t8_camo_hotel_icon
image,d#ui_icon_callingcards_mp_gamevictories_freeforallvictor
image,d#ui_icon_weapon_ar_modular_view_xl
image,d#lmg_heavy_t8_camo_golf_zm_icon
image,d#holo_2
image,d#holo_3
image,d#holo_0
image,d#holo_1
image,d#holo_6
image,d#holo_7
image,d#holo_4
image,d#holo_5
image,d#holo_8
image,d#holo_9
image,d#sniper_powerbolt_t8_camo_juliett_wz_icon
image,#menu_camo_woodlums_pattern
image,#hash_37e1a7206a8a82bb
image,#em_streak_opportunistic
image,d#shotgun_semiauto_t8_camo_charlie_wz_icon
image,d#tr_powersemi_t8_camo_mike_icon
image,d#hash_37ebf65b6076f60b
image,d#melee_coinbag_t8_camo_india_wz_icon
image,d#shotgun_semiauto_t8_camo_mike_wz_icon
image,d#melee_zombiearm_t8_camo_golf_wz_icon
image,d#lmg_stealth_t8_camo_hotel_wz_icon
image,d#ui_icon_weapon_sniper_locus_render
image,#em_dog1_full
image,d#ui_icon_mp_league_19_01_large
image,d#uie_ui_icon_callingcards_wz_vehicular_master_head
image,d#sniper_quickscope_t8_camo_india_wz_icon
image,#hash_38097835abd36837
image,d#ui_icon_callingcards_mp_career_game_heroics_wipeout
image,#ui_icon_emblems_crosshatch
image,d#ar_stealth_t8_camo_november_icon
image,d#hash_38180cb1a37a9135
image,d#melee_club_t8_camo_golf_icon
image,d#hash_3828e8f7a5308585
image,#t7_decal_pattern_sharp
image,#t7_loot_decal_icon_duck
image,d#ui_icon_callingcards_mp_operations_humiliation_backfire
image,#hash_3839bb387ce36529
image,d#uie_ui_icon_callingcards_mp_100percent_snarl
image,d#hash_383e5f2612d0fb78
image,#em_material_t7_camo_ardent
image,d#hash_38463ac9eb7cfebe
image,d#uie_ui_menu_callingcards_heavymetal_bg
image,d#ar_accurate_t8_camo_foxtrot_zm_icon
image,d#pistol_burst_t8_camo_november_wz_icon
image,d#melee_zombiearm_t8_camo_lima_icon
image,d#loot_ui_icon_stickers_demohammer
image,d#hash_387acd3721f0473c
image,#hash_387bd7280f3ff251
image,#hash_387c65f4b2cf1f73
image,#hash_387c66f4b2cf2126
image,#t7_loot_decal_icon_spades
image,d#ui_icon_mp_league_28_02b_large
image,#ui_arrow_right
image,d#melee_zombiearm_t8_camo_darkmatter_02_icon
image,d#tr_longburst_t8_camo_juliett_icon
image,d#hash_389c5ebbc0d77662
image,d#ar_modular_t8_camo_hotel_wz_icon
image,d#ar_modular_t8_camo_gold_icon
image,d#hash_38a12d7d20e1e637
image,d#hash_38a1b076d5aa2e6c
image,#t7_loot_decal_icon_panther
image,d#hash_38a9821dca93cc01
image,d#hash_38b0d56c15e504f4
image,d#hash_38b2b1613b63fede
image,d#melee_amuletfist_t8_camo_echo_zm_icon
image,d#melee_club_t8_camo_charlie_icon
image,d#hash_38bac0dcfaeeacd7
image,#hash_38be91558326b7a5
image,d#ui_icon_mp_league_29_02_large
image,d#ui_icon_callingcards_mp_gamevictories_bountyhunterwins
image,d#hash_38c7be53e64806d0
image,d#ar_damage_t8_camo_india_wz_icon
image,d#hash_38ca0a1ddd036c28
image,d#melee_stopsign_t8_camo_mike_icon
image,d#lmg_standard_t8_camo_kilo_icon
image,#menu_camo_contagious_pattern
image,d#tr_midburst_t8_camo_charlie_wz_icon
image,d#shotgun_precision_t8_camo_november_wz_icon
image,d#tr_flechette_t8_camo_delta_wz_icon
image,d#hash_38f5e13a2f0a397b
image,d#ar_damage_t8_camo_foxtrot_zm_icon
image,d#hash_38fd115b14e4eead
image,d#smg_folding_t8_camo_india_zm_icon
image,d#uie_ui_menu_social_popup_list_frame_top
image,d#smg_fastburst_t8_camo_november_icon
image,d#smg_accurate_t8_camo_foxtrot_icon
image,d#melee_coinbag_t8_camo_echo_zm_icon
image,d#shotgun_pump_t8_camo_delta_wz_icon
image,d#ar_damage_t8_camo_dlc2_blue_up_icon
image,d#pistol_burst_t8_camo_mike_icon
image,d#uie_ui_menu_callingcards_stpatricks_f1_ruin
image,#menu_camo_chameleon_pattern
image,d#ui_icon_callingcards_mp_career_tour_of_duty_master
image,d#tr_damageburst_t8_camo_kilo_icon
image,d#ui_icon_callingcards_mp_operations_killjoys_notthistime
image,d#sniper_quickscope_t8_camo_kilo_icon
image,d#ar_standard_t8_camo_dlc3_assassin_icon
image,d#hash_395ac5f563413492
image,d#ar_accurate_t8_camo_charlie_wz_icon
image,d#lmg_heavy_t8_camo_alfa_zm_icon
image,d#sniper_powersemi_t8_camo_dlc2_street_race_icon
image,d#loot_ui_icon_sticker_ajax_muertos_02_large
image,d#shotgun_semiauto_t8_camo_foxtrot_wz_icon
image,d#smg_fastfire_t8_camo_alfa_icon
image,d#ui_icon_mp_league_27_03_large
image,d#hash_397c8884c059ed2a
image,d#launcher_standard_t8_camo_hotel_wz_icon
image,d#hash_397de39ba6e31753
image,d#melee_cutlass_t8_camo_echo_wz_icon
image,d#hash_397ea79f5c31fa59
image,d#smg_accurate_t8_camo_hotel_icon
image,d#uie_windsail
image,d#tr_longburst_t8_camo_foxtrot_zm_icon
image,d#hash_399fb04f8e46e58d
image,d#hash_39a505ae4cc4e4a1
image,d#ui_icon_weapon_smg_folding_render
image,d#hash_39add2842c75af0e
image,d#hash_39b17a14c2eda9f0
image,#uie_sliderbar_handle_alt
image,d#hash_39b539d68a61dfa3
image,d#uie_captain_arm
image,d#ar_an94_t8_camo_kilo_wz_icon
image,d#ar_doublebarrel_t8_camo_echo_icon
image,#hash_39ca91e96b888015
image,d#hash_39cb47a4ff976c1c
image,d#sniper_locus_t8_camo_juliett_icon
image,d#lmg_stealth_t8_camo_mike_zm_icon
image,d#uie_ui_icon_callingcards_zm_miscellaneous_01_animation
image,d#uie_ui_menu_callingcards_prestigemaster_bg.png
image,d#sniper_locus_t8_camo_delta_icon
image,#em_soldier_back01
image,d#hash_39f6adb67d5069cd
image,d#pistol_burst_t8_camo_kilo_zm_icon
image,d#hash_39fd6ca713a3d96c
image,#hash_39ff5214d3f6d38a
image,#uie_t7_menu_frontend_buttonpanelfull
image,d#ui_icon_weapon_lmg_stealth_mk2_render
image,d#smg_capacity_t8_camo_foxtrot_zm_icon
image,#hash_3a17ddb7761a2573
image,d#ar_accurate_t8_camo_dlc2_street_race_icon
image,#em_material_t7_camo_heatstroke
image,d#hash_3a26df5787c56101
image,d#shotgun_semiauto_t8_camo_juliett_zm_icon
image,d#hash_3a2beb8f476e1502
image,d#lmg_spray_t8_camo_juliett_icon
image,d#shotgun_pump_t8_camo_dlc2_street_race_icon
image,d#hash_3a3600ecdda33ed1
image,d#shotgun_semiauto_t8_camo_dlc3_blowfish_icon
image,d#loot_ui_icon_stickers_toolsofthetrade_06
image,d#loot_ui_icon_stickers_toolsofthetrade_04
image,d#loot_ui_icon_stickers_toolsofthetrade_05
image,d#loot_ui_icon_stickers_toolsofthetrade_02
image,d#loot_ui_icon_stickers_toolsofthetrade_03
image,d#loot_ui_icon_stickers_toolsofthetrade_01
image,d#shotgun_semiauto_t8_camo_dlc2_blue_up_icon
image,d#ar_modular_t8_camo_dlc3_shark_plaque_icon
image,d#hash_3a4fb292ae75a3c4
image,d#hash_3a54a27bdc1c220a
image,d#melee_club_t8_camo_darkmatter_02_icon
image,#hash_3a615ab875b249e1
image,d#hash_3a642a4a25c27195
image,d#uie_ui_icon_callingcards_fairytale_hans
image,d#hash_3a6e1d35aed16dd3
image,d#shotgun_fullauto_t8_camo_dlc3_assassin_icon
image,d#ui_icon_callingcards_wz_darkops_fistfighter
image,#menu_em_material_copper
image,d#uie_ui_menu_contracts_bg_art
image,d#melee_coinbag_t8_camo_bravo_zm_icon
image,#t7_icon_unlock_overlays
image,d#lmg_spray_t8_camo_charlie_wz_icon
image,d#melee_coinbag_t8_camo_lima_wz_icon
image,d#hash_3a8e0b596f814bb8
image,#hash_3a8f5bd485ae5101
image,d#hash_3a9add9163036b68
image,d#hash_3a9ade9163036d1b
image,d#hash_3a9adf9163036ece
image,d#hash_3a9ae291630373e7
image,d#hash_3a9ae3916303759a
image,d#hash_3a9ae4916303774d
image,d#lmg_stealth_t8_camo_hotel_icon
image,#img_comms_arc
image,#t7_icon_unlock_overlays_bkg
image,#hash_3aa7b5711356fde9
image,d#hash_3aa94b036ae68117
image,d#ar_an94_t8_camo_bravo_wz_icon
image,d#hash_3ab124c0476d943f
image,d#ui_icon_mp_league_10_03_large
image,d#ui_icon_callingcards_mp_mode_killer_master
image,d#ui_icon_callingcards_mp_career_gamevictories_searchanddestroy
image,#hash_3ac1bc617fd2cf48
image,d#melee_slaybell_t8_camo_bravo_zm_icon
image,d#ar_peacekeeper_t8_camo_lima_wz_icon
image,#hash_3ad6601c498dd5fc
image,d#ar_accurate_t8_camo_gold_icon
image,d#pistol_standard_t8_camo_november_wz_icon
image,#t7_decal_pattern_wavy
image,#menu_camo_scorch_contrast_pattern
image,d#hash_3ae79448c108824b
image,d#ui_icon_callingcards_wz_professional_big_squad_victor
image,#t7_loot_decal_ice_cubes
image,d#ar_galil_t8_camo_lima_wz_icon
image,d#ar_galil_t8_camo_lima_icon
image,d#hash_3af68839cc9e024d
image,d#pistol_fullauto_t8_camo_echo_icon
image,d#uie_ui_icon_callingcards_prestige_master_background
image,d#sniper_powersemi_t8_camo_dlc2_blue_up_icon
image,d#hash_3afbf0e3dc0d73ae
image,#menu_camo_cj_take_out_pattern
image,d#smg_standard_t8_camo_juliett_zm_icon
image,d#ui_icon_stickers_mp_league_30_03
image,d#ui_icon_stickers_mp_league_30_01
image,d#ui_icon_stickers_mp_league_30_00
image,d#ui_icon_stickers_mp_league_30_04
image,d#uie_ui_icon_callingcards_assassin_fastlines
image,d#loot_ui_icon_stickers_random_28_large
image,d#tr_damageburst_t8_camo_lima_zm_icon
image,#t7_decal_pattern_camo_sm
image,d#loot_ui_icon_stickers_random_30_large
image,#uie_social_friendlist_header_image
image,d#melee_slaybell_t8_camo_echo_icon
image,d#hash_3b114d87d0c0b8e0
image,d#loot_ui_icon_stickers_zm_delphi
image,d#uie_car
image,d#ar_damage_t8_camo_mike_zm_icon
image,d#uie_ui_icon_callingcards_zm_strategist_background
image,d#ar_fastfire_t8_camo_juliett_zm_icon
image,d#shotgun_precision_t8_camo_hotel_zm_icon
image,d#ui_icon_callingcards_mp_support_scorestreak_assist
image,d#hash_3b249f1da2c2a942
image,d#hash_3b27f83909d8ab03
image,#hash_3b2cee372f01ca3b
image,d#sniper_fastrechamber_t8_camo_dlc3_shark_plaque_icon
image,d#smg_minigun_t8_camo_golf_icon
image,#t7_loot_decal_tiger
image,d#special_ballisticknife_t8_dw_camo_delta_wz_icon
image,d#hash_3b4da476eb0fdaa0
image,d#smg_folding_t8_camo_mike_icon
image,d#loot_ui_icon_callingcards_spacecowboys_mastercard
image,d#hash_3b6cd5a9a934eac4
image,d#hash_3b7407a43279da8d
image,#uie_t8_mp_setup_bots
image,d#hash_3b7cc149a80c74bc
image,#menu_camo_wartorn_pattern
image,d#hash_3b86a4613844a741
image,d#ar_peacekeeper_t8_camo_charlie_zm_icon
image,#hash_3b8ab7645c7f981b
image,d#melee_amuletfist_t8_camo_alfa_zm_icon
image,d#tr_midburst_t8_camo_november_zm_icon
image,d#ui_icon_callingcards_wz_prestige_02
image,d#ui_icon_callingcards_wz_prestige_03
image,d#ui_icon_callingcards_wz_prestige_01
image,d#ui_icon_callingcards_wz_prestige_06
image,d#ui_icon_callingcards_wz_prestige_07
image,d#ui_icon_callingcards_wz_prestige_04
image,d#ui_icon_callingcards_wz_prestige_05
image,d#ui_icon_callingcards_wz_prestige_08
image,d#ui_icon_callingcards_wz_prestige_09
image,d#hash_3b92fc9dc713e2df
image,d#ui_icon_callingcards_wz_prestige_10
image,d#lmg_stealth_t8_camo_gold_icon
image,d#pistol_standard_t8_camo_gold_icon
image,d#uie_ui_menu_callingcards_surrealistlandscape_cloud01
image,d#uie_ui_menu_callingcards_surrealistlandscape_cloud03
image,d#uie_ui_menu_callingcards_surrealistlandscape_cloud02
image,d#hash_3ba2c22e4fc3ef86
image,d#loot_ui_icon_stickers_random_36_large
image,d#smg_standard_t8_camo_golf_wz_icon
image,d#hash_3bb1cf340f5d0726
image,d#hash_3bb2414130efd232
image,d#ui_icon_blackmarket_contracts_preview_triple_play_01
image,d#lmg_stealth_t8_camo_delta_wz_icon
image,d#smg_minigun_t8_camo_golf_wz_icon
image,d#ar_fastfire_t8_camo_delta_wz_icon
image,d#tr_damageburst_t8_camo_foxtrot_zm_icon
image,d#ui_icon_callingcards_zm_gauntlet_escape_bronze
image,d#ui_icon_callingcards_mp_prestige_gear_body_armor
image,d#hash_3bdcec958753a256
image,d#melee_cutlass_t8_camo_lima_wz_icon
image,d#smg_accurate_t8_camo_juliett_zm_icon
image,d#hash_3be0f9f891c59fb4
image,#hash_3be65e6e82ab6cdf
image,d#shotgun_fullauto_t8_camo_charlie_icon
image,d#ui_icon_callingcards_zm_prestige_allseeingeye
image,d#ui_icon_mp_league_29_04_large
image,#hash_3c056e8ec6c19e0b
image,d#launcher_standard_t8_camo_delta_icon
image,d#smg_accurate_t8_camo_delta_wz_icon
image,#hash_3c1899abc173b3aa
image,d#hash_3c1e200fadfb073c
image,d#ar_accurate_t8_camo_golf_zm_icon
image,d#uie_ui_menu_callingcards_surrealistlandscape_bookwaterfall
image,d#sniper_fastrechamber_t8_camo_alfa_zm_icon
image,d#hash_3c327825904c9be7
image,d#launcher_standard_t8_camo_golf_zm_icon
image,d#pistol_standard_t8_camo_dlc3_assassin_icon
image,d#ui_icon_gamemode_logo_orange
image,d#ui_icon_weapon_ar_standard_mk2_render
image,d#menu_camo_promo_purple_pattern
image,d#melee_secretsanta_t8_camo_dlc3_stealth_seal_icon
image,#menu_camo_flecktarn_shiny_pattern
image,d#hash_3c66ed49d6a4777a
image,d#hash_3c680dade98ce6a9
image,d#ar_galil_t8_camo_delta_icon
image,d#smg_standard_t8_camo_kilo_zm_icon
image,d#ui_icon_callingcards_mp_bootcamp_marksman_commando
image,d#hash_3c7b393450ee5a35
image,d#sniper_locus_t8_camo_charlie_zm_icon
image,d#knife_loadout_camo_charlie_zm_icon
image,d#melee_amuletfist_t8_camo_golf_wz_icon
image,d#hash_3ca7475bc4d2aaee
image,d#uie_ui_icon_callingcards_zm_survivalist_spiderleg
image,d#sniper_powersemi_t8_camo_kilo_zm_icon
image,d#melee_demohammer_t8_camo_diamond_icon
image,d#hash_3cc0505716edeaf5
image,d#shotgun_semiauto_t8_camo_none_icon
image,#em_material_carbon_fiber
image,d#special_ballisticknife_t8_dw_camo_echo_wz_icon
image,d#launcher_standard_t8_camo_delta_wz_icon
image,#hash_3ce10db97a94e61f
image,d#ui_icon_callingcards_wz_professional_my_first_time
image,d#ui_icon_callingcards_mp_operations_presicion_pull
image,d#pistol_standard_t8_camo_hotel_icon
image,d#uie_ui_loadscreen_arrow
image,d#lmg_heavy_t8_camo_november_wz_icon
image,d#ui_icon_callingcards_wz_survivalist_heal_up
image,d#shotgun_semiauto_t8_camo_mike_icon
image,d#smg_fastfire_t8_camo_dlc2_blue_up_icon
image,d#hash_3d04cdf67c97bd68
image,d#sniper_mini14_t8_camo_mike_zm_icon
image,d#ar_stealth_t8_camo_november_zm_icon
image,d#hash_3d2ed2ca90af8fe5
image,d#ui_icon_mp_league_expert_bronze_large
image,d#ar_damage_t8_camo_charlie_zm_icon
image,d#melee_stopsign_t8_camo_november_icon
image,d#loot_ui_icon_callingcards_cop_crash
image,d#melee_actionfigure_t8_camo_lima_icon
image,d#ar_damage_t8_camo_dlc2_street_race_icon
image,d#loot_ui_icon_sticker_nomad_muertos_02_large
image,d#sniper_fastrechamber_t8_camo_bravo_wz_icon
image,d#special_ballisticknife_t8_dw_camo_foxtrot_wz_icon
image,d#sniper_damagesemi_t8_camo_gold_icon
image,d#shotgun_pump_t8_camo_hotel_zm_icon
image,d#loot_ui_icon_stickers_chromedout_2_large
image,d#hash_3d6e6311dec75e89
image,d#t7_menu_loadingspinner_flipbook
image,d#smg_standard_t8_camo_mike_icon
image,d#ui_icon_mp_league_07_02b
image,d#uie_callingcards_global_master_placeholder_dragonneck_still
image,d#ui_icon_mp_league_17_02_large
image,d#loot_ui_icon_callingcards_viking_battles_01
image,d#loot_ui_icon_callingcards_viking_battles_02
image,d#loot_ui_icon_callingcards_viking_battles_03
image,d#loot_ui_icon_callingcards_viking_battles_04
image,d#loot_ui_icon_callingcards_viking_battles_05
image,d#loot_ui_icon_callingcards_viking_battles_06
image,d#ar_peacekeeper_t8_camo_kilo_icon
image,d#melee_zombiearm_t8_camo_echo_zm_icon
image,d#ui_icon_mp_league_13_02_large
image,d#sniper_powerbolt_t8_camo_lima_icon
image,d#loot_ui_icon_callingcards_space_cowboys_01
image,d#loot_ui_icon_callingcards_space_cowboys_03
image,d#loot_ui_icon_callingcards_space_cowboys_02
image,d#loot_ui_icon_callingcards_space_cowboys_05
image,d#loot_ui_icon_callingcards_space_cowboys_04
image,d#loot_ui_icon_callingcards_space_cowboys_06
image,d#uie_ui_menu_callingcards_stpatricks_f1_speedlines1
image,d#uie_ui_menu_callingcards_stpatricks_f1_speedlines2
image,d#ui_icon_callingcards_zm_default_blightfather
image,d#sniper_powerbolt_t8_camo_lima_wz_icon
image,d#ui_icon_callingcards_mp_mode_killer_resistance
image,d#sniper_powersemi_t8_camo_india_icon
image,d#ar_modular_t8_camo_bravo_wz_icon
image,d#smg_standard_t8_camo_lima_icon
image,d#uie_ui_zm_laboratory_promo_banner
image,d#hash_3db4ee2ea27183b7
image,d#smg_vmp_t8_camo_kilo_icon
image,d#lmg_spray_t8_camo_lima_icon
image,d#pistol_burst_t8_camo_alfa_wz_icon
image,d#loot_ui_icon_stickers_mastercraft_koshka
image,d#uie_ui_menu_cursor_middle_overlay
image,d#ui_icon_callingcards_mp_scorestreak_airassault_airbornekills
image,d#launcher_standard_t8_camo_mike_zm_icon
image,d#sniper_quickscope_t8_camo_juliett_zm_icon
image,d#hash_3dd96a162c25ae61
image,d#ui_icon_callingcards_mp_prestige_prestige_viking
image,d#uie_ui_menu_callingcards_safarihunter_bull
image,d#hash_3dec00291768759a
image,d#melee_slaybell_t8_camo_mike_icon
image,d#hash_3df484a208e77e2b
image,d#uie_callingcards_global_master_placeholder_dragonneck_backward2
image,d#uie_callingcards_global_master_placeholder_dragonneck_backward3
image,d#smg_accurate_t8_camo_november_wz_icon
image,d#shotgun_semiauto_t8_camo_alfa_wz_icon
image,d#hash_3e151c4c116d8895
image,d#loot07_ui_icon_blackmarket_itemshop_nikolai
image,d#hash_3e19ece7f5633306
image,d#loot_ui_icon_stickers_spitfire_mastercraft
image,d#ui_icon_mp_league_28_04
image,d#ui_icon_mp_league_28_03
image,d#ui_icon_mp_league_28_02
image,d#ui_icon_mp_league_28_01
image,d#uie_ui_menu_callingcards_circusclown_head
image,d#lmg_stealth_t8_camo_golf_icon
image,d#tr_powersemi_t8_camo_dlc3_board_shorts_icon
image,d#loot_ui_icon_stickers_monsterjunkfood_4_large
image,d#hash_3e3e8c77d3deadae
image,d#hash_3e3ee34bbcc9b163
image,d#uie_top_cloud
image,d#pistol_standard_t8_camo_lima_icon
image,d#ui_icon_mp_league_20_01_large
image,d#ui_icon_mp_league_03_03_large
image,d#hash_3e516d68d3d36edf
image,d#hash_3e51fdfb95e8f82b
image,d#hash_3e5b4b23c4a164b8
image,d#shotgun_pump_t8_camo_india_icon
image,d#melee_amuletfist_t8_camo_mike_wz_icon
image,d#pistol_revolver_t8_camo_golf_zm_icon
image,d#smg_fastburst_t8_camo_kilo_zm_icon
image,d#ui_icon_callingcards_mp_operations_humiliation_thekingisdead
image,d#loot_ui_icon_stickers_safari_animals_3_large
image,d#hash_3e84e5f0110025bd
image,d#uie_callingcards_heroics_master_particles_front
image,d#uie_ui_icon_callingcards_professional_master_dust
image,d#hash_3e97ebd8117d0020
image,d#hash_3e9913e3465f3aaa
image,d#ar_doublebarrel_t8_camo_echo_wz_icon
image,d#hash_3e9f7330d82f3f3f
image,d#sniper_damagesemi_t8_camo_alfa_zm_icon
image,d#uie_ui_icon_callingcards_backout_100percent_cigar
image,d#knife_loadout_camo_lima_wz_icon
image,#hash_3ed5da0bcc9d27a7
image,d#hash_3edab8438037b381
image,d#mms_10
image,d#mms_11
image,d#mms_12
image,d#mms_13
image,d#mms_14
image,d#mms_15
image,d#smg_standard_t8_camo_delta_zm_icon
image,d#mms_16
image,d#mms_17
image,d#mms_18
image,d#mms_19
image,d#mms_21
image,d#mms_20
image,d#mms_23
image,d#mms_22
image,d#mms_24
image,d#smg_capacity_t8_camo_gold_icon
image,d#smg_accurate_t8_camo_foxtrot_zm_icon
image,d#tr_damageburst_t8_camo_diamond_icon
image,d#ar_doublebarrel_t8_camo_november_icon
image,d#uie_ui_icon_nebulium_medium_empty
image,d#ui_icon_callingcards_wz_survivalist_backpacker
image,d#hash_3f1d0885a2d991c3
image,#em_wotsit_full
image,d#loot_ui_icon_stickers_robot_01_large
image,d#tr_midburst_t8_camo_alfa_icon
image,d#melee_amuletfist_t8_camo_november_icon
image,#hash_3f2a86ee08c9e1b6
image,d#smg_vmp_t8_camo_delta_zm_icon
image,d#ui_icon_callingcards_mp_prestige_wildcards_overkill
image,d#pistol_burst_t8_camo_bravo_icon
image,d#sniper_powersemi_t8_camo_dlc3_shark_plaque_icon
image,d#hash_3f480b141935ccc7
image,d#melee_slaybell_t8_camo_golf_zm_icon
image,d#ui_icon_callingcards_mp_bootcamp_marksman_guerillawarfare
image,d#loot_ui_icon_callingcards_specialist_zombies_03
image,d#loot_ui_icon_callingcards_specialist_zombies_02
image,d#loot_ui_icon_callingcards_specialist_zombies_01
image,d#loot_ui_icon_callingcards_specialist_zombies_07
image,d#loot_ui_icon_callingcards_specialist_zombies_06
image,d#loot_ui_icon_callingcards_specialist_zombies_05
image,d#loot_ui_icon_callingcards_specialist_zombies_04
image,d#hash_3f55003feb4a19c9
image,d#smg_fastburst_t8_camo_hotel_wz_icon
image,d#hash_3f56b2bf7232c8fa
image,d#pistol_standard_t8_camo_bravo_wz_icon
image,d#hash_3f627a1f28be5ff4
image,d#melee_amuletfist_t8_camo_alfa_wz_icon
image,d#shotgun_precision_t8_camo_delta_icon
image,d#melee_coinbag_t8_camo_foxtrot_zm_icon
image,d#smg_standard_t8_camo_charlie_icon
image,d#smg_accurate_t8_camo_dlc2_street_race_icon
image,d#ui_icon_mp_league_30_04_large
image,#hud_scavenger_pickup
image,d#uie_ui_icon_callingcards_bootcamp_master_dude_light
image,d#ui_icon_callingcards_mp_prestige_wildcards_underkill
image,d#ui_icon_callingcards_mp_career_tour_of_duty_grizzled_veteran
image,#hash_3fa0e79acd5906e1
image,#img_comms_noise
image,d#shotgun_semiauto_t8_camo_dlc3_shark_plaque_icon
image,#menu_camo_arctic_pattern
image,#uie_t7_menu_frontend_pixelist
image,d#tr_longburst_t8_camo_delta_icon
image,d#lmg_stealth_t8_camo_lima_wz_icon
image,d#ui_icon_callingcards_mp_ground_assault_ground_patrol
image,d#ui_icon_callingcards_mp_prestige_efficiency_high_caliber
image,d#ui_icon_weapon_pistol_revolver_render_xl
image,d#loot_ui_icon_stickers_zm_wolf_moon
image,d#lmg_stealth_t8_camo_lima_zm_icon
image,d#launcher_standard_t8_camo_dlc2_blue_up_icon
image,d#ui_icon_equipment_eq_tripwire
image,d#loot_ui_icon_callingcards_muertos_nomad
image,d#sniper_powerbolt_t8_camo_foxtrot_icon
image,d#lmg_standard_t8_camo_bravo_icon
image,d#ar_peacekeeper_t8_camo_juliett_wz_icon
image,d#smg_capacity_t8_camo_alfa_zm_icon
image,#hash_3feba990d8d269c4
image,d#ui_icon_callingcards_mp_ground_assault_mantiss_kills
image,d#uie_callingcards_mp_loot_master_lionmane_01
image,d#uie_callingcards_mp_loot_master_lionmane_03
image,d#uie_callingcards_mp_loot_master_lionmane_02
image,d#launcher_standard_t8_camo_bravo_zm_icon
image,#em_heart_full
image,d#ui_icon_callingcards_mp_marksman_smg_marksman
image,d#pistol_standard_t8_camo_foxtrot_zm_icon
image,d#smg_accurate_t8_camo_kilo_zm_icon
image,d#uie_arena_rank_banner_gold
image,d#uie_ui_icon_callingcards_operations_killjoys_swordsheen
image,d#ui_icon_callingcards_zm_default_engine_room
image,d#sniper_quickscope_t8_camo_foxtrot_icon
image,d#smg_standard_t8_camo_lima_zm_icon
image,d#melee_zombiearm_t8_camo_delta_icon
image,d#hash_40335170dd1e3e9b
image,d#shotgun_semiauto_t8_camo_alfa_icon
image,#em_material_t7_camo_huntsman
image,d#uie_ui_icon_callingcard_zombie_smoke
image,d#ui_icon_callingcards_mp_scorestreak_airassault_overwatchhelicopterkills
image,#em_treyarch_full
image,d#hash_4048d1252c591a68
image,d#hash_404f1a80965d0c60
image,d#tr_damageburst_t8_camo_gold_icon
image,d#ui_icon_callingcards_wz_heroics_pack_hunter
image,d#hash_406d64b331cbbb3b
image,d#smg_handling_t8_camo_november_zm_icon
image,d#ar_peacekeeper_t8_camo_echo_zm_icon
image,d#ar_modular_t8_camo_juliett_icon
image,d#hash_407deaaed7c3c782
image,d#hash_408058b81c0658c9
image,d#uie_ui_menu_callingcards_stpatricks_f1_clouds
image,d#knife_loadout_camo_dlc3_board_shorts_icon
image,#hash_40905dbe4e17fe6e
image,d#ui_icon_weapon_smg_handling_render_xl
image,d#smg_handling_t8_camo_juliett_icon
image,d#ui_icon_callingcards_mp_operations_precision_cleanhouse
image,d#hash_40b398fd4b34cb63
image,#menu_camo_snowjob_pattern
image,d#ar_doublebarrel_t8_camo_bravo_wz_icon
image,d#ui_icon_weapon_sniper_fastrechamber_xl
image,d#ui_icon_callingcards_zm_gauntlet_unsinkable_bronze
image,d#uie_ui_menu_director_icon_star
image,d#hash_40d03b670a408bba
image,#em_dom_bravo_lockdown
image,d#ar_stealth_t8_camo_echo_icon
image,d#smg_standard_t8_camo_dlc3_shark_plaque_icon
image,d#uie_ui_menu_callingcards_crimewave_fence4
image,d#uie_ui_menu_callingcards_crimewave_fence3
image,d#uie_ui_menu_callingcards_crimewave_fence2
image,d#uie_ui_menu_callingcards_crimewave_fence1
image,d#ar_standard_t8_camo_kilo_zm_icon
image,d#sniper_quickscope_t8_camo_charlie_zm_icon
image,d#hash_40de80ecab33a9e4
image,d#melee_demohammer_t8_camo_hotel_wz_icon
image,d#smg_fastfire_t8_camo_echo_icon
image,#hash_40e6cfd119c2439a
image,d#loot_ui_icon_stickers_random_29_large
image,d#sniper_locus_t8_camo_lima_icon
image,d#shotgun_fullauto_t8_camo_kilo_icon
image,#hash_40efb6d205037110
image,#hash_40efb9d205037629
image,#em_dolphin_full
image,d#uie_ui_icon_callingcards_prestige_master_lightlaser_party1
image,d#uie_ui_icon_callingcards_prestige_master_lightlaser_party2
image,d#hash_40f44cab6b0f79fc
image,d#uie_ui_menu_cursor_inner_ring
image,d#ui_icon_callingcards_mp_100percent
image,d#hash_40f9593673e69e20
image,d#tr_longburst_t8_camo_echo_icon
image,d#ui_icon_callingcards_wz_heroics_revenge_is_a_dish
image,d#lmg_spray_t8_camo_alfa_wz_icon
image,d#hash_4112163fd83e3200
image,d#smg_fastfire_t8_camo_foxtrot_zm_icon
image,d#smg_folding_t8_camo_charlie_wz_icon
image,#t7_loot_decal_bull_smoke
image,d#ui_icon_mp_league_23_02b_large
image,d#melee_coinbag_t8_camo_golf_wz_icon
image,d#melee_stopsign_t8_camo_gold_icon
image,d#loot_ui_icon_callingcards_muertos_zero
image,d#ar_peacekeeper_t8_camo_delta_icon
image,d#shotgun_pump_t8_camo_foxtrot_zm_icon
image,d#hash_4145c605f078f213
image,d#ui_icon_attachment_fastmags
image,d#hash_414ba5f3cfbea696
image,d#uie_ui_icon_callingcards_loot_cowboysandmonsters_cowboy4
image,d#uie_ui_icon_callingcards_loot_cowboysandmonsters_cowboy1
image,d#uie_ui_icon_callingcards_loot_cowboysandmonsters_cowboy3
image,d#uie_ui_icon_callingcards_loot_cowboysandmonsters_cowboy2
image,d#ui_icon_mp_league_master_silver
image,d#ar_modular_t8_camo_charlie_icon
image,#hash_415bb65132bceed9
image,d#launcher_standard_t8_camo_alfa_zm_icon
image,d#ui_icon_callingcards_solo_savannah_kills_jessica
image,#hash_41604ae1c0c3be0c
image,d#special_ballisticknife_t8_dw_camo_gold_icon
image,d#ar_galil_t8_camo_darkmatter_02_icon
image,d#melee_secretsanta_t8_camo_bravo_zm_icon
image,d#ui_menu_blackmarket_starterpack_large_01
image,d#melee_slaybell_t8_camo_foxtrot_zm_icon
image,d#sniper_quickscope_t8_camo_hotel_wz_icon
image,d#melee_cutlass_t8_camo_alfa_icon
image,d#ar_modular_t8_camo_golf_zm_icon
image,d#ui_icon_mp_league_11_01_large
image,d#sniper_powerbolt_t8_camo_mike_wz_icon
image,d#ui_icon_mp_league_18_02b
image,d#smg_standard_t8_camo_delta_wz_icon
image,d#tr_powersemi_t8_camo_delta_wz_icon
image,d#knife_loadout_camo_juliett_zm_icon
image,d#hash_41a1465fe5fd5c71
image,d#hash_41a3f668aeccea04
image,d#ar_stealth_t8_camo_kilo_icon
image,d#loot_ui_icon_stickers_russman
image,d#sniper_mini14_t8_camo_foxtrot_wz_icon
image,d#uie_ui_menu_callingcards_prestigemaster_hand
image,d#loot_ui_icon_stickers_robot_03_large
image,d#special_crossbow_t8_camo_mike_wz_icon
image,d#ui_icon_callingcards_wz_survivalist_perks_really
image,d#shotgun_pump_t8_camo_dlc3_stealth_seal_icon
image,d#uie_ui_icon_callingcards_loot_cowboysandmonsters_water_splash
image,#hash_41c3b986b996d826
image,d#melee_amuletfist_t8_camo_golf_icon
image,d#ui_icon_mp_league_16_03_large
image,d#uie_ui_icon_callingcards_wz_vehicular_master_mask2
image,d#uie_ui_icon_callingcards_wz_vehicular_master_mask1
image,d#ar_modular_t8_camo_echo_icon
image,d#ui_icon_callingcards_wz_professional_career_scavenger
image,d#sniper_mini14_t8_camo_lima_icon
image,d#shotgun_precision_t8_camo_kilo_zm_icon
image,d#hash_41eca68b3c52e754
image,d#loot_ui_icon_stickers_monkey_cyborg_large
image,d#ui_icon_attachment_quickdraw2
image,d#ar_doublebarrel_t8_camo_lima_icon
image,#hash_420668548c990702
image,d#hash_420c2115703a3de5
image,#ui_icon_startmenu_option_graphiccontent
image,d#smg_capacity_t8_camo_lima_icon
image,d#melee_coinbag_t8_camo_charlie_wz_icon
image,d#$blacktransparent
image,#uie_add_icon
image,d#melee_club_t8_camo_delta_zm_icon
image,d#hash_4230f63de60232f5
image,#t7_loot_decal_dino_longneck
image,d#uie_ui_icon_callingcards_zm_zombie_hunter_08_bird_toptalon2
image,d#uie_ui_icon_callingcards_zm_zombie_hunter_08_bird_toptalon3
image,d#uie_ui_icon_callingcards_zm_zombie_hunter_08_bird_toptalon1
image,d#ui_icon_callingcards_mp_support_feeleng_lucky
image,d#ar_an94_t8_camo_charlie_wz_icon
image,d#hash_424ddba60dab7875
image,#t7_decal_icon_anchor
image,d#hash_42507f10ca6c63c0
image,d#hash_4253254bfe26346d
image,d#sniper_powersemi_t8_camo_india_zm_icon
image,#hash_4255d89cb908346a
image,d#hash_42607eea4265a233
image,d#hash_42684eb9a5a34ef7
image,d#smg_accurate_t8_camo_charlie_zm_icon
image,d#acog_40
image,d#acog_41
image,d#acog_42
image,d#acog_43
image,d#acog_44
image,d#acog_45
image,d#acog_46
image,d#acog_47
image,d#acog_48
image,d#acog_49
image,d#melee_secretsanta_t8_camo_mike_zm_icon
image,d#melee_stopsign_t8_camo_golf_zm_icon
image,d#acog_19
image,d#acog_18
image,d#acog_17
image,d#acog_16
image,d#acog_15
image,d#acog_14
image,d#acog_13
image,d#acog_12
image,d#acog_11
image,d#acog_10
image,d#loot_ui_icon_stickers_campbadges_06
image,d#loot_ui_icon_stickers_campbadges_04
image,d#loot_ui_icon_stickers_campbadges_05
image,d#loot_ui_icon_stickers_campbadges_02
image,d#loot_ui_icon_stickers_campbadges_03
image,d#loot_ui_icon_stickers_campbadges_01
image,d#acog_22
image,d#acog_23
image,d#acog_20
image,d#acog_21
image,d#acog_26
image,d#acog_27
image,d#acog_24
image,d#acog_25
image,d#acog_28
image,d#acog_29
image,d#hash_4283ded2d317ae27
image,d#acog_35
image,d#acog_34
image,d#acog_37
image,d#acog_36
image,d#acog_31
image,d#acog_30
image,d#acog_33
image,d#acog_32
image,d#acog_39
image,d#acog_38
image,d#melee_stopsign_t8_camo_november_wz_icon
image,#em_material_t7_camo_wmd
image,d#sniper_powerbolt_t8_camo_echo_icon
image,d#ui_icon_callingcards_mp_bootcamp_marksman_goodmedicine
image,#hash_428f8a30775c2988
image,d#melee_demohammer_t8_camo_kilo_zm_icon
image,d#ui_icon_callingcards_mp_support_master
image,d#uie_ui_icon_callingcards_zm_prestige_allseeingeye_background
image,d#uie_ui_menu_callingcards_crimewave_frontdust
image,d#ui_icon_zm_callings_pistol
image,d#melee_zombiearm_t8_camo_foxtrot_zm_icon
image,d#ui_icon_weapon_pistol_revolver_mk2_render
image,d#loot_ui_icon_stickers_monkey_orangutan_large
image,d#special_crossbow_t8_camo_india_icon
image,d#melee_club_t8_camo_hotel_zm_icon
image,#hash_42c20aee4814f870
image,#xenon_stick_move
image,d#ui_icon_mp_league_20_02b
image,d#lmg_standard_t8_camo_kilo_wz_icon
image,#hash_42d51e0c753fb7c9
image,d#smg_handling_t8_camo_alfa_icon
image,d#lmg_spray_t8_camo_hotel_icon
image,d#hash_42def9de932fa5ff
image,d#hash_42dfe9676f3b09ed
image,d#hash_42e16039af0d6278
image,d#ui_icon_callingcards_mp_prestige_prestige_mayan
image,d#hash_42f95df7def74b61
image,#em_material_t7_camo_loot_scorch_contrast
image,d#smg_minigun_t8_camo_juliett_icon
image,d#smg_capacity_t8_camo_lima_zm_icon
image,d#smg_minigun_t8_camo_bravo_wz_icon
image,d#ui_icon_callingcards_mp_operations_killjoys_buzzkilled
image,#hash_43146efd2a7c2816
image,#hash_431ac999eeeb3c99
image,d#ar_modular_t8_camo_alfa_zm_icon
image,d#hash_431e56a4b4a563cb
image,d#smg_capacity_t8_camo_india_zm_icon
image,#hash_43225226cc211d03
image,d#loot_ui_icon_sticker_ruin_muertos_02_large
image,d#uie_skeleton
image,d#pistol_fullauto_t8_camo_lima_zm_icon
image,d#uie_ui_icon_callingcards_zombies_100percent_earth_dead
image,d#smg_standard_t8_camo_dlc2_blue_up_icon
image,d#uie_ui_icon_callingcards_wz_insigniaechelons_master_debris
image,d#smg_vmp_t8_camo_alfa_icon
image,d#melee_club_t8_camo_lima_icon
image,d#uie_ui_zm_laboratory_buttonbgtile
image,d#uie_ui_icon_callingcards_professional_master_soldier
image,d#hash_433be18491e46f53
image,d#ar_galil_t8_camo_november_wz_icon
image,d#hash_4348aeeaad8f69d5
image,d#ui_icon_callingcards_mp_prestige_gear_bad_idea
image,d#tr_powersemi_t8_camo_hotel_zm_icon
image,d#ar_accurate_t8_camo_active_dlc1_dogfight_wrapper_icon
image,d#hash_43547709e854b7aa
image,d#hash_4354b65d9afc3da0
image,d#hash_43573a9a2a20800c
image,d#ui_icon_zm_calling_tasks_explosion
image,d#smg_vmp_t8_camo_darkmatter_02_icon
image,d#hash_437039ed49ccedeb
image,d#shotgun_pump_t8_camo_mike_wz_icon
image,d#loot_ui_icon_stickers_heavymetal_05
image,d#loot_ui_icon_stickers_heavymetal_04
image,d#loot_ui_icon_stickers_heavymetal_06
image,d#loot_ui_icon_stickers_heavymetal_01
image,d#loot_ui_icon_stickers_heavymetal_03
image,d#loot_ui_icon_stickers_heavymetal_02
image,d#ar_galil_t8_camo_kilo_zm_icon
image,d#uie_ui_menu_social_bar_stripe
image,d#hash_438736c3d218187d
image,d#hash_439049560ed1597d
image,d#ui_icon_weapon_sniper_powerbolt_render_xl
image,d#ui_icon_attachment_chokedbarrel
image,d#tr_flechette_t8_camo_charlie_icon
image,#hash_43a539c3b9678843
image,d#special_crossbow_t8_camo_charlie_icon
image,d#ar_accurate_t8_camo_alfa_zm_icon
image,d#hash_43b09e1e70941c7c
image,d#ar_stealth_t8_camo_foxtrot_zm_icon
image,d#loot_ui_icon_stickers_wetworks1_02
image,d#loot_ui_icon_stickers_wetworks1_03
image,d#loot_ui_icon_stickers_wetworks1_01
image,d#loot_ui_icon_stickers_wetworks1_06
image,d#loot_ui_icon_stickers_wetworks1_04
image,d#loot_ui_icon_stickers_wetworks1_05
image,#hash_43c727462509ce03
image,d#hash_43cba38596aa5eaf
image,d#hash_43cc731fc2352ada
image,d#uie_ui_icon_callingcards_wz_vehicular_master_cold_breath_spot
image,d#melee_zombiearm_t8_camo_hotel_wz_icon
image,d#melee_stopsign_t8_camo_lima_icon
image,d#smg_handling_t8_camo_kilo_zm_icon
image,d#lmg_heavy_t8_camo_hotel_icon
image,d#lmg_standard_t8_camo_dlc2_street_race_icon
image,d#ui_icon_callingcards_wz_heroics_clutch
image,d#ui_icon_mp_league_10_04
image,d#ui_icon_mp_league_10_01
image,d#ui_icon_mp_league_10_02
image,d#ui_icon_mp_league_10_03
image,d#uie_ui_menu_callingcards_snake_gods_hero
image,d#hash_43e9cb5699e9c71d
image,d#uie_ui_menu_callingcards_safarihunter_lionfront
image,d#ar_stealth_t8_camo_foxtrot_icon
image,d#ui_icon_callingcards_mp_bootcamp_marksman_fieldspecialist
image,d#ar_accurate_t8_camo_lima_icon
image,d#uie_ui_menu_customgame_indicator
image,d#ui_icon_callingcards_mp_prestige_prestige_barbarian
image,d#ui_icon_callingcards_loot_ancientmonsters_master
image,d#loot_ui_icon_sticker_battery_snake_05
image,d#loot_ui_icon_sticker_battery_snake_01
image,d#hash_44336a8647573176
image,#uie_t7_icon_callingcard_temp2_lrg
image,d#ui_icon_mp_league_24_01_large
image,d#tr_midburst_t8_camo_delta_icon
image,d#uie_drool_02
image,d#uie_drool_01
image,d#ar_accurate_t8_camo_active_headshot_wrapper_icon
image,#hash_4446d9892d77987e
image,d#loot_ui_icon_stickers_pixel_warriors_1_large
image,d#ar_standard_t8_camo_golf_icon
image,d#loot_ui_icon_stickers_random_47_large
image,d#ui_icon_callingcards_zm_gauntlet_red_gold
image,d#sniper_mini14_t8_camo_foxtrot_icon
image,d#hash_445a8ff84faf1e5b
image,d#ar_fastfire_t8_camo_november_zm_icon
image,d#pistol_revolver_t8_camo_delta_wz_icon
image,d#hash_446aa2f1311f8806
image,d#hash_44733f075827d482
image,d#hash_447bef8c2985e67d
image,d#shotgun_pump_t8_camo_dlc3_shark_plaque_icon
image,d#pistol_revolver_t8_camo_mike_icon
image,#em_tdm_ruthless
image,#uie_t7_menu_cac_itemtitleglowfull
image,d#ui_icon_zm_calling_tasks_wpnbuys
image,#uie_pc_bnetstore_digitaldeluxeedition
image,d#hash_44ac91599bed3394
image,d#melee_demohammer_t8_camo_juliett_zm_icon
image,d#smg_vmp_t8_camo_diamond_icon
image,d#ui_icon_callingcards_mp_gamevictories_killconfirmedwins
image,d#smg_capacity_t8_camo_november_icon
image,d#uie_ui_icon_callingcards_summer_drink
image,d#melee_amuletfist_t8_camo_lima_zm_icon
image,d#shotgun_pump_t8_camo_gold_icon
image,d#ui_icon_meansofdeath_assassinate
image,d#ar_stealth_t8_camo_none_icon
image,d#ar_an94_t8_camo_echo_wz_icon
image,#hash_44dbd34b45ed4cd9
image,d#ui_icon_camonotification_diamond_ar
image,d#smg_folding_t8_camo_foxtrot_zm_icon
image,d#hash_44e96a082062886c
image,d#hash_44fd08437f46f9b2
image,d#ui_icon_callingcards_wz_survivalist_mission_complite
image,d#ui_icon_zm_callings_knife
image,#uie_ui_arrow_up
image,d#special_crossbow_t8_camo_india_zm_icon
image,d#loot_ui_icon_callingcards_demohammer
image,d#sniper_locus_t8_camo_kilo_wz_icon
image,d#sniper_powerbolt_t8_camo_foxtrot_wz_icon
image,#uie_t7_menu_cac_itemtitleglowml
image,#uie_t7_menu_cac_itemtitleglowmm
image,#uie_t7_menu_cac_itemtitleglowmr
image,#uie_t7_menu_cac_itemtitleglowlr
image,#uie_t7_menu_cac_itemtitleglowlm
image,#uie_t7_menu_cac_itemtitleglowll
image,d#melee_actionfigure_t8_camo_golf_icon
image,d#ui_icon_camonotification_diamond_lmg
image,d#ar_peacekeeper_t8_camo_delta_wz_icon
image,d#smg_folding_t8_camo_november_icon
image,d#ui_icon_mp_league_master_gold
image,#em_plus_sign01
image,d#ui_icon_meansofdeath_suicide_xl
image,d#lmg_heavy_t8_camo_none_icon
image,d#pistol_revolver_t8_camo_foxtrot_icon
image,d#ar_peacekeeper_t8_camo_golf_zm_icon
image,#uie_t7_menu_cac_itemtitleglowul
image,#uie_t7_menu_cac_itemtitleglowum
image,#uie_t7_menu_cac_itemtitleglowur
image,#em_bullet_belt_full
image,d#pistol_fullauto_t8_camo_hotel_wz_icon
image,d#sniper_quickscope_t8_camo_alfa_icon
image,d#lmg_standard_t8_camo_gold_icon
image,d#smg_fastburst_t8_camo_golf_zm_icon
image,d#loot_ui_icon_stickers_summertime_03
image,d#loot_ui_icon_stickers_summertime_02
image,d#loot_ui_icon_stickers_summertime_01
image,d#loot_ui_icon_stickers_summertime_06
image,d#loot_ui_icon_stickers_summertime_05
image,d#loot_ui_icon_stickers_summertime_04
image,d#hash_45c2435b8201dfbf
image,#ui_icon_emblems_halo
image,#em_dom_charlie_lockdown
image,d#hash_45d75ac6712884cf
image,#uie_pc_igrevent_weekprogression_completedweek_bg
image,d#hash_45db1a87c4a46f5e
image,d#ui_icon_mp_league_25_03_large
image,d#ar_galil_t8_camo_delta_zm_icon
image,#em_splat2_full
image,d#hash_45ec16701673c1a2
image,#em_tdm_savior
image,d#ui_icon_callingcards_mp_prestige_perks_scavenger
image,d#melee_actionfigure_t8_camo_foxtrot_zm_icon
image,d#hash_45f03dcdf6ed5f03
image,d#lmg_spray_t8_camo_alfa_icon
image,#uie_img_t7_menu_startmenu_option_psvita
image,d#ar_an94_t8_camo_mike_icon
image,d#hash_4608343ed9380128
image,d#hash_4608353ed93802db
image,d#uie_ui_menu_start_menu_paintshop
image,#uie_t7_hud_interact_meter_thick
image,d#pistol_standard_t8_camo_india_wz_icon
image,d#hash_461118e6ab7b8b3a
image,d#hash_4614bbe063831a15
image,d#loot_ui_icon_stickers_retro_media_1_large
image,#menu_camo_artofwar_goldink_pattern
image,#t7_decal_icon_trojanhelmet
image,d#ui_icon_mp_league_19_02_large
image,d#smg_folding_t8_camo_kilo_zm_icon
image,d#ui_icon_callingcards_mp_prestige_efficiency_headhunter
image,d#hash_4622bd2c1902785a
image,d#uie_ui_icon_callingcards_bootcamp_master_city
image,d#hash_4629d584e368bc3e
image,d#knife_loadout_camo_hotel_zm_icon
image,d#special_crossbow_t8_camo_foxtrot_icon
image,d#ar_peacekeeper_t8_camo_mike_wz_icon
image,d#hash_4639b6917c0e1e46
image,#t7_icon_emblem_ghost
image,d#uie_ui_menu_cac_button_add_plus_highlighted
image,d#ui_icon_scorestreaks_helicopter_gunship
image,d#pistol_fullauto_t8_camo_golf_wz_icon
image,d#ar_galil_t8_camo_bravo_wz_icon
image,#hash_464d33e5fad12d63
image,d#pistol_revolver_t8_camo_hotel_icon
image,d#ui_icon_callingcards_mp_operations_killjoys_situationnormal
image,d#uie_ui_icon_callingcards_fairytale_smokelarge
image,d#ui_icon_callingcards_zm_prestige_skullkey
image,d#sniper_fastrechamber_t8_camo_dlc3_board_shorts_icon
image,d#ui_icon_mp_league_10_02b
image,d#hash_465e481e9240452f
image,d#hash_4670638ba7410d12
image,d#ui_icon_mp_league_11_03_large
image,d#ui_menu_arena_firestreakflipbook_blue
image,d#shotgun_semiauto_t8_camo_dlc2_street_race_icon
image,d#ar_peacekeeper_t8_camo_delta_zm_icon
image,d#hash_4686f975af1da4a1
image,d#melee_coinbag_t8_camo_kilo_wz_icon
image,d#ui_icon_callingcard_monster711
image,d#ui_icon_callingcards_mp_operations_humiliation_archnemesis
image,d#ui_icon_callingcards_mp_prestige_efficiency_long_barrel
image,d#loot_ui_icon_callingcards_pirates_02
image,d#loot_ui_icon_callingcards_pirates_03
image,d#loot_ui_icon_callingcards_pirates_01
image,d#loot_ui_icon_callingcards_pirates_06
image,d#loot_ui_icon_callingcards_pirates_07
image,d#loot_ui_icon_callingcards_pirates_04
image,d#loot_ui_icon_callingcards_pirates_05
image,d#ar_peacekeeper_t8_camo_hotel_wz_icon
image,d#ui_icon_callingcards_wz_darkops_practicemakeperfect
image,d#hash_46ad94c28881b127
image,d#melee_demohammer_t8_camo_juliett_wz_icon
image,d#loot_ui_icon_callingcards_surrealist_landscapes_05
image,d#loot_ui_icon_callingcards_surrealist_landscapes_04
image,d#loot_ui_icon_callingcards_surrealist_landscapes_06
image,d#loot_ui_icon_callingcards_surrealist_landscapes_01
image,d#loot_ui_icon_callingcards_surrealist_landscapes_03
image,d#loot_ui_icon_callingcards_surrealist_landscapes_02
image,d#sniper_fastrechamber_t8_camo_delta_icon
image,#hash_46bbb6966b2a83ce
image,d#ui_icon_callingcards_mp_marksman_tactical_marksman
image,#hash_46cf180b8371540f
image,d#ar_standard_t8_camo_golf_wz_icon
image,#em_claymore01
image,d#ui_icon_callingcards_mp_marksman_bling
image,d#ui_icon_callingcards_mp_specialized_spec_weapon_veteran
image,d#hash_46deb68128a5b012
image,d#smg_handling_t8_camo_lima_icon
image,d#ui_icon_callingcards_mp_career_gamevictories_freeforallvictor
image,#uie_social_friendlist_offline_icon
image,d#uie_badguy
image,#em_material_t7_camo_loot_burnt_shiny
image,d#ar_an94_t8_camo_lima_zm_icon
image,d#ui_icon_weapon_sniper_quickscope_mk2_render
image,#em_ffa_unstoppable
image,d#shotgun_semiauto_t8_camo_golf_icon
image,d#pistol_burst_t8_camo_active_dlc3_mystic_01_icon
image,d#loot_ui_icon_callingcards_snake_gods_08
image,d#loot_ui_icon_callingcards_snake_gods_09
image,d#loot_ui_icon_callingcards_snake_gods_01
image,d#loot_ui_icon_callingcards_snake_gods_02
image,d#loot_ui_icon_callingcards_snake_gods_03
image,d#loot_ui_icon_callingcards_snake_gods_04
image,d#loot_ui_icon_callingcards_snake_gods_05
image,d#loot_ui_icon_callingcards_snake_gods_06
image,d#loot_ui_icon_callingcards_snake_gods_07
image,d#loot_ui_icon_callingcards_snake_gods_11
image,d#loot_ui_icon_callingcards_snake_gods_10
image,d#smg_fastfire_t8_camo_delta_zm_icon
image,d#lmg_spray_t8_camo_mike_zm_icon
image,d#hash_471d645362c9e657
image,d#tr_damageburst_t8_camo_echo_zm_icon
image,d#hash_472516e9bf56c080
image,d#hash_47251be9bf56c8ff
image,d#hash_47251ce9bf56cab2
image,d#hash_47251de9bf56cc65
image,d#melee_slaybell_t8_camo_lima_wz_icon
image,d#uie_ui_menu_callingcards_snake_gods_background
image,#ui_host
image,d#hash_473966bbe87a8938
image,d#melee_coinbag_t8_camo_lima_zm_icon
image,d#melee_coinbag_t8_camo_hotel_wz_icon
image,d#hash_473eb1142d60e76a
image,d#uie_ui_menu_common_quit_glow
image,d#shotgun_pump_t8_camo_none_icon
image,d#smg_handling_t8_camo_lima_zm_icon
image,d#hash_474be3a9de1827f3
image,d#hash_4750091d4f0c64a5
image,d#hash_4753dcb9e7df4f7c
image,d#ar_peacekeeper_t8_camo_foxtrot_icon
image,d#smg_capacity_t8_camo_bravo_icon
image,d#ui_icon_callingcards_mp_bootcamp_slipshot
image,d#hash_475e9dd0a972cb56
image,d#ui_icon_callingcards_mp_weapon_proficiency_master_killer
image,d#ui_icon_weapon_tr_flechette_mk2_render
image,d#ui_icon_nebulium_medium
image,d#hash_476c680e6632cc03
image,d#melee_slaybell_t8_camo_alfa_wz_icon
image,d#hash_47740d8de5bf9444
image,d#ui_icon_callingcards_solo_seraph
image,#hash_4775f326809f8469
image,d#smg_folding_t8_camo_lima_zm_icon
image,d#pistol_standard_t8_camo_india_zm_icon
image,d#ar_accurate_t8_camo_bravo_icon
image,d#ui_icon_callingcards_wz_survivalist_master
image,#em_say_hello
image,d#pistol_burst_t8_camo_juliett_icon
image,d#hash_4790b3418074598c
image,d#melee_slaybell_t8_camo_golf_wz_icon
image,d#hash_479a7e884799aa11
image,d#hash_479e99a3aac1fd2f
image,#uie_t7_menu_cacselection_checkbox
image,d#shotgun_fullauto_t8_camo_hotel_wz_icon
image,d#hash_47b3f8b8063dbd87
image,d#smg_accurate_t8_camo_delta_zm_icon
image,d#shotgun_fullauto_t8_camo_hotel_zm_icon
image,d#loot_ui_icon_callingcards_muertos_bats
image,d#lmg_standard_t8_camo_lima_icon
image,d#uie_mech_background
image,d#smg_fastburst_t8_camo_echo_zm_icon
image,d#ui_icon_mp_league_14_01
image,d#ui_icon_mp_league_14_02
image,d#ui_icon_mp_league_14_03
image,d#ui_icon_mp_league_14_04
image,d#pistol_revolver_t8_camo_alfa_zm_icon
image,d#hash_47db7475c5d40acf
image,d#hash_47dcb8941c9f1d91
image,d#hash_47de49373a264a93
image,d#pistol_fullauto_t8_camo_juliett_icon
image,d#smg_fastburst_t8_camo_bravo_zm_icon
image,d#ar_stealth_t8_camo_echo_wz_icon
image,d#ui_icon_callingcards_mp_humiliation_backfire
image,d#shotgun_precision_t8_camo_charlie_zm_icon
image,d#melee_coinbag_t8_camo_delta_icon
image,d#hash_48082a6c64b880ca
image,d#ar_an94_t8_camo_golf_icon
image,d#loot_ui_icon_stickers_seraph_cop_02
image,d#loot_ui_icon_stickers_seraph_cop_01
image,d#melee_demohammer_t8_camo_charlie_wz_icon
image,d#hash_4814b081c6258b0f
image,d#hash_4819e41b4d1c1425
image,d#hash_481c714f3d8321d6
image,#em_lmg_perfect
image,#t7_decal_icon_bull
image,d#melee_amuletfist_t8_camo_foxtrot_zm_icon
image,d#launcher_standard_t8_camo_november_wz_icon
image,d#uie_ui_icon_callingcards_professional_master_clouds
image,d#uie_ui_icon_callingcards_marksman_master_background_ghost_01
image,d#uie_ui_icon_callingcards_marksman_master_background_ghost_02
image,d#smg_minigun_t8_camo_foxtrot_zm_icon
image,d#hash_4839bd840d8c0b97
image,d#hash_4839be840d8c0d4a
image,d#ui_icon_callingcards_mp_prestige_prestige_ninja
image,d#smg_capacity_t8_camo_foxtrot_wz_icon
image,d#tr_powersemi_t8_camo_lima_icon
image,d#hash_484b43d5b04d263a
image,d#special_ballisticknife_t8_dw_camo_charlie_icon
image,d#smg_minigun_t8_camo_echo_icon
image,d#lmg_standard_t8_camo_golf_icon
image,d#sniper_powersemi_t8_camo_mike_wz_icon
image,d#uie_ui_director_tab_bar
image,d#loot_ui_icon_stickers_cartoon_zombies_01
image,d#loot_ui_icon_stickers_cartoon_zombies_03
image,d#loot_ui_icon_stickers_cartoon_zombies_02
image,d#loot_ui_icon_stickers_cartoon_zombies_05
image,d#loot_ui_icon_stickers_cartoon_zombies_04
image,d#loot_ui_icon_stickers_cartoon_zombies_06
image,d#tr_midburst_t8_camo_golf_zm_icon
image,d#uie_walking_people
image,d#ui_icon_callingcards_mp_mode_killer_doingwork
image,d#ui_icon_wildcard_primarygunfighter03_large
image,d#melee_club_t8_camo_november_zm_icon
image,d#sniper_mini14_t8_camo_juliett_zm_icon
image,d#hash_488002fbfb6adbb7
image,d#hash_4883826ef2edae50
image,d#tr_flechette_t8_camo_diamond_icon
image,d#special_ballisticknife_t8_dw_camo_lima_wz_icon
image,d#ui_icon_blackmarket_reserves_weapon_bribe
image,d#ui_icon_attachment_laser
image,d#ui_icon_callingcards_mp_career_tour_of_duty_career_wins
image,d#ui_icon_callingcards_mp_prestige_perks_tracker
image,d#loot_ui_icon_stickers_retro_media_4_large
image,d#shotgun_pump_t8_camo_india_wz_icon
image,d#hash_48ad3e13efb04439
image,#t7_decal_pattern_digicamo_lrg
image,d#ui_icon_weapon_ar_an94_render
image,d#hash_48b2e8cb354e1de6
image,#menu_camo_flecktarn_emissive_pattern
image,#hash_48ca2885a66ae509
image,d#launcher_standard_t8_camo_echo_zm_icon
image,d#melee_demohammer_t8_camo_india_wz_icon
image,d#special_crossbow_t8_camo_alfa_zm_icon
image,d#ui_icon_callingcards_mp_support_killjoy
image,d#loot_ui_icon_callingcards_surrealist_landscapes_master
image,#uie_t7_menu_cac_iconlock
image,d#ui_icon_mp_league_03_02b
image,d#ui_icon_sticker_default_01
image,d#ui_icon_sticker_default_02
image,d#ui_icon_sticker_default_03
image,d#ui_icon_sticker_default_05
image,d#ui_icon_sticker_default_06
image,d#ui_icon_sticker_default_07
image,d#ui_icon_sticker_default_08
image,d#ui_icon_sticker_default_09
image,d#ui_icon_sticker_default_11
image,d#ui_icon_sticker_default_10
image,#hash_4903b283c2cfe051
image,d#ar_accurate_t8_camo_kilo_zm_icon
image,#em_bandage01
image,d#uie_ui_icon_callingcards_zm_elixirs_talismans_beaker_flame
image,d#hash_490f5cf28828cab0
image,d#ui_icon_callingcards_mp_operations_precision_problemsolver
image,d#tr_midburst_t8_camo_hotel_icon
image,d#sniper_fastrechamber_t8_camo_charlie_icon
image,d#sniper_quickscope_t8_camo_india_zm_icon
image,d#smg_minigun_t8_camo_kilo_icon
image,d#smg_fastburst_t8_camo_charlie_zm_icon
image,d#smg_fastfire_t8_camo_india_icon
image,d#melee_actionfigure_t8_camo_lima_wz_icon
image,d#pistol_burst_t8_camo_echo_zm_icon
image,d#tr_flechette_t8_camo_bravo_wz_icon
image,d#sniper_quickscope_t8_camo_gold_icon
image,d#sniper_powerbolt_t8_camo_delta_wz_icon
image,d#melee_club_t8_camo_hotel_icon
image,d#smg_capacity_t8_camo_dlc3_board_shorts_icon
image,d#hash_499415dedf282eed
image,d#lmg_spray_t8_camo_dlc2_blue_up_icon
image,d#hash_49961a967f8025f6
image,d#hash_499b85dd075cbda2
image,d#ui_icon_callingcards_wz_prestige_master
image,d#ui_icon_blackmarket_reserves_case_large
image,d#hash_49a3098b1e1e205b
image,d#uie_ui_icon_callingcards_zombies_100percent_background
image,d#tr_midburst_t8_camo_lima_icon
image,d#tr_midburst_t8_camo_kilo_wz_icon
image,d#tr_powersemi_t8_camo_alfa_wz_icon
image,d#special_ballisticknife_t8_dw_camo_charlie_wz_icon
image,d#ui_icon_zm_calling_tasks_zearned
image,d#hash_49bf63610893f042
image,d#shotgun_pump_t8_camo_charlie_zm_icon
image,d#ui_icon_callingcards_mp_career_tour_of_duty_hardcore_vanquisher
image,d#ui_icon_mp_league_25_02b_large
image,#hash_49f43dec3185de44
image,d#ar_peacekeeper_t8_camo_gold_icon
image,d#ar_doublebarrel_t8_camo_foxtrot_zm_icon
image,d#hash_49fdb13e2cecf197
image,d#melee_cutlass_t8_camo_delta_icon
image,d#pistol_fullauto_t8_camo_foxtrot_icon
image,d#hash_4a06216fa8e3e974
image,d#shotgun_pump_t8_camo_november_zm_icon
image,d#ui_icon_mp_league_advanced_bronze_large
image,d#hash_4a0916d877835e00
image,d#hash_4a0c7c94f04173c7
image,d#sniper_locus_t8_camo_delta_wz_icon
image,d#uie_callingcards_mp_loot_master_liontail
image,d#melee_actionfigure_t8_camo_charlie_icon
image,d#uie_foreground_ropes
image,d#hash_4a19e2635b12c477
image,#hash_4a1aa99972ffdabe
image,d#hash_4a1b35e103605561
image,d#ui_icon_attachment_speedloader
image,d#hash_4a2071f4b31ea691
image,d#hash_4a34514f96e469bb
image,#hash_4a34863402346b60
image,#hash_4a34873402346d13
image,#hash_4a348f3402347aab
image,#hash_4a34903402347c5e
image,#hash_4a34913402347e11
image,#hash_4a34923402347fc4
image,#hash_4a34933402348177
image,#hash_4a3494340234832a
image,#hash_4a349534023484dd
image,d#ui_icon_callingcards_mp_bootcamp_aboutface
image,#hash_4a380b3402378336
image,#hash_4a380c34023784e9
image,#hash_4a38113402378d68
image,#hash_4a381334023790ce
image,#hash_4a38143402379281
image,#hash_4a38153402379434
image,#hash_4a381634023795e7
image,#hash_4a3817340237979a
image,#hash_4a3818340237994d
image,#hash_4a3b12340239c4f2
image,#hash_4a3b13340239c6a5
image,#hash_4a3b14340239c858
image,#hash_4a3b15340239ca0b
image,#hash_4a3b16340239cbbe
image,#hash_4a3b17340239cd71
image,#hash_4a3b18340239cf24
image,#hash_4a3b19340239d0d7
image,#hash_4a3b1a340239d28a
image,#hash_4a3b1b340239d43d
image,d#loot_ui_icon_callingcards_muertos_torque
image,#hash_4a3e7f34023cb400
image,#hash_4a3e8034023cb5b3
image,#hash_4a3e8134023cb766
image,#hash_4a3e8234023cb919
image,#hash_4a3e8334023cbacc
image,#hash_4a3e8434023cbc7f
image,#hash_4a3e8534023cbe32
image,#hash_4a3e8634023cbfe5
image,#hash_4a3e8734023cc198
image,#hash_4a3e8834023cc34b
image,#hash_4a40ca6c8b8f65ff
image,#hash_4a420634023fcf3c
image,d#ar_damage_t8_camo_dlc3_assassin_icon
image,d#ui_icon_callingcards_mp_ground_assault_rc_xd_kills
image,#uie_progresscircletexture
image,d#uie_ui_icon_callingcards_zm_prestige_allseeingeye_pyramid_mask1
image,d#uie_ui_icon_callingcards_zm_prestige_allseeingeye_pyramid_mask2
image,d#uie_ui_icon_callingcards_signature_weapon_master_monkeyshines
image,d#tr_midburst_t8_camo_hotel_wz_icon
image,#em_shock_charge01
image,d#uie_ui_menu_callingcards_prestigemaster_helicopters
image,d#ui_icon_callingcard_egxcableguys
image,d#tr_midburst_t8_camo_hotel_zm_icon
image,d#melee_club_t8_camo_delta_wz_icon
image,d#smg_capacity_t8_camo_delta_zm_icon
image,d#uie_ui_icon_callingcards_wz_insigniaechelons_master_gemrocks_shimmer
image,d#shotgun_precision_t8_camo_november_zm_icon
image,d#uie_ui_menu_cursor_middle_ring
image,#t7_decal_icon_8bit_monster
image,d#sniper_powersemi_t8_camo_dlc3_board_shorts_icon
image,d#sniper_damagesemi_t8_camo_foxtrot_wz_icon
image,#menu_camo_storm_pattern
image,d#hash_4a7eec321bc6034f
image,d#ui_icon_callingcards_mp_gamevictories_dominationwins
image,d#hash_4a82c24b6c7f3324
image,#uie_fractal_noise
image,d#sniper_mini14_t8_camo_delta_wz_icon
image,d#ui_icon_mp_league_09_02b_large
image,d#hash_4a9708b82fe1cb1d
image,#t7_loot_decal_icon_snakesword
image,d#melee_coinbag_t8_camo_echo_icon
image,d#melee_slaybell_t8_camo_india_zm_icon
image,#t7_hud_color_grad
image,d#melee_club_t8_camo_echo_icon
image,#ui_icon_startmenu_option_icon_xbone
image,d#loot_ui_icon_stickers_robot_02_large
image,d#melee_secretsanta_t8_camo_kilo_zm_icon
image,d#melee_demohammer_t8_camo_alfa_wz_icon
image,#t7_icon_error_overlays_bkg
image,d#uie_light_pass_adjustment
image,d#smg_standard_t8_camo_november_wz_icon
image,d#tr_midburst_t8_camo_dlc2_blue_up_icon
image,#em_streak_support_package
image,d#uie_ui_zm_laboratory_buttonframe
image,#em_shape_square_rounded
image,d#lmg_standard_t8_camo_alfa_wz_icon
image,d#loot_ui_icon_stickers_chromedout_4_large
image,d#ui_icon_callingcards_zm_prestige_hourglassandserpent
image,d#ui_icon_attachment_grip2
image,d#hash_4b10e5c27105c0c4
image,d#hash_4b130ac39c75a7a8
image,d#hash_4b158c76338791f7
image,#uie_t7_icons_blackcircle
image,d#special_ballisticknife_t8_dw_camo_november_icon
image,d#hash_4b2560a3a70eba3a
image,d#hash_4b445e6a4f2b37e4
image,d#loot_ui_icon_stickers_crimelife_03
image,d#loot_ui_icon_stickers_crimelife_02
image,d#loot_ui_icon_stickers_crimelife_01
image,d#loot_ui_icon_stickers_crimelife_06
image,d#loot_ui_icon_stickers_crimelife_05
image,d#loot_ui_icon_stickers_crimelife_04
image,d#lmg_spray_t8_camo_charlie_zm_icon
image,d#ui_icon_callingcards_mp_operations_precision_headhunter
image,d#loot_ui_icon_sticker_firebreak_snake_03
image,d#loot_ui_icon_sticker_firebreak_snake_01
image,d#ui_icon_callingcards_mp_support_counter_uav_support
image,d#hash_4b5fe8f8eaefa963
image,#em_material_t7_camo_fear
image,d#melee_cutlass_t8_camo_foxtrot_wz_icon
image,d#lmg_stealth_t8_camo_kilo_zm_icon
image,d#ui_icon_callingcards_mp_humiliation_blunt_trauma
image,d#ar_an94_t8_camo_echo_icon
image,d#tr_flechette_t8_camo_foxtrot_wz_icon
image,d#hash_4b6d13b4640d041b
image,d#uie_ui_icon_callingcards_prestige_master_lightlaser
image,d#hash_4b7ee1d926550573
image,d#ar_peacekeeper_t8_camo_bravo_zm_icon
image,d#uie_ui_menu_common_focus_glow_small
image,d#uie_ui_menu_callingcards_prestigemaster_murderer
image,d#sniper_mini14_t8_camo_kilo_zm_icon
image,d#ui_icon_callingcards_mp_dark_ops_copycat
image,d#ar_peacekeeper_t8_camo_golf_icon
image,d#ui_icon_wildcard_greed03_large
image,d#hash_4bb0973146098f62
image,d#hash_4bb0fbeead125499
image,d#ui_icon_callingcards_mp_scorestreak_airassault_attackchopperkills
image,d#uie_callingcards_global_master_clouds
image,d#sniper_quickscope_t8_camo_mike_icon
image,#t7_decal_pattern_leopard
image,d#ui_icon_mp_league_elite_silver_large
image,d#shotgun_precision_t8_camo_juliett_icon
image,#uie_characterminiselectorarrow
image,d#ui_icon_mp_league_16_02
image,d#ui_icon_mp_league_16_03
image,d#ui_icon_mp_league_16_01
image,d#ui_icon_mp_league_16_04
image,d#hash_4bec96718097647d
image,d#sniper_mini14_t8_camo_echo_icon
image,d#uie_pc_bnetstore_digitalstandardedition
image,d#melee_slaybell_t8_camo_none_icon
image,d#hash_4c0a3e2056ebff7f
image,#voice_off_xboxlive
image,d#menu_camo_donuts
image,d#hash_4c15e7c9a2834d7e
image,d#melee_club_t8_camo_juliett_wz_icon
image,d#launcher_standard_t8_camo_none_icon
image,d#tr_damageburst_t8_camo_alfa_icon
image,d#uie_ui_menu_director_top_left_dot_pattern
image,#hash_4c28346a8be8adae
image,d#uie_ui_icon_callingcards_zm_weapons_equipment_bomberplane
image,d#hash_4c325bed3f226657
image,d#hash_4c35ae8f2f49a78e
image,d#uie_dino_still
image,d#sniper_quickscope_t8_camo_alfa_wz_icon
image,d#uie_ui_menu_contracts_ring_delta
image,d#ui_icon_scorestreaks_turret_mini
image,d#hash_4c4afd9753dcb356
image,d#ui_icon_mp_league_30_02b_large
image,d#uie_ui_icon_callingcards_professional_master_background2
image,d#loot_ui_icon_callingcards_muertos_ruin
image,d#ar_doublebarrel_t8_camo_india_wz_icon
image,d#smg_fastfire_t8_camo_charlie_wz_icon
image,#t7_hud_waypoints_compassping_friendly_mp
image,d#launcher_standard_t8_camo_hotel_icon
image,d#smg_fastburst_t8_camo_mike_icon
image,d#shotgun_fullauto_t8_camo_dlc3_stealth_seal_icon
image,d#melee_actionfigure_t8_camo_hotel_zm_icon
image,d#hash_4c7a482162405d25
image,d#loot_ui_icon_callingcards_muertos_animal
image,#menu_camo_spectrum_pattern
image,d#tr_flechette_t8_camo_hotel_wz_icon
image,d#ar_fastfire_t8_camo_hotel_icon
image,d#hash_4c82aa279b0541db
image,d#melee_stopsign_t8_camo_foxtrot_zm_icon
image,#img_uie_match_begins_in_outline
image,d#ui_icon_camonotification_diamond_smg
image,#menu_camo_wmd_pattern
image,#hash_4c89391ec58a5a89
image,d#ar_an94_t8_camo_foxtrot_zm_icon
image,d#hash_4c9242e4a8c806fc
image,#hash_4c92550c83c2d84b
image,d#uie_ui_icon_callingcards_zm_survivalist_front_webs
image,#hash_4c972b290e1de0fa
image,d#melee_club_t8_camo_juliett_icon
image,d#melee_cutlass_t8_camo_echo_zm_icon
image,d#ui_icon_blackmarket_store_tile_focus
image,d#ui_icon_callingcards_mp_humiliation_from_the_grave
image,d#loot_ui_icon_stickers_pixel_warriors_2_large
image,d#loot_ui_icon_sticker_torque_muertos_01_large
image,d#melee_secretsanta_t8_camo_alfa_zm_icon
image,#t7_loot_decal_viking
image,d#uie_ui_icon_callingcards_backout_100percent_armyguy
image,d#ui_icon_mp_league_07_04
image,d#ui_icon_mp_league_07_01
image,d#ui_icon_mp_league_07_02
image,d#ui_icon_mp_league_07_03
image,#menu_camo_dante_hallucination_pattern
image,d#ui_icon_callingcards_mp_operations_humiliation_unforgiving
image,d#hash_4cc7b3e64eb291a5
image,d#ui_icon_attachment_highcaliber2
image,d#hash_4cd3775f1c19f260
image,#popup_top
image,d#uie_light_burst
image,d#hash_4ceb2b09da06c1cd
image,d#ar_accurate_t8_camo_juliett_wz_icon
image,d#tr_damageburst_t8_camo_hotel_zm_icon
image,d#hash_4cfc3b625071b1cf
image,#hash_4cfc7c38d488ef78
image,d#lmg_stealth_t8_camo_bravo_wz_icon
image,d#hash_4d0d3e52fedf9a80
image,d#launcher_standard_t8_camo_november_icon
image,d#shotgun_pump_t8_camo_golf_zm_icon
image,d#melee_zombiearm_t8_camo_foxtrot_icon
image,d#tr_flechette_t8_camo_kilo_wz_icon
image,d#ar_stealth_t8_camo_bravo_icon
image,d#ar_doublebarrel_t8_camo_darkmatter_02_icon
image,d#hash_4d3e4442447068a3
image,d#sniper_damagesemi_t8_camo_bravo_zm_icon
image,d#pistol_standard_t8_camo_active_showstopper_wrapper_icon
image,#menu_camo_ce_115_pattern
image,d#hash_4d5ec8024d178a91
image,d#pistol_burst_t8_camo_hotel_zm_icon
image,d#ui_icon_mp_league_gem_advanced
image,d#pistol_fullauto_t8_camo_india_wz_icon
image,d#ui_icon_mp_league_14_02b
image,d#hash_4d6c5c21c74abb8d
image,d#sniper_quickscope_t8_camo_dlc2_blue_up_icon
image,d#melee_actionfigure_t8_camo_darkmatter_02_icon
image,d#ui_icon_mp_league_24_02b
image,d#smg_vmp_t8_camo_hotel_zm_icon
image,d#shotgun_fullauto_t8_camo_alfa_wz_icon
image,d#ui_icon_mp_league_11_02b
image,#img_t7_menu_mp_preview_biodome
image,#hash_4d99dd79955032f6
image,d#sniper_damagesemi_t8_camo_juliett_icon
image,d#hash_4da06c276eb39986
image,d#hash_4da08977b57d6015
image,#em_shield09_full
image,d#sniper_powerbolt_t8_camo_delta_icon
image,d#smg_vmp_t8_camo_india_icon
image,d#uie_ui_icon_callingcards_fairytale_finger5
image,d#uie_ui_icon_callingcards_fairytale_finger4
image,d#uie_ui_icon_callingcards_fairytale_finger3
image,d#uie_ui_icon_callingcards_fairytale_finger2
image,d#ui_icon_callingcards_mp_career_game_heroics_finisher
image,d#hash_4db3d08412c2cdb9
image,d#ui_icon_blackmarket_store_tile_default
image,d#smg_vmp_t8_camo_juliett_zm_icon
image,d#smg_fastburst_t8_camo_mike_zm_icon
image,d#ui_icon_mp_league_05_02
image,d#ui_icon_mp_league_05_03
image,d#ui_icon_mp_league_05_01
image,d#smg_standard_t8_camo_gold_icon
image,#menu_camo_ce_bo3_pattern
image,d#hash_4dd23076f3f406ac
image,d#smg_folding_t8_camo_golf_wz_icon
image,d#hash_4ddbfb0cf04f7f35
image,#uie_pc_igrevent_weekprogression_currentweek_bg
image,d#hash_4dea3e373efa0d38
image,d#hash_4df14eef9642360f
image,d#ui_icon_gadget_smart_cover_mp
image,d#ar_accurate_t8_camo_active_dlc1_cyberpunk_wrapper_icon
image,d#melee_club_t8_camo_foxtrot_zm_icon
image,#uie_img_t7_menu_startmenu_option_lines_orbis_invalid
image,d#shotgun_pump_t8_camo_juliett_wz_icon
image,d#ui_icon_callingcards_mp_specialized_spec_equipment_kills
image,d#ui_icon_callingcards_mp_gamevictories_harpointwins
image,#t7_decal_pattern_digicamo_sm
image,d#hash_4e02c60ccbee1ce9
image,d#uie_ui_icon_callingcards_operations_precision_master_animated_skulls
image,d#ar_standard_t8_camo_juliett_icon
image,d#shotgun_precision_t8_camo_alfa_zm_icon
image,#em_dem_interruption
image,d#ui_icon_blackmarket_stream_weapon_ultra
image,d#ar_damage_t8_camo_foxtrot_icon
image,d#uie_callingcards_survivalist_master_clouds
image,d#uie_callingcards_survivalist_master_cloud1
image,d#pistol_fullauto_t8_camo_india_icon
image,d#uie_ui_icon_callingcards_zm_prestige_allseeingeye_pyramid_lightrays
image,d#ui_icon_mp_league_16_01_large
image,d#ui_icon_callingcards_mp_weapon_proficiency_launcher_kills
image,d#hash_4e42e406cfc7a799
image,#t7_loot_decal_icon_bunny
image,d#hash_4e506070c2cadf1b
image,#hash_4e57b747608d48b0
image,d#hash_4e582d557c6428db
image,d#lmg_stealth_t8_camo_bravo_zm_icon
image,d#loot_ui_icon_callingcards_dystopian1_06
image,d#loot_ui_icon_callingcards_dystopian1_07
image,d#loot_ui_icon_callingcards_dystopian1_04
image,d#loot_ui_icon_callingcards_dystopian1_05
image,d#loot_ui_icon_callingcards_dystopian1_02
image,d#loot_ui_icon_callingcards_dystopian1_03
image,d#loot_ui_icon_callingcards_dystopian1_01
image,d#sniper_mini14_t8_camo_india_wz_icon
image,d#ui_icon_callingcards_mp_specialized_finish_the_job
image,d#ui_icon_weapon_smg_fastfire_render_xl
image,d#lmg_heavy_t8_camo_india_icon
image,d#sniper_mini14_t8_camo_india_zm_icon
image,d#lmg_standard_t8_camo_foxtrot_icon
image,d#uie_ui_menu_callingcards_crimewave_dirt
image,d#hash_4e83614aa6a5566a
image,d#tr_longburst_t8_camo_mike_wz_icon
image,d#melee_demohammer_t8_camo_mike_icon
image,d#loot_ui_icon_stickers_random_38_large
image,d#melee_slaybell_t8_camo_mike_zm_icon
image,#hash_4e8f88949c0546da
image,d#hash_4e90e0ff50b671c9
image,d#ui_icon_2xp_weapon
image,d#loot03_ui_icon_blackmarket_item_shop_wingsuit_merica
image,d#sniper_fastrechamber_t8_camo_india_zm_icon
image,#em_shape_star02_half
image,d#hash_4ea99f7399be0882
image,#menu_camo_flectarn_pattern
image,d#loot_ui_icon_stickers_skate_2_large
image,#em_shape_triangle_rounded
image,d#smg_fastfire_t8_camo_golf_icon
image,d#ui_icon_callingcards_mp_bootcamp_marksman_xrayvision
image,d#smg_folding_t8_camo_darkmatter_icon
image,d#special_ballisticknife_t8_dw_camo_mike_wz_icon
image,d#hash_4ed843ea722d2d8e
image,#hash_4eda1ce2141038ba
image,#em_starburst2_full
image,#em_grenade01
image,#t7_hud_dot_mesh
image,d#ui_icon_mp_league_25_01
image,d#ui_icon_mp_league_25_02
image,d#ui_icon_mp_league_25_03
image,d#ui_icon_mp_league_25_04
image,d#ui_icon_attachment_recon
image,d#loot_ui_icon_callingcards_bankrobbery_05
image,d#loot_ui_icon_callingcards_bankrobbery_04
image,d#loot_ui_icon_callingcards_bankrobbery_07
image,d#loot_ui_icon_callingcards_bankrobbery_06
image,d#loot_ui_icon_callingcards_bankrobbery_01
image,d#loot_ui_icon_callingcards_bankrobbery_03
image,d#loot_ui_icon_callingcards_bankrobbery_02
image,d#hash_4f012142c2307e5c
image,d#shotgun_pump_t8_camo_lima_wz_icon
image,d#tr_longburst_t8_camo_lima_wz_icon
image,#hash_4f10fdc252f86729
image,#hash_4f1108ed2c761493
image,d#ui_icon_meansofdeath_impact
image,#hash_4f12dfeb7a0e9911
image,d#hash_4f17398228a5167a
image,#t7_loot_decal_icon_joker
image,d#ar_accurate_t8_camo_active_showstopper_wrapper_icon
image,#t7_loot_decal_swords
image,d#ui_icon_attachment_lmg_heavy_opmod_fat_barrel
image,d#shotgun_pump_t8_camo_active_dlc1_ww2_wrapper_icon
image,d#pistol_burst_t8_camo_dlc3_board_shorts_icon
image,#hash_4f2b8cb135b4370a
image,d#hash_4f2dc3558153e562
image,d#hash_4f2eec585ce76c2e
image,d#hash_4f370367670b9afe
image,#t7_loot_decal_icon_panda
image,d#pistol_standard_t8_camo_lima_wz_icon
image,d#pistol_fullauto_t8_camo_echo_wz_icon
image,d#melee_coinbag_t8_camo_golf_icon
image,d#melee_cutlass_t8_camo_golf_zm_icon
image,d#lmg_heavy_t8_camo_india_wz_icon
image,d#sniper_damagesemi_t8_camo_mike_wz_icon
image,d#knife_loadout_camo_foxtrot_icon
image,d#uie_callingcards_heroics_master_glow_shoot
image,d#ui_icon_callingcards_zm_100percent
image,d#tr_midburst_t8_camo_alfa_wz_icon
image,d#ui_icon_attachment_is
image,d#pistol_standard_t8_camo_alfa_wz_icon
image,d#ar_damage_t8_camo_foxtrot_wz_icon
image,d#tr_midburst_t8_camo_juliett_wz_icon
image,#uie_pc_igrevent_weekprogression_reward_bg
image,d#ui_icon_weapon_lmg_hades_xl
image,d#melee_slaybell_t8_camo_charlie_zm_icon
image,d#uie_ui_icon_callingcards_zm_survivalist_front_rocks
image,#em_hacker_tool01
image,d#shotgun_fullauto_t8_camo_foxtrot_wz_icon
image,d#pistol_revolver_t8_camo_dlc2_street_race_icon
image,d#sniper_locus_t8_camo_foxtrot_wz_icon
image,d#sniper_quickscope_t8_camo_juliett_icon
image,d#hash_4f9cebe1589d2541
image,d#ar_damage_t8_camo_echo_zm_icon
image,d#hash_4fb2120b73412e83
image,#em_sd_clutch
image,d#hash_4fb291e5f4c5c466
image,d#ui_icon_mp_league_03_02_large
image,d#lmg_heavy_t8_camo_gold_icon
image,d#ar_doublebarrel_t8_camo_echo_zm_icon
image,#hash_4fcc4417f68d2e0d
image,d#hash_4fcd41a9e6d290e7
image,d#pistol_fullauto_t8_camo_dlc3_stealth_seal_icon
image,#uie_pc_igrevent_weekprogression_number_deco
image,d#loot04_ui_icon_blackmarket_itemshop_sergei
image,d#sniper_locus_t8_camo_darkmatter_02_icon
image,#uie_highlight_border_dot
image,d#ar_accurate_t8_camo_active_dlc2_retro_vegas_neon_wrapper_icon
image,d#ui_icon_attachment_hades_opmod_sentry_grip
image,d#melee_cutlass_t8_camo_mike_wz_icon
image,d#melee_cutlass_t8_camo_kilo_zm_icon
image,d#ui_icon_callingcards_mp_bootcamp_badmedicine
image,d#ui_icon_mp_league_22_03_large
image,#em_material_t7_camo_chameleon
image,d#ui_icon_mp_league_02_02b_large
image,d#ui_icon_weapon_combat_knife_xl
image,d#melee_actionfigure_t8_camo_echo_icon
image,d#smg_minigun_t8_camo_alfa_wz_icon
image,d#smg_fastfire_t8_camo_active_dlc3_mystic_01_icon
image,#hash_5031afc13b2ad220
image,d#melee_stopsign_t8_camo_hotel_wz_icon
image,d#uie_ui_icon_callingcards_loot_cowboysandmonsters_donut
image,d#uie_ui_menu_arena_firestreakflipbook
image,d#hash_5042aec3bce1d4a2
image,d#ui_icon_callingcards_wz_vehicular_saw_it_in_the_movies
image,d#special_ballisticknife_t8_dw_camo_kilo_wz_icon
image,#t7_hud_waypoints_neutral_new_c_mini
image,d#smg_vmp_t8_camo_kilo_wz_icon
image,d#ui_icon_callingcards_mp_operations_killjoys_doneanddone
image,d#uie_arena_rank_banner_default
image,d#hash_5051dbc58c5b3b71
image,d#hash_5058f75abc7e8c41
image,d#ui_icon_callingcards_mp_prestige_wildcards_rulebreaker
image,d#ui_icon_attachment_suppressivebarrel
image,d#melee_secretsanta_t8_camo_delta_zm_icon
image,#hash_5069b4e11f86d3e2
image,d#sniper_powerbolt_t8_camo_echo_wz_icon
image,d#uie_ui_icon_callingcards_loot_cowboysandmonsters_water_splash_overlay
image,d#ui_icon_mp_league_24_03_large
image,d#loot07_ui_icon_blackmarket_itemshop_secretsanta
image,d#hash_50859150eea5507e
image,d#melee_cutlass_t8_camo_lima_icon
image,d#ui_icon_meansofdeath_hit_by_object
image,d#ui_icon_mp_league_06_03_large
image,d#hash_509118460cb226ce
image,d#hash_50935c779809768b
image,d#knife_loadout_camo_golf_zm_icon
image,d#ui_icon_wildcard_underkill_large
image,d#tr_longburst_t8_camo_hotel_wz_icon
image,d#melee_club_t8_camo_foxtrot_wz_icon
image,d#ar_modular_t8_camo_hotel_icon
image,d#hash_50ae9e34459c85d0
image,d#hash_50b1ada2633f8f9c
image,d#loot_ui_icon_stickers_random_24_large
image,d#lmg_standard_t8_camo_active_kill_counter_wrapper_icon
image,d#hash_50bef717c0f65e8b
image,d#ui_icon_callingcards_mp_scorestreak_airassault_gunshipkills
image,d#loot07_ui_icon_blackmarket_itemshop_bundle_action_figure
image,d#shotgun_precision_t8_camo_alfa_wz_icon
image,d#uie_ui_icon_callingcards_assassin_hand
image,d#ui_icon_callingcards_mp_bootcamp_marksman_aboutface
image,d#loot_ui_icon_stickers_retro_media_6_large
image,#em_tdm_merciless
image,d#loot_ui_icon_stickers_cute_monsters_6_large
image,d#hash_50e436c1fd9d7650
image,d#tr_damageburst_t8_camo_alfa_wz_icon
image,d#ui_icon_mp_league_27_02
image,d#ui_icon_mp_league_27_03
image,d#ui_icon_mp_league_27_01
image,d#ui_icon_mp_league_27_04
image,d#special_crossbow_t8_camo_kilo_wz_icon
image,d#sniper_powersemi_t8_camo_darkmatter_icon
image,d#hash_50fb6dc43abdb622
image,d#sniper_locus_t8_camo_echo_wz_icon
image,d#melee_zombiearm_t8_camo_mike_zm_icon
image,d#hash_510d8cebc477c2c6
image,d#loot_ui_icon_stickers_safari_animals_4_large
image,d#smg_accurate_t8_camo_foxtrot_wz_icon
image,d#ar_standard_t8_camo_delta_wz_icon
image,d#shotgun_fullauto_t8_camo_juliett_wz_icon
image,d#launcher_standard_t8_camo_golf_wz_icon
image,d#melee_secretsanta_t8_camo_hotel_zm_icon
image,d#uie_ui_icon_callingcards_operations_killjoys_greenfist
image,d#ui_icon_attachment_longbarrel
image,d#loot_ui_icon_stickers_retro_media_3_large
image,d#hash_512f3cb5e816ac98
image,d#melee_slaybell_t8_camo_mike_wz_icon
image,d#hash_51479220fc5f9605
image,d#knife_loadout_camo_dlc2_street_race_icon
image,d#smg_handling_t8_camo_mike_wz_icon
image,d#hash_5157e2b2a086b162
image,d#ui_icon_callingcards_wz_survivalist_true_snipert
image,#menu_camo_dante_crazy_pattern
image,d#hash_515fa951a24ae220
image,d#sniper_quickscope_t8_camo_kilo_wz_icon
image,d#ar_standard_t8_camo_echo_icon
image,d#ui_icon_attachment_dragonbreath
image,d#hash_516e06aa0bc32635
image,#menu_camo_scorch_emissive_pattern
image,d#ar_stealth_t8_camo_kilo_zm_icon
image,d#hash_517874568708dfb3
image,d#ui_icon_mp_league_03_01
image,d#ui_icon_mp_league_03_02
image,d#ui_icon_mp_league_03_03
image,d#uie_ui_menu_callingcards_warriorcreatures_hat
image,d#shotgun_fullauto_t8_camo_november_zm_icon
image,d#ui_icon_mp_league_27_02_large
image,d#sniper_locus_t8_camo_november_zm_icon
image,d#melee_club_t8_camo_bravo_icon
image,d#ui_icon_meansofdeath_melee_weapon_butt
image,d#melee_demohammer_t8_camo_dlc3_board_shorts_icon
image,#hash_518e950f336e92ad
image,d#melee_amuletfist_t8_camo_india_wz_icon
image,d#sniper_mini14_t8_camo_echo_zm_icon
image,d#smg_accurate_t8_camo_mike_zm_icon
image,d#hash_51a2ef7f4f52386d
image,d#pistol_burst_t8_camo_delta_zm_icon
image,d#pistol_burst_t8_camo_echo_wz_icon
image,#hash_51b67e8d45b2201d
image,d#hash_51cf12fc988d7e74
image,d#hash_51d86732574727fb
image,d#ui_icon_weapon_smg_vmp_render
image,d#hash_51e83983a170f65a
image,#uie_ui_arrow_down
image,d#uie_ui_icon_callingcard_zombie_astronaut
image,d#melee_slaybell_t8_camo_echo_zm_icon
image,d#hash_51ff256241aa05ff
image,d#hash_51ff2d05aab13453
image,d#uie_ui_icon_callingcards_zm_weapons_equipment_bombsaway
image,d#ui_icon_callingcards_solo_jessica_with_ruin
image,d#loot_ui_icon_stickers_cute_creepy_1_large
image,d#hash_5212e377151cfe44
image,d#hash_521668652e6e650c
image,d#ar_accurate_t8_camo_delta_icon
image,d#melee_demohammer_t8_camo_dlc3_assassin_icon
image,d#lmg_spray_t8_camo_delta_zm_icon
image,d#melee_club_t8_camo_alfa_wz_icon
image,d#tr_midburst_t8_camo_mike_wz_icon
image,d#hash_52303124be67e24b
image,d#melee_coinbag_t8_camo_juliett_wz_icon
image,d#loot_ui_icon_stickers_pixelzombies_04
image,d#loot_ui_icon_stickers_pixelzombies_05
image,d#loot_ui_icon_stickers_pixelzombies_06
image,d#loot_ui_icon_stickers_pixelzombies_01
image,d#loot_ui_icon_stickers_pixelzombies_02
image,d#loot_ui_icon_stickers_pixelzombies_03
image,d#hash_523c106e58339e30
image,d#tr_damageburst_t8_camo_november_icon
image,d#ar_standard_t8_camo_kilo_icon
image,d#melee_stopsign_t8_camo_lima_wz_icon
image,d#sniper_powerbolt_t8_camo_india_wz_icon
image,d#ui_icon_mp_league_04_02_large
image,d#sniper_locus_t8_camo_foxtrot_icon
image,d#hash_524c0034254092bb
image,d#sniper_powersemi_t8_camo_bravo_zm_icon
image,d#smg_handling_t8_camo_hotel_icon
image,d#pistol_fullauto_t8_camo_golf_icon
image,d#melee_actionfigure_t8_camo_foxtrot_wz_icon
image,d#uie_ui_icon_callingcards_operations_killjoys_greeneyes
image,d#melee_secretsanta_t8_camo_gold_icon
image,d#sniper_damagesemi_t8_camo_kilo_zm_icon
image,d#loot_ui_icon_stickers_sdm_mastercraft
image,d#smg_minigun_t8_camo_hotel_zm_icon
image,#em_letter_u
image,#em_letter_t
image,#em_letter_w
image,#em_letter_v
image,#em_letter_q
image,#em_letter_p
image,#em_letter_s
image,#em_letter_r
image,#em_letter_y
image,#em_letter_x
image,#em_letter_z
image,#em_letter_e
image,#em_letter_d
image,#em_letter_g
image,#em_letter_f
image,#em_letter_a
image,#em_letter_c
image,#em_letter_b
image,#em_letter_m
image,#em_letter_l
image,#em_letter_o
image,#em_letter_n
image,#em_letter_i
image,#em_letter_h
image,#em_letter_k
image,#em_letter_j
image,#em_shape_star01_half
image,d#knife_loadout_camo_foxtrot_zm_icon
image,d#lmg_standard_t8_camo_golf_zm_icon
image,d#loot04_ui_icon_blackmarket_itemshop_bundle_rising_tide
image,d#ui_icon_attachment_highcaliber
image,d#smg_vmp_t8_camo_november_icon
image,d#ar_galil_t8_camo_india_icon
image,#hash_52c592ed9c8f62f0
image,d#hash_52cee357c2e51151
image,d#launcher_standard_t8_camo_dlc3_stealth_seal_icon
image,d#ui_icon_callingcards_mp_specialized_master
image,d#hash_52d3198fcbecbe65
image,d#melee_cutlass_t8_camo_hotel_icon
image,d#smg_fastburst_t8_camo_juliett_icon
image,#98_secret
image,d#melee_coinbag_t8_camo_hotel_zm_icon
image,d#hash_52eb1680b294e084
image,#hash_52eb419bce632681
image,d#smg_capacity_t8_camo_charlie_zm_icon
image,d#smg_fastfire_t8_camo_dlc2_street_race_icon
image,#menu_camo_chameleon_shiny_pattern
image,d#ar_an94_t8_camo_mike_zm_icon
image,d#ui_icon_callingcards_wz_darkops_heavymachine
image,d#melee_zombiearm_t8_camo_alfa_wz_icon
image,#menu_em_material_carbon_fiber
image,d#ui_icon_scorestreaks_swatbuddy
image,d#ui_icon_mp_league_13_03_large
image,d#uie_callingcards_heroics_master_black_smokerotate
image,d#loot_ui_icon_sticker_nomad_muertos_03_large
image,d#smg_accurate_t8_camo_alfa_wz_icon
image,d#melee_coinbag_t8_camo_alfa_wz_icon
image,d#hash_5324f40dcdc58e4e
image,d#hash_532a2f8cc8cfa086
image,d#ar_modular_t8_camo_delta_zm_icon
image,d#hash_5333840eaf8299b8
image,d#hash_5333c8e36e45b362
image,d#tr_midburst_t8_camo_india_zm_icon
image,d#hash_533da5172da9054e
image,#t7_loot_decal_icon_owl
image,d#shotgun_precision_t8_camo_mike_wz_icon
image,d#sniper_powersemi_t8_camo_lima_zm_icon
image,d#pistol_standard_t8_camo_november_icon
image,d#loot_ui_icon_stickers_monkey_soldier_large
image,d#melee_secretsanta_t8_camo_juliett_icon
image,d#ar_standard_t8_camo_foxtrot_wz_icon
image,d#hash_535c9df807fae5b5
image,#em_kc_got_mine
image,#uie_img_t7_menu_startmenu_option_lines_orbis_mp
image,d#ui_icon_callingcards_mp_prestige_prestige_persian
image,d#hash_5371465521ba2fd1
image,#uie_director_mode_text_tab_glow_pc
image,d#hash_5374cac83ee1d40a
image,d#uie_speedlines
image,d#ar_an94_t8_camo_india_icon
image,d#ui_icon_wildcard_primarygunfighter01_large
image,d#hash_539161b602add9aa
image,d#knife_loadout_camo_bravo_wz_icon
image,d#melee_stopsign_t8_camo_juliett_zm_icon
image,d#uie_soldier_gun
image,d#ar_fastfire_t8_camo_delta_icon
image,#uie_img_t7_menu_startmenu_option_lines_orbis_zm
image,d#hash_53a82a0702465e21
image,d#hash_53afbec6cb57cc60
image,d#hash_53b039899ea44490
image,d#ui_icon_callingcards_mp_prestige_perks_dead_silence
image,#uie_img_t7_menu_startmenu_option_lines_orbis_wz
image,d#melee_slaybell_t8_camo_lima_icon
image,d#sniper_damagesemi_t8_camo_delta_icon
image,d#hash_53c56698fa5eb1c7
image,d#ui_icon_mp_league_25_04_large
image,d#uie_ui_icon_callingcards_pirates_mast
image,d#uie_ui_icon_callingcard_zombie_hunter_background
image,#hash_53dd751b506dfeb6
image,d#sniper_powerbolt_t8_camo_golf_icon
image,d#melee_amuletfist_t8_camo_lima_icon
image,d#pistol_standard_t8_camo_india_icon
image,d#uie_ui_menu_common_tab_backing
image,#hash_53f14dc7ed02b8d0
image,#hash_53f14ec7ed02ba83
image,#hash_53f150c7ed02bde9
image,#hash_53f151c7ed02bf9c
image,#hash_53f153c7ed02c302
image,#hash_53f154c7ed02c4b5
image,d#menu_camo_darkmatter_pattern
image,d#loot_ui_icon_stickers_cute_creepy_5_large
image,#ui_icon_emblems_3_star
image,d#ui_icon_callingcards_zm_miscellaneous_10
image,d#ui_icon_callingcards_zm_miscellaneous_11
image,d#ui_icon_callingcards_zm_miscellaneous_12
image,d#ui_icon_callingcards_zm_miscellaneous_13
image,d#melee_demohammer_t8_camo_bravo_wz_icon
image,d#melee_amuletfist_t8_camo_foxtrot_icon
image,d#ui_icon_callingcards_zm_miscellaneous_09
image,d#ui_icon_callingcards_zm_miscellaneous_08
image,d#ui_icon_callingcards_zm_miscellaneous_03
image,d#ui_icon_callingcards_zm_miscellaneous_02
image,d#ui_icon_callingcards_zm_miscellaneous_01
image,d#ui_icon_callingcards_zm_miscellaneous_07
image,d#ui_icon_callingcards_zm_miscellaneous_06
image,d#ui_icon_callingcards_zm_miscellaneous_05
image,d#ui_icon_callingcards_zm_miscellaneous_04
image,d#ui_icon_callingcards_wz_heroics_get_straight_to_it
image,#hash_54261d1afa690431
image,#hash_54290f32c00d5af0
image,d#hash_542e9a1cf0161ba5
image,d#ar_galil_t8_camo_juliett_icon
image,d#hash_543385ebe4c33faa
image,d#lmg_heavy_t8_camo_charlie_zm_icon
image,d#pistol_burst_t8_camo_india_wz_icon
image,d#ui_icon_callingcards_wz_survivalist_style_is_king
image,d#ui_icon_callingcards_mp_career_tour_of_duty_arena_veteran
image,d#sniper_powerbolt_t8_camo_india_icon
image,d#uie_ui_icon_callingcards_loot_cowboysandmonsters_yellow_eye_glow
image,d#hash_544b0822623cfbb3
image,d#hash_544cd3704007970f
image,d#hash_54524ce8e9421d0d
image,d#smg_folding_t8_camo_kilo_wz_icon
image,d#sniper_quickscope_t8_camo_echo_zm_icon
image,d#uie_callingcards_heroics_master_black_smoke
image,d#ar_stealth_t8_camo_india_icon
image,d#ui_icon_mp_league_09_02_large
image,d#sniper_powerbolt_t8_camo_dlc3_assassin_icon
image,d#hash_547ba4a8f6ed2830
image,d#ar_standard_t8_camo_november_wz_icon
image,d#lmg_heavy_t8_camo_dlc3_blowfish_icon
image,#hash_54848ed600084705
image,d#sniper_damagesemi_t8_camo_india_wz_icon
image,d#hash_5489ccf0aa805f92
image,d#ar_standard_t8_camo_bravo_icon
image,#em_circle_full
image,d#hash_5498db371ca661c2
image,d#loot_ui_icon_sticker_ajax_warrior_03_large
image,d#pistol_fullauto_t8_camo_gold_icon
image,#t7_loot_decal_icon_beetle
image,d#ui_icon_callingcards_wz_darkops_iseerednogreen
image,d#smg_vmp_t8_camo_india_zm_icon
image,d#ui_icon_mp_league_21_02b_large
image,d#hash_54c5a98c8ab9f6b4
image,d#melee_cutlass_t8_camo_bravo_wz_icon
image,d#lmg_stealth_t8_camo_darkmatter_02_icon
image,#faction_allies_sm
image,d#ui_icon_weapon_pistol_standard_render_xl
image,d#melee_slaybell_t8_camo_foxtrot_wz_icon
image,d#melee_demohammer_t8_camo_kilo_icon
image,d#smg_handling_t8_camo_charlie_icon
image,d#uie_ui_icon_blackmarket_tier_empty
image,d#lmg_standard_t8_camo_november_wz_icon
image,#hash_54ecae69096d20d1
image,d#ui_icon_callingcards_zm_gauntlet_mansion_bronze
image,d#ui_icon_callingcards_mp_weapon_proficiency_tactical_rifle_kills
image,d#pistol_revolver_t8_camo_hotel_wz_icon
image,d#smg_accurate_t8_camo_golf_wz_icon
image,d#smg_minigun_t8_camo_charlie_icon
image,d#tr_longburst_t8_camo_kilo_zm_icon
image,d#melee_secretsanta_t8_camo_alfa_icon
image,d#ui_icon_camonotification_diamond_snipers
image,d#hash_5516d6d24dd339e4
image,d#ui_icon_weapon_lmg_heavy_xl
image,#menu_camo_scorch_green_pattern
image,d#hash_552463ae173e39d3
image,d#smg_fastburst_t8_camo_bravo_wz_icon
image,d#ui_icon_attachment_acog
image,#em_num_5
image,#em_num_4
image,#em_num_7
image,#em_num_6
image,#em_num_1
image,#em_num_0
image,#em_num_3
image,#em_num_2
image,#em_num_9
image,#em_num_8
image,d#lmg_stealth_t8_camo_golf_zm_icon
image,d#smg_handling_t8_camo_charlie_zm_icon
image,d#sniper_locus_t8_camo_charlie_icon
image,d#hash_554214d3054309b4
image,d#melee_stopsign_t8_camo_delta_wz_icon
image,d#pistol_burst_t8_camo_charlie_wz_icon
image,#em_smg_perfect
image,d#loot_ui_icon_stickers_stuhlinger
image,d#uie_ui_icon_callingcards_signature_weapon_master_monkey
image,d#sniper_locus_t8_camo_hotel_zm_icon
image,d#ui_icon_callingcards_zm_zombie_hunter_08
image,d#ui_icon_callingcards_zm_zombie_hunter_09
image,d#ui_icon_callingcards_zm_zombie_hunter_06
image,d#ui_icon_callingcards_zm_zombie_hunter_07
image,d#ui_icon_callingcards_zm_zombie_hunter_04
image,d#ui_icon_callingcards_zm_zombie_hunter_05
image,d#ui_icon_callingcards_zm_zombie_hunter_02
image,d#ui_icon_callingcards_zm_zombie_hunter_03
image,d#ui_icon_callingcards_zm_zombie_hunter_01
image,d#hash_5564d29ef8d9cfd8
image,d#ar_accurate_t8_camo_dlc2_blue_up_icon
image,d#ar_standard_t8_camo_none_icon
image,d#ui_icon_callingcards_zm_zombie_hunter_11
image,d#ui_icon_callingcards_zm_zombie_hunter_10
image,d#ui_icon_callingcards_zm_zombie_hunter_13
image,d#ui_icon_callingcards_zm_zombie_hunter_12
image,d#loot_ui_icon_callingcards_safari_hunter_master
image,d#ui_icon_mp_league_30_01_large
image,d#ui_icon_weapon_sniper_mini14_mk2_render
image,d#uie_ui_menu_callingcards_postapocalyptic_bg
image,d#hash_557dc9f0f6e6609b
image,d#sniper_mini14_t8_camo_november_wz_icon
image,d#loot_ui_icon_callingcards_steampunk_master
image,d#uie_ui_icon_callingcards_marksman_master_background_bg_shimmer
image,d#tr_damageburst_t8_camo_foxtrot_wz_icon
image,d#hash_55b6615f9468738f
image,d#hash_55bf21645e17b059
image,d#shotgun_semiauto_t8_camo_active_dlc3_mystic_01_icon
image,d#ui_icon_callingcards_wz_vehicular_i_believe_i_can_fly
image,#em_shape_tube01
image,d#pistol_standard_t8_camo_echo_icon
image,d#ar_modular_t8_camo_alfa_icon
image,d#melee_zombiearm_t8_camo_echo_wz_icon
image,d#ar_modular_t8_camo_juliett_wz_icon
image,d#hash_55e0a8986ae4d8fe
image,d#ar_doublebarrel_t8_camo_november_zm_icon
image,d#ui_icon_callingcards_mp_bootcamp_marksman_badmedicine
image,d#tr_longburst_t8_camo_mike_icon
image,d#sniper_mini14_t8_camo_golf_wz_icon
image,d#hash_5602374cd3d2059d
image,d#ui_icon_callingcards_zm_gauntlet_mansion_silver
image,#uie_warning_triangle
image,d#pistol_fullauto_t8_camo_mike_zm_icon
image,d#loot_ui_icon_stickers_robot_04_large
image,d#sniper_locus_t8_camo_echo_icon
image,d#hash_562113cb41be1e31
image,d#ui_icon_callingcards_wz_vehicular_getaway_car
image,d#pistol_burst_t8_camo_foxtrot_zm_icon
image,d#loot_ui_icon_stickers_zombie_comics_02
image,d#loot_ui_icon_stickers_zombie_comics_03
image,d#loot_ui_icon_stickers_zombie_comics_01
image,d#loot_ui_icon_stickers_zombie_comics_06
image,d#loot_ui_icon_stickers_zombie_comics_04
image,d#loot_ui_icon_stickers_zombie_comics_05
image,#hash_562865cca8223dab
image,d#smg_folding_t8_camo_delta_zm_icon
image,d#sniper_mini14_t8_camo_delta_zm_icon
image,d#ui_icon_meansofdeath_impact_xl
image,d#melee_club_t8_camo_echo_wz_icon
image,d#uie_arena_ladder_same
image,#menu_mp_popup_bg
image,d#ui_icon_callingcards_mp_operations_killjoys_counterattack
image,d#ui_icon_callingcards_mp_ground_assault_sentry_gun_kills
image,#t7_icon_emblem_skullflame
image,#em_material_t7_camo_sideways
image,d#lmg_spray_t8_camo_dlc3_shark_plaque_icon
image,d#ui_icon_mp_league_08_02b
image,d#ar_accurate_t8_camo_bravo_zm_icon
image,d#smg_fastfire_t8_camo_dlc3_board_shorts_icon
image,d#ui_icon_callingcards_mp_humiliation_surprise
image,d#ar_damage_t8_camo_lima_wz_icon
image,d#melee_zombiearm_t8_camo_india_icon
image,#uie_bumperleft
image,#menu_camo_chameleon_emissive_pattern
image,d#hash_568a4b530ef4db4d
image,d#hash_56977dbc2037a32f
image,d#uie_ui_icon_callingcards_prestige_master_lightlaser_rays
image,d#hash_56990a27e3de26bc
image,d#ar_doublebarrel_t8_camo_india_icon
image,d#ui_icon_callingcards_mp_support_anti_air_specialist
image,d#loot07_ui_icon_blackmarket_itemshop_russman
image,d#uie_ui_menu_callingcards_circusclown_fire01
image,d#uie_ui_menu_callingcards_circusclown_fire03
image,d#uie_ui_menu_callingcards_circusclown_fire02
image,d#hash_56b190c620319683
image,d#hash_56b2d41b28a2508f
image,d#ui_icon_callingcards_mp_weapon_proficiency_pistol_kills
image,#hash_56c0da7069891f0e
image,d#ui_icon_callingcards_zm_gauntlet_escape_silver
image,d#shotgun_semiauto_t8_camo_november_zm_icon
image,d#hash_56da16753b8ff8a5
image,d#uie_front_pillar
image,d#smg_handling_t8_camo_november_wz_icon
image,d#hash_56e3ceaedeec6738
image,d#melee_club_t8_camo_kilo_icon
image,d#ui_icon_mp_league_03_02b_large
image,d#hash_56faa56eacd23ebc
image,#ui_icon_perk_dexterity_large
image,d#ui_icon_mp_league_25_02b
image,d#hash_5703a15943fd461b
image,#em_car01
image,d#shotgun_fullauto_t8_camo_lima_zm_icon
image,#uie_img_t7_menu_startmenu_option_lines_durango_invalid
image,d#ar_damage_t8_camo_mike_wz_icon
image,d#ui_icon_weapon_ar_standard_sig_02_render
image,d#smg_folding_t8_camo_hotel_icon
image,d#uie_ui_menu_aar_repeat_white_bg
image,d#ui_icon_callingcards_mp_prestige_equipment_pestcontrol
image,d#hash_57247a0c9dc90c9b
image,d#hash_572815e82de05dfc
image,d#loot_ui_icon_callingcards_cute_warrior_creatures_04
image,d#loot_ui_icon_callingcards_cute_warrior_creatures_01
image,d#loot_ui_icon_callingcards_cute_warrior_creatures_03
image,d#loot_ui_icon_callingcards_cute_warrior_creatures_02
image,#uie_pc_igrevent_weekprogression_reward_line_lock
image,d#loot_ui_icon_stickers_random_27_large
image,d#hash_5737a008dbb2041a
image,d#melee_cutlass_t8_camo_charlie_wz_icon
image,d#hash_5745e3ccb75e947a
image,d#ar_doublebarrel_t8_camo_delta_wz_icon
image,#hash_574c54054a61d509
image,d#uie_ui_menu_common_repeat_stripe
image,d#loot04_ui_icon_blackmarket_itemshop_bundle_plasmadrive
image,d#melee_amuletfist_t8_camo_mike_icon
image,d#uie_ui_icon_callingcards_bootcamp_master_lightening
image,d#loot_ui_icon_stickers_twitch_prime_drop_03
image,d#ui_icon_weapon_tr_damageburst_render
image,#hash_5769dd915959071a
image,d#ar_stealth_t8_camo_golf_wz_icon
image,d#uie_reset_icon
image,d#hash_5773371348e95a9e
image,d#sniper_powerbolt_t8_camo_dlc3_blowfish_icon
image,d#ui_icon_mp_league_16_02b_large
image,d#ui_icon_callingcards_mp_prestige_equipment_firediscipline
image,d#ar_damage_t8_camo_gold_icon
image,d#ui_icon_callingcards_mp_scorestreaks_airassault_inbound
image,d#ui_icon_mp_league_expert_gold_large
image,d#smg_fastfire_t8_camo_hotel_icon
image,d#ar_galil_t8_camo_november_zm_icon
image,#em_shield03_full
image,d#sniper_mini14_t8_camo_charlie_icon
image,d#ar_modular_t8_camo_bravo_zm_icon
image,d#shotgun_pump_t8_camo_echo_wz_icon
image,d#hash_57a8cb9b548bfd36
image,d#ui_icon_callingcards_mp_scorestreak_airassault_master
image,d#hash_57bb8b054d84459a
image,d#melee_slaybell_t8_camo_charlie_wz_icon
image,d#hash_57c2166fc6b51994
image,d#loot_ui_icon_callingcards_muertos_spectre
image,d#hash_57cd3ed01380f73a
image,d#pistol_revolver_t8_camo_echo_icon
image,d#special_ballisticknife_t8_dw_camo_kilo_icon
image,d#hash_57d73d97f0a020ef
image,d#ui_icon_zm_calling_tasks_headshots
image,d#shotgun_semiauto_t8_camo_golf_wz_icon
image,d#ar_stealth_t8_camo_delta_wz_icon
image,d#ar_doublebarrel_t8_camo_hotel_zm_icon
image,d#lmg_stealth_t8_camo_kilo_icon
image,d#ui_icon_callingcards_mp_prestige_equipment_chophouse
image,d#hash_580a597db428b358
image,#hash_5815772cefee9fb8
image,#t7_hud_waypoints_compassping_player
image,d#hash_581b88f31ec4c618
image,d#uie_ui_menu_arena_rubyframe
image,d#hash_5828a13dacba6f5e
image,d#ui_icon_blackmarket_tier_medium
image,d#hash_583e6b4ceaa5e2d5
image,d#tr_flechette_t8_camo_juliett_zm_icon
image,d#uie_skeletons2
image,d#shotgun_semiauto_t8_camo_kilo_wz_icon
image,#hash_584753c46d0ac4ea
image,d#lmg_standard_t8_camo_india_icon
image,d#sniper_powerbolt_t8_camo_mike_icon
image,d#knife_loadout_camo_active_dlc3_mystic_01_icon
image,d#ui_icon_callingcards_mp_prestige_tacticalkits_master
image,d#uie_ui_icon_callingcards_zm_darkops_light_shimmer
image,d#hash_5867d6ad0e7df1ab
image,d#hash_586dd1fdb2bb3969
image,#hash_586e2e9c758405d2
image,d#sniper_mini14_t8_camo_kilo_icon
image,d#uie_ui_icon_callingcards_mp_100percent_coin_shine
image,d#ui_icon_callingcards_mp_operations_humiliation_heartbreaker
image,d#hash_588c8d1b15b32adf
image,#em_sd_bomb_protector
image,d#uie_ui_menu_callingcards_crimewave_criminals1
image,d#uie_ui_menu_callingcards_crimewave_criminals2
image,d#hash_589d5b6fc130d79e
image,d#smg_fastburst_t8_camo_dlc3_board_shorts_icon
image,#hash_58a1b2b768faffc1
image,d#pistol_fullauto_t8_camo_bravo_wz_icon
image,d#shotgun_pump_t8_camo_bravo_wz_icon
image,d#loot_ui_icon_stickers_dystopian2_02
image,d#loot_ui_icon_stickers_dystopian2_03
image,d#loot_ui_icon_stickers_dystopian2_01
image,d#loot_ui_icon_stickers_dystopian2_06
image,d#loot_ui_icon_stickers_dystopian2_04
image,d#loot_ui_icon_stickers_dystopian2_05
image,#menu_camo_dante_emissive_pattern
image,d#ui_icon_weapon_lmg_plr_mk2_render
image,d#ui_icon_zm_callings_smg
image,d#ui_icon_weapon_sniper_powersemi_xl
image,d#smg_minigun_t8_camo_november_icon
image,d#hash_58c8a869499c3846
image,d#ar_fastfire_t8_camo_dlc3_blowfish_icon
image,#menu_camo_nuketown_pattern
image,d#melee_club_t8_camo_golf_zm_icon
image,d#dualoptic_10
image,d#dualoptic_11
image,d#dualoptic_12
image,d#dualoptic_13
image,d#dualoptic_14
image,d#dualoptic_15
image,d#dualoptic_16
image,d#dualoptic_17
image,d#dualoptic_18
image,d#dualoptic_19
image,d#smg_vmp_t8_camo_lima_zm_icon
image,d#dualoptic_21
image,d#dualoptic_20
image,d#dualoptic_23
image,d#dualoptic_22
image,d#dualoptic_24
image,d#lmg_spray_t8_camo_juliett_zm_icon
image,d#hash_58e9d248c53f5898
image,d#ui_icon_meansofdeath_explosive_death_xl
image,#hash_58ebd33d94fd1bcf
image,d#lmg_heavy_t8_camo_echo_icon
image,d#knife_loadout_camo_gold_icon
image,d#uie_dude_shoots_fire
image,d#hash_58fad9d8c3565ebc
image,d#hash_58fb95f7c5cdd73d
image,d#ui_icon_callingcards_mp_ground_assault_heavy_cover
image,d#special_crossbow_t8_camo_bravo_wz_icon
image,d#lmg_spray_t8_camo_delta_icon
image,d#hash_5910c273949c776e
image,d#smg_handling_t8_camo_foxtrot_icon
image,d#hash_591a633052b253d0
image,#em_rectangle01_full
image,d#uie_arena_ladder_up
image,d#shotgun_precision_t8_camo_juliett_zm_icon
image,d#hash_594559bfc251cccf
image,d#loot03_ui_icon_blackmarket_item_shop_wingsuit_china_wind
image,d#ui_icon_callingcards_mp_ground_assault_rc_multi_bomber
image,d#smg_accurate_t8_camo_active_kills_without_dying_wrapper_icon
image,d#melee_demohammer_t8_camo_darkmatter_icon
image,d#ui_icon_callingcards_zm_gauntlet_unsinkable_gold
image,d#smg_standard_t8_camo_hotel_wz_icon
image,d#melee_actionfigure_t8_camo_mike_zm_icon
image,d#smg_minigun_t8_camo_delta_icon
image,#ui_icon_startmenu_option_music
image,d#ar_fastfire_t8_camo_bravo_zm_icon
image,d#uie_ui_icon_callingcards_zm_survivalist_dude
image,d#hash_59784bcc3cb592d2
image,d#melee_slaybell_t8_camo_hotel_icon
image,d#hash_598e1a35a45db83f
image,d#ui_icon_callingcards_mp_operations_precision_sharpshooter
image,d#hash_5992aed67dbd0726
image,d#sniper_locus_t8_camo_alfa_zm_icon
image,d#ar_damage_t8_camo_echo_icon
image,d#uie_foreground_car
image,d#smg_capacity_t8_camo_mike_wz_icon
image,d#hash_59af6eb3b5e60e90
image,d#uie_ui_icon_callingcards_zm_zombie_hunter_08_lightening1
image,d#uie_ui_icon_callingcards_zm_zombie_hunter_08_lightening2
image,d#ui_icon_callingcards_mp_support_ground_clearance
image,d#ui_icon_zm_calling_tasks_boxbuys
image,d#hash_59baebab07502a16
image,d#hash_59baf2ab075035fb
image,d#hash_59baf8ab0750402d
image,d#smg_folding_t8_camo_delta_wz_icon
image,d#smg_folding_t8_camo_kilo_icon
image,d#hash_59d40b121013cb22
image,d#hash_59de6d43a3ae882b
image,d#shotgun_pump_t8_camo_foxtrot_wz_icon
image,d#ui_icon_mp_league_28_02_large
image,#ui_icon_emblems_fin
image,d#ar_fastfire_t8_camo_juliett_wz_icon
image,d#knife_loadout_camo_echo_zm_icon
image,d#ar_standard_t8_camo_india_wz_icon
image,d#smg_capacity_t8_camo_delta_wz_icon
image,d#hash_5a0bceb4e0978932
image,d#pistol_standard_t8_camo_hotel_wz_icon
image,d#tr_midburst_t8_camo_dlc3_shark_plaque_icon
image,d#sniper_quickscope_t8_camo_bravo_wz_icon
image,d#loot_ui_icon_stickers_pixel_warriors_4_large
image,d#melee_demohammer_t8_camo_india_icon
image,d#lmg_stealth_t8_camo_bravo_icon
image,d#melee_zombiearm_t8_camo_alfa_icon
image,d#uie_ui_icon_callingcards_zm_survivalist_spiderbody
image,d#sniper_powersemi_t8_camo_juliett_zm_icon
image,d#special_ballisticknife_t8_dw_camo_alfa_icon
image,d#smg_minigun_t8_camo_lima_zm_icon
image,d#ui_icon_mp_league_08_01_large
image,d#special_crossbow_t8_camo_delta_icon
image,d#ar_an94_t8_camo_delta_zm_icon
image,d#ui_icon_weapon_smg_capacity_mk2_render
image,#t7_loot_decal_icon_croc
image,d#hash_5a75efbf9e6715bd
image,d#hash_5a77687ee4fccd6e
image,#t7_decal_icon_frog
image,d#ui_icon_mp_league_17_02b
image,d#ui_icon_callingcards_wz_professional_winner_winner
image,#uie_korea_drugreference_icon
image,d#hash_5a884964d00397d7
image,d#ui_icon_callingcards_wz_professional_tbd
image,d#melee_stopsign_t8_camo_echo_wz_icon
image,#uie_pc_igrevent_progression_star
image,#uie_pc_igrevent_titleweekprogression_hatching
image,d#hash_5a94507e4f77588f
image,d#sniper_powerbolt_t8_camo_delta_zm_icon
image,d#hash_5a9d47ed1e195dff
image,d#hash_5aa71e62e94bb982
image,d#uie_rockets
image,d#pistol_burst_t8_camo_hotel_icon
image,d#ui_icon_mp_league_elite_bronze_large
image,d#smg_minigun_t8_camo_november_zm_icon
image,d#hash_5ac31b25f7882663
image,d#ar_an94_t8_camo_foxtrot_icon
image,d#melee_slaybell_t8_camo_gold_icon
image,d#tr_flechette_t8_camo_kilo_icon
image,d#ui_icon_camonotification_diamond_shotguns
image,#menu_camo_heatstroke_pattern
image,d#knife_loadout_camo_november_icon
image,d#ui_icon_callingcards_mp_prestige_wildcards_operator_mod
image,d#hash_5ae66ca20ea8e098
image,d#ar_peacekeeper_t8_camo_hotel_icon
image,d#ui_icon_mp_league_07_01_large
image,d#hash_5af03ac2f41f4a3d
image,d#hash_5af1bb81bd2efd1b
image,d#uie_ui_menu_callingcards_robbery_jewel
image,d#hash_5afd3f676a8da3fd
image,d#ui_icon_callingcards_zm_prestige_dragonhatchling
image,#uie_t7_toast_backer_bottom
image,d#smg_accurate_t8_camo_dlc2_blue_up_icon
image,d#tr_flechette_t8_camo_mike_wz_icon
image,#t7_icon_quit_overlays
image,d#smg_fastfire_t8_camo_dlc3_stealth_seal_icon
image,#t7_loot_decal_space_helmet
image,d#ui_icon_callingcards_wz_vehicular_road_rage
image,d#sniper_powersemi_t8_camo_delta_icon
image,#voice_on_xboxlive
image,d#uie_ui_icon_callingcards_mp_bootcamp_marksman_master_chi
image,d#uie_ui_icon_callingcards_zm_elixirs_talismans_beakers
image,d#ar_standard_t8_camo_alfa_wz_icon
image,#hash_5b31731622060b00
image,d#loot2_ui_icon_sticker_nomad_sun
image,d#ar_modular_t8_camo_india_icon
image,d#hash_5b3c668b14e91054
image,d#ui_icon_meansofdeath_burned_xl
image,d#hash_5b57e1f0064733fc
image,d#lmg_stealth_t8_camo_india_wz_icon
image,d#tr_damageburst_t8_camo_juliett_icon
image,d#melee_club_t8_camo_november_icon
image,d#uie_ui_icon_callingcards_zm_weapons_equipment_glowshot
image,d#lmg_standard_t8_camo_hotel_zm_icon
image,d#hash_5b6e7bf7df0aadbb
image,d#hash_5b7c0b23f9189471
image,d#loot_ui_icon_stickers_chromedout_5_large
image,d#melee_demohammer_t8_camo_charlie_icon
image,d#pistol_burst_t8_camo_kilo_icon
image,d#melee_zombiearm_t8_camo_bravo_zm_icon
image,d#sniper_fastrechamber_t8_camo_mike_zm_icon
image,d#hash_5b98617f102c9579
image,d#ui_icon_callingcards_mp_prestige_wildcards_perk_2_greed
image,d#knife_loadout_camo_mike_wz_icon
image,d#melee_secretsanta_t8_camo_lima_wz_icon
image,d#shotgun_semiauto_t8_camo_delta_icon
image,d#smg_fastfire_t8_camo_dlc3_assassin_icon
image,#t7_loot_decal_dragon
image,d#hash_5bb20ba457f95c7b
image,d#hash_5bc2f47ba444360c
image,d#uie_zm_hud_specweapon_diamondbg
image,d#ar_standard_t8_camo_india_icon
image,#hash_5bca763f600348d3
image,d#melee_zombiearm_t8_camo_delta_wz_icon
image,#dots_middle_repeat
image,d#ar_modular_t8_camo_november_zm_icon
image,d#hash_5bd29b3b8451ad6b
image,d#launcher_standard_t8_camo_lima_wz_icon
image,d#ar_accurate_t8_camo_active_headshot_base_icon
image,#menu_social_friendlist_bo4_icon
image,d#hash_5bf0cbacf59d0784
image,d#ui_icon_callingcards_mp_operations_killjoys_card13
image,d#ui_icon_callingcards_mp_operations_precision_master
image,d#hash_5c05723285d88e75
image,#hash_5c07f983edf4019f
image,d#tr_flechette_t8_camo_india_wz_icon
image,d#ar_modular_t8_camo_mike_icon
image,d#hash_5c14cbb28d5d2b10
image,d#ar_accurate_t8_camo_delta_zm_icon
image,d#ui_icon_callingcards_mp_career_gamevictories_hardpoint
image,#uie_ui_icon_controller_radial_fill_hud
image,d#uie_ui_icon_callingcards_wz_insigniaechelons_master_clouds
image,d#hash_5c2bbe429dc587f4
image,d#hash_5c312083feec68f9
image,d#shotgun_fullauto_t8_camo_foxtrot_zm_icon
image,#t7_icons_controller_lbwhite
image,d#ui_icon_callingcards_mp_bootcamp_guerillawarfare
image,d#ui_icon_callingcards_zm_gauntlet_unsinkable_platinum
image,#hash_5c3cc828a3b10c44
image,d#loot_ui_icon_sticker_crash_muertos_03_large
image,d#ar_doublebarrel_t8_camo_juliett_icon
image,d#tr_flechette_t8_camo_echo_wz_icon
image,d#hash_5c48dce81dae9dc2
image,d#smg_fastfire_t8_camo_bravo_zm_icon
image,d#ar_peacekeeper_t8_camo_juliett_icon
image,d#ui_icon_mp_league_30_02_large
image,d#ui_icon_mp_league_09_04_large
image,d#uie_ui_menu_cac_secondary_button_top_line
image,d#uie_callingcards_global_master_placeholder_dragonmouth_closed
image,d#lmg_standard_t8_camo_dlc3_stealth_seal_icon
image,d#melee_coinbag_t8_camo_foxtrot_icon
image,d#ar_damage_t8_camo_kilo_zm_icon
image,d#melee_club_t8_camo_foxtrot_icon
image,d#ui_icon_callingcards_mp_ground_assault_sentry_duty
image,d#uie_ui_icon_frontend_helptag
image,#t7_decal_icon_shark
image,d#hash_5ca6e5c175806396
image,d#smg_folding_t8_camo_golf_icon
image,#uie_ui_icon_igrevent_reward_4
image,#uie_ui_icon_igrevent_reward_1
image,#uie_ui_icon_igrevent_reward_3
image,#uie_ui_icon_igrevent_reward_2
image,d#lmg_spray_t8_camo_kilo_icon
image,d#ui_icon_equipment_eq_swat_grenade_default
image,d#pistol_burst_t8_camo_dlc3_shark_plaque_icon
image,d#ar_galil_t8_camo_alfa_icon
image,d#ui_icon_stickers_sku
image,d#ui_icon_callingcards_zm_gauntlet_ix_gold
image,d#hash_5cb9631c840544ae
image,d#ui_icon_equipment_emp_grenade
image,d#ui_icon_callingcards_mp_mode_killer_fury_killer
image,d#hash_5ccb7f967c47f2e7
image,d#hash_5cccc7533c64c660
image,d#ar_accurate_t8_camo_charlie_icon
image,d#ui_icon_attachment_longbarrel2
image,d#ui_icon_callingcards_mp_prestige_wildcards_perk_3_greed
image,d#hash_5d04abbda19d24d2
image,d#tr_powersemi_t8_camo_foxtrot_icon
image,d#ui_icon_scorestreaks_tank_robot
image,d#uie_ui_icon_callingcards_summer_lenseflare
image,d#uie_mode_background
image,d#uie_callingcards_survivalist_master_vignette
image,d#lmg_heavy_t8_camo_lima_wz_icon
image,#uie_default_black_0
image,d#hash_5d22f134811d279e
image,d#uie_ui_icon_callingcard_zombie_tomato
image,d#ui_icon_attachment_stablizer
image,d#pistol_revolver_t8_camo_bravo_zm_icon
image,d#pistol_fullauto_t8_camo_alfa_zm_icon
image,d#hash_5d3952afb23fd4c1
image,d#ui_icon_mp_league_16_02_large
image,#hash_5d433ebe9e4b646e
image,d#ui_icon_callingcards_mp_prestige_tacticalkits_comingthrough
image,d#lmg_spray_t8_camo_november_icon
image,d#hash_5d5c2be5de75ea08
image,d#ar_accurate_t8_camo_india_zm_icon
image,#hash_5d63841a71a238e7
image,d#knife_loadout_camo_kilo_zm_icon
image,d#shotgun_precision_t8_camo_india_wz_icon
image,d#shotgun_fullauto_t8_camo_india_icon
image,d#ui_icon_mp_league_03_01_large
image,d#hash_5d6ec887caa058b4
image,d#loot_ui_icon_stickers_random_18_large
image,d#ui_icon_mp_league_07_04_large
image,d#hash_5d8271a63dbd5c72
image,d#holo_20
image,d#holo_21
image,d#holo_22
image,d#holo_23
image,d#holo_24
image,d#holo_25
image,d#holo_26
image,d#loot_ui_icon_callingcards_cute_warrior_creatures_master
image,d#ar_fastfire_t8_camo_alfa_zm_icon
image,d#holo_19
image,d#holo_18
image,d#holo_11
image,d#holo_10
image,d#holo_13
image,d#holo_12
image,d#holo_15
image,d#holo_14
image,d#holo_17
image,d#holo_16
image,d#melee_slaybell_t8_camo_india_wz_icon
image,#em_koth_annihilation_victory
image,#hash_5db911c2c2904fbd
image,d#loot_ui_icon_sticker_nomad_juneau_03
image,d#loot_ui_icon_sticker_nomad_juneau_05
image,d#ar_fastfire_t8_camo_active_rapid_kills_wrapper_icon
image,d#hash_5dbe62a81c836743
image,d#ui_icon_callingcards_mp_operations_precision_oneshotkill
image,d#uie_bullet
image,#em_material_t7_camo_speed6
image,d#loot_ui_icon_callingcards_crimewave_07
image,d#loot_ui_icon_callingcards_crimewave_06
image,d#loot_ui_icon_callingcards_crimewave_05
image,d#loot_ui_icon_callingcards_crimewave_04
image,d#loot_ui_icon_callingcards_crimewave_03
image,d#loot_ui_icon_callingcards_crimewave_02
image,d#loot_ui_icon_callingcards_crimewave_01
image,d#uie_callingcards_global_master_placeholder_dragonmouth_midopen
image,#hash_5dd43667e03c62ef
image,d#lmg_standard_t8_camo_delta_icon
image,d#smg_folding_t8_camo_november_zm_icon
image,d#loot_ui_icon_stickers_zombie_vhs_01
image,d#loot_ui_icon_stickers_zombie_vhs_03
image,d#loot_ui_icon_stickers_zombie_vhs_02
image,d#loot_ui_icon_stickers_zombie_vhs_05
image,d#loot_ui_icon_stickers_zombie_vhs_04
image,d#loot_ui_icon_stickers_zombie_vhs_06
image,d#smg_minigun_t8_camo_echo_zm_icon
image,d#sniper_damagesemi_t8_camo_bravo_icon
image,d#hash_5df2ebff56543b22
image,d#hash_5df5e7e21b330748
image,d#uie_ui_menu_callingcards_vikingbattles_crowd
image,#uie_t8_icons_controller_orbis_rs_arrow
image,d#ar_fastfire_t8_camo_juliett_icon
image,d#ui_icon_callingcards_mp_prestige_efficiency_master
image,d#uie_ui_icon_callingcards_wz_vehicular_master_glowbits
image,d#special_crossbow_t8_camo_bravo_icon
image,d#sniper_powerbolt_t8_camo_kilo_wz_icon
image,d#smg_standard_t8_camo_echo_zm_icon
image,d#uie_ui_menu_callingcards_safarihunter_bg
image,d#pistol_burst_t8_camo_dlc2_street_race_icon
image,#hash_5e10f62d28b2a5fc
image,#popup_bottom
image,d#hash_5e1d6b632be97afb
image,d#hash_5e24fe009a05884f
image,d#ar_doublebarrel_t8_camo_charlie_icon
image,d#hash_5e2eefa9bb8e18c0
image,d#ui_icon_mp_league_advanced_gold_large
image,d#ar_modular_t8_camo_foxtrot_zm_icon
image,d#uie_sword_sheen
image,d#uie_ui_hud_wz_hud_revive_bar_fill
image,d#hash_5e6789e0c225b105
image,d#tr_damageburst_t8_camo_delta_wz_icon
image,d#ar_modular_t8_camo_golf_icon
image,d#tr_longburst_t8_camo_delta_wz_icon
image,d#ui_icon_callingcards_mp_operations_humiliation_knuckleduster
image,d#hash_5e7c1556985f6ee5
image,d#sniper_fastrechamber_t8_camo_juliett_zm_icon
image,#uie_smallsquarebutton
image,d#loot_ui_icon_stickers_hades_mastercraft
image,d#ui_icon_callingcards_mp_career_gamevictories_controlwins
image,d#lmg_heavy_t8_camo_mike_wz_icon
image,d#hash_5e981b49d5b93140
image,#menu_mp_popup
image,d#ui_icon_callingcards_wz_professional_duo_victor
image,d#ui_icon_mp_league_master_bronze_large
image,d#sniper_fastrechamber_t8_camo_bravo_zm_icon
image,d#smg_capacity_t8_camo_juliett_icon
image,d#ar_stealth_t8_camo_juliett_icon
image,d#hash_5eb6254f3c9bd163
image,d#ui_icon_callingcards_mp_bootcamp_marksman_slipshot
image,d#hash_5eba819838569690
image,d#tr_flechette_t8_camo_bravo_zm_icon
image,d#uie_ui_icon_callingcards_fairytale_arm
image,d#lmg_spray_t8_camo_none_icon
image,d#loot_ui_icon_stickers_chromedout_3_large
image,d#uie_lazers
image,d#special_ballisticknife_t8_dw_camo_golf_wz_icon
image,d#ar_modular_t8_camo_dlc2_street_race_icon
image,d#hash_5ede1bf6dc49daae
image,d#melee_zombiearm_t8_camo_india_wz_icon
image,#t7_icon_emblem_decal_fire
image,d#ui_icon_weapon_launcher_standard_render_xl
image,d#uie_ui_icon_callingcards_fairytale_gret
image,d#hash_5ef4d8aa3ee5706f
image,d#lmg_heavy_t8_camo_hotel_wz_icon
image,d#ar_doublebarrel_t8_camo_kilo_wz_icon
image,d#ui_icon_mp_league_22_02b_large
image,d#hash_5f0253f1f18b4568
image,d#smg_accurate_t8_camo_dlc3_blowfish_icon
image,d#sniper_fastrechamber_t8_camo_lima_wz_icon
image,d#tr_longburst_t8_camo_golf_zm_icon
image,d#smg_accurate_t8_camo_echo_zm_icon
image,d#shotgun_fullauto_t8_camo_diamond_icon
image,d#lmg_spray_t8_camo_foxtrot_wz_icon
image,#em_asterisk_full
image,d#hash_5f16a90297510259
image,d#uie_ui_menu_callingcards_vikingbattles_helm
image,d#ar_damage_t8_camo_none_icon
image,d#smg_handling_t8_camo_india_icon
image,d#hash_5f2d810f86baa485
image,d#hash_5f2ff2d3e74b0e75
image,#hash_5f307fb3b72049a8
image,d#hash_5f38f940fb16ed6e
image,#hash_5f4939397058d88f
image,d#hash_5f5857e24e164df1
image,d#special_ballisticknife_t8_dw_camo_bravo_zm_icon
image,d#hash_5f62a354c009d24f
image,d#hash_5f6ca71281ed9e95
image,d#ui_icon_callingcards_zm_default_cargo_hold2
image,d#ui_icon_callingcards_zm_default_cargo_hold1
image,d#ui_icon_mp_league_28_02b
image,d#sniper_mini14_t8_camo_alfa_icon
image,d#sniper_powersemi_t8_camo_india_wz_icon
image,d#hash_5f82ce30d9bd17a0
image,d#sniper_locus_t8_camo_india_zm_icon
image,d#uie_cast
image,d#ui_icon_equipment_menu_frag_grenade
image,d#uie_ui_icon_callingcards_prestige_master_racoon_larm
image,d#sniper_locus_t8_camo_mike_wz_icon
image,d#melee_demohammer_t8_camo_india_zm_icon
image,d#smg_fastburst_t8_camo_alfa_wz_icon
image,d#uie_ui_icon_callingcards_fairytale_fire
image,d#smg_standard_t8_camo_charlie_zm_icon
image,d#ui_icon_attachment_mms
image,d#launcher_standard_t8_camo_alfa_icon
image,d#hash_5fbf8a233ce27d7b
image,d#smg_handling_t8_camo_dlc3_blowfish_icon
image,d#smg_fastburst_t8_camo_foxtrot_wz_icon
image,d#knife_loadout_camo_india_zm_icon
image,d#hash_5fd9975f26c75929
image,d#special_ballisticknife_t8_dw_camo_mike_icon
image,d#ui_icon_callingcards_mp_marksman_assault_marksman
image,d#hash_5fe891860576d0b6
image,d#ui_icon_callingcards_wz_darkops_master
image,d#smg_capacity_t8_camo_november_zm_icon
image,d#shotgun_semiauto_t8_camo_delta_wz_icon
image,d#lmg_stealth_t8_camo_alfa_icon
image,d#uie_snow_dirt
image,d#shotgun_fullauto_t8_camo_mike_wz_icon
image,d#hash_6008badf93f46686
image,d#launcher_standard_t8_camo_kilo_wz_icon
image,d#ar_standard_t8_camo_charlie_icon
image,d#hash_6016e804d9c6244e
image,d#uie_ui_menu_cac_allocation_pip_dots
image,d#launcher_standard_t8_camo_kilo_zm_icon
image,#hash_601d7f93185dd79f
image,d#smg_standard_t8_camo_mike_zm_icon
image,d#special_ballisticknife_t8_dw_camo_golf_zm_icon
image,d#hash_6043ed4415dbb7b7
image,d#loot_ui_icon_stickers_monsterjunkfood_2_large
image,d#hash_604727429bb4d068
image,d#hash_6047d7450bea95fb
image,d#ui_icon_stickers_gauntlet_unsinkable_variant_1
image,d#ui_icon_gear_c_t8_spe_gear_equipment
image,d#uie_ui_icon_callingcards_wz_insigniaechelons_master_rockglow3
image,d#uie_ui_icon_callingcards_wz_insigniaechelons_master_rockglow2
image,d#uie_ui_icon_callingcards_wz_insigniaechelons_master_rockglow1
image,d#hash_6062b15b3423518f
image,d#uie_ui_icon_wz_frontend_gameicon_trial
image,d#smg_fastfire_t8_camo_charlie_icon
image,d#lmg_stealth_t8_camo_alfa_zm_icon
image,d#loot_ui_icon_stickers_cute_creepy_2_large
image,d#sniper_damagesemi_t8_camo_lima_icon
image,#em_cloud01_full
image,#menu_camo_jungle_earth_pattern
image,d#melee_secretsanta_t8_camo_lima_icon
image,#t7_icon_notice_overlays_bkg
image,#t7_icon_options_overlays_bkg
image,d#shotgun_precision_t8_camo_lima_wz_icon
image,#menu_camo_integer_purple_pattern
image,d#uie_ui_menu_callingcards_circusclown_skull01
image,d#uie_ui_menu_callingcards_circusclown_skull02
image,d#shotgun_pump_t8_camo_kilo_icon
image,d#sniper_powersemi_t8_camo_lima_icon
image,d#tr_flechette_t8_camo_golf_zm_icon
image,d#ar_damage_t8_camo_dlc3_board_shorts_icon
image,d#ui_icon_mp_league_08_03_large
image,d#melee_slaybell_t8_camo_juliett_icon
image,d#hash_60b8823dff1071e5
image,d#lmg_standard_t8_camo_mike_wz_icon
image,d#uie_ui_icon_callingcards_operations_humiliation_unforgiving_blooddrip
image,d#ui_icon_mp_league_28_01_large
image,d#hash_60be32fbdad1f573
image,d#uie_ui_menu_callingcards_warriorcreatures_arrow
image,d#smg_handling_t8_camo_echo_wz_icon
image,d#ar_stealth_t8_camo_india_wz_icon
image,d#hash_60dc976dcab7701c
image,d#loot_ui_icon_stickers_skate_4_large
image,#em_streak_rc_multi_bomber
image,d#hash_60f36fb8ee6dac53
image,#hash_60f4886f40429db4
image,#uie_t7_zm_hud_rnd_spk2
image,#t7_icon_emblem_decal_fireball
image,d#uie_ui_icon_callingcards_zm_weapons_equipment_robot_01
image,d#uie_ui_icon_callingcards_zm_weapons_equipment_robot_02
image,d#uie_ui_icon_callingcards_zm_weapons_equipment_robot_03
image,d#uie_ui_icon_callingcards_zm_weapons_equipment_robot_04
image,d#uie_ui_icon_callingcards_zm_weapons_equipment_robot_05
image,d#uie_ui_icon_callingcards_zm_weapons_equipment_robot_06
image,d#uie_ui_menu_callingcards_heavymetal_wall
image,d#smg_handling_t8_camo_kilo_wz_icon
image,#em_tent01_full
image,d#hash_6111aa8e6e909320
image,d#smg_handling_t8_camo_gold_icon
image,d#lmg_standard_t8_camo_delta_zm_icon
image,d#melee_secretsanta_t8_camo_alfa_wz_icon
image,d#ui_icon_callingcards_wz_darkops_thisisatestofthe
image,d#hash_61189eaa5c0e3d56
image,d#ui_icon_mp_league_17_02b_large
image,d#uie_soldier_glow
image,d#uie_ui_hud_common_triangle
image,d#ar_an94_t8_camo_mike_wz_icon
image,d#melee_stopsign_t8_camo_charlie_wz_icon
image,d#uie_ui_icon_callingcards_zombies_100percent_zombiehand4
image,d#uie_ui_icon_callingcards_zombies_100percent_zombiehand5
image,d#uie_ui_icon_callingcards_zombies_100percent_zombiehand2
image,d#uie_ui_icon_callingcards_zombies_100percent_zombiehand3
image,d#uie_ui_icon_callingcards_zombies_100percent_zombiehand1
image,d#ar_an94_t8_camo_alfa_wz_icon
image,d#ar_fastfire_t8_camo_none_icon
image,#voice_on
image,d#melee_slaybell_t8_camo_juliett_wz_icon
image,d#hash_615744f1a62f433c
image,d#uie_birdflap
image,d#ar_damage_t8_camo_dlc3_stealth_seal_icon
image,d#melee_amuletfist_t8_camo_india_icon
image,d#sniper_powerbolt_t8_camo_charlie_icon
image,d#melee_secretsanta_t8_camo_golf_zm_icon
image,d#melee_club_t8_camo_hotel_wz_icon
image,d#pistol_standard_t8_camo_kilo_wz_icon
image,d#tr_longburst_t8_camo_none_icon
image,d#melee_secretsanta_t8_camo_echo_icon
image,d#uie_ui_menu_arena_ruby
image,d#uie_ui_icon_callingcards_prestige_master_fire_plate
image,d#tr_longburst_t8_camo_india_icon
image,d#sniper_quickscope_t8_camo_foxtrot_zm_icon
image,d#ui_icon_attachment_burstcount
image,d#hash_619f247822dbbf85
image,d#ar_damage_t8_camo_hotel_icon
image,#uie_hud_core_loadout_panel1
image,d#ui_icon_callingcards_zm_default_zod_loadscreen
image,d#hash_61c306564a0c99c9
image,d#hash_61c8e67fb6c54d98
image,d#uie_ui_menu_callingcards_heavymetal_char1
image,d#uie_ui_menu_callingcards_heavymetal_char2
image,d#hash_61d63f883ae53bf9
image,d#hash_61daa79fcf754318
image,d#ui_icon_callingcards_mp_career_gamevictories_shoutout
image,d#pistol_revolver_t8_camo_kilo_wz_icon
image,d#sniper_locus_t8_camo_golf_wz_icon
image,d#ui_icon_blackmarket_reserves_crate_small
image,d#lmg_standard_t8_camo_alfa_zm_icon
image,d#hash_61f0670517f627e4
image,d#ar_accurate_t8_camo_mike_wz_icon
image,d#ui_icon_hero_pineapplegun_mp
image,d#hash_61fc9d0ee225582f
image,d#hash_61fcfaf5fe31af0d
image,d#hash_620dc5d0634bee77
image,d#ui_icon_mp_league_23_02_large
image,d#sniper_powersemi_t8_camo_foxtrot_wz_icon
image,d#uie_ui_icon_callingcards_professional_master_caravan
image,d#lmg_spray_t8_camo_dlc3_assassin_icon
image,#menu_camo_burnt_shiny_pattern
image,d#special_ballisticknife_t8_dw_camo_echo_zm_icon
image,#uie_t7_icons_controller_orbis_r1_glow
image,d#hash_6234adb7edef38cc
image,d#sniper_fastrechamber_t8_camo_lima_icon
image,#hash_623bc51cc5d0d7c4
image,d#pistol_revolver_t8_camo_dlc3_assassin_icon
image,d#loot07_ui_icon_blackmarket_itemshop_bundle_full_stop
image,d#ui_icon_weapon_shotgun_pump_mk2_render
image,#uie_ui_icon_information
image,d#smg_folding_t8_camo_bravo_icon
image,d#loot_ui_icon_stickers_cop_crash_02
image,d#melee_secretsanta_t8_camo_november_wz_icon
image,d#hash_626302ae5a5f79b0
image,d#hash_62641d4a1de46e1c
image,#hash_62672072e395dd3f
image,d#pistol_burst_t8_camo_none_icon
image,d#special_crossbow_t8_camo_alfa_icon
image,d#uie_ui_menu_callingcards_spacecowboy_wranglers
image,d#ui_icon_scorestreaks_care_package
image,d#melee_slaybell_t8_camo_delta_wz_icon
image,d#hash_6276924261235f77
image,d#ar_modular_t8_camo_hotel_zm_icon
image,d#lmg_standard_t8_camo_bravo_zm_icon
image,d#hash_628256e03a1cfa22
image,d#hash_6282e53213140f35
image,d#uie_ui_menu_callingcards_vikingbattles_char2lefthand
image,d#ar_an94_t8_camo_india_zm_icon
image,d#shotgun_pump_t8_camo_india_zm_icon
image,d#shotgun_fullauto_t8_camo_bravo_wz_icon
image,d#lmg_stealth_t8_camo_november_wz_icon
image,d#hash_62c12ee2df04807b
image,d#ui_icon_callingcards_wz_professional_unthinking_art_of_murder
image,d#hash_62ce3c83f3563ec8
image,d#hash_62cf62c211b25f64
image,d#ui_icon_callingcards_mp_specialized_surfs_up
image,d#uie_torso
image,#em_skull_challenge03
image,d#uie_ui_icon_callingcards_professional_master_flare1
image,d#uie_ui_icon_callingcards_professional_master_flare2
image,d#uie_ui_menu_callingcards_invasion_bg
image,d#hash_630522da292a7151
image,d#ui_icon_callingcards_code_platoonchallenge_02
image,d#ui_icon_callingcards_code_platoonchallenge_01
image,d#smg_fastfire_t8_camo_india_zm_icon
image,d#hash_6311fbea5499d031
image,d#hash_631267d72e41ae8e
image,d#sniper_fastrechamber_t8_camo_echo_zm_icon
image,d#ui_icon_weapon_lmg_stealth_render
image,d#ui_icon_blackmarket_tier_token
image,d#pistol_standard_t8_camo_golf_wz_icon
image,d#ui_icon_mp_league_elite_bronze
image,d#ui_icon_mp_league_04_02b
image,d#hash_6330d30074e798f9
image,d#hash_633268ed73c02410
image,d#hash_6332cbb9ccd4064e
image,d#lmg_heavy_t8_camo_active_dlc3_mystic_01_icon
image,d#ar_accurate_t8_camo_mike_zm_icon
image,d#tr_powersemi_t8_camo_bravo_zm_icon
image,d#uie_ui_menu_specialist_hub_repeat_bg
image,d#hash_634b555f15cdd010
image,d#hash_634b575f15cdd376
image,d#hash_634bd672bd27a7d2
image,d#lmg_spray_t8_camo_november_zm_icon
image,d#lmg_heavy_t8_camo_echo_zm_icon
image,d#ar_accurate_t8_camo_golf_icon
image,d#knife_loadout_camo_delta_zm_icon
image,d#loot_ui_icon_stickers_safari_animals_5_large
image,d#sniper_powerbolt_t8_camo_golf_zm_icon
image,d#hash_6364778639313ce9
image,d#tr_powersemi_t8_camo_gold_icon
image,d#ui_icon_callingcards_zm_prestige_phoenix
image,#em_vulture_full
image,d#melee_amuletfist_t8_camo_bravo_icon
image,d#uie_sandy_bg
image,d#hash_63837c0a45951f67
image,#uie_t7_menu_frontend_buttonfocusarrow
image,d#loot07_ui_icon_blackmarket_itemshop_bundle_replacer
image,d#smg_fastfire_t8_camo_golf_wz_icon
image,d#lmg_spray_t8_camo_active_dlc1_vice_wrapper_icon
image,d#ui_icon_callingcards_mp_marksman_sniper_marksman
image,d#ui_icon_callingcards_mp_mode_killer_double_killer
image,#hash_63a93a9828f827dc
image,#ui_icon_emblems_socket
image,#menu_camo_flecktarn_purple_pattern
image,d#uie_ui_icon_callingcards_operations_killjoys_characters
image,d#uie_helmet_white
image,d#melee_cutlass_t8_camo_hotel_wz_icon
image,d#loot_ui_icon_stickers_monsters2_01
image,d#loot_ui_icon_stickers_monsters2_02
image,d#loot_ui_icon_stickers_monsters2_03
image,d#loot_ui_icon_stickers_monsters2_04
image,d#loot_ui_icon_stickers_monsters2_05
image,d#loot_ui_icon_stickers_monsters2_06
image,#hash_63caf65f43644af7
image,d#pistol_standard_t8_camo_juliett_wz_icon
image,d#ui_icon_callingcards_zm_weapons_equipment_20
image,d#ui_icon_callingcards_zm_weapons_equipment_19
image,d#ui_icon_callingcards_zm_weapons_equipment_13
image,d#ui_icon_callingcards_zm_weapons_equipment_10
image,d#ui_icon_callingcards_zm_weapons_equipment_11
image,d#ui_icon_callingcards_zm_weapons_equipment_14
image,d#special_ballisticknife_t8_dw_camo_foxtrot_zm_icon
image,d#ui_icon_callingcards_zm_weapons_equipment_09
image,d#ui_icon_callingcards_zm_weapons_equipment_05
image,d#ui_icon_callingcards_zm_weapons_equipment_07
image,d#ui_icon_callingcards_zm_weapons_equipment_06
image,d#ui_icon_callingcards_zm_weapons_equipment_01
image,d#ui_icon_callingcards_zm_weapons_equipment_03
image,d#ui_icon_callingcards_zm_weapons_equipment_02
image,d#elo_8
image,d#elo_9
image,d#elo_2
image,d#elo_3
image,d#elo_0
image,d#elo_1
image,d#elo_6
image,d#elo_7
image,d#elo_4
image,d#elo_5
image,d#uie_ui_menu_common_repeat_dot_pattern
image,d#melee_cutlass_t8_camo_juliett_zm_icon
image,d#pistol_burst_t8_camo_mike_zm_icon
image,d#pistol_standard_t8_camo_delta_icon
image,d#hash_63f40573eafc5a84
image,d#ar_fastfire_t8_camo_foxtrot_wz_icon
image,d#tr_midburst_t8_camo_november_icon
image,d#ui_icon_equipment_eq_cluster_semtex_grenade
image,d#lmg_heavy_t8_camo_bravo_wz_icon
image,d#special_crossbow_t8_camo_hotel_zm_icon
image,d#launcher_standard_t8_camo_india_icon
image,d#special_crossbow_t8_camo_kilo_zm_icon
image,d#ui_icon_mp_league_01_02b_large
image,d#ui_icon_weapon_lmg_standard_render_xl
image,d#ui_icon_weapon_shotgun_prec_render
image,d#tr_longburst_t8_camo_gold_icon
image,d#ui_icon_callingcards_zm_prestige_ankh
image,d#menu_camo_diamond_pattern
image,d#pistol_standard_t8_camo_dlc3_stealth_seal_icon
image,d#hash_642ca4f1d33ab922
image,d#ui_icon_mp_league_advanced_bronze
image,#t7_decal_icon_skullspikes
image,d#hash_643448de997d0d2e
image,d#pistol_fullauto_t8_camo_india_zm_icon
image,#hash_643bddefe06e4ff6
image,#hash_644e36bb9ff6587a
image,d#smg_standard_t8_camo_none_icon
image,d#shotgun_pump_t8_camo_dlc3_assassin_icon
image,d#hash_645d490319cee2ca
image,d#smg_capacity_t8_camo_dlc3_stealth_seal_icon
image,#t7_icon_emblem_reaper
image,d#ui_icon_mp_league_01_03_large
image,d#special_ballisticknife_t8_dw_camo_hotel_zm_icon
image,#em_shape_diamond02_half
image,d#hash_649157ad80b13878
image,#uie_mic
image,d#menu_camo_gold_pattern
image,d#melee_actionfigure_t8_camo_bravo_zm_icon
image,d#smg_accurate_t8_camo_gold_icon
image,d#uie_ui_hud_notifications_glow
image,d#smg_handling_t8_camo_dlc2_street_race_icon
image,d#ui_icon_mp_league_22_02_large
image,#menu_camo_jungle_pattern
image,d#loot_04_ui_icon_blackmarket_stream_camo_active_treasure
image,d#pistol_revolver_t8_camo_foxtrot_wz_icon
image,d#uie_ui_icon_callingcards_wz_vehicular_master_background
image,#uie_fe_cp_background
image,d#ui_icon_callingcards_zm_gauntlet_five_bronze
image,d#melee_actionfigure_t8_camo_golf_wz_icon
image,d#hash_64db9e9fd6905125
image,d#uie_ui_menu_common_tab_glowred
image,d#uie_ui_icon_callingcards_bootcamp_master_wings
image,#em_material_t7_camo_artofwar
image,d#shotgun_semiauto_t8_camo_echo_wz_icon
image,d#hash_64f9a91107d208df
image,d#smg_fastfire_t8_camo_echo_zm_icon
image,d#pistol_standard_t8_camo_foxtrot_wz_icon
image,d#hash_6507fb243b20208c
image,d#sniper_powerbolt_t8_camo_charlie_zm_icon
image,d#ar_peacekeeper_t8_camo_lima_zm_icon
image,d#melee_secretsanta_t8_camo_foxtrot_zm_icon
image,d#tr_damageburst_t8_camo_charlie_icon
image,d#smg_accurate_t8_camo_november_zm_icon
image,#t7_decal_icon_scorpion
image,d#ui_icon_stickers_code
image,d#tr_damageburst_t8_camo_delta_zm_icon
image,#hash_652ff444a950d3d3
image,d#ui_icon_weapon_melee_secretsanta_xl
image,d#ui_icon_2xp_blackmarket_small
image,#hash_654390fcf430c53e
image,d#sniper_damagesemi_t8_camo_hotel_wz_icon
image,d#smg_fastfire_t8_camo_mike_zm_icon
image,d#hash_65536e5e89069782
image,d#ui_icon_callingcards_mp_prestige_tacticalkits_veryupgraded
image,d#uie_callingcards_game_victories_diver_left
image,d#ar_doublebarrel_t8_camo_india_zm_icon
image,#t7_loot_decal_pixel_face
image,d#sniper_powersemi_t8_camo_golf_icon
image,d#ar_standard_t8_camo_lima_zm_icon
image,d#shotgun_pump_t8_camo_bravo_zm_icon
image,d#hash_65626f95894681ce
image,d#ui_icon_mp_league_02_03_large
image,d#hash_657aa22ae9aef7ce
image,d#hash_657aa4d267d09453
image,d#smg_minigun_t8_camo_alfa_zm_icon
image,d#uie_ui_icon_callingcards_mp_prestige_prestige_badass_wings
image,d#smg_accurate_t8_camo_dlc3_stealth_seal_icon
image,d#loot_ui_icon_stickers_enforcer
image,d#smg_capacity_t8_camo_dlc3_shark_plaque_icon
image,#hash_65952a311daf7743
image,#hash_65952b311daf78f6
image,#hash_65952c311daf7aa9
image,#hash_65952d311daf7c5c
image,#hash_65952e311daf7e0f
image,d#sniper_quickscope_t8_camo_bravo_icon
image,d#lmg_stealth_t8_camo_delta_zm_icon
image,d#hash_65a3dc74c6c8e0dd
image,d#pistol_revolver_t8_camo_delta_zm_icon
image,d#melee_club_t8_camo_india_wz_icon
image,d#uie_ui_menu_callingcards_vikingbattles_blood1
image,d#uie_ui_menu_callingcards_vikingbattles_blood2
image,d#shotgun_semiauto_t8_camo_india_wz_icon
image,d#uie_e_light_flare
image,d#hash_65b99e5208f6637c
image,d#ui_icon_equipment_concussion_grenade
image,#uie_pc_igrevent_popup_reward_title_bg
image,d#lmg_spray_t8_camo_hotel_wz_icon
image,d#sniper_damagesemi_t8_camo_echo_zm_icon
image,d#ui_icon_callingcards_mp_gamevictories_supremecy
image,d#uie_ui_menu_cac_button_add_plus
image,d#ar_doublebarrel_t8_camo_alfa_icon
image,d#sniper_powerbolt_t8_camo_bravo_zm_icon
image,d#ui_icon_attachment_fmj2
image,d#ui_icon_wildcard_gluttony03_large
image,d#melee_stopsign_t8_camo_kilo_icon
image,d#uie_ui_icon_callingcards_mp_100percent_gold_shader
image,d#hash_65dfe2d95ac05f49
image,d#smg_standard_t8_camo_golf_zm_icon
image,d#ar_galil_t8_camo_lima_zm_icon
image,d#hash_65f5ece37aad600a
image,d#tr_flechette_t8_camo_charlie_zm_icon
image,d#ui_icon_mp_league_07_03_large
image,d#ar_accurate_t8_camo_bravo_wz_icon
image,d#melee_demohammer_t8_camo_lima_wz_icon
image,#t7_loot_decal_crown
image,d#melee_coinbag_t8_camo_november_zm_icon
image,d#ui_icon_equipment_eq_grapple
image,#hash_661002e78ae14c88
image,d#hash_6612de60b3e0d272
image,d#pistol_burst_t8_camo_delta_wz_icon
image,d#uie_ui_icon_callingcards_pirates_flag
image,d#hash_661819c77427bf65
image,d#ui_icon_callingcards_mp_career_game_heroics_aggression
image,d#hash_66270c67521155c4
image,d#smg_vmp_t8_camo_mike_zm_icon
image,d#ui_icon_mp_league_07_02b_large
image,d#ui_icon_mp_league_17_03_large
image,d#ui_icon_meansofdeath_burned
image,d#ui_icon_weapon_smg_accurate_view_xl
image,d#shotgun_fullauto_t8_camo_alfa_zm_icon
image,#ui_icon_emblems_slice
image,d#hash_664355c9b1b878a5
image,d#ui_icon_mp_league_01_01_large
image,d#hash_664a60eb87b77d95
image,d#hash_664cae00d5601f2c
image,d#hash_6656021417392a9f
image,d#lmg_spray_t8_camo_golf_zm_icon
image,d#sniper_fastrechamber_t8_camo_foxtrot_wz_icon
image,d#uie_cc_vehicle04
image,d#uie_cc_vehicle02
image,d#hash_66653f1f40c3817f
image,d#special_ballisticknife_t8_dw_camo_november_zm_icon
image,d#pistol_burst_t8_camo_lima_icon
image,d#uie_ui_menu_blackmarket_triple_play_frame
image,d#sniper_quickscope_t8_camo_echo_wz_icon
image,d#ar_accurate_t8_camo_dlc3_shark_plaque_icon
image,d#hash_6689b9c5df5b6809
image,#hash_668c63aab44dd4d7
image,#uie_t7_mp_sector_color_blind_map
image,d#sniper_powersemi_t8_camo_november_icon
image,d#pistol_standard_t8_camo_charlie_wz_icon
image,d#ui_icon_customgames
image,d#hash_66a740b7c87cade3
image,d#loot_ui_icon_sticker_battery_knight_03
image,d#loot_ui_icon_sticker_battery_knight_02
image,d#loot_ui_icon_sticker_battery_knight_01
image,d#loot_ui_icon_sticker_battery_knight_05
image,d#uie_ui_icon_callingcards_zm_zombie_hunter_08_bird_bottomtalon1
image,d#uie_ui_icon_callingcards_zm_zombie_hunter_08_bird_bottomtalon2
image,d#uie_ui_icon_callingcards_zm_zombie_hunter_08_bird_bottomtalon3
image,d#hash_66b3d1d575697feb
image,d#special_crossbow_t8_camo_delta_zm_icon
image,d#hash_66c0ad55aa76f9c2
image,d#shotgun_fullauto_t8_camo_charlie_wz_icon
image,#hash_66c82b1688d3842d
image,d#melee_zombiearm_t8_camo_golf_zm_icon
image,d#melee_stopsign_t8_camo_india_zm_icon
image,d#loot_ui_icon_stickers_random_17_large
image,d#smg_standard_t8_camo_dlc3_board_shorts_icon
image,d#hash_66d9324904650ab6
image,d#ar_modular_t8_camo_lima_wz_icon
image,d#hash_66dd6f3c1ec07a05
image,d#sniper_fastrechamber_t8_camo_golf_icon
image,d#hash_66e6a3ccd72a7974
image,d#ui_icon_callingcards_mp_prestige_perks_lightweight
image,d#smg_capacity_t8_camo_golf_icon
image,d#melee_cutlass_t8_camo_november_zm_icon
image,d#knife_loadout_camo_delta_icon
image,d#ui_icon_callingcards_mp_prestige_tacticalkits_acceleratedfiring
image,d#shotgun_precision_t8_camo_lima_icon
image,d#hash_67139628e655c72c
image,d#lmg_stealth_t8_camo_foxtrot_icon
image,d#lmg_spray_t8_camo_dlc3_board_shorts_icon
image,d#loot_ui_icon_sticker_ajax_warrior_02_large
image,d#ui_icon_weapon_sniper_quickscope_render_xl
image,d#uie_ui_menu_callingcards_vikingbattles_bg
image,d#ui_icon_weapon_tr_longburst_render_xl
image,d#loot_ui_icon_stickers_monsterjunkfood_1_large
image,d#melee_demohammer_t8_camo_alfa_icon
image,d#hash_675be9a28a6e6514
image,#hash_67600e690fe7baa7
image,d#melee_demohammer_t8_camo_lima_icon
image,#hash_6764d89d4049b26e
image,d#sniper_quickscope_t8_camo_golf_zm_icon
image,d#uie_dragon_02
image,d#uie_dragon_01
image,d#hash_677468a09f59d1c3
image,d#loot_ui_icon_callingcards_safari_hunter_03
image,d#loot_ui_icon_callingcards_safari_hunter_02
image,d#loot_ui_icon_callingcards_safari_hunter_01
image,d#loot_ui_icon_callingcards_safari_hunter_06
image,d#loot_ui_icon_callingcards_safari_hunter_05
image,d#loot_ui_icon_callingcards_safari_hunter_04
image,d#smg_vmp_t8_camo_charlie_icon
image,d#ui_icon_callingcards_zm_prestige_caduceus
image,d#hash_677f78c3c4620f9c
image,d#sniper_damagesemi_t8_camo_hotel_icon
image,d#ui_icon_weapon_shotgun_semiauto_render_xl
image,d#hash_6787cd5e849c69ce
image,d#sniper_powersemi_t8_camo_foxtrot_icon
image,d#hash_679037d7f3dd0238
image,d#hash_67910e7c140610e1
image,d#smg_accurate_t8_camo_november_icon
image,d#hash_67a4250e2ad65755
image,d#ui_icon_callingcards_mp_prestige_equipment_frag
image,d#hash_67a9549e1c6bb511
image,#em_material_t7_camo_integer
image,d#hash_67b1cf49bfd7523f
image,d#melee_coinbag_t8_camo_charlie_zm_icon
image,d#smg_minigun_t8_camo_kilo_wz_icon
image,d#uie_ui_menu_callingcards_snake_gods_hand
image,d#ui_icon_blackmarket_contracts_preview_triple_play
image,d#uie_callingcards_mp_loot_master_lionbody
image,d#hash_67d5db9aa11dd714
image,d#smg_fastfire_t8_camo_juliett_zm_icon
image,d#ui_icon_mp_league_09_03_large
image,d#hash_67e60b774e979b10
image,d#melee_slaybell_t8_camo_dlc3_stealth_seal_icon
image,d#hash_67ed572b48f8ba7c
image,d#uie_ui_menu_callingcards_safarihunter_splash2
image,d#uie_ui_menu_callingcards_safarihunter_splash1
image,d#smg_accurate_t8_camo_golf_icon
image,d#loot_ui_icon_stickers_pixel_warriors_3_large
image,d#lmg_stealth_t8_camo_india_zm_icon
image,d#ui_icon_camonotification_diamond_knife
image,d#uie_ui_hud_vehicle_ac130_fui_box01
image,d#hash_681cbc73b2b39660
image,d#ui_icon_callingcards_mp_dark_ops_nuclear_killer
image,d#loot_ui_icon_sticker_battery_muertos_02_large
image,#t7_hud_waypoints_compassping_enemy
image,d#hash_682b60ec4aedea37
image,d#shotgun_fullauto_t8_camo_golf_zm_icon
image,d#smg_fastfire_t8_camo_kilo_icon
image,d#ar_modular_t8_camo_november_wz_icon
image,d#melee_club_t8_camo_bravo_zm_icon
image,d#ar_galil_t8_camo_mike_wz_icon
image,d#ar_modular_t8_camo_mike_wz_icon
image,d#sniper_quickscope_t8_camo_kilo_zm_icon
image,d#shotgun_pump_t8_camo_mike_zm_icon
image,d#sniper_fastrechamber_t8_camo_alfa_wz_icon
image,d#melee_club_t8_camo_kilo_zm_icon
image,d#shotgun_pump_t8_camo_echo_zm_icon
image,d#sniper_quickscope_t8_camo_mike_wz_icon
image,d#tr_damageburst_t8_camo_india_icon
image,d#hash_686efd68845adf1a
image,d#smg_fastburst_t8_camo_delta_wz_icon
image,d#hash_68726268845dc090
image,d#hash_68726468845dc3f6
image,d#hash_68726568845dc5a9
image,d#hash_68726668845dc75c
image,d#hash_68726768845dc90f
image,d#hash_68726868845dcac2
image,d#hash_68726968845dcc75
image,d#hash_68726a68845dce28
image,d#hash_68726b68845dcfdb
image,d#pistol_fullauto_t8_camo_foxtrot_wz_icon
image,d#ui_icon_mp_league_12_03_large
image,d#ui_icon_callingcards_mp_career_tour_of_duty_events_vanquisher
image,d#lmg_spray_t8_camo_gold_icon
image,d#tr_longburst_t8_camo_lima_icon
image,d#shotgun_pump_t8_camo_charlie_wz_icon
image,d#sniper_powersemi_t8_camo_juliett_wz_icon
image,#t7_icon_emblem_decal_alien
image,d#uie_ui_menu_arena_ruby_flipbook
image,d#ui_icon_blackmarket_weapon_bundle
image,d#loot_ui_icon_stickers_random_06_large
image,d#uie_hero_cape
image,d#melee_club_t8_camo_diamond_icon
image,d#hash_68b439d10dda068d
image,d#pistol_burst_t8_camo_november_zm_icon
image,#t7_decal_pattern_cyber
image,d#hash_68c9cd46b7d74673
image,d#shotgun_semiauto_t8_camo_active_objective_kills_wrapper_icon
image,#em_material_gold
image,d#uie_air_background
image,d#hash_68d77ed05b8826d6
image,d#hash_68dedf07fb47c8b7
image,d#ui_icon_callingcards_mp_mode_killer_four_piece_dinner
image,d#hash_68e10a7cd07b70d3
image,d#shotgun_semiauto_t8_camo_november_wz_icon
image,d#ar_fastfire_t8_camo_lima_wz_icon
image,d#lmg_stealth_t8_camo_echo_zm_icon
image,d#loot_ui_icon_callingcards_muertos_battery
image,d#hash_68f1bcda23421778
image,d#uie_ui_icon_callingcards_fairytale_bg
image,#uie_t7_menu_frontend_titlenumbrdrfull
image,d#melee_club_t8_camo_india_zm_icon
image,d#ar_an94_t8_camo_hotel_wz_icon
image,#menu_camo_heatstroke_red_pattern
image,d#ui_icon_weapon_pistol_fullauto_render
image,d#ar_standard_t8_camo_echo_zm_icon
image,d#uie_background_01
image,d#ui_icon_weapon_pistol_fullauto_mk2_render
image,d#uie_ui_menu_callingcards_steampunk_particles2
image,d#uie_ui_menu_callingcards_steampunk_particles3
image,d#uie_ui_menu_callingcards_steampunk_particles1
image,d#ui_icon_callingcards_mp_bootcamp_marksman_frogman
image,d#hash_690d72e144ceeeac
image,d#hash_691070e2bd8b9b90
image,d#ui_icon_weapon_ar_doublebarrel_render
image,d#hash_69164c20fbcba78d
image,d#melee_actionfigure_t8_camo_alfa_zm_icon
image,d#special_crossbow_t8_camo_lima_zm_icon
image,d#hash_692bf468203808e8
image,d#ar_peacekeeper_t8_camo_charlie_icon
image,#menu_camo_dante_pattern
image,d#smg_vmp_t8_camo_india_wz_icon
image,#hash_6933ab68ce8008b4
image,d#special_ballisticknife_t8_dw_camo_lima_icon
image,d#hash_6943bee24fd714dc
image,#em_glasses03_full
image,#hash_6947e5782678aa6a
image,d#hash_694cd7b4bca5c367
image,#hash_694df777b574c7a8
image,d#ui_icon_mp_league_06_02_large
image,d#ui_icon_mp_league_29_01_large
image,d#hash_695332373c84919e
image,d#uie_ui_icon_callingcards_zm_strategist_zombie_glow_red
image,d#pistol_revolver_t8_camo_mike_zm_icon
image,d#ui_icon_weapon_sniper_damagesemi_render
image,#em_material_t7_camo_loot_ardent_emissive
image,d#hash_6964909fc4e18d71
image,d#melee_actionfigure_t8_camo_delta_zm_icon
image,#uie_t7_core_hud_voiptemp-01
image,d#sniper_powerbolt_t8_camo_dlc2_blue_up_icon
image,d#sniper_fastrechamber_t8_camo_dlc3_assassin_icon
image,d#hash_698ecf93e679efb5
image,d#hash_69963cb412f7e411
image,d#shotgun_semiauto_t8_camo_juliett_icon
image,d#hash_69a40edd2e41222e
image,d#smg_handling_t8_camo_foxtrot_wz_icon
image,d#ui_icon_mp_league_14_03_large
image,d#hash_69aa76de847c6cc1
image,#em_hq_final_defense
image,d#tr_powersemi_t8_camo_november_zm_icon
image,#hash_69bbf0bf80365018
image,d#shotgun_precision_t8_camo_kilo_icon
image,d#hash_69d600b6992ff0f4
image,d#ui_icon_mp_league_19_03_large
image,d#hash_69db693b5cfa652a
image,d#tr_longburst_t8_camo_november_icon
image,d#uie_callingcards_heroics_master_soldier1
image,d#uie_callingcards_heroics_master_soldier2
image,d#ar_accurate_t8_camo_dlc3_stealth_seal_icon
image,d#ui_icon_callingcards_mp_ground_assault_master
image,d#hash_6a011aa6c4342629
image,#t7_icon_emblem_decal_hex
image,d#smg_vmp_t8_camo_mike_wz_icon
image,d#shotgun_fullauto_t8_camo_echo_icon
image,d#loot_ui_icon_callingcards_vampire_hunter_01
image,d#uie_ui_menu_inspection_window_loading_stripe
image,d#sniper_locus_t8_camo_alfa_icon
image,d#loot_ui_icon_stickers_safari_animals_6_large
image,d#hash_6a1dad0cda049f9e
image,d#hash_6a1e6f11de040188
image,d#ui_icon_callingcards_mp_career_tour_of_duty_core_superior
image,d#hash_6a2af1b76d0643b6
image,d#ui_icon_callingcards_mp_dark_ops_from_the_depths
image,d#ar_peacekeeper_t8_camo_november_icon
image,d#ar_doublebarrel_t8_camo_alfa_zm_icon
image,d#hash_6a31c50786dbe3f6
image,d#lmg_standard_t8_camo_foxtrot_zm_icon
image,d#hash_6a37be0146c3beb8
image,d#sniper_fastrechamber_t8_camo_golf_zm_icon
image,#uie_progresscirclepanel
image,d#knife_loadout_camo_bravo_icon
image,d#ui_icon_callingcards_mp_prestige_efficiency_high_explosives
image,d#ar_accurate_t8_camo_delta_wz_icon
image,d#hash_6a4d82d334289820
image,d#hash_6a54a630c0f1df2f
image,d#hash_6a58b5267fd28156
image,d#ar_doublebarrel_t8_camo_golf_zm_icon
image,d#melee_actionfigure_t8_camo_diamond_icon
image,d#uie_ui_menu_item_shop_tier_pointer
image,d#ui_icon_weapon_shotgun_fullauto_render
image,d#ar_doublebarrel_t8_camo_lima_zm_icon
image,d#pistol_revolver_t8_camo_dlc2_blue_up_icon
image,d#uie_ui_icon_callingcards_signature_weapon_master_bannana_06
image,d#uie_ui_icon_callingcards_signature_weapon_master_bannana_05
image,d#uie_ui_icon_callingcards_signature_weapon_master_bannana_04
image,d#uie_ui_icon_callingcards_signature_weapon_master_bannana_03
image,d#uie_ui_icon_callingcards_signature_weapon_master_bannana_02
image,d#uie_ui_icon_callingcards_signature_weapon_master_bannana_01
image,d#sniper_mini14_t8_camo_hotel_icon
image,d#hash_6a7fe57ffbe35b6f
image,d#loot_ui_icon_stickers_wetworks2_03
image,d#loot_ui_icon_stickers_wetworks2_02
image,d#loot_ui_icon_stickers_wetworks2_01
image,d#loot_ui_icon_stickers_wetworks2_06
image,d#loot_ui_icon_stickers_wetworks2_05
image,d#loot_ui_icon_stickers_wetworks2_04
image,d#hash_6a8126a123f05fa0
image,d#hash_6a859d54c6ca9ac0
image,d#tr_damageburst_t8_camo_kilo_wz_icon
image,d#melee_zombiearm_t8_camo_india_zm_icon
image,d#ui_icon_mp_league_20_02b_large
image,d#ar_an94_t8_camo_november_zm_icon
image,d#lmg_spray_t8_camo_foxtrot_icon
image,#hash_6a97c296afef1185
image,#t7_loot_decal_icon_crown
image,d#loot_ui_icon_callingcards_post_apocalyptic_master
image,d#smg_vmp_t8_camo_mike_icon
image,d#uie_ui_icon_callingcards_dystopian_headhighlight
image,d#ui_icon_callingcards_zm_default_zm_escape_calling_card
image,d#smg_standard_t8_camo_dlc2_street_race_icon
image,d#hash_6accaa1e10738116
image,d#smg_folding_t8_camo_mike_wz_icon
image,#uie_icon_frontend_navigation_glowmed
image,d#shotgun_precision_t8_camo_juliett_wz_icon
image,d#ui_icon_callingcards_mp_career_gamevictories_killconfirmedwins
image,d#sniper_quickscope_t8_camo_dlc3_blowfish_icon
image,#hash_6ae5f2ea4fbdb05f
image,d#ar_accurate_t8_camo_active_dlc3_treasure_wrapper_icon
image,d#knife_loadout_camo_hotel_icon
image,d#ui_icon_callingcards_mp_prestige_gear_not_today
image,d#hash_6afca1ec0b9a2032
image,d#hash_6aff0abd206407e0
image,d#sniper_locus_t8_camo_delta_zm_icon
image,#em_material_t7_camo_loot_flecktarn_shiny
image,#uie_pc_igrevent_weekprogression_weekcompleted
image,d#hash_6b09d4f4af932d8e
image,d#lmg_standard_t8_camo_lima_wz_icon
image,#em_flak_jacket01
image,d#sniper_powersemi_t8_camo_kilo_wz_icon
image,d#smg_standard_t8_camo_golf_icon
image,d#smg_capacity_t8_camo_golf_zm_icon
image,d#smg_handling_t8_camo_bravo_zm_icon
image,d#melee_coinbag_t8_camo_delta_wz_icon
image,d#uie_callingcards_game_victories_sub_left
image,d#smg_fastburst_t8_camo_lima_zm_icon
image,d#hash_6b2949b88938c694
image,d#hash_6b2d50a8938ba36a
image,d#special_ballisticknife_t8_dw_camo_golf_icon
image,d#sniper_powerbolt_t8_camo_november_wz_icon
image,d#smg_capacity_t8_camo_dlc2_blue_up_icon
image,d#ui_icon_meansofdeath_crushed
image,d#shotgun_fullauto_t8_camo_india_wz_icon
image,d#ui_icon_callingcards_mp_bootcamp_marksman_spotter
image,d#hash_6b43662abfa4c930
image,d#uie_ui_icon_callingcards_wz_insigniaechelons_master_background
image,d#smg_standard_t8_camo_foxtrot_wz_icon
image,d#loot_ui_icon_stickers_safari_animals_2_large
image,d#uie_pc_bnetstore_activisionlogo
image,d#hash_6b541c371c3a2cca
image,d#melee_demohammer_t8_camo_echo_zm_icon
image,d#smg_standard_t8_camo_foxtrot_zm_icon
image,d#pistol_standard_t8_camo_charlie_icon
image,#em_feather_duster01
image,d#melee_cutlass_t8_camo_delta_zm_icon
image,d#uie_callingcards_heroics_master_particles_back
image,d#uie_ui_icon_callingcards_mp_bootcamp_marksman_master_dudeveins
image,d#uie_ui_hud_tak5_data_arrow02
image,d#uie_ui_hud_tak5_data_arrow01
image,d#ar_an94_t8_camo_charlie_icon
image,d#ui_icon_mp_league_master_bronze
image,d#hash_6b7df65b756b50a8
image,d#uie_ui_menu_callingcards_prestigemaster_arm
image,d#hash_6b8e27a451907627
image,d#melee_slaybell_t8_camo_kilo_wz_icon
image,#hash_6ba4076b6f8ae80a
image,d#sniper_quickscope_t8_camo_november_icon
image,d#pistol_burst_t8_camo_dlc3_assassin_icon
image,d#ui_icon_callingcards_mp_prestige_equipment_aircover
image,d#ui_icon_blackmarket_store_tile_default_05
image,d#ui_icon_blackmarket_store_tile_default_04
image,d#ui_icon_blackmarket_store_tile_default_06
image,d#ui_icon_blackmarket_store_tile_default_01
image,d#ui_icon_blackmarket_store_tile_default_03
image,d#ui_icon_blackmarket_store_tile_default_02
image,d#ui_icon_blackmarket_store_tile_default_09
image,d#ui_icon_blackmarket_store_tile_default_08
image,d#hash_6bb39b65fa9b031f
image,d#uie_ui_menu_callingcards_warriorcreatures_arrow02
image,d#ar_peacekeeper_t8_camo_india_icon
image,d#ar_stealth_t8_camo_dlc3_board_shorts_icon
image,d#hash_6bc575e68a4628f6
image,d#ar_stealth_t8_camo_alfa_wz_icon
image,d#ar_standard_t8_camo_foxtrot_zm_icon
image,d#sniper_fastrechamber_t8_camo_india_wz_icon
image,d#smg_fastburst_t8_camo_hotel_zm_icon
image,d#ui_icon_callingcards_mp_erasers_card1
image,d#shotgun_pump_t8_camo_golf_wz_icon
image,d#smg_fastburst_t8_camo_dlc3_assassin_icon
image,d#melee_demohammer_t8_camo_hotel_zm_icon
image,d#melee_demohammer_t8_camo_mike_wz_icon
image,d#ar_doublebarrel_t8_camo_mike_icon
image,d#hash_6beefa7d5b3b86e4
image,d#ar_doublebarrel_t8_camo_bravo_zm_icon
image,d#hash_6bf5d80ff381291d
image,d#ui_icon_weapon_sniper_mini14_render
image,d#uie_ui_icon_callingcards_wz_insigniaechelons_master_skulls
image,d#smg_fastburst_t8_camo_kilo_wz_icon
image,d#ui_icon_mp_league_13_01_large
image,d#hash_6c115d8432fe058b
image,d#hash_6c1406dcce719868
image,d#ar_fastfire_t8_camo_delta_zm_icon
image,d#sniper_quickscope_t8_camo_delta_wz_icon
image,d#hash_6c17541cdff1d420
image,#t7_loot_decal_flame_head
image,d#hash_6c2a5b0dda1c2f0f
image,#hash_6c2da29b74db4f0e
image,d#loot_ui_icon_callingcards_muertos_recon
image,d#hash_6c2f8247de0b8e54
image,d#uie_ui_icon_callingcards_summer_ruin
image,#hash_6c3b2316bae91099
image,d#ui_icon_callingcards_mp_scorestreak_airassault_swarm
image,d#uie_ui_menu_callingcards_warriorcreatures_bg
image,#em_triple_kill
image,d#ui_icon_weapon_melee_amuletfist_render
image,d#lmg_standard_t8_camo_mike_zm_icon
image,d#ui_icon_hvo_killer_firebreak
image,d#loot_ui_icon_stickers_bankrobbery_06
image,d#loot_ui_icon_stickers_bankrobbery_04
image,d#loot_ui_icon_stickers_bankrobbery_05
image,d#loot_ui_icon_stickers_bankrobbery_02
image,d#loot_ui_icon_stickers_bankrobbery_03
image,d#loot_ui_icon_stickers_bankrobbery_01
image,d#tr_midburst_t8_camo_dlc3_blowfish_icon
image,#uie_korea_igrperks_glow
image,d#ui_icon_callingcards_wz_darkops_tbd
image,d#uie_callingcards_heroics_master_background
image,d#hash_6c95914c641da37d
image,d#sniper_fastrechamber_t8_camo_hotel_icon
image,d#hash_6c9bcae577ed2167
image,#em_old_gun01
image,d#ar_modular_t8_camo_juliett_zm_icon
image,d#shotgun_fullauto_t8_camo_mike_zm_icon
image,d#loot_ui_icon_stickers_graffitiparts_3
image,d#loot_ui_icon_stickers_graffitiparts_2
image,d#loot_ui_icon_stickers_graffitiparts_1
image,d#loot_ui_icon_stickers_graffitiparts_6
image,d#loot_ui_icon_stickers_graffitiparts_5
image,d#loot_ui_icon_stickers_graffitiparts_4
image,d#sniper_fastrechamber_t8_camo_juliett_wz_icon
image,d#hash_6cbc9f8255c509bc
image,d#ui_icon_weapon_smg_capacity_render_xl
image,d#ui_icon_callingcards_mp_career_game_heroics_ninja
image,d#hash_6cd2d51c614bcb51
image,d#uie_callingcards_global_master_spotlight
image,d#melee_stopsign_t8_camo_charlie_zm_icon
image,d#ar_damage_t8_camo_bravo_icon
image,d#knife_loadout_camo_golf_icon
image,d#hash_6ce6ab845d3edfd7
image,d#lmg_heavy_t8_camo_alfa_icon
image,#hash_6ced5eed420a2d30
image,d#loot_ui_icon_sticker_prophet_muertos_02_large
image,d#ui_icon_wildcard_greed02_large
image,d#ui_icon_callingcards_mp_dark_ops_frenzy_killer
image,d#shotgun_pump_t8_camo_dlc3_blowfish_icon
image,d#uie_girl
image,d#launcher_standard_t8_camo_kilo_icon
image,d#ar_modular_t8_camo_echo_zm_icon
image,d#melee_club_t8_camo_juliett_zm_icon
image,d#ui_icon_mp_league_12_02b_large
image,d#ui_icon_blackmarket_reserves_case_small
image,d#lmg_heavy_t8_camo_dlc3_assassin_icon
image,#t7_loot_decal_icon_bat
image,d#shotgun_semiauto_t8_camo_foxtrot_zm_icon
image,#em_kc_clean_sweep
image,d#special_ballisticknife_t8_dw_camo_hotel_icon
image,d#ui_icon_mp_league_23_01_large
image,d#shotgun_pump_t8_camo_active_dlc3_mystic_01_icon
image,d#melee_coinbag_t8_camo_india_zm_icon
image,d#ui_icon_callingcards_mp_weapon_proficiency_shotgun_kills
image,d#hash_6d247e1d9c8258b1
image,#hash_6d29366236068b4a
image,d#loot_ui_icon_stickers_random_15_large
image,d#ar_stealth_t8_camo_juliett_wz_icon
image,d#hash_6d379018d6541865
image,d#pistol_standard_t8_camo_alfa_zm_icon
image,d#special_crossbow_t8_camo_golf_zm_icon
image,d#tr_powersemi_t8_camo_hotel_icon
image,d#hash_6d45ad6c3f292af3
image,d#hash_6d45ae6c3f292ca6
image,#ui_icon_perk_deadsilence_large
image,d#sniper_powerbolt_t8_camo_dlc2_street_race_icon
image,d#hash_6d49c77a0e407fc5
image,d#ar_an94_t8_camo_delta_wz_icon
image,d#uie_ui_icon_startmenu_option_brightnesslogo
image,d#loot_ui_icon_stickers_synth_2_large
image,#em_thief
image,d#uie_ui_icon_callingcards_bootcamp_master_bluebackground
image,d#loot_ui_icon_sticker_torque_muertos_02_large
image,d#tr_midburst_t8_camo_bravo_zm_icon
image,d#hash_6d6b73feb7f8c828
image,d#ui_icon_callingcards_mp_bootcamp_frogman
image,#hash_6d8060b016b78ec5
image,d#loot_ui_icon_callingcards_twistedcircus_01
image,d#loot_ui_icon_callingcards_twistedcircus_03
image,d#loot_ui_icon_callingcards_twistedcircus_02
image,d#loot_ui_icon_callingcards_twistedcircus_05
image,d#loot_ui_icon_callingcards_twistedcircus_04
image,d#loot_ui_icon_callingcards_twistedcircus_06
image,d#ar_doublebarrel_t8_camo_mike_wz_icon
image,d#hash_6d88ead55d4d5fe0
image,d#ar_peacekeeper_t8_camo_echo_icon
image,d#ar_doublebarrel_t8_camo_mike_zm_icon
image,d#ar_fastfire_t8_camo_lima_icon
image,d#hash_6da2bab2a363942f
image,#t7_loot_decal_icon_bear
image,d#ui_icon_attachment_sg12_opmod_strobe_light
image,#menu_social_friendlist_destiny2_icon
image,d#melee_club_t8_camo_india_icon
image,d#hash_6dc76cd079e56762
image,d#shotgun_semiauto_t8_camo_charlie_zm_icon
image,#uie_t7_blackmarket_keyringglow_glow
image,d#ui_icon_gear_p8_mp_spe_armor_medium
image,d#hash_6dd68aa6ca5c67c1
image,d#smg_accurate_t8_camo_hotel_wz_icon
image,d#smg_accurate_t8_camo_charlie_wz_icon
image,d#hash_6df6c930feb24bd6
image,d#hash_6e002920bf7cf1e8
image,#hash_6e061b05a775d343
image,d#ar_peacekeeper_t8_camo_echo_wz_icon
image,d#sniper_quickscope_t8_camo_foxtrot_wz_icon
image,d#sniper_damagesemi_t8_camo_diamond_icon
image,#hash_6e188316c34f5baa
image,d#smg_standard_t8_camo_delta_icon
image,d#sniper_locus_t8_camo_lima_zm_icon
image,d#knife_loadout_camo_alfa_icon
image,d#tr_damageburst_t8_camo_bravo_wz_icon
image,d#shotgun_pump_t8_camo_delta_zm_icon
image,#t7_store_featured
image,d#uie_pirate_ship
image,#t7_icon_emblem_10
image,d#hash_6e5ec2808580e2cb
image,#t7_icon_error_overlays
image,d#melee_demohammer_t8_camo_kilo_wz_icon
image,d#melee_stopsign_t8_camo_bravo_zm_icon
image,d#smg_standard_t8_camo_kilo_icon
image,d#hash_6e6f283d9a09cf56
image,d#pistol_revolver_t8_camo_active_dlc3_mystic_01_icon
image,d#ar_fastfire_t8_camo_dlc3_stealth_seal_icon
image,d#hash_6e771ee9b1048b75
image,d#ui_icon_attachment_supressor
image,d#melee_actionfigure_t8_camo_juliett_wz_icon
image,d#hash_6e81e150dfd3a368
image,d#hash_6e8474ebb573e401
image,d#sniper_mini14_t8_camo_charlie_wz_icon
image,d#smg_folding_t8_camo_echo_wz_icon
image,d#lmg_heavy_t8_camo_alfa_wz_icon
image,d#hash_6e9c6886b08f7af9
image,d#melee_stopsign_t8_camo_kilo_wz_icon
image,d#melee_amuletfist_t8_camo_juliett_wz_icon
image,d#ui_menu_blackmarket_starterpack_preview_01
image,d#hash_6eb24ec3fe1e988f
image,d#hash_6eb65c5623257c76
image,d#hash_6eba51005ba9a081
image,d#melee_actionfigure_t8_camo_india_wz_icon
image,d#ui_icon_callingcards_mp_prestige_tacticalkits_burstcounts
image,d#ui_icon_callingcards_mp_prestige_tacticalkits_bringthepain
image,d#smg_standard_t8_camo_lima_wz_icon
image,d#melee_slaybell_t8_camo_golf_icon
image,d#smg_standard_t8_camo_alfa_wz_icon
image,d#hash_6eca9d581b5e1891
image,d#pistol_fullauto_t8_camo_kilo_zm_icon
image,d#shotgun_precision_t8_camo_hotel_wz_icon
image,d#hash_6ed16eebb11b096d
image,d#melee_zombiearm_t8_camo_echo_icon
image,d#hash_6edd1b05e96c82c9
image,d#melee_amuletfist_t8_camo_echo_wz_icon
image,d#pistol_standard_t8_camo_bravo_icon
image,d#ui_icon_mp_league_30_03_large
image,d#hash_6ef32b8f20039199
image,d#hash_6efbb568febc7076
image,#hash_6f0724cdc277afe9
image,d#uie_ui_icon_callingcards_zm_weapons_equipment_background
image,d#melee_stopsign_t8_camo_november_zm_icon
image,#em_present01_full
image,d#tr_powersemi_t8_camo_lima_wz_icon
image,d#melee_zombiearm_t8_camo_hotel_zm_icon
image,d#ui_icon_attachment_float_dot
image,#hash_6f159a8306be3cf8
image,d#hash_6f17c6cf04fed45d
image,d#pistol_revolver_t8_camo_gold_icon
image,#uie_highlight_border_line
image,d#uie_ui_icon_callingcards_zm_weapons_equipment_background_clouds
image,d#hash_6f38b19733503ea2
image,d#smg_standard_t8_camo_dlc3_blowfish_icon
image,d#uie_ui_icon_callingcard_zombie_hunter_elephant_glow
image,d#hash_6f48c307dd60dc34
image,d#hash_6f49439bc209345e
image,d#ar_fastfire_t8_camo_dlc3_board_shorts_icon
image,d#lmg_spray_t8_camo_echo_icon
image,d#ui_icon_blackmarket_stream_bribe_crate
image,d#shotgun_fullauto_t8_camo_lima_wz_icon
image,d#ar_damage_t8_camo_november_zm_icon
image,d#hash_6f5c9793440c3f52
image,d#melee_club_t8_camo_golf_wz_icon
image,d#hash_6f70c00530f6c29a
image,d#melee_zombiearm_t8_camo_lima_wz_icon
image,d#hash_6f7aa6e0476b7685
image,d#hash_6f7b3306b8fcc0b6
image,d#hash_6f7c797a59b8ef4a
image,d#loot_ui_icon_callingcards_future_racers_master
image,d#hash_6f898f6dd94fb5b8
image,d#loot_ui_icon_stickers_random_46_large
image,d#ui_icon_callingcards_mp_prestige_gear_acousticsensor
image,d#ui_icon_callingcards_mp_prestige_perks_team_link
image,d#uie_new_background
image,d#uie_circularglow
image,d#uie_cowboy
image,d#ar_fastfire_t8_camo_echo_wz_icon
image,d#hash_6fc4dfee1ddaa038
image,#em_pocketwatch01
image,d#hash_6fd0d7cf8e1eb5c5
image,d#lmg_spray_t8_camo_kilo_zm_icon
image,d#hash_6fd46873dadfbab5
image,d#smg_handling_t8_camo_delta_zm_icon
image,#em_weapon_m32
image,#3_cursor3
image,d#uie_ui_icon_callingcard_zombie_hunter_elephant_trunk4
image,d#uie_ui_icon_callingcard_zombie_hunter_elephant_trunk1
image,d#uie_ui_icon_callingcard_zombie_hunter_elephant_trunk3
image,d#uie_ui_icon_callingcard_zombie_hunter_elephant_trunk2
image,d#ui_icon_callingcards_mp_prestige_gear_charged_up
image,d#ui_icon_callingcards_mp_operations_killjoys_atomicdrop
image,d#smg_folding_t8_camo_charlie_zm_icon
image,d#loot_ui_icon_callingcards_future_racers_06
image,d#loot_ui_icon_callingcards_future_racers_04
image,d#loot_ui_icon_callingcards_future_racers_05
image,d#loot_ui_icon_callingcards_future_racers_02
image,d#loot_ui_icon_callingcards_future_racers_03
image,d#loot_ui_icon_callingcards_future_racers_01
image,d#tr_flechette_t8_camo_bravo_icon
image,d#tr_damageburst_t8_camo_golf_icon
image,d#hash_70058454fcd3d4b5
image,d#sniper_mini14_t8_camo_golf_icon
image,d#sniper_powersemi_t8_camo_charlie_zm_icon
image,d#lmg_stealth_t8_camo_charlie_zm_icon
image,d#shotgun_pump_t8_camo_delta_icon
image,d#hash_7026cc7c28e37921
image,d#ui_icon_mp_league_21_04_large
image,d#uie_cc_carsbg
image,#em_material_green_anodized
image,d#ui_icon_callingcards_mp_career_game_heroics_highestvalueoperative
image,d#hash_7049321b7939a00d
image,d#melee_amuletfist_t8_camo_lima_wz_icon
image,d#hash_704d93329acd6b62
image,d#smg_accurate_t8_camo_delta_icon
image,d#hash_7052669fc2e9c361
image,d#ar_modular_t8_camo_delta_wz_icon
image,#t7_loot_decal_icon_diamond
image,d#uie_dirt_car
image,d#shotgun_fullauto_t8_camo_november_wz_icon
image,#t7_decal_pattern_polkadots_lrg
image,d#hash_7072e7ad2d9c9d7d
image,#t7_icon_connect_overlays
image,d#melee_actionfigure_t8_camo_charlie_wz_icon
image,d#pistol_fullauto_t8_camo_hotel_zm_icon
image,d#hash_707abfc60ad1d9a7
image,d#ui_icon_mp_league_elite_gold
image,d#hash_70801c4da3077267
image,d#hash_708159e0118919e1
image,d#hash_708454ee707b54b6
image,d#hash_7086c48b0248e3df
image,d#ar_standard_t8_camo_alfa_zm_icon
image,d#uie_ui_icon_callingcards_zm_survivalist_dude_venom
image,d#melee_slaybell_t8_camo_november_wz_icon
image,d#hash_70969434ec5310c8
image,d#hash_7098f66f47f8f4fa
image,d#uie_ui_menu_common_tab_end_left
image,d#lmg_standard_t8_camo_juliett_zm_icon
image,d#smg_fastfire_t8_camo_none_icon
image,d#hash_70a02791cf277ef4
image,d#uie_ui_menu_contracts_gold_bar
image,d#ar_stealth_t8_camo_charlie_icon
image,d#ui_icon_callingcards_mp_career_tour_of_duty_arena_vanquisher
image,d#launcher_standard_t8_camo_dlc3_shark_plaque_icon
image,#em_material_t7_camo_contagious
image,d#melee_secretsanta_t8_camo_hotel_icon
image,#ui_icon_emblems_pentagon
image,d#uie_ui_menu_callingcards_circusclown_rightarm
image,d#tr_damageburst_t8_camo_mike_icon
image,d#ui_icon_mp_league_20_03_large
image,d#hash_70c13cd2e6939430
image,d#tr_midburst_t8_camo_gold_icon
image,d#ui_icon_callingcards_mp_prestige_prestige_spartan
image,d#smg_standard_t8_camo_november_icon
image,d#melee_zombiearm_t8_camo_golf_icon
image,d#uie_ui_icon_callingcards_mp_100percent_clouds
image,#t7_icon_quit_overlays_bkg
image,d#pistol_revolver_t8_camo_lima_wz_icon
image,d#smg_fastfire_t8_camo_hotel_wz_icon
image,#hash_70dc2e854a9bef43
image,d#melee_secretsanta_t8_camo_echo_zm_icon
image,d#tr_powersemi_t8_camo_alfa_zm_icon
image,d#ui_icon_callingcards_mp_specialized_steady_on
image,d#hash_70e634fd3837898e
image,#ui_icon_emblems_laser
image,d#lmg_spray_t8_camo_charlie_icon
image,d#hash_70ee3da958bb7a61
image,d#smg_fastburst_t8_camo_foxtrot_zm_icon
image,d#ar_galil_t8_camo_charlie_icon
image,d#ui_icon_callingcard_default06
image,d#ui_icon_callingcard_default07
image,d#ui_icon_callingcard_default04
image,d#ui_icon_callingcard_default05
image,d#ui_icon_callingcard_default02
image,d#ui_icon_callingcard_default03
image,d#ui_icon_callingcard_default01
image,d#ui_icon_callingcard_default08
image,d#ui_icon_callingcard_default09
image,d#ui_icon_weapon_smg_fastfire_mk2_render
image,d#ui_icon_callingcard_default10
image,d#ui_icon_mp_league_12_04
image,d#ui_icon_mp_league_12_02
image,d#ui_icon_mp_league_12_03
image,d#ui_icon_mp_league_12_01
image,d#hash_711086aed7528885
image,d#hash_711600314b552f7d
image,d#ui_icon_callingcards_mp_humiliation_unforgiving
image,d#smg_capacity_t8_camo_delta_icon
image,d#smg_accurate_t8_camo_charlie_icon
image,d#ui_icon_callingcards_mp_career_gamevictories_conquest
image,#em_ctf_crush_victory
image,d#ui_icon_callingcards_mp_specialized_stay_cool
image,d#smg_fastburst_t8_camo_dlc3_stealth_seal_icon
image,#hash_713edba4f3a07a3d
image,d#ar_galil_t8_camo_echo_icon
image,d#ui_icon_mp_league_15_03_large
image,d#sniper_powerbolt_t8_camo_alfa_wz_icon
image,d#ar_fastfire_t8_camo_dlc2_blue_up_icon
image,#t7_decal_pattern_stripes
image,d#hash_715e18e76b380a01
image,d#tr_powersemi_t8_camo_bravo_wz_icon
image,d#melee_secretsanta_t8_camo_foxtrot_wz_icon
image,d#ui_icon_stickers_mp_league_10_01
image,d#ui_icon_stickers_mp_league_10_00
image,d#ui_icon_stickers_mp_league_10_03
image,d#ui_icon_stickers_mp_league_10_04
image,d#ui_icon_zm_callings_assaultrifle
image,d#uie_ui_icon_callingcards_zm_survivalist_background
image,d#uie_ui_menu_callingcards_snake_gods_building
image,d#melee_coinbag_t8_camo_india_icon
image,d#uie_heroguy
image,d#smg_minigun_t8_camo_juliett_wz_icon
image,d#ui_icon_callingcards_mp_weapon_proficiency_smg_kills
image,d#shotgun_semiauto_t8_camo_alfa_zm_icon
image,d#launcher_standard_t8_camo_echo_icon
image,d#melee_amuletfist_t8_camo_november_wz_icon
image,#em_square_full
image,d#uie_future_car_white
image,d#uie_ui_menu_contracts_ring_fill
image,d#ui_icon_callingcards_mp_bootcamp_xray
image,#uie_progresscircleframe
image,d#uie_ui_icon_callingcards_zm_strategist_war_wheel
image,#t7_loot_decal_knight
image,d#tr_flechette_t8_camo_delta_icon
image,d#smg_folding_t8_camo_bravo_wz_icon
image,d#hash_71ea9bd079d04b0f
image,d#uie_cc_vehicle03anim
image,d#tr_damageburst_t8_camo_juliett_wz_icon
image,d#hash_71ee8a4c7b400def
image,d#hash_71ff7b68bf3ca883
image,d#ui_icon_callingcards_mp_prestige_efficiency_hot_swap
image,d#ui_icon_mp_league_12_02b
image,d#uie_ui_menu_callingcards_spacecowboy_foregrounddude
image,d#ui_icon_zm_calling_tasks_revives
image,d#ui_icon_weapon_ar_standard_render
image,d#lmg_stealth_t8_camo_delta_icon
image,d#sniper_powersemi_t8_camo_hotel_zm_icon
image,d#melee_slaybell_t8_camo_november_icon
image,d#smg_handling_t8_camo_hotel_zm_icon
image,d#ar_galil_t8_camo_alfa_zm_icon
image,d#ar_modular_t8_camo_dlc3_blowfish_icon
image,d#ui_icon_callingcards_wz_100percent
image,d#mms_1
image,d#mms_0
image,d#mms_3
image,d#mms_2
image,d#mms_5
image,d#mms_4
image,d#mms_7
image,d#mms_6
image,d#mms_9
image,d#mms_8
image,d#sniper_locus_t8_camo_echo_zm_icon
image,d#hash_724ff49a8b145c0e
image,d#loot_ui_icon_stickers_skate_5_large
image,d#knife_loadout_camo_lima_zm_icon
image,d#uie_ui_icon_callingcards_operations_killjoys_bloodspurt
image,d#tr_powersemi_t8_camo_india_icon
image,d#pistol_burst_t8_camo_delta_icon
image,d#sniper_damagesemi_t8_camo_alfa_wz_icon
image,d#ui_icon_callingcards_mp_career_gamevictories_dominationwins
image,d#uie_callingcards_mp_loot_master_lionstinger_sheen
image,d#uie_ui_icon_callingcard_zombie_hunter_left_earcopy
image,d#ui_icon_meansofdeath_downed_xl
image,d#hash_727a70862390dcd4
image,d#pistol_fullauto_t8_camo_mike_icon
image,d#ar_galil_t8_camo_diamond_icon
image,d#ui_icon_callingcards_mp_dark_ops_master
image,d#uie_ui_icon_callingcards_professional_master_copter
image,d#smg_handling_t8_camo_mike_zm_icon
image,d#hash_7297d41e67fa6ac8
image,d#uie_callingcards_mp_loot_master_lionclaw_sheen
image,d#ar_peacekeeper_t8_camo_november_wz_icon
image,d#tr_flechette_t8_camo_lima_icon
image,d#ui_icon_mp_league_15_03
image,d#ui_icon_mp_league_15_02
image,d#ui_icon_mp_league_15_01
image,d#ui_icon_mp_league_15_04
image,d#ar_standard_t8_camo_kilo_wz_icon
image,d#ui_icon_callingcards_zm_default_ship
image,d#ui_icon_callingcards_mp_career_tour_of_duty_core_vanquisher
image,d#uie_ui_icon_callingcards_zm_darkops_light_paranormal
image,d#uie_dino_background_holed
image,d#hash_72dd21725d1ef922
image,d#sniper_fastrechamber_t8_camo_november_icon
image,d#smg_handling_t8_camo_juliett_wz_icon
image,d#ar_damage_t8_camo_november_icon
image,d#hash_72f383625e61304f
image,d#hash_72f3d6c773abc4e9
image,d#lmg_heavy_t8_camo_golf_wz_icon
image,#em_shield01_full
image,d#hash_7304e342fa134eab
image,#hash_7304ffbb7d1ebcd2
image,d#smg_fastfire_t8_camo_foxtrot_wz_icon
image,d#shotgun_pump_t8_camo_dlc3_board_shorts_icon
image,d#hash_730852434379af6a
image,d#hash_7308ad134cb78ff2
image,d#loot_ui_icon_sticker_recon_warrior_03_large
image,#hash_73136c3bf95651ac
image,#em_tdm_relentless
image,d#loot_ui_icon_stickers_monkey_super_large
image,d#hash_731d95237e3a7b0c
image,d#ui_icon_weapon_ar_standard_xl
image,d#pistol_revolver_t8_camo_echo_wz_icon
image,d#lmg_heavy_t8_camo_mike_icon
image,d#ui_icon_mp_league_12_04_large
image,d#ui_icon_weapon_ar_peacekeeper_render
image,d#hash_7336ce7527972d35
image,d#hash_733d0792754e3f09
image,#t7_decal_pattern_spiderweb
image,#hash_7343234e976d2ec1
image,#ui_icon_emblems_macaroni
image,d#hash_73455fd1440eb133
image,d#ar_galil_t8_camo_golf_icon
image,d#uie_eyes_02
image,d#uie_eyes_01
image,d#uie_grunt_bg
image,d#uie_callingcards_game_victories_bubbles
image,d#smg_fastburst_t8_camo_kilo_icon
image,d#loot_ui_icon_callingcards_supervillains_03
image,d#loot_ui_icon_callingcards_supervillains_02
image,d#loot_ui_icon_callingcards_supervillains_01
image,d#loot_ui_icon_callingcards_supervillains_07
image,d#loot_ui_icon_callingcards_supervillains_06
image,d#loot_ui_icon_callingcards_supervillains_05
image,d#loot_ui_icon_callingcards_supervillains_04
image,d#hash_73619eb441bc9b5c
image,d#uie_ui_icon_callingcards_signature_weapon_master_bg
image,d#shotgun_semi_t8_camo_sig02_icon
image,#ui_icon_perk_stealth_large
image,d#loot_ui_icon_callingcards_sdm_mastercraft
image,d#shotgun_pump_t8_camo_kilo_wz_icon
image,d#loot_ui_icon_stickers_misc_14
image,d#loot_ui_icon_stickers_misc_15
image,d#loot_ui_icon_stickers_misc_16
image,d#loot_ui_icon_stickers_misc_17
image,d#loot_ui_icon_stickers_misc_10
image,d#loot_ui_icon_stickers_misc_12
image,d#loot_ui_icon_stickers_misc_13
image,d#loot_ui_icon_stickers_misc_18
image,d#loot_ui_icon_stickers_misc_19
image,d#loot_ui_icon_stickers_misc_24
image,d#loot_ui_icon_stickers_misc_21
image,d#loot_ui_icon_stickers_misc_20
image,d#loot_ui_icon_stickers_misc_23
image,d#loot_ui_icon_stickers_misc_22
image,d#hash_73854665c02218ef
image,d#hash_738af04863ea57ad
image,d#ui_icon_mp_league_12_01_large
image,d#sniper_mini14_t8_camo_dlc3_stealth_seal_icon
image,d#ui_icon_mp_league_21_04
image,d#ui_icon_mp_league_21_01
image,d#ui_icon_mp_league_21_02
image,d#ui_icon_mp_league_21_03
image,d#hash_73acb576a312b15d
image,d#ui_icon_mp_league_06_01_large
image,d#ui_icon_mp_league_22_01_large
image,d#hash_73b7f87b1ab8bd83
image,d#hash_73ba536b2de476ed
image,d#lmg_spray_t8_camo_echo_wz_icon
image,#ui_icon_emblems_egg
image,d#ui_icon_scorestreaks_drone_swarm
image,d#ui_icon_callingcards_mp_humiliation_heartbreaker
image,d#hash_73c131f56df6090a
image,d#hash_73c3b4586b7d1296
image,d#hash_73cb003e583f1a2c
image,d#uie_ui_icon_callingcards_wz_insigniaechelons_master_gemrocks
image,d#special_ballisticknife_t8_dw_camo_diamond_icon
image,d#shotgun_fullauto_t8_camo_echo_wz_icon
image,d#tr_midburst_t8_camo_dlc3_stealth_seal_icon
image,d#ui_icon_zm_calling_tasks_elixirused
image,d#hash_73dbdeba87b2773e
image,d#ui_icon_mp_league_05_02b_large
image,d#hash_73e029963fad513f
image,d#lmg_stealth_t8_camo_november_zm_icon
image,d#ui_icon_callingcards_solo_alex_mason
image,d#ar_damage_t8_camo_lima_icon
image,d#ui_icon_mp_league_22_02b
image,#uie_ui_pc_unlimited_button
image,d#lmg_heavy_t8_camo_lima_zm_icon
image,d#hash_73f08facdb948c31
image,d#hash_73f141fd900570c8
image,#em_glasses02_full
image,d#ui_icon_wz_merrit_small
image,d#ui_icon_blackmarket_tier_token_small
image,#hash_741344b44ca89d40
image,d#ui_icon_mp_league_05_03_large
image,d#uie_ui_menu_common_tab_backing_red
image,d#hash_741c9ec35dc9b12b
image,d#lmg_heavy_t8_camo_juliett_wz_icon
image,d#melee_secretsanta_t8_camo_kilo_wz_icon
image,d#smg_minigun_t8_camo_lima_wz_icon
image,d#hash_742fdd10315b7d98
image,d#smg_handling_t8_camo_hotel_wz_icon
image,d#smg_handling_t8_camo_juliett_zm_icon
image,d#sniper_powersemi_t8_camo_dlc3_assassin_icon
image,d#smg_capacity_t8_camo_none_icon
image,d#ui_icon_callingcards_wz_professional_solo_victor
image,d#uie_white_flare
image,d#ui_icon_mp_league_09_02
image,d#ui_icon_mp_league_09_03
image,d#ui_icon_mp_league_09_01
image,d#ui_icon_mp_league_09_04
image,d#uie_skeletons
image,d#smg_accurate_t8_camo_dlc3_assassin_icon
image,d#ui_icon_callingcards_zm_gauntlet_ix_bronze
image,d#sniper_fastrechamber_t8_camo_charlie_zm_icon
image,d#loot_ui_icon_stickers_random_09_large
image,d#hash_745a121174bf46e2
image,#hash_746430e3977e8204
image,#uie_t7_toast_backer_middle
image,d#shotgun_precision_t8_camo_india_icon
image,d#smg_minigun_t8_camo_mike_zm_icon
image,d#melee_actionfigure_t8_camo_kilo_icon
image,#img_t7_menu_mp_preview_ethiopia
image,#uie_bumperright
image,d#sniper_powersemi_t8_camo_echo_icon
image,d#sniper_locus_t8_camo_bravo_zm_icon
image,d#uie_ui_icon_callingcards_zm_prestige_allseeingeye_pyramid_mist1
image,d#uie_ui_icon_callingcards_zm_prestige_allseeingeye_pyramid_mist2
image,d#knife_loadout_camo_india_wz_icon
image,#em_material_t7_camo_woodlums
image,d#smg_vmp_t8_camo_november_wz_icon
image,d#sniper_powerbolt_t8_camo_november_icon
image,d#hash_74c6ae2cecebcaa7
image,d#shotgun_pump_t8_camo_foxtrot_icon
image,d#ar_accurate_t8_camo_november_wz_icon
image,#t7_loot_decal_icon_butterfly
image,d#tr_damageburst_t8_camo_india_zm_icon
image,d#hash_74d5a9a4492391e1
image,#menu_social_friendlist_overwatch_icon
image,d#tr_powersemi_t8_camo_dlc2_street_race_icon
image,d#lmg_stealth_t8_camo_mike_wz_icon
image,d#ar_stealth_t8_camo_hotel_icon
image,#ui_icon_emblems_diamond_checker
image,d#melee_amuletfist_t8_camo_delta_wz_icon
image,d#loot_ui_icon_sticker_crash_muertos_02_large
image,#uie_pc_checkoutclose_button
image,#t7_icon_achievement_safehouse_01
image,d#hash_75082a4b4fbd8503
image,#em_material_t7_camo_jungle
image,d#smg_folding_t8_camo_juliett_icon
image,d#pistol_revolver_t8_camo_alfa_icon
image,d#uie_ui_icon_callingcard_zombie_arm
image,d#hash_752443444f3412b8
image,d#loot_ui_icon_stickers_random_32_large
image,d#melee_slaybell_t8_camo_delta_icon
image,d#hash_7531662323cc0a64
image,d#ui_icon_meansofdeath_drowned
image,d#hash_7535662f512d5f90
image,d#hash_753a8d8fd9a4158b
image,d#melee_cutlass_t8_camo_foxtrot_zm_icon
image,d#sniper_powersemi_t8_camo_alfa_zm_icon
image,d#ar_modular_t8_camo_india_zm_icon
image,#white_line
image,d#ui_icon_meansofdeath_falling
image,d#uie_ui_menu_cursor_focus_ring
image,d#uie_ui_menu_callingcards_surrealistlandscape_waterfall
image,d#uie_ui_menu_common_tab_line_bottom
image,d#loot_ui_icon_callingcards_partyrock
image,d#lmg_stealth_t8_camo_lima_icon
image,d#hash_7564f27baff38141
image,d#loot_ui_icon_callingcards_replacer_01
image,d#loot_ui_icon_callingcards_replacer_02
image,d#loot_ui_icon_callingcards_replacer_03
image,d#loot_ui_icon_callingcards_replacer_04
image,d#loot_ui_icon_callingcards_replacer_05
image,d#loot_ui_icon_callingcards_replacer_06
image,d#loot_ui_icon_callingcards_replacer_07
image,d#ui_icon_attachment_thermal
image,d#ui_icon_callingcards_mp_prestige_gear_all
image,d#smg_fastfire_t8_camo_november_wz_icon
image,d#tr_longburst_t8_camo_golf_wz_icon
image,d#ui_icon_equipment_trophy_system
image,d#ui_icon_callingcards_mp_career_game_heroics_first_up
image,d#ui_icon_mp_league_17_04
image,d#ui_icon_mp_league_17_01
image,d#ui_icon_mp_league_17_03
image,d#ui_icon_mp_league_17_02
image,d#lmg_heavy_t8_camo_golf_icon
image,d#uie_ui_icon_callingcards_pirates_embers1
image,d#hash_758eb03199034f32
image,d#uie_ui_icon_callingcards_zm_zombie_hunter_08_bird_backwing
image,d#hash_758fd27c035a5dbd
image,d#uie_ui_icon_callingcard_zombie_bg
image,d#ui_icon_hero_ice_pick
image,d#uie_ui_icon_callingcards_zm_strategist_construction
image,d#hash_75ad1dcf3bfedd8e
image,d#melee_secretsanta_t8_camo_delta_icon
image,d#hash_75b70f886208c197
image,d#tr_powersemi_t8_camo_dlc3_shark_plaque_icon
image,d#ui_icon_meansofdeath_unknown_xl
image,d#melee_amuletfist_t8_camo_hotel_icon
image,#uie_korea_currency_icon
image,d#lmg_stealth_t8_camo_india_icon
image,d#melee_stopsign_t8_camo_hotel_zm_icon
image,d#ar_fastfire_t8_camo_golf_zm_icon
image,#hash_75d9197aa85e7914
image,#t7_decal_pattern_flowers
image,d#ar_stealth_t8_camo_charlie_wz_icon
image,d#ar_fastfire_t8_camo_dlc3_assassin_icon
image,d#smg_handling_t8_camo_alfa_wz_icon
image,d#hash_75e860848ce5d45c
image,d#hash_75eae1816eb6e975
image,d#ar_peacekeeper_t8_camo_november_zm_icon
image,d#hash_75f6912e77f23a69
image,#t7_loot_decal_icon_ram
image,d#ar_stealth_t8_camo_lima_zm_icon
image,d#hash_75fa2fff89336d01
image,d#uie_t7_hud_zm_vial_aar_256
image,d#melee_secretsanta_t8_camo_charlie_wz_icon
image,d#ui_icon_wildcard_secondarygunfighter02_large
image,d#sniper_fastrechamber_t8_camo_echo_icon
image,d#melee_secretsanta_t8_camo_lima_zm_icon
image,d#loot_ui_icon_callingcards_nomad_robber
image,d#pistol_revolver_t8_camo_hotel_zm_icon
image,d#smg_vmp_t8_camo_echo_wz_icon
image,d#uie_ui_hud_core_capture_bar
image,#uie_t7_menu_frontend_buttonidlefull
image,d#smg_handling_t8_camo_golf_zm_icon
image,d#sniper_damagesemi_t8_camo_juliett_zm_icon
image,d#uie_blue-light-flare-burst-psd93396
image,d#hash_7655e497ece7a0e5
image,d#ui_icon_2xp
image,d#ui_icon_callingcards_mp_operations_humiliation_nope
image,d#melee_actionfigure_t8_camo_bravo_icon
image,d#hash_7675ef2f1de24af8
image,d#uie_ui_menu_callingcards_surrealistlandscape_ball
image,d#ui_icon_mp_league_23_04
image,d#ui_icon_mp_league_23_02
image,d#ui_icon_mp_league_23_03
image,d#ui_icon_mp_league_23_01
image,d#sniper_powerbolt_t8_camo_kilo_zm_icon
image,d#smg_folding_t8_camo_foxtrot_icon
image,d#ar_stealth_t8_camo_dlc3_shark_plaque_icon
image,d#smg_folding_t8_camo_november_wz_icon
image,d#hash_769619aaf76887b9
image,d#hash_76987ddd0f357c19
image,d#uie_ui_icon_callingcards_loot_cowboysandmonsters_clouds
image,d#ui_icon_callingcards_mp_prestige_perks_gung_ho
image,d#knife_loadout_camo_dlc3_blowfish_icon
image,d#shotgun_precision_t8_camo_diamond_icon
image,d#melee_coinbag_t8_camo_charlie_icon
image,d#ar_peacekeeper_t8_camo_diamond_icon
image,#menu_social_friendlist_s2_icon
image,d#tr_midburst_t8_camo_delta_wz_icon
image,d#ar_standard_t8_camo_hotel_wz_icon
image,d#tr_powersemi_t8_camo_echo_icon
image,d#tr_midburst_t8_camo_delta_zm_icon
image,d#ui_icon_meansofdeath_headshot_xl
image,d#tr_powersemi_t8_camo_india_wz_icon
image,d#hash_76e3d89bb48912b1
image,d#loot_ui_icon_callingcards_alienvegas_05
image,d#loot_ui_icon_callingcards_alienvegas_04
image,d#loot_ui_icon_callingcards_alienvegas_07
image,d#loot_ui_icon_callingcards_alienvegas_06
image,d#loot_ui_icon_callingcards_alienvegas_01
image,d#loot_ui_icon_callingcards_alienvegas_03
image,d#loot_ui_icon_callingcards_alienvegas_02
image,d#smg_fastfire_t8_camo_mike_wz_icon
image,d#hash_76f2d028f8b2841c
image,d#smg_capacity_t8_camo_kilo_zm_icon
image,d#shotgun_fullauto_t8_camo_bravo_zm_icon
image,d#uie_ui_icon_callingcards_zm_survivalist_dude_covered
image,d#pistol_fullauto_t8_camo_alfa_wz_icon
image,#uie_t7_cp_hud_enemytarget_glow
image,#hash_7715c545776f8f72
image,d#ui_icon_meansofdeath_falling_xl
image,d#hash_772955c3917d2e2b
image,d#pistol_burst_t8_camo_golf_zm_icon
image,d#smg_handling_t8_camo_november_icon
image,d#hash_7734152eb53b63e3
image,d#hash_773dae067f6dcaee
image,d#ui_icon_mp_league_01_02b
image,#ui_icon_emblems_sharp
image,d#hash_7742b5a147e9e2d7
image,#menu_camo_interpol_pattern
image,d#ar_modular_t8_camo_active_dlc3_mystic_01_icon
image,d#tr_midburst_t8_camo_echo_icon
image,d#melee_demohammer_t8_camo_dlc3_stealth_seal_icon
image,d#melee_cutlass_t8_camo_india_zm_icon
image,d#ar_damage_t8_camo_lima_zm_icon
image,#t7_decal_icon_eyeball_monster
image,d#hash_77729bbca2bfda6e
image,d#ar_fastfire_t8_camo_charlie_wz_icon
image,d#ui_icon_mp_league_gem_elite
image,d#hash_7776aaa5ddfb70ab
image,d#hash_777fcff7f5e8ebbb
image,d#melee_actionfigure_t8_camo_lima_zm_icon
image,d#lmg_standard_t8_camo_kilo_zm_icon
image,#em_ladder01
image,#t7_icon_emblem_decal_digital
image,d#uie_ui_icon_callingcards_bootcamp_master_bathand
image,d#hash_778bb30030aaff5f
image,d#uie_ui_hud_core_capture_chevrons_02
image,d#uie_ui_hud_core_capture_chevrons_03
image,d#tr_midburst_t8_camo_juliett_zm_icon
image,d#loot_ui_icon_stickers_synth_4_large
image,d#ui_icon_callingcards_mp_humiliation_archemesis
image,d#melee_coinbag_t8_camo_mike_wz_icon
image,d#hash_7794f6fe9510297a
image,d#melee_coinbag_t8_camo_november_wz_icon
image,d#ui_icon_callingcards_wz_vehicular_hijacker
image,d#ar_fastfire_t8_camo_gold_icon
image,d#melee_zombiearm_t8_camo_november_icon
image,d#uie_ui_menu_callingcards_crimewave_brokenwood2
image,d#uie_ui_menu_callingcards_crimewave_brokenwood1
image,d#melee_secretsanta_t8_camo_mike_wz_icon
image,d#ar_stealth_t8_camo_dlc2_blue_up_icon
image,d#ui_icon_mp_league_24_03
image,d#ui_icon_mp_league_24_02
image,d#ui_icon_mp_league_24_01
image,d#ui_icon_mp_league_24_04
image,d#hash_77b7303027d05e92
image,#uie_ps4_controller_top
image,d#lmg_heavy_t8_camo_foxtrot_icon
image,#uie_t7_loot_callingcard_cutie_animals_master_chicks
image,d#hash_77beca05cb916a3a
image,d#hash_77c4884a9b59f3ea
image,d#tr_longburst_t8_camo_bravo_zm_icon
image,d#hash_77cbc59e9c26dc72
image,d#hash_77cc678b88eabedd
image,d#shotgun_precision_t8_camo_hotel_icon
image,d#smg_standard_t8_camo_november_zm_icon
image,d#uie_ui_menu_callingcards_steampunk_gunright
image,d#uie_stage_crop_prop
image,#t7_icon_emblem_decal_stripes
image,d#pistol_burst_t8_camo_india_icon
image,#menu_camo_etching_pattern
image,d#melee_zombiearm_t8_camo_kilo_zm_icon
image,d#ui_icon_callingcards_mp_prestige_tacticalkits_steadyshooting
image,d#ui_icon_mp_league_06_02b_large
image,d#ui_icon_callingcards_mp_career_gamevictories_master
image,d#ui_menu_popups_toastnotification_icon_mail
image,d#ui_icon_callingcards_mp_operations_killjoys_weakpoint
image,d#tr_flechette_t8_camo_kilo_zm_icon
image,#uie_t7_icon_network_wired1
image,#hash_7839f8dc21bab5d8
image,d#melee_amuletfist_t8_camo_kilo_wz_icon
image,d#hash_784806dab96617f8
image,d#ui_icon_mp_league_04_01
image,d#ui_icon_mp_league_04_03
image,d#ui_icon_mp_league_04_02
image,d#ui_icon_stickers_gauntlet_unsinkable
image,d#melee_actionfigure_t8_camo_hotel_wz_icon
image,d#uie_vortex
image,#em_grim_reaper01
image,d#ar_modular_t8_camo_alfa_wz_icon
image,d#hash_7858a63603f86176
image,d#hash_7860b0bd028fff27
image,d#ui_icon_callingcards_mp_prestige_perks_cold_blooded
image,d#hash_7876c2a29f75cfd4
image,d#launcher_standard_t8_camo_golf_icon
image,#t7_loot_decal_icon_octopus
image,d#hash_78887d46addddba4
image,d#uie_ui_icon_callingcards_mp_100percent_background
image,d#melee_club_t8_camo_gold_icon
image,d#smg_minigun_t8_camo_delta_wz_icon
image,d#hash_78a27511dad5fb48
image,#em_shape_circle_half
image,d#melee_club_t8_camo_mike_zm_icon
image,d#hash_78b021baefa78d79
image,d#ar_an94_t8_camo_golf_zm_icon
image,d#smg_fastburst_t8_camo_delta_icon
image,d#hash_78be52321ccb4ba8
image,#hash_78c0672200a742ad
image,d#uie_ui_icon_callingcards_assassin_victim
image,d#loot_ui_icon_callingcards_muertos_prophet
image,d#ui_icon_callingcards_solo_savannah_and_woods
image,d#ui_icon_callingcards_zm_prestige_rosecross
image,d#smg_fastfire_t8_camo_kilo_zm_icon
image,d#tr_midburst_t8_camo_dlc2_street_race_icon
image,d#ui_icon_callingcards_mp_operations_humiliation_master
image,d#pistol_fullauto_t8_camo_kilo_icon
image,d#lmg_spray_t8_camo_dlc3_stealth_seal_icon
image,d#pistol_fullauto_t8_camo_none_icon
image,d#pistol_fullauto_t8_camo_charlie_zm_icon
image,d#ui_icon_callingcards_wz_heroics_tbd
image,d#sniper_powersemi_t8_camo_foxtrot_zm_icon
image,#t7_icon_save_overlays
image,d#ui_icon_callingcards_zm_default_towers_loadscreen
image,d#ar_fastfire_t8_camo_foxtrot_icon
image,d#smg_accurate_t8_camo_dlc3_board_shorts_icon
image,d#uie_ui_icon_callingcards_prestige_master_racoon_chest
image,d#sniper_damagesemi_t8_camo_foxtrot_icon
image,d#ui_icon_attachment_extendedmags
image,#em_tdm_crush_victory
image,d#uie_ui_menu_callingcards_invasion_lamb2
image,d#uie_ui_menu_callingcards_invasion_lamb3
image,d#uie_ui_menu_callingcards_invasion_lamb1
image,#uie_t7_hud_waypoints_bg_arrow
image,d#hash_79204a6e17a57aaf
image,d#melee_club_t8_camo_lima_zm_icon
image,d#ar_an94_t8_camo_foxtrot_wz_icon
image,d#hash_7926640e51641f09
image,d#ui_icon_callingcards_solo_savannah_with_jessica
image,#em_material_steel
image,d#ar_fastfire_t8_camo_india_icon
image,d#ui_icon_callingcards_mp_ground_assault_defender
image,d#hash_7944a4756d72a294
image,d#melee_stopsign_t8_camo_mike_wz_icon
image,d#uie_code_wheel
image,d#knife_loadout_camo_india_icon
image,d#ui_icon_callingcards_mp_prestige_gear_filthy_rich
image,d#hash_795fcf11eb2a99c2
image,d#uie_ui_icon_callingcards_backout_100percent_armyguy_arm
image,d#ar_galil_t8_camo_foxtrot_wz_icon
image,d#uie_bear_features
image,d#ui_icon_mp_league_27_02b_large
image,d#loot_ui_icon_stickers_monsterjunkfood_5_large
image,d#smg_capacity_t8_camo_hotel_wz_icon
image,d#ui_icon_callingcards_zm_default_escape_cinematic
image,d#ar_stealth_t8_camo_dlc3_stealth_seal_icon
image,d#ui_icon_mp_league_gem_master
image,d#lmg_heavy_t8_camo_delta_zm_icon
image,d#shotgun_semiauto_t8_camo_kilo_zm_icon
image,d#uie_callingcards_game_victories_sub_right
image,d#hash_798c142e53c24b87
image,d#melee_amuletfist_t8_camo_kilo_zm_icon
image,d#ar_fastfire_t8_camo_november_wz_icon
image,d#hash_7998a96b8f083dc7
image,d#ar_stealth_t8_camo_echo_zm_icon
image,d#ui_icon_callingcards_mp_prestige_tacticalkits_upgrades
image,d#lmg_standard_t8_camo_india_wz_icon
image,#uie_t7_icon_mask_overlays_bkg
image,d#hash_79cc18b04f3ffd49
image,#hash_79da6ae01bd6c129
image,d#hash_79dd884fe215d6f5
image,d#hash_79dde163c4fef665
image,d#shotgun_precision_t8_camo_foxtrot_wz_icon
image,d#hash_79e2a40a4194db5b
image,d#ar_peacekeeper_t8_camo_bravo_wz_icon
image,d#ui_icon_stickers_mp_league_25_01
image,d#ui_icon_stickers_mp_league_25_00
image,d#ui_icon_stickers_mp_league_25_03
image,d#ui_icon_stickers_mp_league_25_04
image,#hash_79e929800df03bf4
image,d#hash_7a04394b2028f761
image,d#uie_ui_icon_callingcards_operations_precision_master_witch_animated
image,#hash_7a19bfa73ac0f480
image,d#ar_modular_t8_camo_charlie_wz_icon
image,d#loot_ui_icon_stickers_skate_3_large
image,d#ar_an94_t8_camo_alfa_zm_icon
image,d#hash_7a2dd7aebfbbb882
image,d#smg_fastburst_t8_camo_charlie_icon
image,d#ui_icon_callingcards_mp_specialized_spec_weapon_kills
image,#em_streak_threat_neutral
image,d#launcher_standard_t8_camo_dlc2_street_race_icon
image,d#hash_7a4410ddf242d868
image,d#hash_7a4411ddf242da1b
image,d#hash_7a4412ddf242dbce
image,d#hash_7a4416ddf242e29a
image,d#hash_7a4417ddf242e44d
image,d#melee_cutlass_t8_camo_juliett_icon
image,d#ar_peacekeeper_t8_camo_mike_icon
image,d#tr_damageburst_t8_camo_echo_icon
image,d#smg_minigun_t8_camo_charlie_wz_icon
image,d#ar_fastfire_t8_camo_kilo_icon
image,d#ui_icon_callingcards_mp_prestige_efficiency_fmj
image,d#melee_zombiearm_t8_camo_mike_icon
image,d#uie_ui_icon_callingcards_zm_miscellaneous_01_background
image,d#hash_7a6c0ff49eeef07d
image,#hash_7a6daa5d6a960626
image,d#uie_ui_icon_callingcard_zombie_hunter_laser
image,d#pistol_revolver_t8_camo_juliett_zm_icon
image,d#hash_7a723945ed617fed
image,d#special_crossbow_t8_camo_juliett_wz_icon
image,d#shotgun_fullauto_t8_camo_golf_icon
image,d#ui_icon_callingcards_mp_prestige_prestige_roman
image,d#ui_icon_callingcards_mp_operations_humiliation_blunttrauma
image,d#hash_7a86eebf901f2a30
image,d#smg_standard_t8_camo_bravo_zm_icon
image,d#hash_7a92e45bb20ae884
image,d#hash_7a9493e6eed62b6c
image,d#uie_ui_hud_core_capture_chevrons
image,d#smg_fastfire_t8_camo_bravo_icon
image,d#ui_icon_attachment_fastmags2
image,d#uie_ui_icon_callingcards_zm_darkops_candles
image,#hash_7aa45b11b8fe4c5f
image,d#pistol_revolver_t8_camo_india_wz_icon
image,d#hash_7aa7879d2b27fd37
image,d#shotgun_semiauto_t8_camo_dlc3_stealth_seal_icon
image,d#hash_7aaf2b9ab691713b
image,d#melee_club_t8_camo_alfa_icon
image,d#sniper_mini14_t8_camo_hotel_zm_icon
image,d#melee_coinbag_t8_camo_kilo_zm_icon
image,#em_skull04_full
image,d#tr_damageburst_t8_camo_charlie_wz_icon
image,d#melee_slaybell_t8_camo_lima_zm_icon
image,d#uie_ui_menu_callingcards_crimewave_policecar2
image,d#uie_ui_menu_callingcards_crimewave_policecar1
image,d#hash_7adbf2abd5ccb0fc
image,d#smg_capacity_t8_camo_hotel_zm_icon
image,d#ar_an94_t8_camo_november_icon
image,d#smg_folding_t8_camo_india_icon
image,d#sniper_fastrechamber_t8_camo_juliett_icon
image,d#lmg_heavy_t8_camo_delta_icon
image,d#uie_ui_icon_callingcards_zm_strategist_zombie
image,d#hash_7aea57ba30cd6491
image,d#smg_standard_t8_camo_juliett_icon
image,d#loot_ui_icon_callingcards_retrowave_master
image,d#hash_7afdaf4efa398142
image,d#hash_7b03e611756e1016
image,d#hash_7b0402f7a2a9e3ab
image,d#ui_icon_weapon_shotgun_pump_render_xl
image,d#hash_7b06317da9e0720d
image,d#lmg_spray_t8_camo_active_dlc3_mystic_01_icon
image,#em_streak_big_game
image,#em_material_t7_camo_loot_artofwar_goldink
image,d#ui_icon_callingcards_mp_prestige_tacticalkits_disorientation
image,d#ui_icon_mp_league_21_02b
image,d#hash_7b2533b26d187ea5
image,d#smg_fastfire_t8_camo_juliett_wz_icon
image,d#hash_7b28ab70b8517084
image,d#tr_longburst_t8_camo_active_dlc2_zombie_flick_wrapper_icon
image,#t7_decal_icon_bomb
image,d#knife_loadout_camo_dlc3_stealth_seal_icon
image,#t7_loot_decal_burger
image,d#ar_accurate_t8_camo_echo_icon
image,d#knife_loadout_camo_charlie_icon
image,d#hash_7b4685bd3ed17d2f
image,#uie_t7_codcaster_faction1
image,#uie_t7_codcaster_faction2
image,d#special_ballisticknife_t8_dw_camo_november_wz_icon
image,d#tr_flechette_t8_camo_hotel_zm_icon
image,d#special_ballisticknife_t8_dw_camo_india_icon
image,d#hash_7b54f7897af08053
image,d#hash_7b5d8b06c4173e69
image,d#hash_7b5fb26389c2c915
image,d#hash_7b6095fd1cc47f34
image,#em_material_t7_camo_jungletek
image,d#uie_ui_menu_common_gradient
image,d#hash_7b67a7c01af7e20b
image,d#shotgun_precision_t8_camo_echo_zm_icon
image,d#hash_7b6abf0a2fda66db
image,d#hash_7b6df5941900072c
image,d#smg_fastburst_t8_camo_echo_wz_icon
image,#hash_7b7ab69af7f50206
image,d#hash_7b7b63906d4c0edc
image,d#ui_icon_callingcards_mp_weapon_proficiency_sniper_kills
image,#menu_mp_weapon_lvl_star
image,#em_material_bronze
image,d#uie_ui_icon_callingcards_wz_vehicular_master_grass
image,d#uie_dude_shoots
image,d#uie_callingcards_game_victories_background
image,d#menu_camo_active_bubble_wrap_pattern
image,d#hash_7bacf964834bf8c8
image,d#ui_icon_callingcards_mp_weapon_proficiency_lmg_kills
image,d#sniper_powerbolt_t8_camo_echo_zm_icon
image,d#ui_icon_callingcards_mp_career_gamevictories_baseassaultwins
image,d#hash_7bb2e06c7e25e98f
image,d#hash_7bb3da148644c778
image,d#pistol_burst_t8_camo_alfa_zm_icon
image,d#launcher_standard_t8_camo_juliett_wz_icon
image,d#hash_7bb903d74d7bd079
image,d#hash_7bbea8e879c76d6f
image,d#hash_7bc34da0406ceb6e
image,d#ar_peacekeeper_t8_camo_india_zm_icon
image,d#hash_7bd0fc328c026433
image,d#melee_amuletfist_t8_camo_foxtrot_wz_icon
image,d#ar_accurate_t8_camo_active_dlc1_ww2_wrapper_icon
image,d#melee_club_t8_camo_echo_zm_icon
image,d#smg_fastfire_t8_camo_foxtrot_icon
image,#em_ffa_invincible
image,#hash_7bedd77d3bb6b548
image,d#hash_7bedf30da5d0ef1c
image,d#loot_ui_icon_callingcards_muertos_ajax
image,d#pistol_revolver_t8_camo_india_zm_icon
image,d#sniper_damagesemi_t8_camo_golf_icon
image,d#hash_7bf8357f6235ef2a
image,d#smg_accurate_t8_camo_kilo_icon
image,d#hash_7c01798c4f5b1384
image,d#ar_fastfire_t8_camo_lima_zm_icon
image,d#ui_icon_weapon_ar_galil_render_xl
image,d#hash_7c10fd192409792f
image,d#hash_7c159fc7fab5058a
image,d#uie_ui_menu_callingcards_circusclown_body
image,d#hash_7c18fcbdfb3a4d5b
image,d#hash_7c1a53d4c9e0cac3
image,d#hash_7c1aeddf12a07116
image,d#sniper_damagesemi_t8_camo_hotel_zm_icon
image,#t7_network_icon_wired3
image,#t7_network_icon_wired2
image,#t7_network_icon_wired4
image,d#hash_7c2616345fa7625b
image,d#ui_icon_callingcards_mp_prestige_efficiency_rapid_fire
image,d#ui_icon_mp_league_23_04_large
image,d#ar_standard_t8_camo_hotel_icon
image,d#lmg_standard_t8_camo_bravo_wz_icon
image,d#loot07_ui_icon_blackmarket_itemshop_bundle_zombiearm
image,d#uie_ui_icon_callingcards_zm_miscellaneous_01_star_anim1
image,d#sniper_locus_t8_camo_charlie_wz_icon
image,d#melee_cutlass_t8_camo_mike_zm_icon
image,d#melee_demohammer_t8_camo_foxtrot_wz_icon
image,#uie_ui_codpoints_symbol_32x32
image,d#ui_icon_meansofdeath_assassinate_xl
image,d#uie_grunt_gun
image,d#smg_fastburst_t8_camo_gold_icon
image,d#ui_icon_mp_league_master_silver_large
image,#hash_7c96f6285b1d996c
image,d#ui_icon_callingcards_mp_prestige_equipment_trophysystem
image,d#hash_7c995977ee51c6e2
image,d#pistol_fullauto_t8_camo_bravo_icon
image,d#lmg_heavy_t8_camo_foxtrot_zm_icon
image,d#lmg_standard_t8_camo_charlie_zm_icon
image,d#hash_7ca39bef1c7a2dcc
image,d#ui_icon_blackmarket_lockskull_256
image,d#melee_secretsanta_t8_camo_hotel_wz_icon
image,d#hash_7cb73ccb446d8da2
image,d#hash_7cbb95555999289b
image,d#ar_modular_t8_camo_golf_wz_icon
image,d#ui_icon_mp_league_29_02b_large
image,d#uie_st_patricks_frame_02_crack
image,d#uie_ui_icon_callingcard_zombie_burger
image,d#special_crossbow_t8_camo_november_wz_icon
image,#em_koth_point_man
image,d#uie_light_fx_02
image,d#uie_light_fx_01
image,d#hash_7cdaa5c1077d0a40
image,d#smg_handling_t8_camo_india_zm_icon
image,d#ui_icon_callingcards_wz_heroics_best_served_cold
image,d#melee_demohammer_t8_camo_november_wz_icon
image,d#ui_icon_scorestreaks_uav
image,d#ar_galil_t8_camo_mike_icon
image,d#hash_7ceb7692a5c9f72a
image,d#shotgun_fullauto_t8_camo_juliett_icon
image,d#sniper_fastrechamber_t8_camo_echo_wz_icon
image,d#uie_ui_icon_callingcards_wz_insigniaechelons_master_snake_eyeglow
image,d#smg_capacity_t8_camo_india_icon
image,d#tr_longburst_t8_camo_alfa_wz_icon
image,d#smg_handling_t8_camo_diamond_icon
image,d#ui_icon_weapon_smg_fastburst_xl
image,d#hash_7cfafa21782545e9
image,d#ui_icon_callingcards_mp_humiliation_nope
image,d#ar_damage_t8_camo_alfa_wz_icon
image,d#smg_fastburst_t8_camo_echo_icon
image,#em_triangle01_full
image,d#smg_capacity_t8_camo_charlie_wz_icon
image,d#hash_7d2286047bc77a13
image,#em_shape_circle_quarter
image,d#sniper_fastrechamber_t8_camo_foxtrot_zm_icon
image,d#ui_icon_callingcards_mp_gamevictories_controlwins
image,d#loot_ui_icon_stickers_partyrock_02
image,d#loot_ui_icon_stickers_partyrock_01
image,d#hash_7d3e8cd8bcec1409
image,d#ar_stealth_t8_camo_dlc3_assassin_icon
image,#t7_decal_icon_newdragon
image,d#smg_standard_t8_camo_bravo_icon
image,d#lmg_stealth_t8_camo_foxtrot_wz_icon
image,d#smg_vmp_t8_camo_alfa_wz_icon
image,d#tr_flechette_t8_camo_november_wz_icon
image,d#melee_stopsign_t8_camo_diamond_icon
image,d#tr_longburst_t8_camo_echo_zm_icon
image,d#uie_ui_icon_callingcards_zm_elixirs_talismans_background
image,d#ar_stealth_t8_camo_alfa_icon
image,d#hash_7d6518cdb2c0dbae
image,d#melee_stopsign_t8_camo_india_wz_icon
image,d#uie_transport_main
image,d#uie_ui_menu_callingcards_steampunk_body
image,d#hash_7d77c2620e84744a
image,d#ar_an94_t8_camo_november_wz_icon
image,d#smg_folding_t8_camo_alfa_zm_icon
image,d#sniper_fastrechamber_t8_camo_golf_wz_icon
image,d#tr_midburst_t8_camo_kilo_icon
image,d#ui_icon_mp_league_04_03_large
image,d#shotgun_fullauto_t8_camo_charlie_zm_icon
image,d#hash_7d97b1d1ae2be9b1
image,d#hash_7d97c14ef8f846c1
image,d#uie_driver_bg
image,d#hash_7da0cec6396e2e88
image,d#ar_stealth_t8_camo_hotel_wz_icon
image,d#pistol_standard_t8_camo_golf_zm_icon
image,d#sniper_mini14_t8_camo_lima_zm_icon
image,d#uie_e_background
image,d#ar_modular_t8_camo_lima_zm_icon
image,d#ar_accurate_t8_camo_juliett_icon
image,#uie_img_t7_menu_startmenu_option_audio
image,d#hash_7dcbe887b086a7cb
image,d#hash_7dcd5110e7f4d339
image,d#ui_icon_callingcards_wz_vehicular_master
image,#hash_7dd29dd04fda8ebb
image,d#uie_firespots
image,d#hash_7ddb4fd064b2567a
image,d#smg_accurate_t8_camo_sig02_icon
image,d#hash_7df3489a31d5482d
image,d#ar_accurate_t8_camo_active_dlc1_vice_wrapper_icon
image,d#lmg_heavy_t8_camo_bravo_zm_icon
image,d#uie_ui_icon_callingcards_dystopian_body
image,#uie_img_t7_menu_startmenu_option_lines_vita
image,d#ui_icon_callingcards_mp_dark_ops_chain_killer
image,d#sniper_damagesemi_t8_camo_kilo_wz_icon
image,d#ui_icon_callingcard_intel
image,d#melee_club_t8_camo_delta_icon
image,d#knife_loadout_camo_kilo_icon
image,d#hash_7e1d9e6dc78e7d71
image,d#uie_ui_menu_callingcards_crimewave_bg
image,d#loot_ui_icon_stickers_random_34_large
image,d#hash_7e2a7ba67f424c1c
image,d#hash_7e2b7357cd4f2320
image,d#hash_7e2d4e2b53becd35
image,d#ui_icon_callingcards_mp_prestige_efficiency_suppressor
image,d#hash_7e37dad83947d0ca
image,d#ui_icon_weapon_smg_standard_render_xl
image,d#lmg_stealth_t8_camo_echo_icon
image,d#loot_ui_icon_callingcards_retrowave_6
image,d#loot_ui_icon_callingcards_retrowave_5
image,d#loot_ui_icon_callingcards_retrowave_4
image,d#loot_ui_icon_callingcards_retrowave_3
image,d#loot_ui_icon_callingcards_retrowave_2
image,d#loot_ui_icon_callingcards_retrowave_1
image,d#uie_jaw_01
image,d#uie_jaw_02
image,#hash_7e50c47957ee2ec5
image,d#hash_7e57ba5ab495a5f8
image,d#hash_7e58948442c6c91c
image,d#shotgun_precision_t8_camo_india_zm_icon
image,d#hash_7e5c8e5178cd5a1c
image,d#smg_vmp_t8_camo_hotel_icon
image,#ui_icon_emblems_plus
image,d#sniper_powersemi_t8_camo_kilo_icon
image,d#hash_7e6c64d7e83244c1
image,d#sniper_fastrechamber_t8_camo_hotel_zm_icon
image,d#melee_coinbag_t8_camo_dlc3_stealth_seal_icon
image,#t7_loot_decal_icon_queen
image,d#tr_powersemi_t8_camo_dlc2_blue_up_icon
image,d#ui_icon_mp_league_26_03_large
image,d#hash_7e8837f7f4099bea
image,#menu_camo_flecktarn_stealth_pattern
image,d#uie_callingcards_mp_loot_master_lightening_glow
image,d#lmg_standard_t8_camo_echo_icon
image,#hash_7e94503b4ee36cbf
image,d#melee_secretsanta_t8_camo_golf_wz_icon
image,d#uie_dust_bloom
image,d#ar_galil_t8_camo_kilo_wz_icon
image,d#loot_ui_icon_stickers_robot_05_large
image,d#ui_icon_mp_league_13_02b
image,d#uie_ui_icon_callingcard_zombie_cheese
image,d#sniper_locus_t8_camo_kilo_icon
image,d#hash_7eb2265df0016c6a
image,d#uie_smallcars01
image,d#smg_fastburst_t8_camo_india_icon
image,d#ui_icon_meansofdeath_suicide
image,d#smg_handling_t8_camo_kilo_icon
image,d#loot_ui_icon_sticker_firebreak_muertos_02_large
image,d#pistol_revolver_t8_camo_echo_zm_icon
image,d#knife_loadout_camo_mike_icon
image,d#hash_7ede7ae05cf1fba0
image,d#uie_ui_menu_cac_plus
image,#t7_decal_icon_flower
image,d#sniper_powerbolt_t8_camo_gold_icon
image,d#ui_icon_callingcards_mp_mode_killer_ruthless_killer
image,d#loot_ui_icon_callingcards_wetworks_01
image,d#loot_ui_icon_callingcards_wetworks_02
image,d#loot_ui_icon_callingcards_wetworks_03
image,d#loot_ui_icon_callingcards_wetworks_04
image,d#loot_ui_icon_callingcards_wetworks_05
image,d#loot_ui_icon_callingcards_wetworks_06
image,d#loot_ui_icon_callingcards_wetworks_07
image,d#acog_4
image,d#acog_5
image,d#acog_6
image,d#acog_7
image,d#acog_0
image,d#acog_1
image,d#acog_2
image,d#acog_3
image,d#acog_8
image,d#acog_9
image,d#melee_stopsign_t8_camo_alfa_zm_icon
image,d#pistol_burst_t8_camo_dlc3_stealth_seal_icon
image,d#hash_7f09a717d07e3e91
image,d#shotgun_fullauto_t8_camo_november_icon
image,d#tr_powersemi_t8_camo_mike_wz_icon
image,#em_star04_full
image,d#hash_7f1d1af7d2f279f2
image,#hash_7f1dfd178ffa72cf
image,d#shotgun_fullauto_t8_camo_alfa_icon
image,d#smg_fastburst_t8_camo_india_wz_icon
image,d#tr_longburst_t8_camo_india_wz_icon
image,d#ui_icon_mp_league_15_04_large
image,d#ar_standard_t8_camo_lima_wz_icon
image,d#melee_cutlass_t8_camo_november_wz_icon
image,d#hash_7f3e81c52ae39d91
image,#uie_img_t7_menu_startmenu_option_lines_durango_mp
image,d#ui_icon_callingcards_mp_specialized_spec_equipment_veteran
image,d#knife_loadout_camo_delta_wz_icon
image,d#hash_7f4b401225aad84a
image,d#melee_slaybell_t8_camo_hotel_zm_icon
image,d#ui_icon_callingcards_mp_marksman_secondary_expert
image,d#uie_ui_icon_callingcards_wz_insigniaechelons_master_snake_tongue
image,d#ui_icon_mp_league_10_02b_large
image,d#ui_icon_callingcards_zm_default_towers_k1
image,#uie_img_t7_menu_startmenu_option_lines_durango_zm
image,d#hash_7f62020c347ebc7a
image,d#hash_7f63c3430aa3888f
image,d#tr_longburst_t8_camo_bravo_icon
image,d#hash_7f69c39e4f505535
image,d#hash_7f6b8b47541339d2
image,d#tr_longburst_t8_camo_mike_zm_icon
image,#t7_loot_decal_icon_teeth
image,d#uie_ui_icon_callingcards_assassin_bentarm
image,d#loot_ui_icon_stickers_dystopian1_03
image,d#loot_ui_icon_stickers_dystopian1_02
image,d#loot_ui_icon_stickers_dystopian1_01
image,d#loot_ui_icon_stickers_dystopian1_06
image,d#loot_ui_icon_stickers_dystopian1_05
image,d#loot_ui_icon_stickers_dystopian1_04
image,d#ar_accurate_t8_camo_active_objective_kills_wrapper_icon
image,d#uie_ui_icon_callingcards_fairytale_embers
image,#uie_img_t7_menu_startmenu_option_lines_durango_wz
image,d#lmg_spray_t8_camo_lima_zm_icon
image,d#uie_plane_explosion
image,d#ar_standard_t8_camo_mike_zm_icon
image,d#smg_accurate_t8_camo_bravo_zm_icon
image,d#sniper_mini14_t8_camo_lima_wz_icon
image,d#hash_7fa34234a29ac57b
image,d#ui_icon_attachment_arfastfire_opmod_barrel
image,d#hash_7faa59a74726c39e
image,d#ui_icon_attachment_stock
image,d#ar_standard_t8_camo_november_zm_icon
image,#t7_loot_decal_zombie_brains
image,#hash_7fb753a174c7c2a7
image,d#reflex_0
image,d#reflex_1
image,d#reflex_2
image,d#reflex_3
image,d#reflex_4
image,d#reflex_5
image,d#reflex_6
image,d#reflex_7
image,d#reflex_8
image,d#reflex_9
image,d#uie_innerglow
image,d#pistol_revolver_t8_camo_november_zm_icon
image,d#ui_icon_callingcards_mp_operations_killjoys_threateliminated
image,d#uie_ui_menu_callingcards_steampunk_shoulderleft
image,#hash_7fdc2102c29a6279
image,#hash_7fe2cc9153102c51
image,d#ui_icon_attachment_sniperkoshka_opmod_loader
image,d#melee_actionfigure_t8_camo_india_zm_icon
image,d#hash_7fe8fc15bc784702
image,d#ui_icon_mp_league_29_02b
image,d#sniper_fastrechamber_t8_camo_kilo_icon
image,d#uie_dino_background
image,#hash_7ff90f0bea8ed361
image,d#lmg_standard_t8_camo_dlc3_shark_plaque_icon
image,d#hash_7ffcc705f2ed1c70
streamkey,#core_ui_all_stream
streamkey,#hash_379c970609b13c83
streamkey,#hash_413cac2c04881bc8
streamkey,#hash_14cb2cae4fc776e5
sound,#core_ui.all
rawfile,#ui/options_graphics_set.cfg
rawfile,#ui/options_graphics.cfg
stringtable,#gamedata/emblems/backgrounds.csv
stringtable,#hash_c309ffe7c2703fd
stringtable,#gamedata/emblems/emblemswatchcolors.csv
stringtable,#gamedata/emblems/paintshopiconpositions.csv
stringtable,#gamedata/loot/loot_index.csv
stringtable,#gamedata/loot/loot_index_2.csv
stringtable,#gamedata/emblems/emblemmaterials.csv
stringtable,#gamedata/emblems/emblemicons.csv
stringtable,#gamedata/emblems/emblemcategoriesorlayers.csv
keyvaluepairs,#core_ui
scriptbundle,#warzone_hide_compass
scriptbundle,#loot_emote_shared_was_i_shot_shop
scriptbundle,#attachment_stalker_pistol_fullauto_restriction
scriptbundle,#scope_holo_tr_longburst_restriction
scriptbundle,#attachment_extbarrel2_pistol_revolver_restriction
scriptbundle,#warzone_reload_on_press
scriptbundle,#quote_we_dont_rise_to_the_level_of_our_expectations
scriptbundle,#quote_war_is_so_terrible
scriptbundle,#attachment_quickdraw_tr_midburst_restriction
scriptbundle,#codcaster_ds_minimap
scriptbundle,#charm_ice_cream_shop
scriptbundle,#zm_equipment
scriptbundle,#attachment_killcounter_sniper_powerbolt_restriction
scriptbundle,#zm_minibossfrequency
scriptbundle,#quote_see_war_banished
scriptbundle,#warzone_incognito_self
scriptbundle,#quote_our_greatest_weakness_lies_in_giving_up
scriptbundle,#gun_selection_sas
scriptbundle,#scope_fastlockon_launcher_standard_restriction
scriptbundle,#gsoc_zm_shield
scriptbundle,#privacysettingslist
scriptbundle,#warzone_cycle_items
scriptbundle,#loot_emote_exotic_shared_juggling_shop
scriptbundle,#zm_elixirconflagrationliquidation
scriptbundle,#attachment_clantag_pistol_standard_restriction
scriptbundle,#quote_war_is_a_crime
scriptbundle,#scope_dualoptic_tr_longburst_restriction
scriptbundle,#button_layout_bumper_jumper
scriptbundle,#flag_respawn_time
scriptbundle,#scope_reflex_ar_accurate_restriction
scriptbundle,#zm_elixirfreefire
scriptbundle,#attachment_stalker_ar_modular_restriction
scriptbundle,#zm_perkszombshell
scriptbundle,#score_limit_ctf
scriptbundle,#loot_emote_shared_popnlock_05_shop
scriptbundle,#max_allocation
scriptbundle,#attachment_grip_ar_damage_restriction
scriptbundle,#gesture_fishmictoast_bundle_shop
scriptbundle,#codcaster_ds_scorestreaks_notification
scriptbundle,#pc_expander_aimdownsight
scriptbundle,#attachment_fmj_smg_capacity_restriction
scriptbundle,#zm_elixirlicensedcontractor
scriptbundle,#codcaster_ls_secondary_wpn
scriptbundle,#zm_elixirimmolationliquidation
scriptbundle,#button_layout_charlie
scriptbundle,#scope_elo_sniper_quickscope_restriction
scriptbundle,#attachment_extbarrel_shotgun_semiauto_restriction
scriptbundle,#loot_emote_shared_van_dance_shop
scriptbundle,#attachment_suppressed_smg_accurate_restriction
scriptbundle,#zm_elixirslegendary
scriptbundle,#outfit_global_warpaint_bundle_hearts_shop
scriptbundle,#outfit_warrior_epic1_wetworks_recon_sunset_bundle_shop
scriptbundle,#outfit_global_warpaint_bundle_facepalm_shop
scriptbundle,#scope_ir_tr_midburst_restriction
scriptbundle,#scope_acog_ar_modular_restriction
scriptbundle,#extra_time
scriptbundle,#pc_category_shortcuts
scriptbundle,#zm_roundcap
scriptbundle,#attachment_fmj_smg_fastfire_restriction
scriptbundle,#scope_reflex_smg_fastburst_restriction
scriptbundle,#attachment_quickdraw_lmg_standard_restriction
scriptbundle,#round_start_explosive_delay
scriptbundle,#zm_talismanperkmodsingle
scriptbundle,#attachment_killcounter_tr_midburst_restriction
scriptbundle,#attachment_extrapellets_shotgun_semiauto_restriction
scriptbundle,#zm_talismanextraminiturret
scriptbundle,#attachment_clantag_ar_fastfire_restriction
scriptbundle,#loot_emote_exotic_shared_lunchtime_shop
scriptbundle,#loot_tags_graffitiskulls_01_shop
scriptbundle,#player_force_respawn
scriptbundle,#loot_emote_exotic_shared_megaphone_shop
scriptbundle,#quote_only_one_tactical_principle
scriptbundle,#codcaster_fe_team_identity
scriptbundle,#outfit_vampire_legendary1_torque_shop
scriptbundle,#attachment_damage_tr_powersemi_restriction
scriptbundle,#quote_difference_just_an_eyelash
scriptbundle,#outfit_zombie_epic1_ruin_shop
scriptbundle,#outfit_dotd_com1_bundle_ajax_shop
scriptbundle,#gsoc_zm_talismans
scriptbundle,#zm_minibossstate
scriptbundle,#loot_emote_exotic_shared_selfie_shop
scriptbundle,#codcaster_qs_specialists_voices
scriptbundle,#loot_character_richtofen_ofc
scriptbundle,#stick_layout
scriptbundle,#scope_reflex_lmg_standard_restriction
scriptbundle,#multi_bomb
scriptbundle,#scope_holo_smg_handling_restriction
scriptbundle,#codcaster_ds_notification_kills
scriptbundle,#codcaster_qs_player_list
scriptbundle,#attachment_clantag_lmg_spray_restriction
scriptbundle,#quote_he_who_fears_being_conquered
scriptbundle,#zm_elixirsdurables
scriptbundle,#loot_weapon_deathfx_lava_shop
scriptbundle,#attachment_speedreloader_pistol_revolver_restriction
scriptbundle,#quote_die_like_a_dog
scriptbundle,#wave_respawn_delay
scriptbundle,#attachment_damage_tr_longburst_restriction
scriptbundle,#attachment_quickdraw_pistol_standard_restriction
scriptbundle,#quote_those_who_dare_to_fail_miserably
scriptbundle,#codcaster_ls_perks
scriptbundle,#shutdown_damage
scriptbundle,#scope_elo_smg_standard_restriction
scriptbundle,#attachment_clantag_ar_accurate_restriction
scriptbundle,#attachment_fastreload_ar_stealth_restriction
scriptbundle,#loot_ui_icon_stickers_safari_animals_1_large
scriptbundle,#loot_emote_exotic_shared_scissors_shop
scriptbundle,#scope_reflex_smg_fastfire_restriction
scriptbundle,#zm_showtimer
scriptbundle,#attachment_stalker_shotgun_pump_restriction
scriptbundle,#extra_time_control
scriptbundle,#friendly_fire_type
scriptbundle,#scope_reflex_tr_powersemi_restriction
scriptbundle,#outfit_assassin_legendary1_outrider_shop
scriptbundle,#capture_time_koth
scriptbundle,#zm_perksmulekick
scriptbundle,#zm_talismanscommon
scriptbundle,#loot_emote_exotic_shared_spike_football
scriptbundle,#zm_elixirdividendyield
scriptbundle,#attachment_suppressed_lmg_spray_restriction
scriptbundle,#codcaster_ds_toolbar
scriptbundle,#loot_contract_nomad_hunter
scriptbundle,#zm_elixirnowyouseeme
scriptbundle,#zm_powerupsislimited
scriptbundle,#zm_elixirs
scriptbundle,#outfit_global_warpaint_bundle_crackedmask_shop
scriptbundle,#zm_powerupfrequency
scriptbundle,#quote_mankind_must_put_an_end_to_ar
scriptbundle,#quote_mr_grenade_is_not_our_friend
scriptbundle,#pc_category_actionbehavior
scriptbundle,#disable_third_person_spectating
scriptbundle,#kill_event_score_multiplier
scriptbundle,#attachment_steadyaim_ar_modular_restriction
scriptbundle,#codcaster_ds_killfeed
scriptbundle,#score_limit_sd_dem
scriptbundle,#quote_victories_that_are_easy_are_cheap
scriptbundle,#outfit_warrior_epic2_firebreak_sunset_bundle_shop
scriptbundle,#zm_mysteryboxstate
scriptbundle,#bag_money
scriptbundle,#scope_acog_tr_midburst_restriction
scriptbundle,#zm_powerupscarpenter
scriptbundle,#scope_reflex_lmg_spray_restriction
scriptbundle,#voice_volume
scriptbundle,#gsoc_zm_general
scriptbundle,#quote_both_sides_consider_themselves_beaten
scriptbundle,#sfx_volume
scriptbundle,#scope_holo_tr_midburst_restriction
scriptbundle,#warzone_hide_obituary
scriptbundle,#attachment_fastreload_smg_handling_restriction
scriptbundle,#silent_plant
scriptbundle,#lsl_reticle_holo
scriptbundle,#plant_time
scriptbundle,#attachment_stabilizer_pistol_revolver_restriction
scriptbundle,#c_t8_bo_jumpkit_pirate_shop
scriptbundle,#quote_where_there_is_unity
scriptbundle,#zm_perksdeathperception
scriptbundle,#attachment_quickdraw_smg_fastfire_restriction
scriptbundle,#quote_only_two_forces_in_the_world
scriptbundle,#attachment_quickdraw_shotgun_pump_restriction
scriptbundle,#quote_only_who_is_left
scriptbundle,#robot_speed
scriptbundle,#codcaster_ls_equipment
scriptbundle,#splitscreen_orientation
scriptbundle,#attachment_steadyaim2_ar_fastfire_restriction
scriptbundle,#attachment_quickdraw_ar_modular_restriction
scriptbundle,#attachment_quickdraw_sniper_fastrechamber_restriction
scriptbundle,#score_limit
scriptbundle,#zm_perksphdslider
scriptbundle,#zm_elixirheadscan
scriptbundle,#graphic_content
scriptbundle,#codcaster_ds_voip_dock
scriptbundle,#codcaster_qs_listen_in
scriptbundle,#loot_emote_juggle_soccer_ball_shop
scriptbundle,#attachment_stalker_smg_fastfire_restriction
scriptbundle,#attachment_quickdraw_pistol_revolver_restriction
scriptbundle,#warzone_hide_players_alive
scriptbundle,#pc_category_blackout
scriptbundle,#loot_emote_exotic_shared_rock_shop
scriptbundle,#scene_brightness
scriptbundle,#attachment_clantag_lmg_standard_restriction
scriptbundle,#quote_if_the_enemy_is_in_range
scriptbundle,#mastercraft_blackplague_sunset_bundle_shop
scriptbundle,#zm_elixirheaddrama
scriptbundle,#button_layout_experimental
scriptbundle,#zm_minibosshealthmult
scriptbundle,#attachment_grip_ar_modular_restriction
scriptbundle,#jumppack_diner_shop
scriptbundle,#pc_category_onfoot
scriptbundle,#pc_expander_map
scriptbundle,#quote_good_war_bad_peace
scriptbundle,#mp_competitive_settings
scriptbundle,#button_layout_stick_move
scriptbundle,#scope_mms_sniper_powersemi_restriction
scriptbundle,#player_num_lives
scriptbundle,#attachment_killcounter_smg_handling_restriction
scriptbundle,#outfit_benjamins_legendary1_prophet_shop
scriptbundle,#quote_some_people_live_a_lifetime
scriptbundle,#attachment_clantag_smg_fastburst_restriction
scriptbundle,#zm_perksbandolier
scriptbundle,#setbacks_sas
scriptbundle,#mp_player_max_health
scriptbundle,#loot_ui_icon_tags_dinohunters_01
scriptbundle,#loot_ui_icon_tags_dinohunters_03
scriptbundle,#loot_ui_icon_tags_dinohunters_02
scriptbundle,#loot_ui_icon_tags_dinohunters_05
scriptbundle,#loot_ui_icon_tags_dinohunters_04
scriptbundle,#button_layout_lefty
scriptbundle,#points_per_primary_kill
scriptbundle,#zm_elixirscooldown
scriptbundle,#attachment_mixclip_lmg_spray_restriction
scriptbundle,#round_switch
scriptbundle,#attachment_stalker_lmg_standard_restriction
scriptbundle,#attachment_stalker_pistol_revolver_restriction
scriptbundle,#pc_expander_inventory
scriptbundle,#charm_cartoon_bomb_shop
scriptbundle,#zm_minibossdamagemult
scriptbundle,#allow_ingame_team_change
scriptbundle,#capture_time
scriptbundle,#scope_pistolscope_pistol_revolver_restriction
scriptbundle,#quote_you_just_cant_beat_a_person_who_wont_give_up
scriptbundle,#loot_emote_exotic_shared_magician_hat
scriptbundle,#attachment_clantag_sniper_fastrechamber_restriction
scriptbundle,#scope_reflex_smg_capacity_restriction
scriptbundle,#scope_holo_ar_standard_restriction
scriptbundle,#lsl_reticle_ir
scriptbundle,#team_score_per_headshot
scriptbundle,#zone_count
scriptbundle,#zm_specialrounds
scriptbundle,#points_for_survival_bonus
scriptbundle,#scope_holo_ar_fastfire_restriction
scriptbundle,#scope_is_sniper_quickscope_restriction
scriptbundle,#attachment_clantag_pistol_revolver_restriction
scriptbundle,#points_per_primary_grenade_kill
scriptbundle,#zm_elixirarsenalaccelerator
scriptbundle,#zm_elixirscommon
scriptbundle,#quote_power_tests_a_mans_character
scriptbundle,#zm_talismanweaponstartlmg
scriptbundle,#loot_contract_prophet_egyptian_warrior
scriptbundle,#zm_talismans
scriptbundle,#attachment_killcounter_ar_damage_restriction
scriptbundle,#kill_points_in_enemy_protected_zone
scriptbundle,#loot_emote_shared_guitar_playing_shop
scriptbundle,#warzone_hide_minimized_quick_equip
scriptbundle,#auto_destroy_time
scriptbundle,#loot_character_weaver_sunset_bundle_shop
scriptbundle,#setbacks
scriptbundle,#scope_elo_tr_midburst_restriction
scriptbundle,#touch_return
scriptbundle,#zm_wonderweap
scriptbundle,#allow_hit_markers
scriptbundle,#scope_reflex_sniper_fastrechamber_restriction
scriptbundle,#quote_harder_the_conflict_more_glorious_triumph
scriptbundle,#attachment_rf_lmg_spray_restriction
scriptbundle,#scope_acog_ar_damage_restriction
scriptbundle,#scope_acog_sniper_powerbolt_restriction
scriptbundle,#scope_mms_ar_accurate_restriction
scriptbundle,#zm_allowstartingweapon
scriptbundle,#quote_untutored_courage
scriptbundle,#attachment_extclip_shotgun_semiauto_restriction
scriptbundle,#outfit_dotd_com1_bundle_firebreak_shop
scriptbundle,#attachment_damage_launcher_standard_restriction
scriptbundle,#scope_mms_sniper_powerbolt_restriction
scriptbundle,#pc_category_post_processing_effects
scriptbundle,#attachment_damage_smg_standard_restriction
scriptbundle,#quote_make_other_bastard_die
scriptbundle,#outfit_benjamins_legendary1_recon_shop
scriptbundle,#attachment_fmj_smg_standard_restriction
scriptbundle,#charm_9mm_bullet_shop
scriptbundle,#round_start_killstreak_delay
scriptbundle,#quote_noone_can_guarantee_success
scriptbundle,#time_pauses_when_in_zone
scriptbundle,#camo_active_dlc1_dogfight_wrapper_shop
scriptbundle,#look_sensitivity_ads_scalar_highzoom
scriptbundle,#quote_you_will_never_do_anything_without_courage
scriptbundle,#zm_talismanshieldprice
scriptbundle,#attachment_suppressed_tr_midburst_restriction
scriptbundle,#quote_i_have_never_advocated_for_war
scriptbundle,#loot_emote_exotic_shared_police_badge_shop
scriptbundle,#killstreaks_give_game_score
scriptbundle,#zm_talismanperkstart2
scriptbundle,#zm_talismanperkstart3
scriptbundle,#zm_talismanperkstart1
scriptbundle,#zm_talismanperkstart4
scriptbundle,#camo_active_dlc1_plasma_drive_wrapper_shop
scriptbundle,#outfit_demonology_legendary1_crash_shop
scriptbundle,#points_per_weapon_kill
scriptbundle,#attachment_killcounter_lmg_standard_restriction
scriptbundle,#attachment_steadyaim_smg_fastburst_restriction
scriptbundle,#gsoc_zm_specialzombies
scriptbundle,#attachment_killcounter_smg_accurate_restriction
scriptbundle,#attachment_killcounter_shotgun_semiauto_restriction
scriptbundle,#colorblind_mode
scriptbundle,#outfit_dotd_com1_bundle_recon_shop
scriptbundle,#loot_ui_icon_stickers_pixel_warriors_5_large
scriptbundle,#attachment_fastreload2_ar_fastfire_restriction
scriptbundle,#loot_emote_shared_ruin_war_face_shop
scriptbundle,#controller_sound
scriptbundle,#flag_capture_rate_increase
scriptbundle,#c_t8_bo_jumpkit_kraken_shop
scriptbundle,#button_layout_default
scriptbundle,#attachment_damage2_tr_powersemi_restriction
scriptbundle,#demo_button_layout_badbot
scriptbundle,#quote_all_wars_are_civil_wars
scriptbundle,#quote_plans_are_useless
scriptbundle,#attachment_fastreload_tr_powersemi_restriction
scriptbundle,#codcaster_ds_player_notifications
scriptbundle,#scope_dualoptic_ar_damage_restriction
scriptbundle,#loot_emote_exotic_shared_mic_drop_shop
scriptbundle,#attachment_clantag_knife_loadout_restriction
scriptbundle,#quote_as_long_as_men_there_will_be_war
scriptbundle,#reticle_acog_8
scriptbundle,#reticle_acog_6
scriptbundle,#attachment_fmj2_pistol_standard_restriction
scriptbundle,#scope_acog_lmg_heavy_restriction
scriptbundle,#attachment_rf_pistol_fullauto_restriction
scriptbundle,#time_limit_dom
scriptbundle,#scope_dualoptic_tr_powersemi_restriction
scriptbundle,#pc_expander_frameratelimit
scriptbundle,#destroy_time
scriptbundle,#quote_coward_lets_fear_overcome_duty
scriptbundle,#zm_elixirwhoskeepingscore
scriptbundle,#attachment_grip_sniper_fastrechamber_restriction
scriptbundle,#zm_enhanceddamagemult
scriptbundle,#quote_greater_the_difficulty_greater_the_glory
scriptbundle,#outfit_benjamins_legendary1_outrider_shop
scriptbundle,#scope_holo_smg_standard_restriction
scriptbundle,#zm_selfrevivecount
scriptbundle,#zm_heavyfrequency
scriptbundle,#attachment_clantag_ar_standard_restriction
scriptbundle,#pc_expander_switchseats
scriptbundle,#fow_reveal_enabled
scriptbundle,#zm_elixirperkup
scriptbundle,#charm_salty_shaker_shop
scriptbundle,#attachment_clantag_shotgun_pump_restriction
scriptbundle,#pc_category_feedback
scriptbundle,#auto_decay
scriptbundle,#player_max_health
scriptbundle,#gun_selection
scriptbundle,#attachment_clantag_pistol_burst_restriction
scriptbundle,#zm_perkscooldown
scriptbundle,#outfit_water_legendary1_ajax_sunset_bundle_shop
scriptbundle,#quote_take_calculated_risks
scriptbundle,#outfit_summer_legendary1_battery_sunset_bundle_shop
scriptbundle,#user_generated_content
scriptbundle,#ball_count
scriptbundle,#attachment_damage2_smg_fastburst_restriction
scriptbundle,#pc_expander_look
scriptbundle,#scope_mms_smg_capacity_restriction
scriptbundle,#zm_pointslosspercent
scriptbundle,#mp_only_headshots
scriptbundle,#zm_healthregendelay
scriptbundle,#throw_score
scriptbundle,#attachment_hipgrip_shotgun_semiauto_restriction
scriptbundle,#survey_list
scriptbundle,#zm_headshots
scriptbundle,#codcaster_ds_player_numbers
scriptbundle,#zm_elixirsecretshopper
scriptbundle,#attachment_stalker_sniper_fastrechamber_restriction
scriptbundle,#button_layout_gunslinger
scriptbundle,#attachment_killcounter_ar_fastfire_restriction
scriptbundle,#spawn_health_boost_percent
scriptbundle,#attachment_killcounter_sniper_fastrechamber_restriction
scriptbundle,#attachment_stabilizer_sniper_powerbolt_restriction
scriptbundle,#gts_pvp_only
scriptbundle,#gsoc_zm_perks
scriptbundle,#zm_powerups2x
scriptbundle,#outfit_global_warpaint_bundle_hazard_shop
scriptbundle,#attachment_quickdraw_sniper_quickscope_restriction
scriptbundle,#warzone_hide_distance_to_circle
scriptbundle,#zm_crawlerstate
scriptbundle,#starting_cash
scriptbundle,#quote_victory_goes_to_better_trained
scriptbundle,#demo_button_layout_digital
scriptbundle,#outfit_dotd_com1_bundle_ruin_shop
scriptbundle,#warzone_hide_on_screen_buttons
scriptbundle,#warzone_hide_minimap
scriptbundle,#random_objective_locations_koth
scriptbundle,#scope_elo_smg_fastfire_restriction
scriptbundle,#loot_emote_shared_laughing_at_you_shop
scriptbundle,#attachment_damage2_ar_damage_restriction
scriptbundle,#attachment_damage_sniper_powerbolt_restriction
scriptbundle,#attachment_fmj_tr_longburst_restriction
scriptbundle,#jumppack_wraith_shop
scriptbundle,#scope_elo_shotgun_pump_restriction
scriptbundle,#quote_sons_bury_their_fathers
scriptbundle,#scope_ir_ar_standard_restriction
scriptbundle,#loot_emote_shared_show_me_the_money_shop
scriptbundle,#round_win_limit
scriptbundle,#scope_mms_lmg_standard_restriction
scriptbundle,#attachment_stalker_smg_standard_restriction
scriptbundle,#zm_zombiespeedmin
scriptbundle,#use_item_spawns
scriptbundle,#zm_perksactive
scriptbundle,#zm_zombiespeedmax
scriptbundle,#codcaster_ds_xray_air_enemies
scriptbundle,#attachment_rf_smg_capacity_restriction
scriptbundle,#jumpjack_hearts_shop
scriptbundle,#outfit_warrior_com1_bundle_ruin_shop
scriptbundle,#attachment_damage_sniper_quickscope_restriction
scriptbundle,#overtime_time_limit
scriptbundle,#attachment_quickdraw2_sniper_quickscope_restriction
scriptbundle,#attachment_killcounter_launcher_standard_restriction
scriptbundle,#loot_weapon_deathfx_anime_shop
scriptbundle,#attachment_fastreload_ar_damage_restriction
scriptbundle,#zm_mysteryboxlimitmove
scriptbundle,#outfit_demonology_legendary1_seraph_shop
scriptbundle,#outfit_snake_legendary1_outrider_sunset_bundle_shop
scriptbundle,#codcaster_ds_overhead_name_enemies
scriptbundle,#pc_category_mouse
scriptbundle,#zm_weapar
scriptbundle,#zm_elixiralwaysdoneswiftly
scriptbundle,#pc_expander_scoreboard_zm
scriptbundle,#ability_enabled
scriptbundle,#pc_expander_scoreboard_wz
scriptbundle,#quote_death_is_nothing_die_daily
scriptbundle,#pc_expander_motionblur
scriptbundle,#zm_weaptr
scriptbundle,#zm_startround
scriptbundle,#gsoc_zm_laststand
scriptbundle,#attachment_killcounter_smg_fastfire_restriction
scriptbundle,#zm_perksdeathdash
scriptbundle,#camo_active_dlc2_retro_vegas_neon_wrapper_shop
scriptbundle,#codcaster_qs_player_hud
scriptbundle,#attachment_extbarrel2_smg_accurate_restriction
scriptbundle,#attachment_fmj_pistol_fullauto_restriction
scriptbundle,#scope_reflex_lmg_heavy_restriction
scriptbundle,#attachment_stalker_ar_standard_restriction
scriptbundle,#outfit_warrior_epic1_wetworks_zero_sunset_bundle_shop
scriptbundle,#codcaster_ds_overhead_health_allies
scriptbundle,#button_layout
scriptbundle,#scope_dualoptic_ar_accurate_restriction
scriptbundle,#zm_craftingkeyline
scriptbundle,#zm_zombiehealthmult
scriptbundle,#charm_crab_shop
scriptbundle,#attachment_grip_smg_accurate_restriction
scriptbundle,#outfit_dotd_com1_bundle_crash_shop
scriptbundle,#zm_elixirbulletboost
scriptbundle,#draft_enabled
scriptbundle,#codcaster_ds_inventory
scriptbundle,#zm_perksrevive
scriptbundle,#attachment_grip2_sniper_powersemi_restriction
scriptbundle,#loot_emote_exotic_shared_paper_shop
scriptbundle,#attachment_extclip2_shotgun_semiauto_restriction
scriptbundle,#incremental_spawn_delay
scriptbundle,#pc_category_vehiclesscorestreaks
scriptbundle,#attachment_steadyaim2_tr_midburst_restriction
scriptbundle,#music_volume
scriptbundle,#carrier_armor
scriptbundle,#attachment_fmj2_sniper_powerbolt_restriction
scriptbundle,#attachment_killcounter_smg_capacity_restriction
scriptbundle,#chat_volume
scriptbundle,#attachment_mixclip_ar_modular_restriction
scriptbundle,#attachment_extclip_sniper_powersemi_restriction
scriptbundle,#pc_expander_audio
scriptbundle,#lsl_reticle_acog
scriptbundle,#attachment_grip_smg_handling_restriction
scriptbundle,#warzone_auto_mount_ladder
scriptbundle,#codcaster_ds_notification_announcements
scriptbundle,#loot_emote_shared_the_wave
scriptbundle,#scope_acog_smg_accurate_restriction
scriptbundle,#zm_talismanshielddurabilityrare
scriptbundle,#attachment_steadyaim_ar_fastfire_restriction
scriptbundle,#zm_perkswolfprotector
scriptbundle,#outfit_zombie_epic1_battery_sunset_bundle_shop
scriptbundle,#attachment_rf_ar_modular_restriction
scriptbundle,#codcaster_ds_notification_commands
scriptbundle,#loot_emote_zapoc_toy_raygun_shop
scriptbundle,#team_score_per_kill
scriptbundle,#disable_cac
scriptbundle,#points_per_secondary_kill
scriptbundle,#zm_healthonkill
scriptbundle,#zm_elixirshoppingfree
scriptbundle,#zm_perkssecretsauce
scriptbundle,#pc_category_display
scriptbundle,#attachment_extclip2_pistol_burst_restriction
scriptbundle,#pc_expander_inventory_zm
scriptbundle,#mp_game_type_options
scriptbundle,#quote_be_well_prepared_to_meet_the_enemy
scriptbundle,#attachment_mixclip_pistol_fullauto_restriction
scriptbundle,#zm_elixirquacknarok
scriptbundle,#scope_elo_ar_modular_restriction
scriptbundle,#outfit_demonology_legendary1_prophet_shop
scriptbundle,#zm_doorstate
scriptbundle,#attachment_fastreload_shotgun_pump_restriction
scriptbundle,#attachment_extclip_smg_capacity_restriction
scriptbundle,#attachment_damage2_sniper_powerbolt_restriction
scriptbundle,#outfit_snake_legendary2_prophet_sunset_bundle_shop
scriptbundle,#loot_emote_shared_popnlock_08_shop
scriptbundle,#attachment_killcounter_ar_accurate_restriction
scriptbundle,#attachment_clantag_launcher_standard_restriction
scriptbundle,#scope_acog_tr_powersemi_restriction
scriptbundle,#draft_required_clients
scriptbundle,#attachment_steadyaim_pistol_standard_restriction
scriptbundle,#scope_holo_ar_damage_restriction
scriptbundle,#quote_if_a_man_does_his_best
scriptbundle,#attachment_rf_shotgun_pump_restriction
scriptbundle,#zm_elixirphoenixup
scriptbundle,#hardcore_mode
scriptbundle,#attachment_clantag_pistol_fullauto_restriction
scriptbundle,#zm_elixirsuitup
scriptbundle,#quote_leader_leads_by_example
scriptbundle,#zm_wallbuys
scriptbundle,#loot_emote_shared_shush
scriptbundle,#gsoc_zm_mysterybox
scriptbundle,#attachment_steadyaim_sniper_quickscope_restriction
scriptbundle,#attachment_damage_sniper_fastrechamber_restriction
scriptbundle,#equipment_cooldown
scriptbundle,#attachment_killcounter_tr_longburst_restriction
scriptbundle,#attachment_killcounter_pistol_revolver_restriction
scriptbundle,#attachment_rf_pistol_burst_restriction
scriptbundle,#death_circle
scriptbundle,#outfit_assassin_legendary1_crash_shop
scriptbundle,#zm_enhancedfrequency
scriptbundle,#outfit_warrior_epic1_wetworks_ajax_sunset_bundle_shop
scriptbundle,#show_subtitles
scriptbundle,#quote_while_i_thought_i_was_learning_to_live
scriptbundle,#outfit_summer_legendary1_nomad_sunset_bundle_shop
scriptbundle,#attachment_clantag_shotgun_semiauto_restriction
scriptbundle,#outfit_global_warpaint_bundle_sun_shop
scriptbundle,#zm_elixirperkaholic
scriptbundle,#zm_pointlossondeath
scriptbundle,#zm_elixiranywherebuthere
scriptbundle,#spawn_suicide_penalty
scriptbundle,#codcaster_ds_map_numbers
scriptbundle,#attachment_fmj2_tr_powersemi_restriction
scriptbundle,#attachment_clantag_tr_midburst_restriction
scriptbundle,#attachment_steadyaim_pistol_burst_restriction
scriptbundle,#team_num_lives
scriptbundle,#attachment_grip_ar_accurate_restriction
scriptbundle,#loot_emote_exotic_shared_blowing_bubbles_shop
scriptbundle,#boot_time
scriptbundle,#attachment_extclip2_sniper_powersemi_restriction
scriptbundle,#pc_expander_textchat
scriptbundle,#idle_flag_reset_time_ball
scriptbundle,#pc_category_audio
scriptbundle,#pc_expander_mousesensitivity
scriptbundle,#attachment_clantag_smg_capacity_restriction
scriptbundle,#jumppack_hide_shop
scriptbundle,#zm_timecap
scriptbundle,#scope_holo_ar_modular_restriction
scriptbundle,#quote_real_and_lasting_victories
scriptbundle,#quote_war_is_delightful
scriptbundle,#round_score_limit
scriptbundle,#zm_popcornspawnfreq
scriptbundle,#gsoc_zm_packapunch
scriptbundle,#quote_never_yield_to_force
scriptbundle,#quote_teamwork_is_essential
scriptbundle,#round_win_limit_control
scriptbundle,#attachment_speedreloader_shotgun_pump_restriction
scriptbundle,#attachment_clantag_smg_handling_restriction
scriptbundle,#codcaster_ds_waypoint_markers
scriptbundle,#auto_sprint_enabled
scriptbundle,#scope_elo_ar_stealth_restriction
scriptbundle,#scope_mms_tr_longburst_restriction
scriptbundle,#zm_perksdeadshot
scriptbundle,#quote_the_art_of_war_is_simple_enough
scriptbundle,#outfit_warrior_epic1_zero_sunset_bundle_shop
scriptbundle,#lsl_class_sets
scriptbundle,#lsl_reticle_dualoptic
scriptbundle,#quote_so_much_owed
scriptbundle,#outfit_dotd_com1_bundle_battery_shop
scriptbundle,#camo_active_dlc4_brains_wrapper_shop
scriptbundle,#allow_announcer
scriptbundle,#flag_capture_condition
scriptbundle,#warzone_hide_kills
scriptbundle,#button_layout_bumper_tactical
scriptbundle,#defuse_time
scriptbundle,#zm_superpack
scriptbundle,#codcaster_ds_notification_callout
scriptbundle,#scope_acog_sniper_quickscope_restriction
scriptbundle,#pc_category_telemetry
scriptbundle,#attachment_fastreload_sniper_quickscope_restriction
scriptbundle,#zm_pointslosstype
scriptbundle,#pc_expander_monitordistance_adssensitivity
scriptbundle,#outfit_global_warpaint_bundle_diamonds_shop
scriptbundle,#attachment_steadyaim2_smg_fastfire_restriction
scriptbundle,#gsoc_zm_wallbuys
scriptbundle,#codcaster_qs_xray
scriptbundle,#attachment_suppressed_ar_stealth_restriction
scriptbundle,#loot_emote_exotic_shared_finger_spin_shop
scriptbundle,#codcaster_ds_teamscore
scriptbundle,#scope_is_sniper_powersemi_restriction
scriptbundle,#quote_incoming_fire_right_of_way
scriptbundle,#zm_healthregenrate
scriptbundle,#scope_dualoptic_ar_fastfire_restriction
scriptbundle,#loot_tags_graffitiskulls_03_shop
scriptbundle,#attachment_suppressed_pistol_standard_restriction
scriptbundle,#loot_ui_icon_stickers_safari_animals_3_large
scriptbundle,#scope_acog_ar_accurate_restriction
scriptbundle,#attachment_quickdraw_tr_longburst_restriction
scriptbundle,#only_headshots
scriptbundle,#codcaster_ds_show_equipment
scriptbundle,#attachment_clantag_smg_fastfire_restriction
scriptbundle,#attachment_grip_tr_midburst_restriction
scriptbundle,#allow_map_scripting
scriptbundle,#outfit_warrior_com1_bundle_seraph_shop
scriptbundle,#audio_presets
scriptbundle,#attachment_extbarrel_smg_accurate_restriction
scriptbundle,#attachment_fmj_lmg_standard_restriction
scriptbundle,#quote_going_through_hell_keep_going
scriptbundle,#attachment_steadyaim_smg_capacity_restriction
scriptbundle,#master_volume
scriptbundle,#zm_elixirburnedout
scriptbundle,#zm_weaplmg
scriptbundle,#attachment_fmj_sniper_quickscope_restriction
scriptbundle,#gsoc_zm_standardweapons
scriptbundle,#scope_ir_lmg_standard_restriction
scriptbundle,#zm_talismanimpatient
scriptbundle,#loot_emote_exotic_shared_sparkler_shop
scriptbundle,#quote_only_dead_seen_end_of_war
scriptbundle,#attachment_killcounter_pistol_burst_restriction
scriptbundle,#outfit_zombie_epic1_torque_shop
scriptbundle,#pc_content_enable
scriptbundle,#outfit_warrior_com1_bundle_recon_shop
scriptbundle,#attachment_mixclip_smg_standard_restriction
scriptbundle,#scope_reflex_smg_standard_restriction
scriptbundle,#attachment_killcounter_sniper_quickscope_restriction
scriptbundle,#codcaster_ds_objective_status
scriptbundle,#attachment_fastreload_ar_standard_restriction
scriptbundle,#server_msec
scriptbundle,#outfit_global_warpaint_bundle_boogie_man_shop
scriptbundle,#zm_specweapcharge
scriptbundle,#player_health_regen_time
scriptbundle,#scope_reflex_pistol_standard_restriction
scriptbundle,#zm_elixirswordflay
scriptbundle,#outfit_warrior_com1_bundle_battery_shop
scriptbundle,#attachment_damage_sniper_powersemi_restriction
scriptbundle,#attachment_stabilizer_sniper_fastrechamber_restriction
scriptbundle,#objective_spawn_time
scriptbundle,#carry_score
scriptbundle,#outfit_vampire_legendary1_ruin_shop
scriptbundle,#loot_ui_icon_stickers_pixel_warriors_1_large
scriptbundle,#gamertag_indicator
scriptbundle,#gsoc_zm_health
scriptbundle,#quote_death_solves_all_problems
scriptbundle,#team_score_per_kill_denied
scriptbundle,#lsl_reticle_mms
scriptbundle,#zm_popcorndamagemult
scriptbundle,#attachment_fastreload_ar_fastfire_restriction
scriptbundle,#zm_talismanextraselfrevive
scriptbundle,#scope_acog_ar_stealth_restriction
scriptbundle,#language_arabic
scriptbundle,#zm_elixirtemporalgift
scriptbundle,#zm_healthdrain
scriptbundle,#camo_dlc1_circuitboard_shop
scriptbundle,#attachment_steadyaim2_sniper_quickscope_restriction
scriptbundle,#attachment_killcounter_pistol_standard_restriction
scriptbundle,#attachment_killcounter_knife_loadout_restriction
scriptbundle,#quote_foolish_to_mourn_dead
scriptbundle,#carrier_move_speed
scriptbundle,#mute_all_except_party
scriptbundle,#quote_the_measure_of_a_man_is_way_he_bears_up
scriptbundle,#outfit_warrior_base_pal_exo2_battery_sunset_bundle_shop
scriptbundle,#attachment_damage_smg_fastburst_restriction
scriptbundle,#loot_emote_shared_popnlock_06_shop
scriptbundle,#attachment_suppressed_smg_handling_restriction
scriptbundle,#cap_decay
scriptbundle,#attachment_stalker_ar_stealth_restriction
scriptbundle,#zm_talismancoagulant
scriptbundle,#zm_elixirshieldsup
scriptbundle,#outfit_assassin_legendary1_seraph_shop
scriptbundle,#zm_elixircacheback
scriptbundle,#camo_active_dlc4_spinal_wrapper_shop
scriptbundle,#look_sensitivity_vertical
scriptbundle,#quote_five_second_fuses
scriptbundle,#scope_dualoptic_smg_accurate_restriction
scriptbundle,#zm_poweruplimit
scriptbundle,#codcaster_qs_battle_chatter
scriptbundle,#score_limit_ctf_round
scriptbundle,#quote_older_declare_war_youth_fight
scriptbundle,#attachment_rf_smg_fastburst_restriction
scriptbundle,#zm_elixirpowerkeg
scriptbundle,#zm_talismanperkreducecost4
scriptbundle,#zm_talismanperkreducecost1
scriptbundle,#zm_talismanperkreducecost3
scriptbundle,#zm_talismanperkreducecost2
scriptbundle,#zm_talismanboxguaranteelmg
scriptbundle,#pc_expander_pushtotalk
scriptbundle,#quote_quickest_end_is_losing
scriptbundle,#zm_elixirctrlz
scriptbundle,#scope_reflex_ar_stealth_restriction
scriptbundle,#quote_from_my_rotting_body
scriptbundle,#attachment_fmj_ar_accurate_restriction
scriptbundle,#attachment_extclip_tr_midburst_restriction
scriptbundle,#quote_try_to_look_unimportant
scriptbundle,#zm_powerdoorstate
scriptbundle,#attachment_damage_lmg_heavy_restriction
scriptbundle,#allow_spectating
scriptbundle,#zm_pointlossondown
scriptbundle,#loot_emote_shared_head_shot_shop
scriptbundle,#bleedout_time
scriptbundle,#scope_reflex_pistol_fullauto_restriction
scriptbundle,#loot_weapon_deathfx_rainbow_shop
scriptbundle,#quote_we_may_stumble_and_fall_but_shall_rise_again
scriptbundle,#time_limit
scriptbundle,#attachment_fastreload_smg_fastfire_restriction
scriptbundle,#quote_bursting_radius_of_hand_grenade
scriptbundle,#zm_enhancedhealthmult
scriptbundle,#attachment_steadyaim_smg_standard_restriction
scriptbundle,#quote_no_matter_how_often_you_are_defeated
scriptbundle,#zm_healthstarting
scriptbundle,#scope_elo_lmg_spray_restriction
scriptbundle,#attachment_grip2_ar_accurate_restriction
scriptbundle,#bomb_timer
scriptbundle,#warzone_instant_pickups
scriptbundle,#scope_ir_tr_longburst_restriction
scriptbundle,#attachment_fastreload2_smg_handling_restriction
scriptbundle,#allow_battle_chatter
scriptbundle,#scope_dualoptic_smg_fastfire_restriction
scriptbundle,#quote_victory_belongs_to_the_most_perservering
scriptbundle,#zm_perkselectricburst
scriptbundle,#scope_reflex_tr_midburst_restriction
scriptbundle,#zm_heavyhealthmult
scriptbundle,#zm_killcap
scriptbundle,#loot_emote_exotic_shared_heres_to_you_shop
scriptbundle,#outfit_demonology_legendary1_outrider_shop
scriptbundle,#codcaster_qs_player_card
scriptbundle,#attachment_damage2_lmg_heavy_restriction
scriptbundle,#attachment_suppressed_tr_longburst_restriction
scriptbundle,#attachment_killcounter_smg_standard_restriction
scriptbundle,#loot_tags_graffitiskulls_04_shop
scriptbundle,#round_score_limit_dom
scriptbundle,#loot_emote_shared_nay
scriptbundle,#loot_ui_icon_stickers_pixel_warriors_2_large
scriptbundle,#quote_accept_the_challenge_so_can_feel_victory
scriptbundle,#outfit_snake_legendary2_crash_sunset_bundle_shop
scriptbundle,#codcaster_ds_overhead_health_enemies
scriptbundle,#attachment_clantag_ar_modular_restriction
scriptbundle,#scope_ir_sniper_quickscope_restriction
scriptbundle,#quote_plans_be_dark_and_impenetrable
scriptbundle,#trigger_config
scriptbundle,#zm_popcornhealthmult
scriptbundle,#language_russian
scriptbundle,#outfit_benjamins_legendary1_ruin_shop
scriptbundle,#outfit_global_warpaint_bundle_tattoo_shop
scriptbundle,#competitive_team_lives
scriptbundle,#scope_ir_sniper_powerbolt_restriction
scriptbundle,#zm_powerupschaos
scriptbundle,#ability_cooldown
scriptbundle,#attachment_quickdraw_smg_handling_restriction
scriptbundle,#quote_failure_is_the_opportunity_to_begin_again
scriptbundle,#idle_flag_reset_time
scriptbundle,#zm_talismanslegendary
scriptbundle,#zm_talismanextraclaymore
scriptbundle,#zm_elixirequipmint
scriptbundle,#scope_holo_sniper_powersemi_restriction
scriptbundle,#zm_retainweapons
scriptbundle,#quote_victorious_warriors_win_first
scriptbundle,#scope_dualoptic_lmg_heavy_restriction
scriptbundle,#attachment_rf_sniper_fastrechamber_restriction
scriptbundle,#outfit_zombie_epic1_spectre_shop
scriptbundle,#quote_no_prize_runner_up
scriptbundle,#attachment_extbarrel_ar_accurate_restriction
scriptbundle,#scope_holo_ar_accurate_restriction
scriptbundle,#loot_emote_exotic_shared_gone_fishing_shop
scriptbundle,#zm_talismanboxguaranteeboxonly
scriptbundle,#zm_elixirkilljoy
scriptbundle,#auto_mantle_enabled
scriptbundle,#attachment_steadyaim_smg_fastfire_restriction
scriptbundle,#loot_ui_icon_stickers_safari_animals_4_large
scriptbundle,#loot_character_stuhlinger_sunset_bundle_shop
scriptbundle,#quote_some_succeed_because_they_are_destined_to
scriptbundle,#zm_elixirnewtoniannegation
scriptbundle,#round_win_limit_ctf
scriptbundle,#reticle_reflex_8
scriptbundle,#reticle_reflex_5
scriptbundle,#loot_emote_exotic_shared_roman_candle_shop
scriptbundle,#allow_prone
scriptbundle,#flag_can_be_neutralized
scriptbundle,#zm_mysteryboxlimit
scriptbundle,#attachment_extclip_pistol_burst_restriction
scriptbundle,#attachment_damage_ar_damage_restriction
scriptbundle,#scope_ir_ar_stealth_restriction
scriptbundle,#loot_emote_shared_male_book_of_hell_shop
scriptbundle,#use_spawn_groups
scriptbundle,#quote_there_is_nothing_impossible_to_him_willing_to_try
scriptbundle,#outfit_warrior_epic2cop_nomad_shop
scriptbundle,#zm_powerupsinsta
scriptbundle,#attachment_hipgrip_smg_fastburst_restriction
scriptbundle,#zm_elixiraftertaste
scriptbundle,#camo_dlc3_blowfish
scriptbundle,#zm_elixirdeadofnuclearwinter
scriptbundle,#quote_the_best_revenge_is_massive_success
scriptbundle,#attachment_fmj_sniper_powerbolt_restriction
scriptbundle,#controller_vibration
scriptbundle,#warzone_hide_cleanups
scriptbundle,#attachment_mixclip_tr_longburst_restriction
scriptbundle,#scope_holo_lmg_spray_restriction
scriptbundle,#outfit_dotd_com1_bundle_seraph_shop
scriptbundle,#sprint_cancel_reload
scriptbundle,#button_layout_nomad
scriptbundle,#scope_reflex_tr_longburst_restriction
scriptbundle,#gsoc_zm_powerups
scriptbundle,#attachment_stalker_smg_handling_restriction
scriptbundle,#attachment_extclip_pistol_standard_restriction
scriptbundle,#pc_category_contentfilter
scriptbundle,#scope_ir_smg_standard_restriction
scriptbundle,#attachment_mixclip_smg_fastburst_restriction
scriptbundle,#scope_dualoptic_lmg_standard_restriction
scriptbundle,#reboot_players
scriptbundle,#attachment_killcounter_pistol_fullauto_restriction
scriptbundle,#outfit_warrior_base_pal_exo2_recon_sunset_bundle_shop
scriptbundle,#gsoc_zm_elixirs
scriptbundle,#quote_victory_is_always_possible
scriptbundle,#attachment_grip_smg_capacity_restriction
scriptbundle,#zm_weapsniper
scriptbundle,#zm_popcornstate
scriptbundle,#spawn_teamkilled_penalty
scriptbundle,#attachment_fmj_ar_standard_restriction
scriptbundle,#outfit_mean_legendary1_firebreak_shop
scriptbundle,#quote_hardships_often_prepare_ordinary_people
scriptbundle,#gsoc_zm_points
scriptbundle,#zm_elixirsrare
scriptbundle,#attachment_killcounter_shotgun_pump_restriction
scriptbundle,#attachment_clantag_tr_longburst_restriction
scriptbundle,#zm_shielddurability
scriptbundle,#zm_equipcharge
scriptbundle,#scope_holo_smg_capacity_restriction
scriptbundle,#attachment_extbarrel_shotgun_pump_restriction
scriptbundle,#scope_acog_tr_longburst_restriction
scriptbundle,#pc_category_gamepad
scriptbundle,#multiplayer_music
scriptbundle,#draft_every_round
scriptbundle,#outfit_snake_legendary2_ajax_sunset_bundle_shop
scriptbundle,#outfit_warrior_com1_bundle_ajax_shop
scriptbundle,#quote_real_war_never_in_books
scriptbundle,#zm_talismanshielddurabilitylegendary
scriptbundle,#zombie_cartoon
scriptbundle,#attachment_clantag_tr_powersemi_restriction
scriptbundle,#zm_elixirphantomreload
scriptbundle,#attachment_extbarrel_tr_powersemi_restriction
scriptbundle,#escalation_enabled
scriptbundle,#outfit_benjamins_legendary1_firebreak_shop
scriptbundle,#zm_weapknife
scriptbundle,#decay_captured_zones
scriptbundle,#specialist_healing_enabled
scriptbundle,#attachment_stalker2_ar_stealth_restriction
scriptbundle,#zm_elixirpowervacuum
scriptbundle,#zm_weapshotgun
scriptbundle,#quote_the_problems_of_victory
scriptbundle,#zm_elixirpointdrops
scriptbundle,#scope_mms_ar_standard_restriction
scriptbundle,#attachment_suppressed_smg_standard_restriction
scriptbundle,#zm_enhancedstate
scriptbundle,#attachment_extbarrel_smg_capacity_restriction
scriptbundle,#scope_mms_lmg_spray_restriction
scriptbundle,#pc_expander_changestance
scriptbundle,#decay_progress
scriptbundle,#attachment_grip_pistol_burst_restriction
scriptbundle,#attachment_suppressed_ar_standard_restriction
scriptbundle,#scope_dualoptic_lmg_spray_restriction
scriptbundle,#zm_pack
scriptbundle,#loot_ui_icon_stickers_pixel_warriors_4_large
scriptbundle,#attachment_quickdraw_ar_fastfire_restriction
scriptbundle,#bag_carrier_move_speed
scriptbundle,#pc_category_details_and_textures
scriptbundle,#pc_expander_fieldofview
scriptbundle,#outfit_global_warpaint_bundle_hypnotic_shop
scriptbundle,#zm_weapmelee
scriptbundle,#allow_killcam
scriptbundle,#attachment_fastreload_smg_fastburst_restriction
scriptbundle,#attachment_fmj_pistol_standard_restriction
scriptbundle,#scope_reflex_ar_fastfire_restriction
scriptbundle,#scope_ir_ar_accurate_restriction
scriptbundle,#demo_togglegamehud
scriptbundle,#zm_perksstaminup
scriptbundle,#quote_generally_inadvisable_eject
scriptbundle,#allow_play_of_the_match
scriptbundle,#attachment_stalker_ar_fastfire_restriction
scriptbundle,#pc_expander_scoreboard
scriptbundle,#scope_elo_smg_capacity_restriction
scriptbundle,#scope_reflex_smg_handling_restriction
scriptbundle,#quote_never_never_never_give_up
scriptbundle,#zm_elixirblooddebt
scriptbundle,#codcaster_ds_overhead_name_allies
scriptbundle,#attachment_steadyaim2_shotgun_semiauto_restriction
scriptbundle,#attachment_suppressed_ar_modular_restriction
scriptbundle,#multiplayer_dialog
scriptbundle,#attachment_killcounter_smg_fastburst_restriction
scriptbundle,#scope_reflex_smg_accurate_restriction
scriptbundle,#codcaster_ds_specialist_notifications
scriptbundle,#outfit_global_warpaint_bundle_fish_shop
scriptbundle,#attachment_steadyaim_lmg_spray_restriction
scriptbundle,#gsoc_zm_power
scriptbundle,#language_polish
scriptbundle,#loot_emote_zapoc_nuke_shop
scriptbundle,#attachment_supply_launcher_standard_restriction
scriptbundle,#codcaster_ds_scorestreaks
scriptbundle,#attachment_killcounter_melee_secretsanta_restriction
scriptbundle,#pc_expander_crouch
scriptbundle,#scope_holo_sniper_powerbolt_restriction
scriptbundle,#attachment_extclip_lmg_heavy_restriction
scriptbundle,#outrider_apocalypse_outfit_sunset_bundle_shop
scriptbundle,#attachment_killcounter_ar_standard_restriction
scriptbundle,#outfit_northern_lights_legendary2_zero_shop
scriptbundle,#warzone_priority_pickups
scriptbundle,#zm_talismanextrasemtex
scriptbundle,#zm_specweap
scriptbundle,#outfit_zombie_epic1_ajax_sunset_bundle_shop
scriptbundle,#quote_patriots_always_talk_of_dying
scriptbundle,#attachment_killcounter_lmg_spray_restriction
scriptbundle,#zm_powerupsnuke
scriptbundle,#quote_know_the_enemy_know_yourself
scriptbundle,#quote_startakower
scriptbundle,#attachment_stabilizer2_sniper_powerbolt_restriction
scriptbundle,#attachment_quickdraw2_ar_fastfire_restriction
scriptbundle,#outfit_global_warpaint_bundle_zombie_shop
scriptbundle,#zm_elixirantientrapment
scriptbundle,#zm_elixirsepic
scriptbundle,#score_reset_on_death
scriptbundle,#quote_death_comes_to_all_build_a_monument
scriptbundle,#gsoc_zm_equipment
scriptbundle,#gsoc_zm_basiczombies
scriptbundle,#round_score_limit_control
scriptbundle,#attachment_fmj2_smg_capacity_restriction
scriptbundle,#attachment_steadyaim_shotgun_semiauto_restriction
scriptbundle,#codcaster_ds_team_identity
scriptbundle,#attachment_grip_sniper_powersemi_restriction
scriptbundle,#lsl_reticle_reflex
scriptbundle,#attachment_killcounter_ar_stealth_restriction
scriptbundle,#attachment_steadyaim2_lmg_spray_restriction
scriptbundle,#score_per_player
scriptbundle,#zm_talismanspecialxprate
scriptbundle,#loot_emote_exotic_shared_make_it_rain_shop
scriptbundle,#round_limit
scriptbundle,#attachment_extclip_ar_modular_restriction
scriptbundle,#outfit_dotd_com1_bundle_nomad_shop
scriptbundle,#team_score_per_death
scriptbundle,#warzone_hide_spectators
scriptbundle,#zm_talismanweaponstartsmg
scriptbundle,#capture_time_ctf
scriptbundle,#zm_heavystate
scriptbundle,#attachment_fastreload_lmg_heavy_restriction
scriptbundle,#scope_dualoptic_sniper_powersemi_restriction
scriptbundle,#quote_soldiers_usually_win_the_battles
scriptbundle,#loot_ui_icon_stickers_safari_animals_5_large
scriptbundle,#zm_elixirwalltowall
scriptbundle,#outfit_global_warpaint_bundle_robber_shop
scriptbundle,#gsoc_zm_barricades
scriptbundle,#quote_did_well_in_war_do_well_in_peace
scriptbundle,#quote_fight_long_and_hard_for_ribbon
scriptbundle,#demo_autodollyrecord
scriptbundle,#zm_zombiedamagemult
scriptbundle,#camo_active_dlc2_apb_wrapper_shop
scriptbundle,#attachment_rf_ar_stealth_restriction
scriptbundle,#codcaster_ds_xray_1p_enemies
scriptbundle,#zm_perksvictorious
scriptbundle,#zm_powerupsfiresale
scriptbundle,#attachment_grip_lmg_heavy_restriction
scriptbundle,#zm_talismanextramolotov
scriptbundle,#zm_barricadestate
scriptbundle,#attachment_quickdraw2_tr_longburst_restriction
scriptbundle,#scope_acog_sniper_fastrechamber_restriction
scriptbundle,#quote_civilization_dont_advance
scriptbundle,#attachment_fmj_ar_damage_restriction
scriptbundle,#scope_is_sniper_fastrechamber_restriction
scriptbundle,#loot_emote_wetwork_joker_gun_shop
scriptbundle,#codcaster_ls_primary_attachments
scriptbundle,#scope_elo_smg_handling_restriction
scriptbundle,#zm_elixirpopshocks
scriptbundle,#use_emblem_instead_of_faction_icon
scriptbundle,#scope_reflex_pistol_burst_restriction
scriptbundle,#round_win_limit_escort
scriptbundle,#outfit_mean_legendary1_zero_shop
scriptbundle,#zm_laststandduration
scriptbundle,#points_per_melee_kill
scriptbundle,#outfit_warrior_com1_bundle_torque_shop
scriptbundle,#pc_category_shadow_and_lighting
scriptbundle,#camo_dlc2_full_suite_shop
scriptbundle,#quote_without_will_to_win
scriptbundle,#loot_ui_icon_callingcards_safari_hunter_03
scriptbundle,#loot_ui_icon_callingcards_safari_hunter_02
scriptbundle,#loot_ui_icon_callingcards_safari_hunter_01
scriptbundle,#loot_ui_icon_callingcards_safari_hunter_06
scriptbundle,#loot_ui_icon_callingcards_safari_hunter_05
scriptbundle,#loot_ui_icon_callingcards_safari_hunter_04
scriptbundle,#zm_elixirextracredit
scriptbundle,#demo_recordwithautoplay
scriptbundle,#scope_mms_ar_damage_restriction
scriptbundle,#quote_war_will_end_us
scriptbundle,#neutral_zone
scriptbundle,#zm_talismanspecialstart3
scriptbundle,#zm_talismanspecialstart2
scriptbundle,#loot_emote_shared_shadowboxing_shop
scriptbundle,#zm_perksetherealrazor
scriptbundle,#outfit_dotd_com1_bundle_prophet_shop
scriptbundle,#loot_ui_icon_stickers_pixel_warriors_3_large
scriptbundle,#zm_friendly_fire_type
scriptbundle,#mp_teamkill_punish_count
scriptbundle,#zm_elixiralchemicalantithesis
scriptbundle,#quote_deadliest_weapon_in_the_world
scriptbundle,#scope_is_sniper_powerbolt_restriction
scriptbundle,#attachment_steadyaim2_pistol_burst_restriction
scriptbundle,#pc_expander_prone
scriptbundle,#attachment_damage_pistol_fullauto_restriction
scriptbundle,#zm_zombiespread
scriptbundle,#loot_emote_exotic_shared_hula_hoop_shop
scriptbundle,#codcaster_ds_portrait_scorestreaks
scriptbundle,#attachment_extclip_ar_standard_restriction
scriptbundle,#codcaster_ls_wildcards
scriptbundle,#mastercraft_fabergek_sunset_bundle_shop
scriptbundle,#loot_emote_shared_popnlock_04_shop
scriptbundle,#warzone_hide_team_list
scriptbundle,#warzone_incognito_others
scriptbundle,#codcaster_ds_xray_air_allies
scriptbundle,#attachment_mixclip_sniper_fastrechamber_restriction
scriptbundle,#quote_make_war_that_we_may_live_in_peace
scriptbundle,#pc_category_common
scriptbundle,#pc_empty_separator
scriptbundle,#zm_elixirneardeathexperience
scriptbundle,#attachment_quickdraw_smg_accurate_restriction
scriptbundle,#attachment_extbarrel_tr_longburst_restriction
scriptbundle,#quote_success_is_how_high_you_bounce
scriptbundle,#codcaster_ls_secondary_wildcards
scriptbundle,#attachment_extbarrel_ar_standard_restriction
scriptbundle,#scope_ir_sniper_powersemi_restriction
scriptbundle,#quote_wish_for_peace_prepare_for_war
scriptbundle,#scope_dualoptic_sniper_powerbolt_restriction
scriptbundle,#quote_if_the_dead_could_return
scriptbundle,#prematch_period
scriptbundle,#zm_pointsstarting
scriptbundle,#attachment_steadyaim_sniper_powersemi_restriction
scriptbundle,#preset_classes_per_team
scriptbundle,#outfit_warrior_epic2cop_firebreak_shop
scriptbundle,#score_limit_dom
scriptbundle,#look_sensitivity_ads_scalar
scriptbundle,#attachment_killcounter_sniper_powersemi_restriction
scriptbundle,#loot_ui_icon_stickers_safari_animals_2_large
scriptbundle,#attachment_stalker_tr_midburst_restriction
scriptbundle,#scope_ir_tr_powersemi_restriction
scriptbundle,#zm_elixirtalkinboutregeneration
scriptbundle,#quote_in_peace_wise_man_prepares_for_war
scriptbundle,#zm_elixirjointheparty
scriptbundle,#quote_war_is_as_much_a_punishment
scriptbundle,#outfit_water_legendary1_spectre_sunset_bundle_shop
scriptbundle,#attachment_killcounter_melee_slaybell_restriction
scriptbundle,#gsoc_zm_wonderweapons
scriptbundle,#pc_category_vehicles
scriptbundle,#zm_powerups
scriptbundle,#loot_emote_shared_popnlock_03_shop
scriptbundle,#quote_never_give_in
scriptbundle,#attachment_fastreload_pistol_fullauto_restriction
scriptbundle,#scope_ir_lmg_heavy_restriction
scriptbundle,#quote_fear_cloaked_in_courage
scriptbundle,#camo_dlc3_bacon
scriptbundle,#loot_emote_exotic_shared_stabby_banana
scriptbundle,#voip_killers_hear_victim
scriptbundle,#attachment_suppressed_pistol_burst_restriction
scriptbundle,#attachment_fastreload_launcher_standard_restriction
scriptbundle,#zm_perkswidow
scriptbundle,#quote_success_is_not_final
scriptbundle,#zm_elixirnowherebutthere
scriptbundle,#scope_reflex_ar_modular_restriction
scriptbundle,#scope_elo_smg_fastburst_restriction
scriptbundle,#attachment_steadyaim_tr_powersemi_restriction
scriptbundle,#attachment_extbarrel_ar_stealth_restriction
scriptbundle,#attachment_damage_pistol_revolver_restriction
scriptbundle,#outfit_zombie_epic1_zero_shop
scriptbundle,#scope_ir_smg_accurate_restriction
scriptbundle,#ability_on_respawn
scriptbundle,#lsl_loadout_slots
scriptbundle,#attachment_extbarrel_ar_damage_restriction
scriptbundle,#demo_autodollykeyframeinterval
scriptbundle,#loot_ui_icon_callingcards_future_racers_06
scriptbundle,#loot_ui_icon_callingcards_future_racers_04
scriptbundle,#loot_ui_icon_callingcards_future_racers_05
scriptbundle,#loot_ui_icon_callingcards_future_racers_02
scriptbundle,#loot_ui_icon_callingcards_future_racers_03
scriptbundle,#loot_ui_icon_callingcards_future_racers_01
scriptbundle,#quote_victory_at_all_costs
scriptbundle,#attachment_extclip2_lmg_standard_restriction
scriptbundle,#attachment_quickdraw_ar_standard_restriction
scriptbundle,#outfit_global_warpaint_bundle_creature_shop
scriptbundle,#extraction_extra_time
scriptbundle,#codcaster_ls_secondary_attachments
scriptbundle,#attachment_extbarrel_pistol_standard_restriction
scriptbundle,#scope_mms_sniper_fastrechamber_restriction
scriptbundle,#scope_acog_lmg_standard_restriction
scriptbundle,#enemy_carrier_visible
scriptbundle,#zm_elixirwallpower
scriptbundle,#allow_gestures_camera_rotate
scriptbundle,#zm_talismanweaponstartar
scriptbundle,#zm_laststandcount
scriptbundle,#look_sensitivity_horizontal
scriptbundle,#codcaster_ls_primary_wildcards
scriptbundle,#outfit_vampire_legendary2_reaper_shop
scriptbundle,#quote_essence_of_war_is_violence
scriptbundle,#codcaster_qs_loadout
scriptbundle,#loot_tags_graffitiskulls_05_shop
scriptbundle,#loot_emote_exotic_shared_matrix_dodge_shop
scriptbundle,#attachment_damage_ar_standard_restriction
scriptbundle,#zm_pointslossvalue
scriptbundle,#outfit_snake_legendary2_nomad_sunset_bundle_shop
scriptbundle,#attachment_killcounter_ar_modular_restriction
scriptbundle,#scope_holo_lmg_heavy_restriction
scriptbundle,#target_assist
scriptbundle,#scope_holo_tr_powersemi_restriction
scriptbundle,#outfit_loot6_legendary1_firebreak_shop
scriptbundle,#extraction_time
scriptbundle,#aim_assist
scriptbundle,#look_inversion
scriptbundle,#attachment_rf_lmg_heavy_restriction
scriptbundle,#scope_elo_ar_fastfire_restriction
scriptbundle,#didyouknow
scriptbundle,#cinematic_volume
scriptbundle,#loot_emote_wetwork_plant_blackflag_shop
scriptbundle,#outfit_warrior_epic1robber_seraph_shop
scriptbundle,#spawn_select
scriptbundle,#zm_heavydamagemult
scriptbundle,#force_radar
scriptbundle,#scope_mms_tr_powersemi_restriction
scriptbundle,#attachment_clantag_smg_accurate_restriction
scriptbundle,#zm_trapsenabled
scriptbundle,#codcaster_ds_xray_1p_allies
scriptbundle,#attachment_killcounter_lmg_heavy_restriction
scriptbundle,#attachment_clantag_sniper_quickscope_restriction
scriptbundle,#draft_time
scriptbundle,#zm_talismanperkperm4
scriptbundle,#zm_talismanperkperm1
scriptbundle,#zm_talismanperkperm2
scriptbundle,#zm_talismanperkperm3
scriptbundle,#equipment_enabled
scriptbundle,#attachment_quickdraw_ar_accurate_restriction
scriptbundle,#pc_expander_sprintsteadyaim
scriptbundle,#zm_elixirstockoption
scriptbundle,#scope_pistolscope_smg_fastburst_restriction
scriptbundle,#cumulative_round_scores
scriptbundle,#attachment_extclip_lmg_standard_restriction
scriptbundle,#attachment_fmj2_lmg_standard_restriction
scriptbundle,#quote_attack_is_going_too_well
scriptbundle,#attachment_killcounter_tr_powersemi_restriction
scriptbundle,#attachment_rf_smg_standard_restriction
scriptbundle,#attachment_clantag_melee_slaybell_restriction
scriptbundle,#quote_a_ship_without_marines
scriptbundle,#zm_talismansepic
scriptbundle,#language_japanese
scriptbundle,#attachment_hipgrip_lmg_spray_restriction
scriptbundle,#attachment_quickdraw_lmg_heavy_restriction
scriptbundle,#attachment_stalker2_smg_handling_restriction
scriptbundle,#pc_category_general
scriptbundle,#loot_tags_graffitiskulls_02_shop
scriptbundle,#quote_may_god_have_mercy_upon_my_enemies
scriptbundle,#attachment_stalker_sniper_quickscope_restriction
scriptbundle,#zm_powerstate
scriptbundle,#dropped_tag_respawn
scriptbundle,#scope_holo_lmg_standard_restriction
scriptbundle,#attachment_fmj_lmg_spray_restriction
scriptbundle,#quote_if_you_feel_down_yesterday
scriptbundle,#outfit_dotd_com1_bundle_torque_shop
scriptbundle,#zm_pointsfixed
scriptbundle,#zm_shield
scriptbundle,#pc_expander_switchweapon
scriptbundle,#loot_emote_shared_mad_respect_shop
scriptbundle,#camo_dlc1_shimmer_shop
scriptbundle,#attachment_suppressed_sniper_fastrechamber_restriction
scriptbundle,#attachment_extclip_smg_accurate_restriction
scriptbundle,#scope_holo_smg_fastburst_restriction
scriptbundle,#quote_war_is_an_interlude_in_peace
scriptbundle,#zm_powerupsmaxammo
scriptbundle,#zm_elixirundeadmanwalking
scriptbundle,#preround_period
scriptbundle,#pc_expander_jumpstandmantle
scriptbundle,#player_respawn_delay
scriptbundle,#outfit_warrior_epic1_wetworks_seraph_sunset_bundle_shop
scriptbundle,#attachment_clantag_ar_damage_restriction
scriptbundle,#zm_talismanweaponpapcost
scriptbundle,#quote_all_that_is_necessary_for_evil_to_succeed
scriptbundle,#quote_world_war_iv_sticks_and_stones
scriptbundle,#scope_elo_pistol_burst_restriction
scriptbundle,#connection_meter
scriptbundle,#demo_controllerconfig
scriptbundle,#scope_reflex_ar_damage_restriction
scriptbundle,#pc_category_general_1
scriptbundle,#zm_perkdecay
scriptbundle,#attachment_fmj2_ar_damage_restriction
scriptbundle,#scope_reflex_shotgun_semiauto_restriction
scriptbundle,#team_score_per_kill_confirmed
scriptbundle,#zm_pointlossonteammatedeath
scriptbundle,#pcdidyouknow
scriptbundle,#loot_emote_zapoc_roadwarrior_unicycle_shop
scriptbundle,#quote_warfare_base_on_deception
scriptbundle,#demo_button_layout_default
scriptbundle,#attachment_clantag_melee_secretsanta_restriction
scriptbundle,#attachment_stalker2_tr_midburst_restriction
scriptbundle,#codcaster_ds_portrait_statistics
scriptbundle,#zm_perksdyingwish
scriptbundle,#quote_truth_is_the_first_casualty
scriptbundle,#pc_category_voicechat
scriptbundle,#attachment_clantag_sniper_powersemi_restriction
scriptbundle,#attachment_clantag_sniper_powerbolt_restriction
scriptbundle,#codcaster_ds_third_person
scriptbundle,#scope_holo_smg_fastfire_restriction
scriptbundle,#quote_who_dares_wins
scriptbundle,#zm_perksstonecold
scriptbundle,#heal_speed
scriptbundle,#zm_talismanextrafrag
scriptbundle,#spawn_health_boost_time
scriptbundle,#attachment_fmj_tr_powersemi_restriction
scriptbundle,#attachment_grip2_smg_accurate_restriction
scriptbundle,#loadout_killstreaks_enabled
scriptbundle,#loot_emote_wetwork_parrot_on_arm_shop
scriptbundle,#teamkill_punish_count
scriptbundle,#zm_powerupsspecweap
scriptbundle,#quote_war_is_cruel_cannot_refine_it
scriptbundle,#loot_contract_crash_paladin
scriptbundle,#allow_gestures
scriptbundle,#attachment_steadyaim_ar_accurate_restriction
scriptbundle,#zm_elixirrefreshmint
scriptbundle,#warzone_compass
scriptbundle,#attachment_extbarrel_smg_standard_restriction
scriptbundle,#scope_mms_smg_handling_restriction
scriptbundle,#attachment_fmj_sniper_powersemi_restriction
scriptbundle,#bonus_lives_for_capturing_zone
scriptbundle,#zm_mysteryboxlimitrnd
scriptbundle,#attachment_stabilizer_sniper_powersemi_restriction
scriptbundle,#equipment_on_respawn
scriptbundle,#use_doors
scriptbundle,#attachment_damage_ar_stealth_restriction
scriptbundle,#outfit_northern_lights_legendary1_ruin_shop
scriptbundle,#attachment_clantag_ar_stealth_restriction
scriptbundle,#reboot_time
scriptbundle,#zm_elixirreigndrops
scriptbundle,#outfit_benjamins_legendary1_zero_shop
scriptbundle,#attachment_steadyaim_tr_midburst_restriction
scriptbundle,#quote_want_end_to_beginneings_of_all_wars
scriptbundle,#scope_reflex_ar_standard_restriction
scriptbundle,#random_objective_locations
scriptbundle,#attachment_extbarrel_pistol_revolver_restriction
scriptbundle,#attachment_grip_pistol_fullauto_restriction
scriptbundle,#mp_friendly_fire_type
scriptbundle,#outfit_global_warpaint_bundle_clubs_shop
scriptbundle,#gsoc_zm_specialweapons
scriptbundle,#zm_weapsmg
scriptbundle,#attachment_suppressed_smg_fastburst_restriction
scriptbundle,#quote_must_not_fight_too_often_with_one_enemy
scriptbundle,#attachment_clantag_smg_standard_restriction
scriptbundle,#max_players
scriptbundle,#zm_talismanpermanentheroweaparmor
scriptbundle,#zm_elixirinplainsight
scriptbundle,#pc_expander_melee
scriptbundle,#loot_emote_shared_legs_crossed_shop
scriptbundle,#lsl_reticle_elo
scriptbundle,#loot_emote_shared_finger_glasses_shop
scriptbundle,#attachment_clantag_lmg_heavy_restriction
scriptbundle,#attachment_extclip_smg_fastfire_restriction
scriptbundle,#zm_talismansrare
scriptbundle,#quote_friendly_fire_isnt
ttf,#hash_1a8171252437b019
ttf,#hash_495d9aa3ae4fa2a8
ttf,#hash_5f6a0e624346a9d9
bgcache,#core_ui
luafile,#ui/uieditor/widgets/social/social_playerdetailbutton_frame.lua
luafile,#ui/uieditor/widgets/pc/footer/footerbutton_quitback.lua
luafile,#ui/uieditor/widgets/playercontextualmenu.lua
luafile,#ui/uieditor/widgets/pc/startmenu/graphicsoptions/startmenu_options_pc_graphics_advanced.lua
luafile,#ui/uieditor/widgets/checkbox.lua
luafile,#ui/uieditor/widgets/startmenu/startmenu_options_network_descriptionpanels.lua
luafile,#ui/uieditor/widgets/social/social_friendinvitedlcnotification.lua
luafile,#ui/uieditor/widgets/callingcards/callingcards_asset_party1.lua
luafile,#ui/uieditor/widgets/pc/pc_scrollup.lua
luafile,#ui/uieditor/widgets/lobby/common/fe_buttonidle.lua
luafile,#ui/uieditor/widgets/callingcards/callingcards_asset_superheroes_speed_lightning.lua
luafile,#ui/uieditor/menus/startmenu/popups/startmenu_options_codaccount_cta.lua
luafile,#ui/uieditor/widgets/callingcards/loot2/callingcards_loot2_surrealistlandscapes_book.lua
luafile,#ui/uieditor/widgets/pc/startmenu/pc_startmenu_options_description.lua
luafile,#ui/uieditor/widgets/startmenu/options/startmenu_options_accountmanagementform.lua
luafile,#ui/utility/storeutility.lua
luafile,#ui/uieditor/widgets/rightstickpagination.lua
luafile,#ui/uieditor/widgets/genericsimplebutton.lua
luafile,#ui/uieditor/luielems/core/debug_center_screen.lua
luafile,#hash_24e9bd3743d947e
luafile,#ui/uieditor/widgets/callingcards/callingcards_prestige_wildcards_master.lua
luafile,#ui/uieditor/widgets/pc/socialmenu/pcsocialmenu_genericbutton_container.lua
luafile,#hash_272f3482883f4b0
luafile,#ui/uieditor/widgets/zmpromotional/zm_promo_banner.lua
luafile,#ui/uieditor/widgets/pc/startmenu/controlsoptions/pc_startmenu_options_controls_keybind.lua
luafile,#ui/utility/aarutility.lua
luafile,#ui/uieditor/widgets/common/commonpixelbacking.lua
luafile,#ui/uieditor/widgets/lobby/common/fe_titlenumbrdr.lua
luafile,#ui/uieditor/widgets/callingcards/callingcards_asset_lightburst_animated.lua
luafile,#ui/uieditor/widgets/common/commontabbarbacking.lua
luafile,#ui/uieditor/widgets/common/commonrankiconandrankvertical.lua
luafile,#ui/uieditor/widgets/bumperbuttonwithkeymousetext.lua
luafile,#ui/uieditor/widgets/arena/arenaleagueplayrubiesfour.lua
luafile,#ui/uieditor/widgets/pc/footer/footerbutton_frontend_pc_right.lua
luafile,#ui/uieditor/widgets/arena/arenaleagueplayrubiesthree.lua
luafile,#hash_3ee37c51da34c58
luafile,#ui/uieditor/widgets/callingcards/callingcards_survivor.lua
luafile,#ui/uieditor/widgets/director/directorpartyleader.lua
luafile,#ui/uieditor/widgets/pc/categoryexpendablebutton.lua
luafile,#ui/uieditor/widgets/pc/sliderbar_editbox.lua
luafile,#ui/uieditor/widgets/pc/dropdownlist_itemcontrol.lua
luafile,#ui/uieditor/widgets/director/directorquitbuttoncontainer.lua
luafile,#ui/uieditor/widgets/callingcards/callingcards_asset_steampunkwarriors_gunarm.lua
luafile,#hash_527f01cd83fe887
luafile,#ui/uieditor/menus/overlaysystem/systemoverlay_messagedialogfull.lua
luafile,#ui/uieditor/widgets/pc/hud/hud_keypromptframe_ultimate.lua
luafile,#ui/utility/zmlaboratoryutility.lua
luafile,#ui/uieditor/widgets/pc/startmenu/pc_startmenu_options_description_textbacking.lua
luafile,#ui/uieditor/widgets/callingcards/callingcards_zm_weapons_equipment.lua
luafile,#ui/uieditor/widgets/backgroundframes/genericmenuframeidentity.lua
luafile,#ui/uieditor/widgets/freecursor/infopanelsubwidgets/freecursorcautioninfo.lua
luafile,#ui/uieditor/widgets/pc/dropdownlistitem.lua
luafile,#ui/uieditor/widgets/craft/emblemeditor/emblemrenamebutton_internal.lua
luafile,#ui/uieditor/widgets/pc/socialmenu/pc_battlenetfriend_addfriend_name.lua
luafile,#ui/utility/bitutility.lua
luafile,#ui/uieditor/widgets/pc/battlenetfriendlist/pc_battlenet_addfriend_information.lua
luafile,#ui/uieditor/widgets/startmenu/options/startmenu_options_controllerlayout_durango.lua
luafile,#hash_5dd6b0129a00394
luafile,#ui/uieditor/widgets/freecursor/infopanelsubwidgets/freecursorbuttonpromptinfo.lua
luafile,#ui/uieditor/widgets/common/commonlistbuttongeneric.lua
luafile,#ui/uieditor/widgets/pc/startmenu/graphicsoptions/startmenu_options_pc_graphicsoptions_vrambar.lua
luafile,#hash_6225780384cd835
luafile,#ui/uieditor/widgets/social/social_partymembericonlarge.lua
luafile,#hash_642ea9f42b8a053
luafile,#ui/utility/textutility.lua
luafile,#ui/lui/luifixedaspectratioimage.lua
luafile,#ui/utility/inspectionutility.lua
luafile,#ui/uieditor/menus/overlaysystem/systemoverlay_nobg.lua
luafile,#ui/uieditor/widgets/callingcards/callingcards_asset_pirates_mast.lua
luafile,#ui/uieditor/widgets/callingcards/callingcards_asset_pirates_armwithgun.lua
luafile,#ui/uieditor/widgets/callingcards/callingcards_futureracing.lua
luafile,#ui/uieditor/widgets/callingcards/loot3/ui_icon_callingcards_invasion_lamb2.lua
luafile,#ui/uieditor/widgets/callingcards/callingcards_asset_superheroes_speed_hero.lua
luafile,#ui/uieditor/widgets/mphudwidgets/waypointicon.lua
luafile,#ui/uieditor/widgets/pc/startmenu/graphicsoptions/pc_startmenu_options_safeareaborder_vert.lua
luafile,#ui/uieditor/widgets/pc/pc_achievement_completedtick.lua
luafile,#ui/uieditor/widgets/pc/hud/hud_keypromptframe.lua
luafile,#hash_7b0f4c6d31439e2
luafile,#ui/uieditor/widgets/cplevels/cpholdtoskipscenebutton.lua
luafile,#ui/uieditor/widgets/cac/restricteditemwarningbar.lua
luafile,#ui/uieditor/widgets/systemoverlays/systemoverlay_layout_genericforeground_freecursor_full.lua
luafile,#ui/uieditor/menus/overlaysystem/systemoverlay_messagedialog.lua
luafile,#hash_81579bb8998d181
luafile,#ui/uieditor/widgets/startmenu/startmenu_options_graphics_colorblindminimappreview.lua
luafile,#ui/uieditor/widgets/startmenu/startmenu_contracts.lua
luafile,#ui/uieditor/widgets/battlenet/frontendbattlenetcontainer.lua
luafile,#ui/uieditor/widgets/pc/notifications/pc_notif_timechoicebutton.lua
luafile,#ui/uieditor/widgets/pc/pc_smallclosebutton.lua
luafile,#ui/uieditor/widgets/pc/startmenu/graphicsoptions/startmenu_options_pc_graphicsoptions_descriptionimage.lua
luafile,#ui/uieditor/widgets/chat/fakechatpreview.lua
luafile,#hash_99620e6cffb22a8
luafile,#ui/uieditor/widgets/pc/pc_fullscreenpopup_buttons.lua
luafile,#ui/uieditor/widgets/pc/pc_achievementdetailedview_desc.lua
luafile,#ui/uieditor/widgets/social/social_inviteplayersheader.lua
luafile,#ui/uieditor/widgets/startmenu/startmenu_options_sliderbar.lua
luafile,#ui/uieditor/widgets/mphudwidgets/waypointcenter.lua
luafile,#ui/uieditor/widgets/mphudwidgets/waypointarrowcontainer.lua
luafile,#ui/utility/scorestreakingameutility.lua
luafile,#ui/uieditor/soundsets.lua
luafile,#ui/uieditor/widgets/common/commondetailpanel.lua
luafile,#hash_a366e6217d17113
luafile,#ui/uieditor/widgets/startmenu/options/startmenu_options_privacysettingsstatewidget.lua
luafile,#ui/uieditor/widgets/callingcards/callingcards_asset_stingertail.lua
luafile,#ui/utility/zmammowidgetutility.lua
luafile,#ui/uieditor/widgets/callingcards/loot3/ui_icon_callingcards_dystopian.lua
luafile,#ui/uieditor/widgets/systemoverlays/systemoverlay_freecursor_full_basicframe.lua
luafile,#ui/uieditor/menus/core_ui_require.lua
luafile,#ui/uieditor/widgets/arena/leagueplayruby.lua
luafile,#ui/uieditor/menus/pcui/startmenu/pc_startmenu_options_new.lua
luafile,#ui/utility/wzutility.lua
luafile,#ui/uieditor/widgets/showhideimage.lua
luafile,#ui/uieditor/widgets/callingcards/callingcards_asset_grunt_radio.lua
luafile,#ui/uieditor/widgets/startmenu/options/flyout/startmenu_options_settingbutton.lua
luafile,#ui/uieditor/widgets/chat/chatclientfilterlist_item.lua
luafile,#hash_bc671f4282f9b91
luafile,#ui/utility/gridandlistutility.lua
luafile,#ui/uieditor/widgets/pc/pc_achievementnotification_texts.lua
luafile,#ui/utility/contractutility.lua
luafile,#hash_c4c0c217ad6b824
luafile,#ui/uieditor/widgets/callingcards/callingcards_pirates.lua
luafile,#ui/uieditor/widgets/startmenu/options/startmenu_options_privacysettingsbutton.lua
luafile,#ui/uieditor/menus/pcui/pc_store_refund_korea.lua
luafile,#ui/uieditor/widgets/callingcards/callingcards_specialized_master.lua
luafile,#ui/uieditor/widgets/footer/footerbutton_segmentbacking.lua
luafile,#ui/utility/waypointutility.lua
luafile,#ui/uieditor/widgets/callingcards/callingcards_mp_loot_master.lua
luafile,#ui/uieditor/widgets/genericpopups/toastcontentlarge.lua
luafile,#ui/uieditor/widgets/callingcards/loot2/callingcards_loot2_vikingbattles.lua
luafile,#ui/uieditor/widgets/fileshare/fullscreenpopup/fullscreeenpupupsteamform.lua
luafile,#ui/uieditor/menus/startmenu/popups/pc_startmenu_options_codaccount_newaccount.lua
luafile,#ui/uieditor/widgets/genericpopups/loot_bonustoaststandard.lua
luafile,#ui/uieditor/widgets/callingcards/callingcards_prestige_tacticalkits_master.lua
luafile,#ui/uieditor/widgets/arena/arenarankiconandrankvertical.lua
luafile,#ui/utility/codcasterutility.lua
luafile,#ui/uieditor/widgets/pc/footer/footerbutton_tooltipbg.lua
luafile,#ui/uieditor/widgets/pc/startmenu/pc_startmenu_button_lg.lua
luafile,#ui/uieditor/menus/pcui/pc_battlenet_checkout.lua
luafile,#ui/uieditor/widgets/freecursor/tooltiparchetypes/tooltipfeaturetitle.lua
luafile,#hash_ea262ea19b4bf73
luafile,#ui/uieditor/widgets/commonlistbuttongenericlonginternal.lua
luafile,#ui/uieditor/widgets/startmenu/options/startmenu_options_controllerlayout_orbis.lua
luafile,#ui/utility/queueutility.lua
luafile,#ui/uieditor/widgets/startmenu/options/flyout/startmenu_options_settinggroupheader.lua
luafile,#ui/utility/zmstoryutility.lua
luafile,#ui/uieditor/widgets/callingcards/callingcards_support_master.lua
luafile,#ui/uieditor/widgets/callingcards/callingcards_asset_zombies_arm.lua
luafile,#hash_f3ef732375c4b79
luafile,#ui/uieditor/widgets/callingcards/callingcards_wz_vehicular_master.lua
luafile,#ui/uieditor/widgets/social/social_infopaneright.lua
luafile,#ui/uieditor/widgets/footer/footerbutton_frontend_right.lua
luafile,#ui/uieditor/widgets/pc/startmenu/pc_flexibleverticaltextblock_title.lua
luafile,#ui/uieditor/widgets/startmenu/startmenu_options_network_pinglistitem.lua
luafile,#ui/uieditor/widgets/inputbutton.lua
luafile,#ui/uieditor/widgets/startmenu/startmenu_frame_nobg.lua
luafile,#hash_10133c0fca002e2b
luafile,#ui/uieditor/widgets/gamesettings/gamesettings_background.lua
luafile,#ui/uieditor/menus/social/social_playerdetailspopup.lua
luafile,#ui/uieditor/widgets/callingcards/callingcards_asset_firballs.lua
luafile,#ui/uieditor/widgets/freecursor/freecursorwidget.lua
luafile,#ui/uieditor/widgets/startmenu/startmenu_options_buttonaction.lua
luafile,#ui/utility/motdutility.lua
luafile,#ui/uieditor/widgets/startmenu/options/startmenu_options_privacysettingsscrollprompt.lua
luafile,#hash_10821ec11452ebb7
luafile,#ui/uieditor/widgets/mphudwidgets/waypointicontimer.lua
luafile,#ui/uieditor/widgets/pc/utility/titletextwidget.lua
luafile,#ui/uieditor/widgets/systemoverlays/systemoverlay_freecursor_genericforeground.lua
luafile,#ui/uieditor/widgets/freecursor/freecursorheaderlabelcontainer.lua
luafile,#ui/uieditor/widgets/startmenu/startmenu_imagecontainer.lua
luafile,#ui/uieditor/widgets/callingcards/callingcards_ground_assault_master.lua
luafile,#ui/uieditor/widgets/freecursor/infopanelsubwidgets/freecursorbuttonprompt.lua
luafile,#ui/uieditor/widgets/callingcards/callingcards_zm_darkops.lua
luafile,#ui/uieditor/widgets/customgames/customgames_settingbutton.lua
luafile,#ui/uieditor/widgets/callingcards/callingcards_zombies_100percent.lua
luafile,#ui/uieditor/widgets/pc/notifications/pc_notif_timechoicebuttoncontainer.lua
luafile,#hash_119f75d19f847f7d
luafile,#ui/uieditor/widgets/pc/startmenu/accessibilityoptions/startmenu_options_pc_accessibility_tabcontent.lua
luafile,#ui/uieditor/widgets/freecursor/infopanelsubwidgets/freecursorplayercard.lua
luafile,#ui/uieditor/widgets/battlenet/frontendbattlenet.lua
luafile,#ui/uieditor/widgets/callingcards/callingcards_retrowave_master.lua
luafile,#hash_11d26fbc53a246cc
luafile,#ui/uieditor/widgets/controllerdependent_textbox.lua
luafile,#ui/uieditor/widgets/pc/startmenu/pc_startmenu_options_listcontainer.lua
luafile,#hash_121385a035d75202
luafile,#ui/uieditor/widgets/pc/utility/genericclickbutton.lua
luafile,#ui/uieditor/modifyfunctions_helper.lua
luafile,#ui/uieditor/widgets/freecursor/infopanelsubwidgets/freecursornolabelbuttonpromptarea.lua
luafile,#ui/uieditor/widgets/cplevels/cpvoteskippingscene.lua
luafile,#ui/uieditor/widgets/mphudwidgets/healthbarwaypoint.lua
luafile,#ui/uieditor/widgets/pc/pc_perfstatscontainer.lua
luafile,#ui/utility/subtitleutility.lua
luafile,#ui/uieditor/widgets/scrollbars/verticalcounter.lua
luafile,#ui/uieditor/widgets/director/directorselectbuttonminiinternal.lua
luafile,#ui/uieditor/widgets/horizontalscrollingtextbox_30pt.lua
luafile,#ui/uieditor/widgets/pc/startmenu/pc_startmenu_options_keybindmessage_stripes.lua
luafile,#ui/uieditor/widgets/startmenu/options/startmenuoptionsmainframe.lua
luafile,#ui/utility/freecursorutility.lua
luafile,#ui/uieditor/widgets/pc_achievements.lua
luafile,#hash_13a94c2c98592057
luafile,#ui/uieditor/widgets/pc/dropdownlistsmaller.lua
luafile,#hash_13d4a37851703d1a
luafile,#ui/uieditor/widgets/aar_t8/rewards/aarplayerreward_diagonalheaderinternal.lua
luafile,#ui/uieditor/widgets/pc_chatbox.lua
luafile,#ui/uieditor/widgets/callingcards/loot3/ui_icon_callingcards_heavymetal_cop2.lua
luafile,#ui/utility/breadcrumbutility.lua
luafile,#ui/uieditor/menus/startmenu/popups/startmenu_options_codaccount_manageaccount.lua
luafile,#ui/uieditor/widgets/freecursor/freecursorcursor.lua
luafile,#hash_149ed7e802a7e6a9
luafile,#ui/uieditor/widgets/pc/utility/optioninfowidget.lua
luafile,#ui/uieditor/widgets/callingcards/callingcards_snakegods_asset_snakehead.lua
luafile,#ui/uieditor/widgets/playercontextualmenu_item.lua
luafile,#ui/utility/challengesutility.lua
luafile,#ui/uieditor/widgets/director/directorselectbuttonlines.lua
luafile,#ui/uieditor/widgets/startgameflow/loadingscreentalkercontainercpzm.lua
luafile,#ui/uieditor/widgets/chat/chatautocompleteaction.lua
luafile,#ui/uieditor/widgets/pc/pc_eula_pages.lua
luafile,#ui/uieditor/menus/startmenu/startmenu_options_main.lua
luafile,#ui/uieditor/widgets/freecursor/freecursorinfopanel.lua
luafile,#ui/lui/luielement.lua
luafile,#hash_156ef845c7e82ff4
luafile,#ui/uieditor/widgets/pc/sliderbar.lua
luafile,#ui/uieditor/widgets/pc/seperationline.lua
luafile,#ui/uieditor/widgets/common/common_tabbar_center.lua
luafile,#ui/uieditor/widgets/callingcards/callingcards_asset_jaw01.lua
luafile,#ui/lui/luiimage.lua
luafile,#ui/uieditor/widgets/pc/socialmenu/pcsocialmenu_playerlistitem_playerinfos_mutebutton.lua
luafile,#ui/uieditor/widgets/customgames/customgames_catgeorytabs.lua
luafile,#ui/uieditor/widgets/loadinganimation/animationloading2.lua
luafile,#ui/uieditor/widgets/callingcards/callingcards_asset_birds.lua
luafile,#ui/uieditor/widgets/common/commonbuttonoutlinethin.lua
luafile,#ui/uieditor/widgets/pc/startmenu/voiceoptions/startmenu_options_pc_voice_text.lua
luafile,#ui/uieditor/widgets/systemoverlays/systemoverlay_freecursor_basicframe.lua
luafile,#ui/uieditor/widgets/callingcards/callingcards_asset_cloud_zoom.lua
luafile,#ui/uieditor/widgets/systemoverlays/featureoverlay_framevlayout.lua
luafile,#ui/uieditor/menus/gamesettings/gamesettings_main.lua
luafile,#ui/uieditor/widgets/callingcards/callingcards_basicimage.lua
luafile,#ui/utility/teamutility.lua
luafile,#ui/uieditor/widgets/callingcards/callingcards_asset_armyguy_arm.lua
luafile,#ui/utility/frontendcacutility.lua
luafile,#ui/uieditor/widgets/gamesettings/gamesettings_optionsbutton.lua
luafile,#ui/uieditor/widgets/director/directorgenericbutton.lua
luafile,#ui/uieditor/widgets/pc/freecursor/freecursordetaileddescriptionpc.lua
luafile,#ui/utility/zmperkutility.lua
luafile,#hash_17a27cd2bbdd1f9a
luafile,#ui/uieditor/widgets/pc/pc_codaccount_editableoption_editbox.lua
luafile,#ui/uieditor/widgets/callingcards/callingcards_zm_strategist.lua
luafile,#ui/uieditor/widgets/callingcards/callingcards_steampunkwarriors.lua
luafile,#ui/uieditor/luielems/core/revive_hud.lua
luafile,#ui/uieditor/widgets/pc/startmenu/graphicsoptions/pc_startmenu_options_safeareaborder_horiz.lua
luafile,#ui/uieditor/widgets/callingcards/callingcards_asset_party2.lua
luafile,#ui/uieditor/menus/startmenu/startmenu_options_controls_previewkeybindings.lua
luafile,#ui/uieditor/widgets/callingcards/callingcards_legendaryimage.lua
luafile,#ui/uieditor/widgets/genericpopups/toast_bonusoutline.lua
luafile,#ui/uieditor/widgets/systemoverlays/systemoverlay_full_pcframe.lua
luafile,#ui/uieditor/widgets/social/social_callingcardtitle.lua
luafile,#ui/uieditor/widgets/callingcards/callingcards_prestige_perks_master.lua
luafile,#ui/lui/luiroot.lua
luafile,#ui/uieditor/widgets/callingcards/callingcards_asset_falconfly.lua
luafile,#ui/uieditor/widgets/callingcards/loot2/callingcards_loot2_circusclown_rightarm.lua
luafile,#ui/lui/luiframe.lua
luafile,#ui/uieditor/widgets/scrollbars/listcounterbutton.lua
luafile,#ui/uieditor/widgets/startmenu/options/flyout/startmenu_options_settingsliderarrow.lua
luafile,#ui/utility/pcoptionsutility.lua
luafile,#ui/uieditor/widgets/pc/startmenu/pc_startmenu_options_hudbounds_buttons.lua
luafile,#ui/uieditor/widgets/customgames/customgames_settingslider.lua
luafile,#ui/uieditor/widgets/pc/startmenu/graphicsoptions/startmenu_options_pc_graphicsoptions_suboptionslist.lua
luafile,#ui/uieditor/widgets/mphudwidgets/waypoint_contestedarrowwidget.lua
luafile,#ui/uieditor/widgets/pc/socialmenu/pcsocialmenu_pendingrequests.lua
luafile,#ui/uieditor/widgets/pc/pc_tabsarrow.lua
luafile,#ui/uieditor/widgets/startmenu/startmenu_button_callingcards.lua
luafile,#ui/uieditor/widgets/common/commontabbutton.lua
luafile,#ui/uieditor/menus/startgameflow/loading_zm.lua
luafile,#ui/uieditor/widgets/header/header_container_frontend.lua
luafile,#ui/utility/blackmarkettableutility.lua
luafile,#ui/uieditor/luielems/luielemimage.lua
luafile,#ui/uieditor/menus/startmenu/startmenu_options_network.lua
luafile,#ui/uieditor/widgets/playercard/selfidentitybadge.lua
luafile,#ui/uieditor/widgets/common/commonsocialarrow.lua
luafile,#ui/uieditor/widgets/callingcards/loot3/ui_icon_callingcards_invasion_lamb1.lua
luafile,#ui/utility/pckoreautility.lua
luafile,#ui/uieditor/menus/pcui/pc_playeraccount.lua
luafile,#ui/uieditor/widgets/social/social_managepartyplayerrealname.lua
luafile,#ui/uieditor/widgets/keyboardtextfieldinternal.lua
luafile,#ui/uieditor/widgets/pc/footer/footerbuttonpromptpc.lua
luafile,#ui/uieditor/widgets/pc/bnetstore/pc_bnetstore_giftbutton.lua
luafile,#ui/uieditor/actions_helper.lua
luafile,#ui/uieditor/widgets/social/social_rankiconandranklargecontainer.lua
luafile,#ui/uieditor/widgets/genericpopups/toast_itemtitleglow.lua
luafile,#ui/uieditor/widgets/startmenu/startmenu_background.lua
luafile,#ui/uieditor/widgets/callingcards/loot2/callingcards_loot2_circusclown_leftarm.lua
luafile,#ui/uieditor/menus/overlaysystem/systemoverlay_full.lua
luafile,#ui/uieditor/widgets/cac/cactabbuttoninternal.lua
luafile,#ui/uieditor/widgets/pc/cyclinglist.lua
luafile,#ui/uieditor/widgets/loadinganimation/loadingscreenskipprompt.lua
luafile,#ui/uieditor/widgets/social/social_infopaneleft.lua
luafile,#ui/uieditor/widgets/chatclientchatentrychannel.lua
luafile,#ui/uieditor/widgets/pc/startmenu/controlsoptions/pc_startmenu_options_controls_descriptiontext.lua
luafile,#ui/uieditor/widgets/lobby/common/fe_helpitemslabel.lua
luafile,#ui/uieditor/widgets/pc/sidebuttonexpendable.lua
luafile,#hash_1f30d684ab98d177
luafile,#ui/uieditor/widgets/chat/chatclientchatentry.lua
luafile,#ui/uieditor/widgets/startmenu/startmenu_safeareacontainer.lua
luafile,#ui/uieditor/widgets/pc/socialmenu/pcsocialmenu_playerlistitem_empty.lua
luafile,#ui/uieditor/widgets/pc/pc_emptywidget.lua
luafile,#ui/uieditor/widgets/pc/battlenet_checkout_view.lua
luafile,#ui/uieditor/widgets/chat/chatclientchatentrylineoftext.lua
luafile,#ui/uieditor/widgets/pc/battlenetfriendlist/pc_battlenet_sendrequestbutton.lua
luafile,#ui/uieditor/widgets/lobby/common/fe_focusbarcontainer.lua
luafile,#ui/uieditor/widgets/callingcards/loot3/ui_icon_callingcards_stpatricks_clover_anim.lua
luafile,#ui/utility/notificationutility.lua
luafile,#ui/uieditor/widgets/callingcards/callingcards_snakegods_asset_herosnake.lua
luafile,#ui/uieditor/widgets/callingcards/callingcards_global_master.lua
luafile,#ui/uieditor/widgets/social/social_partyleadericonlarge.lua
luafile,#ui/uieditor/widgets/startmenu/startmenu_options_checkboxoption.lua
luafile,#ui/uieditor/widgets/onoffvoip.lua
luafile,#ui/uieditor/widgets/pc/battlenetfriendlist/pc_battlenet_addfriendseditbox.lua
luafile,#ui/uieditor/widgets/keyprompt.lua
luafile,#ui/uieditor/widgets/genericpopups/toast_container.lua
luafile,#ui/uieditor/widgets/social/social_partylist.lua
luafile,#ui/uieditor/widgets/progressbar.lua
luafile,#ui/uieditor/widgets/pc/footer/footerbutton_player_newbreadcrumbcount.lua
luafile,#ui/uieditor/widgets/social/social_friendinvitedlcnotification_internal.lua
luafile,#ui/uieditor/widgets/systemoverlays/featureoverlay_button.lua
luafile,#ui/uieditor/widgets/pc/battlenetfriendlist/battlenetaddfriendpopup.lua
luafile,#ui/uieditor/widgets/pc_codaccount.lua
luafile,#ui/uieditor/widgets/callingcards/callingcards_asset_steampunkwarriors_gun.lua
luafile,#ui/uieditor/widgets/pc/hud/pc_progresscirclebacking.lua
luafile,#ui/uieditor/widgets/startmenu/startmenu_quit.lua
luafile,#ui/utility/arenarunutility.lua
luafile,#ui/uieditor/widgets/chat/chatclientinputtextboxfield.lua
luafile,#ui/uieditor/widgets/pc/startmenu/graphicsoptions/startmenu_options_pc_graphicsoptions_suboptionsnavigation.lua
luafile,#ui/uieditor/widgets/customgames/customgames_settingslidernocustom_internal.lua
luafile,#ui/uieditor/menus/overlaysystem/featureoverlay.lua
luafile,#hash_22f358e0176437e8
luafile,#ui/uieditor/widgets/pc_vscrolllist.lua
luafile,#ui/uieditor/widgets/header/headerlinescontainer.lua
luafile,#ui/uieditor/menus/mp/firsttimeflow/firsttimebrightnesssetting.lua
luafile,#ui/uieditor/widgets/pc/expandableoption_button.lua
luafile,#ui/utility/soundutility.lua
luafile,#ui/uieditor/widgets/pc/directorlobbyclanandmembernamecontainerpc.lua
luafile,#ui/uieditor/widgets/pc/battlenetfriendlist/pc_battlenet_addfriend_information_description.lua
luafile,#ui/uieditor/widgets/verticalscrollingtextbox.lua
luafile,#ui/uieditor/widgets/systemoverlays/systemoverlay_freecursor_layout.lua
luafile,#hash_23fd22fd79d73617
luafile,#ui/uieditor/widgets/callingcards/callingcards_asset_rotated_black_smoke.lua
luafile,#ui/utility/ctutility.lua
luafile,#ui/uieditor/widgets/social/social_playerslistbuttonshared.lua
luafile,#ui/uieditor/widgets/director/directortabheader.lua
luafile,#ui/uieditor/widgets/callingcards/callingcards_blackout_100percent.lua
luafile,#ui/utility/socialutility.lua
luafile,#ui/uieditor/widgets/lobby/common/fe_buttonpanelshadercontainer.lua
luafile,#ui/uieditor/widgets/social/social_nofriends.lua
luafile,#ui/uieditor/widgets/pc/startmenu/pc_startmenu_options_pagination.lua
luafile,#ui/uieditor/widgets/social/social_friends.lua
luafile,#ui/uieditor/widgets/loottierboostpercentcontraband.lua
luafile,#ui/uieditor/widgets/social/social_infopane_trial.lua
luafile,#ui/uieditor/menus/keyboardtextfield.lua
luafile,#ui/uieditor/widgets/footer/footercontainer_frontend_right.lua
luafile,#ui/utility/leaderboardutility.lua
luafile,#hash_25b8fcbec467fcd4
luafile,#ui/uieditor/widgets/startgameflow/loadingscreenloadbar.lua
luafile,#ui/uieditor/widgets/pc/startmenu/pc_startmenu_options_keybindmessage_toplinedeco.lua
luafile,#ui/uieditor/widgets/systemoverlays/systemoverlay_layout_genericforeground_pc.lua
luafile,#ui/uieditor/conditions_helper.lua
luafile,#ui/uieditor/widgets/callingcards/loot2/callingcards_loot2_circusclown.lua
luafile,#ui/uieditor/widgets/footer/footerbutton_backhold.lua
luafile,#ui/uieditor/luielems/cp/cp_skip_scene_menu.lua
luafile,#ui/uieditor/widgets/startgameflow/loadingscreenheader_wz.lua
luafile,#ui/uieditor/widgets/social/social_partysettingsbutton.lua
luafile,#ui/uieditor/menus/freecursor/freecursor.lua
luafile,#ui/uieditor/widgets/callingcards/callingcards_code_cc.lua
luafile,#ui/uieditor/widgets/startmenu/startmenu_button_emblem_internal.lua
luafile,#ui/uieditor/widgets/aar_t8/levelup/aarlevelcommonboxes.lua
luafile,#hash_27cac000f20ef647
luafile,#ui/uieditor/widgets/pc/dropdown_listitem_leftalign.lua
luafile,#hash_284df6829d40e4c9
luafile,#ui/uieditor/widgets/callingcards/loot3/ui_icon_callingcards_stpatricks.lua
luafile,#ui/uieditor/widgets/callingcards/callingcards_weaponproficiencymaster.lua
luafile,#ui/uieditor/widgets/callingcards/loot2/callingcards_loot2_warriorcreatures.lua
luafile,#ui/uieditor/widgets/mphudwidgets/waypoint_textwithbg.lua
luafile,#ui/uieditor/widgets/backgroundframes/menuframeingame.lua
luafile,#ui/uieditor/widgets/social/social_callingcardsubtitle.lua
luafile,#ui/utility/aarutilityzm.lua
luafile,#ui/uieditor/widgets/systemoverlays/systemoverlay_fademask.lua
luafile,#ui/uieditor/widgets/startmenu/startmenu_button_sm.lua
luafile,#ui/uieditor/widgets/genericpopups/toast_container_clansteams.lua
luafile,#ui/uieditor/widgets/pc/reportdropdown_container.lua
luafile,#ui/uieditor/widgets/pc/startmenu/pc_startmenu_options_hudbounds_hints.lua
luafile,#ui/utility/pckoreaeventutility.lua
luafile,#ui/uieditor/widgets/chat/chatautocomplete.lua
luafile,#ui/uieditor/menus/startgameflow/loading_cp.lua
luafile,#ui/uieditor/widgets/cplevels/cpholdtoskipscenetext.lua
luafile,#ui/uieditor/widgets/fe_nat.lua
luafile,#ui/uieditor/widgets/callingcards/callingcards_mp_bootcamp_marksman_master.lua
luafile,#hash_2b3323cf0a349f3b
luafile,#ui/uieditor/widgets/startmenu/startmenu_connectionmeter.lua
luafile,#ui/utility/weaponutility.lua
luafile,#ui/uieditor/widgets/callingcards/callingcards_asset_mech.lua
luafile,#ui/uieditor/widgets/callingcards/callingcards_asset_zombies_astronaut.lua
luafile,#ui/uieditor/widgets/callingcards/callingcards_asset_jaw02.lua
luafile,#ui/uieditor/widgets/social/social_party.lua
luafile,#ui/uieditor/widgets/pc/startmenu/pc_startmenu_options_keybindmessage_text.lua
luafile,#ui/uieditor/widgets/freecursor/freecursorinfopanelcontainer.lua
luafile,#ui/utility/directorutility.lua
luafile,#ui/uieditor/widgets/callingcards/loot3/ui_icon_callingcards_dystopian_armmove.lua
luafile,#ui/uieditor/widgets/pc/socialmenu/pcsocialmenu_playerlistitem_playerinfos_invitebutton.lua
luafile,#ui/uieditor/widgets/common/commoncornerpips01.lua
luafile,#ui/uieditor/widgets/callingcards/loot3/ui_icon_callingcards_invasion_ufowbeam.lua
luafile,#ui/uieditor/widgets/startmenu/startmenu_codpoints.lua
luafile,#ui/uieditor/widgets/callingcards/callingcards_asset_dirtcar_shooter.lua
luafile,#ui/uieditor/widgets/genericpopups/kickerinternal.lua
luafile,#ui/uieditor/luielems/core/interactive_shot.lua
luafile,#ui/uieditor/widgets/systemoverlays/systemoverlay_layout_foregroundmultilinetext.lua
luafile,#ui/uieditor/widgets/genericpopups/gp_framebackgroundt.lua
luafile,#ui/uieditor/widgets/callingcards/loot3/ui_icon_callingcards_crimewave_wheelspin01.lua
luafile,#hash_2df1cd111f5f8b81
luafile,#ui/uieditor/widgets/callingcards/callingcards_replacer.lua
luafile,#ui/uieditor/widgets/callingcards/callingcards_zm_zombie_hunter.lua
luafile,#ui/uieditor/widgets/freecursor/infopanelsubwidgets/freecursorheaderinfo.lua
luafile,#ui/uieditor/widgets/pc/notifications/pc_notif_keyprompt.lua
luafile,#ui/utility/bonuscardutility.lua
luafile,#ui/utility/gametypeutility.lua
luafile,#ui/uieditor/widgets/pc/cyclinglist_itemcontrol.lua
luafile,#ui/utility/maputility.lua
luafile,#ui/uieditor/widgets/startmenu/options/startmenu_options_privacysettingsmanagementform.lua
luafile,#ui/uieditor/widgets/pc_achievementdetailview.lua
luafile,#ui/uieditor/widgets/callingcards/loot3/ui_icon_callingcards_stpatricks1.lua
luafile,#ui/uieditor/widgets/pc/pc_achievementdetailedview_points_bg.lua
luafile,#ui/uieditor/menus/pcui/pc_korea_bootsequence_rating.lua
luafile,#ui/uieditor/menus/overlaysystem/systemoverlay_compact.lua
luafile,#ui/utility/locationselectorutility.lua
luafile,#ui/utility/talentselectutility.lua
luafile,#ui/utility/weaponoptionsutility.lua
luafile,#ui/uieditor/widgets/callingcards/callingcards_asset_warwheel.lua
luafile,#ui/uieditor/widgets/pc/globaldropdown.lua
luafile,#hash_31bbdfd95385c733
luafile,#ui/uieditor/widgets/pc/startmenu/pcstartmenuoptionsunbindkeybindmessage.lua
luafile,#ui/uieditor/widgets/callingcards/callingcards_asset_dragon.lua
luafile,#ui/uieditor/widgets/pc/bnetstore/pc_bnetstore_devslogos.lua
luafile,#ui/utility/consoleutility.lua
luafile,#hash_3250e33f573aba87
luafile,#hash_32621bf43356e20e
luafile,#ui/uieditor/widgets/pc/socialmenu/pc_socialmenu_dropdownbnetstatus.lua
luafile,#hash_32892d6ed25a2a42
luafile,#ui/uieditor/widgets/callingcards/callingcards_asset_pirates_pirate.lua
luafile,#ui/uieditor/widgets/pc/startmenu/pc_startmenu_options_ftedesc.lua
luafile,#ui/uieditor/widgets/callingcards/callingcards_prestige_master.lua
luafile,#ui/uieditor/widgets/callingcards/callingcards_asset_vilains_fire.lua
luafile,#ui/uieditor/widgets/callingcards/callingcards_futureracing_asset02.lua
luafile,#ui/lui/lui.lua
luafile,#ui/uieditor/widgets/startmenu/options/legaltextviewerbody.lua
luafile,#ui/uieditor/widgets/callingcards/callingcards_asset_grunt_gun.lua
luafile,#ui/uieditor/widgets/startmenu/startmenu_options_network_statusoverview.lua
luafile,#hash_347218acae44242f
luafile,#ui/uieditor/widgets/pc/socialmenu/pcsocialmenu_playerlistitem.lua
luafile,#ui/uieditor/widgets/callingcards/callingcards_zombieapocalypse.lua
luafile,#ui/uieditor/widgets/pc/dropdown_leftalign.lua
luafile,#ui/uieditor/widgets/mphudwidgets/waypointprogressbar.lua
luafile,#ui/uieditor/widgets/emptyfocusablenocursorupdate.lua
luafile,#ui/uieditor/widgets/callingcards/callingcards_dark_ops_master.lua
luafile,#ui/uieditor/widgets/callingcards/callingcards_wz_heroics_master.lua
luafile,#ui/uieditor/widgets/menuspecificwidgets/scorestreaks/scorestreakvignettecontainer.lua
luafile,#ui/uieditor/widgets/callingcards/callingcards_bootcamp_master.lua
luafile,#ui/uieditor/luielems/luielembar_ct.lua
luafile,#ui/uieditor/widgets/callingcards/callingcards_summer.lua
luafile,#ui/uieditor/widgets/emptyfocusable.lua
luafile,#ui/uieditor/widgets/hud/corner9slice.lua
luafile,#ui/uieditor/widgets/startmenu/options/flyout/startmenu_options_settinggriditem.lua
luafile,#ui/utility/chatclientutility.lua
luafile,#ui/uieditor/widgets/pc/startmenu/pc_startmenu_options_ftedescbacking.lua
luafile,#ui/uieditor/widgets/startmenu/startmenu_button_callingcards_internal.lua
luafile,#ui/uieditor/widgets/cac/cac_itemtitleglow.lua
luafile,#ui/uieditor/widgets/cac/cac_buttonboxlrginactivestroke.lua
luafile,#ui/utility/demoutility.lua
luafile,#ui/uieditor/widgets/callingcards/loot3/ui_icon_callingcards_invasion_ufo.lua
luafile,#ui/uieditor/widgets/pc/footer/footerbutton_persistentrightcontainer.lua
luafile,#ui/utility/weaponattachmentsutility.lua
luafile,#ui/uieditor/widgets/pc/socialmenu/pc_socialmenu_sortbutton.lua
luafile,#ui/utility/pcutility.lua
luafile,#ui/uieditor/widgets/callingcards/callingcards_asset_pirates_armwithsword.lua
luafile,#hash_378cb69a788637aa
luafile,#ui/uieditor/widgets/pc/footer/footerbutton_tooltip.lua
luafile,#ui/uieditor/widgets/systemoverlays/systemoverlayspinner.lua
luafile,#ui/uieditor/widgets/pc/pc_achievements_totalpoints_circularprogress.lua
luafile,#ui/uieditor/widgets/genericpopups/toast_container_clansteams_checkmark.lua
luafile,#ui/uieditor/widgets/social/social_recentplayers.lua
luafile,#ui/uieditor/widgets/pc/freecursor/freecursorheaderlabelpc.lua
luafile,#ui/uieditor/widgets/startmenu/options/pc_startmenu_options_signinform.lua
luafile,#hash_38015b538edaa003
luafile,#ui/uieditor/widgets/social/social_playerdetailpopup_trial.lua
luafile,#ui/utility/warutility.lua
luafile,#ui/uieditor/widgets/cplevels/cphostskippingscene.lua
luafile,#ui/uieditor/widgets/callingcards/callingcards_asset_sparkle_star.lua
luafile,#ui/uieditor/widgets/pc/startmenu/pc_flexibleverticaltextblock.lua
luafile,#hash_3956881cc5f9812b
luafile,#hash_396582a7a8063d3a
luafile,#ui/uieditor/widgets/callingcards/loot2/callingcards_loot2_steampunk.lua
luafile,#ui/uieditor/widgets/startmenu/startmenu_options_gamepadlayoutoption.lua
luafile,#ui/uieditor/widgets/pc/expander.lua
luafile,#ui/utility/ftueutility.lua
luafile,#hash_3a006c7f25b41595
luafile,#ui/uieditor/widgets/startgameflow/loadingscreenloadbar_wz.lua
luafile,#ui/uieditor/widgets/callingcards/callingcards_asset_helicopter.lua
luafile,#ui/uieditor/widgets/cphudwidgets/waypointcentercp.lua
luafile,#ui/uieditor/widgets/callingcards/callingcards_asset_steampunkwarriors_gunsmoke.lua
luafile,#ui/utility/pcplayeraccountutility.lua
luafile,#ui/uieditor/widgets/startmenu/startmenu_smalltierboostnotification.lua
luafile,#ui/uieditor/widgets/pc/footer/footerbutton_bnetstore.lua
luafile,#ui/uieditor/widgets/callingcards/callingcards_asset_future_car.lua
luafile,#ui/utility/craftutility.lua
luafile,#ui/uieditor/widgets/callingcards/callingcards_superheroes_speed.lua
luafile,#ui/uieditor/widgets/arena/arenaleagueplayrubiesfive.lua
luafile,#ui/uieditor/widgets/startmenu/startmenu_button_emblem.lua
luafile,#ui/uieditor/widgets/mainoverlay.lua
luafile,#hash_3b7c947efd70e607
luafile,#ui/utility/jobfeedutility.lua
luafile,#ui/uieditor/widgets/callingcards/callingcards_replacer_cars1.lua
luafile,#ui/uieditor/widgets/social/social_managepartyplayerrealnamecontainer.lua
luafile,#hash_3c44848d9ffd5ffd
luafile,#ui/uieditor/widgets/pc/notifications/pc_notif_background.lua
luafile,#ui/utility/blackmarketutility.lua
luafile,#ui/uieditor/widgets/startmenu/options/flyout/startmenu_options_customsettingsindicator.lua
luafile,#ui/uieditor/widgets/verticalscrollingtextcontainer.lua
luafile,#ui/uieditor/widgets/callingcards/callingcards_asset_pirates_sword.lua
luafile,#ui/uieditor/widgets/callingcards/loot3/ui_icon_callingcards_robber_laser.lua
luafile,#ui/uieditor/widgets/callingcards/loot2/callingcards_loot2_warriorcreatures_hat.lua
luafile,#ui/uieditor/widgets/pc/options_categorylistseparation.lua
luafile,#ui/uieditor/widgets/startmenu/options/startmenuoptionsmaincorners.lua
luafile,#hash_3ce80e05745d6132
luafile,#ui/uieditor/widgets/callingcards/loot3/ui_icon_callingcards_stpatricks2.lua
luafile,#ui/uieditor/widgets/callingcards/callingcards_asset_vilains_sky.lua
luafile,#ui/uieditor/widgets/genericiconbutton_container.lua
luafile,#ui/utility/aarutilitycp.lua
luafile,#ui/uieditor/luielems/core/lower_message.lua
luafile,#ui/uieditor/menus/fullscreenwhite.lua
luafile,#ui/uieditor/widgets/buttonprogressring.lua
luafile,#ui/uieditor/widgets/pc/battlenet_checkout_closebutton.lua
luafile,#ui/uieditor/widgets/pc/togglebutton.lua
luafile,#ui/uieditor/widgets/pc/footer/footerbutton_player_internal.lua
luafile,#ui/uieditor/widgets/startmenu/startmenu_options.lua
luafile,#ui/uieditor/widgets/vehiclehuds/ground/vehicleground_vignetteback.lua
luafile,#ui/uieditor/widgets/footerbuttonprompt.lua
luafile,#ui/uieditor/widgets/systemoverlays/systemoverlay_supportwidget.lua
luafile,#ui/uieditor/widgets/common/commonlistbuttongenericlong.lua
luafile,#ui/uieditor/widgets/callingcards/callingcards_asset_graphic_burstspin.lua
luafile,#hash_3f73cc09d5573987
luafile,#ui/uieditor/widgets/social/social_safeareacontainer.lua
luafile,#ui/utility/scoreboardutility.lua
luafile,#ui/uieditor/widgets/chat/chatclientinputtextbox.lua
luafile,#ui/uieditor/widgets/pc/socialmenu/pcsocialmenu_playerlistitem_playerinfos_acceptinvitetoparty.lua
luafile,#ui/uieditor/widgets/common/commonidentitymembernamestreamlined.lua
luafile,#hash_403dae6c0b4dd824
luafile,#ui/uieditor/menus/hud/credit_fullscreen.lua
luafile,#ui/uieditor/widgets/common/commoncornerpips02.lua
luafile,#hash_4056de12cb3c02a8
luafile,#ui/uieditor/widgets/callingcards/loot2/callingcards_loot2_vikingbattles_characters.lua
luafile,#ui/uieditor/widgets/director/directorselectglowtab.lua
luafile,#ui/uieditor/widgets/pc/startmenu/controlsoptions/pc_startmenu_options_controls_description.lua
luafile,#ui/uieditor/widgets/commonbuttonoutline.lua
luafile,#ui/uieditor/widgets/callingcards/callingcards_signature_weapon_master.lua
luafile,#ui/uieditor/widgets/pc/socialmenu/pc_socialmenu_dropdownlistitem.lua
luafile,#ui/uieditor/widgets/pc/bnetstore/pc_bnetstore_legalbutton.lua
luafile,#ui/uieditor/widgets/startmenu/startmenu_options_simplecheckoption.lua
luafile,#ui/uieditor/widgets/startgameflow/tipwidgetlist.lua
luafile,#ui/uieditor/widgets/systemoverlays/systemoverlay_full_basicframe.lua
luafile,#ui/uieditor/widgets/startmenu/startmenu_options_numoption.lua
luafile,#ui/utility/gameendscoreutility.lua
luafile,#ui/uieditor/widgets/onoffimageanimated.lua
luafile,#ui/uieditor/widgets/startgameflow/loadingscreenplayerstats.lua
luafile,#ui/utility/spawnselectionutility.lua
luafile,#ui/utility/pcnotificationsutility.lua
luafile,#ui/uieditor/menus/social/social_partysettings.lua
luafile,#ui/uieditor/widgets/director/directorpartybarinternal.lua
luafile,#hash_4269f3a126773ae9
luafile,#ui/uieditor/widgets/startmenu/startmenu_options_safearea_hints.lua
luafile,#ui/uieditor/widgets/pc/presetsquare.lua
luafile,#ui/uieditor/widgets/mphudwidgets/waypoint.lua
luafile,#hash_4300f9d3edd11e08
luafile,#ui/utility/vehicleutility.lua
luafile,#ui/uieditor/widgets/chat/chatclientfilterbutton.lua
luafile,#ui/uieditor/luielems/initial_black.lua
luafile,#ui/uieditor/widgets/callingcards/callingcards_asset_black_hole.lua
luafile,#ui/utility/arenautility.lua
luafile,#ui/uieditor/widgets/loadinganimation/animationloadingwidget.lua
luafile,#ui/uieditor/widgets/hud/minimaponly.lua
luafile,#ui/lui/luigridlayout.lua
luafile,#ui/uieditor/widgets/social/joinbuttonprompt.lua
luafile,#hash_43a166748f26ccb5
luafile,#ui/uieditor/widgets/callingcards/callingcards_asset_truck.lua
luafile,#ui/uieditor/widgets/callingcards/callingcards_asset_ghost_spin.lua
luafile,#ui/utility/zmtalismanutility.lua
luafile,#ui/uieditor/widgets/systemoverlays/systemoverlay_compact_layout.lua
luafile,#ui/uieditor/widgets/pc/startmenu/controlsoptions/pc_startmenu_options_controls_list.lua
luafile,#ui/uieditor/widgets/zmfrontend/zmdoublenpwidget.lua
luafile,#ui/uieditor/widgets/startmenu/startmenu_identity.lua
luafile,#ui/uieditor/widgets/callingcards/loot3/ui_icon_callingcards_stpatricks_coin_anim.lua
luafile,#ui/uieditor/widgets/startmenu/options/startmenubuttonsmcontainer.lua
luafile,#ui/uieditor/menus/startmenu/startmenu_options_graphics_colorblind.lua
luafile,#ui/uieditor/widgets/common/commonheadertext.lua
luafile,#ui/uieditor/widgets/pc/pc_reporttextbox.lua
luafile,#ui/uieditor/widgets/callingcards/callingcards_asset_cold_breath.lua
luafile,#ui/uieditor/widgets/common/commonrightslideinpopup.lua
luafile,#ui/uieditor/widgets/callingcards/callingcards_zm_prestige_allseeingeye.lua
luafile,#ui/uieditor/widgets/callingcards/callingcards_tour_of_duty_master.lua
luafile,#ui/uieditor/widgets/mphudwidgets/waypoint_textbg.lua
luafile,#ui/uieditor/menus/steam/steamworkshoppublish.lua
luafile,#ui/uieditor/widgets/pc/socialmenu/pc_battlenet_contextualmenu.lua
luafile,#ui/uieditor/widgets/pc/pc_scrollbar.lua
luafile,#ui/utility/pcbattlenetutility.lua
luafile,#ui/uieditor/widgets/pc/sliderbar_slider.lua
luafile,#ui/utility/ammowidgetutility.lua
luafile,#ui/uieditor/widgets/callingcards/loot2/callingcards_loot2_surrealistlandscapes.lua
luafile,#ui/utility/videostreamingutility.lua
luafile,#ui/uieditor/widgets/social/social_infopane_presence.lua
luafile,#ui/uieditor/widgets/callingcards/callingcards_replacer_scooter.lua
luafile,#ui/uieditor/widgets/pc/startmenu/soundoptions/startmenu_options_pc_sound_sound.lua
luafile,#ui/uieditor/widgets/cac/cac_lock.lua
luafile,#ui/uieditor/widgets/callingcards/callingcards_framewidget.lua
luafile,#ui/uieditor/luielems/luielembar.lua
luafile,#ui/uieditor/menus/fullscreencolorunderhud.lua
luafile,#ui/uieditor/widgets/customgames/customgames_settingslider_internal.lua
luafile,#ui/uieditor/widgets/startmenu/startmenu_options_slider_control_item.lua
luafile,#ui/uieditor/widgets/callingcards/callingcards_marksman_master.lua
luafile,#ui/utility/zminventoryutility.lua
luafile,#ui/uieditor/widgets/pc/sliderbar_barhandle.lua
luafile,#ui/uieditor/widgets/pc/craft/craftactionslider.lua
luafile,#ui/uieditor/widgets/callingcards/callingcards_mode_killer_master.lua
luafile,#ui/utility/clanutility.lua
luafile,#ui/uieditor/widgets/scoreboard/tabbedscoreboardfuibox.lua
luafile,#ui/uieditor/menus/mp/migration.lua
luafile,#ui/utility/prestigeutility.lua
luafile,#ui/uieditor/widgets/startmenu/options/startmenu_options_controllerlayout.lua
luafile,#ui/uieditor/widgets/scrollbars/verticalscrollbar.lua
luafile,#hash_47138b6fa28be579
luafile,#ui/uieditor/widgets/callingcards/callingcards_wz_insigniaechelons_master.lua
luafile,#hash_4749d5baa3c649d2
luafile,#ui/uieditor/widgets/pc/startmenu/pc_startmenu_button_lg_internal.lua
luafile,#ui/uieditor/widgets/pc/utility/verticallistspacer.lua
luafile,#ui/uieditor/widgets/chat/ingame/ingamechatclientcontainer.lua
luafile,#ui/uieditor/widgets/callingcards/loot3/ui_icon_callingcards_crimewave.lua
luafile,#ui/uieditor/widgets/border.lua
luafile,#ui/uieditor/widgets/pc/hud/buttonprompt3d/pc_buttonprompt3dbind.lua
luafile,#ui/uieditor/widgets/pc/bnetstore/pc_bnetstore_itembutton_prices.lua
luafile,#ui/uieditor/widgets/callingcards/callingcards_zm_elixirs_talismans.lua
luafile,#ui/uieditor/widgets/startmenu/options/flyout/startmenu_options_settingslider.lua
luafile,#ui/uieditor/widgets/facebuttonwithkeymouse.lua
luafile,#ui/uieditor/widgets/callingcards/callingcards_asset_racoonarm_l.lua
luafile,#hash_4824e4515001a393
luafile,#ui/utility/overlayutility.lua
luafile,#ui/uieditor/widgets/pc/pc_achievementnotification_container.lua
luafile,#ui/uieditor/menus/fullscreenblack.lua
luafile,#ui/uieditor/widgets/genericpopups/toast_container_clansteams_baking.lua
luafile,#ui/uieditor/widgets/debug/lobbyprocessqueuedebugitem.lua
luafile,#ui/uieditor/menus/startgameflow/loading_mp.lua
luafile,#ui/uieditor/widgets/pc/pc_classoptionspopup.lua
luafile,#ui/uieditor/widgets/startmenu/startmenu_options_pc_gamepadcontrols.lua
luafile,#ui/uieditor/widgets/social/social_joinbtn.lua
luafile,#ui/uieditor/widgets/pc/notifications/pc_notif_container.lua
luafile,#ui/utility/fileshareutility.lua
luafile,#ui/uieditor/widgets/lobby/common/fe_buttonpanel.lua
luafile,#hash_49512f0c45263d36
luafile,#ui/uieditor/widgets/backgroundframes/genericmenuframe.lua
luafile,#ui/uieditor/widgets/pc/togglebutton_button.lua
luafile,#hash_49a5e848e2e4ceef
luafile,#ui/uieditor/widgets/customgames/customgames_settingslidernocustom.lua
luafile,#ui/utility/zombieutility.lua
luafile,#ui/uieditor/widgets/callingcards/loot3/ui_icon_callingcards_dystopian_character.lua
luafile,#hash_49f9cb86bbcc1d48
luafile,#ui/uieditor/widgets/pc/pc_achievement.lua
luafile,#ui/uieditor/widgets/social/social_infopane_presence_joinable.lua
luafile,#ui/uieditor/widgets/startgameflow/loadingscreensharedcpzm.lua
luafile,#ui/main.lua
luafile,#ui/uieditor/widgets/callingcards/loot2/callingcards_loot2_vikingbattles_blood01.lua
luafile,#ui/uieditor/widgets/pc/footer/footerbutton_player_emblem.lua
luafile,#ui/uieditor/widgets/footer/footerbuttondoubleprompts.lua
luafile,#ui/uieditor/widgets/pc/socialmenu/pcsocialmenu_playerlistitem_playerinfos_invitetoparty.lua
luafile,#ui/uieditor/widgets/pc/startmenu/pc_startmenu_options_keybindmessage.lua
luafile,#ui/uieditor/widgets/pc/pc_battlenet_expanderbutton.lua
luafile,#ui/uieditor/menus/startmenu/startmenu_options_graphics_safearea.lua
luafile,#ui/uieditor/widgets/tabbedwidgets/basictabwidget.lua
luafile,#ui/uieditor/widgets/notifications/notificationqueuewidgets/notificationrewardqueuewidgets/notification2xpreward.lua
luafile,#ui/uieditor/widgets/freecursor/freecursordetaileddescriptioncontainer.lua
luafile,#ui/uieditor/widgets/pc/startmenu/pc_startmenu_options_list.lua
luafile,#ui/uieditor/widgets/pc/dropdown_itemlist.lua
luafile,#ui/uieditor/widgets/callingcards/callingcards_replacer_smoke.lua
luafile,#ui/uieditor/widgets/callingcards/callingcards_zm_survivalist.lua
luafile,#ui/uieditor/widgets/callingcards/loot2/callingcards_loot2_circusclown_fire03.lua
luafile,#ui/uieditor/widgets/keyboardtextfieldinputcontainer.lua
luafile,#ui/uieditor/widgets/common/commonlistbuttonshort.lua
luafile,#ui/lui/luitext.lua
luafile,#ui/uieditor/widgets/hud/buttonprompt3dcpzm_usebuttonicon.lua
luafile,#ui/uieditor/widgets/hud/mp_voipwidget/voip_entry.lua
luafile,#ui/uieditor/widgets/startmenu/startmenu_quitbuttonfill.lua
luafile,#ui/uieditor/widgets/pc/startmenu/graphicsoptions/startmenu_options_pc_graphicsoptions_descriptiontextbox.lua
luafile,#ui/uieditor/widgets/startmenu/startmenu_stenciledconnectionmeter.lua
luafile,#ui/uieditor/menus/startgameflow/loading_wz_splitscreen.lua
luafile,#ui/uieditor/widgets/callingcards/callingcards_asset_fish_donut.lua
luafile,#ui/uieditor/widgets/pc/pc_achievement_container.lua
luafile,#hash_4ec6d0576107b68a
luafile,#ui/uieditor/widgets/pc/pc_simplevscrolllist_list.lua
luafile,#ui/uieditor/widgets/genericpopups/toastnotification.lua
luafile,#ui/uieditor/widgets/pc/bnetstore/pc_bnetstore_background.lua
luafile,#ui/uieditor/widgets/pc/bnetstore/pc_bnetstore_giftbutton_texts.lua
luafile,#ui/uieditor/widgets/callingcards/callingcards_replacer_cars2.lua
luafile,#ui/uieditor/widgets/notifications/notificationqueuewidgets/notificationrewardqueuewidgets/notification2xpblackmarketreward.lua
luafile,#hash_4f2835822fb080af
luafile,#ui/utility/bountyhunterutility.lua
luafile,#hash_4fb12287640e989a
luafile,#ui/base.lua
luafile,#ui/uieditor/widgets/notifications/notificationqueuewidgets/notificationrewardqueuewidgets/notification2xpweaponreward.lua
luafile,#ui/uieditor/widgets/systemoverlays/featureoverlay_button_container.lua
luafile,#ui/uieditor/widgets/callingcards/callingcards_zm_zombie_hunter_08.lua
luafile,#ui/uieditor/widgets/callingcards/callingcards_specialistzombies.lua
luafile,#ui/utility/startmenuutility.lua
luafile,#ui/uieditor/widgets/callingcards/callingcards_asset_pirates_flag.lua
luafile,#ui/uieditor/widgets/callingcards/callingcards_invasion.lua
luafile,#ui/uieditor/widgets/callingcards/callingcards_loot_cowboyandmonsters.lua
luafile,#ui/uieditor/widgets/pc/socialmenu/pcsocialmenu_playerslist.lua
luafile,#ui/uieditor/widgets/systemoverlays/systemoverlay_freecursor_full_layout.lua
luafile,#ui/uieditor/widgets/emptyfocusablenoyield.lua
luafile,#ui/uieditor/widgets/pc/socialmenu/pcsocialmenu_playersearchbox.lua
luafile,#ui/uieditor/widgets/callingcards/callingcards_professional_master.lua
luafile,#hash_518cfde096933f27
luafile,#ui/uieditor/widgets/social/social_managepartyplayerbuttoninternal.lua
luafile,#ui/uieditor/widgets/systemoverlays/systemoverlay_compact_basicframe.lua
luafile,#ui/uieditor/widgets/hud/fadingskipprompt.lua
luafile,#ui/uieditor/widgets/pc/startmenu/graphicsoptions/startmenu_options_pc_graphicsoptions_description.lua
luafile,#ui/uieditor/widgets/hud/movieplayback/moviesubtitles.lua
luafile,#ui/uieditor/widgets/systemoverlays/systemoverlay_layout_foregroundvlayout.lua
luafile,#ui/uieditor/widgets/callingcards/callingcards_asset_superheroes_speed_rightarm.lua
luafile,#ui/uieditor/widgets/pc/pc_codaccount_editableoption.lua
luafile,#ui/uieditor/widgets/pc/socialmenu/pcsocialmenu_genericbutton.lua
luafile,#ui/utility/playerstatsutility.lua
luafile,#ui/uieditor/widgets/callingcards/loot3/ui_icon_callingcards_prestigemaster.lua
luafile,#ui/uieditor/widgets/pc/startmenu/controlsoptions/pc_startmenu_options_controls_tabcontent_keybinding_previewbutton.lua
luafile,#ui/uieditor/widgets/pc/pc_achievements_totalpoints.lua
luafile,#ui/uieditor/widgets/tabbedwidgets/basictablist.lua
luafile,#ui/uieditor/widgets/fileshare/fullscreenpopup/fullscreenpopuptemplate.lua
luafile,#ui/uieditor/widgets/startmenu/startmenu_options_controls_genericcontrolleritem.lua
luafile,#hash_52e308906d6dbed4
luafile,#ui/uieditor/widgets/pc/pc_scrolldown.lua
luafile,#ui/utility/analyticsutility.lua
luafile,#ui/uieditor/widgets/notifications/xp/doublexpiconsinternal.lua
luafile,#ui/utility/baseutility.lua
luafile,#ui/uieditor/widgets/startmenu/startmenu_identity_subtitle.lua
luafile,#ui/uieditor/widgets/callingcards/loot3/ui_icon_callingcards_stpatricks_speedlines.lua
luafile,#ui/uieditor/widgets/pc/socialmenu/pc_battlenetfriend_sentinvite.lua
luafile,#hash_536ef4eff76e7dd5
luafile,#ui/uieditor/widgets/mphudwidgets/waypointarrow.lua
luafile,#ui/utility/scorestreakselectutility.lua
luafile,#ui/uieditor/widgets/pc/startmenu/graphicsoptions/startmenu_options_pc_graphics_game.lua
luafile,#ui/uieditor/widgets/callingcards/callingcards_asset_vortex.lua
luafile,#ui/uieditor/widgets/hud/inputprompt.lua
luafile,#ui/uieditor/widgets/social/social_managepartyplayerbutton.lua
luafile,#ui/uieditor/widgets/chat/chatclientchatentryplayername.lua
luafile,#ui/uieditor/widgets/startmenu/startmenu_connectionmeter_packetlossimage.lua
luafile,#hash_5550335da3d2c9b4
luafile,#ui/uieditor/widgets/mphudwidgets/gametypescoreinfo/waypointtimercountdown.lua
luafile,#ui/uieditor/widgets/callingcards/callingcards_operations_killjoys.lua
luafile,#ui/uieditor/widgets/callingcards/callingcards_asset_birds_white.lua
luafile,#ui/utility/pcachievementsutility.lua
luafile,#ui/uieditor/menus/startmenu/popups/startmenu_options_privacysettings.lua
luafile,#ui/uieditor/widgets/pc/utility/textbacking.lua
luafile,#ui/uieditor/widgets/bumperbuttonwithkeymouse.lua
luafile,#ui/uieditor/widgets/startmenu/options/pc_startmenu_optionstabs.lua
luafile,#ui/uieditor/widgets/callingcards/callingcards_operations_humiliation_unforgiving.lua
luafile,#ui/uieditor/widgets/startmenu/options/flyout/startmenu_options_settingbutton_wrapper.lua
luafile,#hash_5730c67d39718c78
luafile,#ui/uieditor/widgets/callingcards/callingcards_asset_spinburst_container.lua
luafile,#ui/uieditor/widgets/callingcards/callingcards_asset_techgunner_helicopter.lua
luafile,#hash_5784e20235922562
luafile,#ui/uieditor/widgets/pc/contextualmenu.lua
luafile,#hash_57a2696d2ddbda2b
luafile,#ui/uieditor/widgets/pc_notif.lua
luafile,#ui/uieditor/widgets/pc/craft/craftactionsliderwidget.lua
luafile,#ui/uieditor/widgets/callingcards/loot2/callingcards_loot2_warriorcreatures_tail.lua
luafile,#ui/uieditor/widgets/onoffimage.lua
luafile,#ui/uieditor/widgets/pc/socialmenu/pc_socialmenu_friendtabcontent.lua
luafile,#ui/uieditor/widgets/startgameflow/tipwidgetlist_wz.lua
luafile,#ui/uieditor/widgets/pc/startmenu/pc_startmenu_options_glow.lua
luafile,#ui/uieditor/widgets/callingcards/callingcards_survivalist_master.lua
luafile,#hash_597bfea26cbedda3
luafile,#ui/uieditor/widgets/startmenu/startmenu_button_hero.lua
luafile,#ui/uieditor/widgets/hud/carryinputprompt.lua
luafile,#ui/uieditor/widgets/pc/sliderbar_barhandle_bardetail.lua
luafile,#ui/uieditor/widgets/startmenu/startmenu_options_sliderbar_bar.lua
luafile,#ui/uieditor/widgets/fileshare/fileshareoptionbutton.lua
luafile,#ui/uieditor/widgets/callingcards/callingcards_cowboybounce.lua
luafile,#ui/uieditor/widgets/pc/pc_achievementnotification.lua
luafile,#ui/uieditor/widgets/callingcards/callingcards_asset_skelladog_eyeglow.lua
luafile,#ui/uieditor/widgets/pc/hud/hud_keypromptframe_ability.lua
luafile,#ui/uieditor/widgets/social/social_playerslistbuttonwithcheckbox.lua
luafile,#ui/utility/arenaleagueplayutility.lua
luafile,#ui/uieditor/widgets/pc/socialmenu/pc_battlenetfriend_nameandrealid.lua
luafile,#ui/utility/lobbyutility.lua
luafile,#ui/uieditor/widgets/pc/bnetstore/pc_bnetstore_keyart.lua
luafile,#ui/uieditor/widgets/pc/dropdown_list_leftalign.lua
luafile,#ui/uieditor/widgets/pc/socialmenu/pcsocialmenu_playerlistitem_playerinfos_acceptinvitebutton.lua
luafile,#ui/uieditor/widgets/pc/startmenu/dropdown/optiondropdown.lua
luafile,#ui/uieditor/widgets/freecursor/tooltiparchetypes/tooltipactionprompt.lua
luafile,#ui/uieditor/widgets/director/directorlobbyclanandmembername.lua
luafile,#ui/uieditor/widgets/store/storecommontextbacking.lua
luafile,#ui/uieditor/widgets/pc/verticalstripes.lua
luafile,#ui/uieditor/widgets/callingcards/callingcards_wz_darkops_master.lua
luafile,#ui/utility/specialeventutility.lua
luafile,#ui/utility/entitlementutility.lua
luafile,#ui/uieditor/menus/pcui/pc_ui_test_menu.lua
luafile,#ui/uieditor/widgets/lobby/common/fe_buttonfocus.lua
luafile,#ui/uieditor/widgets/callingcards/callingcards_asset_steampunkwarriors_gunshoteffect.lua
luafile,#ui/uieditor/widgets/lobby/common/layoutelements/commonbglayoutelement02.lua
luafile,#ui/uieditor/widgets/pc/startmenu/graphicsoptions/startmenu_options_pc_graphics_video.lua
luafile,#ui/uieditor/widgets/callingcards/callingcards_operations_precision_master.lua
luafile,#hash_5e63881aef201539
luafile,#ui/utility/upsellutility.lua
luafile,#ui/uieditor/menus/social/social_main.lua
luafile,#ui/uieditor/luielems/luielemtext.lua
luafile,#ui/uieditor/widgets/pc/footer/footerbutton_player.lua
luafile,#ui/uieditor/widgets/footer/fe_leftcontainer_notlobbypc.lua
luafile,#ui/uieditor/widgets/callingcards/callingcards_prestige_efficiency_master.lua
luafile,#ui/uieditor/widgets/startmenu/startmenu_options_button.lua
luafile,#ui/uieditor/widgets/common/commontabbar.lua
luafile,#ui/uieditor/widgets/social/social_managepartyplayerbuttonrankdetailswithrubies.lua
luafile,#ui/uieditor/widgets/callingcards/callingcards_prestige_prestige_badass.lua
luafile,#ui/uieditor/modifyfunctions.lua
luafile,#ui/uieditor/widgets/customgames/customgames_settingsliderlist.lua
luafile,#ui/uieditor/widgets/pc/socialmenu/pcsocialmenu_framedbutton.lua
luafile,#ui/uieditor/widgets/arena/arenaprogressionrubies.lua
luafile,#ui/uieditor/widgets/systemoverlays/featureoverlay_button_mouseonly.lua
luafile,#ui/uieditor/widgets/backgroundframes/identitybadgeupperrightsafe.lua
luafile,#ui/uieditor/widgets/pc/bnetstore/pc_bnetstore_itembutton.lua
luafile,#ui/uieditor/widgets/pc/socialmenu/pc_battlenetfriend_online.lua
luafile,#ui/uieditor/widgets/startmenu/options/startmenuoptionsheader.lua
luafile,#ui/uieditor/widgets/cac/newbreadcrumb.lua
luafile,#ui/uieditor/widgets/startmenu/options/pc_startmenu_optionstabs_background.lua
luafile,#ui/uieditor/widgets/hud/mp_voipwidget/voip_container.lua
luafile,#ui/uieditor/widgets/pc/startmenu/graphicsoptions/startmenu_options_pc_graphics_tabcontent.lua
luafile,#ui/uieditor/widgets/callingcards/loot2/callingcards_loot2_vikingbattles_righthand.lua
luafile,#ui/uieditor/widgets/callingcards/callingcards_asset_astromonkey.lua
luafile,#ui/uieditor/widgets/common/commoncenteredpopup.lua
luafile,#ui/uieditor/widgets/pc/footer/footerbutton_persistent.lua
luafile,#ui/uieditor/widgets/freecursor/infopanelsubwidgets/freecursornolabelbuttonprompt.lua
luafile,#ui/uieditor/widgets/callingcards/loot3/ui_icon_callingcards_invasion_lamb3.lua
luafile,#ui/uieditor/luielems/full_screen_black.lua
luafile,#ui/uieditor/widgets/pc/socialmenu/pc_battlenet_expander.lua
luafile,#ui/uieditor/widgets/pc/socialmenu/pcsocialmenu_dropdown_itemlist.lua
luafile,#ui/uieditor/widgets/pc/battlenetfriendlist/pc_battlenet_friendrequestpopup.lua
luafile,#ui/uieditor/widgets/pc/pc_smallturnoffnotifbutton.lua
luafile,#ui/uieditor/widgets/callingcards/loot2/callingcards_loot2_surrealistlandscapes_ball.lua
luafile,#ui/uieditor/widgets/pc/startmenu/voiceoptions/startmenu_options_pc_voice_voice.lua
luafile,#ui/uieditor/widgets/social/social_managepartyplayerbuttonrankdetails.lua
luafile,#ui/uieditor/widgets/playercard/callingcard.lua
luafile,#ui/uieditor/widgets/pc/separationline_vertical.lua
luafile,#ui/utility/modelutility.lua
luafile,#ui/uieditor/widgets/aar_t8/aarcommonbacking.lua
luafile,#ui/uieditor/widgets/genericpopups/toast_container_texts.lua
luafile,#hash_63c07c47aa48fdcf
luafile,#ui/uieditor/widgets/hud/ingametalkerswidget.lua
luafile,#ui/uieditor/widgets/pc/listitemnocategory.lua
luafile,#ui/uieditor/widgets/social/social_playerslistbutton_joinandinvitebutton.lua
luafile,#hash_644a49ecc643103f
luafile,#ui/uieditor/widgets/common/commonlistbuttongenericshort.lua
luafile,#ui/uieditor/widgets/callingcards/loot2/callingcards_loot_cuteanimals.lua
luafile,#ui/uieditor/widgets/debug/lobbydebugoverlay.lua
luafile,#ui/uieditor/widgets/chat/chatclientchatentryscrollview.lua
luafile,#ui/uieditor/widgets/pc/footer/footerbutton_frontend_pc_left.lua
luafile,#ui/uieditor/widgets/genericpopups/loot_bonustoastgenericbacking.lua
luafile,#ui/uieditor/widgets/callingcards/loot2/callingcards_loot2_circusclown_fire01.lua
luafile,#ui/uieditor/widgets/common/commonfocusbrackets.lua
luafile,#ui/uieditor/widgets/pc/footer/footer_bg.lua
luafile,#ui/uieditor/widgets/callingcards/loot2/callingcards_loot2_surrealistlandscapes_stairs.lua
luafile,#ui/uieditor/widgets/pc_achievementprogressbar.lua
luafile,#ui/uieditor/datasources.lua
luafile,#ui/uieditor/colorsets.lua
luafile,#ui/uieditor/widgets/systemoverlays/featureoverlay_layout.lua
luafile,#ui/uieditor/widgets/callingcards/callingcards_summer_lenseflare.lua
luafile,#ui/uieditor/widgets/pc/contextualmenuaction.lua
luafile,#ui/uieditor/widgets/pc/startmenu/dropdown/optiondropdownitem.lua
luafile,#ui/uieditor/widgets/callingcards/callingcards_asset_vilains.lua
luafile,#ui/uieditor/widgets/callingcards/callingcards_asset_robotdawg.lua
luafile,#hash_6624cda7f88e1032
luafile,#ui/uieditor/widgets/pc/startmenu/accessibilityoptions/startmenu_options_pc_accessibilityoptions_suboptionsnavigation.lua
luafile,#ui/uieditor/widgets/pc/socialmenu/pc_battlenetfriend_offline.lua
luafile,#ui/uieditor/luielems/core/scavenger_icon.lua
luafile,#ui/utility/codaccountutility.lua
luafile,#ui/uieditor/widgets/social/social_infopane.lua
luafile,#ui/uieditor/widgets/callingcards/callingcards_game_victories.lua
luafile,#hash_6681fedec78ff621
luafile,#ui/utility/lootcontractsutility.lua
luafile,#ui/uieditor/widgets/common/commonidentitywidgetstreamlinedsafeareacontainer.lua
luafile,#ui/uieditor/widgets/pc/pc_scrollbar_container.lua
luafile,#ui/uieditor/widgets/pc/startmenu/pc_startmenu_options_keybindmessage_background.lua
luafile,#ui/uieditor/widgets/freecursor/freecursoridentitypanel.lua
luafile,#ui/utility/playerroleutility.lua
luafile,#ui/utility/surveyutility.lua
luafile,#ui/uieditor/widgets/pc/dropdownlist.lua
luafile,#ui/uieditor/widgets/callingcards/callingcards_robbery.lua
luafile,#ui/utility/arenainvitationalutility.lua
luafile,#ui/uieditor/widgets/pc/bnetstore/pc_bnetstore_purchasebutton.lua
luafile,#ui/uieditor/widgets/callingcards/loot2/callingcards_loot2_warriorcreatures_character.lua
luafile,#ui/uieditor/widgets/startmenu/options/flyout/startmenu_options_settinginfo.lua
luafile,#ui/uieditor/widgets/social/social_partysettingsbuttoninternal.lua
luafile,#ui/uieditor/widgets/social/social_infopane_party.lua
luafile,#ui/uieditor/widgets/callingcards/callingcards_mp_100percent.lua
luafile,#ui/uieditor/menus/pcui/formation/pc_ui_formationmenu.lua
luafile,#ui/uieditor/widgets/callingcards/callingcards_asset_grunt_radio_container.lua
luafile,#ui/uieditor/widgets/common/commonplasmacurrency.lua
luafile,#ui/uieditor/widgets/hud/obituary/obituaryblurbacking.lua
luafile,#ui/uieditor/widgets/pc/socialmenu/pcsocialmenu_playerlistitem_playerinfos.lua
luafile,#ui/uieditor/widgets/buttonprompt.lua
luafile,#ui/codroot.lua
luafile,#hash_68bffa67adecd788
luafile,#hash_68d32b03e55ea065
luafile,#ui/utility/colorutility.lua
luafile,#ui/lui/luihorizontallist.lua
luafile,#ui/uieditor/widgets/pc/openbutton_button.lua
luafile,#ui/uieditor/widgets/freecursor/infopanelsubwidgets/freecursorpartyleader.lua
luafile,#ui/uieditor/widgets/startmenu/options/flyout/startmenu_options_settingslider_wrapper.lua
luafile,#ui/utility/metricsutility.lua
luafile,#ui/uieditor/menus/startmenu/popups/pc_startmenu_options_codaccount_signin.lua
luafile,#ui/uieditor/widgets/pc/craft/craftactionbutton.lua
luafile,#ui/uieditor/widgets/startmenu/startmenu_quitbuttonfitted.lua
luafile,#ui/uieditor/widgets/startmenu/startmenu_options_network_overviewpanel.lua
luafile,#hash_6a1631e91978f556
luafile,#ui/uieditor/widgets/callingcards/loot3/ui_icon_callingcards_crimewave_criminalcar.lua
luafile,#ui/uieditor/widgets/genericpopups/loot_toastframebackground.lua
luafile,#ui/utility/arenarankedplayutility.lua
luafile,#ui/uieditor/widgets/social/pc_socialmenu_addfriendtextbox.lua
luafile,#ui/uieditor/widgets/pc/socialmenu/pcsocialmenu_playerlistitem_playerinfos_removebutton.lua
luafile,#ui/uieditor/widgets/startgameflow/tipwidgetbacking.lua
luafile,#ui/uieditor/widgets/mphudwidgets/waypointprogressring.lua
luafile,#ui/uieditor/widgets/pc/dropdown.lua
luafile,#ui/uieditor/widgets/callingcards/loot3/ui_icon_callingcards_crimewave_wheelspin02.lua
luafile,#ui/uieditor/widgets/pc/freecursor/pc_tooltipspromptsbackground.lua
luafile,#ui/uieditor/widgets/pc/pc_achievementdetailedview_points.lua
luafile,#ui/utility/feedutility.lua
luafile,#ui/uieditor/widgets/callingcards/callingcards_futureracing_asset01.lua
luafile,#ui/uieditor/widgets/customgames/customgames_settingbutton_internal.lua
luafile,#ui/uieditor/widgets/pc/socialmenu/pcsocialmenu_playersfiltertab.lua
luafile,#ui/uieditor/widgets/startgameflow/loadingscreenheader.lua
luafile,#ui/uieditor/widgets/callingcards/callingcards_asset_racoonarm_r.lua
luafile,#ui/uieditor/widgets/common/commoncheckbox.lua
luafile,#hash_6cc79db65b286098
luafile,#hash_6ce8704116c6f3e1
luafile,#ui/uieditor/widgets/pc/footer/footerbutton_persistentleftcontainer.lua
luafile,#ui/uieditor/widgets/startmenu/startmenu_button_hero_internal.lua
luafile,#ui/uieditor/widgets/freecursor/infopanelsubwidgets/freecursorbuttonpromptcontainer.lua
luafile,#ui/uieditor/widgets/debug/lobbyprocessqueuedebugitemtext.lua
luafile,#ui/uieditor/widgets/pc/socialmenu/pc_socialmenu_partyinvitestab.lua
luafile,#ui/uieditor/widgets/startmenu/options/startmenu_options_codaccountbutton.lua
luafile,#hash_6dbdcaf71c56394d
luafile,#ui/uieditor/widgets/startmenu/options/startmenuoptionsbackground.lua
luafile,#ui/uieditor/widgets/startmenu/startmenu_options_pc_keybindertooltip.lua
luafile,#hash_6df9162dceac3de8
luafile,#ui/uieditor/widgets/director/directorbuttonadd.lua
luafile,#ui/uieditor/menus/overlaysystem/systemoverlay_freecursor_full.lua
luafile,#ui/uieditor/menus/startmenu/startmenu_main.lua
luafile,#ui/lui/luilist.lua
luafile,#ui/uieditor/widgets/social/social_playercard.lua
luafile,#ui/utility/optionsutility.lua
luafile,#ui/uieditor/widgets/callingcards/callingcards_heavymetal.lua
luafile,#ui/uieditor/widgets/callingcards/callingcards_asset_truckwheelanimation.lua
luafile,#hash_6f850c5d44f3d423
luafile,#ui/uieditor/widgets/callingcards/callingcards_asset_bomber_plane.lua
luafile,#ui/uieditor/widgets/loadinganimation/spinnerloadinganimation.lua
luafile,#ui/uieditor/widgets/callingcards/callingcards_humiliation_master.lua
luafile,#ui/uieditor/widgets/debug/lobbyprocessqueuedebug.lua
luafile,#ui/uieditor/widgets/pc/startmenu/controlsoptions/pc_startmenu_options_controls_tabcontent_dropdownpresetkeybindings.lua
luafile,#hash_703bc1b69f98130d
luafile,#ui/uieditor/conditions.lua
luafile,#ui/uieditor/menus/overlaysystem/systemoverlay_freecursor.lua
luafile,#ui/utility/bgbutility.lua
luafile,#ui/uieditor/widgets/common/commonlistbutton.lua
luafile,#ui/uieditor/widgets/systemoverlays/systemoverlay_alertstatusbar.lua
luafile,#ui/uieditor/widgets/systemoverlays/systemoverlay_layout_genericforeground_full.lua
luafile,#hash_70f15fac188f6301
luafile,#ui/uieditor/widgets/systemoverlays/systemoverlay_full_layout.lua
luafile,#hash_71209bc67e205ceb
luafile,#ui/uieditor/widgets/callingcards/callingcards_goldframe.lua
luafile,#ui/utility/cputility.lua
luafile,#ui/uieditor/widgets/pc/openbutton.lua
luafile,#ui/utility/pcwidgetutility.lua
luafile,#ui/utility/healthutility.lua
luafile,#ui/uieditor/widgets/pc/socialmenu/pc_battlenetfriend_receiveinvite.lua
luafile,#ui/uieditor/widgets/common/commonxpicon.lua
luafile,#ui/uieditor/widgets/callingcards/callingcards_snakegods.lua
luafile,#hash_7210f3ebf652ff83
luafile,#ui/uieditor/widgets/genericpopups/toast_container_blackmarket.lua
luafile,#ui/utility/rankutility.lua
luafile,#ui/uieditor/widgets/callingcards/callingcards_prestige_gear_master.lua
luafile,#ui/uieditor/widgets/pc/startmenu/controlsoptions/pc_startmenu_options_controls_listcontainer.lua
luafile,#ui/uieditor/widgets/social/social_playerslistrankinfo.lua
luafile,#ui/uieditor/widgets/pc/hud/hud_keypromptframe_scorestreak.lua
luafile,#ui/uieditor/widgets/freecursor/infopanelsubwidgets/freecursornolabelbuttonpromptcontainer.lua
luafile,#hash_7370c75599db15e7
luafile,#ui/uieditor/widgets/pc/startmenu/pc_startmenu_options_tick.lua
luafile,#ui/uieditor/widgets/keyboardtextfieldinputcursor.lua
luafile,#ui/uieditor/widgets/genericsimplebutton_container.lua
luafile,#ui/uieditor/widgets/commonlistbuttongenericinternal.lua
luafile,#ui/uieditor/widgets/pc/startmenu/controlsoptions/pc_startmenu_options_controls_keyvisual.lua
luafile,#ui/utility/zmloadoututility.lua
luafile,#ui/uieditor/widgets/common/commonrankiconandranklarge.lua
luafile,#ui/uieditor/widgets/startmenu/startmenu_connectionmetercontainer.lua
luafile,#ui/uieditor/widgets/chat/chatclientchatentriesview.lua
luafile,#ui/uieditor/widgets/common/commonidentitywidgetstreamlinedinternal.lua
luafile,#ui/utility/hudutility.lua
luafile,#ui/uieditor/widgets/pc/startmenu/controlsoptions/pc_startmenu_options_tabcontent.lua
luafile,#hash_74a78d8a67c89978
luafile,#ui/uieditor/widgets/callingcards/callingcards_asset_swordstab.lua
luafile,#ui/uieditor/widgets/footer/fe_leftcontainer_notlobby.lua
luafile,#ui/uieditor/widgets/callingcards/loot2/callingcards_loot2_circusclown_fire02.lua
luafile,#ui/uieditor/widgets/social/social_playerslistbutton_trial.lua
luafile,#ui/uieditor/widgets/systemoverlays/featureoverlay_framevlayout_buttons.lua
luafile,#ui/uieditor/menus/startgameflow/loading_wz.lua
luafile,#ui/uieditor/widgets/pc/pc_telemetryitem.lua
luafile,#ui/uieditor/widgets/pc/hud/keypromptbacking.lua
luafile,#ui/utility/zombiescallingsutility.lua
luafile,#hash_75790199139dbf58
luafile,#ui/uieditor/widgets/startmenu/startmenu_options_slider.lua
luafile,#ui/uieditor/widgets/startmenu/options/pc_startmenu_options_registrationform.lua
luafile,#ui/uieditor/widgets/callingcards/callingcards_zombies.lua
luafile,#ui/uieditor/widgets/freecursor/infopanelsubwidgets/freecursorheaderlabel.lua
luafile,#ui/uieditor/widgets/callingcards/loot3/ui_icon_callingcards_crimewave_policecar.lua
luafile,#ui/uieditor/widgets/pc/pc_vscrollbar.lua
luafile,#ui/uieditor/widgets/mp/firsttimeflow/firsttimebrightnesspreview.lua
luafile,#hash_7642add8f4749c6e
luafile,#ui/uieditor/widgets/pc/startmenu/pc_highlightborder.lua
luafile,#ui/uieditor/widgets/pc/startmenu/listitem.lua
luafile,#ui/uieditor/widgets/common/commonheader.lua
luafile,#ui/uieditor/widgets/callingcards/callingcards_asset_spiderleg_animated.lua
luafile,#ui/uieditor/widgets/genericiconbutton.lua
luafile,#ui/utility/deathcamutility.lua
luafile,#ui/uieditor/widgets/craft/emblemeditor/emblemoptionsbutton_internal.lua
luafile,#ui/uieditor/widgets/pc/startmenu/controlsoptions/pc_startmenu_options_controls_descriptionimage.lua
luafile,#ui/uieditor/widgets/director/directorlobbyleader.lua
luafile,#ui/uieditor/widgets/social/social_playerslistbutton.lua
luafile,#ui/uieditor/widgets/pc/pc_achievementdetailedview_desc_bg.lua
luafile,#ui/utility/cacutility.lua
luafile,#ui/lui/luiverticallist.lua
luafile,#ui/uieditor/widgets/callingcards/loot2/callingcards_loot2_postapocalyptic.lua
luafile,#ui/lui/luitimer.lua
luafile,#ui/uieditor/widgets/pc/pc_vscrolllist_list.lua
luafile,#ui/uieditor/widgets/startmenu/startmenu_connectionmeter_pingimage.lua
luafile,#ui/uieditor/menus/pcui/pc_bnetstore.lua
luafile,#ui/uieditor/widgets/lobby/common/fe_listsubheaderpanel.lua
luafile,#hash_78faff30eeb726e1
luafile,#ui/uieditor/widgets/chat/ingame/ingamechatclient.lua
luafile,#ui/uieditor/menus/startmenu/popups/legaltextviewermenu.lua
luafile,#ui/uieditor/widgets/social/social_emptyframe.lua
luafile,#ui/uieditor/widgets/challenges/challenges_framewidget_titlebackground.lua
luafile,#ui/uieditor/widgets/chat/chatcliententrycontainer.lua
luafile,#ui/lui/luiwheellayout.lua
luafile,#ui/uieditor/widgets/chat/chatclientchatentrystaticview.lua
luafile,#ui/uieditor/widgets/callingcards/loot2/callingcards_loot2_safarihunter.lua
luafile,#ui/uieditor/widgets/startmenu/startmenu_quitbutton.lua
luafile,#ui/uieditor/widgets/freecursor/infopanelsubwidgets/freecursorbuttonpromptarea.lua
luafile,#ui/uieditor/widgets/social/social_infopane_presence_joinableicon.lua
luafile,#ui/uieditor/widgets/callingcards/callingcards_prestige_equipment_master.lua
luafile,#ui/uieditor/widgets/genericpopups/dialogspinner.lua
luafile,#ui/uieditor/widgets/common/commonidentitywidgetstreamlined.lua
luafile,#ui/uieditor/widgets/callingcards/callingcards_scorestreak_airassualtmaster.lua
luafile,#ui/uieditor/widgets/common/blacktransitionfade.lua
luafile,#ui/uieditor/widgets/pc_simplevscrolllist.lua
luafile,#ui/uieditor/widgets/callingcards/loot3/ui_icon_callingcards_dystopian_headglow.lua
luafile,#ui/uieditor/widgets/startmenu/startmenu_options_safearea_container.lua
luafile,#ui/uieditor/widgets/pc/startmenu/graphicsoptions/startmenu_options_pc_graphicsoptions_sidebuttonexpendablelist.lua
luafile,#ui/uieditor/widgets/startgameflow/loadingscreentalkerwidgetcpzm.lua
luafile,#ui/uieditor/widgets/social/social_optionsbuttonlist.lua
luafile,#ui/uieditor/widgets/pc/startmenu/controlsoptions/pc_startmenu_options_controls_keybinder.lua
luafile,#ui/uieditor/actions.lua
luafile,#ui/uieditor/widgets/startmenu/startmenu_options_buttonoption.lua
luafile,#ui/uieditor/widgets/pc/bnetstore/pc_bnetstore_container.lua
luafile,#ui/uieditor/widgets/chat/chatclientchatentryscrollviewcontainer.lua
luafile,#ui/uieditor/widgets/startmenu/options/flyout/startmenu_options_settinggrid.lua
luafile,#ui/uieditor/widgets/startmenu/startmenu_options_network_statusoverview_wrapper.lua
luafile,#ui/uieditor/widgets/callingcards/loot3/ui_icon_callingcards_dystopian_armglow.lua
luafile,#hash_7bf803ff03b30269
luafile,#ui/uieditor/widgets/callingcards/callingcards_career_game_heroics_master.lua
luafile,#ui/uieditor/widgets/pc/notifications/pc_notif_keyprompt_container.lua
luafile,#ui/uieditor/widgets/startmenu/options/startmenu_options_controllerlayout_vita.lua
luafile,#ui/uieditor/widgets/callingcards/callingcards_asset_pirate_arm.lua
luafile,#hash_7ce5b51fd3e465e5
luafile,#ui/uieditor/widgets/callingcards/callingcards_snakegods_asset_lefthand.lua
luafile,#ui/uieditor/widgets/callingcards/callingcards_asset_steampunkwarriors_shoulder.lua
luafile,#ui/uieditor/widgets/chat/chatclientfilterlist.lua
luafile,#ui/utility/doublexputility.lua
luafile,#hash_7d2c995a09e6f3f2
luafile,#ui/uieditor/widgets/callingcards/callingcards_snakegods_asset_hero.lua
luafile,#ui/uieditor/widgets/callingcards/callingcards_zm_miscellaneous_01.lua
luafile,#hash_7d49cd26f73f4e71
luafile,#ui/uieditor/widgets/director/directorselecttexttab.lua
luafile,#hash_7d83fd1a45cb7af9
luafile,#hash_7d8b8a5b7da091e0
luafile,#ui/uieditor/widgets/director/directorlobbymembername.lua
luafile,#ui/uieditor/widgets/notifications/xp/doublexpiconsleftaligned.lua
luafile,#ui/uieditor/widgets/social/social_infopane_dlcstatus.lua
luafile,#ui/uieditor/widgets/lobby/common/list1buttonlarge_left_nd.lua
luafile,#ui/utility/customizeprestigeiconutility.lua
luafile,#ui/uieditor/widgets/pc/cyclinglist_arrow.lua
luafile,#ui/uieditor/widgets/callingcards/loot2/callingcards_loot2_spacecowboy.lua
luafile,#ui/uieditor/widgets/callingcards/loot3/ui_icon_callingcards_invasion_beam.lua
luafile,#ui/uieditor/menus/social/social_inviteplayerspopup.lua
luafile,#ui/uieditor/widgets/pc/socialmenu/pcsocialmenu_playerlistitem_playerinfos_cancelinvitetoparty.lua
luafile,#ui/uieditor/widgets/cac/newbreadcrumbcount.lua
luafile,#ui/uieditor/luielems/cp/full_screen_movie.lua
luafile,#hash_7f0f7fc19d30c225
luafile,#ui/uieditor/widgets/startmenu/startmenu_smalltierlevel.lua
luafile,#ui/uieditor/widgets/callingcards/loot3/ui_icon_callingcards_dystopian_bodyglow.lua
luafile,#ui/uieditor/widgets/pc/startmenu/pc_startmenu_options_hudbounds_desc.lua
luafile,#ui/uieditor/widgets/social/social_membergamertag.lua
luafile,#ui/uieditor/widgets/systemoverlays/systemoverlay_reportplayer.lua
luafile,#ui/uieditor/widgets/pc/hud/scorestreak_aspectratiofix.lua
luafile,#ui/uieditor/widgets/buttonprogressringcontainer.lua
luafile,#hash_7fe2e0b5311f9227
material,#uie_clock_add
material,#ps4_controller_top
material,#nottalkingicon
material,#hash_1dc408fafc6d5cd
material,#hash_2b50da92c71b7e2
material,#hash_4a56fda8ced350e
material,#hash_60b40e4740ed465
material,#hash_639b582de378673
material,#hash_639b682de378826
material,#hash_639b782de3789d9
material,#hash_639b882de378b8c
material,#hash_639b982de378d3f
material,#hash_639ba82de378ef2
material,#hash_639bb82de3790a5
material,#hash_639bc82de379258
material,#hash_6e9593df28749f2
material,#hash_7948ac2378b0cbf
material,#hash_8f44960bec559ba
material,#hash_8f90d8cbe304314
material,#hash_90d57b1e92d39d7
material,#uie_glow
material,#uie_flash
material,#hash_a372c0731e3e2f8
material,#uie_bow_launcher_reticle
material,#hash_aca98d41a38e390
material,#uie_angled_wipe_normal
material,#hash_b69d5999161421a
material,#hash_be6e734c31ae757
material,#hash_c221b51e4063e3d
material,#hash_e2354be557c4c7a
material,#uie_angled_wipe_add
material,#hash_f755127c95cf5b6
material,#uie_elliptical_ring_normal
material,#headicon_dead
material,#menu_zm_popup
material,#hash_14126824b958641f
material,#hash_14aded5d41680486
material,#hash_161fe85edd9f1ed1
material,#ui_multiply
material,#hash_16a7171d365f4648
material,#ui_normal
material,#hash_16cbe95c250c6d15
material,#hash_171e049b161cd00a
material,#uie_aar_segment
material,#hash_17e89392b94a41de
material,#hash_17ea4827662d4cd4
material,#hash_18a3ffe88064902c
material,#hash_18bfff604f8c70de
material,#uie_wipe
material,#hash_1911dcddb1a56de7
material,#uie_scanlines
material,#uie_gradient
material,#hash_19fc5c7009dd6875
material,#hash_1a02c44161370f6d
material,#hash_1a0e783c3da0717e
material,#voice_on_dim
material,#hash_1cf0d67abf736aad
material,#hash_1d2e094327ed02bc
material,#uie_aberration_cheap_blur
material,#uie_gradient_normal
material,#hash_1ea736e2b2799bb4
material,#hash_1f02e4e9ca25ae55
material,#uie_nineslice_add
material,#xenon_stick_turn
material,#xenon_stick_move_look
material,#hash_22e409a9871260b9
material,#uie_wipe_delta
material,#hash_236eb1259eecf661
material,#ui_multiplyinverse
material,#xenon_controller_top
material,#uie_smoke
material,#voice_off_mute_xboxlive
material,#hash_29c85e27e87e87c8
material,#talkingicon
material,#hash_2ae166d9ba8c6907
material,#uie_emp
material,#uie_ekg
material,#ui_arrow_left
material,#hash_2d739c8a39c9361e
material,#hash_2d79db5c45ad6024
material,#hash_2e621ccfee545d32
material,#hash_2f8ac1cbcbfe187d
material,#extracam
material,#uie_aberration_no_blur
material,#hash_3027ebc307abf865
material,#uie_slice
material,#hash_31cc85d0a86303b0
material,#hash_32770bbd1277d061
material,#uie_flipbook_animated_add
material,#hash_3336c1ae82b1520a
material,#uie_scene_blur_pass_2_highquality
material,#uie_elliptical_ring
material,#uie_comms_radial_distortion
material,#xenon_stick_move_turn
material,#voice_off
material,#uie_tile_scroll_normal
material,#hash_381eeb1f96d4be0a
material,#uie_tile_scroll_animated
material,#ui_arrow_right
material,#uie_mosaic
material,#hash_3a7440cd0d2dbb5c
material,#hash_3ae975b7e2079d2f
material,#hash_3b0aea8900f97cfb
material,#uie_tile_scroll
material,#hash_3e7b3d8538ff805e
material,#hash_3e7bdcb879a5176d
material,#hash_3ff505fe6afc47d5
material,#uie_saturation_normal
material,#xenon_stick_move
material,#uie_wipe_normal
material,#uie_digital_noise
material,#uie_glint_add
material,#uie_expensive_blur
material,#ui_host
material,#uie_glint
material,#uie_feather_multiply
material,#hash_4a8b26fbf5caa579
material,#voice_off_xboxlive
material,#hash_4cca3741952c2abc
material,#hash_4ccc94ea83a3fa7d
material,#uie_clock_normal
material,#uie_angled_wipe_multiply
material,#uie_feather_blend
material,#hash_4fb9f1a22257e145
material,#uie_feather_add
material,#hash_5108f3d2b4381d2a
material,#hash_5146ecdac27d1842
material,#hash_51de43899593e67e
material,#hash_5263b6f6834dd9ac
material,#uie_fractal_reveal
material,#ui_add
material,#hash_56250c6fcac36bd4
material,#uie_flipbook_animated
material,#hash_587c20445ae5f1e4
material,#uie_flipbook_add
material,#hash_593f361cc41c94af
material,#hash_59bf65f170a78971
material,#emblem_mask
material,#hash_59e7caa1ca4b378c
material,#hash_5a51f864abff9887
material,#hash_5b17513e9d94ce76
material,#voice_on_xboxlive
material,#hash_5beefd90021d3628
material,#hash_5c212964b40fa826
material,#emblem_sticker
material,#hash_5d0623c35a6c8b55
material,#uie_aberration_blur_only
material,#ui_cursor
material,#menu_mp_popup
material,#voice_on
material,#hash_624bd2243886d8ea
material,#hash_628c8ea936a933be
material,#hash_631e7b3c72564429
material,#hash_63213e815717c328
material,#hash_639be7fc2aaccdfe
material,#hash_63b63d969b74f83d
material,#hash_63e7b741a81c776b
material,#extracam_4
material,#extracam_1
material,#extracam_3
material,#extracam_2
material,#hash_6638da27ede047ba
material,#uie_clock_multiply
material,#uie_rocket_launcher_lockon
material,#hash_67076f9ef46e6640
material,#menu_mp_cac_grad_stretch
material,#hash_67c9c02f608d0a75
material,#uie_scene_blur_pass_2
material,#uie_scene_blur_pass_1
material,#hash_69b9049cf3c351d4
material,#uie_pixel_tear
material,#hash_6ae42e2399ce779f
material,#hash_6ce2a3f5cc1f4c86
material,#hash_6dab59b2cae01851
material,#uie_glint_reveal
material,#hash_6eb31ea881ff222c
material,#hash_6ecfaad6a2991ab5
material,#uie_fractal
material,#hash_70212a2da06138f2
material,#hash_703969abf9991766
material,#emblem_lut
material,#hash_7097c822c277ec2c
material,#hash_7099ecc83e58f4d4
material,#uie_wipe_delta_normal
material,#hash_717124cf1834c4d9
material,#uie_scene_blur_pass_1_nineslice
material,#ui_multiplyalpha
material,#uie_nineslice_normal
material,#hash_75778ed217f00e21
material,#uie_aberration
material,#uie_mosaic_scene
material,#uie_scanlines_add
material,#hash_75ebe8d6e802f0f5
material,#uie_blackhat_waveform
material,#uie_twist
material,#uie_fractal_reveal_grid
material,#hash_786c2f3901f0bb97
material,#uie_fractal_string_reveal
material,#hash_7ae0cfec95b0563d
material,#uie_spotlight
material,#hash_7bcfa52e406081f2
material,#uie_feather_edges
material,#hash_7ee269705521a3da
material,#uie_flipbook
scriptbundle,#loot_shotgun_pump_mk2_bribe
scriptbundle,#camo_active_sig_sniper_fastrechamber_western_base_bribe
scriptbundle,#outfit_warrior_epic1_wetworks_prophet
scriptbundle,#pc_reload
scriptbundle,#loot_contract_replacer_vacation
scriptbundle,#outfit_warrior_epic1_wetworks_battery_sunset_bundle_shop
scriptbundle,#ar_modular_mk2_sunset_bundle_shop
scriptbundle,#loot_character_woods_old_ofc
scriptbundle,#mastercraft_spitfire_nemo
scriptbundle,#pc_vehicle_altcontrol
scriptbundle,#summer_gesture_bundle_shop
scriptbundle,#outfit_warrior_epic2cop_crash_sunset_bundle_shop
scriptbundle,#loot_contract_misty
scriptbundle,#rising_tide_melee_bundle_offer
scriptbundle,#camo_active_dlc2_party_rock_sunset_bundle_shop
scriptbundle,#perk_flakjacket_restriction
scriptbundle,#loot_season_8_postseason
scriptbundle,#pc_model_quality
scriptbundle,#loot_contract_rampart_mastercraft_presunset
scriptbundle,#special_crossbow_t8_bribe
scriptbundle,#operator_beltfeed_restriction
scriptbundle,#outfit_tigerstripe_base_pal_com6_firebreak_shop
scriptbundle,#sniper_powerbolt_mk2_bundle_shop
scriptbundle,#pc_display_gputime
scriptbundle,#outfit_super_hero_epic1_ruin_bundle_shop
scriptbundle,#operator_fatbarrel_restriction
scriptbundle,#outfit_tigerstripe_base_pal_com6_battery_shop
scriptbundle,#outfit_warrior_epic1_wetworks_spectre_sunset_bundle_shop
scriptbundle,#pc_fx_shadows
scriptbundle,#launcher_standard_restriction
scriptbundle,#mod_explosive
scriptbundle,#pc_ads_sensitivity_horizontal
scriptbundle,#pistol_revolver_restriction
scriptbundle,#operator_uber_restriction
scriptbundle,#mod_downed
scriptbundle,#pc_inventory_zm_toggle
scriptbundle,#pc_sound_scale_when_speaking_range
scriptbundle,#pc_keybinds_presets
scriptbundle,#outfit_warrior_epic2cop_seraph_sunset_bundle_shop
scriptbundle,#pc_autorun
scriptbundle,#loot_smg_burst_mk2_bribe
scriptbundle,#perk_tracker_restriction
scriptbundle,#loot_contract_battery_muertos
scriptbundle,#outfit_global_warpaint_bundle_fern
scriptbundle,#pc_quickcycle_equipment
scriptbundle,#pc_show_global_chat
scriptbundle,#outfit_splinter_base_pal_com6_ajax_shop
scriptbundle,#pc_mantle_press_jump
scriptbundle,#camo_active_sig_tr_midburst_bomber_base_shop
scriptbundle,#loot_season_2_postseason_all_rng
scriptbundle,#loot_season_8
scriptbundle,#loot_season_6
scriptbundle,#loot_season_7
scriptbundle,#loot_season_4
scriptbundle,#loot_season_5
scriptbundle,#loot_season_2
scriptbundle,#loot_season_3
scriptbundle,#loot_season_1
scriptbundle,#equipment_concussion_restriction
scriptbundle,#recon_samurai_outfit_bundle
scriptbundle,#loot_character_russman_sunset_bundle_shop
scriptbundle,#pc_refresh_rate
scriptbundle,#outfit_snake_legendary1_nomad_shop
scriptbundle,#nomad_crook_outfit_bundle_shop
scriptbundle,#pc_ui_acceptinvite
scriptbundle,#pc_zm_cartoonmode
scriptbundle,#pc_fire
scriptbundle,#camo_dlc2_benjamins_shop
scriptbundle,#outfit_flecktarn_base_pal_com6_crash_shop
scriptbundle,#pc_slowgrenade_toggle
scriptbundle,#loot_contract_fourth_of_july_event_stream
scriptbundle,#loot_contract_divinity
scriptbundle,#loot_contract_gks_mastercraft_presunset
scriptbundle,#pc_aimdownsight_toggle
scriptbundle,#zombie_arm_melee_bundle_shop
scriptbundle,#nikolai_bundle
scriptbundle,#scorestreak_planemortar_restriction
scriptbundle,#pc_ui_toggleoutline
scriptbundle,#pc_ads_sensitivity_high_zoom
scriptbundle,#outfit_northern_lights_legendary2_crash_shop
scriptbundle,#pc_sensordart_toggle
scriptbundle,#treasure_vault_reactive_camo_bundle_shop
scriptbundle,#operator_oppressor_restriction
scriptbundle,#pc_static_reflection_quality
scriptbundle,#outfit_tigerstripe_base_pal_com6_torque_shop
scriptbundle,#ability_lightninggun_restriction
scriptbundle,#perk_coldblooded_restriction
scriptbundle,#loot_season_7_postseason
scriptbundle,#camo_active_sig_pistol_fullauto_arcade_base_bribe
scriptbundle,#pc_raisestance
scriptbundle,#loot_contract_zero_cyberpunk
scriptbundle,#operator_dragonbreath_restriction
scriptbundle,#outfit_global_warpaint_bundle_spades
scriptbundle,#weapon_bribe
scriptbundle,#melee_slaybell_sunset_bundle_shop
scriptbundle,#pc_mutesound
scriptbundle,#loot_contract_patriot
scriptbundle,#pc_voice_chat_output_volume
scriptbundle,#pc_voice_chat_activation_treshold
scriptbundle,#outfit_warrior_epic1_wetworks_spectre_shop
scriptbundle,#camo_dlc4_zombie_maitai_bundle_shop
scriptbundle,#pc_cursor_immediate_lock_inventory
scriptbundle,#loot_tr_flechette_mk2_bribe
scriptbundle,#pc_horizontal_mouse_sensitivity
scriptbundle,#pc_streamer_mode_self
scriptbundle,#pc_vehicle_control_mode_water
scriptbundle,#pc_jammer_toggle
scriptbundle,#pc_crouch_hold
scriptbundle,#pc_grapple_toggle
scriptbundle,#mastercraft_afterburner_sunset_bundle_shop
scriptbundle,#mod_telefrag
scriptbundle,#pc_inventory_zm_hold
scriptbundle,#stick_layout_default
scriptbundle,#loot_contract_kn57_mastercraft_presunset
scriptbundle,#outfit_splinter_base_pal_com6_battery_shop
scriptbundle,#prophet_deserteagle_outfit_bundle
scriptbundle,#pc_pickup
scriptbundle,#tr_midburst_restriction
scriptbundle,#pc_choose_class_8
scriptbundle,#pc_choose_class_9
scriptbundle,#pc_choose_class_4
scriptbundle,#pc_choose_class_5
scriptbundle,#pc_choose_class_6
scriptbundle,#pc_choose_class_7
scriptbundle,#pc_choose_class_1
scriptbundle,#pc_choose_class_2
scriptbundle,#pc_choose_class_3
scriptbundle,#outfit_dotd_exo2_bundle_prophet_shop
scriptbundle,#mod_bled_out
scriptbundle,#stick_layout_legacy_southpaw
scriptbundle,#pc_prone_hold
scriptbundle,#crate
scriptbundle,#camo_dlc1_roadhouse
scriptbundle,#pc_opensettingsmenu
scriptbundle,#loot_character_richtofen_sunset_bundle_shop
scriptbundle,#outfit_warrior_base_pal_exo1_seraph_sunset_bundle_shop
scriptbundle,#loot_contract_battery_knight
scriptbundle,#loot_contract_labor_day_event_stream
scriptbundle,#pc_melee
scriptbundle,#loot_ar_stealth_mk2_bribe
scriptbundle,#pc_crouch_one_way
scriptbundle,#melee_coinbag_bundle
scriptbundle,#pc_gamepad_enable
scriptbundle,#mod_unknown
scriptbundle,#pc_gamepad_look_invert
scriptbundle,#pc_voice_volume
scriptbundle,#outfit_flecktarn_base_pal_com6_ruin_shop
scriptbundle,#outfit_flecktarn_base_pal_com6_torque_shop
scriptbundle,#pc_scene_brightness
scriptbundle,#outfit_snake_legendary2_seraph_sunset_bundle_shop
scriptbundle,#pc_colorblind_mode
scriptbundle,#ability_sig_buckler_dw_restriction
scriptbundle,#pc_cinematics_volume
scriptbundle,#smg_fastburst_restriction
scriptbundle,#ability_pineapplegun_restriction
scriptbundle,#mod_post_game
scriptbundle,#pc_aimdownsight_hold
scriptbundle,#pc_monitor_distance_sensitivity_coefficient
scriptbundle,#scorestreak_ai_tank_marker_restriction
scriptbundle,#arena_league_play_rank_list_default
scriptbundle,#community_galil_achievement
scriptbundle,#melee_club_sunset_bundle_shop
scriptbundle,#gear_medicalgun_restriction
scriptbundle,#operator_boltcylinder_restriction
scriptbundle,#wc_secondarygunfighter2_restriction
scriptbundle,#loot_contract_crash_muertos
scriptbundle,#equipment_swatgrenade_restriction
scriptbundle,#pc_blackoutminimap
scriptbundle,#outfit_summer_legendary1_torque
scriptbundle,#pc_display_resolution
scriptbundle,#loot_contract_ajax_muertos
scriptbundle,#outfit_super_hero_epic1_spectre_shop
scriptbundle,#ability_dog_restriction
scriptbundle,#equipment_sextemcluster_restriction
scriptbundle,#sniper_damagesemi_t8_bribe
scriptbundle,#outfit_snake_legendary1_battery_sunset_bundle_shop
scriptbundle,#pc_sfx_volume
scriptbundle,#loot_ar_accurate_sig_01_sunset_bundle_shop
scriptbundle,#pc_show_real_names
scriptbundle,#pc_gamepad_flip_triggersbumpers
scriptbundle,#mastercraft_wundergewehr115_sunset_bundle_shop
scriptbundle,#pc_ui_navleft
scriptbundle,#wc_primarygunfighter1_restriction
scriptbundle,#mod_burned
scriptbundle,#equipment_concertinawire_restriction
scriptbundle,#firebreak_dragonslayer_outfit_bundle
scriptbundle,#melee_demohammer_bundle_shop
scriptbundle,#warpaint_daysofsummer_bundle
scriptbundle,#ar_damage_restriction
scriptbundle,#equipment_empgrenade_restriction
scriptbundle,#battery_queensguard_outfit_bundle
scriptbundle,#pc_lookright
scriptbundle,#pc_ui_newlayer
scriptbundle,#pc_anti_aliasing_quality
scriptbundle,#perk_scavenger_restriction
scriptbundle,#outfit_tigerstripe_base_pal_com6_ajax_shop
scriptbundle,#outfit_global_warpaint_bundle_rorschach
scriptbundle,#mod_melee_weapon_butt
scriptbundle,#wc_primarygunfighter2_restriction
scriptbundle,#dempsey_blackout_character_bundle
scriptbundle,#loot_contract_nomad_muertos
scriptbundle,#outfit_warrior_base_pal_exo1_ruin_sunset_bundle_shop
scriptbundle,#loot_contract_prophet_muertos
scriptbundle,#melee_stopsign_bundle_shop
scriptbundle,#loot_contract_carbon_cobra
scriptbundle,#pc_jumpstandmantle
scriptbundle,#prophet_skipper_outfit_bundle_shop
scriptbundle,#equipment_spawnbeacon_restriction
scriptbundle,#ar_accurate_restriction
scriptbundle,#pc_master_volume_mute
scriptbundle,#pc_lookup
scriptbundle,#outfit_zombie_epic1_firebreak_shop
scriptbundle,#outfit_dotd_exo2_bundle_nomad_shop
scriptbundle,#pc_vehicle_handbrake
scriptbundle,#mastercraft_sdm_wetworks
scriptbundle,#outfit_warrior_exo2_bundle_ruin_shop
scriptbundle,#loot_season_5_postseason_all_rng
scriptbundle,#lmg_standard_restriction
scriptbundle,#ability_vision_pulse_restriction
scriptbundle,#pc_sprintsteadyaim_hold
scriptbundle,#outfit_splinter_base_pal_com6_ruin_shop
scriptbundle,#loot_contract_nomad_splinter
scriptbundle,#outfit_warrior_exo2_bundle_torque_shop
scriptbundle,#perk_deadsilence_restriction
scriptbundle,#camo_active_sig_tr_flechette_rivermonster_base_bribe
scriptbundle,#pc_sprintsteadyaim
scriptbundle,#loot_dlc_full_autoshotgun_mk2_bribe
scriptbundle,#outfit_splinter_base_pal_com6_torque_shop
scriptbundle,#outfit_warrior_epic1_crash
scriptbundle,#smg_accurate_restriction
scriptbundle,#camo_active_sig_shotgun_fullauto_construction_base_bribe
scriptbundle,#mod_crush
scriptbundle,#gear_bodyarmor_restriction
scriptbundle,#tr_midburst_mk2_sunset_bundle_shop
scriptbundle,#pc_ui_layertop
scriptbundle,#outfit_dotd_exo2_bundle_torque_shop
scriptbundle,#stick_layout_southpaw
scriptbundle,#ar_doublebarrel_t8_bribe
scriptbundle,#operator_bayonet_restriction
scriptbundle,#smg_accurate_bundle
scriptbundle,#shotgun_fullauto_t8_bribe
scriptbundle,#pc_quickcycle_health
scriptbundle,#pc_mouse_sensitivity
scriptbundle,#mastercraft_enforcer_bundle_shop
scriptbundle,#pc_quickcycle_consumable
scriptbundle,#loot_season_6_postseason
scriptbundle,#pc_reactorcore_toggle
scriptbundle,#pc_voice_chat_enable
scriptbundle,#outfit_tigerstripe_base_pal_com6_ruin_shop
scriptbundle,#mastercraft_hades_snake
scriptbundle,#pc_lookdown
scriptbundle,#outfit_snake_legendary1_zero_sunset_bundle_shop
scriptbundle,#outfit_warrior_epic1robber_nomad_sunset_bundle_shop
scriptbundle,#pc_mute_voice_chat
scriptbundle,#outfit_warrior_epic1_wetworks_torque_sunset_bundle_shop
scriptbundle,#loot_character_sergei_sunset_bundle_shop
scriptbundle,#operator_barrelchoke_restriction
scriptbundle,#ar_stealth_restriction
scriptbundle,#pc_swatgrenade_toggle
scriptbundle,#recon_wetworks_outfit_bundle
scriptbundle,#pc_music_volume
scriptbundle,#pc_voice_chat_channel
scriptbundle,#zero_persian_outfit_bundle
scriptbundle,#pc_use_consumable
scriptbundle,#ability_gravityslam_restriction
scriptbundle,#outfit_dotd_exo2_bundle_ruin_shop
scriptbundle,#wc_perk3gluttony_restriction
scriptbundle,#pc_fx_quality
scriptbundle,#pc_inventory_hold
scriptbundle,#pc_screen_space_reflection
scriptbundle,#pc_user_content
scriptbundle,#pc_menu_framerate_cap
scriptbundle,#arena_league_play_skill_divisions_default
scriptbundle,#season6_triple_play
scriptbundle,#outfit_assassin_epic1_battery
scriptbundle,#shotgun_precision_t8_bribe
scriptbundle,#pc_ads_sensitivity_vertical
scriptbundle,#loot_contract_completed
scriptbundle,#loot_smg_standard_sig_01_sunset_bundle_shop
scriptbundle,#outrider_buccaneer_outfit_bundle_shop
scriptbundle,#pc_nextseat
scriptbundle,#melee_secretsanta_sunset_bundle_shop
scriptbundle,#mastercraft_ahabsrevenge_sunset_bundle_shop
scriptbundle,#pc_monkeybomb_toggle
scriptbundle,#starter_pack_season_3
scriptbundle,#starter_pack_season_4
scriptbundle,#starter_pack_season_6
scriptbundle,#wc_primarygunfighter3_restriction
scriptbundle,#retro_vegas_reactive_camo_bundle
scriptbundle,#operator_quadshot_restriction
scriptbundle,#pc_show_enemy_healthbars
scriptbundle,#loot_season_4_postseason
scriptbundle,#mastercraft_vampire_hunter_pixel_bundle_shop
scriptbundle,#pc_monitor
scriptbundle,#gesture_dance_bundle
scriptbundle,#outfit_dotd_exo2_bundle_battery_shop
scriptbundle,#mastercraft_gearhead_sunset_bundle_shop
scriptbundle,#daysofsummer_vacation_bundle
scriptbundle,#pc_display_temperature
scriptbundle,#outfit_zombie_epic1_reaper_bundle_shop
scriptbundle,#mastercraft_fighter_ace_sunset_bundle_shop
scriptbundle,#tr_midburst_mk2_bundle_shop
scriptbundle,#dogfight_reactive_camo_bundle
scriptbundle,#loot_pistol_revolver_mk2_bribe
scriptbundle,#camo_active_dlc5_phased_wrapper_shop
scriptbundle,#pc_framerate_cap
scriptbundle,#pc_fps_draw
scriptbundle,#loot_character_sergei
scriptbundle,#pc_mantle
scriptbundle,#ability_flamethrower_restriction
scriptbundle,#outfit_super_hero_epic1_firebreak_shop
scriptbundle,#pc_ui_open
scriptbundle,#pc_sound_scale_when_speaking_enable
scriptbundle,#abr_8_crates_shop
scriptbundle,#pc_move_left
scriptbundle,#bacon_weapon_camo_bundle_shop
scriptbundle,#pc_voice_chat_input_device
scriptbundle,#loot_contract_spinal_trap
scriptbundle,#pc_monitor_distance_sensitivity_scaling
scriptbundle,#sniper_powerbolt_restriction
scriptbundle,#pc_flourish
scriptbundle,#pc_gamepad_quick_equip_cycle_mode
scriptbundle,#pc_shader_warming
scriptbundle,#outfit_super_hero_epic1_prophet_shop
scriptbundle,#outfit_tigerstripe_base_pal_com6_seraph_shop
scriptbundle,#loot_ar_standard_mk2_bribe
scriptbundle,#ability_cleanse_restriction
scriptbundle,#camo_active_dlc3_treasure_wrapper
scriptbundle,#pc_scoreboard_zm_toggle
scriptbundle,#seraph_heist_outfit_bundle
scriptbundle,#pc_previousweapon
scriptbundle,#pc_fraggrenade_toggle
scriptbundle,#pc_molotov_toggle
scriptbundle,#sniper_powerbolt_mk2_sunset_bundle_shop
scriptbundle,#camo_dlc2_donuts_shop
scriptbundle,#loot_smg_accurate_sig_01_sunset_bundle_shop
scriptbundle,#pc_ui_dismissinvite
scriptbundle,#loot_contract_richtofen
scriptbundle,#operator_pentaburst_restriction
scriptbundle,#loot_contract_firebreak_muertos
scriptbundle,#scorestreak_helicopter_comlink_restriction
scriptbundle,#pc_vehicle_control_mode
scriptbundle,#quad_play_homewrecker
scriptbundle,#pc_map_toggle
scriptbundle,#pc_interact
scriptbundle,#functional_dlc_bribe
scriptbundle,#outfit_snake_legendary2_seraph
scriptbundle,#outfit_super_hero_epic1_prophet_bundle_shop
scriptbundle,#outfit_snake_legendary1_zero_shop
scriptbundle,#loot_contract_ahabs_revenge
scriptbundle,#pc_quickspray
scriptbundle,#ajax_assassin_outfit_bundle
scriptbundle,#lmg_spray_restriction
scriptbundle,#outfit_tigerstripe_base_pal_com6_recon_shop
scriptbundle,#monthly_functional_bribe
scriptbundle,#operator_adsreload_restriction
scriptbundle,#pc_switchtoseat_4
scriptbundle,#pc_switchtoseat_5
scriptbundle,#pc_switchtoseat_2
scriptbundle,#pc_switchtoseat_3
scriptbundle,#pc_switchtoseat_1
scriptbundle,#Case
scriptbundle,#pc_move_right
scriptbundle,#pc_ads_sensitivity_horizontal_high_zoom
scriptbundle,#pc_calloutswheel_hold
scriptbundle,#mod_electrocuted
scriptbundle,#mastercraft_safari_bundle_shop
scriptbundle,#loot_contract_ruin_modern_viking
scriptbundle,#pc_mouse_ads_sensitivity_on_fully_scoped
scriptbundle,#loot_character_takeo_ofc
scriptbundle,#pc_ui_link
scriptbundle,#special_ballisticknife_t8_dw_bribe
scriptbundle,#camo_active_dlc1_ww2_wrapper
scriptbundle,#outfit_snake_legendary1_firebreak_sunset_bundle_shop
scriptbundle,#ability_ice_pick_restriction
scriptbundle,#mod_hit_by_object
scriptbundle,#pc_lowerstance
scriptbundle,#ar_standard_restriction
scriptbundle,#bribe_menu_asset
scriptbundle,#shotgun_pump_restriction
scriptbundle,#pc_ui_cutlayer
scriptbundle,#pc_play_hitmarkers_sfx
scriptbundle,#pc_motion_blur
scriptbundle,#camo_dlc2_smooch_shop
scriptbundle,#loot_season_6_postseason_all_rng
scriptbundle,#torque_assassin_outfit_bundle
scriptbundle,#tr_powersemi_restriction
scriptbundle,#outfit_warrior_base_pal_exo1_recon_sunset_bundle_shop
scriptbundle,#pc_ui_navup
scriptbundle,#triple_play_mar2019
scriptbundle,#melee_action_figure_sunset_bundle_shop
scriptbundle,#pc_cursor_immediate_lock_map
scriptbundle,#pc_framerate_uncapped
scriptbundle,#pc_move_forward
scriptbundle,#pc_ui_contextual_1
scriptbundle,#pc_ui_contextual_2
scriptbundle,#pc_ui_contextual_3
scriptbundle,#equipment_fraggrenade_restriction
scriptbundle,#perk_resistance_restriction
scriptbundle,#pc_ads_fieldofview
scriptbundle,#smg_capacity_restriction
scriptbundle,#lmg_stealth_t8_bribe
scriptbundle,#pc_map_hold
scriptbundle,#pc_show_hitmarkers
scriptbundle,#mod_head_shot
scriptbundle,#pc_crosshairs
scriptbundle,#pc_gamepad_vibration
scriptbundle,#replacer_tr_longburst_mk2_sunset_bundle_shop
scriptbundle,#smg_minigun_t8_bribe
scriptbundle,#loot_pistol_fullauto_mk2_bribe
scriptbundle,#equipment_sensordart_restriction
scriptbundle,#scorestreak_ultimate_turret_restriction
scriptbundle,#party_rock_reactive_camo_bundle_shop
scriptbundle,#scorestreak_overwatch_snipers_restriction
scriptbundle,#pc_scoreboard_wz_hold
scriptbundle,#wc_overkill_restriction
scriptbundle,#pc_dynamic_shadows
scriptbundle,#loot_smg_capacity_mk2_bribe
scriptbundle,#loot_dlc_breifcase_smg_mk2_bribe
scriptbundle,#outfit_dotd_exo2_bundle_seraph_shop
scriptbundle,#operator_doubletap_restriction
scriptbundle,#pc_fortify_toggle
scriptbundle,#outfit_warrior_epic1robber_firebreak_shop
scriptbundle,#camo_active_dlc1_masks_wrapper_6crates_shop
scriptbundle,#pc_streamer_mode_others
scriptbundle,#loot_contract_nomad_heist
scriptbundle,#melee_action_figure_bundle_shop
scriptbundle,#ability_smart_cover_restriction
scriptbundle,#pc_subtitles
scriptbundle,#outfit_zombie_epic1_nomad_bundle_shop
scriptbundle,#camo_dlc4_picnic_royale_bundle_shop
scriptbundle,#pc_steadyaim_toggle
scriptbundle,#pistol_burst_restriction
scriptbundle,#loot_contract_battery_snakeskin
scriptbundle,#outfit_warrior_base_pal_exo1_ajax_sunset_bundle_shop
scriptbundle,#operator_stiletto_restriction
scriptbundle,#melee_secretsanta_restriction
scriptbundle,#tr_damageburst_t8_bribe
scriptbundle,#pc_render_resolution
scriptbundle,#camo_dlc4_afterglow_sunset_bundle_shop
scriptbundle,#pc_switchprimary
scriptbundle,#loot_ar_damage_mk2_bribe
scriptbundle,#pc_pushtotalk
scriptbundle,#outfit_zombie_epic1_nomad_shop
scriptbundle,#pc_show_party_notifications
scriptbundle,#scorestreak_straferun_restriction
scriptbundle,#pc_remove
scriptbundle,#outfit_water_legendary1_zero_bundle_sunset_bundle_shop
scriptbundle,#scorestreak_recon_car_restriction
scriptbundle,#outfit_dotd_exo2_bundle_crash_shop
scriptbundle,#loot_contract_recon_samurai
scriptbundle,#scorestreak_drone_squadron_restriction
scriptbundle,#pc_sprint_toggle
scriptbundle,#camo_active_dlc4_brains_wrapper_bundle_shop
scriptbundle,#pc_quickcallout
scriptbundle,#outfit_splinter_base_pal_com6_firebreak_shop
scriptbundle,#pc_display_ping
scriptbundle,#wc_secondarygunfighter3_restriction
scriptbundle,#loot_ar_fastfire_sig_01_sunset_bundle_shop
scriptbundle,#shotgun_semiauto_restriction
scriptbundle,#loot_contract_sergei
scriptbundle,#pc_voice_chat_input_volume
scriptbundle,#pc_vehicle_boost
scriptbundle,#ruin_apocalypse_outfit_bundle_shop
scriptbundle,#outfit_dotd_exo2_bundle_firebreak_shop
scriptbundle,#sniper_fastrechamber_restriction
scriptbundle,#loot_contract_crash_cop
scriptbundle,#outfit_warrior_epic1_wetworks_battery
scriptbundle,#loot_season_1_postseason_all_rng
scriptbundle,#mod_melee_assassinate
scriptbundle,#pc_inventory_toggle
scriptbundle,#pc_sprint_hold
scriptbundle,#tr_powersemi_bundle
scriptbundle,#perk_skulker_restriction
scriptbundle,#perk_engineer_restriction
scriptbundle,#pc_reactorcore_invert_camera_rotation
scriptbundle,#loot_contract_seraph_splinter
scriptbundle,#lmg_heavy_restriction
scriptbundle,#outfit_global_warpaint_bundle_maori
scriptbundle,#loot_contract_torque_highlander
scriptbundle,#loot_contract_seraph_crimson_lotus
scriptbundle,#wc_primaryoperatormod_restriction
scriptbundle,#pc_openfriendsmenu
scriptbundle,#camo_dlc3_armor
scriptbundle,#smg_fastburst_t8_bribe
scriptbundle,#loot_contract_ajax_roman_warrior
scriptbundle,#camo_active_sig_ar_standard_adventure_base_bribe
scriptbundle,#melee_amuletfist_t8_bribe
scriptbundle,#pc_cpu_priority
scriptbundle,#melee_club_bundle
scriptbundle,#loot_emote_shared_shuffle_shop
scriptbundle,#pc_vehicle_horn
scriptbundle,#scorestreak_strike_team_restriction
scriptbundle,#pc_rgb_disabled
scriptbundle,#pc_ui_nexttab
scriptbundle,#smg_vmp_t8_bribe
scriptbundle,#wc_perk2gluttony_restriction
scriptbundle,#outfit_wetworks_legendary1_ruin
scriptbundle,#smg_fastfire_restriction
scriptbundle,#pc_specialability
scriptbundle,#loot_character_johnson_shop
scriptbundle,#pc_spawnbeacon_toggle
scriptbundle,#pc_battlechatter
scriptbundle,#pc_weaponcyclewrap
scriptbundle,#camo_active_sig_pistol_revolver_cyberpunk_base_bribe
scriptbundle,#gear_acousticsensor_restriction
scriptbundle,#pc_equipment
scriptbundle,#camo_active_dlc5_shattered_wrapper_shop
scriptbundle,#melee_homewrecker_sunset_bundle_shop
scriptbundle,#mastercraft_deepvoyage_sunset_bundle_shop
scriptbundle,#tr_longburst_restriction
scriptbundle,#outfit_splinter_base_pal_com6_recon_shop
scriptbundle,#ar_standard_t8_bribe
scriptbundle,#pc_nextweapon
scriptbundle,#pc_ads_sensitivity_vertical_high_zoom
scriptbundle,#loot_lmg_mark_48_seal_mk2_bribe
scriptbundle,#pc_show_team_chat
scriptbundle,#pc_vehicle_flyup
scriptbundle,#sniper_locus_t8_bribe
scriptbundle,#loot_contract_rampart_mastercraft
scriptbundle,#camo_dlc5_jellymaw_shop
scriptbundle,#lmg_standard_bundle
scriptbundle,#outfit_super_hero_epic1_firebreak_bundle_shop
scriptbundle,#scorestreak_counteruav_restriction
scriptbundle,#triple_play_feb2019
scriptbundle,#loot_lmg_heavy_mk2_bribe
scriptbundle,#sniper_mini14_t8_bribe
scriptbundle,#pc_textchat_lastused
scriptbundle,#pc_semtex_toggle
scriptbundle,#perk_dexterity_restriction
scriptbundle,#ar_peacekeeper_t8_bribe
scriptbundle,#loot_contract_deep_voyage
scriptbundle,#mod_dot
scriptbundle,#pc_motion_blur_quality
scriptbundle,#pc_ui_navdown
scriptbundle,#melee_coinbag_sunset_bundle_shop
scriptbundle,#loot_season_7_postseason_all_rng
scriptbundle,#wc_perk1gluttony_restriction
scriptbundle,#loot_character_misty_sunset_bundle_shop
scriptbundle,#pc_gamepad_stick_layout
scriptbundle,#pc_prone_one_way
scriptbundle,#loot_contract_winter
scriptbundle,#plasmadrive_reactive_camo_bundle
scriptbundle,#loot_contract_season_2_bonus_stream
scriptbundle,#outfit_tigerstripe_base_pal_com6_crash_shop
scriptbundle,#outfit_warrior_exo2_bundle_ajax_shop
scriptbundle,#battery_assassin_outfit_bundle
scriptbundle,#outfit_splinter_base_pal_com6_crash_shop
scriptbundle,#loot_contract_recon_muertos
scriptbundle,#loot_contract_torque_muertos
scriptbundle,#loot_contract_kn57_mastercraft
scriptbundle,#pc_ui_navright
scriptbundle,#loot_character_tedd_sunset_bundle_shop
scriptbundle,#ar_accurate_bundle
scriptbundle,#loot_season_3_postseason
scriptbundle,#melee_risingtide_sunset_bundle_shop
scriptbundle,#pc_texture_quality
scriptbundle,#ar_modular_mk2_bundle_shop
scriptbundle,#loot_contract_space_shuttle
scriptbundle,#mastercraft_zerog_sunset_bundle_shop
scriptbundle,#loot_contract_categories
scriptbundle,#outfit_warrior_epic1_crash_sunset_bundle_shop
scriptbundle,#equipment_reactorcore_restriction
scriptbundle,#pc_display_adapter
scriptbundle,#pc_weaponcycledelay
scriptbundle,#jumppack_chinese_new_year_shop
scriptbundle,#pc_prone_toggle
scriptbundle,#loot_smg_handling_mk2_bribe
scriptbundle,#operator_skullsplitter_restriction
scriptbundle,#pc_armor_repair_toggle
scriptbundle,#outfit_flecktarn_base_pal_com6_seraph_shop
scriptbundle,#outfit_warrior_exo2_bundle_seraph_shop
scriptbundle,#pc_switchsecondary
scriptbundle,#pc_razorwire_toggle
scriptbundle,#mod_impact
scriptbundle,#outfit_warrior_base_pal_exo1_battery_shop
scriptbundle,#pc_tac_deploy_default_spawn
scriptbundle,#outfit_warrior_epic1_wetworks_outrider
scriptbundle,#mastercraft_greatlion_sunset_bundle_shop
scriptbundle,#equipment_tripwire_restriction
scriptbundle,#loot_contract_party_rock
scriptbundle,#camo_active_dlc1_masks_wrapper_2crates_shop
scriptbundle,#loot_contract_russman
scriptbundle,#outfit_global_warpaint_bundle_jester
scriptbundle,#pc_show_ally_healthbars
scriptbundle,#loot_contract_vampire_hunter
scriptbundle,#mod_meta
scriptbundle,#smg_handling_greatlion_mastercraft_bundle
scriptbundle,#outfit_warrior_epic1_wetworks_torque
scriptbundle,#outfit_northern_lights_legendary3_firebreak
scriptbundle,#pc_ui_loweropacity
scriptbundle,#outfit_flecktarn_base_pal_com6_recon_shop
scriptbundle,#nomad_detective_outfit_bundle
scriptbundle,#outfit_flecktarn_base_pal_com6_prophet_shop
scriptbundle,#pc_scoreboard_wz_toggle
scriptbundle,#loot_character_dempsey_ofc_shop
scriptbundle,#warden_character_bundle
scriptbundle,#pc_combataxe_toggle
scriptbundle,#loot_contract_valkyrie
scriptbundle,#pc_voice_chat_output_device
scriptbundle,#pc_trophy_toggle
scriptbundle,#pc_invert_y_axis
scriptbundle,#loot_tags_bundle_altdimensions_shop
scriptbundle,#shamrock_free_bundle_2019
scriptbundle,#loot_season_5_postseason
scriptbundle,#prt_wz_hudson_shop
scriptbundle,#loot_contract_gks_mastercraft
scriptbundle,#operator_repeater_restriction
scriptbundle,#pc_scoreboard_zm_hold
scriptbundle,#scorestreak_remote_missile_restriction
scriptbundle,#pc_mouse_acceleration
scriptbundle,#loot_contract_crash_snakeskin
scriptbundle,#pc_display_cpurendertime
scriptbundle,#pc_opensocialmenu
scriptbundle,#loot_contract_firebreak_warrior
scriptbundle,#scorestreak_supplydrop_restriction
scriptbundle,#spectre_apocalypse_outfit_bundle_shop
scriptbundle,#pc_gamepad_reload_behavior
scriptbundle,#outfit_zombie_epic1_firebreak_bundle_shop
scriptbundle,#outrider_apocalypse_outfit_bundle_shop
scriptbundle,#camo_dlc1_cherryblossom
scriptbundle,#mod_drown
scriptbundle,#equipment_supplypod_restriction
scriptbundle,#loot_season_3_postseason_all_rng
scriptbundle,#pc_vertical_sync
scriptbundle,#mod_melee
scriptbundle,#loot_ar_peacekeeper_mk2_bribe
scriptbundle,#pc_ui_raiseopacity
scriptbundle,#outfit_flecktarn_base_pal_com6_ajax_shop
scriptbundle,#pc_steadyaim
scriptbundle,#equipment_combataxe_restriction
scriptbundle,#pc_damagebased_hitmarkers
scriptbundle,#outfit_flecktarn_base_pal_com6_battery_shop
scriptbundle,#wc_perk1greed_restriction
scriptbundle,#mod_trigger_hurt
scriptbundle,#pc_ui_confirm
scriptbundle,#smg_standard_restriction
scriptbundle,#pc_voicechat_pushtotalk_keybind
scriptbundle,#loot_contract_grigori_weaver_presunset
scriptbundle,#pc_hdr
scriptbundle,#operator_strelok_restriction
scriptbundle,#pc_display_mode
scriptbundle,#outfit_assassin_legendary1_ruin
scriptbundle,#pc_subsurface_scattering
scriptbundle,#mastercraft_swordfish_nautical
scriptbundle,#mod_suicide
scriptbundle,#jumppack_elvis_shop
scriptbundle,#pc_viewmodel_self_shadow
scriptbundle,#loot_season_4_postseason_all_rng
scriptbundle,#loot_lmg_standard_sig_01_sunset_bundle_shop
scriptbundle,#outfit_warrior_epic2_zero
scriptbundle,#starter_pack_season5
scriptbundle,#pc_playernames
scriptbundle,#pc_changestance
scriptbundle,#equipment_trophysystem_restriction
scriptbundle,#tr_flechette_t8_bribe
scriptbundle,#melee_zombiearm_sunset_bundle_shop
scriptbundle,#weaponcamo_rocketbox_bundle_shop
scriptbundle,#pc_ambient_occlusion_quality
scriptbundle,#loot_smg_fastfire_mk2_bribe
scriptbundle,#pc_choose_class_12
scriptbundle,#pc_choose_class_11
scriptbundle,#pc_choose_class_10
scriptbundle,#wc_secondaryoperatormod_restriction
scriptbundle,#pc_ui_prevtab
scriptbundle,#wc_secondarygunfighter1_restriction
scriptbundle,#operator_crossbar_restriction
scriptbundle,#pc_meshmine_toggle
scriptbundle,#pc_assaultpack_toggle
scriptbundle,#pc_openplayeraccountmenu
scriptbundle,#mod_death_circle
scriptbundle,#pc_auto_mantle_enabled
scriptbundle,#pc_raisestancejump
scriptbundle,#shamrock_shock_and_awe_2019
scriptbundle,#funky_dance_bundle_shop
scriptbundle,#mod_dot_self
scriptbundle,#pc_gamepad_autosprint
scriptbundle,#pc_claymore_toggle
scriptbundle,#pc_textchat_public
scriptbundle,#no_dupe_crate
scriptbundle,#camo_active_dlc1_masks_wrapper_4crates_type2_shop
scriptbundle,#pc_skip_intro
scriptbundle,#loot_shotgun_semi_sig_01_bribe
scriptbundle,#pc_smartcover_toggle
scriptbundle,#loot_contract_seraph_muertos
scriptbundle,#pc_ads_sensitivity_low_zoom
scriptbundle,#loot_contract_stuhlinger
scriptbundle,#outfit_warrior_base_pal_exo1_battery_sunset_bundle_shop
scriptbundle,#equipment_molotov_restriction
scriptbundle,#pc_textchat_team
scriptbundle,#camo_active_dlc2_zombie_flick_wrapper_shop
scriptbundle,#hudson_blackout_character_bundle
scriptbundle,#outfit_tigerstripe_base_pal_com6_nomad_shop
scriptbundle,#mod_gas
scriptbundle,#sniper_powersemi_restriction
scriptbundle,#outfit_tigerstripe_base_pal_com6_prophet_shop
scriptbundle,#torque_smokedup_outfit_bundle_shop
scriptbundle,#pc_elixir_3
scriptbundle,#pc_elixir_2
scriptbundle,#pc_elixir_1
scriptbundle,#pc_elixir_4
scriptbundle,#pc_scorestreak_1
scriptbundle,#pc_scorestreak_2
scriptbundle,#pc_scorestreak_3
scriptbundle,#pc_scorestreak_4
scriptbundle,#outfit_dotd_exo2_bundle_ajax_shop
scriptbundle,#pc_ui_group
scriptbundle,#abr_5_crates_shop
scriptbundle,#weaponcamo_cherryblossom_bundle_shop
scriptbundle,#half_off_no_dupe_crate
scriptbundle,#loot_contract_koshka_mastercraft
scriptbundle,#ar_modular_restriction
scriptbundle,#outfit_snake_legendary1_nomad_sunset_bundle_shop
scriptbundle,#camo_active_dlc1_masks_wrapper
scriptbundle,#perk_gungho_restriction
scriptbundle,#pc_gamepad_horizontal_sensitivity
scriptbundle,#jumppack_heist_shop
scriptbundle,#wc_perk3greed_restriction
scriptbundle,#sniper_quickscope_restriction
scriptbundle,#pc_crouch_toggle
scriptbundle,#season5_triple_play_01
scriptbundle,#season5_triple_play_02
scriptbundle,#season5_triple_play_03
scriptbundle,#ar_an94_t8_bribe
scriptbundle,#outfit_marauder_rare4_battery_shop
scriptbundle,#camo_active_sig_ar_modular_porcelain_base_bribe
scriptbundle,#camo_active_dlc1_cyberpunk_sunset_bundle_shop
scriptbundle,#rising_tide_melee_bundle_shop
scriptbundle,#abr_3_crates_shop
scriptbundle,#perk_ghost_restriction
scriptbundle,#pc_display_gamma
scriptbundle,#pc_smokescreen_toggle
scriptbundle,#pc_mounting_ladders
scriptbundle,#camo_active_dlc5_phased_wrapper_bundle_shop
scriptbundle,#pc_profanity_filter
scriptbundle,#pc_scoreboard_toggle
scriptbundle,#loot_contract_halloween
scriptbundle,#outfit_super_hero_epic1_spectre_bundle_shop
scriptbundle,#outfit_dotd_exo2_bundle_recon_shop
scriptbundle,#pc_gamepad_vertical_sensitivity
scriptbundle,#outfit_super_hero_epic1_seraph_bundle_shop
scriptbundle,#mastercraft_vampire_hunter
scriptbundle,#pc_ambient_lighting_quality
scriptbundle,#pistol_fullauto_t8_bribe
scriptbundle,#loot_contract_grigori_weaver
scriptbundle,#pc_gamepad_lootpickup_mode
scriptbundle,#pc_gamepad_button_layout
scriptbundle,#pc_ui_layerbottom
scriptbundle,#mod_falling
scriptbundle,#pc_mouse_filtering
scriptbundle,#pc_priority_looting
scriptbundle,#loot_season_1_postseason
scriptbundle,#pc_selfheal
scriptbundle,#pc_hud_bounds
scriptbundle,#pc_slide
scriptbundle,#loot_contract_icr7_mastercraft
scriptbundle,#camo_active_sig_pistol_burst_raven_base_bribe
scriptbundle,#triple_play_dec2018
scriptbundle,#loot_season_8_postseason_all_rng
scriptbundle,#scorestreak_dart_restriction
scriptbundle,#mastercraft_zx700_sunset_bundle_shop
scriptbundle,#equipment_seekermine_restriction
scriptbundle,#operator_echofire_restriction
scriptbundle,#pc_disable_minimize
scriptbundle,#pc_shadow_quality
scriptbundle,#loot_sniper_quickscope_mk2_bribe
scriptbundle,#outfit_zombie_epic1_reaper_shop
scriptbundle,#ar_fastfire_restriction
scriptbundle,#outfit_flecktarn_base_pal_com6_nomad_shop
scriptbundle,#operator_strobelight_restriction
scriptbundle,#outfit_splinter_base_pal_com6_seraph_shop
scriptbundle,#pc_graphic_content
scriptbundle,#perk_teamlink_restriction
scriptbundle,#smg_handling_restriction
scriptbundle,#mastercraft_valkyrie_sunset_bundle_shop
scriptbundle,#knife_loadout_restriction
scriptbundle,#loot_character_nikolai_ofc_shop
scriptbundle,#outfit_warrior_epic1_prophet_shop
scriptbundle,#promo_no_dupe_crate
scriptbundle,#pc_health_regen_toggle
scriptbundle,#scorestreak_ac130_restriction
scriptbundle,#pc_sprayandgesturewheel_hold
scriptbundle,#pc_melee_only
scriptbundle,#pistol_standard_restriction
scriptbundle,#outfit_splinter_base_pal_com6_nomad_shop
scriptbundle,#stick_layout_legacy
scriptbundle,#ability_annihilator_restriction
scriptbundle,#loot_contract_ruin_muertos
scriptbundle,#gear_equipmentcharge_restriction
scriptbundle,#outfit_warrior_epic1_prophet_sunset_bundle_shop
scriptbundle,#pc_textchat_party
scriptbundle,#pc_auto_weapon_switch
scriptbundle,#outfit_global_warpaint_bundle_rorshach
scriptbundle,#mod_aat
scriptbundle,#outfit_warrior_epic1robber_ruin_shop
scriptbundle,#pc_show_friends_notifications
scriptbundle,#daysofsummer_triple_play_01
scriptbundle,#daysofsummer_triple_play_02
scriptbundle,#jumppack_american_flag_shop
scriptbundle,#operator_wildfire_restriction
scriptbundle,#camo_active_dlc4_115_wrapper_shop
scriptbundle,#gear_comsecdevice_restriction
scriptbundle,#pc_audio_presets
scriptbundle,#operator_dw_restriction
scriptbundle,#loot_character_replacer_leisure_sunset_bundle_shop
scriptbundle,#camo_active_dlc3_celestial_wrapper
scriptbundle,#outfit_splinter_base_pal_com6_prophet_shop
scriptbundle,#melee_stopsign_sunset_bundle_shop
scriptbundle,#pc_ui_copylayer
scriptbundle,#smg_folding_t8_bribe
scriptbundle,#outfit_warrior_base_pal_exo1_torque_sunset_bundle_shop
scriptbundle,#loot_dlc_mini_14_mk2_bribe
scriptbundle,#loot_contract_firebreak_snakeskin
scriptbundle,#loot_contract_seraph_cop
scriptbundle,#outfit_warrior_epic1robber_ruin_sunset_bundle_shop
scriptbundle,#pc_fieldofview
scriptbundle,#loot_contract_afterglow
scriptbundle,#pc_lookleft
scriptbundle,#pc_order_independent_transparency
scriptbundle,#equipment_grapple_restriction
scriptbundle,#loot_season_2_postseason
scriptbundle,#pc_display_vram
scriptbundle,#pc_vehicle_flydown
scriptbundle,#camo_active_sig_smg_fastburst_diy_base_bribe
scriptbundle,#pc_sprint_cancels_reload
scriptbundle,#pc_master_volume
scriptbundle,#outfit_warrior_epic2_zero_sunset_bundle_shop
scriptbundle,#camo_active_dlc1_masks_wrapper_4crates_shop
scriptbundle,#pc_centerview
scriptbundle,#pc_aspect_ratio
scriptbundle,#loot_character_brutus_shop
scriptbundle,#loot_contract_stuhlinger_presunset
scriptbundle,#outfit_global_warpaint_bundle_flamingskull
scriptbundle,#mar_2019_free_weapon_crate
scriptbundle,#ar_accurate_featured_item_bundle_shop
scriptbundle,#outfit_flecktarn_base_pal_com6_firebreak_shop
scriptbundle,#pc_texture_filtering
scriptbundle,#loot_contract_tedd
scriptbundle,#wc_perk2greed_restriction
scriptbundle,#pc_scoreboard_hold
scriptbundle,#pc_seekermine_toggle
scriptbundle,#perk_lightweight_restriction
scriptbundle,#pc_autocullradius
scriptbundle,#wc_underkill_restriction
scriptbundle,#pc_move_backward
scriptbundle,#pc_screenshot
scriptbundle,#pc_armorrepair
scriptbundle,#scorestreak_uav_restriction
scriptbundlelist,#gsol_zm_specialzombies
scriptbundlelist,#hash_5261d4c1cc84baa
scriptbundlelist,#gsol_zm_talismans
scriptbundlelist,#gsol_zm_perks
scriptbundlelist,#hash_14f88ea6bb5e695c
scriptbundlelist,#gsol_zm_specialweapons
scriptbundlelist,#hash_1b1ee51f35879d2b
scriptbundlelist,#hash_1c4cc07c0bb00f43
scriptbundlelist,#hash_1ca6cc9b782e2463
scriptbundlelist,#hash_1ced9a4c7e99f619
scriptbundlelist,#hash_1de319e8bae738a0
scriptbundlelist,#hash_1e2b8d2d3ab47434
scriptbundlelist,#hash_1fdae74c8857a22f
scriptbundlelist,#hash_2037960375278ef0
scriptbundlelist,#hash_2652994b4b63e58a
scriptbundlelist,#hash_28f26a8657ee4a50
scriptbundlelist,#hash_2cc1175d26b7bd0e
scriptbundlelist,#gsol_zm_health
scriptbundlelist,#hash_2d879e820cc6a11b
scriptbundlelist,#gsol_zm_powerups
scriptbundlelist,#hash_2e88cd8cb0504108
scriptbundlelist,#hash_30157c260765cc9b
scriptbundlelist,#hash_330934e4914d5786
scriptbundlelist,#hash_363d932124346125
scriptbundlelist,#hash_3853570f56380ca9
scriptbundlelist,#gsol_zm_shield
scriptbundlelist,#hash_392804c37cd213f0
scriptbundlelist,#gsol_zm_standardweapons
scriptbundlelist,#gsol_zm_basiczombies
scriptbundlelist,#hash_3b9d2bc62f846e9d
scriptbundlelist,#gsol_zm_power
scriptbundlelist,#csol_qs
scriptbundlelist,#hash_4088d3cc27bb78b7
scriptbundlelist,#hash_412873c4c532bbf9
scriptbundlelist,#hash_4316e10f9989cf79
scriptbundlelist,#hash_4370b20c0081d744
scriptbundlelist,#hash_4389adf5bae5d049
scriptbundlelist,#hash_442b60a37ff48367
scriptbundlelist,#hash_444fa69478105ce1
scriptbundlelist,#gsol_zm_wallbuys
scriptbundlelist,#hash_4673ba0be6c8221f
scriptbundlelist,#hash_46a1896e5289e6e6
scriptbundlelist,#gsol_zm_mysterybox
scriptbundlelist,#gsol_zm_laststand
scriptbundlelist,#gsol_zm_wonderweapons
scriptbundlelist,#hash_4d8830abbbd692d3
scriptbundlelist,#hash_4ebdf9662ac3257b
scriptbundlelist,#hash_4ec41f9038e2a0da
scriptbundlelist,#hash_4f106a80b35f16f7
scriptbundlelist,#gsol_zm_general
scriptbundlelist,#hash_5097be4943b698b6
scriptbundlelist,#hash_532b47d0292d5c2f
scriptbundlelist,#gsol_zm_barricades
scriptbundlelist,#hash_548ae780261a4dc3
scriptbundlelist,#hash_564edd76c83f0a7b
scriptbundlelist,#gsol_zm_elixirs
scriptbundlelist,#hash_5872caa86a2cbb62
scriptbundlelist,#hash_5b56d51133efae32
scriptbundlelist,#hash_5d709462d88e5c91
scriptbundlelist,#gsol_zm_points
scriptbundlelist,#hash_5e8c69a54979157c
scriptbundlelist,#hash_5f0092f951c5776b
scriptbundlelist,#hash_5f60c6e3a4bba05f
scriptbundlelist,#hash_6353e9985991d45a
scriptbundlelist,#hash_63896122cd22b2eb
scriptbundlelist,#gsol_zm_equipment
scriptbundlelist,#hash_65e7430bf0564971
scriptbundlelist,#hash_673d46d3e61c81e0
scriptbundlelist,#hash_68268e61b2632df0
scriptbundlelist,#hash_68bac5f74d6985f9
scriptbundlelist,#hash_6985098e8ca52329
scriptbundlelist,#hash_7046a5a0343dc92a
scriptbundlelist,#hash_70982e1c9d180d09
scriptbundlelist,#hash_71112ee33fd44e84
scriptbundlelist,#hash_732effd14f3041b5
scriptbundlelist,#hash_736329a7175cedfa
scriptbundlelist,#hash_74a28a895c252dd4
scriptbundlelist,#hash_74b6e9f353ed2f1f
scriptbundlelist,#hash_752765527da9a64d
scriptbundlelist,#gsol_zm_packapunch
scriptbundlelist,#hash_784d0ba58fc2aff5
scriptbundlelist,#hash_7863a4b07cdc6a22
scriptbundlelist,#hash_78c3fd997749a371
scriptbundlelist,#hash_7a64984669450221
scriptbundlelist,#hash_7aaf36052a208e4d
scriptbundlelist,#hash_7af9c28e1bf6d7c5
scriptbundlelist,#hash_7bcbdf381c292696
scriptbundlelist,#hash_7ca7d90a41c4a251
scriptbundlelist,#hash_7d70f9460a59270f
ttf,#hash_3d04d3341e66fd2c
ttf,#hash_49f222979b2ad835
ttf,#hash_6597013bd55835bd
scriptbundlelist,#hash_341fa197163d7bb
scriptbundlelist,#hash_34b3efe87a75373
scriptbundlelist,#hash_696b18e6f5fc6c9
scriptbundlelist,#hash_6d2467e662f8539
scriptbundlelist,#hash_76fb5372632dfe7
scriptbundlelist,#bundlelist
scriptbundlelist,#hash_11932698febb43ec
scriptbundlelist,#hash_19ed388e75adb17e
scriptbundlelist,#hash_1d1aa8ea775df1be
scriptbundlelist,#hash_21aa317708a48a81
scriptbundlelist,#pc_gameplay_options
scriptbundlelist,#hash_3216798c8afe6c5d
scriptbundlelist,#hash_361dd84fb29836e3
scriptbundlelist,#hash_3851181e44643032
scriptbundlelist,#hash_3a66ee44116637c0
scriptbundlelist,#hash_3b70550c535036f1
scriptbundlelist,#hash_3df45cfa77e25457
scriptbundlelist,#hash_3e667fe66146f9b1
scriptbundlelist,#hash_55f57c7e955f30b2
scriptbundlelist,#hash_5ab63b0156a0bfd3
scriptbundlelist,#hash_5d35ec3b2b4d4fcd
scriptbundlelist,#bribelist
scriptbundlelist,#hash_5fef4309ce9e136e
scriptbundlelist,#hash_6011dc3c40d2afa6
scriptbundlelist,#hash_661e5b91c39d0ed8
scriptbundlelist,#hash_67bdf1f25cf7e7c2
scriptbundlelist,#hash_6bb1d346edd82c6f
scriptbundlelist,#meansofdeathlist
scriptbundlelist,#hash_7af06f4782b7eaec
scriptbundlelist,#hash_7b603ffbde556ad3
scriptbundlelist,#hash_7f49631bb8925fd9
ttf,#notosans_bold
ttf,#notosans_light
ttf,#notosans_regular
