type,name
physpreset,d#weapon_bullet
xanim,d#pt_rifle_stand_raise
xanim,d#vm_sniper_damagesemi_sprint_pullout
xanim,d#vm_sniper_damagesemi_crawl_in
xanim,d#vm_sniper_damagesemi_sprint_out
xanim,d#hash_781463578f045f5
xanim,d#pt_rifle_swim_fire
xanim,d#vm_sniper_damagesemi_ads_is_down
xanim,d#vm_sniper_damagesemi_ads_base_up
xanim,d#vm_sniper_damagesemi_ads_holo_up
xanim,d#vm_sniper_damagesemi_sprint_in
xanim,d#vm_sniper_damagesemi_crawl_out
xanim,d#hash_f75aa91d5368f01
xanim,d#vm_sniper_damagesemi_idle
xanim,d#hash_111dfdc99c214ca2
xanim,d#vm_sniper_damagesemi_fire_ads
xanim,d#hash_14bc9b4d01b75a83
xanim,d#hash_154ae0256197e659
xanim,d#vm_sniper_power_semi_walk_f
xanim,d#vm_mp9_walk_f_ads
xanim,d#hash_15f5adc4bf6ed5e6
xanim,d#vm_sniper_damagesemi_ads_base_down
xanim,d#hash_1715bfce19cc4565
xanim,d#pt_rifle_stand_putaway
xanim,d#pt_rifle_swim_idle_gunbutt_melee
xanim,d#vm_sniper_damagesemi_ads_acog_down
xanim,d#pt_rifle_stand_melee_gunbutt_swipe
xanim,d#pt_rifle_swim_putaway
xanim,d#hash_1d9805b04c791d94
xanim,d#pt_rifle_swim_fire_over
xanim,d#hash_1e181f83994e2639
xanim,d#hash_240daf3917622dac
xanim,d#hash_26e38abd0d5a3d21
xanim,d#pt_rifle_prone_putaway
xanim,d#vm_sniper_damagesemi_pullout
xanim,d#vm_sniper_damagesemi_first_raise
xanim,d#pt_rifle_swim_idle_gunbutt_over
xanim,d#vm_sniper_damagesemi_putaway_quick
xanim,d#vm_sniper_damagesemi_ads_mms_up
xanim,d#pt_rifle_swim_raise_over
xanim,d#vm_sniper_damagesemi_swim_pullout
xanim,d#hash_32113bfb7557ab24
xanim,d#hash_3359fbf8df5d85df
xanim,d#vm_sniper_damagesemi_sprint_loop
xanim,d#pt_rifle_crouch_shoot
xanim,d#hash_39e9d654ffcf9a49
xanim,d#pt_rifle_crouch_raise
xanim,d#vm_sniper_damagesemi_crawl_r
xanim,d#vm_sniper_damagesemi_crawl_l
xanim,d#vm_sniper_damagesemi_crawl_f
xanim,d#vm_sniper_damagesemi_crawl_b
xanim,d#hash_3d74f2c73a6eb5b4
xanim,d#vm_crouch_to_prone
xanim,d#vm_sniper_damagesemi_hand_pose_l_grip
xanim,d#hash_426f08be8d7a2fdb
xanim,d#vm_prone_to_crouch
xanim,d#vm_sniper_damagesemi_ads_is_up
xanim,d#vm_sniper_damagesemi_reload_out
xanim,d#pt_rifle_prone_melee_gunbutt
xanim,d#hash_49408809bc7c5690
xanim,d#vm_smg_capacity_jump
xanim,d#hash_4e8771f99e025709
xanim,d#hash_4ea7464fc1c639e3
xanim,d#hash_4eaaec386fd5137a
xanim,d#hash_4f1bc6ef57d486ef
xanim,d#vm_sniper_damagesemi_swim_putaway
xanim,d#vm_sniper_damagesemi_hand_pose_l
xanim,d#vm_sniper_damagesemi_hand_pose_r
xanim,d#hash_53dff4b40faa2621
xanim,d#vm_sniper_damagesemi_ads_acog_up
xanim,d#vm_sniper_damagesemi_sprint_putaway
xanim,d#hash_549d29fab7ff709c
xanim,d#hash_54ebd3f84b2e7ae4
xanim,d#hash_57f44894cb879204
xanim,d#hash_5bd7d183421d6a4d
xanim,d#pt_rifle_swim_raise
xanim,d#vm_sniper_damagesemi_reload_fast_empty
xanim,d#pt_rifle_crouch_putaway
xanim,d#vm_koshka_fire_ads_acog
xanim,d#vm_sniper_damagesemi_inspect
xanim,d#vm_sniper_power_semi_fall
xanim,d#vm_smg_capacity_jump_land
xanim,d#hash_6325de7633f230ec
xanim,d#hash_653aacaef805d34f
xanim,d#hash_6605240228b4b3e9
xanim,d#pt_rifle_swim_putaway_over
xanim,d#hash_67f03b84d6c6cb54
xanim,d#vm_sniper_damagesemi_pullout_quick
xanim,d#hash_68abc0810122e65c
xanim,d#vm_sniper_damagesemi_ads_mms_down
xanim,d#hash_6a6e204a914204a7
xanim,d#hash_6b52ab133a0920b8
xanim,d#vm_sniper_damagesemi_gunbutt_swipe
xanim,d#hash_6bd7c1a7f0a41201
xanim,d#vm_sniper_damagesemi_ads_holo_down
xanim,d#vm_sniper_damagesemi_fire
xanim,d#vm_sniper_damagesemi_putaway
xanim,d#hash_71cf50209593b857
xanim,d#hash_74938eba257c6b4e
xanim,d#vm_sniper_damagesemi_fire_ads_last
xanim,d#pt_rifle_stand_fire
xanim,d#pt_rifle_prone_raise
xanim,d#pt_rifle_prone_fire
xanim,d#hash_7f1ae2cda7c4583a
xanim,d#vm_sniper_damagesemi_reload_loop
xanim,d#hash_7fb06efb18956502
xmodelmesh,d#hash_adba4b87cf348b
xmodelmesh,d#hash_e34cbfc639b5d4
xmodelmesh,d#hash_1036aedeb08e6c2
xmodelmesh,d#hash_11a457d571eef2b
xmodelmesh,d#hash_191d1b137bc0f56
xmodelmesh,d#hash_2083448e526c915
xmodelmesh,d#hash_224ba81d75dab9e
xmodelmesh,d#hash_2e0d2572981ff9c
xmodelmesh,d#hash_38a23808cd62fce
xmodelmesh,d#hash_3fb70db56e92c1d
xmodelmesh,d#hash_482abb0848c0d3a
xmodelmesh,d#hash_4865f6f38256238
xmodelmesh,d#hash_4a4dedf25d5df9d
xmodelmesh,d#hash_4ed09b1a3d5ad49
xmodelmesh,d#hash_5b497399f0638c0
xmodelmesh,d#hash_5bc9dd7f11970e6
xmodelmesh,d#hash_5f6a6483152c780
xmodelmesh,d#hash_61f936246b99167
xmodelmesh,d#hash_632ae70bd03adf6
xmodelmesh,d#hash_6518f28fc2c6d8a
xmodelmesh,d#hash_7be862a652be5b0
xmodelmesh,d#hash_80af2496605bd39
xmodelmesh,d#hash_8d4a602d38a9b81
xmodelmesh,d#hash_8e31353c9c9771b
xmodelmesh,d#hash_9136ea1a80c1e3b
xmodelmesh,d#hash_99dff1c21974233
xmodelmesh,d#hash_9d6b7b84c1fec33
xmodelmesh,d#hash_9fd3cd237bfe0a6
xmodelmesh,d#hash_a813e3bb52c0d37
xmodelmesh,d#hash_af5d1c20a5d277d
xmodelmesh,d#hash_b1e52a4f0788dda
xmodelmesh,d#hash_b3c0f4561527018
xmodelmesh,d#hash_c15699564c22a9b
xmodelmesh,d#hash_c774ae974bfe7c8
xmodelmesh,d#hash_cab57da6706fc66
xmodelmesh,d#hash_caffc51a87a208c
xmodelmesh,d#hash_cf37f8f26bb08a0
xmodelmesh,d#hash_e24781dcdd27f19
xmodelmesh,d#hash_edcd1cfd202e84e
xmodelmesh,d#hash_f7d33359b9cbb2a
xmodelmesh,d#hash_10382be0424213fa
xmodelmesh,d#hash_1086276b289dee40
xmodelmesh,d#hash_10eecde7bc0b5d29
xmodelmesh,d#hash_12fa60d4b02280f6
xmodelmesh,d#hash_13307a51388af05c
xmodelmesh,d#hash_137a7f43f3e9c79c
xmodelmesh,d#hash_13996351ca951dda
xmodelmesh,d#hash_14020931e8433965
xmodelmesh,d#hash_14ae4cfb8b95b62f
xmodelmesh,d#hash_14d23ec2b73fb4b2
xmodelmesh,d#hash_15159dbad2c2e9a1
xmodelmesh,d#hash_159e064d634e95e3
xmodelmesh,d#hash_15cb553f8bc69b02
xmodelmesh,d#hash_16136f36c0109930
xmodelmesh,d#hash_16ea719dfe8e1ecb
xmodelmesh,d#hash_17acbe21e0cdc969
xmodelmesh,d#hash_18bdb469d263104c
xmodelmesh,d#hash_18c06d99955caa88
xmodelmesh,d#hash_18dc058001e6e263
xmodelmesh,d#hash_1920add175fe1d7a
xmodelmesh,d#hash_19638f6d0fc96d94
xmodelmesh,d#hash_1996a381aa0cf7d5
xmodelmesh,d#hash_19afeb02bb07be58
xmodelmesh,d#hash_1a6d94396b69881f
xmodelmesh,d#hash_1ab08210f18fed8b
xmodelmesh,d#hash_1b5ebcdc6fbbf812
xmodelmesh,d#hash_1bfaac70e4bd79de
xmodelmesh,d#hash_1c94c84d982fe04e
xmodelmesh,d#hash_1d008831d831b77a
xmodelmesh,d#hash_1d766b91d8fff519
xmodelmesh,d#hash_1ea1ee3401e21037
xmodelmesh,d#hash_1eb49f1aab69e766
xmodelmesh,d#hash_1ec0cd444c41f003
xmodelmesh,d#hash_1ed18e2c0848fe44
xmodelmesh,d#hash_1f652b73e11a05fc
xmodelmesh,d#hash_1f8b8ed3b758afcb
xmodelmesh,d#hash_2010fc83829e45aa
xmodelmesh,d#hash_21203d2cf8c66f16
xmodelmesh,d#hash_219e38720a0e809c
xmodelmesh,d#hash_21ac62964f1410e0
xmodelmesh,d#hash_21ae90aba12dd4f9
xmodelmesh,d#hash_2242bfa250b9dd3d
xmodelmesh,d#hash_227160272dc0ed9d
xmodelmesh,d#hash_22893585590c0035
xmodelmesh,d#hash_22a5f9ee07fd9cb6
xmodelmesh,d#hash_22b34c13225b2f10
xmodelmesh,d#hash_24265d61de3ccf6e
xmodelmesh,d#hash_2457912d6f36fbb4
xmodelmesh,d#hash_25403d2ac14900b6
xmodelmesh,d#hash_25731d15cdda14f7
xmodelmesh,d#hash_257d4f10b8d23771
xmodelmesh,d#hash_27869711b8528f24
xmodelmesh,d#hash_27cf3ee24ac5eb51
xmodelmesh,d#hash_28243c57bbee6d0a
xmodelmesh,d#hash_2843b20115e75981
xmodelmesh,d#hash_28dc7973dd03cfb4
xmodelmesh,d#hash_294754b2245ce734
xmodelmesh,d#hash_2a4b02bc3fb3b71c
xmodelmesh,#hash_2b1ea117d19ce2ae
xmodelmesh,d#hash_2c45565804e68f84
xmodelmesh,d#hash_2c773e090cee2c9e
xmodelmesh,d#hash_2d07ac6221916da7
xmodelmesh,d#hash_2d39ef3a95ca5fad
xmodelmesh,d#hash_2d6239767e2eceef
xmodelmesh,d#hash_2d68e6fc370e6c4b
xmodelmesh,d#hash_2d8c49738d620cba
xmodelmesh,d#hash_2db10da06904b444
xmodelmesh,d#hash_2dc853c4f0e7b3c8
xmodelmesh,d#hash_2dd422c0686b8045
xmodelmesh,d#hash_2ed3bbc9da6b4e13
xmodelmesh,#hash_2fd365dbb645a145
xmodelmesh,d#hash_31ee09cfd397eca0
xmodelmesh,d#hash_3206ec0709a43a37
xmodelmesh,d#hash_32546e6a0f34f29c
xmodelmesh,d#hash_329a2d0a115556ff
xmodelmesh,d#hash_32bacf954168283b
xmodelmesh,d#hash_339fd6305e59b05f
xmodelmesh,d#hash_34316701f966f2f2
xmodelmesh,d#hash_34960ce983f5cc0f
xmodelmesh,d#hash_35287d02a31ce872
xmodelmesh,d#hash_3567efb126d50727
xmodelmesh,d#hash_35b4446071160090
xmodelmesh,d#hash_3657b6222b4eb0f4
xmodelmesh,d#hash_36b99ce418a913ed
xmodelmesh,#hash_37ee827902b58b9a
xmodelmesh,d#hash_380ef38e4ed67006
xmodelmesh,#hash_38188ffc863e831a
xmodelmesh,d#hash_38241805480082fc
xmodelmesh,d#hash_3828f35b52ce4da2
xmodelmesh,d#hash_387929b873afec14
xmodelmesh,d#hash_389063f5414fd432
xmodelmesh,d#hash_38a76b045aba515f
xmodelmesh,d#hash_396b4b2cf83f183e
xmodelmesh,d#hash_3a1c7119bd535a59
xmodelmesh,d#hash_3aa202b7f956d5b7
xmodelmesh,d#hash_3ab314c0addc51a0
xmodelmesh,d#hash_3d79f5d06c769830
xmodelmesh,d#hash_3de56d67efcdcc81
xmodelmesh,d#hash_3e09f24ab4e9d681
xmodelmesh,d#hash_3e72f3a2d204b8cc
xmodelmesh,d#hash_3ebb7d05f7004c3b
xmodelmesh,d#hash_3f7aaa78be64ae8d
xmodelmesh,d#hash_3f7bad1fc23bd862
xmodelmesh,d#hash_3f84841adebe1d8e
xmodelmesh,d#hash_3f9e22c5b3d6789c
xmodelmesh,d#hash_403726cd7a8a6102
xmodelmesh,d#hash_4064000bdc880017
xmodelmesh,d#hash_409ed1a81df6594d
xmodelmesh,d#hash_40afa5d9fe6b8685
xmodelmesh,d#hash_40f69aae49c7e1dd
xmodelmesh,d#hash_41a1d8844683a149
xmodelmesh,d#hash_41ab7c1277e123ac
xmodelmesh,d#hash_43209269cd3d3d20
xmodelmesh,d#hash_4333fab48ac41bc6
xmodelmesh,d#hash_445a298958a4afaa
xmodelmesh,d#hash_459b09e9f0f2606b
xmodelmesh,d#hash_45a7c371390fe3a7
xmodelmesh,d#hash_46617ec90c513919
xmodelmesh,d#hash_4666d05fb56e6b59
xmodelmesh,d#hash_4688768dde040e82
xmodelmesh,d#hash_46b70c22e951e152
xmodelmesh,d#hash_4707870a9e2c3d18
xmodelmesh,d#hash_47d4cf1b8100636e
xmodelmesh,d#hash_489fb9edba124664
xmodelmesh,d#hash_490f30acac197df7
xmodelmesh,d#hash_4989c263039edc6d
xmodelmesh,d#hash_4a58caf444b4ed70
xmodelmesh,d#hash_4a7d16fe6762f724
xmodelmesh,d#hash_4a9a89b931133f94
xmodelmesh,d#hash_4aed77b9a2a51a87
xmodelmesh,d#hash_4be73f8373383acf
xmodelmesh,d#hash_4bf8cc813bf214db
xmodelmesh,d#hash_4e0f2829d9ae13ee
xmodelmesh,#hash_4e5ef94cde8524a9
xmodelmesh,d#hash_4e8e6bd0bf0bb45b
xmodelmesh,d#hash_4f1b470cd69c1545
xmodelmesh,d#hash_4f8d02422516c934
xmodelmesh,d#hash_5163fc73b87a17c6
xmodelmesh,d#hash_51693ac6364e448b
xmodelmesh,d#hash_517339cf45d55dea
xmodelmesh,d#hash_5174492bec431456
xmodelmesh,d#hash_522c64bd1a7d0a8a
xmodelmesh,d#hash_528788197c506354
xmodelmesh,d#hash_53f67714fb907330
xmodelmesh,d#hash_545e2d6abedc2f1a
xmodelmesh,d#hash_548dc897f9822274
xmodelmesh,d#hash_54bde8c50a48d34d
xmodelmesh,d#hash_55cd5fab07d1f431
xmodelmesh,d#hash_55dd424b1f0eb88b
xmodelmesh,d#hash_560d9742e404a430
xmodelmesh,d#hash_56de339db1903dcd
xmodelmesh,d#hash_572e5cca0fefdb01
xmodelmesh,d#hash_573547dc01ad6ea1
xmodelmesh,d#hash_58538d1e48ea60c5
xmodelmesh,d#hash_5885023c6f539f84
xmodelmesh,d#hash_591bb180fa504933
xmodelmesh,d#hash_592e8398ba75d1e1
xmodelmesh,d#hash_5a01ad10ba85f1cd
xmodelmesh,d#hash_5a5776e1a3bf11ad
xmodelmesh,d#hash_5a717411668b875e
xmodelmesh,d#hash_5a8d70739338e982
xmodelmesh,d#hash_5b2c4d9e9ca96339
xmodelmesh,d#hash_5d8835eb81948f11
xmodelmesh,d#hash_5de6f04a06a4a5b8
xmodelmesh,d#hash_5e239cc46e91b9ca
xmodelmesh,d#hash_5e554678b5fdb8b4
xmodelmesh,d#hash_5f030450e2081d45
xmodelmesh,d#hash_5f2c7a97def25c65
xmodelmesh,d#hash_5fd7930e8f60f280
xmodelmesh,d#hash_5fe8598b685dbc63
xmodelmesh,d#hash_60fd6a9bc8b84057
xmodelmesh,d#hash_62f5b975449c979d
xmodelmesh,d#hash_63c42d396cb9632f
xmodelmesh,d#hash_6438adf08c4d8987
xmodelmesh,d#hash_646313a8608efe83
xmodelmesh,d#hash_64bbac868406a501
xmodelmesh,d#hash_651ea2771a1a0f67
xmodelmesh,d#hash_656763f1fe987789
xmodelmesh,d#hash_65cacce1e614a9e8
xmodelmesh,d#hash_660bf5abd7c53a2c
xmodelmesh,d#hash_66190dd17a8112b6
xmodelmesh,d#hash_6622390950b904d7
xmodelmesh,#hash_6661516ac25a2159
xmodelmesh,d#hash_66695aa579b24097
xmodelmesh,d#hash_671dcc81c3f13209
xmodelmesh,d#hash_67ed992e7387fdaa
xmodelmesh,d#hash_6815f30efb8c5b9b
xmodelmesh,#hash_689b64ebf62ed966
xmodelmesh,d#hash_68bf03591f1bd7be
xmodelmesh,d#hash_6996bd35dc29d587
xmodelmesh,d#hash_699de03fc7fb8c47
xmodelmesh,d#hash_69a17537487c756a
xmodelmesh,d#hash_69b82f35f38456f1
xmodelmesh,d#hash_69cd4c40be5e1104
xmodelmesh,d#hash_6a2a2939f9de660a
xmodelmesh,d#hash_6a5599deb5dc28b0
xmodelmesh,d#hash_6a7e30d6e5ed6768
xmodelmesh,d#hash_6a8ee34ae154b8da
xmodelmesh,d#hash_6aaa604c63355fc0
xmodelmesh,d#hash_6b28d15b39b2fb08
xmodelmesh,d#hash_6b3b2fc853c2622f
xmodelmesh,d#hash_6b4a7bda20c6ec4f
xmodelmesh,d#hash_6bf0d058445ec227
xmodelmesh,d#hash_6c7189e57ad3f619
xmodelmesh,d#hash_6c87f9bfd0a5fa2d
xmodelmesh,d#hash_6d01774d610acfae
xmodelmesh,d#hash_6d08e235ebe6a2b7
xmodelmesh,d#hash_6d837e31cf4f6200
xmodelmesh,d#hash_6d8b843b583a287a
xmodelmesh,d#hash_6de03ed8f041a088
xmodelmesh,d#hash_6e2d4e05420f936d
xmodelmesh,d#hash_6ea45d341e54ffd3
xmodelmesh,d#hash_6f51897b29a9173a
xmodelmesh,d#hash_6f96f8148f302c91
xmodelmesh,d#hash_6fb148097d8c5782
xmodelmesh,d#hash_70dd0f6785257483
xmodelmesh,d#hash_710b6b5c865d4cc4
xmodelmesh,d#hash_7168f74f6e489992
xmodelmesh,d#hash_71c94e8991d59480
xmodelmesh,d#hash_720af33693db16b1
xmodelmesh,d#hash_733bc0b6f3cdd239
xmodelmesh,d#hash_743333cfd690e1b0
xmodelmesh,d#hash_7466bf313ff833c4
xmodelmesh,d#hash_74e98cc6b043e62d
xmodelmesh,d#hash_74fcfe3da052e7c6
xmodelmesh,d#hash_7523f5470a577ff2
xmodelmesh,d#hash_75b45991cde7dc83
xmodelmesh,d#hash_7625c1eaf5108506
xmodelmesh,d#hash_762a03219ab7b6da
xmodelmesh,d#hash_76a14903b7ce29a7
xmodelmesh,d#hash_76bd397d28d21697
xmodelmesh,d#hash_77fd73dbaf809a9b
xmodelmesh,d#hash_79c760bbd43b9c2b
xmodelmesh,d#hash_7ab329e7d4c50cc2
xmodelmesh,d#hash_7af339c4008bed42
xmodelmesh,d#hash_7baf456fce4e43a3
xmodelmesh,d#hash_7c410007299e41cc
xmodelmesh,#hash_7d859b9293b05ad9
xmodelmesh,d#hash_7df66981a640de79
xmodelmesh,d#hash_7dfc4bf16d9dc161
xmodelmesh,d#hash_7e54d819028f7386
xmodelmesh,d#hash_7e6be9c91207095a
xmodelmesh,d#hash_7e806978b24a61a6
xmodelmesh,d#hash_7e826368cd093163
xmodelmesh,d#hash_7e9c311d946c2b26
xmodelmesh,d#hash_7eb5fb2fbec90eb4
xmodelmesh,d#hash_7f32a5a343c668b6
xmodelmesh,d#hash_7fe130a57d82e7b8
xmodelmesh,d#hash_7fe82288f50b0134
xmodelmesh,d#hash_7ff0ca7e57884966
techset,d#hash_33832cd9511a3ad
techset,d#hash_6a2b97ce3b8ff10
techset,d#hash_b1c39bcade61583
techset,d#hash_c209e70e5b56f8f
techset,d#hash_c516d69e005c29d
techset,d#hash_e521c0ded6fee60
techset,d#hash_1092ed616ccfb5ad
techset,d#hash_10a2c85098a6fc61
techset,d#hash_12971f8504cdf639
techset,d#hash_13e465e8fcde18c8
techset,d#hash_148918e30bf7668d
techset,d#hash_148cc8966c9e80c9
techset,d#hash_151599d79dd5c38c
techset,d#hash_1ae76e082fd0929f
techset,d#hash_1e2e4d5d05124d44
techset,d#hash_1e57b7a230dfb01f
techset,d#hash_1f83a9e92436d34f
techset,d#hash_201de2284542d9c0
techset,d#hash_201de5284542ded9
techset,d#hash_20bf2952606dd8dc
techset,d#hash_214a98da4078dd3c
techset,d#hash_21562690b8fd0932
techset,d#hash_216bd2eb7ba0de5c
techset,d#hash_230069adc840a7d1
techset,d#hash_23e51f17d6f6d53f
techset,d#hash_23e52417d6f6ddbe
techset,d#hash_2469148a182c1d3e
techset,d#hash_24f89278d6830129
techset,d#hash_260ac7565d8ca6a4
techset,d#hash_2656ab69d7e5b667
techset,d#hash_26cd354ada70f938
techset,d#hash_2877f5efc22c3951
techset,d#hash_2998757d1038aed2
techset,d#hash_2c91aec7d5e0b37d
techset,d#hash_2d2acca65a886243
techset,d#hash_2dba6ca0636b9975
techset,d#hash_343d6b802a1a74fd
techset,d#hash_3563501a224800eb
techset,d#hash_35924ad8cedce445
techset,d#hash_35c50c9575596bde
techset,d#hash_35c50d9575596d91
techset,d#hash_35db7173c87fe55e
techset,d#hash_35e21174b9a73768
techset,d#hash_35fb1328ef1687cd
techset,d#hash_3799747cce261eab
techset,d#hash_37b9a0783ad98393
techset,d#hash_38f0f4cf847f4e8b
techset,d#hash_3a10922ea1e83c8f
techset,d#hash_3bb8539f15977ed9
techset,d#hash_3f66834e521a1f12
techset,d#hash_40863fc8a2d84ae3
techset,d#hash_40b7c6c687e2273c
techset,d#hash_42697ed914316d26
techset,d#hash_42ad86054977b5cd
techset,d#hash_438399eb5063bd76
techset,d#hash_43d4c21cfd7acd9a
techset,d#hash_444e2dc1d87ca7df
techset,d#hash_480a7709d9cb8d48
techset,d#hash_49bf01e9cf876f49
techset,d#hash_4b771c6dfc88e293
techset,d#hash_4ce93bac257c2bec
techset,d#hash_4e9e9247c52ea875
techset,d#hash_4f7a8b71d1233eec
techset,d#hash_4f7a8e71d1234405
techset,d#hash_5029f4e1320fe709
techset,d#hash_50d6fe1a72d947cd
techset,d#hash_5134ef67ee5561be
techset,d#hash_514da41363615e58
techset,d#hash_514da5136361600b
techset,d#hash_52983bf3c4b8ea5a
techset,d#hash_54121edbb44af8f0
techset,d#hash_543c930fb81e45de
techset,d#hash_551eb0bf73e59a79
techset,d#hash_5947f726a785b60e
techset,d#hash_5b01ec0e588d26c5
techset,d#hash_5cd433498676dcfe
techset,d#hash_5d50b9795ab5391c
techset,d#hash_5d50bc795ab53e35
techset,d#hash_5d7806ca7bd75253
techset,d#hash_5e8276eca49cc041
techset,d#hash_5fbdce6cbfda8a59
techset,d#hash_600124f3d78a9d7a
techset,d#hash_6195cb32ad36bf1b
techset,d#hash_62935c0991804eea
techset,d#hash_638df208a00312eb
techset,d#hash_65c265ed57aeb12e
techset,d#hash_67fd42ba4d283534
techset,d#hash_67fd43ba4d2836e7
techset,d#hash_6870b485c7d16b09
techset,d#hash_68e58b39e6d6c719
techset,d#hash_6a2af0b9942f5f34
techset,d#hash_6a83bf063d16e87e
techset,d#hash_6a8e83063d208a0f
techset,d#hash_6aae01c8ade153ce
techset,d#hash_6c5f9c7effbea468
techset,d#hash_6ca0b4ac5ca3f9fd
techset,d#hash_6d10dccace56dc07
techset,d#hash_6d9d0fbbb703c4f1
techset,d#hash_6e04c4d8d4459513
techset,d#hash_6e2b4ae7ccc56328
techset,d#hash_6f4497afc0757a62
techset,d#hash_707c807cd77339ac
techset,d#hash_714914ff6459caef
techset,d#hash_730e868bd067924d
techset,d#hash_73612a23b9f8f44e
techset,d#hash_73bcb678ec219542
techset,d#hash_73e5245542ab5197
techset,d#hash_74bfe1bb9113df68
techset,d#hash_7573e4242525afde
techset,d#hash_75def35d7ea087f3
techset,#hash_7615346333341f5d
techset,d#hash_7638c1e2fc1a8a98
techset,d#hash_76b9c5145a940e61
techset,d#hash_7846e64525e7040f
techset,d#hash_7896540f6f30db85
techset,d#hash_78d9f0ffd167aaf1
techset,d#hash_79d79abe94b95a19
techset,d#hash_79fd4d5d9f0e8201
techset,d#hash_7a5629edc4596fbb
techset,d#hash_7b39310ab4d88e9b
techset,d#hash_7b8ded9cfebe5d14
techset,d#hash_7c74ccec2904cee4
techset,d#hash_7cdf8869adc7f316
techset,d#hash_7e5fba807526ecdf
techset,d#hash_7f1752c98e2de9e8
techset,d#hash_7f1813031a257c82
techset,d#hash_7f8e5442ea6fb5c6
techset,d#hash_7f8e5742ea6fbadf
image,d#i_mtl_veh_t8_civ_forklift_modular_decal_dent_big_n
image,d#hash_bcbe9bf4868a8c
image,d#ui_menu_store_product_b04_absolute_zero_large
image,d#hash_120689fb78d89a0
image,d#hash_1446207f91eca8b
image,d#hash_176c3ffb640644f
image,d#hash_1a7d950288c1f60
image,d#fxt8_decal_blood_fatal_01_s
image,d#fxt8_decal_blood_fatal_01_n
image,d#i_wpn_t8_micro_metal_gunmetal_v01_g
image,d#ui_menu_store_product_b04_be
image,d#ui_icon_blackmarket_reserves_crate_large
image,d#fxt8_water_bubble_lg_mask
image,d#hash_2de121ebdf76fd1
image,d#hash_2de221ebdf78b01
image,d#i_t7_decal_bullet_concrete_03_n
image,d#i_t7_decal_bullet_concrete_03_c
image,d#$half_reveal
image,d#i_t7_micro_metal_rough_01_g
image,#hash_361bc83faa4939c
image,d#hash_3624b6f8dc015e8
image,d#ui_menu_store_product_b04_kronos_preorder_oe_large
image,d#i_mtl_wpn_t8_camo_topology_04_c
image,d#i_attach_t8_optic_acog_rail_mount_c
image,d#i_attach_t8_optic_acog_rail_mount_g
image,d#i_attach_t8_optic_acog_rail_mount_n
image,d#i_attach_t8_optic_acog_rail_mount_o
image,d#i_attach_t8_optic_acog_rail_mount_s
image,d#hash_3c4aa543680c9f1
image,d#fxt8_water_bubble_md_anim
image,d#ui_icon_obit_sniper_damagesemi
image,d#fxt8_smk_cigar_whisp_blur
image,d#$occlusion
image,d#hash_548a608ba6abf5e
image,d#hash_548b308ba6ad575
image,d#hash_548b608ba6ada8e
image,d#hash_5836c7f5d0c8c82
image,d#fxt_smk_whisp_anim
image,d#i_t7_decal_bullet_dirt_c
image,d#i_t7_decal_bullet_dirt_n
image,d#i_t7_decal_bullet_dirt_o
image,d#i_t7_camo_ce_115_g
image,d#fxt8_liquid_drop
image,d#ui_menu_store_product_b04_cp_9500_small
image,d#hash_632300ed1ea0fc6
image,d#i_t8_micro_metal_grunge_galvanized_01_g
image,d#hash_67497c5cfeb9d39
image,d#hash_6749bc5cfeba405
image,d#hash_6749ec5cfeba91e
image,d#hash_6749fc5cfebaad1
image,d#hash_674aac5cfebbd82
image,d#hash_674abc5cfebbf35
image,d#hash_69a5ee4bd2ff252
image,d#i_t7_paint_shop_copper_s
image,d#hash_6bb8cab4e6490e4
image,d#i_mtl_attach_t8_loot_sniper_semiauto_stock_02_g
image,d#i_mtl_attach_t8_loot_sniper_semiauto_stock_02_c
image,d#i_mtl_attach_t8_loot_sniper_semiauto_stock_02_o
image,d#i_mtl_attach_t8_loot_sniper_semiauto_stock_02_n
image,d#i_mtl_attach_t8_loot_sniper_semiauto_stock_02_s
image,d#i_mtl_attach_t8_loot_sniper_semiauto_stock_02_r
image,#hash_6e37cfd8dd654af
image,d#i_wpn_t7_snp_drakon_scope_reticle_c
image,d#hash_6f432d782948853
image,d#hash_74fcb73fdfae4fd
image,d#fxt8_muzzleflash_omni_mask
image,d#hash_7f072b9935386e0
image,d#hash_86ec19fbb4e2fdb
image,d#i_mtl_p7_debris_glass_shattered_sm_n
image,d#i_mtl_p7_debris_glass_shattered_sm_g
image,d#$gray_color
image,d#i_wpn_t7_camo_ice_e
image,d#ui_menu_store_product_b04_cp_13000_small
image,d#hash_929be5b0b86df4f
image,d#i_t7_decal_grunge_water_puddle_blend_r
image,d#i_t8_micro_noise_01_c
image,d#hash_979807d1d5ef3b3
image,d#hash_997230aad78ffc8
image,d#i_c_spc_corvus_m
image,d#i_wpn_t7_camo_gold_g
image,d#i_wpn_t7_camo_gold_n
image,d#hash_9d7646f90c85ea3
image,d#i_mtl_p7_gib_chunk_set_n
image,d#i_mtl_p7_gib_chunk_set_c
image,d#fxt8_decal_blood_fatal_02_n
image,d#fxt8_decal_blood_fatal_02_s
image,d#hash_a11d61646a934df
image,d#hash_a260b0cc6a30b33
image,d#hash_a26100cc6a313b2
image,d#hash_a26200cc6a32ee2
image,d#hash_a26250cc6a33761
image,d#i_mtl_wpn_t8_camo_geometric_03_n
image,d#i_mtl_wpn_t8_camo_geometric_03_g
image,d#i_mtl_wpn_t8_camo_geometric_03_c
image,d#i_mtl_wpn_t8_camo_geometric_03_s
image,d#hash_a48ff2bfa91d81b
image,d#hash_a51fb57a8d2580a
image,d#ui_menu_store_product_b04_kronos_preorder_oee_large
image,d#hash_a6c5e718efa07c6
image,d#hash_a6c6e718efa22f6
image,d#hash_a6c72718efa29c2
image,d#i_mtl_t8_camo_dlc3_spacedust_03_c
image,d#hash_af34426de73eda6
image,d#fxt8_spark_shower_core_hdr
image,d#$camo_base_gloss
image,d#hash_b8ef0fb9f1bc3b8
image,d#hash_b9da73944b6ec95
image,d#i_mtl_wpn_t8_camo_skulls_04_c
image,d#$black_spec_illegal
image,d#i_t8_usa_snow_ice_waves_02_n
image,d#i_mtl_p7_zm_ctl_meteor_crystal_c
image,d#i_t7_decal_blood_splatter_02_c
image,d#i_t7_decal_blood_splatter_02_n
image,d#hash_bf97b07ffc3e006
image,d#ui_icon_weapon_smg_folding_mk2_render
image,#$identitynormalmap
image,d#fxt8_spark_shower_core_sparse_alpha
image,d#i_t8_micro_metal_rust_01_n
image,d#i_attach_t8_optic_hybrid_pieces_s
image,d#i_attach_t8_optic_hybrid_pieces_g
image,d#i_attach_t8_optic_hybrid_pieces_c
image,d#i_attach_t8_optic_hybrid_pieces_o
image,d#i_attach_t8_optic_hybrid_pieces_n
image,d#hash_cfa38b155033ffa
image,d#fxt_gas_blur_core_thick_mask
image,d#i_mtl_attach_t8_loot_sniper_semiauto_foregrip_g
image,d#i_mtl_attach_t8_loot_sniper_semiauto_foregrip_c
image,d#i_mtl_attach_t8_loot_sniper_semiauto_foregrip_n
image,d#i_mtl_attach_t8_loot_sniper_semiauto_foregrip_o
image,d#i_mtl_attach_t8_loot_sniper_semiauto_foregrip_r
image,d#i_mtl_attach_t8_loot_sniper_semiauto_foregrip_s
image,d#ui_icon_weapon_tr_flechette_sig02_render
image,d#hash_dc2dcc5d3ac2178
image,d#hash_dc2ddc5d3ac232b
image,d#hash_dc2e8c5d3ac35dc
image,d#hash_dc2e9c5d3ac378f
image,d#hash_dc2ecc5d3ac3ca8
image,d#hash_dc2f0c5d3ac4374
image,d#ui_icon_weapon_ar_peacekeeper_mk2_render
image,d#mtl_t6_attach_optic_reticle_noise
image,d#hash_de8b7e4c0f0988d
image,d#ui_menu_store_product_b04_classified_large
image,d#ui_icon_weapon_smg_fastburst_mk2_render
image,d#hash_e32cc6073ac3680
image,d#hash_e32d56073ac45cb
image,d#hash_e32d96073ac4c97
image,d#hash_e32e66073ac62ae
image,d#i_wpn_t8_ar_accurate_sig_02_embers_e
image,d#i_mtl_p7_jun_rock_lrg_02_snow_n_n
image,d#hash_ee4a5ab52e0211f
image,d#fxt8_smk_tendrils_varied
image,d#fxt_decal_blood_nonfatal_01_n
image,d#ui_icon_weapon_camo_active_sig_pistol_revolver_cyberpunk
image,d#fxt8_water_bubble_md
image,d#i_mtl_wpn_t8_camo_sub_01_c
image,d#hash_f703d81232508ad
image,d#t7_icon_menu_store_featured
image,d#ui_icon_weapon_smg_handling_mk2_render
image,d#$wetness_flow
image,#ui_icon_crm_motd_temp_2_hd_magma
image,d#ui_icon_weapon_shotgun_fullauto_mk2_render
image,d#i_t8_camo_115_alt_s
image,d#i_t8_camo_115_alt_n
image,d#i_t8_camo_115_alt_c
image,d#i_t8_camo_115_alt_g
image,d#hash_ffadbae02a85441
image,d#$white_gloss
image,d#hash_104f1aa86541fa00
image,#i_t7_micro_metal_painted_01_c
image,d#i_mtl_t8_camo_dlc3_spacedust_02_c
image,d#hash_1121eddb93e42329
image,d#hash_1121f8db93e435da
image,d#i_attach_t8_optic_holo_decal_s
image,d#i_attach_t8_optic_holo_decal_o
image,d#i_attach_t8_optic_holo_decal_n
image,d#i_attach_t8_optic_holo_decal_g
image,d#i_attach_t8_optic_holo_decal_c
image,d#fxt8_decal_blood_fatal_03_n
image,d#fxt8_decal_blood_fatal_03_s
image,#hash_116e552e51c3a90d
image,d#i_wpn_t7_camo_obsidian_e
image,d#i_wpn_t7_camo_obsidian_c
image,d#i_wpn_t7_camo_obsidian_n
image,d#i_wpn_t7_camo_obsidian_r
image,d#hash_11a1d97d21d93dae
image,d#fxt_smk_tendril_1
image,d#t7_store_product_bo4
image,d#hash_124e6ecb7ab586ed
image,d#hash_125db149d1083808
image,d#hash_126ed40802cc9581
image,d#i_mtl_wpn_t8_camo_dyn_vanguard_samurai_01_02_c
image,d#hash_12aa1e9dc16f80d9
image,d#i_mtl_wpn_t8_camo_diamond_05_c
image,d#fxt8_water_bubble_group
image,d#i_attach_t8_optic_acog_body_r
image,d#i_attach_t8_optic_acog_body_s
image,d#i_attach_t8_optic_acog_body_g
image,d#i_attach_t8_optic_acog_body_c
image,d#i_attach_t8_optic_acog_body_n
image,d#i_attach_t8_optic_acog_body_o
image,d#ui_menu_store_product_b04_cp_1100_small
image,d#hash_13534965f0692d72
image,d#$thickness_base
image,d#$reveal
image,d#fxt_fog_slow_lg_anim
image,d#$camo_base_detail
image,d#hash_1393ce409439c7d2
image,d#hash_13956049a6fc51fd
image,d#i_mtl_p7_debris_concrete_rubble_med_02_g
image,d#ui_icon_weapon_special_ballistic_knife_render
image,d#hash_13b91e8284141a38
image,d#hash_13d0adca60d016ea
image,d#hash_13dc46bbf1e29c0d
image,d#hash_1402390ccc90539d
image,d#hash_1402490ccc906ecd
image,d#fxt_spark_grind_anim
image,d#hash_148934c605b4a7d6
image,d#hash_148941c605b4bded
image,d#hash_148c7d6f976d741e
image,d#i_attach_t8_optic_holo_body_r
image,d#fxt_decal_blood_fatal_01_n
image,d#hash_14fbe564b7b32601
image,d#hash_1506043e5e90b014
image,d#hash_1557ae60f0dc1342
image,d#i_veh_t8_glass_pattern_11_n
image,d#hash_16129aaf5f38b786
image,d#ui_icon_blackmarket_cp500_case
image,d#fxt_spark_single_mask
image,d#i_mtl_wpn_t8_camo_sub_02_c
image,d#hash_16940ab67b0285d8
image,d#i_t7_decal_blood_splatter_03_n
image,d#i_t7_decal_blood_splatter_03_c
image,d#hash_16ae74046248ca0a
image,d#hash_16ae75046248cbbd
image,d#hash_16ae78046248d0d6
image,d#hash_16ae79046248d289
image,d#hash_16ae80046248de6e
image,d#hash_16ae84046248e53a
image,d#fxt_water_splash_cone_spread_anim
image,d#hash_17297def8d2524f7
image,d#hash_1730c32a3c65ab50
image,d#hash_174ce008c4d1ceec
image,d#limbs_c
image,d#limbs_n
image,d#i_attach_t8_optic_red_dot_mounting_n
image,d#i_attach_t8_optic_red_dot_mounting_o
image,d#i_attach_t8_optic_red_dot_mounting_g
image,d#i_attach_t8_optic_red_dot_mounting_c
image,d#i_attach_t8_optic_red_dot_mounting_s
image,d#i_wpn_t8_sniper_vanguard_bullet_s
image,d#i_wpn_t8_sniper_vanguard_bullet_n
image,d#i_wpn_t8_sniper_vanguard_bullet_o
image,d#i_wpn_t8_sniper_vanguard_bullet_g
image,d#hash_17af51b15ba85575
image,d#ui_icon_blackmarket_cp200_case
image,d#fxt8_spark_rndhit_core_hdr
image,d#hash_18117f634a0fb684
image,d#hash_18ad5a4544f1dbf9
image,d#hash_18ae85551a6d7696
image,d#hash_18ae92551a6d8cad
image,d#i_t7_decal_damage_metal_hole_01_g
image,d#i_t7_decal_damage_metal_hole_01_c
image,d#i_t7_decal_damage_metal_hole_01_n
image,d#i_t7_decal_damage_metal_hole_01_o
image,d#ui_menu_store_product_b04_blops_pass_new_large
image,d#hash_18f8e36fe9f4f598
image,d#hash_18f8e46fe9f4f74b
image,d#hash_18f8ef6fe9f509fc
image,d#hash_18f8f06fe9f50baf
image,d#hash_18f8f36fe9f510c8
image,d#hash_18f8f76fe9f51794
image,d#hash_191ae4b99d0151d6
image,d#i_wpn_t8_camo_geo_gem_diamond_frame_n
image,d#hash_1998f39fc4fb8e11
image,d#ui_icon_weapon_special_crossbow_render
image,d#hash_1a2cf94b84b542a2
image,d#hash_1ae2274097fa6e0d
image,d#hash_1b5b188a19664050
image,d#fxt8_liquid_string
image,d#i_mtl_p7_zm_ctl_demon_gate_power_up_icon_crystal_e
image,d#hash_1c0633ac21df0d4c
image,d#hash_1c248a9f1fe8dac7
image,d#i_attach_t8_optic_hybrid_body_g
image,d#i_attach_t8_optic_hybrid_body_c
image,d#i_attach_t8_optic_hybrid_body_n
image,d#i_attach_t8_optic_hybrid_body_o
image,d#i_attach_t8_optic_hybrid_body_s
image,d#hash_1c56f27d287e5329
image,d#i_mtl_wpn_t8_camo_circle_flip_02_c
image,d#hash_1cb152c60a2e8d90
image,d#hash_1cb4966f9be75159
image,d#hash_1cdd6f7d5291a2f5
image,d#i_mtl_wpn_t8_camo_skulls_02_c
image,d#hash_1d049391bbfa8e94
image,d#i_mtl_veh_t8_civ_suv_dented_decal_01_n
image,d#i_mtl_p8_news_age_decal_grunge_fingerprint_t
image,d#hash_1d4b2856bc5449f7
image,#$white_diffuse
image,d#hash_1d69a543b9b0b407
image,d#fxt_shockwave_elec_anim
image,d#ui_menu_store_product_b04_cp_500_small
image,d#hash_1e396c4daa5c356a
image,d#mtl_t6_attach_optic_acog_lens_nml
image,d#i_mtl_p7_debris_rockychunks_small_c
image,d#i_mtl_p7_debris_rockychunks_small_n
image,d#i_mtl_wpn_t8_camo_sub_03_c
image,d#i_attach_t8_optic_acog_back_s
image,d#i_attach_t8_optic_acog_back_r
image,d#i_attach_t8_optic_acog_back_c
image,d#i_attach_t8_optic_acog_back_g
image,d#i_attach_t8_optic_acog_back_o
image,d#i_attach_t8_optic_acog_back_n
image,d#hash_20a2124b87bd8b5d
image,d#$thickness
image,d#i_attach_t8_optic_hybrid_scope_front_s
image,d#i_attach_t8_optic_hybrid_scope_front_g
image,d#i_attach_t8_optic_hybrid_scope_front_c
image,d#i_attach_t8_optic_hybrid_scope_front_n
image,d#i_attach_t8_optic_hybrid_scope_front_o
image,d#hash_21000b9d6fac2752
image,d#hash_2130c306eefe4570
image,d#hash_213e81e3d7dec0ad
image,d#hash_214923b681a79b53
image,d#hash_21d5ef16bab69a3d
image,d#i_t8_micro_rock_surface_rough_01_h
image,d#i_generic_filter_teleport_anus
image,d#hash_2321d659a7f69a8d
image,d#$black_color
image,d#ui_icon_weapon_camo_active_sig_pistol_burst_render
image,d#hash_235feab334c89ba6
image,d#i_mtl_wpn_t8_camo_115_02_c
image,d#i_mtl_wpn_t8_camo_dyn_vanguard_samurai_01_04_c
image,d#hash_24006bc60df07a0b
image,d#fxt8_liquid_radial
image,d#fxt_decal_blood_nonfatal_01
image,d#fxt_decal_blood_nonfatal_02
image,d#hash_249130b522ab8020
image,d#i_attach_t8_optic_holo_glass_g
image,d#i_attach_t8_optic_holo_glass_n
image,#hash_24c21cae58601ab7
image,d#hash_24c8110c7f449112
image,d#hash_24c8210c7f44ac42
image,d#hash_24cd3a801a3e46e3
image,d#i_mtl_p7_jun_rock_cliff_hav_i_n
image,d#i_veh_t7_drone_amws_base_emissive_dead_e
image,d#fxt_water_ripple_anim
image,d#ui_menu_store_product_b04_spectre_rising_large
image,d#hash_25fc9d655a09c54b
image,d#ui_icon_weapon_ar_damage_mk2_render
image,d#ui_menu_store_product_b04_digital_refresh_spectre_rising_large
image,d#fxt8_spark_streak_abnorm_alpha
image,d#hash_268877320dad9a30
image,#hash_269266f376f2b616
image,d#i_t7_decal_bullet_wood_02_n
image,d#i_t7_decal_bullet_wood_02_c
image,d#ui_menu_store_product_b04_cp_5000_small
image,d#$specular
image,d#fxt8_spark_rndhit_core_alpha
image,d#ui_menu_store_product_b04_kronos_preorder_cases_large
image,d#i_mtl_wpn_t8_loot_sniper_semiauto_bullet_s
image,d#fxt_decal_blood_nonfatal_02_n
image,d#i_mtl_wpn_t8_camo_skulls_03_c
image,d#$alpha
image,d#i_mtl_wpn_t8_camo_tank_01_c
image,d#uie_t7_icon_menu_store_additional
image,d#i_attach_t8_optic_holo_reticle_c
image,d#i_mtl_wpn_t8_camo_dyn_vanguard_samurai_01_c
image,d#i_mtl_wpn_t8_camo_dyn_vanguard_samurai_01_s
image,#hash_2896c742378d87a8
image,d#hash_28dfe2addd2a6c57
image,#hash_28e8508a8b137347
image,d#hash_2933f52a46cafa46
image,d#hash_29378944687d4012
image,d#hash_29379544687d5476
image,d#hash_29379944687d5b42
image,d#hash_29379d44687d620e
image,d#hash_29379e44687d63c1
image,d#i_t7_micro_paint_01_g
image,d#hash_2986e5c3a62e1a13
image,d#i_wpn_t7_camo_zm_dlc2_pap02_e2
image,d#i_t8_camo_dlc3_armor_alt_n
image,d#i_t8_camo_dlc3_armor_alt_c
image,d#i_t8_camo_dlc3_armor_alt_g
image,d#i_t8_camo_dlc3_armor_alt_s
image,#hash_2a99abb3cb4de918
image,d#ui_icon_weapon_smg_fastburst_sig_02_render
image,d#$white
image,d#i_t8_attach_optic_acog_reticle_01_postblur_c
image,d#hash_2af3bda6e5ead6ba
image,d#fxt_spark_single
image,#hash_2b2864a4fc150490
image,d#i_mtl_wpn_t8_camo_geometric_04_alt_s
image,d#i_mtl_wpn_t8_camo_geometric_04_alt_g
image,d#hash_2b8b7b8cf7cafdab
image,d#$white_reveal
image,#hash_2bb02b5c9a2df4cf
image,d#hash_2bdf89b5266c265b
image,d#hash_2bf93c5a1d778f64
image,d#fxt8_smk_sm_thick_bulb_anim
image,d#hash_2c27c6c84622e836
image,d#hash_2c33f8f6388b6e0c
image,d#hash_2c398a307dc4503c
image,d#hash_2c761b6a4ebf7470
image,d#fxt8_water_bubble_md_anim_mask
image,d#hash_2c8b0016c15ba220
image,d#i_t8_decal_grunge_stain_oil_01_t
image,d#hash_2cf03a0c83be897d
image,d#hash_2cf04a0c83bea4ad
image,d#hash_2cff731c0fbaf67f
image,d#hash_2cff861c0fbb16c8
image,d#hash_2d397a8a86815e95
image,d#hash_2d5e4a8a23cb8f46
image,d#$normal
image,d#fxt_gib_concrete_01
image,d#fxt_gib_concrete_02
image,d#hash_2dc85b6253c62033
image,d#hash_2dc85f6253c626ff
image,d#hash_2dc8666253c632e4
image,d#hash_2dc86b6253c63b63
image,d#fxt_gel_splat_string_n
image,d#ui_icon_weapon_smg_minigun_render
image,d#i_mtl_mtl_wpn_t7_camo_inifinity_e2
image,d#$specular_mask
image,d#hash_2e53ada42584b912
image,d#hash_2e53b2a42584c191
image,d#hash_2e53b6a42584c85d
image,d#ui_menu_store_product_b04_dead_of_nights_large
image,d#fxt_fluid_mesh_n
image,#hash_2e9d54a0a4c76e75
image,d#hash_2eb584c614958f86
image,d#i_t7_micro_circuitboard_01_s
image,d#i_t7_micro_circuitboard_01_n
image,d#i_t7_micro_circuitboard_01_o
image,d#i_t7_micro_circuitboard_01_c
image,d#i_t7_micro_circuitboard_01_g
image,d#fxt_emp_blast_newworld
image,d#hash_2eee0d31e26614e6
image,d#hash_2eee1031e26619ff
image,d#hash_2eee2031e266352f
image,d#hash_2eee2331e2663a48
image,d#hash_2f1124bbb76244c2
image,d#hash_2f1129bbb7624d41
image,d#fxt8_light_incandescent_hot
image,d#tracer_friendly
image,d#i_wpn_t8_micro_metal_base_01_n
image,d#i_mtl_wpn_t8_camo_tank_02_c
image,d#i_attach_t8_optic_red_dot_reticle_c
image,d#fxt_spark_blink_anim_mask
image,#hash_2f8af246ad00693b
image,#hash_2fcb6802e31ba4c5
image,d#hash_2fde10ea299bafe6
image,d#hash_2fde11ea299bb199
image,d#hash_2fde21ea299bccc9
image,d#hash_2fde25ea299bd395
image,d#hash_2fde2cea299bdf7a
image,d#hash_2fde2dea299be12d
image,d#hash_301d939b5bd4d5ef
image,d#i_wpn_t8_sniper_vanguard_scope_p7_n
image,d#i_wpn_t8_sniper_vanguard_scope_p7_o
image,d#i_wpn_t8_sniper_vanguard_scope_p7_c
image,d#i_wpn_t8_sniper_vanguard_scope_p7_g
image,d#i_wpn_t8_sniper_vanguard_scope_p7_s
image,d#hash_30657783aeae8ea5
image,d#hash_30657a83aeae93be
image,d#i_mtl_p7_debris_wood_splinter_small_n
image,d#i_mtl_p7_debris_wood_splinter_small_c
image,#hash_30c1e2676de70b14
image,d#i_mtl_wpn_t8_camo_feathers_01_s
image,d#i_mtl_wpn_t8_camo_feathers_01_n
image,d#i_mtl_wpn_t8_camo_feathers_01_g
image,d#i_mtl_wpn_t8_camo_feathers_01_c
image,d#hash_30dac7047129b6d3
image,d#hash_30dacb047129bd9f
image,d#hash_30dad2047129c984
image,d#hash_30dad3047129cb37
image,d#hash_30dad6047129d050
image,d#hash_30dad7047129d203
image,d#hash_30eadebada3d81ca
image,d#hash_3103551aa1d8ffa0
image,d#i_t7_decal_bullet_wood_03_c
image,d#i_t7_decal_bullet_wood_03_n
image,d#hash_31909b9621353f08
image,d#hash_31d980db877802ec
image,d#i_t7_decal_bullet_metal_impact_01_c
image,d#i_t7_decal_bullet_metal_impact_01_n
image,#uie_korea_ratinglogo_18
image,d#hash_326c5ef506705811
image,d#hash_32a57c4b9223397b
image,d#ui_menu_store_product_b04_alpha_omega_large
image,d#hash_330f4e2a4cb6d8c1
image,#$gray_32_one_channel
image,d#i_t8_micro_rock_volcanic_01_g
image,d#hash_33b5f643640b8bae
image,d#hash_33e425274b040dd3
image,d#ui_icon_weapon_tr_flechette_render
image,d#hash_340e246b0e032f91
image,d#i_t8_decal_grunge_stain_oil_02_t
image,d#hash_3451ff455cd03148
image,#hash_3494beaf9dc30fa4
image,d#ui_icon_weapon_ar_stealth_mk2_render
image,#hash_34c8cb2b86aebba8
image,d#ui_menu_store_product_b04_cp_200_small
image,d#hash_34e355234eaf626e
image,d#fxt_gib_glass_01
image,d#fxt_gib_glass_02
image,d#hash_35185ac2cf3cb1a4
image,d#hash_35185ec2cf3cb870
image,d#hash_35185fc2cf3cba23
image,d#hash_351866c2cf3cc608
image,d#hash_35186ac2cf3cccd4
image,d#hash_352addc6179e4501
image,d#i_t8_zm_decal_dusty_ice_chunks_c
image,d#fxt_spark_grind_anim_mask
image,d#hash_35c3733be7ba52cc
image,d#hash_35c3743be7ba547f
image,d#hash_35c3773be7ba5998
image,d#hash_35c37b3be7ba6064
image,d#hash_35c3873be7ba74c8
image,d#i_t8_camo_dlc3_armor_s
image,d#i_t8_camo_dlc3_armor_c
image,d#i_t8_camo_dlc3_armor_g
image,d#i_t8_camo_dlc3_armor_n
image,d#i_t7_camo_metal_a_g
image,d#fxt8_muzzleflash_side_mask
image,#hash_3668baa68c07d7a9
image,d#ui_menu_store_product_b04_grand_heist_large
image,d#hash_368fffbcf13b0c2b
image,d#ui_icon_weapon_smg_fastburst_render
image,#i_t7_glass_dirty_grimes_02_wet_c
image,d#i_mtl_wpn_t8_camo_skulls_01_c
image,d#i_mtl_wpn_t8_camo_skulls_01_n
image,d#fxt_spark_blink_anim
image,d#i_mtl_wpn_t8_camo_geometric_04_02_c
image,d#fxt8_liquid_splat
image,d#hash_378bef4db883d003
image,d#i_mtl_wpn_t8_camo_tank_03_c
image,d#$occlusion_black
image,d#hash_379167a282a093c5
image,d#hash_379b5ce3066e5d92
image,d#hash_379b5de3066e5f45
image,d#hash_379b61e3066e6611
image,d#hash_379b65e3066e6cdd
image,d#hash_379b71e3066e8141
image,d#$gloss
image,d#hash_37ebf65b6076f60b
image,d#i_attach_t8_optic_holo_s
image,d#i_attach_t8_optic_holo_c
image,d#i_attach_t8_optic_holo_g
image,d#i_attach_t8_optic_holo_o
image,d#i_attach_t8_optic_holo_n
image,d#ui_icon_weapon_sniper_locus_render
image,#i_mtl_p7_mou_clock_wall_body_m
image,#i_mtl_p7_mou_clock_wall_body_n
image,d#hash_384f69876ab29d54
image,d#hash_38aec34470b91760
image,d#hash_38aec74470b91e2c
image,d#hash_38aecf4470b92bc4
image,d#hash_38aed04470b92d77
image,d#hash_38aed34470b93290
image,d#i_mtl_attach_t8_loot_sniper_semiauto_grip_n
image,d#i_mtl_attach_t8_loot_sniper_semiauto_grip_o
image,d#i_mtl_attach_t8_loot_sniper_semiauto_grip_c
image,d#i_mtl_attach_t8_loot_sniper_semiauto_grip_g
image,d#i_mtl_attach_t8_loot_sniper_semiauto_grip_r
image,d#i_mtl_attach_t8_loot_sniper_semiauto_grip_s
image,d#i_mtl_wpn_t8_camo_115_c
image,d#fxt_decal_default_01
image,d#hash_393d1840378be705
image,d#hash_393f64e4d97f2784
image,d#i_mtl_wpn_t8_camo_scanlines_01_c
image,d#hash_3965c98af3a82b7c
image,d#i_t7_ice_wall_shards_blend_n
image,d#ui_icon_weapon_smg_folding_render
image,d#hash_39b8b49625af1c43
image,d#hash_39c1a6b68f15922c
image,d#fxt_shockwave_anim_1
image,#hash_39ef7e1cc627f24d
image,d#hash_3a01d9db8bf24ce7
image,d#ui_icon_weapon_lmg_stealth_mk2_render
image,d#fxt_decal_default_01_n
image,d#hash_3a8e0b596f814bb8
image,d#fxt8_decal_blood_spatter_omni
image,d#hash_3ac137b7d4176c9e
image,d#hash_3ac6ea813bb397a4
image,#hash_3ad3a7b6ba781115
image,d#hash_3af63b15b8be4ffa
image,d#ui_menu_store_product_b04_cp_2400_small
image,d#i_mtl_wpn_t8_camo_mathworks_02_c
image,d#i_c_t8_detail_metal_light_scratch_n
image,d#ui_icon_weapon_ar_standard_mk2_render
image,d#fxt8_spark_streak_long_alpha
image,d#i_t7_micro_metal_grunge_pockmarks_01_n
image,d#i_t7_micro_metal_grunge_pockmarks_01_g
image,d#fxt8_smk_md_thick_scatter_anim
image,d#i_nodraw
image,d#hash_3df9538423957050
image,d#fxt8_dust_mote
image,d#fxt_water_stream_anim
image,d#i_attach_t8_optic_hybrid_frame_s
image,d#i_attach_t8_optic_hybrid_frame_r
image,d#i_attach_t8_optic_hybrid_frame_o
image,d#i_attach_t8_optic_hybrid_frame_n
image,d#i_attach_t8_optic_hybrid_frame_g
image,d#i_attach_t8_optic_hybrid_frame_c
image,d#hash_3ef4940c8e25cf6b
image,d#hash_3ef4a40c8e25ea9b
image,d#hash_3f47e001f219e204
image,d#hash_3f58160ce51d8124
image,d#hash_3f58220ce51d9588
image,d#hash_3f58260ce51d9c54
image,d#i_igc_lensflare
image,d#$white_ao
image,d#ui_menu_store_product_b04_code_salute_small
image,d#$white_specular
image,d#hash_405dbce7e736c8b8
image,d#hash_406248bae279aaa8
image,d#hash_4068204d045691fc
image,d#hash_408a43e1b63e6987
image,d#hash_40a6c07863f622d5
image,d#hash_40cedeab1dd5026e
image,d#fxt8_muzzleflash_omni
image,d#hash_4155cd3d00eb4392
image,d#fxt_gib_wood_01
image,d#i_mtl_wpn_t8_camo_geometric_04_03_s
image,d#i_mtl_wpn_t8_camo_geometric_04_03_c
image,d#fxt_gel_splat_string
image,d#i_t8_camo_gold_white_s
image,d#hash_4286782a54f294df
image,d#hash_42867b2a54f299f8
image,d#hash_4286852a54f2aaf6
image,d#hash_4286882a54f2b00f
image,d#i_t7_decal_bullet_wood_01_n
image,d#i_t7_decal_bullet_wood_01_c
image,d#ui_icon_weapon_pistol_revolver_mk2_render
image,d#i_attach_t8_optic_mms_body_r
image,d#i_attach_t8_optic_mms_body_m
image,d#i_attach_t8_optic_mms_body_o
image,d#i_attach_t8_optic_mms_body_n
image,d#hash_42e63e6318b7e0b9
image,d#hash_42ef0381402d74df
image,d#ui_icon_blackmarket_cp5000_case
image,d#fxt_fog_slow_sm_anim
image,d#hash_43265d7f73b57c73
image,d#hash_432e72b9fba3a23f
image,d#hash_4344e97c316d1ad2
image,d#hash_4344ea7c316d1c85
image,d#hash_4344ed7c316d219e
image,d#hash_4344f17c316d286a
image,d#hash_4344fd7c316d3cce
image,d#ui_menu_store_product_b04_dde_large
image,d#hash_43640b44775e7cb8
image,d#hash_43640c44775e7e6b
image,d#hash_43641744775e911c
image,d#hash_43641844775e92cf
image,d#hash_43641c44775e999b
image,d#hash_43642044775ea067
image,d#hash_43753bbae33e1282
image,d#hash_4402be56068bd563
image,d#hash_4410c1eb7069a97d
image,d#hash_44f5a4ff94040a62
image,d#i_t7_decal_bullet_metal_impact_03_n
image,d#i_t7_decal_bullet_metal_impact_03_c
image,d#hash_452862cbfbd66d3f
image,#hash_4574d302f16c6e57
image,#i_mtl_p7_mou_clock_wall_dial_c
image,d#hash_460bf8b675f64620
image,d#hash_464201658946ceaa
image,d#hash_464206658946d729
image,d#hash_46420d658946e30e
image,d#hash_468153f79b0e6584
image,d#i_attach_t8_optic_red_dot_decals_n
image,d#i_attach_t8_optic_red_dot_decals_c
image,d#i_mtl_wpn_t8_camo_geometric_04_g
image,d#i_mtl_wpn_t8_camo_geometric_04_c
image,d#i_mtl_wpn_t8_camo_geometric_04_s
image,d#hash_46f6cd9203cb6406
image,d#ui_icon_weapon_sniper_quickscope_mk2_render
image,d#hash_46fe8f7f5ad7e9ff
image,d#ui_icon_weapon_tr_flechette_mk2_render
image,d#i_wpn_t8_tritium_e
image,d#i_wpn_t8_tritium_c
image,d#fx_shell_nml
image,d#hash_480867507cbcc04a
image,d#hash_481aa45e58cbb5be
image,d#hash_481aa85e58cbbc8a
image,d#tv_lookup
image,d#fxt8_light_incandescent_hot_mask
image,d#hash_482677fefc2c9ab0
image,d#hash_482684fefc2cb0c7
image,d#hash_486989f18620718d
image,d#hash_4872e8bedb237960
image,d#hash_4872f8bedb239490
image,d#ui_icon_blackmarket_cp1100_case
image,#ui_icon_blackmarket_reserves_weapon_bribe
image,d#hash_48ad6c842a38d2cb
image,d#ui_icon_weapon_ar_an94_render
image,d#hash_48fb2a2f125d37c4
image,d#hash_4977bef852d595cb
image,d#hash_4977c9f852d5a87c
image,d#hash_4977cef852d5b0fb
image,d#hash_4977d2f852d5b7c7
image,d#hash_49928d81c9c62e87
image,d#ui_icon_blackmarket_reserves_case_large
image,d#$whitetransparent_color
image,d#$black_specular
image,d#hash_4a3d61bae8651c63
image,d#i_veh_t8_micro_rain_drops_n
image,d#ui_icon_weapons_zm_sniper_damagesemi
image,d#mtl_t6_attach_optic_acog_lens_col
image,d#hash_4a7a9c41a5c62017
image,d#hash_4a7ed47024141c80
image,d#hash_4a7edd7024142bcb
image,d#hash_4a7ee17024143297
image,d#hash_4a7ef17024144dc7
image,d#i_attach_t8_optic_mms_back_m
image,d#i_attach_t8_optic_mms_back_n
image,d#i_attach_t8_optic_mms_back_o
image,d#reticle_side_small
image,d#i_t8_micro_metal_wavy_sheet_painted_n
image,d#fxt_decal_blood_fatal_02
image,d#fxt_decal_blood_fatal_01
image,d#$color_black_40
image,d#hash_4ae2e6962f5c7a79
image,d#fxt8_water_bubble_lg_tile
image,d#hash_4af8f0e37a6d1984
image,d#i_wpn_t8_camo_geo_gem_diamond_n
image,d#i_wpn_t8_camo_geo_gem_diamond_s
image,d#fxt8_spark_streak_long_hdr
image,d#i_attach_t8_optic_acog_decals_c
image,d#hash_4bf7ff4ba04ad414
image,d#fxt8_decal_blood_fatal_01
image,d#fxt8_decal_blood_fatal_02
image,d#fxt8_decal_blood_fatal_03
image,d#fxt_smk_puff_light_varied
image,d#i_t7_decal_bullet_metal_impact_02_c
image,d#i_t7_decal_bullet_metal_impact_02_n
image,d#hash_4c764645a4311da1
image,d#hash_4c8028572420f9c1
image,d#i_mtl_wpn_t8_camo_geometric_10_03_s
image,d#i_t8_snow_wind_scallops_n
image,d#hash_4ce2f99be99d5449
image,d#hash_4ce3049be99d66fa
image,d#fxt8_liquid_streak_anim_mask
image,d#hash_4d0d3e52fedf9a80
image,d#i_t7_detail_threadplate_01
image,d#hash_4d5a51b679b6ec5b
image,d#hash_4d5bd8235c1d5947
image,d#hash_4d940463b6c8e23c
image,d#hash_4d940563b6c8e3ef
image,d#hash_4d9a8f631f5ba25c
image,d#hash_4daea84668d63cb6
image,d#hash_4dc290b97d0a03f2
image,d#i_wpn_t7_camo_silver_s
image,d#ui_icon_blackmarket_stream_weapon_ultra
image,d#sky_clouds_tiled
image,d#fxt_trail_laser
image,d#i_t7_micro_metal_grunge_galvanized_01_g
image,d#fxt8_water_bubble_lg_alpha
image,d#hash_4ed843ea722d2d8e
image,d#hash_4f39f785c0380fa8
image,d#i_t8_attach_optic_mms_reticle_01_c
image,d#hash_4f799888674621a5
image,d#hash_4f799b88674626be
image,d#hash_4f79ab88674641ee
image,d#i_attach_t8_optic_mms_hood_o
image,d#i_attach_t8_optic_mms_hood_n
image,d#i_attach_t8_optic_mms_hood_m
image,d#i_attach_t8_optic_mms_hood_r
image,d#i_mtl_p7_debris_wood_splinter_med_c
image,d#i_mtl_p7_debris_wood_splinter_med_n
image,d#hash_5009bbb41b4bc87c
image,d#fxt8_spark_shower_core_sparse_hdr
image,d#$color
image,d#i_t8_zm_esc_stain_grunge_leaks_potassium_01_g
image,d#fxt_water_drip
image,d#hash_50b086ab2f3232b2
image,d#$occlusion_50
image,d#hash_50ed5880fbbb28ae
image,d#hash_50efeecce215d518
image,d#hash_50f71a658febe425
image,d#hash_50f726658febf889
image,d#hash_50f72d658fec046e
image,d#i_t8_water_ocean_mp_seaside_far_n
image,d#i_mtl_p7_microtile_plaster_g
image,d#ui_icon_weapon_smg_vmp_render
image,d#i_mtl_wpn_t8_camo_bomber_03_c
image,d#hash_51f0a38b31249a56
image,d#tracer_enemy
image,d#hash_52ad465778a843c7
image,d#fxt8_spark_streak_abnorm_hdr
image,d#hash_532831bee1c8e06b
image,d#hash_532841bee1c8fb9b
image,d#$wetness_ripples
image,d#hash_5333840eaf8299b8
image,d#i_mtl_attach_t8_loot_sniper_semiauto_fmj_s
image,d#i_mtl_attach_t8_loot_sniper_semiauto_fmj_o
image,d#i_mtl_attach_t8_loot_sniper_semiauto_fmj_n
image,d#i_mtl_attach_t8_loot_sniper_semiauto_fmj_g
image,d#i_mtl_attach_t8_loot_sniper_semiauto_fmj_c
image,d#hash_53ef9efdd4f74c5d
image,d#hash_5424b78f2ff9d828
image,d#core_metal_rusty_m
image,d#hash_543597adf5b755e6
image,d#hash_5442f1195f31b776
image,d#i_mtl_wpn_t8_camo_diamond_02_c
image,d#hash_54803695ab0f8582
image,d#hash_54a16ce99da4f35d
image,d#hash_54b385d32b28c96d
image,d#i_mtl_wpn_t8_camo_geometric_10_02_s
image,d#hash_550028154209c122
image,d#ui_icon_weapon_sniper_mini14_mk2_render
image,d#hash_5573dc7ca209baa8
image,d#i_t7_micro_metal_bare_worn_01_1024_g
image,d#$black_gloss
image,d#hash_561fceff9db15b00
image,d#hash_561fd2ff9db161cc
image,d#i_t7_water_sector_n
image,d#hash_56bc45c13da1e78e
image,d#mtl_t6_attach_optic_acog_lens_spc
image,d#mtl_t6_attach_optic_acog_lens_spg
image,d#ui_icon_weapon_ar_standard_sig_02_render
image,d#fxt8_water_splash_swirl_anim
image,d#i_attach_t8_optic_red_dot_main_r
image,d#i_attach_t8_optic_red_dot_main_s
image,d#i_attach_t8_optic_red_dot_main_n
image,d#i_attach_t8_optic_red_dot_main_o
image,d#i_attach_t8_optic_red_dot_main_g
image,d#i_attach_t8_optic_red_dot_main_c
image,d#hash_57356ab67fa25e16
image,d#ui_icon_weapon_tr_damageburst_render
image,#hash_5772784bf96fab72
image,d#hash_57dab3e66041021d
image,d#i_mtl_wpn_t8_camo_geometric_04_alt_03_s
image,d#hash_583931fc38e2a4a0
image,d#hash_58393afc38e2b3eb
image,d#hash_58393efc38e2bab7
image,d#hash_58394efc38e2d5e7
image,d#hash_5847170c9c4d6a04
image,d#hash_5847270c9c4d8534
image,d#hash_5867d6ad0e7df1ab
image,#hash_588986987761ebff
image,d#$gray
image,d#ui_icon_weapon_lmg_plr_mk2_render
image,d#i_mtl_wpn_t8_camo_mathworks_c
image,d#hash_58e9d248c53f5898
image,d#i_attach_t8_optic_red_dot_lens_c
image,d#i_attach_t8_optic_red_dot_lens_g
image,d#i_attach_t8_optic_red_dot_lens_n
image,d#hash_59575dab50cb28ad
image,d#hash_59960a7727c4280d
image,d#hash_59ad5a3b5fd37d33
image,d#hash_59d7de8433e69dc1
image,d#i_mtl_wpn_t8_camo_bomber_02_c
image,d#ui_icon_weapon_smg_capacity_mk2_render
image,d#$black
image,d#i_c_t8_camo_wood_painted_red_c
image,d#$camo_base_normal
image,d#i_t8_micro_ripple_02_n
image,d#hash_5ac96ff5afca6f56
image,d#i_mtl_wpn_t8_camo_topology_01_g
image,d#i_t7_micro_plastic_01_c
image,#i_t7_micro_plastic_01_n
image,d#hash_5b65dfab35d7b4ed
image,d#fxt_smk_puff_thin_varied
image,d#hash_5c8a44eb7dd95356
image,d#hash_5cafe077a1ee55e6
image,d#hash_5cafe177a1ee5799
image,d#hash_5cafe977a1ee6531
image,d#hash_5cafed77a1ee6bfd
image,d#hash_5caffc77a1ee857a
image,d#hash_5caffd77a1ee872d
image,d#hash_5cd8c31897742afb
image,d#fxt_sparks_rndhit_core_mask
image,d#hash_5d42e80f31f85deb
image,d#i_mtl_wpn_t8_camo_error_01_c
image,d#fxt8_water_splash_tall_center_anim
image,#hash_5de6865197327ecb
image,d#hash_5dffd08f35e549e3
image,d#hash_5e01c75315933ce8
image,d#hash_5e01cb53159343b4
image,d#hash_5e297b53a3d3f85e
image,d#fxt_shockwave_elec_anim_mask
image,d#hash_5ec3d7b0d38c67df
image,d#fxt_beam_dead_turret
image,#hash_5ed3322bc2642559
image,d#hash_5efaa33e17a96ee6
image,d#hash_5efab03e17a984fd
image,d#i_wpn_t8_micro_plastic_base_v01_n
image,d#i_mtl_wpn_t8_camo_diamond_03_c
image,d#fxt_light_glow_square
image,d#hash_5f4ef57ca7f52c63
image,d#i_mtl_t8_camo_dlc3_spacedust_08_c
image,d#fxt8_water_bubble_md_mask
image,d#hash_5f95300ca00da37f
image,d#hash_5fcf13bb0bc74075
image,d#hash_5ff9b1fc3460101e
image,d#hash_5ff9b3fc34601384
image,d#hash_6000a3fc34661702
image,d#hash_6000a4fc346618b5
image,d#ui_menu_store_product_b04_tag_der_toten_large
image,d#$white_thickness
image,d#hash_60be32fbdad1f573
image,d#fx_shell_cos
image,d#fx_shell_col
image,d#hash_616d2b5e66f35723
image,d#t7_icon_menu_store_codpoints
image,d#i_mtl_wpn_t8_camo_geometric_03_alt_g
image,d#i_mtl_wpn_t8_camo_geometric_03_alt_s
image,d#ui_icon_blackmarket_reserves_crate_small
image,d#i_mtl_p8_zm_esc_staff_crystal_fire_e
image,d#ui_icon_weapon_shotgun_pump_mk2_render
image,d#hash_625e44f9ba354c07
image,#i_t7_glass_dirty_grimes_02_g
image,d#fxt8_liquid_streak_anim
image,d#i_t8_camo_dlc3_assassin_c
image,d#fxt8_water_bubble_group_mask
image,d#hash_630d6daa7d807100
image,d#ui_icon_weapon_lmg_stealth_render
image,d#hash_63163a3fbc1e0139
image,d#hash_63164e3fbc1e2335
image,d#fxt8_muzzleflash_side
image,d#hash_63710b772daf7100
image,d#hash_637128772dafa247
image,d#hash_638949ad170b1e3b
image,d#hash_63894dad170b2507
image,d#hash_638df0ab3a518490
image,d#hash_63dae01e5b07cac3
image,d#hash_63dae4d00b07f004
image,d#ui_icon_weapon_shotgun_prec_render
image,d#hash_645273beeb7659d1
image,d#hash_645283beeb767501
image,d#i_mtl_t8_camo_dlc3_fishy_02_c
image,d#hash_64c2cd322a4154b2
image,#i_t7_micro_metal_rust_c
image,#i_t7_micro_metal_rust_n
image,d#i_mtl_wpn_t8_camo_bomber_01_c
image,d#fxt_debris_clumps
image,d#$camo_base_mask
image,d#fxt8_water_bubble_md_alpha
image,d#hash_652799bca204bdcf
image,d#loot06_ui_icon_blackmarket_reserves_sniper_damagesemi
image,d#hash_654ee98f39a7365e
image,d#hash_65539a2c40e654eb
image,d#hash_664cf015d14cec89
image,d#$spec_simple
image,d#fxt_sparks_rndhit_core
image,d#hash_66bea284a9c4a4cc
image,#hash_673cd2f4540a89e0
image,#hash_673cd3f4540a8b93
image,#hash_673cd4f4540a8d46
image,d#hash_673f5deb847e68d1
image,d#hash_674022569d21ebc5
image,d#i_mtl_attach_t8_loot_sniper_semiauto_hical_02_n
image,d#i_mtl_attach_t8_loot_sniper_semiauto_hical_02_o
image,d#i_mtl_attach_t8_loot_sniper_semiauto_hical_02_c
image,d#i_mtl_attach_t8_loot_sniper_semiauto_hical_02_g
image,d#i_mtl_attach_t8_loot_sniper_semiauto_hical_02_s
image,d#fxt_ui_square_mask
image,d#hash_67ad9ef082154884
image,d#hash_67b1e21541c9ce3e
image,d#fxt8_spark_shower_core_alpha
image,d#hash_685a338d77a06cd2
image,d#hash_685a348d77a06e85
image,d#hash_685a408d77a082e9
image,d#hash_685a448d77a089b5
image,d#hash_685a478d77a08ece
image,d#hash_685a488d77a09081
image,d#i_t8_water_ocean_mp_offshore_far_n
image,d#i_wpn_t8_decals_global_hole_c
image,d#hash_68fd40ffa8d0ba76
image,d#ui_icon_weapon_pistol_fullauto_render
image,d#ui_icon_weapon_pistol_fullauto_mk2_render
image,d#ui_icon_weapon_ar_doublebarrel_render
image,d#hash_691e7639f809bd92
image,d#hash_6924ca1a8579b129
image,d#hash_6924ce1a8579b7f5
image,d#hash_6924d11a8579bd0e
image,d#i_t8_decal_grunge_burn_soot_01_c
image,d#ui_icon_weapon_sniper_damagesemi_render
image,d#i_t7_gradient_alpha_gradient_c
image,#hash_69e186810cab1a95
image,d#hash_6a06acfbadf51604
image,d#hash_6a06adfbadf517b7
image,d#hash_6a06b0fbadf51cd0
image,d#hash_6a06b1fbadf51e83
image,d#hash_6a06b8fbadf52a68
image,d#hash_6a06bcfbadf53134
image,d#hash_6a42733e7ea9cd60
image,d#ui_icon_weapon_shotgun_fullauto_render
image,d#i_mtl_wpn_t8_camo_geometric_08_n
image,d#i_mtl_wpn_t8_camo_geometric_08_c
image,d#hash_6add09ab3e13710b
image,d#ui_menu_store_product_b04_kronos_preorder_base_large
image,d#fxt_decal_foam_n
image,d#i_t8_water_puddle_oasis_base_c
image,d#hash_6b1b8ec01686a8ec
image,d#hash_6b1b93c01686b16b
image,d#hash_6b1b9ec01686c41c
image,d#hash_6b381f6fc887a664
image,d#hash_6b581e8877974697
image,d#hash_6b582e88779761c7
image,d#hash_6bb162ad1b84fb76
image,#hash_6bd5362ae05b310b
image,d#ui_icon_weapon_sniper_mini14_render
image,d#hash_6c00b965661bdd92
image,d#hash_6c00ba65661bdf45
image,d#hash_6c00be65661be611
image,d#hash_6c00c265661becdd
image,d#hash_6c00cd65661bff8e
image,d#hash_6c00ce65661c0141
image,d#hash_6c13bd73750dc061
image,d#fxt_dust_wind_md_anim
image,d#ui_icon_weapon_melee_amuletfist_render
image,d#i_t7_decal_damage_glass_bullet_hit_03_c
image,d#i_t7_decal_damage_glass_bullet_hit_03_n
image,d#core_sand_light_n
image,d#hash_6cd80689920fceff
image,d#ui_icon_blackmarket_reserves_case_small
image,d#i_t8_camo_dlc3_assassin_alt_c
image,d#i_mtl_attach_t8_loot_sniper_semiauto_hical_01_s
image,d#i_mtl_attach_t8_loot_sniper_semiauto_hical_01_o
image,d#i_mtl_attach_t8_loot_sniper_semiauto_hical_01_n
image,d#i_mtl_attach_t8_loot_sniper_semiauto_hical_01_g
image,d#i_mtl_attach_t8_loot_sniper_semiauto_hical_01_c
image,d#hash_6dca5b3fc2c1714c
image,d#hash_6e091771f5f8d1a5
image,d#hash_6e433e9fac6ea482
image,d#i_c_t8_detail_plastic_grainy_chaser_3_n
image,d#fxt_decal_foam
image,d#i_mtl_p7_suspension_bridge_steel_cable_01_n
image,d#hash_6e95003956def8c9
image,d#hash_6e9c6886b08f7af9
image,d#i_mtl_wpn_t8_camo_geometric_10_s
image,d#i_mtl_wpn_t8_camo_geometric_10_n
image,d#i_mtl_wpn_t8_camo_geometric_10_g
image,d#i_mtl_wpn_t8_camo_geometric_10_c
image,d#i_mtl_wpn_t8_camo_diamond_01_n
image,d#i_mtl_wpn_t8_camo_diamond_01_g
image,d#i_mtl_wpn_t8_camo_diamond_01_s
image,d#i_mtl_wpn_t8_camo_diamond_01_t
image,d#fxt_gel_drops_n
image,d#ui_icon_blackmarket_stream_bribe_crate
image,d#hash_6f670511eda254cd
image,d#hash_6f67aeeb88f8a534
image,d#hash_6f91d285988d918b
image,d#i_mtl_p7_rock_sing_park_01_n
image,d#i_mtl_p7_rock_sing_park_01_c
image,d#fx_dest_atlas_c
image,d#hash_704c59ffac92a6f1
image,d#i_mtl_t8_camo_dlc3_spacedust_06_c
image,d#hash_7084e16f82a0c40a
image,d#hash_70bb2e8bf8dc9ef3
image,d#hash_70bb3e8bf8dcba23
image,d#hash_70bb428bf8dcc0ef
image,d#hash_70bb498bf8dcccd4
image,d#hash_70bb4a8bf8dcce87
image,d#i_t8_micro_paint_02_g
image,d#fxt8_liquid_spurt
image,d#i_t8_zm_fro_ice_chunks_n
image,d#ui_icon_weapon_smg_fastfire_mk2_render
image,d#i_t7_micro_metal_bare_scuffed_01_n
image,d#hash_717ce6f2f10c8b80
image,d#hash_717cf3f2f10ca197
image,d#hash_717cf6f2f10ca6b0
image,d#i_t7_micro_metal_rust_heavy_01_g
image,d#fxt_smk_billow_whisp_anim
image,d#fxt8_fog_slow_lg_anim
image,d#$blacktransparent_color
image,d#fxt8_water_ripple_anim
image,d#i_t7_decal_bullet_concrete_01_n
image,d#i_t7_decal_bullet_concrete_01_c
image,d#i_wpn_t7_camo_ardent_rare_c
image,d#ui_icon_weapon_ar_standard_render
image,d#core_burnt_dark_n
image,#ui_icon_crm_featured_magma
image,#i_t7_micro_metal_grunge_scratch_fine_01_g
image,d#i_t7_micro_metal_grunge_scratch_fine_01_n
image,d#ui_icon_weapon_ar_peacekeeper_render
image,d#hash_7361386fcd03369f
image,d#shotgun_semi_t8_camo_sig02_icon
image,d#i_wpn_t8_camo_geo_gem_diamond_edge_e
image,d#i_t7_camo_diamond_inlay_e
image,d#hash_73df7adf6037c17e
image,d#hash_73f1e561603f9c78
image,d#i_mtl_wpn_t8_camo_topology_02_c
image,d#hash_744a5d5e721249d9
image,d#i_mtl_attach_t8_loot_sniper_semiauto_fast_mag_n
image,d#i_mtl_attach_t8_loot_sniper_semiauto_fast_mag_o
image,d#i_mtl_attach_t8_loot_sniper_semiauto_fast_mag_c
image,d#i_mtl_attach_t8_loot_sniper_semiauto_fast_mag_g
image,d#i_mtl_attach_t8_loot_sniper_semiauto_fast_mag_s
image,d#i_t8_water_puddle_basic_n
image,d#hash_754c3e219ef50aeb
image,d#hash_75826ff8261f715a
image,d#i_t7_micro_metal_painted_scuffed_01_c
image,d#fxt_smk_trail_billow
image,d#hash_759a2c6277ead439
image,d#i_t8_snow_ice_cracked_02_c
image,d#i_t8_snow_ice_cracked_02_n
image,d#hash_75eadfaa889fd076
image,d#i_wpn_t8_camo_geo_gem_diamond_core_e
image,d#i_t7_micro_metal_painted_02_g
image,d#i_t7_micro_metal_painted_02_c
image,d#i_t8_water_puddle_muddy_n
image,d#hash_767fb202e8b831f0
image,d#hash_768237f0ccb8ecb0
image,d#i_mtl_wpn_t8_camo_mathworks_05_c
image,d#ui_icon_blackmarket_cp2400_case
image,d#hash_76c8ce737bb2c844
image,d#hash_76cc885da9dec790
image,d#ui_icon_blackmarket_cp9500_case
image,d#hash_76d911ccd6054120
image,d#hash_77082a237e0651dc
image,d#hash_770ec9d628f2ccd3
image,#hash_7736353a42870425
image,d#i_t7_decal_damage_glass_bullet_hit_02_n
image,d#i_t7_decal_damage_glass_bullet_hit_02_c
image,#hash_776b4a146d942824
image,d#hash_77a037323560a690
image,d#hash_784f567d13b1a315
image,d#fxt_smk_whisp_anim_2
image,d#fxt_gas_blur_core_thick
image,d#i_mtl_t8_camo_dlc3_spacedust_05_c
image,d#hash_78acfa6f871aa145
image,d#i_mtl_wpn_t8_camo_diamond_06_c
image,d#hash_79f54907f55cde10
image,#i_mtl_p8_screen_tactical_artic_01_c
image,d#hash_7a254cc425f28ee9
image,d#hash_7a27aaffb27e77d4
image,d#hash_7a4552cdb4d458b9
image,d#hash_7a60260822a119ae
image,d#hash_7a805336cbadb322
image,d#i_attach_t8_optic_mms_decals_c
image,d#hash_7aea57ba30cd6491
image,d#hash_7b0dc87c72a66270
image,d#i_attach_t8_optic_ironsights_sniper_s
image,d#i_attach_t8_optic_ironsights_sniper_r
image,d#i_attach_t8_optic_ironsights_sniper_o
image,d#i_attach_t8_optic_ironsights_sniper_n
image,d#i_attach_t8_optic_ironsights_sniper_c
image,d#i_attach_t8_optic_ironsights_sniper_g
image,d#hash_7b32b5ae579de3e8
image,d#hash_7b3978777b9384c0
image,d#fxt8_liquid_impact
image,d#i_mtl_wpn_t8_camo_topology_05_c
image,d#i_mtl_t8_camo_dlc3_dripping_noise_n
image,d#i_t7_decal_bullet_concrete_02_c
image,d#i_t7_decal_bullet_concrete_02_n
image,d#hash_7c2f6f6069469e79
image,d#hash_7c3ec4acf83f5842
image,d#i_t8_metal_painted_white_g
image,d#i_t8_metal_painted_white_n
image,d#fxt_decal_blood_fatal_02_n
image,d#i_mtl_p7_debris_wood_splinter_large_c
image,d#i_mtl_p7_debris_wood_splinter_large_n
image,d#hash_7c6b658e2f311481
image,d#hash_7ca237b3288dd21a
image,d#hash_7cc178689b130c8c
image,d#hash_7cc179689b130e3f
image,d#hash_7cc17c689b131358
image,d#hash_7cc180689b131a24
image,d#hash_7cc18c689b132e88
image,d#ui_icon_blackmarket_cp13000_case
image,d#hash_7cdbccad2532b8d4
image,d#fxt_gel_drops
image,d#hash_7d39f8aa8c61bcf1
image,d#fxt8_liquid_impact_mask
image,#hash_7d7516ef710d37f8
image,d#hash_7d892dadc49bcfc8
image,d#i_mtl_wpn_t7_camo_ardent_n
image,d#i_mtl_wpn_t7_camo_ardent_g
image,d#hash_7de4d0fb418f955a
image,d#hash_7e1f1463bbbd26af
image,d#hash_7e2011b2eea64f60
image,d#hash_7e2025b2eea6715c
image,d#hash_7e202eb2eea680a7
image,d#hash_7e453a1a11018151
image,d#hash_7e45451a11019402
image,d#hash_7e454a1a11019c81
image,d#hash_7eef50323922930b
image,d#ui_menu_store_product_b04_ancient_evil_large
image,d#hash_7f338171ffa68f03
image,d#i_t7_decal_damage_glass_bullet_hit_01_n
image,d#i_t7_decal_damage_glass_bullet_hit_01_c
image,d#i_attach_t8_optic_holo_decal_1_c
image,d#i_mtl_attach_t8_loot_sniper_semiauto_stock_01_r
image,d#i_mtl_attach_t8_loot_sniper_semiauto_stock_01_s
image,d#i_mtl_attach_t8_loot_sniper_semiauto_stock_01_c
image,d#i_mtl_attach_t8_loot_sniper_semiauto_stock_01_g
image,d#i_mtl_attach_t8_loot_sniper_semiauto_stock_01_n
image,d#i_mtl_attach_t8_loot_sniper_semiauto_stock_01_o
image,d#i_t7_micro_metal_grunge_scratch_02_g
image,d#hash_7fd9f331dd84b580
image,d#i_mtl_t8_camo_dlc3_spacedust_04_c
weapontunables,d#hash_c47db2c27325a8a
weapontunables,d#sniper_damagesemi_t8_tunables_zm
weapontunables,d#hash_6025211894d2e0af
attachment,d#is
attachment,d#dualoptic_sniper
attachment,d#holo_sniper
attachment,d#acog_sniper
attachment,d#killcounter
attachment,d#clantag
attachment,d#hash_270ce15c68fcb4c2
attachment,d#damage2
attachment,d#hash_2dd9db5925cfbebe
attachment,d#hash_32fb1708b254f7d8
attachment,d#hash_3cf295fce8f547ca
attachment,d#hash_42a22cc3129a6d57
attachment,d#hash_58b38af8262ac6ba
attachment,d#null
attachment,d#custom2
attachment,d#defaultattachment
attachment,d#hash_7ad3cb36bcd48c7d
attachment,d#damage
rawfile,#gamedata/configs/common/test_ffotd.cfg
rawfile,#hash_65f3dc5fb296c882
stringtable,#hash_12d66d2010be347
stringtable,#gamedata/events/itemshop_slot_4_pc.csv
stringtable,#gamedata/tables/common/gamertags.csv
stringtable,#gamedata/events/schedule_xbox.csv
stringtable,#gamedata/loot/loot_bundles.csv
stringtable,#hash_32f6538ea0af7458
stringtable,#gamedata/weapons/common/camooptions.csv
stringtable,#gamedata/tables/common/goodwords.csv
stringtable,#gamedata/loot/loot_bribes.csv
stringtable,#gamedata/events/reserve_deals_schedule_pc.csv
stringtable,#gamedata/loot/loot_index.csv
stringtable,#gamedata/events/schedule_pc.csv
stringtable,#gamedata/loot/loot_index_2.csv
stringtable,#hash_5c6dc30ffb97ee8b
stringtable,#gamedata/events/itemshop_slot_5_pc.csv
stringtable,#gamedata/events/itemshop_slot_6_pc.csv
stringtable,#gamedata/events/itemshop_slot_3_pc.csv
stringtable,#gamedata/events/schedule_ps4.csv
stringtable,#gamedata/events/rotation.csv
stringtable,#gamedata/events/itemshop_slot_2_pc.csv
stringtable,#gamedata/events/itemshop_slot_1_pc.csv
structuredtable,#gamedata/events/events.json
scriptparsetree,#scripts/zm/zm_orange_trial_shoot_from_water.gsc
scriptparsetree,#scripts/zm/equip/zm_equip_music_box.gsc
scriptparsetree,#scripts/zm/zm_orange_snowball_piles.gsc
scriptparsetree,#scripts/mp/mp_mountain2.gsc
scriptparsetree,#scripts/zm/zm_orange_trophies.gsc
scriptparsetree,#scripts/zm/zm_orange_trials.gsc
scriptparsetree,#scripts/zm/zm_orange_mq_hell.gsc
scriptparsetree,#scripts/zm/zm_orange_zones.gsc
scriptparsetree,#scripts/zm/zm_orange_ee_misc.gsc
keyvaluepairs,#core_ffotd
surfacesounddef,d#hash_2c191e6284ce597
surfacesounddef,d#rifle_melee_surface
surfacesounddef,d#surface_bullet_exit
surfacesounddef,d#surface_bullet_impact
surfacesounddef,d#rifle_melee_surface_plr
entitysoundimpacts,d#entity_rifle_swipe_npc
entitysoundimpacts,d#entity_impact
entitysoundimpacts,d#hash_37b2c74473f119b4
entitysoundimpacts,d#entity_rifle_victim
entitysoundimpacts,d#hash_4a3430ba267928fc
entitysoundimpacts,d#entity_rifle_swipe_player
entitysoundimpacts,d#entity_exit
entitysoundimpacts,d#entity_rifle_swipe_victim
entitysoundimpacts,d#entity_rifle_player
entitysoundimpacts,d#hash_74d8cb2698f76308
entitysoundimpacts,d#entity_rifle_npc
rumble,d#hash_2e361344d740b1c3
rumble,d#hash_322cc8a226215312
rumble,d#sniper_fire
lightdescription,d#hash_2f6ce488c8b2014
lightdescription,d#hash_4c799ba07e28030
lightdescription,d#hash_9861532dbdc6f9d
lightdescription,d#hash_24cd87af02ec79dd
lightdescription,d#hash_3a5099e6a860505e
lightdescription,d#hash_3c25a978a2b585df
lightdescription,d#hash_48d3a69dbd29e056
lightdescription,d#hash_55ec5125f5915493
lightdescription,d#hash_5fd0744c1917b426
lightdescription,d#hash_62ab09311b66b7d0
lightdescription,d#hash_73a70a95b0a63ca8
xcam,d#hash_3b1551627c122475
xcam,d#hash_5acf8f7ff2a5b78d
bgcache,#core_ffotd
luafile,#lua/shared/codshared.lua
luafile,#lua/shared/codloadoutsshared.lua
luafile,#ui/uieditor/widgets/startmenu/options/startmenu_options_privacysettingsscrollprompt.lua
luafile,#hash_1235a74ed7662b6a
luafile,#ui/utility/blackmarkettableutility.lua
luafile,#ui/uieditor/widgets/pc_codaccount.lua
luafile,#hash_246f996dbe1be297
luafile,#hash_2808dba09dc00658
luafile,#ui/utility/directorutility.lua
luafile,#ui/uieditor/widgets/startmenu/options/startmenu_options_privacysettingsmanagementform.lua
luafile,#ui/utility/ftueutility.lua
luafile,#ui/utility/blackmarketutility.lua
luafile,#hash_4761862e26225802
luafile,#hash_4d10623d1a5d8bea
luafile,#hash_509315083cc86cb2
luafile,#hash_528f767acbe4ce27
luafile,#ui/uieditor/menus/startmenu/popups/startmenu_options_privacysettings.lua
luafile,#hash_5ecbf752995858a0
luafile,#hash_604c92cc196d160f
luafile,#hash_62355cfa3c330a74
luafile,#hash_663f37707cbba216
luafile,#ui/utility/playerroleutility.lua
luafile,#hash_6c6ddb5e519b8c70
luafile,#ui/utility/optionsutility.lua
luafile,#hash_707b5d96b012036b
arenaseasons,#arena_seasons_dev
arenaseasons,#arena_seasons_online
material,d#mc/mtl_attach_t8_loot_sniper_semiauto_stock_02
material,d#mc/mtl_attach_t8_loot_sniper_semiauto_stock_01
material,d#hash_c22edec280150c
material,d#hash_f7338a509f7ac3
material,d#hash_f7348a509f7c76
material,d#hash_18174b338d08b16
material,d#hash_18176b338d08e7c
material,d#hash_18177b338d0902f
material,d#ei/gfx_fog_slow_lg_anim_lit
material,d#ei/gfx_water_splash_cone_anim_lit
material,d#hash_42b437a88167eae
material,d#hash_42b447a88168061
material,d#hash_42b457a88168214
material,d#hash_44f727b5c7cff6d
material,d#hash_495172c21b1c2f8
material,d#hash_495182c21b1c4ab
material,d#hash_495192c21b1c65e
material,d#hash_4951c2c21b1cb77
material,d#hash_4951d2c21b1cd2a
material,d#hash_4951e2c21b1cedd
material,d#hash_4afd83688842f37
material,d#hash_5671fc3056a8c86
material,d#mc/mtl_attach_t8_optic_acog_back
material,d#hash_688c901aeb74d76
material,d#hash_74f8fe2b776e360
material,d#hash_74f90e2b776e513
material,d#hash_74f96e2b776ef45
material,d#hash_8411434acf4e931
material,d#hash_8e9c7e53c0320df
material,d#hash_9cb8ab03c63e61e
material,d#hash_9d405cdd3ed21c8
material,d#hash_9d408cdd3ed26e1
material,d#hash_a45f0eba93b2a28
material,d#hash_a45f1eba93b2bdb
material,d#hash_a45f3eba93b2f41
material,d#hash_a45f6eba93b345a
material,d#hash_a45f7eba93b360d
material,d#mc/mtl_wpn_t8_loot_sniper_semiauto_bullet
material,d#mc/mtl_t8_camo_dlc3_spacedust_02
material,d#mc/mtl_t8_camo_dlc3_spacedust_03
material,d#mc/mtl_t8_camo_dlc3_spacedust_04
material,d#mc/mtl_attach_t8_optic_acog_decals
material,d#hash_b58b81afcb12330
material,d#vdd/gfx_decal_blood_nonfatal_01
material,d#vdd/gfx_decal_blood_nonfatal_02
material,d#hash_ca02820b74eef33
material,d#mc/mtl_t8_camo_dlc3_afterlife_02
material,d#ei/gfx_water_splash_tall_center_anim
material,d#vdd/gfx_decal_blood_fatal_02
material,d#vdd/gfx_decal_blood_fatal_01
material,d#mc/mtl_attach_t8_optic_hybrid_pieces
material,d#hash_da1f5233e42921a
material,d#hash_db161cef4373dbe
material,d#hash_db162cef4373f71
material,d#hash_e425fd944cd52a5
material,d#hash_e6a0ab2148c63ca
material,d#hash_ea0225c337913a8
material,d#hash_ea0285c33791dda
material,d#hash_ea0295c33791f8d
material,d#mc/mtl_wpn_t8_decals_global_hole
material,d#hash_f174d706d225d56
material,d#hash_f4a98d73918b019
material,d#vd/gfx_decal_default_01
material,d#ei/gfx_gel_drops_spec
material,d#hash_fa87b787433ef51
material,d#hash_fb437eab3fb78ef
material,d#hash_fb4daffa5ca63b2
material,d#mc/mtl_t8_camo_feathers
material,d#ei/gfx_fog_slow_sm_anim_lit
material,d#mc/mtl_t8_camo_dlc3_afterlife
material,d#hash_108b570c965456a0
material,d#hash_108b580c96545853
material,d#hash_108b5d0c965460d2
material,d#hash_108b5e0c96546285
material,d#hash_10fc8b5ed912c387
material,d#el/gfx_red_tracer
material,d#hash_1146773a87ba8649
material,d#hash_11515286e92ae59e
material,d#hash_1151f520dc0897b3
material,d#hash_1151f820dc089ccc
material,d#hash_11719a631461b015
material,d#mc/mtl_attach_t8_optic_red_dot_decals
material,d#mc/mtl_t8_camo_dlc3_armor_alt
material,d#hash_131976db9ef026ae
material,d#hash_131977db9ef02861
material,d#hash_131979db9ef02bc7
material,d#mc/mtl_attach_t8_optic_holo_glass
material,d#ei/gfx_debris_clumps_lit
material,d#ei/gfx_smk_tendril_1_lit
material,d#vd/gfx_decal_bullet_metal_01
material,d#vd/gfx_decal_bullet_metal_03
material,d#vd/gfx_decal_bullet_metal_02
material,d#hash_14906e88131fef4e
material,d#hash_14906f88131ff101
material,d#hash_14d53380e6501f3e
material,d#hash_14d53480e65020f1
material,d#hash_14d53580e65022a4
material,d#hash_15c518da8836ab3d
material,d#ei/gfx_smk_whisp_anim_02_high_gray_lit
material,d#ei/gfx_gib_glass_02_lit
material,d#ei/gfx_gel_drops_lit
material,d#hash_16c4d49ab3f5e1c4
material,d#mc/mtl_wpn_t8_sniper_vanguard_scope_p7
material,d#ei/gfx_gib_concrete_01_lit
material,d#mc/mtl_attach_t8_optic_ironsights_sniper
material,d#hash_175f9fdc236f0776
material,d#hash_182543d1a75f1c6e
material,d#vd/gfx_decal_bullet_thin_metal_01
material,d#hash_199c272e5afaff05
material,d#mc/mtl_wpn_t8_tritium_orange
material,d#hash_1a2f09134afb7ae5
material,d#mc/mtl_attach_t8_optic_mms_decals
material,d#mc/mtl_p7_mou_clock_wall_hour
material,d#hash_1b9bd93b3925dfee
material,d#mc/mtl_wpn_t8_camo_requiem_embers
material,d#hash_1db4bd064c57d448
material,d#hash_1dce671f37bde387
material,d#hash_1dce681f37bde53a
material,d#hash_1dce691f37bde6ed
material,d#hash_1e15110729e264d0
material,d#vd/gfx_decal_blood_splatter_03
material,d#vd/gfx_decal_blood_splatter_02
material,d#hash_1f15bc553695a261
material,d#hash_1f73b49333d905fb
material,d#hash_1f73b69333d90961
material,d#hash_2018e836a4979cae
material,d#hash_2086b20eac30783d
material,d#mc/mtl_attach_t8_optic_mms_back_wire
material,d#hash_215d6e3c593111e3
material,d#mc/mtl_attach_t8_optic_mms_glass
material,d#mc/mtl_t8_camo_dlc3_armor
material,d#hash_235fa660ac7dceae
material,d#mc/mtl_attach_t8_optic_hybrid_frame
material,d#hash_2422af831bb56188
material,d#hash_2422b0831bb5633b
material,d#hash_243c413778e8b50b
material,d#mc/mtl_wpn_t8_sniper_vanguard_bullet
material,d#hash_252ee26734392cff
material,d#hash_254a3a94c02aca92
material,d#mc/mtl_p7_debris_rockychunks_small
material,d#mc/mtl_wpn_t8_sniper_koshka_scope_reticle
material,d#ei/gfx_water_drip_lit
material,d#mc/mtl_t7_camo_black_epic
material,d#hash_25a860fce127fa45
material,d#hash_261262989e05760f
material,d#hash_264f7976478dbd04
material,d#mc/mtl_attach_t8_loot_sniper_semiauto_fmj
material,d#hash_2814b5a875282100
material,d#hash_2814b8a875282619
material,d#hash_283dd3eb371e6db0
material,d#hash_2936a02c1d424e18
material,d#hash_2945abae7854f99c
material,d#hash_294c80658924e3c7
material,d#hash_29dddc4be9fa8a43
material,d#hash_29dddd4be9fa8bf6
material,d#hash_29ddde4be9fa8da9
material,d#hash_2a281534360509f7
material,d#mc/mtl_wpn_t8_camo_requiem_3
material,d#mc/mtl_wpn_t8_camo_requiem_5
material,d#mc/mtl_wpn_t8_camo_requiem_4
material,d#mc/mtl_wpn_t8_camo_requiem_6
material,d#mc/mtl_p7_debris_wood_splinter_large
material,d#hash_2b3fe821f11b4567
material,d#mc/mtl_attach_t8_optic_holo_decal
material,d#mc/mtl_attach_t8_optic_red_dot_mounting
material,d#hash_2ba9b54ef5c233a3
material,d#hash_2ba9b84ef5c238bc
material,d#hash_2ba9b94ef5c23a6f
material,d#hash_2c072f29a22fa6e2
material,d#hash_2e131f009738c06f
material,d#hash_2e727cc2466349f3
material,d#hash_2e727dc246634ba6
material,d#hash_2e727ec246634d59
material,d#hash_2e727fc246634f0c
material,d#hash_2e7280c2466350bf
material,d#hash_2ee0591f501a745a
material,d#hash_2ee05a1f501a760d
material,d#hash_2f0af344a71569ee
material,d#mc/mtl_p7_rock_sing_park_01
material,d#hash_2f47138291c90397
material,d#hash_2f4dc30d72a1c2c5
material,d#hash_2fa5865befc9b0c0
material,d#hash_2fc0f36cb39b6f27
material,d#ei/gfx_smk_puff_thin_varied
material,d#hash_308a3b4808a82d64
material,d#hash_30b54191a1caa7c8
material,d#hash_30b769dcaee1d5b4
material,d#hash_314e55593fb90b7d
material,d#hash_316e5a622d7d8357
material,d#hash_319300eecbe58f62
material,d#hash_319301eecbe59115
material,d#mc/mtl_p7_mou_clock_wall_minute
material,d#el/gfx_green_tracer
material,d#hash_3252f7cd066add07
material,d#hash_3252f8cd066adeba
material,d#mc/mtl_t8_attach_optic_acog_reticle_01
material,d#hash_330d25614df2ba51
material,d#mc/mtl_p7_debris_glass_shattered_sm
material,d#hash_33e9007cd93e45e8
material,d#mc/mtl_attach_t8_optic_holo_body
material,d#ei/gfx_gib_wood_01_lit
material,d#mc/mtl_attach_t8_loot_sniper_semiauto_hical_01
material,d#mc/mtl_attach_t8_loot_sniper_semiauto_hical_02
material,d#mc/mtl_gib_chunk_set
material,d#mc/nodraw
material,d#mc/mtl_wpn_t8_sniper_koshka_scope_stencil
material,d#mc/mtl_attach_t8_optic_red_dot_main
material,d#hash_36d632b976b27d0a
material,d#hash_36f9b8796605dc19
material,d#hash_373cf8f76c072940
material,d#hash_3743ecce57628455
material,d#hash_381e15e629b80175
material,d#mc/mtl_p7_mou_clock_wall_second
material,d#ei/gfx_water_splash_cone_spread_anim
material,d#hash_38bb8cba0e912f4c
material,d#hash_38bb8dba0e9130ff
material,d#hash_38bb8eba0e9132b2
material,d#ei/gfx_gel_splat_string_lit
material,d#el/gfx_trail_laser_lit
material,d#vdd/gfx_decal_foam
material,d#vdd/gfx_decal_bullet_wood_03
material,d#vdd/gfx_decal_bullet_wood_02
material,d#vdd/gfx_decal_bullet_wood_01
material,d#hash_3ac02304fe82bd3e
material,d#hash_3aee7a74081d9b22
material,d#hash_3be278c7f01f0d45
material,d#hash_3c27edde8b1c2aab
material,d#ei/gfx_gib_concrete_02_lit
material,d#hash_3c67fd11c62bb0f2
material,d#hash_3c680b3778c7065b
material,d#hash_3cb4afa581f5456e
material,d#hash_3d2998a634b107c0
material,d#hash_3d299aa634b10b26
material,d#hash_3d299ba634b10cd9
material,d#hash_3d299ca634b10e8c
material,d#hash_3d299da634b1103f
material,d#hash_3dfad3c9f32313b0
material,d#hash_3dfad4c9f3231563
material,d#hash_3dfaddc9f32324ae
material,d#hash_3dfe5bc9f326309f
material,d#hash_3e55a0d4f215d7a9
material,d#mc/mtl_clan_tag_digital
material,d#hash_3f0ca097e7d58978
material,d#hash_3f1d5f150d79f4de
material,d#hash_3f1d60150d79f691
material,d#hash_3f1d61150d79f844
material,d#hash_3f1d62150d79f9f7
material,d#mc/mtl_wpn_t8_camo_geo_gem_diamond_frame
material,d#hash_3f5ec1abb3503a0b
material,d#hash_3f5ec6abb350428a
material,d#hash_3f5ec7abb350443d
material,d#hash_3f7a2bca80b2e2a2
material,d#mc/mtl_fx_shell_alpha
material,d#ei/gfx_water_stream_anim_lit
material,d#ei/gfx_smk_billow_whisp_anim_distort
material,d#vd/gfx_decal_bullet_wood_01
material,d#vd/gfx_decal_bullet_wood_03
material,d#vd/gfx_decal_bullet_wood_02
material,d#mc/mtl_attach_t8_optic_mms_back_button
material,d#hash_41c33d03c9981ff7
material,d#mc/mtl_wpn_t7_paint_left
material,d#hash_422328c4e9039447
material,d#mc/mtl_attach_t8_optic_acog_rail_mount
material,d#hash_4279e30ca66fcee3
material,d#hash_42ac592c5fadc2d4
material,d#hash_42c293a398cf75f2
material,d#mc/mtl_attach_t8_optic_holo_reticle
material,d#hash_439f71a28db2062f
material,d#ei/gfx_shockwave_elec_anim_em_i2048
material,d#mc/mtl_attach_t8_loot_sniper_semiauto_grip
material,d#hash_440ba72f639be990
material,d#hash_446a503c43c4c02d
material,d#hash_453a26b6cec2dff4
material,d#hash_4545f131861064f7
material,d#hash_4545f3318610685d
material,d#ei/gfx_water_ripple_anim_lit_nocull
material,d#ei/gfx_gib_concrete_01_em
material,d#hash_45e4a800d27bd2ce
material,d#mc/bullet_collision_glass
material,d#vd/gfx_decal_bullet_glass_02
material,d#vd/gfx_decal_bullet_glass_03
material,d#vd/gfx_decal_bullet_glass_01
material,d#mc/mtl_attach_t8_optic_mms_body
material,d#hash_4709582b104d4686
material,d#hash_47095a2b104d49ec
material,d#hash_47095b2b104d4b9f
material,d#hash_471e4bc257451520
material,d#hash_471e4fc257451bec
material,d#hash_471e52c257452105
material,d#hash_472a2e4a22d8d744
material,d#hash_472a2f4a22d8d8f7
material,d#hash_472a314a22d8dc5d
material,d#hash_478dd708a0c486bf
material,d#mc/mtl_t7_camo_flat_black_b
material,d#hash_47c5ffaffed398e6
material,d#ei/gfx_spark_rndhit_core_em
material,d#mc/mtl_p7_mou_clock_wall_glass
material,d#hash_495a075fb67d06b4
material,d#vdd/gfx_decal_bullet_glass_01
material,d#vdd/gfx_decal_bullet_glass_02
material,d#vdd/gfx_decal_bullet_glass_03
material,d#hash_49b3e823d428052d
material,d#mc/mtl_attach_t8_optic_mms_inner
material,d#hash_49edcd2f266e83dd
material,d#ei/gfx_spark_grind_anim_em
material,d#ei/gfx_gel_splat_string_spec
material,d#ei/gfx_gib_glass_02_em
material,d#hash_4bd0215e4cabc686
material,d#hash_4bd0225e4cabc839
material,d#hash_4ca98bd25f243a7a
material,d#hash_4ccb0f5fd1b80766
material,d#hash_4ccb115fd1b80acc
material,d#hash_4ccb125fd1b80c7f
material,d#hash_4ccb145fd1b80fe5
material,d#hash_4d1befb7d04b5f1a
material,d#hash_4d23027a22a356be
material,d#hash_4d41e170a51f377d
material,d#hash_4d5b1a9f68f2cc39
material,d#ei/gfx_dust_fall_lg_anim_em
material,d#hash_4df40cd7d8d3aab4
material,d#hash_4e0e46fbbcd55c07
material,d#hash_4e28d8967ffba8e8
material,d#hash_4e4c66ba18d6a225
material,d#hash_4e933da23ee5f804
material,d#hash_4e933ea23ee5f9b7
material,d#hash_4e933fa23ee5fb6a
material,d#hash_4ec59838e1e46af8
material,d#hash_4ec59938e1e46cab
material,d#hash_4ec59a38e1e46e5e
material,d#hash_4ec59b38e1e47011
material,d#hash_4ec59c38e1e471c4
material,d#hash_4ec59d38e1e47377
material,d#hash_4ec59e38e1e4752a
material,d#hash_4edd791ad5e24036
material,d#hash_4eea193064c510bb
material,d#hash_4f056cb40f8e0172
material,d#mc/mtl_p7_debris_wood_splinter_small
material,d#hash_4f178bcfde23272b
material,d#hash_4f2fe931c15ae619
material,d#hash_4f85674b252153d8
material,d#hash_4f95c0ffdd6a47bb
material,d#hash_4fa0d4fbdc630ef0
material,d#hash_501ce61d450d12fb
material,d#hash_50494521f40ac553
material,d#hash_50494e21f40ad49e
material,d#hash_50495321f40add1d
material,d#hash_50a723b02772060b
material,d#hash_50c5a7b64c355664
material,d#ei/gfx_water_splash_swirl_anim_lit
material,d#hash_53093ac4a06a1219
material,d#hash_530ecb6094ec1b59
material,d#hash_53540c3ac54e795b
material,d#mc/mtl_attach_t8_optic_mms_hood
material,d#vd/gfx_decal_blood_nonfatal_02
material,d#vd/gfx_decal_blood_nonfatal_01
material,d#mc/mtl_fx_char_gib_chunks
material,d#mc/mtl_attach_t8_loot_sniper_semiauto_foregrip
material,d#hash_546ef7df9ab1a67e
material,d#hash_547455b001b7d608
material,d#mc/mtl_attach_t8_loot_sniper_semiauto_fast_mag
material,d#hash_5530da0f55d86a61
material,d#vd/gfx_decal_blood_fatal_01
material,d#vd/gfx_decal_blood_fatal_02
material,d#hash_554f4a3ae3b96f55
material,d#hash_556233d6551c1c28
material,d#mc/mtl_fx_dest_atlas
material,d#mc/mtl_attach_t8_optic_holo_decal_1
material,d#vdd/gfx_decal_bullet_metal_03
material,d#vdd/gfx_decal_bullet_metal_02
material,d#vdd/gfx_decal_bullet_metal_01
material,d#hash_562ff3c5534c2e39
material,d#hash_5644f7bf1fd371dc
material,d#hash_5644f9bf1fd37542
material,d#hash_5644fabf1fd376f5
material,d#vd/gfx_decal_bullet_dirt_01
material,d#mc/mtl_t8_camo_dlc3_assassin
material,d#hash_571e4ca9f073ac86
material,d#vdd/gfx_decal_default_01
material,d#el/gfx_distort_trail_tracer
material,d#hash_579279ae2cbd9fa9
material,d#hash_58a1f6d9a4f5695d
material,d#hash_58a684cc66d24121
material,d#hash_5a146b364538fb3b
material,d#ei/gfx_smk_tendril_1_distort
material,d#hash_5ab4fb16a3e95ee9
material,d#hash_5be231f48812c869
material,d#hash_5be9a4ca06ca60ab
material,d#hash_5be9a5ca06ca625e
material,d#hash_5be9a6ca06ca6411
material,d#hash_5bf856a2f6d22754
material,d#hash_5c0b477b299c0403
material,d#hash_5c0b487b299c05b6
material,d#hash_5c66568c092319c9
material,d#hash_5cdffcba47046e8a
material,d#hash_5d14f43966ff1669
material,d#hash_5d2d5e571b81e478
material,d#hash_5d2d5f571b81e62b
material,d#hash_5d2d63571b81ecf7
material,d#hash_5d2d64571b81eeaa
material,d#hash_5d2d65571b81f05d
material,d#hash_5e1d39de343ec3b7
material,d#hash_5ee3017a608c3cd5
material,d#hash_5ef2e220533e59f8
material,d#hash_5f93fcab4171413c
material,d#hash_5fa6d524e63337d4
material,d#mc/mtl_t8_camo_dlc3_assassin_alt
material,d#hash_619fe7b8d834c18c
material,d#mc/mtl_p7_mou_clock_wall_back
material,d#vd/gfx_decal_bullet_concrete_03
material,d#vd/gfx_decal_bullet_concrete_02
material,d#vd/gfx_decal_bullet_concrete_01
material,d#hash_62b9587016e27c74
material,d#hash_632d36fbb26c3e50
material,d#hash_632d37fbb26c4003
material,d#hash_632d38fbb26c41b6
material,d#hash_632d3cfbb26c4882
material,d#hash_632d3dfbb26c4a35
material,d#hash_6362db934d7d24d0
material,d#hash_6362dc934d7d2683
material,d#hash_6362e1934d7d2f02
material,d#hash_6362e2934d7d30b5
material,d#hash_641a5db6c4cea2fb
material,d#mc/mtl_attach_t8_optic_acog_ui3d
material,d#hash_646fb96173c1ead2
material,d#hash_6506fe8c6004e52f
material,d#hash_6652113a385b420e
material,d#hash_6670fc6611217597
material,d#hash_6670fd661121774a
material,d#hash_67120b60980426e9
material,d#mc/mtl_p7_mou_clock_wall_body
material,d#mc/mtl_wpn_t8_camo_requiem_alt
material,d#hash_6804a9d7b3e79481
material,d#mc/mtl_p7_mou_clock_wall_dial
material,d#mc/mtl_wpn_t8_camo_geo_gem_diamond
material,d#mc/mtl_t8_camo_gold_white
material,d#hash_68fa95be3070af8e
material,d#hash_6a4c7246cc02464b
material,d#ei/gfx_smk_whisp_anim_lit
material,d#hash_6a8464ded450f103
material,d#hash_6a8467ded450f61c
material,d#hash_6a8469ded450f982
material,d#hash_6a846aded450fb35
material,d#hash_6aee1fee5d7f8408
material,d#hash_6aee22ee5d7f8921
material,d#hash_6b62111e491dfd8b
material,d#hash_6b8f6bc95350c824
material,d#hash_6ba7fc780c8e3b81
material,d#vdd/gfx_decal_bullet_thin_metal_01
material,d#mc/mtl_attach_t8_optic_hybrid_scope_front
material,d#mc/mtl_t8_camo_gold_scroll
material,d#hash_6d061164a3f26220
material,d#hash_6d061764a3f26c52
material,d#hash_6d82e926afd63b4b
material,d#hash_6d82ee26afd643ca
material,d#hash_6d82ef26afd6457d
material,d#ei/gfx_smk_puff_light_varied
material,d#ei/gfx_gib_concrete_02_em
material,d#hash_6ebb1f8252a66bbc
material,d#vdd/gfx_decal_blood_splatter_03
material,d#vdd/gfx_decal_blood_splatter_02
material,d#hash_6ec5cb28d1c24416
material,d#mc/bullet_collision_plastic
material,d#ei/gfx_shockwave_anim_em
material,d#hash_6f0b0be8a8d5ce34
material,d#ei/gfx_gas_blur_core_thick_em
material,d#mc/mtl_t8_camo_115_alt
material,d#hash_713ee09a97c299da
material,d#hash_714f222be2e340e4
material,d#hash_72014ed4375458c5
material,d#hash_72284c0204c35502
material,d#ei/gfx_spark_blink_anim_em
material,d#hash_72559b8e1f4b35a4
material,d#hash_72559e8e1f4b3abd
material,d#mc/mtl_t8_camo_115
material,d#ei/gfx_spark_blink_anim_em_i12000
material,d#hash_741450e360ff1f3b
material,d#hash_742c605b18558bd3
material,d#mc/mtl_attach_t8_optic_acog_body
material,d#ei/gfx_gib_glass_01_lit
material,d#mc/mtl_t6_attach_optic_acog_lens
material,d#hash_746e601a2b124553
material,d#ei/gfx_water_ripple_anim_distort
material,d#hash_753a464d923ab670
material,d#hash_756d030a01393169
material,d#vdd/gfx_decal_bullet_dirt_01
material,d#mc/mtl_p7_debris_wood_splinter_med
material,d#hash_7593e326f8aee43b
material,d#el/gfx_smk_trail_billow_lit_no_grf
material,d#hash_761e5b04a4546d90
material,d#vd/gfx_decal_foam
material,d#hash_76df44912ea21134
material,d#hash_772d95c053875fd4
material,d#hash_779345c17f99a72e
material,d#hash_779347c17f99aa94
material,d#hash_779348c17f99ac47
material,d#hash_77934ac17f99afad
material,d#mc/mtl_attach_t8_optic_red_dot_lens
material,#mc/mtl_p8_screen_tactical_artic_01
material,d#mc/mtl_attach_t8_optic_red_dot_lens_opaque
material,d#ei/gfx_smk_whisp_anim_02_lit
material,d#hash_78e6fd6fb19a38ea
material,d#vdd/gfx_decal_bullet_concrete_01
material,d#vdd/gfx_decal_bullet_concrete_03
material,d#vdd/gfx_decal_bullet_concrete_02
material,d#mc/mtl_attach_t7_optic_acog_inner
material,d#hash_795533cc503a80a7
material,d#hash_7970c252d8c79e52
material,d#mc/mtl_fx_shell
material,d#hash_79e1689d75dd14f8
material,d#hash_79e16a9d75dd185e
material,d#hash_79e16b9d75dd1a11
material,d#mc/mtl_attach_t8_optic_hybrid_body
material,d#hash_7b2f531966a0eb65
material,d#hash_7c5478e367c98468
material,d#hash_7c748b6852c13600
material,d#hash_7c748c6852c137b3
material,d#hash_7c74916852c14032
material,d#mc/mtl_attach_t8_optic_mms_back
material,d#hash_7cd5f99eb5066a88
material,d#hash_7d0e92a449d967fa
material,d#hash_7d29574a52510ec5
material,d#hash_7db5bf4bc3b9a193
material,d#ei/gfx_spark_single_em
gesture,d#ges_prone_to_crouch
gesture,d#ges_slide
gesture,d#ges_crouch_to_prone
gesture,d#ges_mantle
sharedweaponsounds,d#rifle
impactsoundstable,d#bullet_impact
impactsoundstable,d#hash_1f8c37cb2cf6c55c
impactsoundstable,d#bullet_exit
scriptbundle,d#loot_shotgun_pump_mk2_bribe
scriptbundle,d#camo_active_sig_sniper_fastrechamber_western_base_bribe
scriptbundle,d#special_crossbow_t8_bribe
scriptbundle,d#sniper_mini14_t8_bribe_free
scriptbundle,d#loot_smg_burst_mk2_bribe
scriptbundle,#loot_smg_fastfire_mk2_bribe_free
scriptbundle,#loot_ar_standard_mk2_bribe_free
scriptbundle,d#camo_active_sig_pistol_fullauto_arcade_base_bribe
scriptbundle,d#weapon_bribe
scriptbundle,#smg_fastburst_t8_bribe_free
scriptbundle,d#loot_tr_flechette_mk2_bribe
scriptbundle,#sniper_damagesemi_t8_bribe_free
scriptbundle,#sniper_locus_t8_bribe_free
scriptbundle,d#crate
scriptbundle,#loot_smg_burst_mk2_bribe_free
scriptbundle,#ar_an94_t8_bribe_free
scriptbundle,d#loot_ar_stealth_mk2_bribe
scriptbundle,d#sniper_damagesemi_t8_bribe
scriptbundle,#ar_peacekeeper_t8_bribe_free
scriptbundle,#tr_flechette_t8_bribe_free
scriptbundle,d#smg_folding_t8_bribe_free
scriptbundle,d#camo_active_sig_tr_flechette_rivermonster_base_bribe
scriptbundle,d#loot_dlc_full_autoshotgun_mk2_bribe
scriptbundle,d#camo_active_sig_shotgun_fullauto_construction_base_bribe
scriptbundle,d#ar_doublebarrel_t8_bribe
scriptbundle,d#shotgun_fullauto_t8_bribe
scriptbundle,#special_crossbow_t8_bribe_free
scriptbundle,d#pistol_fullauto_t8_bribe_free
scriptbundle,d#shotgun_precision_t8_bribe
scriptbundle,#smg_minigun_t8_bribe_free
scriptbundle,#special_ballisticknife_t8_dw_bribe_free
scriptbundle,#camo_active_sig_pistol_revolver_cyberpunk_base_bribe_free
scriptbundle,#melee_amuletfist_t8_bribe_free
scriptbundle,d#loot_pistol_revolver_mk2_bribe
scriptbundle,#loot_lmg_heavy_mk2_bribe_free
scriptbundle,d#loot_ar_standard_mk2_bribe
scriptbundle,d#functional_dlc_bribe
scriptbundle,#loot_smg_capacity_mk2_bribe_free
scriptbundle,#camo_active_sig_shotgun_fullauto_construction_base_bribe_free
scriptbundle,#smg_vmp_t8_bribe_free
scriptbundle,d#monthly_functional_bribe
scriptbundle,d#Case
scriptbundle,d#special_ballisticknife_t8_dw_bribe
scriptbundle,d#bribe_menu_asset
scriptbundle,#camo_active_sig_pistol_fullauto_arcade_base_bribe_free
scriptbundle,#loot_lmg_mark_48_seal_mk2_bribe_free
scriptbundle,d#lmg_stealth_t8_bribe
scriptbundle,#loot_shotgun_semi_sig_01_bribe_free
scriptbundle,#loot_smg_handling_mk2_bribe_free
scriptbundle,d#smg_minigun_t8_bribe
scriptbundle,d#loot_pistol_fullauto_mk2_bribe
scriptbundle,#loot_ar_damage_mk2_bribe_free
scriptbundle,d#loot_smg_capacity_mk2_bribe
scriptbundle,d#loot_dlc_breifcase_smg_mk2_bribe
scriptbundle,d#tr_damageburst_t8_bribe
scriptbundle,d#loot_ar_damage_mk2_bribe
scriptbundle,d#smg_fastburst_t8_bribe
scriptbundle,d#camo_active_sig_ar_standard_adventure_base_bribe
scriptbundle,d#melee_amuletfist_t8_bribe
scriptbundle,d#smg_vmp_t8_bribe
scriptbundle,#loot_ar_stealth_mk2_bribe_free
scriptbundle,d#camo_active_sig_pistol_revolver_cyberpunk_base_bribe
scriptbundle,#loot_shotgun_pump_mk2_bribe_free
scriptbundle,#tr_damageburst_t8_bribe_free
scriptbundle,d#ar_standard_t8_bribe
scriptbundle,d#loot_lmg_mark_48_seal_mk2_bribe
scriptbundle,d#sniper_locus_t8_bribe
scriptbundle,d#loot_lmg_heavy_mk2_bribe
scriptbundle,d#sniper_mini14_t8_bribe
scriptbundle,#loot_dlc_mini_14_mk2_bribe_free
scriptbundle,d#ar_peacekeeper_t8_bribe
scriptbundle,#camo_active_sig_pistol_burst_raven_base_bribe_free
scriptbundle,d#lmg_stealth_t8_bribe_free
scriptbundle,d#loot_smg_handling_mk2_bribe
scriptbundle,#camo_active_sig_sniper_fastrechamber_western_base_bribe_free
scriptbundle,#loot_ar_peacekeeper_mk2_bribe_free
scriptbundle,#loot_dlc_breifcase_smg_mk2_bribe_free
scriptbundle,#shotgun_precision_t8_bribe_free
scriptbundle,#camo_active_sig_ar_standard_adventure_base_bribe_free
scriptbundle,d#loot_ar_peacekeeper_mk2_bribe
scriptbundle,#loot_dlc_full_autoshotgun_mk2_bribe_free
scriptbundle,d#tr_flechette_t8_bribe
scriptbundle,#loot_smg_fastfire_mk2_bribe
scriptbundle,#camo_active_sig_tr_flechette_rivermonster_base_bribe_free
scriptbundle,d#no_dupe_crate
scriptbundle,d#loot_shotgun_semi_sig_01_bribe
scriptbundle,#loot_pistol_revolver_mk2_bribe_free
scriptbundle,#loot_sniper_quickscope_mk2_bribe_free
scriptbundle,d#half_off_no_dupe_crate
scriptbundle,#camo_active_sig_ar_modular_porcelain_base_bribe_free
scriptbundle,d#ar_an94_t8_bribe
scriptbundle,d#camo_active_sig_ar_modular_porcelain_base_bribe
scriptbundle,d#pistol_fullauto_t8_bribe
scriptbundle,#loot_tr_flechette_mk2_bribe_free
scriptbundle,#loot_pistol_fullauto_mk2_bribe_free
scriptbundle,d#camo_active_sig_pistol_burst_raven_base_bribe
scriptbundle,d#loot_sniper_quickscope_mk2_bribe
scriptbundle,d#promo_no_dupe_crate
scriptbundle,#camo_active_sig_smg_fastburst_diy_base_bribe_free
scriptbundle,d#smg_folding_t8_bribe
scriptbundle,d#loot_dlc_mini_14_mk2_bribe
scriptbundle,d#ar_standard_t8_bribe_free
scriptbundle,d#camo_active_sig_smg_fastburst_diy_base_bribe
scriptbundle,#ar_doublebarrel_t8_bribe_free
scriptbundle,d#shotgun_fullauto_t8_bribe_free
storeproduct,#hash_15d37488611d364
storeproduct,#mpdlc1
storeproduct,#mpdlc3
storeproduct,#mpdlc2
storeproduct,#mpdlc5
storeproduct,#mpdlc4
storeproduct,#hash_3e91a8e28e30108
storeproduct,#hash_3f24eb323e8b440
storeproduct,#blackopspass
storeproduct,#hash_158622d13ff5db32
storeproduct,#bo4dde
storeproduct,#hash_1e47635046147813
storeproduct,#mw4game
storeproduct,#zombiesdlc0
storeproduct,#hash_255d2e866e3ddc97
storeproduct,#cp9500
storeproduct,#hash_2a93e67ff169d892
storeproduct,#hash_2edae5f46a3b7f5f
storeproduct,#hash_33252cc4cf2bf2be
storeproduct,#hash_3629fa6a15b5c782
storeproduct,#cp2400
storeproduct,#hash_40c372c02844f430
storeproduct,#zmdlc1
storeproduct,#zmdlc3
storeproduct,#zmdlc2
storeproduct,#zmdlc4
storeproduct,#hash_4991a7de79cefc0b
storeproduct,#hash_4d26aad8d082eee3
storeproduct,#cp13000
storeproduct,#hash_583953d8f4c2afaa
storeproduct,#hash_5c84c2910c186cbc
storeproduct,#cp1100
storeproduct,#prestige_token
storeproduct,#cp500
storeproduct,#hash_6c0e436a2a302912
storeproduct,#cp200
storeproduct,#hash_6dea0086f1a1a211
storeproduct,#hash_75215423145b951e
storeproduct,#cp5000
physpreset,d#brick
xmodel,d#attach_t8_charm_base
xmodel,d#wpn_t8_sniper_semiauto_view
xmodel,d#attach_t8_optic_acog_ads
xmodel,d#hash_b3097af7b545b1a
xmodel,d#p8_fxp_fluid_tendril_2_water
xmodel,d#wpn_t8_sniper_semiauto_world
xmodel,#p7_mou_clock_wall_hour_hand
xmodel,d#p8_fxp_fluid_splash_mud
xmodel,d#fx_rifle_shell
xmodel,d#attach_t8_optic_mms_view
xmodel,d#attach_t8_optic_holo_view
xmodel,#p7_mou_clock_wall_minute_hand
xmodel,d#wpn_t8_sniper_semiauto_scope_ads_view
xmodel,d#attach_t8_loot_sniper_semiauto_fast_mag_world
xmodel,d#attach_t8_loot_sniper_semiauto_hical_02_view
xmodel,d#fx_char_gib_chunk_flesh02
xmodel,d#fx_char_gib_chunk_flesh03
xmodel,#p7_mou_clock_wall_second_hand
xmodel,d#attach_t8_loot_sniper_semiauto_stock_view
xmodel,d#p8_fxp_fluid_splash_blood
xmodel,d#wpn_t8_sniper_semiauto_scope_view
xmodel,d#attach_t8_optic_holo_world
xmodel,#p7_mou_clock_wall
xmodel,d#p7_debris_rockychunks_small_01
xmodel,d#p7_debris_rockychunks_small_12
xmodel,d#hash_300285040f3ffd4d
xmodel,d#attach_t8_loot_sniper_semiauto_grip_world
xmodel,d#hash_35477038e34f5c7b
xmodel,d#attach_t8_loot_sniper_semiauto_hical_01_view
xmodel,d#p8_fxp_fluid_droplet_blood
xmodel,#p8_screen_tactical_artic_01
xmodel,d#p7_gib_chunk_flesh_01
xmodel,d#p7_gib_chunk_flesh_03
xmodel,d#p7_gib_chunk_flesh_02
xmodel,d#p8_fxp_fluid_tendril_1_water
xmodel,d#attach_t8_loot_sniper_semiauto_foregrip_view
xmodel,d#attach_t8_optic_mms_world
xmodel,d#p7_gib_chunk_bone_01
xmodel,d#p7_gib_chunk_bone_03
xmodel,d#p7_gib_chunk_bone_02
xmodel,d#hash_4306a2f5898cfe40
xmodel,d#attach_t8_optic_mms_ads
xmodel,d#attach_t8_optic_acog_view
xmodel,d#attach_t8_loot_sniper_semiauto_hical_02_world
xmodel,d#hash_4d4f73a49688d33c
xmodel,d#fx_char_gib_chunk_bone03
xmodel,d#hash_4d4f76a49688d855
xmodel,d#wpn_t8_sniper_semiauto_scope_world
xmodel,d#attach_t8_optic_red_dot_world
xmodel,d#hash_580422fbb60e4757
xmodel,d#hash_587a36b391235c2a
xmodel,d#wpn_t8_sniper_semiauto_mag_view
xmodel,d#p7_gib_chunk_meat_01
xmodel,d#p7_gib_chunk_meat_02
xmodel,d#p7_gib_chunk_meat_03
xmodel,d#attach_t8_optic_red_dot_ads
xmodel,d#p8_fxp_fluid_droplet_mud
xmodel,d#p7_fxp_debris_rock_01
xmodel,d#p7_fxp_debris_rock_02
xmodel,d#p7_fxp_debris_rock_03
xmodel,d#p7_fxp_debris_car_glass_shatter_02
xmodel,d#p7_fxp_debris_car_glass_shatter_03
xmodel,d#p7_fxp_debris_car_glass_shatter_01
xmodel,d#p7_fxp_debris_wood_splinter_02
xmodel,d#p7_fxp_debris_wood_splinter_03
xmodel,d#p7_fxp_debris_wood_splinter_01
xmodel,d#wpn_t8_sniper_semiauto_bullet_01_view
xmodel,d#p8_fxp_fluid_droplet_water
xmodel,d#attach_t8_optic_red_dot_view
xmodel,d#attach_t8_loot_sniper_semiauto_stock_world
xmodel,d#attach_t8_loot_sniper_semiauto_grip_view
xmodel,d#attach_t8_loot_sniper_semiauto_hical_01_world
xmodel,d#attach_t8_loot_sniper_semiauto_fmj_world
xmodel,d#attach_t8_loot_sniper_semiauto_foregrip_world
xmodel,d#wpn_t8_sniper_semiauto_mag_world
xmodel,d#attach_t8_loot_sniper_semiauto_fmj_view
xmodel,d#attach_t8_optic_acog_world
xmodel,d#attach_t8_loot_sniper_semiauto_fast_mag_view
xmodel,d#fx_rifle_shell_blur
fx,d#hash_9c8c94c783c89b
fx,d#hash_a3f770be5e86a1
fx,d#hash_1ea86e8974e8c45
fx,d#hash_31f65eba490b4bb
fx,d#impacts/fx_bul_impact_heavy_head_nonfatal_exit
fx,d#impacts/fx_bul_impact_default_uw_sm
fx,d#impacts/fx_bul_impact_boss_body_nonfatal_exit
fx,d#impacts/fx_bul_impact_boss_body_nonfatal
fx,d#hash_e52e3fa45a13512
fx,d#hash_f8df4e0d58ea786
fx,d#hash_13a1ec1d5c96a148
fx,d#hash_13db842e8f7d2d2f
fx,d#hash_15b4f4be2b69464a
fx,d#hash_15c23a7972da9fdc
fx,d#blood/fx_blood_decal_impact_ground
fx,d#hash_16404c27d72c72d3
fx,d#hash_16f59ea7dd100643
fx,d#hash_18f27b1c327d01ec
fx,d#hash_1a110c5be995fe58
fx,d#hash_1a110d5be996000b
fx,d#hash_1a110f5be9960371
fx,d#impacts/fx_bul_impact_boss_body_fatal
fx,d#hash_1b7940f62c56793a
fx,d#hash_1bdb46f62ca94dc7
fx,d#hash_1c2d4acb7998f7f5
fx,d#hash_1c5c479e58e12b37
fx,d#hash_1ca729bc37a4212d
fx,d#impacts/fx_bul_impact_heavy_head_fatal_exit
fx,d#hash_23fdcf1e0d4ffeeb
fx,d#impacts/fx_bul_impact_boss_head_nonfatal_exit
fx,d#impacts/fx_bul_impact_boss_head_nonfatal
fx,d#impacts/fx_bul_impact_heavy_body_nonfatal_exit
fx,d#hash_32e93bdd09611a58
fx,d#hash_340f07cef1e065e9
fx,d#hash_353972973713db01
fx,d#hash_366da3968e1611fe
fx,d#hash_3a4705f10d2dd068
fx,d#hash_3c501ea0c64b9112
fx,d#hash_43160181273732c9
fx,d#hash_431e6e31fbc09994
fx,d#hash_44aa12f1e8cebe8a
fx,d#hash_4648a6c2c5ebc58e
fx,d#hash_46599cc2c5fa27c3
fx,d#hash_468595ecc1b3a341
fx,d#impacts/fx_bul_impact_heavy_body_fatal_exit
fx,d#impacts/fx_bul_impact_blood_body_fatal_uw
fx,d#impacts/fx_bul_impact_boss_head_fatal
fx,d#impacts/fx_bul_impact_robot_body_nonfatal
fx,d#hash_4d9500738747ecb0
fx,d#hash_4e3dc7da8f681079
fx,d#hash_4e40eada8f6a81c9
fx,d#hash_4e55cdda8f7cac8c
fx,d#impacts/fx_bul_impact_body_armor_lg
fx,d#hash_4f98c0d545af9342
fx,d#impacts/fx_bul_impact_armor_body_nonfatal_exit
fx,d#hash_51fb156aa297b6f6
fx,d#hash_536f515466a2fe90
fx,d#hash_5570cc7366377996
fx,d#impacts/fx_bul_impact_metal_uw_xsm
fx,d#hash_5bd5525bca7d9ce8
fx,d#hash_5c73f4f5f3d2ac5e
fx,d#hash_5c73fef5f3d2bd5c
fx,d#hash_5eb4f466cbe7d5f9
fx,d#hash_646e026a6282033e
fx,d#impacts/fx_bul_impact_boss_body_fatal_exit
fx,d#hash_6a038ff0114bed37
fx,d#hash_6a166da54a7761d3
fx,d#hash_6b056cabf18857aa
fx,d#hash_6ea4be838a188b25
fx,d#hash_6ea4ca838a189f89
fx,d#hash_6ea4ce838a18a655
fx,d#hash_6ea4d0838a18a9bb
fx,d#impacts/fx_bul_impact_boss_head_fatal_exit
fx,d#weapon/fx_trail_fake_bullet
fx,d#hash_742abec5fd11ba4d
fx,d#hash_7430aac5fd1603ff
fx,d#hash_7650ae3d37df58a2
fx,d#hash_78be4c0edf0119d2
fx,d#blood/fx_blood_decal_impact_ground_sm
fx,d#impacts/fx_bul_impact_blood_head_fatal_uw
scriptbundlelist,#bribelist
beam,d#hash_9afe8ee098ebe30
renderoverridebundle,d#rob_wrapper
renderoverridebundle,d#rob_headshot
storecategory,#mpdlc
storecategory,#zmdlc
storecategory,#code
storecategory,#codpoints
storecategory,#cross_title
storecategory,#featured
storecategory,#common_pc
xanim,d#hash_a1dc1dd184f6e63
xanim,d#hash_1d50c80fc771c952
xanim,d#vm_sniper_damagesemi_reload_in
xanim,d#hash_7229ea1dd4a05559
xanim,d#hash_7229f01dd4a05f8b
xanim,d#hash_7229f41dd4a06657
xanim,d#hash_722a041dd4a08187
xmodel,d#fx_debris_stone_01
fx,d#hash_3df9418864f08e6
fx,d#hash_ffe98ef7723c875
fx,d#impacts/fx8_bul_impact_metal_sm
fx,d#impacts/fx8_bul_impact_metal_lg
fx,d#hash_130179c0c53b5b7f
fx,d#hash_152889f0baed8597
fx,d#hash_19a0710274b585f0
fx,d#hash_19b1b5423e4b2dc0
fx,d#hash_1a52c3d93a368411
fx,d#impacts/fx_bul_impact_heavy_head_fatal
fx,d#impacts/fx_bul_impact_armor_head_nonfatal
fx,d#hash_1df2cd45565d5db3
fx,d#impacts/fx_bul_impact_armor_head_fatal
fx,d#hash_1fc23546b2f1537b
fx,d#impacts/fx_bul_impact_blood_body_fatal
fx,d#hash_22a28243e6e34fe5
fx,d#hash_235ef4d7772cb115
fx,d#hash_248afd498edf55f3
fx,d#impacts/fx_bul_impact_armor_body_fatal
fx,d#hash_269e23f93ed2a73b
fx,d#hash_27604ee16fb27e93
fx,d#hash_27ae48e16ff495b2
fx,d#hash_292665b1a78d5f6e
fx,d#hash_2db874adacf534fa
fx,d#hash_310ef51cd2776dbf
fx,d#impacts/fx_bul_impact_default_sm
fx,d#hash_3366ec5ecfaa3b8c
fx,d#hash_336df85ecfb06e9e
fx,d#impacts/fx_bul_impact_heavy_body_nonfatal
fx,d#hash_35bb5ad9e67960de
fx,d#impacts/fx_bul_impact_snow_sm
fx,d#hash_38e3c2c9515d1037
fx,d#hash_3ab47033120bf35e
fx,d#hash_3eae34c167754f42
fx,d#impacts/fx_bul_impact_armor_body_fatal_exit
fx,d#hash_40c66c5756348558
fx,d#impacts/fx_bul_impact_armor_head_fatal_exit
fx,d#impacts/fx_bul_impact_armor_body_nonfatal
fx,d#impacts/fx_bul_impact_heavy_head_nonfatal
fx,d#hash_51e0c1182580add0
fx,d#hash_5206af13a37e379a
fx,d#hash_53cd47396276ff09
fx,d#impacts/fx_bul_impact_heavy_body_fatal
fx,d#hash_5a6f7c4ffced5320
fx,d#impacts/fx_bul_impact_armor_head_nonfatal_exit
fx,d#hash_5f8c0dac5484812f
fx,d#hash_60778bd1154fe651
fx,d#hash_60b0c8140eef8798
fx,d#hash_6165701f4804bba5
fx,d#hash_62fa0f961fbad32e
fx,d#hash_63d9885b956273b0
fx,d#impacts/fx_bul_impact_blood_head_fatal
fx,d#hash_6b4a2f61b6e344b5
fx,d#hash_6d46181579ac23b3
fx,d#hash_7079c5dcf5c3d9d4
fx,d#hash_72992d25d92b26ab
fx,d#hash_733164521ce9c128
fx,d#hash_77fc0a39b7c3af7c
fx,d#hash_7b4fd920273fbcff
fx,d#hash_7c8eb8a0655e7382
fx,d#hash_7f1ad908789e51bf
tracer,d#hash_70561f677d3c0da1
tracer,d#hash_7a6c24626f115206
scriptbundle,d#activecamoinfo_t8_sig_lmg_heavy_seventies_van
scriptbundle,d#activecamoinfo_t8_sig_ar_accurate_postapocalyptic
scriptbundle,d#activecamoinfo_t8_sig_shotgun_pump_police
scriptbundle,d#activecamoinfo_t8_kill_counter_zm
scriptbundle,d#activecamoinfo_t8_kill_counter_wz
scriptbundle,d#activecamoinfo_t8_fast_direct_action_kills
scriptbundle,d#activecamoinfo_t8_kill_counter
scriptbundle,d#activecamoinfo_t8_sig_lmg_spray_venom_wz
scriptbundle,d#activecamoinfo_t8_sig_lmg_spray_venom_zm
scriptbundle,d#activecamoinfo_t8_ar_fastfire
scriptbundle,d#activecamoinfo_t8_sig_smg_capacity_spaceshuttle_wz
scriptbundle,d#activecamoinfo_t8_sig_smg_capacity_spaceshuttle_zm
scriptbundle,d#activecamoinfo_t8_smg_standard_wz
scriptbundle,d#activecamoinfo_t8_smg_standard_zm
scriptbundle,d#activecamoinfo_t8_fast_direct_action_kills_symbiosis
scriptbundle,d#activecamoinfo_t8_sig_smg_fastfire_voyage_zm
scriptbundle,d#activecamoinfo_t8_sig_smg_fastfire_voyage_wz
scriptbundle,d#activecamoinfo_t8_direct_action_kills_solarflare
scriptbundle,d#activecamoinfo_t8_direct_action_kills_zombie_flick
scriptbundle,d#activecamoinfo_t8_darkmatter_wz
scriptbundle,d#activecamoinfo_t8_darkmatter_zm
scriptbundle,d#activecamoinfo_t8_smg_accurate_wz
scriptbundle,d#activecamoinfo_t8_smg_accurate_zm
scriptbundle,d#activecamoinfo_t8_direct_action_kills_alt_zm
scriptbundle,d#activecamoinfo_t8_direct_action_kills_alt_wz
scriptbundle,d#activecamoinfo_t8_sig_pistol_fullauto_arcade
scriptbundle,d#activecamoinfo_t8_direct_action_kills_wz
scriptbundle,d#activecamoinfo_t8_direct_action_kills_zm
scriptbundle,d#activecamoinfo_t8_sig_sniper_powerbolt_viking
scriptbundle,d#activecamoinfo_t8_kills_without_dying_retro_vegas_neon
scriptbundle,d#activecamoinfo_t8_ar_accurate
scriptbundle,d#activecamoinfo_t8_take_it_personally
scriptbundle,d#activecamoinfo_t8_sig_shotgun_pump_police_zm
scriptbundle,d#activecamoinfo_t8_sig_shotgun_pump_police_wz
scriptbundle,d#activecamoinfo_t8_sig_lmg_heavy_seventies_van_wz
scriptbundle,d#activecamoinfo_t8_sig_lmg_heavy_seventies_van_zm
scriptbundle,d#activecamoinfo_t8_sig_tr_longburst_scrimshaw_zm
scriptbundle,d#activecamoinfo_t8_sig_tr_longburst_scrimshaw_wz
scriptbundle,d#activecamoinfo_t8_sig_ar_accurate_postapocalyptic_zm
scriptbundle,d#activecamoinfo_t8_sig_ar_accurate_postapocalyptic_wz
scriptbundle,d#activecamoinfo_t8_fast_direct_action_kills_spinal
scriptbundle,d#activecamoinfo_t8_pistol_standard
scriptbundle,d#activecamoinfo_t8_shotgun_semiauto_zm
scriptbundle,d#activecamoinfo_t8_shotgun_semiauto_wz
scriptbundle,d#activecamoinfo_t8_sig_smg_fastfire_voyage
scriptbundle,d#activecamoinfo_t8_sig_tr_flechette_rivermonster_wz
scriptbundle,d#activecamoinfo_t8_sig_tr_flechette_rivermonster_zm
scriptbundle,d#activecamoinfo_t8_smg_accurate
scriptbundle,d#activecamoinfo_t8_kills_without_dying_alt
scriptbundle,d#activecamoinfo_t8_gold_zm
scriptbundle,d#activecamoinfo_t8_gold_wz
scriptbundle,d#activecamoinfo_t8_sig_sniper_powerbolt_viking_zm
scriptbundle,d#activecamoinfo_t8_shotgun_semiauto
scriptbundle,d#activecamoinfo_t8_sig_sniper_powerbolt_viking_wz
scriptbundle,d#activecamoinfo_t8_sig_tr_powersemi_rustymech_zm
scriptbundle,d#activecamoinfo_t8_sig_tr_powersemi_rustymech_wz
scriptbundle,d#activecamoinfo_t8_kills_without_dying
scriptbundle,d#activecamoinfo_t8_direct_action_kills_shattered_wz
scriptbundle,d#activecamoinfo_t8_direct_action_kills_shattered_zm
scriptbundle,d#activecamoinfo_t8_sig_shotgun_fullauto_construction
scriptbundle,d#activecamoinfo_t8_sig_tr_flechette_rivermonster
scriptbundle,d#activecamoinfo_t8_objective_kills_zm
scriptbundle,d#activecamoinfo_t8_objective_kills_wz
scriptbundle,d#activecamoinfo_t8_kill_counter_party_rock_wz
scriptbundle,d#activecamoinfo_t8_kill_counter_party_rock_zm
scriptbundle,d#activecamoinfo_t8_fast_direct_action_kills_treasure_wz
scriptbundle,d#activecamoinfo_t8_fast_direct_action_kills_treasure_zm
scriptbundle,d#activecamoinfo_t8_ar_accurate_wz
scriptbundle,d#activecamoinfo_t8_ar_accurate_zm
scriptbundle,d#activecamoinfo_t8_darkmatter_classic_dark
scriptbundle,d#activecamoinfo_t8_diamond_zm
scriptbundle,d#activecamoinfo_t8_diamond_wz
scriptbundle,d#activecamoinfo_t8_fast_direct_action_kills_phased_zm
scriptbundle,d#activecamoinfo_t8_fast_direct_action_kills_phased_wz
scriptbundle,d#activecamoinfo_t8_sig_sniper_quickscope_zombies
scriptbundle,d#activecamoinfo_t8_sig_tr_midburst_bomber_wz
scriptbundle,d#activecamoinfo_t8_sig_tr_midburst_bomber
scriptbundle,d#activecamoinfo_t8_sig_tr_midburst_bomber_zm
scriptbundle,d#activecamoinfo_t8_fast_direct_action_kills_circle_slice_zm
scriptbundle,d#activecamoinfo_t8_fast_direct_action_kills_circle_slice_wz
scriptbundle,d#activecamoinfo_t8_sig_tr_longburst_scrimshaw
scriptbundle,d#activecamoinfo_t8_rapid_kills_zm
scriptbundle,d#activecamoinfo_t8_rapid_kills_wz
scriptbundle,d#activecamoinfo_t8_fast_direct_action_kills_mystic_wz
scriptbundle,d#activecamoinfo_t8_fast_direct_action_kills_mystic_zm
scriptbundle,d#activecamoinfo_t8_direct_action_kills_115
scriptbundle,d#activecamoinfo_t8_fast_direct_action_kills_spinal_wz
scriptbundle,d#activecamoinfo_t8_fast_direct_action_kills_spinal_zm
scriptbundle,d#activecamoinfo_t8_sig_ar_damage_fighter_plane_zm
scriptbundle,d#activecamoinfo_t8_sig_ar_damage_fighter_plane_wz
scriptbundle,d#activecamoinfo_t8_darkmatter
scriptbundle,d#activecamoinfo_t8_sig_smg_accurate_darkunicorn
scriptbundle,d#activecamoinfo_t8_direct_action_kills_solarflare_wz
scriptbundle,d#activecamoinfo_t8_direct_action_kills_solarflare_zm
scriptbundle,d#activecamoinfo_t8_sig_ar_damage_fighter_plane
scriptbundle,d#activecamoinfo_t8_gold_classic
scriptbundle,d#activecamoinfo_t8_sig_ar_modular_faberge_wz
scriptbundle,d#activecamoinfo_t8_sig_ar_modular_faberge_zm
scriptbundle,d#activecamoinfo_t8_sig_sniper_powersemi_vietnam_zm
scriptbundle,d#activecamoinfo_t8_sig_sniper_powersemi_vietnam_wz
scriptbundle,d#activecamoinfo_t8_kills_without_dying_retro_vegas_neon_wz
scriptbundle,d#activecamoinfo_t8_kills_without_dying_retro_vegas_neon_zm
scriptbundle,d#activecamoinfo_t8_direct_action_kills_brains_zm
scriptbundle,d#activecamoinfo_t8_direct_action_kills_brains_wz
scriptbundle,d#activecamoinfo_t8_showstopper
scriptbundle,d#activecamoinfo_t8_sig_pistol_burst_raven_zm
scriptbundle,d#activecamoinfo_t8_sig_pistol_burst_raven_wz
scriptbundle,d#activecamoinfo_t8_lmg_standard
scriptbundle,d#activecamoinfo_t8_rapid_kills
scriptbundle,d#activecamoinfo_t8_sig_ar_stealth_vampire
scriptbundle,d#activecamoinfo_t8_sig_smg_fastburst_diy
scriptbundle,d#activecamoinfo_t8_pistol_standard_zm
scriptbundle,d#activecamoinfo_t8_pistol_standard_wz
scriptbundle,d#activecamoinfo_t8_headshot
scriptbundle,d#activecamoinfo_t8_sig_smg_accurate_darkunicorn_wz
scriptbundle,d#activecamoinfo_t8_sig_smg_accurate_darkunicorn_zm
scriptbundle,d#activecamoinfo_t8_gold
scriptbundle,d#activecamoinfo_t8_sig_smg_capacity_spaceshuttle
scriptbundle,d#activecamoinfo_t8_sig_smg_handling_hunter_wz
scriptbundle,d#activecamoinfo_t8_sig_smg_handling_hunter_zm
scriptbundle,d#activecamoinfo_t8_sig_tr_powersemi_rustymech
scriptbundle,d#activecamoinfo_t8_sig_ar_standard_adventure_zm
scriptbundle,d#activecamoinfo_t8_sig_ar_standard_adventure_wz
scriptbundle,d#activecamoinfo_t8_direct_action_kills_zombie_flick_zm
scriptbundle,d#activecamoinfo_t8_direct_action_kills_zombie_flick_wz
scriptbundle,d#activecamoinfo_t8_sig_pistol_revolver_cyberpunk
scriptbundle,d#activecamoinfo_t8_fast_direct_action_kills_apb
scriptbundle,d#activecamoinfo_t8_direct_action_kills_fractalflames_wz
scriptbundle,d#activecamoinfo_t8_direct_action_kills_fractalflames_zm
scriptbundle,d#activecamoinfo_t8_diamond
scriptbundle,d#activecamoinfo_t8_sig_pistol_fullauto_arcade_zm
scriptbundle,d#activecamoinfo_t8_sig_pistol_fullauto_arcade_wz
scriptbundle,d#activecamoinfo_t8_direct_action_kills_celestial
scriptbundle,d#activecamoinfo_t8_kill_counter_party_rock
scriptbundle,d#activecamoinfo_t8_direct_action_kills_fractalflames
scriptbundle,d#activecamoinfo_t8_showstopper_wz
scriptbundle,d#activecamoinfo_t8_showstopper_zm
scriptbundle,d#activecamoinfo_t8_sig_ar_standard_adventure
scriptbundle,d#activecamoinfo_t8_lmg_standard_wz
scriptbundle,d#activecamoinfo_t8_lmg_standard_zm
scriptbundle,d#activecamoinfo_t8_direct_action_kills_brains
scriptbundle,d#activecamoinfo_t8_objective_kills
scriptbundle,d#activecamoinfo_t8_sig_smg_handling_hunter
scriptbundle,d#activecamoinfo_t8_direct_action_kills_115_zm
scriptbundle,d#activecamoinfo_t8_direct_action_kills_115_wz
scriptbundle,d#activecamoinfo_t8_sig_pistol_burst_raven
scriptbundle,d#activecamoinfo_t8_kills_without_dying_wz
scriptbundle,d#activecamoinfo_t8_kills_without_dying_zm
scriptbundle,d#activecamoinfo_t8_ar_fastfire_zm
scriptbundle,d#activecamoinfo_t8_sig_pistol_revolver_cyberpunk_wz
scriptbundle,d#activecamoinfo_t8_sig_pistol_revolver_cyberpunk_zm
scriptbundle,d#activecamoinfo_t8_ar_fastfire_wz
scriptbundle,d#activecamoinfo_t8_sig_shotgun_fullauto_construction_zm
scriptbundle,d#activecamoinfo_t8_sig_shotgun_fullauto_construction_wz
scriptbundle,d#activecamoinfo_t8_direct_action_kills_celestial_zm
scriptbundle,d#activecamoinfo_t8_fast_direct_action_kills_circle_slice
scriptbundle,d#activecamoinfo_t8_direct_action_kills_celestial_wz
scriptbundle,d#activecamoinfo_t8_sig_sniper_fastrechamber_western
scriptbundle,d#activecamoinfo_t8_fast_direct_action_kills_phased
scriptbundle,d#activecamoinfo_t8_sig_ar_modular_porcelain_wz
scriptbundle,d#activecamoinfo_t8_sig_ar_modular_porcelain_zm
scriptbundle,d#activecamoinfo_t8_fast_direct_action_kills_apb_wz
scriptbundle,d#activecamoinfo_t8_fast_direct_action_kills_apb_zm
scriptbundle,d#activecamoinfo_t8_darkmatter_classic_red
scriptbundle,d#activecamoinfo_t8_diamond_classic
scriptbundle,d#activecamoinfo_t8_sig_lmg_spray_venom
scriptbundle,d#activecamoinfo_t8_sig_smg_fastburst_diy_wz
scriptbundle,d#activecamoinfo_t8_sig_smg_fastburst_diy_zm
scriptbundle,d#activecamoinfo_t8_direct_action_kills_alt
scriptbundle,d#activecamoinfo_t8_smg_standard
scriptbundle,d#activecamoinfo_t8_direct_action_kills
scriptbundle,d#activecamoinfo_t8_fast_direct_action_kills_treasure
scriptbundle,d#activecamoinfo_t8_sig_sniper_fastrechamber_western_zm
scriptbundle,d#activecamoinfo_t8_sig_sniper_fastrechamber_western_wz
scriptbundle,d#activecamoinfo_t8_cyberpunk
scriptbundle,d#activecamoinfo_t8_headshot_alt
scriptbundle,d#activecamoinfo_t8_sig_sniper_quickscope_zombies_zm
scriptbundle,d#activecamoinfo_t8_sig_sniper_quickscope_zombies_wz
scriptbundle,d#activecamoinfo_t8_sig_ar_stealth_vampire_zm
scriptbundle,d#activecamoinfo_t8_sig_ar_stealth_vampire_wz
scriptbundle,d#activecamoinfo_t8_headshot_zm
scriptbundle,d#activecamoinfo_t8_sig_ar_modular_porcelain
scriptbundle,d#activecamoinfo_t8_headshot_wz
scriptbundle,d#activecamoinfo_t8_take_it_personally_wz
scriptbundle,d#activecamoinfo_t8_take_it_personally_zm
scriptbundle,d#activecamoinfo_t8_sig_ar_modular_faberge
scriptbundle,d#activecamoinfo_t8_fast_direct_action_kills_mystic
scriptbundle,d#activecamoinfo_t8_fast_direct_action_kills_zm
scriptbundle,d#activecamoinfo_t8_fast_direct_action_kills_wz
scriptbundle,d#activecamoinfo_t8_sig_sniper_powersemi_vietnam
scriptbundle,d#activecamoinfo_t8_fast_direct_action_kills_symbiosis_zm
scriptbundle,d#activecamoinfo_t8_fast_direct_action_kills_symbiosis_wz
scriptbundle,d#activecamoinfo_t8_kills_without_dying_alt_zm
scriptbundle,d#activecamoinfo_t8_kills_without_dying_alt_wz
scriptbundle,d#activecamoinfo_t8_headshot_alt_wz
scriptbundle,d#activecamoinfo_t8_headshot_alt_zm
scriptbundle,d#activecamoinfo_t8_direct_action_kills_shattered
scriptbundle,d#activecamoinfo_t8_cyberpunk_wz
scriptbundle,d#activecamoinfo_t8_cyberpunk_zm
beam,d#hash_2e52ed43964d0a3d
storecategorylist,#storecategorylist
gesture,d#ges_swim_idle
weaponcamo,d#hash_42bebbdac93d2816
fx,d#hash_27ab9f53ab5e1a9
fx,d#hash_3613e307817774e
fx,d#hash_385fe4c617b1654
fx,d#hash_3cdd15dd82907e2
fx,d#hash_46af5a322807599
fx,d#hash_4b78f913268b146
fx,d#hash_72f53865aa0e0ba
fx,d#impacts/fx_bul_impact_pwr_armor_lg
fx,d#hash_a7e2ba1f3c54368
fx,d#hash_d08255009224467
fx,d#hash_122f2f174842806a
fx,d#hash_14971fcbd7cf0617
fx,d#hash_1c41eb5b24d1b60c
fx,d#hash_1de713cf59408ea0
fx,d#hash_1f1e406285850459
fx,d#hash_2ac76401c09e68f0
fx,d#hash_36b184430cda10e1
fx,d#hash_3ba563d9d55f80bf
fx,d#hash_3f23b5b260e5ab41
fx,d#hash_3fafdeb8f1b50f84
fx,d#hash_3fdf258f8d653b84
fx,d#hash_429faab3477857e0
fx,d#hash_42f87c8b26c6f0c2
fx,d#hash_43be9752f58d3189
fx,d#hash_45e57e8fc6d61c03
fx,d#hash_46dfab01138c11fb
fx,d#hash_474f486fecfa8c4e
fx,d#hash_527582018254cdd3
fx,d#hash_5339af87b1ad0da7
fx,d#hash_550b0b801a28ad7f
fx,d#hash_559f62cdede2d4be
fx,d#hash_5aa886d21e284bdb
fx,d#hash_5dff92ad5af8a4e0
fx,d#hash_61e9d709a09b7c5f
fx,d#hash_62cdf132c17d42f6
fx,d#hash_62eef8169730f981
fx,d#hash_63023c54469bbc06
fx,d#hash_65c08d5ea29c6c18
fx,d#hash_70cd08e0692e60f1
fx,d#hash_718be1f8e63a5544
fx,d#hash_7243ee8129521697
fx,d#hash_72ed0fd388f8051e
fx,d#hash_7c78db56355916d9
tracer,d#hash_68773dde12cceee7
attachmentunique,d#hash_b45e258dfbfeb18
attachmentunique,d#hash_ea8f670fa2dff90
attachmentunique,d#hash_19b19c0d07795b4a
attachmentunique,d#hash_1af2b8968ce75486
attachmentunique,d#hash_230ab7d3967d6c51
attachmentunique,d#hash_3ec7d8f58fae86fc
attachmentunique,d#hash_3ef34c2097a40507
attachmentunique,d#hash_481bdbcd5aa909ef
attachmentunique,d#hash_4b1965ec3068bbcd
attachmentunique,d#hash_53e917937e298100
attachmentunique,d#hash_55ea71a3ccf513ef
attachmentunique,d#hash_584ed206fe9288a3
attachmentunique,d#hash_589770c62ec8a4e7
attachmentunique,d#hash_5feffc58c732ae46
attachmentunique,d#hash_6995905e2b2dbf4e
attachmentunique,d#hash_6ad265b36c445938
attachmentunique,d#hash_6d2e82fb80a6817a
attachmentunique,d#hash_6d600a37861051a1
attachmentunique,d#hash_7b1ff4f3088eca88
fx,d#hash_3b52862cbfae664
fx,d#hash_12b26f3fa1018561
fx,d#hash_17a8557478c110ce
fx,d#hash_1847077627974c80
fx,d#hash_2494713158da09ea
fx,d#hash_33ffd8c85b4da392
fx,d#hash_3c2d31e47159de2f
fx,d#hash_3e98cf73d20c60bb
fx,d#hash_433b851d265a38a1
fx,d#hash_4c04b62047703a60
fx,d#hash_5156900b61510d36
fx,d#hash_521de69029125f63
fx,d#hash_54a4fdc179823939
fx,d#hash_551605801a32aad2
fx,d#hash_5c3ed9e96b1af7f0
fx,d#hash_63ea55c11dafa45e
fx,d#hash_6954e0e694a1f8c6
fx,d#hash_72b9f5d388cc7f57
surfacefxtable,d#surface_exit
surfacefxtable,d#surface_enter_bullet_xlarge
entityfximpacts,d#entity_exit
entityfximpacts,d#entity_enter
impactsfxtable,d#bullet_large_exit
impactsfxtable,d#bullet_xlarge_enter
weapon,#hash_138a7f8fb776b7f
weapon,#sniper_damagesemi_t8_zm
weapon,#hash_78a1824e67570a9c
