type,name
image,#ui_icon_weapons_zm_special_ballisticknife
image,#loot03_ui_icon_outfit_global_warpaint_hearts_scarlett
image,#hash_e67db93d6c8d8
image,#loot03_ui_icon_outfit_benjamins_legendary1_torque_outfit_bundle
image,#loot02_ui_icon_outfit_global_warpaint_bleeding_recon
image,#hash_1d6d0329abc40e
image,#ui_icon_weapon_melee_stopsign_render
image,#ui_icon_elixirs_licensed_contractor
image,#hash_3d652e005c2eb9
image,#ui_icon_gamemode_hardpoint_large
image,#hash_414d1d479d679b
image,#loot04_ui_icon_outfit_water_legendary1_recon
image,#loot02_ui_icon_outfit_holidays_extra_warpaint_dragon_dempsey
image,#loot04_ui_icon_outfit_global_warpaint_s4_creature_zero
image,#loot_02_ui_icon_blackmarket_stream_tr_midburst_sig_02
image,#hash_75fd49fb7e5240
image,#hash_769180e69351ee
image,#hash_7d0b48cbd2440e
image,#ui_icon_medal_victor_large
image,d#ui_icon_zm_calling_tasks_doorbuys
image,#loot04_ui_icon_outfit_summer_legendary1_torque
image,#hash_a56da83168645e
image,#hash_aa60297921ab36
image,#hash_aaae992bacc48c
image,#ui_icon_mp_paragon_t5_07_large
image,d#ui_icon_scorestreaks_helicopter_light_transport
image,#loot03_ui_icon_outfit_global_warpaint_sunglasses_scarlett
image,#ui_icon_obit_tr_powersemi
image,#hash_c827ad209c194f
image,#loot_ui_icon_outfit_halloween_extra_warpaint_punkinhead_takeo
image,#loot02_ui_icon_outfit_holidays_extra_warpaint_krampus_bruno_ix
image,#ui_icon_medal_revenge
image,#hash_ec71e5deb18e80
image,#ui_menu_store_product_b04_absolute_zero_large
image,#ui_icon_rank_zm_level50
image,#ui_icon_rank_zm_level51
image,#ui_icon_rank_zm_level52
image,#ui_icon_rank_zm_level53
image,#ui_icon_rank_zm_level54
image,#ui_icon_rank_zm_level55
image,#ui_icon_rank_zm_level49
image,#ui_icon_rank_zm_level48
image,#ui_icon_rank_zm_level43
image,#ui_icon_rank_zm_level42
image,#ui_icon_rank_zm_level41
image,#ui_icon_rank_zm_level40
image,#ui_icon_rank_zm_level47
image,#ui_icon_rank_zm_level46
image,#ui_icon_rank_zm_level45
image,#ui_icon_rank_zm_level44
image,#hash_fd01d7d15e802a
image,#loot_ui_icon_outfit_halloween_extra_warpaint_punkinhead_stanton
image,#ui_icon_rank_zm_level14
image,#ui_icon_rank_zm_level15
image,#ui_icon_rank_zm_level16
image,#ui_icon_rank_zm_level17
image,#ui_icon_rank_zm_level10
image,#ui_icon_rank_zm_level11
image,#ui_icon_rank_zm_level12
image,#ui_icon_rank_zm_level13
image,#ui_icon_rank_zm_level18
image,#ui_icon_rank_zm_level19
image,#ui_icon_rank_zm_level07
image,#ui_icon_rank_zm_level06
image,#ui_icon_rank_zm_level05
image,#ui_icon_rank_zm_level04
image,#ui_icon_rank_zm_level03
image,#ui_icon_rank_zm_level02
image,#ui_icon_rank_zm_level01
image,#ui_icon_rank_zm_level09
image,#ui_icon_rank_zm_level08
image,#ui_icon_rank_zm_level38
image,#ui_icon_rank_zm_level39
image,#ui_icon_rank_zm_level32
image,#ui_icon_rank_zm_level33
image,#ui_icon_rank_zm_level30
image,#ui_icon_rank_zm_level31
image,#ui_icon_rank_zm_level36
image,#ui_icon_rank_zm_level37
image,#ui_icon_rank_zm_level34
image,#ui_icon_rank_zm_level35
image,#ui_icon_rank_zm_level29
image,#ui_icon_rank_zm_level28
image,#ui_icon_rank_zm_level25
image,#ui_icon_rank_zm_level24
image,#ui_icon_rank_zm_level27
image,#ui_icon_rank_zm_level26
image,#ui_icon_rank_zm_level21
image,#ui_icon_rank_zm_level20
image,#ui_icon_rank_zm_level23
image,#ui_icon_rank_zm_level22
image,#hash_10f3e4751cb592b
image,#ui_icon_talisman_shield_durability_rare
image,#loot02_ui_icon_outfit_global_warpaint_bleeding_bruno_ix
image,#hash_1168adb3ec2c2c4
image,#loot_ui_icon_outfit_halloween_extra_warpaint_alien_ruin
image,#hash_125d9c445cde5c0
image,#hash_125dcc445cdead9
image,#loot_04_ui_icon_blackmarket_stream_spectre
image,#hash_14811ec6b90a0e1
image,#hash_1518e07f3a9add0
image,#ui_icon_medal_destroy_mantis
image,#hash_165a8658892f077
image,#hash_165de405caa0a10
image,#hash_16d2d8023eecce0
image,#hash_1706367d04ea49f
image,#hash_189190832979e91
image,#loot04_ui_icon_outfit_topography_rare1_ruin_outfit_bundle
image,#hash_18e554a37a5f5fa
image,#loot05_ui_icon_outfit_spectrum_rare1_crash_outfit_bundle
image,#loot_ui_icon_outfit_halloween_extra_warpaint_demon_crash
image,#hash_19c38b22450f0b9
image,#hash_19ed0bc985d3326
image,#loot03_ui_icon_outfit_global_warpaint_sunglasses_ruin
image,#loot07_ui_icon_blackmarket_reserves_weapon_amuletfist
image,#loot_04_ui_icon_blackmarket_reserves_david_mason
image,#loot02_ui_icon_outfit_global_warpaint_rorschach_richtofen
image,#hash_1b4cf787de2a597
image,d#ui_icon_gear_c_t8_spe_gear_awareness
image,#hash_1dce88a2694075d
image,#hash_1e0b070fe4ce399
image,#hash_1e8d672486e400d
image,#loot04_ui_icon_outfit_global_warpaint_s4_creature_recon
image,#loot04_ui_icon_outfit_topography_rare2_prophet
image,#hash_1f3c226631fccf9
image,#ui_menu_store_product_b04_be
image,#ui_icon_weapons_zm_lmgstandard
image,#hash_20554d9231640d9
image,#ui_icon_hvo_mvp_ajax
image,#loot02_ui_icon_outfit_global_warpaint_maori_stanton_ix
image,#hash_21631a211aa8b66
image,#ui_icon_rank_mp_level01_large
image,#loot02_ui_icon_outfit_global_warpaint_bleeding_battery
image,#loot02_ui_icon_outfit_global_warpaint_boogie_man_battery
image,#loot03_ui_icon_outfit_global_warpaint_robber_prophet
image,#hash_262236169d4f81b
image,#loot04_ui_icon_outfit_global_warpaint_s4_sun_crash
image,#hash_274faed5c277ed3
image,#loot_ui_icon_outfit_dotd_base_pal_exo2_crash
image,#ui_icon_rank_zm_level53_large
image,#hash_278cc90633b5c3a
image,#ui_icon_medal_crispy_large
image,#hash_28174f326220a36
image,#hash_28acb35af753260
image,#hash_29caf6b8468f026
image,#hash_2a263510fff72d5
image,#ps3button_circle
image,#hash_2a99b25b1d03159
image,#loot04_ui_icon_outfit_global_warpaint_s4_crackedmask_scarlett_ix
image,#hash_2bec51d410bd0e3
image,#loot05_ui_icon_outfit_spectrum_rare1_torque
image,#loot03_ui_icon_outfit_global_warpaint_hearts_prophet
image,#loot02_ui_icon_outfit_holidays_extra_warpaint_snowman_nikolai
image,#loot02_ui_icon_outfit_global_warpaint_flaming_skull_stanton_ix
image,#ui_icon_weapon_hud_hero_annihilator
image,#hash_2dc7ba8368a2e69
image,#hash_2df49fe8001fe13
image,#ui_icon_medal_boomer
image,#ui_icon_weapon_smg_handling_render
image,#hash_2f66cef7039f272
image,#hash_3058bdf58657813
image,#hash_30b8fb8a74a101c
image,#hash_310b94d89eafceb
image,#loot05_ui_icon_outfit_global_warpaint_s5_hazard_torque
image,#loot03_ui_icon_outfit_panther_rare2_recon_outfit_bundle
image,#hash_36739f460f29e27
image,#hash_36aff2d0357f665
image,#hash_36df1475f14ed6c
image,#loot05_ui_icon_blackmarket_reserves_smg_handling_mk2
image,#loot03_ui_icon_outfit_benjamins_legendary1_ruin
image,#hash_38a60d1efaf8563
image,#loot02_ui_icon_outfit_numbers_firebreak
image,#hash_38e201c0767be89
image,#loot03_ui_icon_outfit_panther_rare1_firebreak
image,#ui_menu_store_product_b04_kronos_preorder_oe_large
image,#ui_icon_specialist_portrait_draft_firebreak
image,#hash_3a4b265e8a839eb
image,#hash_3a6289850abc2af
image,#hash_3b1eee43ccc95fb
image,#hash_3b69895797e72d1
image,#loot04_ui_icon_outfit_warrior_epic1_wetworks_spectre_warpaint
image,#hash_3c4aa543680c9f1
image,#hash_3c5119aca82db4c
image,#hash_3c7cc441ab300d1
image,#hash_3d4024ed3afe633
image,#hash_3d719092fb405ab
image,#ui_icon_elixirs_anti_entrapment
image,#hash_3f4df3b13c00585
image,#ui_icon_mp_prestige_08_large
image,#hash_3fe8cccddbdff67
image,#loot04_ui_icon_outfit_global_warpaint_s4_crackedmask_crash
image,#hash_41ea81a3d87d3bd
image,#hash_42eba27f72d9a39
image,#hash_430ee9b744ebb12
image,#loot03_ui_icon_outfit_global_warpaint_tattoo_diego_ix
image,#loot04_ui_icon_outfit_global_warpaint_s4_sun_zero
image,#ui_icon_weapons_zm_riot_shield_health
image,#loot02_ui_icon_outfit_global_warpaint_facepalm_bruno_ix
image,#hash_449a4e85580c33a
image,#hash_44b9bd56d62dfb4
image,#loot_ui_icon_outfit_halloween_extra_warpaint_scarecrow_prophet
image,#loot02_ui_icon_outfit_holidays_extra_warpaint_nutcracker_stanton_ix
image,#loot02_ui_icon_outfit_global_warpaint_flaming_skull_takeo
image,#hash_4680e056091539a
image,#hash_4756b8d37b852b9
image,#loot_ui_icon_outfit_halloween_extra_warpaint_alien_bruno_ix
image,#ui_icon_weapon_melee_spork_render
image,#hash_48ca0e82761ec74
image,d#ui_icon_wildcard_primarygunfighter02_large
image,#ui_icon_elixirs_free_fire
image,#ui_icon_mp_paragon_t6_02_large
image,#hash_4a1a77f10dd631c
image,#hash_4a419ab8005ef53
image,#ui_icon_perks_zm_timeslip
image,#hash_4b184101ddf94d8
image,#hash_4b2513c5dd21200
image,#hash_4b81b13abaaadf1
image,#ui_icon_medal_backstabber
image,#hash_4c15b96458cb101
image,#hash_4ca64aaca50e3e7
image,#ui_icon_obit_sniper_damagesemi
image,#hash_4d4e9237e82b026
image,#hash_4da802709040108
image,#loot04_ui_icon_outfit_topography_rare2_seraph_outfit_bundle
image,#loot05_ui_icon_outfit_global_warpaint_s5_hazard_stanton_ix
image,#loot02_ui_icon_outfit_global_warpaint_bleeding_takeo
image,#hash_504fc0f087663b5
image,#ui_icon_weapon_sniper_fastrechamber_tactical_render
image,#hash_508e5123ea99e41
image,#ui_icon_hvo_killer_prophet
image,#hash_50ff371c7255c40
image,#ui_icon_medal_finished_large
image,#ui_icon_wildcard_underkill
image,#ui_icon_perks_zm_electricburst
image,#hash_51e70d5edd1d114
image,#hash_52bbad25265b799
image,#hash_535e58a88e50583
image,#hash_54443166c5980d8
image,#loot02_ui_icon_outfit_global_warpaint_flaming_skull_scarlett
image,#hash_55a33b63143c809
image,#hash_55c62bb56a87210
image,#hash_55e5d1af9b331ff
image,#ui_icon_perks_zm_staminup_lg
image,#hash_57be83f9a06ed7a
image,#zm_calling_tasks_killspacked
image,#hash_58ae4f6b930760f
image,#ui_icon_talisman_start_weapon_smg
image,#ui_icon_hvo_killer_torque
image,#hash_5965b99ffa6526d
image,#hash_5a84f666f5eed39
image,#ui_icon_medal_destroy_dart_large
image,#hash_5aa00d76304b498
image,d#ui_icon_equipment_gadget_radiation_field
image,#ui_icon_rank_wz_level33_large
image,#hash_5bdbf571a12bac3
image,#hash_5ce6b539a32f714
image,#hash_5e19b1081ff72e1
image,#hash_5e745925ef46fe8
image,#hash_5eb303b1bbc2e3d
image,#hash_5eb418802223e87
image,#hash_5ef25a600c24abc
image,#ui_icon_elixirs_extra_credit
image,#ui_menu_store_product_b04_cp_9500_small
image,#loot02_ui_icon_outfit_holidays_extra_warpaint_candy_cane_firebreak
image,#hash_62194873ff79dd4
image,#loot02_ui_icon_outfit_holidays_extra_warpaint_snowman_nomad
image,#hash_622c55a74288b20
image,#ui_icon_weapon_hud_melee_action_figure
image,#ui_icon_medal_kingslayer
image,#loot03_ui_icon_outfit_warrior_epic2_cop_crash
image,#hash_650a0ac6488af35
image,#loot02_ui_icon_outfit_holidays_extra_warpaint_reindeer_bruno_ix
image,#ui_icon_weapons_zm_lmgdouble
image,#loot_ui_icon_outfit_halloween_extra_warpaint_cthulhu_recon
image,#ui_icon_weapon_hud_smg_accurate
image,#loot_ui_icon_outfit_halloween_extra_warpaint_grimreaper_bruno
image,#hash_68826c657b9a4f1
image,#ui_icon_medal_afterlife_large
image,#ui_icon_weapon_hud_pistol_revolver
image,#loot03_ui_icon_outfit_panther_rare2_zero
image,#loot02_ui_icon_outfit_global_warpaint_bleeding_zero
image,#loot02_ui_icon_outfit_global_warpaint_fern_ajax
image,#ui_icon_obit_pistol_standard
image,#loot02_ui_icon_outfit_holidays_extra_warpaint_reindeer_takeo
image,#loot03_ui_icon_outfit_global_warpaint_robber_seraph
image,#ui_icon_weapons_zm_smgaccurate
image,#hash_6c274f8e42db1be
image,#hash_6c5cef5a7f6e01c
image,#ui_icon_equpiment_zm_frag_dark
image,#hash_6cd8283c8ccb421
image,#loot02_ui_icon_outfit_global_warpaint_boogie_man_ruin
image,#loot_ui_icon_outfit_halloween_extra_warpaint_grim_seraph
image,#loot04_ui_icon_outfit_warrior_epic1_wetworks_battery_outfit_bundle
image,#loot02_ui_icon_outfit_global_warpaint_rorschach_diego_ix
image,#hash_7064330cff3efe7
image,#ui_icon_weapon_combat_knife
image,#hash_71569fda1e2d079
image,#hash_7303b3e7f30c1b7
image,#loot02_ui_icon_outfit_global_warpaint_hypnotic_bruno_ix
image,#hash_737d9ed83f91486
image,#hash_73b3ad1629ac5cf
image,#hash_74b3e026657aa40
image,#hash_74b3f026657abf3
image,#hash_74b40026657ada6
image,#hash_7546155c51fc54a
image,#loot02_ui_icon_outfit_holidays_extra_warpaint_snowman_stanton_ix
image,#loot03_ui_icon_outfit_global_warpaint_diamonds_nikolai_pri
image,#ui_icon_attachment_knife_blades
image,#ui_icon_specialist_portrait_hud_tedd
image,#ui_icon_obit_bayonet
image,#ui_icon_medal_blindfire
image,#loot03_ui_icon_outfit_global_warpaint_robber_diego_ix
image,#hash_787e085f54d3aa4
image,#hash_789f7a303240de2
image,#ui_icon_rank_wz_level54_large
image,#hash_78bd97874f92261
image,#ui_icon_weapon_smg_standard_render
image,#loot_ui_icon_outfit_halloween_extra_warpaint_punkinhead_scarlett_ix
image,d#ui_icon_zm_calling_tasks_rndssurvived
image,#hash_7a6ffda26e5a588
image,#loot02_ui_icon_outfit_holidays_extra_warpaint_naughtyornice_scarlett
image,#loot05_ui_icon_outfit_spectrum_rare1_spectre
image,#hash_7b4b475457d146e
image,#hash_7b8f03895d6b802
image,#hash_7b9d5102bddc9ba
image,#loot_ui_icon_outfit_halloween_extra_warpaint_demon_scarlett_ix
image,#ui_icon_weapon_special_ballistic_knife_xl
image,#ui_icon_rank_wz_level51_large
image,#hash_7e95f7b6ac57f51
image,#loot02_ui_icon_outfit_numbers_battery
image,#hash_811998abf6ad8ca
image,#hash_8124ff857a6eefb
image,#hash_817796fc59b36b5
image,#hash_81791b77219d88b
image,#loot_ui_icon_tags_halloweenevent_monster_1
image,#loot_ui_icon_tags_halloweenevent_monster_6
image,d#ui_icon_wildcard_gluttony01_large
image,#ui_icon_emotes_pushups
image,#hash_82f17770433f1e1
image,#ui_icon_emotes_parrot
image,#loot_ui_icon_outfit_halloween_extra_warpaint_ghoul_crash
image,#ui_icon_medal_meltdown_large
image,d#ui_icon_scorestreaks_dart
image,#hash_85fe9915a6c22cd
image,#loot02_ui_icon_outfit_global_warpaint_rorschach_zero
image,#hash_8637c16265c5e31
image,#loot04_ui_icon_outfit_global_warpaint_s4_sun_stanton
image,#hash_87267060c124076
image,#loot03_ui_icon_outfit_global_warpaint_sunglasses_diego
image,#hash_88710e39bc7eca2
image,#ui_icon_perks_zm_phdslider
image,#loot05_ui_icon_outfit_global_warpaint_s5_hazard_richtofen_pri
image,#hash_8a7196ff2f30356
image,#ui_icon_medal_secure
image,#ui_icon_rank_mp_level15_large
image,#hash_8c223fd5d2ffcd8
image,#ui_icon_specialist_portrait_richtofen_ultimus
image,#ui_icon_weapon_smg_fastfire_tactical_render
image,#ui_icon_rank_mp_level53_large
image,#loot04_ui_icon_outfit_global_warpaint_s4_sun_takeo_pri
image,#ui_icon_medal_jackpot
image,#hash_8d67677ce7f06de
image,#hash_8d998f28ba67fff
image,#loot02_ui_icon_outfit_global_warpaint_flaming_skull_scarlett_ix
image,#loot02_ui_icon_outfit_global_warpaint_fern_scarlett
image,#loot02_ui_icon_outfit_global_warpaint_bleeding_bruno
image,#hash_8ed1d8c3c791ab2
image,#hash_8f99035974a279e
image,#ui_icon_obit_melee_demohammer
image,#ui_icon_weapons_zm_ar_accurate_sig_01
image,#hash_914b1889794c84c
image,#ui_icon_weapons_zm_sniperfastrechamber
image,#loot03_ui_icon_outfit_global_warpaint_spades_crash
image,#ui_menu_store_product_b04_cp_13000_small
image,#loot05_ui_icon_outfit_zombie_epic1_ruin_outfit_bundle
image,#loot02_ui_icon_outfit_global_warpaint_flaming_skull_bruno_ix
image,#hash_92fd26aeb864313
image,#hash_93654dc8034e64c
image,#hash_9429113e30b341f
image,#loot_03_ui_icon_blackmarket_stream_melee_coinbag
image,d#ui_icon_zm_calling_tasks_sniperrifle
image,#loot04_ui_icon_outfit_global_warpaint_s4_sun_recon
image,#hash_95e9765ba218346
image,#hash_96d19147f2796ef
image,d#ui_icon_weapon_tr_midburst_render_xl
image,#ui_icon_gear_p8_mp_spe_armor_heavy
image,#ui_icon_emotes_romancandle
image,#loot02_ui_icon_outfit_holidays_extra_warpaint_reindeer_ajax
image,#hash_97cdfb279666b22
image,#ui_icon_weapon_smg_capacity_tactical_render
image,#ui_icon_talisman_extra_coagulant
image,#hash_9a6de8a6fc4c555
image,#hash_9b69f51cede55f2
image,#loot04_ui_icon_outfit_global_warpaint_s4_creature_ajax
image,#loot05_ui_icon_outfit_zombie_epic1_firebreak
image,#hash_9c64aed04a002fd
image,#loot04_ui_icon_outfit_water_legendary1_zero
image,#hash_9cdd17f11730d53
image,#loot_03_ui_icon_blackmarket_stream_enforcer
image,#ui_icon_weapon_smg_handling_tactical_render
image,#ui_icon_weapon_hud_sniper_locus
image,#hash_9fea2e87ba48217
image,#loot04_ui_icon_outfit_warrior_epic1_wetworks_prophet
image,#hash_a0c7c3e902eb169
image,#hash_a10c1d8611f27ad
image,#loot02_ui_icon_outfit_holidays_extra_warpaint_dragon_richtofen
image,d#ui_icon_attachment_pistol_revolver_opmod_skullsplitter
image,#ui_icon_medal_last_man_standing
image,#hash_a4d0c376ab20d6d
image,#hash_a540905b2fe9400
image,#ui_icon_weapon_hud_melee_cutlass
image,#loot02_ui_icon_outfit_holidays_extra_warpaint_snowman_crash
image,#hash_a5924530714b3aa
image,#hash_a594a0ce9fedb7d
image,#hash_a5ed5970eb3881b
image,#ui_icon_weapon_hud_lmg_heavy
image,#loot03_ui_icon_outfit_global_warpaint_hearts_ruin
image,#ui_menu_store_product_b04_kronos_preorder_oee_large
image,d#ui_icon_weapon_ar_accurate_render_xl
image,#ui_icon_weapons_zm_smghandling
image,d#ui_icon_zm_calling_tasks_specialweapon
image,d#ui_icon_equipment_gadget_spawnbeacon
image,d#ui_icon_wildcard_primaryopperatormod_large
image,#ui_icon_weapons_zm_smg_minigun
image,#ui_icon_obit_frag
image,#hash_aa1bb0db5738b76
image,#ui_icon_zm_paragon_t7_05_large
image,#hash_aaad21971b62173
image,#loot04_ui_icon_outfit_global_warpaint_s4_sun_seraph
image,#loot03_ui_icon_outfit_global_warpaint_clover_recon
image,#hash_ab1f80d32070c33
image,#ui_icon_rank_zm_level40_large
image,#ui_icon_medal_kaboom_large
image,#img_t8_menu_mp_loadscreen_offshore
image,#hash_ad51e2079fec850
image,#hash_ad6a33ab83ba786
image,#ui_icon_elixirs_arsenal_accelerator
image,#hash_aebd3f11eee6622
image,#hash_aec1e74002dce85
image,#hash_aef1c2b3c74dc0c
image,#hash_af34426de73eda6
image,#loot04_ui_icon_outfit_global_warpaint_s4_sun_battery
image,#loot05_ui_icon_outfit_global_warpaint_s5_zombie_prophet
image,#ui_icon_emotes_icecream
image,#ui_icon_emotes_teddybear
image,#hash_b0930f32140c10b
image,#hash_b0b4c4bf8d7a4ea
image,#ui_icon_rank_zm_level48_large
image,#ui_icon_medal_bomber_large
image,#ui_icon_rank_wz_level45_large
image,#hash_b2d66d151ef084d
image,#ui_icon_rank_mp_level20_large
image,#hash_b31ff9ba925eabd
image,#hash_b3516587db7aa59
image,#ui_icon_rank_zm_level26_large
image,#loot04_ui_icon_outfit_topography_rare1_nomad
image,#loot_ui_icon_outfit_halloween_extra_warpaint_demon_dempsey
image,#hash_b59143b33ebe206
image,#ui_icon_equipment_gadget_frag
image,#ui_icon_medal_assault
image,#hash_b5ee22fe7cfe7f2
image,#ui_icon_weapon_lmg_standard_render
image,#img_t8_menu_mp_loadscreen_casino
image,#ui_icon_rank_mp_level32_large
image,#loot04_ui_icon_outfit_topography_rare2_zero
image,#hash_b7e654f71f0fa9b
image,#hash_b8525b5b6c3278c
image,#ui_icon_obit_melee_action_figure
image,#loot03_ui_icon_outfit_global_warpaint_clubs_diego_ix
image,#loot05_ui_icon_outfit_spectrum_rare1_seraph_outfit_bundle
image,#loot04_ui_icon_outfit_topography_rare2_zero_outfit_bundle
image,#ui_icon_medal_denied
image,#ui_icon_elixirs_immolation_liquidation
image,#ui_icon_rank_zm_level45_large
image,#loot04_ui_icon_outfit_global_warpaint_s4_crackedmask_ajax
image,#ui_icon_obit_smg_minigun
image,#loot04_ui_icon_outfit_topography_rare1_prophet
image,#hash_ba11742a7b307b1
image,#loot02_ui_icon_outfit_global_warpaint_facepalm_takeo
image,#ui_icon_hvo_mvp_firebreak
image,#hash_bae349e96f0b026
image,#ui_icon_medal_assault_large
image,#loot03_ui_icon_outfit_benjamins_legendary1_recon
image,#ui_icon_rank_wz_level06_large
image,#hash_bddaefbe87908a0
image,#loot04_ui_icon_outfit_topography_rare3_torque
image,#loot03_ui_icon_outfit_panther_rare1_crash
image,#ui_icon_gamemode_wz_duo_large
image,#ui_icon_hero_portrait_draft_richtofen
image,#hash_bf4b2577156d907
image,#ui_icon_obit_sniper_powersemi
image,#loot04_ui_icon_outfit_topography_rare3_crash
image,#loot02_ui_icon_outfit_holidays_extra_warpaint_naughtyornice_battery
image,#ui_icon_rank_mp_level33_large
image,#loot02_ui_icon_outfit_global_warpaint_pixel_perfect_ruin
image,#ui_icon_mp_prestige_03_large
image,#hash_c050957758cb320
image,#hash_c05515e3a7360a0
image,#ui_icon_rank_mp_level24_large
image,#ui_icon_specialist_portrait_hud_brigadier
image,#hash_c1b0c30904e4185
image,d#ui_icon_weapon_smg_folding_mk2_render
image,#loot04_ui_icon_outfit_topography_rare3_spectre
image,#loot03_ui_icon_outfit_global_warpaint_jester_bruno
image,#loot04_ui_icon_outfit_global_warpaint_s4_fish_spectre
image,#hash_c34faab099f7d22
image,#loot03_ui_icon_outfit_benjamins_legendary1_zero_outfit_bundle
image,#loot_ui_icon_outfit_halloween_extra_warpaint_ghoul_nikolai
image,#hash_c471b6e2a86c972
image,#loot03_ui_icon_outfit_benjamins_legendary1_ajax
image,#hash_c606846912ab420
image,#hash_c6226082a4dbf03
image,#loot03_ui_icon_outfit_global_warpaint_clubs_torque
image,#loot03_ui_icon_outfit_panther_rare1_ruin_outfit_bundle
image,#hash_c6dceb347eb3089
image,#hash_c73eb8516ca63bd
image,#ui_icon_weapon_ar_accurate_sig_03_render
image,#hash_c998f32d708b03b
image,#loot02_ui_icon_outfit_holidays_extra_warpaint_reindeer_ruin
image,#loot_ui_icon_outfit_halloween_extra_warpaint_ghoul_torque
image,#loot_05_ui_icon_blackmarket_stream_reaper
image,#ui_icon_weapon_smg_accurate_view
image,#loot05_ui_icon_outfit_spectrum_rare1_battery_outfit_bundle
image,#ui_icon_perks_zm_quickrevive_lg
image,#ui_icon_weapons_zm_pistolstandard
image,#hash_ccfc7a982a016e8
image,#hash_cd729c76166a04a
image,#hash_cd79d32f439bdf9
image,#hash_cdded2d89955506
image,#hash_cf2b6f904b77593
image,#ui_icon_obit_snowball
image,#hash_d1b65dee429321a
image,#loot02_ui_icon_outfit_holidays_extra_warpaint_candy_cane_bruno
image,#hash_d1d30b99ac06fd2
image,#hash_d1ef7f894ab36c0
image,#ui_icon_weapons_loot_smg_accurate_sig_02
image,#hash_d22965694ef34b5
image,#hash_d23088e0784d7a0
image,#loot_ui_icon_outfit_halloween_extra_warpaint_demon_richtofen
image,#hash_d2f1a9b00187b8f
image,#hash_d319b875912bdc3
image,#loot04_ui_icon_blackmarket_reserves_weapon_ ar_peacekeeper
image,#loot04_ui_icon_outfit_warrior_epic1_wetworks_nomad_warpaint
image,#ui_icon_weapon_smg_folding_xl
image,#loot_ui_icon_outfit_halloween_extra_warpaint_ghoul_richtofen
image,#ui_icon_rank_wz_level80_large
image,#hash_d74a4366b4b9113
image,#ui_icon_weapons_zm_ardamage
image,#ui_icon_rank_mp_level06_large
image,d#ui_icon_weapon_tr_flechette_sig02_render
image,#loot03_ui_icon_outfit_global_warpaint_clubs_takeo_pri
image,#ui_icon_weapon_melee_action_figure_render
image,#ui_icon_weapon_hud_pistol_burst
image,#loot04_ui_icon_outfit_topography_rare1_spectre_outfit_bundle
image,#loot02_ui_icon_outfit_holidays_extra_warpaint_dragon_diego
image,#ui_icon_medal_killchain
image,#hash_db73210daae0dcc
image,#hash_dc1cc8f2a383395
image,#loot_ui_icon_outfit_halloween_extra_warpaint_cthulhu_battery
image,#hash_dc94875f57ad936
image,d#ui_icon_eq_gravityslam_mp
image,#hash_dce964cb6b640a2
image,d#ui_icon_weapon_ar_peacekeeper_mk2_render
image,#ui_icon_rank_mp_level26_large
image,#loot05_ui_icon_outfit_global_warpaint_s5_hazard_firebreak
image,#ui_menu_store_product_b04_classified_large
image,d#ui_icon_weapon_smg_fastburst_mk2_render
image,#hash_e0d5d9d56011fa7
image,#ui_icon_weapon_ar_modular_view
image,#hash_e1e6309fc397691
image,#hash_e20b037e04853d3
image,#loot04_ui_icon_outfit_warrior_epic1_wetworks_ajax_outfit_bundle
image,#ui_icon_elixirs_alchemical_antithesis
image,#loot_ui_icon_outfit_halloween_extra_warpaint_grimreaper_diego_ix
image,#loot04_ui_icon_outfit_global_warpaint_s4_crackedmask_recon
image,#ui_icon_rank_wz_level03_large
image,#ui_icon_mp_paragon_t6_01_large
image,#loot02_ui_icon_outfit_global_warpaint_flaming_skull_recon
image,#hash_e6f8260fb52b5a4
image,#ui_icon_medal_backfire_large
image,#hash_e849df5cec32b1c
image,#ui_icon_specialist_portrait_hud_blackjack
image,#ui_icon_rank_zm_level07_large
image,#ui_icon_weapon_lmg_heavy
image,#ui_icon_weapons_zm_smg_standard_sig_01
image,#ui_icon_weapons_zm_smg_vmp
image,#ui_icon_rank_mp_level51_large
image,#hash_ece003eca505ff4
image,#loot04_ui_icon_blackmarket_reserves_weapon_shotgun_fullauto_mk2
image,#hash_ed96eae435a7cad
image,#ui_icon_weapon_smg_mp40
image,#hash_ee6df55a893b13c
image,#loot03_ui_icon_outfit_panther_rare1_outrider_outfit_bundle
image,#ui_icon_perks_zm_deadshot
image,#hash_efd1269a434d70d
image,#loot02_ui_icon_outfit_holidays_extra_warpaint_naughtyornice_ajax
image,d#ui_icon_weapon_camo_active_sig_pistol_revolver_cyberpunk
image,#hash_f15a9a6e561bf71
image,#loot03_ui_icon_outfit_global_warpaint_spades_richtofen_pri
image,#ui_icon_specialist_portrait_draft_prophet
image,#loot02_ui_icon_outfit_global_warpaint_boogie_man_zero
image,#hash_f3bb04c133c38ed
image,#hash_f405390f29785e1
image,#loot04_ui_icon_outfit_assassin_legendary1_prophet_outfit_bundle
image,#hash_f57142fdf1170b7
image,#loot05_ui_icon_outfit_spectrum_rare1_ajax
image,#ui_icon_rank_zm_level08_large
image,#loot02_ui_icon_outfit_holidays_extra_warpaint_dragon_prophet
image,d#ui_icon_weapon_smg_handling_mk2_render
image,#hash_f856299e2bd4194
image,#ui_icon_medal_nose_breaker_large
image,#ui_icon_perks_zombshell
image,#ui_icon_medal_gungame_regicide_large
image,#ui_icon_medal_retrieved
image,#loot_ui_icon_outfit_halloween_extra_warpaint_alien_dempsey
image,#loot03_ui_icon_outfit_global_warpaint_clover_bruno
image,#hash_faa65c02f51b9c4
image,#hash_fb82696f8866705
image,#loot02_ui_icon_outfit_holidays_extra_warpaint_nutcracker_bruno
image,#ui_icon_emotes_toyraygun
image,d#ui_icon_weapon_shotgun_fullauto_mk2_render
image,#hash_fd0d2b6ceef8d81
image,#hash_fd3fbbd751c6d63
image,#ui_icon_weapon_ar_accurate_tactical_render
image,#hash_fdeb09803c50afb
image,#ui_icon_weapon_ray_gun_mk2y_render
image,#ui_icon_talisman_hero_weapon_lvl3
image,#loot05_ui_icon_outfit_global_warpaint_s5_hazard_recon
image,#loot04_ui_icon_outfit_global_warpaint_s4_sun_ruin
image,#hash_100dddfed3d2a5c0
image,#loot_02_ui_icon_blackmarket_stream_smg_fastburst
image,#ui_icon_obit_shotgun_prec
image,#hash_1021a9223804419d
image,#loot04_ui_icon_outfit_global_warpaint_s4_creature_stanton
image,#hash_10285e0f15c068a1
image,#loot03_ui_icon_outfit_global_warpaint_clover_battery
image,#ui_icon_weapons_zm_pistolburst
image,#hash_1038c9f20c8c5c1e
image,#loot04_ui_icon_outfit_global_warpaint_s4_fish_takeo_pri
image,#hash_103caac27f8a5403
image,#hash_103da5781ee05534
image,#ui_icon_weapon_ar_galil
image,#loot04_ui_icon_outfit_topography_rare3_firebreak
image,#ui_icon_mp_paragon_t6_05_large
image,#ui_icon_equpiment_zm_chakram_lv3_dark
image,#hash_105551de8fb24d27
image,#loot02_ui_icon_outfit_holidays_extra_warpaint_nutcracker_bruno_ix
image,#hash_10635158845e8ec9
image,#loot03_ui_icon_outfit_panther_rare2_nomad_outfit_bundle
image,#loot03_ui_icon_outfit_global_warpaint_diamonds_ruin
image,#hash_108c0b8c4025ead8
image,#ui_icon_gamemode_domination_large
image,#loot03_ui_icon_outfit_global_warpaint_hearts_diego_ix
image,#hash_1093d0625aae4a67
image,#ui_icon_elixirs_in_plain_sight
image,#loot_ui_icon_outfit_halloween_extra_warpaint_gargoyle_seraph
image,#loot05_ui_icon_outfit_global_warpaint_s5_zombie_scarlett
image,#loot05_ui_icon_outfit_spectrum_rare1_crash
image,#loot02_ui_icon_outfit_holidays_extra_warpaint_reindeer_diego_ix
image,#ui_icon_emotes_s3_police_megaphone
image,#hash_10b5271ab179e2c5
image,#hash_10b5853689836876
image,#hash_10bc604af834ff6e
image,#loot05_ui_icon_outfit_vampire_legendary1_nomad
image,#hash_10c0e5cc2ba1b82b
image,#loot_ui_icon_outfit_halloween_extra_warpaint_cthulhu_dempsey
image,#hash_10cedd0b95c1369a
image,#ui_icon_gamemode_wz_solo_large
image,#hash_10edfadf177bae3a
image,#loot03_ui_icon_outfit_global_warpaint_sunglasses_takeo_pri
image,#ui_icon_medal_equipment_multikill_large
image,#hash_10f8730ac971f31b
image,#ui_icon_weapon_smg_standard
image,#hash_10f954f6233babfa
image,#ui_icon_rank_wz_level35_large
image,#hash_110d32a7a52348a0
image,#loot03_ui_icon_outfit_panther_rare1_nomad_outfit_bundle
image,d#ui_icon_hero_flamethrower_mp
image,#hash_112585d69cdcda95
image,#ui_icon_weapon_shotgun_prec_xl
image,#ui_icon_weapon_smg_fastfire_render
image,#ui_icon_obit_melee_cutlass
image,#ui_icon_specialist_portrait_hud_brutus
image,#loot05_ui_icon_outfit_demonology_legendary1_seraph_outfit_bundle
image,#hash_1151f5aa76ee4c3f
image,#ui_icon_weapon_tr_midburst_mk2_render
image,#hash_116d629e53e79498
image,#ui_icon_gamemode_infiltration_large
image,#hash_1178393ce0b9dbf1
image,#ui_icon_obit_shotgun_semiauto
image,#hash_11abb1e6891602cd
image,#loot04_ui_icon_outfit_topography_rare1_recon_outfit_bundle
image,#loot05_ui_icon_outfit_global_warpaint_s5_hazard_takeo_pri
image,#hash_11d84f2162af9524
image,#hash_11e4076b8a744511
image,#ui_icon_specialist_portrait_draft_yuri
image,#ui_icon_mp_paragon_t5_10
image,#ui_icon_mp_paragon_t5_11
image,#ui_icon_mp_paragon_t5_12
image,#ui_icon_mp_paragon_t5_13
image,#ui_icon_mp_paragon_t5_14
image,#ui_icon_mp_paragon_t5_15
image,#ui_icon_mp_paragon_t5_03
image,#ui_icon_mp_paragon_t5_02
image,#ui_icon_mp_paragon_t5_01
image,#ui_icon_mp_paragon_t5_07
image,#ui_icon_mp_paragon_t5_06
image,#ui_icon_mp_paragon_t5_05
image,#ui_icon_mp_paragon_t5_04
image,#ui_icon_mp_paragon_t5_09
image,#ui_icon_mp_paragon_t5_08
image,#ui_icon_medal_quadkill_large
image,#hash_11fbf0752134c5fc
image,#hash_1201ab210df237c7
image,#hash_1204155cf902d67d
image,#ui_icon_weapon_hud_sniper_mini14_wz
image,#hash_12073e44e578de7e
image,#hash_121093a3b92065a0
image,#ui_icon_rank_wz_level21_large
image,#loot03_ui_icon_outfit_global_warpaint_clover_firebreak
image,d#ui_icon_equipment_eq_molotov
image,#ui_icon_rank_mp_level41_large
image,#loot_ui_icon_outfit_halloween_extra_warpaint_alien_diego_ix
image,#ui_icon_wz_prestige_08_large
image,#hash_12344254166fa0cb
image,#loot05_ui_icon_outfit_zombie_epic1_ruin
image,#loot02_ui_icon_outfit_holidays_extra_warpaint_dragon_zero
image,#loot03_ui_icon_outfit_global_warpaint_hearts_zero
image,#hash_124d2b79424c5ece
image,#hash_12510cb2b896708d
image,#hash_125ab781a347fa53
image,#ui_icon_weapon_tr_powersemi_tactical_render
image,#ui_icon_weapon_sniper_powersemi_sig_02_render
image,#loot04_ui_icon_outfit_global_warpaint_s4_creature_takeo_pri
image,#loot04_ui_icon_outfit_global_warpaint_s4_crackedmask_bruno_ix
image,#hash_12695354f68542a2
image,#ui_icon_medal_firstkill_large
image,#hash_1273ffc1da3b8cca
image,#loot02_ui_icon_outfit_holidays_extra_warpaint_krampus_torque
image,#hash_12777b68e738e562
image,#hash_12861f44bfd1c03e
image,#hash_128732afc87cb8ae
image,#ui_icon_perks_zm_staminup
image,#ui_icon_emotes_ghost
image,#loot06_ui_icon_blackmarket_reserves_stealth_mk2
image,#hash_12c417c06b7738df
image,#hash_12ce14d9dc577891
image,#hash_12cfb590ee3839fd
image,#loot04_ui_icon_outfit_topography_rare2_crash_outfit_bundle
image,#hash_12d44c3549d56217
image,#hash_12d538fed65b0922
image,#loot04_ui_icon_outfit_assassin_legendary1_seraph_outfit_bundle
image,#hash_12d6cd34b85581f6
image,#hash_12d70cd0594bb5aa
image,#ui_icon_weapon_melee_bowie_bloody_xl
image,#loot_03_ui_icon_blackmarket_stream_demohammer
image,#loot03_ui_icon_outfit_global_warpaint_sunglasses_recon
image,#loot03_ui_icon_outfit_global_warpaint_diamonds_nomad
image,#loot02_ui_icon_outfit_global_warpaint_facepalm_recon
image,#loot03_ui_icon_outfit_warrior_epic1_robber_nomad_outfit_bundle
image,#loot_ui_icon_outfit_halloween_extra_warpaint_ghoul_seraph
image,#loot04_ui_icon_outfit_topography_rare1_torque_outfit_bundle
image,#loot_ui_icon_outfit_halloween_extra_warpaint_demon_bruno
image,#loot03_ui_icon_outfit_global_warpaint_diamonds_prophet
image,#hash_133169a5dc4aaad1
image,#loot03_ui_icon_outfit_global_warpaint_tattoo_recon
image,#ui_menu_store_product_b04_cp_1100_small
image,#hash_1338d0e780eabd09
image,#loot_ui_icon_outfit_halloween_extra_warpaint_gargoyle_bruno
image,#loot03_ui_icon_outfit_global_warpaint_robber_firebreak
image,#hash_13501304eb9b5204
image,#hash_1351569fb86c58d4
image,#hash_136d3d0e42ba87c9
image,#ui_icon_weapon_melee_coinbag_render
image,#hash_138647f9d6a7658d
image,#ui_icon_weapon_hud_slaybell
image,#ui_icon_mp_paragon_t4_08
image,#ui_icon_mp_paragon_t4_09
image,#ui_icon_mp_paragon_t4_01
image,#ui_icon_mp_paragon_t4_02
image,#ui_icon_mp_paragon_t4_03
image,#ui_icon_mp_paragon_t4_04
image,#ui_icon_mp_paragon_t4_05
image,#ui_icon_mp_paragon_t4_06
image,#ui_icon_mp_paragon_t4_07
image,d#ui_icon_weapon_special_ballistic_knife_render
image,#ui_icon_mp_paragon_t4_10
image,d#ui_icon_wildcard_secondarygunfighter01_large
image,#loot_ui_icon_outfit_dotd_base_pal_exo2_torque
image,#hash_13bb89b1751202ce
image,#loot_02_ui_icon_blackmarket_stream_secretsanta
image,d#ar_fastfire_t8_camo_sig02_icon
image,#loot_ui_icon_outfit_halloween_extra_warpaint_demon_takeo
image,#ui_icon_rank_zm_level52_large
image,#hash_13e35dde1b8e18e4
image,#ui_icon_gamemode_quickplay_mp_large
image,#hash_13e81211c041d074
image,#hash_13fd4765202a2328
image,#ui_icon_medal_savior
image,#loot03_ui_icon_outfit_global_warpaint_clubs_firebreak
image,#hash_1410b73abc1e5d1a
image,#ui_icon_medal_destroy_gunship
image,#ui_icon_obit_ar_modular
image,#ui_icon_medal_taggedandbagged_large
image,#hash_142173ba100bf149
image,#hash_1423b228291b27b0
image,#ui_icon_mp_paragon_t5_08_large
image,#loot02_ui_icon_outfit_global_warpaint_pixel_perfect_battery
image,#loot02_ui_icon_outfit_global_warpaint_facepalm_diego_ix
image,#loot04_ui_icon_outfit_global_warpaint_s4_sun_richtofen_pri
image,#hash_144544da21970d06
image,#loot04_ui_icon_outfit_topography_rare1_crash
image,#loot04_ui_icon_outfit_warrior_epic1_wetworks_seraph_outfit_bundle
image,#ui_icon_gear_p8_mp_spe_armor_light
image,#hash_146cad1173e34962
image,#ui_icon_specialist_portrait_hud_outrider
image,#loot04_ui_icon_outfit_topography_rare2_seraph
image,#loot_ui_icon_outfit_halloween_extra_warpaint_ghoul_stanton
image,#hash_14a64ee6877e19e2
image,#loot02_ui_icon_outfit_global_warpaint_rorschach_torque
image,#hash_14aaf33e78d3a705
image,#loot04_ui_icon_outfit_warrior_epic1_wetworks_ajax
image,#loot02_ui_icon_outfit_global_warpaint_bleeding_ruin
image,#loot02_ui_icon_outfit_numbers_prophet
image,#hash_14b8007f307e94a1
image,#hash_14ba620c16e74294
image,#hash_14bfc2a2c6294675
image,#loot02_ui_icon_outfit_global_warpaint_pixel_perfect_ajax
image,#hash_14d2f96dacd0bc1d
image,#hash_14e3de24474f047e
image,#loot03_ui_icon_outfit_panther_rare3_firebreak_outfit_bundle
image,#loot05_ui_icon_outfit_global_warpaint_s5_hazard_bruno
image,#loot05_ui_icon_outfit_global_warpaint_s5_hazard_ajax
image,#loot02_ui_icon_outfit_global_warpaint_flaming_skull_diego_ix
image,#ui_icon_gamemode_prophunt_large
image,#ui_icon_mp_paragon_t4_03_large
image,#hash_15249c552e2d6bd9
image,#loot02_ui_icon_outfit_holidays_extra_warpaint_reindeer_battery
image,#loot03_ui_icon_outfit_benjamins_legendary1_ajax_outfit_bundle
image,#loot03_ui_icon_outfit_global_warpaint_sunglasses_scarlett_ix
image,#ui_icon_obit_melee_secretsanta
image,#loot03_ui_icon_outfit_panther_rare2_zero_outfit_bundle
image,#loot03_ui_icon_outfit_global_warpaint_tattoo_scarlett_ix
image,#loot03_ui_icon_outfit_global_warpaint_robber_ajax
image,#hash_155568bdf590898e
image,#ui_icon_specialist_portrait_hud_gunslinger
image,#hash_155d9827f68f59ef
image,#hash_1561fc275dc7dc56
image,#loot05_ui_icon_outfit_spectrum_rare1_prophet
image,#hash_1568d28be69b5895
image,#loot02_ui_icon_outfit_numbers_nomad
image,#hash_1576ef1c4486625c
image,#ui_icon_mp_masterprestige
image,#loot_ui_icon_outfit_halloween_extra_warpaint_alien_battery
image,#ui_icon_medal_doublekill_large
image,#ui_icon_rank_zm_level14_large
image,#hash_15ac08257eb139d1
image,#hash_15b2912eb2e4bc42
image,#hash_15b2a0fac4086716
image,#hash_15b33387f41d5eeb
image,#loot03_ui_icon_outfit_global_warpaint_spades_recon
image,#loot02_ui_icon_outfit_global_warpaint_rorschach_nomad
image,#loot_ui_icon_outfit_halloween_extra_warpaint_pumpkin_recon
image,#loot02_ui_icon_outfit_global_warpaint_flaming_skull_crash
image,#hash_15ee14ee2ed1545d
image,#hash_15f00e95dc830687
image,#loot02_ui_icon_outfit_holidays_extra_warpaint_naughtyornice_recon
image,#loot03_ui_icon_outfit_global_warpaint_clover_takeo_pri
image,#hash_15fe5e07da9a93b4
image,#ui_icon_mp_paragon_t4_06_large
image,#loot05_ui_icon_outfit_demonology_legendary1_prophet
image,#loot04_ui_icon_outfit_global_warpaint_s4_fish_stanton_ix
image,#ui_icon_blackmarket_cp500_case
image,#loot_ui_icon_outfit_halloween_extra_warpaint_scarecrow_diego
image,#hash_162df0584191b546
image,#hash_162f7cc74063006a
image,#ui_icon_weapon_pistol_burst
image,#ui_icon_wildcard_gluttony01
image,#ui_icon_wildcard_gluttony03
image,#ui_icon_wildcard_gluttony02
image,#ui_icon_rank_mp_level05_large
image,#ui_icon_medal_destroy_overwatch_large
image,#ui_icon_rank_mp_level22_large
image,d#ui_icon_wildcard_secondaryopperatormod_large
image,#ui_icon_weapon_flamethrower_render
image,#ui_icon_gamemode_wz_quad_large
image,#loot_ui_icon_outfit_halloween_extra_warpaint_scarecrow_seraph
image,#ui_icon_weapon_sniper_fastrechamber
image,#hash_166cc01c722fcd73
image,#ui_icon_zm_paragon_t7_17_large
image,#hash_16731abd45725a10
image,#hash_16777ee585ce7a25
image,#ui_icon_equipment_semtex_loadout
image,#ui_icon_weapons_zm_ar_an94
image,#ui_icon_rank_wz_level01_large
image,#hash_1682227ed5576d86
image,#ui_icon_perks_blaze_phase_lg
image,d#ui_icon_attachment_burstfire
image,#loot_ui_icon_outfit_halloween_extra_warpaint_ghoul_nomad
image,#hash_169346e3f1ed570d
image,#ui_icon_rank_wz_level09_large
image,#loot03_ui_icon_outfit_global_warpaint_tattoo_crash
image,#loot05_ui_icon_outfit_demonology_legendary1_seraph
image,#ui_icon_medal_longshot_large
image,#ui_icon_rank_wz_level04_large
image,#ui_icon_specialist_portrait_draft_gypsy
image,#loot04_ui_icon_outfit_topography_rare2_ruin
image,#hash_16f42b771e1cd46d
image,#loot04_ui_icon_outfit_topography_rare3_outrider_outfit_bundle
image,#loot02_ui_icon_outfit_global_warpaint_rorschach_battery
image,#loot_ui_icon_outfit_halloween_extra_warpaint_alien_stanton_ix
image,#loot03_ui_icon_outfit_global_warpaint_spades_prophet
image,#loot04_ui_icon_outfit_global_warpaint_s4_sun_bruno
image,#ui_icon_rank_mp_level34_large
image,#hash_1712765d9878801e
image,d#ui_icon_hero_annihilator_mp
image,#loot02_ui_icon_outfit_global_warpaint_bleeding_stanton
image,#hash_17292aa1ab058da4
image,#loot02_ui_icon_outfit_global_warpaint_fern_prophet
image,#loot_ui_icon_outfit_halloween_extra_warpaint_punkinhead_scarlett
image,#ui_icon_obit_ar_standard
image,#ui_icon_medal_strike_team_large
image,#ui_icon_medal_dead_from_above_large
image,#ui_icon_medal_ruthless_large
image,#hash_176f7559adbe163a
image,#loot03_ui_icon_outfit_benjamins_legendary1_torque
image,#hash_1779f6a7264481b1
image,#ui_icon_weapon_smg_accurate_sig_02_render
image,#hash_177b99df01aeee05
image,#ui_icon_rank_wz_level11_large
image,#ui_icon_mp_hawk_multikill_large
image,#hash_179128a2f31b1f81
image,#loot05_ui_icon_outfit_vampire_legendary1_ruin
image,#loot_03_ui_icon_blackmarket_stream_outrider
image,#loot02_ui_icon_outfit_global_warpaint_facepalm_scarlett
image,#loot03_ui_icon_outfit_warrior_epic2_cop_nomad
image,#hash_17a51b7b74268ff5
image,#ui_icon_medal_oneshotonekill_large
image,#ui_icon_weapon_lmg_spray
image,#hash_17b3bb85baa7b33a
image,#ui_icon_equpiment_zm_swordcannon_lv1_dark
image,#ui_icon_rank_wz_level46_large
image,#ui_icon_blackmarket_cp200_case
image,#hash_17c3946dfcb3186b
image,#hash_17c6fe61de84bb10
image,#loot02_ui_icon_outfit_global_warpaint_maori_crash
image,#hash_17cc914942ba7c63
image,#hash_17d0136eefb2f64e
image,#loot_ui_icon_outfit_halloween_extra_warpaint_demon_stanton_ix
image,#loot04_ui_icon_outfit_global_warpaint_s4_crackedmask_torque
image,#hash_17fb65d1ba59d6c8
image,#hash_17fb67d1ba59da2e
image,#hash_17fb68d1ba59dbe1
image,#hash_17fbdcad427f9aee
image,#loot04_ui_icon_outfit_global_warpaint_s4_creature_nomad
image,#hash_181fe17b744bda2a
image,#ui_icon_gamemode_zm_tutorial_large
image,#hash_18224b94fce931cc
image,#loot04_ui_icon_outfit_global_warpaint_s4_sun_dempsey_pri
image,#loot_ui_icon_outfit_halloween_extra_warpaint_pumpkin_firebreak
image,#ui_icon_medal_breakthebank
image,#ui_icon_weapon_melee_spork_xl
image,#ui_icon_equipment_shroud_dark
image,#hash_1836c8159c860e25
image,#hash_183ab5d982529a66
image,#ui_icon_weapon_ray_gun_mk2_xl
image,#hash_185613e95d929d38
image,#loot_ui_icon_outfit_halloween_extra_warpaint_cthulhu_firebreak
image,#hash_185a06214d287f36
image,#ui_icon_rank_zm_level04_large
image,#hash_185e26008acb5bf2
image,#hash_1860f5df93be698c
image,#ui_icon_emotes_homunculus
image,#hash_18663651b04852c2
image,#hash_1868863367088c15
image,#hash_186c4595eacfa689
image,#loot03_ui_icon_outfit_global_warpaint_tattoo_dempsey_pri
image,#hash_1881e07bd541d753
image,#ui_icon_medal_low_blow
image,#hash_1885a2e2348db249
image,#loot03_ui_icon_outfit_panther_rare1_seraph
image,#hash_188e6de4b4d410d5
image,#loot02_ui_icon_outfit_numbers_zero
image,#ui_icon_medal_crackdown
image,#loot04_ui_icon_outfit_global_warpaint_s4_sun_scarlett
image,#hash_18a073dc5d61dea7
image,#hash_18a43697ba665443
image,#hash_18aa521b185cb1cc
image,#hash_18accd869f15ab30
image,#loot_ui_icon_outfit_halloween_extra_warpaint_alien_richtofen
image,#hash_18afd82201b6c314
image,#hash_18b24a1d1fe6d1d8
image,#hash_18bdef53131d0a66
image,#loot02_ui_icon_outfit_global_warpaint_pixel_perfect_scarlett
image,#loot02_ui_icon_outfit_holidays_extra_warpaint_krampus_crash
image,#ui_menu_store_product_b04_blops_pass_new_large
image,#hash_18d7861b8862a72a
image,#ui_icon_weapon_warmachine_render
image,d#ui_icon_weapon_ar_fastfire_view_xl
image,#img_t8_menu_mp_loadscreen_station
image,#loot02_ui_icon_outfit_holidays_extra_warpaint_reindeer_torque
image,#ui_icon_zm_paragon_t6_08_large
image,#hash_18eae8ebdf14b5d7
image,#ui_icon_weapon_hud_melee_zombie_arm
image,#hash_18efaf6fa84c12e1
image,#ui_icon_weapons_zm_trpowersemi
image,#ui_icon_weapon_ray_gun_mk2z_xl
image,#ui_icon_emotes_bookofhell
image,#hash_19029668077f56dc
image,#hash_19032d509c4619f9
image,#hash_1904aa4927fb850d
image,#hash_190839c8aacc2a90
image,#hash_190df740833007c7
image,#loot02_ui_icon_outfit_global_warpaint_rorschach_diego
image,#loot02_ui_icon_outfit_holidays_extra_warpaint_candy_cane_stanton_ix
image,#hash_192da945e208e011
image,#hash_1930d0ca29ddf69e
image,#hash_1935a409175c68cc
image,#ui_icon_rank_zm_level21_large
image,#hash_193a7773dfd82d02
image,#ui_icon_weapon_ray_gun_mk2_render
image,#loot04_ui_icon_outfit_global_warpaint_s4_pharaoh_battery
image,#loot02_ui_icon_outfit_global_warpaint_boogie_man_scarlett
image,#ui_icon_hvo_killer_ajax
image,#ui_icon_elixirs_phantom_reload
image,#ui_icon_mp_paragon_t5_06_large
image,#ui_icon_rank_wz_level25_large
image,#hash_198ed1985ad6af49
image,#img_t8_menu_mp_loadscreen_elevation
image,#hash_19a7aab2f980d522
image,#loot02_ui_icon_outfit_global_warpaint_facepalm_nomad
image,#hash_19ae603f2f2b2633
image,#loot03_ui_icon_outfit_panther_rare3_ajax
image,#ui_icon_rank_zm_level46_large
image,#hash_19b3d11306d00838
image,#ui_icon_rank_wz_level67_large
image,#loot05_ui_icon_outfit_zombie_epic1_outrider_warpaint
image,d#ui_icon_weapon_special_crossbow_render
image,#hash_19e0cb1a61eac6af
image,#ui_icon_gamemode_searchanddestroy_proseries_large
image,#loot07_ui_icon_blackmarket_reserves_yuri
image,#hash_19fab9ac475f0a5b
image,#hash_1a079324cc563091
image,#ui_icon_medal_kaboom
image,#hash_1a13cbf8c2718bae
image,#hash_1a14431ac2fbdd5b
image,#loot_ui_icon_outfit_halloween_extra_warpaint_grim_firebreak
image,#loot04_ui_icon_outfit_topography_rare2_crash
image,#hash_1a3d560bf9821081
image,#hash_1a3e03463e6320b2
image,#hash_1a42d289b245f673
image,#ui_icon_mp_paragon_t7_11_large
image,#loot02_ui_icon_outfit_holidays_extra_warpaint_naughtyornice_torque
image,#hash_1a5913b43640b32e
image,#loot04_ui_icon_outfit_warrior_epic1_wetworks_battery
image,#loot04_ui_icon_outfit_global_warpaint_s4_crackedmask_diego
image,#ui_icon_medal_jetfighter
image,#ui_icon_zm_paragon_t7_24
image,#ui_icon_zm_paragon_t7_23
image,#ui_icon_zm_paragon_t7_22
image,#ui_icon_zm_paragon_t7_21
image,#ui_icon_zm_paragon_t7_20
image,#hash_1a90da36848e3620
image,#ui_icon_zm_paragon_t7_12
image,#ui_icon_zm_paragon_t7_13
image,#ui_icon_zm_paragon_t7_10
image,#ui_icon_zm_paragon_t7_11
image,#ui_icon_zm_paragon_t7_16
image,#ui_icon_zm_paragon_t7_17
image,#ui_icon_zm_paragon_t7_14
image,#ui_icon_zm_paragon_t7_15
image,#ui_icon_zm_paragon_t7_18
image,#ui_icon_zm_paragon_t7_19
image,#ui_icon_zm_paragon_t7_05
image,#ui_icon_zm_paragon_t7_04
image,#ui_icon_zm_paragon_t7_07
image,#ui_icon_zm_paragon_t7_06
image,#ui_icon_zm_paragon_t7_01
image,#ui_icon_zm_paragon_t7_03
image,#ui_icon_zm_paragon_t7_02
image,#ui_icon_zm_paragon_t7_09
image,#ui_icon_zm_paragon_t7_08
image,#hash_1aac684369c6d620
image,#ui_icon_medal_forward_position
image,#hash_1ac3aeae6debe3c3
image,#hash_1ac4197569b3ad61
image,#hash_1ad398fa78d9eefc
image,#hash_1ad4991a19120e35
image,#ui_icon_weapon_hud_tr_longburst
image,#hash_1adb80e3ea9e7678
image,#hash_1aec0c1f2373c239
image,#ui_icon_medal_blindfire_large
image,#ui_icon_medal_retrieved_large
image,#ui_icon_obit_smg_vmp
image,#loot03_ui_icon_outfit_global_warpaint_clover_zero
image,#loot_ui_icon_outfit_halloween_extra_warpaint_ghoul_scarlett
image,#ui_icon_weapon_hud_smg_fastfire
image,#hash_1b18d34f43190e24
image,#loot04_ui_icon_outfit_topography_rare3_crash_outfit_bundle
image,#hash_1b1bac7f038d83d8
image,#hash_1b527af27aa17378
image,#loot04_ui_icon_outfit_warrior_epic1_wetworks_recon_outfit_bundle
image,#hash_1b64fb850924899f
image,#hash_1b6848cb2fd015d8
image,#ui_icon_gamemode_zm_treyarchmutations_large
image,#hash_1b7cbafaf4248076
image,#loot02_ui_icon_outfit_global_warpaint_fern_diego
image,#hash_1b86326ea73c0d46
image,#img_t8_menu_mp_loadscreen_cosmodrome
image,#hash_1b97f6f767c0c186
image,#hash_1ba11dde3bafccd0
image,#loot02_ui_icon_outfit_global_warpaint_hypnotic_nomad
image,#loot03_ui_icon_outfit_warrior_epic1_robber_crash
image,#ui_icon_rank_zm_level54_large
image,#loot_ui_icon_outfit_halloween_extra_warpaint_ghoul_battery
image,#loot02_ui_icon_outfit_holidays_extra_warpaint_snowman_bruno_ix
image,#hash_1bcf183ef43823b7
image,#hash_1bd2613b14a87673
image,#hash_1bfca05f5df3e46b
image,#ui_icon_specialist_portrait_dempsey_ultimus
image,#hash_1c059a97db905cc3
image,#ui_icon_perks_zm_timeslip_lg
image,#hash_1c0c44befa50a8f1
image,#hash_1c0d6ab0f4df347f
image,#hash_1c0d6bb0f4df3632
image,#hash_1c102260490b82fb
image,#hash_1c117a5c5de8b6f7
image,#loot03_ui_icon_outfit_global_warpaint_sunglasses_ajax
image,#loot04_ui_icon_outfit_warrior_epic1_wetworks_spectre
image,#ui_icon_rank_wz_level12_large
image,#hash_1c493da37e2617e2
image,#loot03_ui_icon_outfit_panther_rare1_prophet_outfit_bundle
image,#hash_1c4e09c28cbf5e71
image,#ui_icon_elixirs_power_vacuum
image,#hash_1c5b85baaddaf320
image,#hash_1c5bc4ee7c1a99ae
image,#hash_1c63b74e8a9a2886
image,#hash_1c69d36f956cdcd4
image,#hash_1c6fafed7e50975e
image,#ui_icon_weapon_hud_tr_damageburst
image,#loot_ui_icon_outfit_halloween_extra_warpaint_ghoul_firebreak
image,#ui_icon_medal_bloodthirsty_large
image,#ui_icon_equpiment_zm_chakram_lv2_dark
image,#img_t8_menu_mp_loadscreen_frenetic
image,#loot02_ui_icon_outfit_global_warpaint_rorschach_seraph
image,#loot_ui_icon_outfit_halloween_extra_warpaint_gargoyle_stanton_ix
image,#loot05_ui_icon_outfit_spectrum_rare1_recon
image,d#ui_icon_attachment_smg_accurate_opmod_wildfire
image,#ui_icon_medal_destroy_overwatch
image,#loot03_ui_icon_outfit_global_warpaint_sunglasses_torque
image,d#ui_icon_zm_calling_tasks_lmg
image,#hash_1d074c67bb18921d
image,#ui_icon_rank_mp_level35_large
image,#hash_1d0af0619ec3f072
image,#hash_1d0d28f15663c717
image,#hash_1d1a60af29f10ba2
image,#hash_1d245fdda3799ac8
image,#hash_1d2a49c2cf35c455
image,#loot02_ui_icon_outfit_holidays_extra_warpaint_snowman_takeo
image,#ui_icon_rank_wz_master
image,#hash_1d3f3b6a6005b4f8
image,#hash_1d415efab13023ce
image,#loot02_ui_icon_outfit_global_warpaint_facepalm_diego
image,#loot03_ui_icon_outfit_panther_rare2_crash
image,#loot04_ui_icon_outfit_topography_rare2_firebreak_outfit_bundle
image,#hash_1d5da5695dff9d93
image,#ui_icon_weapon_ar_damage_tactical_render
image,#hash_1d6fdd86aa9badbb
image,#ui_icon_rank_wz_level59_large
image,#loot04_ui_icon_outfit_water_legendary1_nomad
image,#loot_05_ui_icon_blackmarket_stream_russman
image,#loot02_ui_icon_outfit_holidays_extra_warpaint_candy_cane_recon
image,#ui_icon_equpiment_zm_sentry_dark
image,#ui_icon_obit_special_ballistic_knife
image,#ui_icon_wildcard_primaryopperatormod
image,#ui_icon_medal_bait_taken_large
image,#ui_icon_zm_paragon_t7_03_large
image,#ui_icon_medal_annihilated_large
image,#ui_icon_weapon_melee_amuletfist_xl
image,#ui_icon_rank_zm_level36_large
image,#hash_1da80f75f8333af1
image,#loot02_ui_icon_outfit_global_warpaint_rorschach_bruno
image,#ui_icon_elixirs_refresh_mint
image,#ui_icon_weapon_shotgun_semi_sig_01_render
image,#hash_1db616b33400a09a
image,#hash_1dde2769b9c105dc
image,#hash_1de9bf589ba377c4
image,#hash_1ded3c589ba68202
image,#hash_1ded3d589ba683b5
image,#hash_1ded3e589ba68568
image,#hash_1ded3f589ba6871b
image,#hash_1ded40589ba688ce
image,#hash_1ded41589ba68a81
image,#hash_1ded42589ba68c34
image,#hash_1ded43589ba68de7
image,#hash_1ded44589ba68f9a
image,#loot05_ui_icon_outfit_zombie_epic1_battery_outfit_bundle
image,#loot03_ui_icon_outfit_panther_rare2_battery_outfit_bundle
image,#ui_icon_medal_tempest
image,#ui_menu_store_product_b04_cp_500_small
image,#hash_1e06aeda6e377b5c
image,#loot03_ui_icon_outfit_global_warpaint_sunglasses_richtofen_pri
image,#hash_1e19fda4b11588dc
image,#loot03_ui_icon_outfit_panther_rare1_zero
image,#hash_1e2b537ca16e1a78
image,#ui_icon_talisman_pap_cost
image,#loot_ui_icon_outfit_halloween_extra_warpaint_grim_battery
image,#hash_1e3a2462d6ed23fa
image,#hash_1e3d2c89b6481972
image,#loot04_ui_icon_outfit_topography_rare1_seraph
image,#hash_1e58ea36e77f6fd5
image,#loot04_ui_icon_outfit_global_warpaint_s4_fish_recon
image,#ui_icon_medal_dead_circuit_large
image,#loot03_ui_icon_outfit_global_warpaint_jester_nomad
image,d#ui_icon_attachment_smgcapacity_opmod_beltfed
image,#hash_1e6e289e77cd2363
image,#ui_icon_elixirs_quacknarok
image,#loot03_ui_icon_outfit_global_warpaint_robber_scarlett
image,#ui_icon_weapon_ar_fastfire
image,#hash_1e93b702efe36136
image,#hash_1e96a6b48143bec0
image,d#ui_icon_attachment_bayonet
image,#hash_1ea48da163aebba0
image,#ui_icon_medal_oneshotonekill
image,#loot03_ui_icon_outfit_global_warpaint_clover_stanton_ix
image,#hash_1ebd66c5e00ca2ef
image,#hash_1ebe01c2e0fa57d7
image,#loot07_ui_icon_blackmarket_itemshop_trejo
image,d#hash_1ec85236b997c587
image,#loot03_ui_icon_outfit_global_warpaint_sunglasses_battery
image,#loot02_ui_icon_outfit_holidays_extra_warpaint_krampus_diego_ix
image,#hash_1ecce0b05cc51431
image,#hash_1ed7b4b891f47978
image,#hash_1eebf893259cbda3
image,#ui_icon_obit_ar_galil
image,#ui_icon_weapon_hud_sniper_quickscope
image,#loot02_ui_icon_outfit_global_warpaint_hypnotic_richtofen
image,#hash_1f0e8bf2df00768e
image,#ui_icon_perks_zm_etherealrazor
image,#hash_1f14bc6663598ac8
image,#ui_icon_specialist_portrait_draft_hudson
image,#hash_1f271e39076e48d0
image,#loot04_ui_icon_outfit_topography_rare1_battery
image,#hash_1f3a6b48a26081a1
image,#loot02_ui_icon_outfit_global_warpaint_flaming_skull_dempsey
image,#hash_1f498dfc66f2d332
image,#hash_1f6009e1b61f8658
image,#loot_ui_icon_outfit_halloween_extra_warpaint_gargoyle_nikolai
image,#hash_1f6f321dce950d58
image,#ui_icon_talisman_vapor_start_4
image,#ui_icon_talisman_vapor_start_1
image,#ui_icon_talisman_vapor_start_2
image,#ui_icon_talisman_vapor_start_3
image,#hash_1f7cbf814ee076af
image,#loot03_ui_icon_outfit_global_warpaint_clubs_battery
image,#ui_icon_rank_zm_level32_large
image,#ui_icon_obit_ar_stealth
image,d#ui_icon_weapon_pistol_burst_render_xl
image,#hash_1fa0c5caa2ff4374
image,#hash_1fb4b78121d176e1
image,#loot02_ui_icon_outfit_global_warpaint_maori_richtofen
image,#loot02_ui_icon_outfit_holidays_extra_warpaint_krampus_recon
image,#ui_icon_elixirs_stock_option
image,#ui_icon_rank_zm_level09_large
image,d#ui_icon_zm_calling_tasks_wallbuys
image,#hash_1ff27e76ae7a11c0
image,#hash_1ff35d8474faa6f5
image,#loot02_ui_icon_outfit_global_warpaint_flaming_skull_bruno
image,#loot04_ui_icon_outfit_topography_rare3_ruin
image,#loot03_ui_icon_outfit_global_warpaint_clover_prophet
image,#loot02_ui_icon_outfit_global_warpaint_maori_nikolai
image,#ui_icon_zm_paragon_t7_24_large
image,#ui_icon_gamemode_safeguard_large
image,#hash_2028b2c0395c86bf
image,#loot04_ui_icon_outfit_global_warpaint_s4_sun_scarlett_ix
image,#ui_icon_weapon_sniper_powerbolt_tactical_render
image,#ui_icon_medal_headshot_large
image,#loot03_ui_icon_outfit_warrior_epic1_robber_crash_outfit_bundle
image,#ui_icon_rank_wz_level64_large
image,#loot05_ui_icon_outfit_demonology_legendary1_outrider
image,#loot02_ui_icon_outfit_holidays_extra_warpaint_dragon_ruin
image,#hash_2057b2ffd58957fc
image,#hash_205bdc1e2640bf6a
image,#loot04_ui_icon_outfit_global_warpaint_s4_pharaoh_recon
image,#ui_icon_hvo_sharpshooter_seraph
image,#loot_ui_icon_outfit_halloween_extra_warpaint_punkinhead_dempsey
image,#hash_206bfac40cb6628f
image,#loot_ui_icon_outfit_halloween_extra_warpaint_pumpkin_battery
image,#hash_206e8eaa915a8bc5
image,d#ui_icon_weapon_ar_stealth_render_xl
image,#ui_icon_specialist_portrait_hud_yuri
image,#ui_icon_specialist_portrait_draft_recon
image,#loot05_ui_icon_outfit_global_warpaint_s5_zombie_outrider
image,#loot02_ui_icon_outfit_holidays_extra_warpaint_nutcracker_ajax
image,#ui_icon_medal_ambushed_large
image,d#ui_icon_attachment_tr_midburst_opmod_burstaccelerator
image,#hash_20b126e208a57a8c
image,#hash_20b29163e48c0216
image,#hash_20b688ceccc62232
image,#loot05_ui_icon_outfit_mean_legendary1_recon_outfit_bundle
image,#ui_icon_weapon_shotgun_pump
image,#loot_ui_icon_outfit_halloween_extra_warpaint_alien_takeo
image,#hash_20c78d1b36e74c3d
image,d#ui_icon_wildcard_overkill_large
image,#hash_20d64680ee7731d8
image,#hash_20d64880ee77353e
image,#hash_20d64980ee7736f1
image,#hash_20d64a80ee7738a4
image,#hash_20d64b80ee773a57
image,#hash_20d64c80ee773c0a
image,#hash_20d64d80ee773dbd
image,#ui_icon_specialist_portrait_hud_stuhlinger
image,#loot04_ui_icon_outfit_global_warpaint_s4_pharaoh_nomad
image,#hash_20f2a5d1aa820bf9
image,#hash_20f334fd622d29fe
image,#hash_20f5c3afe39321d2
image,#hash_210a71b5ab7b7acd
image,#hash_211185b27c38298e
image,#ui_icon_weapon_ray_gun_render
image,#loot03_ui_icon_outfit_global_warpaint_sunglasses_bruno
image,#hash_212a690f8b74c1b5
image,#ui_icon_rank_zm_level29_large
image,#ui_icon_attachment_smg_fastburst_recon
image,#hash_21559845ab83594b
image,#loot02_ui_icon_outfit_holidays_extra_warpaint_dragon_nomad
image,#loot04_ui_icon_outfit_global_warpaint_s4_creature_ruin
image,#loot03_ui_icon_outfit_panther_rare1_prophet
image,#hash_218e7c87ee482240
image,#hash_218ead3834548134
image,#ui_icon_mp_sparrow_multikill
image,#loot03_ui_icon_outfit_global_warpaint_robber_bruno
image,#ui_icon_elixirs_head_drama
image,#ui_icon_rank_zm_level51_large
image,#ui_icon_gamemode_quickplay_wz_large
image,#loot05_ui_icon_outfit_spectrum_rare1_nomad
image,d#ui_icon_equipment_eq_sensor
image,#hash_21bd160a8a40b2f5
image,#loot03_ui_icon_outfit_global_warpaint_tattoo_diego
image,#hash_21cac6a0b80ab091
image,#ui_icon_medal_destroy_warthog_large
image,#hash_21d2ff84d81b506b
image,#ui_icon_wz_prestige_07_large
image,#ui_icon_medal_cominginhot_large
image,#hash_21e826a2f517b489
image,#hash_21fce1413e4b0cfe
image,#loot02_ui_icon_outfit_holidays_extra_warpaint_naughtyornice_crash
image,#ui_icon_weapon_hud_smg_minigun
image,#ui_icon_weapons_zm_blundergat
image,#loot03_ui_icon_outfit_panther_rare3_torque
image,#loot03_ui_icon_outfit_global_warpaint_hearts_bruno_ix
image,#hash_2229ace67290bf56
image,#loot02_ui_icon_outfit_holidays_extra_warpaint_dragon_crash
image,#ui_icon_inventory_snowball
image,#hash_224b54a074f6a489
image,#ui_icon_medal_lockdown_large
image,#hash_2258033d925337b2
image,#img_t8_menu_mp_loadscreen_geothermal
image,#ui_icon_zm_paragon_t7_01_large
image,#ui_icon_perks_zm_stonecoldstronghold_lg
image,#hash_229482563ce17fa5
image,#hash_229537a347ec639d
image,#ui_icon_zm_paragon_t7_18_large
image,#loot03_ui_icon_outfit_warrior_epic2_cop_seraph_warpaint
image,#hash_22a7354d11908eed
image,#loot05_ui_icon_outfit_global_warpaint_s5_hazard_outrider
image,#hash_22b0f8a1ce4bcfa6
image,#ui_icon_gamemode_hardpoint_proseries_large
image,#loot02_ui_icon_outfit_global_warpaint_boogie_man_stanton_ix
image,#hash_22be77e6190a2302
image,#ui_icon_medal_brutal
image,#hash_22d02f618a2c208c
image,#loot05_ui_icon_outfit_mean_legendary1_ajax
image,d#ui_icon_zm_calling_tasks_shotgun
image,#loot02_ui_icon_outfit_global_warpaint_flaming_skull_richtofen
image,#ui_icon_weapon_ar_heavy
image,#hash_22db7f2f4dd34a3b
image,#loot_02_ui_icon_blackmarket_stream_dempsey_01
image,#ui_icon_mp_paragon_t5_15_large
image,#hash_22ec938ed4ad3499
image,#loot03_ui_icon_outfit_panther_rare1_seraph_outfit_bundle
image,#hash_22f46427c40e0782
image,#loot_ui_icon_outfit_halloween_extra_warpaint_demon_scarlett
image,#loot05_ui_icon_outfit_zombie_epic1_nomad
image,#loot04_ui_icon_outfit_global_warpaint_s4_fish_scarlett_ix
image,#ui_icon_weapons_zm_smg_fastburst
image,#hash_232291b182409359
image,#loot02_ui_icon_outfit_holidays_extra_warpaint_candy_cane_ruin
image,d#ui_icon_weapon_camo_active_sig_pistol_burst_render
image,#hash_2339db6f0ed2d82e
image,#loot03_ui_icon_outfit_global_warpaint_tattoo_torque
image,#ui_icon_weapon_sniper_locus_wz_render
image,#loot04_ui_icon_blackmarket_reserves_weapon_smg_folding_mk2
image,#loot_ui_icon_outfit_halloween_extra_warpaint_gargoyle_prophet
image,#hash_236ff32184f9f13e
image,#hash_2371cae0b85bcb58
image,#ui_icon_emotes_matrixdodge
image,#loot02_ui_icon_outfit_global_warpaint_flaming_skull_torque
image,#hash_23862124f7eb0b40
image,#hash_238b1103a71b2b19
image,#loot03_ui_icon_outfit_warrior_epic1_robber_ruin_warpaint
image,d#ui_icon_weapon_tr_powersemi_render_xl
image,#loot05_ui_icon_outfit_global_warpaint_s5_zombie_battery
image,#loot03_ui_icon_outfit_global_warpaint_tattoo_battery
image,#loot02_ui_icon_outfit_holidays_extra_warpaint_candy_cane_diego_ix
image,#ui_icon_mp_paragon_t5_11_large
image,#hash_23bde2e49e831941
image,#hash_23bff571b1e757e5
image,#hash_23c173bd978371ca
image,#ui_icon_weapon_pistol_fullauto_xl
image,#hash_23d32f86800c6491
image,#ui_icon_weapon_shotgun_fullauto_xl
image,#hash_23e54668547dd1ab
image,#loot_ui_icon_outfit_halloween_extra_warpaint_gargoyle_ruin
image,#hash_23e997c2422e7ac6
image,#ui_icon_rank_wz_level38_large
image,#ui_icon_rank_wz_level20_large
image,#loot03_ui_icon_outfit_global_warpaint_clover_stanton
image,#hash_23fc046adddae8b4
image,#loot03_ui_icon_outfit_panther_rare1_ajax_outfit_bundle
image,#loot02_ui_icon_outfit_global_warpaint_facepalm_nikolai
image,#loot02_ui_icon_outfit_holidays_extra_warpaint_nutcracker_diego_ix
image,#hash_241dcdbc3e815438
image,#hash_241dd0bc3e815951
image,#ui_icon_mp_paragon_t4_05_large
image,#loot_ui_icon_outfit_halloween_extra_warpaint_cthulhu_bruno_ix
image,#loot04_ui_icon_outfit_global_warpaint_s4_creature_dempsey_pri
image,#ui_icon_elixirs_wall_to_wall_savings
image,#hash_242a0f13111f59f1
image,#ui_icon_obit_melee_amuletfist
image,#hash_243dccd4569f903f
image,#loot03_ui_icon_outfit_global_warpaint_clover_crash
image,#loot02_ui_icon_outfit_global_warpaint_flaming_skull_battery
image,#ui_icon_weapon_tr_flechette_xl
image,#hash_2448e1d07236a499
image,#hash_2451733becae0fcd
image,#ui_icon_medal_elimination
image,#loot02_ui_icon_outfit_global_warpaint_flaming_skull_firebreak
image,#hash_246b529852adc8d6
image,#ui_icon_rank_mp_level17_large
image,#ui_icon_rank_wz_level26_large
image,d#ui_icon_wildcard_gluttony02_large
image,#hash_24a4652bc7a49a2d
image,#hash_24a8ada5e8633f3c
image,#loot03_ui_icon_outfit_global_warpaint_tattoo_nomad
image,#loot02_ui_icon_outfit_global_warpaint_flaming_skull_nikolai
image,#loot02_ui_icon_outfit_holidays_extra_warpaint_dragon_stanton_ix
image,#loot03_ui_icon_outfit_global_warpaint_tattoo_bruno
image,#hash_24c367ee7933cf55
image,#loot05_ui_icon_blackmarket_reserves_special_crossbow
image,#hash_24c51cea243dfa9f
image,#ui_icon_zm_paragon_t7_09_large
image,#loot04_ui_icon_outfit_global_warpaint_s4_creature_seraph
image,#loot02_ui_icon_outfit_global_warpaint_hypnotic_nikolai
image,#ui_icon_weapon_ar_damage_render
image,#hash_24eff6a4580467f5
image,#ui_icon_specialist_portrait_draft_blackjack
image,#hash_250b4d5723d7e36d
image,#hash_251140cacf86dd17
image,#ui_icon_hero_portrait_draft_diego
image,#ui_icon_obit_special_crossbow
image,#loot02_ui_icon_outfit_holidays_extra_warpaint_candy_cane_ajax
image,#hash_253aa8f0e668f1ed
image,#hash_2556471550165d14
image,#loot04_ui_icon_outfit_global_warpaint_s4_creature_richtofen_pri
image,#ui_icon_rank_mp_level12_large
image,#loot03_ui_icon_outfit_global_warpaint_hearts_firebreak
image,#loot02_ui_icon_outfit_global_warpaint_maori_bruno_ix
image,#hash_256f732fa98c6598
image,#ui_icon_weapon_special_crossbow_xl
image,#ui_icon_medal_ultrakill_large
image,#hash_25866e04e1d70850
image,#loot04_ui_icon_outfit_topography_rare2_outrider
image,#ui_icon_mp_paragon_t5_13_large
image,#hash_259618570cdc56b4
image,#ui_icon_mp_paragon_t5_09_large
image,#loot04_ui_icon_outfit_global_warpaint_s4_pharaoh_richtofen_pri
image,#hash_25b24a0bec8cae09
image,#ui_icon_weapon_sniper_mini14_xl
image,#hash_25b9130e79177085
image,#ui_icon_weapon_hud_melee_stopsign
image,#ui_menu_store_product_b04_spectre_rising_large
image,#hash_25bf92c5062c86b5
image,#loot02_ui_icon_outfit_global_warpaint_pixel_perfect_firebreak
image,#loot04_ui_icon_outfit_topography_rare1_firebreak
image,#loot04_ui_icon_outfit_topography_rare3_battery_outfit_bundle
image,#ui_icon_specialist_portrait_draft_brigadier
image,#loot04_ui_icon_outfit_topography_rare3_seraph_outfit_bundle
image,#loot02_ui_icon_outfit_global_warpaint_fern_recon
image,#ui_icon_weapon_smg_folding_tactical_render
image,#hash_25ef74ffe2841911
image,#hash_25f2472cf3773e15
image,#hash_2605f53c5e5ea932
image,#loot02_ui_icon_outfit_global_warpaint_maori_nomad
image,#hash_26133398ca89ef29
image,d#ui_icon_weapon_ar_damage_mk2_render
image,#loot03_ui_icon_outfit_global_warpaint_clover_ruin
image,#ui_menu_store_product_b04_digital_refresh_spectre_rising_large
image,#loot03_ui_icon_outfit_global_warpaint_clover_torque
image,#ui_icon_hvo_mvp_crash
image,#hash_263edaae6fcc2ed3
image,#loot05_ui_icon_outfit_mean_legendary1_spectre
image,#hash_264763100ab34104
image,#loot02_ui_icon_outfit_global_warpaint_maori_diego_ix
image,#hash_26585c3e61286f13
image,#hash_2659e1418544e933
image,#hash_265a204a1892947f
image,#ui_icon_mp_paragon_t6_10_large
image,#loot02_ui_icon_outfit_global_warpaint_fern_stanton_ix
image,#loot02_ui_icon_outfit_holidays_extra_warpaint_dragon_scarlett
image,#hash_2674356f61806fec
image,#ui_icon_rank_wz_level79_large
image,#loot05_ui_icon_outfit_mean_legendary1_spectre_outfit_bundle
image,#loot_ui_icon_outfit_halloween_extra_warpaint_cthulhu_nomad
image,#loot05_ui_icon_outfit_vampire_legendary1_torque
image,#hash_2695115f50d42217
image,#loot05_ui_icon_blackmarket_reserves_smg_fastburst_sig_02
image,#ui_icon_hero_portrait_draft_stanton_gladiator
image,#ui_icon_weapon_hud_tr_flechette
image,#ui_icon_medal_delivered_large
image,#loot03_ui_icon_outfit_global_warpaint_diamonds_seraph
image,#loot03_ui_icon_outfit_global_warpaint_sunglasses_stanton
image,#loot04_ui_icon_outfit_global_warpaint_s4_fish_bruno
image,#hash_26c1931901027662
image,#ui_menu_store_product_b04_cp_5000_small
image,#hash_26d53a6e119b29b7
image,#loot_ui_icon_outfit_halloween_extra_warpaint_cthulhu_diego
image,#ui_icon_rank_wz_level71_large
image,#loot02_ui_icon_outfit_holidays_extra_warpaint_nutcracker_stanton
image,#loot04_ui_icon_outfit_global_warpaint_s4_crackedmask_outrider
image,#loot04_ui_icon_outfit_topography_rare1_outrider
image,#loot03_ui_icon_outfit_global_warpaint_hearts_bruno
image,#hash_26f7658c034b6d2d
image,#ui_icon_emotes_jugglesoccreball
image,#loot_02_ui_icon_blackmarket_stream_melee_slaybell
image,#loot03_ui_icon_outfit_global_warpaint_clubs_bruno
image,#loot02_ui_icon_outfit_global_warpaint_bleeding_nikolai
image,#loot_ui_icon_outfit_halloween_extra_warpaint_alien_nikolai
image,#loot04_ui_icon_outfit_warrior_epic1_wetworks_prophet_warpaint
image,#hash_27234ce259fe0374
image,#hash_272f5a351f508a7e
image,#loot03_ui_icon_outfit_global_warpaint_diamonds_firebreak
image,#ui_icon_equipment_frag_hud_dark
image,#ui_menu_store_product_b04_kronos_preorder_cases_large
image,#loot03_ui_icon_outfit_warrior_epic2_cop_seraph
image,#loot02_ui_icon_outfit_global_warpaint_facepalm_torque
image,#loot04_ui_icon_outfit_global_warpaint_s4_pharaoh_diego
image,#ui_icon_weapon_tr_longburst_operator_render
image,#hash_27700ba1981b0120
image,#ui_icon_medal_hot_swap
image,#ui_icon_obit_lmg_heavy
image,#hash_277e0633826f4558
image,#ui_icon_gamemode_killconfirmed_large
image,#loot_ui_icon_outfit_halloween_extra_warpaint_ghoul_bruno_ix
image,#hash_278b89d5eb019d7c
image,#hash_278c84dfdab4cd8b
image,#ui_icon_mp_paragon_t5_05_large
image,#hash_27961e0c1fc5f1b8
image,#loot03_ui_icon_outfit_global_warpaint_diamonds_stanton_ix
image,#hash_279c0c3386370d7f
image,#hash_27a178cf3de25c3b
image,#hash_27a971d64fd423d1
image,#hash_27a98f758e27a25c
image,#hash_27ad3e26b9f30283
image,#hash_27ad3f26b9f30436
image,#hash_27ad4026b9f305e9
image,#hash_27ad4126b9f3079c
image,#hash_27ad4226b9f3094f
image,#hash_27ad4326b9f30b02
image,#hash_27ad4426b9f30cb5
image,#hash_27ad4526b9f30e68
image,#hash_27ae536f0b41fa04
image,#loot03_ui_icon_outfit_global_warpaint_robber_richtofen_pri
image,#loot04_ui_icon_outfit_global_warpaint_s4_fish_richtofen_pri
image,#hash_27d3a0acc4f71b2c
image,#ui_icon_medal_mayhem_large
image,#loot04_ui_icon_outfit_global_warpaint_s4_sun_prophet
image,#hash_27e38886e74546f9
image,#hash_27e8a4f95d762a5b
image,#loot02_ui_icon_outfit_global_warpaint_flaming_skull_prophet
image,#ui_icon_attachment_knife_loader
image,#hash_2802c9aba4d7729a
image,#hash_28031bd368dd0884
image,#loot_ui_icon_tags_halloweenevent_werewolf
image,#hash_28095806b81ceb01
image,#loot03_ui_icon_outfit_panther_rare2_prophet
image,d#ui_icon_equipment_hatchet
image,#hash_2818e4c0efd758a6
image,#ui_icon_talisman_extra_claymore
image,#loot03_ui_icon_outfit_global_warpaint_jester_diego
image,#loot_ui_icon_outfit_halloween_extra_warpaint_grimreaper_scarlett_ix
image,#loot02_ui_icon_outfit_holidays_extra_warpaint_reindeer_scarlett_ix
image,#ui_icon_specialist_portrait_draft_sergei
image,#hash_2835ff1db9e421b1
image,#hash_28386ea414e503fd
image,#hash_283a39e4c1e8ff52
image,#hash_283e381356397f89
image,#loot02_ui_icon_outfit_global_warpaint_bleeding_scarlett
image,#hash_2851d0cd0e363813
image,#hash_285400b158c16e88
image,#hash_285c5d809157d62a
image,#loot_ui_icon_outfit_halloween_extra_warpaint_cthulhu_scarlett
image,#loot02_ui_icon_outfit_global_warpaint_bleeding_dempsey
image,#ui_icon_weapon_hud_ar_peacekeeper
image,#hash_28743b68e0bf0e3b
image,#hash_2876f66e57b1d961
image,#loot04_ui_icon_outfit_topography_rare3_seraph
image,#ui_icon_elixirs_equip_mint
image,#hash_2880e53f57d29450
image,#ui_icon_weapons_zm_sniperquickscope
image,#ui_icon_obit_tr_longburst
image,#ui_icon_weapon_melee_zombie_arm_render
image,#ui_icon_zm_paragon_t6_07_large
image,#loot02_ui_icon_outfit_global_warpaint_pixel_perfect_dempsey
image,#ui_icon_rank_zm_level12_large
image,#hash_28ac70ddb20c3edc
image,#hash_28ad6e9cb1041800
image,#hash_28aebdee75fd8882
image,#hash_28c10a2140f03802
image,#loot03_ui_icon_outfit_global_warpaint_tattoo_outrider
image,#hash_28c6d654f1828f9b
image,#hash_28ce7867be3f24a4
image,#hash_28d549b1e7b9c8de
image,#ui_icon_specialist_portrait_hud_misty
image,#loot03_ui_icon_outfit_panther_rare2_recon
image,#ui_icon_medal_frenzykill_large
image,#hash_291064653428e8f0
image,#hash_29112988d94288ab
image,#loot05_ui_icon_outfit_mean_legendary1_firebreak
image,#hash_291ff5111daaf7f4
image,#hash_2930d23cbf95ce59
image,#hash_293248ef2404a550
image,#ui_icon_emotes_fingerglasses
image,#hash_293a0a9dca827d72
image,#ui_icon_obit_shotgun_pump
image,#hash_29508c0fcc375d31
image,#ui_icon_weapons_zm_armodular
image,#hash_295676927d513cb5
image,#loot02_ui_icon_outfit_holidays_extra_warpaint_nutcracker_zero
image,#hash_296d173c5a892db5
image,#hash_296d50be40f77ca3
image,#loot03_ui_icon_outfit_benjamins_legendary1_battery_outfit_bundle
image,#loot05_ui_icon_outfit_global_warpaint_s5_hazard_crash
image,#loot03_ui_icon_outfit_panther_rare3_crash_outfit_bundle
image,#hash_2988969d6dd647c7
image,#loot04_ui_icon_outfit_global_warpaint_s4_pharaoh_dempsey_pri
image,#loot02_ui_icon_outfit_global_warpaint_flaming_skull_seraph
image,#hash_29a0f093631bc71b
image,d#ui_icon_attachment_sniper_quickrechamber_opmod
image,#ui_icon_specialist_portrait_draft_weaver
image,#loot03_ui_icon_outfit_warrior_epic1_robber_nomad
image,#hash_29b101066b25e503
image,#hash_29c932da3bc1a9da
image,#ui_icon_rank_wz_level39_large
image,#hash_29ce1be52022269b
image,#ui_icon_weapon_ar_accurate_sig_02_render
image,#loot04_ui_icon_outfit_topography_rare2_spectre_outfit_bundle
image,#loot_ui_icon_outfit_halloween_extra_warpaint_scarecrow_nomad
image,#loot02_ui_icon_outfit_global_warpaint_boogie_man_torque
image,#ui_icon_equipment_zm_flamethrower_lvl1_dark
image,#hash_29f394038b227047
image,#hash_2a1e85b4fc51b10c
image,#hash_2a1eaf87870d9d1e
image,#loot03_ui_icon_outfit_global_warpaint_jester_crash
image,#ui_icon_medal_bank_shot
image,#hash_2a3c35b35d3a1f58
image,#ui_icon_weapon_hud_lmg_stealth
image,#loot02_ui_icon_outfit_global_warpaint_maori_battery
image,#ui_icon_equipment_frag_hud
image,#ui_icon_rank_zm_level28_large
image,#xenonbutton_x
image,#xenonbutton_y
image,#xenonbutton_b
image,#xenonbutton_a
image,#hash_2a693da6bebbeb01
image,#hash_2a6c85571e7dad5a
image,#hash_2a6dacc1020dc171
image,#hash_2a708b8f089c7bc4
image,#loot05_ui_icon_outfit_spectrum_rare1_torque_outfit_bundle
image,#hash_2a8538929a91d9ef
image,#loot05_ui_icon_outfit_global_warpaint_s5_zombie_takeo_pri
image,#uie_ui_icon_weapon_default_class
image,#hash_2a8aaf2bff524d85
image,#hash_2a8b0097a58122b7
image,#hash_2a8ff35a2f3538b5
image,#ui_icon_hvo_sharpshooter_firebreak
image,#ui_icon_rank_wz_level14_large
image,#ui_icon_medal_destroy_chopper
image,#ui_icon_medal_you_redone_large
image,#loot_ui_icon_outfit_halloween_extra_warpaint_scarecrow_crash
image,#ui_icon_elixirs_kill_joy
image,#loot04_ui_icon_outfit_warrior_epic1_wetworks_nomad
image,d#ui_icon_weapon_smg_fastburst_sig_02_render
image,#loot07_ui_icon_blackmarket_reserves_weapon_minigun
image,#hash_2ad11e70c17d466e
image,#ui_icon_obit_sniper_powerbolt
image,#hash_2add835e021d64f3
image,#hash_2ae56aff1e448601
image,#hash_2aedb5d49786dd18
image,#ui_icon_weapon_smg_minigun_xl
image,#loot02_ui_icon_outfit_global_warpaint_rorschach_scarlett_ix
image,#loot02_ui_icon_outfit_holidays_extra_warpaint_reindeer_richtofen
image,#loot04_ui_icon_outfit_global_warpaint_s4_pharaoh_nikolai_pri
image,#loot02_ui_icon_outfit_global_warpaint_pixel_perfect_bruno_ix
image,#ui_icon_weapon_lmg_standard_sig_01_render
image,#ui_icon_medal_nuclear_large
image,#ui_icon_rank_mp_level43_large
image,#ui_icon_elixirs_secret_shopper
image,#loot03_ui_icon_outfit_global_warpaint_hearts_crash
image,#ui_icon_talisman_box_guarantee_lmg
image,#loot03_ui_icon_outfit_panther_rare3_crash
image,#hash_2b6d0275ee9e9644
image,#ui_icon_perks_zm_secretsauce
image,#hash_2b6f788c1626c08f
image,#loot03_ui_icon_outfit_global_warpaint_diamonds_battery
image,#loot04_ui_icon_outfit_topography_rare1_zero_outfit_bundle
image,#hash_2b92640e171c063d
image,#img_t8_menu_mp_loadscreen_morocco
image,#loot02_ui_icon_outfit_holidays_extra_warpaint_nutcracker_seraph
image,#loot04_ui_icon_outfit_water_legendary1_recon_outfit_bundle
image,#hash_2b9d809a362c080a
image,#hash_2ba86b7b5e0c5d06
image,#loot03_ui_icon_outfit_global_warpaint_spades_firebreak
image,#loot_ui_icon_outfit_halloween_extra_warpaint_alien_torque
image,#ui_icon_rank_mp_level42_large
image,#hash_2bc7480aaede0f0b
image,#ui_icon_obit_launcher_standard
image,#hash_2bd485bfaa90f627
image,#ui_icon_emotes_sparkler
image,#loot04_ui_icon_outfit_global_warpaint_s4_sun_ajax
image,#ui_icon_weapon_hud_sniper_powersemi
image,#ui_icon_weapons_zm_trmidburst
image,#hash_2bfb16546954a050
image,#hash_2c03ecce64b3185d
image,#hash_2c0c4283827e24ee
image,#loot03_ui_icon_outfit_warrior_epic2_cop_firebreak
image,#ui_icon_rank_zm_level35_large
image,#ui_icon_mp_paragon_t7_03_large
image,#loot02_ui_icon_outfit_numbers_recon
image,#hash_2c21d7637e88f0a2
image,#hash_2c2591029d6e9c0c
image,#hash_2c2de6f6a91c9bc0
image,#loot04_ui_icon_outfit_topography_rare3_zero_outfit_bundle
image,#loot03_ui_icon_outfit_panther_rare3_ajax_outfit_bundle
image,#loot03_ui_icon_outfit_global_warpaint_jester_firebreak
image,#ui_icon_equipment_thermite
image,#loot05_ui_icon_outfit_global_warpaint_s5_hazard_scarlett
image,#hash_2c6c8ba3001b6c04
image,#hash_2c70f6ead94db569
image,#ui_icon_weapon_hud_pistol_standard
image,#loot03_ui_icon_outfit_global_warpaint_jester_ruin
image,#ui_icon_zm_paragon_t7_16_large
image,d#ui_icon_wildcard_greed01_large
image,#hash_2c84da72dbea96f9
image,#loot05_ui_icon_outfit_global_warpaint_s5_zombie_recon
image,#hash_2ca39a95985fd704
image,#loot04_ui_icon_outfit_topography_rare2_nomad_outfit_bundle
image,#loot04_ui_icon_outfit_global_warpaint_s4_crackedmask_bruno
image,#hash_2ca6c2ce3c47211d
image,#ui_icon_medal_victor
image,#hash_2cb36e0513f8a314
image,#loot_ui_icon_outfit_halloween_extra_warpaint_grimreaper_diego
image,#hash_2cb4a32659d7cc8b
image,#loot04_ui_icon_outfit_warrior_epic1_wetworks_outrider
image,#loot05_ui_icon_outfit_global_warpaint_s5_hazard_spectre
image,#ui_icon_equpiment_zm_meleehammer_lv2_dark
image,#hash_2cd7e72ccffe32b3
image,#loot02_ui_icon_outfit_holidays_extra_warpaint_naughtyornice_prophet
image,#loot03_ui_icon_outfit_global_warpaint_diamonds_recon
image,#ui_icon_weapon_melee_demohammer_xl
image,#ui_icon_medal_fuzz_buster_large
image,#loot04_ui_icon_outfit_global_warpaint_s4_creature_bruno
image,#hash_2d0226e774660ec3
image,#hash_2d0227e774661076
image,#hash_2d0228e774661229
image,#hash_2d0229e7746613dc
image,#hash_2d022ae77466158f
image,#hash_2d022be774661742
image,#hash_2d022ce7746618f5
image,#hash_2d022de774661aa8
image,#hash_2d022ee774661c5b
image,#hash_2d0529e7746849b3
image,#hash_2d052ae774684b66
image,#hash_2d052be774684d19
image,#ui_icon_weapon_sniper_damagesemi_xl
image,#hash_2d1625fd1abbd582
image,#loot03_ui_icon_outfit_global_warpaint_robber_battery
image,#hash_2d2684950b50629d
image,d#ui_icon_scorestreaks_drone_recon
image,#loot03_ui_icon_outfit_global_warpaint_jester_richtofen_pri
image,#img_t8_menu_mp_loadscreen_firingrange2_alt
image,#ui_icon_rank_wz_level57_large
image,#loot02_ui_icon_outfit_global_warpaint_bleeding_torque
image,#loot03_ui_icon_outfit_global_warpaint_hearts_takeo_pri
image,#loot04_ui_icon_outfit_summer_legendary1_nomad
image,#loot02_ui_icon_outfit_holidays_extra_warpaint_reindeer_dempsey
image,#hash_2d4a8f88b89a418e
image,#hash_2d4d2068202e61d5
image,#loot04_ui_icon_outfit_topography_rare1_ruin
image,#loot03_ui_icon_outfit_global_warpaint_diamonds_richtofen_pri
image,#hash_2d69ea349b2e0b4f
image,#ui_icon_rank_wz_level47_large
image,#loot_ui_icon_outfit_halloween_extra_warpaint_grimreaper_richtofen
image,#ui_icon_rank_zm_level10_large
image,#loot02_ui_icon_outfit_holidays_extra_warpaint_krampus_bruno
image,#hash_2d92b3e117efae2e
image,#hash_2d95f641295b927a
image,d#ui_icon_scorestreaks_cuav
image,#hash_2dbed21008f14ee1
image,#hash_2dc9df5ff1f19c0c
image,#hash_2dcbdb9960cc2a46
image,#loot03_ui_icon_outfit_global_warpaint_sunglasses_nikolai_pri
image,d#ui_icon_weapon_smg_minigun_render
image,#hash_2ddc95cece6523b6
image,#ui_icon_rank_mp_level18_large
image,#hash_2de1706860ba000c
image,#hash_2df42bedd2cd4ad2
image,#hash_2df9cb99442095c0
image,#loot04_ui_icon_outfit_global_warpaint_s4_crackedmask_richtofen_pri
image,#ui_icon_zm_paragon_t7_23_large
image,#loot_ui_icon_outfit_halloween_extra_warpaint_grim_prophet
image,#ui_icon_elixirs_perk_up
image,#loot04_ui_icon_outfit_global_warpaint_s4_pharaoh_seraph
image,#hash_2e231db7d4e742ee
image,#loot04_ui_icon_outfit_global_warpaint_s4_crackedmask_seraph
image,#ui_icon_weapon_lmg_spray_operator_render
image,#loot04_ui_icon_outfit_global_warpaint_s4_fish_battery
image,#ui_icon_medal_litandhit_large
image,#loot_ui_icon_outfit_halloween_extra_warpaint_punkinhead_bruno
image,#loot02_ui_icon_outfit_holidays_extra_warpaint_candy_cane_zero
image,#hash_2e60e3be700b3d95
image,#ui_icon_hvo_killer_seraph
image,#hash_2e66c9f2b95c5999
image,#ui_menu_store_product_b04_dead_of_nights_large
image,#hash_2e6b5887c1935f3d
image,d#ui_icon_weapon_ar_damage_render_xl
image,#loot04_ui_icon_outfit_assassin_legendary1_crash_outfit_bundle
image,#loot02_ui_icon_outfit_holidays_extra_warpaint_snowman_zero
image,#ui_icon_hero_portrait_draft_menendez
image,#ui_icon_medal_ruthless
image,#hash_2e7f25c42e392add
image,#hash_2e8992c6623f760e
image,#hash_2e8c750891030fdd
image,#loot04_ui_icon_outfit_global_warpaint_s4_creature_scarlett
image,#hash_2eaef3909e2ceeb3
image,#hash_2eb206dbf2fa9be4
image,#loot02_ui_icon_outfit_holidays_extra_warpaint_dragon_scarlett_ix
image,#hash_2ec881b2e8fc9a27
image,#hash_2eef89b5de4d3bc4
image,d#ui_icon_zm_calling_tasks_perksused
image,#hash_2f0ff9d24563d880
image,#ui_icon_emotes_s3_leprechaun
image,#hash_2f34f39655c6e3ce
image,#loot03_ui_icon_outfit_global_warpaint_robber_torque
image,#ui_icon_weapon_hud_melee_club
image,#loot03_ui_icon_outfit_warrior_epic2_cop_nomad_outfit_bundle
image,#hash_2f4956dd941f7edc
image,d#ui_icon_zm_calling_tasks_wpnspacked
image,#hash_2f543f0a5dfcb140
image,#hash_2f54ead93c512865
image,#hash_2f58756a91a5bb75
image,#ui_icon_perks_zm_dyingwish_lg
image,#loot02_ui_icon_outfit_global_warpaint_hypnotic_takeo
image,#loot03_ui_icon_outfit_global_warpaint_diamonds_diego
image,#loot03_ui_icon_outfit_panther_rare3_ruin
image,#hash_2f6c4845bf86401a
image,#ui_icon_rank_mp_level25_large
image,#hash_2f7a37b9ec87bc67
image,#hash_2f822aa05429936d
image,#hash_2f824aff92b96eed
image,#ui_icon_medal_allgone
image,#hash_2f8853f57a4bee70
image,d#ui_icon_gear_c_t8_spe_gear_scorestreak
image,#loot05_ui_icon_outfit_spectrum_rare1_firebreak_outfit_bundle
image,#hash_2f9acae6f2ad1a8d
image,#hash_2fa22aad79fb099f
image,#hash_2fa9d91353d995df
image,#ui_icon_hvo_sharpshooter_battery
image,#loot04_ui_icon_outfit_global_warpaint_s4_pharaoh_crash
image,#hash_2fbd8ec4d9a20b9c
image,#ui_icon_rank_zm_level18_large
image,#hash_2fc8c583e310c266
image,#loot04_ui_icon_outfit_global_warpaint_s4_fish_ruin
image,d#ui_icon_gear_c_t8_spe_gear_medic
image,#hash_2fd2a4bc0324c22d
image,#ui_icon_weapon_sniper_powerbolt_wz_xl
image,#hash_2fdadf778457caf0
image,#ui_icon_rank_wz_level76_large
image,#hash_30001d8d8e4b3ef8
image,#hash_30089666d30f95cd
image,#hash_300bd1e5df7484aa
image,#loot02_ui_icon_outfit_holidays_extra_warpaint_dragon_recon
image,#hash_3024b742bb96e899
image,#loot04_ui_icon_outfit_assassin_legendary1_ruin
image,#hash_302ee9ec7dc29acf
image,#hash_302f134ce7bed15a
image,d#ui_icon_zm_callings_tacticalrifle
image,#hash_303858ad188b00d9
image,#loot04_ui_icon_outfit_global_warpaint_s4_pharaoh_zero
image,#hash_303aecadc998d974
image,#ui_icon_wildcard_overkill
image,#img_t8_menu_mp_loadscreen_firingrange2
image,#loot02_ui_icon_outfit_holidays_extra_warpaint_snowman_firebreak
image,#hash_30449467bdaa3956
image,d#ui_icon_equipment_eq_seeker_mine
image,#hash_304ace445e7716f5
image,#loot_ui_icon_outfit_halloween_extra_warpaint_pumpkin_ruin
image,#hash_3059462c7c678ad1
image,#hash_305c22be790f556c
image,#ui_icon_specialist_portrait_draft_crash
image,#loot05_ui_icon_outfit_zombie_epic1_zero
image,#loot04_ui_icon_outfit_global_warpaint_s4_crackedmask_prophet
image,#hash_30727aefda60cbd4
image,#ui_icon_obit_lmg_spray
image,#loot03_ui_icon_outfit_global_warpaint_clubs_nomad
image,#ui_icon_medal_destroy_warthog
image,#hash_308bbbf05abb3c5d
image,#hash_308d7b53ad12375a
image,#loot03_ui_icon_outfit_global_warpaint_robber_bruno_ix
image,#ui_icon_perks_zm_deadshot_lg
image,#loot03_ui_icon_outfit_global_warpaint_tattoo_takeo_pri
image,#hash_309f14af302339fc
image,#ui_icon_medal_k9_unit_large
image,#ui_icon_medal_revenge_large
image,#hash_30c4e7d935401a07
image,#ui_icon_obit_tr_midburst
image,#ui_icon_elixirs_temporal_gift
image,#hash_30d30548141ae035
image,#loot02_ui_icon_outfit_global_warpaint_hypnotic_scarlett_ix
image,#loot05_ui_icon_outfit_global_warpaint_s5_zombie_torque
image,#loot04_ui_icon_outfit_water_legendary1_spectre_warpaint
image,#hash_30eb189ed519a9b9
image,#loot03_ui_icon_outfit_global_warpaint_clubs_nikolai_pri
image,#ui_icon_wz_prestige_08
image,#ui_icon_wz_prestige_09
image,#ui_icon_wz_prestige_02
image,#ui_icon_wz_prestige_03
image,#ui_icon_wz_prestige_01
image,#ui_icon_wz_prestige_06
image,#ui_icon_wz_prestige_07
image,#ui_icon_wz_prestige_04
image,#ui_icon_wz_prestige_05
image,#ui_icon_wz_prestige_11
image,#ui_icon_wz_prestige_10
image,#ui_icon_wz_prestige_13
image,#ui_icon_wz_prestige_12
image,#hash_30fa1068ee106998
image,#loot04_ui_icon_outfit_global_warpaint_s4_fish_stanton
image,#loot02_ui_icon_outfit_holidays_extra_warpaint_nutcracker_takeo
image,#loot02_ui_icon_outfit_holidays_extra_warpaint_snowman_battery
image,#loot04_ui_icon_outfit_global_warpaint_s4_fish_scarlett
image,#ui_icon_equpiment_zm_rastaff_lv2_dark
image,#hash_31146faafc4d671a
image,#loot03_ui_icon_outfit_global_warpaint_jester_takeo_pri
image,#ui_icon_weapon_hud_fists
image,#hash_31302f560e00592d
image,#hash_3130ab3f2f974104
image,#loot04_ui_icon_outfit_water_legendary1_spectre_outfit_bundle
image,#hash_316383e28b2fa44f
image,#hash_3169e83add3006f5
image,#zm_calling_tasks_killsrepacked
image,#loot03_ui_icon_outfit_global_warpaint_spades_bruno
image,#hash_317a7053a41e35d7
image,#loot03_ui_icon_outfit_global_warpaint_clubs_crash
image,#hash_318a4c10d8a33082
image,#ui_icon_perks_zm_victorioustortoise_lg
image,#loot03_ui_icon_outfit_global_warpaint_clover_outrider
image,#hash_31a4957f55c03e62
image,#hash_31b0b565cdfe99c8
image,#hash_31b851aef2629b71
image,#ui_icon_medal_aggression
image,d#pistol_standard_t8_camo_sig02_icon
image,#loot_ui_icon_outfit_dotd_base_pal_exo2_recon
image,#loot_ui_icon_outfit_halloween_extra_warpaint_demon_battery
image,#ui_icon_weapon_hud_melee_amuletfist
image,#hash_31e05ae040c25302
image,#hash_31e81eb72116fdd2
image,#hash_31e8c13b8ac59c74
image,#hash_31ee677e6e326184
image,#hash_3201e27c1fff7602
image,#hash_3205aece33d6c1a6
image,#hash_320e33503c5116bb
image,#ui_icon_mp_paragon_t6_03_large
image,#ui_icon_elixirs_cache_back
image,#loot04_ui_icon_blackmarket_reserves_weapon_ sniper_locus
image,#hash_32483dfa3acfef29
image,#hash_3269fb2a2cfe9e11
image,#hash_3270c6882ef05d58
image,#hash_32752a9009de6d06
image,#ui_icon_obit_pistol_revolver
image,#hash_3284ce1a2c287770
image,#ui_icon_medal_comeback_large
image,#ui_icon_medal_tearjerker_large
image,#loot04_ui_icon_outfit_warrior_epic1_wetworks_recon_warpaint
image,#loot02_ui_icon_outfit_holidays_extra_warpaint_nutcracker_scarlett
image,#loot04_ui_icon_outfit_water_legendary1_recon_warpaint
image,#hash_3294e2a15d9610f5
image,#hash_329a95480dd93927
image,#hash_329e26d8aff33295
image,#ui_icon_mp_prestige_09_large
image,#loot05_ui_icon_outfit_zombie_epic1_torque
image,#loot03_ui_icon_outfit_global_warpaint_hearts_seraph
image,#ui_icon_specialist_portrait_draft_butler
image,#hash_32b0bc39a47b5ac9
image,#loot04_ui_icon_outfit_warrior_epic1_wetworks_torque_outfit_bundle
image,#hash_32df4e9ecce650a5
image,#hash_32dfeafb05f0b4c6
image,#ui_menu_store_product_b04_alpha_omega_large
image,#hash_32e8d05abb9584f0
image,#ui_icon_rank_wz_level48_large
image,#hash_32eeb4e67455725e
image,#hash_32efad78dd3d13ce
image,#hash_32f8a4d6452dcfea
image,#hash_32fd1a0bcfa7616b
image,#ui_icon_obit_smg_folding
image,#ui_icon_specialist_portrait_draft_reaper
image,#hash_330e014291b6ff39
image,#hash_330f4165b7e831a9
image,#loot02_ui_icon_outfit_holidays_extra_warpaint_naughtyornice_nomad
image,#hash_331489a544dabef6
image,#loot03_ui_icon_outfit_global_warpaint_diamonds_scarlett
image,#hash_3326ea14004a72d3
image,#loot03_ui_icon_outfit_global_warpaint_robber_dempsey_pri
image,#hash_332ca4b76d8a7684
image,#hash_3348f6af7de15f30
image,#hash_3348f7af7de160e3
image,#hash_3348f9af7de16449
image,#loot03_ui_icon_outfit_global_warpaint_spades_stanton
image,#ui_icon_weapon_hud_tr_midburst
image,#ui_icon_hvo_killer_recon
image,#ui_icon_medal_bully
image,#ui_icon_weapon_hud_shotgun_prec
image,#hash_33753f10606b800a
image,#ui_icon_rank_mp_level11_large
image,#hash_33802af275569cd6
image,#loot02_ui_icon_outfit_global_warpaint_rorschach_firebreak
image,#ui_icon_weapon_tr_leveraction_xl
image,#hash_338689caa4ebd21b
image,#hash_3391b2e89be88e2a
image,#hash_33922b84a64ea138
image,#loot_ui_icon_outfit_halloween_extra_warpaint_scarecrow_firebreak
image,#hash_339d49fd966f7f57
image,#ui_icon_rank_wz_level23_large
image,#loot03_ui_icon_outfit_panther_rare2_outrider
image,#ui_icon_elixirs_sword_flay
image,d#zm_calling_tasks_xkills
image,#ui_icon_weapon_hud_smg_standard
image,#hash_33d73a15c742c379
image,#hash_33e6242cc955a010
image,#ui_icon_medal_fly_swatter
image,d#ui_icon_weapon_tr_flechette_render
image,#hash_3400d95b47c0f32c
image,#ui_icon_weapon_hud_ar_accurate
image,#ui_icon_wz_prestige_01_large
image,#ui_icon_medal_scrapped_large
image,#ui_icon_emotes_homerun
image,#loot02_ui_icon_outfit_global_warpaint_fern_bruno
image,#hash_34319e6999b37917
image,#hash_34347dca95b2b458
image,#ui_icon_mp_paragon_t7_01_large
image,#hash_3445612bb71a4857
image,#ui_icon_medal_nope
image,#hash_345ac56415bc7041
image,#ui_icon_weapon_tr_midburst_sig_02_render
image,#hash_34773ed14ac64191
image,#loot02_ui_icon_outfit_holidays_extra_warpaint_nutcracker_ruin
image,#ui_icon_talisman_impatient
image,#loot05_ui_icon_outfit_global_warpaint_s5_zombie_bruno
image,#hash_3488abe5cae80883
image,#loot03_ui_icon_outfit_panther_rare1_nomad
image,#loot03_ui_icon_outfit_global_warpaint_jester_zero
image,#hash_34904cee476c807b
image,#loot02_ui_icon_outfit_global_warpaint_pixel_perfect_takeo
image,#hash_3498f026935dc99f
image,#ui_icon_weapon_sniper_powerbolt_render
image,#img_t8_menu_mp_loadscreen_maldives
image,d#ui_icon_scorestreaks_air_razorback
image,#hash_34ba4c3bc5606ae0
image,#ui_icon_medal_relentless_large
image,#hash_34bd98bf7a07c89c
image,d#ui_icon_weapon_ar_stealth_mk2_render
image,#loot04_ui_icon_outfit_global_warpaint_s4_sun_spectre
image,#loot03_ui_icon_outfit_global_warpaint_robber_nikolai_pri
image,#ui_menu_store_product_b04_cp_200_small
image,#hash_34d7eadadfeebbb7
image,#hash_34e219e3efdb8ec6
image,#hash_34ea1d5de810cca8
image,#loot02_ui_icon_outfit_holidays_extra_warpaint_dragon_takeo
image,#hash_35087aaf5947e7f3
image,#ui_icon_emotes_warface
image,#hash_350ace1fe40acb4e
image,#ui_icon_medal_dead_from_above
image,#loot05_ui_icon_outfit_global_warpaint_s5_zombie_diego_ix
image,#hash_3529110b9bfee162
image,#ui_icon_medal_megakill_large
image,#ui_icon_weapon_shotgun_fullauto_tactical_render
image,#hash_353e6b3be3f6e0c4
image,#loot03_ui_icon_outfit_panther_rare2_firebreak_outfit_bundle
image,d#ui_icon_equipment_gadget_supplypod
image,#ui_icon_medal_collateral_large
image,#loot04_ui_icon_outfit_water_legendary1_ajax
image,#hash_355f2e1300c98889
image,#hash_355fd861de56ef64
image,#loot03_ui_icon_outfit_global_warpaint_robber_outrider
image,#loot03_ui_icon_outfit_warrior_epic1_robber_ruin
image,#loot03_ui_icon_outfit_warrior_epic1_robber_seraph_outfit_bundle
image,#loot04_ui_icon_outfit_global_warpaint_s4_crackedmask_zero
image,#loot04_ui_icon_outfit_global_warpaint_s4_fish_bruno_ix
image,#ui_icon_mp_prestige_05_large
image,#ui_icon_mp_paragon_t4_10_large
image,d#ui_icon_wildcard_secondarygunfighter03_large
image,#ui_icon_specialist_portrait_hud_reaper_t7
image,#loot02_ui_icon_outfit_global_warpaint_hypnotic_recon
image,#hash_359a01d4b16a72ca
image,#loot02_ui_icon_outfit_global_warpaint_flaming_skull_ruin
image,#ui_icon_specialist_portrait_hud_johnson
image,#loot_03_ui_icon_blackmarket_stream_replacer
image,#loot04_ui_icon_outfit_summer_legendary1_torque_warpaint
image,#hash_35bbc22694aa1002
image,#loot05_ui_icon_outfit_global_warpaint_s5_hazard_bruno_ix
image,#hash_35c94057300e0eac
image,#ui_icon_medal_melted
image,#ui_icon_medal_comeback
image,#hash_35e594e3edcc7ef7
image,#hash_35e69992772ccbdc
image,#hash_35e6c02d75f9d3be
image,#ui_icon_medal_stuck_large
image,#hash_36000e4d443110f2
image,#hash_3615f06a47a953d2
image,#hash_3619aeddf5da74a8
image,#ui_icon_specialist_portrait_draft_torque
image,#ui_icon_talisman_start_weapon_ar
image,#hash_3634b7958539ceb7
image,#hash_3640d0f365597b30
image,#hash_36422dc1a844dcc4
image,#ui_icon_rank_wz_level74_large
image,#loot04_ui_icon_outfit_summer_legendary1_battery_outfit_bundle
image,#loot05_ui_icon_outfit_zombie_epic1_ajax_warpaint
image,#ui_icon_hvo_sharpshooter_ruin
image,#hash_365fe630f2c9cb02
image,d#ui_icon_attachment_saug_opmod_dual_wield
image,#loot02_ui_icon_outfit_holidays_extra_warpaint_krampus_takeo
image,#ui_menu_store_product_b04_grand_heist_large
image,#ui_icon_hvo_sharpshooter_recon
image,#hash_3685c95d2fde6cbc
image,#hash_36887a63dcb057c3
image,#hash_368fb6ab92e4d2a4
image,#ui_icon_obit_melee_stopsign
image,#hash_369b7cdd1b5544fc
image,#hash_36ac4e269f43b4d2
image,#loot04_ui_icon_outfit_warrior_epic1_wetworks_nomad_outfit_bundle
image,#ui_icon_equipment_zm_gravityspikes_lvl1_dark
image,#ui_icon_specialist_portrait_draft_spectre
image,#hash_36ca76feb3f18f10
image,#hash_36cb77492f7cf709
image,#ui_icon_rank_mp_level45_large
image,#ui_icon_weapons_zm_raygun_mk2
image,#hash_36e94af17483ecdc
image,#hash_36eb094b81f64343
image,#loot02_ui_icon_outfit_holidays_extra_warpaint_dragon_diego_ix
image,d#ui_icon_weapon_smg_fastburst_render
image,#loot05_ui_icon_outfit_global_warpaint_s5_zombie_nikolai_pri
image,#hash_36fc306b9cb6337d
image,#ui_icon_weapon_melee_spknifeork_xl
image,#hash_370d3d727d09cfc9
image,#hash_370dde2b6085ef0a
image,d#ui_icon_attachment_2roundburst
image,#loot_ui_icon_outfit_halloween_extra_warpaint_scarecrow_bruno_ix
image,#hash_371e927d573403d8
image,#hash_3726f030ae26e6c5
image,#loot03_ui_icon_outfit_global_warpaint_spades_ruin
image,#hash_37337326390d5292
image,#loot_ui_icon_tags_halloweenevent_phantasm
image,#ui_icon_zm_paragon_t7_19_large
image,#hash_375bfcbb0060a3de
image,#loot02_ui_icon_outfit_holidays_extra_warpaint_candy_cane_torque
image,#hash_376a5a811e67efc1
image,#hash_376c2afcd043c7bc
image,#ui_icon_rank_wz_level28_large
image,#ui_icon_weapon_lmg_standard_tactical_render
image,#hash_377d201e2c4fb6f9
image,#loot02_ui_icon_outfit_global_warpaint_bleeding_prophet
image,#loot02_ui_icon_outfit_holidays_extra_warpaint_nutcracker_prophet
image,#loot_ui_icon_outfit_halloween_extra_warpaint_punkinhead_stanton_ix
image,#hash_37905893d2bbaf66
image,#hash_3790f6a44b7d5413
image,#ui_icon_weapon_hud_launcher_standard
image,#hash_37acb7b881e59d6f
image,#ui_icon_weapons_zm_sniperpowerbolt
image,#hash_37bf5fe72a24c09b
image,d#ui_icon_weapon_ar_modular_view_xl
image,#ui_icon_specialist_portrait_hud_replacer
image,#hash_37ce1e08d431654c
image,#hash_37ced3bbd33c57c9
image,#hash_37d8792461da17f0
image,#loot_ui_icon_outfit_halloween_extra_warpaint_punkinhead_nikolai
image,#loot04_ui_icon_outfit_global_warpaint_s4_crackedmask_diego_ix
image,#hash_37ebb980b386ee09
image,#hash_37ec32618675dedd
image,#loot03_ui_icon_outfit_global_warpaint_jester_recon
image,#hash_37ef2b52c93ab56f
image,#hash_37f2cf43a2eb8fb9
image,#hash_37fa95e120d5b1ef
image,d#ui_icon_weapon_sniper_locus_render
image,#hash_3801bf592fa13b21
image,#loot02_ui_icon_outfit_holidays_extra_warpaint_reindeer_scarlett
image,#loot02_ui_icon_outfit_global_warpaint_bleeding_firebreak
image,#loot02_ui_icon_outfit_global_warpaint_hypnotic_diego
image,#hash_381a29f1f5550063
image,#hash_38208b311390cffb
image,#ui_icon_zm_paragon_t7_11_large
image,#hash_382482ea042f1c10
image,#loot_ui_icon_tags_halloweenevent_monster
image,#hash_3832c1386ce0d9d2
image,#loot_ui_icon_outfit_halloween_extra_warpaint_cthulhu_torque
image,#loot03_ui_icon_outfit_global_warpaint_clubs_recon
image,#ui_icon_weapon_tr_damageburst_xl
image,#hash_3850331c06ff1b0c
image,#hash_38518da38cac4298
image,#hash_3852a21167e01508
image,#ui_icon_medal_pancake_large
image,#ui_icon_medal_clean_sweep_large
image,#hash_3861ff0dbeb88cf1
image,#loot03_ui_icon_outfit_global_warpaint_clover_richtofen_pri
image,#ui_icon_weapon_camo_active_sig_smg_capacity_spaceshuttle
image,#loot02_ui_icon_outfit_holidays_extra_warpaint_nutcracker_nikolai
image,#loot02_ui_icon_outfit_holidays_extra_warpaint_candy_cane_richtofen
image,#hash_387b74f8f36820ca
image,#hash_388b34668c37f3f9
image,#ui_icon_medal_takedown
image,#loot_ui_icon_outfit_halloween_extra_warpaint_scarecrow_recon
image,#ui_icon_attachment_shotgun_semiauto_pellets
image,#hash_38ba0f4bb9e364fe
image,#loot03_ui_icon_outfit_benjamins_legendary1_crash
image,#loot02_ui_icon_outfit_global_warpaint_bleeding_diego_ix
image,#hash_38c5c7c6c15cb514
image,#hash_38c723f94c63da2d
image,#hash_38cd3ddc0f51f612
image,#loot04_ui_icon_outfit_global_warpaint_s4_pharaoh_spectre
image,#hash_38e8260a927e76d2
image,#loot02_ui_icon_outfit_holidays_extra_warpaint_dragon_bruno
image,#loot_ui_icon_outfit_halloween_extra_warpaint_gargoyle_diego_ix
image,#hash_3908d20d7b360718
image,#loot02_ui_icon_outfit_holidays_extra_warpaint_krampus_nikolai
image,#loot03_ui_icon_outfit_global_warpaint_jester_scarlett_ix
image,#ui_icon_inventory_zm_red_shield_part_cover
image,#loot_ui_icon_outfit_halloween_extra_warpaint_ghoul_ajax
image,#loot05_ui_icon_outfit_spectrum_rare1_zero_outfit_bundle
image,#ui_icon_medal_crackdown_large
image,#ui_icon_mp_disrupted
image,#hash_394f810f766a6fe4
image,#ui_icon_obit_sniper_fastrechamber
image,#hash_39560c8093786eee
image,#loot04_ui_icon_outfit_global_warpaint_s4_creature_diego_ix
image,#ui_icon_gamemode_quickplay_zm_large
image,#loot04_ui_icon_outfit_global_warpaint_s4_pharaoh_takeo_pri
image,#hash_396319dc5f4777d3
image,#hash_39639fc13e7f2d00
image,#hash_3983f1737b0da082
image,#hash_398aa666d23cdf5a
image,#hash_398c9164d972a4f7
image,#ui_icon_rank_wz_level34_large
image,#loot02_ui_icon_outfit_holidays_extra_warpaint_candy_cane_nikolai
image,#ui_icon_blackmarket_reserves_tr_flechette_sig_01
image,#loot02_ui_icon_outfit_numbers_ruin
image,#hash_39a4f09573dabecb
image,#hash_39a4f19573dac07e
image,d#ui_icon_weapon_smg_folding_render
image,#loot05_ui_icon_outfit_zombie_epic1_outrider
image,#ui_icon_weapon_melee_cutlass_render
image,#ui_icon_medal_savior_large
image,#hash_39ca63f6566eb646
image,#loot02_ui_icon_outfit_holidays_extra_warpaint_krampus_stanton
image,#hash_39e4f8bb6e5f09eb
image,#ui_icon_weapon_smg_standard_sig_01_render
image,#loot05_ui_icon_outfit_spectrum_rare1_battery
image,#hash_39f7b8508673397e
image,#ui_icon_hvo_sharpshooter_crash
image,#ui_icon_weapon_melee_zombie_arm_xl
image,#ui_icon_weapons_zm_smg_mp40
image,d#ui_icon_weapon_lmg_stealth_mk2_render
image,#loot02_ui_icon_outfit_global_warpaint_fern_dempsey
image,#loot05_ui_icon_outfit_zombie_epic1_battery_warpaint
image,#hash_3a1e95e68880a80b
image,#hash_3a1f86fb30e1e235
image,#ui_icon_medal_intercepted_large
image,#loot04_ui_icon_outfit_warrior_epic1_wetworks_prophet_outfit_bundle
image,#hash_3a3ba80dc45cdf86
image,#loot03_ui_icon_outfit_global_warpaint_sunglasses_firebreak
image,#loot02_ui_icon_outfit_holidays_extra_warpaint_reindeer_bruno
image,#ui_icon_hero_blade
image,#loot02_ui_icon_outfit_holidays_extra_warpaint_snowman_scarlett_ix
image,#loot02_ui_icon_outfit_holidays_extra_warpaint_naughtyornice_diego
image,#loot_ui_icon_outfit_halloween_extra_warpaint_scarecrow_stanton_ix
image,#loot05_ui_icon_outfit_global_warpaint_s5_zombie_richtofen_pri
image,#hash_3a7d56c49c62a848
image,#hash_3a82e1625237cba9
image,#loot05_ui_icon_outfit_spectrum_rare1_ruin_outfit_bundle
image,d#hash_3a8e0b596f814bb8
image,#hash_3aa0d8572763304e
image,#hash_3aa493fa2eac2309
image,#ui_icon_medal_survivor_large
image,#ui_icon_medal_popcorn
image,#ui_icon_weapon_hud_sniper_damagesemi
image,#loot03_ui_icon_blackmarket_reserves_weapon_pistol_auto_mk2
image,#loot02_ui_icon_outfit_holidays_extra_warpaint_snowman_richtofen
image,#ui_icon_zm_paragon_t6_01_large
image,#loot05_ui_icon_outfit_demonology_legendary1_outrider_outfit_bundle
image,#loot03_ui_icon_outfit_panther_rare3_zero_outfit_bundle
image,#hash_3ad3c22cd1399275
image,#hash_3ad877cbd52418be
image,#ui_icon_rank_mp_level55_large
image,#loot03_ui_icon_outfit_global_warpaint_jester_stanton_ix
image,#hash_3aeaea4abb46e098
image,#loot02_ui_icon_outfit_global_warpaint_bleeding_ajax
image,#hash_3aeb8ddc2e6f464d
image,#loot_ui_icon_outfit_halloween_extra_warpaint_gargoyle_torque
image,#hash_3aef76321b28e37a
image,#hash_3af564eeaca76e41
image,#loot05_ui_icon_outfit_spectrum_rare1_reaper_outfit_bundle
image,#loot_ui_icon_outfit_halloween_extra_warpaint_alien_ajax
image,#hash_3b0cb1643baa5f0c
image,#ui_icon_wildcard_secondarygunfighter02
image,#ui_icon_wildcard_secondarygunfighter03
image,#ui_icon_wildcard_secondarygunfighter01
image,#hash_3b161612166295de
image,#hash_3b199fb3fd22bd54
image,#ui_icon_emotes_champagne
image,#ui_icon_rank_zm_level38_large
image,#loot04_ui_icon_outfit_topography_rare3_nomad_outfit_bundle
image,#ui_icon_rank_zm_level30_large
image,#ui_icon_rank_mp_level37_large
image,#loot03_ui_icon_outfit_global_warpaint_sunglasses_dempsey_pri
image,#loot03_ui_icon_outfit_global_warpaint_clover_scarlett
image,#hash_3b4d59b3344f41be
image,#loot02_ui_icon_outfit_global_warpaint_boogie_man_bruno
image,#t8_menu_zm_loadscreen_escape
image,#ui_icon_hvo_mvp_torque
image,#loot03_ui_icon_outfit_warrior_epic1_robber_seraph
image,#loot05_ui_icon_outfit_zombie_epic1_reaper
image,#loot04_ui_icon_outfit_global_warpaint_s4_pharaoh_ruin
image,#ui_icon_talisman_start_weapon_lmg
image,#ui_icon_medal_raining_death_large
image,#hash_3b87e624ea13fdb2
image,#ui_icon_emotes_unicycle
image,#loot03_ui_icon_outfit_global_warpaint_diamonds_diego_ix
image,#ui_menu_store_product_b04_cp_2400_small
image,#hash_3bbdc7ee8b0383d2
image,#ui_icon_weapon_hud_sniper_mini14
image,#hash_3bc482b0894eee95
image,#ui_icon_talisman_perk_vapor_permanent_4
image,#ui_icon_talisman_perk_vapor_permanent_3
image,#ui_icon_talisman_perk_vapor_permanent_2
image,#ui_icon_talisman_perk_vapor_permanent_1
image,#hash_3bcd4a82cbd368d5
image,#hash_3bd9708c5678e7d1
image,#ui_icon_weapon_sniper_powerbolt_wz_render
image,#hash_3bdd75271fca8208
image,#hash_3be48fbf9230cbe3
image,#ui_icon_weapons_zm_loot_rampage
image,#hash_3bfa4f1e319f4ed0
image,#ui_icon_medal_finished
image,#loot02_ui_icon_outfit_global_warpaint_maori_zero
image,#loot05_ui_icon_outfit_spectrum_rare1_ruin
image,#hash_3c088039a35b6ee0
image,#hash_3c088139a35b7093
image,#hash_3c088939a35b7e2b
image,#hash_3c088a39a35b7fde
image,#hash_3c088b39a35b8191
image,#hash_3c088c39a35b8344
image,#hash_3c088d39a35b84f7
image,#hash_3c088e39a35b86aa
image,#hash_3c088f39a35b885d
image,#hash_3c0c0c39a35e929b
image,#hash_3c0c0d39a35e944e
image,#hash_3c0c0e39a35e9601
image,#ui_icon_rank_zm_level06_large
image,#loot02_ui_icon_outfit_holidays_extra_warpaint_naughtyornice_scarlett_ix
image,#hash_3c218e56402048c7
image,#hash_3c245267d1988c29
image,#hash_3c2c5bbbafc26006
image,#loot_ui_icon_outfit_halloween_extra_warpaint_scarecrow_ruin
image,#hash_3c35b846b5c83bf7
image,#hash_3c45d6a743d6c2f9
image,d#ui_icon_weapon_ar_standard_mk2_render
image,#loot02_ui_icon_outfit_holidays_extra_warpaint_krampus_battery
image,#loot03_ui_icon_outfit_global_warpaint_clubs_stanton
image,#loot02_ui_icon_outfit_holidays_extra_warpaint_snowman_torque
image,#hash_3c61893bb07167ca
image,#hash_3c6707ae71995d52
image,#ui_icon_weapons_zm_thompson
image,#loot02_ui_icon_outfit_holidays_extra_warpaint_snowman_recon
image,#hash_3c776303339ed820
image,#hash_3c7f8db6d5679936
image,#hash_3c80f662be7c2c52
image,#hash_3c971a68103249a6
image,#img_t8_menu_mp_loadscreen_militia
image,#ui_icon_weapon_hud_smg_fastburst
image,#ui_icon_weapon_hud_smg_capacity
image,#hash_3caa53f33bbb33dc
image,#ui_icon_weapon_melee_bowie_render
image,#loot_04_ui_icon_blackmarket_stream_hudson
image,#ui_icon_obit_melee_zombie_arm
image,#ui_icon_mp_masterprestige_large
image,#ui_icon_rank_mp_level44_large
image,#loot07_ui_icon_blackmarket_itemshop_menendez
image,#hash_3cd4b5d66dbedfe1
image,#ui_icon_attachment_tr_flechette_opmod_impact_blast
image,#hash_3cdb5ded2cbdace4
image,#loot02_ui_icon_outfit_global_warpaint_rorschach_ajax
image,#ui_icon_emotes_clapping
image,#loot03_ui_icon_outfit_panther_rare3_recon
image,#loot02_ui_icon_outfit_holidays_extra_warpaint_nutcracker_firebreak
image,#hash_3cf4c8ac43a625e6
image,#loot02_ui_icon_outfit_holidays_extra_warpaint_reindeer_firebreak
image,#hash_3cf529a79f4eb9ad
image,#ui_icon_medal_no_tip
image,#ui_icon_medal_knockout
image,#loot_ui_icon_outfit_halloween_extra_warpaint_grimreaper_stanton_ix
image,#loot02_ui_icon_outfit_global_warpaint_boogie_man_crash
image,#hash_3d180021c770f410
image,#hash_3d19ca717ca22db3
image,#loot04_ui_icon_outfit_global_warpaint_s4_creature_diego
image,#loot02_ui_icon_outfit_holidays_extra_warpaint_krampus_zero
image,#loot04_ui_icon_outfit_global_warpaint_s4_fish_nomad
image,#ui_icon_wz_prestige_13_large
image,#hash_3d2c69bdfb9ad8d7
image,#ui_icon_medal_road_rage_large
image,#hash_3d3ac360b57e6019
image,#loot_ui_icon_outfit_halloween_extra_warpaint_gargoyle_battery
image,#ui_icon_weapon_ar_stealth
image,#ui_icon_obit_sniper_mini14
image,#hash_3d60fec67a59ef4b
image,#ui_icon_rank_zm_level47_large
image,#loot04_ui_icon_outfit_topography_rare3_firebreak_outfit_bundle
image,#loot_ui_icon_outfit_halloween_extra_warpaint_scarecrow_takeo
image,#hash_3d7f2b8c6bbd39ff
image,#ui_icon_weapons_zm_lmgheavy
image,#hash_3d9466eaec53c4d3
image,#img_t8_menu_mp_loadscreen_russianbase
image,#ui_icon_elixirs_wall_power
image,#loot04_ui_icon_outfit_topography_rare2_recon_outfit_bundle
image,#hash_3da551575d6ba987
image,#loot02_ui_icon_outfit_holidays_extra_warpaint_candy_cane_nomad
image,#ui_icon_medal_merciless_large
image,#hash_3db1b7d171a7c319
image,#loot_ui_icon_outfit_halloween_extra_warpaint_alien_scarlett
image,#hash_3db6422a02375ba6
image,#ui_icon_weapon_sniper_locus_xl
image,#hash_3dc94fb2b88ef965
image,#hash_3dd3171d7aecdb89
image,#ui_icon_medal_clean_bill_large
image,#ui_icon_weapon_lmg_heavy_tactical_render
image,#ui_icon_medal_plane_mortor_large
image,#loot05_ui_icon_outfit_global_warpaint_s5_hazard_battery
image,#ui_icon_weapon_pistol_standard_render
image,#loot03_ui_icon_outfit_global_warpaint_tattoo_scarlett
image,#loot02_ui_icon_outfit_holidays_extra_warpaint_candy_cane_diego
image,#hash_3de97d7ecdb33103
image,#loot03_ui_icon_outfit_panther_rare1_recon
image,#hash_3dfe535fd2c8f01d
image,#ui_icon_medal_quadfeed_large
image,#hash_3e099a4eaf7f43ca
image,#hash_3e0d97a8ba0ff1bf
image,#hash_3e1290de86221af6
image,#hash_3e19ed552eda0ea4
image,#loot04_ui_icon_outfit_topography_rare3_zero
image,#ui_icon_weapon_ray_gun
image,#hash_3e2f3e2410aa946b
image,#hash_3e41819b543643ca
image,#loot04_ui_icon_outfit_summer_legendary1_torque_outfit_bundle
image,#hash_3e4729c488d0310c
image,#ui_icon_weapon_ar_heavy_render
image,#loot_ui_icon_outfit_halloween_extra_warpaint_demon_nomad
image,#loot04_ui_icon_outfit_assassin_legendary1_crash
image,#loot02_ui_icon_outfit_holidays_extra_warpaint_reindeer_prophet
image,#ui_icon_medal_cleanup_large
image,#ui_icon_medal_choppedup_large
image,#ui_icon_hero_portrait_draft_nikolai
image,#loot04_ui_icon_outfit_water_legendary1_zero_warpaint
image,#hash_3e78869bb75c08fe
image,#ui_icon_weapons_zm_ar_galil
image,#hash_3e8ca17d7f394170
image,#loot04_ui_icon_outfit_warrior_epic1_wetworks_zero
image,#hash_3e99ecd06e49fc87
image,#hash_3e9b6073349ca3e2
image,#hash_3ea39676390ac31e
image,#loot04_ui_icon_outfit_global_warpaint_s4_creature_crash
image,#loot03_ui_icon_outfit_panther_rare2_outrider_outfit_bundle
image,#hash_3ead951fb15651b3
image,#hash_3eafc228871df074
image,#hash_3eb3d8ed0ac17bad
image,#hash_3eb8af4113ceae6e
image,#hash_3ec328ce7df39021
image,#ui_icon_zm_paragon_t7_07_large
image,#hash_3ee506ee6b5facd6
image,#hash_3ee52044f2a9d848
image,#hash_3ef305d67771650e
image,#ui_icon_perks_zm_bandolierbandit
image,#loot04_ui_icon_outfit_warrior_epic1_wetworks_seraph_warpaint
image,#hash_3f02e58d407c6399
image,#ui_icon_weapon_hud_smg_handling
image,#ui_icon_medal_contagious
image,#loot03_ui_icon_outfit_panther_rare2_prophet_outfit_bundle
image,d#hash_3f1d0885a2d991c3
image,#loot03_ui_icon_outfit_global_warpaint_clover_scarlett_ix
image,#ui_icon_hvo_sharpshooter_ajax
image,#hash_3f298929ba84c93b
image,#loot04_ui_icon_outfit_global_warpaint_s4_sun_diego
image,#hash_3f2fc1abaa82dcf4
image,#loot02_ui_icon_outfit_global_warpaint_facepalm_prophet
image,#loot_ui_icon_outfit_halloween_extra_warpaint_grimreaper_dempsey
image,#hash_3f355040e6062585
image,#hash_3f3dfad8eac4f636
image,#hash_3f52f9345deef5b5
image,#hash_3f5392e7cf812dcb
image,#ui_icon_rank_zm_level43_large
image,#hash_3f5e81251f3ad9cb
image,#ui_icon_emotes_twerk
image,#ui_icon_hvo_killer_crash
image,#hash_3f7651bdb3d78793
image,#hash_3f7c426021c984dc
image,#hash_3f84453c6d847245
image,#hash_3f847c10495f3ef6
image,#ui_icon_equpiment_zm_meleehammer_lv3_dark
image,#loot02_ui_icon_outfit_global_warpaint_rorschach_prophet
image,#loot02_ui_icon_outfit_holidays_extra_warpaint_reindeer_stanton
image,#hash_3f90f155c7e4e6d2
image,#hash_3f9ae7c1dc1a9d26
image,#hash_3fa485589451a84d
image,#ui_icon_weapon_tr_longburst_tactical_render
image,#loot04_ui_icon_outfit_warrior_epic1_wetworks_torque
image,#hash_3faed2a10f32b1bb
image,#ui_icon_medal_shattered_large
image,#loot_03_ui_icon_blackmarket_stream_misty
image,d#ui_icon_weapon_pistol_revolver_render_xl
image,#hash_3fc2b450802a1d3e
image,d#ui_icon_equipment_eq_tripwire
image,#ui_icon_specialist_portrait_hud_weaver
image,#hash_3fe379bbf2cef348
image,#hash_3ff1af090df9f824
image,#loot03_ui_icon_outfit_benjamins_legendary1_firebreak
image,#loot02_ui_icon_outfit_holidays_extra_warpaint_dragon_torque
image,#ui_icon_obit_ar_accurate
image,#ui_icon_weapons_zm_shotgun_semiauto_sig_01
image,#ui_menu_store_product_b04_code_salute_small
image,#ui_icon_weapon_sniper_mini14_tactical_render
image,#hash_4014ef0923e60129
image,#ui_icon_rank_wz_level37_large
image,#hash_4018999923735a9a
image,#loot04_ui_icon_outfit_topography_rare1_seraph_outfit_bundle
image,#loot05_ui_icon_outfit_vampire_legendary1_battery
image,#ui_icon_hvo_base
image,#hash_40206e711998befb
image,#hash_402107deb1c43001
image,#ui_icon_mp_paragon_t5_03_large
image,#loot04_ui_icon_outfit_topography_rare1_prophet_outfit_bundle
image,#hash_403689ccfdde880f
image,#hash_4043f1204ea10be8
image,#hash_4044919837bae41d
image,#img_t8_menu_mp_loadscreen_gridlock
image,#hash_404e1c58fc281a3f
image,#hash_4063e434065115ce
image,#hash_406acdbf8b831e54
image,d#hash_407deaaed7c3c782
image,#hash_407e14bb68ac4c37
image,#ui_icon_rank_zm_level25_large
image,#loot_ui_icon_outfit_halloween_extra_warpaint_demon_diego
image,#hash_4093ce86d671db03
image,d#ui_icon_weapon_smg_handling_render_xl
image,#loot03_ui_icon_outfit_global_warpaint_spades_nikolai_pri
image,#hash_40982515dca1f9af
image,#img_t8_menu_mp_loadscreen_zombie_museum
image,#hash_409d34cf5c65197e
image,#ui_icon_obit_lmg_standard
image,#ui_icon_emotes_s3_guitar_playing
image,#hash_40a9b61af1917878
image,#img_t8_menu_mp_loadscreen_hacienda
image,#hash_40ac7b635cc3193c
image,#loot03_ui_icon_outfit_global_warpaint_hearts_stanton
image,#loot03_ui_icon_outfit_global_warpaint_hearts_outrider
image,#ui_icon_mp_paragon_t6_02
image,#ui_icon_mp_paragon_t6_03
image,#ui_icon_mp_paragon_t6_01
image,#ui_icon_mp_paragon_t6_06
image,#ui_icon_mp_paragon_t6_07
image,#ui_icon_mp_paragon_t6_04
image,#ui_icon_mp_paragon_t6_05
image,#ui_icon_mp_paragon_t6_08
image,#ui_icon_mp_paragon_t6_09
image,#hash_40c91ddb6a2dfde0
image,#ui_icon_mp_paragon_t6_11
image,#ui_icon_mp_paragon_t6_10
image,#ui_icon_rank_zm_level05_large
image,#loot03_ui_icon_outfit_global_warpaint_hearts_nikolai_pri
image,#loot_ui_icon_outfit_halloween_extra_warpaint_alien_recon
image,#ui_icon_medal_bullseye
image,#loot04_ui_icon_outfit_global_warpaint_s4_crackedmask_battery
image,#ui_icon_weapons_zm_trleveraction
image,#ui_icon_rank_wz_level52_large
image,#loot02_ui_icon_outfit_global_warpaint_fern_seraph
image,#ui_icon_talisman_spec_weapon_xp
image,#hash_4118e369f2229a32
image,#hash_411a344821fbf49d
image,#loot02_ui_icon_outfit_holidays_extra_warpaint_krampus_dempsey
image,#loot04_ui_icon_outfit_global_warpaint_s4_creature_outrider
image,#ui_icon_gamemode_searchanddestroy_large
image,#ui_icon_equpiment_zm_chakram_lv1_dark
image,#loot03_ui_icon_outfit_benjamins_legendary1_prophet
image,#hash_413a3bf6f2906c8e
image,#ui_icon_gamemode_zm_gauntlet_large
image,#loot05_ui_icon_outfit_zombie_epic1_nomad_outfit_bundle
image,#loot04_ui_icon_outfit_topography_rare2_spectre
image,#hash_415727505854b10a
image,#ui_icon_gamemode_zm_rush_large
image,#hash_4166d47f7f9393b4
image,#loot_ui_icon_outfit_halloween_extra_warpaint_scarecrow_bruno
image,#hash_416ba2fab0e83e6e
image,#hash_41724879cb7e03b5
image,#hash_4179487c3cbbe629
image,#hash_417efb773b13c850
image,#loot02_ui_icon_outfit_holidays_extra_warpaint_naughtyornice_takeo
image,#hash_419aa17c2e3e1d16
image,#hash_41a18ec957795f5c
image,#ui_icon_weapons_zm_bowie
image,#ui_icon_gamemode_zm_classic_large
image,#loot05_ui_icon_outfit_global_warpaint_s5_hazard_scarlett_ix
image,#ui_icon_weapon_ar_fastfire_view
image,#hash_41ccaa1acd211a08
image,#hash_41d39ce79fccc7b4
image,#ui_icon_emotes_poplock1
image,#ui_icon_emotes_poplock2
image,#ui_icon_emotes_poplock3
image,#ui_icon_emotes_poplock4
image,#loot05_ui_icon_outfit_spectrum_rare1_seraph
image,#loot_ui_icon_outfit_halloween_extra_warpaint_ghoul_dempsey
image,#hash_41eefb87e385bc4a
image,#hash_41fba241e2f59872
image,#hash_420c481cf38101ed
image,#ui_icon_rank_wz_level43_large
image,#hash_421a9fc370f756a7
image,#hash_4221c9eb11e3ae08
image,#hash_4222c7dc1ed5ae27
image,#hash_422f0feb1db8597b
image,#hash_42368627b234b375
image,#ui_icon_rank_mp_level52_large
image,#hash_424314e3a4a0bf88
image,#ui_icon_wildcard_primarygunfighter02
image,#ui_icon_wildcard_primarygunfighter03
image,#ui_icon_wildcard_primarygunfighter01
image,#ui_icon_weapon_hud_melee_demohammer
image,#loot_ui_icon_outfit_halloween_extra_warpaint_ghoul_stanton_ix
image,#ui_icon_hvo_mvp_seraph
image,#hash_425a037a3bfdbb79
image,#loot03_ui_icon_outfit_warrior_epic2_cop_ruin
image,#ui_icon_rank_mp_level23_large
image,#loot04_ui_icon_outfit_topography_rare2_battery_outfit_bundle
image,#hash_427351e3d649ddca
image,#ui_icon_hvo_killer_spectra
image,#loot04_ui_icon_outfit_global_warpaint_s4_crackedmask_spectre
image,#hash_4290a81fab151384
image,#hash_42a51cdc2e843e96
image,d#ui_icon_zm_callings_pistol
image,#hash_42ac2afb746d575d
image,d#ui_icon_weapon_pistol_revolver_mk2_render
image,#loot_ui_icon_outfit_halloween_extra_warpaint_demon_stanton
image,#ui_icon_weapon_smg_accurate_tactical_render
image,#ui_icon_medal_dead_circuit
image,#loot02_ui_icon_outfit_global_warpaint_bleeding_scarlett_ix
image,#hash_42c808ac7dee1e83
image,#hash_42d16e648244d8aa
image,#hash_42e931705341fa63
image,#ui_icon_rank_zm_level50_large
image,#hash_42f57d9be7262e94
image,#loot03_ui_icon_outfit_panther_rare2_ruin_outfit_bundle
image,#ui_icon_medal_cropduster
image,#hash_43046dbc0842413a
image,#loot03_ui_icon_outfit_global_warpaint_tattoo_zero
image,#ui_icon_blackmarket_cp5000_case
image,#ui_icon_medal_raining_death
image,#hash_431d95221667c497
image,#loot02_ui_icon_outfit_holidays_extra_warpaint_naughtyornice_seraph
image,#loot04_ui_icon_outfit_global_warpaint_s4_pharaoh_diego_ix
image,#hash_432a5887d88ce8c1
image,#ui_icon_equipment_shroud
image,#loot_ui_icon_tags_halloweenevent_jack_final
image,#ui_menu_store_product_b04_dde_large
image,#loot02_ui_icon_outfit_global_warpaint_pixel_perfect_richtofen
image,#ui_icon_rank_wz_level15_large
image,d#ui_icon_zm_calling_tasks_explosion
image,#ui_icon_medal_shattered
image,#hash_436ea595a5e2bd73
image,#hash_4371fbacb635eb88
image,#ui_icon_medal_merciless
image,#ui_icon_specialist_portrait_draft_sarah_hall
image,#loot02_ui_icon_outfit_global_warpaint_pixel_perfect_scarlett_ix
image,#loot04_ui_icon_outfit_warrior_epic1_wetworks_torque_warpaint
image,#loot06_ui_icon_blackmarket_reserves_tr_damageburst
image,#loot04_ui_icon_outfit_topography_rare3_battery
image,#hash_43ace62df9d5a173
image,#hash_43b9e282fa967c9d
image,#hash_43bb7956aa31e8f7
image,#hash_43c208d016c4fced
image,#loot02_ui_icon_outfit_holidays_extra_warpaint_nutcracker_diego
image,#ui_icon_medal_destroy_swarm
image,d#hash_43cc731fc2352ada
image,#hash_43d36db7279f3e06
image,#ui_icon_weapons_zm_arfastfire
image,#hash_43e287ff19faaabb
image,#loot02_ui_icon_outfit_holidays_extra_warpaint_reindeer_zero
image,#hash_43ff2618a0b6cb15
image,#ui_icon_medal_bomber
image,#hash_4407e4c908f8303d
image,#hash_4407f668ebba56be
image,#loot03_ui_icon_outfit_global_warpaint_clubs_diego
image,#loot02_ui_icon_outfit_holidays_extra_warpaint_naughtyornice_richtofen
image,#hash_441cf03f6baade8a
image,#hash_4421fb3dfd8b98a9
image,#hash_442bf7a4f4ad56e3
image,#hash_4431a7421ecf7170
image,#ui_icon_medal_tearjerker
image,#hash_443f5b5ff77b35e7
image,#ui_icon_rank_zm_level20_large
image,#loot03_ui_icon_outfit_global_warpaint_sunglasses_crash
image,#ui_icon_weapon_hud_combat_knife
image,#hash_447575790e72d6a9
image,d#ui_icon_zm_calling_tasks_wpnbuys
image,#loot02_ui_icon_outfit_holidays_extra_warpaint_naughtyornice_nikolai
image,#loot03_ui_icon_outfit_global_warpaint_hearts_battery
image,#loot03_ui_icon_outfit_global_warpaint_clover_bruno_ix
image,#hash_44b6a945e1baeffe
image,#hash_44bab7e2d20a849c
image,#hash_44bab9e2d20a8802
image,#hash_44babae2d20a89b5
image,#ui_icon_equpiment_zm_meleehammer_lv1_dark
image,#hash_44bf26c0eee8e644
image,#hash_44c21b99c08da980
image,#hash_44c677169d8c5223
image,#loot03_ui_icon_outfit_panther_rare3_seraph_outfit_bundle
image,#loot05_ui_icon_outfit_global_warpaint_s5_hazard_seraph
image,#ui_icon_weapon_hud_special_crossbow
image,#loot03_ui_icon_outfit_benjamins_legendary1_firebreak_outfit_bundle
image,#ui_icon_perks_zm_electricburst_lg
image,#img_t8_menu_mp_loadscreen_jungle2_alt
image,#ui_icon_medal_intercepted
image,#ui_icon_rank_mp_level04_large
image,#loot04_ui_icon_outfit_global_warpaint_s4_fish_seraph
image,#ui_icon_inventory_zm_red_shield_part_spear
image,#hash_44ed958a2072c0cd
image,#loot_ui_icon_outfit_halloween_extra_warpaint_punkinhead_diego
image,#hash_44f83df3c310dbec
image,#ui_icon_specialist_portrait_draft_russman
image,d#ui_icon_zm_callings_knife
image,#ui_icon_weapon_sniper_powerbolt_mk2_render
image,#hash_45065fa7c4ed6486
image,#hash_450adff2c96d842d
image,#ui_icon_mp_paragon_t4_09_large
image,#ui_icon_medal_gungame_gunslinger
image,#loot02_ui_icon_outfit_holidays_extra_warpaint_krampus_seraph
image,#loot02_ui_icon_outfit_global_warpaint_rorschach_dempsey
image,#hash_451a9561faeafed2
image,#ui_icon_mp_paragon_t6_06_large
image,#loot03_ui_icon_outfit_panther_rare2_ajax_outfit_bundle
image,#hash_452c5d73792a323b
image,#ui_icon_specialist_portrait_hud_spectre
image,#loot02_ui_icon_outfit_global_warpaint_fern_takeo
image,#ui_icon_medal_covering_fire
image,#loot03_ui_icon_outfit_global_warpaint_spades_outrider
image,#loot02_ui_icon_outfit_global_warpaint_facepalm_scarlett_ix
image,#loot_02_ui_icon_blackmarket_stream_pistol_fullauto
image,#ui_icon_mp_paragon_t7_08_large
image,#hash_455c40a02e321975
image,#loot05_ui_icon_outfit_zombie_epic1_zero_outfit_bundle
image,#ui_icon_medal_clean_up
image,#hash_457f1867875f80aa
image,#ui_icon_specialist_portrait_draft_ajax
image,#loot_ui_icon_outfit_halloween_extra_warpaint_gargoyle_recon
image,#hash_45b2dc5cc2813951
image,#ui_icon_zm_paragon_t6_08
image,#ui_icon_zm_paragon_t6_02
image,#ui_icon_zm_paragon_t6_03
image,#ui_icon_zm_paragon_t6_01
image,#ui_icon_zm_paragon_t6_06
image,#ui_icon_zm_paragon_t6_07
image,#ui_icon_zm_paragon_t6_04
image,#ui_icon_zm_paragon_t6_05
image,#ps3button_x
image,#hash_45bb2b9f69c2739e
image,#loot04_ui_icon_outfit_global_warpaint_s4_sun_bruno_ix
image,#loot02_ui_icon_outfit_global_warpaint_pixel_perfect_recon
image,#loot05_ui_icon_outfit_zombie_epic1_torque_outfit_bundle
image,#hash_45d9798768963ad3
image,#loot03_ui_icon_blackmarket_reserves_weapon_ar_modular_sig_02
image,#img_t8_menu_mp_loadscreen_slums2
image,#hash_45f28d0d2b7b7ab1
image,#loot03_ui_icon_outfit_panther_rare1_recon_outfit_bundle
image,#ui_icon_mp_prestige_04_large
image,#hash_460b51d321c11610
image,#hash_460b9fa9f0ac9139
image,#hash_460ca6a260f318c4
image,#loot02_ui_icon_outfit_global_warpaint_maori_dempsey
image,#ui_icon_weapons_zm_arstealth
image,#hash_461594c376290c5a
image,#hash_46184fe8736a7c60
image,#ui_icon_perks_zm_bloodwolfbite
image,#loot04_ui_icon_outfit_topography_rare3_spectre_outfit_bundle
image,#loot_ui_icon_outfit_halloween_extra_warpaint_grim_recon
image,#ui_icon_perks_zm_etherealrazor_lg
image,#hash_463a6ca545d99bd0
image,#ui_icon_weapon_tr_longburst_mk2_render
image,#hash_463f9a495f91e933
image,d#ui_icon_scorestreaks_helicopter_gunship
image,#loot02_ui_icon_outfit_holidays_extra_warpaint_candy_cane_stanton
image,#ui_icon_rank_wz_level08_large
image,#hash_46582fa714589219
image,#hash_4658e438fdb50997
image,#ui_icon_weapon_tr_midburst_render
image,#hash_465ccb7849312e42
image,#ui_icon_weapons_zm_smg_fastfire
image,#ui_icon_elixirs_near_death_experience
image,#ui_icon_perks_zm_winterswail_lg
image,#ui_icon_weapons_zm_lmgspray
image,#loot05_ui_icon_outfit_spectrum_rare1_zero
image,#ui_icon_medal_whirlwind
image,#loot02_ui_icon_outfit_holidays_extra_warpaint_dragon_ajax
image,#hash_469b017b5e8fe94a
image,#loot03_ui_icon_outfit_global_warpaint_clubs_scarlett
image,#ui_icon_obit_molotov
image,#loot03_ui_icon_outfit_benjamins_legendary1_nomad
image,#loot_ui_icon_outfit_halloween_extra_warpaint_scarecrow_richtofen
image,#hash_46bd81ba0c86d613
image,#hash_46df84e203ed86b0
image,#hash_46df86e203ed8a16
image,#hash_46df87e203ed8bc9
image,#hash_46df88e203ed8d7c
image,#hash_46df89e203ed8f2f
image,#hash_46df8ae203ed90e2
image,#hash_46df8be203ed9295
image,#hash_46df8de203ed95fb
image,#loot04_ui_icon_outfit_topography_rare2_battery
image,#loot03_ui_icon_outfit_global_warpaint_sunglasses_stanton_ix
image,#ui_icon_emotes_zombie
image,#ui_icon_elixirs_dividend_yield
image,#hash_46eecfe673338616
image,#ui_icon_weapon_sniper_powersemi
image,#ui_icon_weapon_warmachine_xl
image,#ui_icon_medal_ultrakill
image,#hash_46fbe133475d0064
image,d#ui_icon_weapon_sniper_quickscope_mk2_render
image,#hash_4700cc7956b0c4bf
image,#img_t8_menu_mp_loadscreen_icebreaker
image,#loot_ui_icon_outfit_dotd_base_pal_exo2_firebreak
image,#hash_47103189a98c1905
image,#hash_4710e853f17ac758
image,#ui_icon_equipment_drone_hawk
image,#ui_icon_mp_paragon_t5_10_large
image,#hash_4725357ffbdd2441
image,#ui_icon_blackmarket_reserves_smg_vmp
image,#loot02_ui_icon_outfit_holidays_extra_warpaint_snowman_bruno
image,#loot05_ui_icon_outfit_mean_legendary1_zero_outfit_bundle
image,#hash_473ca56e3712f80d
image,#ui_icon_rank_mp_level21_large
image,#loot03_ui_icon_outfit_global_warpaint_spades_nomad
image,#ui_icon_medal_choppedup
image,#ui_icon_medal_blast_radius_large
image,#hash_475831be84f9a29c
image,#ui_icon_rank_mp_level38_large
image,d#ui_icon_weapon_tr_flechette_mk2_render
image,#hash_476cc2636443a9da
image,#hash_4774d30d91e6b303
image,#hash_4778c23f8f24271d
image,#hash_477d8fba3dd79e40
image,#loot02_ui_icon_outfit_global_warpaint_maori_stanton
image,#hash_47853277a79d36d8
image,#loot_ui_icon_outfit_halloween_extra_warpaint_gargoyle_ajax
image,#hash_478f53b953afcbc1
image,#hash_479a4aa878255f0e
image,#hash_479cdf7bea2bb0aa
image,#hash_47aeb0174ced8aec
image,#hash_47af42e62a1279b2
image,#hash_47b332bb6387780a
image,#ui_icon_rank_mp_level08_large
image,#ui_icon_gamemode_sticksandstones_large
image,#ui_icon_hero_sparrow
image,#ui_icon_mp_paragon_t4_04_large
image,#loot05_ui_icon_outfit_global_warpaint_s5_zombie_diego
image,#hash_47e71ab1240b3aba
image,#ui_icon_hvo_sharpshooter_nomad
image,#hash_4817f638f669ae60
image,#loot04_ui_icon_outfit_warrior_epic1_wetworks_outrider_outfit_bundle
image,#loot03_ui_icon_outfit_benjamins_legendary1_seraph
image,#ui_icon_rank_wz_level10
image,#ui_icon_rank_wz_level11
image,#ui_icon_rank_wz_level12
image,#ui_icon_rank_wz_level13
image,#ui_icon_rank_wz_level14
image,#ui_icon_rank_wz_level15
image,#ui_icon_rank_wz_level16
image,#ui_icon_rank_wz_level17
image,#ui_icon_rank_wz_level18
image,#ui_icon_rank_wz_level19
image,#loot02_ui_icon_outfit_holidays_extra_warpaint_naughtyornice_stanton
image,#ui_icon_rank_wz_level03
image,#ui_icon_rank_wz_level02
image,#ui_icon_rank_wz_level01
image,#ui_icon_rank_wz_level07
image,#ui_icon_rank_wz_level06
image,#ui_icon_rank_wz_level05
image,#ui_icon_rank_wz_level04
image,#ui_icon_rank_wz_level09
image,#ui_icon_rank_wz_level08
image,#ui_icon_rank_wz_level36
image,#ui_icon_rank_wz_level37
image,#ui_icon_rank_wz_level34
image,#ui_icon_rank_wz_level35
image,#ui_icon_rank_wz_level32
image,#ui_icon_rank_wz_level33
image,#ui_icon_rank_wz_level30
image,#ui_icon_rank_wz_level31
image,#ui_icon_rank_wz_level38
image,#ui_icon_rank_wz_level39
image,#ui_icon_rank_wz_level29
image,#ui_icon_rank_wz_level28
image,#ui_icon_rank_wz_level21
image,#ui_icon_rank_wz_level20
image,#ui_icon_rank_wz_level23
image,#ui_icon_rank_wz_level22
image,#ui_icon_rank_wz_level25
image,#ui_icon_rank_wz_level24
image,#ui_icon_rank_wz_level27
image,#ui_icon_rank_wz_level26
image,#ui_icon_rank_wz_level58
image,#ui_icon_rank_wz_level59
image,#ui_icon_rank_wz_level54
image,#ui_icon_rank_wz_level55
image,#ui_icon_rank_wz_level56
image,#ui_icon_rank_wz_level57
image,#ui_icon_rank_wz_level50
image,#ui_icon_rank_wz_level51
image,#ui_icon_rank_wz_level52
image,#ui_icon_rank_wz_level53
image,#ui_icon_rank_wz_level49
image,#ui_icon_rank_wz_level48
image,#ui_icon_rank_wz_level47
image,#ui_icon_rank_wz_level46
image,#ui_icon_rank_wz_level45
image,#ui_icon_rank_wz_level44
image,#ui_icon_rank_wz_level43
image,#ui_icon_rank_wz_level42
image,#ui_icon_rank_wz_level41
image,#ui_icon_rank_wz_level40
image,#ui_icon_rank_wz_level72
image,#ui_icon_rank_wz_level73
image,#ui_icon_rank_wz_level70
image,#ui_icon_rank_wz_level71
image,#ui_icon_rank_wz_level76
image,#ui_icon_rank_wz_level77
image,#ui_icon_rank_wz_level74
image,#ui_icon_rank_wz_level75
image,#ui_icon_rank_wz_level78
image,#ui_icon_rank_wz_level79
image,#ui_icon_rank_wz_level65
image,#ui_icon_rank_wz_level64
image,#ui_icon_rank_wz_level67
image,#ui_icon_rank_wz_level66
image,#ui_icon_rank_wz_level61
image,#ui_icon_rank_wz_level60
image,#ui_icon_rank_wz_level63
image,#ui_icon_rank_wz_level62
image,#ui_icon_rank_wz_level69
image,#ui_icon_rank_wz_level68
image,#ui_icon_rank_wz_level80
image,#loot04_ui_icon_outfit_assassin_legendary1_firebreak
image,d#ui_icon_wildcard_primarygunfighter03_large
image,#hash_487ef177e6a56172
image,d#hash_4883826ef2edae50
image,#ui_icon_rank_zm_level23_large
image,#ui_icon_blackmarket_cp1100_case
image,#loot05_ui_icon_outfit_zombie_epic1_ajax_outfit_bundle
image,#loot03_ui_icon_outfit_global_warpaint_spades_stanton_ix
image,#ui_icon_mp_prestige_06_large
image,d#ui_icon_weapon_ar_an94_render
image,#hash_48b3b41efae43832
image,#loot03_ui_icon_outfit_global_warpaint_jester_diego_ix
image,#ui_icon_medal_attack_chopper_large
image,#hash_48b709adef3ff31b
image,#loot03_ui_icon_outfit_global_warpaint_clubs_outrider
image,#ui_icon_medal_annihilated
image,#hash_48bb3a3835847a04
image,#loot04_ui_icon_outfit_global_warpaint_s4_crackedmask_dempsey_pri
image,#hash_48d243264b298ba6
image,#loot02_ui_icon_outfit_global_warpaint_hypnotic_stanton
image,#loot04_ui_icon_outfit_topography_rare1_outrider_outfit_bundle
image,#loot02_ui_icon_outfit_holidays_extra_warpaint_krampus_ruin
image,#ui_icon_inventory_zm_red_artifact_sentinel
image,#ui_icon_hero_portrait_draft_bruno
image,#hash_48f6cf8fa2996d6c
image,#hash_48f9272e26b1b9e5
image,#hash_49179f414f2e7847
image,#hash_4917a0414f2e79fa
image,#hash_4917a1414f2e7bad
image,#hash_492674daf1bdba0f
image,#loot_03_ui_icon_blackmarket_stream_tr_longburst_mk2
image,#hash_492c6f372c10b996
image,#loot05_ui_icon_outfit_spectrum_rare1_ajax_outfit_bundle
image,#loot02_ui_icon_outfit_global_warpaint_pixel_perfect_crash
image,#loot02_ui_icon_outfit_global_warpaint_maori_torque
image,#hash_496c0e40b4e81b12
image,#ui_icon_weapon_ar_peacekeeper_xl
image,#loot_ui_icon_outfit_dotd_base_pal_exo2_nomad
image,#hash_498bb3df643f454d
image,#hash_49908ab2ab606e89
image,#ui_icon_rank_mp_level29_large
image,#ui_icon_obit_smg_fastfire
image,#loot_ui_icon_outfit_halloween_extra_warpaint_demon_recon
image,#hash_499376a3a256a0e2
image,#hash_49b9d1ed1f2c912a
image,d#ui_icon_zm_calling_tasks_zearned
image,#hash_49c3b729ca534493
image,#ui_icon_rank_wz_level62_large
image,#loot03_ui_icon_outfit_global_warpaint_diamonds_torque
image,#ui_icon_rank_zm_level16_large
image,#ui_icon_rank_wz_level44_large
image,#hash_49eed175696e37bb
image,#ui_icon_weapon_hud_hero_purifier
image,#hash_49fbd930fd38166f
image,#loot02_ui_icon_outfit_global_warpaint_facepalm_richtofen
image,#loot02_ui_icon_outfit_global_warpaint_fern_battery
image,#hash_4a0ccb3501889560
image,#hash_4a12b42d53df5164
image,#ui_icon_attachment_special_crossbow_scope
image,#hash_4a26e0be2169efc1
image,#ui_icon_medal_destroy_gunship_large
image,#ui_icon_elixirs_always_done_swiftly
image,#hash_4a3dc740ce0dab2b
image,#hash_4a5e52605e1f7523
image,#hash_4a5f71490a7897c6
image,#loot02_ui_icon_outfit_global_warpaint_maori_ajax
image,#ui_icon_weapons_zm_sniper_damagesemi
image,#hash_4a743352599e6c01
image,#loot03_ui_icon_outfit_global_warpaint_spades_diego
image,#hash_4a7f5c7398f7d729
image,#ui_icon_gear_c_t8_mp_spe_buffer_thrusters1
image,#hash_4a997c2ffa65090c
image,#hash_4a9f7b1c88091387
image,#loot02_ui_icon_outfit_global_warpaint_pixel_perfect_seraph
image,#hash_4ab3abbd48dc1a8f
image,#hash_4ab43960259ec5ad
image,#hash_4ab66dde357a39e9
image,#loot_ui_icon_outfit_halloween_extra_warpaint_cthulhu_richtofen
image,#loot04_ui_icon_outfit_topography_rare1_ajax_outfit_bundle
image,#hash_4ac912a0bc1f40e4
image,#ui_icon_medal_destroy_dart
image,#hash_4ad817ba69e39273
image,#hash_4add4941826957b2
image,#hash_4add92f7dd13326d
image,#hash_4ae28eba6abe7e40
image,#ui_icon_weapon_camo_active_sig_ar_stealth_vampire
image,#hash_4b067cd599d91cee
image,#hash_4b129259d1925173
image,#loot05_ui_icon_outfit_spectrum_rare1_reaper
image,#ui_icon_medal_clean_up_large
image,#hash_4b27320b50769cb5
image,#hash_4b2b541cfa0e38a2
image,#loot02_ui_icon_outfit_global_warpaint_bleeding_richtofen
image,#hash_4b33c10753807f77
image,#loot02_ui_icon_outfit_global_warpaint_facepalm_bruno
image,#ui_icon_wz_prestige_10_large
image,#ui_icon_mp_prestige_02_large
image,#ui_icon_blackmarket_reserves_ar_doublebarrel
image,#ui_icon_hvo_sharpshooter_torque
image,#loot04_ui_icon_outfit_warrior_epic1_wetworks_outrider_warpaint
image,#loot04_ui_icon_outfit_topography_rare3_outrider
image,d#ui_icon_wildcard_greed03_large
image,#hash_4bc54ee3d6be2b6d
image,#hash_4bc911e1c4e0f2ae
image,#hash_4bcdd7db99125961
image,#ui_icon_mp_paragon_t5_04_large
image,#ui_icon_rank_zm_level44_large
image,#ui_icon_weapon_ar_fastfire_tactical_render
image,#hash_4beccb3131545e51
image,#hash_4bef6f9e638a7af2
image,#hash_4bf1e6e0bca7f951
image,#ui_icon_perks_zm_stonecoldstronghold
image,#loot05_ui_icon_outfit_global_warpaint_s5_zombie_ajax
image,#ui_icon_rank_wz_level58_large
image,#loot04_ui_icon_outfit_warrior_epic1_wetworks_recon
image,#hash_4c26ba193232ab99
image,#ui_icon_obit_ar_peacekeeper
image,#hash_4c2de0bec997105d
image,#hash_4c2f93a823e00ed2
image,#ui_icon_gamemode_teamdeathmatch_large
image,#hash_4c3ef1326ce6222a
image,d#ui_icon_scorestreaks_turret_mini
image,#hash_4c463a8e8f09c164
image,#loot03_ui_icon_outfit_panther_rare3_nomad
image,#ui_icon_weapon_ar_stealth_tactical_render
image,#ui_icon_rank_wz_level55_large
image,#hash_4c658eca9aafe17e
image,#hash_4c6b7b5235b77d4b
image,#hash_4c6e5d4bd093521a
image,#ui_icon_weapons_zm_ar_doublebarrel
image,#loot04_ui_icon_outfit_global_warpaint_s4_crackedmask_firebreak
image,#loot02_ui_icon_outfit_global_warpaint_boogie_man_recon
image,#hash_4c82f8f7b7c72d96
image,#ui_icon_weapons_loot_ar_accurate_sig_02
image,#hash_4c8731a395fe6921
image,#loot03_ui_icon_outfit_global_warpaint_diamonds_dempsey_pri
image,#hash_4c8952f720b5c411
image,#hash_4c8d4bcf6cfcd823
image,#hash_4c928b221443789e
image,#ui_icon_medal_headshot
image,#loot02_ui_icon_outfit_holidays_extra_warpaint_nutcracker_crash
image,#hash_4ca70cdca8b3f92f
image,#hash_4caeeb24a1aefa53
image,#hash_4cafe6fc3b5f5010
image,#loot02_ui_icon_outfit_global_warpaint_hypnotic_dempsey
image,#loot02_ui_icon_outfit_global_warpaint_fern_scarlett_ix
image,#loot04_ui_icon_outfit_water_legendary1_zero_outfit_bundle
image,#hash_4cc2895596301211
image,#hash_4ccfb2f84ecc5918
image,#hash_4cd3d208a628e67e
image,#loot04_ui_icon_outfit_water_legendary1_nomad_warpaint
image,#hash_4cea1f53970a1eb5
image,#ui_icon_medal_kingslayer_large
image,#ui_icon_weapon_melee_bowie_xl
image,#ui_icon_specialist_portrait_hud_russman
image,#loot_03_ui_icon_blackmarket_stream_smg_folding
image,#ui_icon_medal_caught
image,#ui_icon_weapon_annihilator_xl
image,#loot04_ui_icon_outfit_global_warpaint_s4_crackedmask_stanton
image,#hash_4d2da1b2009c1c85
image,#hash_4d35db65dc5fbf79
image,#hash_4d36b370580ef682
image,#hash_4d3cf866d49d3a48
image,#hash_4d3de84fe4889956
image,#loot04_ui_icon_outfit_global_warpaint_s4_pharaoh_scarlett_ix
image,#hash_4d48c33f3bf0aaf8
image,#loot03_ui_icon_outfit_global_warpaint_diamonds_bruno_ix
image,#ui_icon_wz_prestige_06_large
image,#hash_4d5050d16607a4ab
image,#hash_4d56a9eca7f9d53e
image,#hash_4d6356e2858b457e
image,#hash_4d6adb9eb4d13d69
image,#ui_icon_elixirs_power_keg
image,#hash_4d73a140af531475
image,#hash_4d79a3fb9bec2a85
image,#loot_03_ui_icon_blackmarket_stream_shotgun_fullauto
image,#ui_icon_zm_paragon_t7_10_large
image,#loot02_ui_icon_outfit_holidays_extra_warpaint_candy_cane_prophet
image,#ui_icon_attachment_knife_opmod_dual_wield
image,#hash_4dafff24c5fe2aa9
image,#hash_4db61497ef31b418
image,#loot05_ui_icon_outfit_global_warpaint_s5_hazard_prophet
image,#ui_icon_elixirs_ctrl_z
image,#hash_4dcbebc4f89a1e2b
image,#loot02_ui_icon_outfit_global_warpaint_boogie_man_stanton
image,#hash_4def49f3096a533c
image,#loot03_ui_icon_outfit_global_warpaint_jester_stanton
image,d#ui_icon_gadget_smart_cover_mp
image,#hash_4df8d15591aa19c6
image,d#hash_4e02c60ccbee1ce9
image,#hash_4e0624f9642ed922
image,#ui_icon_weapon_pistol_standard_sig_01_render
image,#hash_4e11e95c986f07d3
image,#hash_4e170e003c686dc7
image,#hash_4e1bba61d2b88b16
image,#hash_4e1e64ac7ff21792
image,#hash_4e21a9e447ec6a51
image,#loot02_ui_icon_outfit_global_warpaint_rorschach_recon
image,#loot_ui_icon_outfit_halloween_extra_warpaint_alien_bruno
image,#loot03_ui_icon_outfit_global_warpaint_spades_scarlett_ix
image,#ui_icon_weapon_snowball_xl
image,#ui_icon_weapon_lmg_stealth_xl
image,#hash_4e481d407eded9f7
image,#loot02_ui_icon_outfit_holidays_extra_warpaint_nutcracker_battery
image,#loot02_ui_icon_outfit_holidays_extra_warpaint_naughtyornice_stanton_ix
image,#loot02_ui_icon_outfit_global_warpaint_hypnotic_zero
image,#ui_icon_rank_zm_level22_large
image,d#ui_icon_weapon_smg_fastfire_render_xl
image,#loot04_ui_icon_outfit_topography_rare1_zero
image,#hash_4e7a7155d80a3d4d
image,#ui_icon_rank_mp_level50_large
image,#hash_4e929f88eccac014
image,#ui_icon_wildcard_secondaryopperatormod
image,#hash_4eb67a7f570674ea
image,#ui_icon_medal_takedown_large
image,#hash_4ebf4ea5afb62bd7
image,#ui_icon_medal_jackpot_large
image,#loot02_ui_icon_outfit_holidays_extra_warpaint_nutcracker_recon
image,#hash_4ed56fda4e5b69ab
image,#loot04_ui_icon_outfit_global_warpaint_s4_fish_diego
image,#ui_icon_medal_killchain_large
image,#hash_4ef1581f793464f6
image,#hash_4ef372f0a04df783
image,#ui_icon_medal_brutal_large
image,#loot_ui_icon_outfit_halloween_extra_warpaint_scarecrow_battery
image,#hash_4ef6939ca6e195b7
image,#hash_4ef947a746986717
image,#ps3button_square
image,#ui_icon_weapon_ray_gun_mk2z_render
image,#loot02_ui_icon_outfit_global_warpaint_boogie_man_dempsey
image,#loot03_ui_icon_outfit_global_warpaint_clover_diego
image,#ui_icon_specialist_portrait_draft_trejo
image,d#ui_icon_attachment_lmg_heavy_opmod_fat_barrel
image,#ui_icon_medal_gungame_gunslinger_large
image,#ui_icon_rank_zm_level33_large
image,#ui_icon_rank_zm_level03_large
image,#hash_4f3d99dbfeeb302c
image,#hash_4f425aa07d5d2fc1
image,#hash_4f4854618f1834d2
image,#hash_4f496c74c5098f0e
image,#loot04_ui_icon_outfit_global_warpaint_s4_creature_firebreak
image,#loot03_ui_icon_outfit_global_warpaint_diamonds_outrider
image,#hash_4f51560f9f2fc005
image,#loot05_ui_icon_outfit_global_warpaint_s5_zombie_stanton
image,#hash_4f6dfbeb9575e896
image,d#ui_icon_weapon_lmg_hades_xl
image,#ui_icon_specialist_portrait_draft_shadowman
image,#loot02_ui_icon_outfit_numbers_seraph
image,#hash_4f7fd4649ad2fd73
image,#ui_icon_medal_no_tip_large
image,#hash_4f85710b55dc7589
image,#hash_4f893d9d8469483a
image,#loot02_ui_icon_outfit_global_warpaint_facepalm_stanton
image,#ui_icon_weapon_hud_sniper_powerbolt_wz
image,#ui_icon_rank_wz_level07_large
image,#loot03_ui_icon_outfit_global_warpaint_hearts_stanton_ix
image,#ui_icon_hero_portrait_draft_woods
image,#hash_4fbfa0235095e700
image,#hash_4fc44cc788c9abd6
image,#hash_4fc60e1de97db607
image,#ui_icon_elixirs_suit_up
image,#loot04_ui_icon_outfit_global_warpaint_s4_sun_firebreak
image,#hash_4fd827ab09416774
image,#loot02_ui_icon_outfit_global_warpaint_bleeding_seraph
image,#loot_ui_icon_outfit_halloween_extra_warpaint_grim_ruin
image,#loot_03_ui_icon_blackmarket_stream_smg_capacity_mk2
image,d#ui_icon_attachment_hades_opmod_sentry_grip
image,#loot03_ui_icon_outfit_panther_rare2_seraph
image,#ui_icon_attachment_lmg_stealth_opmod_burst_rush
image,#hash_4ffecf245ff64e92
image,#loot02_ui_icon_outfit_global_warpaint_pixel_perfect_stanton_ix
image,#loot04_ui_icon_outfit_topography_rare3_ruin_outfit_bundle
image,#hash_5002215f861a6899
image,#hash_500408dc84a83239
image,#hash_50085f46aaa077ec
image,#hash_50089d918a806870
image,#loot03_ui_icon_outfit_global_warpaint_clubs_zero
image,#hash_501c1cd31f560a69
image,#loot_ui_icon_outfit_halloween_extra_warpaint_grimreaper_takeo
image,#loot_ui_icon_outfit_halloween_extra_warpaint_scarecrow_scarlett_ix
image,#ui_icon_medal_overwatch_large
image,#hash_503cfc45274aadd0
image,#ui_icon_emotes_beachball
image,#loot03_ui_icon_outfit_global_warpaint_tattoo_bruno_ix
image,d#ui_icon_attachment_suppressivebarrel
image,#hash_5062dc56f4dcf3db
image,#hash_506ae1feb51b4bce
image,#loot03_ui_icon_outfit_global_warpaint_diamonds_scarlett_ix
image,#ui_icon_hvo_killer_nomad
image,#ui_icon_hero_portrait_draft_mason
image,#hash_508bdc79c34e4349
image,#hash_508f2da023bbf545
image,#hash_50916f1939f0b8e4
image,d#ui_icon_wildcard_underkill_large
image,#hash_50a0382190aa6040
image,#loot_05_ui_icon_blackmarket_reserves_matt_shadows
image,#loot03_ui_icon_outfit_panther_rare3_zero
image,#ui_icon_talisman_extra_semtex
image,#hash_50ae5d5d5883bc51
image,#hash_50c4c212eeba6107
image,#hash_50ce75d178ec4671
image,#ui_icon_gamemode_oneinthechamber_large
image,#loot04_ui_icon_outfit_global_warpaint_s4_fish_zero
image,#hash_50f0cdad07dde0d9
image,#hash_50f73d7a16867d6f
image,#ui_icon_medal_destroy_chopper_large
image,#ui_icon_medal_breakthebank_large
image,#ui_icon_obit_shotgun_fullauto
image,#ui_icon_talisman_shield_price
image,#hash_5111c1c6e1930377
image,#hash_5115d0a652ed5785
image,#hash_51176b2ff9f4113e
image,#hash_51387a014442304b
image,#ui_icon_weapon_hud_special_ballistic_knife
image,#hash_5142ebdea2c1ca0c
image,#ui_icon_rank_mp_level36_large
image,#loot02_ui_icon_outfit_holidays_extra_warpaint_reindeer_nikolai
image,#loot_03_ui_icon_blackmarket_reserves_hudson_hawaiian
image,d#ui_icon_attachment_dragonbreath
image,#loot02_ui_icon_outfit_holidays_extra_warpaint_nutcracker_richtofen
image,#ui_icon_rank_wz_level16_large
image,#ui_icon_mp_paragon_t7_07_large
image,#ui_icon_weapon_hud_smg_vmp
image,#hash_51860b2845fe85da
image,#hash_518a6193abd5b954
image,#hash_518b1226a526988e
image,#hash_518c22794477f75e
image,#ui_icon_zm_paragon_t7_08_large
image,#loot04_ui_icon_outfit_global_warpaint_s4_sun_nomad
image,#loot04_ui_icon_outfit_topography_rare3_prophet_outfit_bundle
image,#ui_icon_obit_melee_club
image,#hash_51a5f97b3002726f
image,#ui_icon_mp_prestige_07_large
image,#hash_51acc19d472a3b3e
image,#ui_icon_equipment_zm_katana_lvl1_dark
image,#loot05_ui_icon_outfit_global_warpaint_s5_hazard_stanton
image,#ui_icon_inventory_homunculus
image,#hash_51b59e78fff6187b
image,#hash_51b7e266653d7e91
image,#hash_51bcfd9e95febb4b
image,#loot03_ui_icon_outfit_panther_rare1_zero_outfit_bundle
image,#loot02_ui_icon_outfit_holidays_extra_warpaint_candy_cane_bruno_ix
image,#hash_51d4658015c4c6c7
image,d#ui_icon_weapon_smg_vmp_render
image,#hash_51e99277ed0aefa8
image,#ui_icon_specialist_portrait_hud_trejo
image,#loot02_ui_icon_outfit_global_warpaint_fern_stanton
image,#hash_51f3606c124312a2
image,#loot02_ui_icon_outfit_holidays_extra_warpaint_snowman_dempsey
image,#ui_icon_weapon_hud_vehicle_turret_uh1d
image,#hash_52079c64321786b1
image,#loot04_ui_icon_outfit_topography_rare1_torque
image,#hash_520db7764f24e6bb
image,#hash_520db8764f24e86e
image,#hash_520db9764f24ea21
image,#loot_ui_icon_outfit_halloween_extra_warpaint_cthulhu_nikolai
image,#hash_520f5c459d93b4e4
image,#hash_52110ed5628ce258
image,#ui_icon_medal_low_blow_large
image,#loot04_ui_icon_outfit_global_warpaint_s4_creature_prophet
image,#hash_5219e312a9adab86
image,#ui_icon_medal_fly_swatter_large
image,#loot_ui_icon_outfit_halloween_extra_warpaint_pumpkin_nomad
image,#loot03_ui_icon_outfit_global_warpaint_clubs_scarlett_ix
image,#hash_52371e444f4e5803
image,#loot03_ui_icon_outfit_benjamins_legendary1_seraph_outfit_bundle
image,#ui_icon_hvo_mvp_battery
image,#hash_524312adebb04162
image,#ui_icon_medal_gungame_regicide
image,#loot03_ui_icon_outfit_global_warpaint_robber_recon
image,#ui_icon_blackmarket_reserves_case_icon
image,#loot03_ui_icon_outfit_panther_rare1_ruin
image,#hash_524e35f640a6c2ea
image,#hash_524fd3c09cd2486a
image,#hash_5250ce29230c1ee2
image,#ui_icon_weapon_annihilator_render
image,#hash_525fb11ea19c0f6a
image,#hash_526c63a0b58a583e
image,#ui_icon_hero_portrait_draft_takeo
image,#hash_5273d8e386b91ba5
image,#hash_5287d45eae46ccbc
image,#hash_5288e1a50eae969d
image,#ui_icon_weapon_sniper_locus_wz_xl
image,#ui_icon_equpiment_zm_rastaff_lv3_dark
image,#hash_52981ed34c8dacf9
image,#hash_5299065f37899d66
image,#ui_icon_medal_unstoppable_large
image,#hash_52b95b718b8f8cb1
image,#hash_52b984878a0b8d55
image,#ui_icon_weapon_sniper_quickscope_sig_02_render
image,#hash_52c40e4603ee6522
image,#loot03_ui_icon_outfit_panther_rare1_torque_outfit_bundle
image,#ui_icon_rank_mp_level03_large
image,#loot03_ui_icon_outfit_global_warpaint_robber_nomad
image,#hash_52dc25f04099cd0f
image,#hash_52e050dd3507d5a2
image,#hash_52e6d79d0195c203
image,#hash_52e97f5f57fd2d7b
image,#ui_icon_specialist_portrait_draft_johnson
image,#loot05_ui_icon_outfit_global_warpaint_s5_zombie_bruno_ix
image,#loot02_ui_icon_outfit_global_warpaint_boogie_man_diego
image,d#ui_icon_scorestreaks_swatbuddy
image,#hash_530640141f8ee96f
image,#hash_5306ff3789dbc479
image,#hash_5312df75db1e29b0
image,#ui_icon_specialist_portrait_draft_tedd
image,#hash_53289681bba60e76
image,#loot03_ui_icon_outfit_global_warpaint_spades_torque
image,#ui_icon_wz_prestige_03_large
image,d#hash_5333840eaf8299b8
image,#loot04_ui_icon_outfit_global_warpaint_s4_pharaoh_stanton_ix
image,#ui_icon_weapon_smg_standard_sig_02_render
image,#hash_5357958881641d05
image,#hash_535ec656e88a5142
image,#ui_icon_obit_scythe
image,#ui_icon_weapon_tr_midburst_tactical_render
image,#loot04_ui_icon_outfit_global_warpaint_s4_fish_diego_ix
image,#hash_5374b6cdc4e8ed66
image,#hash_5377a4922b57ed47
image,#ui_icon_specialist_portrait_draft_battery
image,#hash_538359f61fb2d685
image,#hash_5384334758640b4a
image,#ui_icon_specialist_portrait_takeo_ultimus
image,#loot05_ui_icon_outfit_demonology_legendary1_crash
image,d#ui_icon_wildcard_primarygunfighter01_large
image,#ui_icon_emotes_gag
image,#hash_53a64436ec4d6140
image,#hash_53aca4d5972e918c
image,#loot_ui_icon_outfit_dotd_base_pal_exo2_seraph
image,#loot02_ui_icon_outfit_holidays_extra_warpaint_krampus_scarlett
image,#hash_53b43a1b4bb540f4
image,#ui_icon_weapon_melee_action_figure_xl
image,#hash_53d2348697df2d7a
image,#hash_53d648ac588dc150
image,#hash_53d79f386450000c
image,#loot03_ui_icon_outfit_panther_rare3_recon_outfit_bundle
image,#hash_53db4d4435557493
image,#hash_53e82571ccf64715
image,#ui_icon_rank_zm_level24_large
image,#hash_53f5b22dd1403804
image,#loot02_ui_icon_outfit_holidays_extra_warpaint_reindeer_stanton_ix
image,#loot05_ui_icon_outfit_spectrum_rare1_recon_outfit_bundle
image,#ui_icon_zm_paragon_t6_06_large
image,#hash_5413a65607fef773
image,#hash_5438fbfc18ded606
image,#loot05_ui_icon_outfit_global_warpaint_s5_hazard_diego
image,#loot02_ui_icon_outfit_global_warpaint_pixel_perfect_diego
image,#hash_545bb47068833784
image,#hash_5469adbd902f980e
image,#hash_546d6b642dcb9d4f
image,#loot02_ui_icon_outfit_global_warpaint_hypnotic_firebreak
image,#loot_ui_icon_outfit_halloween_extra_warpaint_gargoyle_scarlett
image,#ui_icon_medal_stuck
image,#hash_54945002aaa1ae28
image,#hash_5497ab00ebc6fe85
image,#hash_549c9fcecf71dcc2
image,#loot04_ui_icon_outfit_global_warpaint_s4_creature_stanton_ix
image,#loot02_ui_icon_outfit_holidays_extra_warpaint_nutcracker_scarlett_ix
image,#loot05_ui_icon_outfit_global_warpaint_s5_hazard_diego_ix
image,#loot03_ui_icon_outfit_global_warpaint_clubs_bruno_ix
image,#loot_04_ui_icon_blackmarket_stream_lmg_stealth
image,#hash_54cc28dcbbe81277
image,#hash_54cd40da8e29707f
image,#loot03_ui_icon_outfit_global_warpaint_spades_takeo_pri
image,#ui_icon_talisman_mini_turret
image,#ui_icon_emotes_brains
image,d#ui_icon_weapon_pistol_standard_render_xl
image,#ui_icon_rank_wz_level69_large
image,#hash_54da9330f7a55b6f
image,#loot02_ui_icon_outfit_global_warpaint_facepalm_ajax
image,#hash_54e7bb3f69eccfce
image,#hash_54ec995360cd12b0
image,#hash_5510264d5e4a4529
image,#hash_55191080c61ac3b4
image,#ui_icon_hero_portrait_draft_scarlett
image,d#ui_icon_weapon_lmg_heavy_xl
image,#hash_552128c208991de5
image,#ui_icon_medal_mantis_kill_large
image,#ui_icon_obit_wire
image,#hash_552ed8a9a6bcbb7e
image,#loot_ui_icon_outfit_dotd_base_pal_exo2_ruin
image,#loot02_ui_icon_outfit_global_warpaint_rorschach_nikolai
image,#loot04_ui_icon_outfit_warrior_epic1_wetworks_zero_warpaint
image,#hash_554eb9ce0ce494c4
image,#hash_556a25ac2c5228bf
image,d#ui_icon_weapon_sniper_mini14_mk2_render
image,#ui_icon_medal_destroy_swarm_large
image,#hash_557800acf0409cbe
image,#hash_5580164ab82050db
image,#hash_55867ff8597e8577
image,#loot02_ui_icon_outfit_numbers_swat
image,#hash_5590c78b8d131c0d
image,#loot02_ui_icon_outfit_holidays_extra_warpaint_krampus_diego
image,#hash_55a6cd7acee99708
image,#hash_55b5fc5ec535a522
image,#loot03_ui_icon_outfit_global_warpaint_clover_ajax
image,#loot03_ui_icon_outfit_global_warpaint_hearts_torque
image,#loot03_ui_icon_outfit_panther_rare2_ajax
image,#loot04_ui_icon_outfit_warrior_epic1_wetworks_seraph
image,#ui_icon_weapon_smg_accurate_sig_01_render
image,#ui_icon_medal_cleanup
image,#hash_55e54799fed1ca2d
image,#loot04_ui_icon_outfit_summer_legendary1_battery
image,#ui_icon_elixirs_reign_drops
image,#ui_icon_emotes_s3_rainbow
image,#hash_55f8d4e8683ae411
image,#loot04_ui_icon_outfit_summer_legendary1_nomad_outfit_bundle
image,#hash_55fa661b4799b9ef
image,#loot_ui_icon_outfit_halloween_extra_warpaint_cthulhu_takeo
image,#loot02_ui_icon_outfit_global_warpaint_pixel_perfect_prophet
image,#ui_icon_rank_wz_level05_large
image,#loot02_ui_icon_outfit_holidays_extra_warpaint_candy_cane_scarlett
image,#hash_561b8e68b49804c8
image,#hash_562187a9a107f957
image,#hash_562aaf2bad9b0235
image,#hash_56359ab962c8fd1a
image,#hash_563ab3c5d095120c
image,#loot03_ui_icon_outfit_benjamins_legendary1_ruin_outfit_bundle
image,#loot03_ui_icon_outfit_panther_rare3_battery
image,#loot02_ui_icon_outfit_global_warpaint_hypnotic_stanton_ix
image,#hash_5648cba38fe43891
image,#ui_icon_mp_paragon_t4_07_large
image,#loot04_ui_icon_outfit_topography_rare1_nomad_outfit_bundle
image,#ui_icon_medal_delivered
image,#hash_565a520ead34f728
image,#hash_5663c8e5b52afc64
image,#hash_566d3738053c58f2
image,#ui_icon_rank_wz_level73_large
image,#hash_567c85b2e590cd53
image,#hash_5680c51da6214a56
image,#loot_ui_icon_outfit_halloween_extra_warpaint_ghoul_prophet
image,#loot_ui_icon_outfit_halloween_extra_warpaint_ghoul_recon
image,#ui_icon_weapon_ar_stealth_render
image,#hash_56982ff6e29478bb
image,#loot04_ui_icon_outfit_global_warpaint_s4_pharaoh_torque
image,#hash_56ab743e8d2cc7e5
image,#hash_56ae442654d9c10c
image,#loot_02_ui_icon_blackmarket_stream_pistol_revolver_sig02
image,#ui_icon_obit_ar_damage
image,#hash_56bce00f30cb81ac
image,#hash_56c469684ccdcb83
image,#loot02_ui_icon_outfit_global_warpaint_rorschach_stanton
image,#ui_icon_weapons_zm_tr_flechette
image,#loot03_ui_icon_outfit_global_warpaint_robber_scarlett_ix
image,#hash_56e2cf4e6f391e63
image,#loot03_ui_icon_outfit_global_warpaint_diamonds_bruno
image,#loot04_ui_icon_outfit_global_warpaint_s4_sun_outrider
image,#ui_icon_specialist_portrait_draft_zombie_male
image,#hash_56f7c4bbf1ce7b84
image,#loot02_ui_icon_outfit_global_warpaint_rorschach_crash
image,#hash_57048601ba6e2892
image,#loot02_ui_icon_outfit_holidays_extra_warpaint_naughtyornice_diego_ix
image,#loot04_ui_icon_outfit_topography_rare2_firebreak
image,#loot03_ui_icon_outfit_panther_rare2_nomad
image,d#ui_icon_weapon_ar_standard_sig_02_render
image,#hash_571ff172a98804bb
image,d#hash_57247a0c9dc90c9b
image,#hash_572c43db147d2a15
image,#hash_572ca2a8d485ec18
image,#loot05_ui_icon_outfit_zombie_epic1_spectre
image,#loot05_ui_icon_outfit_global_warpaint_s5_zombie_stanton_ix
image,#loot02_ui_icon_outfit_global_warpaint_pixel_perfect_nomad
image,#ui_icon_rank_mp_level10_large
image,#loot04_ui_icon_outfit_global_warpaint_s4_crackedmask_ruin
image,#loot02_ui_icon_outfit_global_warpaint_maori_prophet
image,#loot02_ui_icon_outfit_global_warpaint_fern_crash
image,#loot02_ui_icon_outfit_global_warpaint_pixel_perfect_bruno
image,#hash_576456c16f924d13
image,#hash_576457c16f924ec6
image,#hash_576458c16f925079
image,#hash_576459c16f92522c
image,#hash_57645ac16f9253df
image,#hash_57645bc16f925592
image,d#ui_icon_weapon_tr_damageburst_render
image,#hash_5775dec86df09361
image,#hash_57855eb570e7d0a1
image,#ui_icon_weapon_sniper_quickscope_render
image,#ui_icon_hvo_mvp_nomad
image,#hash_5789a11fbf82c2f7
image,#hash_57a651b7928d59b7
image,#hash_57aa2da002a66edf
image,#hash_57b583cf9af9383a
image,#loot04_ui_icon_outfit_global_warpaint_s4_crackedmask_stanton_ix
image,#hash_57ce21bcba617996
image,#loot_ui_icon_outfit_halloween_extra_warpaint_ghoul_diego_ix
image,#hash_57db3abfaa9f3309
image,d#ui_icon_zm_calling_tasks_headshots
image,#hash_57e9a550bb06563c
image,#hash_57eeda828c22e778
image,#ui_icon_elixirs_point_drops
image,#ui_icon_medal_unstoppable
image,#hash_5804afb1a0b7eba4
image,#ui_icon_weapon_ar_accurate_render
image,#loot04_ui_icon_outfit_global_warpaint_s4_sun_torque
image,#hash_5811ad68c867dbfc
image,#loot02_ui_icon_outfit_global_warpaint_pixel_perfect_stanton
image,#hash_581ea7155ff1e9bb
image,#hash_5823cc5d3e9043b6
image,#ui_icon_perks_zm_victorioustortoise
image,#ui_icon_rank_mp_level09_large
image,#hash_58559bd463b51158
image,#ui_icon_medal_destroy_mantis_large
image,#ui_icon_weapons_zm_lmg_stealth
image,#ui_icon_medal_bullseye_large
image,d#hash_5867d6ad0e7df1ab
image,#ui_icon_emotes_s3_police_badge
image,#hash_586a8a3eee67b142
image,#hash_5873f3f6c3d16ab5
image,#loot03_ui_icon_outfit_panther_rare1_outrider
image,#hash_587a5a8c0cc6a49e
image,#ui_icon_rank_wz_level56_large
image,#hash_587dd0922ab2fb5c
image,#ui_icon_mp_paragon_t6_09_large
image,#hash_58a955cd1bea93bb
image,#hash_58ab3923986c59ef
image,#loot03_ui_icon_outfit_global_warpaint_jester_bruno_ix
image,#ui_icon_medal_survivalist
image,d#ui_icon_weapon_lmg_plr_mk2_render
image,#hash_58bc3664c5b47bce
image,d#ui_icon_zm_callings_smg
image,#loot02_ui_icon_outfit_global_warpaint_facepalm_zero
image,#loot03_ui_icon_outfit_global_warpaint_jester_torque
image,#hash_58dc61c660317b56
image,#loot03_ui_icon_outfit_global_warpaint_spades_zero
image,#loot03_ui_icon_outfit_panther_rare1_crash_outfit_bundle
image,#ui_icon_talisman_perk_mod_single
image,#loot_ui_icon_outfit_halloween_extra_warpaint_ghoul_takeo
image,#hash_590ff2edd65dfb22
image,#ui_icon_zm_paragon_t7_22_large
image,#ui_icon_rank_mp_level14_large
image,#hash_592198fd03ef6648
image,#hash_592cd6406d4cf245
image,#loot02_ui_icon_outfit_holidays_extra_warpaint_krampus_prophet
image,#hash_5940a9b59af7c203
image,#loot03_ui_icon_outfit_global_warpaint_robber_diego
image,#ui_icon_hvo_mvp_prophet
image,#loot03_ui_icon_outfit_global_warpaint_jester_outrider
image,#ui_icon_obit_smg_capacity
image,#loot02_ui_icon_outfit_numbers_torque
image,#hash_597e9aaa36676064
image,#hash_5986c08b7e6cb35b
image,#uie_ui_icon_challenges_complete_small
image,#ui_icon_weapon_hud_ar_an94
image,#ui_icon_perks_zm_dyingwish
image,d#ui_icon_zm_calling_tasks_boxbuys
image,#hash_59b7e3356a48490e
image,#hash_59c0c09141651726
image,#hash_59c2ed300fddf610
image,#hash_59cabd6b0a91837a
image,#ui_icon_mp_paragon_t7_04_large
image,#ui_icon_gamemode_infiltration_proseries_large
image,#ui_icon_weapon_tr_powersemi_render
image,#ui_icon_zm_paragon_t6_03_large
image,#loot04_ui_icon_blackmarket_reserves_weapon_smg_fastfire_mk2
image,#hash_59f3b04e36880056
image,#loot_ui_icon_outfit_dotd_base_pal_exo2_prophet
image,#ui_icon_perks_blaze_phase
image,#loot02_ui_icon_outfit_holidays_extra_warpaint_dragon_battery
image,#loot03_ui_icon_outfit_global_warpaint_hearts_richtofen_pri
image,#hash_5a2abfe0b05353e6
image,#loot02_ui_icon_outfit_global_warpaint_maori_ruin
image,#loot04_ui_icon_outfit_global_warpaint_s4_pharaoh_scarlett
image,#hash_5a3a9de5c258c359
image,#ui_icon_weapon_pistol_revolver_render
image,#hash_5a3cd93fc6ed5226
image,#ui_icon_specialist_portrait_draft_david_mason
image,#ui_icon_medal_pancake
image,#ui_icon_rank_wz_level63_large
image,#loot05_ui_icon_outfit_global_warpaint_s5_hazard_zero
image,#ui_icon_talisman_shield_durability_legendary
image,#hash_5a560195207c11df
image,#loot03_ui_icon_outfit_benjamins_legendary1_outrider_outfit_bundle
image,d#ui_icon_weapon_smg_capacity_mk2_render
image,#ui_icon_weapon_hud_lmg_standard
image,#hash_5a718b3face255c2
image,#loot02_ui_icon_outfit_global_warpaint_maori_firebreak
image,#hash_5a7f1bcbe7408cfc
image,#hash_5a80bb9cf4c7bf47
image,#loot03_ui_icon_outfit_global_warpaint_spades_bruno_ix
image,#loot02_ui_icon_outfit_global_warpaint_facepalm_crash
image,#hash_5a95c2003e31f7a7
image,#hash_5a98a3a7dc0b2655
image,#loot02_ui_icon_outfit_global_warpaint_rorschach_takeo
image,#hash_5aa67fcdb16c44d8
image,#loot05_ui_icon_outfit_mean_legendary1_recon
image,#ui_icon_medal_bully_large
image,#hash_5ace123c6ad3f119
image,#loot_ui_icon_outfit_halloween_extra_warpaint_demon_firebreak
image,#hash_5ad0fa2c2a79e4ea
image,#ui_icon_rank_wz_level42_large
image,#loot04_ui_icon_outfit_global_warpaint_s4_pharaoh_firebreak
image,#hash_5ad7d12ea56e04e1
image,#ui_icon_medal_bait_taken
image,#ui_icon_rank_zm_level49_large
image,#ui_icon_medal_avenger_large
image,#ui_icon_specialist_portrait_draft_price
image,#hash_5ae92e670d0951fb
image,#ui_icon_rank_zm_level41_large
image,#ui_icon_rank_mp_level46_large
image,#hash_5b0ba2c25c74a557
image,#hash_5b160b28cd432ac0
image,#ui_icon_obit_pistol_burst
image,#ui_icon_elixirs_burned_out
image,#ui_icon_mp_prestige_02
image,#ui_icon_mp_prestige_03
image,#ui_icon_mp_prestige_01
image,#ui_icon_mp_prestige_06
image,#ui_icon_mp_prestige_07
image,#ui_icon_mp_prestige_04
image,#ui_icon_mp_prestige_05
image,#ui_icon_mp_prestige_08
image,#ui_icon_mp_prestige_09
image,#ui_icon_mp_prestige_10
image,#ui_icon_weapon_sniper_quickscope_tactical_render
image,#loot02_ui_icon_outfit_holidays_extra_warpaint_krampus_richtofen
image,#hash_5b2abe54164ac553
image,#ui_icon_weapon_melee_club_xl
image,#hash_5b32eee4c37238eb
image,#loot03_ui_icon_outfit_global_warpaint_diamonds_crash
image,#ui_icon_weapon_lmg_stealth_tactical_render
image,#hash_5b3a854c2dc4e922
image,#hash_5b4a3e7901210995
image,#loot_ui_icon_outfit_halloween_extra_warpaint_demon_prophet
image,#ui_icon_mp_paragon_t7_09_large
image,#img_t8_menu_mp_loadscreen_grind
image,#ui_icon_medal_elimination_large
image,#loot05_ui_icon_outfit_vampire_legendary1_torque_outfit_bundle
image,#loot04_ui_icon_outfit_water_legendary1_ajax_warpaint
image,#hash_5b7c3d1b626c6041
image,#ui_icon_mp_paragon_t7_10_large
image,#hash_5b88d52d7b5a3238
image,#hash_5b8dbcae95323998
image,#ui_icon_weapon_ray_gun_mk2x_render
image,#hash_5b941eb338a1ac9c
image,#hash_5b9ecfca39afa410
image,#hash_5ba212cfe54212bf
image,#hash_5ba25bede46f1e5a
image,#ui_icon_obit_sniper_locus
image,#ui_icon_rank_wz_level49_large
image,#loot03_ui_icon_outfit_global_warpaint_sunglasses_outrider
image,#hash_5bab8fee8060df93
image,#hash_5bba7e57f58733e1
image,#loot04_ui_icon_outfit_global_warpaint_s4_fish_firebreak
image,#hash_5bbee7f18c9e8c56
image,#ui_icon_elixirs_pop_shocks
image,#loot_ui_icon_outfit_halloween_extra_warpaint_demon_seraph
image,#ui_icon_medal_firstkill
image,#hash_5bd7c69153e80539
image,#loot04_ui_icon_outfit_topography_rare1_firebreak_outfit_bundle
image,#ui_icon_weapon_smg_standard_tactical_render
image,#ui_icon_weapons_zm_ar_peacekeeper
image,#ui_icon_rank_mp_level39_large
image,#loot02_ui_icon_outfit_global_warpaint_rorschach_scarlett
image,#hash_5c21f49af67050b1
image,#hash_5c241e7c16d67796
image,#hash_5c2f7da61844311e
image,#xenonbutton_rt
image,#hash_5c33b6749a2e4ee9
image,#hash_5c36230b5185381b
image,#loot04_ui_icon_outfit_global_warpaint_s4_fish_dempsey_pri
image,#xenonbutton_lt
image,#ui_icon_specialist_portrait_draft_misty
image,#loot05_ui_icon_outfit_global_warpaint_s5_zombie_nomad
image,#hash_5c65ef5115caa209
image,#ui_icon_perks_zm_phdslider_lg
image,#hash_5c6bcf112574b806
image,#ui_icon_obit_tr_damageburst
image,#loot_ui_icon_outfit_halloween_extra_warpaint_ghoul_bruno
image,#loot04_ui_icon_outfit_warrior_epic1_wetworks_zero_outfit_bundle
image,#ui_icon_medal_tempest_large
image,#ui_icon_rank_zm_level19_large
image,#ui_icon_weapon_hud_ar_doublebarrel
image,#hash_5c94f82559d3827f
image,d#uie_ui_icon_frontend_helptag
image,#loot_04_ui_icon_blackmarket_stream_melee_club
image,#ui_icon_rank_zm_level27_large
image,#hash_5caa971a9b2d87e9
image,d#ui_icon_equipment_eq_swat_grenade_default
image,#loot02_ui_icon_outfit_global_warpaint_fern_nikolai
image,#loot02_ui_icon_outfit_global_warpaint_hypnotic_seraph
image,#hash_5cb17a12b4b08024
image,#loot03_ui_icon_outfit_global_warpaint_sunglasses_nomad
image,#hash_5cb5cb264bb98957
image,#loot02_ui_icon_outfit_global_warpaint_hypnotic_ajax
image,d#ui_icon_equipment_emp_grenade
image,#hash_5cc1ef642b0a1c13
image,#hash_5cc2455478e41944
image,#hash_5cc3ba200e60815d
image,#hash_5cc6f76c75bc251d
image,#hash_5cc7e44a03efab70
image,#hash_5cd55ed4f0752af9
image,#hash_5cd6407600e29733
image,#ui_icon_weapon_sniper_fastrechamber_wz_render
image,#ui_icon_weapon_ar_an94_xl
image,#ui_icon_rank_wz_level61_large
image,#hash_5ce5479da99f750f
image,#ui_icon_rank_mp_level31_large
image,#hash_5cead33356e0920a
image,#ui_icon_medal_backstabber_large
image,#ui_icon_medal_bounced
image,#hash_5cf59bd8bcc5e796
image,#ui_icon_mp_prestige_01_large
image,#hash_5cf7fc72322fe3c3
image,d#ui_icon_scorestreaks_tank_robot
image,#ui_icon_weapon_melee_bowie_bloody_render
image,#loot03_ui_icon_outfit_panther_rare2_battery
image,#ui_icon_mp_paragon_t4_08_large
image,#hash_5d26c52dc43c91f0
image,#hash_5d2ac5a2c60eb79d
image,#hash_5d3614f45658d5a3
image,#ui_icon_rank_wz_level19_large
image,#hash_5d49b667c0f0d813
image,#ui_icon_zm_paragon_t7_21_large
image,#loot02_ui_icon_outfit_holidays_extra_warpaint_reindeer_seraph
image,#hash_5d5bdd1f7dae1893
image,#ui_icon_specialist_portrait_draft_ruin
image,#hash_5d5fdec432d7e771
image,#hash_5d615ca96acdf325
image,#ui_icon_weapons_zm_pistolrevolver
image,#hash_5d66e31ed325a02e
image,#ui_icon_gamemode_heist_large
image,#hash_5d6b41aa1ba42345
image,#hash_5d78cc31f45be476
image,#loot02_ui_icon_outfit_global_warpaint_boogie_man_scarlett_ix
image,#loot02_ui_icon_outfit_global_warpaint_facepalm_firebreak
image,#loot03_ui_icon_outfit_global_warpaint_hearts_nomad
image,#loot02_ui_icon_outfit_global_warpaint_bleeding_diego
image,#ui_icon_medal_clutch_large
image,#ui_icon_weapon_pistol_fullauto_tactical_render
image,#hash_5dddb0f28c85f15a
image,#ui_icon_weapons_zm_sniper_locus
image,#ui_icon_mp_paragon_t6_07_large
image,#loot02_ui_icon_outfit_global_warpaint_hypnotic_prophet
image,#hash_5df6383256a27bc3
image,#hash_5e00cf3e619bafb6
image,#ui_icon_medal_buzzkill_large
image,#ui_icon_rank_wz_level22_large
image,#loot04_ui_icon_outfit_global_warpaint_s4_crackedmask_scarlett
image,#hash_5e0a6c0b27bc8092
image,#hash_5e103c1970ef615b
image,#ui_icon_obit_lmg_stealth
image,#loot03_ui_icon_outfit_global_warpaint_clover_nikolai_pri
image,#loot_ui_icon_outfit_halloween_extra_warpaint_punkinhead_bruno_ix
image,#hash_5e1dcf928f470f2d
image,#loot03_ui_icon_outfit_panther_rare3_ruin_outfit_bundle
image,#hash_5e3113c17c394fe1
image,#hash_5e313f745075a478
image,#ui_icon_medal_bloodthirsty
image,#loot03_ui_icon_outfit_global_warpaint_spades_diego_ix
image,#loot03_ui_icon_outfit_global_warpaint_clover_nomad
image,#loot_ui_icon_outfit_halloween_extra_warpaint_scarecrow_scarlett
image,#hash_5e664365ddcbfca5
image,#hash_5e6f63c8d0194201
image,#ui_icon_specialist_portrait_draft_seraph
image,#hash_5e7a0ffb575f4c1d
image,#ui_icon_medal_wipeout
image,#ui_icon_weapon_ar_doublebarrel_xl
image,#loot04_ui_icon_outfit_global_warpaint_s4_pharaoh_ajax
image,#loot04_ui_icon_outfit_summer_legendary1_battery_warpaint
image,#loot_ui_icon_outfit_halloween_extra_warpaint_cthulhu_stanton
image,#img_t8_menu_mp_loadscreen_silo
image,#loot02_ui_icon_outfit_global_warpaint_facepalm_seraph
image,#hash_5ee0da70967cb52b
image,#loot02_ui_icon_outfit_global_warpaint_bleeding_stanton_ix
image,d#ui_icon_weapon_launcher_standard_render_xl
image,#ui_icon_mp_paragon_t5_14_large
image,#hash_5ef8b46b4c2c2f81
image,#hash_5efa19bef57b1480
image,#loot02_ui_icon_outfit_global_warpaint_pixel_perfect_diego_ix
image,#loot_ui_icon_outfit_halloween_extra_warpaint_alien_firebreak
image,#loot05_ui_icon_outfit_spectrum_rare1_prophet_outfit_bundle
image,#loot04_ui_icon_outfit_global_warpaint_s4_creature_battery
image,#ui_icon_equpiment_zm_rastaff_lv1_dark
image,#hash_5f3f36cc9bfa8866
image,#ui_icon_equpiment_zm_claimore_dark
image,#hash_5f4b4f97846b7f25
image,#hash_5f4defe89662034a
image,#hash_5f5f77ea45be9d8d
image,#loot02_ui_icon_outfit_holidays_extra_warpaint_snowman_ajax
image,#hash_5f7a8d107ba3a389
image,#hash_5f884debd6ae490f
image,#hash_5f8e255b505870f8
image,#loot03_ui_icon_outfit_panther_rare3_battery_outfit_bundle
image,#loot_ui_icon_outfit_halloween_extra_warpaint_pumpkin_ajax
image,d#ui_icon_equipment_menu_frag_grenade
image,#loot02_ui_icon_outfit_global_warpaint_hypnotic_bruno
image,#hash_5fa8d98327e3c450
image,#hash_5fa98e1444ddaae9
image,#img_t8_menu_mp_loadscreen_offshore_alt
image,#hash_5fab73e279507ca7
image,#loot_ui_icon_outfit_halloween_extra_warpaint_grim_crash
image,#loot06_ui_icon_blackmarket_reserves_ar_standard_sig02
image,#hash_5fb58eb6f5542534
image,#ui_icon_rank_wz_level65_large
image,#loot02_ui_icon_outfit_holidays_extra_warpaint_reindeer_crash
image,#loot02_ui_icon_outfit_global_warpaint_flaming_skull_nomad
image,#hash_5fc9959c42562bec
image,#hash_5fc99dfd1dada9c0
image,#hash_5fd1822aaa7f1945
image,#ui_icon_inventory_zm_red_shield_part_strap
image,#hash_5fdaf7c1334e6dab
image,#hash_5fe62fb6e8539fcf
image,#loot03_ui_icon_outfit_global_warpaint_spades_dempsey_pri
image,#ui_icon_medal_hot_swap_large
image,#loot03_ui_icon_outfit_global_warpaint_spades_battery
image,#hash_6001a5a261a2e667
image,#hash_6001d8edc13a9d9d
image,#ui_icon_weapons_zm_smgcapacity
image,#hash_600d5ab8b5baaa5d
image,#hash_60189d1451bb7b50
image,#hash_60237c88b08baad1
image,#hash_602470b9c0f67bcb
image,#loot03_ui_icon_outfit_global_warpaint_clubs_seraph
image,#loot04_ui_icon_outfit_global_warpaint_s4_fish_prophet
image,#hash_60428b62a6abb92b
image,#ui_icon_inventory_zm_white_fuse_pickup_yellow
image,#ui_icon_elixirs_anywhere_but_here
image,#hash_6051bc869ac89aa0
image,#hash_6051f37b309323a0
image,d#ui_icon_gear_c_t8_spe_gear_equipment
image,#img_t8_menu_mp_loadscreen_cairo
image,#hash_605e39b47e32c028
image,#hash_606d0d5163a5d8bd
image,#hash_607032d44e37c4ef
image,#ui_menu_store_product_b04_tag_der_toten_large
image,#img_t8_menu_mp_loadscreen_nuketown_4
image,#hash_607910682fe61c29
image,#hash_608e07f7c87860a8
image,#hash_608f712f5a5533fa
image,#hash_60927235ec1829f3
image,#hash_60986baba78895bd
image,#hash_60aaa4f14d83499f
image,#loot05_ui_icon_outfit_global_warpaint_s5_hazard_nikolai_pri
image,#ui_icon_medal_hero_large
image,#hash_60b83bf1c47c746c
image,#hash_60c0431c0723c1f9
image,#loot04_ui_icon_outfit_topography_rare2_ajax_outfit_bundle
image,#ui_icon_wz_prestige_05_large
image,#hash_60c4c712b1796799
image,#loot03_ui_icon_outfit_panther_rare3_outrider_outfit_bundle
image,#hash_60cf596b0de32654
image,#loot02_ui_icon_outfit_holidays_extra_warpaint_nutcracker_torque
image,#ui_icon_perks_zm_bandolierbandit_lg
image,#hash_60d557facac39554
image,#loot06_ui_icon_blackmarket_reserves_ar_peacekeeper_mk2
image,#loot05_ui_icon_blackmarket_stream_sniper_quickscope_sig_02
image,#ui_icon_weapon_melee_coinbag_xl
image,#hash_610d31a1084533d4
image,#hash_611756199e43489c
image,#hash_612018b830bdac97
image,#hash_6120832ad900008a
image,#loot02_ui_icon_outfit_global_warpaint_fern_zero
image,#hash_613fb68e899dcea6
image,#ui_icon_weapon_hud_ar_modular
image,#ui_icon_blackmarket_reserves_ar_an94
image,#loot03_ui_icon_outfit_global_warpaint_robber_stanton_ix
image,#hash_615cf5f31a988210
image,#hash_615dbb2f3077336a
image,#loot04_ui_icon_outfit_topography_rare3_ajax
image,#loot02_ui_icon_outfit_global_warpaint_flaming_skull_ajax
image,#loot03_ui_icon_outfit_global_warpaint_tattoo_ruin
image,#loot04_ui_icon_outfit_global_warpaint_s4_crackedmask_nikolai_pri
image,#loot03_ui_icon_outfit_panther_rare2_crash_outfit_bundle
image,#ui_icon_medal_aggression_large
image,#hash_6191342b542571bc
image,d#ui_icon_attachment_burstcount
image,#hash_619fd9707559c6e8
image,#hash_61a0b3f77c84371a
image,#loot03_ui_icon_outfit_global_warpaint_robber_crash
image,#hash_61a3176bcf315cf4
image,#loot_ui_icon_outfit_halloween_extra_warpaint_pumpkin_prophet
image,#ui_icon_weapon_melee_slaybell_xl
image,#ui_icon_weapon_sniper_powersemi_tactical_render
image,#loot03_ui_icon_outfit_benjamins_legendary1_zero
image,#loot04_ui_icon_outfit_water_legendary1_spectre
image,#loot_ui_icon_outfit_halloween_extra_warpaint_ghoul_diego
image,#ui_icon_obit_melee_slaybell
image,#hash_61d0b7b33f912411
image,#hash_61e83350aaee1242
image,d#ui_icon_hero_pineapplegun_mp
image,#ui_icon_weapon_smg_fastfire_operator_render
image,#hash_620f952e814d4b07
image,#hash_620fee8d9db0b7be
image,#ui_icon_emotes_pinwheel
image,#hash_6218f065dfa2c6c7
image,#hash_6221c02e1e2ebc72
image,#hash_62220558ffd30258
image,#hash_6222df2a91e65f63
image,#hash_62286d526f68f98f
image,#hash_622bbaa6c155f200
image,d#ui_icon_weapon_shotgun_pump_mk2_render
image,#hash_6254bafb0d576f57
image,#hash_62570a177f06a35e
image,#loot_ui_icon_outfit_halloween_extra_warpaint_scarecrow_ajax
image,#loot03_ui_icon_outfit_global_warpaint_spades_ajax
image,d#ui_icon_scorestreaks_care_package
image,#hash_62863016234c5703
image,#hash_629905c00470d5c2
image,#ui_icon_medal_melted_large
image,#hash_629d2b31e760a969
image,#ui_icon_emotes_s3_was_i_shot
image,#loot02_ui_icon_outfit_holidays_extra_warpaint_snowman_ruin
image,#loot04_ui_icon_outfit_topography_rare1_crash_outfit_bundle
image,#loot02_ui_icon_outfit_holidays_extra_warpaint_dragon_seraph
image,#loot_ui_icon_outfit_halloween_extra_warpaint_gargoyle_nomad
image,#loot_03_ui_icon_blackmarket_reserves_zombie_female
image,#ui_icon_medal_mayhem
image,#ui_icon_emotes_s3_yawn
image,#loot_ui_icon_outfit_halloween_extra_warpaint_demon_nikolai
image,d#ui_icon_weapon_lmg_stealth_render
image,#hash_6316dbab249bc213
image,#loot03_ui_icon_outfit_panther_rare3_nomad_outfit_bundle
image,#loot05_ui_icon_outfit_global_warpaint_s5_zombie_crash
image,#ui_icon_zm_paragon_t7_20_large
image,#hash_63420de462143ebf
image,#loot02_ui_icon_outfit_global_warpaint_boogie_man_nikolai
image,#hash_63572983e1a2d3a9
image,#ui_icon_attachment_pistolscope
image,#loot02_ui_icon_outfit_global_warpaint_rorschach_bruno_ix
image,#loot04_ui_icon_outfit_summer_legendary1_nomad_warpaint
image,#loot02_ui_icon_outfit_holidays_extra_warpaint_naughtyornice_zero
image,#hash_638507e991e6226c
image,#hash_6387e7e41e7174f9
image,#loot_ui_icon_outfit_halloween_extra_warpaint_gargoyle_dempsey
image,#loot02_ui_icon_outfit_holidays_extra_warpaint_naughtyornice_bruno
image,#loot05_ui_icon_outfit_global_warpaint_s5_hazard_nomad
image,#hash_6393f8c3640f7b31
image,#ui_icon_rank_mp_level27_large
image,#loot03_ui_icon_outfit_global_warpaint_clover_diego_ix
image,#hash_63b16b861071e728
image,#hash_63b880c3cd586a76
image,#loot04_ui_icon_outfit_global_warpaint_s4_sun_diego_ix
image,#ui_icon_weapon_hud_ar_damage
image,#loot_ui_icon_outfit_dotd_base_pal_exo2_ajax
image,#hash_63df4e5d7d86c219
image,#loot02_ui_icon_outfit_global_warpaint_hypnotic_crash
image,#loot_ui_icon_outfit_halloween_extra_warpaint_scarecrow_stanton
image,#hash_63fd65da785bf0c0
image,d#ui_icon_equipment_eq_cluster_semtex_grenade
image,#hash_6402113402d51dc9
image,#ui_icon_medal_allgone_large
image,#hash_641117c07c204d61
image,d#ui_icon_weapon_lmg_standard_render_xl
image,d#ui_icon_weapon_shotgun_prec_render
image,#ui_icon_weapons_zm_trlongburst
image,#ui_icon_obit_ar_doublebarrel
image,#hash_6421b0d43450d8cd
image,#ui_icon_hvo_killer_battery
image,#hash_64260262a1753e28
image,#ui_icon_medal_clean_sweep
image,#loot04_ui_icon_outfit_topography_rare1_recon
image,#hash_644bf47df6f5cd4c
image,#ui_icon_medal_clutch
image,#loot05_ui_icon_outfit_global_warpaint_s5_zombie_firebreak
image,#loot02_ui_icon_outfit_holidays_extra_warpaint_snowman_seraph
image,#hash_645c8f3660c18206
image,#ui_icon_weapon_camo_active_sig_lmg_spray_render
image,#hash_64799a3b6789cffc
image,#hash_647bf9f6fa519761
image,#ui_icon_elixirs_shields_up
image,#hash_648936bfc101eabc
image,#hash_648aefaf2d1c9156
image,#hash_6492d731da11b0af
image,#hash_64961470615c6202
image,#hash_64973521db93f921
image,#hash_6497c30520ed9f0a
image,#ui_icon_specialist_portrait_hud_price
image,#ui_icon_medal_afterlife
image,#hash_64acca3681a06eba
image,#loot_ui_icon_outfit_halloween_extra_warpaint_gargoyle_diego
image,#hash_64bc36f173e3f15d
image,#loot02_ui_icon_outfit_holidays_extra_warpaint_krampus_ajax
image,#hash_64d574c879976c50
image,#ui_icon_weapon_hud_pistol_fullauto
image,#hash_64e049803b0cfc5a
image,#hash_64eacf3c48944d8a
image,#loot_ui_icon_outfit_halloween_extra_warpaint_alien_diego
image,#hash_64f2168584102ccf
image,#hash_64f262554d3dc76c
image,#ui_icon_medal_lockdown
image,#ui_icon_medal_strength_and_honor
image,#hash_6529f22ba2f3eb45
image,#loot05_ui_icon_outfit_global_warpaint_s5_zombie_ruin
image,#ui_icon_rank_wz_level41_large
image,#hash_65338081b70e8bf4
image,d#ui_icon_weapon_melee_secretsanta_xl
image,#loot06_ui_icon_blackmarket_reserves_sniper_damagesemi
image,#hash_65460b82d3a6cf20
image,#ui_icon_weapon_lmg_spray_tactical_render
image,#loot05_ui_icon_blackmarket_reserves_shotgun_precision
image,#ui_icon_emotes_head_shot
image,#ui_icon_specialist_portrait_draft_matt_shadows
image,#loot03_ui_icon_outfit_panther_rare2_firebreak
image,#ui_icon_mp_paragon_t4_02_large
image,#hash_656781cb7fb19618
image,#loot05_ui_icon_outfit_global_warpaint_s5_hazard_ruin
image,#ui_icon_medal_jetfighter_large
image,#loot02_ui_icon_outfit_numbers_crash
image,#hash_657b5cbef1fe91c0
image,#loot02_ui_icon_outfit_global_warpaint_boogie_man_nomad
image,#hash_658254fe44441e27
image,#ui_icon_medal_quadfeed
image,#loot03_ui_icon_outfit_global_warpaint_tattoo_prophet
image,#loot03_ui_icon_outfit_global_warpaint_clubs_ajax
image,#hash_659c5360c12f3912
image,#ui_icon_equipment_health_regen_mp
image,#ui_icon_rank_mp_level13_large
image,#hash_65ad85fb39806aa0
image,d#ui_icon_equipment_concussion_grenade
image,#hash_65c09f26918379db
image,d#ui_icon_wildcard_gluttony03_large
image,#hash_65ededd467066677
image,#ui_icon_rank_wz_level60_large
image,#ui_icon_weapon_shotgun_semiauto_render
image,#ui_icon_weapon_ar_modular_mk2_render
image,#loot03_ui_icon_outfit_global_warpaint_jester_ajax
image,#hash_6609a4f3daa4707f
image,d#ui_icon_equipment_eq_grapple
image,#loot02_ui_icon_outfit_global_warpaint_maori_recon
image,#loot_ui_icon_outfit_halloween_extra_warpaint_cthulhu_prophet
image,#hash_661643622af7834c
image,#hash_66202fb3ce1953ec
image,#loot04_ui_icon_outfit_warrior_epic1_wetworks_ajax_warpaint
image,#ui_icon_mp_paragon_t7_06_large
image,#hash_66348566cbc2febb
image,d#ui_icon_weapon_smg_accurate_view_xl
image,#loot04_ui_icon_outfit_global_warpaint_s4_sun_stanton_ix
image,#hash_6650319519538684
image,#loot_02_ui_icon_blackmarket_stream_ar_standard
image,#loot02_ui_icon_outfit_holidays_extra_warpaint_snowman_prophet
image,#loot03_ui_icon_outfit_global_warpaint_tattoo_stanton_ix
image,#loot04_ui_icon_outfit_global_warpaint_s4_creature_scarlett_ix
image,#ui_icon_weapon_camo_active_sig_shotgun_pump_police
image,#hash_6692d85b5bc71982
image,#ui_icon_weapon_hud_sniper_locus_wz
image,#ui_icon_zm_paragon_t7_12_large
image,#hash_66ab771fc361a175
image,#hash_66ad0c97da775c12
image,#ui_icon_emotes_cardboardbox
image,#hash_66b72100f95d438f
image,#loot_02_ui_icon_blackmarket_stream_ar_stealth_sig_02
image,#ui_icon_hero_portrait_draft_dempsey
image,#loot02_ui_icon_outfit_global_warpaint_facepalm_dempsey
image,#hash_66d3c8344b5b5d12
image,#ui_icon_weapon_shotgun_pump_render
image,#ui_icon_weapon_hud_melee_coinbag
image,#ui_icon_medal_lightsout_large
image,#hash_66de727261cab88f
image,#loot03_ui_icon_outfit_global_warpaint_robber_zero
image,#hash_66e5ce08c5c7b0cf
image,#hash_66eb2ab212691eee
image,#hash_66f312020fa24003
image,#ui_icon_perks_zm_mulekick
image,#loot_ui_icon_outfit_halloween_extra_warpaint_punkinhead_richtofen
image,#hash_66ffab7c81c1263c
image,#loot04_ui_icon_outfit_global_warpaint_s4_creature_nikolai_pri
image,#ui_icon_weapon_hud_scythe
image,#ui_icon_rank_wz_level24_large
image,#ui_icon_weapon_pistol_standard
image,#hash_6725e131f21ed9cb
image,#hash_6728ad8b82a1083a
image,#ui_icon_rank_mp_level49_large
image,#hash_672e211eff828589
image,#ui_icon_zm_paragon_t7_13_large
image,#hash_6736c2dff90608cf
image,d#ui_icon_weapon_tr_longburst_render_xl
image,#ui_icon_specialist_portrait_hud_gypsy
image,#hash_6742f806c8fb8a20
image,#ui_icon_zm_paragon_t7_04_large
image,#hash_6744628401cf6fba
image,#hash_674ccad31fa3e445
image,#hash_67549e682ba228d1
image,#ui_icon_mp_paragon_t7_02_large
image,#hash_67632f73604cb68b
image,#hash_676ca8eb6a220650
image,#hash_677457221086caa5
image,#ui_icon_zm_paragon_t6_05_large
image,#hash_677c0b32aa8aa355
image,#ui_icon_specialist_portrait_draft_brutus
image,d#ui_icon_weapon_shotgun_semiauto_render_xl
image,#loot_ui_icon_outfit_halloween_extra_warpaint_pumpkin_torque
image,#hash_67924af6686e71ed
image,#ui_icon_obit_ar_an94
image,#loot03_ui_icon_outfit_global_warpaint_tattoo_stanton
image,#loot_ui_icon_outfit_halloween_extra_warpaint_grim_torque
image,#loot03_ui_icon_outfit_global_warpaint_tattoo_firebreak
image,#ui_icon_obit_sniper_quickscope
image,#hash_67b9f5e1a65c8d19
image,#loot03_ui_icon_outfit_global_warpaint_clover_seraph
image,#ui_icon_medal_cropduster_large
image,#hash_67c93b899acaf491
image,#hash_67d7a5eb3b9e3da5
image,#loot04_ui_icon_outfit_topography_rare3_recon
image,#loot_ui_icon_outfit_halloween_extra_warpaint_cthulhu_crash
image,#ui_icon_medal_hardpoint_secure_large
image,#ui_icon_rank_zm_level02_large
image,#ui_icon_weapon_pistol_revolver_tactical_render
image,#ui_icon_medal_forward_position_large
image,#ui_icon_medal_covering_fire_large
image,#loot02_ui_icon_outfit_holidays_extra_warpaint_krampus_nomad
image,#hash_680acf5949fb0aba
image,#ui_icon_specialist_portrait_hud_butler
image,#hash_681d3e4719b34fba
image,#ui_icon_attachment_launcher_standard_fastlockon
image,#hash_684330c212a2c4e5
image,#hash_6846778bc95b7134
image,#loot_ui_icon_outfit_halloween_extra_warpaint_alien_seraph
image,#hash_685103f8e66877a9
image,#hash_6851ff3513be0208
image,#ui_icon_inventory_tomahawk
image,#hash_6854ec49d2c006b2
image,#ui_icon_elixirs_blood_debt
image,#hash_6859a4cf01f290e0
image,#ui_icon_mp_sparrow_multikill_large
image,#hash_686bdbaea56c0d17
image,#loot04_ui_icon_outfit_topography_rare3_recon_outfit_bundle
image,#hash_6873b8a85ad66e96
image,#loot02_ui_icon_outfit_global_warpaint_maori_takeo
image,#hash_68919da50189b818
image,#loot_04_ui_icon_blackmarket_stream_mastercraft_swordfish
image,#hash_689dddd7bd44b44a
image,#ui_icon_weapons_zm_loot_switchblade
image,#ui_icon_elixirs_dead_of_nuclear_winter
image,#hash_68b41e13de055640
image,#loot04_ui_icon_outfit_global_warpaint_s4_fish_torque
image,#loot_ui_icon_outfit_halloween_extra_warpaint_cthulhu_scarlett_ix
image,#loot03_ui_icon_outfit_benjamins_legendary1_battery
image,#hash_68f909091c2e6a62
image,d#ui_icon_weapon_pistol_fullauto_render
image,d#ui_icon_weapon_pistol_fullauto_mk2_render
image,#ui_icon_medal_nose_breaker
image,#loot04_ui_icon_outfit_global_warpaint_s4_pharaoh_stanton
image,#hash_6913b50a68f49cd6
image,d#ui_icon_weapon_ar_doublebarrel_render
image,#ui_icon_mp_paragon_t7_10
image,#ui_icon_mp_paragon_t7_11
image,#hash_6918ceca109fb775
image,#ui_icon_mp_paragon_t7_09
image,#ui_icon_mp_paragon_t7_08
image,#ui_icon_mp_paragon_t7_05
image,#ui_icon_mp_paragon_t7_04
image,#ui_icon_mp_paragon_t7_07
image,#ui_icon_mp_paragon_t7_06
image,#ui_icon_mp_paragon_t7_01
image,#ui_icon_mp_paragon_t7_03
image,#ui_icon_mp_paragon_t7_02
image,#ui_icon_zm_paragon_t7_06_large
image,#hash_692770f2289e19e2
image,#hash_6928172e8322a7be
image,#ui_icon_specialist_portrait_draft_zero
image,#hash_6934478599500bc1
image,#loot04_ui_icon_outfit_topography_rare1_battery_outfit_bundle
image,#ui_icon_weapons_zm_araccurate
image,d#ui_icon_weapon_sniper_damagesemi_render
image,#hash_69748057762d85d0
image,#ui_icon_weapon_smg_fastburst_tactical_render
image,#ui_icon_rank_wz_level31_large
image,#hash_699107f9d70ac746
image,#loot02_ui_icon_outfit_holidays_extra_warpaint_naughtyornice_dempsey
image,#loot04_ui_icon_outfit_topography_rare1_spectre
image,#hash_69b79a47b4afbd61
image,#ui_icon_wz_prestige_09_large
image,#ui_icon_obit_smg_accurate
image,#loot_ui_icon_outfit_halloween_extra_warpaint_cthulhu_ruin
image,#hash_69ce3009aab5fef8
image,#loot04_ui_icon_outfit_topography_rare2_ajax
image,#hash_69d08939d3cd366f
image,#ui_icon_elixirs_newtonian_negation
image,#ui_icon_specialist_portrait_draft_cosmic_silverback
image,#hash_69f545c602a97572
image,#loot02_ui_icon_outfit_holidays_extra_warpaint_snowman_diego_ix
image,#ui_icon_rank_mp_level19_large
image,#hash_69fd5583d5882004
image,#hash_69fd95956173d3df
image,#loot03_ui_icon_outfit_global_warpaint_sunglasses_seraph
image,#loot04_ui_icon_outfit_topography_rare3_prophet
image,#hash_6a0ab34c6da53526
image,#loot03_ui_icon_outfit_global_warpaint_jester_seraph
image,#hash_6a0d7c55f20816dd
image,#ui_icon_specialist_portrait_draft_outrider
image,#ui_icon_rank_wz_level10_large
image,#ui_icon_mp_paragon_t6_08_large
image,#hash_6a1a3eb7a4f1e41f
image,#loot03_ui_icon_outfit_global_warpaint_jester_scarlett
image,#loot04_ui_icon_outfit_topography_rare3_torque_outfit_bundle
image,#hash_6a1e7c05a156766b
image,#ui_icon_weapon_ray_gun_mk2y_xl
image,#ui_icon_equpiment_zm_swordcannon_lv2_dark
image,#loot02_ui_icon_outfit_global_warpaint_rorschach_stanton_ix
image,#loot03_ui_icon_outfit_global_warpaint_tattoo_ajax
image,#ui_icon_mp_paragon_t6_11_large
image,#ui_icon_mp_jackpot
image,#ui_icon_specialist_portrait_hud_sergei
image,#ui_icon_equipment_smoke_charge
image,d#ui_icon_weapon_shotgun_fullauto_render
image,#hash_6a81330369ce9c69
image,#ui_icon_obit_pistol_fullauto
image,#loot04_ui_icon_outfit_global_warpaint_s4_fish_crash
image,#hash_6a91d4c162ef1f3f
image,#hash_6a9ff81f3c4d6649
image,#loot03_ui_icon_outfit_warrior_epic1_robber_crash_warpaint
image,#loot03_ui_icon_outfit_global_warpaint_clubs_richtofen_pri
image,#hash_6ac34aad71831251
image,#hash_6acaee366e9d71e9
image,#ps3button_triangle
image,#hash_6ad254864e396a8b
image,#hash_6ad8431d4b689e25
image,#hash_6adc34384e6cd352
image,#hash_6ae11379c191a61b
image,#loot04_ui_icon_outfit_global_warpaint_s4_creature_bruno_ix
image,#ui_icon_rank_zm_level31_large
image,#ui_menu_store_product_b04_kronos_preorder_base_large
image,#hash_6b079427b08c3b6f
image,#ui_icon_elixirs_conflagration_liquidation
image,#ui_icon_equipment_zm_minigun_lvl1_dark
image,#hash_6b268aea0be71670
image,#loot04_ui_icon_outfit_warrior_epic1_wetworks_spectre_outfit_bundle
image,#ui_icon_weapon_hud_secretsanta
image,#hash_6b2ec2eae53d7564
image,#loot_02_ui_icon_blackmarket_stream_nikolai_01
image,#loot_03_ui_icon_blackmarket_reserves_zombie_male
image,#ui_icon_rank_zm_level39_large
image,#ui_icon_medal_scrapped
image,#ui_icon_weapon_lmg_standard_sig_02_render
image,#hash_6b59bfbf0d55c3f8
image,#hash_6b5a740ce60e8943
image,#hash_6b62c53dd6730703
image,#ui_icon_talisman_box_guarantee_box_only
image,#hash_6b6608bf7256e465
image,#img_t8_menu_mp_loadscreen_mountain2
image,#hash_6b7c7f774c1b947d
image,#hash_6b844ce88cce248f
image,#hash_6b93911653fa04bb
image,#ui_icon_weapon_ray_gun_mk2x_xl
image,#hash_6b949eaa4df392ce
image,#hash_6b9e569c10515556
image,#hash_6ba47094d99a631e
image,#ui_icon_weapon_lmg_double_render
image,#loot04_ui_icon_outfit_assassin_legendary1_seraph
image,#loot_ui_icon_outfit_halloween_extra_warpaint_punkinhead_diego_ix
image,#loot04_ui_icon_outfit_warrior_epic1_wetworks_battery_warpaint
image,#loot_ui_icon_outfit_halloween_extra_warpaint_cthulhu_ajax
image,#hash_6bc69da134ef7376
image,#ui_icon_rank_zm_level34_large
image,#loot03_ui_icon_outfit_benjamins_legendary1_nomad_outfit_bundle
image,#img_t8_menu_mp_loadscreen_embassy
image,#hash_6be0fc9b8cf83a2e
image,#ui_icon_elixirs_talkin_bout_regeneration
image,#hash_6be9df34b00bea51
image,#loot04_ui_icon_outfit_global_warpaint_s4_fish_outrider
image,#loot04_ui_icon_outfit_global_warpaint_s4_creature_spectre
image,#loot03_ui_icon_outfit_global_warpaint_sunglasses_prophet
image,#loot02_ui_icon_outfit_global_warpaint_maori_bruno
image,#loot02_ui_icon_outfit_global_warpaint_maori_diego
image,#loot02_ui_icon_outfit_holidays_extra_warpaint_reindeer_recon
image,d#ui_icon_weapon_sniper_mini14_render
image,#hash_6bfe428ab63b489a
image,#ui_icon_rank_wz_level77_large
image,#ui_icon_mp_paragon_t6_04_large
image,#hash_6c0d869c5eca64f8
image,#loot03_ui_icon_outfit_global_warpaint_jester_nikolai_pri
image,#loot02_ui_icon_outfit_global_warpaint_fern_ruin
image,#hash_6c2c494eb1ae3105
image,#loot03_ui_icon_outfit_panther_rare3_prophet
image,#loot04_ui_icon_outfit_global_warpaint_s4_pharaoh_bruno_ix
image,#ui_icon_medal_road_rage
image,d#ui_icon_weapon_melee_amuletfist_render
image,#loot_ui_icon_outfit_halloween_extra_warpaint_ghoul_scarlett_ix
image,#hash_6c5ba346d0d1283e
image,#ui_icon_medal_backfire
image,#ui_icon_hvo_mvp_recon
image,d#ui_icon_hvo_killer_firebreak
image,#loot03_ui_icon_outfit_panther_rare3_outrider
image,#loot02_ui_icon_outfit_global_warpaint_boogie_man_firebreak
image,#ui_icon_weapons_loot_shotgun_semi_sig_02
image,#ui_icon_weapons_loot_shotgun_semi_sig_01
image,#hash_6c7bc84e52d21c03
image,#ui_icon_weapon_hud_lmg_spray
image,#hash_6cb0da7a73a4c3dc
image,#hash_6cba3d9dfc1e3ef7
image,d#ui_icon_weapon_smg_capacity_render_xl
image,#hash_6cd17d3742b32f11
image,#hash_6cd2d2653454ab62
image,#loot_ui_icon_outfit_halloween_extra_warpaint_grim_nomad
image,#hash_6ce126bb105ab32c
image,#hash_6cef8acce1076f51
image,#loot04_ui_icon_outfit_global_warpaint_s4_crackedmask_nomad
image,d#ui_icon_wildcard_greed02_large
image,#loot02_ui_icon_outfit_global_warpaint_hypnotic_scarlett
image,#hash_6d0f20dfac08289c
image,#ui_icon_specialist_portrait_draft_zombie_female
image,#loot02_ui_icon_outfit_holidays_extra_warpaint_candy_cane_takeo
image,#loot03_ui_icon_outfit_panther_rare1_torque
image,#ui_icon_specialist_portrait_hud_reaper
image,#ui_icon_hero_portrait_draft_diego_gladiator
image,#ui_icon_weapons_zm_smgstandard
image,#hash_6d572674ad345e53
image,#loot_03_ui_icon_blackmarket_stream_brutus
image,#hash_6d5dfa81b0326f1f
image,#hash_6d5e2cb018fb76d9
image,#loot02_ui_icon_outfit_global_warpaint_flaming_skull_zero
image,#hash_6d620237b04a19e5
image,#hash_6d65ab9978d0050a
image,#hash_6d67cbe946390347
image,#loot03_ui_icon_outfit_global_warpaint_clubs_dempsey_pri
image,#ui_icon_weapon_camo_active_sig_tr_powersemi_rustymech
image,#loot02_ui_icon_outfit_holidays_extra_warpaint_naughtyornice_bruno_ix
image,#loot03_ui_icon_outfit_panther_rare3_seraph
image,#ui_icon_weapon_hud_shotgun_fullauto
image,#hash_6d81b19607ccbc85
image,#ui_icon_weapons_zm_armg1909
image,#ui_icon_mp_paragon_t5_02_large
image,#hash_6d92f4c1aa035ef7
image,#hash_6d938fde4c25a3d8
image,#hash_6d945fb246984e14
image,#loot02_ui_icon_outfit_global_warpaint_pixel_perfect_zero
image,#ui_icon_medal_clean_bill
image,#ui_icon_perks_zm_secretsauce_lg
image,#ui_icon_weapons_zm_shotgun_semi
image,d#ui_icon_attachment_sg12_opmod_strobe_light
image,#hash_6db3c481cbd5784d
image,#loot04_ui_icon_outfit_global_warpaint_s4_crackedmask_takeo_pri
image,#loot05_ui_icon_outfit_global_warpaint_s5_zombie_spectre
image,#loot02_ui_icon_outfit_holidays_extra_warpaint_krampus_stanton_ix
image,#hash_6dc4e66a41d47f23
image,#loot03_ui_icon_outfit_global_warpaint_clover_dempsey_pri
image,#loot03_ui_icon_outfit_global_warpaint_clubs_ruin
image,d#ui_icon_gear_p8_mp_spe_armor_medium
image,#hash_6ddc50ca51fa7411
image,#hash_6de6fb8a68e2c851
image,#loot02_ui_icon_outfit_global_warpaint_boogie_man_bruno_ix
image,#hash_6dee333401cb0c2c
image,#loot03_ui_icon_outfit_global_warpaint_spades_seraph
image,#ui_icon_weapon_hud_sniper_powerbolt
image,#hash_6e0a07f9b0890e5f
image,#loot04_ui_icon_outfit_global_warpaint_s4_fish_nikolai_pri
image,#hash_6e12ae4f4418f2cf
image,#hash_6e1dff840cf67a94
image,#hash_6e20904af38982c7
image,#ui_icon_medal_strength_and_honor_large
image,#hash_6e338eebd9f44298
image,#loot04_ui_icon_outfit_water_legendary1_ajax_outfit_bundle
image,#hash_6e46c41cfe1b7fb7
image,#hash_6e4daf6fbdbd0025
image,#loot03_ui_icon_outfit_benjamins_legendary1_prophet_outfit_bundle
image,#ui_icon_weapon_melee_slaybell_render
image,#ui_icon_rank_wz_level53_large
image,#hash_6e611a1ae7379b96
image,#hash_6e621bbb82f0c558
image,#ui_icon_weapon_tr_longburst_render
image,#loot04_ui_icon_outfit_global_warpaint_s4_pharaoh_prophet
image,#ui_icon_attachment_mini14_opmod_bipod
image,#hash_6e78fea2269d7b36
image,#hash_6e7b8981d6cb31d3
image,#hash_6e7ec44381251686
image,#ui_icon_rank_wz_level72_large
image,#loot03_ui_icon_outfit_benjamins_legendary1_outrider
image,#loot03_ui_icon_blackmarket_reserves_weapon_smg_fastburst_mk2
image,#loot03_ui_icon_outfit_global_warpaint_tattoo_nikolai_pri
image,#hash_6e986e4c844a1d01
image,d#hash_6e9c6886b08f7af9
image,#loot_04_ui_icon_blackmarket_stream_mastercraft_hades
image,#ui_icon_perks_zm_deathperception
image,#loot02_ui_icon_outfit_holidays_extra_warpaint_naughtyornice_ruin
image,#loot_ui_icon_outfit_halloween_extra_warpaint_scarecrow_diego_ix
image,#loot03_ui_icon_outfit_benjamins_legendary1_recon_outfit_bundle
image,#ui_icon_rank_zm_level42_large
image,#loot03_ui_icon_outfit_global_warpaint_diamonds_zero
image,#img_t8_menu_mp_loadscreen_madagascar
image,#loot03_ui_icon_outfit_panther_rare2_torque
image,#ui_icon_wz_prestige_11_large
image,#loot02_ui_icon_outfit_holidays_extra_warpaint_dragon_stanton
image,#hash_6f1a5875daf59a3d
image,#ui_icon_medal_mantis_kill
image,#hash_6f2edcd9c7323594
image,#ui_icon_elixirs_aftertaste
image,#hash_6f3a905236e1adab
image,#ui_icon_obit_smg_handling
image,#hash_6f4fe7bc0d3b95bc
image,#ui_icon_perks_zm_quickrevive
image,#ui_icon_specialist_portrait_draft_reaper_t7
image,#hash_6f5c1236d593e313
image,#loot02_ui_icon_outfit_holidays_extra_warpaint_candy_cane_seraph
image,#ui_icon_hero_portrait_draft_reznov
image,#hash_6f6829873b518cfe
image,#loot05_ui_icon_outfit_global_warpaint_s5_zombie_seraph
image,#hash_6f6be9cdf74e66fe
image,#loot05_ui_icon_outfit_zombie_epic1_reaper_outfit_bundle
image,#hash_6f85fb7c67a2b0d8
image,#hash_6f92bb02cf26ee24
image,#loot04_ui_icon_outfit_global_warpaint_s4_pharaoh_bruno
image,#loot02_ui_icon_outfit_global_warpaint_fern_nomad
image,#hash_6fba75d0f0f2f3f3
image,#loot05_ui_icon_outfit_spectrum_rare1_firebreak
image,#ui_icon_elixirs_head_scan
image,#ui_icon_emotes_jokersgun
image,#ui_icon_specialist_portrait_draft_stuhlinger
image,#hash_6fdb2ba85b70559f
image,#hash_6fecd5b2fa479836
image,#loot02_ui_icon_outfit_global_warpaint_hypnotic_ruin
image,#loot_ui_icon_outfit_halloween_extra_warpaint_demon_ruin
image,#ui_icon_elixirs_phoenix_up
image,#ui_icon_medal_buzzkill
image,#loot03_ui_icon_outfit_panther_rare3_torque_outfit_bundle
image,#loot_ui_icon_outfit_halloween_extra_warpaint_demon_diego_ix
image,#hash_702d8d494c63b7d4
image,#loot_ui_icon_outfit_halloween_extra_warpaint_cthulhu_seraph
image,#loot_ui_icon_outfit_halloween_extra_warpaint_alien_stanton
image,#hash_7039fcbe7e166cf3
image,#hash_703b33ed875ea79c
image,#ui_icon_rank_zm_level55_large
image,#ui_icon_medal_fuzz_buster
image,#ui_icon_medal_nope_large
image,#loot04_ui_icon_outfit_topography_rare3_nomad
image,#ui_icon_weapon_hud_ar_stealth
image,#ui_icon_weapon_ar_modular_tactical_render
image,#loot02_ui_icon_outfit_global_warpaint_fern_firebreak
image,#hash_706875be3b13a33f
image,#hash_7068fa690952dc90
image,#loot05_ui_icon_outfit_global_warpaint_s5_hazard_dempsey_pri
image,#ui_icon_medal_relentless
image,#hash_7071f52c663ac690
image,#ui_icon_medal_bullwark
image,#ui_icon_medal_bullwark_large
image,#hash_70a9433b4db36ed6
image,#hash_70b177b7b71d6cd9
image,#loot02_ui_icon_outfit_holidays_extra_warpaint_reindeer_nomad
image,#loot04_ui_icon_outfit_topography_rare2_prophet_outfit_bundle
image,#ui_icon_weapons_zm_ar_standard
image,#ui_icon_weapon_hud_shotgun_pump
image,#ui_icon_medal_frenzykill
image,#hash_70e1a33b3afdfea0
image,#loot03_ui_icon_outfit_panther_rare3_firebreak
image,#ui_icon_equipment_claymore_loadout
image,#loot05_ui_icon_outfit_global_warpaint_s5_zombie_zero
image,#ui_icon_talisman_perk_vapor_cost_2
image,#ui_icon_talisman_perk_vapor_cost_3
image,#ui_icon_talisman_perk_vapor_cost_1
image,#ui_icon_talisman_perk_vapor_cost_4
image,#loot05_ui_icon_outfit_zombie_epic1_ajax
image,#loot03_ui_icon_outfit_global_warpaint_sunglasses_diego_ix
image,#hash_71049d270eb08c18
image,#loot03_ui_icon_outfit_global_warpaint_diamonds_takeo_pri
image,d#ui_icon_weapon_smg_fastfire_mk2_render
image,#ui_icon_rank_mp_level47_large
image,#loot04_ui_icon_outfit_global_warpaint_s4_pharaoh_outrider
image,#loot_ui_icon_outfit_halloween_extra_warpaint_grimreaper_nikolai
image,#hash_711beb1d24c5e034
image,#hash_711d8e5d3e9998a4
image,#ui_icon_talisman_glowing_phylactery
image,#hash_7121e3f78e392761
image,#hash_71263903c5937be7
image,#hash_712d869fa5e034f8
image,#ui_icon_talisman_spec_weapon_lvl2
image,#loot02_ui_icon_outfit_global_warpaint_maori_scarlett_ix
image,#loot_ui_icon_outfit_halloween_extra_warpaint_grimreaper_scarlett
image,#loot_ui_icon_outfit_halloween_extra_warpaint_gargoyle_takeo
image,#ui_icon_rank_wz_level66_large
image,#ui_icon_wz_prestige_04_large
image,#ui_icon_equipment_thermite_dark
image,#loot04_ui_icon_outfit_topography_rare3_ajax_outfit_bundle
image,#hash_714c787c5ac54c96
image,#loot02_ui_icon_outfit_global_warpaint_bleeding_nomad
image,#hash_71630d6af1bcf64e
image,#ui_icon_rank_zm_level11_large
image,#ui_icon_rank_wz_level27_large
image,#ui_icon_weapon_ar_damage_sig_02_render
image,#hash_71774fde5d92cd62
image,#ui_icon_medal_hero
image,#ui_icon_zm_paragon_t7_02_large
image,#ui_icon_medal_bounced_large
image,#hash_718abef0eea9a942
image,#ui_icon_specialist_portrait_hud_zero
image,d#ui_icon_zm_callings_assaultrifle
image,#hash_718d9a025ccd7bf4
image,#ui_icon_hvo_sharpshooter_prophet
image,#loot02_ui_icon_outfit_global_warpaint_maori_scarlett
image,#ui_icon_obit_ar_fastfire
image,#hash_71aaa3fae51b94e2
image,#loot04_ui_icon_outfit_topography_rare2_nomad
image,#hash_71bd40ae2ae8589d
image,#loot_03_ui_icon_blackmarket_stream_sig_tr_semiauto
image,#loot03_ui_icon_outfit_global_warpaint_robber_takeo_pri
image,#hash_71d79e5ea66bcc73
image,#hash_71def3aa5fb73646
image,#ui_icon_weapon_ar_accurate_sig_01_render
image,#loot_ui_icon_outfit_halloween_extra_warpaint_demon_ajax
image,#img_t8_menu_mp_loadscreen_jungle2
image,#ui_icon_talisman_extra_molotov
image,#loot05_ui_icon_outfit_zombie_epic1_battery
image,#hash_720b6bdf34573632
image,d#ui_icon_zm_calling_tasks_revives
image,d#ui_icon_weapon_ar_standard_render
image,#ui_icon_medal_triplekill
image,#loot03_ui_icon_outfit_global_warpaint_robber_ruin
image,#loot02_ui_icon_outfit_global_warpaint_bleeding_crash
image,#hash_722a27d920587cf3
image,#ui_icon_equipment_smoke_grenade
image,#ui_icon_rank_zm_level15_large
image,#loot04_ui_icon_outfit_assassin_legendary1_prophet
image,#ui_icon_zm_paragon_t7_14_large
image,#hash_724d6b41e1c5e15b
image,#ui_icon_mp_paragon_t5_01_large
image,#hash_725abf8f722ced08
image,#ui_icon_weapons_zm_shotgunpump
image,#hash_725f38ded524703f
image,#hash_726392e59f28eb52
image,#ui_icon_rank_mp_level30_large
image,#loot02_ui_icon_outfit_holidays_extra_warpaint_snowman_scarlett
image,#loot02_ui_icon_outfit_holidays_extra_warpaint_snowman_diego
image,#ui_icon_hero_portrait_draft_bruno_gladiator
image,#loot_ui_icon_outfit_halloween_extra_warpaint_ghoul_ruin
image,#hash_7296e45a0c80c7d0
image,#hash_729beda795bd7284
image,#img_t8_menu_mp_loadscreen_austria
image,#hash_72b09e00287cbebd
image,#ui_icon_weapon_smg_mp40_xl
image,#hash_72b547ca6afc8d55
image,#hash_72b9d0c227139d37
image,#hash_72cf077148dd9e47
image,#loot04_ui_icon_blackmarket_reserves_weapon_pistol_burst
image,#uie_ui_icon_gear_specialist_eq_sm
image,#loot02_ui_icon_outfit_holidays_extra_warpaint_snowman_stanton
image,#hash_72f62e9fa6e01bda
image,#hash_72ff2fa5efed06e1
image,#loot04_ui_icon_outfit_assassin_legendary1_outrider_outfit_bundle
image,#loot_ui_icon_outfit_halloween_extra_warpaint_alien_scarlett_ix
image,#loot02_ui_icon_outfit_holidays_extra_warpaint_krampus_firebreak
image,#ui_icon_attachment_knife_fastreload
image,#hash_7319d2d4bfb6c234
image,d#ui_icon_weapon_ar_standard_xl
image,#ui_icon_elixirs_join_the_party
image,#hash_732e3817c5a5e9a7
image,d#ui_icon_weapon_ar_peacekeeper_render
image,#hash_73398ac7eb317169
image,#loot03_ui_icon_outfit_global_warpaint_sunglasses_bruno_ix
image,#ui_icon_gamemode_freeforall_large
image,#hash_7350caa808ce2c22
image,#ui_icon_weapon_ar_peacekeeper_tactical_render
image,#hash_735a3c0aade64e08
image,#loot02_ui_icon_outfit_global_warpaint_flaming_skull_diego
image,#hash_735fef17faa20ad5
image,#ui_icon_weapon_tr_leveraction
image,d#shotgun_semi_t8_camo_sig02_icon
image,#hash_7371ad83b82c412d
image,#hash_7374a5cffb0f23b3
image,#loot02_ui_icon_outfit_holidays_extra_warpaint_nutcracker_dempsey
image,#hash_7382325285eba0a1
image,#loot03_ui_icon_outfit_panther_rare1_firebreak_outfit_bundle
image,#hash_739626c7c84f2bbd
image,#loot_ui_icon_outfit_halloween_extra_warpaint_gargoyle_scarlett_ix
image,#ui_icon_medal_knockout_large
image,#ui_icon_obit_combat_knife
image,#ui_icon_medal_megakill
image,#loot_ui_icon_outfit_halloween_extra_warpaint_scarecrow_torque
image,#hash_73bd524e3a961ca4
image,d#ui_icon_scorestreaks_drone_swarm
image,#hash_73bfd0e481e31bda
image,#ui_icon_rank_wz_level13_large
image,#ui_icon_emotes_show_me_the_money
image,#hash_73d79b30b71163d0
image,d#ui_icon_zm_calling_tasks_elixirused
image,#hash_73dff6449b4fbba3
image,#loot03_ui_icon_outfit_panther_rare2_seraph_outfit_bundle
image,#loot_ui_icon_outfit_halloween_extra_warpaint_scarecrow_nikolai
image,#loot04_ui_icon_outfit_topography_rare2_recon
image,#hash_73f2fb45f0926cfc
image,#loot02_ui_icon_outfit_global_warpaint_fern_torque
image,#hash_73fa651647844262
image,#ui_icon_specialist_portrait_draft_replacer
image,#hash_740053b0caffae53
image,#loot04_ui_icon_outfit_assassin_legendary1_outrider
image,#ui_icon_rank_zm_level17_large
image,#hash_741a88e956f380da
image,#loot02_ui_icon_outfit_holidays_extra_warpaint_reindeer_diego
image,#ui_icon_medal_triplekill_large
image,#hash_7439b024648aa678
image,#ui_icon_weapon_melee_stopsign_xl
image,#ui_icon_weapon_hud_shotgun_semiauto
image,#ui_icon_wz_prestige_02_large
image,#ui_icon_rank_wz_level29_large
image,#ui_icon_weapon_hud_ar_fastfire
image,#loot05_ui_icon_outfit_zombie_epic1_spectre_outfit_bundle
image,#ui_icon_weapons_zm_pistol_fullauto
image,#loot02_ui_icon_outfit_global_warpaint_boogie_man_takeo
image,#hash_74b25c5736b6a997
image,#hash_74ba26396cd76369
image,#ui_icon_mp_prestige_10_large
image,#ui_icon_rank_mp_level16_large
image,#loot_ui_icon_outfit_halloween_extra_warpaint_grimreaper_bruno_ix
image,#hash_74cf656fd56943b2
image,#hash_74d3f05b286e38be
image,#ui_icon_rank_wz_master_large
image,#hash_74e154932c79c87d
image,#loot03_ui_icon_outfit_global_warpaint_hearts_dempsey_pri
image,#ui_icon_obit_tr_flechette
image,#hash_7502e47fe3e32609
image,#loot04_ui_icon_outfit_global_warpaint_s4_sun_nikolai_pri
image,#hash_75191ea067e7468d
image,#hash_751e4d835d1b5b18
image,#hash_7520d62a576f0cd6
image,#hash_753524839fe600aa
image,#ui_icon_mp_paragon_t7_05_large
image,#loot02_ui_icon_outfit_global_warpaint_boogie_man_diego_ix
image,#ui_icon_perks_zm_bloodwolfbite_lg
image,#loot_ui_icon_outfit_halloween_extra_warpaint_scarecrow_dempsey
image,#ui_icon_emotes_s3_shuffle
image,#hash_75495372927cd9f1
image,#ui_icon_emotes_blackflag
image,#loot02_ui_icon_outfit_holidays_extra_warpaint_candy_cane_battery
image,#ui_icon_mp_hawk_multikill
image,#hash_7556488e03700cd0
image,#ui_icon_rank_wz_level50_large
image,#loot04_ui_icon_outfit_assassin_legendary1_ruin_outfit_bundle
image,#loot04_ui_icon_outfit_numbers_spectre
image,#loot_04_ui_icon_blackmarket_stream_vendetta
image,#hash_75689f496a7807e3
image,#hash_75692c1dbf2e3c49
image,#loot02_ui_icon_outfit_global_warpaint_boogie_man_prophet
image,d#ui_icon_equipment_trophy_system
image,#hash_757831a720f2dfed
image,#ui_icon_medal_avenger
image,#hash_75871eda4f09931d
image,#hash_7593d07f4414967f
image,d#ui_icon_hero_ice_pick
image,#hash_759d06737ab7a93a
image,#ui_icon_elixirs_nowhere_but_there
image,#loot02_ui_icon_outfit_global_warpaint_hypnotic_diego_ix
image,#ui_icon_weapon_melee_secretsanta_render
image,#hash_75b46c33dbeb4e4b
image,#hash_75ba6ae548c645ea
image,#ui_icon_rank_mp_level50
image,#ui_icon_rank_mp_level51
image,#ui_icon_rank_mp_level52
image,#ui_icon_rank_mp_level53
image,#ui_icon_rank_mp_level54
image,#ui_icon_rank_mp_level55
image,#loot02_ui_icon_outfit_global_warpaint_pixel_perfect_torque
image,#ui_icon_rank_mp_level43
image,#ui_icon_rank_mp_level42
image,#ui_icon_rank_mp_level41
image,#ui_icon_rank_mp_level40
image,#ui_icon_rank_mp_level47
image,#ui_icon_rank_mp_level46
image,#ui_icon_rank_mp_level45
image,#ui_icon_rank_mp_level44
image,#ui_icon_rank_mp_level49
image,#ui_icon_rank_mp_level48
image,#ui_icon_rank_wz_level17_large
image,#ui_icon_rank_mp_level18
image,#ui_icon_rank_mp_level19
image,#ui_icon_rank_mp_level14
image,#ui_icon_rank_mp_level15
image,#ui_icon_rank_mp_level16
image,#ui_icon_rank_mp_level17
image,#ui_icon_rank_mp_level10
image,#ui_icon_rank_mp_level11
image,#ui_icon_rank_mp_level12
image,#ui_icon_rank_mp_level13
image,#hash_75ca2ec7852e7795
image,#ui_icon_rank_mp_level09
image,#ui_icon_rank_mp_level08
image,#ui_icon_rank_mp_level07
image,#ui_icon_rank_mp_level06
image,#ui_icon_rank_mp_level05
image,#ui_icon_rank_mp_level04
image,#ui_icon_rank_mp_level03
image,#ui_icon_rank_mp_level02
image,#ui_icon_rank_mp_level01
image,#ui_icon_rank_mp_level32
image,#ui_icon_rank_mp_level33
image,#ui_icon_rank_mp_level30
image,#ui_icon_rank_mp_level31
image,#ui_icon_rank_mp_level36
image,#ui_icon_rank_mp_level37
image,#ui_icon_rank_mp_level34
image,#ui_icon_rank_mp_level35
image,#ui_icon_rank_mp_level38
image,#ui_icon_rank_mp_level39
image,#ui_icon_rank_mp_level25
image,#ui_icon_rank_mp_level24
image,#ui_icon_rank_mp_level27
image,#ui_icon_rank_mp_level26
image,#ui_icon_rank_mp_level21
image,#ui_icon_rank_mp_level20
image,#ui_icon_rank_mp_level23
image,#ui_icon_rank_mp_level22
image,#ui_icon_rank_mp_level29
image,#ui_icon_rank_mp_level28
image,#hash_75d7c3e5f25c83e3
image,#ui_icon_specialist_portrait_draft_gunslinger
image,#hash_75ef15981eb02dfe
image,d#uie_t7_hud_zm_vial_aar_256
image,#loot_ui_icon_outfit_halloween_extra_warpaint_alien_nomad
image,#loot_ui_icon_outfit_halloween_extra_warpaint_cthulhu_bruno
image,#loot_ui_icon_outfit_halloween_extra_warpaint_cthulhu_diego_ix
image,d#ui_icon_wildcard_secondarygunfighter02_large
image,#ui_icon_rank_zm_level01_large
image,#hash_761c42e712540340
image,#hash_7634a121d88f1ab4
image,#loot02_ui_icon_outfit_global_warpaint_hypnotic_battery
image,#hash_763a81476e6948ec
image,#ui_icon_rank_wz_level02_large
image,#ui_icon_weapon_melee_demohammer_render
image,#loot04_ui_icon_outfit_topography_rare2_ruin_outfit_bundle
image,#loot02_ui_icon_outfit_holidays_extra_warpaint_krampus_scarlett_ix
image,#loot05_ui_icon_outfit_vampire_legendary1_ruin_outfit_bundle
image,#ui_icon_rank_mp_level28_large
image,#hash_765f2a18baf215b1
image,#ui_icon_medal_caught_large
image,#hash_76637e1d12c7a468
image,#ui_icon_medal_strike_team
image,#hash_76739cfae3eef88e
image,d#hash_7675ef2f1de24af8
image,#ui_icon_equpiment_zm_swordcannon_lv3_dark
image,#hash_7681457462d8b149
image,#hash_76870735a30692fb
image,#hash_76940d9de315f555
image,#hash_769c1e75b1748d43
image,#ui_icon_rank_wz_level40_large
image,#ui_icon_weapon_melee_cutlass_xl
image,#hash_769ef6761e7ed0d4
image,#hash_76a262bc23a07c07
image,#hash_76a299697ee05d48
image,#ui_icon_specialist_portrait_draft_hudson_hawaiian
image,#loot03_ui_icon_outfit_global_warpaint_sunglasses_zero
image,#ui_icon_rank_wz_level70_large
image,#ui_icon_blackmarket_cp2400_case
image,#ui_icon_blackmarket_cp9500_case
image,#ui_icon_rank_wz_level78_large
image,#loot03_ui_icon_outfit_warrior_epic1_robber_ruin_outfit_bundle
image,#hash_76e7d0f6d24c3240
image,#loot02_ui_icon_outfit_global_warpaint_fern_richtofen
image,#ui_icon_meansofdeath_melee_coinbag
image,#hash_76f7276b53f1b347
image,#loot02_ui_icon_outfit_holidays_extra_warpaint_dragon_firebreak
image,#hash_7712ed7e34b42fad
image,#ui_icon_rank_wz_level75_large
image,#ui_icon_elixirs_whos_keeping_score
image,#hash_7726fee2129e9eeb
image,#hash_7727bb6be3eb6f2a
image,#loot03_ui_icon_outfit_global_warpaint_hearts_ajax
image,#loot03_ui_icon_outfit_global_warpaint_clubs_stanton_ix
image,#hash_7732f6f9b7d302c0
image,#hash_77333c0317d65449
image,#hash_773b4ac19a990e15
image,#ui_icon_medal_wipeout_large
image,#loot03_ui_icon_outfit_global_warpaint_tattoo_richtofen_pri
image,#hash_7747c7e97e9be535
image,#ps3button_start
image,#hash_774fb9cacd6b45a9
image,#hash_776d1b4ece5247fc
image,#ui_icon_talisman_battered_dragon_scale
image,#loot_ui_icon_outfit_halloween_extra_warpaint_gargoyle_richtofen
image,#hash_779dcaff5fa8ee15
image,#loot_ui_icon_outfit_halloween_extra_warpaint_alien_prophet
image,#hash_779fff1d5e9dca30
image,#hash_77ad1c1e915cc060
image,#hash_77ad1d1e915cc213
image,#hash_77ad1e1e915cc3c6
image,#hash_77ad1f1e915cc579
image,#hash_77ad201e915cc72c
image,#hash_77ad221e915cca92
image,#hash_77ad231e915ccc45
image,#hash_77ad281e915cd4c4
image,#hash_77ad291e915cd677
image,#ui_icon_medal_last_man_standing_large
image,#ui_icon_medal_overwatch
image,#hash_77b5fb3fa2e800a4
image,#hash_77c563e684d9b2c3
image,#hash_77c5cddb38256fb8
image,#loot02_ui_icon_outfit_holidays_extra_warpaint_nutcracker_nomad
image,#uie_create_a_class_reward_icon
image,#hash_77db0278d99e7e27
image,#loot05_ui_icon_outfit_spectrum_rare1_spectre_outfit_bundle
image,#hash_77f067fe56c3640c
image,#ui_icon_medal_assisted_suicide
image,#hash_77fc172af86649d5
image,#ui_icon_zm_paragon_t6_04_large
image,#ui_icon_weapons_zm_sniperpowersemi
image,#hash_78106575c2f81a1f
image,#loot03_ui_icon_outfit_global_warpaint_tattoo_seraph
image,#ui_icon_zm_paragon_t7_15_large
image,#hash_784739bdd63d59e4
image,#img_t8_menu_mp_loadscreen_urban
image,#loot02_ui_icon_outfit_holidays_extra_warpaint_candy_cane_dempsey
image,#hash_785810078928713b
image,#hash_785fd84f0830793b
image,#hash_787113478b29b5d3
image,#hash_78712aa47a893ddb
image,#hash_7874eb8819998c4a
image,#ui_icon_emotes_dog_tags
image,#loot03_ui_icon_outfit_benjamins_legendary1_crash_outfit_bundle
image,#hash_78829f9213389de3
image,#hash_7882fc5d291bc442
image,#hash_78855f3b72b51bc3
image,#loot04_ui_icon_outfit_global_warpaint_s4_fish_ajax
image,#hash_78911d2849dcf1bd
image,#hash_7895206757b68c87
image,#hash_78afcf6f23e0abde
image,#loot02_ui_icon_outfit_global_warpaint_flaming_skull_stanton
image,#loot04_ui_icon_blackmarket_reserves_weapon_ar_stealth_mk2
image,#ui_icon_medal_collateral
image,#hash_78b953bf5a49e7ea
image,#ui_icon_elixirs_near_perkaholic
image,#hash_78f3e60509523f1c
image,#loot05_ui_icon_outfit_zombie_epic1_firebreak_outfit_bundle
image,#loot04_ui_icon_outfit_assassin_legendary1_firebreak_outfit_bundle
image,#hash_79001be3b502414f
image,#hash_790c8e8745ffd4c1
image,d#ui_icon_attachment_extendedmags
image,#loot02_ui_icon_outfit_global_warpaint_fern_diego_ix
image,#ui_icon_hvo_killer_ruin
image,#hash_792cf4f125df9d6b
image,#loot02_ui_icon_outfit_global_warpaint_maori_seraph
image,#hash_7935b93cc3a2749b
image,#hash_7936a2a65d98e79a
image,#loot_ui_icon_outfit_halloween_extra_warpaint_gargoyle_crash
image,#hash_7939722ebf44dd80
image,#hash_793e0314660ac2d5
image,#hash_794e1b893f9e377d
image,#loot02_ui_icon_outfit_global_warpaint_boogie_man_richtofen
image,#ui_icon_weapon_hud_ar_galil
image,#hash_795850e79935c030
image,#ui_icon_mp_paragon_t4_01_large
image,#ui_icon_weapon_melee_club_render
image,#loot_04_ui_icon_blackmarket_reserves_blackjack
image,#hash_795e378187b2c0eb
image,#hash_79804eecea07ceef
image,#loot_ui_icon_outfit_halloween_extra_warpaint_gargoyle_stanton
image,#hash_798e80255429a868
image,#ui_icon_weapon_flamethrower_xl
image,#loot02_ui_icon_outfit_global_warpaint_facepalm_stanton_ix
image,#hash_799c370eb298825e
image,#ui_icon_gamemode_gungame_large
image,#ui_icon_weapon_hud_tr_powersemi
image,#hash_79a65e1ab60bb00d
image,#loot03_ui_icon_outfit_global_warpaint_jester_prophet
image,#loot05_ui_icon_outfit_global_warpaint_s5_zombie_dempsey_pri
image,#hash_79ba770db7619177
image,#ui_icon_medal_drained
image,#loot04_ui_icon_outfit_topography_rare2_outrider_outfit_bundle
image,#hash_79e1eee4b3de952a
image,#ui_icon_medal_nuclear
image,#ui_icon_rank_zm_level37_large
image,#loot04_ui_icon_outfit_topography_rare2_torque_outfit_bundle
image,#hash_79f88a3f743ba4ef
image,#loot05_ui_icon_outfit_mean_legendary1_ajax_outfit_bundle
image,#ui_icon_hero_portrait_draft_stanton
image,#hash_7a0eedf6cc3de36b
image,#ui_icon_rank_wz_level30_large
image,#ui_icon_rank_mp_level07_large
image,#loot02_ui_icon_outfit_global_warpaint_pixel_perfect_nikolai
image,#loot02_ui_icon_outfit_global_warpaint_facepalm_ruin
image,#loot_ui_icon_outfit_halloween_extra_warpaint_demon_bruno_ix
image,#hash_7a41c8294502812c
image,#ui_icon_medal_longshot
image,#ui_icon_elixirs_undead_man_walking
image,#hash_7a61602b9a53ff0a
image,#hash_7a69dbc8091cee7d
image,#hash_7a722cb3fd2e8857
image,#hash_7a79b99ae07e8531
image,#loot03_ui_icon_loot_character_outrider
image,#hash_7a82480d43f051e9
image,#hash_7a89619c3c226395
image,#hash_7a8f787263dcddd1
image,#loot04_ui_icon_outfit_topography_rare1_ajax
image,#loot_ui_icon_outfit_halloween_extra_warpaint_gargoyle_firebreak
image,#hash_7aa18eac481a5024
image,#hash_7aa1e2d425bd946a
image,#hash_7aa3f15016807df8
image,#loot02_ui_icon_outfit_holidays_extra_warpaint_naughtyornice_firebreak
image,#hash_7aaaacd7f5bba0c7
image,#ui_icon_medal_quadkill
image,#hash_7aca5d493169f189
image,#loot_ui_icon_outfit_halloween_extra_warpaint_alien_crash
image,#hash_7ae6e11f8522fd8a
image,#ui_icon_medal_doublekill
image,d#hash_7afdaf4efa398142
image,#hash_7b0131b8a5ea0b46
image,d#ui_icon_weapon_shotgun_pump_render_xl
image,#hash_7b08b670bd671266
image,#loot03_ui_icon_outfit_panther_rare2_ruin
image,#loot03_ui_icon_outfit_global_warpaint_spades_scarlett
image,#ui_icon_medal_assisted_suicide_large
image,#loot05_ui_icon_outfit_mean_legendary1_zero
image,#ui_icon_zm_paragon_t6_02_large
image,#loot02_ui_icon_outfit_global_warpaint_boogie_man_ajax
image,#img_t8_menu_mp_loadscreen_seaside
image,#ui_icon_emotes_handstand
image,#ui_icon_medal_survivalist_large
image,#ui_icon_mp_paragon_t5_12_large
image,#hash_7b5257500186e23a
image,#hash_7b5d6c1f7e52bb59
image,#loot02_ui_icon_outfit_global_warpaint_fern_bruno_ix
image,#hash_7b63504c21933710
image,#hash_7b644df3f3c0a095
image,#hash_7b6550d69a3eaff3
image,#ui_icon_rank_mp_level54_large
image,#loot03_ui_icon_outfit_global_warpaint_jester_dempsey_pri
image,#hash_7b7885b63194d229
image,#ui_icon_elixirs_now_you_see_me
image,#ui_icon_weapon_snowball_render
image,#hash_7b9dc593434bea18
image,#hash_7bac50ebcf941dad
image,#hash_7bc973bf3514e3e4
image,#ui_icon_gamemode_capturetheflag_large
image,#hash_7bcc42367f72d81b
image,#ui_icon_rank_mp_level48_large
image,#loot03_ui_icon_outfit_global_warpaint_hearts_scarlett_ix
image,#hash_7bdfb71b85864e1d
image,#hash_7be13218883a6853
image,#loot03_ui_icon_outfit_panther_rare1_ajax
image,#ui_icon_medal_lightsout
image,#hash_7bee628617bdf6cf
image,#ui_icon_perks_zombshell_lg
image,#ui_icon_specialist_portrait_nikolai_ultimus
image,#ui_icon_wildcard_greed02
image,#ui_icon_wildcard_greed03
image,#ui_icon_wildcard_greed01
image,#hash_7c03260c69dc5ee9
image,#hash_7c07dc4b358c40a7
image,#loot05_ui_icon_outfit_global_warpaint_s5_zombie_scarlett_ix
image,d#ui_icon_weapon_ar_galil_render_xl
image,#ui_icon_obit_smg_fastburst
image,#hash_7c18c8b4947bcf57
image,#hash_7c2722d1969444c6
image,#hash_7c2b415d985d675a
image,#hash_7c2b95fe4475cbe9
image,#hash_7c320e15fd568d47
image,#ui_icon_weapon_camo_active_sig_tr_longburst_render
image,#hash_7c4abd12511d57d7
image,#loot03_ui_icon_outfit_global_warpaint_clubs_prophet
image,#loot_ui_icon_outfit_halloween_extra_warpaint_pumpkin_crash
image,#hash_7c658e435fd499a9
image,#ui_icon_weapon_ar_standard_tactical_render
image,#hash_7c75f0a8843d3f96
image,#ui_icon_rank_zm_level13_large
image,#hash_7c79d35985733412
image,#hash_7c828e9612449936
image,#hash_7c85e15a2c7d97f6
image,#ui_icon_obit_smg_standard
image,#hash_7c96a4b04258285f
image,#loot03_ui_icon_outfit_global_warpaint_jester_battery
image,#hash_7ca237b3288dd21a
image,#ui_icon_weapon_smg_capacity_render
image,#hash_7ca7bc571855302d
image,#ui_icon_rank_wz_level32_large
image,#hash_7cadb7f371243e32
image,#ui_icon_rank_mp_level40_large
image,#hash_7cb3c4519485b423
image,#ui_icon_emotes_popnlock5
image,#ui_icon_emotes_popnlock6
image,#ui_icon_emotes_popnlock7
image,#ui_icon_emotes_popnlock8
image,#hash_7cc2b83e7216d44d
image,#hash_7cc6da759056c98f
image,#loot04_ui_icon_outfit_topography_rare2_torque
image,#ui_icon_blackmarket_cp13000_case
image,#hash_7cdc39a95b84a287
image,d#ui_icon_scorestreaks_uav
image,#loot03_ui_icon_outfit_global_warpaint_hearts_recon
image,#loot_ui_icon_outfit_halloween_extra_warpaint_gargoyle_bruno_ix
image,#loot03_ui_icon_outfit_global_warpaint_robber_stanton
image,#ui_icon_weapon_ar_fastfire_sig_01_render
image,d#ui_icon_weapon_smg_fastburst_xl
image,#hash_7d145431372289ac
image,#loot03_ui_icon_outfit_panther_rare2_torque_outfit_bundle
image,#loot02_ui_icon_outfit_global_warpaint_rorschach_ruin
image,#ui_icon_medal_popcorn_large
image,#ui_icon_weapon_hud_sniper_powersemi_wz
image,#ui_icon_weapon_melee_spknifeork_render
image,#ui_icon_emotes_salute
image,#ui_icon_equpiment_zm_acid_dark
image,#hash_7d49a281b1511ec3
image,#hash_7d4a68434a3983c2
image,#hash_7d4d05df15e5c28c
image,#loot03_ui_icon_outfit_global_warpaint_diamonds_ajax
image,#loot04_ui_icon_outfit_water_legendary1_nomad_outfit_bundle
image,#hash_7d5a77363684515b
image,#hash_7d6ed1243b770197
image,#hash_7d6fc5e3121db61d
image,#ui_icon_wz_prestige_12_large
image,#ui_icon_perks_zm_winterswail
image,#loot03_ui_icon_outfit_panther_rare3_prophet_outfit_bundle
image,#ui_icon_weapon_hud_ar_standard
image,#loot_03_ui_icon_blackmarket_stream_nasa_mastercraft
image,#hash_7d9064e5e5925bca
image,#loot02_ui_icon_outfit_global_warpaint_boogie_man_seraph
image,#ui_icon_emotes_nuke
image,#hash_7db793a33c76595a
image,#hash_7dd1549aa5c08f48
image,#ui_icon_rank_mp_level02_large
image,#hash_7de4d0fb418f955a
image,#hash_7de9fadf2da011f8
image,#hash_7df374ff980735f5
image,#ui_icon_scorestreaks_turret
image,#hash_7df7240ebf95bda0
image,#hash_7df957ec0af4c8f2
image,#ui_icon_medal_crispy
image,#loot03_ui_icon_outfit_global_warpaint_diamonds_stanton
image,#hash_7e1b41b8ce330d8d
image,#hash_7e1d41f7d94be0d6
image,#ui_icon_weapon_lmg_double_render_xl
image,#hash_7e3926b57ccbc7f9
image,d#ui_icon_weapon_smg_standard_render_xl
image,#hash_7e57d9f913023842
image,#hash_7e6ad908c1bca871
image,#ui_icon_medal_contagious_large
image,#ui_icon_hero_shroud
image,#ui_icon_weapon_smg_vmp_xl
image,#ui_icon_rank_wz_level18_large
image,#loot_02_ui_icon_blackmarket_stream_zero
image,#ui_icon_elixirs_bullet_boost
image,#hash_7eb0d8bca3743bb7
image,#hash_7eb17ee203a8ffc3
image,#hash_7eb920ff05814f97
image,#hash_7eb994b69c4b8579
image,#ui_icon_perks_zm_mulekick_lg
image,#hash_7ebb89d934cf6025
image,#hash_7eced08067db60a2
image,#ui_icon_weapon_hud_smg_folding
image,#hash_7ee3d2a3302d7fac
image,#loot02_ui_icon_outfit_global_warpaint_facepalm_battery
image,#ui_menu_store_product_b04_ancient_evil_large
image,#ui_icon_weapon_hud_sniper_quickscope_wz
image,#hash_7ef7610a7cc3310d
image,#loot02_ui_icon_outfit_holidays_extra_warpaint_candy_cane_crash
image,#ui_icon_hero_scythe
image,#loot02_ui_icon_outfit_holidays_extra_warpaint_dragon_nikolai
image,#ui_icon_medal_bank_shot_large
image,#loot_ui_icon_outfit_halloween_extra_warpaint_cthulhu_stanton_ix
image,#loot_ui_icon_outfit_halloween_extra_warpaint_grimreaper_stanton
image,#hash_7f2a2ac288c53195
image,#ui_icon_perks_zm_deathperception_lg
image,#loot05_ui_icon_outfit_zombie_epic1_outrider_outfit_bundle
image,#loot02_ui_icon_outfit_holidays_extra_warpaint_dragon_bruno_ix
image,#hash_7f56e2d33e4c00cd
image,#loot03_ui_icon_outfit_global_warpaint_hearts_diego
image,#loot_ui_icon_outfit_halloween_extra_warpaint_grim_ajax
image,#ui_icon_rank_wz_level36_large
image,#ui_icon_hero_portrait_draft_scarlett_gladiator
image,#hash_7f88fc7a5535ed27
image,#hash_7f8d42178267dd3c
image,#hash_7f90c2028916846c
image,#ui_icon_talisman_extra_frag
image,#loot_ui_icon_outfit_halloween_extra_warpaint_demon_torque
image,d#ui_icon_attachment_arfastfire_opmod_barrel
image,#hash_7fa9e4c818deb3e3
image,#hash_7fabeade362aa24c
image,#hash_7fc8374f8342ebe1
image,#loot02_ui_icon_outfit_global_warpaint_hypnotic_torque
image,#hash_7fca5b14d3d2191b
image,#hash_7fd09ecaf832edaa
image,#loot04_ui_icon_outfit_global_warpaint_s4_creature_torque
image,#ui_icon_rank_wz_level68_large
image,d#ui_icon_attachment_sniperkoshka_opmod_loader
image,#ui_icon_medal_boomer_large
image,#hash_7ffeff0b6837fca3
scriptparsetreeforced,#1080_core_common
keyvaluepairs,#1080_core_common
